sharpe1,sharpe2,sharpe3,ann1,ann2,vol,dd1,dd2,turn,edge_bps,cost_share,trades,long_gross,short_gross,req_min_scale,f1,f2,f3,f4,worst_fold,median_fold,pos_folds,calmar2,pq2,G,kinds,weights,w,purge,k,hold,cadence,phase
1.1012370579769717,0.9025560058994538,0.7038225014471959,0.1259588931642015,0.10082985928615429,0.11359090735108336,0.12700486531792798,0.13456928062486806,30.095546745574037,48.86508600932103,0.016979437980386695,76179,86705.89710656446,-18171.470872560174,1.0,0.28642579018886194,1.7433138148607785,1.7840563112999424,-0.12990679064140023,-0.12990679064140023,1.0148698025248202,3,0.7492784298017655,0.7058823529411765,44.211833358205,bigp,1.0,63,ret+size+liq,4,42,1,0
1.0882036591827196,0.8816130841704672,0.6749338528595585,0.12311157890120406,0.09729750905452539,0.11251272426732574,0.12700356093198784,0.13379706390777668,31.005562258486975,46.80864644852885,0.017550438680018782,82144,88604.3697573959,-22120.613022961683,1.0,0.4874776475126409,1.25635101885986,1.9698700953153452,-0.20129630911477858,-0.20129630911477858,0.8719143331862504,3,0.7272021239688068,0.7647058823529411,39.79163115370391,bigp,1.0,63,ret+size+liq,5,42,1,0
1.0722201112638226,0.859062668657391,0.6458133698679819,0.12092188378935775,0.09438606970193031,0.11235521083164512,0.1255089236878454,0.1314036636803535,31.946462296070614,45.024587149913906,0.018006267473413173,85005,91587.23443752486,-26120.216014570848,1.0,0.47126470511932866,1.0093385228411513,2.166003279319117,-0.21321759247388594,-0.21321759247388594,0.74030161398024,3,0.7182910054283533,0.7058823529411765,34.899427024904654,bigp,1.0,63,ret+size+liq,6,42,1,0
1.322199854186843,1.148150640132634,0.9740272534785405,0.15632610929603197,0.13342906953873257,0.11484405855497093,0.13818774859669392,0.14484061436304385,26.6697217686039,64.15637426113518,0.015113125416853987,80887,92635.87246491811,-7126.688293878811,0.8839999999999999,0.13253889748433767,2.298839661106666,1.9209990269426613,0.38657908004061625,0.13253889748433767,1.1537890534916388,4,0.9212130874030389,0.7058823529411765,52.43503941289977,bigp,1.0,63,ret+size+liq,4,63,1,0
1.3457764096793174,1.1631167662292838,0.9803529403210831,0.15783770918605078,0.13401633444401218,0.11370706012290867,0.1288726595916112,0.13359662352223634,27.721734601665524,62.445414356167554,0.015655123046708158,84577,98708.54812011225,-12672.336843362391,1.0,0.3267130659798513,1.7863151223317804,2.0838502682846616,0.49497060078811284,0.3267130659798513,1.1406428615599467,4,1.003141628214174,0.8235294117647058,63.08855257621949,bigp,1.0,63,ret+size+liq,5,63,1,0
1.3094991671783258,1.1206812513785165,0.9317673913609829,0.15230530564166633,0.12792994940205804,0.11315406824920583,0.12880973891229897,0.13369431851526736,28.512056893512565,59.22262260041176,0.016010479329121426,85924,99652.9340568236,-16812.247432927532,1.0,0.33625940246261055,1.5529578756668236,2.1351134292135483,0.47314555372400796,0.33625940246261055,1.0130517146954159,4,0.9568839635279561,0.7647058823529411,61.64443806398497,bigp,1.0,63,ret+size+liq,6,63,1,0
1.4316753109382143,1.2764224404700752,1.1210828541804796,0.17116490655321948,0.1504188969919784,0.11498407602858098,0.12991597503647578,0.13570775991807615,23.8338323486067,76.24711621739154,0.013472720516165283,83487,99457.73393170835,-5370.537508534788,0.9975308641975309,0.08661027055578366,2.681223250643865,1.6383557980156551,0.8918032721251061,0.08661027055578366,1.2650795350703805,4,1.1084030646647107,0.7647058823529411,55.40169626443988,bigp,1.0,63,ret+size+liq,4,90,1,0
1.5077965461363303,1.346947521732325,1.185979373528663,0.1803912107652208,0.15884392236044942,0.11433637258089045,0.13025799183601594,0.13437168524306808,24.568868744468936,77.36012832017965,0.013823962305803647,85517,107681.34401455097,-7922.849188815722,1.0,0.2957114468173072,2.370171907609606,1.8339000692943033,1.0254287334264707,0.2957114468173072,1.429664401360387,4,1.1821234665109166,0.8235294117647058,63.84498082153303,bigp,1.0,63,ret+size+liq,5,90,1,0
1.491336258685927,1.326700486621027,1.161949421808263,0.17743584023908365,0.1555315566277673,0.1138836540252861,0.13507687799928703,0.13928396637768936,25.04436483860761,75.01544438636142,0.014055328285349581,86157,109903.83614193971,-11804.005660570481,1.0,0.2826405526309201,2.306516583871472,1.8862107709150804,0.941784126003167,0.2826405526309201,1.4139974484591238,4,1.11665082975897,0.8235294117647058,62.14315681047245,bigp,1.0,63,ret+size+liq,6,90,1,0
1.2500611391240963,1.0769988584362606,0.9038722991934912,0.1492357674625755,0.12624553141272177,0.11672926960025817,0.12617425169221208,0.129528817563746,26.946033001040767,61.33858232753227,0.01518959504717306,72982,96353.86403766178,-15390.831907972206,0.9365853658536585,0.27267594858139493,1.7185519091836687,2.0822859324898615,0.2679314078395437,0.2679314078395437,0.9956139288825319,4,0.9746520796469988,0.7647058823529411,60.210717616887095,bigp,1.0,90,ret+size+liq,4,42,1,0
1.3382157810374848,1.1564065938697095,0.9745317853609619,0.1591165885860626,0.13506026042812747,0.11531956724661213,0.12173755895731275,0.12658705821439575,27.966921476816065,62.38605468864145,0.015639160649857584,79885,104720.70621620817,-17102.833197538537,1.0,0.3814307598095575,1.6853649180841344,2.236806564774372,0.3611082577779112,0.3611082577779112,1.033397838946846,4,1.0669357700009188,0.8235294117647058,65.69295845574082,bigp,1.0,90,ret+size+liq,5,42,1,0
1.3584577628173273,1.1691916807223002,0.9798421522888668,0.1602853603638945,0.13545033783966498,0.11425615674585984,0.1126567146981402,0.11768513944010195,28.85371482846042,61.00410647249351,0.016160256416595385,83719,111191.15212864593,-22584.760175841962,1.0,0.39106839548829986,1.5634995339419155,2.233409428196693,0.5155478218154452,0.39106839548829986,1.0395236778786803,4,1.1509553243857518,0.7647058823529411,67.36397867335566,bigp,1.0,90,ret+size+liq,6,42,1,0
1.4053116769904537,1.2504110714061814,1.0954216414090692,0.1695185774314656,0.14862700926533856,0.11624068138052931,0.1442017401647423,0.14848501829029181,24.037608435113768,75.1223071790642,0.013501666040091261,78186,99306.6509039462,-5590.933554992462,0.9466666666666668,0.347690096215866,2.174833638050978,2.0435345009997254,0.5269975095781944,0.347690096215866,1.28526600528896,4,1.0009562646567423,0.8823529411764706,62.8089297610045,bigp,1.0,90,ret+size+liq,4,63,1,0
1.4868029206234474,1.3257565482947165,1.1646194555186968,0.1800556154016788,0.1582143308937216,0.11587820331564037,0.13894184021040312,0.1432330561738976,24.914672964903772,76.31275237324952,0.013889778626297748,82972,107614.95574604941,-6661.0403662895915,1.0,0.41497423435389924,2.0886743153874314,2.083464170449588,0.8218282992271598,0.41497423435389924,1.452646234838374,4,1.1045936958968148,0.7647058823529411,64.21114865659486,bigp,1.0,90,ret+size+liq,5,63,1,0
1.4721541855976819,1.3048875088467453,1.1375316340745683,0.17594599642062647,0.15360510297001584,0.11456097825717759,0.12976423416392824,0.13429398810971083,25.58101470961779,73.10879652659408,0.014287888455259362,85164,111885.26201341511,-13505.729834918744,1.0,0.34378178305730384,1.9755205815647259,2.0514902671286896,0.9486251209872123,0.34378178305730384,1.462072851275969,4,1.14379731462386,0.7647058823529411,63.65928704685902,bigp,1.0,90,ret+size+liq,6,63,1,0
1.2249617933019619,1.0803714712996242,0.9357118544151093,0.14407562031909737,0.12514484746475696,0.11530623055859052,0.16560566299528512,0.16950875560919965,22.249263096437513,70.67311644121739,0.012585795139539536,81532,87313.12108998644,-9278.092521281815,0.9333333333333333,0.14867272611255172,2.309677490943764,1.557741692720715,0.44779361114390376,0.14867272611255172,1.0027676519323094,4,0.738279547950177,0.7058823529411765,47.800633377730136,bigp,1.0,90,ret+size+liq,4,90,1,0
1.2589807153845847,1.1104719784944173,0.9618947222505283,0.14879618840389952,0.1292484840416912,0.11547872593876748,0.15719411911725656,0.1611290368671794,22.887738340122958,70.68936805229406,0.012905280419671374,84416,92039.29212146274,-10952.316473201274,0.9431818181818131,0.12116713227355262,2.290369932880484,1.5142367049761865,0.6833878182377481,0.12116713227355262,1.0988122616069673,4,0.8021427208569011,0.7058823529411765,48.731393123896765,bigp,1.0,90,ret+size+liq,5,90,1,0
1.27815570908255,1.1241648561023057,0.9701093457448231,0.14917002126066214,0.1291845108605536,0.11385875574954332,0.135137788818526,0.13928333725710174,23.39854079278573,69.39613727639859,0.013213336900469528,85738,98614.18090734434,-17330.82096724333,0.9666666666666563,0.12076562195403996,2.161094237846557,1.450789522094567,0.9272459692433082,0.12076562195403996,1.1890177456689375,4,0.9274943679881333,0.7058823529411765,52.88562423363406,bigp,1.0,90,ret+size+liq,6,90,1,0
1.1341016954305934,0.9758280422137109,0.8175047520575353,0.13442930946869946,0.11356199015439072,0.1172721923617986,0.11985829794060654,0.12515706111619895,24.75634187509571,60.89226789276656,0.014058261345434647,69588,85999.74845949032,-13722.622022651518,1.0,0.16087660906791051,1.5114838560612223,1.6484786754360543,0.7031364620957569,0.16087660906791051,1.1073101590784895,4,0.9073558386686383,0.7058823529411765,55.77107203930893,bigp,1.0,126,ret+size+liq,4,42,1,0
1.0856232536334693,0.9206623902967812,0.7556504465862357,0.12761495151897506,0.10606845256289388,0.1169257089058282,0.12283153506462297,0.12774103863729547,25.727611538661357,56.530907567459955,0.014537285641845032,77113,91436.37761213383,-22514.050198587123,1.0,0.27101854944267084,1.5357881913685048,1.3205677995209815,0.6910995289292464,0.27101854944267084,1.005833664225114,4,0.8303396754433933,0.6470588235294118,56.70573632136879,bigp,1.0,126,ret+size+liq,5,42,1,0
1.1098519410800702,0.9406666248045112,0.7714552374581153,0.1297182089455271,0.10777563746411123,0.11595112593182769,0.11847561415855623,0.12305256571595224,26.154636628136238,56.39753006554997,0.01483248869923338,82583,97229.25141909214,-26730.556997981428,1.0,0.29624344438700856,1.7272665545459456,1.1075634422275473,0.7533713293825661,0.29624344438700856,0.9304673858050567,4,0.8758503883039267,0.6470588235294118,56.68851697595152,bigp,1.0,126,ret+size+liq,6,42,1,0
0.8956819903194455,0.7547607958672822,0.61380167276281,0.10374834913040942,0.08554908221029334,0.11795683443094404,0.13585836025733267,0.14034609767530848,22.16949431494734,54.77255277919952,0.012689988007071518,75270,73443.50765679969,-18898.09998887948,1.0,-0.2447258169341388,1.5939456136754435,1.4406792578048178,0.4099540188244957,-0.2447258169341388,0.9253166383146567,3,0.6095579686740678,0.6470588235294118,35.35335741236035,bigp,1.0,126,ret+size+liq,4,63,1,0
0.9079080281555851,0.7617631177910417,0.6155723800425965,0.10521262942819809,0.0863400527440592,0.11781592195224987,0.1377927518463179,0.14204472648305255,22.96784847645927,53.70052960035377,0.0130392206941173,80985,82661.1504025622,-26725.610430617315,1.0,-0.14378128831229747,1.7156728934341405,1.235581106980811,0.46791816444631656,-0.14378128831229747,0.8517496357135638,3,0.6078370868232161,0.6470588235294118,36.17621387544539,bigp,1.0,126,ret+size+liq,5,63,1,0
0.890882655346784,0.7392746817801206,0.5876540579194605,0.10146502971331506,0.08226367794730627,0.11602156897332402,0.14361732780122127,0.1476177510427612,23.45059953588075,51.24441568783703,0.013356394708628644,84675,83274.03684607279,-29081.85236145812,1.0,-0.22889843668490714,1.9247461850546717,0.9827977803865368,0.5068403601838722,-0.22889843668490714,0.7448190702852044,3,0.5572749711074824,0.6470588235294118,29.52252658105902,bigp,1.0,126,ret+size+liq,6,63,1,0
0.8351207274937811,0.7041226519243333,0.5730605643866497,0.09516144853373198,0.07848966907097266,0.11701994894127282,0.14359432680094508,0.14687296963143615,20.455586315208002,54.909800511989445,0.011711450060406095,79268,67918.87917951711,-18076.79697791005,0.9191011235955057,-0.12349692856505298,1.6932236257645303,1.205830041989336,0.2195930455562967,-0.12349692856505298,0.7127115437728163,3,0.5344051343683938,0.7058823529411765,32.953878899227725,bigp,1.0,126,ret+size+liq,4,90,1,0
0.866464694120709,0.7315730005821374,0.5966159903768158,0.09957221621976631,0.08226999184970007,0.11749312599152817,0.14276422776008302,0.14626004330827125,21.15085225402633,55.25108655875016,0.01200948782488008,83253,76647.85942679559,-23915.91632856006,1.0,-0.07559422376373487,1.8490930986890628,1.0420786891544631,0.33772464063775354,-0.07559422376373487,0.6899016648961083,3,0.5624912312947987,0.6470588235294118,32.890379124790115,bigp,1.0,126,ret+size+liq,5,90,1,0
0.8476323527209794,0.7074941570095064,0.5673212700557565,0.0959064344885241,0.07823966676687832,0.11595478703397494,0.15088386435177104,0.15445207279477624,21.67210880815676,52.50157105369224,0.012348784779372207,85398,80341.65397087598,-29279.842889844433,1.0,-0.18618713163100364,2.1028910266437046,0.7607486918163977,0.38508164264364686,-0.18618713163100364,0.5729151672300223,3,0.5065627501861826,0.7058823529411765,26.05629850250725,bigp,1.0,126,ret+size+liq,6,90,1,0
0.557137622964285,0.40505632489505805,0.25304292114746263,0.060476570901634386,0.04164689609187211,0.1178666804920058,0.13653571518426566,0.14048193654158259,23.885061324796784,34.68125926898663,0.013878860289418175,73449,56611.70155151835,-27376.45692975091,1.0,0.17082710691299444,0.6730023795032472,-0.2077486993695316,1.0324717161415746,-0.2077486993695316,0.4219147432081208,3,0.2964573034593999,0.5882352941176471,18.634599941356733,per,1.0,63,ret+size+liq,4,42,1,0
0.6804432977033203,0.521520984382253,0.3626313100430614,0.07462945983514246,0.05507586679545917,0.11560285253949416,0.1265344145836873,0.13068677973989928,24.486552322970375,39.351482502440504,0.014132028409704794,80326,68947.0140607215,-32404.65908607482,1.0,0.30130563611730826,0.7912024171760772,0.057991592128662554,0.962590937736969,0.057991592128662554,0.5462540266466928,4,0.4214341106657803,0.5882352941176471,32.47831189028605,per,1.0,63,ret+size+liq,5,42,1,0
0.7808813922819046,0.6170314162036186,0.453165176563399,0.08662658853606597,0.06637305264064586,0.11484193356963085,0.12145789272825491,0.12801303086692173,25.089816510390555,42.96844557737627,0.01437788264951699,84530,76869.85691196345,-33979.761321676415,1.0,0.24115704799494983,0.9773146065590576,0.2908846229410255,1.0197387308892758,0.24115704799494983,0.6340996147500415,4,0.5184866899186628,0.5294117647058824,40.38794826383882,per,1.0,63,ret+size+liq,6,42,1,0
0.6725805732670115,0.5368791026183316,0.4012327122512117,0.07537142300206856,0.058233580015168096,0.11848644833433816,0.13758471002257477,0.14100984761576352,21.41898408815774,44.30774347478139,0.01241444705370481,78870,58900.17956103422,-23165.45414650615,1.0,0.04662532427609887,0.9483634364993806,-0.05772881689029021,1.3525932861713728,-0.05772881689029021,0.49749438038773974,3,0.4129752708750403,0.5882352941176471,26.24544493812276,per,1.0,63,ret+size+liq,4,63,1,0
0.8579105651518459,0.7171459997462899,0.5763977646722861,0.09758828912736428,0.07975458384050871,0.11644813998529653,0.12301419482134923,0.12651838379206892,21.84413808623946,52.88068562921909,0.012525654598817298,83566,72597.24636627792,-25138.44490318488,1.0,0.21778472269756569,1.1120392568511794,0.2114197088028672,1.445212459025504,0.2114197088028672,0.6649119897743726,4,0.6303794077197838,0.6470588235294118,44.14550879828539,per,1.0,63,ret+size+liq,5,63,1,0
1.001984220905331,0.8570869132677654,0.7121644297975005,0.11498534665998106,0.09651886701959844,0.1152663507745454,0.11527417577068821,0.12384089700173762,22.270823672354204,59.022240462126724,0.012670174076393675,85682,80576.52645412393,-23510.39204861765,1.0,0.32183612951617485,1.2654073340307954,0.42873333022442933,1.5275355047569816,0.32183612951617485,0.8470703321276124,4,0.7793779708995824,0.6470588235294118,54.162541086279845,per,1.0,63,ret+size+liq,6,63,1,0
0.7795515850493342,0.6577910049620311,0.5360697412300544,0.08913098671364517,0.07353953254897805,0.11855108619729182,0.15766049131725046,0.16634591861232795,19.22462590548756,55.11619727961991,0.011036812645965212,82156,66738.61632621953,-24807.063252526663,1.0,-0.2681949359648746,0.8635871558920725,0.6411232677902623,1.719360805967743,-0.2681949359648746,0.7523552118411674,3,0.4420879884667517,0.7058823529411765,26.696386581533353,per,1.0,63,ret+size+liq,4,90,1,0
0.8955839896845634,0.7707925136045394,0.6460045088915073,0.10298217061700976,0.0869886315142192,0.11711301014094756,0.1544363581109447,0.16364954239958163,19.47926425357618,60.91261725083488,0.011119558096604957,84926,77450.67290184286,-28314.010465013085,1.0,-0.15152116830846107,1.01833599736024,0.7983781252523083,1.7023255640391968,-0.15152116830846107,0.9083570613062741,3,0.5315543828519841,0.7647058823529411,36.31988358435185,per,1.0,63,ret+size+liq,5,90,1,0
1.0079920247241165,0.8799420403799998,0.7518612629504893,0.11620263259592467,0.09978379260190495,0.11571319430454152,0.15422612376894118,0.16364021879743007,19.76318278368868,66.11355892636011,0.011215428773786465,86054,82373.40713262049,-26065.44575561623,1.0,-0.10632755073342856,1.1704367160820688,0.9285054394533193,1.8073178587442553,-0.10632755073342856,1.049471077767694,3,0.609775477784145,0.7647058823529411,40.90295790637733,per,1.0,63,ret+size+liq,6,90,1,0
0.6899226033776533,0.5514809906993148,0.4130848819914377,0.07798831614459911,0.060367444780200064,0.11914154931626983,0.1281888566534437,0.13357999340916038,21.97358550972313,44.53162707994518,0.01270809660033584,69475,60095.06522130755,-23969.928587542756,1.0,-0.261668961050821,1.039188091713952,0.0046707867957867565,1.711216230382263,-0.261668961050821,0.5219294392548693,3,0.4519198065483682,0.6470588235294118,23.763905559686265,per,1.0,90,ret+size+liq,4,42,1,0
0.7125945471351964,0.5680817555287924,0.4235968739555492,0.07959948683862539,0.06149364271835078,0.11710196364418932,0.1189028520820743,0.12939354730828656,22.552202628088473,44.143775663507796,0.013019301467608426,77360,64100.97782900806,-27082.78797277537,1.0,-0.09196224142410213,0.9306845642463065,0.12315975113174966,1.4879640176690476,-0.09196224142410213,0.5269221576890281,3,0.4752450489037071,0.5882352941176471,28.174720751426353,per,1.0,90,ret+size+liq,5,42,1,0
0.8050575578151921,0.6566778960163695,0.5083179395081501,0.08992066632182882,0.0714595258035211,0.11519878612031728,0.10512251444791765,0.11614559684936632,22.779444992146324,47.90693839154735,0.013116658841742785,82639,70557.03062808154,-28187.640385275394,1.0,0.01749018059250948,1.1526571695008339,0.136717173273417,1.4410699286990125,0.01749018059250948,0.6446871713871254,4,0.6152581565033387,0.7058823529411765,40.27502216929494,per,1.0,90,ret+size+liq,6,42,1,0
0.7484716399741363,0.6237597810430587,0.49908099558008484,0.08557584119214501,0.06957168456882257,0.11920287518728236,0.14576101224368843,0.1545494198146654,19.802369280719624,52.12288183012019,0.011370089159077845,75349,63694.422513203106,-24001.61447116386,1.0,-0.397868660247129,0.926195503155481,0.46317708072787234,1.9272674378545633,-0.397868660247129,0.6946862919416767,3,0.45015817369131794,0.6470588235294118,25.557215115363288,per,1.0,90,ret+size+liq,4,63,1,0
0.7987976309060747,0.6687062125609982,0.5386319656154309,0.09044128822296926,0.07398730622618332,0.116954345900402,0.13420104213376804,0.14363429909043857,20.27440040446361,53.18809740716936,0.011651049329628856,81002,68037.43661039916,-25847.90780092949,1.0,-0.18321728526420467,0.970216893216767,0.6072863568073228,1.5502527869936447,-0.18321728526420467,0.7887516250120449,3,0.5151089029201696,0.7058823529411765,33.42886412228338,per,1.0,90,ret+size+liq,5,63,1,0
0.9124737851769887,0.778934810849692,0.6454015585366657,0.10337138599453954,0.08655745718694208,0.11506491309930172,0.12157731466891875,0.13152263480173787,20.478256039954804,58.433401146138,0.0117518357305141,84724,74811.49355312422,-26084.071464071865,1.0,-0.07877335070807703,1.1966739189887468,0.6499118545309036,1.5608703188874566,-0.07877335070807703,0.9232928867598251,3,0.658118333147918,0.7647058823529411,44.44983397379658,per,1.0,90,ret+size+liq,6,63,1,0
0.6756315785003224,0.5591388757275348,0.44267554957421956,0.0758564672595039,0.06110263400722582,0.11863533262383713,0.17804230692314627,0.18642829555079798,18.411354405367128,50.59872326996223,0.01050280187125434,79622,63594.192665758965,-29009.935068212857,1.0,-0.6154450958658659,0.6015943485476792,0.9209612930301201,1.8372632411027812,-0.6154450958658659,0.7612778207888997,3,0.3277540773877674,0.5294117647058824,19.348627568534095,per,1.0,90,ret+size+liq,4,90,1,0
0.7432955738712553,0.6219745944081387,0.5006725166324336,0.08301822725854291,0.06784113444465834,0.11641036088622654,0.15718734611762464,0.16623044556052147,18.820534637119522,53.068423130357615,0.010742962847623308,83283,69278.57444495971,-31306.874346893477,1.0,-0.3501094924082342,0.6594380004264877,0.9924868058194781,1.5437160320033332,-0.3501094924082342,0.8259624031229829,3,0.40811497686781223,0.6470588235294118,27.080009345848925,per,1.0,90,ret+size+liq,5,90,1,0
0.8937031521926013,0.7694138627292695,0.6451230847398667,0.1006630047359065,0.08509434079851053,0.11468166857971317,0.13919741826569665,0.1488105954446347,18.998727449917762,61.09172837914311,0.010818231216487305,85567,77590.43800250615,-30851.38225222809,1.0,-0.18003686877467986,0.8646705454766828,1.0112467824418638,1.6806698978504209,-0.18003686877467986,0.9379586639592733,3,0.5718298521973864,0.7058823529411765,37.38016763444123,per,1.0,90,ret+size+liq,6,90,1,0
0.66675511790303,0.5406151428419509,0.41449951895869425,0.07640324284193789,0.06003880405076889,0.12151649702885294,0.1224790767966587,0.1387606795157975,20.42793823206492,46.71517832826829,0.011721332961501052,65360,62881.26660799854,-28332.04878640714,1.0,-0.3208502196488715,0.48840522767838745,0.8133296683545401,1.571790227092454,-0.3208502196488715,0.6508674480164638,3,0.4326787982033026,0.7058823529411765,27.573986189777493,per,1.0,126,ret+size+liq,4,42,1,0
0.606407708243631,0.4754961643252596,0.34460161069593087,0.06727947543455381,0.05077776463639472,0.1190711518906753,0.12257560610329388,0.136676489228595,20.77976139554472,41.83098518951011,0.011976759138060766,74823,64032.237817189,-34114.2837245965,1.0,-0.24833487701650298,0.47365995240077285,0.7379208980224725,1.2097437375380933,-0.24833487701650298,0.6057904252116226,3,0.37151791740470874,0.5882352941176471,23.578365246559073,per,1.0,126,ret+size+liq,5,42,1,0
0.7544233207823193,0.6186783874970331,0.48293556485127753,0.08481112461008378,0.06772650409050862,0.11697722405789403,0.09214743079165877,0.10264955624972161,21.17104783667277,48.80655101879909,0.012142246763079099,81525,71579.06108173513,-33441.764786847525,1.0,-0.11196422968727758,0.9816893914208653,0.7268535151692709,1.0790550104981713,-0.11196422968727758,0.8542714532950682,3,0.6597837006303893,0.7058823529411765,44.22503156633626,per,1.0,126,ret+size+liq,6,42,1,0
0.5896333119814936,0.4740717628101828,0.3585231705731086,0.06553916143805738,0.05088784163461679,0.11985358551483553,0.16684185629381232,0.18104727779575625,18.46367256520955,45.32970854163015,0.010628303869605608,71190,59113.287125179726,-29937.522300663564,1.0,-0.6274668137778121,0.38595484506828526,1.1248979247276603,1.4789321495279,-0.6274668137778121,0.7554263848979728,3,0.281074878640399,0.5294117647058824,19.443266324641257,per,1.0,126,ret+size+liq,4,63,1,0
0.5918768285451041,0.47171589667654573,0.35156550429983874,0.06469073762096533,0.04975711970997443,0.11759278942877431,0.15942440929454282,0.1698087683888012,18.83767695906894,44.02617628144563,0.010844940319055923,79469,61326.258118376354,-32987.21548090674,1.0,-0.5092118111833009,0.418449764730728,1.071132890507312,1.2727112981455415,-0.5092118111833009,0.74479132761902,3,0.29301855364764473,0.5882352941176471,22.032471428986625,per,1.0,126,ret+size+liq,5,63,1,0
0.7445170438950083,0.6199166440112007,0.49531288813593527,0.08276498220939743,0.06725613520366802,0.11581513916666616,0.12627855413714972,0.13612193096505354,19.240875146203027,51.93172398530025,0.011011643671701772,83912,69417.00631534317,-32768.79158579795,1.0,-0.2638825282693806,0.7817515964333396,1.006664765290418,1.2083145817915735,-0.2638825282693806,0.8942081808618787,3,0.4940874312232217,0.6470588235294118,33.77408990850263,per,1.0,126,ret+size+liq,6,63,1,0
0.5392213934883822,0.43049851465538946,0.32179959786852363,0.05851807521943719,0.04497494163333604,0.11849684201469804,0.1870029922135812,0.20068262685104654,17.17240787785897,44.2762686086753,0.009915541403403744,75640,59927.71603439409,-34118.94805882079,1.0,-0.6478454017150185,0.047501231195230594,1.1983570377282715,1.6084027188516068,-0.6478454017150185,0.622929134461751,3,0.22410979136085343,0.5882352941176471,14.068227773765033,per,1.0,126,ret+size+liq,4,90,1,0
0.5708452050729114,0.45701081358960255,0.3431874472555074,0.06145845798591609,0.04749787329848032,0.11634384487205629,0.1744227667682824,0.18546371748903778,17.656487355249503,44.709052910426884,0.0101849442344738,82503,63697.084215400115,-37058.47906374224,1.0,-0.524036569405409,0.15324585786850675,1.1538419994132687,1.4324705549640404,-0.524036569405409,0.6535439286408877,3,0.2561033173579505,0.5882352941176471,17.14272854664128,per,1.0,126,ret+size+liq,5,90,1,0
0.7030445002990526,0.5848926944062628,0.4667397378478143,0.07687043154657935,0.06237906998508835,0.11470006723357892,0.14920493119461442,0.15837294191345297,18.06906682128888,51.768387399616756,0.010366316267158502,85145,71420.71231623046,-37902.84015615987,1.0,-0.3194152179065496,0.47271668476916523,1.1640085089481393,1.3174191509766349,-0.3194152179065496,0.8183625968586523,3,0.3938745421498644,0.5882352941176471,26.52770869044545,per,1.0,126,ret+size+liq,6,90,1,0
0.49210331226900816,0.32049586579905004,0.14898116622552132,0.050928064508009685,0.030539311225837418,0.11420639272632507,0.17601546509172528,0.19511718483764562,26.124905481849744,28.90671269138193,0.015242255372928578,76265,63247.61030147303,-36233.334799033066,1.0,0.5105918101024638,1.1559422237691703,-0.9439388121798423,0.43200786200480723,-0.9439388121798423,0.4712998360536355,3,0.15651779340322466,0.4117647058823529,8.11754891710978,imbsml,1.0,63,ret+size+liq,4,42,1,0
0.6818158215150728,0.5069244815309317,0.3321277833170643,0.0733281851829104,0.052303405097891,0.11319714806158201,0.16159800847100603,0.18163290916118813,26.379297560969786,36.62025207602712,0.015325687102373082,80608,71940.30182454947,-33924.798849133505,1.0,0.43324485955157016,1.2820331800725502,-0.8536255155079676,1.0352851727143668,-0.8536255155079676,0.7342650161329685,3,0.2879621613695287,0.47058823529411764,18.242300822416027,imbsml,1.0,63,ret+size+liq,5,42,1,0
0.7554335621938317,0.5770524857706648,0.3987265411774856,0.08146143808275763,0.06008678092208175,0.11197751572800334,0.15152524869043915,0.1665925023903715,26.62038793398628,39.13632468471419,0.01548499262223755,83289,80685.61806779013,-38103.832576265326,1.0,0.29891447110216995,1.344491775803701,-0.7467976664948538,1.2879347250225783,-0.7467976664948538,0.7934245980623742,3,0.36068118348616973,0.5294117647058824,23.17991844486764,imbsml,1.0,63,ret+size+liq,6,42,1,0
0.8293216562977285,0.6791590732903773,0.5290470243873221,0.09246406238568472,0.07384855118194933,0.1145638718674326,0.1376345482974738,0.1548048187236618,22.920884888635523,48.80420425434174,0.013209861650199507,80284,70727.94593508597,-24218.549730275703,1.0,0.6213145461563939,1.4452721910525677,-0.5995893569598276,1.14409814350716,-0.5995893569598276,0.8827063448317769,3,0.4770429744423817,0.5882352941176471,29.550976051292764,imbsml,1.0,63,ret+size+liq,4,63,1,0
0.9957563819389309,0.8423134225497165,0.6889192601769974,0.112909171297354,0.09363906163116398,0.11397164769716371,0.13519479596758577,0.13852212219940374,23.29339402256125,56.027884301476256,0.013341408029948976,83239,78443.55263820585,-20555.221354355126,1.0,0.5518560681553065,1.5542950957425055,-0.43514431916511026,1.6097745208329228,-0.43514431916511026,1.053075581948906,3,0.6759863344886514,0.6470588235294118,38.094168620260135,imbsml,1.0,63,ret+size+liq,5,63,1,0
1.0237200579743242,0.8674355672152817,0.7111687349983798,0.11540721636986695,0.09590854632650969,0.11293219967352462,0.1317910788924691,0.13523829898650608,23.51892718089602,56.462188821876964,0.013500210322435877,84683,84653.98629944667,-24714.862478891184,1.0,0.3201063791341197,1.5846440232332328,-0.38303401110940594,1.8943773682747889,-0.38303401110940594,0.9523752011836762,3,0.7091818445311807,0.6470588235294118,37.593972180636484,imbsml,1.0,63,ret+size+liq,6,63,1,0
0.9252641672371588,0.7910787401063701,0.6569378745304438,0.10443339486115089,0.08762358231282108,0.114450824752478,0.13265946880975588,0.1362164609691512,20.45364327760273,59.115726038831134,0.01176186876722556,82631,70960.97923960448,-18585.21302290125,1.0,0.4611048912208101,1.444698071953889,-0.236148341113646,1.4635621242902142,-0.236148341113646,0.9529014815873496,3,0.6432672063963335,0.6470588235294118,37.233988112290575,imbsml,1.0,63,ret+size+liq,4,90,1,0
1.079676837280284,0.944322538699361,0.8090089438720222,0.12375916971172374,0.10656216566298315,0.11411672494282621,0.13030232655662055,0.13389485046666316,20.566782845081622,67.2006275549029,0.01174954398856858,84510,77526.64188087516,-14133.169571680628,1.0,0.40953858352399874,1.6065058566605528,-0.104662861248458,1.868942026165332,-0.104662861248458,1.0080222200922757,3,0.7958645555940538,0.7058823529411765,45.52493651901014,imbsml,1.0,63,ret+size+liq,5,90,1,0
1.1317144618646455,0.9933656254719767,0.8550261782921572,0.12910272190170824,0.11161424684790244,0.11294195309435083,0.1270776462343387,0.13084557512132544,20.81836909330402,68.69503707368723,0.0119123009561154,85153,84100.55977116665,-17040.442604420903,1.0,0.23261002615801218,1.6573424588670371,-0.05615895512252735,2.175966870174636,-0.05615895512252735,0.9449762425125247,3,0.8530227082146957,0.7058823529411765,46.4909050753735,imbsml,1.0,63,ret+size+liq,6,90,1,0
0.8502664053527832,0.6938594224309053,0.537447292023744,0.09558324900802373,0.0760293942919954,0.11517867916570922,0.13910088553084188,0.15199740164875275,24.01667462752341,48.077842109109675,0.01384152928390301,71701,71922.63751732779,-23377.916775549787,1.0,0.5959408198000351,1.3023120688316334,-0.6809210438903722,1.487488811448237,-0.6809210438903722,0.9491264443158343,3,0.5002019341599665,0.5882352941176471,31.92809057803135,imbsml,1.0,90,ret+size+liq,4,42,1,0
0.8652941448882455,0.7062609310002794,0.5472471585684984,0.09665237649106717,0.07693094619883345,0.11417177793183218,0.14477106085060543,0.148212245330139,24.19828310377352,48.11927196915842,0.013897593468670675,78039,72763.63945878565,-23056.135766663807,1.0,0.25610540657563047,1.5020037801096764,-0.5110330630722382,1.542652732017142,-0.5110330630722382,0.8790545933426535,3,0.5190593127273103,0.5882352941176471,30.752769180235138,imbsml,1.0,90,ret+size+liq,5,42,1,0
0.8729438506613476,0.7126245259487208,0.5523788964759094,0.09709487627783409,0.07732741497513929,0.11354991404427826,0.1459868380517837,0.1495387958884471,24.246576761941576,48.15769555693069,0.013968049499597434,82371,78404.1872742558,-28568.33225819066,1.0,0.059633610317709924,1.385944984849382,-0.18210891345857572,1.6028940312896212,-0.18210891345857572,0.7227892975835459,3,0.5171060427210071,0.6470588235294118,29.68092307584853,imbsml,1.0,90,ret+size+liq,6,42,1,0
0.8956970342181532,0.7572246991212243,0.6187553870582787,0.10105173370271636,0.0836882184532366,0.1148560812006835,0.12700990627658792,0.13056207689829902,21.19857284648334,55.803257039458664,0.012212954420393395,77435,73217.42455378032,-21993.491584538944,1.0,0.4908257860171451,1.4213174064887986,-0.4555917372309629,1.5322620037595807,-0.4555917372309629,0.9560715962529718,3,0.6409841237316201,0.6470588235294118,37.6340617862497,imbsml,1.0,90,ret+size+liq,4,63,1,0
0.9676908166247925,0.8273086986967136,0.6869454746727646,0.10946892072296399,0.09185524152559799,0.11409029758385174,0.1358005410305041,0.13945394880459872,21.340237712909513,59.0034939527672,0.012214631025519777,81818,74668.71226472592,-18431.870965521222,1.0,0.2837200974888559,1.6635374987451907,-0.2646389013748172,1.6227375716877994,-0.2646389013748172,0.9532288345883276,3,0.6586779529226849,0.7058823529411765,37.80451214038085,imbsml,1.0,90,ret+size+liq,5,63,1,0
1.0320386329061684,0.8907337572447028,0.749491561570308,0.11710206450578342,0.09935047324386415,0.11356157796434743,0.1321282388439472,0.1359360300365895,21.3619334325171,62.11153046308847,0.012247372646890275,84458,80921.01036324207,-20600.05568042744,1.0,0.16791517964379699,1.5915389662224693,0.07786448293608153,1.7791328528464554,0.07786448293608153,0.8797270729331331,4,0.7308619592401093,0.6470588235294118,45.61639358911595,imbsml,1.0,90,ret+size+liq,6,63,1,0
0.9273614850774203,0.8004063319487948,0.6734521832746316,0.10518852009372637,0.08918128711340345,0.11499356091886233,0.12787886528452796,0.13815189709665776,19.456887120588977,62.05472829091006,0.011239666192326907,81261,73548.39600867598,-20369.96531901688,1.0,0.1265170617214669,1.2942610287163956,-0.14247910148847473,1.948565249112933,-0.14247910148847473,0.7103890452189312,3,0.6455306730316407,0.6470588235294118,33.34164351390675,imbsml,1.0,90,ret+size+liq,4,90,1,0
1.0263292599036629,0.8978791826324366,0.7694344769552082,0.11694247970930438,0.10070203780910081,0.1141141148600159,0.1337982712996938,0.13718048893451318,19.532175237576006,67.21180484318948,0.011192593107606282,84056,77859.55925658252,-17739.66946542711,1.0,0.061512254617607676,1.5067135598915333,0.04997384748405284,2.0263358430132743,0.04997384748405284,0.7841129072545705,4,0.7340842607520787,0.6470588235294118,42.096258602856615,imbsml,1.0,90,ret+size+liq,5,90,1,0
1.1316794716758458,1.0015566875526083,0.8714801300410154,0.12976294828342083,0.11323061961472103,0.11351655182198857,0.13066116945216777,0.13419713615071005,19.660046651136472,72.58465147383689,0.01125679835799356,85384,85632.89281571796,-18277.423965979593,1.0,-0.004556216490251753,1.502491259116686,0.40348835817713835,2.2432041469467903,-0.004556216490251753,0.9529898086469122,3,0.8437633086860916,0.6470588235294118,46.45831157127047,imbsml,1.0,90,ret+size+liq,6,90,1,0
0.8626275044387715,0.7208070713795077,0.5789741562857524,0.09984119181885953,0.08152021115132335,0.1184784085210325,0.10963900447542463,0.11275834612663638,22.403923187158014,52.842744151149894,0.01272752468864927,68713,72897.04250287336,-20957.666212755244,1.0,-0.14407363703271098,1.455876917744454,0.20172071711673617,1.597969868906905,-0.14407363703271098,0.828798817430595,3,0.7229638776341205,0.6470588235294118,40.61154021525169,imbsml,1.0,126,ret+size+liq,4,42,1,0
0.9775581630009798,0.8305762661076423,0.683616301566306,0.112834756928754,0.09398979202147051,0.11629880149335639,0.11068851129032287,0.11389660564078041,22.775744704102802,57.15504372724255,0.012895262872499301,76226,81149.82115411144,-22533.621148420123,1.0,-0.11746232197320933,1.4233530271135126,0.39038430735581925,1.8496054717857413,-0.11746232197320933,0.906868667234666,3,0.8252203083023019,0.6470588235294118,44.36253869994123,imbsml,1.0,126,ret+size+liq,5,42,1,0
0.9524472232311718,0.8008277788391612,0.6492593733010461,0.10769551778354791,0.08869559562226037,0.1142510715011922,0.1147868720325167,0.1297073192604271,23.070939899010966,54.438078152754365,0.013109742184978238,81855,79753.07977022395,-24171.059551225593,1.0,-0.305641900448001,1.1128620641826301,0.6778543034571564,1.96615508055931,-0.305641900448001,0.8953581838198932,3,0.6838133432098527,0.6470588235294118,36.55729733453285,imbsml,1.0,126,ret+size+liq,6,42,1,0
0.8369496830072393,0.7108590653335013,0.5847539146300863,0.09613688359477979,0.07995038182899616,0.11801506224901159,0.11624465894353442,0.12416036642973804,19.842224695889918,56.95680496981894,0.011356416702215337,74382,70221.52911781851,-20563.95765359077,1.0,-0.24035857012484835,1.377663546893815,0.2547011217778658,1.6746621372631207,-0.24035857012484835,0.8161823343358404,3,0.6439283656128691,0.5882352941176471,33.82102621855039,imbsml,1.0,126,ret+size+liq,4,63,1,0
0.9955670440101658,0.863350665087606,0.7311557289057027,0.11441058828963602,0.09753509870301902,0.11552789528737964,0.11474069556710564,0.11843253638842965,20.348498816162497,63.739251782225885,0.011571712573708733,80252,79616.59377984224,-20440.639182985855,1.0,-0.2349117306583362,1.3817259069980097,0.6066394398242718,1.9681959026745641,-0.2349117306583362,0.9941826734111407,3,0.8235498595008371,0.5882352941176471,41.29103272227456,imbsml,1.0,126,ret+size+liq,5,63,1,0
0.9783012391546648,0.841268928361788,0.7042934330334447,0.11054643126205699,0.09338942562132746,0.11380964576167983,0.12867126012831198,0.14237650288149606,20.762664683174073,60.876777087433005,0.011806198050769002,84123,78896.56274214918,-21925.085558833995,1.0,-0.4177939801223554,1.1194754723256959,0.8610163932400774,2.100265302866627,-0.4177939801223554,0.9902459327828866,3,0.6559328522000437,0.5882352941176471,35.864705953187745,imbsml,1.0,126,ret+size+liq,6,63,1,0
0.6103859593232803,0.49155191684650823,0.3727080366193804,0.06660726011896334,0.0519018730403471,0.11684139120040596,0.16187413032643916,0.17394351192104307,18.51608484700975,45.682533359391755,0.01071937609286652,78736,64290.72469140831,-29763.171291050516,1.0,-0.4053677591422593,0.6893716491128817,0.3513667566078976,1.5700432023766933,-0.4053677591422593,0.5203692028603897,3,0.2983834951194187,0.5882352941176471,15.55023171250864,imbsml,1.0,126,ret+size+liq,4,90,1,0
0.7506850856267233,0.6272944338767672,0.5039362681912037,0.08295811030942835,0.06771528062806254,0.11498346331664788,0.16092943814839955,0.17362279927225177,18.902466953415267,52.85806473327109,0.01090427377868025,82971,72196.79708967888,-29892.50186616456,1.0,-0.4679163482920518,0.808512298354094,0.5236137633667833,1.940391037708636,-0.4679163482920518,0.6660630308604387,3,0.3900137592061317,0.5882352941176471,20.394464786549253,imbsml,1.0,126,ret+size+liq,5,90,1,0
0.784694869162941,0.6571758698048912,0.5297251348770639,0.08626018198687979,0.0706496899139677,0.11368627749468582,0.18337621416606165,0.19618542498903324,19.302178176523203,53.43684670149683,0.011100577114506995,85398,72807.5809781685,-28856.02482010573,1.0,-0.6631620734396201,0.686721324086339,0.7721074076575789,2.169155032185986,-0.6631620734396201,0.729414365871959,3,0.36011691448494204,0.5882352941176471,18.77651517740703,imbsml,1.0,126,ret+size+liq,6,90,1,0
0.9961900907991902,0.821268641972869,0.646338831318429,0.11719492328558023,0.09432494169352501,0.11828465101442295,0.11670546761486844,0.11878171954663186,27.578433176123763,49.94116288451076,0.015546085517960296,75502,65229.63300844698,-6157.719038066029,0.9666666666666666,0.4249566091626483,1.0366848608283175,1.295249172907926,0.6525613147373638,0.4249566091626483,0.8446230877828407,4,0.7941031840046271,0.6470588235294118,58.01270475154468,bigp+per,1.0+1.0,63,ret+size+liq,4,42,1,0
1.076951738119473,0.8943288980480447,0.7117198883350297,0.12659770468849185,0.10278377004817241,0.1170620514380533,0.10284136900896412,0.10446777677341412,28.48888110703686,51.47388514235062,0.0159499367071847,81663,73880.91241563676,-9124.679779129401,1.0,0.5245519828814758,1.0513926488734495,1.3923698434307037,0.7092807912712716,0.5245519828814758,0.8803367200723606,4,0.9838801324460628,0.6470588235294118,65.75922467834009,bigp+per,1.0+1.0,63,ret+size+liq,5,42,1,0
1.1681213376435569,0.9761610076655202,0.7841924662932612,0.1361262774005545,0.1113474254995852,0.11492526923628002,0.09855539921761103,0.10020662122277346,29.404977659681727,52.914662144250315,0.01643563355476976,84856,83850.99199195698,-12731.276846486402,1.0,0.4879664848277328,1.066580841386167,1.6183559570532455,0.8404122754229937,0.4879664848277328,0.9534965584045804,4,1.1111783247540516,0.7058823529411765,69.70862671620328,bigp+per,1.0+1.0,63,ret+size+liq,6,42,1,0
1.3278030461621877,1.1734047099069473,1.0189717004049004,0.16218557557909707,0.1411123180879721,0.11850447169584212,0.12139447563535744,0.12319365430852014,24.43815902837689,71.52369708107251,0.013588276494029538,80544,76016.69322156362,8982.806755564063,1.0,0.46423676274121073,1.4855340061726012,1.5486270235048358,1.4285355281732026,0.46423676274121073,1.4570347671729018,4,1.1454511912973806,0.7058823529411765,67.51461775015255,bigp+per,1.0+1.0,63,ret+size+liq,4,63,1,0
1.3723762422381138,1.2119316963155742,1.0512573195091752,0.16760122055704452,0.1457100019719213,0.11799763109568626,0.10535771527179782,0.10709028915940133,25.270612639386364,71.21081384007,0.014018037626373858,84175,81546.82864916259,7179.961695042046,1.0,0.5119052359699839,1.429657675327339,1.6713764464838203,1.446960026067625,0.5119052359699839,1.438308850697482,4,1.3606275892582143,0.7058823529411765,73.24355127983992,bigp+per,1.0+1.0,63,ret+size+liq,5,63,1,0
1.3874120464077275,1.2197809679243046,1.052120291255986,0.16693556472586168,0.14444072272532438,0.11615272244419513,0.09849372119966004,0.09986926586410405,25.95881415622274,69.2447357243924,0.014450601480102663,85793,89076.811471592,-98.78985822947288,1.0,0.36204033498989485,1.4727635838374646,1.7655534713792416,1.488215774844246,0.36204033498989485,1.4804896793408553,4,1.4462980324884978,0.7647058823529411,71.82201374956402,bigp+per,1.0+1.0,63,ret+size+liq,6,63,1,0
1.4688723625676168,1.3323748403828657,1.1959353522379255,0.18270060174274616,0.1636188351772052,0.11908411800839902,0.11841669461631343,0.12139721975213413,21.67281609819557,87.77642049623368,0.01196556831743253,83244,80598.14698691014,16506.605541481513,1.0,0.2375753538317008,1.8832033253877685,1.6459386352104572,1.9422724607240462,0.2375753538317008,1.764570980299113,4,1.3477972190078005,0.7058823529411765,62.97776036748958,bigp+per,1.0+1.0,63,ret+size+liq,4,90,1,0
1.5570045702910411,1.416453573506961,1.275845441011554,0.19394981289728497,0.17424133181706414,0.11836907060842088,0.10374493365902993,0.1059700356280725,22.197514557448557,90.09436280168497,0.012225228431175789,85192,86080.109560404,18769.278816837188,1.0,0.3480430271430587,1.874274115067309,1.786603004091369,1.9998461829732843,0.3480430271430587,1.8304385595793389,4,1.6442509506046246,0.7647058823529411,71.12567822074483,bigp+per,1.0+1.0,63,ret+size+liq,5,90,1,0
1.563418418391829,1.417428083695589,1.2713714198764585,0.192179134230265,0.17200681149241448,0.11681731745192203,0.09903381556659985,0.10933973512490636,22.759233470243128,87.34319205425757,0.012579775025681974,86094,91961.1948363515,12262.393353964108,1.0,0.23597731127825602,1.832091529328044,1.9468673463820472,1.956000738869759,0.23597731127825602,1.8894794378550457,4,1.5731409198670472,0.7647058823529411,67.31441347855625,bigp+per,1.0+1.0,63,ret+size+liq,6,90,1,0
1.4209808884362403,1.2656301661448732,1.1101761313269212,0.1783233321554274,0.15644993440434063,0.12061830347279678,0.11225162674281952,0.11393866533299568,25.020858405182395,75.61766343888324,0.013866355616174065,71401,74655.13814256259,20281.702925536738,1.0,0.5223725460926526,1.760647595513104,1.8527703976421155,1.1721972377159333,0.5223725460926526,1.4664224166145186,4,1.3731066091313433,0.8235294117647058,75.27904788067399,bigp+per,1.0+1.0,90,ret+size+liq,4,42,1,0
1.4049888898047516,1.2384298577751278,1.0717867137718937,0.17073132062040108,0.14812396865162603,0.11708812616860838,0.09781649421707905,0.09939150665763585,26.00968805148387,70.42627415004233,0.014488072171390948,78859,76785.04698237302,14151.297705780406,1.0,0.43744332622862087,1.6969890346874705,1.7848469052465115,1.2456001441313649,0.43744332622862087,1.4712945894094176,4,1.4903081121594635,0.7647058823529411,74.58790551096456,bigp+per,1.0+1.0,90,ret+size+liq,5,42,1,0
1.4268418855230902,1.2539067910774502,1.0809153175258273,0.17165224032362913,0.14843330432555502,0.115734625573858,0.091422449717519,0.09278805989697114,26.69334433715239,69.05827077118958,0.01488636688913741,83790,82850.89722277064,9645.48700799368,1.0,0.5349040662381649,1.6079010068512438,1.7188287100623085,1.3361750776736137,0.5349040662381649,1.4720380422624286,4,1.5997026394384208,0.7058823529411765,77.23420419696056,bigp+per,1.0+1.0,90,ret+size+liq,6,42,1,0
1.4692154886760256,1.3286881598916185,1.1881737453965027,0.18341998427537276,0.1637090626854325,0.11950253155030517,0.11079410577527471,0.11242175189465808,22.41672219847426,85.42365881451735,0.012336014672997407,76959,73943.21151001209,24146.545003203362,1.0,0.3760403250684435,1.8864252743886694,1.959771849449886,1.4228438674225063,0.3760403250684435,1.6546345709055879,4,1.4562045149308105,0.8235294117647058,71.92231543305405,bigp+per,1.0+1.0,90,ret+size+liq,4,63,1,0
1.4840689252090835,1.3347286060954013,1.1853440796261392,0.18099736315472037,0.16059444023533564,0.11670154330984173,0.10083102939034616,0.10240624024254108,23.24072991683314,81.66541090486966,0.012894512836449797,82452,77732.92432975005,19407.920127293582,1.0,0.3484450497284869,1.8562143281979109,1.912198864911247,1.4951984349016318,0.3484450497284869,1.6757063815497713,4,1.5682095139415373,0.7647058823529411,71.61291161637854,bigp+per,1.0+1.0,90,ret+size+liq,5,63,1,0
1.5336064757049452,1.3797607540855048,1.2258558510162894,0.1867333760662464,0.1657291992746741,0.11604195297307847,0.09223864718929786,0.09611064654931245,23.81599012645132,81.8698501674725,0.013191065882211313,85215,85822.5304042112,15552.914309223557,1.0,0.4345958425483921,1.8678063611758455,1.931764842375691,1.527189216353488,0.4345958425483921,1.6974977887646667,4,1.7243583850998419,0.7647058823529411,75.03684789340618,bigp+per,1.0+1.0,90,ret+size+liq,6,63,1,0
1.4070399634161064,1.2778058920760913,1.1485204042606596,0.17311958168415176,0.1552909571221004,0.1184797045350632,0.10359184401802501,0.10658529606218814,20.40528545913946,88.79068112853189,0.0113189683537854,80636,76985.27983227416,14051.047923208913,1.0,0.31842102465210204,1.8987304975488632,1.7486703150801988,1.4650766597526148,0.31842102465210204,1.6068734874164068,4,1.4569641672852744,0.7647058823529411,69.72462509432012,bigp+per,1.0+1.0,90,ret+size+liq,4,90,1,0
1.3792784378056193,1.2430430979523222,1.1068256170337587,0.16521019387036806,0.14699268320202075,0.11572429172408573,0.09892030951836961,0.10012355638842285,21.008808878630134,83.11864990668477,0.011769181412208807,84337,77154.39630787968,9357.607506498058,1.0,0.2804510114927928,1.8189814567186402,1.675925819490687,1.4582853630248642,0.2804510114927928,1.5671055912577756,4,1.4681128847618252,0.6470588235294118,67.0487732425731,bigp+per,1.0+1.0,90,ret+size+liq,5,90,1,0
1.3879978550779704,1.2479048528690853,1.1077728583888133,0.16552494042115717,0.14687605403115467,0.11514331870762343,0.1008589331723827,0.10454728957662052,21.511537068156535,81.44505357067158,0.01204418315940778,85724,80111.07506405725,6824.581891998492,1.0,0.3892520379352294,1.7616007855722196,1.6529145011563864,1.397693370078149,0.3892520379352294,1.5253039356172677,4,1.4048767273255065,0.7647058823529411,71.60041529129195,bigp+per,1.0+1.0,90,ret+size+liq,6,90,1,0
1.3588456312277417,1.2155053261024513,1.0721428679689888,0.16779523003208863,0.14798601689022894,0.11941705375855702,0.13549072314002408,0.14016611931850353,22.81480939967695,78.20055824523546,0.012680621240136298,66914,73139.68922858317,14301.888832580938,1.0,0.27113841329735744,1.750557637194767,1.8321103509397791,1.326928474242999,0.27113841329735744,1.538743055718883,4,1.0557902124261287,0.7058823529411765,58.56206214345997,bigp+per,1.0+1.0,126,ret+size+liq,4,42,1,0
1.3297704158779364,1.177265582214451,1.0247217203765493,0.16028006277308648,0.13977336054388,0.11695120269352932,0.10634058408290359,0.11108016439125845,23.77948480674746,72.52890103914609,0.013290726986519057,75916,72246.82035288528,11533.462923863586,1.0,0.42654011924887764,1.5456516993444096,1.730349260541866,1.233810523940836,0.42654011924887764,1.3897311116426228,4,1.2583107101962445,0.7058823529411765,69.12744562333941,bigp+per,1.0+1.0,126,ret+size+liq,5,42,1,0
1.298410452087502,1.1386646146475248,0.9788637409046522,0.15255478340415074,0.13167795888411016,0.11440230968363876,0.10435237850641976,0.10819580784456295,24.376611706201608,68.13312783544168,0.013694670925969658,81594,72851.5854422487,6918.361708249009,1.0,0.39783636348680357,1.4885671854856475,1.7213400347124157,1.1359773770905155,0.39783636348680357,1.3122722812880814,4,1.2170338343726061,0.7058823529411765,68.23814506513354,bigp+per,1.0+1.0,126,ret+size+liq,6,42,1,0
1.1691018904347685,1.040074217450644,0.9110325722347735,0.14081064138107302,0.12347726701150341,0.11872035938964196,0.15237493627024568,0.15662792868117592,20.41717544529566,75.03733380015198,0.011507793142983641,72818,67100.00966125398,3554.366033049406,1.0,-0.15291143226201623,1.8275703896771924,1.6903527798676077,1.1495206946465322,-0.15291143226201623,1.41993673725707,3,0.7883476979565224,0.6470588235294118,39.71633175617541,bigp+per,1.0+1.0,126,ret+size+liq,4,63,1,0
1.1527714697810385,1.0162488490509007,0.8796939506488223,0.1365074656788492,0.11850954821342152,0.11694135989795584,0.12259387747928785,0.12685631224181082,21.287125592990574,70.4158481387547,0.0120521647277489,80044,69999.56276651919,-932.4001714270817,1.0,0.015643686508534788,1.6689232128093163,1.6241386886103688,1.022502843700784,0.015643686508534788,1.3233207661555764,4,0.9342030058978944,0.7058823529411765,51.45598921807197,bigp+per,1.0+1.0,126,ret+size+liq,5,63,1,0
1.1237364900585938,0.9811831620401704,0.8385786776108677,0.13029641401524428,0.11193138323235075,0.11487134137842954,0.12767728389776378,0.13112420134619474,21.845857689836436,66.23000404103892,0.012409192884082949,83930,71629.86366728696,-5708.0224082276545,1.0,0.04316372649127643,1.6403181033057461,1.599129797361938,0.8426048756376668,0.04316372649127643,1.2208673364998024,4,0.8536287129545901,0.6470588235294118,49.65189364675234,bigp+per,1.0+1.0,126,ret+size+liq,6,63,1,0
1.0435911438347445,0.923213444525504,0.802814385793811,0.123455255825619,0.10757980725905325,0.11824837609095332,0.15520764003625642,0.15910516477254932,18.97909506943941,72.06906262577294,0.010763998010220249,77299,63596.43143398802,-2771.468529342619,1.0,-0.27487834773290537,1.5770533207044841,1.4405887347921194,1.2959413763629215,-0.27487834773290537,1.3682650555775204,3,0.6761553429949634,0.6470588235294118,35.35145302890385,bigp+per,1.0+1.0,126,ret+size+liq,4,90,1,0
1.049493260478297,0.9236936955786897,0.7978474666576773,0.12336291287041279,0.10688720152316966,0.11741004801693299,0.11715308692607007,0.12142434301155769,19.703846212626193,69.57447270156909,0.011239575643914052,82816,69109.74376163309,-7945.979025338744,1.0,-0.028420740561364715,1.468810978633715,1.317888746974205,1.1605480225012872,-0.028420740561364715,1.2392183847377463,3,0.8802781952297298,0.7058823529411765,50.3190708633271,bigp+per,1.0+1.0,126,ret+size+liq,5,90,1,0
1.0173679549230974,0.8877670728462654,0.7581076154622018,0.11787251178730362,0.10115862244329299,0.11615584229216988,0.12973446552468948,0.13287102941195916,20.09030026830634,65.87525752969185,0.01153928548437624,85172,71698.7135992409,-13559.282251460121,1.0,0.051895545549839044,1.5567720517448125,1.1958123982381625,0.8851431964484624,0.051895545549839044,1.0404777973433124,4,0.7613294101128423,0.6470588235294118,48.75794478132316,bigp+per,1.0+1.0,126,ret+size+liq,6,90,1,0
1.1311233676042833,0.9423832700590113,0.7535676052606479,0.13222993793109628,0.10775731238192021,0.11572953484928093,0.1270898481874425,0.12914817053555416,29.139575147465283,52.18127771441829,0.016372795434554718,75878,76898.59060080553,-7827.12168079456,0.9317073170731708,0.5731383158994866,1.2198892130152672,1.4288027630669713,0.6316106578120766,0.5731383158994866,0.9257499354136719,4,0.8343696386489261,0.6470588235294118,63.64200963839201,bigp+per,1.0+0.5,63,ret+size+liq,4,42,1,0
1.245012385657525,1.0458232337543232,0.8465998191242236,0.14522717035624821,0.1194819697999312,0.11416978126382563,0.11278414664539405,0.11468148878030782,30.31906238002972,54.16264917990154,0.01693616225080365,81724,85431.23676035911,-7526.217591038592,1.0,0.4966840220797736,1.2410082931465323,1.7771398993633516,0.7635790912193526,0.4966840220797736,1.0022936921829424,4,1.0418592492186731,0.7058823529411765,68.58707151328399,bigp+per,1.0+0.5,63,ret+size+liq,5,42,1,0
1.3006500633022262,1.094827402966254,0.8889962554959586,0.15133544944787536,0.12481034646586919,0.11329981714194746,0.10307321194106656,0.10852552163077378,31.080323310956828,54.71159564649659,0.017301335962552684,84662,91917.99411617793,-9791.496209662084,1.0,0.4294484168230682,1.1672602464691584,2.011594271865865,0.8738876351725241,0.4294484168230682,1.0205739408208412,4,1.1500552551177754,0.7647058823529411,69.72766099529603,bigp+per,1.0+0.5,63,ret+size+liq,6,42,1,0
1.4772699397235214,1.3092276818172064,1.1409305159103158,0.17848734481766582,0.15576892349743887,0.11572597021018761,0.12410751698879119,0.12591880419301726,25.99551980660209,72.94832934757297,0.014426815424242437,80752,89636.35606521663,7161.207292633222,0.9278688524590164,0.49474572482976126,1.8000194812690924,1.8066227768004228,1.310818315607173,0.49474572482976126,1.5554188984381327,4,1.2370584718916582,0.7647058823529411,70.23750806160321,bigp+per,1.0+0.5,63,ret+size+liq,4,63,1,0
1.5104654540285627,1.3347984310610619,1.159073783603027,0.18193733114385613,0.15828141073694746,0.11506858346399695,0.11890243880639872,0.12068409872618036,26.961604025524135,71.6571213456985,0.01495033289991348,84308,96293.58241761004,3664.436933940229,1.0,0.3098500938385466,1.7206427802069726,1.9904956577573727,1.497755313674637,0.3098500938385466,1.6091990469408048,4,1.3115349280278548,0.7647058823529411,66.1333644221403,bigp+per,1.0+0.5,63,ret+size+liq,5,63,1,0
1.534035880344536,1.3535306755417766,1.1729813067814105,0.1849449512288448,0.16061371149932868,0.11494710407352153,0.10940629589051676,0.11283369508775054,27.66795985317421,70.92474256125409,0.015333957220897707,85684,101603.95668207925,621.8391936574917,1.0,0.22491364637413544,1.7010231707217496,2.118905374179009,1.5312975304624603,0.22491364637413544,1.616160350592105,4,1.4234552132181766,0.7647058823529411,65.75119433523517,bigp+per,1.0+0.5,63,ret+size+liq,6,63,1,0
1.673128933722351,1.5238073404820265,1.3744919304657532,0.2051109335461141,0.1844571299787885,0.11551994801518843,0.11646940354803348,0.11823149845057446,23.03603343123575,91.04016823150327,0.012728726790676978,83097,98073.61213829202,15568.663817006698,0.9384615384615385,0.4288937367996583,2.3038980936822533,1.808507603040641,1.7759116555434624,0.4288937367996583,1.7922096292920517,4,1.560135263412051,0.8235294117647058,73.17123976156023,bigp+per,1.0+0.5,63,ret+size+liq,4,90,1,0
1.6957266128164474,1.5416405649573257,1.3874779171039229,0.20760401349212554,0.18634227625908006,0.11517757106412733,0.11827227718564048,0.12004002706523909,23.690678600141446,89.582958661089,0.013123472251499855,85312,100900.31032228057,15235.579586661755,1.0,0.13050787016244303,2.3297729569543963,1.9880214316503464,1.9541902740810266,0.13050787016244303,1.9711058528656866,4,1.552334507204061,0.7647058823529411,62.7236246530375,bigp+per,1.0+0.5,63,ret+size+liq,5,90,1,0
1.735628962730769,1.5793308960669714,1.4229665788547408,0.21316636792119992,0.1915078886509911,0.11517701100655868,0.11163701198144671,0.1137052999404079,24.02499514985905,90.3480147837758,0.013263426654021662,85925,106946.20563765107,13333.655942022851,1.0,0.11693249055132625,2.3202914881060552,2.0863444159151254,2.0192081185935282,0.11693249055132625,2.052776267254327,4,1.6842476889939075,0.7647058823529411,63.160993548014815,bigp+per,1.0+0.5,63,ret+size+liq,6,90,1,0
1.549421306493893,1.3866429300003473,1.2237724451809906,0.19353919497563643,0.17067217095048148,0.11875768991318034,0.12503178937105097,0.1267765850136059,25.7872593776722,78.45674991400935,0.01429407031728107,71911,92141.71686252208,15353.093114086132,1.0,0.6315291418839007,1.989775013867996,2.2626970277440615,0.876638024311509,0.6315291418839007,1.4332065190897525,4,1.3462436374363975,0.8235294117647058,76.57339341338061,bigp+per,1.0+0.5,90,ret+size+liq,4,42,1,0
1.5636311075596818,1.3908654510594396,1.2180762193223955,0.19361610464457435,0.1695767760956275,0.1176343669095344,0.10896645637906699,0.11291452176834704,27.121428374991165,74.95126551049113,0.014973586351903724,79018,94114.46639854029,14330.850998309204,1.0,0.7303504163658102,1.9517822796899036,2.098566623747512,0.9392895198460923,0.7303504163658102,1.445535899767998,4,1.5018154745722387,0.8235294117647058,82.92387037284176,bigp+per,1.0+0.5,90,ret+size+liq,5,42,1,0
1.5166954725842836,1.333714629490127,1.1506318001327436,0.1837325486336534,0.15892807241382667,0.11563688069727922,0.09332316429946941,0.09511258158078084,28.24242448110983,69.29443137225526,0.015621999499507442,83391,95674.9069459617,6215.506951744021,1.0,0.4963540798269883,1.8029607481380705,1.9805585171385627,1.206495958106763,0.4963540798269883,1.5047283531224167,4,1.6709468902265698,0.8235294117647058,78.27757230168594,bigp+per,1.0+0.5,90,ret+size+liq,6,42,1,0
1.5799524176529276,1.4327971998353157,1.2855777794671437,0.19613405126068084,0.17555885940942106,0.11776014136881534,0.13404038974187582,0.13776589944194118,23.13552578224893,87.50486227180946,0.012852841476580548,77399,89686.34012644687,19269.40725018017,1.0,0.4388457801742458,2.14721943951254,2.3646987290015784,1.0548344181194935,0.4388457801742458,1.6010269288160166,4,1.2743273924866074,0.8235294117647058,68.60848818881502,bigp+per,1.0+0.5,90,ret+size+liq,4,63,1,0
1.6208688442761856,1.465744996208339,1.310518998796545,0.20015258031721328,0.17857132526416253,0.11678813422528402,0.12704693073217543,0.13105875142827794,24.200184827880797,85.34593012618492,0.013394841171547501,82343,93196.66716239061,19279.21777341082,1.0,0.5375275737983016,2.2686045256650296,2.2082849689062694,1.0777778221985999,0.5375275737983016,1.6430313955524345,4,1.3625288148871608,0.8235294117647058,73.345242623364,bigp+per,1.0+0.5,90,ret+size+liq,5,63,1,0
1.6356094949118798,1.4726571187341844,1.3096058028305368,0.19980061919768866,0.17741117549697605,0.11546289877807156,0.1001732813043883,0.10432408707415874,25.12325864092879,82.33867029555894,0.013900688544953303,85015,97622.25499527631,14400.12706208498,1.0,0.35472920488910537,2.1270456925857353,2.14695363179615,1.4998816366117689,0.35472920488910537,1.813463664598752,4,1.70057731126718,0.8235294117647058,72.80062532109906,bigp+per,1.0+0.5,90,ret+size+liq,6,63,1,0
1.4067381201898577,1.2697345987076232,1.1326812189016957,0.17011112886326596,0.15156281523386883,0.11651420225485462,0.1385727751335828,0.1420208495585371,21.290624108417376,84.09878947529462,0.01191469968897584,80965,80967.41696805833,10411.071785995675,0.9710843373493976,0.20747212629128017,2.1856354510481824,1.8988391404572045,1.0666088790116732,0.20747212629128017,1.4827240097344387,4,1.0671870764397786,0.7647058823529411,57.773646768860665,bigp+per,1.0+0.5,90,ret+size+liq,4,90,1,0
1.4500605726035407,1.3076967308353058,1.1652549226889295,0.17511831057470872,0.15586009683253144,0.11593408874732089,0.13221363447221546,0.13582453830877883,22.03744003728885,83.4150921994456,0.012318116855309603,84280,83278.52296587819,11794.501023515124,1.0,0.2607114716606635,2.364207697582129,1.7395872480634704,1.1231674511988274,0.2607114716606635,1.4313773496311488,4,1.147510595458123,0.7647058823529411,61.00023715342671,bigp+per,1.0+0.5,90,ret+size+liq,5,90,1,0
1.4616445624975127,1.3132592411349642,1.1648042023824847,0.17498587888526984,0.15511720648173966,0.11485278929475154,0.11180772896751334,0.11557253852832938,22.745226945663067,80.97926390446806,0.012696102402234866,85694,83169.07482407737,11712.443688698379,1.0,0.18142648338627101,2.2972995876471454,1.6472441426117959,1.363303197617811,0.18142648338627101,1.5052736701148035,4,1.3421631856231746,0.7647058823529411,63.26848004423871,bigp+per,1.0+0.5,90,ret+size+liq,6,90,1,0
1.2599251315241926,1.1100056142872459,0.9600235273157284,0.15124013924571966,0.13116912688658733,0.11725406624723039,0.13533317194461436,0.14129755491105533,23.453152144297512,70.12578595134576,0.013129181920060583,67502,71609.98650021481,7572.160145206508,1.0,0.03423778683680488,1.5414807018202157,1.93523455170194,1.3219233476191106,0.03423778683680488,1.4317020247196632,4,0.9283184480379459,0.7058823529411765,50.02946762675466,bigp+per,1.0+0.5,126,ret+size+liq,4,42,1,0
1.2046177321384324,1.0471271371723692,0.8895917373199735,0.1424261211509794,0.12171512492090586,0.11614807852882122,0.12092074672432629,0.12614610834609863,24.39757780770758,64.50509068715499,0.013687268834750702,76430,75566.06746801792,-749.9567844956582,1.0,-0.03356750407920157,1.6298503864411171,1.7473604951010424,1.189518553444833,-0.03356750407920157,1.4096844699429751,3,0.9648741964117056,0.7647058823529411,51.63596121912394,bigp+per,1.0+0.5,126,ret+size+liq,5,42,1,0
1.2527774731526582,1.0880021499689552,0.9231857084667818,0.14716595681220523,0.1256550856491021,0.11487227464085349,0.10598628439302882,0.11007880451575447,25.24461434718334,64.19232688048598,0.014202155227552998,81737,81768.50163977791,-3240.3624634265652,1.0,0.07244306721591155,1.7838249005126448,1.5800724883082495,1.1573528214893136,0.07244306721591155,1.3687126548987816,4,1.1415011836462883,0.8235294117647058,59.979757368486695,bigp+per,1.0+0.5,126,ret+size+liq,6,42,1,0
1.0650807851681534,0.930627710474868,0.7961066828728177,0.12583494058961642,0.10812809077706098,0.11780454211537007,0.15176643653633293,0.1570596046888587,21.139287025382547,66.4232429178944,0.011947136571477718,73009,65330.02852737628,-1154.2779703654196,1.0,-0.38811492145989296,1.818326977062756,1.6456327776828092,1.0262916687062928,-0.38811492145989296,1.3359622231945512,3,0.6884525845539151,0.5882352941176471,34.49226482820113,bigp+per,1.0+0.5,126,ret+size+liq,4,63,1,0
1.0412907283642254,0.9009467755835965,0.760552312379851,0.12187918841104439,0.103596155060661,0.11702533054668776,0.14395838317134046,0.14920163457643076,21.911675581423875,62.70301470945489,0.012421182859922627,80313,72249.54351997626,-9471.246619182108,1.0,-0.4102351844617218,1.8255999117918034,1.5905666051838565,0.93503289206168,-0.4102351844617218,1.2627997486227682,3,0.6943365959411948,0.5882352941176471,35.598834290397654,bigp+per,1.0+0.5,126,ret+size+liq,5,63,1,0
1.1277946284228113,0.9811916161374675,0.8345410939604733,0.1320790030445369,0.11298915451928582,0.11596685880235581,0.1288267941656892,0.13823012517294575,22.680368487105028,64.78092779948825,0.012846896847578127,83796,81918.19877205047,-12535.87053977928,1.0,-0.27475661129828033,2.0627712078036353,1.61754032988362,0.7822944074247504,-0.27475661129828033,1.199917368654185,3,0.8173989163210273,0.7058823529411765,40.80212933622927,bigp+per,1.0+0.5,126,ret+size+liq,6,63,1,0
0.9625483095425489,0.8368849955763356,0.7111478513435386,0.1120346854599008,0.0957188227032415,0.11749554854687705,0.15303107937757265,0.15796178860001642,19.710498689628846,64.43326489259049,0.011173003620702336,77401,62772.866641232235,-6184.898534383374,0.9866666666666668,-0.42013862953022585,1.7019498972534821,1.4276822461731882,0.9542797429796681,-0.42013862953022585,1.190980994576428,3,0.6059618819942354,0.6470588235294118,34.801968575234284,bigp+per,1.0+0.5,126,ret+size+liq,4,90,1,0
0.978294126922333,0.8481727565919075,0.7179844583882474,0.11396584340053661,0.09706916535463272,0.11735519083373527,0.14089077535410155,0.14572788549900328,20.383842985458386,63.37415616558688,0.011583527966870875,82782,71041.6111024839,-12554.158538558655,1.0,-0.39206623505963384,1.8120237112101767,1.3106259563442433,0.9142574534468386,-0.39206623505963384,1.112441704895541,3,0.6660987704737995,0.6470588235294118,37.03452454016501,bigp+per,1.0+0.5,126,ret+size+liq,5,90,1,0
1.065062236068776,0.9300327895530176,0.7949391695226881,0.12414384890051888,0.10662721782456352,0.11621021183769367,0.12734825471591238,0.13165183052011697,20.94514583930648,66.17153039338972,0.011917172497643654,84965,80359.97774233119,-15700.224381478962,1.0,-0.21621080277034085,2.097872675231518,1.280326251124843,0.7673027301626641,-0.21621080277034085,1.0238144906437536,3,0.8099182320770726,0.7058823529411765,42.61810436439001,bigp+per,1.0+0.5,126,ret+size+liq,6,90,1,0
0.8374845369792758,0.6726888227899557,0.5078562073346276,0.09580474918928061,0.07478878362760444,0.11750048073612121,0.08906570486130094,0.0911942111871884,25.82315033400644,45.35991628402704,0.014686312022050566,75699,59922.08583161453,-13271.34536011132,1.0,0.48576573195786366,0.8929770903101815,0.9246222219311181,0.4633093867242743,0.4633093867242743,0.6893714111340226,4,0.8201045072267843,0.5882352941176471,57.706689087121354,bigp+per,0.5+1.0,63,ret+size+liq,4,42,1,0
0.8735063070090451,0.7029788311143552,0.5324682011087103,0.09974503388237421,0.0780957031887366,0.11664859088802922,0.09187224546670714,0.09760641135999515,26.51368913373093,45.659813502391636,0.015096659818683774,81335,66869.38305210107,-17885.52578054543,1.0,0.3060745470599629,0.9797054993883889,0.8560713730827578,0.7867878240815239,0.3060745470599629,0.8214295985821409,4,0.800108334079628,0.5882352941176471,55.45627380796271,bigp+per,0.5+1.0,63,ret+size+liq,5,42,1,0
0.9029753698477655,0.7301034948938362,0.5572393459107194,0.10320117241835258,0.08125733881568831,0.11626998247489154,0.10230912073015053,0.1078972454288043,26.793816767307955,46.384694631670314,0.01524912692352602,84669,72807.77103799488,-21696.876145670885,1.0,0.2880991759171346,0.8888442516525038,0.7822038885623085,1.0764836794055332,0.2880991759171346,0.8355240701074061,4,0.7530992889832924,0.6470588235294118,54.70556554833134,bigp+per,0.5+1.0,63,ret+size+liq,6,42,1,0
1.0631682013790342,0.9172931399541784,0.7713602580767752,0.12578368434410003,0.106560817229024,0.11800525089053077,0.09841859279249687,0.10019725508499422,22.96699443618456,61.7974262924633,0.012971517982073534,80709,64726.23673636313,-2265.291844538515,1.0,0.3533622945650443,1.2904657935677257,1.1028680608579462,1.120280203091775,0.3533622945650443,1.1115741319748604,4,1.0635103440571476,0.7058823529411765,66.43516179560201,bigp+per,0.5+1.0,63,ret+size+liq,4,63,1,0
1.0698420767576584,0.9193605399157551,0.7688777084348061,0.1253959408148131,0.10579639879943259,0.11681372087006957,0.09820643394428752,0.10766335395111137,23.42921027161334,60.509933135491515,0.013253396022741833,84090,70133.31265640851,-7746.246654715993,1.0,0.17283449303364015,1.30189765758792,1.0015073704536999,1.4189331771850624,0.17283449303364015,1.15170251402081,4,0.9826593257300293,0.6470588235294118,57.96043575678877,bigp+per,0.5+1.0,63,ret+size+liq,5,63,1,0
1.075404832030481,0.9228729476936521,0.770328117941715,0.12552071346255222,0.1057447949117849,0.11625201086308642,0.1074918084729779,0.11718115825180764,23.639228130776736,60.03132228310687,0.013384975389166633,85661,74936.86091689783,-12384.864968686092,1.0,0.10433937618770149,1.3259315560574096,0.9230209534075998,1.5613047936274753,0.10433937618770149,1.1244762547325047,4,0.9024044179914366,0.6470588235294118,53.83399260059852,bigp+per,0.5+1.0,63,ret+size+liq,6,63,1,0
1.189637789179211,1.0604874055512297,0.9312831314618112,0.14338930512059944,0.12599712573069266,0.11855957559247181,0.12822829062540086,0.13921668180694857,20.439027348909253,76.12601760401078,0.011433825888367185,83560,71440.86576318406,439.2737124793184,1.0,-0.008798449964414125,1.4517856647194187,1.4113522849718898,1.7917680149240751,-0.008798449964414125,1.4315689748456544,3,0.9050433044037967,0.7058823529411765,48.78307883359083,bigp+per,0.5+1.0,63,ret+size+liq,4,90,1,0
1.1902508513755188,1.0577470512961566,0.9252134238068871,0.14165699926427533,0.12408403364789633,0.11707485759725561,0.12856393767707475,0.1383067857873327,20.68709669660135,74.48513498073869,0.011625213730215198,85272,72985.21827742647,-2237.3412891279313,1.0,-0.12031016629962168,1.5215893644598018,1.3219753102472915,1.8738398050119909,-0.12031016629962168,1.4217823373535468,3,0.8971651892676765,0.7058823529411765,45.480265661455526,bigp+per,0.5+1.0,63,ret+size+liq,5,90,1,0
1.2077492242885064,1.0732861908871236,0.9387798956180633,0.1429243544636034,0.1251972689341616,0.11621456240451027,0.1345515706467445,0.14432305538586832,20.847810554437796,74.43474391028029,0.011702476536123526,85896,77816.56811418195,-6403.559838891746,1.0,-0.15644787996463477,1.5291350126406174,1.302739305632975,1.961738230634506,-0.15644787996463477,1.4159371591367962,3,0.8674793407015173,0.6470588235294118,42.042204525254476,bigp+per,0.5+1.0,63,ret+size+liq,6,90,1,0
1.1919280765425604,1.0452264439724677,0.8985017333674887,0.14578868596194106,0.1257570045390457,0.12025965240231819,0.0942402523214616,0.09596708504566565,23.520114128621294,68.08305398659161,0.013218543606014653,70911,67539.25308146203,5832.081596429653,1.0,0.47503458947692506,1.428078269575626,1.2452244542559312,1.2314977689699653,0.47503458947692506,1.2383611116129483,4,1.3104180926116973,0.7058823529411765,73.1184308004144,bigp+per,0.5+1.0,90,ret+size+liq,4,42,1,0
1.1586610096937635,1.0043293332887984,0.8499776659666921,0.1391224069778263,0.11848648456503019,0.11849529786859367,0.09267951939090635,0.09395844420655752,24.37878831052109,63.457094501002295,0.013714615504770837,78262,71262.82150149978,-1338.6695577666542,1.0,0.17595218683659142,1.5783785689208927,1.1454477223899506,1.3438536706344897,0.17595218683659142,1.2446506965122202,4,1.2610520061885062,0.6470588235294118,62.66521467473592,bigp+per,0.5+1.0,90,ret+size+liq,5,42,1,0
1.0964192450720271,0.9385982891977878,0.7807538031876317,0.1286872138639421,0.10810666973662797,0.1166263008168464,0.08906305235942169,0.09033970034259275,24.540119895418297,59.269200663861504,0.013887453452956859,83059,73999.1684558225,-9744.864758458814,1.0,0.13305301855627902,1.5049189401326655,0.8782607830639839,1.4426073741154952,0.13305301855627902,1.1604340785897396,4,1.1966684561345458,0.6470588235294118,61.21690330764892,bigp+per,0.5+1.0,90,ret+size+liq,6,42,1,0
1.2317182404221576,1.099823555996672,0.9679038467693258,0.1514132550280598,0.1332838355832846,0.12035942321626851,0.09618765625529657,0.10091155517799444,21.163835105613632,77.11277043431308,0.011811434347323565,76794,70072.75729838912,6524.440509623952,1.0,0.12018334876719863,1.4762532859477095,1.581999479716337,1.6037352579525581,0.12018334876719863,1.5291263828320232,4,1.3207985482751683,0.7058823529411765,61.91743545144681,bigp+per,0.5+1.0,90,ret+size+liq,4,63,1,0
1.2723185420478957,1.1332696607577055,0.9941988506171066,0.15346010212311456,0.13474933514452192,0.11766306881291999,0.0939143434533577,0.10427465227584931,21.808998136174363,75.75884647345994,0.012208104458705434,82107,75849.26000413955,2267.163021670627,1.0,0.0031995010710684493,1.598488075376264,1.6227200926127756,1.6733685880519613,0.0031995010710684493,1.6106040839945197,4,1.292253986980983,0.6470588235294118,56.4191595004561,bigp+per,0.5+1.0,90,ret+size+liq,5,63,1,0
1.2082552059626188,1.0665343125997446,0.9247880307268838,0.14266940854365373,0.12404886094153111,0.11595555911285986,0.094118937827808,0.10602744166094569,21.910384069574963,71.0823459324825,0.012353871853130225,84664,75120.76799341786,-3516.8625019626706,1.0,-0.046743869583207046,1.6117231355192845,1.3787489495532999,1.6384000680675395,-0.046743869583207046,1.495236042536292,3,1.1699693871536982,0.6470588235294118,53.4643071312088,bigp+per,0.5+1.0,90,ret+size+liq,6,63,1,0
1.15732136377109,1.0355562621423582,0.9137883849761208,0.13988661828771565,0.12345581638957714,0.11928942331728168,0.11099456840504252,0.12025496246892253,19.360379079594214,78.36889717154948,0.010840244449306488,80809,72257.23600615482,-2817.1202146692394,1.0,-0.03868595712626798,1.3141470751766864,1.6017254778721797,1.7112562017866089,-0.03868595712626798,1.457936276524433,3,1.0266172293844573,0.6470588235294118,50.37552015282765,bigp+per,0.5+1.0,90,ret+size+liq,4,90,1,0
1.1818700048430895,1.0539748501689639,0.9260656779523576,0.139873552772392,0.12302136692995247,0.11652638140364936,0.10303546998387791,0.11664666726959327,19.8623685026121,76.46137916662174,0.0111709457830502,84086,76544.2720192121,-6952.861704138348,1.0,-0.08124755856882535,1.4194673218681781,1.614569269054911,1.6673904609869385,-0.08124755856882535,1.5170182954615445,3,1.054649651032258,0.7058823529411765,51.115004313390486,bigp+per,0.5+1.0,90,ret+size+liq,5,90,1,0
1.129094115504192,0.9986457272277045,0.8681807415689267,0.13132695704845987,0.11446393503894647,0.11516636478234722,0.10063166538056023,0.11417822302663605,20.02755549208491,72.07206654343784,0.01133781068276497,85519,75330.80823910647,-10917.141462038791,1.0,-0.09841330593309791,1.4225742661157759,1.424087113283423,1.5760764168010546,-0.09841330593309791,1.4233306896995994,3,1.002502333673942,0.6470588235294118,49.1527826571558,bigp+per,0.5+1.0,90,ret+size+liq,6,90,1,0
1.1340205363365305,0.9964319316908088,0.8587799540328839,0.13778482289929594,0.11910732367325871,0.12020970967671013,0.11804077202591734,0.1280437618749084,22.073654528890554,68.86663248005439,0.012284370928001187,66666,70003.9013825316,-1827.0011428989237,1.0,0.1426383135422882,1.3327673648362892,1.5901476189885506,1.2594344981942684,0.1426383135422882,1.2961009315152787,4,0.930207937733194,0.6470588235294118,53.81264876890692,bigp+per,0.5+1.0,126,ret+size+liq,4,42,1,0
1.1005488631772304,0.9567631162806093,0.8129369750271978,0.12976578778779513,0.11089900307496614,0.1171012492928819,0.09626742742697736,0.10057590223459223,22.457966400912,64.53198296073552,0.012642774695106655,75895,72079.48319549776,-8241.910534896535,1.0,0.20785727210438723,1.2113272280289225,1.4862485829842393,1.1822995019399596,0.20785727210438723,1.196813364984441,4,1.1026399029093013,0.7058823529411765,62.410820423690765,bigp+per,0.5+1.0,126,ret+size+liq,5,42,1,0
1.1371223655134468,0.9889477549686624,0.8407166323132765,0.13195163628081774,0.11284995811847298,0.11480187133446647,0.08935359394019404,0.09059659127557707,22.695905389262993,64.68669886033823,0.012836516771993193,81385,75122.40671310574,-10070.323164267691,1.0,0.2332845280237915,1.2271552716002623,1.4650128953512622,1.2573756639432616,0.2332845280237915,1.242265467771762,4,1.2456313921922906,0.7058823529411765,65.93412778863814,bigp+per,0.5+1.0,126,ret+size+liq,6,42,1,0
1.0570079824742953,0.9334493599017654,0.8098414670003423,0.12640961843169918,0.1099082055111813,0.1193633916721884,0.1456342960901732,0.15468793683645876,19.68184165477593,71.18151133583649,0.011041990799368932,72547,67398.90835418025,-6176.907129968007,1.0,-0.11177385761562351,1.328198214233325,1.725787060199482,1.1919795275625757,-0.11177385761562351,1.2600888708979503,3,0.7105156857019815,0.6470588235294118,40.430804452317396,bigp+per,0.5+1.0,126,ret+size+liq,4,63,1,0
1.0131655269601199,0.883648070528057,0.7541002198401197,0.11779905740888719,0.10103834055894345,0.11663392335256968,0.10746599467748263,0.11894759605765104,20.14758364229899,65.76736058667433,0.011411141442217188,80208,69228.69979244613,-12485.598793145924,1.0,-0.0019209186655271574,1.2084748278294921,1.6098761469587963,1.0364429662607568,-0.0019209186655271574,1.1224588970451244,3,0.8494357507651739,0.6470588235294118,49.88097204195991,bigp+per,0.5+1.0,126,ret+size+liq,5,63,1,0
1.032371840322955,0.8988292504832637,0.7652330063968606,0.11812131803278891,0.10114375044668278,0.11450544745395463,0.10265006910424623,0.10596530339998245,20.40449570153463,65.07510752805631,0.011640875322606055,83916,72098.91236277792,-15255.999093215352,1.0,0.005393295778805832,1.2170477486536992,1.5465755304774582,1.093418822782699,0.005393295778805832,1.1552332857181993,4,0.954498757625409,0.7647058823529411,55.39180481981669,bigp+per,0.5+1.0,126,ret+size+liq,6,63,1,0
1.0269122374129602,0.9112347694776087,0.7955124760869794,0.12134366706334987,0.10608644701970715,0.1183538282699672,0.15429286373256101,0.16275990166516696,18.27169414665248,73.60935230134517,0.010292368869876695,77279,67304.45659796169,-8917.595228014578,1.0,-0.1255566586617901,1.1074050529495598,1.6372313202468947,1.4297851812778597,-0.1255566586617901,1.2685951171137098,3,0.6517971928856924,0.6470588235294118,38.35387351560841,bigp+per,0.5+1.0,126,ret+size+liq,4,90,1,0
0.9770826810017221,0.8561290870882159,0.7351506449702621,0.11221432136411402,0.09675716776343024,0.11570313084826529,0.11970725038555097,0.1295671517238759,18.664756216521504,67.70273793765566,0.010612513781456777,82977,69928.42915482096,-16356.22673367126,1.0,-0.004882689846749746,1.0767491280420878,1.4671720056405644,1.1823287117562733,-0.004882689846749746,1.1295389198991805,3,0.7467723607109316,0.6470588235294118,47.34954425048416,bigp+per,0.5+1.0,126,ret+size+liq,5,90,1,0
0.9256845175573145,0.8016774326357863,0.6776284912492073,0.1042139853815649,0.08868920747676934,0.11413195391254183,0.10997768138341246,0.1139888950231358,18.88340710986353,63.084820709707024,0.010864879954045623,85318,69240.58622223159,-20423.64915774027,1.0,0.008145360851861972,1.023041736503436,1.2942497276216616,1.0942514466092073,0.008145360851861972,1.0586465915563217,4,0.7780512957755095,0.6470588235294118,50.1302760155203,bigp+per,0.5+1.0,126,ret+size+liq,6,90,1,0
1.1516425523794305,0.9684520586457875,0.7852160401907895,0.13385103979878354,0.11024446909133911,0.11482318854936481,0.10254747514462437,0.10469659547491561,28.042953996545986,54.47682808962285,0.01566882981481417,77271,81977.05277069993,-11308.682581783261,1.0,0.8410732464435806,1.5391885999976476,0.7838753186225131,0.718817436017818,0.718817436017818,0.8124742825330469,4,1.052990009763524,0.5882352941176471,69.18321092357209,bigp+imbsml,1.0+1.0,63,ret+size+liq,4,42,1,0
1.1788630131073747,0.9871265386559076,0.7953094178443354,0.13449460076002384,0.11029181434497448,0.11242041247020819,0.10005800264435816,0.10268955786048706,28.75809446025223,53.44016007469426,0.016144945438362965,82256,87053.36165076737,-15772.9792456102,1.0,0.7327957514459489,1.592222978021092,0.7484020979181011,0.8879310783622263,0.7327957514459489,0.8181665881401636,4,1.0740314462626839,0.5882352941176471,70.23237458285453,bigp+imbsml,1.0+1.0,63,ret+size+liq,5,42,1,0
1.2511937237798045,1.0518833054781425,0.8525560498011947,0.14131057302724903,0.11644955113069,0.11054225283830534,0.08991939248891057,0.0921771217398819,29.370420407903648,54.47605602289643,0.016487647035121244,84889,93814.95502940753,-17606.42499586861,1.0,0.6972513002182134,1.70604317311317,0.6627403222309192,1.1604022361044406,0.6627403222309192,0.9288267681613269,4,1.2633237937207822,0.5882352941176471,74.37623146429632,bigp+imbsml,1.0+1.0,63,ret+size+liq,6,42,1,0
1.5620753386707162,1.4006301501714746,1.2391873956408732,0.1883793976054864,0.16655633734103747,0.11472539876388786,0.10474704762615084,0.10675768526742879,24.70476721451777,79.81202882658883,0.013653582587575139,81723,96821.48582660884,6914.773215845635,1.0,0.7955974035352454,2.0451574481842933,1.4472646591833565,1.4683565459915475,0.7955974035352454,1.457810602587452,4,1.5601344008519162,0.7058823529411765,81.8244654937546,bigp+imbsml,1.0+1.0,63,ret+size+liq,4,63,1,0
1.568151247004691,1.399708456710144,1.2311733892501056,0.18561978222585274,0.1633130380051615,0.11264673859494498,0.10099600260185182,0.10333771473303466,25.33136930299391,77.04622366845553,0.014020842777550276,84421,98200.09017103462,3963.4596196335697,1.0,0.6560084784989824,2.019191734260857,1.3856966670604174,1.687483559187572,0.6560084784989824,1.5365901131239947,4,1.5803817456876095,0.6470588235294118,78.2058139591923,bigp+imbsml,1.0+1.0,63,ret+size+liq,5,63,1,0
1.5946512577338727,1.420371645886181,1.2460473401851107,0.18632181716459573,0.16359027769563794,0.11103322062168934,0.09087630713074346,0.09282521223110973,25.8034307640231,75.96299146713471,0.014295937123318626,85827,98700.1579831783,4625.862871499776,1.0,0.5001278811764513,2.088411362951141,1.2887992809944506,1.970414520471311,0.5001278811764513,1.6296069007328808,4,1.7623474674999104,0.7058823529411765,76.18596500055735,bigp+imbsml,1.0+1.0,63,ret+size+liq,6,63,1,0
1.7719428038742993,1.6291029027494135,1.4862365249964904,0.2174448110525835,0.19762445932999206,0.1147828473133342,0.09474870944684521,0.09610279970727498,21.86248022914959,100.26951271801892,0.012059521513640247,84051,105485.0056313042,17685.54574375031,0.95,0.8029409186441454,2.340228074152531,1.5639519643991013,2.0033570606780664,0.8029409186441454,1.7836545125385839,4,2.056386077533097,0.8235294117647058,85.75492082334374,bigp+imbsml,1.0+1.0,63,ret+size+liq,4,90,1,0
1.8215787331319344,1.6741348026209995,1.5266673908330708,0.22055821179706125,0.20036548945336485,0.11294228284485304,0.0977360032813851,0.09924936564040865,22.23135402014431,99.8220021815024,0.012276278349677962,85367,110202.38077468268,15411.227466818433,1.0,0.7219868457329417,2.325337898870921,1.709827378006713,2.1278327005296553,0.7219868457329417,1.918830039268184,4,2.018808766791629,0.8235294117647058,84.49498407091416,bigp+imbsml,1.0+1.0,63,ret+size+liq,5,90,1,0
1.8280119921192022,1.6761294671214244,1.524197476930322,0.2183814025342019,0.1979297309524921,0.11147841342675512,0.09526544505170353,0.09699630881759058,22.578124658107996,97.57524967417919,0.012510253448498945,86106,108282.05403707072,16435.4413873137,1.0,0.46365376904910605,2.4693582681072663,1.719783237319888,2.2727285959274406,0.46365376904910605,1.9962559166236642,4,2.04059034168728,0.7647058823529411,75.79049738599052,bigp+imbsml,1.0+1.0,63,ret+size+liq,6,90,1,0
1.7029340616949464,1.540189234136111,1.377368860410001,0.21108881247233824,0.18833861898727977,0.11647449029997643,0.10785616543067877,0.11024657610552901,25.26889261721973,85.75028394996205,0.013806847814676575,72755,97951.95516465454,22165.834591460174,1.0,0.8185144002620592,2.1944909700944097,1.6790122590752556,1.6798672474585226,0.8185144002620592,1.6794397532668892,4,1.708339847280158,0.8235294117647058,83.8690839702432,bigp+imbsml,1.0+1.0,90,ret+size+liq,4,42,1,0
1.6921578476432018,1.5196295222740137,1.3470479839717648,0.20446100907825104,0.18104739678901005,0.11378871411892477,0.10312805734821362,0.10539541457746582,26.18222529662627,80.8355360036091,0.014347987028160234,79617,99167.69466405021,16585.363368648228,1.0,0.40007485455380537,2.2320133313375847,1.7534845661160956,1.946236751133444,0.40007485455380537,1.84986065862477,4,1.717791969554234,0.8235294117647058,74.01815114393244,bigp+imbsml,1.0+1.0,90,ret+size+liq,5,42,1,0
1.5726735143577453,1.3944338423831093,1.216187847419813,0.1858397206521205,0.16233647655749883,0.11242393449167579,0.09696249088393616,0.09877479089503283,26.69924382943681,73.5134652072456,0.014794017181527161,83677,97181.33430579996,6300.437774689435,1.0,0.17673900835414932,2.155486325896823,1.5295203074495372,1.9459909142423961,0.17673900835414932,1.7377556108459666,4,1.6435010905769722,0.8823529411764706,69.29886479795344,bigp+imbsml,1.0+1.0,90,ret+size+liq,6,42,1,0
1.9557168418270963,1.809718844366092,1.6636323570167275,0.2463641675746404,0.225394353855916,0.11608248042662608,0.09827354419451562,0.10008125003769375,22.61283388152942,107.60557998241333,0.012278358947595666,78120,112608.22162269417,33757.81447175456,0.9193548387096775,0.9082251937663176,2.3539811365295114,2.130304082542109,2.1041242744831288,0.9082251937663176,2.1172141785126186,4,2.252113695332796,0.9411764705882353,86.32249999497417,bigp+imbsml,1.0+1.0,90,ret+size+liq,4,63,1,0
1.9291698045167696,1.7744852002654972,1.619807467395252,0.23682183760305153,0.21528077057752615,0.11354307831173169,0.09715460854933244,0.09886851270720609,23.422304992213007,100.78159537625734,0.01273993966572632,82892,111202.79215718718,28017.899730019744,1.0,0.5385313163341153,2.455457870522485,2.133109850769895,2.247210249542497,0.5385313163341153,2.190160050156196,4,2.1774452217671043,0.8823529411764706,80.14013779572932,bigp+imbsml,1.0+1.0,90,ret+size+liq,5,63,1,0
1.8158667232591799,1.6563178326188608,1.4967468712810263,0.21850450225393114,0.19688319534241727,0.1123319237119284,0.10175993236245495,0.10326464373420752,23.87824528035168,92.69553903629185,0.013113610776877975,85202,108135.24500987727,17878.89070359484,1.0,0.2919199230372786,2.4916022275989476,1.905940393191185,2.1977695492981253,0.2919199230372786,2.051854971244655,4,1.9065886272669879,0.9411764705882353,72.15564519322403,bigp+imbsml,1.0+1.0,90,ret+size+liq,6,63,1,0
1.8453196817721769,1.7108335828175805,1.5762948892633757,0.22905732069495,0.21013027633627313,0.1154028998914023,0.09485473826985202,0.09620178889729836,20.681504720684977,110.18619976674385,0.011348305326075975,81809,109869.00788449118,23436.98845681568,0.7685393258426967,0.8246357282281621,2.304062425765138,1.7294419561830174,2.200382737239572,0.8246357282281621,1.9649123467112948,4,2.1842657890759267,0.8823529411764706,86.83976148036022,bigp+imbsml,1.0+1.0,90,ret+size+liq,4,90,1,0
1.7956590400012538,1.6536131622148595,1.5115260449127064,0.21707677519670399,0.19771352504389306,0.11298360848367209,0.09517651664181448,0.09651089400410084,21.371875545704178,102.2060506262066,0.011784098564904774,84571,110257.46030766328,14591.476114896072,0.9533333333333132,0.4648495447412976,2.346865939142693,1.8367606757172066,2.2000643918912632,0.4648495447412976,2.018412533804235,4,2.048613548595789,0.8823529411764706,78.24403380835881,bigp+imbsml,1.0+1.0,90,ret+size+liq,5,90,1,0
1.6800714284599148,1.5343027430373253,1.3885378843918943,0.19892257926547963,0.17959018523313053,0.11172376366993805,0.10021221477156517,0.10152498372365792,21.681402992430108,93.87127908359228,0.012049546833604761,85813,104586.14626592508,7461.712502129205,1.0,0.16148353717726,2.3397945843348102,1.8114896745192421,2.072177736257459,0.16148353717726,1.9418337053883505,4,1.7689260184661464,0.8823529411764706,68.47450828549674,bigp+imbsml,1.0+1.0,90,ret+size+liq,6,90,1,0
1.6723309857553397,1.5236361019326183,1.3749556380601333,0.20782922716603647,0.1869838955925458,0.11703232117808775,0.11176894255999648,0.11669105495901733,23.195179172427995,91.5657922361391,0.012754288640718023,68968,102541.81449491087,14589.142358203524,0.9666666666666666,0.5013373933764174,1.7378877069941696,1.8457078484775953,2.3926060273219,0.5013373933764174,1.7917977777358824,4,1.602384138683259,0.8823529411764706,76.64798114009021,bigp+imbsml,1.0+1.0,126,ret+size+liq,4,42,1,0
1.6195262504365826,1.4623722251833857,1.3051752731450583,0.19666796332817982,0.1752439025043908,0.11496426859868743,0.1017056091525167,0.1032594370330191,24.09131379012598,84.48939283453971,0.013378044678849866,76967,97382.79607846349,12891.637344392348,1.0,0.22409698953849824,1.7816177247639813,1.83450553790566,2.3902950767015256,0.22409698953849824,1.8080616313348208,4,1.6971223893885201,0.8823529411764706,70.12165141508574,bigp+imbsml,1.0+1.0,126,ret+size+liq,5,42,1,0
1.4043930346472933,1.2404312349549484,1.0764692390977502,0.1656153102695388,0.1440975312788606,0.11374713393170875,0.1035912271756736,0.10642459208218469,24.847513772191327,71.50984411057007,0.013961055413639218,81982,89585.14227191656,1261.2110721671634,1.0,-0.11171276042093047,1.7373023675524497,1.618888240649785,2.055074861250705,-0.11171276042093047,1.6780953041011175,3,1.353987160858306,0.7058823529411765,54.55736671440896,bigp+imbsml,1.0+1.0,126,ret+size+liq,6,42,1,0
1.5341368746290371,1.3994390989009886,1.264685875548314,0.18753310967267112,0.16904514595067544,0.11647832443304343,0.12394424429748363,0.12818074673256885,20.904858575565225,92.63720758889966,0.01162126951876287,74459,95280.47006767354,8077.81808098482,0.853968253968254,0.1941327500499186,1.8654919023709071,1.8513043797273188,2.050364118369397,0.1941327500499186,1.858398141049113,4,1.3188029424057297,0.8823529411764706,64.08791236121235,bigp+imbsml,1.0+1.0,126,ret+size+liq,4,63,1,0
1.4955004315006195,1.3537853536891824,1.2120337539063504,0.17935451638766464,0.16033607806229044,0.11472915042169915,0.10305936858536358,0.10759072354169918,21.68064922851052,86.31865351419967,0.012123388886519886,80697,92542.28166155878,6255.904658509231,0.9365079365079189,0.05412494448137676,1.7948051715392175,1.9351824592034064,1.973994818234632,0.05412494448137676,1.864993815371312,4,1.4902407269354279,0.7647058823529411,61.99445128843177,bigp+imbsml,1.0+1.0,126,ret+size+liq,5,63,1,0
1.3466703502152928,1.1983829296249768,1.0501046187353582,0.15738801783477196,0.13812361814099994,0.11332370603236448,0.09685806688594156,0.10672509562225407,22.382987105483434,75.39240735655228,0.012600086888053877,84067,87412.20655822754,-1623.683874343962,1.0,-0.19253158577207907,1.819126725322749,1.7769178046961298,1.716751053056803,-0.19253158577207907,1.7468344288764666,3,1.294199994253261,0.7058823529411765,51.494863149148124,bigp+imbsml,1.0+1.0,126,ret+size+liq,6,63,1,0
1.3885378663638286,1.2630543526059064,1.1375697756843166,0.1662918087028138,0.14950048586503661,0.11561431902525231,0.11886177693985056,0.12296361419324942,19.320225963261787,90.26660244883755,0.010882284967763186,79066,87623.61051413941,2054.3354593521017,0.7777777777777779,0.12981295320879674,1.7757055784678675,1.5588176436215226,1.89959118924215,0.12981295320879674,1.6672616110446952,4,1.2158107652080061,0.8235294117647058,60.72597514022443,bigp+imbsml,1.0+1.0,126,ret+size+liq,4,90,1,0
1.3720370277127623,1.240345984703017,1.108643555232061,0.1615967646119021,0.14431240920525812,0.11392283937599099,0.09865673600491376,0.1027220971617101,19.991803680801098,85.38940943081693,0.011324856261186518,83068,87058.5003923435,465.0355087323733,0.8444444444444275,0.023049756016655955,1.7363579950365422,1.6451582314501738,1.8448620720179467,0.023049756016655955,1.690758113243358,4,1.404881843271507,0.7647058823529411,60.857756981849484,bigp+imbsml,1.0+1.0,126,ret+size+liq,5,90,1,0
1.2608953624794774,1.122536641948418,0.9841955948391734,0.1447792681876363,0.12716194405342507,0.11224545340625774,0.08911192979858029,0.09830792103713049,20.68159333583782,75.67629209733452,0.011772579444950691,85180,82933.62119029372,-4697.304108234373,0.9044444444444468,-0.12040437775203218,1.7326466599269512,1.5195705393402723,1.6298056586250498,-0.12040437775203218,1.574688098982661,3,1.2935065934859566,0.7647058823529411,56.028937287543954,bigp+imbsml,1.0+1.0,126,ret+size+liq,6,90,1,0
1.2009179996052408,1.0014504681976073,0.8018698710089535,0.13745569835964022,0.11219193463758015,0.11253243815158309,0.12345174804634462,0.1269348154604486,29.95067579295189,52.46911147849617,0.01675604054709679,76697,84399.81575316523,-10420.2134602259,0.8878048780487806,0.747739003113502,1.2996761606383136,1.699676958101016,0.32150699343486294,0.32150699343486294,1.0237075818759078,4,0.8838547110232168,0.7058823529411765,60.117938381296675,bigp+imbsml,1.0+0.5,63,ret+size+liq,4,42,1,0
1.2379771247425808,1.031297265252017,0.8244814459854997,0.14118724206769984,0.11511112912741539,0.11173822210210502,0.11511292603586132,0.11863286072635237,30.824834449026906,52.230954422526494,0.017235932002911028,82333,88451.94154496951,-11703.644005880033,1.0,0.44877537398312584,1.3202009698852428,1.803885826153976,0.6273730790020422,0.44877537398312584,0.9737870244436425,4,0.9703140295414397,0.8823529411764706,68.81634073655833,bigp+imbsml,1.0+0.5,63,ret+size+liq,5,42,1,0
1.315570980002749,1.1043606854612813,0.8930535903446705,0.15114652124000427,0.12428151794369247,0.11175525284015247,0.09826401157099485,0.10191795894380373,31.490271627345955,54.02719516993467,0.017533501750314973,84982,96665.49302165137,-13558.853828002546,1.0,0.45905326459346074,1.3393640861556588,1.758873558135953,0.951085980213788,0.45905326459346074,1.1452250331847234,4,1.2194270689056843,0.8823529411764706,74.54347410102017,bigp+imbsml,1.0+0.5,63,ret+size+liq,6,42,1,0
1.5869056084984126,1.4112403087930816,1.2352417438237289,0.1885087526777196,0.16515109485091517,0.11286187732463362,0.11507590825698322,0.11710415852618705,26.50477902323022,74.84869343836091,0.014671354760954436,81372,100391.65592551233,4600.668219753661,0.8508474576271188,0.5751821338093738,1.7956929610115129,2.2823538633818137,1.1752230755656665,0.5751821338093738,1.4854580182885897,4,1.4102923152296405,0.8823529411764706,77.91116602975268,bigp+imbsml,1.0+0.5,63,ret+size+liq,4,63,1,0
1.5893411530185086,1.4070694513990543,1.2246678654936012,0.18790832531342927,0.16379656917555585,0.11233400293724721,0.1164979032486414,0.11845734764534344,27.348103986970766,72.5666451002763,0.0151025018349489,84558,103227.69060825944,2000.0633449217275,0.9932203389830522,0.3198369875599736,1.8274982178721257,2.178378007355891,1.4826004481168522,0.3198369875599736,1.6550493329944889,4,1.3827472286983518,0.8823529411764706,69.79493556107028,bigp+imbsml,1.0+0.5,63,ret+size+liq,5,63,1,0
1.635049993192803,1.4495316796874524,1.263932554500495,0.19488217947508657,0.17012296440582997,0.1128064377069858,0.10784576476444219,0.1098414749078227,27.924785563869996,73.31454656873396,0.015381262837207723,85713,111140.21278477614,-978.5031422169013,1.0,0.3747196281329364,1.837856107905362,2.0957866720699094,1.6579195695012106,0.3747196281329364,1.7478878387032863,4,1.5488044433907555,0.8823529411764706,73.76272552294506,bigp+imbsml,1.0+0.5,63,ret+size+liq,6,63,1,0
1.7147878576452147,1.5594923868654917,1.4041605427750055,0.2054056054353821,0.18447724651520447,0.1126681521010193,0.11135259534015118,0.11524942078435274,23.3388499751259,90.01467483524118,0.01291088659161809,83935,107607.32456997066,8150.531280111954,0.8488372093023255,0.5895743945738404,2.276996474864015,2.0006487622796643,1.546251509651535,0.5895743945738404,1.7734501359655996,4,1.6006782963394355,0.9411764705882353,79.48730906596818,bigp+imbsml,1.0+0.5,63,ret+size+liq,4,90,1,0
1.78829036818253,1.6296707642898434,1.470946909674771,0.21636757315880928,0.19469936159734558,0.11313088080757039,0.11529274149654634,0.11705855225115191,23.97283123888766,91.60750191447485,0.013191339069574098,85298,111195.39502268056,12949.058446078674,0.9888888888888904,0.3773608548604839,2.424512147077275,2.033265223833234,1.8668480311232203,0.3773608548604839,1.9500566274782272,4,1.6632647325042382,0.9411764705882353,72.87968534566093,bigp+imbsml,1.0+0.5,63,ret+size+liq,5,90,1,0
1.8349096967552623,1.6746784145247362,1.5143700676162208,0.22473292578945858,0.2025387614369243,0.11404881799635101,0.11016808955649782,0.11192176583737468,24.390944437223173,92.98924255771047,0.013371422960226996,85919,118540.06653672538,12090.08362611672,1.0,0.3513528047930738,2.5098096937914893,2.049442673557029,1.9675286799882312,0.3513528047930738,2.0084856767726302,4,1.8096458711276815,0.8235294117647058,71.68630948312266,bigp+imbsml,1.0+0.5,63,ret+size+liq,6,90,1,0
1.4906151890104877,1.3169829005007636,1.1432460501172925,0.17983260551991043,0.156401837994794,0.11543237163707373,0.11911404130722092,0.12110165010395202,26.727705285192048,71.61049359210105,0.01475815310562115,72292,92542.75858348282,6837.12668959795,1.0,0.6929537482826277,1.9340852994546878,2.11046676304212,0.7022530400330318,0.6929537482826277,1.3181691697438598,4,1.2914922122080152,0.8235294117647058,78.62527534101244,bigp+imbsml,1.0+0.5,90,ret+size+liq,4,42,1,0
1.5330156476356849,1.3512418093743124,1.1694188140295108,0.18276419289254742,0.15856233239823547,0.11373227449390559,0.11421572305266814,0.11620484582746127,27.569845222231805,70.5083247773725,0.015196213321299713,79157,97026.83123490225,5143.831045864004,1.0,0.2912457845698879,2.1970606220109947,2.020174274613292,1.1038751071024353,0.2912457845698879,1.5620246908578637,4,1.3645070587991295,0.8235294117647058,67.95709213240683,bigp+imbsml,1.0+0.5,90,ret+size+liq,5,42,1,0
1.6195039866811174,1.4341118131135364,1.2486958252110238,0.19583455147721018,0.17073291707277694,0.11449938985640595,0.09664754930215813,0.0984429546705966,28.291584603256737,72.77454839651352,0.015533132716478978,83802,111201.5389023893,211.93188093094432,1.0,0.21960589884726633,2.1794116226815414,2.0436451664627064,1.4737367603540266,0.21960589884726633,1.7586909634083665,4,1.7343335299521665,0.8235294117647058,69.53107712698551,bigp+imbsml,1.0+0.5,90,ret+size+liq,6,42,1,0
1.6889873107928577,1.533135195933964,1.3771738499186306,0.2064122399286734,0.18494520092205624,0.11504205664275607,0.11659766876297961,0.11838282547501844,23.924584406380532,88.4088695794798,0.013136033989083187,77621,102186.06431196217,15122.021451222725,0.9684210526315791,0.6971029805751205,2.232238780542985,2.3461760440926436,1.0960958735094888,0.6971029805751205,1.664167327026237,4,1.5622637842943192,0.9411764705882353,82.29537935391782,bigp+imbsml,1.0+0.5,90,ret+size+liq,4,63,1,0
1.7190789751646238,1.5576404628898997,1.396122226339761,0.2089910649093556,0.18688732718566237,0.11421681101993514,0.11387414314549116,0.11567123034530513,24.608618260935817,86.99882145940963,0.013499393237041506,82471,104513.95715664576,15637.6577873707,1.0,0.28905194941078005,2.5733797274826156,2.2378508602672866,1.3956343074442001,0.28905194941078005,1.8167425838557434,4,1.6156768336237184,0.8823529411764706,70.41539443628272,bigp+imbsml,1.0+0.5,90,ret+size+liq,5,63,1,0
1.7736480297888528,1.608348788176173,1.4430011551695676,0.21771546219764648,0.19482986792571233,0.11479461616095718,0.10357671378800382,0.10535804977767471,25.303584982020062,87.64994102549299,0.013838120685454758,85336,113435.52037994826,13490.461043767056,1.0,0.1679372848263974,2.58977946312145,2.1908841549146287,1.7377957692424248,0.1679372848263974,1.964339962078527,4,1.849216726551412,0.8235294117647058,67.05900602541568,bigp+imbsml,1.0+0.5,90,ret+size+liq,6,63,1,0
1.5311876177904562,1.3879678965914595,1.244679857969858,0.1838474835397752,0.1645791304404356,0.11452294793713376,0.12616700441717965,0.1298290837471503,21.865213809751417,87.39403719848008,0.012159612216935662,81310,91818.64684730153,9808.73741447691,0.8452380952380952,0.509968779862376,2.2462615121051934,1.8081196647180122,1.178343034245857,0.509968779862376,1.4932313494819347,4,1.2676599548446559,0.8823529411764706,72.83178511136447,bigp+imbsml,1.0+0.5,90,ret+size+liq,4,90,1,0
1.5266524651221756,1.3787944964465177,1.2309376264535339,0.1818818620909204,0.16217591116955843,0.11371467167079731,0.10930012852575499,0.11064617672909016,22.416945331653327,84.66163381526658,0.012464218244355639,84352,91229.10439913464,9991.08575196912,0.9930232558139509,0.09761180476999799,2.4834924175712327,1.725514839934565,1.4443230900198698,0.09761180476999799,1.5849189649772173,4,1.4657163578876784,0.8823529411764706,64.9993608247647,bigp+imbsml,1.0+0.5,90,ret+size+liq,5,90,1,0
1.5434883034759972,1.392560227579389,1.2416180656625648,0.18468051066059887,0.16448359102953347,0.11402854550792532,0.10128351499198363,0.10263103959633535,22.932953362523307,83.94557057822587,0.012731059005119073,85929,94507.79235803062,9223.964490841969,1.0,-0.056482483309905504,2.537891701482408,1.711952171968244,1.615596428238791,-0.056482483309905504,1.6637743001035175,3,1.6026690529149301,0.8235294117647058,60.690014338838516,bigp+imbsml,1.0+0.5,90,ret+size+liq,6,90,1,0
1.3977797385616297,1.2448279045220352,1.0919464446439064,0.16965928049370826,0.1489077053345791,0.1170331736397903,0.13549957764189757,0.14182310703629242,23.852015028786454,75.73258507046974,0.013309757889934054,69399,85748.20759914833,6143.2442926835065,1.0,-0.022004666896899266,1.703293300431944,2.0845707096271844,1.6869399055846073,-0.022004666896899266,1.6951166030082756,3,1.0499537659718154,0.7058823529411765,49.48847357738396,bigp+imbsml,1.0+0.5,126,ret+size+liq,4,42,1,0
1.433811390159346,1.2715251225964226,1.10924515700344,0.17197835309724163,0.1502700030123123,0.11533605414663181,0.11222818298225556,0.11759927668427594,24.930818805513823,73.50311832136045,0.013983909250494232,76879,92484.51260612934,2079.268667977067,1.0,-0.15006653491004807,2.011880603579004,2.042682931352827,1.5931170307752498,-0.15006653491004807,1.8024988171771268,3,1.2778140074428257,0.7647058823529411,52.40996595941944,bigp+imbsml,1.0+0.5,126,ret+size+liq,5,42,1,0
1.3831259989701241,1.2135867846883313,1.0440407692224773,0.16296139466937398,0.14074471649804932,0.11385325600235303,0.10410135789536312,0.11422693500985692,25.722159309531772,68.42371822809233,0.01452905179591216,82103,94163.02639341046,-4253.902876682019,1.0,-0.22319144948105707,2.098070363462099,1.7876705843586904,1.5101532043395538,-0.22319144948105707,1.648911894349122,3,1.232149987092835,0.7647058823529411,50.20922387537846,bigp+imbsml,1.0+0.5,126,ret+size+liq,6,42,1,0
1.2029943853380132,1.065857458199136,0.9286756688964178,0.14339284496197413,0.1251770110441235,0.11709941879281316,0.15713183368609374,0.16256605289644377,21.39417956464912,72.94355805485841,0.012052388345098017,74890,76794.23624060197,-984.0176403760597,0.9333333333333333,-0.3048816707779422,1.8655352231181483,1.9672119289344583,1.1638960881709464,-0.3048816707779422,1.5147156556445474,3,0.7700070759782949,0.7647058823529411,38.33832253045319,bigp+imbsml,1.0+0.5,126,ret+size+liq,4,63,1,0
1.2530524781425467,1.107676096881159,0.9623578375740637,0.14780433975998863,0.12873712821381522,0.11533195609010324,0.13468054828742904,0.14013543748708435,22.32849081916141,71.85998815014827,0.012611703620269485,80641,83107.9632047682,-3822.792753130656,1.0,-0.4122732691118034,2.12454155656277,1.9809546793725217,1.124503193783786,-0.4122732691118034,1.5527289365781538,3,0.9186621922501248,0.7058823529411765,41.5607204536351,bigp+imbsml,1.0+0.5,126,ret+size+liq,5,63,1,0
1.2310600376986423,1.078612127001,0.9261547643635627,0.14274965210530333,0.12313236991573162,0.11364975679462778,0.13441776746855416,0.1449959167858922,23.091570925763328,67.76999035442856,0.01308156446053955,84073,86185.00376865876,-8842.648866478983,1.0,-0.4580420411063616,2.2223206697481346,1.7822876371573624,1.0909000325418756,-0.4580420411063616,1.436593834849619,3,0.8492126719509949,0.7058823529411765,40.21816134413609,bigp+imbsml,1.0+0.5,126,ret+size+liq,6,63,1,0
1.1224026327053918,0.9945159553792459,0.86668395300336,0.13170917822930672,0.1150048264780752,0.11626483165827582,0.1575782940474052,0.16249627253286159,19.80996094637839,72.9709079807036,0.011234698539480418,79085,72024.84770650585,-2785.4048147287976,0.8488888888888889,-0.30884941118227216,1.8864083554470668,1.7101348256795341,1.0724005656837197,-0.30884941118227216,1.391267695681627,3,0.7077382433792,0.6470588235294118,35.215134331371246,bigp+imbsml,1.0+0.5,126,ret+size+liq,4,90,1,0
1.1593696873138388,1.024136638506839,0.8889021228720128,0.13468990986550455,0.1172430675792242,0.11466721318509564,0.13406211641140864,0.1390437082513286,20.662435239196704,71.47323317936647,0.011771319800335805,83148,77419.95447407826,-5720.299028567046,0.971111111111092,-0.3696380429644901,2.105699136300343,1.687452303369498,0.9923872046077039,-0.3696380429644901,1.339919753988601,3,0.8432101607021395,0.6470588235294118,39.6968620754717,bigp+imbsml,1.0+0.5,126,ret+size+liq,5,90,1,0
1.153441603962029,1.0115334486582317,0.8696102097264952,0.13141052487373384,0.11349264484260613,0.11253721338130222,0.1296931901756636,0.13963995994446776,21.288823452790147,68.17988480818607,0.012174688539974205,85134,81188.13495202229,-10500.867264854842,1.0,-0.4218043219514779,2.229267397793932,1.5529523598605677,0.9716829993077442,-0.4218043219514779,1.262317679584156,3,0.812751914908455,0.6470588235294118,39.31277939178297,bigp+imbsml,1.0+0.5,126,ret+size+liq,6,90,1,0
1.1538065486985774,0.9774524636842945,0.8010063171720361,0.13596897626174442,0.11287539829922277,0.1163790724232773,0.10935892441612483,0.1114404150413063,27.38847425319501,56.30713631912491,0.015242974532694761,75383,73198.50603226118,-2891.9947791548475,1.0,0.5615876357954802,1.4027491501161227,1.4232817329471756,0.6539660435342574,0.5615876357954802,1.02835759682519,4,1.012876686230795,0.7647058823529411,71.93139942086093,bigp+per+imbsml,1.0+0.5+0.5,63,ret+size+liq,4,42,1,0
1.2867741935698709,1.1010166476454417,0.9151933258909114,0.15067615511011656,0.12652665758506298,0.11415380843424487,0.10368713901897353,0.10563447333976828,28.285964316142334,59.22896883356569,0.0157258763686176,81372,82961.06252900069,-3475.000149716372,1.0,0.6478306910811579,1.4766784185906778,1.528556371732307,0.8656391539293046,0.6478306910811579,1.1711587862599913,4,1.1977780887693357,0.7058823529411765,75.88692870423742,bigp+per+imbsml,1.0+0.5+0.5,63,ret+size+liq,5,42,1,0
1.2378912854807176,1.0443422246679026,0.8507623152578775,0.14195407628356493,0.11739646911309376,0.11234689510281147,0.09561071549135736,0.09726353071498561,28.99062045756735,55.296005678441354,0.016232986372945655,84505,83972.04413032244,-8778.237494782108,1.0,0.62049042223262,1.3527867022784361,1.2135904678286114,1.0929254334811433,0.62049042223262,1.1532579506548775,4,1.2069937030879985,0.7058823529411765,76.27500246527227,bigp+per+imbsml,1.0+0.5+0.5,63,ret+size+liq,6,42,1,0
1.5897650002932986,1.433726179772165,1.2775823621354714,0.19510027662040308,0.17355020417268152,0.11639550724544478,0.11259109199717476,0.11456814363477053,24.298524755902385,83.37495801273064,0.013351371097875342,80403,89976.69333997292,16936.900534123368,1.0,0.6769118464704663,1.8642206633864156,1.8605196025070796,1.5649125852381536,0.6769118464704663,1.7127160938726167,4,1.514820775362641,0.7647058823529411,79.84532839967399,bigp+per+imbsml,1.0+0.5+0.5,63,ret+size+liq,4,63,1,0
1.6017788544105043,1.4381735992140061,1.2744810770846324,0.19376505774581854,0.17154779923548658,0.11470262787859932,0.10386082466140756,0.10562592736705279,25.086052952354223,80.47545686370017,0.013768419040744478,84007,92454.54559050518,13973.332716615543,1.0,0.6181034980182549,1.8182319309941481,1.8197552496501792,1.7160393968636478,0.6181034980182549,1.767135663928898,4,1.6241069168496254,0.7647058823529411,79.27337344847002,bigp+per+imbsml,1.0+0.5+0.5,63,ret+size+liq,5,63,1,0
1.4692517595593781,1.2998283711303196,1.1303200848564947,0.17352429543835535,0.15121216975216667,0.11329547827415277,0.09483589847457452,0.09622733896948843,25.604394620435517,72.26990048713314,0.01417832725533681,85642,88172.19543847453,5588.93168676184,1.0,0.4673822419865726,1.6910665541322292,1.4509958965340712,1.8118503838048126,0.4673822419865726,1.5710312253331502,4,1.571405500469183,0.8235294117647058,77.25978284797911,bigp+per+imbsml,1.0+0.5+0.5,63,ret+size+liq,6,63,1,0
1.730331995316951,1.592889462645021,1.4553328000456225,0.21538464320478456,0.1960009197382826,0.1166900963278024,0.10378318033896727,0.10550174377495813,21.423368898104755,101.415465832878,0.011737347026921807,83102,99937.34002950032,20384.569244508428,1.0,0.6512298700871749,2.2933018757207004,1.7691563566748314,1.9614365779047076,0.6512298700871749,1.8652964672897694,4,1.8577979161781903,0.8823529411764706,82.63666359928749,bigp+per+imbsml,1.0+0.5+0.5,63,ret+size+liq,4,90,1,0
1.7714011067939532,1.6275556782558123,1.483712260261702,0.21714030077029922,0.1971904405487903,0.11466793132695607,0.1012974746320916,0.1026192639036958,22.021129397428812,99.4490964985348,0.01207049858621217,85087,98405.88587934665,23661.708097896204,1.0,0.5306963650319311,2.346782614098197,1.812104990394403,2.107944694438349,0.5306963650319311,1.960024842416376,4,1.9215733289009547,0.8823529411764706,79.40498909713183,bigp+per+imbsml,1.0+0.5+0.5,63,ret+size+liq,5,90,1,0
1.6967602266542503,1.5489350931653645,1.4010375077350687,0.20493892593682128,0.18483988330240342,0.11370606593922696,0.09643125343843262,0.09773450789372051,22.433281174628817,93.22822496146063,0.012366096817401735,85935,94733.17247724795,19336.08577385405,1.0,0.38777792898046265,2.260092130383268,1.7061615245379225,2.1235630391109965,0.38777792898046265,1.9148622818244596,4,1.8912448354823044,0.8823529411764706,75.76873681691781,bigp+per+imbsml,1.0+0.5+0.5,63,ret+size+liq,6,90,1,0
1.488198607299632,1.3338332255818828,1.1795119127112024,0.1859967956308477,0.16432540527491746,0.1194382787979891,0.11600605033427724,0.11799681985224086,24.578384294310332,79.45865013229442,0.013600581738429962,71399,80141.6488242334,20884.396120768142,1.0,0.6352424610534253,1.9518328053872114,1.7584656852295932,1.2071870561804636,0.6352424610534253,1.4828263707050284,4,1.3926257121225014,0.7647058823529411,77.06434712939173,bigp+per+imbsml,1.0+0.5+0.5,90,ret+size+liq,4,42,1,0
1.5200405255980867,1.3533133039529324,1.1865520708417483,0.18498985731110285,0.16227843850220358,0.11612024118736548,0.10564974784266035,0.10737584819295343,25.806985264665556,75.60989561404584,0.014303236897570556,78955,81905.0579587098,19427.29962513107,1.0,0.5637973400721203,1.9573424431906647,1.7870510044208692,1.3191633694343277,0.5637973400721203,1.5531071869275985,4,1.5113122851480596,0.7647058823529411,77.41086593329923,bigp+per+imbsml,1.0+0.5+0.5,90,ret+size+liq,5,42,1,0
1.5175596982961432,1.3430926472603981,1.1686069900440625,0.1806411435300137,0.15746619836474762,0.11370310684996594,0.09168252490039763,0.09307577245181264,26.43632829441942,72.52240752607935,0.01470545272627117,83444,87885.4917276914,11067.028968666407,1.0,0.4270698516249602,1.8371116400181213,1.6852890560734244,1.6480934870997328,0.4270698516249602,1.6666912715865787,4,1.6918065165268579,0.7647058823529411,75.21571804536985,bigp+per+imbsml,1.0+0.5+0.5,90,ret+size+liq,6,42,1,0
1.6794433862765163,1.5406354105550126,1.4017617815498737,0.21157276276283965,0.19179796447459685,0.11847612679766825,0.11280630351723975,0.11454162108892518,21.930436868278623,97.85313750578224,0.012048368963783184,77082,90860.07079289689,27383.605964846116,1.0,0.71190698612401,2.1308159486879004,2.02131602579745,1.563798444627329,0.71190698612401,1.7925572352123895,4,1.6744827133683848,0.8823529411764706,83.25166010519695,bigp+per+imbsml,1.0+0.5+0.5,90,ret+size+liq,4,63,1,0
1.690480262196134,1.5416511731166254,1.3927841631449556,0.2078288604335341,0.18722250671638596,0.11567815372264435,0.10434129201291076,0.1059960881085259,22.948764281544026,92.39753559718385,0.012640281994309572,82362,88234.21139046397,28131.046393183868,1.0,0.6009648833252434,2.256978449925001,1.9850515102710546,1.5829407357694711,0.6009648833252434,1.783996123020263,4,1.76631524858441,0.7647058823529411,78.70986024214993,bigp+per+imbsml,1.0+0.5+0.5,90,ret+size+liq,5,63,1,0
1.6685522605443937,1.5134655240604822,1.3583569830953486,0.20152792827882227,0.1804988620821948,0.11394315332107846,0.09452323358440873,0.09584344691878033,23.546607607418554,87.95912491346644,0.013014643581879985,84989,90832.90928122356,21729.35303791949,1.0,0.3715890485269658,2.2826486698378075,1.8867183638368963,1.793965120401914,0.3715890485269658,1.840341742119405,4,1.883267639937378,0.7647058823529411,73.18227069016767,bigp+per+imbsml,1.0+0.5+0.5,90,ret+size+liq,6,63,1,0
1.5440305928844065,1.4158685084357867,1.287672416597799,0.19027176250330458,0.17251984460016345,0.11728263196230321,0.10539107312781193,0.10671844074878312,20.02396614308635,97.57921763980619,0.011119357712844636,80992,87279.8394555574,16206.717031756747,1.0,0.5952959357950356,2.0614622846339485,1.698045871017407,1.5543122925545485,0.5952959357950356,1.6261790817859776,4,1.6165888799507282,0.8235294117647058,79.69838009166038,bigp+per+imbsml,1.0+0.5+0.5,90,ret+size+liq,4,90,1,0
1.5544643341276807,1.4175016247121817,1.2805560939887015,0.1873387294203981,0.16885091742727742,0.11471793256205946,0.0993140361533752,0.1006277169580807,20.91033956516144,92.47909088398866,0.011659766947568775,84261,85041.82957411025,17035.40801812781,1.0,0.5337191796904529,2.149220226028954,1.624753753276445,1.5892417418303912,0.5337191796904529,1.606997747553418,4,1.677976232906258,0.8235294117647058,78.66317391394989,bigp+per+imbsml,1.0+0.5+0.5,90,ret+size+liq,5,90,1,0
1.5427769887797578,1.400950009832028,1.2591236134725845,0.18368566438141842,0.16481042590831696,0.11349893140784775,0.09266143985903708,0.09397412163651242,21.43655405381741,88.90408175171314,0.011982598743066893,85721,84975.3174670841,15268.891251727116,1.0,0.429193124907525,2.118729263478829,1.5757135841811196,1.6983990014232921,0.429193124907525,1.6370562928022059,4,1.7537852234022053,0.7647058823529411,75.1596363525535,bigp+per+imbsml,1.0+0.5+0.5,90,ret+size+liq,6,90,1,0
1.5194491227579334,1.3757256046252193,1.231963527959918,0.18960777673399432,0.16944879791873557,0.11894321418077723,0.12711832635929088,0.1315666243210034,22.79212678691013,86.40742554387954,0.012586388153503372,66949,85001.98477384867,17872.763605177282,1.0,0.6316359301509223,1.8046024074128773,1.8223199669659398,1.5180800032580408,0.6316359301509223,1.661341205335459,4,1.2879314856122261,0.7647058823529411,74.09990167471221,bigp+per+imbsml,1.0+0.5+0.5,126,ret+size+liq,4,42,1,0
1.5550180899111,1.4016806323325735,1.248316802208637,0.189791253866324,0.16880817379250823,0.11610646772139382,0.09928592854291807,0.10259727558537679,23.728422411491604,83.25608892206247,0.013150227202677063,75984,87078.51995533034,17061.190310111444,1.0,0.615871152974048,1.849759552705694,1.7013961843653183,1.6822135730218892,0.615871152974048,1.6918048786936037,4,1.6453475282785042,0.7058823529411765,78.35532137391631,bigp+per+imbsml,1.0+0.5+0.5,126,ret+size+liq,5,42,1,0
1.361512892593191,1.2004448095406661,1.03934761948889,0.16095674879752608,0.13975947894251273,0.11444186134587434,0.0937491376870574,0.09508557219988167,24.573233713309037,70.59780009581092,0.013769603942864393,81313,79045.75628587046,7234.87196631675,1.0,0.1499912302183792,1.6840787651962321,1.5994182816140643,1.6185509138115914,0.1499912302183792,1.6089845977128279,4,1.4698284472508716,0.5882352941176471,62.56896469358568,bigp+per+imbsml,1.0+0.5+0.5,126,ret+size+liq,6,42,1,0
1.353002209159315,1.2231611022747169,1.0933134156083102,0.1654590122109676,0.14768697239069906,0.11835705370928473,0.14085570244267553,0.14514118968550804,20.473436851902868,85.29577206866998,0.011447028966749796,72827,79361.83529263278,7702.012234422338,1.0,0.25620863553840856,1.841546282674969,1.8515749120900353,1.2403725451613485,0.25620863553840856,1.5409594139181588,4,1.017540042979579,0.8235294117647058,59.57812832219403,bigp+per+imbsml,1.0+0.5+0.5,126,ret+size+liq,4,63,1,0
1.4058625414956964,1.2673370727750028,1.128896593842671,0.16888521475188267,0.1502937081036282,0.11578153453521009,0.11401613430077429,0.11833643955425477,21.364346474088965,83.33109466918043,0.011955982693951228,79899,82706.73158526796,7488.659892425232,1.0,0.2459837838381659,1.936796180487898,1.7643514856941336,1.3818879109974875,0.2459837838381659,1.5731196983458107,4,1.2700543355009568,0.7647058823529411,64.11559041978332,bigp+per+imbsml,1.0+0.5+0.5,126,ret+size+liq,5,63,1,0
1.240742747175761,1.0960919094065402,0.9514204048589533,0.14522230606781172,0.12640254823078823,0.11459132306035971,0.10178993937141279,0.1054027302630689,22.09639426078345,71.5004496963499,0.012464035634962508,83619,77676.03057371394,-1322.7657901522725,1.0,-0.08208669053316095,1.8167541069924646,1.644562765893836,1.251734905514478,-0.08208669053316095,1.448148835704157,3,1.1992340987307162,0.7058823529411765,54.034866432314914,bigp+per+imbsml,1.0+0.5+0.5,126,ret+size+liq,6,63,1,0
1.2114400413697595,1.089502284959579,0.9676244645712757,0.14490808526355203,0.12864011669676878,0.11740261295966384,0.14448415148149785,0.14849313882241433,19.07203206665014,81.66448080673483,0.0107628470283892,77288,74107.4297122122,598.4037091911559,0.9444444444444445,0.08089001419130377,1.6242644702319324,1.6548358478605167,1.302841063644248,0.08089001419130377,1.4635527669380903,4,0.8663034381043818,0.7058823529411765,49.84947315987279,bigp+per+imbsml,1.0+0.5+0.5,126,ret+size+liq,4,90,1,0
1.2961088499592366,1.166786344116105,1.0374417933454652,0.15341598425128988,0.13635844854415535,0.11525572210764161,0.1121640328540604,0.11610707827435873,19.8692726699569,82.32025837711758,0.011228814616798075,82497,78993.96647661066,1630.7049196351327,1.0,0.2119816504696875,1.7752853527455548,1.4660935250341636,1.4428317805820183,0.2119816504696875,1.454462652808091,4,1.1744197732884385,0.8235294117647058,63.691330928040905,bigp+per+imbsml,1.0+0.5+0.5,126,ret+size+liq,5,90,1,0
1.180612506146053,1.0460886980945892,0.9115431554434676,0.13679172814508567,0.11947784608850309,0.11412113025331677,0.10525861511753853,0.10850813514588242,20.46710580252874,72.9811454994572,0.011644599948118986,84981,77138.2129891502,-5803.288920385439,1.0,-0.001683099905914125,1.7978525408156973,1.332469188696705,1.2443969723816033,-0.001683099905914125,1.2884330805391542,3,1.101095746672566,0.8235294117647058,57.5613405677443,bigp+per+imbsml,1.0+0.5+0.5,126,ret+size+liq,6,90,1,0
1.0040506179520845,0.8052519764863019,0.6064664438273171,0.11245062513569049,0.0878709528590147,0.11244284661342116,0.17112948134461858,0.17833367339265194,29.790073595394098,45.23082810456294,0.016967271505097973,75607,69346.48269927429,-11864.276203833633,0.9333333333333335,-0.0787443225869405,1.237067527069476,1.78549031656374,0.4132507280306748,-0.0787443225869405,0.8251591275500754,3,0.49273337551647906,0.7647058823529411,33.938483183401075,bigp+covqv,1.0+0.5,63,ret+size+liq,4,42,1,0
1.11796243257098,0.9138973301913549,0.7097774864776489,0.12648484974985252,0.10098993554334945,0.11217453680478005,0.15367095863141345,0.1607295130636205,30.524192966398168,48.405570131160644,0.01728349072420327,81054,83930.29672092055,-17955.936601032947,1.0,0.28553861727047974,1.1254447454974545,1.8492026031666793,0.4927824808979468,0.28553861727047974,0.8091136131977007,4,0.6283222889089154,0.7058823529411765,46.88729954673793,bigp+covqv,1.0+0.5,63,ret+size+liq,5,42,1,0
1.0498448368348003,0.8386141248253988,0.6273025994305668,0.11738334825669972,0.0913275830348863,0.11166968064823454,0.15112054959629084,0.15816718273974817,31.463106009205198,44.5860920276703,0.01784845875412242,84562,87086.19707222996,-25481.265044463882,1.0,0.1799992277900211,0.8656771691595329,1.9582301574493226,0.4502790904675815,0.1799992277900211,0.6579781298135572,4,0.5774117073651034,0.6470588235294118,38.26847457237423,bigp+covqv,1.0+0.5,63,ret+size+liq,6,42,1,0
1.2730842719428743,1.0945381316772833,0.915960988348887,0.1462295923884478,0.12350818933467367,0.11215688788249907,0.1503486689115069,0.15654331995886672,26.69764336849623,60.782895287993966,0.015103426082841844,80349,75023.35656079916,1316.2767962679573,0.7509433962264151,-0.04561227982432559,1.7253100416232199,2.0088819842945713,0.8815304595674764,-0.04561227982432559,1.303420250595348,3,0.788971317122485,0.7647058823529411,45.462627605508935,bigp+covqv,1.0+0.5,63,ret+size+liq,4,63,1,0
1.345032745848009,1.1613922630596756,0.9776710263970293,0.15454858757818757,0.1311406368943182,0.11147854372192352,0.13496273975527773,0.14105278198839588,27.313774310233747,62.206854197128585,0.015365664683510706,83897,88602.53971993373,-6764.720959387734,0.9407407407407468,0.3156158750332246,1.5179804184963817,1.9619270121621848,0.9876689989850859,0.3156158750332246,1.2528247087407338,4,0.9297274044910853,0.7647058823529411,59.772438187650884,bigp+covqv,1.0+0.5,63,ret+size+liq,5,63,1,0
1.3464915814806941,1.1574947093139107,0.9684147893947481,0.1540946467264046,0.13011630224612536,0.11102835547716246,0.13473432540946217,0.1407632160740263,27.998720635468363,60.71520671718605,0.01571774162815661,85657,94901.2341928668,-12640.084510361612,1.0,0.322854534776242,1.305564221751216,2.058032167341587,1.0712414399276806,0.322854534776242,1.1884028308394483,4,0.924362954152015,0.8235294117647058,61.229464225917624,bigp+covqv,1.0+0.5,63,ret+size+liq,6,63,1,0
1.4541904170675497,1.2964009078882812,1.1385727906165526,0.16928918445032637,0.14883177132693826,0.1118662535363615,0.1380811914997323,0.14350698825635666,23.53681974852759,76.39511454750962,0.013185201781632292,83112,81254.58020808984,8952.857331998039,0.9071428571428573,0.03850088028576435,2.227571291235695,1.558446754847939,1.5916806300553192,0.03850088028576435,1.575063692451629,4,1.037104695285428,0.7647058823529411,52.205533750775736,bigp+covqv,1.0+0.5,63,ret+size+liq,4,90,1,0
1.5520684671376486,1.3909129024103024,1.2296703141883163,0.1821078621115324,0.16097232495481362,0.11183700402577709,0.1276060965374366,0.13293381325419462,24.059545605283432,79.4268147451964,0.0133839580050025,85221,95198.77480788674,3680.9201423208397,1.0,0.3089516289382292,2.2901541820025493,1.5051205719476435,1.678240158827924,0.3089516289382292,1.5916803653877838,4,1.2109208410880687,0.8235294117647058,64.72187629611534,bigp+covqv,1.0+0.5,63,ret+size+liq,5,90,1,0
1.572878865319595,1.4077919841656663,1.242602285082589,0.18481315376983032,0.16311445346302245,0.11180879759535449,0.13241904345551503,0.13633357759227838,24.651070719857564,78.63128052370222,0.013643702560720655,86016,102567.36710427955,-1393.3017966340049,1.0,0.2863057119616025,2.210979156989229,1.6547990666240817,1.7076271142858395,0.2863057119616025,1.6812130904549605,4,1.1964363903867867,0.8235294117647058,63.44435236805922,bigp+covqv,1.0+0.5,63,ret+size+liq,6,90,1,0
1.4302507859917208,1.253630116209886,1.0769104606186788,0.16924048736373143,0.14593868168231072,0.1138725934805269,0.11305075168430057,0.11939739115051784,26.84402897384008,67.94408698903533,0.014797849788981063,71931,90299.30329631286,2528.7336401367866,0.9095238095238095,0.2793670338542245,1.7361563908485498,2.4547432405763017,0.7954161555600614,0.2793670338542245,1.2657862732043057,4,1.2222937224678025,0.8235294117647058,65.75292353788278,bigp+covqv,1.0+0.5,90,ret+size+liq,4,42,1,0
1.3637536637971677,1.1807790319930054,0.9977162773305754,0.16000883323813753,0.1361350834547259,0.11358401161062913,0.10965916845954549,0.11379644534360478,27.73062546027857,63.11715449025832,0.015426219769243696,79169,97531.31188354953,-10060.736528105783,1.0,0.17633751878192597,1.557799704717597,2.343530480190544,0.8559387487220449,0.17633751878192597,1.2068692267198209,4,1.1963034789326707,0.7058823529411765,60.63912450304894,bigp+covqv,1.0+0.5,90,ret+size+liq,5,42,1,0
1.2459325470824303,1.058700359758274,0.87139282737679,0.1440674860991662,0.12007021489179204,0.11317754471929584,0.11186071468304293,0.1161761544195643,28.268910546175483,57.12015778706179,0.015920109503985945,83080,97145.79981712697,-19337.043255308978,1.0,0.25652388736324283,1.3128370191312748,1.8979516357654453,0.901875503779135,0.25652388736324283,1.1073562614552048,4,1.0335185864232046,0.7647058823529411,62.35447405271684,bigp+covqv,1.0+0.5,90,ret+size+liq,6,42,1,0
1.5929336915837404,1.4356378475738112,1.278220590089448,0.19010702771323618,0.16904316882740456,0.11330732257979147,0.11541537008598801,0.12090512428198374,23.81436865714376,83.0577759373888,0.013083721919105881,77499,96055.1261534356,10380.135101563443,0.9333333333333335,0.33213247888496855,2.072462637427922,2.3166450381233576,1.3087986116004584,0.33213247888496855,1.6906306245141902,4,1.3981472649012772,0.8823529411764706,69.99143044463067,bigp+covqv,1.0+0.5,90,ret+size+liq,4,63,1,0
1.512240726989981,1.3480595438774823,1.1837767248544049,0.17872709593620906,0.15703956640023065,0.11297121012661637,0.1089692032176881,0.1129245755488375,24.76490385849694,76.2512475513026,0.013705266849050641,82413,99380.55098857553,-42.605223181170004,1.0,0.21921923215436007,1.949695930770144,2.0571133396718606,1.4328292144694588,0.21921923215436007,1.6912625726198014,4,1.3906589034050816,0.8235294117647058,66.49518337648368,bigp+covqv,1.0+0.5,90,ret+size+liq,5,63,1,0
1.3167049295543154,1.1482649350538041,0.9797528620296844,0.15249205804008192,0.13082454652978304,0.11261742698227553,0.11911475714097419,0.12316000753676748,25.310732156563304,65.83700954259622,0.01415730395114212,84845,93651.22870567886,-10842.138605903849,1.0,0.1161133732693352,1.7692506329944664,1.5287485736997022,1.4010154271993742,0.1161133732693352,1.4648820004495382,4,1.0622323686585309,0.8235294117647058,58.7530179974101,bigp+covqv,1.0+0.5,90,ret+size+liq,6,63,1,0
1.4010169683240936,1.2542354336290065,1.1073609509389797,0.1627706860691449,0.14376224989889885,0.11214240186061239,0.12243225093350951,0.1273183770647961,21.98027351494584,78.79675036973943,0.012208789563524293,81254,79874.93302808308,8652.180064488406,0.8689655172413794,0.08496574271813474,2.143405942153344,1.7531284145606136,1.3251948452683788,0.08496574271813474,1.5391616299144961,4,1.1291555328712208,0.8235294117647058,57.933371452597164,bigp+covqv,1.0+0.5,90,ret+size+liq,4,90,1,0
1.302384146904829,1.1502202683563647,0.9979813219672472,0.15007676332778974,0.13059234731081149,0.11220803357788468,0.11952890237380764,0.1232889819816324,22.786173638704437,71.43613915894551,0.01272860603126691,84304,80702.40782181619,197.2071526611653,0.9550561797752841,-0.08217719072394737,2.097211566948236,1.4552364992921114,1.4232817597650125,-0.08217719072394737,1.439259129528562,3,1.059237777875943,0.7647058823529411,51.502256616352774,bigp+covqv,1.0+0.5,90,ret+size+liq,5,90,1,0
1.1464604758824786,0.9919329842168345,0.8373490418351724,0.13036626645479177,0.11089437494566723,0.11240489672111861,0.12419576771987206,0.12776180501177703,23.17279344235987,62.878837865382636,0.013052545755500834,85634,78431.59220472726,-9192.851244783378,1.0,-0.18496572086554255,2.0004695071608776,1.0124948727049912,1.401927222866831,-0.18496572086554255,1.207211047785911,3,0.8679775221980077,0.7647058823529411,45.909621751306275,bigp+covqv,1.0+0.5,90,ret+size+liq,6,90,1,0
1.060654654832891,0.9020897588584664,0.7434996444773928,0.1222960404030593,0.10201567415174528,0.11501860048002907,0.1312217273496551,0.1360360265413859,24.314122078239766,57.41281423598578,0.013726925139489294,68701,69150.84973461104,-5307.6243211102665,1.0,0.013647486377739406,1.3306976465220666,1.2125293639376902,1.3510016928437694,0.013647486377739406,1.2716135052298783,4,0.7499165974295,0.7647058823529411,49.58417918363848,bigp+covqv,1.0+0.5,126,ret+size+liq,4,42,1,0
1.0595201277822195,0.8974309615957611,0.7353119890489442,0.12320823696709793,0.10228515169101282,0.11601357225302997,0.12387070149773938,0.1284082488238758,25.07301362387136,56.24186493193368,0.01417081711329008,76014,80891.49032056815,-15543.655626761043,1.0,0.12909602755949465,1.5190180956874337,0.8976671368141265,1.3281482965304208,0.12909602755949465,1.1129077166722736,4,0.7965621572435482,0.8235294117647058,55.78603000701727,bigp+covqv,1.0+0.5,126,ret+size+liq,5,42,1,0
1.0251636912379662,0.8582633627930312,0.6913184498259287,0.11777563392888446,0.09651109418560844,0.11506394104810444,0.12229089557965611,0.12658775880622342,25.613358613141816,53.28595761485737,0.014585202841300663,81925,87644.85050454704,-24989.258585841908,1.0,0.0030324094425878668,1.526027772685314,0.8647793516862666,1.300756459932024,0.0030324094425878668,1.0827679058091453,4,0.7624046360860579,0.7058823529411765,49.395474332720184,bigp+covqv,1.0+0.5,126,ret+size+liq,6,42,1,0
0.8563180553520421,0.7139888770184484,0.5716420577167913,0.09596798986168653,0.07822416470988047,0.1146934144854428,0.14441030333784333,0.14863399777064834,21.763025603924564,52.368775278872896,0.012372181658982696,74350,57241.25481622001,-7979.250179486622,1.0,-0.3390861570772054,1.4399311725009838,0.9430086283139673,1.1683839007418573,-0.3390861570772054,1.0556962645279122,3,0.5262871609669364,0.6470588235294118,35.24892680887704,bigp+covqv,1.0+0.5,126,ret+size+liq,4,63,1,0
0.9043841637652151,0.7581809869730741,0.611953601753769,0.102812110950675,0.08433135410802883,0.11559413511405545,0.1366897832926005,0.1406688115942919,22.53449613372645,53.60940621709481,0.012737830119410402,79682,69199.94955783593,-15584.864889112125,1.0,-0.20057554130224986,1.5988805820919556,0.7515502362041024,1.2359287836023807,-0.20057554130224986,0.9937395099032416,3,0.5995028546288711,0.6470588235294118,38.35889592736286,bigp+covqv,1.0+0.5,126,ret+size+liq,5,63,1,0
0.8693253024206435,0.7174826244780994,0.5656102741742799,0.09744117949716435,0.07852617256178118,0.11449310583408456,0.13766334245201461,0.14664643546557765,23.184282553384744,50.17462776631409,0.013175431112384492,84048,74654.96813089793,-23660.99462546195,1.0,-0.3896203450690293,1.5999513051736947,0.7608263051803861,1.223904370062666,-0.3896203450690293,0.992365337621526,3,0.535479586070223,0.6470588235294118,35.40226837049336,bigp+covqv,1.0+0.5,126,ret+size+liq,6,63,1,0
0.8125816004257691,0.679584617306226,0.5465617873772224,0.08964255504915153,0.07330430172902935,0.11358618502411934,0.13723552985071008,0.14104661685397946,20.144440192950146,53.0912296546056,0.011447370523753215,78495,52154.21028799796,-6278.751750124509,0.9511111111111111,-0.3174714874349999,1.5383174526707268,0.7814085993762168,1.0601765381475012,-0.3174714874349999,0.920792568761859,3,0.5197168380502079,0.6470588235294118,34.08267620224851,bigp+covqv,1.0+0.5,126,ret+size+liq,4,90,1,0
0.8931528701826814,0.7574111468177388,0.6216331016123341,0.10108944830341726,0.08399430497338467,0.11524943060400153,0.1380398445346499,0.14192137626106804,20.86490668337588,56.54783719819585,0.011787001102931327,82330,65186.18815487237,-12575.9751017147,1.0,-0.2461764208747456,1.7571712217611324,0.7181488292398865,1.168404994587301,-0.2461764208747456,0.9432769119135938,3,0.5918368831124846,0.7058823529411765,36.65643388384767,bigp+covqv,1.0+0.5,126,ret+size+liq,5,90,1,0
0.8983924570659305,0.7586198933059888,0.6188114619036897,0.10113376384723805,0.08364387367893689,0.11452914199860584,0.14304443743221862,0.15166256923376498,21.351839804409018,55.405439518362385,0.012108442378106899,85155,72169.02665438323,-19417.284574695368,1.0,-0.39549524293657595,1.8041854460798303,0.7387770255596858,1.2258526859733487,-0.39549524293657595,0.9823148557665173,3,0.5515129679097844,0.7058823529411765,35.88067346444807,bigp+covqv,1.0+0.5,126,ret+size+liq,6,90,1,0
