timestamp,symbol,event_type,phase,quantity,price,notional,funding_rate,cashflow,fee,slippage,reason,policy_id
2020-05-14T00:00:00Z,ADAUSDT,trade,rebalance,93241.976916394589,0.05142,4794.5024530410101,0,0,2.3972512265205048,1.1986256132602524,,
2020-05-14T00:00:00Z,ATOMUSDT,trade,rebalance,-1421.4525343717999,2.5390000000000001,-3609.0679847699998,0,0,1.8045339923849999,0.90226699619249995,,
2020-05-14T00:00:00Z,BTCUSDT,trade,rebalance,0.5157597069666856,9305.9099999999999,4799.613414658349,0,0,2.3998067073291747,1.1999033536645873,,
2020-05-14T00:00:00Z,EOSUSDT,trade,rebalance,-1902.0316063207313,2.524,-4800.727774353526,0,0,2.4003638871767632,1.2001819435883816,,
2020-05-14T00:00:00Z,ETCUSDT,trade,rebalance,-772.75217239753215,6.2110000000000003,-4799.5637427610727,0,0,2.3997818713805361,1.1998909356902681,,
2020-05-14T00:00:00Z,ETHUSDT,trade,rebalance,24.053780016245664,199.53,4799.4507266414976,0,0,2.3997253633207487,1.1998626816603744,,
2020-05-14T00:00:00Z,NEOUSDT,trade,rebalance,466.34719163680927,10.284000000000001,4795.9145187929471,0,0,2.3979572593964735,1.1989786296982368,,
2020-05-14T00:00:00Z,ONTUSDT,trade,rebalance,-5725.494167545553,0.46650000000000003,-2670.9430291600006,0,0,1.3354715145800002,0.66773575729000012,,
2020-05-14T00:00:00Z,XLMUSDT,trade,rebalance,68806.224899166627,0.069690000000000002,4795.1058132229227,0,0,2.3975529066114616,1.1987764533057308,,
2020-05-14T00:00:00Z,XMRUSDT,trade,rebalance,-73.941965775030098,64.989999999999995,-4805.4883557192061,0,0,2.4027441778596033,1.2013720889298016,,
2020-05-21T00:00:00Z,ADAUSDT,trade,rebalance,-8749.9449421755562,0.056930000000000001,-498.13436555805441,0,0,0.2490671827790272,0.1245335913895136,,
2020-05-21T00:00:00Z,ATOMUSDT,trade,rebalance,1421.4525343717999,2.702,3840.764747872603,0,0,1.9203823739363015,0.96019118696815076,,
2020-05-21T00:00:00Z,BTCUSDT,trade,rebalance,-0.5157597069666856,9508,-4903.8432938392471,0,0,2.4519216469196237,1.2259608234598118,,
2020-05-21T00:00:00Z,EOSUSDT,trade,rebalance,1902.031606320731,2.5979999999999999,4941.4781132212593,0,0,2.4707390566106295,1.2353695283053148,,
2020-05-21T00:00:00Z,ETCUSDT,trade,rebalance,27.114030891981542,6.4539999999999997,174.99395537684887,0,0,0.087496977688424432,0.043748488844212216,,
2020-05-21T00:00:00Z,ETHUSDT,trade,rebalance,-1.1547371388000052,209.99000000000001,-242.48325177661309,0,0,0.12124162588830655,0.060620812944153273,,
2020-05-21T00:00:00Z,IOSTUSDT,trade,rebalance,-433864.86249720672,0.0035799999999999998,-1553.2362077400001,0,0,0.77661810387000008,0.38830905193500004,,
2020-05-21T00:00:00Z,IOTAUSDT,trade,rebalance,11146.889284495735,0.1993,2221.5750344000003,0,0,1.1107875172000001,0.55539375860000006,,
2020-05-21T00:00:00Z,NEOUSDT,trade,rebalance,8.2524246466731483,10.132,83.613566520092334,0,0,0.041806783260046165,0.020903391630023083,,
2020-05-21T00:00:00Z,ONTUSDT,trade,rebalance,-4084.3949157086163,0.49199999999999999,-2009.5222985286391,0,0,1.0047611492643194,0.50238057463215968,,
2020-05-21T00:00:00Z,QTUMUSDT,trade,rebalance,-1260.6015130627775,1.577,-1987.9685861,0,0,0.99398429305000013,0.49699214652500007,,
2020-05-21T00:00:00Z,XLMUSDT,trade,rebalance,-1028.2935671164159,0.071050000000000002,-73.060257943621352,0,0,0.036530128971810676,0.018265064485905338,,
2020-05-21T00:00:00Z,XMRUSDT,trade,rebalance,-0.44998882546347829,64.730000000000004,-29.127776672250953,0,0,0.014563888336125475,0.0072819441680627376,,
2020-05-28T00:00:00Z,ADAUSDT,trade,rebalance,1469.8227488136472,0.055070000000000001,80.943138777167547,0,0,0.040471569388583768,0.020235784694291884,,
2020-05-28T00:00:00Z,ETCUSDT,trade,rebalance,45.227497230714903,6.7709999999999999,306.23538374917058,0,0,0.15311769187458529,0.076558845937292647,,
2020-05-28T00:00:00Z,ETHUSDT,trade,rebalance,-0.15611212957796636,208.27000000000001,-32.513473227203058,0,0,0.016256736613601528,0.008128368306800764,,
2020-05-28T00:00:00Z,IOSTUSDT,trade,rebalance,-640440.18184740585,0.0044099999999999999,-2824.3412019470597,0,0,1.41217060097353,0.70608530048676499,,
2020-05-28T00:00:00Z,IOTAUSDT,trade,rebalance,-8507.9471403258649,0.19639999999999999,-1670.9608183599998,0,0,0.83548040917999988,0.41774020458999994,,
2020-05-28T00:00:00Z,NEOUSDT,trade,rebalance,-1.318125581908248,10.007999999999999,-13.191800823737745,0,0,0.0065959004118688724,0.0032979502059344362,,
2020-05-28T00:00:00Z,ONTUSDT,trade,rebalance,432.04724637740401,0.50480000000000003,218.09744997131355,0,0,0.10904872498565678,0.054524362492828389,,
2020-05-28T00:00:00Z,QTUMUSDT,trade,rebalance,-1636.8858490577438,1.6359999999999999,-2677.9452490584686,0,0,1.3389726245292342,0.66948631226461708,,
2020-05-28T00:00:00Z,XLMUSDT,trade,rebalance,4054.5326115548378,0.066009999999999999,267.63969768873483,0,0,0.13381984884436743,0.066909924422183714,,
2020-05-28T00:00:00Z,XMRUSDT,trade,rebalance,0.78820816527715465,64.480000000000004,50.823662497070934,0,0,0.025411831248535466,0.012705915624267733,,
2020-05-28T00:00:00Z,XTZUSDT,trade,rebalance,1748.6453625100069,2.7120000000000002,4742.3262231271392,0,0,2.3711631115635696,1.1855815557817848,,
2020-06-04T00:00:00Z,ADAUSDT,trade,rebalance,-28311.265090050794,0.085610000000000006,-2423.7274043592488,0,0,1.2118637021796244,0.60593185108981218,,
2020-06-04T00:00:00Z,ETCUSDT,trade,rebalance,-10.213929437551087,6.9409999999999998,-70.894884226042095,0,0,0.035447442113021047,0.017723721056510523,,
2020-06-04T00:00:00Z,ETHUSDT,trade,rebalance,-2.5837391534654799,244.52000000000001,-631.77589780537915,0,0,0.31588794890268956,0.15794397445134478,,
2020-06-04T00:00:00Z,IOSTUSDT,trade,rebalance,88600.499801095808,0.0050159999999999996,444.42010700229656,0,0,0.22221005350114828,0.11110502675057414,,
2020-06-04T00:00:00Z,IOTAUSDT,trade,rebalance,-2638.9421441698705,0.2515,-663.69394925872245,0,0,0.33184697462936125,0.16592348731468062,,
2020-06-04T00:00:00Z,NEOUSDT,trade,rebalance,-74.541848425038552,12.401,-924.39346231890306,0,0,0.46219673115945153,0.23109836557972577,,
2020-06-04T00:00:00Z,ONTUSDT,trade,rebalance,1203.050860680416,0.60399999999999998,726.64271985097128,0,0,0.36332135992548564,0.18166067996274282,,
2020-06-04T00:00:00Z,QTUMUSDT,trade,rebalance,203.18667654282035,1.835,372.84755145607534,0,0,0.18642377572803767,0.093211887864018836,,
2020-06-04T00:00:00Z,XLMUSDT,trade,rebalance,-12304.296053385006,0.082900000000000001,-1020.0261428256169,0,0,0.51001307141280849,0.25500653570640425,,
2020-06-04T00:00:00Z,XMRUSDT,trade,rebalance,0.17656964133976771,67.239999999999995,11.87254268368598,0,0,0.0059362713418429896,0.0029681356709214948,,
2020-06-04T00:00:00Z,XTZUSDT,trade,rebalance,-127.73177929472399,3.044,-388.81553617313983,0,0,0.19440776808656993,0.097203884043284963,,
2020-06-11T00:00:00Z,ADAUSDT,trade,rebalance,-57650.589632981886,0.083650000000000002,-4822.4718227989351,0,0,2.4112359113994675,1.2056179556997337,,
2020-06-11T00:00:00Z,ETCUSDT,trade,rebalance,710.62457371238679,6.8090000000000002,4838.6427224076415,0,0,2.4193213612038207,1.2096606806019103,,
2020-06-11T00:00:00Z,ETHUSDT,trade,rebalance,-20.159191594402213,247.94999999999999,-4998.4715558320286,0,0,2.4992357779160144,1.2496178889580072,,
2020-06-11T00:00:00Z,IOSTUSDT,trade,rebalance,985704.54454351682,0.0056559999999999996,5575.1449039381305,0,0,2.7875724519690652,1.3937862259845326,,
2020-06-11T00:00:00Z,NEOUSDT,trade,rebalance,-398.73964227653568,11.949999999999999,-4764.9387252046008,0,0,2.3824693626023001,1.1912346813011501,,
2020-06-11T00:00:00Z,ONTUSDT,trade,rebalance,8174.7909761963492,0.60589999999999999,4953.105852477368,0,0,2.4765529262386843,1.2382764631193421,,
2020-06-11T00:00:00Z,QTUMUSDT,trade,rebalance,2639.8822790460877,1.8660000000000001,4926.0203326999999,0,0,2.4630101663499997,1.2315050831749998,,
2020-06-11T00:00:00Z,XLMUSDT,trade,rebalance,-59528.167890220044,0.079020000000000007,-4703.9158266851882,0,0,2.3519579133425941,1.175978956671297,,
2020-06-11T00:00:00Z,XMRUSDT,trade,rebalance,55.81658002082137,69.640000000000001,3887.06663265,0,0,1.9435333163250001,0.97176665816250007,,
2020-06-11T00:00:00Z,XTZUSDT,trade,rebalance,-1620.9135832152829,2.8919999999999999,-4687.6820826585981,0,0,2.3438410413292989,1.1719205206646495,,
2020-06-18T00:00:00Z,QTUMUSDT,trade,rebalance,54.418406531613527,1.7070000000000001,92.892219949464291,0,0,0.046446109974732142,0.023223054987366071,,
2020-06-18T00:00:00Z,XMRUSDT,trade,rebalance,17.610596773055285,65.079999999999998,1146.097637990438,0,0,0.57304881899521898,0.28652440949760949,,
2020-07-30T00:00:00Z,BATUSDT,trade,rebalance,-19616.657832083667,0.2477,-4859.0461450071243,0,0,2.4295230725035619,1.214761536251781,,
2020-07-30T00:00:00Z,EOSUSDT,trade,rebalance,-1603.7072880289911,3.028,-4856.0256681517849,0,0,2.4280128340758926,1.2140064170379463,,
2020-07-30T00:00:00Z,ETCUSDT,trade,rebalance,-668.08814330352641,7.2679999999999998,-4855.6646255300302,0,0,2.4278323127650152,1.2139161563825076,,
2020-07-30T00:00:00Z,ETHUSDT,trade,rebalance,15.264668176699006,318.12,4855.9962403714881,0,0,2.4279981201857441,1.2139990600928721,,
2020-07-30T00:00:00Z,IOSTUSDT,trade,rebalance,-851546.80157379212,0.005705,-4858.0745029784839,0,0,2.429037251489242,1.214518625744621,,
2020-07-30T00:00:00Z,LINKUSDT,trade,rebalance,685.44108209063108,7.0839999999999996,4855.6646255300302,0,0,2.4278323127650152,1.2139161563825076,,
2020-07-30T00:00:00Z,LTCUSDT,trade,rebalance,87.964938868297651,55.200000000000003,4855.6646255300302,0,0,2.4278323127650152,1.2139161563825076,,
2020-07-30T00:00:00Z,NEOUSDT,trade,rebalance,415.97401058254343,11.675000000000001,4856.4965735511951,0,0,2.4282482867755975,1.2141241433877987,,
2020-07-30T00:00:00Z,XTZUSDT,trade,rebalance,-1744.1256739148835,2.786,-4859.1341275268651,0,0,2.4295670637634323,1.2147835318817162,,
2020-07-30T00:00:00Z,ZECUSDT,trade,rebalance,67.215950395892776,72.239999999999995,4855.6802565992939,0,0,2.4278401282996471,1.2139200641498236,,
2020-08-06T00:00:00Z,BATUSDT,trade,rebalance,19616.657832083667,0.25729999999999997,5047.3660601951269,0,0,2.5236830300975637,1.2618415150487818,,
2020-08-06T00:00:00Z,EOSUSDT,trade,rebalance,1603.7072880289911,3.0569999999999999,4902.5331795046259,0,0,2.4512665897523132,1.2256332948761566,,
2020-08-06T00:00:00Z,ETCUSDT,trade,rebalance,668.08814330352641,7.2389999999999999,4836.2900693742276,0,0,2.4181450346871136,1.2090725173435568,,
2020-08-06T00:00:00Z,ETHUSDT,trade,rebalance,-15.264668176699004,400.94,-6120.216058765699,0,0,3.0601080293828495,1.5300540146914248,,
2020-08-06T00:00:00Z,IOSTUSDT,trade,rebalance,851546.80157379212,0.0055999999999999999,4768.6620888132356,0,0,2.3843310444066179,1.192165522203309,,
2020-08-06T00:00:00Z,LINKUSDT,trade,rebalance,-685.44108209063108,9.516,-6522.6573371744453,0,0,3.2613286685872227,1.6306643342936114,,
2020-08-06T00:00:00Z,LTCUSDT,trade,rebalance,-87.964938868297651,58.909999999999997,-5182.0145487314139,0,0,2.5910072743657069,1.2955036371828534,,
2020-08-06T00:00:00Z,NEOUSDT,trade,rebalance,-415.97401058254343,12.881,-5358.1612303137417,0,0,2.6790806151568707,1.3395403075784353,,
2020-08-06T00:00:00Z,XTZUSDT,trade,rebalance,1744.1256739148835,3.1179999999999999,5438.1838512666063,0,0,2.719091925633303,1.3595459628166515,,
2020-08-06T00:00:00Z,ZECUSDT,trade,rebalance,-67.215950395892776,97.530000000000001,-6555.5716421114221,0,0,3.2777858210557111,1.6388929105278556,,
2020-08-13T00:00:00Z,BATUSDT,trade,rebalance,-18712.376694081628,0.27179999999999999,-5086.0239854513866,0,0,2.5430119927256931,1.2715059963628466,,
2020-08-13T00:00:00Z,EOSUSDT,trade,rebalance,-1680.1005734992793,3.0289999999999999,-5089.0246371293169,0,0,2.5445123185646588,1.2722561592823294,,
2020-08-13T00:00:00Z,ETCUSDT,trade,rebalance,-752.07635746096958,6.7629999999999999,-5086.2924055085368,0,0,2.5431462027542686,1.2715731013771343,,
2020-08-13T00:00:00Z,ETHUSDT,trade,rebalance,13.131746607615936,387.50999999999999,5088.6831279172511,0,0,2.5443415639586258,1.2721707819793129,,
2020-08-13T00:00:00Z,IOSTUSDT,trade,rebalance,-794115.06525999599,0.0064079999999999996,-5088.6893381860536,0,0,2.5443446690930269,1.2721723345465135,,
2020-08-13T00:00:00Z,LINKUSDT,trade,rebalance,308.96116489021233,16.468,5087.9724634120166,0,0,2.5439862317060085,1.2719931158530042,,
2020-08-13T00:00:00Z,LTCUSDT,trade,rebalance,93.20196415315614,54.579999999999998,5086.9632034792621,0,0,2.5434816017396313,1.2717408008698157,,
2020-08-13T00:00:00Z,NEOUSDT,trade,rebalance,-354.64619486603846,14.35,-5089.1728963276519,0,0,2.5445864481638258,1.2722932240819129,,
2020-08-13T00:00:00Z,XRPUSDT,trade,rebalance,17997.506979557107,0.28270000000000001,5087.8952231207941,0,0,2.5439476115603972,1.2719738057801986,,
2020-08-13T00:00:00Z,ZECUSDT,trade,rebalance,60.823612948246193,83.709999999999994,5091.5446398976883,0,0,2.5457723199488442,1.2728861599744221,,
2020-08-20T00:00:00Z,BATUSDT,trade,rebalance,2990.1305016791648,0.31869999999999998,952.95459088514974,0,0,0.47647729544257489,0.23823864772128744,,
2020-08-20T00:00:00Z,EOSUSDT,trade,rebalance,1680.1005734992791,3.3519999999999999,5631.6971223695837,0,0,2.8158485611847919,1.4079242805923959,,
2020-08-20T00:00:00Z,ETCUSDT,trade,rebalance,15.43284912309332,6.8040000000000003,105.00510543352695,0,0,0.052502552716763476,0.026251276358381738,,
2020-08-20T00:00:00Z,ETHUSDT,trade,rebalance,-0.84999209547975951,407.63,-346.48227788041436,0,0,0.17324113894020718,0.086620569470103589,,
2020-08-20T00:00:00Z,IOSTUSDT,trade,rebalance,62143.1378900524,0.0068450000000000004,425.36977885740868,0,0,0.21268488942870437,0.10634244471435218,,
2020-08-20T00:00:00Z,LINKUSDT,trade,rebalance,-0.14468994832827775,16.216999999999999,-2.3464368920396801,0,0,0.0011732184460198399,0.00058660922300991997,,
2020-08-20T00:00:00Z,LTCUSDT,trade,rebalance,-12.65679067808513,62.149999999999999,-786.61954064299084,0,0,0.39330977032149539,0.19665488516074769,,
2020-08-20T00:00:00Z,NEOUSDT,trade,rebalance,354.64619486603846,15.856,5623.2700657959058,0,0,2.8116350328979531,1.4058175164489766,,
2020-08-20T00:00:00Z,ONTUSDT,trade,rebalance,-6418.0079261766632,0.77980000000000005,-5004.762580832562,0,0,2.502381290416281,1.2511906452081405,,
2020-08-20T00:00:00Z,THETAUSDT,trade,rebalance,-12379.122912077564,0.4047,-5009.8310425177906,0,0,2.5049155212588956,1.2524577606294478,,
2020-08-20T00:00:00Z,XRPUSDT,trade,rebalance,-721.07402645523325,0.28989999999999999,-209.03936026937211,0,0,0.10451968013468606,0.052259840067343029,,
2020-08-20T00:00:00Z,ZECUSDT,trade,rebalance,4.6964868636335666,76.439999999999998,358.99945585614984,0,0,0.17949972792807492,0.08974986396403746,,
2020-08-27T00:00:00Z,ADAUSDT,trade,rebalance,42410.187121099472,0.1144,4851.7254066537798,0,0,2.42586270332689,1.212931351663445,,
2020-08-27T00:00:00Z,BATUSDT,trade,rebalance,1920.3586063769872,0.35170000000000001,675.39012186278637,0,0,0.33769506093139318,0.16884753046569659,,
2020-08-27T00:00:00Z,ETCUSDT,trade,rebalance,-14.154997179262978,6.4649999999999999,-91.512056763935149,0,0,0.045756028381967573,0.022878014190983786,,
2020-08-27T00:00:00Z,ETHUSDT,trade,rebalance,0.28946893547420061,386.01999999999998,111.74079847175091,0,0,0.055870399235875445,0.027935199617937723,,
2020-08-27T00:00:00Z,IOSTUSDT,trade,rebalance,20838.849912491045,0.0068259999999999996,142.24598950266386,0,0,0.071122994751331936,0.035561497375665968,,
2020-08-27T00:00:00Z,LINKUSDT,trade,rebalance,10.102358424956208,15.225,153.80840701995825,0,0,0.076904203509979133,0.038452101754989566,,
2020-08-27T00:00:00Z,LTCUSDT,trade,rebalance,-80.54517347507101,58.200000000000003,-4687.7290962491334,0,0,2.3438645481245666,1.1719322740622833,,
2020-08-27T00:00:00Z,ONTUSDT,trade,rebalance,917.27830109555089,0.8821,809.13118939638548,0,0,0.40456559469819275,0.20228279734909638,,
2020-08-27T00:00:00Z,THETAUSDT,trade,rebalance,2591.6881104723543,0.496,1285.4773027942877,0,0,0.64273865139714381,0.32136932569857191,,
2020-08-27T00:00:00Z,XRPUSDT,trade,rebalance,261.49142437032424,0.2767,72.354677123268715,0,0,0.03617733856163436,0.01808866928081718,,
2020-08-27T00:00:00Z,ZECUSDT,trade,rebalance,-0.86879185904547274,75.030000000000001,-65.185453184181824,0,0,0.032592726592090913,0.016296363296045457,,
2020-09-03T00:00:00Z,ADAUSDT,trade,rebalance,-42410.187121099472,0.11506,-4879.7161301537053,0,0,2.4398580650768524,1.2199290325384262,,
2020-09-03T00:00:00Z,BATUSDT,trade,rebalance,-1835.1782400576867,0.317,-581.75150209828666,0,0,0.29087575104914332,0.14543787552457166,,
2020-09-03T00:00:00Z,BCHUSDT,trade,rebalance,-18.760939668256572,264.08999999999997,-4954.5765569898776,0,0,2.4772882784949388,1.2386441392474694,,
2020-09-03T00:00:00Z,EOSUSDT,trade,rebalance,-1596.4622796336275,3.1059999999999999,-4958.6118405420466,0,0,2.479305920271023,1.2396529601355115,,
2020-09-03T00:00:00Z,ETCUSDT,trade,rebalance,-36.855312907318307,6.2949999999999999,-232.00419475156875,0,0,0.11600209737578436,0.05800104868789218,,
2020-09-03T00:00:00Z,ETHUSDT,trade,rebalance,-1.3022932286265423,439.74000000000001,-572.67042435623569,0,0,0.28633521217811786,0.14316760608905893,,
2020-09-03T00:00:00Z,IOSTUSDT,trade,rebalance,-32349.205853840685,0.0066629999999999997,-215.54275860414049,0,0,0.10777137930207024,0.053885689651035122,,
2020-09-03T00:00:00Z,LINKUSDT,trade,rebalance,15.947144481091357,14.803000000000001,236.06557975359536,0,0,0.11803278987679769,0.059016394938398845,,
2020-09-03T00:00:00Z,LTCUSDT,trade,rebalance,85.263725537059315,58.109999999999999,4954.6750909585171,0,0,2.4773375454792586,1.2386687727396293,,
2020-09-03T00:00:00Z,ONTUSDT,trade,rebalance,5500.7296250811123,0.80789999999999995,4444.0394641030307,0,0,2.2220197320515154,1.1110098660257577,,
2020-09-03T00:00:00Z,THETAUSDT,trade,rebalance,9787.4348016052099,0.47420000000000001,4641.2015829211905,0,0,2.3206007914605951,1.1603003957302975,,
2020-09-03T00:00:00Z,XRPUSDT,trade,rebalance,406.55836460949286,0.27600000000000002,112.21010863222004,0,0,0.056105054316110022,0.028052527158055011,,
2020-09-03T00:00:00Z,ZECUSDT,trade,rebalance,0.55392616164029107,75.969999999999999,42.081770499812912,0,0,0.021040885249906455,0.010520442624953228,,
2020-09-10T00:00:00Z,BATUSDT,trade,rebalance,-295.81556225387249,0.25700000000000001,-76.024599499245227,0,0,0.038012299749622613,0.019006149874811307,,
2020-09-10T00:00:00Z,BCHUSDT,trade,rebalance,0.4887233958088153,224.12,109.53268746867168,0,0,0.054766343734335837,0.027383171867167919,,
2020-09-10T00:00:00Z,EOSUSDT,trade,rebalance,1596.4622796336275,2.75,4390.2712689924756,0,0,2.1951356344962378,1.0975678172481189,,
2020-09-10T00:00:00Z,ETCUSDT,trade,rebalance,-24.327497947393795,5.0430000000000001,-122.68357214870692,0,0,0.061341786074353456,0.030670893037176728,,
2020-09-10T00:00:00Z,ETHUSDT,trade,rebalance,0.40655758123539876,350.57999999999998,142.5309568295061,0,0,0.071265478414753045,0.035632739207376522,,
2020-09-10T00:00:00Z,IOSTUSDT,trade,rebalance,89068.952565309592,0.006254,557.03722934344614,0,0,0.27851861467172306,0.13925930733586153,,
2020-09-10T00:00:00Z,LINKUSDT,trade,rebalance,-3.3174166973488468,12.343999999999999,-40.950191712074165,0,0,0.020475095856037084,0.010237547928018542,,
2020-09-10T00:00:00Z,LTCUSDT,trade,rebalance,-85.263725537059315,47.829999999999998,-4078.1639924375468,0,0,2.0390819962187736,1.0195409981093868,,
2020-09-10T00:00:00Z,NEOUSDT,trade,rebalance,237.05868782846065,17.271999999999998,4094.4776561731719,0,0,2.0472388280865861,1.023619414043293,,
2020-09-10T00:00:00Z,ONTUSDT,trade,rebalance,-6008.5900575521073,0.68149999999999999,-4094.8541242217611,0,0,2.0474270621108803,1.0237135310554402,,
2020-09-10T00:00:00Z,THETAUSDT,trade,rebalance,8605.4874526068706,0.47449999999999998,4083.3037962619601,0,0,2.0416518981309801,1.0208259490654901,,
2020-09-10T00:00:00Z,VETUSDT,trade,rebalance,-318651.06757557037,0.012851,-4094.9848694136549,0,0,2.0474924347068275,1.0237462173534138,,
2020-09-10T00:00:00Z,XRPUSDT,trade,rebalance,-814.73463686464311,0.23910000000000001,-194.80305167433616,0,0,0.097401525837168088,0.048700762918584044,,
2020-09-10T00:00:00Z,XTZUSDT,trade,rebalance,1618.0297393655846,2.528,4090.3791811161982,0,0,2.045189590558099,1.0225947952790495,,
2020-09-10T00:00:00Z,ZECUSDT,trade,rebalance,-65.205234114474578,59.960000000000001,-3909.705837503896,0,0,1.9548529187519481,0.97742645937597405,,
2020-09-17T00:00:00Z,BATUSDT,trade,rebalance,-363.56334648391203,0.25109999999999999,-91.29075630211031,0,0,0.045645378151055155,0.022822689075527577,,
2020-09-17T00:00:00Z,BCHUSDT,trade,rebalance,18.272216272447757,230.80000000000001,4217.2275156809428,0,0,2.1086137578404713,1.0543068789202357,,
2020-09-17T00:00:00Z,ETCUSDT,trade,rebalance,12.130402979838095,5.1139999999999999,62.034880838892015,0,0,0.031017440419446006,0.015508720209723003,,
2020-09-17T00:00:00Z,ETHUSDT,trade,rebalance,-0.46442677853830355,364.97000000000003,-169.50184136312467,0,0,0.084750920681562328,0.042375460340781164,,
2020-09-17T00:00:00Z,IOSTUSDT,trade,rebalance,40594.235788863618,0.0066819999999999996,271.25068354118667,0,0,0.13562534177059332,0.067812670885296661,,
2020-09-17T00:00:00Z,KNCUSDT,trade,rebalance,-3548.5306250523145,1.15385,-4094.4720617166131,0,0,2.0472360308583064,1.0236180154291532,,
2020-09-17T00:00:00Z,LINKUSDT,trade,rebalance,49.637957052821037,10.736000000000001,532.91310691908666,0,0,0.26645655345954333,0.13322827672977167,,
2020-09-17T00:00:00Z,NEOUSDT,trade,rebalance,-41.942105523053954,20.984999999999999,-880.15508440128724,0,0,0.4400775422006436,0.2200387711003218,,
2020-09-17T00:00:00Z,ONTUSDT,trade,rebalance,6008.5900575521073,0.81789999999999996,4914.4258080718682,0,0,2.4572129040359343,1.2286064520179671,,
2020-09-17T00:00:00Z,THETAUSDT,trade,rebalance,-828.90578610451485,0.52580000000000005,-435.83866233375392,0,0,0.21791933116687695,0.10895966558343848,,
2020-09-17T00:00:00Z,TRXUSDT,trade,rebalance,155001.41185278559,0.026409999999999999,4093.5872870320673,0,0,2.0467936435160334,1.0233968217580167,,
2020-09-17T00:00:00Z,VETUSDT,trade,rebalance,-9762.8387577795074,0.012466,-121.70354795447933,0,0,0.060851773977239669,0.030425886988619835,,
2020-09-17T00:00:00Z,XRPUSDT,trade,rebalance,-17129.748105217048,0.24679999999999999,-4227.6218323675675,0,0,2.1138109161837839,1.056905458091892,,
2020-09-17T00:00:00Z,XTZUSDT,trade,rebalance,35.986943299548557,2.4740000000000002,89.031697723083141,0,0,0.044515848861541571,0.022257924430770785,,
2020-09-17T00:00:00Z,ZILUSDT,trade,rebalance,-242493.68425343442,0.01686,-4088.4435165129044,0,0,2.0442217582564521,1.0221108791282261,,
2020-09-24T00:00:00Z,BATUSDT,trade,rebalance,-3191.8009486441697,0.21310000000000001,-680.17278215607257,0,0,0.34008639107803629,0.17004319553901814,,
2020-09-24T00:00:00Z,BCHUSDT,trade,rebalance,-19.928239131009594,207.97,-4144.4758920760651,0,0,2.0722379460380327,1.0361189730190163,,
2020-09-24T00:00:00Z,ETCUSDT,trade,rebalance,799.85091339201324,4.8300000000000001,3863.279911683424,0,0,1.9316399558417121,0.96581997792085605,,
2020-09-24T00:00:00Z,ETHUSDT,trade,rebalance,1.7120565454711549,320.63999999999999,548.95381073987107,0,0,0.27447690536993558,0.13723845268496779,,
2020-09-24T00:00:00Z,IOSTUSDT,trade,rebalance,-171132.92482796335,0.0052769999999999996,-903.06844431716252,0,0,0.45153422215858124,0.22576711107929062,,
2020-09-24T00:00:00Z,KNCUSDT,trade,rebalance,-1276.2214004326916,0.85943000000000003,-1096.8229581738681,0,0,0.548411479086934,0.274205739543467,,
2020-09-24T00:00:00Z,LINKUSDT,trade,rebalance,161.36839749816374,7.6420000000000003,1233.1772936809673,0,0,0.61658864684048365,0.30829432342024182,,
2020-09-24T00:00:00Z,NEOUSDT,trade,rebalance,15.626978080776155,19.643000000000001,306.96073044068601,0,0,0.153480365220343,0.076740182610171501,,
2020-09-24T00:00:00Z,THETAUSDT,trade,rebalance,-295.4898155101846,0.55369999999999997,-163.61271084798921,0,0,0.081806355423994601,0.0409031777119973,,
2020-09-24T00:00:00Z,TRXUSDT,trade,rebalance,-155001.41185278559,0.024840000000000001,-3850.2350704231944,0,0,1.9251175352115975,0.96255876760579873,,
2020-09-24T00:00:00Z,VETUSDT,trade,rebalance,-35486.510478011682,0.01137,-403.48162413499284,0,0,0.20174081206749642,0.10087040603374821,,
2020-09-24T00:00:00Z,XRPUSDT,trade,rebalance,18706.108621089727,0.2215,4143.4030595713748,0,0,2.0717015297856873,1.0358507648928437,,
2020-09-24T00:00:00Z,XTZUSDT,trade,rebalance,466.03316384362392,1.956,911.56086847812833,0,0,0.45578043423906422,0.22789021711953211,,
2020-09-24T00:00:00Z,ZILUSDT,trade,rebalance,-55954.057261734735,0.01388,-776.6423147928781,0,0,0.38832115739643902,0.19416057869821951,,
2020-10-01T00:00:00Z,ADAUSDT,trade,rebalance,-34948.731845444338,0.10138,-3543.1024344911471,0,0,1.7715512172455736,0.88577560862278681,,
2020-10-01T00:00:00Z,BATUSDT,trade,rebalance,4702.7981041414478,0.23949999999999999,1126.3201459418767,0,0,0.5631600729709384,0.2815800364854692,,
2020-10-01T00:00:00Z,BCHUSDT,trade,rebalance,4.4053387547603382,228.06,1004.6815564106428,0,0,0.50234077820532141,0.25117038910266071,,
2020-10-01T00:00:00Z,BNBUSDT,trade,rebalance,121.08782955189449,29.199999999999999,3535.7646229153188,0,0,1.7678823114576594,0.8839411557288297,,
2020-10-01T00:00:00Z,ETHUSDT,trade,rebalance,-3.0819198267540302,359.70999999999998,-1108.5973808816921,0,0,0.55429869044084612,0.27714934522042306,,
2020-10-01T00:00:00Z,IOSTUSDT,trade,rebalance,186165.70227234042,0.0059230000000000003,1102.6594545590724,0,0,0.55132972727953622,0.27566486363976811,,
2020-10-01T00:00:00Z,KNCUSDT,trade,rebalance,1214.4892305715757,0.98150999999999999,1192.0333246983073,0,0,0.59601666234915363,0.29800833117457681,,
2020-10-01T00:00:00Z,LINKUSDT,trade,rebalance,-183.49691237696715,9.859,-1809.0960591245191,0,0,0.90454802956225955,0.45227401478112977,,
2020-10-01T00:00:00Z,NEOUSDT,trade,rebalance,-25.137636175920591,19.073,-479.45013478333345,0,0,0.23972506739166674,0.11986253369583337,,
2020-10-01T00:00:00Z,OMGUSDT,trade,rebalance,880.4976755490087,4.0212000000000003,3540.6572529176742,0,0,1.7703286264588372,0.88516431322941858,,
2020-10-01T00:00:00Z,THETAUSDT,trade,rebalance,-2731.6491467817486,0.745,-2035.0786143524028,0,0,1.0175393071762013,0.50876965358810067,,
2020-10-01T00:00:00Z,VETUSDT,trade,rebalance,102247.24531262807,0.013542,1384.6321960236094,0,0,0.69231609801180471,0.34615804900590236,,
2020-10-01T00:00:00Z,XRPUSDT,trade,rebalance,-18706.108621089727,0.2417,-4521.2664537173869,0,0,2.2606332268586935,1.1303166134293468,,
2020-10-01T00:00:00Z,XTZUSDT,trade,rebalance,-510.98036706455946,2.2000000000000002,-1124.1568075420309,0,0,0.56207840377101548,0.28103920188550774,,
2020-10-01T00:00:00Z,ZILUSDT,trade,rebalance,117276.73403346258,0.019539999999999998,2291.5873830138585,0,0,1.1457936915069293,0.57289684575346467,,
2020-10-05T00:00:00Z,BATUSDT,risk_policy_action,before_rebalance,12739.76653336315,0.22359999999999999,2848.6117968600001,0,0,1.4243058984300001,0.71215294921500005,membership_exit,team-05-udcc-none-v1
2020-10-05T00:00:00Z,KNCUSDT,risk_policy_action,before_rebalance,3610.2627949134303,0.92359999999999998,3334.4387173820442,0,0,1.667219358691022,0.833609679345511,membership_exit,team-05-udcc-none-v1
2020-10-05T00:00:00Z,ZILUSDT,risk_policy_action,before_rebalance,181171.00748170656,0.021180000000000001,3837.2019384625451,0,0,1.9186009692312724,0.95930048461563622,membership_exit,team-05-udcc-none-v1
2020-10-05T08:00:00Z,BATUSDT,risk_policy_action,before_rebalance,2045.6810459605185,0.2218,453.73205599404298,0,0,0.22686602799702149,0.11343301399851075,membership_exit,team-05-udcc-none-v1
2020-10-08T00:00:00Z,ADAUSDT,trade,rebalance,34948.731845444338,0.093710000000000002,3275.0456612365888,0,0,1.6375228306182943,0.81876141530914714,,
2020-10-08T00:00:00Z,BCHUSDT,trade,rebalance,-6.6333687992421826,222.99000000000001,-1479.1749085430145,0,0,0.73958745427150729,0.36979372713575365,,
2020-10-08T00:00:00Z,BNBUSDT,trade,rebalance,-121.08782955189449,27.664000000000001,-3349.7737167236091,0,0,1.6748868583618044,0.8374434291809022,,
2020-10-08T00:00:00Z,ETHUSDT,trade,rebalance,4.620203213356481,341.42000000000002,1577.4297811041697,0,0,0.78871489055208488,0.39435744527604244,,
2020-10-08T00:00:00Z,IOSTUSDT,trade,rebalance,-321539.16417470307,0.0053689999999999996,-1726.3437724539806,0,0,0.86317188622699037,0.43158594311349519,,
2020-10-08T00:00:00Z,LINKUSDT,trade,rebalance,191.96101187977507,8.9640000000000004,1720.7385104903037,0,0,0.86036925524515195,0.43018462762257598,,
2020-10-08T00:00:00Z,NEOUSDT,trade,rebalance,-185.60592421026226,16.77,-3112.611349006098,0,0,1.556305674503049,0.77815283725152451,,
2020-10-08T00:00:00Z,OMGUSDT,trade,rebalance,635.30567548600175,3.2589999999999999,2070.4611964088795,0,0,1.0352305982044399,0.51761529910221993,,
2020-10-08T00:00:00Z,ONTUSDT,trade,rebalance,-8735.7316079326356,0.56540000000000001,-4939.182651125112,0,0,2.4695913255625559,1.2347956627812779,,
2020-10-08T00:00:00Z,THETAUSDT,trade,rebalance,1962.5188708247961,0.7359,1444.2176370399675,0,0,0.72210881851998376,0.36105440925999188,,
2020-10-08T00:00:00Z,VETUSDT,trade,rebalance,-178071.26907578282,0.011237,-2000.9868506045716,0,0,1.0004934253022859,0.50024671265114296,,
2020-10-08T00:00:00Z,XLMUSDT,trade,rebalance,-68371.76575591389,0.072270000000000001,-4941.2275111798972,0,0,2.4706137555899486,1.2353068777949743,,
2020-10-08T00:00:00Z,XTZUSDT,trade,rebalance,779.5477637074116,2.0670000000000002,1611.3252275832199,0,0,0.80566261379160997,0.40283130689580499,,
2020-10-12T00:00:00Z,IOSTUSDT,risk_policy_action,before_rebalance,676826.68810666224,0.0059439999999999996,4023.0578341060004,0,0,2.0115289170530004,1.0057644585265002,membership_exit,team-05-udcc-none-v1
2020-10-12T08:00:00Z,IOSTUSDT,risk_policy_action,before_rebalance,243498.79358078376,0.0059480000000000002,1448.3308242185019,0,0,0.72416541210925101,0.3620827060546255,membership_exit,team-05-udcc-none-v1
2020-10-15T00:00:00Z,ALGOUSDT,trade,rebalance,-15198.774466452167,0.32779999999999998,-4982.1582701030202,0,0,2.49107913505151,1.245539567525755,,
2020-10-15T00:00:00Z,BCHUSDT,trade,rebalance,22.156269175491438,258.99000000000001,5738.252153760528,0,0,2.869126076880264,1.434563038440132,,
2020-10-15T00:00:00Z,BNBUSDT,trade,rebalance,161.5660160454527,30.803999999999998,4976.8795582641251,0,0,2.4884397791320625,1.2442198895660312,,
2020-10-15T00:00:00Z,ETHUSDT,trade,rebalance,-1.3118285168848853,378.75,-496.85505077015034,0,0,0.24842752538507515,0.12421376269253757,,
2020-10-15T00:00:00Z,LINKUSDT,trade,rebalance,-93.823963125240027,10.887,-1021.4614865444883,0,0,0.5107307432722441,0.25536537163612205,,
2020-10-15T00:00:00Z,OMGUSDT,trade,rebalance,-1515.8033510350106,3.3334999999999999,-5052.9304706752073,0,0,2.5264652353376036,1.2632326176688018,,
2020-10-15T00:00:00Z,ONTUSDT,trade,rebalance,3.6724944594116091,0.57089999999999996,2.0966270868780876,0,0,0.0010483135434390437,0.00052415677171952185,,
2020-10-15T00:00:00Z,SXPUSDT,trade,rebalance,-4125.7021277089389,1.2062999999999999,-4976.8344766552927,0,0,2.4884172383276462,1.2442086191638231,,
2020-10-15T00:00:00Z,THETAUSDT,trade,rebalance,74.421240385533565,0.73380000000000001,54.610306194904531,0,0,0.027305153097452267,0.013652576548726134,,
2020-10-15T00:00:00Z,VETUSDT,trade,rebalance,-7297.8010428742273,0.011143,-81.319397020747516,0,0,0.040659698510373758,0.020329849255186879,,
2020-10-15T00:00:00Z,XLMUSDT,trade,rebalance,1055.7956708908605,0.074010000000000006,78.139437602632597,0,0,0.039069718801316301,0.019534859400658151,,
2020-10-15T00:00:00Z,XTZUSDT,trade,rebalance,-200.03812515723985,2.2749999999999999,-455.08673473272063,0,0,0.22754336736636033,0.11377168368318016,,
2020-10-22T00:00:00Z,ALGOUSDT,trade,rebalance,1550.9217740944096,0.30180000000000001,468.0681914216928,0,0,0.23403409571084641,0.1170170478554232,,
2020-10-22T00:00:00Z,BCHUSDT,trade,rebalance,-15.913000419895514,258.56999999999999,-4114.6245185723828,0,0,2.0573122592861912,1.0286561296430956,,
2020-10-22T00:00:00Z,BNBUSDT,trade,rebalance,-23.206056776238114,29.731999999999999,-689.9624800711116,0,0,0.3449812400355558,0.1724906200177779,,
2020-10-22T00:00:00Z,COMPUSDT,trade,rebalance,43.11379842879608,95.459999999999994,4115.6431980128737,0,0,2.0578215990064366,1.0289107995032183,,
2020-10-22T00:00:00Z,EOSUSDT,trade,rebalance,-1577.2717165906399,2.6080000000000001,-4113.5246368683893,0,0,2.0567623184341945,1.0283811592170973,,
2020-10-22T00:00:00Z,ETHUSDT,trade,rebalance,-13.149572436869651,390.94999999999999,-5140.8253441941897,0,0,2.5704126720970946,1.2852063360485473,,
2020-10-22T00:00:00Z,LINKUSDT,trade,rebalance,-76.079321334461611,10.781000000000001,-820.21116330683071,0,0,0.41010558165341537,0.20505279082670769,,
2020-10-22T00:00:00Z,OMGUSDT,trade,rebalance,1260.5401740623433,3.2658,4116.6721004528008,0,0,2.0583360502264005,1.0291680251132003,,
2020-10-22T00:00:00Z,ONTUSDT,trade,rebalance,1215.8912439116157,0.54720000000000002,665.33568866843609,0,0,0.33266784433421803,0.16633392216710902,,
2020-10-22T00:00:00Z,SXPUSDT,trade,rebalance,566.23330270679298,1.1558999999999999,654.50907459878192,0,0,0.32725453729939097,0.16362726864969548,,
2020-10-22T00:00:00Z,THETAUSDT,trade,rebalance,-312.02487239844231,0.63560000000000005,-198.32300889644995,0,0,0.099161504448224969,0.049580752224112484,,
2020-10-22T00:00:00Z,VETUSDT,trade,rebalance,84814.341316278675,0.011354,962.98203130502804,0,0,0.48149101565251401,0.240745507826257,,
2020-10-22T00:00:00Z,XLMUSDT,trade,rebalance,67315.970085023029,0.083699999999999997,5634.3466961164277,0,0,2.8171733480582137,1.4085866740291069,,
2020-10-22T00:00:00Z,XTZUSDT,trade,rebalance,-253.88146468690323,2.1280000000000001,-540.2597568537301,0,0,0.27012987842686509,0.13506493921343254,,
2020-10-26T00:00:00Z,ONTUSDT,risk_policy_action,before_rebalance,4474.285435367442,0.53749999999999998,2404.9284215100001,0,0,1.2024642107550001,0.60123210537750005,membership_exit,team-05-udcc-none-v1
2020-10-26T08:00:00Z,ONTUSDT,risk_policy_action,before_rebalance,3041.8824341941663,0.5383,1637.4453143267197,0,0,0.8187226571633599,0.40936132858167995,membership_exit,team-05-udcc-none-v1
2020-10-29T00:00:00Z,ADAUSDT,trade,rebalance,-42437.789446506715,0.098720000000000002,-4189.4585741591427,0,0,2.0947292870795713,1.0473646435397856,,
2020-10-29T00:00:00Z,ALGOUSDT,trade,rebalance,13647.852692357757,0.2767,3776.3608399753916,0,0,1.8881804199876959,0.94409020999384796,,
2020-10-29T00:00:00Z,BCHUSDT,trade,rebalance,15.913000419895514,268.31999999999999,4269.7762726663641,0,0,2.1348881363331822,1.0674440681665911,,
2020-10-29T00:00:00Z,BNBUSDT,trade,rebalance,-0.3204186398725426,30.321999999999999,-9.7157339982152369,0,0,0.0048578669991076184,0.0024289334995538092,,
2020-10-29T00:00:00Z,COMPUSDT,trade,rebalance,-4.2637899355628477,107.70999999999999,-459.25281395947428,0,0,0.22962640697973716,0.11481320348986858,,
2020-10-29T00:00:00Z,EOSUSDT,trade,rebalance,1577.2717165906402,2.6560000000000001,4189.2336792647402,0,0,2.0946168396323701,1.0473084198161851,,
2020-10-29T00:00:00Z,KAVAUSDT,trade,rebalance,-2658.5714994262516,1.5741000000000001,-4184.857397246863,0,0,2.0924286986234315,1.0462143493117158,,
2020-10-29T00:00:00Z,LINKUSDT,trade,rebalance,-15.075471043306322,11.433,-172.35786043812118,0,0,0.08617893021906059,0.043089465109530295,,
2020-10-29T00:00:00Z,OMGUSDT,trade,rebalance,104.85262979729282,3.0659999999999998,321.47816295849975,0,0,0.16073908147924987,0.080369540739624934,,
2020-10-29T00:00:00Z,RLCUSDT,trade,rebalance,-5209.5703005647274,0.80479999999999996,-4192.6621778944927,0,0,2.0963310889472466,1.0481655444736233,,
2020-10-29T00:00:00Z,SXPUSDT,trade,rebalance,-1275.6929666795472,0.8659,-1104.62253984782,0,0,0.55231126992391,0.276155634961955,,
2020-10-29T00:00:00Z,THETAUSDT,trade,rebalance,-6474.3579430223099,0.62170000000000003,-4025.1083331769701,0,0,2.012554166588485,1.0062770832942425,,
2020-10-29T00:00:00Z,VETUSDT,trade,rebalance,-30930.854423533368,0.010654,-329.53732302832452,0,0,0.16476866151416225,0.082384330757081126,,
2020-10-29T00:00:00Z,XLMUSDT,trade,rebalance,-53483.843550853824,0.078299999999999995,-4187.7849500318544,0,0,2.0938924750159273,1.0469462375079637,,
2020-10-29T00:00:00Z,XMRUSDT,trade,rebalance,33.181530143084011,126.17,4186.5136581529096,0,0,2.0932568290764544,1.0466284145382272,,
2020-10-29T00:00:00Z,XTZUSDT,trade,rebalance,157.88111310749946,2.0019999999999998,316.0779884412139,0,0,0.15803899422060694,0.079019497110303469,,
2020-11-05T00:00:00Z,ADAUSDT,trade,rebalance,-1485.0172975554594,0.095500000000000002,-141.81915191654639,0,0,0.070909575958273199,0.0354547879791366,,
2020-11-05T00:00:00Z,BCHUSDT,trade,rebalance,-17.41624582819443,240.78999999999999,-4193.6578329709364,0,0,2.0968289164854683,1.0484144582427342,,
2020-11-05T00:00:00Z,BNBUSDT,trade,rebalance,17.571664653576278,26.962,473.7672223897236,0,0,0.23688361119486182,0.11844180559743091,,
2020-11-05T00:00:00Z,COMPUSDT,trade,rebalance,8.472442324667,88.680000000000007,751.33618535146957,0,0,0.37566809267573481,0.18783404633786741,,
2020-11-05T00:00:00Z,KAVAUSDT,trade,rebalance,-609.38243898259998,1.2830999999999999,-781.89860745857402,0,0,0.39094930372928705,0.19547465186464352,,
2020-11-05T00:00:00Z,LINKUSDT,trade,rebalance,34.73450643522574,10.468999999999999,363.63554787037828,0,0,0.18181777393518914,0.090908886967594568,,
2020-11-05T00:00:00Z,OMGUSDT,trade,rebalance,151.31598959728944,2.7662,418.57029042402206,0,0,0.20928514521201105,0.10464257260600553,,
2020-11-05T00:00:00Z,RLCUSDT,trade,rebalance,-1008.6488484204428,0.67490000000000006,-680.73710779895691,0,0,0.34036855389947845,0.17018427694973923,,
2020-11-05T00:00:00Z,SXPUSDT,trade,rebalance,-622.44356208767476,0.77029999999999998,-479.46827587613586,0,0,0.23973413793806794,0.11986706896903397,,
2020-11-05T00:00:00Z,THETAUSDT,trade,rebalance,7111.2051814013184,0.58999999999999997,4195.6110570267774,0,0,2.0978055285133888,1.0489027642566944,,
2020-11-05T00:00:00Z,VETUSDT,trade,rebalance,-53077.178530084027,0.0094129999999999995,-499.61548150368094,0,0,0.24980774075184045,0.12490387037592023,,
2020-11-05T00:00:00Z,XLMUSDT,trade,rebalance,53483.843550853824,0.074550000000000005,3987.2205367161528,0,0,1.9936102683580765,0.99680513417903827,,
2020-11-05T00:00:00Z,XMRUSDT,trade,rebalance,-33.181530143084011,115.69,-3838.7712222533892,0,0,1.9193856111266945,0.95969280556334724,,
2020-11-05T00:00:00Z,XTZUSDT,trade,rebalance,-2092.5787664149657,1.879,-3931.9555020937205,0,0,1.9659777510468601,0.98298887552343006,,
2020-11-05T00:00:00Z,ZECUSDT,trade,rebalance,77.5897255308345,54.130000000000003,4199.9318429840714,0,0,2.0999659214920356,1.0499829607460178,,
2020-11-12T00:00:00Z,ADAUSDT,trade,rebalance,43922.806744062174,0.10603,4657.1351990729127,0,0,2.3285675995364565,1.1642837997682283,,
2020-11-12T00:00:00Z,BCHUSDT,trade,rebalance,17.41624582819443,256.44,4466.2220801821795,0,0,2.2331110400910896,1.1165555200455448,,
2020-11-12T00:00:00Z,BNBUSDT,trade,rebalance,-155.61120528291835,28.012,-4358.9810823851085,0,0,2.1794905411925543,1.0897452705962771,,
2020-11-12T00:00:00Z,COMPUSDT,trade,rebalance,-47.322450817900233,103.01000000000001,-4874.6856587519032,0,0,2.4373428293759516,1.2186714146879758,,
2020-11-12T00:00:00Z,KAVAUSDT,trade,rebalance,3267.9539384088516,1.4696,4802.5851078856485,0,0,2.4012925539428243,1.2006462769714121,,
2020-11-12T00:00:00Z,LINKUSDT,trade,rebalance,-400.77476613659326,12.757999999999999,-5113.0844663706566,0,0,2.5565422331853283,1.2782711165926641,,
2020-11-12T00:00:00Z,OMGUSDT,trade,rebalance,-1516.7087934569256,3.5076999999999998,-5320.1594348088574,0,0,2.6600797174044288,1.3300398587022144,,
2020-11-12T00:00:00Z,RLCUSDT,trade,rebalance,6218.2191489851702,0.92720000000000002,5765.5327949390503,0,0,2.882766397469525,1.4413831987347625,,
2020-11-12T00:00:00Z,SXPUSDT,trade,rebalance,5457.6053537693679,0.95209999999999995,5196.1860573238146,0,0,2.5980930286619075,1.2990465143309537,,
2020-11-12T00:00:00Z,THETAUSDT,trade,rebalance,-7111.2051814013184,0.61080000000000001,-4343.5241247999256,0,0,2.1717620623999627,1.0858810311999814,,
2020-11-12T00:00:00Z,VETUSDT,trade,rebalance,446215.93325472926,0.011344,5061.8735468416489,0,0,2.5309367734208243,1.2654683867104122,,
2020-11-12T00:00:00Z,ZECUSDT,trade,rebalance,-77.5897255308345,58.920000000000002,-4571.5866282767693,0,0,2.2857933141383846,1.1428966570691923,,
2020-12-10T00:00:00Z,BZRXUSDT,trade,rebalance,-15569.524391847101,0.22770000000000001,-3545.1807040235849,0,0,1.7725903520117925,0.88629517600589625,,
2020-12-10T00:00:00Z,DOTUSDT,trade,rebalance,-727.81304336875269,4.8710000000000004,-3545.1773342491947,0,0,1.7725886671245974,0.8862943335622987,,
2020-12-10T00:00:00Z,EOSUSDT,trade,rebalance,-1261.8073850592675,2.8109999999999999,-3546.9405594016007,0,0,1.7734702797008002,0.88673513985040009,,
2020-12-10T00:00:00Z,ETHUSDT,trade,rebalance,6.1854653661735135,573.27999999999997,3546.0035851199518,0,0,1.7730017925599757,0.88650089627998785,,
2020-12-10T00:00:00Z,KAVAUSDT,trade,rebalance,-2298.6526542736237,1.5432999999999999,-3547.5106413404833,0,0,1.7737553206702419,0.88687766033512094,,
2020-12-10T00:00:00Z,LTCUSDT,trade,rebalance,45.800241177688015,77.400000000000006,3544.9386671530528,0,0,1.7724693335765263,0.88623466678826313,,
2020-12-10T00:00:00Z,NEOUSDT,trade,rebalance,-209.84850858432492,16.891999999999999,-3544.7610070064165,0,0,1.7723805035032085,0.88619025175160426,,
2020-12-10T00:00:00Z,SUSHIUSDT,trade,rebalance,1600.2065203975149,2.2155999999999998,3545.4175665927337,0,0,1.7727087832963668,0.88635439164818342,,
2020-12-10T00:00:00Z,SXPUSDT,trade,rebalance,-4144.4712462281796,0.85540000000000005,-3545.1807040235849,0,0,1.7725903520117925,0.88629517600589625,,
2020-12-10T00:00:00Z,TRXUSDT,trade,rebalance,-123494.26378436056,0.0287,-3544.2853706111482,0,0,1.7721426853055742,0.88607134265278709,,
2020-12-10T00:00:00Z,WAVESUSDT,trade,rebalance,414.60146551955785,8.5428999999999995,3541.8988597870307,0,0,1.7709494298935156,0.88547471494675778,,
2020-12-10T00:00:00Z,XRPUSDT,trade,rebalance,6085.1024785849377,0.58240000000000003,3543.9636835278679,0,0,1.7719818417639341,0.88599092088196707,,
2020-12-10T00:00:00Z,YFIUSDT,trade,rebalance,0.13856318683085933,25562,3541.9521817704263,0,0,1.770976090885213,0.88548804544260651,,
2020-12-10T00:00:00Z,ZECUSDT,trade,rebalance,51.098021101521837,69.340000000000003,3543.1367831795242,0,0,1.7715683915897622,0.8857841957948811,,
2020-12-14T00:00:00Z,KAVAUSDT,risk_policy_action,before_rebalance,2298.6526542736237,1.5566,3578.0827216423227,0,0,1.7890413608211613,0.89452068041058064,membership_exit,team-05-udcc-none-v1
2020-12-17T00:00:00Z,BZRXUSDT,trade,rebalance,15569.524391847101,0.25369999999999998,3949.9883382116091,0,0,1.9749941691058044,0.98749708455290219,,
2020-12-17T00:00:00Z,DOTUSDT,trade,rebalance,727.81304336875269,5.3719999999999999,3909.8116689769395,0,0,1.9549058344884696,0.97745291724423478,,
2020-12-17T00:00:00Z,EOSUSDT,trade,rebalance,1261.8073850592675,3.105,3917.9119306090256,0,0,1.958955965304513,0.9794779826522565,,
2020-12-17T00:00:00Z,ETHUSDT,trade,rebalance,-6.1854653661735135,637.78999999999996,-3945.027955891805,0,0,1.9725139779459027,0.98625698897295133,,
2020-12-17T00:00:00Z,LTCUSDT,trade,rebalance,-45.800241177688015,93.030000000000001,-4260.7964367603163,0,0,2.130398218380158,1.065199109190079,,
2020-12-17T00:00:00Z,NEOUSDT,trade,rebalance,209.84850858432492,17.98,3773.0761843461623,0,0,1.8865380921730812,0.94326904608654061,,
2020-12-17T00:00:00Z,SUSHIUSDT,trade,rebalance,-1600.2065203975146,2.8481000000000001,-4557.5481907441617,0,0,2.2787740953720808,1.1393870476860404,,
2020-12-17T00:00:00Z,SXPUSDT,trade,rebalance,4144.4712462281796,0.93779999999999997,3886.6851347127867,0,0,1.9433425673563935,0.97167128367819677,,
2020-12-17T00:00:00Z,TRXUSDT,trade,rebalance,123494.26378436056,0.031480000000000001,3887.5994239316706,0,0,1.9437997119658355,0.97189985598291773,,
2020-12-17T00:00:00Z,WAVESUSDT,trade,rebalance,-414.60146551955785,8.3611000000000004,-3466.5243133555755,0,0,1.7332621566777877,0.86663107833889386,,
2020-12-17T00:00:00Z,XRPUSDT,trade,rebalance,-6085.1024785849377,0.56869999999999998,-3460.5977795712538,0,0,1.7302988897856271,0.86514944489281354,,
2020-12-17T00:00:00Z,YFIUSDT,trade,rebalance,-0.13856318683085933,27018.099999999999,-3743.7140381148402,0,0,1.8718570190574202,0.9359285095287101,,
2020-12-17T00:00:00Z,ZECUSDT,trade,rebalance,-51.098021101521837,73.25,-3742.9300456864744,0,0,1.8714650228432372,0.93573251142161862,,
2021-01-07T00:00:00Z,ADAUSDT,trade,rebalance,9345.239142479415,0.33317000000000002,3113.5533250998669,0,0,1.5567766625499335,0.77838833127496676,,
2021-01-07T00:00:00Z,DASHUSDT,trade,rebalance,-32.970812054079865,94.420000000000002,-3113.1040741462207,0,0,1.5565520370731103,0.77827601853655515,,
2021-01-07T00:00:00Z,EGLDUSDT,trade,rebalance,80.435275023993881,38.725999999999999,3114.936460579187,0,0,1.5574682302895935,0.77873411514479673,,
2021-01-07T00:00:00Z,EOSUSDT,trade,rebalance,-921.29518275418297,3.3799999999999999,-3113.9777177091382,0,0,1.5569888588545691,0.77849442942728453,,
2021-01-07T00:00:00Z,ETHUSDT,trade,rebalance,2.5703697751274901,1212.98,3117.8071298341429,0,0,1.5589035649170713,0.77945178245853564,,
2021-01-07T00:00:00Z,KSMUSDT,trade,rebalance,41.150209616899524,75.620999999999995,3111.8200014395588,0,0,1.5559100007197795,0.77795500035988974,,
2021-01-07T00:00:00Z,LINKUSDT,trade,rebalance,180.28381654832648,17.295000000000002,3118.0086072033068,0,0,1.5590043036016534,0.77950215180082671,,
2021-01-07T00:00:00Z,LTCUSDT,trade,rebalance,18.393215668844629,169.19999999999999,3112.1320911685111,0,0,1.5560660455842554,0.77803302279212772,,
2021-01-07T00:00:00Z,SOLUSDT,trade,rebalance,-1660.482891287957,1.8722000000000001,-3108.7560690693135,0,0,1.5543780345346567,0.77718901726732836,,
2021-01-07T00:00:00Z,SUSHIUSDT,trade,rebalance,800.2174019121768,3.8855,3109.2447151297629,0,0,1.5546223575648814,0.77731117878244071,,
2021-01-07T00:00:00Z,SXPUSDT,trade,rebalance,-3749.9073458528392,0.83050000000000002,-3114.298050730783,0,0,1.5571490253653917,0.77857451268269584,,
2021-01-07T00:00:00Z,TRXUSDT,trade,rebalance,-102147.10824239071,0.030439999999999998,-3109.357974898373,0,0,1.5546789874491864,0.77733949372459321,,
2021-01-07T00:00:00Z,XLMUSDT,trade,rebalance,9119.497054383206,0.34329999999999999,3130.7233387697547,0,0,1.5653616693848773,0.78268083469243865,,
2021-01-07T00:00:00Z,XRPUSDT,trade,rebalance,-12498.65285989549,0.24909999999999999,-3113.4144273999664,0,0,1.5567072136999831,0.77835360684999155,,
2021-01-07T00:00:00Z,YFIIUSDT,trade,rebalance,-1.9615971510775376,1589.0999999999999,-3117.174032777315,0,0,1.5585870163886575,0.77929350819432874,,
2021-01-07T00:00:00Z,ZECUSDT,trade,rebalance,-48.570096749851487,64.090000000000003,-3112.8575006979818,0,0,1.5564287503489909,0.77821437517449543,,
2021-01-14T00:00:00Z,AAVEUSDT,trade,rebalance,19.535964182002189,146.78100000000001,2867.5083585984635,0,0,1.4337541792992317,0.71687708964961583,,
2021-01-14T00:00:00Z,ADAUSDT,trade,rebalance,-169.10898898370579,0.31256,-52.856705596747084,0,0,0.026428352798373543,0.013214176399186772,,
2021-01-14T00:00:00Z,BCHUSDT,trade,rebalance,-5.7782298346791414,496.75,-2870.3356703768636,0,0,1.4351678351884318,0.71758391759421591,,
2021-01-14T00:00:00Z,DASHUSDT,trade,rebalance,32.970812054079865,133.34,4396.3280792910091,0,0,2.1981640396455044,1.0990820198227522,,
2021-01-14T00:00:00Z,DOGEUSDT,trade,rebalance,-330774.37006335944,0.0086709999999999999,-2868.1445628193896,0,0,1.4340722814096949,0.71703614070484745,,
2021-01-14T00:00:00Z,EGLDUSDT,trade,rebalance,1.390608912721234,35.119,48.836794405857013,0,0,0.024418397202928505,0.012209198601464253,,
2021-01-14T00:00:00Z,EOSUSDT,trade,rebalance,-114.61371988106737,2.7709999999999999,-317.59461779043767,0,0,0.15879730889521884,0.079398654447609421,,
2021-01-14T00:00:00Z,ETHUSDT,trade,rebalance,-0.031961342598303411,1130.4000000000001,-36.129101673122179,0,0,0.01806455083656109,0.0090322754182805449,,
2021-01-14T00:00:00Z,KSMUSDT,trade,rebalance,-3.8548692953660009,76.951999999999998,-296.63990201700449,0,0,0.14831995100850223,0.074159975504251116,,
2021-01-14T00:00:00Z,LINKUSDT,trade,rebalance,-180.28381654832648,15.956,-2876.6085768450971,0,0,1.4383042884225485,0.71915214421127427,,
2021-01-14T00:00:00Z,LTCUSDT,trade,rebalance,-18.393215668844629,147.55000000000001,-2713.9189719380252,0,0,1.3569594859690126,0.67847974298450631,,
2021-01-14T00:00:00Z,MKRUSDT,trade,rebalance,1.8513231400238519,1551.8399999999999,2872.9573016146142,0,0,1.4364786508073071,0.71823932540365354,,
2021-01-14T00:00:00Z,OMGUSDT,trade,rebalance,-882.34198492175506,3.2530000000000001,-2870.2584769504692,0,0,1.4351292384752345,0.71756461923761727,,
2021-01-14T00:00:00Z,SOLUSDT,trade,rebalance,1660.482891287957,3.5280999999999998,5858.3496887530409,0,0,2.9291748443765204,1.4645874221882602,,
2021-01-14T00:00:00Z,SUSHIUSDT,trade,rebalance,-240.15735305892349,5.1276000000000002,-1231.4308435449361,0,0,0.61571542177246807,0.30785771088623404,,
2021-01-14T00:00:00Z,SXPUSDT,trade,rebalance,508.56622644349909,0.88570000000000004,450.43710676100716,0,0,0.22521855338050359,0.11260927669025179,,
2021-01-14T00:00:00Z,TRXUSDT,trade,rebalance,8912.6479718747287,0.030779999999999998,274.33130457430411,0,0,0.13716565228715205,0.068582826143576026,,
2021-01-14T00:00:00Z,XLMUSDT,trade,rebalance,-9119.497054383206,0.30398999999999998,-2772.2359095619508,0,0,1.3861179547809754,0.69305897739048772,,
2021-01-14T00:00:00Z,XRPUSDT,trade,rebalance,12498.65285989549,0.30609999999999998,3825.8376404140095,0,0,1.9129188202070047,0.95645941010350233,,
2021-01-14T00:00:00Z,XTZUSDT,trade,rebalance,-1146.411370475287,2.5030000000000001,-2869.4676602996433,0,0,1.4347338301498218,0.7173669150749109,,
2021-01-14T00:00:00Z,YFIIUSDT,trade,rebalance,0.33909727467650241,1770.2,600.2699956323446,0,0,0.30013499781617231,0.15006749890808616,,
2021-01-14T00:00:00Z,YFIUSDT,trade,rebalance,0.085283811802843223,33646.199999999997,2869.4761886808233,0,0,1.4347380943404116,0.71736904717020578,,
2021-01-14T00:00:00Z,ZECUSDT,trade,rebalance,48.570096749851487,117.48999999999999,5706.5006671400506,0,0,2.8532503335700254,1.4266251667850127,,
2021-01-18T00:00:00Z,KSMUSDT,risk_policy_action,before_rebalance,-37.295340321533523,102.705,-3830.4179277231005,0,0,1.9152089638615504,0.95760448193077519,membership_exit,team-05-udcc-none-v1
2021-01-18T00:00:00Z,OMGUSDT,risk_policy_action,before_rebalance,882.34198492175506,3.7267000000000001,3288.2238752079047,0,0,1.6441119376039526,0.82205596880197629,membership_exit,team-05-udcc-none-v1
2021-01-21T00:00:00Z,AAVEUSDT,trade,rebalance,-4.586835931125691,197.36799999999999,-905.29463405441538,0,0,0.45264731702720762,0.22632365851360381,,
2021-01-21T00:00:00Z,ADAUSDT,trade,rebalance,-1330.8518391526759,0.37575999999999998,-500.08088708000946,0,0,0.25004044354000471,0.12502022177000235,,
2021-01-21T00:00:00Z,AVAXUSDT,trade,rebalance,238.28402133257512,12.372299999999999,2948.1213971330189,0,0,1.4740606985665095,0.73703034928325473,,
2021-01-21T00:00:00Z,BCHUSDT,trade,rebalance,-0.14825060443754179,497.48000000000002,-73.751710695588287,0,0,0.03687585534779414,0.01843792767389707,,
2021-01-21T00:00:00Z,DOGEUSDT,trade,rebalance,5709.7425131397904,0.0090790000000000003,51.838752276796157,0,0,0.025919376138398082,0.012959688069199041,,
2021-01-21T00:00:00Z,DOTUSDT,trade,rebalance,163.68000419157158,18.021999999999998,2949.8410355405026,0,0,1.4749205177702513,0.73746025888512567,,
2021-01-21T00:00:00Z,EGLDUSDT,trade,rebalance,-5.7542005681492725,38.735999999999997,-222.89471320783019,0,0,0.1114473566039151,0.055723678301957548,,
2021-01-21T00:00:00Z,EOSUSDT,trade,rebalance,-24.58165549895557,2.7799999999999998,-68.337002287096482,0,0,0.03416850114354824,0.01708425057177412,,
2021-01-21T00:00:00Z,ETCUSDT,trade,rebalance,-372.63584266521121,7.9089999999999998,-2947.1768796391552,0,0,1.4735884398195775,0.73679421990978877,,
2021-01-21T00:00:00Z,ETHUSDT,trade,rebalance,-0.40081057680620269,1379.23,-552.80997184841897,0,0,0.27640498592420948,0.13820249296210474,,
2021-01-21T00:00:00Z,MKRUSDT,trade,rebalance,-1.8513231400238519,1417.52,-2624.2875774466106,0,0,1.3121437887233052,0.65607189436165259,,
2021-01-21T00:00:00Z,SUSHIUSDT,trade,rebalance,-156.09656477328667,7.2971000000000004,-1139.0522428071502,0,0,0.56952612140357506,0.28476306070178753,,
2021-01-21T00:00:00Z,SXPUSDT,trade,rebalance,352.21334994453173,1.0209999999999999,359.60983029336688,0,0,0.17980491514668345,0.089902457573341726,,
2021-01-21T00:00:00Z,TRXUSDT,trade,rebalance,-3520.900837791778,0.03048,-107.3170575358934,0,0,0.053658528767946703,0.026829264383973352,,
2021-01-21T00:00:00Z,WAVESUSDT,trade,rebalance,407.90322794893802,7.2267000000000001,2947.7942574185904,0,0,1.4738971287092952,0.73694856435464762,,
2021-01-21T00:00:00Z,XRPUSDT,trade,rebalance,-9963.3046094655419,0.29599999999999999,-2949.1381644018002,0,0,1.4745690822009001,0.73728454110045005,,
2021-01-21T00:00:00Z,XTZUSDT,trade,rebalance,1146.411370475287,2.9140000000000001,3340.6427335649864,0,0,1.6703213667824934,0.83516068339124672,,
2021-01-21T00:00:00Z,YFIIUSDT,trade,rebalance,0.16114662132824353,2016.7,324.98439123266871,0,0,0.16249219561633435,0.081246097808167175,,
2021-01-21T00:00:00Z,YFIUSDT,trade,rebalance,-0.085283811802843223,34082,-2906.6428738645027,0,0,1.4533214369322514,0.72666071846612568,,
2021-01-25T00:00:00Z,DOGEUSDT,risk_policy_action,before_rebalance,325064.62755021965,0.0087220000000000006,2835.2136814930159,0,0,1.4176068407465079,0.70880342037325395,membership_exit,team-05-udcc-none-v1
2021-01-25T00:00:00Z,EGLDUSDT,risk_policy_action,before_rebalance,-76.071683368565843,41.299999999999997,-3141.760523121769,0,0,1.5708802615608846,0.78544013078044228,membership_exit,team-05-udcc-none-v1
2021-01-25T00:00:00Z,YFIIUSDT,risk_policy_action,before_rebalance,1.4613532550727917,1865.4000000000001,2726.0083620127857,0,0,1.3630041810063929,0.68150209050319643,membership_exit,team-05-udcc-none-v1
2021-01-28T00:00:00Z,AAVEUSDT,trade,rebalance,-4.5371390583011149,286.31999999999999,-1299.0736551727753,0,0,0.64953682758638764,0.32476841379319382,,
2021-01-28T00:00:00Z,ADAUSDT,trade,rebalance,1723.0455129720083,0.31141000000000002,536.57360319461316,0,0,0.26828680159730656,0.13414340079865328,,
2021-01-28T00:00:00Z,AVAXUSDT,trade,rebalance,29.708345507335853,11.0982,329.70916010951476,0,0,0.16485458005475739,0.082427290027378697,,
2021-01-28T00:00:00Z,BANDUSDT,trade,rebalance,-362.49522685046009,8.2329000000000008,-2984.3869531371533,0,0,1.4921934765685767,0.74609673828428835,,
2021-01-28T00:00:00Z,BCHUSDT,trade,rebalance,-1.9697863553194839,377.56,-743.71253631442437,0,0,0.37185626815721218,0.18592813407860609,,
2021-01-28T00:00:00Z,DOTUSDT,trade,rebalance,29.312858216545465,15.448,452.82503372919433,0,0,0.22641251686459718,0.11320625843229859,,
2021-01-28T00:00:00Z,EOSUSDT,trade,rebalance,-131.02053124156714,2.5030000000000001,-327.94438969764258,0,0,0.16397219484882131,0.081986097424410653,,
2021-01-28T00:00:00Z,ETCUSDT,trade,rebalance,-60.884304599412921,6.8760000000000003,-418.64047842556329,0,0,0.20932023921278164,0.10466011960639082,,
2021-01-28T00:00:00Z,ETHUSDT,trade,rebalance,-2.137597855722984,1238.55,-2647.5218242057017,0,0,1.3237609121028509,0.66188045605142543,,
2021-01-28T00:00:00Z,IOSTUSDT,trade,rebalance,189653.3332666317,0.015727999999999999,2982.8676256175831,0,0,1.4914338128087914,0.7457169064043957,,
2021-01-28T00:00:00Z,LINKUSDT,trade,rebalance,142.14994024446423,20.986000000000001,2983.1586459703267,0,0,1.4915793229851633,0.74578966149258163,,
2021-01-28T00:00:00Z,LTCUSDT,trade,rebalance,-24.357878467343603,122.43000000000001,-2982.1350607568775,0,0,1.4910675303784389,0.74553376518921943,,
2021-01-28T00:00:00Z,OMGUSDT,trade,rebalance,-955.01049001095066,3.1233,-2982.7842634512022,0,0,1.4913921317256009,0.74569606586280046,,
2021-01-28T00:00:00Z,SUSHIUSDT,trade,rebalance,17.271007755530945,7.0770999999999997,122.22864898666805,0,0,0.061114324493334024,0.030557162246667012,,
2021-01-28T00:00:00Z,SXPUSDT,trade,rebalance,515.67933418823213,1.2566999999999999,648.05421927435134,0,0,0.32402710963717568,0.16201355481858784,,
2021-01-28T00:00:00Z,TRXUSDT,trade,rebalance,96755.361108307756,0.028219999999999999,2730.4362904764448,0,0,1.3652181452382226,0.6826090726191113,,
2021-01-28T00:00:00Z,UNIUSDT,trade,rebalance,202.23604219091382,14.7392,2980.7974730603169,0,0,1.4903987365301583,0.74519936826507915,,
2021-01-28T00:00:00Z,WAVESUSDT,trade,rebalance,-407.90322794893808,6.0303000000000004,-2459.7788355004814,0,0,1.2298894177502406,0.61494470887512032,,
2021-01-28T00:00:00Z,XRPUSDT,trade,rebalance,-1932.7877513412568,0.25080000000000002,-484.74316803638726,0,0,0.24237158401819361,0.12118579200909681,,
2021-02-01T00:00:00Z,OMGUSDT,risk_policy_action,before_rebalance,955.01049001095066,3.5316999999999998,3372.8105475716743,0,0,1.6864052737858373,0.84320263689291863,membership_exit,team-05-udcc-none-v1
2021-02-04T00:00:00Z,AAVEUSDT,trade,rebalance,-2.4398304674635627,384.209,-937.40482407370791,0,0,0.46870241203685398,0.23435120601842699,,
2021-02-04T00:00:00Z,ADAUSDT,trade,rebalance,-2650.7690871476516,0.44273000000000001,-1173.5749979528798,0,0,0.58678749897643989,0.29339374948821995,,
2021-02-04T00:00:00Z,AVAXUSDT,trade,rebalance,-61.786195456781314,14.8589,-918.07489967276786,0,0,0.45903744983638389,0.22951872491819195,,
2021-02-04T00:00:00Z,BANDUSDT,trade,rebalance,105.34928012203306,11.916600000000001,1255.4052315022193,0,0,0.62770261575110964,0.31385130787555482,,
2021-02-04T00:00:00Z,BCHUSDT,trade,rebalance,1.0372533989293613,446.79000000000002,463.43444610764936,0,0,0.23171722305382469,0.11585861152691235,,
2021-02-04T00:00:00Z,DOGEUSDT,trade,rebalance,81982.40754877351,0.037359999999999997,3062.8627460221783,0,0,1.5314313730110891,0.76571568650554456,,
2021-02-04T00:00:00Z,DOTUSDT,trade,rebalance,-46.299091021273824,20.879000000000001,-966.67872143317629,0,0,0.48333936071658817,0.24166968035829409,,
2021-02-04T00:00:00Z,EOSUSDT,trade,rebalance,194.4514838252876,3.0699999999999998,596.96605534363289,0,0,0.29848302767181645,0.14924151383590822,,
2021-02-04T00:00:00Z,ETCUSDT,trade,rebalance,48.108954862185726,7.9459999999999997,382.27375533492778,0,0,0.1911368776674639,0.09556843883373195,,
2021-02-04T00:00:00Z,IOSTUSDT,trade,rebalance,-189653.3332666317,0.017434000000000002,-3306.4162121704576,0,0,1.6532081060852288,0.82660405304261442,,
2021-02-04T00:00:00Z,LINKUSDT,trade,rebalance,-20.274060015974385,25.138999999999999,-509.66959474158006,0,0,0.25483479737079001,0.12741739868539501,,
2021-02-04T00:00:00Z,LTCUSDT,trade,rebalance,24.357878467343603,156.30000000000001,3807.1364044458055,0,0,1.9035682022229026,0.95178410111145129,,
2021-02-04T00:00:00Z,SOLUSDT,trade,rebalance,-533.85089606995939,5.7373000000000003,-3062.8627460221783,0,0,1.5314313730110891,0.76571568650554456,,
2021-02-04T00:00:00Z,SUSHIUSDT,trade,rebalance,-205.85447702200625,14.229200000000001,-2929.1445244415313,0,0,1.4645722622207658,0.73228613111038288,,
2021-02-04T00:00:00Z,SXPUSDT,trade,rebalance,376.5370087397539,1.5329999999999999,577.23123439804272,0,0,0.2886156171990214,0.1443078085995107,,
2021-02-04T00:00:00Z,UNIUSDT,trade,rebalance,-47.272979789230874,19.7685,-934.51590096341056,0,0,0.46725795048170532,0.23362897524085266,,
2021-02-04T00:00:00Z,XRPUSDT,trade,rebalance,4198.5774249426167,0.39789999999999998,1670.6139573846672,0,0,0.8353069786923335,0.41765348934616675,,
2021-02-04T00:00:00Z,XTZUSDT,trade,rebalance,-1002.573730285492,3.0569999999999999,-3064.867893482749,0,0,1.5324339467413746,0.76621697337068728,,
2021-02-11T00:00:00Z,AAVEUSDT,trade,rebalance,-7.9721587251118216,523.72000000000003,-4175.1789675155633,0,0,2.0875894837577817,1.0437947418788909,,
2021-02-11T00:00:00Z,ADAUSDT,trade,rebalance,-3385.2317314468319,0.94299999999999995,-3192.2735227543621,0,0,1.5961367613771811,0.79806838068859054,,
2021-02-11T00:00:00Z,AVAXUSDT,trade,rebalance,-145.48078446835333,54.818399999999997,-7975.0238352999804,0,0,3.9875119176499902,1.9937559588249951,,
2021-02-11T00:00:00Z,BANDUSDT,trade,rebalance,3.0491286994634379,13.1012,39.947244917410394,0,0,0.019973622458705195,0.0099868112293525976,,
2021-02-11T00:00:00Z,BCHUSDT,trade,rebalance,0.13585125949732024,495.38999999999999,67.299355442377475,0,0,0.033649677721188737,0.016824838860594368,,
2021-02-11T00:00:00Z,DOGEUSDT,trade,rebalance,-81982.40754877351,0.072645000000000001,-5955.6119963806514,0,0,2.977805998190326,1.488902999095163,,
2021-02-11T00:00:00Z,DOTUSDT,trade,rebalance,-5.7139212089247735,23.616,-134.93996326996745,0,0,0.067469981634983717,0.033734990817491858,,
2021-02-11T00:00:00Z,EOSUSDT,trade,rebalance,191.2874885062231,4.1340000000000003,790.78247748472631,0,0,0.39539123874236315,0.19769561937118157,,
2021-02-11T00:00:00Z,ETCUSDT,trade,rebalance,65.06649492013014,10.395,676.36621469475278,0,0,0.33818310734737639,0.16909155367368819,,
2021-02-11T00:00:00Z,IOSTUSDT,trade,rebalance,147728.42811883477,0.022495999999999999,3323.2987189613068,0,0,1.6616493594806532,0.83082467974032659,,
2021-02-11T00:00:00Z,LINKUSDT,trade,rebalance,2.1691276746675641,26.847999999999999,58.236739809474756,0,0,0.02911836990473738,0.01455918495236869,,
2021-02-11T00:00:00Z,LTCUSDT,trade,rebalance,-18.318195101317016,181.80000000000001,-3330.2478694194338,0,0,1.6651239347097169,0.83256196735485843,,
2021-02-11T00:00:00Z,MKRUSDT,trade,rebalance,1.3208532647683779,2520.8600000000001,3329.6861610240135,0,0,1.6648430805120067,0.83242154025600334,,
2021-02-11T00:00:00Z,OMGUSDT,trade,rebalance,-596.15932226500456,5.5854999999999997,-3329.8478945111829,0,0,1.6649239472555912,0.83246197362779562,,
2021-02-11T00:00:00Z,SOLUSDT,trade,rebalance,533.85089606995939,9.1097999999999999,4863.274893018116,0,0,2.431637446509058,1.215818723254529,,
2021-02-11T00:00:00Z,SUSHIUSDT,trade,rebalance,8.5800605725066248,14.8736,127.61638893123454,0,0,0.063808194465617266,0.031904097232808633,,
2021-02-11T00:00:00Z,SXPUSDT,trade,rebalance,587.62872336222154,2.3641000000000001,1389.2130649006281,0,0,0.69460653245031412,0.34730326622515706,,
2021-02-11T00:00:00Z,UNIUSDT,trade,rebalance,5.7923426610311424,20.705400000000001,119.93277173371422,0,0,0.059966385866857104,0.029983192933428552,,
2021-02-11T00:00:00Z,XRPUSDT,trade,rebalance,1111.9463371621532,0.50549999999999995,562.08887343546837,0,0,0.28104443671773421,0.14052221835886711,,
2021-02-11T00:00:00Z,XTZUSDT,trade,rebalance,1002.573730285492,3.8559999999999999,3865.9243039808571,0,0,1.9329621519904285,0.96648107599521427,,
2021-02-18T00:00:00Z,AAVEUSDT,trade,rebalance,7.2083324346901732,452.108,3258.9447603829049,0,0,1.6294723801914524,0.81473619009572618,,
2021-02-18T00:00:00Z,ADAUSDT,trade,rebalance,110.19080521118259,0.89407000000000003,98.518293215162018,0,0,0.04925914660758101,0.024629573303790505,,
2021-02-18T00:00:00Z,ATOMUSDT,trade,rebalance,136.45795326997987,23.893000000000001,3260.3898774796289,0,0,1.6301949387398145,0.81509746936990723,,
2021-02-18T00:00:00Z,AVAXUSDT,trade,rebalance,26.843290085224311,37.182099999999998,998.08989627781875,0,0,0.49904494813890943,0.24952247406945471,,
2021-02-18T00:00:00Z,BANDUSDT,trade,rebalance,53.682129977201697,16.260999999999999,872.92511555927672,0,0,0.43646255777963833,0.21823127888981916,,
2021-02-18T00:00:00Z,BCHUSDT,trade,rebalance,2.1860536676308939,717.63999999999999,1568.7995540386346,0,0,0.78439977701931729,0.39219988850965865,,
2021-02-18T00:00:00Z,DOTUSDT,trade,rebalance,-39.17958678427496,31.986999999999998,-1253.2374424686031,0,0,0.62661872123430162,0.31330936061715081,,
2021-02-18T00:00:00Z,EOSUSDT,trade,rebalance,134.21164410898439,4.8490000000000002,650.79226228446532,0,0,0.32539613114223265,0.16269806557111632,,
2021-02-18T00:00:00Z,ETCUSDT,trade,rebalance,108.00839090800201,15.343999999999999,1657.2807500923827,0,0,0.82864037504619137,0.41432018752309568,,
2021-02-18T00:00:00Z,IOSTUSDT,trade,rebalance,-147728.42811883477,0.040354000000000001,-5961.4329883074579,0,0,2.9807164941537287,1.4903582470768644,,
2021-02-18T00:00:00Z,LINKUSDT,trade,rebalance,-124.04500790315741,32.287999999999997,-4005.1652151771459,0,0,2.0025826075885726,1.0012913037942863,,
2021-02-18T00:00:00Z,LTCUSDT,trade,rebalance,4.6104411040962621,237.58000000000001,1095.3485975111901,0,0,0.54767429875559503,0.27383714937779752,,
2021-02-18T00:00:00Z,MKRUSDT,trade,rebalance,-0.077283539539657387,2621.0999999999999,-202.56788548739596,0,0,0.10128394274369798,0.05064197137184899,,
2021-02-18T00:00:00Z,OMGUSDT,trade,rebalance,87.769757078617829,6.4051999999999998,562.18284803996289,0,0,0.28109142401998144,0.14054571200999072,,
2021-02-18T00:00:00Z,SUSHIUSDT,trade,rebalance,-23.068244823269822,16.210899999999999,-373.9570100055447,0,0,0.18697850500277235,0.093489252501386177,,
2021-02-18T00:00:00Z,SXPUSDT,trade,rebalance,97.577653004310605,2.4866999999999999,242.64634972581916,0,0,0.12132317486290958,0.060661587431454791,,
2021-02-18T00:00:00Z,UNIUSDT,trade,rebalance,-9.5852591507200202,21.553999999999998,-206.6006757346193,0,0,0.10330033786730965,0.051650168933654823,,
2021-02-18T00:00:00Z,XRPUSDT,trade,rebalance,506.67516899646495,0.53610000000000002,271.62855809900486,0,0,0.13581427904950241,0.067907139524751206,,
2021-02-25T00:00:00Z,AAVEUSDT,trade,rebalance,1.9702812924372877,367.13099999999997,723.3513411737938,0,0,0.36167567058689692,0.18083783529344846,,
2021-02-25T00:00:00Z,ADAUSDT,trade,rebalance,-427.55433725341072,1.0487,-448.37623347765179,0,0,0.22418811673882591,0.11209405836941295,,
2021-02-25T00:00:00Z,ATOMUSDT,trade,rebalance,-136.45795326997987,19.454999999999998,-2654.7894808674582,0,0,1.327394740433729,0.66369737021686448,,
2021-02-25T00:00:00Z,AVAXUSDT,trade,rebalance,26.139557435554323,29.653400000000001,775.12675245946662,0,0,0.3875633762297333,0.19378168811486665,,
2021-02-25T00:00:00Z,BANDUSDT,trade,rebalance,200.41468805176189,13.2196,2649.4020101690712,0,0,1.3247010050845356,0.66235050254226779,,
2021-02-25T00:00:00Z,BCHUSDT,trade,rebalance,-1.8645517998769376,526.50999999999999,-981.70516815320639,0,0,0.4908525840766032,0.2454262920383016,,
2021-02-25T00:00:00Z,DOTUSDT,trade,rebalance,-1.5695422101899936,33.655999999999999,-52.824512626154423,0,0,0.026412256313077212,0.013206128156538606,,
2021-02-25T00:00:00Z,EOSUSDT,trade,rebalance,-195.96578029435932,3.887,-761.71898800417466,0,0,0.38085949400208735,0.19042974700104368,,
2021-02-25T00:00:00Z,ETCUSDT,trade,rebalance,-71.489580754453584,11.882999999999999,-849.51068810517188,0,0,0.42475534405258597,0.21237767202629299,,
2021-02-25T00:00:00Z,FTMUSDT,trade,rebalance,5195.6404214101258,0.64899899999999999,3371.9654378547502,0,0,1.6859827189273751,0.84299135946368753,,
2021-02-25T00:00:00Z,LTCUSDT,trade,rebalance,-4.8766266920092338,181.41999999999999,-884.71761446431515,0,0,0.44235880723215759,0.2211794036160788,,
2021-02-25T00:00:00Z,MKRUSDT,trade,rebalance,-1.2435697252287206,2235.29,-2779.7389711065066,0,0,1.3898694855532532,0.69493474277662659,,
2021-02-25T00:00:00Z,OMGUSDT,trade,rebalance,-205.29699623583639,4.7256,-970.1514854120685,0,0,0.48507574270603426,0.24253787135301713,,
2021-02-25T00:00:00Z,SOLUSDT,trade,rebalance,195.32802097330313,17.234300000000001,3366.3417118601983,0,0,1.6831708559300991,0.84158542796504954,,
2021-02-25T00:00:00Z,SUSHIUSDT,trade,rebalance,28.417440409852389,14.6966,417.63975472743664,0,0,0.20881987736371829,0.10440993868185915,,
2021-02-25T00:00:00Z,SXPUSDT,trade,rebalance,-152.94966307455206,2.3010000000000002,-351.93717473454433,0,0,0.17596858736727217,0.087984293683636083,,
2021-02-25T00:00:00Z,UNIUSDT,trade,rebalance,-17.553505666360053,25.245200000000001,-443.14176124839281,0,0,0.22157088062419639,0.11078544031209819,,
2021-02-25T00:00:00Z,XRPUSDT,trade,rebalance,-1115.1746979439104,0.46879999999999999,-522.79389839610519,0,0,0.26139694919805262,0.13069847459902631,,
2021-02-25T00:00:00Z,YFIUSDT,trade,rebalance,-0.099775207168508323,33765.300000000003,-3368.9398026068343,0,0,1.6844699013034172,0.84223495065170861,,
2021-03-01T00:00:00Z,FTMUSDT,risk_policy_action,before_rebalance,-5195.6404214101258,0.42381000000000002,-2201.9643669978254,0,0,1.1009821834989126,0.55049109174945632,membership_exit,team-05-udcc-none-v1
2021-03-04T00:00:00Z,AAVEUSDT,trade,rebalance,-0.71205282819668803,396.75799999999998,-282.51265600966155,0,0,0.14125632800483076,0.070628164002415381,,
2021-03-04T00:00:00Z,ADAUSDT,trade,rebalance,-449.15083589809143,1.21411,-545.31852137223177,0,0,0.2726592606861159,0.13632963034305795,,
2021-03-04T00:00:00Z,AVAXUSDT,trade,rebalance,9.5892858004971515,27.2197,261.01748270379233,0,0,0.13050874135189616,0.065254370675948081,,
2021-03-04T00:00:00Z,BANDUSDT,trade,rebalance,-251.6881299822374,13.335599999999999,-3356.4122261911248,0,0,1.6782061130955623,0.83910305654778117,,
2021-03-04T00:00:00Z,BCHUSDT,trade,rebalance,-0.036947403467956441,521.34000000000003,-19.262159323984413,0,0,0.0096310796619922066,0.0048155398309961033,,
2021-03-04T00:00:00Z,DOTUSDT,trade,rebalance,-9.6810918094629841,37.040999999999997,-358.59732171431835,0,0,0.17929866085715918,0.089649330428579588,,
2021-03-04T00:00:00Z,EGLDUSDT,trade,rebalance,23.705172967043264,141.697,3358.9518939111294,0,0,1.6794759469555647,0.83973797347778234,,
2021-03-04T00:00:00Z,EOSUSDT,trade,rebalance,-9.2403239025800303,3.8290000000000002,-35.38120022297894,0,0,0.017690600111489471,0.0088453000557447356,,
2021-03-04T00:00:00Z,ETCUSDT,trade,rebalance,-14.278559536504872,11.256,-160.71946614289885,0,0,0.080359733071449432,0.040179866535724716,,
2021-03-04T00:00:00Z,LTCUSDT,trade,rebalance,0.70637161822450167,187.81,132.66365361874367,0,0,0.06633182680937183,0.033165913404685915,,
2021-03-04T00:00:00Z,OMGUSDT,trade,rebalance,20.491241309146631,4.8385999999999996,99.148920198436883,0,0,0.04957446009921844,0.02478723004960922,,
2021-03-04T00:00:00Z,SOLUSDT,trade,rebalance,42.821306017289345,14.0915,603.41643374263276,0,0,0.30170821687131638,0.15085410843565819,,
2021-03-04T00:00:00Z,SUSHIUSDT,trade,rebalance,-36.792851059922157,17.417000000000002,-640.82108691066423,0,0,0.3204105434553321,0.16020527172766605,,
2021-03-04T00:00:00Z,SXPUSDT,trade,rebalance,177.37771473724774,2.6089000000000002,462.76071997800568,0,0,0.23138035998900286,0.11569017999450143,,
2021-03-04T00:00:00Z,UNIUSDT,trade,rebalance,-1.3872871049394746,25.375399999999999,-35.202965202681142,0,0,0.017601482601340569,0.0088007413006702846,,
2021-03-04T00:00:00Z,XRPUSDT,trade,rebalance,-287.11747825589737,0.44890000000000002,-128.88703598907233,0,0,0.064443517994536154,0.032221758997268077,,
2021-03-04T00:00:00Z,YFIUSDT,trade,rebalance,0.099775207168508323,33764.5,3368.8599824410994,0,0,1.6844299912205498,0.84221499561027491,,
2021-03-08T00:00:00Z,BANDUSDT,risk_policy_action,before_rebalance,251.68812998223743,13.4688,3389.9370851047593,0,0,1.6949685425523795,0.84748427127618975,membership_exit,team-05-udcc-none-v1
2021-03-08T00:00:00Z,OMGUSDT,risk_policy_action,before_rebalance,693.19532011307649,5.1360999999999999,3560.3204836327723,0,0,1.780160241816386,0.890080120908193,membership_exit,team-05-udcc-none-v1
2021-03-11T00:00:00Z,AAVEUSDT,trade,rebalance,-8.4665608989307728,406.59399999999999,-3442.4528621398586,0,0,1.721226431069929,0.8606132155349645,,
2021-03-11T00:00:00Z,ADAUSDT,trade,rebalance,179.46104730704383,1.13293,203.31680432556917,0,0,0.10165840216278459,0.050829201081392293,,
2021-03-11T00:00:00Z,AVAXUSDT,trade,rebalance,-10.650607261699491,29.629200000000001,-315.5689726783466,0,0,0.1577844863391733,0.078892243169586651,,
2021-03-11T00:00:00Z,BCHUSDT,trade,rebalance,0.3434740522149804,547.22000000000003,187.95587085308159,0,0,0.093977935426540801,0.046988967713270401,,
2021-03-11T00:00:00Z,BNBUSDT,trade,rebalance,11.979221325599481,278.39699999999999,3334.9792793829183,0,0,1.6674896396914591,0.83374481984572957,,
2021-03-11T00:00:00Z,DOTUSDT,trade,rebalance,-1.8180091054493488,37.595999999999997,-68.349870328473713,0,0,0.034174935164236857,0.017087467582118428,,
2021-03-11T00:00:00Z,EGLDUSDT,trade,rebalance,-1.6085246994666349,151.095,-243.04003946591121,0,0,0.12152001973295559,0.060760009866477796,,
2021-03-11T00:00:00Z,EOSUSDT,trade,rebalance,41.411980706379723,3.9940000000000002,165.39945094128063,0,0,0.08269972547064032,0.04134986273532016,,
2021-03-11T00:00:00Z,ETCUSDT,trade,rebalance,19.318373420097544,11.968999999999999,231.22161146514748,0,0,0.11561080573257372,0.05780540286628686,,
2021-03-11T00:00:00Z,LTCUSDT,trade,rebalance,1.2333231673932872,200.53,247.31829475737587,0,0,0.12365914737868793,0.061829573689343963,,
2021-03-11T00:00:00Z,ONTUSDT,trade,rebalance,-2923.921115886149,1.1414,-3337.3635616724505,0,0,1.6686817808362251,0.83434089041811255,,
2021-03-11T00:00:00Z,SOLUSDT,trade,rebalance,-3.616574842239487,14.2371,-51.489537686447797,0,0,0.025744768843223898,0.012872384421611949,,
2021-03-11T00:00:00Z,SUSHIUSDT,trade,rebalance,-6.6388657306338814,17.9529,-119.18689257549701,0,0,0.059593446287748507,0.029796723143874253,,
2021-03-11T00:00:00Z,SXPUSDT,trade,rebalance,225.99029774202677,3.1463000000000001,711.03327378573886,0,0,0.35551663689286944,0.17775831844643472,,
2021-03-11T00:00:00Z,UNIUSDT,trade,rebalance,-24.369808389799218,30.950299999999999,-754.25288060680271,0,0,0.37712644030340137,0.18856322015170068,,
2021-03-11T00:00:00Z,XRPUSDT,trade,rebalance,260.23434024765538,0.46210000000000001,120.25428862844156,0,0,0.060127144314220775,0.030063572157110387,,
2021-03-11T00:00:00Z,YFIUSDT,trade,rebalance,-0.088072822942510648,37888.800000000003,-3336.9735739041976,0,0,1.668486786952099,0.83424339347604948,,
2021-03-15T00:00:00Z,ONTUSDT,risk_policy_action,before_rebalance,2923.921115886149,1.0673999999999999,3120.9933990968752,0,0,1.5604966995484375,0.78024834977421875,membership_exit,team-05-udcc-none-v1
2021-03-18T00:00:00Z,ADAUSDT,trade,rebalance,-510.47216768065113,1.3803000000000001,-704.60473304960283,0,0,0.35230236652480146,0.17615118326240073,,
2021-03-18T00:00:00Z,AVAXUSDT,trade,rebalance,-9.911092026193117,32.726300000000002,-324.35337097680383,0,0,0.16217668548840192,0.081088342744200959,,
2021-03-18T00:00:00Z,BCHUSDT,trade,rebalance,-0.1057213168846669,542.16999999999996,-57.318926375359851,0,0,0.028659463187679927,0.014329731593839963,,
2021-03-18T00:00:00Z,BNBUSDT,trade,rebalance,-11.979221325599481,270.18700000000001,-3236.6298722997471,0,0,1.6183149361498737,0.80915746807493683,,
2021-03-18T00:00:00Z,DASHUSDT,trade,rebalance,-14.627404249576038,229.78,-3361.0849484675823,0,0,1.6805424742337913,0.84027123711689566,,
2021-03-18T00:00:00Z,DOTUSDT,trade,rebalance,4.2400267931816558,36.152999999999999,153.28968865389641,0,0,0.076644844326948208,0.038322422163474104,,
2021-03-18T00:00:00Z,EGLDUSDT,trade,rebalance,2.633055927603305,136.09899999999999,358.35627869088216,0,0,0.17917813934544108,0.089589069672720539,,
2021-03-18T00:00:00Z,ENJUSDT,trade,rebalance,1365.5223648007147,2.4620199999999999,3361.9433725866556,0,0,1.6809716862933277,0.84048584314666386,,
2021-03-18T00:00:00Z,EOSUSDT,trade,rebalance,14.075515156992765,4.093,57.611083537571389,0,0,0.028805541768785695,0.014402770884392848,,
2021-03-18T00:00:00Z,ETCUSDT,trade,rebalance,11.788288014650334,12.587999999999999,148.3909695284184,0,0,0.074195484764209202,0.037097742382104601,,
2021-03-18T00:00:00Z,KSMUSDT,trade,rebalance,9.7126535773556455,346.149,3362.0253231480792,0,0,1.6810126615740395,0.84050633078701975,,
2021-03-18T00:00:00Z,LTCUSDT,trade,rebalance,0.33878524208820693,206.13,69.833801951642087,0,0,0.034916900975821043,0.017458450487910521,,
2021-03-18T00:00:00Z,SOLUSDT,trade,rebalance,1.7348064213848886,14.232699999999999,24.690979353644703,0,0,0.012345489676822353,0.0061727448384111764,,
2021-03-18T00:00:00Z,SUSHIUSDT,trade,rebalance,-17.193283157509995,19.924800000000001,-342.57272825675517,0,0,0.17128636412837758,0.085643182064188791,,
2021-03-18T00:00:00Z,SXPUSDT,trade,rebalance,17.069359028741474,3.2208000000000001,54.976991559770539,0,0,0.027488495779885273,0.013744247889942636,,
2021-03-18T00:00:00Z,TRXUSDT,trade,rebalance,-61312.949110186179,0.054820000000000001,-3361.1758702204065,0,0,1.6805879351102033,0.84029396755510166,,
2021-03-18T00:00:00Z,UNIUSDT,trade,rebalance,-107.85954475089532,31.342700000000001,-3380.609353263887,0,0,1.6903046766319436,0.84515233831597181,,
2021-03-18T00:00:00Z,XRPUSDT,trade,rebalance,7220.9512656577162,0.4708,3399.6238558716527,0,0,1.6998119279358264,0.84990596396791318,,
2021-03-18T00:00:00Z,YFIUSDT,trade,rebalance,-0.0075085505239252679,35151.099999999999,-263.93381032154946,0,0,0.13196690516077475,0.065983452580387375,,
2021-03-22T00:00:00Z,DASHUSDT,risk_policy_action,before_rebalance,14.627404249576038,221.16,3234.9967238362365,0,0,1.6174983619181182,0.80874918095905912,membership_exit,team-05-udcc-none-v1
2021-03-22T00:00:00Z,EGLDUSDT,risk_policy_action,before_rebalance,-24.729704195179934,138.50399999999999,-3425.1629498492016,0,0,1.7125814749246009,0.85629073746230044,membership_exit,team-05-udcc-none-v1
2021-03-25T00:00:00Z,ADAUSDT,trade,rebalance,703.47290033118998,1.0689,751.94218316400895,0,0,0.37597109158200448,0.18798554579100224,,
2021-03-25T00:00:00Z,ALGOUSDT,trade,rebalance,-3259.6325714118402,1.0283,-3351.8801731827953,0,0,1.6759400865913976,0.8379700432956988,,
2021-03-25T00:00:00Z,AVAXUSDT,trade,rebalance,27.085151731575849,25.8078,699.00817885816321,0,0,0.34950408942908162,0.17475204471454081,,
2021-03-25T00:00:00Z,BCHUSDT,trade,rebalance,-0.86371465370911871,474.36000000000001,-409.71168313345754,0,0,0.20485584156672876,0.10242792078336438,,
2021-03-25T00:00:00Z,BNBUSDT,trade,rebalance,13.483734695009764,248.52000000000001,3350.9777464038266,0,0,1.6754888732019131,0.83774443660095654,,
2021-03-25T00:00:00Z,DOTUSDT,trade,rebalance,17.912030533261188,30.202999999999999,540.99705819608766,0,0,0.27049852909804384,0.13524926454902192,,
2021-03-25T00:00:00Z,ENJUSDT,trade,rebalance,-1365.5223648007147,2.1489500000000001,-2934.4392858384963,0,0,1.4672196429192481,0.73360982145962406,,
2021-03-25T00:00:00Z,EOSUSDT,trade,rebalance,-85.878616784749966,3.6920000000000002,-317.06385316929686,0,0,0.15853192658464843,0.079265963292324215,,
2021-03-25T00:00:00Z,ETCUSDT,trade,rebalance,-29.938945375766991,11.295,-338.16038801928818,0,0,0.16908019400964408,0.08454009700482204,,
2021-03-25T00:00:00Z,KSMUSDT,trade,rebalance,-1.7970994782388381,423.053,-760.2683255673752,0,0,0.38013416278368761,0.19006708139184381,,
2021-03-25T00:00:00Z,LINKUSDT,trade,rebalance,134.7291252694946,24.876000000000001,3351.521720203948,0,0,1.675760860101974,0.837880430050987,,
2021-03-25T00:00:00Z,LTCUSDT,trade,rebalance,-2.7134030960524456,176.16999999999999,-478.02022343155932,0,0,0.23901011171577966,0.11950505585788983,,
2021-03-25T00:00:00Z,SOLUSDT,trade,rebalance,10.301004955346912,13.582700000000001,139.91546000699051,0,0,0.069957730003495255,0.034978865001747628,,
2021-03-25T00:00:00Z,SUSHIUSDT,trade,rebalance,55.746010523810781,14.932600000000001,832.43287674785688,0,0,0.41621643837392841,0.20810821918696421,,
2021-03-25T00:00:00Z,SXPUSDT,trade,rebalance,-120.36852201380974,2.8727,-345.78265318907125,0,0,0.17289132659453563,0.086445663297267814,,
2021-03-25T00:00:00Z,TRXUSDT,trade,rebalance,1114.5724241360731,0.055649999999999998,62.025955403172468,0,0,0.031012977701586231,0.015506488850793115,,
2021-03-25T00:00:00Z,YFIUSDT,trade,rebalance,-0.012815670533245003,30892.299999999999,-395.90553881416463,0,0,0.19795276940708231,0.098976384703541156,,
2021-03-29T00:00:00Z,YFIUSDT,risk_policy_action,before_rebalance,0.10839704399968092,32660.299999999999,3540.2799761427787,0,0,1.7701399880713893,0.88506999403569464,membership_exit,team-05-udcc-none-v1
2021-04-01T00:00:00Z,ADAUSDT,trade,rebalance,-388.78951384512857,1.1936500000000001,-464.07860320123774,0,0,0.23203930160061886,0.11601965080030943,,
2021-04-01T00:00:00Z,ALGOUSDT,trade,rebalance,861.63103190973425,1.3684000000000001,1179.0559040652804,0,0,0.58952795203264019,0.2947639760163201,,
2021-04-01T00:00:00Z,AVAXUSDT,trade,rebalance,-15.858178461883298,28.811699999999998,-456.90108039024301,0,0,0.22845054019512148,0.11422527009756074,,
2021-04-01T00:00:00Z,BCHUSDT,trade,rebalance,1.0077182346301461,541.86000000000001,546.04220261669093,0,0,0.27302110130834545,0.13651055065417272,,
2021-04-01T00:00:00Z,BNBUSDT,trade,rebalance,-2.6399469018519834,302.702,-799.11720708439907,0,0,0.39955860354219952,0.19977930177109976,,
2021-04-01T00:00:00Z,DOGEUSDT,trade,rebalance,60986.079959909723,0.053828000000000001,3282.7587120820208,0,0,1.6413793560410104,0.82068967802050519,,
2021-04-01T00:00:00Z,DOTUSDT,trade,rebalance,-22.498863769642455,37.122,-835.20282085666724,0,0,0.41760141042833365,0.20880070521416683,,
2021-04-01T00:00:00Z,ENJUSDT,trade,rebalance,1284.5028990068813,2.5551699999999999,3282.1232724554129,0,0,1.6410616362277066,0.82053081811385331,,
2021-04-01T00:00:00Z,EOSUSDT,trade,rebalance,225.08680428105276,4.8129999999999997,1083.3427890047069,0,0,0.54167139450235346,0.27083569725117673,,
2021-04-01T00:00:00Z,ETCUSDT,trade,rebalance,65.03888367942443,14.156000000000001,920.69043736593221,0,0,0.46034521868296613,0.23017260934148306,,
2021-04-01T00:00:00Z,KAVAUSDT,trade,rebalance,-552.80705210931512,5.9377000000000004,-3282.4024333094808,0,0,1.6412012166547403,0.82060060832737014,,
2021-04-01T00:00:00Z,KSMUSDT,trade,rebalance,-1.3105644387174085,496.60199999999998,-650.82892139594242,0,0,0.3254144606979712,0.1627072303489856,,
2021-04-01T00:00:00Z,LINKUSDT,trade,rebalance,-134.7291252694946,29.475000000000001,-3971.1409673183534,0,0,1.9855704836591765,0.99278524182958827,,
2021-04-01T00:00:00Z,LTCUSDT,trade,rebalance,2.3624245667802022,197.00999999999999,465.42126390136764,0,0,0.23271063195068381,0.11635531597534191,,
2021-04-01T00:00:00Z,SOLUSDT,trade,rebalance,-77.441796868935228,19.404800000000002,-1502.7425798823144,0,0,0.75137128994115721,0.3756856449705786,,
2021-04-01T00:00:00Z,SUSHIUSDT,trade,rebalance,-224.43028154832527,14.742800000000001,-3308.7307548106501,0,0,1.6543653774053251,0.82718268870266254,,
2021-04-01T00:00:00Z,SXPUSDT,trade,rebalance,226.55548195761241,3.4983,792.55904253231552,0,0,0.39627952126615773,0.19813976063307887,,
2021-04-01T00:00:00Z,TRXUSDT,trade,rebalance,60198.376686050105,0.093270000000000006,5614.7025935078937,0,0,2.8073512967539469,1.4036756483769735,,
2021-04-01T00:00:00Z,XLMUSDT,trade,rebalance,-8081.5191011144598,0.40611000000000003,-3281.9857221535935,0,0,1.640992861076797,0.82049643053839849,,
2021-04-08T00:00:00Z,ADAUSDT,trade,rebalance,5.4674342157186402,1.17414,6.419533210043884,0,0,0.0032097666050219416,0.0016048833025109708,,
2021-04-08T00:00:00Z,ALGOUSDT,trade,rebalance,2398.001539502106,1.3047,3128.6726085883975,0,0,1.5643363042941987,0.78216815214709934,,
2021-04-08T00:00:00Z,AVAXUSDT,trade,rebalance,-4.4496138029106476,29.568899999999999,-131.57018557688465,0,0,0.065785092788442329,0.032892546394221164,,
2021-04-08T00:00:00Z,BCHUSDT,trade,rebalance,0.80501198277793584,616.19000000000005,496.04033366793635,0,0,0.24802016683396819,0.12401008341698409,,
2021-04-08T00:00:00Z,BNBUSDT,trade,rebalance,-2.2322230566583201,375.947,-839.19756148152544,0,0,0.41959878074076268,0.20979939037038134,,
2021-04-08T00:00:00Z,DOGEUSDT,trade,rebalance,-5993.5969798594961,0.058833000000000003,-352.62129111607373,0,0,0.17631064555803685,0.088155322779018427,,
2021-04-08T00:00:00Z,DOTUSDT,trade,rebalance,-6.6532137129358668,39.575000000000003,-263.30093268943693,0,0,0.13165046634471847,0.065825233172359235,,
2021-04-08T00:00:00Z,ENJUSDT,trade,rebalance,-144.90972320406195,2.8401800000000001,-411.56969764971268,0,0,0.20578484882485637,0.10289242441242819,,
2021-04-08T00:00:00Z,EOSUSDT,trade,rebalance,132.99045805472906,5.8920000000000003,783.57977885846367,0,0,0.39178988942923182,0.19589494471461591,,
2021-04-08T00:00:00Z,ETCUSDT,trade,rebalance,63.034324646602329,19.149999999999999,1207.1073169824344,0,0,0.60355365849121723,0.30177682924560861,,
2021-04-08T00:00:00Z,KAVAUSDT,trade,rebalance,552.80705210931512,6.5315000000000003,3610.6592608519918,0,0,1.8053296304259958,0.90266481521299791,,
2021-04-08T00:00:00Z,KSMUSDT,trade,rebalance,0.9506616718040819,428.45999999999998,407.3204999011769,0,0,0.20366024995058846,0.10183012497529423,,
2021-04-08T00:00:00Z,LTCUSDT,trade,rebalance,1.9074379867153441,219.31,418.32022486654211,0,0,0.20916011243327107,0.10458005621663553,,
2021-04-08T00:00:00Z,MKRUSDT,trade,rebalance,-1.5361111463276345,2105.77,-3234.6967686023427,0,0,1.6173483843011713,0.80867419215058567,,
2021-04-08T00:00:00Z,ONTUSDT,trade,rebalance,-1840.6989756863506,1.7597,-3239.0779875152712,0,0,1.6195389937576357,0.80976949687881783,,
2021-04-08T00:00:00Z,SOLUSDT,trade,rebalance,-47.194563749950035,26.562899999999999,-1253.6244774335478,0,0,0.62681223871677394,0.31340611935838697,,
2021-04-08T00:00:00Z,SXPUSDT,trade,rebalance,147.38427427957402,4.0937999999999999,603.36174204572012,0,0,0.30168087102286006,0.15084043551143003,,
2021-04-08T00:00:00Z,XLMUSDT,trade,rebalance,1243.1452877315496,0.47360999999999998,588.76603972253918,0,0,0.29438301986126958,0.14719150993063479,,
2021-04-15T00:00:00Z,ADAUSDT,trade,rebalance,-505.84691715125967,1.4544299999999999,-735.71893171230658,0,0,0.36785946585615331,0.18392973292807666,,
2021-04-15T00:00:00Z,ALGOUSDT,trade,rebalance,-2229.8900369825269,1.4666999999999999,-3270.5797172422722,0,0,1.635289858621136,0.81764492931056798,,
2021-04-15T00:00:00Z,AVAXUSDT,trade,rebalance,-24.556986779361935,38.489100000000001,-945.17631984953948,0,0,0.47258815992476977,0.23629407996238488,,
2021-04-15T00:00:00Z,BCHUSDT,trade,rebalance,1.2426847058160098,815.74000000000001,1013.7076219223518,0,0,0.50685381096117588,0.25342690548058794,,
2021-04-15T00:00:00Z,BNBUSDT,trade,rebalance,-2.6643520288390814,549.78800000000001,-1464.8287732313809,0,0,0.73241438661569047,0.36620719330784524,,
2021-04-15T00:00:00Z,DOGEUSDT,trade,rebalance,-28104.557482585613,0.121715,-3420.746213992908,0,0,1.7103731069964538,0.85518655349822692,,
2021-04-15T00:00:00Z,DOTUSDT,trade,rebalance,-81.731600112405687,42.582000000000001,-3480.2949959864591,0,0,1.7401474979932297,0.87007374899661483,,
2021-04-15T00:00:00Z,ENJUSDT,trade,rebalance,-1139.5931758028194,2.9147599999999998,-3321.6406051030253,0,0,1.6608203025515125,0.83041015127575624,,
2021-04-15T00:00:00Z,EOSUSDT,trade,rebalance,123.33744351479413,7.681,947.3549036371337,0,0,0.4736774518185668,0.2368387259092834,,
2021-04-15T00:00:00Z,ETCUSDT,trade,rebalance,19.868025550697524,21.949000000000002,436.08329281225997,0,0,0.21804164640613,0.109020823203065,,
2021-04-15T00:00:00Z,KSMUSDT,trade,rebalance,-0.38124677326235012,455.77600000000001,-173.7631293304209,0,0,0.086881564665210451,0.043440782332605225,,
2021-04-15T00:00:00Z,LTCUSDT,trade,rebalance,3.0535398586838944,279.54000000000002,853.58653209649594,0,0,0.42679326604824802,0.21339663302412401,,
2021-04-15T00:00:00Z,MATICUSDT,trade,rebalance,7891.5506483218314,0.41461999999999999,3271.9947298071975,0,0,1.6359973649035986,0.8179986824517993,,
2021-04-15T00:00:00Z,MKRUSDT,trade,rebalance,1.5361111463276345,2685.9099999999999,4125.8562890328567,0,0,2.0629281445164285,1.0314640722582142,,
2021-04-15T00:00:00Z,ONTUSDT,trade,rebalance,123.23381032600832,1.9043000000000001,234.67414500381767,0,0,0.11733707250190882,0.05866853625095441,,
2021-04-15T00:00:00Z,SOLUSDT,trade,rebalance,1.7914251372849037,26.4313,47.349695231118474,0,0,0.023674847615559234,0.011837423807779617,,
2021-04-15T00:00:00Z,SXPUSDT,trade,rebalance,67.403792903707199,4.5212000000000003,304.74602847624101,0,0,0.1523730142381205,0.076186507119060248,,
2021-04-15T00:00:00Z,THETAUSDT,trade,rebalance,268.85935666281711,12.162800000000001,3270.0825832185119,0,0,1.6350412916092558,0.81752064580462791,,
2021-04-15T00:00:00Z,XLMUSDT,trade,rebalance,1698.2153814777603,0.63610999999999995,1080.251786311818,0,0,0.54012589315590909,0.27006294657795454,,
2021-04-19T00:00:00Z,MATICUSDT,risk_policy_action,before_rebalance,-7891.5506483218323,0.36342999999999998,-2868.0262521196032,0,0,1.4340131260598017,0.71700656302990085,membership_exit,team-05-udcc-none-v1
2021-04-22T00:00:00Z,ADAUSDT,trade,rebalance,553.97679935857377,1.20441,667.21519691545984,0,0,0.33360759845772991,0.16680379922886496,,
2021-04-22T00:00:00Z,ALGOUSDT,trade,rebalance,2229.8900369825269,1.2118,2702.1807468154261,0,0,1.3510903734077131,0.67554518670385655,,
2021-04-22T00:00:00Z,ANKRUSDT,trade,rebalance,-22976.782137171373,0.14671100000000001,-3370.9466841265494,0,0,1.6854733420632746,0.8427366710316373,,
2021-04-22T00:00:00Z,AVAXUSDT,trade,rebalance,45.567621753226376,25.840800000000002,1177.5038002007723,0,0,0.58875190010038614,0.29437595005019307,,
2021-04-22T00:00:00Z,BCHUSDT,trade,rebalance,4.0091546668781994,909.97000000000003,3648.2104722191552,0,0,1.8241052361095775,0.91205261805478877,,
2021-04-22T00:00:00Z,BNBUSDT,trade,rebalance,0.25234713818725041,544.404,137.37879141769187,0,0,0.068689395708845941,0.03434469785442297,,
2021-04-22T00:00:00Z,CHZUSDT,trade,rebalance,6465.3532803726357,0.52200000000000002,3374.9144123545161,0,0,1.6874572061772581,0.84372860308862907,,
2021-04-22T00:00:00Z,DOGEUSDT,trade,rebalance,-26887.925497464614,0.305983,-8227.2481074907155,0,0,4.1136240537453572,2.0568120268726786,,
2021-04-22T00:00:00Z,EOSUSDT,trade,rebalance,-107.976073419302,6.3230000000000004,-682.73271223024653,0,0,0.34136635611512328,0.17068317805756164,,
2021-04-22T00:00:00Z,ETCUSDT,trade,rebalance,148.99549692955955,31.928999999999998,4757.2772214639062,0,0,2.378638610731953,1.1893193053659765,,
2021-04-22T00:00:00Z,GRTUSDT,trade,rebalance,2213.0950501670127,1.5249600000000001,3374.8814277026877,0,0,1.6874407138513436,0.84372035692567182,,
2021-04-22T00:00:00Z,KSMUSDT,trade,rebalance,2.4656835390976042,350.09800000000001,863.2308756709931,0,0,0.43161543783549661,0.2158077189177483,,
2021-04-22T00:00:00Z,LINKUSDT,trade,rebalance,-93.014359800567306,36.280999999999999,-3374.6539879243824,0,0,1.6873269939621911,0.84366349698109555,,
2021-04-22T00:00:00Z,LTCUSDT,trade,rebalance,-1.3846598698608901,257.95999999999998,-357.1868600293152,0,0,0.17859343001465758,0.089296715007328789,,
2021-04-22T00:00:00Z,ONTUSDT,trade,rebalance,-79.970394321745971,1.8764000000000001,-150.05644790532415,0,0,0.075028223952662079,0.03751411197633104,,
2021-04-22T00:00:00Z,SOLUSDT,trade,rebalance,-20.207152702811541,32.645299999999999,-659.66856212909363,0,0,0.32983428106454682,0.16491714053227341,,
2021-04-22T00:00:00Z,STORJUSDT,trade,rebalance,-1844.2117348783286,1.8317000000000001,-3378.0426347766347,0,0,1.6890213173883175,0.84451065869415876,,
2021-04-22T00:00:00Z,SXPUSDT,trade,rebalance,723.24231460974238,3.7292999999999998,2697.1875638741121,0,0,1.3485937819370559,0.67429689096852796,,
2021-04-22T00:00:00Z,THETAUSDT,trade,rebalance,-268.85935666281711,11.0299,-2965.4918180552063,0,0,1.4827459090276032,0.74137295451380159,,
2021-04-22T00:00:00Z,VETUSDT,trade,rebalance,14912.491324677349,0.22638900000000001,3376.0239985023804,0,0,1.6880119992511904,0.84400599962559519,,
2021-04-22T00:00:00Z,XLMUSDT,trade,rebalance,-1754.7704417553241,0.48952000000000001,-858.99522664806625,0,0,0.42949761332403313,0.21474880666201657,,
2021-04-22T00:00:00Z,XTZUSDT,trade,rebalance,-632.43140703230551,5.335,-3374.0215565173498,0,0,1.687010778258675,0.84350538912933748,,
2021-04-26T00:00:00Z,ANKRUSDT,risk_policy_action,before_rebalance,22976.782137171373,0.12581800000000001,2890.8927749346281,0,0,1.445446387467314,0.72272319373365701,membership_exit,team-05-udcc-none-v1
2021-04-29T00:00:00Z,1INCHUSDT,trade,rebalance,-622.20951334672441,5.5602999999999998,-3459.6715570617916,0,0,1.729835778530896,0.86491788926544799,,
2021-04-29T00:00:00Z,ADAUSDT,trade,rebalance,-219.76384584195284,1.3387100000000001,-294.2000580670807,0,0,0.14710002903354033,0.073550014516770165,,
2021-04-29T00:00:00Z,AVAXUSDT,trade,rebalance,-8.2245891985705413,28.2835,-232.62016859776992,0,0,0.11631008429888495,0.058155042149442476,,
2021-04-29T00:00:00Z,BNBUSDT,trade,rebalance,-0.059592689979091951,563.053,-33.553842870797659,0,0,0.016776921435398832,0.0083884607176994159,,
2021-04-29T00:00:00Z,CHZUSDT,trade,rebalance,-23.587763727546189,0.53678999999999999,-12.661675691309519,0,0,0.0063308378456547595,0.0031654189228273798,,
2021-04-29T00:00:00Z,CRVUSDT,trade,rebalance,-1139.8448611396493,3.0339999999999998,-3458.289308697696,0,0,1.729144654348848,0.864572327174424,,
2021-04-29T00:00:00Z,EOSUSDT,trade,rebalance,-46.412918223553902,5.96,-276.62099261238126,0,0,0.13831049630619063,0.069155248153095317,,
2021-04-29T00:00:00Z,GRTUSDT,trade,rebalance,-2213.0950501670127,1.5347500000000001,-3396.5476282438231,0,0,1.6982738141219118,0.8491369070609559,,
2021-04-29T00:00:00Z,KSMUSDT,trade,rebalance,-0.86888452294538621,394.27699999999999,-342.58118305333801,0,0,0.17129059152666901,0.085645295763334503,,
2021-04-29T00:00:00Z,LINKUSDT,trade,rebalance,-2.3145937847866094,36.286000000000001,-83.987350074766908,0,0,0.041993675037383459,0.020996837518691729,,
2021-04-29T00:00:00Z,LTCUSDT,trade,rebalance,-0.28563016606729974,258.68000000000001,-73.886811358289094,0,0,0.036943405679144545,0.018471702839572272,,
2021-04-29T00:00:00Z,MKRUSDT,trade,rebalance,0.78219574879707543,4419.7600000000002,3457.1174827033624,0,0,1.7285587413516812,0.8642793706758406,,
2021-04-29T00:00:00Z,ONTUSDT,trade,rebalance,1797.4355596820883,1.7065999999999999,3067.5035261534517,0,0,1.5337517630767259,0.76687588153836295,,
2021-04-29T00:00:00Z,SOLUSDT,trade,rebalance,-26.468996640366687,44.906500000000001,-1188.6299976306266,0,0,0.59431499881531324,0.29715749940765662,,
2021-04-29T00:00:00Z,STORJUSDT,trade,rebalance,1844.2117348783286,2.0204,3726.0453891481752,0,0,1.8630226945740878,0.93151134728704388,,
2021-04-29T00:00:00Z,SUSHIUSDT,trade,rebalance,-241.50295693878027,14.318899999999999,-3458.0566901107009,0,0,1.7290283450553503,0.86451417252767515,,
2021-04-29T00:00:00Z,VETUSDT,trade,rebalance,2480.8298372551089,0.19880999999999999,493.21377994468816,0,0,0.24660688997234406,0.12330344498617203,,
2021-04-29T00:00:00Z,XLMUSDT,trade,rebalance,-48.005661967580636,0.49804999999999999,-23.909219942953534,0,0,0.011954609971476769,0.0059773049857383843,,
2021-04-29T00:00:00Z,XTZUSDT,trade,rebalance,632.43140703230551,5.2539999999999996,3322.7946125477329,0,0,1.6613973062738663,0.83069865313693314,,
2021-04-29T00:00:00Z,YFIUSDT,trade,rebalance,-0.071946254680226904,48067.300000000003,-3458.2622075908707,0,0,1.7291311037954353,0.86456555189771767,,
2021-05-03T00:00:00Z,KSMUSDT,risk_policy_action,before_rebalance,-8.7712035750933488,414.36799999999999,-3634.5060830042808,0,0,1.8172530415021404,0.9086265207510702,membership_exit,team-05-udcc-none-v1
2021-05-03T00:00:00Z,YFIUSDT,risk_policy_action,before_rebalance,0.071946254680226904,48543.800000000003,3492.5445979459992,0,0,1.7462722989729995,0.87313614948649976,membership_exit,team-05-udcc-none-v1
2021-05-06T00:00:00Z,1INCHUSDT,trade,rebalance,622.20951334672441,5.9843000000000002,3723.4883907208032,0,0,1.8617441953604015,0.93087209768020074,,
2021-05-06T00:00:00Z,ADAUSDT,trade,rebalance,-2583.3143774737728,1.48234,-3829.3502343044725,0,0,1.9146751171522363,0.95733755857611813,,
2021-05-06T00:00:00Z,AVAXUSDT,trade,rebalance,-122.2992261902353,35.332700000000003,-4321.1618692117272,0,0,2.1605809346058633,1.0802904673029317,,
2021-05-06T00:00:00Z,BNBUSDT,trade,rebalance,-6.1399671558685371,652,-4003.2585856262863,0,0,2.0016292928131434,1.0008146464065717,,
2021-05-06T00:00:00Z,CHZUSDT,trade,rebalance,-6441.7655166450895,0.52000999999999997,-3349.782486310613,0,0,1.6748912431553065,0.83744562157765323,,
2021-05-06T00:00:00Z,CRVUSDT,trade,rebalance,1139.8448611396493,3.097,3530.0995349494938,0,0,1.7650497674747467,0.88252488373737337,,
2021-05-06T00:00:00Z,EOSUSDT,trade,rebalance,580.13198384587474,8.7319999999999993,5065.7124829421782,0,0,2.5328562414710891,1.2664281207355446,,
2021-05-06T00:00:00Z,LINKUSDT,trade,rebalance,95.328953585353915,49.664000000000001,4734.417150863017,0,0,2.3672085754315084,1.1836042877157542,,
2021-05-06T00:00:00Z,LTCUSDT,trade,rebalance,13.366191381325189,356.75,4768.3887752877608,0,0,2.3841943876438805,1.1920971938219402,,
2021-05-06T00:00:00Z,MKRUSDT,trade,rebalance,-0.78219574879707543,5425.6999999999998,-4243.9594742482923,0,0,2.1219797371241462,1.0609898685620731,,
2021-05-06T00:00:00Z,SOLUSDT,trade,rebalance,-77.0474787003062,45.0381,-3470.0720504522606,0,0,1.7350360252261303,0.86751801261306516,,
2021-05-06T00:00:00Z,SUSHIUSDT,trade,rebalance,241.50295693878027,14.385899999999999,3474.2373882255988,0,0,1.7371186941127994,0.8685593470563997,,
2021-05-06T00:00:00Z,VETUSDT,trade,rebalance,-17393.321161932457,0.20744699999999999,-3608.1922950794024,0,0,1.8040961475397013,0.90204807376985063,,
2021-05-06T00:00:00Z,XLMUSDT,trade,rebalance,6942.9345356280546,0.60663,4211.792377348047,0,0,2.1058961886740235,1.0529480943370118,,
2021-05-27T00:00:00Z,1INCHUSDT,trade,rebalance,-988.39835714655965,3.411,-3371.426796226915,0,0,1.6857133981134576,0.84285669905672878,,
2021-05-27T00:00:00Z,ADAUSDT,trade,rebalance,1899.569423157855,1.778,3377.4344343746661,0,0,1.6887172171873333,0.84435860859366663,,
2021-05-27T00:00:00Z,DOTUSDT,trade,rebalance,-137.73061092044077,24.529,-3378.3941552674914,0,0,1.6891970776337457,0.84459853881687286,,
2021-05-27T00:00:00Z,ETCUSDT,trade,rebalance,42.376085310651675,79.730000000000004,3378.6452818182584,0,0,1.6893226409091291,0.84466132045456455,,
2021-05-27T00:00:00Z,LINKUSDT,trade,rebalance,99.347768526207275,34.011000000000003,3378.916955344836,0,0,1.689458477672418,0.84472923883620898,,
2021-05-27T00:00:00Z,LTCUSDT,trade,rebalance,-16.987938856306705,198.86000000000001,-3378.2215209651517,0,0,1.6891107604825759,0.84455538024128796,,
2021-05-27T00:00:00Z,LUNAUSDT,trade,rebalance,-460.31087627267362,7.3390000000000004,-3378.2215209651517,0,0,1.6891107604825759,0.84455538024128796,,
2021-05-27T00:00:00Z,MATICUSDT,trade,rebalance,1531.7903954058297,2.2061600000000001,3379.3746987285253,0,0,1.6896873493642626,0.84484367468213128,,
2021-05-27T00:00:00Z,MKRUSDT,trade,rebalance,0.85203196069639886,3965.0999999999999,3378.391927357291,0,0,1.6891959636786453,0.84459798183932266,,
2021-05-27T00:00:00Z,NEOUSDT,trade,rebalance,-54.07684014015436,62.448999999999998,-3377.0445899124993,0,0,1.6885222949562495,0.84426114747812475,,
2021-05-27T00:00:00Z,ONTUSDT,trade,rebalance,-2595.8364230560564,1.3010999999999999,-3377.4427700382348,0,0,1.6887213850191176,0.84436069250955881,,
2021-05-27T00:00:00Z,QTUMUSDT,trade,rebalance,-268.38972916224293,12.586,-3377.9531312359895,0,0,1.6889765656179949,0.84448828280899746,,
2021-05-27T00:00:00Z,RLCUSDT,trade,rebalance,582.82773340327628,5.8011999999999997,3381.1002470190861,0,0,1.690550123509543,0.84527506175477152,,
2021-05-27T00:00:00Z,SOLUSDT,trade,rebalance,95.352252321990505,35.418999999999997,3377.2814249925814,0,0,1.6886407124962906,0.84432035624814528,,
2021-05-27T00:00:00Z,VETUSDT,trade,rebalance,25403.834862477874,0.13292999999999999,3376.9317682691835,0,0,1.6884658841345919,0.84423294206729593,,
2021-05-27T00:00:00Z,XTZUSDT,trade,rebalance,-860.63449181138492,3.9260000000000002,-3378.8510148514974,0,0,1.6894255074257485,0.84471275371287424,,
2021-06-03T00:00:00Z,1INCHUSDT,trade,rebalance,-0.47808086236625513,3.3725999999999998,-1.612375516416432,0,0,0.00080618775820821592,0.00040309387910410796,,
2021-06-03T00:00:00Z,ADAUSDT,trade,rebalance,2.7435873993883888,1.7532000000000001,4.8100574286077231,0,0,0.0024050287143038617,0.0012025143571519309,,
2021-06-03T00:00:00Z,CHZUSDT,trade,rebalance,-12026.254056068694,0.27744999999999997,-3336.6841878562586,0,0,1.6683420939281293,0.83417104696406463,,
2021-06-03T00:00:00Z,DOTUSDT,trade,rebalance,8.8552883378836782,25.885999999999999,229.22799391445687,0,0,0.11461399695722843,0.057306998478614216,,
2021-06-03T00:00:00Z,ETCUSDT,trade,rebalance,6.4495803052736917,68.331000000000003,440.70627183965667,0,0,0.2203531359198283,0.11017656795991415,,
2021-06-03T00:00:00Z,LINKUSDT,trade,rebalance,-99.347768526207261,30.670999999999999,-3047.0954084673031,0,0,1.5235477042336516,0.7617738521168258,,
2021-06-03T00:00:00Z,LTCUSDT,trade,rebalance,16.987938856306705,187.18000000000001,3179.8023951234891,0,0,1.5899011975617445,0.79495059878087226,,
2021-06-03T00:00:00Z,LUNAUSDT,trade,rebalance,-27.764891444098225,6.8380000000000001,-189.85632769474367,0,0,0.094928163847371835,0.047464081923685918,,
2021-06-03T00:00:00Z,MATICUSDT,trade,rebalance,321.98791071448863,1.7998000000000001,579.51384170393669,0,0,0.28975692085196836,0.14487846042598418,,
2021-06-03T00:00:00Z,MKRUSDT,trade,rebalance,0.084912357028414168,3561.9000000000001,302.44932449950841,0,0,0.1512246622497542,0.0756123311248771,,
2021-06-03T00:00:00Z,NEOUSDT,trade,rebalance,-3.6650959707945034,57.789999999999999,-211.80589615221436,0,0,0.10590294807610717,0.052951474038053586,,
2021-06-03T00:00:00Z,ONTUSDT,trade,rebalance,-243.54342933076441,1.1753,-286.23659249244741,0,0,0.14311829624622371,0.071559148123111857,,
2021-06-03T00:00:00Z,QTUMUSDT,trade,rebalance,-7.5024762602200212,12.09,-90.70493798606006,0,0,0.045352468993030026,0.022676234496515013,,
2021-06-03T00:00:00Z,RLCUSDT,trade,rebalance,50.444962019606244,5.2705000000000002,265.8701723243347,0,0,0.13293508616216737,0.066467543081083685,,
2021-06-03T00:00:00Z,RUNEUSDT,trade,rebalance,270.03410170412906,12.352,3335.4612242494022,0,0,1.6677306121247013,0.83386530606235065,,
2021-06-03T00:00:00Z,SOLUSDT,trade,rebalance,2.8078762804846775,33.988,95.434099021113212,0,0,0.047717049510556601,0.023858524755278301,,
2021-06-03T00:00:00Z,VETUSDT,trade,rebalance,1150.7015510466954,0.12559999999999999,144.52811481146492,0,0,0.072264057405732454,0.036132028702866227,,
2021-06-03T00:00:00Z,XTZUSDT,trade,rebalance,-15.027273688487639,3.8100000000000001,-57.253912753137904,0,0,0.028626956376568948,0.014313478188284474,,
2021-06-07T00:00:00Z,RUNEUSDT,risk_policy_action,before_rebalance,-270.03410170412906,10.814,-2920.1487758284516,0,0,1.4600743879142257,0.73003719395711286,membership_exit,team-05-udcc-none-v1
2021-06-10T00:00:00Z,1INCHUSDT,trade,rebalance,988.8764380089259,3.1917,3156.1969271930889,0,0,1.5780984635965445,0.78904923179827224,,
2021-06-10T00:00:00Z,ADAUSDT,trade,rebalance,-1902.3130105572434,1.6279999999999999,-3096.9655811871921,0,0,1.5484827905935961,0.77424139529679803,,
2021-06-10T00:00:00Z,CHZUSDT,trade,rebalance,12026.254056068694,0.24168000000000001,2906.5050802706819,0,0,1.4532525401353411,0.72662627006767055,,
2021-06-10T00:00:00Z,DOTUSDT,trade,rebalance,128.87532258255709,23.207000000000001,2990.8096111734026,0,0,1.4954048055867013,0.74770240279335065,,
2021-06-10T00:00:00Z,ETCUSDT,trade,rebalance,-48.825665615925367,62.271000000000001,-3040.4230235692885,0,0,1.5202115117846442,0.7601057558923221,,
2021-06-10T00:00:00Z,LUNAUSDT,trade,rebalance,488.07576771677191,6.0140000000000002,2935.2876670486662,0,0,1.4676438335243331,0.73382191676216657,,
2021-06-10T00:00:00Z,MATICUSDT,trade,rebalance,-1853.7783061203183,1.4914000000000001,-2764.7249657478428,0,0,1.3823624828739214,0.69118124143696069,,
2021-06-10T00:00:00Z,MKRUSDT,trade,rebalance,-0.93694431772481301,3331.5,-3121.4299945002144,0,0,1.5607149972501073,0.78035749862505366,,
2021-06-10T00:00:00Z,NEOUSDT,trade,rebalance,57.741936110948863,51.314999999999998,2963.0274515333408,0,0,1.4815137257666704,0.7407568628833352,,
2021-06-10T00:00:00Z,ONTUSDT,trade,rebalance,2839.3798523868209,1.01,2867.773650910689,0,0,1.4338868254553445,0.71694341272767226,,
2021-06-10T00:00:00Z,QTUMUSDT,trade,rebalance,275.89220542246295,9.9280000000000008,2739.0578154342124,0,0,1.3695289077171062,0.68476445385855311,,
2021-06-10T00:00:00Z,RLCUSDT,trade,rebalance,-633.27269542288252,4.1532999999999998,-2630.171485899858,0,0,1.315085742949929,0.65754287147496449,,
2021-06-10T00:00:00Z,SOLUSDT,trade,rebalance,-98.160128602475183,42.033999999999999,-4126.0628456764416,0,0,2.0630314228382209,1.0315157114191105,,
2021-06-10T00:00:00Z,VETUSDT,trade,rebalance,-26554.536413524569,0.11989,-3183.6233706174603,0,0,1.5918116853087303,0.79590584265436515,,
2021-06-10T00:00:00Z,XTZUSDT,trade,rebalance,875.66176549987256,3.5089999999999999,3072.6971351390525,0,0,1.5363485675695263,0.76817428378476316,,
2021-08-19T00:00:00Z,ADAUSDT,trade,rebalance,1601.8550333287619,2.1055000000000001,3372.7057726737085,0,0,1.6863528863368542,0.8431764431684271,,
2021-08-19T00:00:00Z,ALICEUSDT,trade,rebalance,285.18176196222367,11.840999999999999,3376.8372433946902,0,0,1.6884186216973451,0.84420931084867257,,
2021-08-19T00:00:00Z,AXSUSDT,trade,rebalance,48.675831444784357,69.329999999999998,3374.6953940668996,0,0,1.6873476970334498,0.84367384851672489,,
2021-08-19T00:00:00Z,BAKEUSDT,trade,rebalance,-1423.1049401354958,2.3700000000000001,-3372.758708121125,0,0,1.6863793540605625,0.84318967703028125,,
2021-08-19T00:00:00Z,CHRUSDT,trade,rebalance,-9259.9586090057892,0.3644,-3374.3289171217098,0,0,1.6871644585608547,0.84358222928042736,,
2021-08-19T00:00:00Z,CHZUSDT,trade,rebalance,-10196.774713767954,0.33091999999999999,-3374.3166882800915,0,0,1.6871583441400457,0.84357917207002286,,
2021-08-19T00:00:00Z,DOGEUSDT,trade,rebalance,-11117.024974966349,0.3034,-3372.9053774047902,0,0,1.6864526887023952,0.84322634435119759,,
2021-08-19T00:00:00Z,ENJUSDT,trade,rebalance,-2217.9463213145077,1.5198,-3370.8348191337891,0,0,1.6854174095668946,0.84270870478344728,,
2021-08-19T00:00:00Z,ETHUSDT,trade,rebalance,1.1186712289882814,3014.3099999999999,3372.0218722516665,0,0,1.6860109361258331,0.84300546806291654,,
2021-08-19T00:00:00Z,GRTUSDT,trade,rebalance,-3947.4418697694264,0.85445000000000004,-3372.8917056244863,0,0,1.6864458528122432,0.84322292640612162,,
2021-08-19T00:00:00Z,ICPUSDT,trade,rebalance,-57.66373733905948,58.549999999999997,-3376.2118212019323,0,0,1.6881059106009664,0.84405295530048319,,
2021-08-19T00:00:00Z,KSMUSDT,trade,rebalance,-11.975369695482629,281.54000000000002,-3371.5455840661793,0,0,1.6857727920330898,0.84288639601654491,,
2021-08-19T00:00:00Z,LUNAUSDT,trade,rebalance,109.69825119256438,30.731999999999999,3371.2466556498885,0,0,1.6856233278249442,0.84281166391247209,,
2021-08-19T00:00:00Z,SANDUSDT,trade,rebalance,5796.2403224069922,0.58160000000000001,3371.0933715119068,0,0,1.6855466857559536,0.84277334287797678,,
2021-08-19T00:00:00Z,SOLUSDT,trade,rebalance,46.33201210763076,72.771000000000001,3371.6268530843981,0,0,1.6858134265421991,0.84290671327109956,,
2021-08-19T00:00:00Z,SXPUSDT,trade,rebalance,1067.0232024974428,3.1600000000000001,3371.7933198919191,0,0,1.6858966599459597,0.84294832997297986,,
2021-08-23T00:00:00Z,ENJUSDT,risk_policy_action,before_rebalance,2217.9463213145077,1.8441000000000001,4090.114811136084,0,0,2.0450574055680417,1.0225287027840209,membership_exit,team-05-udcc-none-v1
2021-08-26T00:00:00Z,ADAUSDT,trade,rebalance,-345.61329522960887,2.7400000000000002,-946.98042892912838,0,0,0.47349021446456419,0.23674510723228209,,
2021-08-26T00:00:00Z,ALICEUSDT,trade,rebalance,-121.42626749446258,21.015999999999998,-2551.8944376636255,0,0,1.2759472188318126,0.63797360941590631,,
2021-08-26T00:00:00Z,AXSUSDT,trade,rebalance,-1.2354687684587589,72.549999999999997,-89.63325915168295,0,0,0.044816629575841475,0.022408314787920738,,
2021-08-26T00:00:00Z,BAKEUSDT,trade,rebalance,253.95523286040404,2.9437000000000002,747.56801897117145,0,0,0.37378400948558577,0.18689200474279288,,
2021-08-26T00:00:00Z,CHRUSDT,trade,rebalance,970.03390231535195,0.41549999999999998,403.04908641202871,0,0,0.20152454320601437,0.10076227160300719,,
2021-08-26T00:00:00Z,CHZUSDT,trade,rebalance,1322.9561662329706,0.38790000000000002,513.17469688176936,0,0,0.25658734844088465,0.12829367422044233,,
2021-08-26T00:00:00Z,DOGEUSDT,trade,rebalance,-640.33005937741655,0.2928,-187.48864138570758,0,0,0.09374432069285378,0.04687216034642689,,
2021-08-26T00:00:00Z,ETHUSDT,trade,rebalance,-1.1186712289882814,3227.9000000000001,-3610.9588600512739,0,0,1.8054794300256369,0.90273971501281847,,
2021-08-26T00:00:00Z,GRTUSDT,trade,rebalance,334.35015577329659,0.95255000000000001,318.48524088185366,0,0,0.15924262044092685,0.079621310220463426,,
2021-08-26T00:00:00Z,ICPUSDT,trade,rebalance,2.3788466375537212,62.270000000000003,148.13078012047023,0,0,0.074065390060235117,0.037032695030117559,,
2021-08-26T00:00:00Z,KSMUSDT,trade,rebalance,11.975369695482629,303.75999999999999,3637.6382986998033,0,0,1.8188191493499017,0.90940957467495087,,
2021-08-26T00:00:00Z,LUNAUSDT,trade,rebalance,4.7519961379493338,30.068999999999999,142.88777187199852,0,0,0.071443885935999263,0.035721942967999631,,
2021-08-26T00:00:00Z,QTUMUSDT,trade,rebalance,-265.37985645473168,12.970000000000001,-3441.9767382178702,0,0,1.7209883691089352,0.86049418455446758,,
2021-08-26T00:00:00Z,SANDUSDT,trade,rebalance,-1137.0501522305185,0.73885999999999996,-840.12087547704084,0,0,0.42006043773852042,0.21003021886926021,,
2021-08-26T00:00:00Z,SOLUSDT,trade,rebalance,1.4686888346121592,72.025999999999996,105.78378200177536,0,0,0.052891891000887675,0.026445945500443838,,
2021-08-26T00:00:00Z,SXPUSDT,trade,rebalance,-202.20492656330464,3.9798,-804.73516673663983,0,0,0.4023675833683199,0.20118379168415995,,
2021-08-26T00:00:00Z,THETAUSDT,trade,rebalance,-477.53356346146722,7.2069999999999999,-3441.5843918667942,0,0,1.7207921959333974,0.86039609796669869,,
2021-08-26T00:00:00Z,VETUSDT,trade,rebalance,26985.31351013618,0.12758,3442.7862976231741,0,0,1.7213931488115872,0.86069657440579361,,
2021-09-02T00:00:00Z,1000SHIBUSDT,trade,rebalance,-489926.50253565569,0.0071970000000000003,-3526.0010387491143,0,0,1.7630005193745573,0.88150025968727863,,
2021-09-02T00:00:00Z,ADAUSDT,trade,rebalance,-29.183824316401569,2.8734999999999999,-83.859719173179911,0,0,0.04192985958658995,0.020964929793294975,,
2021-09-02T00:00:00Z,ALICEUSDT,trade,rebalance,28.858088710428262,18.300999999999998,528.1318814895476,0,0,0.2640659407447738,0.1320329703723869,,
2021-09-02T00:00:00Z,AXSUSDT,trade,rebalance,0.22726661027402884,73.959999999999994,16.808638495867172,0,0,0.0084043192479335855,0.0042021596239667927,,
2021-09-02T00:00:00Z,BAKEUSDT,trade,rebalance,-56.148843262803666,2.8773,-161.557066720065,0,0,0.080778533360032503,0.040389266680016252,,
2021-09-02T00:00:00Z,CHRUSDT,trade,rebalance,8289.9247066904372,0.44490000000000002,3688.1875020065759,0,0,1.844093751003288,0.92204687550164399,,
2021-09-02T00:00:00Z,CHZUSDT,trade,rebalance,-291.04315681756452,0.38456000000000001,-111.92355638576262,0,0,0.055961778192881312,0.027980889096440656,,
2021-09-02T00:00:00Z,DOGEUSDT,trade,rebalance,-210.00250766214594,0.29470000000000002,-61.887739008034416,0,0,0.030943869504017209,0.015471934752008604,,
2021-09-02T00:00:00Z,EOSUSDT,trade,rebalance,-662.97613281910719,5.3179999999999996,-3525.7070743320119,0,0,1.7628535371660059,0.88142676858300295,,
2021-09-02T00:00:00Z,ETHUSDT,trade,rebalance,0.9199123115480381,3831.4200000000001,3524.570428711384,0,0,1.762285214355692,0.88114260717784598,,
2021-09-02T00:00:00Z,GRTUSDT,trade,rebalance,3613.0917139961298,0.92234000000000005,3332.4990114871907,0,0,1.6662495057435953,0.83312475287179766,,
2021-09-02T00:00:00Z,ICPUSDT,trade,rebalance,2.0930816514975703,66.280000000000001,138.72945186125895,0,0,0.069364725930629464,0.034682362965314732,,
2021-09-02T00:00:00Z,LINKUSDT,trade,rebalance,118.45302225422907,29.751999999999999,3524.2143181078231,0,0,1.7621071590539115,0.88105357952695573,,
2021-09-02T00:00:00Z,LUNAUSDT,trade,rebalance,-3.5551900509955914,31.791,-113.02304691120085,0,0,0.05651152345560042,0.02825576172780021,,
2021-09-02T00:00:00Z,QTUMUSDT,trade,rebalance,-0.68134051675849605,13.247,-9.0257178254997967,0,0,0.004512858912749898,0.002256429456374949,,
2021-09-02T00:00:00Z,SANDUSDT,trade,rebalance,-1162.3881765212291,1.00814,-1171.850016278112,0,0,0.58592500813905601,0.29296250406952801,,
2021-09-02T00:00:00Z,SOLUSDT,trade,rebalance,-47.800700942242919,110.89400000000001,-5300.8109302890862,0,0,2.6504054651445434,1.3252027325722717,,
2021-09-02T00:00:00Z,SXPUSDT,trade,rebalance,93.129877909096081,3.6802000000000001,342.7365766810554,0,0,0.1713682883405277,0.085684144170263848,,
2021-09-02T00:00:00Z,THETAUSDT,trade,rebalance,-17.671027131959761,7.1200000000000001,-125.81771317955349,0,0,0.06290885658977674,0.03145442829488837,,
2021-09-02T00:00:00Z,VETUSDT,trade,rebalance,-26985.31351013618,0.13752,-3711.0203139139276,0,0,1.8555101569569636,0.92775507847848182,,
2021-09-06T00:00:00Z,BAKEUSDT,risk_policy_action,before_rebalance,1225.2985505378954,2.9599000000000002,3626.7611797371169,0,0,1.8133805898685582,0.90669029493427911,membership_exit,team-05-udcc-none-v1
2021-09-09T00:00:00Z,1000SHIBUSDT,trade,rebalance,489926.50253565569,0.0066759999999999996,3270.7493309280371,0,0,1.6353746654640184,0.81768733273200922,,
2021-09-09T00:00:00Z,ADAUSDT,trade,rebalance,173.98551635920739,2.4700000000000002,429.74422540724231,0,0,0.21487211270362114,0.10743605635181057,,
2021-09-09T00:00:00Z,ALICEUSDT,trade,rebalance,-192.61358317818937,13.43,-2586.800422083083,0,0,1.2934002110415415,0.64670010552077073,,
2021-09-09T00:00:00Z,ATOMUSDT,trade,rebalance,-167.18619789577738,20.718,-3463.7636480047158,0,0,1.7318818240023579,0.86594091200117895,,
2021-09-09T00:00:00Z,AXSUSDT,trade,rebalance,3.1855232625085534,68.030000000000001,216.71114754845689,0,0,0.10835557377422844,0.054177786887114221,,
2021-09-09T00:00:00Z,CHZUSDT,trade,rebalance,-1095.8927082423743,0.33724999999999999,-369.58981585474072,0,0,0.18479490792737036,0.092397453963685178,,
2021-09-09T00:00:00Z,DOGEUSDT,trade,rebalance,-1508.5694131040509,0.25667000000000001,-387.20451126141677,0,0,0.1936022556307084,0.096801127815354202,,
2021-09-09T00:00:00Z,EOSUSDT,trade,rebalance,-66.429869117830663,4.7450000000000001,-315.20972896410649,0,0,0.15760486448205324,0.078802432241026621,,
2021-09-09T00:00:00Z,ETHUSDT,trade,rebalance,-0.9199123115480381,3497.6799999999998,-3217.5588938553419,0,0,1.6087794469276708,0.80438972346383542,,
2021-09-09T00:00:00Z,FILUSDT,trade,rebalance,-39.138494944514179,88.406999999999996,-3460.116922559665,0,0,1.7300584612798324,0.86502923063991621,,
2021-09-09T00:00:00Z,FTMUSDT,trade,rebalance,2214.8319592992339,1.56192,3459.3903338686591,0,0,1.7296951669343297,0.86484758346716484,,
2021-09-09T00:00:00Z,GRTUSDT,trade,rebalance,-4206.4651606278794,0.82282,-3461.1636634678316,0,0,1.7305818317339159,0.86529091586695794,,
2021-09-09T00:00:00Z,ICPUSDT,trade,rebalance,53.191809050008189,61.439999999999998,3268.1047480325028,0,0,1.6340523740162514,0.81702618700812568,,
2021-09-09T00:00:00Z,LINKUSDT,trade,rebalance,-118.45302225422907,27.175000000000001,-3218.9608797586752,0,0,1.6094804398793376,0.80474021993966882,,
2021-09-09T00:00:00Z,LUNAUSDT,trade,rebalance,6.4397474613656547,29.491,189.91459238313453,0,0,0.094957296191567259,0.047478648095783629,,
2021-09-09T00:00:00Z,QTUMUSDT,trade,rebalance,-11.704177934436757,12.462999999999999,-145.86916959688529,0,0,0.072934584798442642,0.036467292399221321,,
2021-09-09T00:00:00Z,SANDUSDT,trade,rebalance,870.61626835257346,0.79201999999999995,689.54549686060523,0,0,0.34477274843030264,0.17238637421515132,,
2021-09-09T00:00:00Z,SOLUSDT,trade,rebalance,18.0943960998558,191.20699999999999,3459.7751950651277,0,0,1.7298875975325638,0.86494379876628191,,
2021-09-09T00:00:00Z,SUSHIUSDT,trade,rebalance,305.14403183761243,11.351000000000001,3463.6899053887391,0,0,1.7318449526943696,0.86592247634718478,,
2021-09-09T00:00:00Z,SXPUSDT,trade,rebalance,290.12076381487395,2.7715999999999998,804.09870898930455,0,0,0.40204935449465229,0.20102467724732614,,
2021-09-09T00:00:00Z,THETAUSDT,trade,rebalance,-13.118747237750085,6.8120000000000003,-89.364906183553586,0,0,0.044682453091776791,0.022341226545888396,,
2021-09-13T00:00:00Z,SXPUSDT,risk_policy_action,before_rebalance,-1248.0689176581081,2.8193000000000001,-3518.6806995535044,0,0,1.7593403497767521,0.87967017488837607,membership_exit,team-05-udcc-none-v1
2021-09-16T00:00:00Z,ADAUSDT,trade,rebalance,-39.707713656212491,2.5055000000000001,-99.487676565640399,0,0,0.049743838282820203,0.024871919141410102,,
2021-09-16T00:00:00Z,ATOMUSDT,trade,rebalance,67.251490491815829,34.134999999999998,2295.6296279381331,0,0,1.1478148139690665,0.57390740698453324,,
2021-09-16T00:00:00Z,AXSUSDT,trade,rebalance,-1.1656063683992244,68.680000000000007,-80.053845381658732,0,0,0.040026922690829365,0.020013461345414683,,
2021-09-16T00:00:00Z,CHZUSDT,trade,rebalance,430.56344368263308,0.34699999999999998,149.40551495787366,0,0,0.074702757478936843,0.037351378739468422,,
2021-09-16T00:00:00Z,DOGEUSDT,trade,rebalance,13475.926955109962,0.24784,3339.873736554453,0,0,1.6699368682772262,0.8349684341386131,,
2021-09-16T00:00:00Z,EOSUSDT,trade,rebalance,729.40600193693786,5.109,3726.5352638958157,0,0,1.8632676319479076,0.93163381597395378,,
2021-09-16T00:00:00Z,ETHUSDT,trade,rebalance,0.94410551432913348,3614.71,3412.6676437006622,0,0,1.7063338218503312,0.85316691092516561,,
2021-09-16T00:00:00Z,FILUSDT,trade,rebalance,-0.41409316597559348,86.239999999999995,-35.711394633735182,0,0,0.017855697316867591,0.0089278486584337957,,
2021-09-16T00:00:00Z,FTMUSDT,trade,rebalance,151.40490276368973,1.44181,218.2971028537155,0,0,0.10914855142685774,0.05457427571342887,,
2021-09-16T00:00:00Z,GRTUSDT,trade,rebalance,445.57353189763944,0.90768000000000004,404.43818343284937,0,0,0.20221909171642469,0.10110954585821234,,
2021-09-16T00:00:00Z,ICPUSDT,trade,rebalance,-55.553505493398838,61.450000000000003,-3413.7629125693588,0,0,1.7068814562846795,0.85344072814233973,,
2021-09-16T00:00:00Z,LUNAUSDT,trade,rebalance,-24.526056150366813,36.759,-901.55329803133372,0,0,0.45077664901566689,0.22538832450783344,,
2021-09-16T00:00:00Z,NEARUSDT,trade,rebalance,368.71720824849871,9.2558000000000007,3412.7727361064544,0,0,1.7063863680532272,0.85319318402661359,,
2021-09-16T00:00:00Z,QTUMUSDT,trade,rebalance,16.097191643633153,13.051,210.08444814105627,0,0,0.10504222407052814,0.052521112035264071,,
2021-09-16T00:00:00Z,SANDUSDT,trade,rebalance,-144.19375278059761,0.80800000000000005,-116.50855224672287,0,0,0.058254276123361433,0.029127138061680716,,
2021-09-16T00:00:00Z,SOLUSDT,trade,rebalance,3.3660468682128619,158.99700000000001,535.19135390524048,0,0,0.26759567695262021,0.1337978384763101,,
2021-09-16T00:00:00Z,SUSHIUSDT,trade,rebalance,-305.14403183761243,15.182,-4632.6966913586321,0,0,2.3163483456793159,1.158174172839658,,
2021-09-16T00:00:00Z,THETAUSDT,trade,rebalance,11.795671435516908,6.8730000000000002,81.071649776307709,0,0,0.040535824888153854,0.020267912444076927,,
2021-09-16T00:00:00Z,XTZUSDT,trade,rebalance,-494.25835583043056,6.9020000000000001,-3411.3711719416319,0,0,1.7056855859708162,0.8528427929854081,,
2021-09-20T00:00:00Z,GRTUSDT,risk_policy_action,before_rebalance,3760.89162873024,0.81383000000000005,3060.7264342095314,0,0,1.5303632171047656,0.76518160855238282,membership_exit,team-05-udcc-none-v1
2021-09-20T00:00:00Z,QTUMUSDT,risk_policy_action,before_rebalance,261.66818326229378,12.173,3185.2867948519024,0,0,1.5926433974259511,0.79632169871297553,membership_exit,team-05-udcc-none-v1
2021-09-23T00:00:00Z,ADAUSDT,trade,rebalance,146.09264257383597,2.2557,329.54117385380181,0,0,0.16477058692690091,0.082385293463450457,,
2021-09-23T00:00:00Z,ATOMUSDT,trade,rebalance,14.29452261252024,39.692999999999998,567.39248605876583,0,0,0.2836962430293829,0.14184812151469145,,
2021-09-23T00:00:00Z,AVAXUSDT,trade,rebalance,45.958721360710719,74.001000000000005,3400.9913394139539,0,0,1.7004956697069771,0.85024783485348854,,
2021-09-23T00:00:00Z,AXSUSDT,trade,rebalance,5.6483092195065723,61.469999999999999,347.20156772306899,0,0,0.17360078386153449,0.086800391930767246,,
2021-09-23T00:00:00Z,CHZUSDT,trade,rebalance,-1865.4057531399669,0.29087000000000002,-542.59057141582218,0,0,0.27129528570791106,0.13564764285395553,,
2021-09-23T00:00:00Z,EOSUSDT,trade,rebalance,-791.24892393717857,4.2999999999999998,-3402.3703729298677,0,0,1.7011851864649339,0.85059259323246694,,
2021-09-23T00:00:00Z,ETCUSDT,trade,rebalance,-66.414924962527493,51.200000000000003,-3400.4441580814077,0,0,1.7002220790407039,0.85011103952035194,,
2021-09-23T00:00:00Z,ETHUSDT,trade,rebalance,0.16164968908703603,3076.6199999999999,497.33466643895679,0,0,0.2486673332194784,0.1243336666097392,,
2021-09-23T00:00:00Z,FILUSDT,trade,rebalance,-6.1101617390827698,74.491,-455.15205810601458,0,0,0.22757602905300728,0.11378801452650364,,
2021-09-23T00:00:00Z,FTMUSDT,trade,rebalance,358.0663056169692,1.24823,446.94910466026943,0,0,0.22347455233013469,0.11173727616506735,,
2021-09-23T00:00:00Z,ICPUSDT,trade,rebalance,-12.637482480248188,49.890000000000001,-630.48400093958207,0,0,0.31524200046979106,0.15762100023489553,,
2021-09-23T00:00:00Z,LUNAUSDT,trade,rebalance,9.7714098464708599,33.149999999999999,323.92223641050902,0,0,0.1619611182052545,0.080980559102627248,,
2021-09-23T00:00:00Z,NEARUSDT,trade,rebalance,-368.71720824849871,7.7572000000000001,-2860.2131278252541,0,0,1.4301065639126271,0.71505328195631357,,
2021-09-23T00:00:00Z,SANDUSDT,trade,rebalance,685.06031389135842,0.69281999999999999,474.62348667021092,0,0,0.23731174333510544,0.11865587166755272,,
2021-09-23T00:00:00Z,SOLUSDT,trade,rebalance,1.5249960169965426,147.97900000000001,225.66738559913139,0,0,0.11283369279956569,0.056416846399782845,,
2021-09-23T00:00:00Z,THETAUSDT,trade,rebalance,-113.86132183357563,5.5739999999999998,-634.66300790035052,0,0,0.31733150395017529,0.15866575197508764,,
2021-09-23T00:00:00Z,XTZUSDT,trade,rebalance,-116.07477071652204,5.5709999999999997,-646.65254766174428,0,0,0.32332627383087215,0.16166313691543607,,
2021-09-27T00:00:00Z,CHZUSDT,risk_policy_action,before_rebalance,11695.596722052256,0.26311000000000001,3077.2284535391691,0,0,1.5386142267695846,0.7693071133847923,membership_exit,team-05-udcc-none-v1
2021-09-27T00:00:00Z,SANDUSDT,risk_policy_action,before_rebalance,-4908.284823118579,0.65464,-3213.1595766063465,0,0,1.6065797883031734,0.80328989415158669,membership_exit,team-05-udcc-none-v1
2021-09-30T00:00:00Z,ADAUSDT,trade,rebalance,172.12124130287043,2.0646,355.36151479390628,0,0,0.17768075739695313,0.088840378698476566,,
2021-09-30T00:00:00Z,ALICEUSDT,trade,rebalance,-336.65227221586434,10.302,-3468.1917083678345,0,0,1.7340958541839173,0.86704792709195866,,
2021-09-30T00:00:00Z,ATOMUSDT,trade,rebalance,85.640184791441314,33.844999999999999,2898.4920542663313,0,0,1.4492460271331655,0.72462301356658276,,
2021-09-30T00:00:00Z,AVAXUSDT,trade,rebalance,7.0277452140652059,65.466999999999999,460.08539592920681,0,0,0.23004269796460339,0.11502134898230169,,
2021-09-30T00:00:00Z,AXSUSDT,trade,rebalance,-5.2857559689325697,69.290000000000006,-366.25003108733779,0,0,0.18312501554366892,0.091562507771834459,,
2021-09-30T00:00:00Z,CELRUSDT,trade,rebalance,23675.558268098976,0.14649999999999999,3468.4692862764996,0,0,1.7342346431382498,0.86711732156912491,,
2021-09-30T00:00:00Z,CRVUSDT,trade,rebalance,-1517.2667937829874,2.2869999999999999,-3469.9891573816922,0,0,1.7349945786908463,0.86749728934542314,,
2021-09-30T00:00:00Z,EOSUSDT,trade,rebalance,-135.76263022104706,3.7410000000000001,-507.8879996569371,0,0,0.25394399982846855,0.12697199991423427,,
2021-09-30T00:00:00Z,ETCUSDT,trade,rebalance,-9.808525516285556,45.503999999999998,-446.32714509305794,0,0,0.22316357254652899,0.1115817862732645,,
2021-09-30T00:00:00Z,ETHUSDT,trade,rebalance,-1.1057552034161695,2848.3800000000001,-3149.6110063065489,0,0,1.5748055031532746,0.78740275157663731,,
2021-09-30T00:00:00Z,FILUSDT,trade,rebalance,-15.204616671620627,56.965000000000003,-866.13098869886903,0,0,0.43306549434943453,0.21653274717471727,,
2021-09-30T00:00:00Z,FTMUSDT,trade,rebalance,-2724.3031676798928,1.19902,-3266.4939841115452,0,0,1.6332469920557726,0.81662349602788631,,
2021-09-30T00:00:00Z,ICPUSDT,trade,rebalance,-9.948079276605057,44.420000000000002,-441.89368146679664,0,0,0.22094684073339832,0.11047342036669916,,
2021-09-30T00:00:00Z,LUNAUSDT,trade,rebalance,-0.99986358690790667,34.149000000000001,-34.144341629318106,0,0,0.017072170814659053,0.0085360854073295266,,
2021-09-30T00:00:00Z,ONEUSDT,trade,rebalance,24091.629440771754,0.14391999999999999,3467.2673091158708,0,0,1.7336336545579354,0.86681682727896769,,
2021-09-30T00:00:00Z,SOLUSDT,trade,rebalance,2.655903605841555,135.27000000000001,359.26408076218718,0,0,0.17963204038109359,0.089816020190546797,,
2021-09-30T00:00:00Z,THETAUSDT,trade,rebalance,-108.59279749348627,4.8230000000000004,-523.74306231108437,0,0,0.26187153115554218,0.13093576557777109,,
2021-09-30T00:00:00Z,UNIUSDT,trade,rebalance,150.78348311338999,23.007000000000001,3469.0755959897638,0,0,1.7345377979948819,0.86726889899744097,,
2021-09-30T00:00:00Z,XTZUSDT,trade,rebalance,-5.2948100718741671,5.6360000000000001,-29.841549565082808,0,0,0.014920774782541403,0.0074603873912707014,,
2021-10-07T00:00:00Z,ADAUSDT,trade,rebalance,-1679.5496003624528,2.2119,-3714.9957610417091,0,0,1.8574978805208546,0.92874894026042731,,
2021-10-07T00:00:00Z,ALICEUSDT,trade,rebalance,75.780811093527632,13.007,985.68100989351387,0,0,0.49284050494675696,0.24642025247337848,,
2021-10-07T00:00:00Z,ATOMUSDT,trade,rebalance,-96.357484918665122,35.197000000000003,-3391.4943966822566,0,0,1.6957471983411283,0.84787359917056415,,
2021-10-07T00:00:00Z,AVAXUSDT,trade,rebalance,-52.986466574775925,60.085999999999999,-3183.7448306119863,0,0,1.5918724153059931,0.79593620765299655,,
2021-10-07T00:00:00Z,AXSUSDT,trade,rebalance,-23.14112465483003,125.98999999999999,-2915.5502952620354,0,0,1.4577751476310177,0.72888757381550884,,
2021-10-07T00:00:00Z,CELRUSDT,trade,rebalance,2205.6234315114343,0.13106000000000001,289.0690069338886,0,0,0.1445345034669443,0.072267251733472149,,
2021-10-07T00:00:00Z,CRVUSDT,trade,rebalance,278.94289976068308,2.738,763.74565954475031,0,0,0.38187282977237513,0.19093641488618757,,
2021-10-07T00:00:00Z,EGLDUSDT,trade,rebalance,14.696063980946443,230.81999999999999,3392.1454880820579,0,0,1.696072744041029,0.84803637202051452,,
2021-10-07T00:00:00Z,EOSUSDT,trade,rebalance,212.34520327972007,4.7530000000000001,1009.2767511885095,0,0,0.50463837559425473,0.25231918779712736,,
2021-10-07T00:00:00Z,ETCUSDT,trade,rebalance,14.386727902186841,54.860999999999997,789.27027944187228,0,0,0.39463513972093617,0.19731756986046808,,
2021-10-07T00:00:00Z,FILUSDT,trade,rebalance,13.645488779785516,71.801000000000002,979.75973987737984,0,0,0.48987986993868987,0.24493993496934494,,
2021-10-07T00:00:00Z,FTMUSDT,trade,rebalance,2105.4359071723075,1.6106400000000001,3391.0992895280056,0,0,1.6955496447640028,0.84777482238200141,,
2021-10-07T00:00:00Z,ICPUSDT,trade,rebalance,78.139067250252083,52.770000000000003,4123.3985787958027,0,0,2.0616992893979011,1.0308496446989506,,
2021-10-07T00:00:00Z,LUNAUSDT,trade,rebalance,-20.922650808740215,42.030999999999999,-879.39993614215996,0,0,0.43969996807108003,0.21984998403554001,,
2021-10-07T00:00:00Z,ONEUSDT,trade,rebalance,-3925.5030990536252,0.16816,-660.11260113685762,0,0,0.33005630056842883,0.16502815028421441,,
2021-10-07T00:00:00Z,SOLUSDT,trade,rebalance,-3.6160101840174015,154.00700000000001,-556.89088040996796,0,0,0.27844544020498396,0.13922272010249198,,
2021-10-07T00:00:00Z,THETAUSDT,trade,rebalance,190.94396889776195,6.423,1226.4331122303249,0,0,0.61321655611516246,0.30660827805758123,,
2021-10-07T00:00:00Z,UNIUSDT,trade,rebalance,-16.552879295619334,25.265000000000001,-418.2084954038225,0,0,0.20910424770191124,0.10455212385095562,,
2021-10-07T00:00:00Z,XTZUSDT,trade,rebalance,179.82973954333562,7.7869999999999999,1400.3341818239544,0,0,0.70016709091197715,0.35008354545598858,,
2021-10-14T00:00:00Z,ALICEUSDT,trade,rebalance,-34.784087809945333,11.734999999999999,-408.19127044970844,0,0,0.20409563522485424,0.10204781761242712,,
2021-10-14T00:00:00Z,ATOMUSDT,trade,rebalance,96.357484918665122,34.546999999999997,3328.8620314851237,0,0,1.6644310157425617,0.83221550787128085,,
2021-10-14T00:00:00Z,AXSUSDT,trade,rebalance,1.6078800790021432,121.54000000000001,195.42174480192051,0,0,0.097710872400960255,0.048855436200480128,,
2021-10-14T00:00:00Z,CELRUSDT,trade,rebalance,-1469.4874362750161,0.14202000000000001,-208.69660569977779,0,0,0.10434830284988889,0.052174151424944443,,
2021-10-14T00:00:00Z,COTIUSDT,trade,rebalance,-6908.0602740955856,0.50175000000000003,-3466.1192425274603,0,0,1.7330596212637301,0.86652981063186507,,
2021-10-14T00:00:00Z,CRVUSDT,trade,rebalance,1238.3238940223043,2.9590000000000001,3664.2004024119988,0,0,1.8321002012059995,0.91605010060299974,,
2021-10-14T00:00:00Z,DOTUSDT,trade,rebalance,83.05335187682914,41.750999999999998,3467.5604942094933,0,0,1.7337802471047468,0.86689012355237338,,
2021-10-14T00:00:00Z,EGLDUSDT,trade,rebalance,-0.37458006490450835,242.03,-90.659613108838158,0,0,0.045329806554419073,0.022664903277209537,,
2021-10-14T00:00:00Z,EOSUSDT,trade,rebalance,-38.908265571285256,4.6070000000000002,-179.25037948691119,0,0,0.089625189743455597,0.044812594871727798,,
2021-10-14T00:00:00Z,ETCUSDT,trade,rebalance,-3.067290332388815,53.445,-163.93133181452021,0,0,0.081965665907260107,0.040982832953630054,,
2021-10-14T00:00:00Z,FILUSDT,trade,rebalance,-3.5324736200686644,68.319999999999993,-241.33859772309114,0,0,0.12066929886154558,0.06033464943077279,,
2021-10-14T00:00:00Z,FTMUSDT,trade,rebalance,-384.84441452303145,2.0143800000000001,-775.22289172690409,0,0,0.38761144586345203,0.19380572293172602,,
2021-10-14T00:00:00Z,ICPUSDT,trade,rebalance,-80.247406982083049,43.210000000000001,-3467.4904556958086,0,0,1.7337452278479042,0.8668726139239521,,
2021-10-14T00:00:00Z,LUNAUSDT,trade,rebalance,-80.657644041339708,36.598999999999997,-2951.9891142689917,0,0,1.4759945571344959,0.73799727856724795,,
2021-10-14T00:00:00Z,NEARUSDT,trade,rebalance,478.05458293480478,7.2511999999999999,3466.4693917768564,0,0,1.7332346958884282,0.86661734794421408,,
2021-10-14T00:00:00Z,ONEUSDT,trade,rebalance,-4638.0488738107542,0.2233,-1035.6763135219414,0,0,0.51783815676097078,0.25891907838048539,,
2021-10-14T00:00:00Z,SOLUSDT,trade,rebalance,1.3848599607353975,148.10499999999999,205.10468448471605,0,0,0.10255234224235803,0.051276171121179014,,
2021-10-14T00:00:00Z,THETAUSDT,trade,rebalance,-40.851938787375275,6.0899999999999999,-248.78830721511542,0,0,0.12439415360755771,0.062197076803778853,,
2021-10-14T00:00:00Z,UNIUSDT,trade,rebalance,-134.23060381777066,24.696000000000002,-3314.9589918836646,0,0,1.6574794959418322,0.8287397479709161,,
2021-10-14T00:00:00Z,XTZUSDT,trade,rebalance,-39.000793536504716,7.3040000000000003,-284.86179599063047,0,0,0.14243089799531525,0.071215448997657624,,
2021-10-18T00:00:00Z,EGLDUSDT,risk_policy_action,before_rebalance,-14.321483916041934,236.37,-3385.1691532348323,0,0,1.6925845766174163,0.84629228830870817,membership_exit,team-05-udcc-none-v1
2021-10-21T00:00:00Z,ALICEUSDT,trade,rebalance,6.1785737875185873,12.211,75.446564519389469,0,0,0.037723282259694735,0.018861641129847367,,
2021-10-21T00:00:00Z,AXSUSDT,trade,rebalance,-0.89288789825061698,127.90000000000001,-114.20036218625391,0,0,0.057100181093126957,0.028550090546563479,,
2021-10-21T00:00:00Z,CELRUSDT,trade,rebalance,966.55192666063522,0.13930999999999999,134.65034890309309,0,0,0.067325174451546552,0.033662587225773276,,
2021-10-21T00:00:00Z,COTIUSDT,trade,rebalance,6908.0602740955856,0.50463000000000002,3486.0144561168554,0,0,1.7430072280584279,0.87150361402921395,,
2021-10-21T00:00:00Z,CRVUSDT,trade,rebalance,-1201.9574326258271,2.9399999999999999,-3533.7548519199318,0,0,1.766877425959966,0.883438712979983,,
2021-10-21T00:00:00Z,DOTUSDT,trade,rebalance,-3.5863932693131488,44.454999999999998,-159.43311278731602,0,0,0.079716556393658017,0.039858278196829008,,
2021-10-21T00:00:00Z,EOSUSDT,trade,rebalance,22.695320251516137,4.8339999999999996,109.70917809582899,0,0,0.054854589047914501,0.02742729452395725,,
2021-10-21T00:00:00Z,ETCUSDT,trade,rebalance,1.38517669074929,55.637,77.067075543218252,0,0,0.03853353777160913,0.019266768885804565,,
2021-10-21T00:00:00Z,FILUSDT,trade,rebalance,-1.8592993870683472,67.144999999999996,-124.84265734470416,0,0,0.062421328672352082,0.031210664336176041,,
2021-10-21T00:00:00Z,FTMUSDT,trade,rebalance,-266.1118470357867,2.4289900000000002,-646.38301533145557,0,0,0.3231915076657278,0.1615957538328639,,
2021-10-21T00:00:00Z,ICPUSDT,trade,rebalance,5.0646561105180865,46.979999999999997,237.9375440721397,0,0,0.11896877203606984,0.059484386018034921,,
2021-10-21T00:00:00Z,NEARUSDT,trade,rebalance,-73.977360974164014,8.7477,-647.13176059369459,0,0,0.3235658802968473,0.16178294014842365,,
2021-10-21T00:00:00Z,OMGUSDT,trade,rebalance,240.63611298915924,14.688599999999999,3534.6076092525641,0,0,1.7673038046262819,0.88365190231314095,,
2021-10-21T00:00:00Z,ONEUSDT,trade,rebalance,-1653.8727160396138,0.25469999999999998,-421.2413807752896,0,0,0.2106206903876448,0.1053103451938224,,
2021-10-21T00:00:00Z,SOLUSDT,trade,rebalance,-3.4349997181180894,176.84100000000001,-607.44878515172104,0,0,0.30372439257586054,0.15186219628793027,,
2021-10-21T00:00:00Z,THETAUSDT,trade,rebalance,2.3586653853235475,6.2380000000000004,14.71335467364829,0,0,0.0073566773368241457,0.0036783386684120728,,
2021-10-21T00:00:00Z,XTZUSDT,trade,rebalance,-28.198716135449104,7.0250000000000004,-198.09598085152996,0,0,0.099047990425764981,0.049523995212882491,,
2021-10-25T00:00:00Z,CRVUSDT,risk_policy_action,before_rebalance,1201.9574326258271,3.508,4216.4666736514018,0,0,2.1082333368257009,1.0541166684128505,membership_exit,team-05-udcc-none-v1
2021-10-28T00:00:00Z,1INCHUSDT,trade,rebalance,639.33903759429495,5.7195,3656.69962552057,0,0,1.8283498127602849,0.91417490638014243,,
2021-10-28T00:00:00Z,ALICEUSDT,trade,rebalance,-58.710560286147377,10.5,-616.46088300454744,0,0,0.30823044150227369,0.15411522075113684,,
2021-10-28T00:00:00Z,AXSUSDT,trade,rebalance,2.4491737979976307,121.37,297.25622386297243,0,0,0.14862811193148623,0.074314055965743114,,
2021-10-28T00:00:00Z,CELRUSDT,trade,rebalance,4420.9083716611603,0.12259,541.95915728194166,0,0,0.27097957864097083,0.13548978932048542,,
2021-10-28T00:00:00Z,DOTUSDT,trade,rebalance,-79.466958607515991,40.445,-3214.0411408809841,0,0,1.6070205704404921,0.80351028522024603,,
2021-10-28T00:00:00Z,EOSUSDT,trade,rebalance,-149.15030777225479,4.149,-618.82462694708511,0,0,0.30941231347354253,0.15470615673677127,,
2021-10-28T00:00:00Z,ETCUSDT,trade,rebalance,-11.422131559173449,48.713999999999999,-556.41771677357542,0,0,0.27820885838678766,0.13910442919339383,,
2021-10-28T00:00:00Z,FILUSDT,trade,rebalance,-13.239581982314412,55.466000000000001,-734.34665423105116,0,0,0.36717332711552558,0.18358666355776279,,
2021-10-28T00:00:00Z,FTMUSDT,trade,rebalance,-278.14627752464435,3.10406,-863.3827342131475,0,0,0.43169136710657374,0.21584568355328687,,
2021-10-28T00:00:00Z,ICPUSDT,trade,rebalance,-14.509060404586165,40.729999999999997,-590.95403027879445,0,0,0.29547701513939723,0.14773850756969861,,
2021-10-28T00:00:00Z,NEARUSDT,trade,rebalance,-67.77897097760183,10.8622,-736.22873855290652,0,0,0.36811436927645325,0.18405718463822662,,
2021-10-28T00:00:00Z,OMGUSDT,trade,rebalance,46.577135838450431,12.7128,592.1258124870526,0,0,0.29606290624352632,0.14803145312176316,,
2021-10-28T00:00:00Z,ONEUSDT,trade,rebalance,-2147.8967896499908,0.31159999999999999,-669.28463965493711,0,0,0.33464231982746856,0.16732115991373428,,
2021-10-28T00:00:00Z,SOLUSDT,trade,rebalance,-0.19177635426783723,184.47300000000001,-35.377559400850743,0,0,0.017688779700425372,0.0088443898502126861,,
2021-10-28T00:00:00Z,THETAUSDT,trade,rebalance,-27.043992145684342,6.157,-166.5098596409785,0,0,0.083254929820489251,0.041627464910244626,,
2021-10-28T00:00:00Z,XLMUSDT,trade,rebalance,-11042.976932092532,0.3306,-3650.808173749791,0,0,1.8254040868748955,0.91270204343744776,,
2021-10-28T00:00:00Z,XTZUSDT,trade,rebalance,-117.78689160228367,5.8940000000000001,-694.23593910386001,0,0,0.34711796955192997,0.17355898477596499,,
2021-11-04T00:00:00Z,1INCHUSDT,trade,rebalance,-639.33903759429495,4.4313000000000002,-2833.1030772915992,0,0,1.4165515386457994,0.70827576932289971,,
2021-11-04T00:00:00Z,ALICEUSDT,trade,rebalance,99.833822920888935,14.231999999999999,1420.8349678100913,0,0,0.71041748390504567,0.35520874195252283,,
2021-11-04T00:00:00Z,AXSUSDT,trade,rebalance,-5.0652899168129224,141.24000000000001,-715.42154785065725,0,0,0.35771077392532863,0.17885538696266431,,
2021-11-04T00:00:00Z,CELRUSDT,trade,rebalance,-475.23848227424605,0.12046999999999999,-57.251979959578421,0,0,0.028625989979789209,0.014312994989894605,,
2021-11-04T00:00:00Z,EOSUSDT,trade,rebalance,130.21875045270542,4.7110000000000003,613.4605333826953,0,0,0.30673026669134767,0.15336513334567384,,
2021-11-04T00:00:00Z,ETCUSDT,trade,rebalance,11.346089224109406,55.557000000000002,630.3546790238463,0,0,0.31517733951192312,0.15758866975596156,,
2021-11-04T00:00:00Z,ETHUSDT,trade,rebalance,0.76697283597209653,4606.5900000000001,3533.1293964607003,0,0,1.76656469823035,0.883282349115175,,
2021-11-04T00:00:00Z,FILUSDT,trade,rebalance,10.734366060609531,64.099999999999994,688.07286448507091,0,0,0.34403643224253544,0.17201821612126772,,
2021-11-04T00:00:00Z,FTMUSDT,trade,rebalance,145.59293449466304,2.6724299999999999,389.08692593157235,0,0,0.19454346296578617,0.097271731482893087,,
2021-11-04T00:00:00Z,ICPUSDT,trade,rebalance,14.084813610858546,46.729999999999997,658.18334003541986,0,0,0.32909167001770995,0.16454583500885497,,
2021-11-04T00:00:00Z,LUNAUSDT,trade,rebalance,73.561692890782183,48.026000000000003,3532.8738627727053,0,0,1.7664369313863528,0.88321846569317641,,
2021-11-04T00:00:00Z,NEARUSDT,trade,rebalance,-13.684364993838644,10.9772,-150.21601141036555,0,0,0.075108005705182779,0.037554002852591389,,
2021-11-04T00:00:00Z,OMGUSDT,trade,rebalance,-287.21324882760968,15.3332,-4403.8981869235049,0,0,2.2019490934617525,1.1009745467308762,,
2021-11-04T00:00:00Z,ONEUSDT,trade,rebalance,58.592519948100751,0.29981000000000002,17.566623405640087,0,0,0.0087833117028200437,0.0043916558514100219,,
2021-11-04T00:00:00Z,SOLUSDT,trade,rebalance,-5.2656996105693903,243.25,-1280.8814302710041,0,0,0.64044071513550205,0.32022035756775102,,
2021-11-04T00:00:00Z,THETAUSDT,trade,rebalance,117.30495692686287,7.4210000000000003,870.52008535424943,0,0,0.4352600426771247,0.21763002133856235,,
2021-11-04T00:00:00Z,XLMUSDT,trade,rebalance,1879.420514284524,0.38553999999999999,724.59178507725539,0,0,0.36229589253862771,0.18114794626931385,,
2021-11-04T00:00:00Z,XTZUSDT,trade,rebalance,62.661719359044127,6.3300000000000001,396.64868354274932,0,0,0.19832434177137465,0.099162170885687323,,
2021-11-08T00:00:00Z,CELRUSDT,risk_policy_action,before_rebalance,-29323.916079382943,0.11358,-3330.6103882963148,0,0,1.6653051941481576,0.83265259707407879,membership_exit,team-05-udcc-none-v1
2021-11-11T00:00:00Z,ALGOUSDT,trade,rebalance,1824.2267321661275,1.9331,3526.412695950341,0,0,1.7632063479751705,0.88160317398758525,,
2021-11-11T00:00:00Z,ALICEUSDT,trade,rebalance,248.35371251002189,13.339,3312.790171171182,0,0,1.6563950855855909,0.82819754279279545,,
2021-11-11T00:00:00Z,AXSUSDT,trade,rebalance,-0.1286928572191357,141.75999999999999,-18.243499439384678,0,0,0.0091217497196923389,0.0045608748598461694,,
2021-11-11T00:00:00Z,DOTUSDT,trade,rebalance,75.415967922861924,46.738999999999997,3524.8669247466432,0,0,1.7624334623733215,0.88121673118666077,,
2021-11-11T00:00:00Z,EOSUSDT,trade,rebalance,21.564144873065288,4.8410000000000002,104.39202533050907,0,0,0.052196012665254532,0.026098006332627266,,
2021-11-11T00:00:00Z,ETCUSDT,trade,rebalance,1.3588098653817795,56.625,76.94260862724326,0,0,0.038471304313621627,0.019235652156810813,,
2021-11-11T00:00:00Z,ETHUSDT,trade,rebalance,-0.76697283597209653,4632.4200000000001,-3552.9403048138593,0,0,1.7764701524069297,0.88823507620346487,,
2021-11-11T00:00:00Z,FILUSDT,trade,rebalance,-0.37250217659617135,63.536999999999999,-23.66767079439094,0,0,0.01183383539719547,0.0059169176985977351,,
2021-11-11T00:00:00Z,FTMUSDT,trade,rebalance,15.033752062635132,2.63611,39.630624149833096,0,0,0.019815312074916547,0.0099076560374582734,,
2021-11-11T00:00:00Z,GRTUSDT,trade,rebalance,-3247.8290853068206,1.08531,-3524.9013845743457,0,0,1.762450692287173,0.8812253461435865,,
2021-11-11T00:00:00Z,ICPUSDT,trade,rebalance,2.4628736645502443,48.170000000000002,118.63662442138526,0,0,0.059318312210692635,0.029659156105346317,,
2021-11-11T00:00:00Z,LUNAUSDT,trade,rebalance,-73.561692890782183,48.732999999999997,-3584.8819796464877,0,0,1.7924409898232438,0.89622049491162192,,
2021-11-11T00:00:00Z,NEARUSDT,trade,rebalance,4.7859745462436649,10.7799,51.592327011052085,0,0,0.025796163505526045,0.012898081752763023,,
2021-11-11T00:00:00Z,OMGUSDT,trade,rebalance,265.33034337665362,13.2996,3528.7874347721422,0,0,1.7643937173860711,0.88219685869303555,,
2021-11-11T00:00:00Z,ONEUSDT,trade,rebalance,910.42538848599179,0.27768999999999999,252.81602612867505,0,0,0.12640801306433752,0.063204006532168761,,
2021-11-11T00:00:00Z,SOLUSDT,trade,rebalance,0.60511064526760805,233.25,141.14205800866958,0,0,0.07057102900433479,0.035285514502167395,,
2021-11-11T00:00:00Z,THETAUSDT,trade,rebalance,-5.0578141248977317,7.3200000000000003,-37.023199394251399,0,0,0.018511599697125701,0.0092557998485628505,,
2021-11-11T00:00:00Z,XLMUSDT,trade,rebalance,-33.445972333598547,0.38335999999999998,-12.821847953808339,0,0,0.0064109239769041693,0.0032054619884520847,,
2021-11-11T00:00:00Z,XTZUSDT,trade,rebalance,-51.652029267389032,5.7859999999999996,-298.8586413411129,0,0,0.14942932067055645,0.074714660335278224,,
2021-11-15T00:00:00Z,GRTUSDT,risk_policy_action,before_rebalance,3247.8290853068206,1.0688,3471.2797263759298,0,0,1.7356398631879648,0.86781993159398241,membership_exit,team-05-udcc-none-v1
2021-11-18T00:00:00Z,ALGOUSDT,trade,rebalance,-1824.2267321661275,1.6599999999999999,-3028.2163753957716,0,0,1.5141081876978859,0.75705409384894295,,
2021-11-18T00:00:00Z,ALICEUSDT,trade,rebalance,-244.04803341156904,14.458,-3528.4464670644652,0,0,1.7642232335322325,0.88211161676611627,,
2021-11-18T00:00:00Z,AXSUSDT,trade,rebalance,1.2302119176311237,135.06,166.15242159525957,0,0,0.083076210797629779,0.04153810539881489,,
2021-11-18T00:00:00Z,CHRUSDT,trade,rebalance,3209.6605294560222,1.0987,3526.4540237133315,0,0,1.763227011856666,0.88161350592833299,,
2021-11-18T00:00:00Z,DOTUSDT,trade,rebalance,7.0584851451714306,42.747999999999998,301.73612298578831,0,0,0.15086806149289417,0.075434030746447084,,
2021-11-18T00:00:00Z,EOSUSDT,trade,rebalance,-78.998024718891315,4.3680000000000003,-345.0633719721173,0,0,0.17253168598605864,0.086265842993029321,,
2021-11-18T00:00:00Z,ETCUSDT,trade,rebalance,-6.6035094968318404,51.223999999999997,-338.25817046571416,0,0,0.16912908523285708,0.08456454261642854,,
2021-11-18T00:00:00Z,ETHUSDT,trade,rebalance,0.82213090519862542,4288,3525.2973214917056,0,0,1.7626486607458529,0.88132433037292646,,
2021-11-18T00:00:00Z,FILUSDT,trade,rebalance,-7.3104381537132781,56.148000000000003,-410.46648145469317,0,0,0.20523324072734658,0.10261662036367329,,
2021-11-18T00:00:00Z,FTMUSDT,trade,rebalance,302.91877639615245,2.1505700000000001,651.44803295427357,0,0,0.32572401647713678,0.16286200823856839,,
2021-11-18T00:00:00Z,ICPUSDT,trade,rebalance,-9.0118186288099906,42.920000000000002,-386.7872555485248,0,0,0.19339362777426242,0.096696813887131208,,
2021-11-18T00:00:00Z,NEARUSDT,trade,rebalance,46.948087068478401,9.4193999999999996,442.22281133282542,0,0,0.22111140566641271,0.11055570283320636,,
2021-11-18T00:00:00Z,OMGUSDT,trade,rebalance,-265.33034337665362,10.385999999999999,-2755.7209463099243,0,0,1.3778604731549622,0.68893023657748109,,
2021-11-18T00:00:00Z,ONEUSDT,trade,rebalance,765.4850742785311,0.26186999999999999,200.45757640131893,0,0,0.10022878820065946,0.05011439410032973,,
2021-11-18T00:00:00Z,SOLUSDT,trade,rebalance,0.98385175232163558,219.06399999999999,215.52650027058678,0,0,0.10776325013529341,0.053881625067646703,,
2021-11-18T00:00:00Z,THETAUSDT,trade,rebalance,-53.966923758767905,6.5860000000000003,-355.42615987524545,0,0,0.17771307993762273,0.088856539968811363,,
2021-11-18T00:00:00Z,XLMUSDT,trade,rebalance,-986.0081020364305,0.34632000000000002,-341.47432589725662,0,0,0.17073716294862831,0.085368581474314156,,
2021-11-18T00:00:00Z,XTZUSDT,trade,rebalance,-62.76620516179787,5.2430000000000003,-329.08321366330625,0,0,0.16454160683165311,0.082270803415826557,,
2021-11-22T00:00:00Z,XLMUSDT,risk_policy_action,before_rebalance,10183.010492178037,0.34371000000000002,3500.0025362665133,0,0,1.7500012681332566,0.87500063406662831,membership_exit,team-05-udcc-none-v1
2021-11-22T00:00:00Z,XTZUSDT,risk_policy_action,before_rebalance,672.54111341987141,5.226,3514.6998587322478,0,0,1.7573499293661239,0.87867496468306194,membership_exit,team-05-udcc-none-v1
2021-11-25T00:00:00Z,ALICEUSDT,trade,rebalance,115.65352897469131,27.276,3154.5656563136804,0,0,1.5772828281568401,0.78864141407842003,,
2021-11-25T00:00:00Z,AXSUSDT,trade,rebalance,-1.143089048563251,140.05000000000001,-160.08962125128332,0,0,0.080044810625641657,0.040022405312820829,,
2021-11-25T00:00:00Z,CHRUSDT,trade,rebalance,-319.19303821305994,1.2103999999999999,-386.35125345308774,0,0,0.19317562672654387,0.096587813363271935,,
2021-11-25T00:00:00Z,CHZUSDT,trade,rebalance,-7161.0533715596603,0.48869000000000001,-3499.5351721474904,0,0,1.7497675860737449,0.87488379303687247,,
2021-11-25T00:00:00Z,DOTUSDT,trade,rebalance,-82.474453068033355,38.317,-3160.1736182078339,0,0,1.5800868091039171,0.79004340455195854,,
2021-11-25T00:00:00Z,EOSUSDT,trade,rebalance,-41.317442576316239,4.1219999999999999,-170.31049829957553,0,0,0.085155249149787768,0.042577624574893884,,
2021-11-25T00:00:00Z,ETCUSDT,trade,rebalance,-3.5926575694432046,48.299999999999997,-173.52536060410677,0,0,0.086762680302053377,0.043381340151026689,,
2021-11-25T00:00:00Z,ETHUSDT,trade,rebalance,-0.82213090519862542,4271.29,-3511.5595140658365,0,0,1.7557797570329181,0.87788987851645905,,
2021-11-25T00:00:00Z,FILUSDT,trade,rebalance,-6.278117404141895,50.646000000000001,-317.96153405017043,0,0,0.15898076702508521,0.079490383512542603,,
2021-11-25T00:00:00Z,FTMUSDT,trade,rebalance,-288.99651440514913,2.5905999999999998,-748.67437021797923,0,0,0.37433718510898961,0.18716859255449481,,
2021-11-25T00:00:00Z,ICPUSDT,trade,rebalance,-4.3647161909662202,40.450000000000003,-176.55276992458363,0,0,0.088276384962291815,0.044138192481145908,,
2021-11-25T00:00:00Z,IOTXUSDT,trade,rebalance,19435.803315967998,0.18002000000000001,3498.8333129405592,0,0,1.7494166564702796,0.87470832823513978,,
2021-11-25T00:00:00Z,LRCUSDT,trade,rebalance,1024.6246497040543,3.4193500000000001,3503.5502959655582,0,0,1.7517751479827792,0.87588757399138961,,
2021-11-25T00:00:00Z,MATICUSDT,trade,rebalance,-2075.1019284700365,1.6859,-3498.4143412076342,0,0,1.7492071706038173,0.87460358530190863,,
2021-11-25T00:00:00Z,NEARUSDT,trade,rebalance,2.5237806883697544,9.2833000000000006,23.429013264342942,0,0,0.011714506632171471,0.0058572533160857355,,
2021-11-25T00:00:00Z,ONEUSDT,trade,rebalance,-2230.0012010921782,0.31152000000000002,-694.68997416423542,0,0,0.3473449870821177,0.17367249354105885,,
2021-11-25T00:00:00Z,SOLUSDT,trade,rebalance,0.89598823594999288,205.84399999999999,184.43380244089033,0,0,0.092216901220445166,0.046108450610222583,,
2021-11-25T00:00:00Z,THETAUSDT,trade,rebalance,6.4826125132231027,6.617,42.895446999997269,0,0,0.021447723499998635,0.010723861749999317,,
2021-11-29T00:00:00Z,THETAUSDT,risk_policy_action,before_rebalance,528.81225081627588,6.6050000000000004,3492.8049166415026,0,0,1.7464024583207511,0.87320122916037557,membership_exit,team-05-udcc-none-v1
2021-12-02T00:00:00Z,ALICEUSDT,trade,rebalance,-28.559416302262321,21.722999999999999,-620.39620033404435,0,0,0.31019810016702215,0.15509905008351108,,
2021-12-02T00:00:00Z,AVAXUSDT,trade,rebalance,28.472335540037136,119.67,3407.2843940762441,0,0,1.7036421970381219,0.85182109851906096,,
2021-12-02T00:00:00Z,AXSUSDT,trade,rebalance,0.30017305566078534,134.78,40.457324441960651,0,0,0.020228662220980326,0.010114331110490163,,
2021-12-02T00:00:00Z,CHRUSDT,trade,rebalance,773.0580777206369,0.92979999999999996,718.78940066464816,0,0,0.35939470033232412,0.17969735016616206,,
2021-12-02T00:00:00Z,CHZUSDT,trade,rebalance,-658.30267375942822,0.43573000000000001,-286.84222403719565,0,0,0.14342111201859781,0.071710556009298904,,
2021-12-02T00:00:00Z,EOSUSDT,trade,rebalance,-4.7309287750523481,3.9910000000000001,-18.88113674123392,0,0,0.0094405683706169589,0.0047202841853084794,,
2021-12-02T00:00:00Z,ETCUSDT,trade,rebalance,72.432235754223044,47.845999999999997,3465.5927518965555,0,0,1.7327963759482776,0.86639818797413881,,
2021-12-02T00:00:00Z,FILUSDT,trade,rebalance,6.4706003567131631,54.423999999999999,352.15595381375721,0,0,0.1760779769068786,0.088038988453439299,,
2021-12-02T00:00:00Z,FTMUSDT,trade,rebalance,-1350.8823166371465,2.1423299999999998,-2894.0357134012579,0,0,1.4470178567006289,0.72350892835031444,,
2021-12-02T00:00:00Z,ICPUSDT,trade,rebalance,3.5200234885898283,41.020000000000003,144.39136350195477,0,0,0.072195681750977389,0.036097840875488695,,
2021-12-02T00:00:00Z,IOTXUSDT,trade,rebalance,2820.166564965868,0.15309,431.73929943062473,0,0,0.21586964971531239,0.10793482485765619,,
2021-12-02T00:00:00Z,LRCUSDT,trade,rebalance,201.50728400869892,2.7805900000000001,560.30913884174811,0,0,0.28015456942087402,0.14007728471043701,,
2021-12-02T00:00:00Z,LUNAUSDT,trade,rebalance,53.250782797998284,63.988999999999997,3407.464340461112,0,0,1.7037321702305559,0.85186608511527795,,
2021-12-02T00:00:00Z,MATICUSDT,trade,rebalance,2075.1019284700365,2.0065,4163.6920194751283,0,0,2.0818460097375642,1.0409230048687821,,
2021-12-02T00:00:00Z,NEARUSDT,trade,rebalance,-777.21194553343889,8.5081000000000007,-6612.5969537930523,0,0,3.3062984768965258,1.6531492384482629,,
2021-12-02T00:00:00Z,ONEUSDT,trade,rebalance,-25232.561116833756,0.24324999999999999,-6137.8204916698114,0,0,3.068910245834906,1.534455122917453,,
2021-12-02T00:00:00Z,SANDUSDT,trade,rebalance,517.87302514794294,6.5759699999999999,3405.5174771821185,0,0,1.7027587385910592,0.8513793692955296,,
2021-12-02T00:00:00Z,SOLUSDT,trade,rebalance,-2.1780426030079187,229.81200000000001,-500.54032668245583,0,0,0.25027016334122792,0.12513508167061396,,
2021-12-02T00:00:00Z,TRXUSDT,trade,rebalance,-35157.85806175568,0.096879999999999994,-3406.0932890228901,0,0,1.7030466445114449,0.85152332225572247,,
2021-12-06T00:00:00Z,NEARUSDT,risk_policy_action,before_rebalance,400.34021724114677,7.3452999999999999,2940.6189977013955,0,0,1.4703094988506979,0.73515474942534897,membership_exit,team-05-udcc-none-v1
2021-12-09T00:00:00Z,ALICEUSDT,trade,rebalance,-85.743234198774275,14.189,-1216.6107500464082,0,0,0.60830537502320403,0.30415268751160202,,
2021-12-09T00:00:00Z,AVAXUSDT,trade,rebalance,8.4908535052128542,93.188000000000002,791.24565644377549,0,0,0.39562282822188771,0.19781141411094386,,
2021-12-09T00:00:00Z,AXSUSDT,trade,rebalance,5.1607689387830966,113.18000000000001,584.09582849147091,0,0,0.29204791424573545,0.14602395712286773,,
2021-12-09T00:00:00Z,CHRUSDT,trade,rebalance,-3663.5255689635987,0.66710000000000003,-2443.937907055617,0,0,1.2219689535278084,0.61098447676390422,,
2021-12-09T00:00:00Z,CHZUSDT,trade,rebalance,-2626.1268813083143,0.32973000000000002,-865.91281657379056,0,0,0.4329564082868953,0.21647820414344765,,
2021-12-09T00:00:00Z,DOGEUSDT,trade,rebalance,-19237.61743982583,0.17904999999999999,-3444.4954026008145,0,0,1.7222477013004072,0.86112385065020358,,
2021-12-09T00:00:00Z,EOSUSDT,trade,rebalance,-91.063773449596852,3.6480000000000001,-332.20064554412932,0,0,0.16610032277206466,0.083050161386032328,,
2021-12-09T00:00:00Z,ETCUSDT,trade,rebalance,-84.124814608326375,40.935000000000002,-3443.6492859918403,0,0,1.7218246429959203,0.86091232149796015,,
2021-12-09T00:00:00Z,ETHUSDT,trade,rebalance,0.77638003754432272,4435.6999999999998,3443.7889325353522,0,0,1.7218944662676761,0.86094723313383803,,
2021-12-09T00:00:00Z,FILUSDT,trade,rebalance,-20.625546553290846,41.372,-853.32011200274883,0,0,0.42666005600137441,0.21333002800068721,,
2021-12-09T00:00:00Z,ICPUSDT,trade,rebalance,-26.295961799476089,31.530000000000001,-829.11167553748112,0,0,0.41455583776874055,0.20727791888437028,,
2021-12-09T00:00:00Z,IOTXUSDT,trade,rebalance,7858.394628605598,0.11451,899.86476892162705,0,0,0.44993238446081352,0.22496619223040676,,
2021-12-09T00:00:00Z,LRCUSDT,trade,rebalance,114.15539544153124,2.5694900000000001,293.32114703306013,0,0,0.14666057351653009,0.073330286758265043,,
2021-12-09T00:00:00Z,LUNAUSDT,trade,rebalance,-7.3910790217978724,75.051000000000002,-554.70787166495211,0,0,0.27735393583247603,0.13867696791623801,,
2021-12-09T00:00:00Z,MATICUSDT,trade,rebalance,1422.9633992247759,2.4209000000000001,3444.85209318326,0,0,1.7224260465916301,0.86121302329581506,,
2021-12-09T00:00:00Z,ONEUSDT,trade,rebalance,14001.751372995541,0.19808999999999999,2773.6069294766867,0,0,1.3868034647383432,0.69340173236917158,,
2021-12-09T00:00:00Z,SANDUSDT,trade,rebalance,-517.87302514794294,5.3444500000000001,-2767.7464892519238,0,0,1.3838732446259618,0.69193662231298092,,
2021-12-09T00:00:00Z,SOLUSDT,trade,rebalance,2.8744599731593055,194.566,559.27217913771347,0,0,0.27963608956885672,0.13981804478442836,,
2021-12-09T00:00:00Z,TRXUSDT,trade,rebalance,35157.85806175568,0.092340000000000005,3246.4766134225197,0,0,1.6232383067112597,0.81161915335562984,,
2021-12-09T00:00:00Z,ZECUSDT,trade,rebalance,-19.263117354798357,178.83000000000001,-3444.8232765585904,0,0,1.7224116382792953,0.86120581913964767,,
2021-12-16T00:00:00Z,ALICEUSDT,trade,rebalance,-33.239367262433461,12.542,-416.88814420544048,0,0,0.20844407210272026,0.10422203605136013,,
2021-12-16T00:00:00Z,AVAXUSDT,trade,rebalance,-2.7477200712419858,101.146,-277.92089432584191,0,0,0.13896044716292094,0.069480223581460471,,
2021-12-16T00:00:00Z,AXSUSDT,trade,rebalance,3.7650051002008844,101.22,381.0938162423335,0,0,0.19054690812116676,0.095273454060583379,,
2021-12-16T00:00:00Z,CHZUSDT,trade,rebalance,-1632.9596501601463,0.28656999999999999,-467.95724694639313,0,0,0.23397862347319656,0.11698931173659828,,
2021-12-16T00:00:00Z,DOGEUSDT,trade,rebalance,19237.61743982583,0.18087,3479.5078663412978,0,0,1.7397539331706489,0.86987696658532443,,
2021-12-16T00:00:00Z,EOSUSDT,trade,rebalance,-85.15245693626764,3.3620000000000001,-286.28256021973181,0,0,0.1431412801098659,0.071570640054932952,,
2021-12-16T00:00:00Z,ETCUSDT,trade,rebalance,-11.753136793270954,36.100000000000001,-424.28823823708149,0,0,0.21214411911854075,0.10607205955927038,,
2021-12-16T00:00:00Z,ETHUSDT,trade,rebalance,0.084821458682618478,4019.0100000000002,340.89829066003051,0,0,0.17044914533001523,0.085224572665007617,,
2021-12-16T00:00:00Z,FILUSDT,trade,rebalance,-7.4014616850795676,38.173999999999999,-282.54339836622739,0,0,0.14127169918311369,0.070635849591556846,,
2021-12-16T00:00:00Z,ICPUSDT,trade,rebalance,-24.19500644697149,25.920000000000002,-627.13456710550111,0,0,0.31356728355275054,0.15678364177637527,,
2021-12-16T00:00:00Z,IOTXUSDT,trade,rebalance,329.62516060282724,0.11364,37.458603250905291,0,0,0.018729301625452645,0.0093646508127263224,,
2021-12-16T00:00:00Z,LRCUSDT,trade,rebalance,-1340.2873291542844,2.2434599999999998,-3006.8810114644707,0,0,1.5034405057322353,0.75172025286611766,,
2021-12-16T00:00:00Z,LUNAUSDT,trade,rebalance,10.330041585646647,61.607999999999997,636.41320200851862,0,0,0.31820660100425929,0.15910330050212965,,
2021-12-16T00:00:00Z,MATICUSDT,trade,rebalance,203.6902554471435,2.1280999999999999,433.47323261706606,0,0,0.21673661630853303,0.10836830815426651,,
2021-12-16T00:00:00Z,SANDUSDT,trade,rebalance,674.18720883950289,5.1340000000000003,3461.277130182008,0,0,1.7306385650910041,0.86531928254550206,,
2021-12-16T00:00:00Z,SOLUSDT,trade,rebalance,1.7038727832352052,178.44,304.03905944049001,0,0,0.15201952972024502,0.076009764860122508,,
2021-12-16T00:00:00Z,XRPUSDT,trade,rebalance,-4191.3347149066803,0.82599999999999996,-3462.0424745129176,0,0,1.7310212372564586,0.86551061862822931,,
2021-12-16T00:00:00Z,ZECUSDT,trade,rebalance,-2.4479831522695434,159.62,-390.74707076526454,0,0,0.19537353538263227,0.097686767691316137,,
2021-12-20T00:00:00Z,CHZUSDT,risk_policy_action,before_rebalance,12078.442576787549,0.26299,3176.5096132693575,0,0,1.5882548066346789,0.79412740331733944,membership_exit,team-05-udcc-none-v1
2021-12-20T00:00:00Z,IOTXUSDT,risk_policy_action,before_rebalance,-30443.989670142291,0.11226,-3417.6422803701735,0,0,1.7088211401850866,0.85441057009254329,membership_exit,team-05-udcc-none-v1
2021-12-23T00:00:00Z,ALICEUSDT,trade,rebalance,8.1379153522640308,13.237,107.72158551791898,0,0,0.053860792758959497,0.026930396379479749,,
2021-12-23T00:00:00Z,ATOMUSDT,trade,rebalance,-129.25295001394724,27.375,-3538.2995066318058,0,0,1.7691497533159029,0.88457487665795143,,
2021-12-23T00:00:00Z,AVAXUSDT,trade,rebalance,-3.8911084606154169,116.64,-453.85889084618225,0,0,0.22692944542309115,0.11346472271154558,,
2021-12-23T00:00:00Z,AXSUSDT,trade,rebalance,0.67077515367689955,101.47,68.063554843595,0,0,0.034031777421797499,0.017015888710898749,,
2021-12-23T00:00:00Z,DYDXUSDT,trade,rebalance,-429.69603997167121,8.2330000000000005,-3537.6874970867693,0,0,1.7688437485433846,0.88442187427169228,,
2021-12-23T00:00:00Z,EOSUSDT,trade,rebalance,-26.79073190742929,3.3479999999999999,-89.695370426073254,0,0,0.044847685213036628,0.022423842606518314,,
2021-12-23T00:00:00Z,ETCUSDT,trade,rebalance,-3.3019556414339348,35.664000000000001,-117.76094599609986,0,0,0.058880472998049938,0.029440236499024969,,
2021-12-23T00:00:00Z,ETHUSDT,trade,rebalance,0.027938186479836258,3978.6300000000001,111.15570687427093,0,0,0.05557785343713547,0.027788926718567735,,
2021-12-23T00:00:00Z,FILUSDT,trade,rebalance,-8.7230262042655085,35.628,-310.78397760557152,0,0,0.15539198880278576,0.077695994401392882,,
2021-12-23T00:00:00Z,ICPUSDT,trade,rebalance,-18.14811252438497,23.329999999999998,-423.39546519390132,0,0,0.21169773259695066,0.10584886629847533,,
2021-12-23T00:00:00Z,LUNAUSDT,trade,rebalance,-14.722728598036028,85.305000000000007,-1255.9223630554634,0,0,0.62796118152773173,0.31398059076386586,,
2021-12-23T00:00:00Z,MATICUSDT,trade,rebalance,-212.20555588624757,2.5017999999999998,-530.89585971621409,0,0,0.26544792985810706,0.13272396492905353,,
2021-12-23T00:00:00Z,SANDUSDT,trade,rebalance,18.16964832784538,5.1111000000000004,92.866889568450532,0,0,0.046433444784225265,0.023216722392112633,,
2021-12-23T00:00:00Z,SFPUSDT,trade,rebalance,2258.0405169723845,1.5665,3537.2204698372402,0,0,1.7686102349186199,0.88430511745930995,,
2021-12-23T00:00:00Z,SOLUSDT,trade,rebalance,0.43068299802747489,178.36000000000001,76.816619528180425,0,0,0.038408309764090209,0.019204154882045105,,
2021-12-23T00:00:00Z,XRPUSDT,trade,rebalance,4191.3347149066803,0.95309999999999995,3994.7611167775567,0,0,1.9973805583887785,0.99869027919438924,,
2021-12-23T00:00:00Z,ZECUSDT,trade,rebalance,0.32541248134330658,165.37,53.81346203974261,0,0,0.026906731019871306,0.013453365509935653,,
2021-12-27T00:00:00Z,SFPUSDT,risk_policy_action,before_rebalance,-2258.0405169723845,1.7645999999999999,-3984.5382962494696,0,0,1.9922691481247348,0.99613457406236738,membership_exit,team-05-udcc-none-v1
2021-12-30T00:00:00Z,ALICEUSDT,trade,rebalance,-18.563270393332857,12.42,-230.55581828519408,0,0,0.11527790914259704,0.057638954571298522,,
2021-12-30T00:00:00Z,ATOMUSDT,trade,rebalance,1.9684846009213288,27.945,55.009302172746537,0,0,0.027504651086373268,0.013752325543186634,,
2021-12-30T00:00:00Z,AVAXUSDT,trade,rebalance,4.1769775676458671,103.072,430.52943185239485,0,0,0.21526471592619742,0.10763235796309871,,
2021-12-30T00:00:00Z,AXSUSDT,trade,rebalance,-34.863003098559567,93.609999999999999,-3263.5257200561609,0,0,1.6317628600280805,0.81588143001404023,,
2021-12-30T00:00:00Z,DYDXUSDT,trade,rebalance,22.734455858098386,8.7439999999999998,198.79008202321228,0,0,0.09939504101160615,0.049697520505803075,,
2021-12-30T00:00:00Z,EOSUSDT,trade,rebalance,-118.53797360674069,3.0270000000000001,-358.81444610760411,0,0,0.17940722305380205,0.089703611526901025,,
2021-12-30T00:00:00Z,ETCUSDT,trade,rebalance,-5.0737794684268778,34.113,-173.08183900644607,0,0,0.08654091950322304,0.04327045975161152,,
2021-12-30T00:00:00Z,ETHUSDT,trade,rebalance,0.091097593867062288,3628.4899999999998,330.54670837069682,0,0,0.16527335418534839,0.082636677092674193,,
2021-12-30T00:00:00Z,FILUSDT,trade,rebalance,-4.6862651371813939,34.191000000000003,-160.22809130536905,0,0,0.080114045652684526,0.040057022826342263,,
2021-12-30T00:00:00Z,GALAUSDT,trade,rebalance,7905.7355366838974,0.44983000000000001,3556.2370164665176,0,0,1.7781185082332587,0.88905925411662934,,
2021-12-30T00:00:00Z,ICPUSDT,trade,rebalance,3.666496970237517,24.050000000000001,88.179252134212291,0,0,0.044089626067106147,0.022044813033553073,,
2021-12-30T00:00:00Z,LUNAUSDT,trade,rebalance,0.80873562170186364,84.132000000000005,68.040545325021199,0,0,0.034020272662510599,0.0170101363312553,,
2021-12-30T00:00:00Z,MANAUSDT,trade,rebalance,1091.847116467017,3.2568000000000001,3555.9276889097814,0,0,1.7779638444548906,0.88898192222744532,,
2021-12-30T00:00:00Z,MATICUSDT,trade,rebalance,22.974410747689035,2.4742000000000002,56.843287071932217,0,0,0.028421643535966108,0.014210821767983054,,
2021-12-30T00:00:00Z,SANDUSDT,trade,rebalance,-79.432784694465909,5.8022,-460.88490335423012,0,0,0.23044245167711505,0.11522122583855753,,
2021-12-30T00:00:00Z,SOLUSDT,trade,rebalance,1.0101973995257119,170.66,172.40028820305798,0,0,0.086200144101528986,0.043100072050764493,,
2021-12-30T00:00:00Z,ZECUSDT,trade,rebalance,-2.8707507385480113,146.63,-420.93818079329486,0,0,0.21046909039664743,0.10523454519832372,,
2022-01-03T00:00:00Z,ETCUSDT,risk_policy_action,before_rebalance,104.25368651145814,35.369999999999997,3687.452891910274,0,0,1.843726445955137,0.92186322297756851,membership_exit,team-05-udcc-none-v1
2022-01-03T00:00:00Z,ZECUSDT,risk_policy_action,before_rebalance,24.256438764272605,152.83000000000001,3707.1115363437825,0,0,1.8535557681718915,0.92677788408594575,membership_exit,team-05-udcc-none-v1
2022-01-06T00:00:00Z,ALICEUSDT,trade,rebalance,6.6967407966946553,12.228999999999999,81.89444320277893,0,0,0.040947221601389465,0.020473610800694732,,
2022-01-06T00:00:00Z,ATOMUSDT,trade,rebalance,127.28446541302591,38.646999999999998,4919.1627348172124,0,0,2.4595813674086062,1.2297906837043031,,
2022-01-06T00:00:00Z,AVAXUSDT,trade,rebalance,0.59067514621965955,97.359999999999999,57.508132235946057,0,0,0.028754066117973032,0.014377033058986516,,
2022-01-06T00:00:00Z,DOGEUSDT,trade,rebalance,-21504.901660742442,0.15887000000000001,-3416.483726842152,0,0,1.7082418634210761,0.85412093171053804,,
2022-01-06T00:00:00Z,DYDXUSDT,trade,rebalance,-31.357694380174337,7.7939999999999996,-244.40186999907877,0,0,0.12220093499953939,0.061100467499769696,,
2022-01-06T00:00:00Z,EOSUSDT,trade,rebalance,-5.7766020451954319,2.895,-16.723262920840774,0,0,0.0083616314604203872,0.0041808157302101936,,
2022-01-06T00:00:00Z,ETHUSDT,trade,rebalance,-0.014407874593175163,3537.8099999999999,-50.972322814481025,0,0,0.025486161407240512,0.012743080703620256,,
2022-01-06T00:00:00Z,FILUSDT,trade,rebalance,0.85950452117424447,33.122999999999998,28.469368254854498,0,0,0.014234684127427248,0.0071173420637136242,,
2022-01-06T00:00:00Z,GALAUSDT,trade,rebalance,1161.6957306889408,0.37694,437.88958872588933,0,0,0.21894479436294467,0.10947239718147234,,
2022-01-06T00:00:00Z,ICPUSDT,trade,rebalance,36.344128815525934,30.640000000000001,1113.5841069077146,0,0,0.55679205345385729,0.27839602672692865,,
2022-01-06T00:00:00Z,LUNAUSDT,trade,rebalance,1.323623763385811,78.439999999999998,103.82504799998301,0,0,0.051912523999991501,0.025956261999995751,,
2022-01-06T00:00:00Z,MANAUSDT,trade,rebalance,80.905947258787592,2.9142999999999999,235.78420209628467,0,0,0.11789210104814234,0.058946050524071168,,
2022-01-06T00:00:00Z,MATICUSDT,trade,rebalance,129.65485406740936,2.1804999999999999,282.71240929398607,0,0,0.14135620464699306,0.070678102323496528,,
2022-01-06T00:00:00Z,SANDUSDT,trade,rebalance,70.402016177096584,4.9996,351.98192007901207,0,0,0.17599096003950604,0.08799548001975302,,
2022-01-06T00:00:00Z,SOLUSDT,trade,rebalance,1.2836070881649277,154.41,198.20177048354648,0,0,0.09910088524177324,0.04955044262088662,,
2022-01-06T00:00:00Z,UNIUSDT,trade,rebalance,-199.8547996106183,17.096,-3416.7176541431304,0,0,1.7083588270715653,0.85417941353578264,,
2022-01-06T00:00:00Z,XRPUSDT,trade,rebalance,-4427.4961459877659,0.77190000000000003,-3417.5842750879565,0,0,1.7087921375439783,0.85439606877198915,,
2022-01-13T00:00:00Z,ALICEUSDT,trade,rebalance,-18.230690757534376,11.494,-209.54355956710012,0,0,0.10477177978355005,0.052385889891775027,,
2022-01-13T00:00:00Z,AVAXUSDT,trade,rebalance,0.62051523125626318,95.902000000000001,59.508651707938149,0,0,0.029754325853969074,0.014877162926984537,,
2022-01-13T00:00:00Z,AXSUSDT,trade,rebalance,-43.866384080519275,78.040000000000006,-3423.3326136437245,0,0,1.7116663068218623,0.85583315341093114,,
2022-01-13T00:00:00Z,CELRUSDT,trade,rebalance,-45413.96290492457,0.075420000000000001,-3425.1210822894113,0,0,1.7125605411447058,0.8562802705723529,,
2022-01-13T00:00:00Z,DOGEUSDT,trade,rebalance,21504.901660742442,0.16267999999999999,3498.4174021695803,0,0,1.7492087010847903,0.87460435054239516,,
2022-01-13T00:00:00Z,DYDXUSDT,trade,rebalance,-3.21455136262,7.7590000000000003,-24.94170402256858,0,0,0.01247085201128429,0.0062354260056421452,,
2022-01-13T00:00:00Z,ENJUSDT,trade,rebalance,1358.5748712335608,2.5203000000000002,3424.0162479699434,0,0,1.7120081239849718,0.85600406199248591,,
2022-01-13T00:00:00Z,EOSUSDT,trade,rebalance,-6.6828684504369003,2.8849999999999998,-19.280075479510455,0,0,0.0096400377397552282,0.0048200188698776141,,
2022-01-13T00:00:00Z,ETHUSDT,trade,rebalance,0.050636652811481442,3369.9200000000001,170.64146904246755,0,0,0.085320734521233774,0.042660367260616887,,
2022-01-13T00:00:00Z,FILUSDT,trade,rebalance,-8.2096354307902288,30.756,-252.49554730938428,0,0,0.12624777365469214,0.063123886827346071,,
2022-01-13T00:00:00Z,GALAUSDT,trade,rebalance,-9067.4312673728382,0.35898999999999998,-3255.1171506741748,0,0,1.6275585753370874,0.81377928766854368,,
2022-01-13T00:00:00Z,ICPUSDT,trade,rebalance,13.731992516892177,34.979999999999997,480.34509824088832,0,0,0.2401725491204442,0.1200862745602221,,
2022-01-13T00:00:00Z,LUNAUSDT,trade,rebalance,-1.7350511057127704,81.843999999999994,-142.00352269595598,0,0,0.07100176134797799,0.035500880673988995,,
2022-01-13T00:00:00Z,MANAUSDT,trade,rebalance,-62.22641369315852,3.0842999999999998,-191.92492775380882,0,0,0.095962463876904408,0.047981231938452204,,
2022-01-13T00:00:00Z,MATICUSDT,trade,rebalance,-137.20711800527511,2.3952,-328.63848904623495,0,0,0.16431924452311747,0.082159622261558735,,
2022-01-13T00:00:00Z,SANDUSDT,trade,rebalance,-16.176232469933666,5.1336000000000004,-83.042307007651473,0,0,0.041521153503825736,0.020760576751912868,,
2022-01-13T00:00:00Z,SOLUSDT,trade,rebalance,0.48706254929318155,151.47999999999999,73.780234966931133,0,0,0.036890117483465566,0.018445058741732783,,
2022-01-13T00:00:00Z,UNIUSDT,trade,rebalance,-10.590388631631697,16.277000000000001,-172.37975575706915,0,0,0.086189877878534576,0.043094938939267288,,
2022-01-13T00:00:00Z,XRPUSDT,trade,rebalance,4427.4961459877659,0.79830000000000001,3534.4701733420334,0,0,1.7672350866710167,0.88361754333550835,,
2022-01-20T00:00:00Z,ALICEUSDT,trade,rebalance,-40.300157005553217,10.09,-406.62858418603196,0,0,0.20331429209301599,0.101657146046508,,
2022-01-20T00:00:00Z,AVAXUSDT,trade,rebalance,5.5986302617837396,82.551000000000002,462.17252674050951,0,0,0.23108626337025476,0.11554313168512738,,
2022-01-20T00:00:00Z,AXSUSDT,trade,rebalance,-3.7121778818820417,71.719999999999999,-266.23739768858002,0,0,0.13311869884429001,0.066559349422145003,,
2022-01-20T00:00:00Z,CELRUSDT,trade,rebalance,-436.27528800429712,0.074359999999999996,-32.441430415999534,0,0,0.016220715207999767,0.0081103576039998834,,
2022-01-20T00:00:00Z,DYDXUSDT,trade,rebalance,-49.523749663396188,6.9480000000000004,-344.09101266127675,0,0,0.17204550633063836,0.086022753165319182,,
2022-01-20T00:00:00Z,ENJUSDT,trade,rebalance,179.26171205281821,2.2179000000000002,397.58455116194557,0,0,0.19879227558097276,0.09939613779048638,,
2022-01-20T00:00:00Z,EOSUSDT,trade,rebalance,-58.642186735981568,2.7360000000000002,-160.44502290964559,0,0,0.080222511454822787,0.040111255727411393,,
2022-01-20T00:00:00Z,ETHUSDT,trade,rebalance,0.089734966821841677,3082.8000000000002,276.63495571837353,0,0,0.13831747785918677,0.069158738929593386,,
2022-01-20T00:00:00Z,FILUSDT,trade,rebalance,-12.191641495770085,27.603000000000002,-336.52588020774169,0,0,0.16826294010387086,0.084131470051935428,,
2022-01-20T00:00:00Z,ICPUSDT,trade,rebalance,-30.737249586929593,26.52,-815.15185904537282,0,0,0.4075759295226864,0.2037879647613432,,
2022-01-20T00:00:00Z,LUNAUSDT,trade,rebalance,0.21358105405193584,81.018000000000001,17.303909837179738,0,0,0.008651954918589869,0.0043259774592949345,,
2022-01-20T00:00:00Z,MANAUSDT,trade,rebalance,139.01838227539179,2.7301000000000002,379.53408545004714,0,0,0.18976704272502357,0.094883521362511783,,
2022-01-20T00:00:00Z,MATICUSDT,trade,rebalance,250.88702380073119,2.0293000000000001,509.12503739882379,0,0,0.25456251869941188,0.12728125934970594,,
2022-01-20T00:00:00Z,SANDUSDT,trade,rebalance,142.04007045408696,4.2157999999999998,598.81252902033975,0,0,0.29940626451016988,0.14970313225508494,,
2022-01-20T00:00:00Z,SOLUSDT,trade,rebalance,2.6139946703534171,135.19999999999999,353.41207943178199,0,0,0.17670603971589099,0.088353019857945497,,
2022-01-20T00:00:00Z,UNIUSDT,trade,rebalance,-15.361793984148278,15.106999999999999,-232.07062171852803,0,0,0.11603531085926402,0.058017655429632012,,
2022-01-27T00:00:00Z,ADAUSDT,trade,rebalance,3184.9096650947995,1.0767,3429.1922364075704,0,0,1.7145961182037852,0.85729805910189261,,
2022-01-27T00:00:00Z,ALICEUSDT,trade,rebalance,-173.55960744319077,6.7050000000000001,-1163.7171679065941,0,0,0.58185858395329704,0.29092929197664852,,
2022-01-27T00:00:00Z,AVAXUSDT,trade,rebalance,10.788389082916268,65.829999999999998,710.19965332837796,0,0,0.35509982666418899,0.17754991333209449,,
2022-01-27T00:00:00Z,AXSUSDT,trade,rebalance,-21.6700696290278,49.520000000000003,-1073.1018480294567,0,0,0.53655092401472837,0.26827546200736418,,
2022-01-27T00:00:00Z,CELRUSDT,trade,rebalance,-21933.755410699712,0.050599999999999999,-1109.8480237814053,0,0,0.55492401189070273,0.27746200594535136,,
2022-01-27T00:00:00Z,CHRUSDT,trade,rebalance,-6569.7909027071964,0.52229999999999999,-3431.4017884839686,0,0,1.7157008942419845,0.85785044712099223,,
2022-01-27T00:00:00Z,DYDXUSDT,trade,rebalance,-98.860231663372758,5.8140000000000001,-574.77338689084922,0,0,0.28738669344542461,0.14369334672271231,,
2022-01-27T00:00:00Z,ENJUSDT,trade,rebalance,-1537.836583286379,1.5516000000000001,-2386.1072426271458,0,0,1.193053621313573,0.59652681065678648,,
2022-01-27T00:00:00Z,EOSUSDT,trade,rebalance,1245.9396978466671,2.2109999999999999,2754.7726719389807,0,0,1.3773863359694904,0.68869316798474522,,
2022-01-27T00:00:00Z,ETHUSDT,trade,rebalance,0.28695839109298205,2461.6199999999999,706.38251468230646,0,0,0.35319125734115325,0.17659562867057663,,
2022-01-27T00:00:00Z,FILUSDT,trade,rebalance,-54.469213157710293,19.260000000000002,-1049.0770454175004,0,0,0.52453852270875012,0.26226926135437506,,
2022-01-27T00:00:00Z,ICPUSDT,trade,rebalance,-44.64469437181117,19.789999999999999,-883.51850161814298,0,0,0.44175925080907147,0.22087962540453573,,
2022-01-27T00:00:00Z,LUNAUSDT,trade,rebalance,16.318160800018234,58.725999999999999,958.30031114187079,0,0,0.47915015557093538,0.23957507778546769,,
2022-01-27T00:00:00Z,MANAUSDT,trade,rebalance,339.44168582715974,2.1581999999999999,732.5830463521761,0,0,0.36629152317608804,0.18314576158804402,,
2022-01-27T00:00:00Z,MATICUSDT,trade,rebalance,478.54770913634115,1.5881000000000001,759.98161687942343,0,0,0.37999080843971167,0.18999540421985583,,
2022-01-27T00:00:00Z,SANDUSDT,trade,rebalance,307.66528324326828,3.0714000000000001,944.96315095337422,0,0,0.47248157547668707,0.23624078773834353,,
2022-01-27T00:00:00Z,SOLUSDT,trade,rebalance,12.029127510214838,92.040000000000006,1107.1608960401738,0,0,0.55358044802008688,0.27679022401004344,,
2022-01-27T00:00:00Z,UNIUSDT,trade,rebalance,-98.379627470204383,10.582000000000001,-1041.0532178897029,0,0,0.52052660894485148,0.26026330447242574,,
2022-01-31T00:00:00Z,UNIUSDT,risk_policy_action,before_rebalance,324.18660969660266,10.781000000000001,3495.0558391390737,0,0,1.747527919569537,0.87376395978476851,membership_exit,team-05-udcc-none-v1
2022-02-03T00:00:00Z,ADAUSDT,trade,rebalance,-3184.9096650947995,1.0261,-3268.0358073537736,0,0,1.6340179036768867,0.81700895183844335,,
2022-02-03T00:00:00Z,ALGOUSDT,trade,rebalance,-3737.7713562022082,0.92259999999999998,-3448.4678532321573,0,0,1.7242339266160787,0.86211696330803933,,
2022-02-03T00:00:00Z,ALICEUSDT,trade,rebalance,9.106949238000368,6.8570000000000002,62.446350924968527,0,0,0.031223175462484265,0.015611587731242133,,
2022-02-03T00:00:00Z,AVAXUSDT,trade,rebalance,-1.226919447355904,67.780000000000001,-83.160600141783178,0,0,0.041580300070891585,0.020790150035445792,,
2022-02-03T00:00:00Z,AXSUSDT,trade,rebalance,-1.0897990120524668,49.030000000000001,-53.432845560932449,0,0,0.026716422780466223,0.013358211390233111,,
2022-02-03T00:00:00Z,CELRUSDT,trade,rebalance,-1807.2277237119852,0.049500000000000002,-89.457772323743271,0,0,0.044728886161871637,0.022364443080935818,,
2022-02-03T00:00:00Z,CHRUSDT,trade,rebalance,-47.342589216552369,0.52210000000000001,-24.717565829961991,0,0,0.012358782914980994,0.0061793914574904971,,
2022-02-03T00:00:00Z,DYDXUSDT,trade,rebalance,0.16066117271589064,5.8479999999999999,0.93954653804252841,0,0,0.00046977326902126419,0.00023488663451063209,,
2022-02-03T00:00:00Z,ETHUSDT,trade,rebalance,-0.10557237814660092,2678.4699999999998,-282.77244769432616,0,0,0.14138622384716309,0.070693111923581547,,
2022-02-03T00:00:00Z,FILUSDT,trade,rebalance,7.1139656334684389,20.16,143.41754717072374,0,0,0.071708773585361874,0.035854386792680937,,
2022-02-03T00:00:00Z,ICPUSDT,trade,rebalance,13.514431056301587,21.579999999999998,291.64142219498825,0,0,0.14582071109749414,0.072910355548747072,,
2022-02-03T00:00:00Z,LUNAUSDT,trade,rebalance,14.150589484248542,47.551000000000002,672.87468056550244,0,0,0.33643734028275118,0.16821867014137559,,
2022-02-03T00:00:00Z,MANAUSDT,trade,rebalance,-231.53893339885713,2.5396999999999998,-588.03942915307744,0,0,0.29401971457653869,0.14700985728826935,,
2022-02-03T00:00:00Z,MATICUSDT,trade,rebalance,83.104577103471456,1.5378000000000001,127.79821866971841,0,0,0.063899109334859205,0.031949554667429603,,
2022-02-03T00:00:00Z,SANDUSDT,trade,rebalance,-175.00660369820332,3.6598999999999999,-640.50666887505429,0,0,0.32025333443752718,0.16012666721876359,,
2022-02-03T00:00:00Z,SOLUSDT,trade,rebalance,-3.3966956962013701,101.83,-345.88552274418549,0,0,0.17294276137209275,0.086471380686046373,,
2022-02-03T00:00:00Z,XTZUSDT,trade,rebalance,919.03965864847476,3.7530000000000001,3449.1558389077259,0,0,1.7245779194538631,0.86228895972693154,,
2022-02-07T00:00:00Z,CELRUSDT,risk_policy_action,before_rebalance,69591.221327340565,0.057200000000000001,3980.6178599238806,0,0,1.9903089299619401,0.99515446498097004,membership_exit,team-05-udcc-none-v1
2022-02-10T00:00:00Z,1000SHIBUSDT,trade,rebalance,105024.86149878071,0.032936,3459.0988383238414,0,0,1.7295494191619207,0.86477470958096037,,
2022-02-10T00:00:00Z,ALGOUSDT,trade,rebalance,397.90675653625749,1.0359,412.19160909590914,0,0,0.20609580454795459,0.1030479022739773,,
2022-02-10T00:00:00Z,ALICEUSDT,trade,rebalance,115.67454073102505,8.9329999999999998,1033.3206723502467,0,0,0.5166603361751233,0.25833016808756165,,
2022-02-10T00:00:00Z,AVAXUSDT,trade,rebalance,-12.425522730942566,89.980000000000004,-1118.0485353302122,0,0,0.55902426766510604,0.27951213383255302,,
2022-02-10T00:00:00Z,AXSUSDT,trade,rebalance,70.338430603481584,67.519999999999996,4749.2508343470763,0,0,2.3746254171735384,1.1873127085867692,,
2022-02-10T00:00:00Z,CHRUSDT,trade,rebalance,1133.6649753034062,0.63060000000000005,714.88913342632804,0,0,0.35744456671316405,0.17872228335658202,,
2022-02-10T00:00:00Z,DYDXUSDT,trade,rebalance,169.39873013742994,8.2319999999999993,1394.4903464913232,0,0,0.6972451732456616,0.3486225866228308,,
2022-02-10T00:00:00Z,EOSUSDT,trade,rebalance,-1296.5716617750945,2.669,-3460.5497652777271,0,0,1.7302748826388636,0.86513744131943182,,
2022-02-10T00:00:00Z,ETHUSDT,trade,rebalance,-1.2875870345603688,3241.79,-4174.0867727674577,0,0,2.0870433863837285,1.0435216931918643,,
2022-02-10T00:00:00Z,FILUSDT,trade,rebalance,28.416807364578631,24.271999999999998,689.73274835305244,0,0,0.34486637417652621,0.17243318708826311,,
2022-02-10T00:00:00Z,ICPUSDT,trade,rebalance,9.7487940606871746,23.059999999999999,224.80719103944622,0,0,0.11240359551972311,0.056201797759861553,,
2022-02-10T00:00:00Z,LUNAUSDT,trade,rebalance,-12.403434027401204,57.502000000000002,-713.222263443624,0,0,0.35661113172181197,0.17830556586090598,,
2022-02-10T00:00:00Z,MANAUSDT,trade,rebalance,-322.35752350206826,3.3422000000000001,-1077.3833150486125,0,0,0.53869165752430626,0.26934582876215313,,
2022-02-10T00:00:00Z,MATICUSDT,trade,rebalance,-542.9499656291996,2.0358999999999998,-1105.3918350244874,0,0,0.55269591751224367,0.27634795875612184,,
2022-02-10T00:00:00Z,SANDUSDT,trade,rebalance,-207.18708912605462,4.7088000000000001,-975.60256527676597,0,0,0.48780128263838296,0.24390064131919148,,
2022-02-10T00:00:00Z,SOLUSDT,trade,rebalance,-3.4825342960311758,113.90000000000001,-396.66065631795095,0,0,0.19833032815897547,0.099165164079487736,,
2022-02-10T00:00:00Z,THETAUSDT,trade,rebalance,-1006.7545010562369,3.4359999999999999,-3459.20846562923,0,0,1.7296042328146148,0.86480211640730742,,
2022-02-10T00:00:00Z,XTZUSDT,trade,rebalance,-139.49927753794816,4.4370000000000003,-618.95829443587604,0,0,0.30947914721793807,0.15473957360896903,,
2022-02-17T00:00:00Z,1000SHIBUSDT,trade,rebalance,-105024.86149878071,0.030918000000000001,-3247.1586678193021,0,0,1.6235793339096509,0.81178966695482546,,
2022-02-17T00:00:00Z,ALGOUSDT,trade,rebalance,3339.8645996659507,0.97719999999999996,3263.7156867935669,0,0,1.6318578433967834,0.81592892169839171,,
2022-02-17T00:00:00Z,ALICEUSDT,trade,rebalance,386.9741016819749,8.9879999999999995,3478.1232259175904,0,0,1.739061612958795,0.86953080647939751,,
2022-02-17T00:00:00Z,AVAXUSDT,trade,rebalance,-38.447105624915913,95.25,-3662.0868107732408,0,0,1.8310434053866205,0.91552170269331024,,
2022-02-17T00:00:00Z,CHRUSDT,trade,rebalance,5483.4685166203426,0.55449999999999999,3040.5832924659799,0,0,1.5202916462329901,0.76014582311649503,,
2022-02-17T00:00:00Z,DYDXUSDT,trade,rebalance,420.35841987299028,7.4059999999999997,3113.1744575793659,0,0,1.5565872287896829,0.77829361439484146,,
2022-02-17T00:00:00Z,EOSUSDT,trade,rebalance,1296.5716617750945,2.5470000000000002,3302.3680225411658,0,0,1.6511840112705827,0.82559200563529134,,
2022-02-17T00:00:00Z,FILUSDT,trade,rebalance,142.52583619285434,23.059000000000001,3286.5032567710286,0,0,1.6432516283855143,0.82162581419275715,,
2022-02-17T00:00:00Z,ICPUSDT,trade,rebalance,150.01581664185764,22.07,3310.8490732857981,0,0,1.655424536642899,0.82771226832144951,,
2022-02-17T00:00:00Z,LUNAUSDT,trade,rebalance,-60.143222354103443,56.015000000000001,-3368.9226001651045,0,0,1.6844613000825523,0.84223065004127617,,
2022-02-17T00:00:00Z,MANAUSDT,trade,rebalance,-1035.0902612342722,3.2602000000000002,-3374.6012696759744,0,0,1.6873006348379873,0.84365031741899366,,
2022-02-17T00:00:00Z,MATICUSDT,trade,rebalance,-1699.4595900068393,1.8363,-3120.7176451295591,0,0,1.5603588225647795,0.78017941128238977,,
2022-02-17T00:00:00Z,SANDUSDT,trade,rebalance,-734.66151705314257,4.1711,-3064.3466537803629,0,0,1.5321733268901816,0.7660866634450908,,
2022-02-17T00:00:00Z,SOLUSDT,trade,rebalance,-30.378399694942274,101.81,-3092.8248729420729,0,0,1.5464124364710365,0.77320621823551827,,
2022-02-17T00:00:00Z,THETAUSDT,trade,rebalance,1006.7545010562369,3.8969999999999998,3923.322290616155,0,0,1.9616611453080774,0.98083057265403872,,
2022-02-17T00:00:00Z,XTZUSDT,trade,rebalance,-779.5403811105266,4.0369999999999999,-3147.0045185431959,0,0,1.5735022592715979,0.78675112963579896,,
2022-03-03T00:00:00Z,1000SHIBUSDT,trade,rebalance,132782.42076366828,0.025898999999999998,3438.9319153582446,0,0,1.7194659576791222,0.85973297883956112,,
2022-03-03T00:00:00Z,ALGOUSDT,trade,rebalance,-4197.7160106789379,0.81899999999999995,-3437.9294127460498,0,0,1.7189647063730249,0.85948235318651245,,
2022-03-03T00:00:00Z,ARUSDT,trade,rebalance,108.79547723088801,31.606999999999999,3438.6986488366774,0,0,1.7193493244183389,0.85967466220916944,,
2022-03-03T00:00:00Z,ATOMUSDT,trade,rebalance,106.68785040999556,32.232999999999997,3438.8694822653865,0,0,1.7194347411326933,0.85971737056634667,,
2022-03-03T00:00:00Z,AVAXUSDT,trade,rebalance,41.281321532856353,83.299999999999997,3438.7340836869339,0,0,1.719367041843467,0.8596835209217335,,
2022-03-03T00:00:00Z,BLZUSDT,trade,rebalance,-21754.966324390101,0.15811,-3439.6777255493189,0,0,1.7198388627746592,0.85991943138732962,,
2022-03-03T00:00:00Z,CELRUSDT,trade,rebalance,-77987.361138839711,0.044089999999999997,-3438.4627526114427,0,0,1.7192313763057212,0.8596156881528606,,
2022-03-03T00:00:00Z,CHRUSDT,trade,rebalance,-8147.1374549764578,0.42220000000000002,-3439.7214334910605,0,0,1.7198607167455302,0.8599303583727651,,
2022-03-03T00:00:00Z,COTIUSDT,trade,rebalance,-14924.67725318014,0.23043,-3439.0933794502994,0,0,1.7195466897251495,0.85977334486257473,,
2022-03-03T00:00:00Z,DODOUSDT,trade,rebalance,-7349.3145313196464,0.46899999999999997,-3446.828515188914,0,0,1.7234142575944571,0.86170712879722855,,
2022-03-03T00:00:00Z,DYDXUSDT,trade,rebalance,-574.61698076369385,5.9820000000000002,-3437.3587789284165,0,0,1.7186793894642083,0.85933969473210414,,
2022-03-03T00:00:00Z,EGLDUSDT,trade,rebalance,-22.529595924401747,152.66,-3439.3681138191705,0,0,1.7196840569095853,0.85984202845479263,,
2022-03-03T00:00:00Z,ETHUSDT,trade,rebalance,1.1668294981617002,2947.48,3439.206609241648,0,0,1.7196033046208241,0.85980165231041206,,
2022-03-03T00:00:00Z,HNTUSDT,trade,rebalance,143.78392601279705,23.922999999999998,3439.7428620041437,0,0,1.7198714310020717,0.85993571550103587,,
2022-03-03T00:00:00Z,MATICUSDT,trade,rebalance,2103.0331267656184,1.6349,3438.2488589491095,0,0,1.7191244294745549,0.85956221473727745,,
2022-03-03T00:00:00Z,XTZUSDT,trade,rebalance,984.94320987926335,3.4910000000000001,3438.4367456885084,0,0,1.7192183728442543,0.85960918642212714,,
2022-03-07T00:00:00Z,COTIUSDT,risk_policy_action,before_rebalance,14924.67725318014,0.19664999999999999,2934.9377818378744,0,0,1.4674688909189373,0.73373444545946864,membership_exit,team-05-udcc-none-v1
2022-03-07T00:00:00Z,HNTUSDT,risk_policy_action,before_rebalance,-143.78392601279705,20.818000000000001,-2993.2937717344093,0,0,1.4966468858672048,0.74832344293360242,membership_exit,team-05-udcc-none-v1
2022-03-10T00:00:00Z,1000SHIBUSDT,trade,rebalance,-132782.42076366828,0.02384,-3165.5329110058519,0,0,1.5827664555029259,0.79138322775146297,,
2022-03-10T00:00:00Z,ALGOUSDT,trade,rebalance,4197.7160106789379,0.76659999999999995,3217.9690937864734,0,0,1.6089845468932367,0.80449227344661833,,
2022-03-10T00:00:00Z,ARUSDT,trade,rebalance,-108.79547723088801,37.235999999999997,-4051.1083901693455,0,0,2.0255541950846729,1.0127770975423365,,
2022-03-10T00:00:00Z,ATOMUSDT,trade,rebalance,-106.68785040999556,30.035,-3204.3695870642168,0,0,1.6021847935321085,0.80109239676605426,,
2022-03-10T00:00:00Z,AVAXUSDT,trade,rebalance,-41.281321532856353,77.569999999999993,-3202.1921113036669,0,0,1.6010960556518334,0.80054802782591672,,
2022-03-10T00:00:00Z,BLZUSDT,trade,rebalance,21754.966324390101,0.15257999999999999,3319.3727617754416,0,0,1.6596863808877209,0.82984319044386046,,
2022-03-10T00:00:00Z,CELRUSDT,trade,rebalance,77987.361138839711,0.039759999999999997,3100.7774788802667,0,0,1.5503887394401334,0.77519436972006672,,
2022-03-10T00:00:00Z,CHRUSDT,trade,rebalance,8147.1374549764578,0.39069999999999999,3183.086603659302,0,0,1.591543301829651,0.79577165091482549,,
2022-03-10T00:00:00Z,DODOUSDT,trade,rebalance,7349.3145313196464,0.40799999999999997,2998.5203287784157,0,0,1.4992601643892078,0.74963008219460392,,
2022-03-10T00:00:00Z,DYDXUSDT,trade,rebalance,574.61698076369385,5.0590000000000002,2906.9873056835272,0,0,1.4534936528417637,0.72674682642088184,,
2022-03-10T00:00:00Z,EGLDUSDT,trade,rebalance,22.529595924401747,141.52000000000001,3188.3884152213354,0,0,1.5941942076106677,0.79709710380533383,,
2022-03-10T00:00:00Z,ETHUSDT,trade,rebalance,-1.1668294981617002,2726.3699999999999,-3181.2089389031144,0,0,1.5906044694515571,0.79530223472577855,,
2022-03-10T00:00:00Z,MATICUSDT,trade,rebalance,-2103.0331267656184,1.5047999999999999,-3164.6442491569023,0,0,1.5823221245784513,0.79116106228922567,,
2022-03-10T00:00:00Z,XTZUSDT,trade,rebalance,-984.94320987926346,3.1709999999999998,-3123.2549185271441,0,0,1.5616274592635719,0.78081372963178597,,
2022-03-31T00:00:00Z,ALGOUSDT,trade,rebalance,-3750.4840716390586,0.92700000000000005,-3476.6987344094073,0,0,1.7383493672047037,0.86917468360235184,,
2022-03-31T00:00:00Z,ALICEUSDT,trade,rebalance,-446.16215769506317,7.7939999999999996,-3477.3878570753222,0,0,1.738693928537661,0.86934696426883051,,
2022-03-31T00:00:00Z,ARUSDT,trade,rebalance,89.617855863979088,38.799999999999997,3477.1728075223882,0,0,1.738586403761194,0.869293201880597,,
2022-03-31T00:00:00Z,AVAXUSDT,trade,rebalance,36.351058125284482,95.599999999999994,3475.1611567771961,0,0,1.7375805783885983,0.86879028919429913,,
2022-03-31T00:00:00Z,CELRUSDT,trade,rebalance,-61975.066632944399,0.056090000000000001,-3476.1814874418515,0,0,1.7380907437209259,0.86904537186046293,,
2022-03-31T00:00:00Z,CHZUSDT,trade,rebalance,-11504.596601071937,0.30199999999999999,-3474.3881735237246,0,0,1.737194086761862,0.86859704338093102,,
2022-03-31T00:00:00Z,CRVUSDT,trade,rebalance,-1234.7009412075392,2.8149999999999999,-3475.683149499223,0,0,1.7378415747496114,0.86892078737480571,,
2022-03-31T00:00:00Z,DYDXUSDT,trade,rebalance,-554.34951432177388,6.2670000000000003,-3474.1084062545569,0,0,1.7370542031272784,0.86852710156363921,,
2022-03-31T00:00:00Z,ETHUSDT,trade,rebalance,1.0260711840570118,3385.0900000000001,3473.3433044395501,0,0,1.7366716522197752,0.86833582610988758,,
2022-03-31T00:00:00Z,ICPUSDT,trade,rebalance,-159.16250754322286,21.84,-3476.1091647439871,0,0,1.7380545823719935,0.86902729118599675,,
2022-03-31T00:00:00Z,LINKUSDT,trade,rebalance,-201.77492536025272,17.213999999999999,-3473.3535651513903,0,0,1.736676782575695,0.86833839128784751,,
2022-03-31T00:00:00Z,RENUSDT,trade,rebalance,7220.4746018403839,0.48130000000000001,3475.2144258657768,0,0,1.7376072129328883,0.86880360646644417,,
2022-03-31T00:00:00Z,RUNEUSDT,trade,rebalance,290.97240410963229,11.944000000000001,3475.3743946854484,0,0,1.7376871973427241,0.86884359867136207,,
2022-03-31T00:00:00Z,SNXUSDT,trade,rebalance,524.04248116345661,6.6280000000000001,3473.3535651513903,0,0,1.736676782575695,0.86833839128784751,,
2022-03-31T00:00:00Z,SXPUSDT,trade,rebalance,2111.3307703860437,1.6458999999999999,3475.039314978389,0,0,1.7375196574891947,0.86875982874459734,,
2022-03-31T00:00:00Z,XTZUSDT,trade,rebalance,906.51860003944535,3.8340000000000001,3475.5923125512336,0,0,1.7377961562756168,0.86889807813780839,,
2022-04-04T00:00:00Z,RENUSDT,risk_policy_action,before_rebalance,-7220.4746018403839,0.47289999999999999,-3414.5624392103173,0,0,1.7072812196051586,0.85364060980257928,membership_exit,team-05-udcc-none-v1
2022-04-07T00:00:00Z,ALGOUSDT,trade,rebalance,3750.4840716390586,0.76539999999999997,2870.6205084325352,0,0,1.4353102542162677,0.71765512710813384,,
2022-04-07T00:00:00Z,ALICEUSDT,trade,rebalance,446.16215769506317,6.7199999999999998,2998.2096997108242,0,0,1.499104849855412,0.74955242492770602,,
2022-04-07T00:00:00Z,ARUSDT,trade,rebalance,-89.617855863979088,32.746000000000002,-2934.6263081218594,0,0,1.4673131540609299,0.73365657703046494,,
2022-04-07T00:00:00Z,AVAXUSDT,trade,rebalance,-36.351058125284482,82.879999999999995,-3012.7756974235776,0,0,1.5063878487117888,0.75319392435589438,,
2022-04-07T00:00:00Z,CELRUSDT,trade,rebalance,61975.066632944399,0.054300000000000001,3365.2461181688809,0,0,1.6826230590844402,0.8413115295422201,,
2022-04-07T00:00:00Z,CHZUSDT,trade,rebalance,11504.596601071937,0.22724,2614.304531627587,0,0,1.3071522658137935,0.65357613290689676,,
2022-04-07T00:00:00Z,CRVUSDT,trade,rebalance,1234.7009412075392,2.4950000000000001,3080.5788483128104,0,0,1.5402894241564051,0.77014471207820256,,
2022-04-07T00:00:00Z,DYDXUSDT,trade,rebalance,554.34951432177388,5.367,2975.1938433649602,0,0,1.48759692168248,0.74379846084124002,,
2022-04-07T00:00:00Z,ETHUSDT,trade,rebalance,-1.0260711840570118,3166.77,-3249.3314435362231,0,0,1.6246657217681115,0.81233286088405576,,
2022-04-07T00:00:00Z,ICPUSDT,trade,rebalance,159.16250754322286,18.719999999999999,2979.5221412091319,0,0,1.4897610706045661,0.74488053530228304,,
2022-04-07T00:00:00Z,LINKUSDT,trade,rebalance,201.77492536025272,15.397,3106.7285257718113,0,0,1.5533642628859055,0.77668213144295273,,
2022-04-07T00:00:00Z,RUNEUSDT,trade,rebalance,-290.97240410963229,9.2159999999999993,-2681.6016762743711,0,0,1.3408008381371856,0.67040041906859282,,
2022-04-07T00:00:00Z,SNXUSDT,trade,rebalance,-524.04248116345661,5.3789999999999996,-2818.8245061782327,0,0,1.4094122530891164,0.70470612654455822,,
2022-04-07T00:00:00Z,SXPUSDT,trade,rebalance,-2111.3307703860437,1.3226,-2792.4460769125812,0,0,1.3962230384562906,0.69811151922814529,,
2022-04-07T00:00:00Z,XTZUSDT,trade,rebalance,-906.51860003944535,3.2850000000000001,-2977.9136011295782,0,0,1.4889568005647891,0.74447840028239454,,
2022-04-14T00:00:00Z,AAVEUSDT,trade,rebalance,19.467086643413936,178.13999999999999,3467.8668146577584,0,0,1.7339334073288792,0.86696670366443962,,
2022-04-14T00:00:00Z,ALGOUSDT,trade,rebalance,-4650.485201364836,0.74570000000000003,-3467.8668146577584,0,0,1.7339334073288792,0.86696670366443962,,
2022-04-14T00:00:00Z,ALICEUSDT,trade,rebalance,-530.03282139679027,6.5490000000000004,-3471.1849473275797,0,0,1.7355924736637898,0.86779623683189488,,
2022-04-14T00:00:00Z,ALPHAUSDT,trade,rebalance,-8645.8908368430766,0.40100000000000002,-3467.0022255740741,0,0,1.733501112787037,0.8667505563935185,,
2022-04-14T00:00:00Z,AUDIOUSDT,trade,rebalance,3134.0865925510693,1.1071,3469.747266613289,0,0,1.7348736333066446,0.86743681665332228,,
2022-04-14T00:00:00Z,AVAXUSDT,trade,rebalance,43.265401427983505,80.159999999999997,3468.1545784671575,0,0,1.7340772892335787,0.86703864461678937,,
2022-04-14T00:00:00Z,CELRUSDT,trade,rebalance,-66844.001824552004,0.051869999999999999,-3467.1983746395126,0,0,1.7335991873197563,0.86679959365987813,,
2022-04-14T00:00:00Z,CHZUSDT,trade,rebalance,-14280.459622211161,0.24279999999999999,-3467.2955962728697,0,0,1.7336477981364347,0.86682389906821733,,
2022-04-14T00:00:00Z,CRVUSDT,trade,rebalance,-1511.7117762239575,2.2949999999999999,-3469.3785264339822,0,0,1.734689263216991,0.86734463160849551,,
2022-04-14T00:00:00Z,DYDXUSDT,trade,rebalance,-719.17602958476948,4.8230000000000004,-3468.5859906873434,0,0,1.7342929953436717,0.86714649767183583,,
2022-04-14T00:00:00Z,ETHUSDT,trade,rebalance,1.1127618972413351,3116.5300000000002,3467.9558356095386,0,0,1.7339779178047692,0.86698895890238459,,
2022-04-14T00:00:00Z,ICPUSDT,trade,rebalance,-204.43644589025828,16.969999999999999,-3469.2864867576827,0,0,1.7346432433788415,0.86732162168942073,,
2022-04-14T00:00:00Z,RUNEUSDT,trade,rebalance,399.41688960364871,8.6750000000000007,3464.9415173116527,0,0,1.7324707586558263,0.86623537932791317,,
2022-04-14T00:00:00Z,SNXUSDT,trade,rebalance,673.36809928184994,5.1509999999999998,3468.519079400809,0,0,1.7342595397004046,0.86712976985020229,,
2022-04-14T00:00:00Z,UNIUSDT,trade,rebalance,359.32720077274462,9.6509999999999998,3467.8668146577584,0,0,1.7339334073288792,0.86696670366443962,,
2022-04-14T00:00:00Z,XTZUSDT,trade,rebalance,1091.7496410917047,3.1760000000000002,3467.3968601072543,0,0,1.7336984300536271,0.86684921502681356,,
2022-04-21T00:00:00Z,AAVEUSDT,trade,rebalance,-19.467086643413936,186.25,-3625.7448873358453,0,0,1.8128724436679227,0.90643622183396133,,
2022-04-21T00:00:00Z,ALGOUSDT,trade,rebalance,4650.485201364836,0.74139999999999995,3447.8697282918893,0,0,1.7239348641459444,0.86196743207297222,,
2022-04-21T00:00:00Z,ALICEUSDT,trade,rebalance,530.03282139679027,6.835,3622.7743342470617,0,0,1.8113871671235309,0.90569358356176544,,
2022-04-21T00:00:00Z,ALPHAUSDT,trade,rebalance,8645.8908368430766,0.38990000000000002,3371.0328372851159,0,0,1.685516418642558,0.84275820932127898,,
2022-04-21T00:00:00Z,AUDIOUSDT,trade,rebalance,-3134.0865925510693,1.2958000000000001,-4061.1494066276759,0,0,2.0305747033138379,1.015287351656919,,
2022-04-21T00:00:00Z,AVAXUSDT,trade,rebalance,-43.265401427983505,78.180000000000007,-3382.4890836397508,0,0,1.6912445418198754,0.84562227090993769,,
2022-04-21T00:00:00Z,CELRUSDT,trade,rebalance,66844.001824552004,0.05101,3409.7125330703975,0,0,1.7048562665351987,0.85242813326759936,,
2022-04-21T00:00:00Z,CHZUSDT,trade,rebalance,14280.459622211161,0.22581000000000001,3224.6705872915027,0,0,1.6123352936457513,0.80616764682287567,,
2022-04-21T00:00:00Z,CRVUSDT,trade,rebalance,1511.7117762239575,2.327,3517.753303273149,0,0,1.7588766516365744,0.87943832581828718,,
2022-04-21T00:00:00Z,DYDXUSDT,trade,rebalance,719.17602958476948,4.851,3488.7229195157165,0,0,1.7443614597578585,0.87218072987892925,,
2022-04-21T00:00:00Z,ETHUSDT,trade,rebalance,-1.1127618972413351,3073.96,-3420.5855616439744,0,0,1.7102927808219872,0.85514639041099361,,
2022-04-21T00:00:00Z,ICPUSDT,trade,rebalance,204.43644589025828,17.09,3493.8188602645141,0,0,1.746909430132257,0.87345471506612848,,
2022-04-21T00:00:00Z,RUNEUSDT,trade,rebalance,-399.41688960364871,9.0869999999999997,-3629.5012758283556,0,0,1.8147506379141778,0.90737531895708889,,
2022-04-21T00:00:00Z,SNXUSDT,trade,rebalance,-673.36809928184994,6.6100000000000003,-4450.9631362530281,0,0,2.2254815681265141,1.112740784063257,,
2022-04-21T00:00:00Z,UNIUSDT,trade,rebalance,-359.32720077274462,9.3160000000000007,-3347.4922023988893,0,0,1.6737461011994448,0.83687305059972239,,
2022-04-21T00:00:00Z,XTZUSDT,trade,rebalance,-1091.7496410917047,3.145,-3433.5526212334112,0,0,1.7167763106167055,0.85838815530835277,,
2022-06-16T00:00:00Z,AAVEUSDT,trade,rebalance,84.518196133643727,66.609999999999999,5629.7570444620087,0,0,2.814878522231004,1.407439261115502,,
2022-06-16T00:00:00Z,ADAUSDT,trade,rebalance,10530.783846730283,0.53439999999999999,5627.6508876926628,0,0,2.8138254438463313,1.4069127219231656,,
2022-06-16T00:00:00Z,APEUSDT,trade,rebalance,1353.3069818418289,4.1589999999999998,5628.4037374801665,0,0,2.8142018687400832,1.4071009343700416,,
2022-06-16T00:00:00Z,ATOMUSDT,trade,rebalance,-768.72330674376826,7.3200000000000003,-5627.0546053643839,0,0,2.8135273026821919,1.4067636513410959,,
2022-06-16T00:00:00Z,AXSUSDT,trade,rebalance,356.32854514861003,15.800000000000001,5629.9910133480389,0,0,2.8149955066740193,1.4074977533370097,,
2022-06-16T00:00:00Z,CRVUSDT,trade,rebalance,-7339.9700710065299,0.76700000000000002,-5629.7570444620087,0,0,2.814878522231004,1.407439261115502,,
2022-06-16T00:00:00Z,DOTUSDT,trade,rebalance,662.87025132014696,8.4920000000000009,5629.0941742106888,0,0,2.8145470871053444,1.4072735435526722,,
2022-06-16T00:00:00Z,DYDXUSDT,trade,rebalance,-4370.9293823462804,1.2869999999999999,-5625.3861150796629,0,0,2.8126930575398315,1.4063465287699157,,
2022-06-16T00:00:00Z,ENSUSDT,trade,rebalance,-602.62867099786001,9.3450000000000006,-5631.5649304750023,0,0,2.8157824652375014,1.4078912326187507,,
2022-06-16T00:00:00Z,LINKUSDT,trade,rebalance,-768.98532401278283,7.319,-5628.2035864495574,0,0,2.8141017932247787,1.4070508966123894,,
2022-06-20T00:00:00Z,DYDXUSDT,risk_policy_action,before_rebalance,4370.9293823462804,1.258,5498.6291629916204,0,0,2.7493145814958102,1.3746572907479051,membership_exit,team-05-udcc-none-v1
2022-06-20T00:00:00Z,ENSUSDT,risk_policy_action,before_rebalance,602.62867099786001,8.9239999999999995,5377.8582599849024,0,0,2.6889291299924514,1.3444645649962257,membership_exit,team-05-udcc-none-v1
2022-06-23T00:00:00Z,AAVEUSDT,trade,rebalance,-84.518196133643727,61.880000000000003,-5229.9859767498738,0,0,2.614992988374937,1.3074964941874685,,
2022-06-23T00:00:00Z,ADAUSDT,trade,rebalance,-10530.783846730283,0.45889999999999997,-4832.5767072645267,0,0,2.4162883536322632,1.2081441768161316,,
2022-06-23T00:00:00Z,APEUSDT,trade,rebalance,-1353.3069818418289,3.9750000000000001,-5379.3952528212703,0,0,2.6896976264106351,1.3448488132053176,,
2022-06-23T00:00:00Z,ATOMUSDT,trade,rebalance,768.72330674376815,7.0540000000000003,5422.5742057705411,0,0,2.7112871028852705,1.3556435514426353,,
2022-06-23T00:00:00Z,AXSUSDT,trade,rebalance,-356.32854514861003,13.98,-4981.4730611775685,0,0,2.4907365305887841,1.245368265294392,,
2022-06-23T00:00:00Z,CRVUSDT,trade,rebalance,7339.9700710065299,0.69799999999999995,5123.2991095625575,0,0,2.5616495547812788,1.2808247773906394,,
2022-06-23T00:00:00Z,DOTUSDT,trade,rebalance,-662.87025132014696,7.3849999999999998,-4895.2968059992854,0,0,2.4476484029996426,1.2238242014998213,,
2022-06-23T00:00:00Z,LINKUSDT,trade,rebalance,768.98532401278283,6.6189999999999998,5089.9138596406092,0,0,2.5449569298203043,1.2724784649101522,,
2022-07-28T00:00:00Z,ADAUSDT,trade,rebalance,6814.5384612366315,0.5111,3482.9106075380423,0,0,1.741455303769021,0.87072765188451051,,
2022-07-28T00:00:00Z,APEUSDT,trade,rebalance,510.40860877914201,6.819,3480.4763032649694,0,0,1.7402381516324847,0.87011907581624237,,
2022-07-28T00:00:00Z,ATOMUSDT,trade,rebalance,-337.92487947903891,10.302,-3481.3021083930585,0,0,1.7406510541965294,0.87032552709826472,,
2022-07-28T00:00:00Z,CRVUSDT,trade,rebalance,-2626.3543879733697,1.3240000000000001,-3477.2932096767418,0,0,1.7386466048383706,0.86932330241918532,,
2022-07-28T00:00:00Z,FILUSDT,trade,rebalance,-615.65747305367495,5.6509999999999998,-3479.0803802263172,0,0,1.7395401901131586,0.86977009505657932,,
2022-07-28T00:00:00Z,LINKUSDT,trade,rebalance,-508.0416321673448,6.8529999999999998,-3481.6093052428137,0,0,1.7408046526214067,0.87040232631070336,,
2022-07-28T00:00:00Z,MANAUSDT,trade,rebalance,3651.2551419655865,0.95369999999999999,3482.2020288925796,0,0,1.7411010144462897,0.87055050722314486,,
2022-07-28T00:00:00Z,MATICUSDT,trade,rebalance,3883.79407471074,0.89639999999999997,3481.4330085707074,0,0,1.7407165042853536,0.87035825214267681,,
2022-07-28T00:00:00Z,NEARUSDT,trade,rebalance,-839.69958920915838,4.1470000000000002,-3482.2341964503798,0,0,1.74111709822519,0.870558549112595,,
2022-07-28T00:00:00Z,OGNUSDT,trade,rebalance,-16740.02810159975,0.20799999999999999,-3481.9258451327478,0,0,1.7409629225663739,0.87048146128318693,,
2022-07-28T00:00:00Z,PEOPLEUSDT,trade,rebalance,-129495.75899977316,0.026890000000000001,-3482.1409595039004,0,0,1.7410704797519503,0.87053523987597514,,
2022-07-28T00:00:00Z,RUNEUSDT,trade,rebalance,1279.2925042066054,2.7210000000000001,3480.9549039461735,0,0,1.7404774519730868,0.87023872598654339,,
2022-07-28T00:00:00Z,SANDUSDT,trade,rebalance,2652.5891020704466,1.3128,3482.3189731980824,0,0,1.7411594865990414,0.8705797432995207,,
2022-07-28T00:00:00Z,SNXUSDT,trade,rebalance,930.63493342558763,3.7429999999999999,3483.3665558119742,0,0,1.741683277905987,0.87084163895299349,,
2022-07-28T00:00:00Z,UNIUSDT,trade,rebalance,433.38322295586556,8.0370000000000008,3483.100962896292,0,0,1.7415504814481462,0.87077524072407309,,
2022-07-28T00:00:00Z,WAVESUSDT,trade,rebalance,-647.0149008640617,5.3819999999999997,-3482.2341964503798,0,0,1.74111709822519,0.870558549112595,,
2022-08-04T00:00:00Z,ADAUSDT,trade,rebalance,-6814.5384612366315,0.50009999999999999,-3407.9506844644393,0,0,1.7039753422322195,0.85198767111610973,,
2022-08-04T00:00:00Z,APEUSDT,trade,rebalance,-510.40860877914201,7.165,-3657.0776819025527,0,0,1.8285388409512766,0.91426942047563831,,
2022-08-04T00:00:00Z,ATOMUSDT,trade,rebalance,337.92487947903891,10.151999999999999,3430.6133764712026,0,0,1.7153066882356012,0.85765334411780059,,
2022-08-04T00:00:00Z,CRVUSDT,trade,rebalance,2626.3543879733697,1.331,3495.6776903925552,0,0,1.7478388451962776,0.87391942259813882,,
2022-08-04T00:00:00Z,FILUSDT,trade,rebalance,615.65747305367495,8.0830000000000002,4976.359354692855,0,0,2.4881796773464275,1.2440898386732138,,
2022-08-04T00:00:00Z,LINKUSDT,trade,rebalance,508.0416321673448,7.2779999999999996,3697.5269989139351,0,0,1.8487634994569675,0.92438174972848375,,
2022-08-04T00:00:00Z,MANAUSDT,trade,rebalance,-3651.2551419655865,0.9617,-3511.4120700283047,0,0,1.7557060350141525,0.87785301750707623,,
2022-08-04T00:00:00Z,MATICUSDT,trade,rebalance,-3883.79407471074,0.88739999999999997,-3446.4788618983107,0,0,1.7232394309491552,0.86161971547457761,,
2022-08-04T00:00:00Z,NEARUSDT,trade,rebalance,839.69958920915838,4.5090000000000003,3786.2054477440952,0,0,1.8931027238720475,0.94655136193602374,,
2022-08-04T00:00:00Z,OGNUSDT,trade,rebalance,16740.02810159975,0.21179999999999999,3545.5379519188268,0,0,1.7727689759594134,0.8863844879797067,,
2022-08-04T00:00:00Z,PEOPLEUSDT,trade,rebalance,129495.75899977316,0.037470000000000003,4852.2060897215006,0,0,2.4261030448607506,1.2130515224303753,,
2022-08-04T00:00:00Z,RUNEUSDT,trade,rebalance,-1279.2925042066054,2.6669999999999998,-3411.8731087190163,0,0,1.7059365543595082,0.8529682771797541,,
2022-08-04T00:00:00Z,SANDUSDT,trade,rebalance,-2652.5891020704466,1.2576000000000001,-3335.8960547637939,0,0,1.6679480273818967,0.83397401369094837,,
2022-08-04T00:00:00Z,SNXUSDT,trade,rebalance,-930.63493342558763,3.7010000000000001,-3444.2798886081,0,0,1.7221399443040499,0.86106997215202496,,
2022-08-04T00:00:00Z,UNIUSDT,trade,rebalance,-433.38322295586556,8.8970000000000002,-3855.8105346383359,0,0,1.9279052673191679,0.96395263365958395,,
2022-08-04T00:00:00Z,WAVESUSDT,trade,rebalance,647.0149008640617,5.6319999999999997,3643.9879216663953,0,0,1.8219939608331976,0.91099698041659882,,
2022-08-11T00:00:00Z,AAVEUSDT,trade,rebalance,30.423367802669748,111.03,3377.9065271304221,0,0,1.6889532635652111,0.84447663178260557,,
2022-08-11T00:00:00Z,AXSUSDT,trade,rebalance,-182.42521568501488,18.52,-3378.5149944864756,0,0,1.6892574972432379,0.84462874862161896,,
2022-08-11T00:00:00Z,CRVUSDT,trade,rebalance,-2435.7643413948658,1.3859999999999999,-3375.9693771732836,0,0,1.6879846885866421,0.84399234429332104,,
2022-08-11T00:00:00Z,DYDXUSDT,trade,rebalance,-1384.0700509981466,2.4409999999999998,-3378.5149944864756,0,0,1.6892574972432379,0.84462874862161896,,
2022-08-11T00:00:00Z,ENSUSDT,trade,rebalance,209.2246220815199,16.135999999999999,3376.0485019074049,0,0,1.6880242509537025,0.84401212547685123,,
2022-08-11T00:00:00Z,ETCUSDT,trade,rebalance,87.040902199710089,38.805,3377.62220985975,0,0,1.6888111049298751,0.84440555246493754,,
2022-08-11T00:00:00Z,FLMUSDT,trade,rebalance,-16281.999973428799,0.2074,-3376.8867944891331,0,0,1.6884433972445665,0.84422169862228325,,
2022-08-11T00:00:00Z,GALAUSDT,trade,rebalance,-53306.250814326486,0.063369999999999996,-3378.0171141038691,0,0,1.6890085570519346,0.84450427852596732,,
2022-08-11T00:00:00Z,GMTUSDT,trade,rebalance,-3443.5296960299452,0.98099999999999998,-3378.1026318053759,0,0,1.6890513159026879,0.84452565795134393,,
2022-08-11T00:00:00Z,MATICUSDT,trade,rebalance,3603.3649685222649,0.93759999999999999,3378.5149944864756,0,0,1.6892574972432379,0.84462874862161896,,
2022-08-11T00:00:00Z,NEARUSDT,trade,rebalance,-572.48485925528144,5.9029999999999996,-3379.378124183926,0,0,1.6896890620919629,0.84484453104598145,,
2022-08-11T00:00:00Z,SNXUSDT,trade,rebalance,805.36710238056628,4.1959999999999997,3379.320361588856,0,0,1.689660180794428,0.84483009039721402,,
2022-08-11T00:00:00Z,TRBUSDT,trade,rebalance,87.164989537834771,38.759999999999998,3378.5149944864756,0,0,1.6892574972432379,0.84462874862161896,,
2022-08-11T00:00:00Z,UNFIUSDT,trade,rebalance,-379.26662359505019,8.9120000000000008,-3380.0241494790876,0,0,1.6900120747395437,0.84500603736977187,,
2022-08-11T00:00:00Z,UNIUSDT,trade,rebalance,366.62751731052066,9.2129999999999992,3377.7393169818265,0,0,1.6888696584909133,0.84443482924545665,,
2022-08-11T00:00:00Z,WAVESUSDT,trade,rebalance,553.67338487159543,6.1020000000000003,3378.5149944864756,0,0,1.6892574972432379,0.84462874862161896,,
2022-08-18T00:00:00Z,AAVEUSDT,trade,rebalance,-30.423367802669748,100.18000000000001,-3047.8129864714556,0,0,1.5239064932357278,0.7619532466178639,,
2022-08-18T00:00:00Z,AXSUSDT,trade,rebalance,182.42521568501488,16.960000000000001,3093.9316580178524,0,0,1.5469658290089263,0.77348291450446316,,
2022-08-18T00:00:00Z,CRVUSDT,trade,rebalance,-425.39431760453454,1.1819999999999999,-502.81608340855979,0,0,0.25140804170427994,0.12570402085213997,,
2022-08-18T00:00:00Z,DYDXUSDT,trade,rebalance,-393.38232741819024,1.9019999999999999,-748.21318674939778,0,0,0.37410659337469887,0.18705329668734944,,
2022-08-18T00:00:00Z,ENSUSDT,trade,rebalance,5.7038306373829641,15.738,89.766886571133085,0,0,0.044883443285566545,0.022441721642783272,,
2022-08-18T00:00:00Z,ETCUSDT,trade,rebalance,-3.1058689645137747,40.289999999999999,-125.13546058025997,0,0,0.062567730290129991,0.031283865145064996,,
2022-08-18T00:00:00Z,FLMUSDT,trade,rebalance,-3868.410508374825,0.16789999999999999,-649.50612435613311,0,0,0.32475306217806654,0.16237653108903327,,
2022-08-18T00:00:00Z,GALAUSDT,trade,rebalance,-202.83098416454595,0.063200000000000006,-12.818918199199306,0,0,0.0064094590995996525,0.0032047295497998262,,
2022-08-18T00:00:00Z,GMTUSDT,trade,rebalance,-50.568556369195448,0.96799999999999997,-48.950362565381191,0,0,0.024475181282690595,0.012237590641345298,,
2022-08-18T00:00:00Z,MATICUSDT,trade,rebalance,221.56588990154523,0.8841,195.88640326195613,0,0,0.097943201630978069,0.048971600815489034,,
2022-08-18T00:00:00Z,NEARUSDT,trade,rebalance,-105.6818053675986,4.9859999999999998,-526.9294815628466,0,0,0.26346474078142329,0.13173237039071165,,
2022-08-18T00:00:00Z,RUNEUSDT,trade,rebalance,1359.6227921077291,2.488,3382.74150676403,0,0,1.691370753382015,0.84568537669100752,,
2022-08-18T00:00:00Z,SANDUSDT,trade,rebalance,-2779.2527361882694,1.2166999999999999,-3381.5168041202669,0,0,1.6907584020601334,0.8453792010300667,,
2022-08-18T00:00:00Z,SNXUSDT,trade,rebalance,160.70114871847613,3.5,562.45402051466647,0,0,0.28122701025733321,0.1406135051286666,,
2022-08-18T00:00:00Z,TRBUSDT,trade,rebalance,-2.8733083105143749,40.119999999999997,-115.27712941783672,0,0,0.057638564708918365,0.028819282354459182,,
2022-08-18T00:00:00Z,UNFIUSDT,trade,rebalance,84.65663153731316,11.476000000000001,971.51950352220592,0,0,0.48575975176110298,0.24287987588055149,,
2022-08-18T00:00:00Z,UNIUSDT,trade,rebalance,58.5657094360717,7.9589999999999996,466.12448140169465,0,0,0.23306224070084733,0.11653112035042366,,
2022-08-18T00:00:00Z,WAVESUSDT,trade,rebalance,49.795984902926868,5.6029999999999998,279.00690341109924,0,0,0.13950345170554962,0.06975172585277481,,
2022-08-22T00:00:00Z,SNXUSDT,risk_policy_action,before_rebalance,-966.06825109904241,3.1059999999999999,-3000.6079879136255,0,0,1.5003039939568128,0.7501519969784064,membership_exit,team-05-udcc-none-v1
2022-08-25T00:00:00Z,CRVUSDT,trade,rebalance,2861.1586589994004,1.1779999999999999,3370.4449003012933,0,0,1.6852224501506465,0.84261122507532327,,
2022-08-25T00:00:00Z,DYDXUSDT,trade,rebalance,1777.4523784163368,1.762,3131.8710907695854,0,0,1.5659355453847927,0.78296777269239637,,
2022-08-25T00:00:00Z,ENSUSDT,trade,rebalance,-214.92845271890289,13.821999999999999,-2970.7410734806754,0,0,1.4853705367403378,0.74268526837016891,,
2022-08-25T00:00:00Z,ETCUSDT,trade,rebalance,-83.935033235196315,35.287999999999997,-2961.8994528036073,0,0,1.4809497264018037,0.74047486320090183,,
2022-08-25T00:00:00Z,FLMUSDT,trade,rebalance,20150.410481803625,0.13400000000000001,2700.1550045616859,0,0,1.3500775022808429,0.67503875114042144,,
2022-08-25T00:00:00Z,GALAUSDT,trade,rebalance,53509.081798491032,0.054820000000000001,2933.3678641932784,0,0,1.4666839320966392,0.73334196604831958,,
2022-08-25T00:00:00Z,GMTUSDT,trade,rebalance,3494.0982523991406,0.78610000000000002,2746.7106362109644,0,0,1.3733553181054823,0.68667765905274114,,
2022-08-25T00:00:00Z,MATICUSDT,trade,rebalance,-3824.9308584238102,0.81269999999999998,-3108.5213086410304,0,0,1.5542606543205151,0.77713032716025754,,
2022-08-25T00:00:00Z,NEARUSDT,trade,rebalance,678.16666462288003,4.2670000000000003,2893.7371579458295,0,0,1.4468685789729148,0.72343428948645738,,
2022-08-25T00:00:00Z,RUNEUSDT,trade,rebalance,-1359.6227921077291,2.181,-2965.3373095869574,0,0,1.4826686547934786,0.74133432739673932,,
2022-08-25T00:00:00Z,SANDUSDT,trade,rebalance,2779.2527361882694,1.0444,2902.6515576750285,0,0,1.4513257788375142,0.72566288941875712,,
2022-08-25T00:00:00Z,TRBUSDT,trade,rebalance,-84.291681227320396,37.299999999999997,-3144.0797097790505,0,0,1.5720398548895254,0.78601992744476268,,
2022-08-25T00:00:00Z,UNFIUSDT,trade,rebalance,294.60999205773703,8.7769999999999992,2585.7919002907579,0,0,1.2928959501453789,0.64644797507268947,,
2022-08-25T00:00:00Z,UNIUSDT,trade,rebalance,-425.19322674659236,7.0430000000000001,-2994.6358959762501,0,0,1.4973179479881251,0.74865897399406256,,
2022-08-25T00:00:00Z,WAVESUSDT,trade,rebalance,-603.46936977452231,5.0670000000000002,-3057.7792966475045,0,0,1.5288896483237522,0.76444482416187609,,
2022-09-01T00:00:00Z,DOGEUSDT,trade,rebalance,-55613.387587851568,0.061289999999999997,-3408.5445252594222,0,0,1.7042722626297113,0.85213613131485566,,
2022-09-01T00:00:00Z,DOTUSDT,trade,rebalance,485.27933265797577,7.0250000000000004,3409.0873119222802,0,0,1.70454365596114,0.85227182798057,,
2022-09-01T00:00:00Z,ETCUSDT,trade,rebalance,105.21023025208271,32.389000000000003,3407.654147634707,0,0,1.7038270738173535,0.85191353690867677,,
2022-09-01T00:00:00Z,ETHUSDT,trade,rebalance,2.1946329839617245,1553.04,3408.3528094119165,0,0,1.7041764047059584,0.85208820235297922,,
2022-09-01T00:00:00Z,FILUSDT,trade,rebalance,-593.51570560804601,5.7430000000000003,-3408.5606973070085,0,0,1.7042803486535041,0.85214017432675204,,
2022-09-01T00:00:00Z,FLMUSDT,trade,rebalance,-29664.948788352151,0.1149,-3408.5026157816624,0,0,1.7042513078908312,0.85212565394541562,,
2022-09-01T00:00:00Z,FLOWUSDT,trade,rebalance,-1647.6980724612279,2.069,-3409.0873119222802,0,0,1.70454365596114,0.85227182798057,,
2022-09-01T00:00:00Z,FTMUSDT,trade,rebalance,-12487.760501958779,0.27289999999999998,-3407.9098409845506,0,0,1.7039549204922755,0.85197746024613774,,
2022-09-01T00:00:00Z,GALAUSDT,trade,rebalance,-67694.346940474192,0.050369999999999998,-3409.7642553916849,0,0,1.7048821276958424,0.85244106384792118,,
2022-09-01T00:00:00Z,GMTUSDT,trade,rebalance,-5081.3643045495301,0.67090000000000005,-3409.0873119222802,0,0,1.70454365596114,0.85227182798057,,
2022-09-01T00:00:00Z,MATICUSDT,trade,rebalance,4097.7685366055503,0.83199999999999996,3409.3434224558177,0,0,1.7046717112279091,0.85233585561395453,,
2022-09-01T00:00:00Z,SNXUSDT,trade,rebalance,1153.7191536209116,2.9540000000000002,3408.0863797961729,0,0,1.7040431898980863,0.85202159494904317,,
2022-09-01T00:00:00Z,SOLUSDT,trade,rebalance,108.32130556256114,31.469999999999999,3408.8714860537989,0,0,1.7044357430268995,0.85221787151344974,,
2022-09-01T00:00:00Z,TRBUSDT,trade,rebalance,179.5201322760548,18.98,3407.2921105995201,0,0,1.7036460552997599,0.85182302764987994,,
2022-09-01T00:00:00Z,UNFIUSDT,trade,rebalance,-450.19302081723868,7.5679999999999996,-3407.060781544862,0,0,1.7035303907724308,0.85176519538621542,,
2022-09-01T00:00:00Z,UNIUSDT,trade,rebalance,555.29113629953542,6.1349999999999998,3406.7111211976498,0,0,1.7033555605988251,0.85167778029941255,,
2022-09-08T00:00:00Z,1000SHIBUSDT,trade,rebalance,282988.46153785783,0.012244,3464.9107230695313,0,0,1.7324553615347658,0.86622768076738288,,
2022-09-08T00:00:00Z,ATOMUSDT,trade,rebalance,268.05745962165645,12.925000000000001,3464.6426656099097,0,0,1.7323213328049547,0.86616066640247735,,
2022-09-08T00:00:00Z,AXSUSDT,trade,rebalance,-256.66005356070605,13.5,-3464.9107230695317,0,0,1.7324553615347658,0.86622768076738288,,
2022-09-08T00:00:00Z,BCHUSDT,trade,rebalance,-29.197865703796506,118.65000000000001,-3464.3267657554557,0,0,1.7321633828777279,0.86608169143886393,,
2022-09-08T00:00:00Z,DOGEUSDT,trade,rebalance,-1235.024603609163,0.060940000000000001,-75.262399343942391,0,0,0.037631199671971191,0.018815599835985596,,
2022-09-08T00:00:00Z,DOTUSDT,trade,rebalance,-485.27933265797577,7.1950000000000003,-3491.5847984741358,0,0,1.7457923992370676,0.87289619961853382,,
2022-09-08T00:00:00Z,ETCUSDT,trade,rebalance,-12.209969279123769,37.258000000000003,-454.91903540159342,0,0,0.22745951770079673,0.11372975885039836,,
2022-09-08T00:00:00Z,ETHUSDT,trade,rebalance,-0.068289371541500721,1629.3599999999999,-111.2679704148596,0,0,0.055633985207429806,0.027816992603714903,,
2022-09-08T00:00:00Z,FILUSDT,trade,rebalance,1.498699853088965,5.8529999999999998,8.7718902401297125,0,0,0.0043859451200648561,0.002192972560032428,,
2022-09-08T00:00:00Z,FLMUSDT,trade,rebalance,29664.948788352151,0.1108,3286.8763257494184,0,0,1.643438162874709,0.8217190814373545,,
2022-09-08T00:00:00Z,FLOWUSDT,trade,rebalance,-216.62016369650974,1.8580000000000001,-402.48026414811511,0,0,0.20124013207405755,0.10062006603702878,,
2022-09-08T00:00:00Z,FTMUSDT,trade,rebalance,12487.760501958779,0.25380000000000003,3169.3936153971385,0,0,1.5846968076985692,0.79234840384928462,,
2022-09-08T00:00:00Z,GALAUSDT,trade,rebalance,-3497.572580165448,0.048669999999999998,-170.22685747665236,0,0,0.085113428738326183,0.042556714369163091,,
2022-09-08T00:00:00Z,GMTUSDT,trade,rebalance,5081.3643045495301,0.65000000000000002,3302.8867979571946,0,0,1.6514433989785973,0.82572169948929863,,
2022-09-08T00:00:00Z,MATICUSDT,trade,rebalance,27.12518133436788,0.84009999999999996,22.787864839002456,0,0,0.011393932419501228,0.0056969662097506139,,
2022-09-08T00:00:00Z,SNXUSDT,trade,rebalance,7.0549579601708956,2.9849999999999999,21.059049511110121,0,0,0.01052952475555506,0.0052647623777775298,,
2022-09-08T00:00:00Z,SOLUSDT,trade,rebalance,-108.32130556256114,32.689999999999998,-3541.0234788401235,0,0,1.7705117394200618,0.8852558697100309,,
2022-09-08T00:00:00Z,THETAUSDT,trade,rebalance,-3121.3675764282548,1.1100000000000001,-3464.7180098353633,0,0,1.7323590049176816,0.86617950245884079,,
2022-09-08T00:00:00Z,TRBUSDT,trade,rebalance,22.043204218301526,17.170000000000002,378.48181642823721,0,0,0.1892409082141186,0.094620454107059299,,
2022-09-08T00:00:00Z,UNFIUSDT,trade,rebalance,-30.166187422077485,7.2039999999999997,-217.3172141886462,0,0,0.10865860709432311,0.054329303547161555,,
2022-09-08T00:00:00Z,UNIUSDT,trade,rebalance,11.324708615299983,6.1130000000000004,69.227943765328803,0,0,0.0346139718826644,0.0173069859413322,,
2022-09-12T00:00:00Z,SNXUSDT,risk_policy_action,before_rebalance,-1160.7741115810825,2.9569999999999999,-3432.4090479452607,0,0,1.7162045239726302,0.85810226198631512,membership_exit,team-05-udcc-none-v1
2022-09-15T00:00:00Z,1000SHIBUSDT,trade,rebalance,-282988.46153785783,0.012191,-3449.912334608025,0,0,1.7249561673040124,0.86247808365200618,,
2022-09-15T00:00:00Z,ATOMUSDT,trade,rebalance,-18.095410299364517,13.954000000000001,-252.50335531733248,0,0,0.12625167765866624,0.06312583882933312,,
2022-09-15T00:00:00Z,AXSUSDT,trade,rebalance,256.66005356070605,13.300000000000001,3413.5787123573905,0,0,1.7067893561786953,0.85339467808934766,,
2022-09-15T00:00:00Z,BCHUSDT,trade,rebalance,0.10845683584400589,119.83,12.996382639187226,0,0,0.0064981913195936132,0.0032490956597968066,,
2022-09-15T00:00:00Z,CHZUSDT,trade,rebalance,18139.864955662848,0.19220999999999999,3486.6634431279558,0,0,1.7433317215639779,0.87166586078198893,,
2022-09-15T00:00:00Z,DOGEUSDT,trade,rebalance,56848.412191460731,0.061129999999999997,3475.1434372639942,0,0,1.737571718631997,0.8687858593159985,,
2022-09-15T00:00:00Z,DYDXUSDT,trade,rebalance,-2515.637374092244,1.385,-3484.1577631177579,0,0,1.7420788815588788,0.8710394407794394,,
2022-09-15T00:00:00Z,ENSUSDT,trade,rebalance,237.90365333977607,14.657999999999999,3487.1917506544373,0,0,1.7435958753272185,0.87179793766360925,,
2022-09-15T00:00:00Z,ETCUSDT,trade,rebalance,-4.0166363584695262,39.198,-157.44411197928849,0,0,0.078722055989644241,0.03936102799482212,,
2022-09-15T00:00:00Z,ETHUSDT,trade,rebalance,0.0070222772416479451,1635.4000000000001,11.48423220099105,0,0,0.0057421161004955253,0.0028710580502477627,,
2022-09-15T00:00:00Z,FILUSDT,trade,rebalance,6.3329109144765425,5.9530000000000003,37.699818673878859,0,0,0.018849909336939429,0.0094249546684697146,,
2022-09-15T00:00:00Z,FLOWUSDT,trade,rebalance,-2.7190057567061103,1.867,-5.0763837477703078,0,0,0.0025381918738851539,0.0012690959369425769,,
2022-09-15T00:00:00Z,GALAUSDT,trade,rebalance,71191.91952063964,0.04863,3462.0630462887057,0,0,1.7310315231443529,0.86551576157217647,,
2022-09-15T00:00:00Z,GMTUSDT,trade,rebalance,-5166.0805738918543,0.67510000000000003,-3487.6209954343908,0,0,1.7438104977171955,0.87190524885859777,,
2022-09-15T00:00:00Z,MATICUSDT,trade,rebalance,-87.445435564793115,0.86360000000000003,-75.517878153755333,0,0,0.037758939076877662,0.018879469538438831,,
2022-09-15T00:00:00Z,THETAUSDT,trade,rebalance,-21.037019304510977,1.109,-23.330054408702672,0,0,0.011665027204351336,0.0058325136021756679,,
2022-09-15T00:00:00Z,TRBUSDT,trade,rebalance,-8.8523364245568814,18.09,-160.13876592023399,0,0,0.080069382960116994,0.040034691480058497,,
2022-09-15T00:00:00Z,UNFIUSDT,trade,rebalance,-8.8510443922925788,7.1310000000000002,-63.116797561438382,0,0,0.031558398780719192,0.015779199390359596,,
2022-09-15T00:00:00Z,UNIUSDT,trade,rebalance,-2.0219452289031778,6.1740000000000004,-12.48348984324822,0,0,0.00624174492162411,0.003120872460812055,,
2022-09-15T00:00:00Z,WAVESUSDT,trade,rebalance,-785.81100825820101,4.4370000000000003,-3486.643443641638,0,0,1.7433217218208188,0.8716608609104094,,
2022-09-19T00:00:00Z,FLOWUSDT,risk_policy_action,before_rebalance,1867.0372419144437,1.651,3082.4784864007465,0,0,1.5412392432003734,0.77061962160018671,membership_exit,team-05-udcc-none-v1
2022-09-19T00:00:00Z,THETAUSDT,risk_policy_action,before_rebalance,3142.4045957327658,1.0349999999999999,3252.3887565834125,0,0,1.6261943782917061,0.81309718914585305,membership_exit,team-05-udcc-none-v1
2022-09-22T00:00:00Z,ATOMUSDT,trade,rebalance,10.147033292512162,13.365,135.61509995442506,0,0,0.067807549977212528,0.033903774988606264,,
2022-09-22T00:00:00Z,BCHUSDT,trade,rebalance,29.0894088679525,108.72,3162.6005321237958,0,0,1.5813002660618978,0.79065013303094889,,
2022-09-22T00:00:00Z,CHZUSDT,trade,rebalance,-2921.7161672512771,0.22849,-667.58292705524434,0,0,0.33379146352762218,0.16689573176381109,,
2022-09-22T00:00:00Z,DOGEUSDT,trade,rebalance,-60876.047904547122,0.057099999999999998,-3476.0223353496403,0,0,1.7380111676748202,0.86900558383741011,,
2022-09-22T00:00:00Z,DOTUSDT,trade,rebalance,568.00095149238348,6.1189999999999998,3475.5978221818946,0,0,1.7377989110909471,0.86889945554547354,,
2022-09-22T00:00:00Z,DYDXUSDT,trade,rebalance,-433.34872085582219,1.1779999999999999,-510.48479316815849,0,0,0.25524239658407921,0.12762119829203961,,
2022-09-22T00:00:00Z,ENSUSDT,trade,rebalance,20.846054680758044,13.433,280.0250525266228,0,0,0.1400125262633114,0.070006263131655699,,
2022-09-22T00:00:00Z,ETCUSDT,trade,rebalance,-88.983624614489415,27.614999999999998,-2457.2827937291249,0,0,1.2286413968645626,0.61432069843228132,,
2022-09-22T00:00:00Z,ETHUSDT,trade,rebalance,0.66004978106420298,1244.2,821.23393760008139,0,0,0.41061696880004073,0.20530848440002036,,
2022-09-22T00:00:00Z,FILUSDT,trade,rebalance,-78.08837960458527,5.2380000000000004,-409.02693236881765,0,0,0.20451346618440883,0.10225673309220441,,
2022-09-22T00:00:00Z,GALAUSDT,trade,rebalance,-86379.571596899885,0.040219999999999999,-3474.1863696273131,0,0,1.7370931848136566,0.8685465924068283,,
2022-09-22T00:00:00Z,GMTUSDT,trade,rebalance,-660.44544642724395,0.59660000000000002,-394.02175333849374,0,0,0.19701087666924685,0.098505438334623427,,
2022-09-22T00:00:00Z,HNTUSDT,trade,rebalance,-787.27198434820491,4.4100000000000001,-3471.8694509755837,0,0,1.7359347254877917,0.86796736274389585,,
2022-09-22T00:00:00Z,MATICUSDT,trade,rebalance,-4037.448282375125,0.69979999999999998,-2825.4063080061123,0,0,1.4127031540030563,0.70635157700152817,,
2022-09-22T00:00:00Z,RVNUSDT,trade,rebalance,90836.511070187233,0.038260000000000002,3475.4049135453638,0,0,1.7377024567726818,0.86885122838634088,,
2022-09-22T00:00:00Z,TRBUSDT,trade,rebalance,68.255751335633732,13.31,908.48405027728506,0,0,0.45424202513864259,0.2271210125693213,,
2022-09-22T00:00:00Z,UNFIUSDT,trade,rebalance,-86.828497266407041,6.0279999999999996,-523.40218152190164,0,0,0.26170109076095083,0.13085054538047541,,
2022-09-22T00:00:00Z,UNIUSDT,trade,rebalance,87.655287669052655,5.327,466.93971741304347,0,0,0.23346985870652173,0.11673492935326087,,
2022-09-22T00:00:00Z,WAVESUSDT,trade,rebalance,-118.98072228873821,3.8410000000000002,-457.00495431104349,0,0,0.22850247715552172,0.11425123857776086,,
2022-09-26T00:00:00Z,UNIUSDT,risk_policy_action,before_rebalance,-652.24918735498488,5.6529999999999996,-3687.1646561177295,0,0,1.8435823280588648,0.9217911640294324,membership_exit,team-05-udcc-none-v1
2022-09-29T00:00:00Z,ATOMUSDT,trade,rebalance,7.1568419994940768,12.984,92.92443652143109,0,0,0.046462218260715539,0.02323110913035777,,
2022-09-29T00:00:00Z,BCHUSDT,trade,rebalance,-30.426898236528551,114.02,-3469.2749369289854,0,0,1.734637468464493,0.86731873423224648,,
2022-09-29T00:00:00Z,CHZUSDT,trade,rebalance,-790.1087407126488,0.24043999999999999,-189.97374561694926,0,0,0.094986872808474634,0.047493436404237317,,
2022-09-29T00:00:00Z,DOGEUSDT,trade,rebalance,60876.047904547122,0.060470000000000003,3681.1746167879646,0,0,1.8405873083939823,0.92029365419699116,,
2022-09-29T00:00:00Z,DOTUSDT,trade,rebalance,-568.00095149238348,6.3860000000000001,-3627.2540762303611,0,0,1.8136270381151804,0.90681351905759022,,
2022-09-29T00:00:00Z,DYDXUSDT,trade,rebalance,227.93110099951357,1.276,290.84008487537932,0,0,0.14542004243768966,0.072710021218844831,,
2022-09-29T00:00:00Z,ENSUSDT,trade,rebalance,-39.867053215366496,15.848000000000001,-631.81305935712828,0,0,0.31590652967856414,0.15795326483928207,,
2022-09-29T00:00:00Z,ETHUSDT,trade,rebalance,-0.19712029741983803,1336.4300000000001,-263.43747908079416,0,0,0.13171873954039709,0.065859369770198545,,
2022-09-29T00:00:00Z,FILUSDT,trade,rebalance,70.86618140012456,5.8520000000000003,414.70889355352892,0,0,0.20735444677676446,0.10367722338838223,,
2022-09-29T00:00:00Z,GALAUSDT,trade,rebalance,-66.203117889395799,0.040149999999999998,-2.6580551832592412,0,0,0.0013290275916296207,0.00066451379581481036,,
2022-09-29T00:00:00Z,GMTUSDT,trade,rebalance,653.85129634752957,0.67090000000000005,438.66883471955759,0,0,0.21933441735977882,0.10966720867988941,,
2022-09-29T00:00:00Z,HNTUSDT,trade,rebalance,122.35031405713744,5.2190000000000003,638.54628906420032,0,0,0.31927314453210015,0.15963657226605008,,
2022-09-29T00:00:00Z,LINKUSDT,trade,rebalance,445.40155449221925,7.7880000000000003,3468.7873063854036,0,0,1.7343936531927018,0.86719682659635089,,
2022-09-29T00:00:00Z,MATICUSDT,trade,rebalance,4645.7128143407299,0.747,3470.347472312525,0,0,1.7351737361562625,0.86758686807813123,,
2022-09-29T00:00:00Z,RVNUSDT,trade,rebalance,6342.7844844178762,0.035700000000000003,226.43740609371821,0,0,0.1132187030468591,0.056609351523429552,,
2022-09-29T00:00:00Z,TRBUSDT,trade,rebalance,-47.949389030515476,16.289999999999999,-781.09554730709704,0,0,0.39054777365354854,0.19527388682677427,,
2022-09-29T00:00:00Z,UNFIUSDT,trade,rebalance,25.217421135833547,6.2999999999999998,158.86975315575134,0,0,0.079434876577875679,0.03971743828893784,,
2022-09-29T00:00:00Z,WAVESUSDT,trade,rebalance,2.2306194123422074,3.8450000000000002,8.5767316404557885,0,0,0.0042883658202278949,0.0021441829101139474,,
2022-10-03T00:00:00Z,GALAUSDT,risk_policy_action,before_rebalance,86445.774714789281,0.039399999999999998,3405.9635237626976,0,0,1.702981761881349,0.85149088094067449,membership_exit,team-05-udcc-none-v1
2022-10-06T00:00:00Z,ATOMUSDT,trade,rebalance,0.46717854029486716,12.997999999999999,6.0723866667526831,0,0,0.0030361933333763417,0.0015180966666881708,,
2022-10-06T00:00:00Z,BCHUSDT,trade,rebalance,1.9140148962236729,122,233.50981733928811,0,0,0.11675490866964405,0.058377454334822027,,
2022-10-06T00:00:00Z,CHZUSDT,trade,rebalance,1577.5381389319718,0.21747,343.06721907353591,0,0,0.17153360953676794,0.08576680476838397,,
2022-10-06T00:00:00Z,DOGEUSDT,trade,rebalance,-53763.214353764182,0.064729999999999996,-3480.0928651191552,0,0,1.7400464325595779,0.87002321627978896,,
2022-10-06T00:00:00Z,DOTUSDT,trade,rebalance,541.01868060123763,6.431,3479.2911349465594,0,0,1.7396455674732796,0.86982278373663979,,
2022-10-06T00:00:00Z,DYDXUSDT,trade,rebalance,-45.615172133211217,1.2569999999999999,-57.338271371446496,0,0,0.028669135685723244,0.014334567842861622,,
2022-10-06T00:00:00Z,ENSUSDT,trade,rebalance,-19.920243470934395,17.501000000000001,-348.62418098482289,0,0,0.17431209049241145,0.087156045246205724,,
2022-10-06T00:00:00Z,ETHUSDT,trade,rebalance,-0.021519465226867762,1351.5999999999999,-29.085709200634465,0,0,0.014542854600317233,0.0072714273001586163,,
2022-10-06T00:00:00Z,FILUSDT,trade,rebalance,-30.334174609323551,5.585,-169.41636519307204,0,0,0.084708182596536022,0.042354091298268011,,
2022-10-06T00:00:00Z,GMTUSDT,trade,rebalance,-398.14785505701275,0.62470000000000003,-248.72296505411589,0,0,0.12436148252705793,0.062180741263528967,,
2022-10-06T00:00:00Z,HNTUSDT,trade,rebalance,51.473254088149247,5.673,292.00777044207069,0,0,0.14600388522103536,0.073001942610517678,,
2022-10-06T00:00:00Z,LINKUSDT,trade,rebalance,-3.2212619664591671,7.8689999999999998,-25.348110414067186,0,0,0.012674055207033592,0.0063370276035167959,,
2022-10-06T00:00:00Z,MATICUSDT,trade,rebalance,-4645.7128143407299,0.85070000000000001,-3952.1078911596592,0,0,1.9760539455798294,0.98802697278991469,,
2022-10-06T00:00:00Z,RVNUSDT,trade,rebalance,3401.4230904571887,0.034610000000000002,117.7232531607233,0,0,0.058861626580361655,0.029430813290180827,,
2022-10-06T00:00:00Z,TRBUSDT,trade,rebalance,12.523328818805908,15.43,193.23496367417516,0,0,0.096617481837087571,0.048308740918543785,,
2022-10-06T00:00:00Z,UNFIUSDT,trade,rebalance,-6.7964993293344378,6.2409999999999997,-42.416952314376225,0,0,0.021208476157188114,0.010604238078594057,,
2022-10-06T00:00:00Z,WAVESUSDT,trade,rebalance,-9.4129101230432752,3.8159999999999998,-35.919665029533135,0,0,0.017959832514766565,0.0089799162573832823,,
2022-10-10T00:00:00Z,DYDXUSDT,risk_policy_action,before_rebalance,2766.6701660817639,1.2849999999999999,3555.1711634150665,0,0,1.7775855817075332,0.88879279085376661,membership_exit,team-05-udcc-none-v1
2022-10-10T00:00:00Z,TRBUSDT,risk_policy_action,before_rebalance,-225.5406911937236,15.460000000000001,-3486.8590858549669,0,0,1.7434295429274833,0.87171477146374166,membership_exit,team-05-udcc-none-v1
2022-10-10T00:00:00Z,WAVESUSDT,risk_policy_action,before_rebalance,911.97402125764029,3.7509999999999999,3420.8145537374085,0,0,1.7104072768687042,0.8552036384343521,membership_exit,team-05-udcc-none-v1
2022-10-13T00:00:00Z,ATOMUSDT,trade,rebalance,29.284917538603342,11.728999999999999,343.48279781027856,0,0,0.17174139890513926,0.085870699452569629,,
2022-10-13T00:00:00Z,AVAXUSDT,trade,rebalance,-218.46537388764648,15.94,-3482.3380597690848,0,0,1.7411690298845424,0.87058451494227118,,
2022-10-13T00:00:00Z,BCHUSDT,trade,rebalance,-2.6908662209735432,111.67,-300.48903089611559,0,0,0.15024451544805778,0.07512225772402889,,
2022-10-13T00:00:00Z,CHZUSDT,trade,rebalance,2340.7742248257564,0.18991,444.53643303665939,0,0,0.2222682165183297,0.11113410825916485,,
2022-10-13T00:00:00Z,DOGEUSDT,trade,rebalance,53763.214353764182,0.05978,3213.964954068023,0,0,1.6069824770340113,0.80349123851700566,,
2022-10-13T00:00:00Z,DOTUSDT,trade,rebalance,23.680374841254547,6.1689999999999996,146.0842323956993,0,0,0.073042116197849644,0.036521058098924822,,
2022-10-13T00:00:00Z,ENSUSDT,trade,rebalance,4.5014864532221566,17.126000000000001,77.092456997882664,0,0,0.038546228498941335,0.019273114249470667,,
2022-10-13T00:00:00Z,EOSUSDT,trade,rebalance,-3357.1829836318252,1.038,-3484.7559370098347,0,0,1.7423779685049172,0.87118898425245861,,
2022-10-13T00:00:00Z,ETHUSDT,trade,rebalance,0.11777812083251549,1294.02,152.40724391969169,0,0,0.076203621959845855,0.038101810979922927,,
2022-10-13T00:00:00Z,FILUSDT,trade,rebalance,623.24046765426476,5.1429999999999998,3205.3257251458836,0,0,1.6026628625729418,0.80133143128647089,,
2022-10-13T00:00:00Z,FTMUSDT,trade,rebalance,-16795.90219053848,0.2074,-3483.4701143176808,0,0,1.7417350571588401,0.87086752857942007,,
2022-10-13T00:00:00Z,GMTUSDT,trade,rebalance,19.601264918389461,0.62739999999999996,12.297833609797546,0,0,0.0061489168048987734,0.0030744584024493867,,
2022-10-13T00:00:00Z,HNTUSDT,trade,rebalance,-153.49205677429052,4.5419999999999998,-697.16092186882747,0,0,0.34858046093441369,0.17429023046720685,,
2022-10-13T00:00:00Z,LINKUSDT,trade,rebalance,45.711434372582289,7.141,326.42535285461014,0,0,0.16321267642730505,0.081606338213652527,,
2022-10-13T00:00:00Z,RVNUSDT,trade,rebalance,6691.2452890104614,0.032469999999999999,217.26473453416966,0,0,0.10863236726708483,0.054316183633542417,,
2022-10-13T00:00:00Z,SANDUSDT,trade,rebalance,-4479.7461109455098,0.77759999999999996,-3483.4505758712285,0,0,1.7417252879356144,0.87086264396780722,,
2022-10-13T00:00:00Z,UNFIUSDT,trade,rebalance,-62.567474434897356,5.6189999999999998,-351.56663884968822,0,0,0.1757833194248441,0.087891659712422049,,
2022-10-13T00:00:00Z,XRPUSDT,trade,rebalance,7141.6325473092638,0.48799999999999999,3485.1166830869206,0,0,1.74255834154346,0.87127917077173,,
2022-10-20T00:00:00Z,ATOMUSDT,trade,rebalance,2.3303299018599546,11.746,27.372055027247029,0,0,0.013686027513623515,0.0068430137568117576,,
2022-10-20T00:00:00Z,AVAXUSDT,trade,rebalance,-15.301007610953034,15.050000000000001,-230.28016454484319,0,0,0.11514008227242159,0.057570041136210795,,
2022-10-20T00:00:00Z,AXSUSDT,trade,rebalance,-347.26348337079725,10.119999999999999,-3514.3064517124681,0,0,1.7571532258562339,0.87857661292811695,,
2022-10-20T00:00:00Z,BCHUSDT,trade,rebalance,-2.0304538392219698,105.81999999999999,-214.86262526646883,0,0,0.10743131263323441,0.053715656316617205,,
2022-10-20T00:00:00Z,CHZUSDT,trade,rebalance,2341.9873034468474,0.16989000000000001,397.88022298258494,0,0,0.19894011149129245,0.099470055745646227,,
2022-10-20T00:00:00Z,DOTUSDT,trade,rebalance,-564.69905544249218,6.0949999999999998,-3441.8407429219897,0,0,1.7209203714609946,0.86046018573049732,,
2022-10-20T00:00:00Z,ENSUSDT,trade,rebalance,-14.718320629436052,18.611000000000001,-273.92266523443436,0,0,0.13696133261721719,0.068480666308608593,,
2022-10-20T00:00:00Z,EOSUSDT,trade,rebalance,-144.71533311152234,1.004,-145.29419444396842,0,0,0.072647097221984216,0.036323548610992108,,
2022-10-20T00:00:00Z,ETHUSDT,trade,rebalance,0.044016646352386335,1284.45,56.537181407322628,0,0,0.028268590703661313,0.014134295351830656,,
2022-10-20T00:00:00Z,FTMUSDT,trade,rebalance,-895.25724109025771,0.19869999999999999,-177.88761380463419,0,0,0.088943806902317096,0.044471903451158548,,
2022-10-20T00:00:00Z,GMTUSDT,trade,rebalance,-1272.9689698231487,0.51519999999999999,-655.83361325288615,0,0,0.32791680662644307,0.16395840331322153,,
2022-10-20T00:00:00Z,HNTUSDT,trade,rebalance,766.94047297720874,4.1870000000000003,3211.1797603555733,0,0,1.6055898801777866,0.80279494008889329,,
2022-10-20T00:00:00Z,LINKUSDT,trade,rebalance,31.507973114976096,6.7690000000000001,213.2774700152732,0,0,0.1066387350076366,0.053319367503818299,,
2022-10-20T00:00:00Z,MANAUSDT,trade,rebalance,-5803.413612288351,0.60589999999999999,-3516.2883076855119,0,0,1.758144153842756,0.87907207692137801,,
2022-10-20T00:00:00Z,RVNUSDT,trade,rebalance,9611.2268152269971,0.030079999999999999,289.10570260202809,0,0,0.14455285130101403,0.072276425650507015,,
2022-10-20T00:00:00Z,SANDUSDT,trade,rebalance,4479.7461109455098,0.73070000000000002,3273.3504832678841,0,0,1.6366752416339421,0.81833762081697103,,
2022-10-20T00:00:00Z,UNFIUSDT,trade,rebalance,-34.408977094903889,5.3700000000000001,-184.7762069996339,0,0,0.092388103499816951,0.046194051749908475,,
2022-10-20T00:00:00Z,UNIUSDT,trade,rebalance,535.17180110804009,6.5640000000000001,3512.8677024731751,0,0,1.7564338512365874,0.87821692561829368,,
2022-10-20T00:00:00Z,XRPUSDT,trade,rebalance,669.60847015185936,0.4501,301.39077241535188,0,0,0.15069538620767595,0.075347693103837973,,
2022-10-24T00:00:00Z,FTMUSDT,risk_policy_action,before_rebalance,17691.159431628737,0.20910000000000001,3699.2214371535692,0,0,1.8496107185767847,0.92480535928839236,membership_exit,team-05-udcc-none-v1
2022-10-24T00:00:00Z,MANAUSDT,risk_policy_action,before_rebalance,5803.413612288351,0.62190000000000001,3609.1429254821255,0,0,1.8045714627410627,0.90228573137053136,membership_exit,team-05-udcc-none-v1
2022-10-24T00:00:00Z,UNFIUSDT,risk_policy_action,before_rebalance,654.59427962131792,5.6059999999999999,3669.6555315571081,0,0,1.8348277657785541,0.91741388288927705,membership_exit,team-05-udcc-none-v1
2022-10-27T00:00:00Z,ADAUSDT,trade,rebalance,-8793.0117558030106,0.40260000000000001,-3540.0665328862924,0,0,1.7700332664431462,0.88501663322157309,,
2022-10-27T00:00:00Z,ATOMUSDT,trade,rebalance,-10.714845274074776,12.268000000000001,-131.44972182234935,0,0,0.065724860911174673,0.032862430455587337,,
2022-10-27T00:00:00Z,AVAXUSDT,trade,rebalance,233.76638149859951,16.992000000000001,3972.158354424203,0,0,1.9860791772121014,0.99303958860605068,,
2022-10-27T00:00:00Z,AXSUSDT,trade,rebalance,-40.66917109113615,9.1300000000000008,-371.30953206207306,0,0,0.18565476603103653,0.092827383015518267,,
2022-10-27T00:00:00Z,BCHUSDT,trade,rebalance,2.2689197211667391,114.38,259.51903770705161,0,0,0.12975951885352582,0.064879759426762912,,
2022-10-27T00:00:00Z,CHZUSDT,trade,rebalance,-3131.5612283554074,0.20169000000000001,-631.60458414700213,0,0,0.31580229207350108,0.15790114603675054,,
2022-10-27T00:00:00Z,ENSUSDT,trade,rebalance,7.3773190507451716,18.047000000000001,133.13847690879811,0,0,0.066569238454399049,0.033284619227199524,,
2022-10-27T00:00:00Z,EOSUSDT,trade,rebalance,359.92227761590857,1.1259999999999999,405.27248459551299,0,0,0.20263624229775651,0.10131812114887825,,
2022-10-27T00:00:00Z,ETHUSDT,trade,rebalance,-0.47407418209141161,1565.45,-742.13942835500029,0,0,0.37106971417750012,0.18553485708875006,,
2022-10-27T00:00:00Z,FILUSDT,trade,rebalance,-674.06797270430661,5.2539999999999996,-3541.5531285884267,0,0,1.7707765642942133,0.88538828214710663,,
2022-10-27T00:00:00Z,GMTUSDT,trade,rebalance,-426.21940949030795,0.48830000000000001,-208.12293765411738,0,0,0.10406146882705869,0.052030734413529345,,
2022-10-27T00:00:00Z,LINKUSDT,trade,rebalance,-24.443453917769997,7.1529999999999996,-174.84402587380879,0,0,0.087422012936904395,0.043711006468452197,,
2022-10-27T00:00:00Z,MKRUSDT,trade,rebalance,3.7802255601213348,936.29999999999995,3539.4251919416056,0,0,1.7697125959708029,0.88485629798540144,,
2022-10-27T00:00:00Z,NEARUSDT,trade,rebalance,-1159.5139024175216,3.0539999999999998,-3541.1554579831109,0,0,1.7705777289915554,0.88528886449577771,,
2022-10-27T00:00:00Z,RVNUSDT,trade,rebalance,-116883.19074929976,0.031199999999999999,-3646.7555513781522,0,0,1.8233777756890763,0.91168888784453816,,
2022-10-27T00:00:00Z,SANDUSDT,trade,rebalance,-4553.6523293473138,0.77729999999999999,-3539.553955601667,0,0,1.7697769778008337,0.88488848890041683,,
2022-10-27T00:00:00Z,SUSHIUSDT,trade,rebalance,2121.2388428677232,1.669,3540.3476287462299,0,0,1.7701738143731149,0.88508690718655747,,
2022-10-27T00:00:00Z,UNIUSDT,trade,rebalance,-535.17180110804009,6.6879999999999997,-3579.2290058105718,0,0,1.7896145029052859,0.89480725145264295,,
2022-10-27T00:00:00Z,XRPUSDT,trade,rebalance,-253.09180203456708,0.46860000000000002,-118.59881843339814,0,0,0.059299409216699066,0.029649704608349533,,
2022-11-03T00:00:00Z,1000SHIBUSDT,trade,rebalance,302393.15779788163,0.011753,3554.0267835985028,0,0,1.7770133917992512,0.88850669589962561,,
2022-11-03T00:00:00Z,ADAUSDT,trade,rebalance,8793.0117558030106,0.38529999999999998,3387.9474295108998,0,0,1.6939737147554501,0.84698685737772506,,
2022-11-03T00:00:00Z,ATOMUSDT,trade,rebalance,-21.1090613154816,13.281000000000001,-280.34944333091113,0,0,0.14017472166545555,0.070087360832727777,,
2022-11-03T00:00:00Z,AVAXUSDT,trade,rebalance,-198.52680055851317,17.902000000000001,-3554.0267835985032,0,0,1.7770133917992517,0.88850669589962583,,
2022-11-03T00:00:00Z,AXSUSDT,trade,rebalance,-23.256187149896107,8.6400000000000006,-200.93345697510239,0,0,0.1004667284875512,0.0502333642437756,,
2022-11-03T00:00:00Z,BCHUSDT,trade,rebalance,-0.32599401245252579,113.55,-37.016620113984303,0,0,0.018508310056992151,0.0092541550284960753,,
2022-11-03T00:00:00Z,CHZUSDT,trade,rebalance,-2752.0347408240923,0.24007000000000001,-660.68098022963989,0,0,0.33034049011481992,0.16517024505740996,,
2022-11-03T00:00:00Z,DOGEUSDT,trade,rebalance,27852.549242164041,0.12759999999999999,3553.9852833001314,0,0,1.7769926416500657,0.88849632082503283,,
2022-11-03T00:00:00Z,DOTUSDT,trade,rebalance,-568.55331684506518,6.2510000000000003,-3554.0267835985028,0,0,1.7770133917992512,0.88850669589962561,,
2022-11-03T00:00:00Z,ENSUSDT,trade,rebalance,24.517467055069602,16.105,394.85380692189597,0,0,0.19742690346094799,0.098713451730473994,,
2022-11-03T00:00:00Z,EOSUSDT,trade,rebalance,-38.198034986489802,1.1180000000000001,-42.705403114895603,0,0,0.021352701557447801,0.010676350778723901,,
2022-11-03T00:00:00Z,ETHUSDT,trade,rebalance,0.079901502950747272,1517.26,121.2313543670508,0,0,0.060615677183525396,0.030307838591762698,,
2022-11-03T00:00:00Z,FILUSDT,trade,rebalance,674.06797270430661,5.2220000000000004,3519.9829534618893,0,0,1.7599914767309448,0.8799957383654724,,
2022-11-03T00:00:00Z,FTMUSDT,trade,rebalance,-16162.013567978638,0.21990000000000001,-3554.0267835985028,0,0,1.7770133917992512,0.88850669589962561,,
2022-11-03T00:00:00Z,GMTUSDT,trade,rebalance,-45.195498328213944,0.4869,-22.005688136007368,0,0,0.011002844068003684,0.0055014220340018419,,
2022-11-03T00:00:00Z,LINKUSDT,trade,rebalance,-494.95624609554847,7.4279999999999999,-3676.5349959977339,0,0,1.8382674979988667,0.91913374899943334,,
2022-11-03T00:00:00Z,MKRUSDT,trade,rebalance,-3.7802255601213348,837.60000000000002,-3166.3169291576301,0,0,1.583158464578815,0.79157923228940752,,
2022-11-03T00:00:00Z,NEARUSDT,trade,rebalance,-66.858348651664983,2.8980000000000001,-193.75549439252512,0,0,0.096877747196262562,0.048438873598131281,,
2022-11-03T00:00:00Z,SANDUSDT,trade,rebalance,4553.6523293473138,0.81069999999999998,3691.645943401867,0,0,1.8458229717009338,0.9229114858504669,,
2022-11-03T00:00:00Z,SUSHIUSDT,trade,rebalance,71.062079834495762,1.6200000000000001,115.12056933188315,0,0,0.057560284665941569,0.028780142332970785,,
2022-11-03T00:00:00Z,XRPUSDT,trade,rebalance,348.47321749558523,0.44950000000000001,156.63871126426557,0,0,0.078319355632132784,0.039159677816066392,,
2022-11-10T00:00:00Z,1000SHIBUSDT,trade,rebalance,-302393.15779788163,0.0087279999999999996,-2639.2874812599107,0,0,1.3196437406299555,0.65982187031497774,,
2022-11-10T00:00:00Z,AAVEUSDT,trade,rebalance,60.216597954801891,57.979999999999997,3491.3583494194136,0,0,1.7456791747097067,0.87283958735485334,,
2022-11-10T00:00:00Z,ATOMUSDT,trade,rebalance,89.647765653775082,9.7780000000000005,876.57585256261279,0,0,0.43828792628130642,0.21914396314065321,,
2022-11-10T00:00:00Z,AVAXUSDT,trade,rebalance,198.52680055851317,12.859,2552.8561283819208,0,0,1.2764280641909604,0.63821403209548022,,
2022-11-10T00:00:00Z,AXSUSDT,trade,rebalance,-168.50391836036079,6.0099999999999998,-1012.7085493457682,0,0,0.50635427467288407,0.25317713733644204,,
2022-11-10T00:00:00Z,BCHUSDT,trade,rebalance,31.291277691786178,89.040000000000006,2786.1753656766414,0,0,1.3930876828383207,0.69654384141916037,,
2022-11-10T00:00:00Z,CHZUSDT,trade,rebalance,-14804.743745723998,0.15454999999999999,-2288.0731459016438,0,0,1.144036572950822,0.57201828647541098,,
2022-11-10T00:00:00Z,DOGEUSDT,trade,rebalance,-27852.549242164041,0.074450000000000002,-2073.622291079113,0,0,1.0368111455395566,0.51840557276977828,,
2022-11-10T00:00:00Z,DOTUSDT,trade,rebalance,568.55331684506518,5.4109999999999996,3076.4419974486473,0,0,1.5382209987243238,0.76911049936216191,,
2022-11-10T00:00:00Z,DYDXUSDT,trade,rebalance,2628.8419549654091,1.3300000000000001,3496.3598001039941,0,0,1.7481799000519971,0.87408995002599854,,
2022-11-10T00:00:00Z,ENSUSDT,trade,rebalance,112.72718657092321,10.476000000000001,1180.9300065169916,0,0,0.59046500325849582,0.29523250162924791,,
2022-11-10T00:00:00Z,EOSUSDT,trade,rebalance,-1066.3958400758661,0.82199999999999995,-876.57738054236188,0,0,0.43828869027118089,0.21914434513559045,,
2022-11-10T00:00:00Z,ETHUSDT,trade,rebalance,0.82755846745370354,1101.53,911.58047865427807,0,0,0.45579023932713897,0.22789511966356948,,
2022-11-10T00:00:00Z,FTMUSDT,trade,rebalance,16162.01356797864,0.17680000000000001,2857.4439988186236,0,0,1.4287219994093119,0.71436099970465594,,
2022-11-10T00:00:00Z,GMTUSDT,trade,rebalance,-2818.4108842024061,0.34520000000000001,-972.91543722667063,0,0,0.48645771861333531,0.24322885930666766,,
2022-11-10T00:00:00Z,KLAYUSDT,trade,rebalance,-23318.429255362982,0.14979999999999999,-3493.1007024533747,0,0,1.7465503512266873,0.87327517561334367,,
2022-11-10T00:00:00Z,LINKUSDT,trade,rebalance,560.68064066475245,6.2270000000000003,3491.3583494194136,0,0,1.7456791747097067,0.87283958735485334,,
2022-11-10T00:00:00Z,MATICUSDT,trade,rebalance,4278.4031714570774,0.81589999999999996,3490.7491475918291,0,0,1.7453745737959148,0.87268728689795738,,
2022-11-10T00:00:00Z,NEARUSDT,trade,rebalance,-498.60717058072123,2.0230000000000001,-1008.6823060847992,0,0,0.50434115304239957,0.25217057652119979,,
2022-11-10T00:00:00Z,REEFUSDT,trade,rebalance,-1058308.0780295283,0.0033010000000000001,-3493.4749655754731,0,0,1.7467374827877364,0.87336874139386822,,
2022-11-10T00:00:00Z,RSRUSDT,trade,rebalance,-894007.44872196775,0.0039110000000000004,-3496.4631319516161,0,0,1.7482315659758081,0.87411578298790404,,
2022-11-10T00:00:00Z,SOLUSDT,trade,rebalance,-299.76460456936667,11.69,-3504.2482274158961,0,0,1.752124113707948,0.87606205685397398,,
2022-11-10T00:00:00Z,SUSHIUSDT,trade,rebalance,-2192.3009227022189,1.0149999999999999,-2225.1854365427521,0,0,1.112592718271376,0.55629635913568798,,
2022-11-10T00:00:00Z,XRPUSDT,trade,rebalance,2609.517173762838,0.33200000000000002,866.35970168926224,0,0,0.43317985084463106,0.21658992542231553,,
2022-11-17T00:00:00Z,AAVEUSDT,trade,rebalance,-60.216597954801891,58.25,-3507.61683086721,0,0,1.7538084154336051,0.87690420771680255,,
2022-11-17T00:00:00Z,ATOMUSDT,trade,rebalance,-357.17220965927504,10.144,-3623.1548947836859,0,0,1.8115774473918431,0.90578872369592156,,
2022-11-17T00:00:00Z,AXSUSDT,trade,rebalance,579.69275997219029,7.0590000000000002,4092.0511926436911,0,0,2.0460255963218454,1.0230127981609227,,
2022-11-17T00:00:00Z,DYDXUSDT,trade,rebalance,-2628.8419549654091,2.3170000000000002,-6091.0268096548534,0,0,3.0455134048274268,1.5227567024137134,,
2022-11-17T00:00:00Z,ENSUSDT,trade,rebalance,-333.36754983475731,12.667999999999999,-4223.1001213067057,0,0,2.1115500606533528,1.0557750303266764,,
2022-11-17T00:00:00Z,EOSUSDT,trade,rebalance,4246.5699141897949,0.89700000000000002,3809.1732130282462,0,0,1.9045866065141233,0.95229330325706163,,
2022-11-17T00:00:00Z,ETHUSDT,trade,rebalance,-3.1699564635773099,1215.72,-3853.7794719002072,0,0,1.9268897359501036,0.9634448679750518,,
2022-11-17T00:00:00Z,FTMUSDT,trade,rebalance,-1.8189894035458565e-12,0.18149999999999999,-3.3014657674357294e-13,0,0,1.6507328837178647e-16,8.2536644185893235e-17,,
2022-11-17T00:00:00Z,GMTUSDT,trade,rebalance,10114.016075954269,0.39279999999999998,3972.7855146348365,0,0,1.9863927573174183,0.99319637865870913,,
2022-11-17T00:00:00Z,KLAYUSDT,trade,rebalance,23318.429255362982,0.16789999999999999,3915.1642719754445,0,0,1.9575821359877223,0.97879106799386117,,
2022-11-17T00:00:00Z,LINKUSDT,trade,rebalance,-560.68064066475245,6.1740000000000004,-3461.6422754641817,0,0,1.730821137732091,0.8654105688660455,,
2022-11-17T00:00:00Z,MATICUSDT,trade,rebalance,-4278.4031714570774,0.89759999999999995,-3840.2946866998723,0,0,1.9201473433499363,0.96007367167496815,,
2022-11-17T00:00:00Z,NEARUSDT,trade,rebalance,1724.9794216499079,1.923,3317.1354278327731,0,0,1.6585677139163866,0.82928385695819329,,
2022-11-17T00:00:00Z,REEFUSDT,trade,rebalance,1058308.0780295283,0.0031489999999999999,3332.6121377149843,0,0,1.6663060688574922,0.83315303442874611,,
2022-11-17T00:00:00Z,RSRUSDT,trade,rebalance,894007.44872196775,0.0041409999999999997,3702.084845157668,0,0,1.8510424225788342,0.92552121128941711,,
2022-11-17T00:00:00Z,SOLUSDT,trade,rebalance,299.76460456936667,14.259,4274.3434965545994,0,0,2.1371717482772996,1.0685858741386498,,
2022-11-17T00:00:00Z,XRPUSDT,trade,rebalance,-10516.139606684979,0.37480000000000002,-3941.4491245855306,0,0,1.9707245622927654,0.98536228114638269,,
2022-11-24T00:00:00Z,ATOMUSDT,trade,rebalance,354.46049503523619,9.9269999999999996,3518.7293342147896,0,0,1.7593646671073948,0.8796823335536974,,
2022-11-24T00:00:00Z,AXSUSDT,trade,rebalance,-506.30506159933265,6.9509999999999996,-3519.3264831769611,0,0,1.7596632415884808,0.87983162079424038,,
2022-11-24T00:00:00Z,BANDUSDT,trade,rebalance,2091.6887401437784,1.6811,3516.3379410557059,0,0,1.7581689705278527,0.87908448526392635,,
2022-11-24T00:00:00Z,DYDXUSDT,trade,rebalance,1736.1109606436287,2.0259999999999998,3517.3608062639914,0,0,1.7586804031319956,0.87934020156599779,,
2022-11-24T00:00:00Z,ENSUSDT,trade,rebalance,263.32067317921172,13.366,3519.5441177133439,0,0,1.7597720588566721,0.87988602942833605,,
2022-11-24T00:00:00Z,EOSUSDT,trade,rebalance,-3863.2852373623218,0.91100000000000003,-3519.4528512370753,0,0,1.7597264256185376,0.87986321280926882,,
2022-11-24T00:00:00Z,FTMUSDT,trade,rebalance,-19085.284615927121,0.1845,-3521.2350116385537,0,0,1.760617505819277,0.8803087529096385,,
2022-11-24T00:00:00Z,GMTUSDT,trade,rebalance,-8893.925911490931,0.39560000000000001,-3518.4370905858123,0,0,1.7592185452929061,0.87960927264645306,,
2022-11-24T00:00:00Z,LINKUSDT,trade,rebalance,525.20613557820764,6.7009999999999996,3519.4063145095693,0,0,1.7597031572547848,0.87985157862739238,,
2022-11-24T00:00:00Z,LTCUSDT,trade,rebalance,44.559242631166718,78.959999999999994,3518.3977981569237,0,0,1.7591988990784619,0.87959944953923097,,
2022-11-24T00:00:00Z,MATICUSDT,trade,rebalance,4086.9108600003947,0.8609,3518.4215593743397,0,0,1.7592107796871701,0.87960538984358505,,
2022-11-24T00:00:00Z,NEARUSDT,trade,rebalance,-2080.7706009842386,1.6910000000000001,-3518.5830862643475,0,0,1.7592915431321736,0.87964577156608681,,
2022-11-24T00:00:00Z,REEFUSDT,trade,rebalance,-1159752.3465347288,0.0030339999999999998,-3518.688619386367,0,0,1.7593443096931836,0.87967215484659178,,
2022-11-24T00:00:00Z,RSRUSDT,trade,rebalance,-882616.27514231438,0.0039810000000000002,-3513.6953913415537,0,0,1.7568476956707768,0.8784238478353884,,
2022-11-24T00:00:00Z,SANDUSDT,trade,rebalance,-6160.207392222932,0.57130000000000003,-3519.3264831769611,0,0,1.7596632415884808,0.87983162079424038,,
2022-11-24T00:00:00Z,UNIUSDT,trade,rebalance,641.13784687840803,5.4880000000000004,3518.5645036687033,0,0,1.7592822518343516,0.8796411259171758,,
2022-11-28T00:00:00Z,ENSUSDT,risk_policy_action,before_rebalance,-263.32067317921172,13.289999999999999,-3499.5317465517237,0,0,1.7497658732758616,0.87488293663793082,membership_exit,team-05-udcc-none-v1
2022-11-28T00:00:00Z,REEFUSDT,risk_policy_action,before_rebalance,1159752.3465347288,0.0029840000000000001,3460.7010020596308,0,0,1.7303505010298155,0.86517525051490773,membership_exit,team-05-udcc-none-v1
2022-11-28T00:00:00Z,RSRUSDT,risk_policy_action,before_rebalance,882616.27514231438,0.0041070000000000004,3624.9050420094854,0,0,1.8124525210047429,0.90622626050237143,membership_exit,team-05-udcc-none-v1
2022-12-01T00:00:00Z,AAVEUSDT,trade,rebalance,-53.812232057132057,65.290000000000006,-3513.4006310101522,0,0,1.7567003155050762,0.87835015775253811,,
2022-12-01T00:00:00Z,ALGOUSDT,trade,rebalance,-14193.383873493256,0.2475,-3512.8625086895809,0,0,1.7564312543447904,0.87821562717239521,,
2022-12-01T00:00:00Z,ATOMUSDT,trade,rebalance,-19.498524043004466,10.486000000000001,-204.46152311494484,0,0,0.10223076155747242,0.051115380778736209,,
2022-12-01T00:00:00Z,AXSUSDT,trade,rebalance,5.2726836013796401,7.0039999999999996,36.929875944062999,0,0,0.018464937972031498,0.0092324689860157488,,
2022-12-01T00:00:00Z,BANDUSDT,trade,rebalance,-291.95771199959131,1.9508000000000001,-569.55110456880277,0,0,0.28477555228440138,0.14238777614220069,,
2022-12-01T00:00:00Z,DOGEUSDT,trade,rebalance,32919.712385808089,0.1067,3512.5333115657231,0,0,1.7562666557828615,0.87813332789143073,,
2022-12-01T00:00:00Z,DYDXUSDT,trade,rebalance,255.18374714019572,1.764,450.14412995530523,0,0,0.22507206497765259,0.11253603248882629,,
2022-12-01T00:00:00Z,EOSUSDT,trade,rebalance,164.92274045577551,0.94899999999999995,156.51168069253094,0,0,0.078255840346265468,0.039127920173132734,,
2022-12-01T00:00:00Z,FTMUSDT,trade,rebalance,19085.284615927121,0.24410000000000001,4658.7179747478103,0,0,2.3293589873739053,1.1646794936869527,,
2022-12-01T00:00:00Z,GMTUSDT,trade,rebalance,-91.49886414303181,0.39079999999999998,-35.757756107096831,0,0,0.017878878053548417,0.0089394390267742083,,
2022-12-01T00:00:00Z,LINKUSDT,trade,rebalance,-67.015773001742048,7.6660000000000004,-513.74291583135459,0,0,0.25687145791567728,0.12843572895783864,,
2022-12-01T00:00:00Z,LTCUSDT,trade,rebalance,-0.15445804401489482,79.099999999999994,-12.21763128157818,0,0,0.0061088156407890903,0.0030544078203945451,,
2022-12-01T00:00:00Z,MANAUSDT,trade,rebalance,-8518.0953169000513,0.41239999999999999,-3512.8625086895809,0,0,1.7564312543447904,0.87821562717239521,,
2022-12-01T00:00:00Z,MATICUSDT,trade,rebalance,-319.59558987280207,0.93240000000000001,-297.99092799740066,0,0,0.14899546399870031,0.074497731999350156,,
2022-12-01T00:00:00Z,NEARUSDT,trade,rebalance,40.443322531734793,1.7210000000000001,69.602958077115588,0,0,0.034801479038557792,0.017400739519278896,,
2022-12-01T00:00:00Z,SANDUSDT,trade,rebalance,211.71547659643784,0.59050000000000002,125.01798893019655,0,0,0.062508994465098278,0.031254497232549139,,
2022-12-01T00:00:00Z,UNIUSDT,trade,rebalance,-41.241697237286985,5.851,-241.30517053536616,0,0,0.12065258526768308,0.060326292633841538,,
2022-12-08T00:00:00Z,AAVEUSDT,trade,rebalance,53.812232057132057,61.310000000000002,3299.2279474227666,0,0,1.6496139737113833,0.82480698685569165,,
2022-12-08T00:00:00Z,ALGOUSDT,trade,rebalance,-1486.2484593166446,0.22090000000000001,-328.3122846630468,0,0,0.1641561423315234,0.082078071165761698,,
2022-12-08T00:00:00Z,ATOMUSDT,trade,rebalance,25.299526812959868,9.6110000000000007,243.15375219935731,0,0,0.12157687609967865,0.060788438049839327,,
2022-12-08T00:00:00Z,AXSUSDT,trade,rebalance,90.731545787962375,8.4369999999999994,765.50205181303852,0,0,0.38275102590651927,0.19137551295325964,,
2022-12-08T00:00:00Z,BANDUSDT,trade,rebalance,-17.525224629366448,1.9428000000000001,-34.048006409933137,0,0,0.017024003204966567,0.0085120016024832837,,
2022-12-08T00:00:00Z,DOGEUSDT,trade,rebalance,3257.0169131249418,0.095699999999999993,311.69651858605692,0,0,0.15584825929302848,0.07792412964651424,,
2022-12-08T00:00:00Z,DYDXUSDT,trade,rebalance,147.78450767861796,1.6180000000000001,239.11533342400386,0,0,0.11955766671200192,0.059778833356000961,,
2022-12-08T00:00:00Z,EOSUSDT,trade,rebalance,199.35633189539385,0.98899999999999999,197.1634122445445,0,0,0.098581706122272253,0.049290853061136126,,
2022-12-08T00:00:00Z,GMTUSDT,trade,rebalance,539.18668364105906,0.4098,220.95870295610601,0,0,0.11047935147805302,0.055239675739026509,,
2022-12-08T00:00:00Z,LINKUSDT,trade,rebalance,45.243255848413128,6.8769999999999998,311.13787046953706,0,0,0.15556893523476853,0.077784467617384265,,
2022-12-08T00:00:00Z,LTCUSDT,trade,rebalance,0.63962074602396513,76.859999999999999,49.161250539401962,0,0,0.024580625269700982,0.012290312634850491,,
2022-12-08T00:00:00Z,MANAUSDT,trade,rebalance,-273.4562166395408,0.39389999999999997,-107.71440373431511,0,0,0.053857201867157548,0.026928600933578774,,
2022-12-08T00:00:00Z,MATICUSDT,trade,rebalance,93.203233337941128,0.89670000000000005,83.575339334131812,0,0,0.041787669667065902,0.020893834833532951,,
2022-12-08T00:00:00Z,NEARUSDT,trade,rebalance,-7.3255686732047707,1.6899999999999999,-12.380211057716062,0,0,0.0061901055288580307,0.0030950527644290154,,
2022-12-08T00:00:00Z,SANDUSDT,trade,rebalance,2.9088932876811668,0.58220000000000005,1.6935576720879755,0,0,0.0008467788360439878,0.0004233894180219939,,
2022-12-08T00:00:00Z,UNIUSDT,trade,rebalance,-22.781131486780168,5.9980000000000002,-136.64122665770745,0,0,0.068320613328853724,0.034160306664426862,,
2022-12-08T00:00:00Z,WAVESUSDT,trade,rebalance,-1485.8854051106828,2.3300000000000001,-3462.112993907891,0,0,1.7310564969539453,0.86552824847697263,,
2022-12-12T00:00:00Z,MANAUSDT,risk_policy_action,before_rebalance,8791.5515335395921,0.38919999999999999,3421.6718568536094,0,0,1.7108359284268049,0.85541796421340244,membership_exit,team-05-udcc-none-v1
2022-12-15T00:00:00Z,1000LUNCUSDT,trade,rebalance,-21122.031495137853,0.1653,-3491.4718061462872,0,0,1.7457359030731436,0.87286795153657182,,
2022-12-15T00:00:00Z,ALGOUSDT,trade,rebalance,-136.40654296469074,0.22059999999999999,-30.091283378010775,0,0,0.015045641689005388,0.0075228208445026938,,
2022-12-15T00:00:00Z,ATOMUSDT,trade,rebalance,3.667272096121053,9.5899999999999999,35.169139401800898,0,0,0.017584569700900447,0.0087922848504502233,,
2022-12-15T00:00:00Z,AVAXUSDT,trade,rebalance,254.52566120653088,13.711,3489.801340802745,0,0,1.7449006704013725,0.87245033520068627,,
2022-12-15T00:00:00Z,AXSUSDT,trade,rebalance,-41.060770022944553,7.726,-317.23550919726961,0,0,0.15861775459863478,0.07930887729931739,,
2022-12-15T00:00:00Z,BANDUSDT,trade,rebalance,17.079050614432845,1.9384999999999999,33.107739616078071,0,0,0.016553869808039037,0.0082769349040195186,,
2022-12-15T00:00:00Z,DOGEUSDT,trade,rebalance,-36176.729298933031,0.088200000000000001,-3190.7875241658935,0,0,1.5953937620829468,0.7976968810414734,,
2022-12-15T00:00:00Z,DYDXUSDT,trade,rebalance,32.725754241210325,1.607,52.590287065624992,0,0,0.026295143532812496,0.013147571766406248,,
2022-12-15T00:00:00Z,EOSUSDT,trade,rebalance,-72.155690770469846,0.97699999999999998,-70.496109882749039,0,0,0.035248054941374514,0.017624027470687257,,
2022-12-15T00:00:00Z,ETHUSDT,trade,rebalance,2.6680782710223534,1307.76,3489.2060397121927,0,0,1.7446030198560962,0.87230150992804811,,
2022-12-15T00:00:00Z,GMTUSDT,trade,rebalance,-581.06402014707055,0.38640000000000002,-224.52313738482806,0,0,0.11226156869241403,0.056130784346207017,,
2022-12-15T00:00:00Z,LINKUSDT,trade,rebalance,-503.43361842487872,6.7160000000000002,-3381.0601813414855,0,0,1.6905300906707428,0.84526504533537139,,
2022-12-15T00:00:00Z,LTCUSDT,trade,rebalance,1.2935706936956421,75.310000000000002,97.418808942218817,0,0,0.048709404471109406,0.024354702235554703,,
2022-12-15T00:00:00Z,MATICUSDT,trade,rebalance,7.4852369287104921,0.90229999999999999,6.7539292807754769,0,0,0.003376964640387739,0.0016884823201938695,,
2022-12-15T00:00:00Z,NEARUSDT,trade,rebalance,-55.414570843147658,1.6599999999999999,-91.988187599625107,0,0,0.045994093799812556,0.022997046899906278,,
2022-12-15T00:00:00Z,SANDUSDT,trade,rebalance,-352.83083366476512,0.55400000000000005,-195.46828185027991,0,0,0.097734140925139962,0.048867070462569981,,
2022-12-15T00:00:00Z,UNIUSDT,trade,rebalance,13.96102767622949,5.9039999999999999,82.425907400458911,0,0,0.041212953700229454,0.020606476850114727,,
2022-12-15T00:00:00Z,WAVESUSDT,trade,rebalance,-477.3632890140675,1.7769999999999999,-848.27456457799792,0,0,0.424137282288999,0.2120686411444995,,
2022-12-19T00:00:00Z,1000LUNCUSDT,risk_policy_action,before_rebalance,21122.031495137853,0.14099999999999999,2978.206440814437,0,0,1.4891032204072183,0.74455161020360916,membership_exit,team-05-udcc-none-v1
2022-12-22T00:00:00Z,ALGOUSDT,trade,rebalance,15816.038875774591,0.1704,2695.0530244319903,0,0,1.3475265122159952,0.67376325610799759,,
2022-12-22T00:00:00Z,ATOMUSDT,trade,rebalance,-363.92876990131265,8.859,-3224.0449725557287,0,0,1.6120224862778643,0.80601124313893213,,
2022-12-22T00:00:00Z,AVAXUSDT,trade,rebalance,-254.52566120653088,11.696999999999999,-2977.1866591327916,0,0,1.488593329566396,0.744296664783198,,
2022-12-22T00:00:00Z,AXSUSDT,trade,rebalance,451.36160223293518,6.835,3085.056551262112,0,0,1.5425282756310561,0.77126413781552805,,
2022-12-22T00:00:00Z,BANDUSDT,trade,rebalance,-1799.2848541292535,1.6061000000000001,-2889.8314042169941,0,0,1.4449157021084971,0.72245785105424853,,
2022-12-22T00:00:00Z,DYDXUSDT,trade,rebalance,-2171.8049697036527,1.1970000000000001,-2599.6505487352724,0,0,1.2998252743676364,0.6499126371838182,,
2022-12-22T00:00:00Z,EOSUSDT,trade,rebalance,3571.1618557816223,0.88900000000000001,3174.7628897898621,0,0,1.587381444894931,0.79369072244746552,,
2022-12-22T00:00:00Z,ETHUSDT,trade,rebalance,-2.6680782710223534,1213.21,-3236.9392391870297,0,0,1.6184696195935149,0.80923480979675744,,
2022-12-22T00:00:00Z,GMTUSDT,trade,rebalance,9027.3021121399743,0.29070000000000001,2624.2367239990908,0,0,1.3121183619995453,0.65605918099977267,,
2022-12-22T00:00:00Z,LTCUSDT,trade,rebalance,-46.337976026871431,65.359999999999999,-3028.6501131163168,0,0,1.5143250565581583,0.75716252827907915,,
2022-12-22T00:00:00Z,MATICUSDT,trade,rebalance,-3868.0037403942442,0.79359999999999997,-3069.6477683768721,0,0,1.5348238841884361,0.76741194209421804,,
2022-12-22T00:00:00Z,NEARUSDT,trade,rebalance,2103.0674179688563,1.306,2746.6060478673262,0,0,1.373303023933663,0.6866515119668315,,
2022-12-22T00:00:00Z,SANDUSDT,trade,rebalance,6298.4138560035781,0.44140000000000001,2780.1198760399793,0,0,1.3900599380199896,0.69502996900999481,,
2022-12-22T00:00:00Z,UNIUSDT,trade,rebalance,-591.07604583057037,5.319,-3143.9334877728038,0,0,1.5719667438864018,0.78598337194320089,,
2022-12-22T00:00:00Z,WAVESUSDT,trade,rebalance,1963.2486941247503,1.5266999999999999,2997.2917813202562,0,0,1.4986458906601281,0.74932294533006405,,
2022-12-29T00:00:00Z,ATOMUSDT,trade,rebalance,385.38319507219126,9.1280000000000001,3517.7778046189619,0,0,1.7588889023094809,0.87944445115474046,,
2022-12-29T00:00:00Z,AVAXUSDT,trade,rebalance,313.95682363454591,11.205,3517.8862088250871,0,0,1.7589431044125434,0.87947155220627171,,
2022-12-29T00:00:00Z,BANDUSDT,trade,rebalance,2600.0762603015551,1.3531,3518.1631878140342,0,0,1.759081593907017,0.87954079695350851,,
2022-12-29T00:00:00Z,CELOUSDT,trade,rebalance,-7668.3750085475831,0.45800000000000002,-3512.115753914793,0,0,1.7560578769573965,0.87802893847869823,,
2022-12-29T00:00:00Z,DOGEUSDT,trade,rebalance,49998.879949333132,0.070349999999999996,3517.4212044355854,0,0,1.7587106022177925,0.87935530110889626,,
2022-12-29T00:00:00Z,EOSUSDT,trade,rebalance,-4039.6719500063305,0.87,-3514.5145965055076,0,0,1.7572572982527537,0.87862864912637684,,
2022-12-29T00:00:00Z,ETHUSDT,trade,rebalance,2.9566135720706543,1189.9400000000001,3518.1927539497547,0,0,1.7590963769748775,0.87954818848743876,,
2022-12-29T00:00:00Z,FILUSDT,trade,rebalance,-1176.6432066267671,2.9910000000000001,-3519.3398310206603,0,0,1.7596699155103301,0.87983495775516507,,
2022-12-29T00:00:00Z,GMTUSDT,trade,rebalance,-14061.433414763165,0.25009999999999999,-3516.7644970322676,0,0,1.7583822485161338,0.87919112425806689,,
2022-12-29T00:00:00Z,LTCUSDT,trade,rebalance,53.079281160995727,66.280000000000001,3518.0947553507967,0,0,1.7590473776753985,0.87952368883769927,,
2022-12-29T00:00:00Z,MATICUSDT,trade,rebalance,4496.6298412756059,0.7823,3517.7135248299064,0,0,1.7588567624149531,0.87942838120747657,,
2022-12-29T00:00:00Z,NEARUSDT,trade,rebalance,-2675.4092682996456,1.3149999999999999,-3518.1631878140338,0,0,1.759081593907017,0.87954079695350851,,
2022-12-29T00:00:00Z,OCEANUSDT,trade,rebalance,-20498.532819518929,0.17163999999999999,-3518.3681731422284,0,0,1.7591840865711144,0.87959204328555718,,
2022-12-29T00:00:00Z,RENUSDT,trade,rebalance,-53753.448247731612,0.065460000000000004,-3518.7007222965117,0,0,1.7593503611482559,0.87967518057412797,,
2022-12-29T00:00:00Z,RLCUSDT,trade,rebalance,2700.2557278486715,1.3028999999999999,3518.1631878140338,0,0,1.759081593907017,0.87954079695350851,,
2022-12-29T00:00:00Z,WAVESUSDT,trade,rebalance,-2536.5271721802696,1.3871,-3518.4168405312521,0,0,1.759208420265626,0.87960421013281298,,
2023-01-05T00:00:00Z,1000LUNCUSDT,trade,rebalance,-22208.622184459942,0.15809999999999999,-3511.1831673631168,0,0,1.7555915836815583,0.87779579184077916,,
2023-01-05T00:00:00Z,ATOMUSDT,trade,rebalance,-40.694741996749542,10.188000000000001,-414.59803146288436,0,0,0.20729901573144216,0.10364950786572108,,
2023-01-05T00:00:00Z,AVAXUSDT,trade,rebalance,-23.033145007501844,12.073,-278.07915967556977,0,0,0.13903957983778489,0.069519789918892447,,
2023-01-05T00:00:00Z,BANDUSDT,trade,rebalance,-227.58197297699732,1.4794,-336.68477082216987,0,0,0.16834238541108493,0.084171192705542464,,
2023-01-05T00:00:00Z,CELOUSDT,trade,rebalance,742.69384380316569,0.50700000000000001,376.545778808205,0,0,0.1882728894041025,0.09413644470205125,,
2023-01-05T00:00:00Z,DOGEUSDT,trade,rebalance,-1959.3181234124422,0.073090000000000002,-143.2065616402154,0,0,0.071603280820107695,0.035801640410053848,,
2023-01-05T00:00:00Z,EOSUSDT,trade,rebalance,168.6370330187201,0.90700000000000003,152.95378894797915,0,0,0.076476894473989573,0.038238447236994787,,
2023-01-05T00:00:00Z,ETCUSDT,trade,rebalance,183.09945510586911,19.18,3511.8475489305697,0,0,1.7559237744652849,0.87796188723264246,,
2023-01-05T00:00:00Z,ETHUSDT,trade,rebalance,-0.16151388250125942,1256.3900000000001,-202.92442683575734,0,0,0.10146221341787867,0.050731106708939336,,
2023-01-05T00:00:00Z,FILUSDT,trade,rebalance,129.71589585309084,3.3540000000000001,435.06711469126668,0,0,0.21753355734563334,0.10876677867281667,,
2023-01-05T00:00:00Z,GMTUSDT,trade,rebalance,303.51539115986088,0.25530000000000003,77.487479363112485,0,0,0.038743739681556241,0.019371869840778121,,
2023-01-05T00:00:00Z,LTCUSDT,trade,rebalance,-6.5129771516391131,75.420000000000002,-491.20873677662189,0,0,0.24560436838831093,0.12280218419415546,,
2023-01-05T00:00:00Z,MATICUSDT,trade,rebalance,-141.43310468622622,0.80630000000000002,-114.0375123085042,0,0,0.057018756154252108,0.028509378077126054,,
2023-01-05T00:00:00Z,NEARUSDT,trade,rebalance,2675.4092682996452,1.5489999999999999,4144.2089565961505,0,0,2.0721044782980753,1.0360522391490377,,
2023-01-05T00:00:00Z,OCEANUSDT,trade,rebalance,687.33075212252879,0.17718,121.78126266106966,0,0,0.060890631330534822,0.030445315665267411,,
2023-01-05T00:00:00Z,RENUSDT,trade,rebalance,-387.88264595907822,0.064860000000000001,-25.158068416905813,0,0,0.012579034208452907,0.0062895171042264535,,
2023-01-05T00:00:00Z,RLCUSDT,trade,rebalance,-2700.2557278486715,1.1838,-3196.5627306272572,0,0,1.5982813653136287,0.79914068265681437,,
2023-01-05T00:00:00Z,WAVESUSDT,trade,rebalance,30.862973353215697,1.4005000000000001,43.223594181178584,0,0,0.021611797090589292,0.010805898545294646,,
2023-01-09T00:00:00Z,BANDUSDT,risk_policy_action,before_rebalance,-2372.4942873245577,1.5311999999999999,-3632.7632527513624,0,0,1.8163816263756813,0.90819081318784067,membership_exit,team-05-udcc-none-v1
2023-01-12T00:00:00Z,1000LUNCUSDT,trade,rebalance,992.38987481055676,0.16520000000000001,163.94280731870398,0,0,0.081971403659352002,0.040985701829676001,,
2023-01-12T00:00:00Z,ATOMUSDT,trade,rebalance,-49.023941713882259,11.845000000000001,-580.68858960093542,0,0,0.29034429480046769,0.14517214740023385,,
2023-01-12T00:00:00Z,AVAXUSDT,trade,rebalance,-69.72903905531993,15.840999999999999,-1104.5777076753229,0,0,0.55228885383766146,0.27614442691883073,,
2023-01-12T00:00:00Z,CELOUSDT,trade,rebalance,779.46630041263688,0.56999999999999995,444.29579123520301,0,0,0.22214789561760148,0.11107394780880074,,
2023-01-12T00:00:00Z,CHZUSDT,trade,rebalance,-29036.361737976826,0.12062,-3502.3659528347648,0,0,1.7511829764173825,0.87559148820869126,,
2023-01-12T00:00:00Z,DOGEUSDT,trade,rebalance,-48039.561825920689,0.078130000000000005,-3753.3309654591835,0,0,1.8766654827295919,0.93833274136479594,,
2023-01-12T00:00:00Z,EOSUSDT,trade,rebalance,3871.0349169876104,0.97899999999999998,3789.7431837308704,0,0,1.8948715918654351,0.94743579593271754,,
2023-01-12T00:00:00Z,ETCUSDT,trade,rebalance,-12.244685008452677,20.507000000000001,-251.10175546833906,0,0,0.12555087773416954,0.062775438867084768,,
2023-01-12T00:00:00Z,ETHUSDT,trade,rebalance,-0.27294020668637398,1389.25,-379.18218213904504,0,0,0.18959109106952252,0.094795545534761258,,
2023-01-12T00:00:00Z,FILUSDT,trade,rebalance,108.03632056492779,3.7320000000000002,403.19154834831056,0,0,0.20159577417415528,0.10079788708707764,,
2023-01-12T00:00:00Z,FTMUSDT,trade,rebalance,13693.024496227945,0.25580000000000003,3502.6756661351087,0,0,1.7513378330675544,0.87566891653377721,,
2023-01-12T00:00:00Z,GMTUSDT,trade,rebalance,2214.2706565246735,0.30359999999999998,672.25257132089087,0,0,0.33612628566044539,0.16806314283022269,,
2023-01-12T00:00:00Z,LTCUSDT,trade,rebalance,-4.8973638802205741,84.090000000000003,-411.81932868774811,0,0,0.20590966434387406,0.10295483217193703,,
2023-01-12T00:00:00Z,MATICUSDT,trade,rebalance,-423.77642650523467,0.89159999999999995,-377.83906187206719,0,0,0.18891953093603361,0.094459765468016807,,
2023-01-12T00:00:00Z,OCEANUSDT,trade,rebalance,4097.052029460041,0.22289999999999999,913.2328973666431,0,0,0.45661644868332152,0.22830822434166076,,
2023-01-12T00:00:00Z,OPUSDT,trade,rebalance,2736.089525555009,1.2804,3503.2890285206336,0,0,1.7516445142603168,0.87582225713015838,,
2023-01-12T00:00:00Z,RENUSDT,trade,rebalance,3388.9963708191717,0.069080000000000003,234.11186929618839,0,0,0.11705593464809419,0.058527967324047095,,
2023-01-12T00:00:00Z,WAVESUSDT,trade,rebalance,333.97566885266906,1.6131,538.73615142624044,0,0,0.26936807571312021,0.13468403785656011,,
2023-01-16T00:00:00Z,CELOUSDT,risk_policy_action,before_rebalance,6146.2148643317805,0.63300000000000001,3890.5540091220173,0,0,1.9452770045610086,0.9726385022805043,membership_exit,team-05-udcc-none-v1
2023-01-16T00:00:00Z,RENUSDT,risk_policy_action,before_rebalance,50752.334522871526,0.082269999999999996,4175.3945611966401,0,0,2.08769728059832,1.04384864029916,membership_exit,team-05-udcc-none-v1
2023-01-16T00:00:00Z,RENUSDT,trade,rebalance,-7.2759576141834259e-12,0.082269999999999996,-5.9859303291887042e-13,0,0,2.9929651645943521e-16,1.4964825822971761e-16,,
2023-01-19T00:00:00Z,1000LUNCUSDT,trade,rebalance,79.343651615472481,0.16159999999999999,12.821934101060352,0,0,0.0064109670505301765,0.0032054835252650882,,
2023-01-19T00:00:00Z,ATOMUSDT,trade,rebalance,-295.66451136155945,11.532,-3409.6031450215037,0,0,1.7048015725107517,0.85240078625537585,,
2023-01-19T00:00:00Z,AVAXUSDT,trade,rebalance,-5.097799885771451,15.819000000000001,-80.642096393018591,0,0,0.0403210481965093,0.02016052409825465,,
2023-01-19T00:00:00Z,AXSUSDT,trade,rebalance,-426.03746598531916,8.0129999999999999,-3413.8382149403624,0,0,1.7069191074701813,0.85345955373509064,,
2023-01-19T00:00:00Z,BNBUSDT,trade,rebalance,11.933606511664255,286.44,3418.2622492011092,0,0,1.7091311246005545,0.85456556230027725,,
2023-01-19T00:00:00Z,CHZUSDT,trade,rebalance,1272.1710611220551,0.12307999999999999,156.57881420290255,0,0,0.078289407101451269,0.039144703550725635,,
2023-01-19T00:00:00Z,DYDXUSDT,trade,rebalance,-2669.0320146851782,1.2809999999999999,-3419.0300108117131,0,0,1.7095150054058565,0.85475750270292827,,
2023-01-19T00:00:00Z,EOSUSDT,trade,rebalance,-3572.0714262398801,0.95699999999999996,-3418.4723549115652,0,0,1.7092361774557827,0.85461808872789136,,
2023-01-19T00:00:00Z,ETCUSDT,trade,rebalance,-170.85477009741643,20.344000000000001,-3475.8694428618401,0,0,1.73793472143092,0.86896736071545999,,
2023-01-19T00:00:00Z,ETHUSDT,trade,rebalance,-0.26032673380371518,1511.5999999999999,-393.50989081769586,0,0,0.19675494540884791,0.098377472704423957,,
2023-01-19T00:00:00Z,FILUSDT,trade,rebalance,134.80632142766774,4.2519999999999998,573.19647871044322,0,0,0.28659823935522161,0.1432991196776108,,
2023-01-19T00:00:00Z,FTMUSDT,trade,rebalance,-2212.8345503740093,0.29780000000000001,-658.98212910138,0,0,0.32949106455068999,0.164745532275345,,
2023-01-19T00:00:00Z,GMTUSDT,trade,rebalance,11543.647367078631,0.42030000000000001,4851.7949883831488,0,0,2.4258974941915743,1.2129487470957871,,
2023-01-19T00:00:00Z,JASMYUSDT,trade,rebalance,-744721.77796720283,0.0045900000000000003,-3418.2729608694613,0,0,1.7091364804347309,0.85456824021736544,,
2023-01-19T00:00:00Z,LTCUSDT,trade,rebalance,-0.2840288280999701,82.640000000000001,-23.472142354181528,0,0,0.011736071177090765,0.0058680355885453823,,
2023-01-19T00:00:00Z,MATICUSDT,trade,rebalance,-285.55308331797778,0.93769999999999998,-267.76312622726778,0,0,0.13388156311363389,0.066940781556816945,,
2023-01-19T00:00:00Z,NEARUSDT,trade,rebalance,1733.5258181834604,1.9730000000000001,3420.2464392759675,0,0,1.7101232196379839,0.85506160981899193,,
2023-01-19T00:00:00Z,OCEANUSDT,trade,rebalance,3159.7713797395681,0.27239000000000002,860.69012612726101,0,0,0.43034506306363057,0.21517253153181529,,
2023-01-19T00:00:00Z,OPUSDT,trade,rebalance,-677.67125137599669,1.6615,-1125.9507841612185,0,0,0.5629753920806092,0.2814876960403046,,
2023-01-19T00:00:00Z,WAVESUSDT,trade,rebalance,2171.6885299743849,2.0747,4505.6021931378564,0,0,2.2528010965689282,1.1264005482844641,,
2023-01-23T00:00:00Z,JASMYUSDT,risk_policy_action,before_rebalance,744721.77796720283,0.0051929999999999997,3867.3401929836841,0,0,1.9336700964918423,0.96683504824592115,membership_exit,team-05-udcc-none-v1
2023-01-26T00:00:00Z,1000LUNCUSDT,trade,rebalance,1730.735369745591,0.17349999999999999,300.28258665086003,0,0,0.15014129332543003,0.075070646662715013,,
2023-01-26T00:00:00Z,APEUSDT,trade,rebalance,-557.71618040692601,6.032,-3364.1440002145778,0,0,1.6820720001072889,0.84103600005364443,,
2023-01-26T00:00:00Z,APTUSDT,trade,rebalance,183.70952857994777,18.311900000000001,3364.070516403146,0,0,1.682035258201573,0.84101762910078648,,
2023-01-26T00:00:00Z,AVAXUSDT,trade,rebalance,-26.981003725608758,17.803000000000001,-480.34280932701273,0,0,0.24017140466350639,0.1200857023317532,,
2023-01-26T00:00:00Z,AXSUSDT,trade,rebalance,139.13903194788088,11.722,1630.9877324930596,0,0,0.81549386624652975,0.40774693312326488,,
2023-01-26T00:00:00Z,BNBUSDT,trade,rebalance,-11.933606511664255,306.83999999999997,-3661.7078220390599,0,0,1.8308539110195299,0.91542695550976494,,
2023-01-26T00:00:00Z,CHZUSDT,trade,rebalance,3346.1466873916943,0.13780999999999999,461.13247498944935,0,0,0.23056623749472469,0.11528311874736234,,
2023-01-26T00:00:00Z,DYDXUSDT,trade,rebalance,4414.0742295756554,1.9279999999999999,8510.3351146218629,0,0,4.2551675573109318,2.1275837786554659,,
2023-01-26T00:00:00Z,EOSUSDT,trade,rebalance,3572.0714262398801,1.0900000000000001,3893.5578546014694,0,0,1.9467789273007348,0.97338946365036738,,
2023-01-26T00:00:00Z,ETHUSDT,trade,rebalance,-0.17402702324128505,1611.4400000000001,-280.43410633193639,0,0,0.14021705316596819,0.070108526582984096,,
2023-01-26T00:00:00Z,FILUSDT,trade,rebalance,187.33569808911273,5.4560000000000004,1022.1035687741991,0,0,0.51105178438709953,0.25552589219354976,,
2023-01-26T00:00:00Z,FTMUSDT,trade,rebalance,-3279.6597808353781,0.41070000000000001,-1346.9562719890898,0,0,0.67347813599454498,0.33673906799727249,,
2023-01-26T00:00:00Z,KAVAUSDT,trade,rebalance,-3327.2119475962591,1.0109999999999999,-3363.8112790198174,0,0,1.6819056395099088,0.84095281975495439,,
2023-01-26T00:00:00Z,LTCUSDT,trade,rebalance,-3.7559353683428327,89.420000000000002,-335.85574063721612,0,0,0.16792787031860806,0.083963935159304032,,
2023-01-26T00:00:00Z,MATICUSDT,trade,rebalance,-254.27743052759024,0.99260000000000004,-252.39577754168607,0,0,0.12619788877084304,0.063098944385421518,,
2023-01-26T00:00:00Z,NEARUSDT,trade,rebalance,-1733.5258181834606,2.548,-4417.0237847314575,0,0,2.2085118923657285,1.1042559461828643,,
2023-01-26T00:00:00Z,OCEANUSDT,trade,rebalance,3242.9475078865889,0.36115999999999998,1171.2229219483204,0,0,0.58561146097416017,0.29280573048708008,,
2023-01-26T00:00:00Z,OPUSDT,trade,rebalance,-645.31145785078229,2.3815,-1536.8092368716379,0,0,0.76840461843581898,0.38420230921790949,,
2023-01-26T00:00:00Z,SUSHIUSDT,trade,rebalance,-2595.7306982135506,1.2969999999999999,-3366.6627155829751,0,0,1.6833313577914877,0.84166567889574384,,
2023-01-30T00:00:00Z,SUSHIUSDT,risk_policy_action,before_rebalance,2595.7306982135506,1.3520000000000001,3509.4279039847206,0,0,1.7547139519923602,0.87735697599618012,membership_exit,team-05-udcc-none-v1
2023-02-02T00:00:00Z,1000LUNCUSDT,trade,rebalance,19406.153288288322,0.1716,3330.0959042702762,0,0,1.6650479521351378,0.83252397606756889,,
2023-02-02T00:00:00Z,APEUSDT,trade,rebalance,557.71618040692601,6.048,3373.0674591010884,0,0,1.6865337295505445,0.84326686477527224,,
2023-02-02T00:00:00Z,APTUSDT,trade,rebalance,-183.70952857994777,18.25,-3352.6988965840469,0,0,1.6763494482920236,0.8381747241460118,,
2023-02-02T00:00:00Z,AVAXUSDT,trade,rebalance,-189.11583596034393,20.968,-3965.3808484164915,0,0,1.9826904242082459,0.99134521210412296,,
2023-02-02T00:00:00Z,AXSUSDT,trade,rebalance,286.89843403743828,11.42,3276.3801167075453,0,0,1.6381900583537727,0.81909502917688637,,
2023-02-02T00:00:00Z,CHZUSDT,trade,rebalance,24418.043989463076,0.13897999999999999,3393.6197536555783,0,0,1.6968098768277891,0.84840493841389453,,
2023-02-02T00:00:00Z,DYDXUSDT,trade,rebalance,-1745.0422148904772,3.2909999999999999,-5742.9339292045606,0,0,2.8714669646022806,1.4357334823011403,,
2023-02-02T00:00:00Z,ETHUSDT,trade,rebalance,-2.0878057258380207,1641.8099999999999,-3427.7803187381205,0,0,1.7138901593690603,0.85694507968453015,,
2023-02-02T00:00:00Z,FILUSDT,trade,rebalance,616.748970691968,5.6950000000000003,3512.3853880907577,0,0,1.7561926940453789,0.87809634702268946,,
2023-02-02T00:00:00Z,FTMUSDT,trade,rebalance,-8200.5301650185575,0.57630000000000003,-4725.9655341001953,0,0,2.3629827670500978,1.1814913835250489,,
2023-02-02T00:00:00Z,KAVAUSDT,trade,rebalance,3327.2119475962591,0.97209999999999996,3234.3827342583231,0,0,1.6171913671291616,0.80859568356458078,,
2023-02-02T00:00:00Z,LTCUSDT,trade,rebalance,-37.628975932693237,100.44,-3779.4543426797086,0,0,1.8897271713398542,0.94486358566992712,,
2023-02-02T00:00:00Z,MATICUSDT,trade,rebalance,-3391.589796238577,1.1950000000000001,-4052.9498065050998,0,0,2.02647490325255,1.013237451626275,,
2023-02-02T00:00:00Z,OCEANUSDT,trade,rebalance,9311.4311503102017,0.37197999999999998,3463.6661592923888,0,0,1.7318330796461945,0.86591653982309724,,
2023-02-02T00:00:00Z,OPUSDT,trade,rebalance,-1413.10681632823,2.7292000000000001,-3856.6511231230056,0,0,1.9283255615615027,0.96416278078075135,,
2023-02-09T00:00:00Z,1000LUNCUSDT,trade,rebalance,-19548.303812477625,0.18090000000000001,-3536.2881596772027,0,0,1.7681440798386014,0.88407203991930072,,
2023-02-09T00:00:00Z,APTUSDT,trade,rebalance,234.34095672147066,15.086600000000001,3535.4082776741393,0,0,1.7677041388370698,0.88385206941853489,,
2023-02-09T00:00:00Z,AVAXUSDT,trade,rebalance,175.81888700846866,20.106999999999999,3535.1903610792792,0,0,1.7675951805396395,0.88379759026981974,,
2023-02-09T00:00:00Z,CHZUSDT,trade,rebalance,-22346.941719114177,0.15820999999999999,-3535.5096493810538,0,0,1.767754824690527,0.88387741234526351,,
2023-02-09T00:00:00Z,CRVUSDT,trade,rebalance,3100.4750238162933,1.1399999999999999,3534.541527150574,0,0,1.7672707635752871,0.88363538178764356,,
2023-02-09T00:00:00Z,DOGEUSDT,trade,rebalance,-39196.126853802067,0.09017,-3534.3147584073322,0,0,1.7671573792036659,0.88357868960183295,,
2023-02-09T00:00:00Z,DYDXUSDT,trade,rebalance,-1209.9733632740492,2.9209999999999998,-3534.3321941234976,0,0,1.7671660970617489,0.88358304853087444,,
2023-02-09T00:00:00Z,FILUSDT,trade,rebalance,-649.16173323944304,5.4480000000000004,-3536.6331226884859,0,0,1.7683165613442431,0.88415828067212154,,
2023-02-09T00:00:00Z,GALAUSDT,trade,rebalance,-67811.104343962637,0.052109999999999997,-3533.6366473638927,0,0,1.7668183236819464,0.88340916184097318,,
2023-02-09T00:00:00Z,LDOUSDT,trade,rebalance,1379.8130890684088,2.5638000000000001,3537.5647977535864,0,0,1.768782398876793,0.8843911994383965,,
2023-02-09T00:00:00Z,LTCUSDT,trade,rebalance,35.629252070829658,99.200000000000003,3534.4218054263019,0,0,1.7672109027131511,0.88360545135657553,,
2023-02-09T00:00:00Z,MASKUSDT,trade,rebalance,-852.75053615469778,4.149,-3538.0619745058411,0,0,1.7690309872529209,0.88451549362646043,,
2023-02-09T00:00:00Z,MATICUSDT,trade,rebalance,2704.4463392983862,1.3070999999999999,3534.9818100969205,0,0,1.7674909050484602,0.88374545252423009,,
2023-02-09T00:00:00Z,OCEANUSDT,trade,rebalance,7324.791085174641,0.48304000000000002,3538.1670857827589,0,0,1.7690835428913794,0.88454177144568968,,
2023-02-09T00:00:00Z,OPUSDT,trade,rebalance,1277.7545660852413,2.7658999999999998,3534.1413543351687,0,0,1.7670706771675844,0.88353533858379218,,
2023-02-09T00:00:00Z,WAVESUSDT,trade,rebalance,-1298.5325175691924,2.7225999999999999,-3535.384632333883,0,0,1.7676923161669416,0.88384615808347078,,
2023-02-13T00:00:00Z,1000LUNCUSDT,risk_policy_action,before_rebalance,19548.303812477625,0.1651,3227.4249594400558,0,0,1.6137124797200277,0.80685623986001387,membership_exit,team-05-udcc-none-v1
2023-02-16T00:00:00Z,1000SHIBUSDT,trade,rebalance,-261712.55922661861,0.013762999999999999,-3601.9499526359518,0,0,1.8009749763179759,0.90048748815898794,,
2023-02-16T00:00:00Z,APEUSDT,trade,rebalance,-639.07366310807026,5.6200000000000001,-3591.5939866673548,0,0,1.7957969933336775,0.89789849666683874,,
2023-02-16T00:00:00Z,APTUSDT,trade,rebalance,-9.0442757986372158,15.945,-144.2109776092704,0,0,0.072105488804635201,0.036052744402317601,,
2023-02-16T00:00:00Z,ATOMUSDT,trade,rebalance,251.37353524067208,14.287000000000001,3591.3736979834821,0,0,1.795686848991741,0.89784342449587051,,
2023-02-16T00:00:00Z,AVAXUSDT,trade,rebalance,4.1932328489114354,19.957000000000001,83.684347965725522,0,0,0.04184217398286276,0.02092108699143138,,
2023-02-16T00:00:00Z,AXSUSDT,trade,rebalance,-333.01752310313907,10.785,-3591.5939866673548,0,0,1.7957969933336775,0.89789849666683874,,
2023-02-16T00:00:00Z,CHZUSDT,trade,rebalance,-2772.1583522116744,0.14298,-396.36320119922522,0,0,0.1981816005996126,0.099090800299806298,,
2023-02-16T00:00:00Z,CRVUSDT,trade,rebalance,-3100.4750238162933,1.147,-3556.2448523172884,0,0,1.7781224261586441,0.88906121307932207,,
2023-02-16T00:00:00Z,DOGEUSDT,trade,rebalance,-1036.8067931941769,0.089249999999999996,-92.535006292580277,0,0,0.046267503146290141,0.023133751573145071,,
2023-02-16T00:00:00Z,DYDXUSDT,trade,rebalance,8.2119994086826864,2.9889999999999999,24.545666232552549,0,0,0.012272833116276274,0.0061364165581381368,,
2023-02-16T00:00:00Z,FILUSDT,trade,rebalance,-6.0386293804064062,5.4820000000000002,-33.103766263387918,0,0,0.016551883131693958,0.0082759415658469788,,
2023-02-16T00:00:00Z,GALAUSDT,trade,rebalance,67811.104343962637,0.049419999999999999,3351.2247766786336,0,0,1.6756123883393168,0.8378061941696584,,
2023-02-16T00:00:00Z,LDOUSDT,trade,rebalance,-121.25596146916746,2.8555999999999999,-346.2585235713546,0,0,0.17312926178567731,0.086564630892838654,,
2023-02-16T00:00:00Z,LTCUSDT,trade,rebalance,-35.629252070829658,102.81999999999999,-3663.3996979227054,0,0,1.8316998489613527,0.91584992448067637,,
2023-02-16T00:00:00Z,MANAUSDT,trade,rebalance,4917.2929770357605,0.73050000000000004,3592.0825197246231,0,0,1.7960412598623117,0.89802062993115583,,
2023-02-16T00:00:00Z,MASKUSDT,trade,rebalance,852.75053615469778,4.1449999999999996,3534.6509723612221,0,0,1.7673254861806111,0.88366274309030557,,
2023-02-16T00:00:00Z,MATICUSDT,trade,rebalance,-0.26187889423772504,1.3281000000000001,-0.34780135943712265,0,0,0.00017390067971856133,8.6950339859280664e-05,,
2023-02-16T00:00:00Z,OCEANUSDT,trade,rebalance,-206.06982445374524,0.50449999999999995,-103.96222643691446,0,0,0.051981113218457234,0.025990556609228617,,
2023-02-16T00:00:00Z,OPUSDT,trade,rebalance,-3.5070720572291525,2.8184999999999998,-9.884682593300365,0,0,0.004942341296650183,0.0024711706483250915,,
2023-02-16T00:00:00Z,WAVESUSDT,trade,rebalance,-86.487887343779903,2.5931999999999999,-224.28038945989005,0,0,0.11214019472994503,0.056070097364972517,,
2023-02-20T00:00:00Z,WAVESUSDT,risk_policy_action,before_rebalance,1385.0204049129725,3.0954000000000002,4287.192161367615,0,0,2.1435960806838077,1.0717980403419038,membership_exit,team-05-udcc-none-v1
2023-02-23T00:00:00Z,1000SHIBUSDT,trade,rebalance,-5583.131747421925,0.013155999999999999,-73.45168126908284,0,0,0.036725840634541422,0.018362920317270711,,
2023-02-23T00:00:00Z,APEUSDT,trade,rebalance,1.7222759027037,5.5179999999999998,9.5035184311190157,0,0,0.0047517592155595081,0.0023758796077797541,,
2023-02-23T00:00:00Z,APTUSDT,trade,rebalance,28.019996101693067,13.885,389.05764587200821,0,0,0.1945288229360041,0.097264411468002049,,
2023-02-23T00:00:00Z,ATOMUSDT,trade,rebalance,7.4621861235614793,13.585000000000001,101.37379848858271,0,0,0.050686899244291352,0.025343449622145676,,
2023-02-23T00:00:00Z,AVAXUSDT,trade,rebalance,-180.0121198573801,20.312000000000001,-3656.4061785431049,0,0,1.8282030892715524,0.9141015446357762,,
2023-02-23T00:00:00Z,AXSUSDT,trade,rebalance,333.01752310313907,10.548,3512.668833691911,0,0,1.7563344168459556,0.8781672084229778,,
2023-02-23T00:00:00Z,CHZUSDT,trade,rebalance,-163.82124091486185,0.13908999999999999,-22.785896398848134,0,0,0.011392948199424068,0.0056964740997120338,,
2023-02-23T00:00:00Z,CRVUSDT,trade,rebalance,3176.6414728586064,1.1060000000000001,3513.365468981619,0,0,1.7566827344908096,0.87834136724540479,,
2023-02-23T00:00:00Z,DOGEUSDT,trade,rebalance,-898.57108783039439,0.085500000000000007,-76.827828009498731,0,0,0.038413914004749361,0.019206957002374681,,
2023-02-23T00:00:00Z,DYDXUSDT,trade,rebalance,-114.80251125798691,2.6709999999999998,-306.63750757008302,0,0,0.15331875378504151,0.076659376892520753,,
2023-02-23T00:00:00Z,FILUSDT,trade,rebalance,217.23925257581965,8.0289999999999999,1744.213958931256,0,0,0.87210697946562798,0.43605348973281399,,
2023-02-23T00:00:00Z,LDOUSDT,trade,rebalance,-49.568441158751966,2.9098999999999999,-144.23920692785234,0,0,0.072119603463926166,0.036059801731963083,,
2023-02-23T00:00:00Z,LRCUSDT,trade,rebalance,-8526.8816769472414,0.41239999999999999,-3516.4860035730421,0,0,1.7582430017865212,0.87912150089326058,,
2023-02-23T00:00:00Z,MANAUSDT,trade,rebalance,-4917.2929770357605,0.70109999999999995,-3447.5141061997715,0,0,1.7237570530998858,0.8618785265499429,,
2023-02-23T00:00:00Z,MASKUSDT,trade,rebalance,-913.77250384493846,3.8460000000000001,-3514.3690497876332,0,0,1.7571845248938167,0.87859226244690836,,
2023-02-23T00:00:00Z,MATICUSDT,trade,rebalance,-183.54643413042095,1.395,-256.04727561193721,0,0,0.12802363780596862,0.06401181890298431,,
2023-02-23T00:00:00Z,OCEANUSDT,trade,rebalance,-7118.7212607208958,0.45069999999999999,-3208.4076722069076,0,0,1.6042038361034539,0.80210191805172693,,
2023-02-23T00:00:00Z,OPUSDT,trade,rebalance,26.466001366848332,2.7031999999999998,71.542894894864403,0,0,0.0357714474474322,0.0178857237237161,,
2023-02-23T00:00:00Z,SOLUSDT,trade,rebalance,145.64528066151988,24.143999999999998,3516.4596562917359,0,0,1.7582298281458679,0.87911491407293396,,
2023-02-23T00:00:00Z,STGUSDT,trade,rebalance,3141.3614581088873,1.1191,3515.4976077696556,0,0,1.7577488038848279,0.87887440194241395,,
2023-02-27T00:00:00Z,LRCUSDT,risk_policy_action,before_rebalance,8526.8816769472414,0.36990000000000001,3154.0935323027848,0,0,1.5770467661513923,0.78852338307569614,membership_exit,team-05-udcc-none-v1
2023-03-02T00:00:00Z,1000SHIBUSDT,trade,rebalance,-17474.048937559826,0.012255,-214.14446972979567,0,0,0.10707223486489784,0.053536117432448918,,
2023-03-02T00:00:00Z,APEUSDT,trade,rebalance,-50.532391663164276,5.0720000000000001,-256.3002905155692,0,0,0.12815014525778462,0.06407507262889231,,
2023-03-02T00:00:00Z,APTUSDT,trade,rebalance,6.1248580458658068,13.443,82.336466710574044,0,0,0.041168233355287021,0.02058411667764351,,
2023-03-02T00:00:00Z,ATOMUSDT,trade,rebalance,14.479446238384355,12.768000000000001,184.87356957169146,0,0,0.09243678478584573,0.046218392392922865,,
2023-03-02T00:00:00Z,AVAXUSDT,trade,rebalance,196.4103815362021,17.765999999999998,3489.426838372166,0,0,1.7447134191860831,0.87235670959304157,,
2023-03-02T00:00:00Z,AXSUSDT,trade,rebalance,-349.60925180158756,9.9789999999999992,-3488.750723728042,0,0,1.744375361864021,0.87218768093201049,,
2023-03-02T00:00:00Z,CHZUSDT,trade,rebalance,-280.16219168838143,0.13644000000000001,-38.225329433962763,0,0,0.019112664716981382,0.009556332358490691,,
2023-03-02T00:00:00Z,CRVUSDT,trade,rebalance,-3176.6414728586064,1.034,-3284.647282935799,0,0,1.6423236414678994,0.82116182073394972,,
2023-03-02T00:00:00Z,DOGEUSDT,trade,rebalance,-1455.9234041069067,0.081909999999999997,-119.25468603039673,0,0,0.059627343015198356,0.029813671507599178,,
2023-03-02T00:00:00Z,DYDXUSDT,trade,rebalance,239.92060712990065,3.2389999999999999,777.10284649374819,0,0,0.38855142324687408,0.19427571162343704,,
2023-03-02T00:00:00Z,FILUSDT,trade,rebalance,-43.412872730843098,7.25,-314.74332729861248,0,0,0.15737166364930624,0.078685831824653121,,
2023-03-02T00:00:00Z,LDOUSDT,trade,rebalance,-54.109983330472232,3.0198999999999998,-163.40673865969308,0,0,0.081703369329846537,0.040851684664923268,,
2023-03-02T00:00:00Z,MASKUSDT,trade,rebalance,70.640403427134856,4.1399999999999997,292.4512701883383,0,0,0.14622563509416914,0.073112817547084569,,
2023-03-02T00:00:00Z,MATICUSDT,trade,rebalance,274.56451940213219,1.2484999999999999,342.79380247356204,0,0,0.171396901236781,0.085698450618390501,,
2023-03-02T00:00:00Z,OPUSDT,trade,rebalance,-40.320897131289485,2.7677,-111.59614699026992,0,0,0.055798073495134964,0.027899036747567482,,
2023-03-02T00:00:00Z,SOLUSDT,trade,rebalance,9.4383436456993195,22.501999999999999,212.38160871552608,0,0,0.10619080435776304,0.053095402178881521,,
2023-03-02T00:00:00Z,STGUSDT,trade,rebalance,290.17455060914835,1.0167999999999999,295.049483059382,0,0,0.147524741529691,0.0737623707648455,,
2023-03-06T00:00:00Z,CHZUSDT,risk_policy_action,before_rebalance,25563.083503929094,0.12204,3119.7187108195067,0,0,1.5598593554097533,0.77992967770487664,membership_exit,team-05-udcc-none-v1
2023-03-09T00:00:00Z,1000SHIBUSDT,trade,rebalance,-33051.780002566229,0.010932000000000001,-361.32205898805404,0,0,0.18066102949402701,0.090330514747013507,,
2023-03-09T00:00:00Z,ANKRUSDT,trade,rebalance,117080.05156675045,0.029680000000000002,3474.9359305011535,0,0,1.7374679652505769,0.86873398262528845,,
2023-03-09T00:00:00Z,APEUSDT,trade,rebalance,-110.46703077115069,4.3520000000000003,-480.75251791604785,0,0,0.24037625895802395,0.12018812947901197,,
2023-03-09T00:00:00Z,APTUSDT,trade,rebalance,71.111284971437328,10.510999999999999,747.45071633477767,0,0,0.37372535816738883,0.18686267908369442,,
2023-03-09T00:00:00Z,ATOMUSDT,trade,rebalance,44.017954194295612,10.951000000000001,482.0406163817313,0,0,0.24102030819086567,0.12051015409543284,,
2023-03-09T00:00:00Z,AVAXUSDT,trade,rebalance,-196.4103815362021,15.101000000000001,-2965.9931715781881,0,0,1.4829965857890941,0.74149829289454705,,
2023-03-09T00:00:00Z,AXSUSDT,trade,rebalance,-90.096258056686338,7.9039999999999999,-712.12082368004883,0,0,0.3560604118400244,0.1780302059200122,,
2023-03-09T00:00:00Z,DOGEUSDT,trade,rebalance,-6307.2306950534621,0.071080000000000004,-448.31795780440012,0,0,0.22415897890220007,0.11207948945110004,,
2023-03-09T00:00:00Z,DYDXUSDT,trade,rebalance,-666.00086059190699,1.994,-1328.0057160202625,0,0,0.66400285801013126,0.33200142900506563,,
2023-03-09T00:00:00Z,FILUSDT,trade,rebalance,-119.91617276536914,5.7789999999999999,-692.99556241106825,0,0,0.34649778120553409,0.17324889060276705,,
2023-03-09T00:00:00Z,GALAUSDT,trade,rebalance,-103189.79661282056,0.033669999999999999,-3474.4004519536679,0,0,1.7372002259768338,0.86860011298841688,,
2023-03-09T00:00:00Z,LDOUSDT,trade,rebalance,318.76470018155987,2.3571,751.36027479795473,0,0,0.37568013739897738,0.18784006869948869,,
2023-03-09T00:00:00Z,MASKUSDT,trade,rebalance,-183.71139324925309,3.383,-621.49564336222318,0,0,0.31074782168111159,0.1553739108405558,,
2023-03-09T00:00:00Z,MATICUSDT,trade,rebalance,515.04828766045466,1.0496000000000001,540.5946827284132,0,0,0.27029734136420663,0.13514867068210332,,
2023-03-09T00:00:00Z,OPUSDT,trade,rebalance,295.74155073177349,2.2328000000000001,660.33173447390391,0,0,0.33016586723695196,0.16508293361847598,,
2023-03-09T00:00:00Z,SOLUSDT,trade,rebalance,33.685717386322523,18.411999999999999,620.22142851697026,0,0,0.31011071425848513,0.15505535712924257,,
2023-03-09T00:00:00Z,STGUSDT,trade,rebalance,1646.5358058930058,0.68479999999999996,1127.5477198755302,0,0,0.56377385993776519,0.28188692996888259,,
2023-03-13T00:00:00Z,ANKRUSDT,risk_policy_action,before_rebalance,-117080.05156675045,0.03014,-3528.7927542218586,0,0,1.7643963771109294,0.88219818855546472,membership_exit,team-05-udcc-none-v1
2023-03-16T00:00:00Z,1000SHIBUSDT,trade,rebalance,-19963.970986600907,0.010383999999999999,-207.3058747248638,0,0,0.1036529373624319,0.051826468681215952,,
2023-03-16T00:00:00Z,ADAUSDT,trade,rebalance,10824.647304349955,0.32390000000000002,3506.1032618789509,0,0,1.7530516309394757,0.87652581546973785,,
2023-03-16T00:00:00Z,APEUSDT,trade,rebalance,-58.141610418133951,4.0940000000000003,-238.03175305184041,0,0,0.1190158765259202,0.059507938262960101,,
2023-03-16T00:00:00Z,APTUSDT,trade,rebalance,-43.938566503646769,12.233000000000001,-537.50048403911092,0,0,0.2687502420195555,0.13437512100977775,,
2023-03-16T00:00:00Z,ATOMUSDT,trade,rebalance,-34.618539882118057,12.404,-429.40836869779235,0,0,0.21470418434889615,0.10735209217444808,,
2023-03-16T00:00:00Z,AVAXUSDT,trade,rebalance,225.54100301507148,15.551,3507.3881378873766,0,0,1.7536940689436884,0.8768470344718442,,
2023-03-16T00:00:00Z,AXSUSDT,trade,rebalance,-9.3632163930282104,7.8099999999999996,-73.126720029550313,0,0,0.036563360014775156,0.018281680007387578,,
2023-03-16T00:00:00Z,DOGEUSDT,trade,rebalance,-1486.2367936975206,0.069599999999999995,-103.44208084134743,0,0,0.051721040420673714,0.025860520210336857,,
2023-03-16T00:00:00Z,DOTUSDT,trade,rebalance,597.10312568770325,5.8710000000000004,3505.5924509125061,0,0,1.7527962254562532,0.87639811272812662,,
2023-03-16T00:00:00Z,DYDXUSDT,trade,rebalance,198.87576513145132,2.27,451.44798684839452,0,0,0.22572399342419727,0.11286199671209864,,
2023-03-16T00:00:00Z,FILUSDT,trade,rebalance,-24.39019029569954,5.6029999999999998,-136.65823622680452,0,0,0.068329118113402268,0.034164559056701134,,
2023-03-16T00:00:00Z,GALAUSDT,trade,rebalance,10747.567240636694,0.037929999999999998,407.65522543734977,0,0,0.20382761271867489,0.10191380635933744,,
2023-03-16T00:00:00Z,GRTUSDT,trade,rebalance,-25045.442377838306,0.14002999999999999,-3507.1132961686976,0,0,1.7535566480843487,0.87677832404217437,,
2023-03-16T00:00:00Z,LDOUSDT,trade,rebalance,51.425310384465092,2.2989000000000002,118.22164604284681,0,0,0.059110823021423405,0.029555411510711702,,
2023-03-16T00:00:00Z,MASKUSDT,trade,rebalance,1026.8434936670567,3.7970000000000002,3898.9247454538145,0,0,1.9494623727269071,0.97473118636345357,,
2023-03-16T00:00:00Z,MATICUSDT,trade,rebalance,-3310.2508333363144,1.1117999999999999,-3680.3368765033138,0,0,1.840168438251657,0.9200842191258285,,
2023-03-16T00:00:00Z,OPUSDT,trade,rebalance,-95.033185813095997,2.3995000000000002,-228.03212935852386,0,0,0.11401606467926192,0.057008032339630962,,
2023-03-16T00:00:00Z,SOLUSDT,trade,rebalance,-188.76934169354172,19.239000000000001,-3631.7333648420495,0,0,1.8158666824210246,0.90793334121051228,,
2023-03-16T00:00:00Z,STGUSDT,trade,rebalance,-263.19739271875551,0.72850000000000004,-191.7393005956134,0,0,0.095869650297806697,0.047934825148903348,,
2023-03-20T00:00:00Z,STGUSDT,risk_policy_action,before_rebalance,-4814.8744218922857,0.77529999999999999,-3732.9721392930892,0,0,1.8664860696465446,0.93324303482327231,membership_exit,team-05-udcc-none-v1
2023-03-23T00:00:00Z,1000SHIBUSDT,trade,rebalance,337785.4909007675,0.010567999999999999,3569.7170678393109,0,0,1.7848585339196554,0.89242926695982772,,
2023-03-23T00:00:00Z,ADAUSDT,trade,rebalance,-10824.647304349955,0.3594,-3890.378241183374,0,0,1.9451891205916869,0.97259456029584346,,
2023-03-23T00:00:00Z,APEUSDT,trade,rebalance,856.49242005781548,3.9860000000000002,3413.9787863504525,0,0,1.7069893931752265,0.85349469658761323,,
2023-03-23T00:00:00Z,APTUSDT,trade,rebalance,-286.61425353818288,13.114000000000001,-3758.6593208997306,0,0,1.8793296604498653,0.93966483022493263,,
2023-03-23T00:00:00Z,ATOMUSDT,trade,rebalance,-282.71458191479547,11.32,-3200.3290672754847,0,0,1.6001645336377424,0.80008226681887118,,
2023-03-23T00:00:00Z,AVAXUSDT,trade,rebalance,-225.54100301507148,16.736000000000001,-3774.6542264602363,0,0,1.8873271132301184,0.94366355661505918,,
2023-03-23T00:00:00Z,AXSUSDT,trade,rebalance,449.06872625130211,8.3399999999999999,3745.2331769358593,0,0,1.8726165884679296,0.93630829423396478,,
2023-03-23T00:00:00Z,DOGEUSDT,trade,rebalance,50380.895627684527,0.073819999999999997,3719.1177152356718,0,0,1.8595588576178357,0.92977942880891784,,
2023-03-23T00:00:00Z,DOTUSDT,trade,rebalance,-597.10312568770325,6.0469999999999997,-3610.6826010335412,0,0,1.8053413005167707,0.90267065025838533,,
2023-03-23T00:00:00Z,DYDXUSDT,trade,rebalance,1543.7683634539085,2.4980000000000002,3856.3333719078637,0,0,1.9281666859539319,0.96408334297696596,,
2023-03-23T00:00:00Z,FILUSDT,trade,rebalance,625.68034583594158,5.6449999999999996,3531.9655522438898,0,0,1.7659827761219451,0.88299138806097255,,
2023-03-23T00:00:00Z,GALAUSDT,trade,rebalance,92442.229372183865,0.040469999999999999,3741.1370226922809,0,0,1.8705685113461405,0.93528425567307027,,
2023-03-23T00:00:00Z,GRTUSDT,trade,rebalance,25045.442377838306,0.14291000000000001,3579.2441702168726,0,0,1.7896220851084363,0.89481104255421817,,
2023-03-23T00:00:00Z,LDOUSDT,trade,rebalance,-1525.0687136760421,2.3666,-3609.2276177857211,0,0,1.8046138088928605,0.90230690444643025,,
2023-03-23T00:00:00Z,OPUSDT,trade,rebalance,-1461.1009631822485,2.5251000000000001,-3689.4260421314957,0,0,1.8447130210657481,0.92235651053287404,,
2023-03-30T00:00:00Z,1000SHIBUSDT,trade,rebalance,-375519.73958048027,0.01068,-4010.5508187195292,0,0,2.0052754093597649,1.0026377046798824,,
2023-03-30T00:00:00Z,ADAUSDT,trade,rebalance,10527.938046396639,0.38100000000000001,4011.1443956771195,0,0,2.0055721978385597,1.0027860989192798,,
2023-03-30T00:00:00Z,APEUSDT,trade,rebalance,-976.66738615734948,4.1040000000000001,-4008.2429527897625,0,0,2.0041214763948814,1.0020607381974407,,
2023-03-30T00:00:00Z,APTUSDT,trade,rebalance,344.92336200971755,11.624000000000001,4009.389160000957,0,0,2.0046945800004785,1.0023472900002393,,
2023-03-30T00:00:00Z,DOGEUSDT,trade,rebalance,-53075.762126420523,0.07553,-4008.8123134085422,0,0,2.0044061567042712,1.0022030783521356,,
2023-03-30T00:00:00Z,DOTUSDT,trade,rebalance,649.00069574040265,6.1790000000000003,4010.1752989799479,0,0,2.0050876494899743,1.0025438247449872,,
2023-03-30T00:00:00Z,DYDXUSDT,trade,rebalance,-1592.8700007259154,2.5169999999999999,-4009.2537918271287,0,0,2.0046268959135642,1.0023134479567821,,
2023-03-30T00:00:00Z,FILUSDT,trade,rebalance,-699.99990538718225,5.7279999999999998,-4009.5994580577799,0,0,2.0047997290288899,1.002399864514445,,
2023-03-30T00:00:00Z,GALAUSDT,trade,rebalance,-95708.24102577442,0.0419,-4010.1752989799484,0,0,2.0050876494899743,1.0025438247449872,,
2023-03-30T00:00:00Z,GRTUSDT,trade,rebalance,-27351.722793199173,0.14654,-4008.1214581154068,0,0,2.0040607290577035,1.0020303645288517,,
2023-03-30T00:00:00Z,IMXUSDT,trade,rebalance,3571.4772165700037,1.1221000000000001,4007.5545847132016,0,0,2.0037772923566006,1.0018886461783003,,
2023-03-30T00:00:00Z,LDOUSDT,trade,rebalance,1684.4919495410727,2.3799999999999999,4009.090839907753,0,0,2.0045454199538768,1.0022727099769384,,
2023-03-30T00:00:00Z,LTCUSDT,trade,rebalance,43.944108868030185,91.260000000000005,4010.3393752964348,0,0,2.005169687648217,1.0025848438241085,,
2023-03-30T00:00:00Z,OPUSDT,trade,rebalance,1799.7375904227395,2.2281,4009.9953252209057,0,0,2.0049976626104531,1.0024988313052265,,
2023-04-03T00:00:00Z,GRTUSDT,risk_policy_action,before_rebalance,27351.722793199173,0.13855000000000001,3789.5811929977458,0,0,1.8947905964988727,0.94739529824943636,membership_exit,team-05-udcc-none-v1
2023-04-06T00:00:00Z,1000SHIBUSDT,trade,rebalance,375519.73958048027,0.011225000000000001,4215.2090767908912,0,0,2.1076045383954458,1.0538022691977229,,
2023-04-06T00:00:00Z,ADAUSDT,trade,rebalance,-10527.938046396639,0.3921,-4128.0045079921219,0,0,2.064002253996061,1.0320011269980305,,
2023-04-06T00:00:00Z,APEUSDT,trade,rebalance,976.66738615734948,4.226,4127.3963739009587,0,0,2.0636981869504796,1.0318490934752398,,
2023-04-06T00:00:00Z,APTUSDT,trade,rebalance,-344.92336200971755,11.539999999999999,-3980.4155975921403,0,0,1.99020779879607,0.99510389939803501,,
2023-04-06T00:00:00Z,DOGEUSDT,trade,rebalance,53075.762126420523,0.092679999999999998,4919.061633876654,0,0,2.4595308169383272,1.2297654084691636,,
2023-04-06T00:00:00Z,DOTUSDT,trade,rebalance,-649.00069574040265,6.4029999999999996,-4155.5514548257979,0,0,2.0777757274128992,1.0388878637064496,,
2023-04-06T00:00:00Z,DYDXUSDT,trade,rebalance,1592.8700007259154,2.6309999999999998,4190.8409719098827,0,0,2.0954204859549415,1.0477102429774707,,
2023-04-06T00:00:00Z,FILUSDT,trade,rebalance,699.99990538718225,5.6680000000000001,3967.5994637345493,0,0,1.9837997318672747,0.99189986593363733,,
2023-04-06T00:00:00Z,GALAUSDT,trade,rebalance,95708.24102577442,0.04147,3969.020755338865,0,0,1.9845103776694326,0.99225518883471631,,
2023-04-06T00:00:00Z,IMXUSDT,trade,rebalance,-3571.4772165700037,1.1044,-3944.3394379799124,0,0,1.9721697189899561,0.98608485949497804,,
2023-04-06T00:00:00Z,LDOUSDT,trade,rebalance,-1684.4919495410727,2.5935999999999999,-4368.8983203297257,0,0,2.1844491601648626,1.0922245800824313,,
2023-04-06T00:00:00Z,LTCUSDT,trade,rebalance,-43.944108868030185,92.569999999999993,-4067.9061579135537,0,0,2.033953078956777,1.0169765394783885,,
2023-04-06T00:00:00Z,OPUSDT,trade,rebalance,-1799.7375904227392,2.2793999999999999,-4102.3218636095917,0,0,2.0511609318047959,1.0255804659023979,,
2023-04-20T00:00:00Z,1000SHIBUSDT,trade,rebalance,-322496.64422265871,0.010825,-3491.0261737102805,0,0,1.7455130868551401,0.87275654342757003,,
2023-04-20T00:00:00Z,ADAUSDT,trade,rebalance,8391.7298880191975,0.41620000000000001,3492.6379793935903,0,0,1.7463189896967952,0.87315949484839761,,
2023-04-20T00:00:00Z,APEUSDT,trade,rebalance,-843.11738542210674,4.1429999999999998,-3493.0353278037878,0,0,1.746517663901894,0.873258831950947,,
2023-04-20T00:00:00Z,AVAXUSDT,trade,rebalance,184.03885847905437,18.978000000000002,3492.6894562154939,0,0,1.7463447281077469,0.87317236405387344,,
2023-04-20T00:00:00Z,CRVUSDT,trade,rebalance,3648.3584994798844,0.95699999999999996,3491.4790840022492,0,0,1.7457395420011246,0.87286977100056229,,
2023-04-20T00:00:00Z,DYDXUSDT,trade,rebalance,-1254.6822298145792,2.7829999999999999,-3491.7806455739737,0,0,1.7458903227869869,0.87294516139349343,,
2023-04-20T00:00:00Z,EOSUSDT,trade,rebalance,-3176.4802357804665,1.1000000000000001,-3494.1282593585133,0,0,1.7470641296792568,0.87353206483962842,,
2023-04-20T00:00:00Z,ETHUSDT,trade,rebalance,1.8068763690086271,1932.8299999999999,3492.3848523109446,0,0,1.7461924261554722,0.87309621307773611,,
2023-04-20T00:00:00Z,GMTUSDT,trade,rebalance,-9734.3581769043776,0.35880000000000001,-3492.6877138732907,0,0,1.7463438569366452,0.87317192846832259,,
2023-04-20T00:00:00Z,INJUSDT,trade,rebalance,420.0122851333378,8.3140000000000001,3491.9821385985706,0,0,1.7459910692992853,0.87299553464964263,,
2023-04-20T00:00:00Z,LDOUSDT,trade,rebalance,1547.5164427846016,2.2566999999999999,3492.2803564320102,0,0,1.7461401782160051,0.87307008910800254,,
2023-04-20T00:00:00Z,LTCUSDT,trade,rebalance,38.613725261274098,90.420000000000002,3491.453038124404,0,0,1.745726519062202,0.872863259531101,,
2023-04-20T00:00:00Z,MASKUSDT,trade,rebalance,692.21736489100783,5.0419999999999998,3490.1599537804614,0,0,1.7450799768902308,0.87253998844511538,,
2023-04-20T00:00:00Z,NEARUSDT,trade,rebalance,-1626.623961445699,2.1469999999999998,-3492.3616452239153,0,0,1.7461808226119577,0.87309041130597886,,
2023-04-20T00:00:00Z,OMGUSDT,trade,rebalance,-2615.1862816634712,1.335,-3491.2736860207337,0,0,1.745636843010367,0.87281842150518352,,
2023-04-20T00:00:00Z,SXPUSDT,trade,rebalance,-5983.2739427951146,0.58379999999999999,-3493.0353278037878,0,0,1.746517663901894,0.873258831950947,,
2023-04-24T00:00:00Z,OMGUSDT,risk_policy_action,before_rebalance,2615.1862816634712,1.1919999999999999,3117.3020477428577,0,0,1.5586510238714288,0.77932551193571442,membership_exit,team-05-udcc-none-v1
2023-04-27T00:00:00Z,1000SHIBUSDT,trade,rebalance,322496.64422265871,0.010161999999999999,3277.2108985906575,0,0,1.6386054492953288,0.8193027246476644,,
2023-04-27T00:00:00Z,ADAUSDT,trade,rebalance,-8391.7298880191975,0.40100000000000002,-3365.0836850956985,0,0,1.6825418425478493,0.84127092127392467,,
2023-04-27T00:00:00Z,APEUSDT,trade,rebalance,843.11738542210674,3.915,3300.8045639275479,0,0,1.650402281963774,0.82520114098188702,,
2023-04-27T00:00:00Z,AVAXUSDT,trade,rebalance,-184.03885847905437,17.167999999999999,-3159.5791223684055,0,0,1.5797895611842028,0.78989478059210139,,
2023-04-27T00:00:00Z,CRVUSDT,trade,rebalance,-3648.3584994798844,0.91800000000000004,-3349.193102522534,0,0,1.6745965512612671,0.83729827563063353,,
2023-04-27T00:00:00Z,DYDXUSDT,trade,rebalance,1254.6822298145792,2.536,3181.8741348097728,0,0,1.5909370674048864,0.79546853370244319,,
2023-04-27T00:00:00Z,EOSUSDT,trade,rebalance,3176.4802357804665,1.0269999999999999,3262.2452021465388,0,0,1.6311226010732696,0.81556130053663478,,
2023-04-27T00:00:00Z,ETHUSDT,trade,rebalance,-1.8068763690086271,1865.03,-3369.87863449216,0,0,1.68493931724608,0.84246965862304002,,
2023-04-27T00:00:00Z,GMTUSDT,trade,rebalance,9734.3581769043776,0.32419999999999999,3155.8789209523993,0,0,1.5779394604761998,0.78896973023809991,,
2023-04-27T00:00:00Z,INJUSDT,trade,rebalance,-420.0122851333378,8.3499999999999996,-3507.1025808633703,0,0,1.7535512904316852,0.87677564521584261,,
2023-04-27T00:00:00Z,LDOUSDT,trade,rebalance,-1547.5164427846016,2.0605000000000002,-3188.6576303576721,0,0,1.5943288151788362,0.79716440758941809,,
2023-04-27T00:00:00Z,LTCUSDT,trade,rebalance,-38.613725261274098,88.069999999999993,-3400.7107837604094,0,0,1.7003553918802048,0.8501776959401024,,
2023-04-27T00:00:00Z,MASKUSDT,trade,rebalance,-692.21736489100783,4.7009999999999996,-3254.1138323526275,0,0,1.6270569161763138,0.81352845808815688,,
2023-04-27T00:00:00Z,NEARUSDT,trade,rebalance,1626.6239614456993,1.889,3072.6926631709257,0,0,1.5363463315854629,0.76817316579273143,,
2023-04-27T00:00:00Z,SXPUSDT,trade,rebalance,5983.2739427951146,0.57699999999999996,3452.3490649927808,0,0,1.7261745324963904,0.86308726624819521,,
2023-05-18T00:00:00Z,ADAUSDT,trade,rebalance,9353.3687566160988,0.3755,3512.189968109345,0,0,1.7560949840546725,0.87804749202733623,,
2023-05-18T00:00:00Z,COCOSUSDT,trade,rebalance,-2417.1988768818615,1.454,-3514.6071669862263,0,0,1.7573035834931132,0.87865179174655661,,
2023-05-18T00:00:00Z,DOGEUSDT,trade,rebalance,-46954.411338360223,0.074800000000000005,-3512.189968109345,0,0,1.7560949840546725,0.87804749202733623,,
2023-05-18T00:00:00Z,EOSUSDT,trade,rebalance,-3879.9144040287697,0.90500000000000003,-3511.3225356460366,0,0,1.7556612678230183,0.87783063391150917,,
2023-05-18T00:00:00Z,ETCUSDT,trade,rebalance,189.38743424693149,18.545999999999999,3512.3793555435914,0,0,1.7561896777717956,0.87809483888589779,,
2023-05-18T00:00:00Z,ETHUSDT,trade,rebalance,1.9280373554101495,1821.6500000000001,3512.2092484828991,0,0,1.7561046242414493,0.87805231212072465,,
2023-05-18T00:00:00Z,FILUSDT,trade,rebalance,-773.43619739162557,4.5419999999999998,-3512.9472085527632,0,0,1.7564736042763816,0.87823680213819078,,
2023-05-18T00:00:00Z,INJUSDT,trade,rebalance,531.98878644491742,6.6029999999999998,3512.7219568957894,0,0,1.7563609784478948,0.87818048922394742,,
2023-05-18T00:00:00Z,LDOUSDT,trade,rebalance,1488.7959742138821,2.3591000000000002,3512.2185827679696,0,0,1.7561092913839849,0.87805464569199243,,
2023-05-18T00:00:00Z,MATICUSDT,trade,rebalance,-3962.3081770186654,0.88629999999999998,-3511.7937372916431,0,0,1.7558968686458214,0.8779484343229107,,
2023-05-18T00:00:00Z,NEARUSDT,trade,rebalance,-2067.2101048318686,1.6990000000000001,-3512.189968109345,0,0,1.7560949840546725,0.87804749202733623,,
2023-05-18T00:00:00Z,OPUSDT,trade,rebalance,-1950.8613104000653,1.7997000000000001,-3510.9651003269978,0,0,1.755482550163499,0.87774127508174948,,
2023-05-18T00:00:00Z,RNDRUSDT,trade,rebalance,1526.1105380242616,2.3014999999999999,3512.3434032628379,0,0,1.7561717016314189,0.87808585081570945,,
2023-05-18T00:00:00Z,STXUSDT,trade,rebalance,5311.0388146217228,0.66139999999999999,3512.7210719908076,0,0,1.756360535995404,0.87818026799770199,,
2023-05-18T00:00:00Z,SXPUSDT,trade,rebalance,-8009.5512109648316,0.43859999999999999,-3512.989161129175,0,0,1.7564945805645875,0.87824729028229376,,
2023-05-18T00:00:00Z,TOMOUSDT,trade,rebalance,3364.4051737359241,1.0430999999999999,3509.4110367239423,0,0,1.7547055183619711,0.87735275918098554,,
2023-05-22T00:00:00Z,SXPUSDT,risk_policy_action,before_rebalance,8009.5512109648316,0.42549999999999999,3408.0640402655358,0,0,1.7040320201327679,0.85201601006638394,membership_exit,team-05-udcc-none-v1
2023-05-25T00:00:00Z,1000SHIBUSDT,trade,rebalance,-417547.1652555805,0.0085019999999999991,-3549.9859990029449,0,0,1.7749929995014726,0.8874964997507363,,
2023-05-25T00:00:00Z,ADAUSDT,trade,rebalance,407.873733062268,0.36380000000000001,148.38446408805311,0,0,0.074192232044026557,0.037096116022013279,,
2023-05-25T00:00:00Z,AVAXUSDT,trade,rebalance,251.20201285003188,14.132,3549.9868455966503,0,0,1.7749934227983253,0.88749671139916264,,
2023-05-25T00:00:00Z,COCOSUSDT,trade,rebalance,20.021412050336949,1.48,29.631689834498683,0,0,0.014815844917249342,0.0074079224586246712,,
2023-05-25T00:00:00Z,DOGEUSDT,trade,rebalance,-3339.1121836044767,0.07059,-235.70792904064001,0,0,0.11785396452032,0.05892698226016,,
2023-05-25T00:00:00Z,EOSUSDT,trade,rebalance,-367.082820396025,0.83499999999999996,-306.51415503068085,0,0,0.15325707751534043,0.076628538757670214,,
2023-05-25T00:00:00Z,ETCUSDT,trade,rebalance,-189.38743424693149,17.774999999999999,-3366.361643739207,0,0,1.6831808218696034,0.84159041093480169,,
2023-05-25T00:00:00Z,ETHUSDT,trade,rebalance,0.045578878060024808,1798.8399999999999,81.989109009495024,0,0,0.04099455450474751,0.020497277252373755,,
2023-05-25T00:00:00Z,FILUSDT,trade,rebalance,-22.934333208528756,4.4589999999999996,-102.26419177682972,0,0,0.051132095888414858,0.025566047944207429,,
2023-05-25T00:00:00Z,INJUSDT,trade,rebalance,25.520608249725797,6.3680000000000003,162.51523333425388,0,0,0.081257616667126942,0.040628808333563471,,
2023-05-25T00:00:00Z,JASMYUSDT,trade,rebalance,-761849.74794323777,0.0046589999999999999,-3549.4579756675448,0,0,1.7747289878337724,0.88736449391688621,,
2023-05-25T00:00:00Z,LDOUSDT,trade,rebalance,242.40296042812406,2.0503,496.99878976578276,0,0,0.24849939488289138,0.12424969744144569,,
2023-05-25T00:00:00Z,MASKUSDT,trade,rebalance,906.59341813470076,3.9159999999999999,3550.2198254154882,0,0,1.7751099127077439,0.88755495635387194,,
2023-05-25T00:00:00Z,MATICUSDT,trade,rebalance,-105.52364018686784,0.87250000000000005,-92.069376063042199,0,0,0.046034688031521102,0.023017344015760551,,
2023-05-25T00:00:00Z,NEARUSDT,trade,rebalance,2067.2101048318686,1.5700000000000001,3245.5198645860337,0,0,1.6227599322930168,0.81137996614650842,,
2023-05-25T00:00:00Z,OPUSDT,trade,rebalance,-278.83231852838685,1.5921000000000001,-443.92893432904475,0,0,0.22196446716452237,0.11098223358226118,,
2023-05-25T00:00:00Z,RNDRUSDT,trade,rebalance,-178.113489987094,2.6337000000000002,-469.09749857900948,0,0,0.23454874928950475,0.11727437464475238,,
2023-05-25T00:00:00Z,STXUSDT,trade,rebalance,-5311.0388146217228,0.59050000000000002,-3136.1684200341274,0,0,1.5680842100170638,0.78404210500853189,,
2023-05-25T00:00:00Z,TOMOUSDT,trade,rebalance,-545.20416887966439,1.2593000000000001,-686.57560987016143,0,0,0.34328780493508071,0.17164390246754035,,
2023-06-01T00:00:00Z,1000SHIBUSDT,trade,rebalance,417547.1652555805,0.0085889999999999994,3586.3126023801806,0,0,1.7931563011900904,0.8965781505950452,,
2023-06-01T00:00:00Z,ADAUSDT,trade,rebalance,-147.67531028304438,0.37430000000000002,-55.274868638943516,0,0,0.02763743431947176,0.01381871715973588,,
2023-06-01T00:00:00Z,ARPAUSDT,trade,rebalance,52427.246155623332,0.068659999999999999,3599.6547210450981,0,0,1.7998273605225492,0.89991368026127461,,
2023-06-01T00:00:00Z,AVAXUSDT,trade,rebalance,-251.20201285003188,14.099,-3541.6971791725996,0,0,1.7708485895863,0.88542429479314999,,
2023-06-01T00:00:00Z,DOGEUSDT,trade,rebalance,44.142217011903995,0.071599999999999997,3.1605827380523257,0,0,0.0015802913690261629,0.00079014568451308144,,
2023-06-01T00:00:00Z,EOSUSDT,trade,rebalance,206.77358758027867,0.89000000000000001,184.02849294644801,0,0,0.09201424647322401,0.046007123236612005,,
2023-06-01T00:00:00Z,ETHUSDT,trade,rebalance,-0.052339588363320422,1872.8499999999999,-98.024198066244651,0,0,0.049012099033122328,0.024506049516561164,,
2023-06-01T00:00:00Z,FILUSDT,trade,rebalance,29.129977242442351,4.6890000000000001,136.59046328981219,0,0,0.068295231644906099,0.034147615822453049,,
2023-06-01T00:00:00Z,GALAUSDT,trade,rebalance,-122204.21814737657,0.029409999999999999,-3594.0260557143447,0,0,1.7970130278571723,0.89850651392858616,,
2023-06-01T00:00:00Z,INJUSDT,trade,rebalance,-61.492190013456593,7.2510000000000003,-445.8798697875738,0,0,0.22293993489378691,0.11146996744689346,,
2023-06-01T00:00:00Z,JASMYUSDT,trade,rebalance,-26866.074174481211,0.0045620000000000001,-122.56303038398329,0,0,0.06128151519199164,0.03064075759599582,,
2023-06-01T00:00:00Z,KAVAUSDT,trade,rebalance,3479.7004112249001,1.0343,3599.0541353299141,0,0,1.7995270676649568,0.89976353383247842,,
2023-06-01T00:00:00Z,LDOUSDT,trade,rebalance,-1731.1989346420062,2.0910000000000002,-3619.9369723364352,0,0,1.8099684861682177,0.90498424308410885,,
2023-06-01T00:00:00Z,MASKUSDT,trade,rebalance,-85.98721625381836,4.3840000000000003,-376.96795605673969,0,0,0.18848397802836986,0.094241989014184929,,
2023-06-01T00:00:00Z,MATICUSDT,trade,rebalance,31.082663909965049,0.89149999999999996,27.710194875733841,0,0,0.01385509743786692,0.00692754871893346,,
2023-06-01T00:00:00Z,OPUSDT,trade,rebalance,-373.22622893159911,1.3821000000000001,-515.83597100636314,0,0,0.25791798550318157,0.12895899275159078,,
2023-06-01T00:00:00Z,RLCUSDT,trade,rebalance,-2371.7098571366128,1.5170999999999999,-3598.121024261955,0,0,1.7990605121309775,0.89953025606548875,,
2023-06-01T00:00:00Z,RNDRUSDT,trade,rebalance,79.582970707444474,2.5206,200.59683596518454,0,0,0.10029841798259226,0.050149208991296129,,
2023-06-01T00:00:00Z,TOMOUSDT,trade,rebalance,-298.83422724028696,1.4289000000000001,-427.00422730364608,0,0,0.21350211365182303,0.10675105682591152,,
2023-06-05T00:00:00Z,JASMYUSDT,risk_policy_action,before_rebalance,788715.82211771898,0.0046959999999999997,3703.8095006648082,0,0,1.851904750332404,0.92595237516620199,membership_exit,team-05-udcc-none-v1
2023-06-05T00:00:00Z,RLCUSDT,risk_policy_action,before_rebalance,2371.7098571366128,1.5268999999999999,3621.3637808618937,0,0,1.8106818904309467,0.90534094521547337,membership_exit,team-05-udcc-none-v1
2023-06-08T00:00:00Z,ADAUSDT,trade,rebalance,3017.2524123402181,0.32200000000000001,971.5552767735503,0,0,0.48577763838677512,0.24288881919338756,,
2023-06-08T00:00:00Z,AGIXUSDT,trade,rebalance,-15964.012778384811,0.25480000000000003,-4067.6304559324503,0,0,2.0338152279662252,1.0169076139831126,,
2023-06-08T00:00:00Z,APEUSDT,trade,rebalance,-1405.2354799861525,2.8940000000000001,-4066.7514790799255,0,0,2.033375739539963,1.0166878697699815,,
2023-06-08T00:00:00Z,APTUSDT,trade,rebalance,-528.63656321439942,7.6970000000000001,-4068.9156270612325,0,0,2.0344578135306159,1.017228906765308,,
2023-06-08T00:00:00Z,ARPAUSDT,trade,rebalance,-52427.246155623332,0.049790000000000001,-2610.3525860884856,0,0,1.3051762930442428,0.65258814652212138,,
2023-06-08T00:00:00Z,DOGEUSDT,trade,rebalance,-10265.076385037049,0.067229999999999998,-690.1210853660408,0,0,0.34506054268302039,0.17253027134151019,,
2023-06-08T00:00:00Z,EOSUSDT,trade,rebalance,-674.01389559814606,0.86299999999999999,-581.6739919012,0,0,0.29083699595059997,0.14541849797529999,,
2023-06-08T00:00:00Z,ETHUSDT,trade,rebalance,0.30029533915469514,1831.3199999999999,549.93686050077633,0,0,0.27496843025038814,0.13748421512519407,,
2023-06-08T00:00:00Z,FILUSDT,trade,rebalance,-216.7739323033577,4.1340000000000003,-896.14343614208076,0,0,0.4480717180710404,0.2240358590355202,,
2023-06-08T00:00:00Z,GALAUSDT,trade,rebalance,-35463.933222051812,0.02581,-915.32411646115725,0,0,0.45766205823057865,0.22883102911528932,,
2023-06-08T00:00:00Z,INJUSDT,trade,rebalance,94.117258692474138,6.8929999999999998,648.75026416722426,0,0,0.32437513208361213,0.16218756604180606,,
2023-06-08T00:00:00Z,KAVAUSDT,trade,rebalance,-3479.7004112249001,0.9929,-3454.9945383052032,0,0,1.7274972691526014,0.86374863457630069,,
2023-06-08T00:00:00Z,LDOUSDT,trade,rebalance,1789.6392867188747,2.2730999999999999,4068.0290626406741,0,0,2.034014531320337,1.0170072656601685,,
2023-06-08T00:00:00Z,MASKUSDT,trade,rebalance,-820.6062018808824,4.0810000000000004,-3348.8939098758815,0,0,1.6744469549379406,0.8372234774689703,,
2023-06-08T00:00:00Z,MATICUSDT,trade,rebalance,4036.7491532955687,0.76490000000000002,3087.7094273557805,0,0,1.5438547136778904,0.7719273568389452,,
2023-06-08T00:00:00Z,OPUSDT,trade,rebalance,2602.9198578600513,1.3721000000000001,3571.4663369697764,0,0,1.7857331684848883,0.89286658424244414,,
2023-06-08T00:00:00Z,RNDRUSDT,trade,rebalance,404.752700945367,2.2202999999999999,898.67242190899833,0,0,0.44933621095449916,0.22466810547724958,,
2023-06-08T00:00:00Z,TOMOUSDT,trade,rebalance,643.72327565671139,1.2858000000000001,827.69938783939949,0,0,0.41384969391969972,0.20692484695984986,,
2023-06-08T00:00:00Z,XRPUSDT,trade,rebalance,7854.0806426892068,0.51800000000000002,4068.4137729130093,0,0,2.0342068864565048,1.0171034432282524,,
2023-06-15T00:00:00Z,1000SHIBUSDT,trade,rebalance,-635500.09505080024,0.0065550000000000001,-4165.703123057996,0,0,2.0828515615289982,1.0414257807644991,,
2023-06-15T00:00:00Z,ADAUSDT,trade,rebalance,-12630.819591735541,0.2631,-3323.1686345856206,0,0,1.6615843172928104,0.83079215864640521,,
2023-06-15T00:00:00Z,AGIXUSDT,trade,rebalance,15964.012778384811,0.19339999999999999,3087.4400713396221,0,0,1.5437200356698111,0.77186001783490554,,
2023-06-15T00:00:00Z,APEUSDT,trade,rebalance,-616.22526146794189,2.0609999999999999,-1270.0402638854282,0,0,0.63502013194271412,0.31751006597135706,,
2023-06-15T00:00:00Z,APTUSDT,trade,rebalance,528.63656321439942,6.0199999999999996,3182.3921105506843,0,0,1.5911960552753421,0.79559802763767107,,
2023-06-15T00:00:00Z,DOGEUSDT,trade,rebalance,60514.457689989846,0.060319999999999999,3650.2320878601872,0,0,1.8251160439300937,0.91255802196504687,,
2023-06-15T00:00:00Z,EOSUSDT,trade,rebalance,-1826.1558555273352,0.63600000000000001,-1161.4351241153852,0,0,0.58071756205769265,0.29035878102884632,,
2023-06-15T00:00:00Z,ETHUSDT,trade,rebalance,0.30314082775707218,1650.1900000000001,500.23996255644295,0,0,0.25011998127822149,0.12505999063911075,,
2023-06-15T00:00:00Z,FILUSDT,trade,rebalance,-185.66444941258453,3.5609999999999999,-661.1511043582135,0,0,0.33057555217910678,0.16528777608955339,,
2023-06-15T00:00:00Z,GALAUSDT,trade,rebalance,-38982.208356054616,0.0212,-826.42281714835792,0,0,0.41321140857417893,0.20660570428708946,,
2023-06-15T00:00:00Z,HIGHUSDT,trade,rebalance,-3384.4277726538485,1.232,-4169.6150159095414,0,0,2.0848075079547708,1.0424037539773854,,
2023-06-15T00:00:00Z,INJUSDT,trade,rebalance,115.29006447139875,5.9029999999999996,680.5572505746668,0,0,0.34027862528733338,0.17013931264366669,,
2023-06-15T00:00:00Z,LDOUSDT,trade,rebalance,688.93206680417143,1.681,1158.0948042978123,0,0,0.57904740214890615,0.28952370107445308,,
2023-06-15T00:00:00Z,MASKUSDT,trade,rebalance,1228.9765746716485,3.3900000000000001,4166.2305881368884,0,0,2.0831152940684441,1.041557647034222,,
2023-06-15T00:00:00Z,RNDRUSDT,trade,rebalance,473.03898832729737,1.8069999999999999,854.78145190742634,0,0,0.42739072595371319,0.2136953629768566,,
2023-06-15T00:00:00Z,SANDUSDT,trade,rebalance,-11267.388810974102,0.36959999999999998,-4164.4269045360279,0,0,2.082213452268014,1.041106726134007,,
2023-06-15T00:00:00Z,TOMOUSDT,trade,rebalance,-496.84895971513743,1.5620000000000001,-776.07807507504469,0,0,0.38803903753752234,0.19401951876876117,,
2023-06-15T00:00:00Z,XRPUSDT,trade,rebalance,830.9945879484585,0.47960000000000003,398.54500438008074,0,0,0.19927250219004036,0.099636251095020181,,
2023-06-19T00:00:00Z,HIGHUSDT,risk_policy_action,before_rebalance,3384.4277726538485,1.2350000000000001,4179.7682992275031,0,0,2.0898841496137517,1.0449420748068758,membership_exit,team-05-udcc-none-v1
2023-06-22T00:00:00Z,1000SHIBUSDT,trade,rebalance,151598.41506847605,0.0075370000000000003,1142.5972543711041,0,0,0.57129862718555202,0.28564931359277601,,
2023-06-22T00:00:00Z,APEUSDT,trade,rebalance,381.19270013423352,2.2229999999999999,847.39137239840102,0,0,0.42369568619920045,0.21184784309960022,,
2023-06-22T00:00:00Z,APTUSDT,trade,rebalance,-489.45459383811965,7.4489999999999998,-3645.9472695001532,0,0,1.8229736347500767,0.91148681737503834,,
2023-06-22T00:00:00Z,ARBUSDT,trade,rebalance,3198.9313470367833,1.1403000000000001,3647.7414150260443,0,0,1.823870707513022,0.91193535375651102,,
2023-06-22T00:00:00Z,BTCUSDT,trade,rebalance,0.12166331026707423,29988.5,3648.5001799441557,0,0,1.8242500899720777,0.91212504498603886,,
2023-06-22T00:00:00Z,DOTUSDT,trade,rebalance,757.18253208114766,4.8179999999999996,3648.1054395669689,0,0,1.8240527197834846,0.9120263598917423,,
2023-06-22T00:00:00Z,EOSUSDT,trade,rebalance,1179.4966428199032,0.68100000000000005,803.23721376035417,0,0,0.40161860688017709,0.20080930344008854,,
2023-06-22T00:00:00Z,ETCUSDT,trade,rebalance,-217.499460017925,16.771000000000001,-3647.6834439606205,0,0,1.82384172198031,0.91192086099015501,,
2023-06-22T00:00:00Z,ETHUSDT,trade,rebalance,-0.59291211989793446,1888.3,-1119.5959560032695,0,0,0.55979797800163478,0.27989898900081739,,
2023-06-22T00:00:00Z,FILUSDT,trade,rebalance,238.79714557676914,3.9180000000000001,935.60721636978155,0,0,0.46780360818489081,0.2339018040924454,,
2023-06-22T00:00:00Z,GALAUSDT,trade,rebalance,53740.527621560992,0.025520000000000001,1371.4582649022366,0,0,0.68572913245111833,0.34286456622555916,,
2023-06-22T00:00:00Z,INJUSDT,trade,rebalance,-194.92291569244443,7.141,-1391.9445409597456,0,0,0.69597227047987276,0.34798613523993638,,
2023-06-22T00:00:00Z,LDOUSDT,trade,rebalance,-613.09965738851292,1.9549000000000001,-1198.5485202288039,0,0,0.59927426011440188,0.29963713005720094,,
2023-06-22T00:00:00Z,MASKUSDT,trade,rebalance,-1228.9765746716485,3.956,-4861.8313294010413,0,0,2.4309156647005206,1.2154578323502603,,
2023-06-22T00:00:00Z,RNDRUSDT,trade,rebalance,-709.0783873955013,2.2856000000000001,-1620.6695622311579,0,0,0.81033478111557899,0.4051673905577895,,
2023-06-22T00:00:00Z,SANDUSDT,trade,rebalance,2612.635118546274,0.42120000000000002,1100.4419119316906,0,0,0.5502209559658453,0.27511047798292265,,
2023-06-22T00:00:00Z,TOMOUSDT,trade,rebalance,385.37970535549812,1.1951000000000001,460.56728587035582,0,0,0.23028364293517789,0.11514182146758895,,
2023-06-22T00:00:00Z,XRPUSDT,trade,rebalance,-8685.0752306376653,0.49990000000000001,-4341.6691077957694,0,0,2.1708345538978846,1.0854172769489423,,
2023-06-29T00:00:00Z,1000SHIBUSDT,trade,rebalance,-25853.529868323763,0.0072240000000000004,-186.76589976877088,0,0,0.093382949884385433,0.046691474942192716,,
2023-06-29T00:00:00Z,ALPHAUSDT,trade,rebalance,34971.240607417676,0.10526000000000001,3681.0727863367847,0,0,1.8405363931683925,0.92026819658419623,,
2023-06-29T00:00:00Z,APEUSDT,trade,rebalance,-35.868342822642944,2.198,-78.838617524169194,0,0,0.039419308762084597,0.019709654381042298,,
2023-06-29T00:00:00Z,APTUSDT,trade,rebalance,-42.899279653300255,6.9169999999999998,-296.73431736187786,0,0,0.14836715868093892,0.074183579340469458,,
2023-06-29T00:00:00Z,ARBUSDT,trade,rebalance,87.81591819088635,1.1205000000000001,98.397736332888158,0,0,0.049198868166444081,0.02459943408322204,,
2023-06-29T00:00:00Z,BTCUSDT,trade,rebalance,-0.12166331026707423,30066.299999999999,-3657.9655854829339,0,0,1.828982792741467,0.91449139637073351,,
2023-06-29T00:00:00Z,CRVUSDT,trade,rebalance,5585.3091692434073,0.66000000000000003,3686.3040517006489,0,0,1.8431520258503247,0.92157601292516234,,
2023-06-29T00:00:00Z,DOTUSDT,trade,rebalance,-2.1135068687053717,4.8769999999999998,-10.307572998676097,0,0,0.005153786499338048,0.002576893249669024,,
2023-06-29T00:00:00Z,EOSUSDT,trade,rebalance,-176.65458712220789,0.66500000000000004,-117.47530043626826,0,0,0.058737650218134124,0.029368825109067062,,
2023-06-29T00:00:00Z,ETCUSDT,trade,rebalance,6.7473489917084919,17.472999999999999,117.89642893212248,0,0,0.05894821446606123,0.029474107233030615,,
2023-06-29T00:00:00Z,ETHUSDT,trade,rebalance,-1.9318006921206869,1827.26,-3529.9021326844463,0,0,1.7649510663422232,0.8824755331711116,,
2023-06-29T00:00:00Z,FILUSDT,trade,rebalance,-46.419600089389178,3.7679999999999998,-174.90905313681841,0,0,0.087454526568409213,0.043727263284204607,,
2023-06-29T00:00:00Z,GALAUSDT,trade,rebalance,-14393.526971732877,0.02341,-336.95246640826667,0,0,0.16847623320413332,0.084238116602066662,,
2023-06-29T00:00:00Z,INJUSDT,trade,rebalance,-12.584347363348568,7.3940000000000001,-93.048664404599322,0,0,0.046524332202299658,0.023262166101149829,,
2023-06-29T00:00:00Z,LDOUSDT,trade,rebalance,120.33052343032932,1.8543000000000001,223.12888959685966,0,0,0.11156444479842982,0.05578222239921491,,
2023-06-29T00:00:00Z,RNDRUSDT,trade,rebalance,324.50998807442875,1.9161999999999999,621.82603914822039,0,0,0.31091301957411022,0.15545650978705511,,
2023-06-29T00:00:00Z,SANDUSDT,trade,rebalance,-610.32046273011292,0.39739999999999998,-242.54135188894685,0,0,0.12127067594447342,0.060635337972236712,,
2023-06-29T00:00:00Z,TOMOUSDT,trade,rebalance,-561.60298388153478,1.4779,-829.9930498785202,0,0,0.41499652493926004,0.20749826246963002,,
2023-07-01T00:00:00Z,1000SHIBUSDT,forced_exit,terminal,509755.20985064795,0.0075500000000000003,3848.6518343723924,0,0,1.9243259171861962,0.96216295859309808,,
2023-07-01T00:00:00Z,ALPHAUSDT,forced_exit,terminal,-34971.240607417676,0.10743999999999999,-3757.3100908609549,0,0,1.8786550454304776,0.93932752271523878,,
2023-07-01T00:00:00Z,APEUSDT,forced_exit,terminal,1676.1363841425039,2.2240000000000002,3727.7273183329289,0,0,1.8638636591664646,0.93193182958323229,,
2023-07-01T00:00:00Z,APTUSDT,forced_exit,terminal,532.3538734914199,7.2430000000000003,3855.8391056983546,0,0,1.927919552849177,0.96395977642458852,,
2023-07-01T00:00:00Z,ARBUSDT,forced_exit,terminal,-3286.7472652276697,1.1635,-3824.1304430923938,0,0,1.9120652215461966,0.95603261077309831,,
2023-07-01T00:00:00Z,CRVUSDT,forced_exit,terminal,-5585.3091692434073,0.76000000000000001,-4244.8349686249894,0,0,2.1224174843124946,1.0612087421562473,,
2023-07-01T00:00:00Z,DOTUSDT,forced_exit,terminal,-755.06902521244228,5.1760000000000002,-3908.2372744996014,0,0,1.9541186372498007,0.97705931862490036,,
2023-07-01T00:00:00Z,EOSUSDT,forced_exit,terminal,5537.5513322723018,0.75,4153.1634992042264,0,0,2.0765817496021133,1.0382908748010566,,
2023-07-01T00:00:00Z,ETCUSDT,forced_exit,terminal,210.75211102621651,20.925000000000001,4409.9879232235808,0,0,2.2049939616117902,1.1024969808058951,,
2023-07-01T00:00:00Z,FILUSDT,forced_exit,terminal,977.30138958627424,3.9460000000000002,3856.4312833074382,0,0,1.9282156416537188,0.96410782082685942,,
2023-07-01T00:00:00Z,GALAUSDT,forced_exit,terminal,157303.35907565488,0.024570000000000002,3864.9435324888404,0,0,1.9324717662444204,0.9662358831222102,,
2023-07-01T00:00:00Z,INJUSDT,forced_exit,terminal,-497.91726478926648,8.0210000000000008,-3993.7943808747068,0,0,1.9968971904373536,0.99844859521867679,,
2023-07-01T00:00:00Z,LDOUSDT,forced_exit,terminal,-1985.8022195648625,2.0526,-4076.0576358788367,0,0,2.0380288179394186,1.0190144089697093,,
2023-07-01T00:00:00Z,RNDRUSDT,forced_exit,terminal,-1920.8033086962039,2.0369000000000002,-3912.484259483298,0,0,1.956242129741649,0.97812106487082451,,
2023-07-01T00:00:00Z,SANDUSDT,forced_exit,terminal,9265.0741551579413,0.41870000000000002,3879.28654876463,0,0,1.9396432743823149,0.96982163719115744,,
2023-07-01T00:00:00Z,TOMOUSDT,forced_exit,terminal,-2491.0178150315101,1.0555000000000001,-2629.2693037657591,0,0,1.3146346518828795,0.65731732594143977,,
