symbol,direction,entry_price,exit_price,weight_factor,open_time,close_time,exit_reason,pnl_pct,fee_pct,net_pnl_pct,weighted_pnl,stop_loss_price,take_profit_price,timeout_time,confidence
ETHUSDT,1,3714.770000,3558.705068,1.0000,1641023999999,1641427199999,stop_loss,-4.2012,0.1000,-4.3012,-4.3012,3558.705068,4026.899863,1641628799999,0.080000
BTCUSDT,-1,47186.830000,43215.867934,1.0000,1641023999999,1641427199999,take_profit,8.4154,0.1000,8.3154,8.3154,49172.311033,43215.867934,1641628799999,0.300000
ETHUSDT,1,3150.000000,2963.593763,1.0000,1641772799999,1641830399999,stop_loss,-5.9177,0.1000,-6.0177,-6.0177,2963.593763,3522.812475,1642377599999,0.280000
BTCUSDT,-1,41851.220000,43731.968113,1.0000,1641772799999,1642003199999,stop_loss,-4.4939,0.1000,-4.5939,-4.5939,43731.968113,38089.723773,1642377599999,0.300000
ETHUSDT,1,3132.050000,3115.470000,1.0000,1641916799999,1642521600000,timeout,-0.5294,0.1000,-0.6294,-0.6294,2951.344531,3493.460938,1642521599999,0.460000
BTCUSDT,-1,43170.000000,43275.750000,1.0000,1642089599999,1642694400000,timeout,-0.2450,0.1000,-0.3450,-0.3450,44978.817415,39552.365170,1642694399999,0.140000
ETHUSDT,1,3082.810000,2941.119204,1.0000,1642636799999,1642751999999,stop_loss,-4.5962,0.1000,-4.6962,-4.6962,2941.119204,3366.191591,1643241599999,0.100000
ETHUSDT,1,2382.500000,2735.340000,1.0000,1643097599999,1643702400000,timeout,14.8097,0.1000,14.7097,14.7097,2130.719614,2886.060771,1643702399999,0.880000
BTCUSDT,1,36035.000000,38420.650000,1.0000,1643097599999,1643702400000,timeout,6.6204,0.1000,6.5204,6.5204,33463.703195,41177.593610,1643702399999,0.120000
ETHUSDT,1,2748.500000,2591.949711,0.3300,1643788799999,1643903999999,stop_loss,-5.6958,0.1000,-5.7958,-1.9126,2591.949711,3061.600578,1644393599999,0.060000
BTCUSDT,-1,38268.320000,39843.854997,1.0000,1643788799999,1643990399999,stop_loss,-4.1171,0.1000,-4.2171,-4.2171,39843.854997,35117.250005,1644393599999,0.400000
ETHUSDT,-1,2993.650000,3167.916091,0.3300,1644019199999,1644278399999,stop_loss,-5.8212,0.1000,-5.9212,-1.9540,3167.916091,2645.117817,1644623999999,0.020000
BTCUSDT,1,42712.800000,42290.410000,0.3300,1644220799999,1644825600000,timeout,-0.9889,0.1000,-1.0889,-0.3593,41024.345162,46089.709677,1644825599999,0.020000
ETHUSDT,-1,3115.230000,3273.543781,0.3300,1644364799999,1644508799999,stop_loss,-5.0819,0.1000,-5.1819,-1.7100,3273.543781,2798.602439,1644969599999,0.180000
ETHUSDT,-1,3101.280000,2798.630000,0.3300,1644595199999,1645200000000,timeout,9.7589,0.1000,9.6589,3.1874,3273.784052,2756.271896,1645199999999,0.200000
BTCUSDT,1,43665.700000,42003.630260,0.3300,1644911999999,1645113599999,stop_loss,-3.8064,0.1000,-3.9064,-1.2891,42003.630260,46989.839480,1645516799999,0.040000
BTCUSDT,1,39805.100000,38044.733982,0.3300,1645199999999,1645372799999,stop_loss,-4.4225,0.1000,-4.5225,-1.4924,38044.733982,43325.832037,1645804799999,0.040000
ETHUSDT,-1,2744.520000,2418.763698,0.3300,1645286399999,1645689599999,take_profit,11.8693,0.1000,11.7693,3.8839,2907.398151,2418.763698,1645891199999,0.100000
BTCUSDT,1,36748.600000,34893.451187,0.3300,1645516799999,1645689599999,stop_loss,-5.0482,0.1000,-5.1482,-1.6989,34893.451187,40458.897627,1646121599999,0.160000
ETHUSDT,-1,2612.670000,2827.249433,0.3300,1645775999999,1645833599999,stop_loss,-8.2130,0.1000,-8.3130,-2.7433,2827.249433,2183.511133,1646380799999,0.120000
BTCUSDT,1,38462.500000,43289.978086,0.3300,1645775999999,1646092799999,take_profit,12.5511,0.1000,12.4511,4.1089,36048.760957,43289.978086,1646380799999,0.360000
ETHUSDT,-1,2778.150000,2980.732606,0.3300,1645919999999,1646150399999,stop_loss,-7.2920,0.1000,-7.3920,-2.4394,2980.732606,2372.984787,1646524799999,0.040000
ETHUSDT,1,2947.470000,2751.288146,0.3300,1646265599999,1646380799999,stop_loss,-6.6559,0.1000,-6.7559,-2.2295,2751.288146,3339.833708,1646870399999,0.020000
BTCUSDT,-1,41427.600000,39111.600000,0.3300,1646380799999,1646985600000,timeout,5.5905,0.1000,5.4905,1.8119,43678.711662,36925.376676,1646985599999,0.760000
BTCUSDT,-1,39092.800000,41084.410131,0.3300,1647071999999,1647417599999,stop_loss,-5.0946,0.1000,-5.1946,-1.7142,41084.410131,35109.579739,1647676799999,0.200000
ETHUSDT,-1,2572.500000,2692.918125,0.3300,1647273599999,1647417599999,stop_loss,-4.6810,0.1000,-4.7810,-1.5777,2692.918125,2331.663751,1647878399999,0.020000
BTCUSDT,-1,40720.600000,42815.027630,0.3300,1647503999999,1647935999999,stop_loss,-5.1434,0.1000,-5.2434,-1.7303,42815.027630,36531.744741,1648108799999,0.220000
BTCUSDT,-1,42094.100000,43598.828307,0.3300,1648022399999,1648137599999,stop_loss,-3.5747,0.1000,-3.6747,-1.2126,43598.828307,39084.643387,1648627199999,0.260000
BTCUSDT,-1,44320.200000,45798.189031,0.3300,1648223999999,1648425599999,stop_loss,-3.3348,0.1000,-3.4348,-1.1335,45798.189031,41364.221938,1648828799999,0.060000
BTCUSDT,-1,47330.100000,44475.197418,0.3300,1648540799999,1648799999999,take_profit,6.0319,0.1000,5.9319,1.9575,48757.551291,44475.197418,1649145599999,0.060000
ETHUSDT,1,3276.960000,3522.227600,0.3300,1648799999999,1648886399999,take_profit,7.4846,0.1000,7.3846,2.4369,3154.326200,3522.227600,1649404799999,0.040000
BTCUSDT,1,46284.100000,44744.401142,0.3300,1648915199999,1649231999999,stop_loss,-3.3266,0.1000,-3.4266,-1.1308,44744.401142,49363.497716,1649519999999,0.060000
ETHUSDT,1,3489.140000,3358.829340,0.3300,1648972799999,1649231999999,stop_loss,-3.7348,0.1000,-3.8348,-1.2655,3358.829340,3749.761320,1649577599999,0.040000
ETHUSDT,1,3222.400000,3079.905306,0.3300,1649318399999,1649692799999,stop_loss,-4.4220,0.1000,-4.5220,-1.4923,3079.905306,3507.389388,1649923199999,0.040000
BTCUSDT,1,43416.600000,41817.829788,0.3300,1649318399999,1649663999999,stop_loss,-3.6824,0.1000,-3.7824,-1.2482,41817.829788,46614.140424,1649923199999,0.060000
ETHUSDT,1,3042.690000,2917.605480,0.3300,1649779199999,1650268799999,stop_loss,-4.1110,0.1000,-4.2110,-1.3896,2917.605480,3292.859040,1650383999999,0.020000
BTCUSDT,1,41129.800000,39602.468021,0.3300,1649894399999,1649980799999,stop_loss,-3.7134,0.1000,-3.8134,-1.2584,39602.468021,44184.463959,1650499199999,0.080000
BTCUSDT,1,40529.500000,39190.372709,0.3300,1650067199999,1650268799999,stop_loss,-3.3041,0.1000,-3.4041,-1.1233,39190.372709,43207.754582,1650671999999,0.060000
ETHUSDT,1,3037.520000,2921.003271,0.3300,1650355199999,1650700799999,stop_loss,-3.8359,0.1000,-3.9359,-1.2989,2921.003271,3270.553457,1650959999999,0.060000
BTCUSDT,-1,40671.600000,42041.419591,0.3300,1650355199999,1650470399999,stop_loss,-3.3680,0.1000,-3.4680,-1.1444,42041.419591,37931.960817,1650959999999,0.080000
BTCUSDT,-1,40687.100000,37752.966778,0.3300,1650614399999,1651017599999,take_profit,7.2115,0.1000,7.1115,2.3468,42154.166611,37752.966778,1651219199999,0.020000
ETHUSDT,1,2948.120000,2845.941564,0.3300,1650787199999,1650873599999,stop_loss,-3.4659,0.1000,-3.5659,-1.1767,2845.941564,3152.476872,1651391999999,0.040000
ETHUSDT,1,3002.250000,2883.821353,0.3300,1650959999999,1650988799999,stop_loss,-3.9447,0.1000,-4.0447,-1.3347,2883.821353,3239.107294,1651564799999,0.080000
ETHUSDT,1,2887.570000,2755.725129,0.3300,1651103999999,1651363199999,stop_loss,-4.5659,0.1000,-4.6659,-1.5398,2755.725129,3151.259741,1651708799999,0.100000
BTCUSDT,-1,39365.000000,39585.400000,0.3300,1651132799999,1651737600000,timeout,-0.5599,0.1000,-0.6599,-0.2178,40834.436928,36426.126144,1651737599999,0.040000
ETHUSDT,-1,2828.120000,2935.023069,0.3300,1651651199999,1651708799999,stop_loss,-3.7800,0.1000,-3.8800,-1.2804,2935.023069,2614.313862,1652255999999,0.420000
ETHUSDT,1,2729.050000,2604.291100,0.3300,1651823999999,1651967999999,stop_loss,-4.5715,0.1000,-4.6715,-1.5416,2604.291100,2978.567799,1652428799999,0.040000
BTCUSDT,1,36359.300000,34644.190786,0.3300,1651823999999,1651996799999,stop_loss,-4.7171,0.1000,-4.8171,-1.5896,34644.190786,39789.518428,1652428799999,0.040000
BTCUSDT,1,30172.300000,30251.600000,0.3300,1652428799999,1653033600000,timeout,0.2628,0.1000,0.1628,0.0537,27254.264447,36008.371106,1653033599999,0.880000
ETHUSDT,1,2031.610000,1977.710000,0.3300,1652515199999,1653120000000,timeout,-2.6531,0.1000,-2.7531,-0.9085,1803.274171,2488.281658,1653119999999,0.280000
BTCUSDT,1,29411.100000,28871.000000,0.3300,1653119999999,1653724800000,timeout,-1.8364,0.1000,-1.9364,-0.6390,27779.193105,32674.913790,1653724799999,0.700000
ETHUSDT,-1,1975.010000,2084.184779,0.4925,1653206399999,1653321599999,stop_loss,-5.5278,0.1000,-5.6278,-2.7717,2084.184779,1756.660442,1653811199999,0.600000
ETHUSDT,1,1961.540000,1858.110648,0.3920,1653407999999,1653580799999,stop_loss,-5.2729,0.1000,-5.3729,-2.1059,1858.110648,2168.398704,1654012799999,0.020000
ETHUSDT,1,1764.690000,1995.513764,0.3532,1653724799999,1653955199999,take_profit,13.0801,0.1000,12.9801,4.5847,1649.278118,1995.513764,1654329599999,0.340000
BTCUSDT,1,29000.400000,31006.714740,0.3300,1653811199999,1653955199999,take_profit,6.9182,0.1000,6.8182,2.2500,27997.242630,31006.714740,1654415999999,0.220000
BTCUSDT,1,31797.800000,30599.247545,0.3300,1654041599999,1654127999999,stop_loss,-3.7693,0.1000,-3.8693,-1.2769,30599.247545,34194.904910,1654646399999,0.540000
ETHUSDT,-1,1930.780000,1727.339825,0.3300,1654070399999,1654588799999,take_profit,10.5367,0.1000,10.4367,3.4441,2032.500088,1727.339825,1654675199999,0.820000
BTCUSDT,1,30437.100000,29198.827290,0.3300,1654214399999,1654588799999,stop_loss,-4.0683,0.1000,-4.1683,-1.3755,29198.827290,32913.645421,1654819199999,0.120000
ETHUSDT,-1,1805.590000,1604.956074,0.3300,1654675199999,1654963199999,take_profit,11.1118,0.1000,11.0118,3.6339,1905.906963,1604.956074,1655279999999,0.560000
BTCUSDT,-1,30458.000000,27656.085415,0.3300,1654703999999,1655020799999,take_profit,9.1993,0.1000,9.0993,3.0028,31858.957293,27656.085415,1655308799999,0.320000
BTCUSDT,1,21087.500000,18976.296491,0.3300,1655452799999,1655567999999,stop_loss,-10.0116,0.1000,-10.1116,-3.3368,18976.296491,25309.907017,1656057599999,0.580000
BTCUSDT,1,20564.200000,21029.100000,0.3300,1655683199999,1656288000000,timeout,2.2607,0.1000,2.1607,0.7130,18519.513932,24653.572137,1656287999999,0.620000
ETHUSDT,1,1079.210000,1227.250000,0.3300,1655711999999,1656316800000,timeout,13.7174,0.1000,13.6174,4.4938,935.210650,1367.208700,1656316799999,0.220000
BTCUSDT,1,20730.000000,19641.468492,0.3300,1656374399999,1656575999999,stop_loss,-5.2510,0.1000,-5.3510,-1.7658,19641.468492,22907.063015,1656979199999,0.160000
ETHUSDT,-1,1207.020000,1031.410532,0.3300,1656403199999,1656604799999,take_profit,14.5490,0.1000,14.4490,4.7682,1294.824734,1031.410532,1657007999999,0.880000
BTCUSDT,1,19566.100000,21933.503283,0.3300,1656662399999,1657267199999,take_profit,12.0995,0.1000,11.9995,3.9598,18382.398359,21933.503283,1657267199999,0.060000
ETHUSDT,-1,1056.180000,1142.594593,0.3300,1656691199999,1656979199999,stop_loss,-8.1818,0.1000,-8.2818,-2.7330,1142.594593,883.350813,1657295999999,0.660000
ETHUSDT,-1,1131.800000,1212.032894,0.3300,1657065599999,1657209599999,stop_loss,-7.0890,0.1000,-7.1890,-2.3724,1212.032894,971.334211,1657670399999,0.580000
ETHUSDT,-1,1235.000000,1087.476250,0.3300,1657295999999,1657612799999,take_profit,11.9452,0.1000,11.8452,3.9089,1308.761875,1087.476250,1657900799999,0.500000
BTCUSDT,-1,21644.700000,19695.736337,0.3300,1657353599999,1657612799999,take_profit,9.0043,0.1000,8.9043,2.9384,22619.181831,19695.736337,1657958399999,0.260000
ETHUSDT,-1,1068.720000,1129.763296,0.3300,1657699199999,1657814399999,stop_loss,-5.7118,0.1000,-5.8118,-1.9179,1129.763296,946.633408,1658303999999,0.120000
BTCUSDT,-1,19699.500000,20586.128158,0.3300,1657699199999,1657843199999,stop_loss,-4.5008,0.1000,-4.6008,-1.5183,20586.128158,17926.243683,1658303999999,0.280000
ETHUSDT,-1,1221.560000,1295.843973,0.3300,1657900799999,1658015999999,stop_loss,-6.0811,0.1000,-6.1811,-2.0398,1295.843973,1072.992054,1658505599999,0.060000
BTCUSDT,1,20823.100000,22759.316225,0.3300,1657929599999,1658159999999,take_profit,9.2984,0.1000,9.1984,3.0355,19854.991887,22759.316225,1658534399999,0.160000
BTCUSDT,-1,23385.900000,20801.714803,0.3300,1658275199999,1658851199999,take_profit,11.0502,0.1000,10.9502,3.6136,24677.992599,20801.714803,1658879999999,0.180000
ETHUSDT,-1,1521.340000,1645.491238,0.3300,1658361599999,1658505599999,stop_loss,-8.1607,0.1000,-8.2607,-2.7260,1645.491238,1273.037523,1658966399999,0.200000
ETHUSDT,-1,1523.150000,1640.910356,0.3300,1658591999999,1658707199999,stop_loss,-7.7314,0.1000,-7.8314,-2.5844,1640.910356,1287.629288,1659196799999,0.240000
ETHUSDT,-1,1440.400000,1558.234881,0.3300,1658793599999,1658966399999,stop_loss,-8.1807,0.1000,-8.2807,-2.7326,1558.234881,1204.730237,1659398399999,0.120000
BTCUSDT,-1,21516.400000,22446.581698,0.3300,1658937599999,1658966399999,stop_loss,-4.3231,0.1000,-4.4231,-1.4596,22446.581698,19656.036604,1659542399999,0.120000
ETHUSDT,-1,1736.080000,1715.100000,0.3300,1659196799999,1659801600000,timeout,1.2085,0.1000,1.1085,0.3658,1854.963580,1498.312841,1659801599999,0.060000
BTCUSDT,1,24522.800000,23445.413293,0.3300,1659196799999,1659311999999,stop_loss,-4.3934,0.1000,-4.4934,-1.4828,23445.413293,26677.573414,1659801599999,0.100000
DOTUSDT,-1,8.456000,9.233451,1.0000,1659369599999,1659974399999,stop_loss,-9.1941,0.1000,-9.2941,-9.2941,9.233451,6.901098,1659974399999,0.960000
BTCUSDT,1,23257.600000,23804.300000,0.3300,1659398399999,1660003200000,timeout,2.3506,0.1000,2.2506,0.7427,22288.834989,25195.130023,1660003199999,0.180000
ETHUSDT,1,1698.140000,1857.003242,0.3300,1659887999999,1660175999999,take_profit,9.3551,0.1000,9.2551,3.0542,1618.708379,1857.003242,1660492799999,0.040000
DOTUSDT,1,8.690000,8.790000,0.8079,1660060799999,1660665600000,timeout,1.1507,0.1000,1.0507,0.8489,8.036274,9.997452,1660665599999,0.340000
BTCUSDT,1,23140.200000,24595.396557,0.3300,1660089599999,1660204799999,take_profit,6.2886,0.1000,6.1886,2.0422,22412.601721,24595.396557,1660694399999,0.420000
ETHUSDT,-1,1879.350000,1975.431151,0.3300,1660262399999,1660377599999,stop_loss,-5.1125,0.1000,-5.2125,-1.7201,1975.431151,1687.187699,1660867199999,0.120000
BTCUSDT,1,23949.200000,23090.378475,0.3300,1660291199999,1660895999999,stop_loss,-3.5860,0.1000,-3.6860,-1.2164,23090.378475,25666.843049,1660895999999,0.400000
ETHUSDT,-1,1983.280000,1808.245870,0.3300,1660492799999,1660895999999,take_profit,8.8255,0.1000,8.7255,2.8794,2070.797065,1808.245870,1661097599999,0.100000
DOTUSDT,-1,8.397000,7.119117,0.8790,1660751999999,1661039999999,take_profit,15.2183,0.1000,15.1183,13.2885,9.035941,7.119117,1661356799999,0.600000
ETHUSDT,-1,1646.540000,1506.990000,0.3300,1660982399999,1661587200000,timeout,8.4753,0.1000,8.3753,2.7639,1747.906277,1443.807445,1661587199999,0.120000
DOTUSDT,-1,7.427000,6.854000,1.0000,1661126399999,1661731200000,timeout,7.7151,0.1000,7.6151,7.6151,7.993997,6.293007,1661731199999,0.560000
BTCUSDT,1,21388.000000,20589.800303,0.3300,1661183999999,1661529599999,stop_loss,-3.7320,0.1000,-3.8320,-1.2646,20589.800303,22984.399393,1661788799999,0.900000
ETHUSDT,1,1453.700000,1628.641026,0.3300,1661759999999,1662134399999,take_profit,12.0342,0.1000,11.9342,3.9383,1366.229487,1628.641026,1662364799999,0.020000
BTCUSDT,1,19885.300000,19739.900000,0.3300,1661759999999,1662364800000,timeout,-0.7312,0.1000,-0.8312,-0.2743,19190.856744,21274.186512,1662364799999,0.920000
DOTUSDT,-1,7.303000,7.578000,1.0000,1661846399999,1662451200000,timeout,-3.7656,0.1000,-3.8656,-3.8656,7.750704,6.407592,1662451199999,0.600000
ETHUSDT,1,1547.770000,1734.514018,0.3300,1662220799999,1662739199999,take_profit,12.0654,0.1000,11.9654,3.9486,1454.397991,1734.514018,1662825599999,0.020000
BTCUSDT,1,19900.700000,19324.145776,0.3300,1662451199999,1662508799999,stop_loss,-2.8972,0.1000,-2.9972,-0.9891,19324.145776,21053.808447,1663055999999,1.000000
DOTUSDT,-1,7.106000,7.590957,0.3300,1662566399999,1662710399999,stop_loss,-6.8246,0.1000,-6.9246,-2.2851,7.590957,6.136085,1663171199999,0.480000
BTCUSDT,1,19287.000000,20627.896797,0.3300,1662595199999,1662710399999,take_profit,6.9523,0.1000,6.8523,2.2613,18616.551601,20627.896797,1663199999999,0.160000
DOTUSDT,1,7.669000,7.187383,0.3300,1662796799999,1663113599999,stop_loss,-6.2801,0.1000,-6.3801,-2.1054,7.187383,8.632235,1663401599999,0.420000
ETHUSDT,-1,1714.500000,1546.605228,0.3300,1662825599999,1663257599999,take_profit,9.7926,0.1000,9.6926,3.1986,1798.447386,1546.605228,1663430399999,0.320000
BTCUSDT,1,22106.000000,21344.015216,0.3300,1662998399999,1663084799999,stop_loss,-3.4470,0.1000,-3.5470,-1.1705,21344.015216,23629.969568,1663603199999,1.000000
DOTUSDT,1,7.203000,6.705739,0.2953,1663199999999,1663372799999,stop_loss,-6.9035,0.1000,-7.0035,-2.0680,6.705739,8.197521,1663804799999,0.620000
ETHUSDT,-1,1451.690000,1237.207852,0.3300,1663343999999,1663804799999,take_profit,14.7747,0.1000,14.6747,4.8426,1558.931074,1237.207852,1663948799999,0.080000
BTCUSDT,-1,19653.300000,18704.400000,0.3300,1663343999999,1663948800000,timeout,4.8282,0.1000,4.7282,1.5603,20509.766663,17940.366674,1663948799999,0.140000
ETHUSDT,-1,1325.730000,1334.800000,0.3300,1663891199999,1664496000000,timeout,-0.6842,0.1000,-0.7842,-0.2588,1428.831786,1119.526428,1664495999999,0.140000
BTCUSDT,1,19115.200000,19322.900000,0.3300,1664035199999,1664640000000,timeout,1.0866,0.1000,0.9866,0.3256,18205.216882,20935.166236,1664639999999,0.820000
DOTUSDT,-1,6.261000,6.654149,0.2381,1664179199999,1664265599999,stop_loss,-6.2793,0.1000,-6.3793,-1.5191,6.654149,5.474703,1664783999999,0.200000
DOTUSDT,1,6.302000,6.418000,0.1961,1664351999999,1664956800000,timeout,1.8407,0.1000,1.7407,0.3414,5.884847,7.136306,1664956799999,0.120000
ETHUSDT,1,1328.170000,1329.840000,0.3300,1664611199999,1665216000000,timeout,0.1257,0.1000,0.0257,0.0085,1258.591456,1467.327089,1665215999999,0.020000
AAVEUSDT,1,75.520000,75.800000,1.0000,1664611199999,1665216000000,timeout,0.3708,0.1000,0.2708,0.2708,71.531037,83.497926,1665215999999,0.140000
BTCUSDT,-1,19137.500000,19835.443078,0.3300,1664726399999,1664870399999,stop_loss,-3.6470,0.1000,-3.7470,-1.2365,19835.443078,17741.613844,1665331199999,0.400000
BTCUSDT,1,20218.900000,19552.593033,0.3300,1664956799999,1665158399999,stop_loss,-3.2955,0.1000,-3.3955,-1.1205,19552.593033,21551.513935,1665561599999,0.800000
DOTUSDT,1,6.445000,6.190144,0.2056,1665043199999,1665475199999,stop_loss,-3.9543,0.1000,-4.0543,-0.8335,6.190144,6.954712,1665647999999,0.700000
BTCUSDT,1,19480.000000,18919.255457,0.3300,1665244799999,1665503999999,stop_loss,-2.8786,0.1000,-2.9786,-0.9829,18919.255457,20601.489086,1665849599999,0.940000
AAVEUSDT,1,74.700000,72.215823,1.0000,1665302399999,1665475199999,stop_loss,-3.3255,0.1000,-3.4255,-3.4255,72.215823,79.668355,1665907199999,0.040000
ETHUSDT,1,1322.610000,1286.277286,0.3300,1665359999999,1665446399999,stop_loss,-2.7470,0.1000,-2.8470,-0.9395,1286.277286,1395.275428,1665964799999,0.020000
ETHUSDT,1,1279.680000,1242.217347,0.3300,1665532799999,1665676799999,stop_loss,-2.9275,0.1000,-3.0275,-0.9991,1242.217347,1354.605305,1666137599999,0.020000
DOTUSDT,1,6.201000,6.002901,0.1825,1665561599999,1665647999999,stop_loss,-3.1946,0.1000,-3.2946,-0.6014,6.002901,6.597198,1666166399999,0.600000
AAVEUSDT,1,71.960000,69.426891,1.0000,1665561599999,1665647999999,stop_loss,-3.5202,0.1000,-3.6202,-3.6202,69.426891,77.026217,1666166399999,0.140000
BTCUSDT,1,19130.500000,18701.413478,0.3300,1665590399999,1665676799999,stop_loss,-2.2429,0.1000,-2.3429,-0.7732,18701.413478,19988.673044,1666195199999,0.300000
DOTUSDT,1,6.199000,5.907790,0.1659,1665734399999,1666310399999,stop_loss,-4.6977,0.1000,-4.7977,-0.7961,5.907790,6.781421,1666339199999,0.280000
AAVEUSDT,-1,72.890000,76.440377,1.0000,1665734399999,1665993599999,stop_loss,-4.8709,0.1000,-4.9709,-4.9709,76.440377,65.789247,1666339199999,0.120000
ETHUSDT,-1,1295.350000,1299.080000,0.3300,1665791999999,1666396800000,timeout,-0.2880,0.1000,-0.3880,-0.1280,1347.333952,1191.382096,1666396799999,0.160000
BTCUSDT,1,19164.600000,19151.000000,0.3300,1665791999999,1666396800000,timeout,-0.0710,0.1000,-0.1710,-0.0564,18572.672966,20348.454068,1666396799999,0.940000
AAVEUSDT,-1,82.530000,86.103508,1.0000,1666281599999,1666569599999,stop_loss,-4.3299,0.1000,-4.4299,-4.4299,86.103508,75.382985,1666886399999,0.020000
ETHUSDT,-1,1313.190000,1347.401329,0.3300,1666483199999,1666569599999,stop_loss,-2.6052,0.1000,-2.7052,-0.8927,1347.401329,1244.767342,1667087999999,0.040000
BTCUSDT,1,19180.600000,19821.478659,0.3300,1666540799999,1666742399999,take_profit,3.3413,0.1000,3.2413,1.0696,18860.160670,19821.478659,1667145599999,0.980000
AAVEUSDT,1,85.120000,80.539017,0.3300,1666655999999,1666915199999,stop_loss,-5.3818,0.1000,-5.4818,-1.8090,80.539017,94.281965,1667260799999,0.040000
ETHUSDT,-1,1346.490000,1384.691500,0.3300,1666684799999,1666713599999,stop_loss,-2.8371,0.1000,-2.9371,-0.9692,1384.691500,1270.087000,1667289599999,0.020000
BTCUSDT,1,20554.000000,20045.827755,0.3300,1666886399999,1666972799999,stop_loss,-2.4724,0.1000,-2.5724,-0.8489,20045.827755,21570.344490,1667491199999,0.900000
AAVEUSDT,-1,84.100000,88.571443,0.3300,1667001599999,1667548799999,stop_loss,-5.3168,0.1000,-5.4168,-1.7875,88.571443,75.157113,1667606399999,0.020000
BTCUSDT,1,20913.200000,20372.521430,0.3300,1667059199999,1667231999999,stop_loss,-2.5853,0.1000,-2.6853,-0.8862,20372.521430,21994.557141,1667663999999,0.880000
DOTUSDT,-1,6.535000,6.847625,0.1439,1667145599999,1667577599999,stop_loss,-4.7839,0.1000,-4.8839,-0.7029,6.847625,5.909751,1667750399999,0.280000
ETHUSDT,-1,1586.610000,1662.008341,0.3300,1667145599999,1667577599999,stop_loss,-4.7522,0.1000,-4.8522,-1.6012,1662.008341,1435.813318,1667750399999,0.060000
BTCUSDT,-1,20435.600000,20917.103694,0.3300,1667318399999,1667577599999,stop_loss,-2.3562,0.1000,-2.4562,-0.8105,20917.103694,19472.592613,1667923199999,0.180000
AAVEUSDT,-1,95.740000,83.816677,0.3300,1667635199999,1667836799999,take_profit,12.4539,0.1000,12.3539,4.0768,101.701662,83.816677,1668239999999,0.340000
BTCUSDT,-1,21289.700000,20172.283086,0.3300,1667663999999,1667894399999,take_profit,5.2486,0.1000,5.1486,1.6990,21848.408457,20172.283086,1668268799999,0.240000
DOTUSDT,-1,7.022000,6.192130,0.1245,1667692799999,1667951999999,take_profit,11.8181,0.1000,11.7181,1.4589,7.436935,6.192130,1668297599999,0.200000
ETHUSDT,-1,1567.420000,1431.725993,0.3300,1667779199999,1667894399999,take_profit,8.6572,0.1000,8.5572,2.8239,1635.267003,1431.725993,1668383999999,0.020000
DOTUSDT,1,5.746000,5.637000,0.1648,1668211199999,1668816000000,timeout,-1.8970,0.1000,-1.9970,-0.3291,5.025626,7.186747,1668815999999,0.580000
BTCUSDT,1,17058.300000,16689.700000,0.3300,1668211199999,1668816000000,timeout,-2.1608,0.1000,-2.2608,-0.7461,15648.679896,19877.540208,1668815999999,0.040000
AAVEUSDT,-1,59.440000,58.080000,0.3300,1668268799999,1668873600000,timeout,2.2880,0.1000,2.1880,0.7220,68.070247,42.179505,1668873599999,0.200000
ETHUSDT,-1,1265.510000,1092.890000,0.3300,1668499199999,1669104000000,timeout,13.6404,0.1000,13.5404,4.4683,1365.030262,1066.469475,1669103999999,0.020000
DOTUSDT,-1,5.597000,5.018915,0.1557,1668902399999,1669103999999,take_profit,10.3285,0.1000,10.2285,1.5928,5.886042,5.018915,1669507199999,0.020000
BTCUSDT,1,16692.900000,16151.142992,0.3300,1668902399999,1669017599999,stop_loss,-3.2454,0.1000,-3.3454,-1.1040,16151.142992,17776.414015,1669507199999,0.180000
AAVEUSDT,1,58.630000,54.689073,0.3300,1668959999999,1669075199999,stop_loss,-6.7217,0.1000,-6.8217,-2.2512,54.689073,66.511855,1669564799999,0.460000
AAVEUSDT,1,57.360000,64.630000,0.3300,1669219199999,1669824000000,timeout,12.6743,0.1000,12.5743,4.1495,52.695877,66.688246,1669823999999,0.560000
DOTUSDT,-1,5.430000,5.462000,0.1997,1669247999999,1669852800000,timeout,-0.5893,0.1000,-0.6893,-0.1377,5.742771,4.804458,1669852799999,0.020000
ETHUSDT,-1,1183.830000,1244.296211,0.3300,1669247999999,1669795199999,stop_loss,-5.1077,0.1000,-5.2077,-1.7185,1244.296211,1062.897578,1669852799999,0.020000
BTCUSDT,-1,16595.800000,17169.503184,0.3300,1669247999999,1669852799999,stop_loss,-3.4569,0.1000,-3.5569,-1.1738,17169.503184,15448.393632,1669852799999,0.020000
ETHUSDT,1,1278.200000,1226.848186,0.3300,1669881599999,1670399999999,stop_loss,-4.0175,0.1000,-4.1175,-1.3588,1226.848186,1380.903628,1670486399999,0.020000
AAVEUSDT,1,63.820000,60.348237,0.3300,1669910399999,1670457599999,stop_loss,-5.4399,0.1000,-5.5399,-1.8282,60.348237,70.763526,1670515199999,0.280000
DOTUSDT,-1,5.406000,5.647882,0.1959,1669939199999,1669996799999,stop_loss,-4.4743,0.1000,-4.5743,-0.8963,5.647882,4.922237,1670543999999,0.640000
BTCUSDT,-1,16970.500000,17411.640727,0.3300,1669939199999,1670227199999,stop_loss,-2.5995,0.1000,-2.6995,-0.8908,17411.640727,16088.218546,1670543999999,0.080000
DOTUSDT,-1,5.549000,5.314000,0.1712,1670083199999,1670688000000,timeout,4.2350,0.1000,4.1350,0.7078,5.785331,5.076338,1670687999999,0.280000
BTCUSDT,1,16993.600000,17156.900000,0.3300,1670313599999,1670918400000,timeout,0.9610,0.1000,0.8610,0.2841,16627.163924,17726.472151,1670918399999,0.360000
ETHUSDT,-1,1232.070000,1273.977774,0.3300,1670486399999,1670543999999,stop_loss,-3.4014,0.1000,-3.5014,-1.1555,1273.977774,1148.254452,1671091199999,0.020000
AAVEUSDT,-1,62.820000,60.970000,0.3300,1670543999999,1671148800000,timeout,2.9449,0.1000,2.8449,0.9388,65.561454,57.337093,1671148799999,0.520000
ETHUSDT,-1,1262.310000,1304.955207,0.3300,1670630399999,1670947199999,stop_loss,-3.3783,0.1000,-3.4783,-1.1479,1304.955207,1177.019586,1671235199999,0.060000
DOTUSDT,-1,5.294000,4.988770,0.1907,1670774399999,1670918399999,take_profit,5.7656,0.1000,5.6656,1.0806,5.446615,4.988770,1671379199999,0.580000
DOTUSDT,-1,5.292000,4.894128,0.2206,1671004799999,1671235199999,take_profit,7.5184,0.1000,7.4184,1.6364,5.490936,4.894128,1671609599999,0.660000
ETHUSDT,-1,1338.300000,1258.595569,0.3300,1671033599999,1671148799999,take_profit,5.9556,0.1000,5.8556,1.9324,1378.152216,1258.595569,1671638399999,0.100000
BTCUSDT,-1,17686.000000,16843.860854,0.3300,1671091199999,1671235199999,take_profit,4.7616,0.1000,4.6616,1.5383,18107.069573,16843.860854,1671695999999,0.660000
ETHUSDT,-1,1183.000000,1233.192128,0.3300,1671263999999,1671753599999,stop_loss,-4.2428,0.1000,-4.3428,-1.4331,1233.192128,1082.615744,1671868799999,0.020000
AAVEUSDT,1,55.190000,54.480000,0.3300,1671263999999,1671868800000,timeout,-1.2865,0.1000,-1.3865,-0.4575,52.139230,61.291540,1671868799999,0.020000
BTCUSDT,-1,16768.000000,16829.000000,0.3300,1671321599999,1671926400000,timeout,-0.3638,0.1000,-0.4638,-0.1531,17176.894302,15950.211395,1671926399999,0.640000
DOTUSDT,-1,4.602000,4.522000,0.2658,1671523199999,1672128000000,timeout,1.7384,0.1000,1.6384,0.4355,4.830273,4.145455,1672127999999,0.840000
ETHUSDT,-1,1219.500000,1199.670000,0.3300,1671839999999,1672444800000,timeout,1.6261,0.1000,1.5261,0.5036,1256.281187,1145.937626,1672444799999,0.080000
AAVEUSDT,1,54.480000,58.006803,0.3300,1671983999999,1672156799999,take_profit,6.4736,0.1000,6.3736,2.1033,52.716599,58.006803,1672588799999,0.080000
BTCUSDT,-1,16824.400000,16354.334646,0.3300,1672012799999,1672415999999,take_profit,2.7940,0.1000,2.6940,0.8890,17059.432677,16354.334646,1672617599999,0.040000
AAVEUSDT,1,54.390000,52.301134,0.3300,1672243199999,1672415999999,stop_loss,-3.8405,0.1000,-3.9405,-1.3004,52.301134,58.567733,1672847999999,0.240000
DOTUSDT,-1,4.320000,4.484933,0.2779,1672300799999,1672646399999,stop_loss,-3.8179,0.1000,-3.9179,-1.0886,4.484933,3.990134,1672905599999,0.580000
BTCUSDT,-1,16586.000000,16811.315234,0.3300,1672502399999,1672819199999,stop_loss,-1.3585,0.1000,-1.4585,-0.4813,16811.315234,16135.369532,1673107199999,0.300000
AAVEUSDT,1,52.610000,56.708785,0.3300,1672502399999,1672847999999,take_profit,7.7909,0.1000,7.6909,2.5380,50.560608,56.708785,1673107199999,0.360000
ETHUSDT,-1,1196.100000,1221.123704,0.3300,1672531199999,1672646399999,stop_loss,-2.0921,0.1000,-2.1921,-0.7234,1221.123704,1146.052591,1673135999999,0.860000
DOTUSDT,-1,4.508000,4.646323,0.2478,1672732799999,1672819199999,stop_loss,-3.0684,0.1000,-3.1684,-0.7850,4.646323,4.231355,1673337599999,0.980000
ETHUSDT,-1,1214.230000,1235.891982,0.3300,1672790399999,1672819199999,stop_loss,-1.7840,0.1000,-1.8840,-0.6217,1235.891982,1170.906036,1673395199999,0.020000
DOTUSDT,-1,4.585000,4.728598,0.2261,1672905599999,1673193599999,stop_loss,-3.1319,0.1000,-3.2319,-0.7306,4.728598,4.297804,1673510399999,0.800000
ETHUSDT,-1,1250.910000,1278.268814,0.3300,1672905599999,1673222399999,stop_loss,-2.1871,0.1000,-2.2871,-0.7547,1278.268814,1196.192372,1673510399999,0.100000
BTCUSDT,-1,16816.100000,17030.000263,0.3300,1672905599999,1673222399999,stop_loss,-1.2720,0.1000,-1.3720,-0.4528,17030.000263,16388.299474,1673510399999,0.300000
AAVEUSDT,-1,55.500000,57.680930,0.3300,1672934399999,1673193599999,stop_loss,-3.9296,0.1000,-4.0296,-1.3298,57.680930,51.138141,1673539199999,0.220000
AAVEUSDT,-1,61.130000,63.662022,0.3300,1673308799999,1673481599999,stop_loss,-4.1420,0.1000,-4.2420,-1.3999,63.662022,56.065955,1673913599999,0.280000
BTCUSDT,1,17194.700000,17597.462242,0.3300,1673337599999,1673481599999,take_profit,2.3424,0.1000,2.2424,0.7400,16993.318879,17597.462242,1673942399999,0.620000
AAVEUSDT,-1,78.500000,84.952195,0.3300,1673884799999,1673971199999,stop_loss,-8.2194,0.1000,-8.3194,-2.7454,84.952195,65.595610,1674489599999,0.480000
DOTUSDT,-1,5.954000,6.424082,0.2059,1673999999999,1674345599999,stop_loss,-7.8952,0.1000,-7.9952,-1.6460,6.424082,5.013836,1674604799999,0.920000
ETHUSDT,-1,1550.090000,1619.935077,0.3300,1674057599999,1674259199999,stop_loss,-4.5059,0.1000,-4.6059,-1.5199,1619.935077,1410.399846,1674662399999,0.540000
AAVEUSDT,-1,81.740000,89.278145,0.3300,1674057599999,1674316799999,stop_loss,-9.2221,0.1000,-9.3221,-3.0763,89.278145,66.663710,1674662399999,0.180000
BTCUSDT,1,20954.200000,22337.969754,0.3300,1674201599999,1674259199999,take_profit,6.6038,0.1000,6.5038,2.1462,20262.315123,22337.969754,1674806399999,0.640000
ETHUSDT,-1,1627.630000,1571.520000,0.3300,1674345599999,1674950400000,timeout,3.4473,0.1000,3.3473,1.1046,1699.516028,1483.857944,1674950399999,0.160000
AAVEUSDT,-1,88.060000,87.840000,0.3300,1674403199999,1675008000000,timeout,0.2498,0.1000,0.1498,0.0494,94.542973,75.094055,1675007999999,0.360000
DOTUSDT,-1,6.206000,6.662234,0.1604,1674431999999,1674518399999,stop_loss,-7.3515,0.1000,-7.4515,-1.1951,6.662234,5.293531,1675036799999,1.000000
DOTUSDT,-1,6.188000,6.678041,0.1274,1674604799999,1675036799999,stop_loss,-7.9192,0.1000,-8.0192,-1.0213,6.678041,5.207919,1675209599999,0.940000
BTCUSDT,1,22627.400000,23119.500000,0.3300,1674604799999,1675209600000,timeout,2.1748,0.1000,2.0748,0.6847,21866.021494,24150.157012,1675209599999,0.700000
ETHUSDT,-1,1628.030000,1690.728283,0.3300,1675065599999,1675324799999,stop_loss,-3.8512,0.1000,-3.9512,-1.3039,1690.728283,1502.633435,1675670399999,0.120000
AAVEUSDT,1,82.680000,93.135610,0.3300,1675094399999,1675382399999,take_profit,12.6459,0.1000,12.5459,4.1401,77.452195,93.135610,1675699199999,0.460000
BTCUSDT,-1,23787.000000,22668.800000,0.3300,1675324799999,1675929600000,timeout,4.7009,0.1000,4.6009,1.5183,24510.745438,22339.509125,1675929599999,0.320000
ETHUSDT,-1,1638.120000,1550.680000,0.3300,1675411199999,1676016000000,timeout,5.3378,0.1000,5.2378,1.7285,1706.951807,1500.456387,1676015999999,0.440000
AAVEUSDT,-1,89.720000,78.771796,0.3300,1675497599999,1675987199999,take_profit,12.2026,0.1000,12.1026,3.9939,95.194102,78.771796,1676102399999,0.680000
DOTUSDT,-1,6.903000,6.088253,0.1089,1675843199999,1675987199999,take_profit,11.8028,0.1000,11.7028,1.2744,7.310374,6.088253,1676447999999,0.160000
BTCUSDT,-1,21901.900000,22543.328392,0.3300,1676015999999,1676476799999,stop_loss,-2.9286,0.1000,-3.0286,-0.9995,22543.328392,20619.043216,1676620799999,0.120000
DOTUSDT,-1,6.178000,6.639091,0.1344,1676073599999,1676534399999,stop_loss,-7.4634,0.1000,-7.5634,-1.0162,6.639091,5.255818,1676678399999,0.660000
AAVEUSDT,1,78.580000,90.443335,0.3300,1676073599999,1676534399999,take_profit,15.0971,0.1000,14.9971,4.9491,72.648332,90.443335,1676678399999,0.180000
ETHUSDT,-1,1554.940000,1615.600776,0.3300,1676419199999,1676505599999,stop_loss,-3.9012,0.1000,-4.0012,-1.3204,1615.600776,1433.618448,1677023999999,0.040000
DOTUSDT,-1,6.644000,7.077034,0.1089,1676620799999,1676678399999,stop_loss,-6.5177,0.1000,-6.6177,-0.7207,7.077034,5.777932,1677225599999,0.260000
ETHUSDT,-1,1653.690000,1650.740000,0.3300,1676620799999,1677225600000,timeout,0.1784,0.1000,0.0784,0.0259,1729.772058,1501.525884,1677225599999,0.340000
AAVEUSDT,1,85.350000,86.100000,0.3300,1676620799999,1677225600000,timeout,0.8787,0.1000,0.7787,0.2570,79.766422,96.517155,1677225599999,0.240000
BTCUSDT,1,24522.800000,23532.218192,0.3300,1676707199999,1677254399999,stop_loss,-4.0394,0.1000,-4.1394,-1.3660,23532.218192,26503.963616,1677311999999,0.180000
DOTUSDT,-1,7.233000,7.688130,0.1089,1676764799999,1676822399999,stop_loss,-6.2924,0.1000,-6.3924,-0.6961,7.688130,6.322740,1677369599999,0.180000
AAVEUSDT,1,81.080000,76.142598,0.3300,1677311999999,1677830399999,stop_loss,-6.0895,0.1000,-6.1895,-2.0425,76.142598,90.954804,1677916799999,0.140000
BTCUSDT,-1,22996.400000,23775.586043,0.3300,1677340799999,1677513599999,stop_loss,-3.3883,0.1000,-3.4883,-1.1511,23775.586043,21438.027913,1677945599999,0.560000
BTCUSDT,-1,23129.600000,23810.005913,0.3300,1677628799999,1677657599999,stop_loss,-2.9417,0.1000,-3.0417,-1.0038,23810.005913,21768.788175,1678233599999,0.800000
DOTUSDT,1,6.535000,6.176156,0.1089,1677657599999,1677830399999,stop_loss,-5.4911,0.1000,-5.5911,-0.6089,6.176156,7.252688,1678262399999,0.360000
ETHUSDT,-1,1657.030000,1548.597853,0.3300,1677686399999,1677830399999,take_profit,6.5438,0.1000,6.4438,2.1264,1711.246074,1548.597853,1678291199999,0.040000
BTCUSDT,-1,23381.900000,21951.636268,0.3300,1677743999999,1677830399999,take_profit,6.1170,0.1000,6.0170,1.9856,24097.031866,21951.636268,1678348799999,0.400000
BTCUSDT,-1,22346.600000,20926.248705,0.3300,1677916799999,1678406399999,take_profit,6.3560,0.1000,6.2560,2.0645,23056.775648,20926.248705,1678521599999,0.760000
AAVEUSDT,-1,77.030000,69.457761,0.3300,1677916799999,1678406399999,take_profit,9.8302,0.1000,9.7302,3.2110,80.816119,69.457761,1678521599999,0.060000
ETHUSDT,1,1561.210000,1509.159906,0.3300,1677945599999,1678406399999,stop_loss,-3.3340,0.1000,-3.4340,-1.1332,1509.159906,1665.310187,1678550399999,0.040000
DOTUSDT,-1,6.034000,5.399755,0.1089,1678031999999,1678406399999,take_profit,10.5112,0.1000,10.4112,1.1338,6.351123,5.399755,1678636799999,0.160000
DOTUSDT,1,5.545000,6.347864,0.1089,1678492799999,1678809599999,take_profit,14.4791,0.1000,14.3791,1.5659,5.143568,6.347864,1679097599999,0.580000
AAVEUSDT,1,68.260000,64.403332,0.3300,1678492799999,1678550399999,stop_loss,-5.6500,0.1000,-5.7500,-1.8975,64.403332,75.973336,1679097599999,0.700000
ETHUSDT,1,1471.030000,1599.506225,0.3300,1678579199999,1678694399999,take_profit,8.7338,0.1000,8.6338,2.8491,1406.791888,1599.506225,1679183999999,0.020000
BTCUSDT,-1,20447.300000,21241.748339,0.3300,1678579199999,1678665599999,stop_loss,-3.8853,0.1000,-3.9853,-1.3152,21241.748339,18858.403323,1679183999999,0.680000
AAVEUSDT,1,66.050000,73.895052,0.3300,1678636799999,1678694399999,take_profit,11.8774,0.1000,11.7774,3.8866,62.127474,73.895052,1679241599999,0.680000
AAVEUSDT,-1,74.930000,79.381445,0.3300,1678780799999,1678809599999,stop_loss,-5.9408,0.1000,-6.0408,-1.9935,79.381445,66.027111,1679385599999,0.380000
AAVEUSDT,1,74.010000,78.050000,0.3300,1678895999999,1679500800000,timeout,5.4587,0.1000,5.3587,1.7684,68.594647,84.840706,1679500799999,0.660000
DOTUSDT,1,5.871000,6.047000,0.1249,1678924799999,1679529600000,timeout,2.9978,0.1000,2.8978,0.3619,5.368400,6.876200,1679529599999,0.020000
BTCUSDT,-1,24880.600000,26231.573225,0.3300,1678982399999,1679068799999,stop_loss,-5.4298,0.1000,-5.5298,-1.8248,26231.573225,22178.653550,1679587199999,0.200000
ETHUSDT,-1,1715.290000,1798.908645,0.3300,1679039999999,1679097599999,stop_loss,-4.8749,0.1000,-4.9749,-1.6417,1798.908645,1548.052709,1679644799999,0.080000
BTCUSDT,1,27490.900000,26947.300000,0.3300,1679385599999,1679990400000,timeout,-1.9774,0.1000,-2.0774,-0.6855,26206.966849,30058.766301,1679990399999,0.600000
AAVEUSDT,1,79.960000,75.086687,0.3300,1679587199999,1679673599999,stop_loss,-6.0947,0.1000,-6.1947,-2.0442,75.086687,89.706627,1680191999999,0.080000
DOTUSDT,1,6.317000,5.879598,0.1349,1679615999999,1679788799999,stop_loss,-6.9242,0.1000,-7.0242,-0.9475,5.879598,7.191805,1680220799999,0.020000
ETHUSDT,-1,1813.270000,1792.760000,0.3300,1679615999999,1680220800000,timeout,1.1311,0.1000,1.0311,0.3403,1902.496750,1634.816499,1680220799999,0.020000
AAVEUSDT,1,72.280000,68.007003,0.3300,1679759999999,1679932799999,stop_loss,-5.9117,0.1000,-6.0117,-1.9839,68.007003,80.825993,1680364799999,0.660000
DOTUSDT,-1,6.040000,6.366080,0.1089,1679875199999,1680278399999,stop_loss,-5.3987,0.1000,-5.4987,-0.5988,6.366080,5.387841,1680479999999,0.060000
AAVEUSDT,1,70.090000,75.580000,0.3300,1680019199999,1680624000000,timeout,7.8328,0.1000,7.7328,2.5518,66.690302,76.889397,1680623999999,0.720000
BTCUSDT,-1,28077.700000,29139.802311,0.3300,1680076799999,1680163199999,stop_loss,-3.7827,0.1000,-3.8827,-1.2813,29139.802311,25953.495379,1680681599999,0.640000
BTCUSDT,-1,27733.300000,28783.051743,0.3300,1680249599999,1680335999999,stop_loss,-3.7852,0.1000,-3.8852,-1.2821,28783.051743,25633.796514,1680854399999,0.380000
DOTUSDT,-1,6.258000,6.534774,0.1089,1680364799999,1680681599999,stop_loss,-4.4227,0.1000,-4.5227,-0.4925,6.534774,5.704452,1680969599999,0.720000
ETHUSDT,-1,1819.820000,1876.118452,0.3300,1680393599999,1680623999999,stop_loss,-3.0936,0.1000,-3.1936,-1.0539,1876.118452,1707.223096,1680998399999,0.700000
BTCUSDT,-1,28401.300000,27888.200000,0.3300,1680422399999,1681027200000,timeout,1.8066,0.1000,1.7066,0.5632,29255.254859,26693.390282,1681027199999,0.720000
AAVEUSDT,-1,78.190000,81.355968,0.3300,1680739199999,1680796799999,stop_loss,-4.0491,0.1000,-4.1491,-1.3692,81.355968,71.858064,1681343999999,0.020000
ETHUSDT,-1,1878.350000,1921.110000,0.3300,1680767999999,1681372800000,timeout,-2.2765,0.1000,-2.3765,-0.7842,1940.822907,1753.404187,1681372799999,0.760000
AAVEUSDT,-1,78.250000,81.350811,0.3300,1680911999999,1681430399999,stop_loss,-3.9627,0.1000,-4.0627,-1.3407,81.350811,72.048377,1681516799999,0.020000
BTCUSDT,1,28278.200000,29395.843592,0.3300,1681113599999,1681171199999,take_profit,3.9523,0.1000,3.8523,1.2713,27719.378204,29395.843592,1681718399999,0.600000
BTCUSDT,-1,30362.700000,28853.752473,0.3300,1681430399999,1681919999999,take_profit,4.9697,0.1000,4.8697,1.6070,31117.173763,28853.752473,1682035199999,0.840000
DOTUSDT,-1,6.561000,6.836493,0.1089,1681487999999,1681603199999,stop_loss,-4.1989,0.1000,-4.2989,-0.4682,6.836493,6.010014,1682092799999,0.860000
AAVEUSDT,-1,82.630000,75.763928,0.3300,1681516799999,1681919999999,take_profit,8.3094,0.1000,8.2094,2.7091,86.063036,75.763928,1682121599999,0.800000
DOTUSDT,-1,6.828000,6.303913,0.1089,1681689599999,1681919999999,take_profit,7.6756,0.1000,7.5756,0.8250,7.090043,6.303913,1682294399999,0.820000
DOTUSDT,-1,6.236000,5.943000,0.1089,1682006399999,1682611200000,timeout,4.6985,0.1000,4.5985,0.5008,6.585937,5.536125,1682611199999,0.840000
BTCUSDT,-1,28492.300000,29352.779704,0.3300,1682006399999,1682524799999,stop_loss,-3.0200,0.1000,-3.1200,-1.0296,29352.779704,26771.340593,1682611199999,0.660000
AAVEUSDT,1,70.770000,67.345627,0.3300,1682207999999,1682553599999,stop_loss,-4.8387,0.1000,-4.9387,-1.6298,67.345627,77.618745,1682812799999,0.040000
ETHUSDT,1,1858.350000,1793.538600,0.3300,1682265599999,1682553599999,stop_loss,-3.4876,0.1000,-3.5876,-1.1839,1793.538600,1987.972800,1682870399999,0.020000
BTCUSDT,1,29136.700000,27880.177320,0.3300,1682611199999,1682985599999,stop_loss,-4.3125,0.1000,-4.4125,-1.4561,27880.177320,31649.745360,1683215999999,0.120000
ETHUSDT,-1,1907.670000,1876.140000,0.3300,1682639999999,1683244800000,timeout,1.6528,0.1000,1.5528,0.5124,1996.390076,1730.229847,1683244799999,0.020000
AAVEUSDT,-1,71.410000,70.840000,0.3300,1682639999999,1683244800000,timeout,0.7982,0.1000,0.6982,0.2304,75.231142,63.767717,1683244799999,0.020000
DOTUSDT,-1,5.874000,5.818000,0.1089,1682697599999,1683302400000,timeout,0.9534,0.1000,0.8534,0.0929,6.193357,5.235286,1683302399999,0.440000
BTCUSDT,-1,28638.300000,29532.288519,0.3300,1683100799999,1683273599999,stop_loss,-3.1217,0.1000,-3.2217,-1.0631,29532.288519,26850.322962,1683705599999,0.660000
AAVEUSDT,-1,73.420000,68.427324,0.3300,1683331199999,1683388799999,take_profit,6.8002,0.1000,6.7002,2.2111,75.916338,68.427324,1683935999999,0.400000
BTCUSDT,1,29350.200000,28458.701406,0.3300,1683359999999,1683388799999,stop_loss,-3.0375,0.1000,-3.1375,-1.0354,28458.701406,31133.197188,1683964799999,0.780000
DOTUSDT,-1,5.599000,5.336000,0.1089,1683388799999,1683993600000,timeout,4.6973,0.1000,4.5973,0.5006,5.849670,5.097661,1683993599999,0.760000
BTCUSDT,1,28933.100000,28073.044868,0.3300,1683475199999,1683532799999,stop_loss,-2.9726,0.1000,-3.0726,-1.0139,28073.044868,30653.210264,1684079999999,0.680000
AAVEUSDT,1,69.540000,66.994586,0.3300,1683475199999,1683532799999,stop_loss,-3.6604,0.1000,-3.7604,-1.2409,66.994586,74.630827,1684079999999,0.120000
BTCUSDT,-1,27649.300000,25941.006211,0.3300,1683619199999,1683935999999,take_profit,6.1784,0.1000,6.0784,2.0059,28503.446894,25941.006211,1684223999999,0.820000
AAVEUSDT,1,64.740000,61.862896,0.3300,1683619199999,1683763199999,stop_loss,-4.4441,0.1000,-4.5441,-1.4995,61.862896,70.494209,1684223999999,0.120000
AAVEUSDT,1,63.170000,65.340000,0.3300,1683935999999,1684540800000,timeout,3.4352,0.1000,3.3352,1.1006,60.119832,69.270336,1684540799999,0.120000
BTCUSDT,1,26762.700000,27089.600000,0.3300,1684022399999,1684627200000,timeout,1.2215,0.1000,1.1215,0.3701,25925.352758,28437.394484,1684627199999,0.620000
DOTUSDT,-1,5.416000,5.285000,0.1187,1684079999999,1684684800000,timeout,2.4188,0.1000,2.3188,0.2751,5.637216,4.973567,1684684799999,0.480000
AAVEUSDT,1,65.160000,63.291426,0.3300,1684627199999,1684742399999,stop_loss,-2.8677,0.1000,-2.9677,-0.9793,63.291426,68.897148,1685231999999,0.080000
BTCUSDT,-1,26830.700000,27369.124984,0.3300,1684742399999,1684828799999,stop_loss,-2.0067,0.1000,-2.1067,-0.6952,27369.124984,25753.850031,1685347199999,0.360000
DOTUSDT,1,5.304000,5.149518,0.1263,1684771199999,1685001599999,stop_loss,-2.9126,0.1000,-3.0126,-0.3804,5.149518,5.612964,1685375999999,0.340000
AAVEUSDT,1,65.470000,63.631448,0.3300,1684828799999,1684943999999,stop_loss,-2.8082,0.1000,-2.9082,-0.9597,63.631448,69.147105,1685433599999,0.020000
BTCUSDT,1,26664.200000,26097.669463,0.3300,1684915199999,1684943999999,stop_loss,-2.1247,0.1000,-2.2247,-0.7341,26097.669463,27797.261075,1685519999999,0.460000
BTCUSDT,-1,26216.900000,26830.885011,0.3300,1685030399999,1685116799999,stop_loss,-2.3419,0.1000,-2.4419,-0.8058,26830.885011,24988.929979,1685635199999,0.080000
AAVEUSDT,1,62.850000,66.915157,0.3300,1685030399999,1685289599999,take_profit,6.4680,0.1000,6.3680,2.1014,60.817422,66.915157,1685635199999,0.020000
DOTUSDT,1,5.239000,5.554270,0.1157,1685087999999,1685318399999,take_profit,6.0177,0.1000,5.9177,0.6850,5.081365,5.554270,1685692799999,0.440000
ETHUSDT,1,1826.810000,1909.516347,1.0000,1685145599999,1685318399999,take_profit,4.5274,0.1000,4.4274,4.4274,1785.456826,1909.516347,1685750399999,0.020000
BTCUSDT,1,26682.100000,27755.429431,0.3300,1685203199999,1685318399999,take_profit,4.0227,0.1000,3.9227,1.2945,26145.435285,27755.429431,1685807999999,0.460000
AAVEUSDT,-1,67.080000,63.084537,0.3300,1685375999999,1685606399999,take_profit,5.9563,0.1000,5.8563,1.9326,69.077731,63.084537,1685980799999,0.040000
DOTUSDT,-1,5.457000,5.157136,0.1347,1685404799999,1685692799999,take_profit,5.4950,0.1000,5.3950,0.7266,5.606932,5.157136,1686009599999,0.360000
BTCUSDT,1,27722.000000,27096.870320,0.3300,1685404799999,1685519999999,stop_loss,-2.2550,0.1000,-2.3550,-0.7771,27096.870320,28972.259360,1686009599999,0.280000
ETHUSDT,1,1857.320000,1811.213331,1.0000,1685548799999,1686009599999,stop_loss,-2.4824,0.1000,-2.5824,-2.5824,1811.213331,1949.533337,1686153599999,0.060000
BTCUSDT,1,26790.200000,26094.335719,0.3300,1685606399999,1685980799999,stop_loss,-2.5975,0.1000,-2.6975,-0.8902,26094.335719,28181.928562,1686211199999,0.600000
AAVEUSDT,1,63.660000,61.632726,0.3300,1685692799999,1685980799999,stop_loss,-3.1845,0.1000,-3.2845,-1.0839,61.632726,67.714548,1686297599999,0.100000
DOTUSDT,1,5.282000,5.130228,0.1548,1685779199999,1685980799999,stop_loss,-2.8734,0.1000,-2.9734,-0.4602,5.130228,5.585543,1686383999999,0.520000
DOTUSDT,-1,5.083000,4.694736,0.1420,1686067199999,1686383999999,take_profit,7.6385,0.1000,7.5385,1.0708,5.277132,4.694736,1686671999999,0.680000
AAVEUSDT,1,61.020000,58.665933,0.3300,1686067199999,1686182399999,stop_loss,-3.8579,0.1000,-3.9579,-1.3061,58.665933,65.728134,1686671999999,0.040000
ETHUSDT,1,1874.390000,1825.900857,1.0000,1686124799999,1686182399999,stop_loss,-2.5869,0.1000,-2.6869,-2.6869,1825.900857,1971.368287,1686729599999,0.020000
BTCUSDT,-1,26786.700000,25884.100000,0.3300,1686124799999,1686729600000,timeout,3.3696,0.1000,3.2696,1.0790,27594.693943,25170.712114,1686729599999,0.040000
AAVEUSDT,1,59.820000,57.613220,0.3300,1686268799999,1686383999999,stop_loss,-3.6890,0.1000,-3.7890,-1.2504,57.613220,64.233560,1686873599999,0.060000
ETHUSDT,1,1750.640000,1694.907552,0.3300,1686441599999,1686787199999,stop_loss,-3.1835,0.1000,-3.2835,-1.0836,1694.907552,1862.104896,1687046399999,0.020000
DOTUSDT,-1,4.519000,4.786897,0.1716,1686527999999,1686787199999,stop_loss,-5.9282,0.1000,-6.0282,-1.0346,4.786897,3.983206,1687132799999,0.620000
AAVEUSDT,1,52.790000,49.744304,0.3300,1686585599999,1686815999999,stop_loss,-5.7695,0.1000,-5.8695,-1.9369,49.744304,58.881393,1687190399999,0.060000
BTCUSDT,-1,24974.600000,25655.659870,0.3300,1686815999999,1686873599999,stop_loss,-2.7270,0.1000,-2.8270,-0.9329,25655.659870,23612.480261,1687420799999,0.820000
ETHUSDT,1,1665.640000,1773.478648,0.3300,1686873599999,1686988799999,take_profit,6.4743,0.1000,6.3743,2.1035,1611.720676,1773.478648,1687478399999,0.260000
DOTUSDT,1,4.371000,4.874911,0.1430,1686902399999,1687420799999,take_profit,11.5285,0.1000,11.4285,1.6347,4.119045,4.874911,1687507199999,0.280000
AAVEUSDT,1,49.990000,55.478258,0.3300,1686902399999,1687391999999,take_profit,10.9787,0.1000,10.8787,3.5900,47.245871,55.478258,1687507199999,0.380000
BTCUSDT,-1,26336.000000,27084.083641,0.3300,1686959999999,1687247999999,stop_loss,-2.8405,0.1000,-2.9405,-0.9704,27084.083641,24839.832717,1687564799999,0.400000
ETHUSDT,-1,1729.500000,1780.047121,0.3300,1687075199999,1687305599999,stop_loss,-2.9226,0.1000,-3.0226,-0.9975,1780.047121,1628.405758,1687679999999,0.020000
AAVEUSDT,-1,55.550000,57.856586,0.3300,1687478399999,1687593599999,stop_loss,-4.1523,0.1000,-4.2523,-1.4032,57.856586,50.936828,1688083199999,0.080000
DOTUSDT,-1,4.883000,5.121177,0.1882,1687507199999,1687564799999,stop_loss,-4.8777,0.1000,-4.9777,-0.9369,5.121177,4.406645,1688111999999,0.160000
ETHUSDT,1,1879.800000,1824.019599,0.3300,1687507199999,1687996799999,stop_loss,-2.9674,0.1000,-3.0674,-1.0122,1824.019599,1991.360801,1688111999999,0.020000
DOTUSDT,-1,5.007000,5.252034,0.1623,1687651199999,1688227199999,stop_loss,-4.8938,0.1000,-4.9938,-0.8106,5.252034,4.516932,1688255999999,0.320000
BTCUSDT,1,30458.000000,29568.478455,0.3300,1687737599999,1688140799999,stop_loss,-2.9205,0.1000,-3.0205,-0.9968,29568.478455,32237.043090,1688342399999,0.580000
AAVEUSDT,-1,61.200000,66.313928,0.3300,1688025599999,1688054399999,stop_loss,-8.3561,0.1000,-8.4561,-2.7905,66.313928,50.972144,1688630399999,0.400000
ETHUSDT,1,1851.190000,1957.194533,0.3300,1688083199999,1688342399999,take_profit,5.7263,0.1000,5.6263,1.8567,1798.187733,1957.194533,1688687999999,0.020000
AAVEUSDT,-1,67.950000,74.448959,0.3300,1688198399999,1688428799999,stop_loss,-9.5643,0.1000,-9.6643,-3.1892,74.448959,54.952081,1688803199999,0.760000
BTCUSDT,1,30561.500000,29681.429601,0.3300,1688227199999,1688716799999,stop_loss,-2.8797,0.1000,-2.9797,-0.9833,29681.429601,32321.640798,1688831999999,0.480000
DOTUSDT,-1,5.340000,5.088000,0.1399,1688313599999,1688918400000,timeout,4.7191,0.1000,4.6191,0.6463,5.649243,4.721513,1688918399999,0.480000
ETHUSDT,-1,1955.000000,1839.614714,0.3300,1688428799999,1688716799999,take_profit,5.9021,0.1000,5.8021,1.9147,2012.692643,1839.614714,1689033599999,0.040000
AAVEUSDT,-1,74.590000,75.610000,0.3300,1688601599999,1689206400000,timeout,-1.3675,0.1000,-1.4675,-0.4843,81.128387,61.513227,1689206399999,0.560000
BTCUSDT,-1,30174.800000,30933.308218,0.3300,1688803199999,1689033599999,stop_loss,-2.5137,0.1000,-2.6137,-0.8625,30933.308218,28657.783564,1689407999999,0.640000
ETHUSDT,1,1865.520000,1952.003295,0.3300,1688918399999,1689292799999,take_profit,4.6359,0.1000,4.5359,1.4968,1822.278352,1952.003295,1689523199999,0.020000
DOTUSDT,-1,5.107000,5.312246,0.1578,1689004799999,1689263999999,stop_loss,-4.0189,0.1000,-4.1189,-0.6499,5.312246,4.696508,1689609599999,0.180000
BTCUSDT,-1,30608.400000,31243.621965,0.3300,1689119999999,1689292799999,stop_loss,-2.0753,0.1000,-2.1753,-0.7179,31243.621965,29337.956070,1689724799999,0.200000
AAVEUSDT,-1,79.160000,83.363718,0.3300,1689292799999,1689350399999,stop_loss,-5.3104,0.1000,-5.4104,-1.7854,83.363718,70.752564,1689897599999,0.820000
DOTUSDT,-1,5.544000,5.415000,0.1398,1689407999999,1690012800000,timeout,2.3268,0.1000,2.2268,0.3114,5.834050,4.963901,1690012799999,0.180000
ETHUSDT,1,1940.770000,1885.031000,0.3300,1689407999999,1689638399999,stop_loss,-2.8720,0.1000,-2.9720,-0.9808,1885.031000,2052.248000,1690012799999,0.020000
BTCUSDT,-1,30317.600000,29932.900000,0.3300,1689407999999,1690012800000,timeout,1.2689,0.1000,1.1689,0.3857,31108.983711,28734.832578,1690012799999,0.780000
AAVEUSDT,-1,78.730000,73.010000,0.3300,1689436799999,1690041600000,timeout,7.2653,0.1000,7.1653,2.3646,84.381667,67.426666,1690041599999,0.600000
ETHUSDT,1,1896.460000,1851.020099,0.3300,1689724799999,1690070399999,stop_loss,-2.3960,0.1000,-2.4960,-0.8237,1851.020099,1987.339801,1690329599999,0.040000
DOTUSDT,-1,5.419000,5.232000,0.1484,1690099199999,1690704000000,timeout,3.4508,0.1000,3.3508,0.4974,5.691739,4.873522,1690703999999,0.340000
BTCUSDT,1,29900.900000,29413.806506,0.3300,1690099199999,1690214399999,stop_loss,-1.6290,0.1000,-1.7290,-0.5706,29413.806506,30875.086988,1690703999999,0.380000
AAVEUSDT,-1,72.300000,74.030000,0.3300,1690127999999,1690732800000,timeout,-2.3928,0.1000,-2.4928,-0.8226,75.569361,65.761277,1690732799999,0.140000
ETHUSDT,1,1874.170000,1836.360297,0.3300,1690185599999,1690214399999,stop_loss,-2.0174,0.1000,-2.1174,-0.6987,1836.360297,1949.789405,1690790399999,0.020000
ETHUSDT,1,1856.880000,1821.114671,0.3300,1690300799999,1690876799999,stop_loss,-1.9261,0.1000,-2.0261,-0.6686,1821.114671,1928.410658,1690905599999,0.060000
BTCUSDT,1,29167.000000,28653.368659,0.3300,1690300799999,1690905599999,stop_loss,-1.7610,0.1000,-1.8610,-0.6141,28653.368659,30194.262682,1690905599999,0.560000
AAVEUSDT,-1,68.470000,62.205111,0.3300,1690819199999,1690876799999,take_profit,9.1498,0.1000,9.0498,2.9864,71.602444,62.205111,1691423999999,0.360000
DOTUSDT,-1,5.204000,4.837928,0.1622,1690934399999,1691452799999,take_profit,7.0344,0.1000,6.9344,1.1246,5.387036,4.837928,1691539199999,0.460000
ETHUSDT,-1,1856.280000,1860.220000,0.3300,1690963199999,1691568000000,timeout,-0.2123,0.1000,-0.3123,-0.1030,1890.715834,1787.408333,1691567999999,0.380000
BTCUSDT,-1,29170.100000,29724.453289,0.3300,1691020799999,1691539199999,stop_loss,-1.9004,0.1000,-2.0004,-0.6601,29724.453289,28061.393422,1691625599999,0.240000
AAVEUSDT,1,63.530000,67.270000,0.3300,1691049599999,1691654400000,timeout,5.8870,0.1000,5.7870,1.9097,59.788548,71.012904,1691654399999,0.900000
DOTUSDT,-1,5.056000,4.752976,0.1933,1691539199999,1692143999999,take_profit,5.9933,0.1000,5.8933,1.1389,5.207512,4.752976,1692143999999,0.260000
BTCUSDT,1,29572.800000,29058.726383,0.3300,1691625599999,1692143999999,stop_loss,-1.7383,0.1000,-1.8383,-0.6066,29058.726383,30600.947235,1692230399999,0.160000
ETHUSDT,1,1850.420000,1823.855993,0.3300,1691654399999,1692143999999,stop_loss,-1.4356,0.1000,-1.5356,-0.5067,1823.855993,1903.548015,1692259199999,0.440000
AAVEUSDT,1,66.260000,63.911489,0.3300,1691740799999,1692143999999,stop_loss,-3.5444,0.1000,-3.6444,-1.2026,63.911489,70.957023,1692345599999,0.060000
DOTUSDT,-1,4.529000,4.497000,0.2247,1692460799999,1693065600000,timeout,0.7066,0.1000,0.6066,0.1363,4.767345,4.052309,1693065599999,0.260000
AAVEUSDT,-1,56.820000,56.830000,0.3300,1692604799999,1693209600000,timeout,-0.0176,0.1000,-0.1176,-0.0388,59.122089,52.215822,1693209599999,0.120000
ETHUSDT,1,1656.530000,1702.880000,0.3300,1692806399999,1693411200000,timeout,2.7980,0.1000,2.6980,0.8903,1608.598290,1752.393420,1693411199999,0.380000
BTCUSDT,-1,26460.700000,27057.623184,0.3300,1692863999999,1693324799999,stop_loss,-2.2559,0.1000,-2.3559,-0.7774,27057.623184,25266.853633,1693468799999,0.160000
DOTUSDT,1,4.502000,4.749951,0.2285,1693151999999,1693324799999,take_profit,5.5076,0.1000,5.4076,1.2356,4.378025,4.749951,1693756799999,0.500000
AAVEUSDT,1,57.270000,55.317421,0.3300,1693295999999,1693526399999,stop_loss,-3.4094,0.1000,-3.5094,-1.1581,55.317421,61.175157,1693900799999,0.960000
DOTUSDT,1,4.544000,4.370800,0.2626,1693411199999,1693497599999,stop_loss,-3.8116,0.1000,-3.9116,-1.0274,4.370800,4.890401,1694015999999,0.460000
BTCUSDT,1,27290.400000,26639.970941,0.3300,1693439999999,1693526399999,stop_loss,-2.3834,0.1000,-2.4834,-0.8195,26639.970941,28591.258118,1694044799999,0.220000
ETHUSDT,-1,1688.100000,1602.449579,0.3300,1693497599999,1693612799999,take_profit,5.0738,0.1000,4.9738,1.6413,1730.925210,1602.449579,1694102399999,0.100000
AAVEUSDT,-1,54.490000,56.555952,0.3300,1693612799999,1694159999999,stop_loss,-3.7914,0.1000,-3.8914,-1.2842,56.555952,50.358096,1694217599999,0.220000
DOTUSDT,1,4.228000,4.267000,0.2343,1693641599999,1694246400000,timeout,0.9224,0.1000,0.8224,0.1927,4.062278,4.559444,1694246399999,0.360000
BTCUSDT,1,25783.900000,25871.000000,0.3300,1693641599999,1694246400000,timeout,0.3378,0.1000,0.2378,0.0785,25074.134259,27203.431482,1694246399999,0.400000
ETHUSDT,-1,1636.240000,1674.672195,0.3300,1693699199999,1694044799999,stop_loss,-2.3488,0.1000,-2.4488,-0.8081,1674.672195,1559.375611,1694303999999,0.020000
ETHUSDT,-1,1633.730000,1570.748177,0.3300,1694246399999,1694447999999,take_profit,3.8551,0.1000,3.7551,1.2392,1665.220911,1570.748177,1694851199999,0.020000
AAVEUSDT,-1,56.450000,53.418429,0.3300,1694246399999,1694419199999,take_profit,5.3704,0.1000,5.2704,1.7392,57.965785,53.418429,1694851199999,0.120000
BTCUSDT,1,25843.000000,25429.570126,0.3300,1694332799999,1694447999999,stop_loss,-1.5998,0.1000,-1.6998,-0.5609,25429.570126,26669.859749,1694937599999,0.940000
DOTUSDT,-1,4.145000,4.067000,0.2396,1694390399999,1694995200000,timeout,1.8818,0.1000,1.7818,0.4269,4.269025,3.896950,1694995199999,0.220000
AAVEUSDT,1,52.820000,56.473651,0.3300,1694505599999,1694851199999,take_profit,6.9172,0.1000,6.8172,2.2497,50.993175,56.473651,1695110399999,0.100000
BTCUSDT,-1,26209.900000,26858.076325,0.3309,1694649599999,1694735999999,stop_loss,-2.4730,0.1000,-2.5730,-0.8513,26858.076325,24913.547350,1695254399999,0.500000
ETHUSDT,-1,1634.020000,1583.000000,0.3300,1694707199999,1695312000000,timeout,3.1224,0.1000,3.0224,0.9974,1677.299409,1547.461182,1695311999999,0.020000
BTCUSDT,-1,26591.100000,27241.449054,0.3361,1694822399999,1695052799999,stop_loss,-2.4457,0.1000,-2.5457,-0.8556,27241.449054,25290.401891,1695427199999,0.460000
AAVEUSDT,1,59.330000,64.936527,0.3300,1694995199999,1695254399999,take_profit,9.4497,0.1000,9.3497,3.0854,56.526737,64.936527,1695599999999,0.700000
DOTUSDT,-1,4.103000,4.065000,0.2514,1695081599999,1695686400000,timeout,0.9262,0.1000,0.8262,0.2077,4.257291,3.794417,1695686399999,0.220000
BTCUSDT,-1,27196.000000,25990.894512,0.3300,1695167999999,1695628799999,take_profit,4.4312,0.1000,4.3312,1.4293,27798.552744,25990.894512,1695772799999,0.740000
AAVEUSDT,1,62.460000,65.670000,0.3300,1695340799999,1695945600000,timeout,5.1393,0.1000,5.0393,1.6630,59.471853,68.436293,1695945599999,0.940000
ETHUSDT,1,1592.650000,1661.002056,0.3300,1695398399999,1695945599999,take_profit,4.2917,0.1000,4.1917,1.3833,1558.473972,1661.002056,1696003199999,0.020000
BTCUSDT,-1,26256.300000,26658.756404,0.3300,1695715199999,1695830399999,stop_loss,-1.5328,0.1000,-1.6328,-0.5388,26658.756404,25451.387192,1696319999999,0.340000
DOTUSDT,-1,4.010000,4.117471,0.2571,1695772799999,1695974399999,stop_loss,-2.6801,0.1000,-2.7801,-0.7148,4.117471,3.795058,1696377599999,0.660000
BTCUSDT,-1,27168.000000,27670.684456,0.3300,1695974399999,1696204799999,stop_loss,-1.8503,0.1000,-1.9503,-0.6436,27670.684456,26162.631089,1696579199999,0.280000
ETHUSDT,1,1666.610000,1735.954934,0.3300,1696031999999,1696204799999,take_profit,4.1608,0.1000,4.0608,1.3401,1631.937533,1735.954934,1696636799999,0.400000
AAVEUSDT,1,66.040000,71.154918,0.3300,1696031999999,1696204799999,take_profit,7.7452,0.1000,7.6452,2.5229,63.482541,71.154918,1696636799999,0.460000
DOTUSDT,-1,4.074000,4.170560,0.2374,1696060799999,1696175999999,stop_loss,-2.3701,0.1000,-2.4701,-0.5863,4.170560,3.880881,1696665599999,0.700000
DOTUSDT,-1,4.163000,3.918259,0.2212,1696262399999,1696867199999,take_profit,5.8790,0.1000,5.7790,1.2780,4.285371,3.918259,1696867199999,0.720000
AAVEUSDT,1,69.150000,66.142080,0.3300,1696291199999,1696348799999,stop_loss,-4.3498,0.1000,-4.4498,-1.4685,66.142080,75.165841,1696895999999,0.160000
ETHUSDT,-1,1661.640000,1565.899526,0.3300,1696319999999,1696895999999,take_profit,5.7618,0.1000,5.6618,1.8684,1709.510237,1565.899526,1696924799999,0.360000
BTCUSDT,-1,27528.100000,28179.800465,0.3300,1696319999999,1696636799999,stop_loss,-2.3674,0.1000,-2.4674,-0.8142,28179.800465,26224.699070,1696924799999,0.920000
AAVEUSDT,1,64.410000,70.541438,0.3300,1696435199999,1696492799999,take_profit,9.5194,0.1000,9.4194,3.1084,61.344281,70.541438,1697039999999,0.040000
AAVEUSDT,1,67.810000,64.176360,0.3300,1696579199999,1696867199999,stop_loss,-5.3586,0.1000,-5.4586,-1.8013,64.176360,75.077280,1697183999999,0.540000
BTCUSDT,-1,27943.000000,26811.307443,0.3300,1696723199999,1697039999999,take_profit,4.0500,0.1000,3.9500,1.3035,28508.846278,26811.307443,1697327999999,0.900000
AAVEUSDT,1,63.920000,61.188590,0.3300,1696953599999,1697558399999,stop_loss,-4.2732,0.1000,-4.3732,-1.4431,61.188590,69.382820,1697558399999,0.020000
ETHUSDT,1,1566.890000,1529.064696,0.3300,1696982399999,1697155199999,stop_loss,-2.4140,0.1000,-2.5140,-0.8296,1529.064696,1642.540608,1697587199999,0.240000
BTCUSDT,1,26665.400000,27694.738535,0.3300,1697126399999,1697443199999,take_profit,3.8602,0.1000,3.7602,1.2409,26150.730733,27694.738535,1697731199999,0.040000
DOTUSDT,1,3.718000,3.592167,0.2565,1697241599999,1697702399999,stop_loss,-3.3844,0.1000,-3.4844,-0.8937,3.592167,3.969667,1697846399999,0.380000
ETHUSDT,1,1551.550000,1624.603343,0.3300,1697241599999,1697471999999,take_profit,4.7084,0.1000,4.6084,1.5208,1515.023328,1624.603343,1697846399999,0.520000
ETHUSDT,1,1574.670000,1651.399282,0.3300,1697558399999,1698019199999,take_profit,4.8727,0.1000,4.7727,1.5750,1536.305359,1651.399282,1698163199999,0.340000
AAVEUSDT,-1,62.100000,64.347504,0.3300,1697644799999,1697731199999,stop_loss,-3.6192,0.1000,-3.7192,-1.2273,64.347504,57.604992,1698249599999,0.220000
BTCUSDT,1,28307.100000,29904.073066,0.3300,1697673599999,1697817599999,take_profit,5.6416,0.1000,5.5416,1.8287,27508.613467,29904.073066,1698278399999,0.020000
DOTUSDT,-1,3.722000,3.849012,0.2318,1697788799999,1697903999999,stop_loss,-3.4125,0.1000,-3.5125,-0.8141,3.849012,3.467976,1698393599999,0.340000
DOTUSDT,1,3.965000,4.292883,0.2093,1698019199999,1698105599999,take_profit,8.2694,0.1000,8.1694,1.7097,3.801058,4.292883,1698623999999,0.140000
DOTUSDT,1,4.177000,4.368000,0.2565,1698220799999,1698825600000,timeout,4.5727,0.1000,4.4727,1.1474,3.926375,4.678249,1698825599999,0.020000
AAVEUSDT,1,83.530000,76.965819,0.3300,1698307199999,1698335999999,stop_loss,-7.8585,0.1000,-7.9585,-2.6263,76.965819,96.658363,1698911999999,0.220000
ETHUSDT,-1,1778.040000,1858.868489,0.3300,1698335999999,1698883199999,stop_loss,-4.5459,0.1000,-4.6459,-1.5332,1858.868489,1616.383021,1698940799999,0.860000
AAVEUSDT,1,78.070000,90.543182,0.3300,1698422399999,1698883199999,take_profit,15.9769,0.1000,15.8769,5.2394,71.833409,90.543182,1699027199999,0.560000
BTCUSDT,1,34151.900000,34947.300000,0.3300,1698739199999,1699344000000,timeout,2.3290,0.1000,2.2290,0.7356,33223.788389,36008.123223,1699343999999,0.900000
DOTUSDT,1,4.591000,5.216576,0.2882,1698940799999,1699545599999,take_profit,13.6261,0.1000,13.5261,3.8988,4.278212,5.216576,1699545599999,0.080000
ETHUSDT,-1,1800.680000,1859.392436,0.3300,1698969599999,1699142399999,stop_loss,-3.2606,0.1000,-3.3606,-1.1090,1859.392436,1683.255128,1699574399999,0.020000
AAVEUSDT,1,90.990000,104.912119,0.3300,1698998399999,1699516799999,take_profit,15.3007,0.1000,15.2007,5.0162,84.028940,104.912119,1699603199999,0.660000
ETHUSDT,1,1892.490000,2006.184900,0.3300,1699228799999,1699545599999,take_profit,6.0077,0.1000,5.9077,1.9495,1835.642550,2006.184900,1699833599999,0.020000
BTCUSDT,-1,35239.600000,36108.948682,0.3300,1699430399999,1699487999999,stop_loss,-2.4670,0.1000,-2.5670,-0.8471,36108.948682,33500.902636,1700035199999,0.180000
BTCUSDT,1,36480.200000,35224.169488,0.3300,1699603199999,1700006399999,stop_loss,-3.4430,0.1000,-3.5430,-1.1692,35224.169488,38992.261025,1700207999999,0.040000
AAVEUSDT,1,97.830000,89.680221,0.3300,1699603199999,1700006399999,stop_loss,-8.3306,0.1000,-8.4306,-2.7821,89.680221,114.129558,1700207999999,0.580000
DOTUSDT,-1,5.033000,5.428947,0.3300,1699631999999,1699718399999,stop_loss,-7.8670,0.1000,-7.9670,-2.6291,5.428947,4.241106,1700236799999,0.020000
ETHUSDT,1,2056.580000,1977.595110,0.3300,1699689599999,1700006399999,stop_loss,-3.8406,0.1000,-3.9406,-1.3004,1977.595110,2214.549780,1700294399999,0.100000
DOTUSDT,-1,5.593000,5.440000,0.3233,1699891199999,1700496000000,timeout,2.7356,0.1000,2.6356,0.8522,6.045303,4.688395,1700495999999,0.560000
BTCUSDT,-1,37460.700000,37378.500000,0.3300,1700121599999,1700726400000,timeout,0.2194,0.1000,0.1194,0.0394,38665.398771,35051.302457,1700726399999,0.200000
AAVEUSDT,-1,97.560000,83.682172,0.3300,1700121599999,1700294399999,take_profit,14.2249,0.1000,14.1249,4.6612,104.498914,83.682172,1700726399999,0.200000
ETHUSDT,-1,1996.430000,2082.153622,0.3300,1700150399999,1700697599999,stop_loss,-4.2938,0.1000,-4.3938,-1.4500,2082.153622,1824.982755,1700755199999,0.040000
AAVEUSDT,1,88.720000,101.753024,0.3300,1700380799999,1700927999999,take_profit,14.6901,0.1000,14.5901,4.8147,82.203488,101.753024,1700985599999,0.460000
DOTUSDT,1,5.052000,5.280000,0.3300,1700639999999,1701244800000,timeout,4.5131,0.1000,4.4131,1.4563,4.656910,5.842180,1701244799999,0.020000
BTCUSDT,-1,37531.100000,38234.900000,0.3300,1700812799999,1701417600000,timeout,-1.8752,0.1000,-1.9752,-0.6518,38627.326302,35338.647395,1701417599999,0.140000
AAVEUSDT,1,98.620000,93.293933,0.3300,1701014399999,1701187199999,stop_loss,-5.4006,0.1000,-5.5006,-1.8152,93.293933,109.272133,1701619199999,0.280000
ETHUSDT,-1,2045.100000,2106.271300,0.3300,1701071999999,1701417599999,stop_loss,-2.9911,0.1000,-3.0911,-1.0201,2106.271300,1922.757400,1701676799999,0.200000
AAVEUSDT,1,96.690000,97.660000,0.3300,1701273599999,1701878400000,timeout,1.0032,0.1000,0.9032,0.2981,91.649603,106.770794,1701878399999,0.440000
DOTUSDT,-1,5.172000,5.407032,0.3300,1701331199999,1701359999999,stop_loss,-4.5443,0.1000,-4.6443,-1.5326,5.407032,4.701935,1701935999999,0.120000
DOTUSDT,1,5.427000,5.952558,0.3300,1701446399999,1701849599999,take_profit,9.6841,0.1000,9.5841,3.1628,5.164221,5.952558,1702051199999,0.580000
ETHUSDT,-1,2095.650000,2150.343331,0.3300,1701503999999,1701561599999,stop_loss,-2.6099,0.1000,-2.7099,-0.8943,2150.343331,1986.263338,1702108799999,0.560000
BTCUSDT,-1,38683.900000,39491.505837,0.3300,1701503999999,1701561599999,stop_loss,-2.0877,0.1000,-2.1877,-0.7219,39491.505837,37068.688326,1702108799999,0.020000
ETHUSDT,-1,2212.520000,2281.289393,0.3300,1701705599999,1701820799999,stop_loss,-3.1082,0.1000,-3.2082,-1.0587,2281.289393,2074.981214,1702310399999,0.720000
ETHUSDT,-1,2233.290000,2312.284764,0.3300,1701907199999,1701964799999,stop_loss,-3.5371,0.1000,-3.6371,-1.2003,2312.284764,2075.300472,1702511999999,0.660000
AAVEUSDT,1,98.380000,93.426769,0.3300,1701964799999,1702281599999,stop_loss,-5.0348,0.1000,-5.1348,-1.6945,93.426769,108.286462,1702569599999,0.020000
BTCUSDT,1,43184.500000,41992.797042,0.3300,1702022399999,1702281599999,stop_loss,-2.7596,0.1000,-2.8596,-0.9437,41992.797042,45567.905915,1702627199999,0.680000
ETHUSDT,-1,2347.440000,2182.249025,0.3300,1702051199999,1702281599999,take_profit,7.0371,0.1000,6.9371,2.2892,2430.035487,2182.249025,1702655999999,0.220000
ETHUSDT,-1,2233.920000,2324.577129,0.3300,1702367999999,1702598399999,stop_loss,-4.0582,0.1000,-4.1582,-1.3722,2324.577129,2052.605742,1702972799999,0.300000
AAVEUSDT,1,92.760000,104.272901,0.3300,1702367999999,1702598399999,take_profit,12.4115,0.1000,12.3115,4.0628,87.003549,104.272901,1702972799999,0.700000
BTCUSDT,-1,41376.600000,42811.363050,0.3300,1702396799999,1702511999999,stop_loss,-3.4676,0.1000,-3.5676,-1.1773,42811.363050,38507.073900,1703001599999,0.100000
DOTUSDT,-1,7.135000,6.707000,0.3300,1702425599999,1703030400000,timeout,5.9986,0.1000,5.8986,1.9465,7.789017,5.826965,1703030399999,0.980000
BTCUSDT,-1,43032.400000,43896.400000,0.3300,1702598399999,1703203200000,timeout,-2.0078,0.1000,-2.1078,-0.6956,44628.331041,39840.537918,1703203199999,0.040000
ETHUSDT,-1,2221.710000,2313.158546,0.3300,1702684799999,1703260799999,stop_loss,-4.1161,0.1000,-4.2161,-1.3913,2313.158546,2038.812908,1703289599999,0.400000
AAVEUSDT,1,104.840000,97.617622,0.3300,1702771199999,1702886399999,stop_loss,-6.8890,0.1000,-6.9890,-2.3064,97.617622,119.284757,1703375999999,0.380000
AAVEUSDT,1,106.000000,98.444428,0.3300,1702972799999,1703231999999,stop_loss,-7.1279,0.1000,-7.2279,-2.3852,98.444428,121.111145,1703577599999,0.580000
DOTUSDT,1,6.959000,8.020738,0.3300,1703116799999,1703203199999,take_profit,15.2570,0.1000,15.1570,5.0018,6.428131,8.020738,1703721599999,0.520000
BTCUSDT,-1,43999.200000,41438.816339,0.3300,1703289599999,1703894399999,take_profit,5.8192,0.1000,5.7192,1.8873,45279.391830,41438.816339,1703894399999,0.060000
AAVEUSDT,1,96.270000,108.359389,0.3300,1703318399999,1703606399999,take_profit,12.5578,0.1000,12.4578,4.1111,90.225305,108.359389,1703923199999,0.160000
ETHUSDT,1,2287.090000,2204.556264,0.3300,1703347199999,1703635199999,stop_loss,-3.6087,0.1000,-3.7087,-1.2239,2204.556264,2452.157473,1703951999999,0.260000
DOTUSDT,-1,8.682000,8.454000,0.3300,1703663999999,1704268800000,timeout,2.6261,0.1000,2.5261,0.8336,9.546803,6.952395,1704268799999,0.400000
ETHUSDT,-1,2380.310000,2220.509137,0.3300,1703721599999,1704297599999,take_profit,6.7134,0.1000,6.6134,2.1824,2460.210431,2220.509137,1704326399999,0.480000
AAVEUSDT,1,112.530000,101.454878,0.3300,1703894399999,1704297599999,stop_loss,-9.8419,0.1000,-9.9419,-3.2808,101.454878,134.680243,1704499199999,0.220000
BTCUSDT,-1,42174.200000,43281.004102,0.3300,1703980799999,1704153599999,stop_loss,-2.6244,0.1000,-2.7244,-0.8990,43281.004102,39960.591795,1704585599999,0.200000
BTCUSDT,-1,44979.800000,42447.944898,0.3300,1704239999999,1704297599999,take_profit,5.6289,0.1000,5.5289,1.8245,46245.727551,42447.944898,1704844799999,0.420000
ETHUSDT,-1,2277.860000,2382.658172,0.3300,1704383999999,1704873599999,stop_loss,-4.6007,0.1000,-4.7007,-1.5512,2382.658172,2068.263655,1704988799999,0.020000
AAVEUSDT,1,105.120000,95.449633,0.3300,1704383999999,1704671999999,stop_loss,-9.1994,0.1000,-9.2994,-3.0688,95.449633,124.460734,1704988799999,0.140000
BTCUSDT,1,44143.800000,42327.534426,0.3300,1704412799999,1704441599999,stop_loss,-4.1144,0.1000,-4.2144,-1.3908,42327.534426,47776.331147,1705017599999,0.060000
BTCUSDT,1,43645.300000,47364.637009,0.3300,1704527999999,1704844799999,take_profit,8.5217,0.1000,8.4217,2.7792,41785.631496,47364.637009,1705132799999,0.080000
DOTUSDT,-1,7.134000,7.835617,0.3300,1704585599999,1704931199999,stop_loss,-9.8348,0.1000,-9.9348,-3.2785,7.835617,5.730767,1705190399999,0.600000
AAVEUSDT,1,99.010000,113.750458,0.3300,1704758399999,1704988799999,take_profit,14.8878,0.1000,14.7878,4.8800,91.639771,113.750458,1705363199999,0.760000
AAVEUSDT,-1,109.010000,95.000000,0.3300,1705075199999,1705680000000,timeout,12.8520,0.1000,12.7520,4.2082,117.022492,92.985017,1705679999999,0.120000
ETHUSDT,-1,2564.290000,2464.340000,0.3300,1705161599999,1705766400000,timeout,3.8978,0.1000,3.7978,1.2533,2698.642001,2295.585997,1705766399999,0.060000
DOTUSDT,1,7.611000,6.982733,0.3300,1705219199999,1705622399999,stop_loss,-8.2547,0.1000,-8.3547,-2.7571,6.982733,8.867533,1705823999999,0.800000
BTCUSDT,-1,42788.100000,39411.253008,0.3300,1705391999999,1705967999999,take_profit,7.8920,0.1000,7.7920,2.5714,44476.523496,39411.253008,1705996799999,0.160000
DOTUSDT,1,6.890000,6.398701,0.3300,1705708799999,1705967999999,stop_loss,-7.1306,0.1000,-7.2306,-2.3861,6.398701,7.872599,1706313599999,0.400000
AAVEUSDT,1,96.660000,91.321497,0.3300,1705766399999,1705967999999,stop_loss,-5.5230,0.1000,-5.6230,-1.8556,91.321497,107.337005,1706371199999,0.400000
ETHUSDT,1,2468.000000,2403.279490,0.3300,1705852799999,1705910399999,stop_loss,-2.6224,0.1000,-2.7224,-0.8984,2403.279490,2597.441021,1706457599999,0.100000
BTCUSDT,1,39890.000000,42420.522509,0.3300,1706054399999,1706428799999,take_profit,6.3438,0.1000,6.2438,2.0604,38624.738745,42420.522509,1706659199999,0.080000
AAVEUSDT,1,89.570000,92.970000,0.3300,1706054399999,1706659200000,timeout,3.7959,0.1000,3.6959,1.2197,84.462480,99.785041,1706659199999,0.240000
ETHUSDT,1,2269.160000,2300.880000,0.3300,1706457599999,1707062400000,timeout,1.3979,0.1000,1.2979,0.4283,2202.385697,2402.708607,1707062399999,0.020000
BTCUSDT,-1,42040.000000,43083.462661,0.3300,1706515199999,1706572799999,stop_loss,-2.4821,0.1000,-2.5821,-0.8521,43083.462661,39953.074679,1707119999999,0.320000
BTCUSDT,-1,42918.300000,43079.100000,0.3300,1706659199999,1707264000000,timeout,-0.3747,0.1000,-0.4747,-0.1566,44041.189887,40672.520227,1707263999999,0.180000
AAVEUSDT,1,85.820000,81.845862,0.3300,1706745599999,1707119999999,stop_loss,-4.6308,0.1000,-4.7308,-1.5612,81.845862,93.768275,1707350399999,0.820000
DOTUSDT,1,6.651000,6.949000,0.2907,1706774399999,1707379200000,timeout,4.4805,0.1000,4.3805,1.2735,6.278156,7.396688,1707379199999,0.420000
ETHUSDT,-1,2297.210000,2354.321532,0.3300,1707148799999,1707263999999,stop_loss,-2.4861,0.1000,-2.5861,-0.8534,2354.321532,2182.986935,1707753599999,0.020000
AAVEUSDT,1,83.770000,90.120943,0.3300,1707206399999,1707782399999,take_profit,7.5814,0.1000,7.4814,2.4689,80.594529,90.120943,1707811199999,0.160000
BTCUSDT,-1,44500.800000,45461.722799,0.3300,1707379199999,1707436799999,stop_loss,-2.1593,0.1000,-2.2593,-0.7456,45461.722799,42578.954402,1707983999999,0.780000
ETHUSDT,-1,2418.760000,2479.584297,0.3300,1707436799999,1707494399999,stop_loss,-2.5147,0.1000,-2.6147,-0.8628,2479.584297,2297.111406,1708041599999,0.200000
DOTUSDT,-1,7.095000,7.390296,0.3259,1707465599999,1707811199999,stop_loss,-4.1620,0.1000,-4.2620,-1.3890,7.390296,6.504408,1708070399999,0.100000
BTCUSDT,-1,47332.000000,48474.410306,0.3300,1707580799999,1707638399999,stop_loss,-2.4136,0.1000,-2.5136,-0.8295,48474.410306,45047.179387,1708185599999,0.620000
ETHUSDT,-1,2507.640000,2568.375142,0.3300,1707667199999,1707782399999,stop_loss,-2.4220,0.1000,-2.5220,-0.8323,2568.375142,2386.169715,1708271999999,0.580000
BTCUSDT,-1,48753.100000,50224.431530,0.3300,1707839999999,1707926399999,stop_loss,-3.0179,0.1000,-3.1179,-1.0289,50224.431530,45810.436940,1708444799999,0.720000
AAVEUSDT,-1,89.630000,93.054435,0.3300,1707868799999,1708012799999,stop_loss,-3.8206,0.1000,-3.9206,-1.2938,93.054435,82.781129,1708473599999,0.440000
DOTUSDT,-1,7.597000,7.966148,0.2875,1707897599999,1708387199999,stop_loss,-4.8591,0.1000,-4.9591,-1.4258,7.966148,6.858705,1708502399999,0.180000
AAVEUSDT,-1,91.960000,95.636352,0.3300,1708099199999,1708329599999,stop_loss,-3.9978,0.1000,-4.0978,-1.3523,95.636352,84.607296,1708703999999,0.080000
ETHUSDT,-1,2756.350000,2851.301081,0.3300,1708185599999,1708300799999,stop_loss,-3.4448,0.1000,-3.5448,-1.1698,2851.301081,2566.447839,1708790399999,0.420000
BTCUSDT,-1,51813.800000,53027.546101,0.3300,1708387199999,1708444799999,stop_loss,-2.3425,0.1000,-2.4425,-0.8060,53027.546101,49386.307797,1708991999999,0.440000
AAVEUSDT,-1,96.070000,88.423955,0.3300,1708415999999,1708559999999,take_profit,7.9588,0.1000,7.8588,2.5934,99.893022,88.423955,1709020799999,0.160000
DOTUSDT,1,7.735000,8.377000,0.2481,1708473599999,1709078400000,timeout,8.2999,0.1000,8.1999,2.0345,7.226711,8.751578,1709078399999,0.400000
ETHUSDT,1,2941.890000,3176.859442,0.3300,1708502399999,1708991999999,take_profit,7.9870,0.1000,7.8870,2.6027,2824.405279,3176.859442,1709107199999,0.380000
BTCUSDT,1,51877.800000,54889.782631,0.3300,1708559999999,1708991999999,take_profit,5.8059,0.1000,5.7059,1.8830,50371.808685,54889.782631,1709164799999,0.280000
AAVEUSDT,-1,92.010000,96.706336,0.3300,1708646399999,1708703999999,stop_loss,-5.1042,0.1000,-5.2042,-1.7174,96.706336,82.617328,1709251199999,0.200000
AAVEUSDT,-1,99.520000,106.356956,0.3300,1708847999999,1709107199999,stop_loss,-6.8699,0.1000,-6.9699,-2.3001,106.356956,85.846089,1709452799999,0.480000
AAVEUSDT,-1,112.370000,119.965068,0.3300,1709222399999,1709625599999,stop_loss,-6.7590,0.1000,-6.8590,-2.2635,119.965068,97.179865,1709827199999,0.220000
DOTUSDT,-1,8.305000,8.924101,0.3043,1709308799999,1709366399999,stop_loss,-7.4546,0.1000,-7.5546,-2.2991,8.924101,7.066798,1709913599999,0.120000
DOTUSDT,-1,10.415000,11.554275,0.2408,1709855999999,1710431999999,stop_loss,-10.9388,0.1000,-11.0388,-2.6581,11.554275,8.136450,1710460799999,0.640000
AAVEUSDT,-1,131.480000,141.817245,0.3300,1710028799999,1710316799999,stop_loss,-7.8622,0.1000,-7.9622,-2.6275,141.817245,110.805511,1710633599999,0.260000
AAVEUSDT,-1,140.490000,117.390425,0.3300,1710403199999,1710633599999,take_profit,16.4421,0.1000,16.3421,5.3929,152.039788,117.390425,1711007999999,0.380000
DOTUSDT,1,10.365000,9.223622,0.1673,1710748799999,1710835199999,stop_loss,-11.0118,0.1000,-11.1118,-1.8594,9.223622,12.647756,1711353599999,0.380000
AAVEUSDT,1,127.240000,115.229153,0.3300,1710748799999,1710835199999,stop_loss,-9.4395,0.1000,-9.5395,-3.1480,115.229153,151.261693,1711353599999,0.220000
AAVEUSDT,1,112.880000,128.180000,0.3300,1710921599999,1711526400000,timeout,13.5542,0.1000,13.4542,4.4399,100.233665,138.172670,1711526399999,0.540000
AAVEUSDT,1,126.400000,118.604033,0.3300,1711612799999,1712044799999,stop_loss,-6.1677,0.1000,-6.2677,-2.0683,118.604033,141.991934,1712217599999,0.580000
DOTUSDT,-1,9.602000,8.340287,0.1159,1711641599999,1712131199999,take_profit,13.1401,0.1000,13.0401,1.5119,10.232856,8.340287,1712246399999,0.860000
ETHUSDT,1,3512.460000,3369.759229,1.0000,1711756799999,1712044799999,stop_loss,-4.0627,0.1000,-4.1627,-4.1627,3369.759229,3797.861541,1712361599999,0.120000
BTCUSDT,1,69637.000000,67589.198656,1.0000,1711958399999,1712044799999,stop_loss,-2.9407,0.1000,-3.0407,-3.0407,67589.198656,73732.602688,1712563199999,0.020000
ETHUSDT,-1,3307.190000,3464.545179,1.0000,1712131199999,1712563199999,stop_loss,-4.7580,0.1000,-4.8580,-4.8580,3464.545179,2992.479642,1712735999999,0.340000
AAVEUSDT,1,117.770000,109.450376,0.3300,1712131199999,1712332799999,stop_loss,-7.0643,0.1000,-7.1643,-2.3642,109.450376,134.409248,1712735999999,0.500000
DOTUSDT,1,8.618000,8.293000,0.1577,1712246399999,1712851200000,timeout,-3.7712,0.1000,-3.8712,-0.6106,8.069129,9.715743,1712851199999,0.240000
AAVEUSDT,1,115.540000,128.298820,0.3300,1712419199999,1712620799999,take_profit,11.0428,0.1000,10.9428,3.6111,109.160590,128.298820,1713023999999,0.440000
ETHUSDT,-1,3644.110000,3364.933114,1.0000,1712649599999,1712966399999,take_profit,7.6610,0.1000,7.5610,7.5610,3783.698443,3364.933114,1713254399999,0.740000
BTCUSDT,-1,70444.000000,66000.595373,1.0000,1712649599999,1712966399999,take_profit,6.3077,0.1000,6.2077,6.2077,72665.702314,66000.595373,1713254399999,0.100000
AAVEUSDT,-1,126.590000,132.904244,0.3300,1712707199999,1712822399999,stop_loss,-4.9879,0.1000,-5.0879,-1.6790,132.904244,113.961512,1713311999999,0.280000
AAVEUSDT,1,118.050000,110.606617,0.3300,1712908799999,1712966399999,stop_loss,-6.3053,0.1000,-6.4053,-2.1137,110.606617,132.936765,1713513599999,0.580000
DOTUSDT,1,8.136000,7.663195,0.1409,1712937599999,1712966399999,stop_loss,-5.8113,0.1000,-5.9113,-0.8326,7.663195,9.081610,1713542399999,0.460000
DOTUSDT,1,6.644000,7.417000,0.1178,1713340799999,1713945600000,timeout,11.6346,0.1000,11.5346,1.3593,5.865566,8.200868,1713945599999,0.620000
AAVEUSDT,1,81.810000,92.350000,0.3300,1713369599999,1713974400000,timeout,12.8835,0.1000,12.7835,4.2186,71.937616,101.554768,1713974399999,0.820000
ETHUSDT,-1,3198.660000,3337.804476,1.0000,1713830399999,1714291199999,stop_loss,-4.3501,0.1000,-4.4501,-4.4501,3337.804476,2920.371048,1714435199999,0.240000
DOTUSDT,-1,6.881000,6.870000,0.1554,1714031999999,1714636800000,timeout,0.1599,0.1000,0.0599,0.0093,7.385523,5.871953,1714636799999,0.300000
AAVEUSDT,1,91.080000,85.441329,0.3300,1714060799999,1714492799999,stop_loss,-6.1909,0.1000,-6.2909,-2.0760,85.441329,102.357342,1714665599999,0.300000
BTCUSDT,-1,64478.800000,60080.520411,1.0000,1714089599999,1714521599999,take_profit,6.8213,0.1000,6.7213,6.7213,66677.939794,60080.520411,1714694399999,0.140000
ETHUSDT,-1,3186.930000,2931.175415,1.0000,1714377599999,1714521599999,take_profit,8.0251,0.1000,7.9251,7.9251,3314.807292,2931.175415,1714982399999,0.100000
AAVEUSDT,1,83.590000,86.090000,0.3300,1714607999999,1715212800000,timeout,2.9908,0.1000,2.8908,0.9540,78.265573,94.238854,1715212799999,0.180000
ETHUSDT,-1,2919.880000,3077.747862,0.3300,1714636799999,1714751999999,stop_loss,-5.4067,0.1000,-5.5067,-1.8172,3077.747862,2604.144276,1715241599999,0.720000
DOTUSDT,-1,7.136000,6.761000,0.1557,1714809599999,1715414400000,timeout,5.2550,0.1000,5.1550,0.8025,7.620468,6.167065,1715414399999,0.780000
ETHUSDT,-1,3125.230000,2924.500000,0.3300,1714838399999,1715443200000,timeout,6.4229,0.1000,6.3229,2.0866,3258.559208,2858.571584,1715443199999,0.600000
BTCUSDT,-1,63142.800000,62912.200000,1.0000,1715039999999,1715644800000,timeout,0.3652,0.1000,0.2652,0.2652,65383.534012,58661.331976,1715644799999,0.900000
AAVEUSDT,-1,89.870000,81.474473,0.3300,1715299199999,1715587199999,take_profit,9.3419,0.1000,9.2419,3.0498,94.067763,81.474473,1715903999999,0.060000
DOTUSDT,1,6.648000,7.292995,0.1778,1715500799999,1715932799999,take_profit,9.7021,0.1000,9.6021,1.7077,6.325502,7.292995,1716105599999,0.380000
ETHUSDT,-1,2936.820000,3027.556957,0.3300,1715529599999,1715817599999,stop_loss,-3.0896,0.1000,-3.1896,-1.0526,3027.556957,2755.346086,1716134399999,0.520000
AAVEUSDT,-1,81.940000,85.673745,0.3300,1715673599999,1715788799999,stop_loss,-4.5567,0.1000,-4.6567,-1.5367,85.673745,74.472509,1716278399999,0.040000
BTCUSDT,1,61550.500000,64981.902281,1.0000,1715731199999,1715788799999,take_profit,5.5749,0.1000,5.4749,5.4749,59834.798860,64981.902281,1716335999999,0.040000
BTCUSDT,-1,65800.100000,67768.136880,0.3300,1715875199999,1716249599999,stop_loss,-2.9909,0.1000,-3.0909,-1.0200,67768.136880,61864.026241,1716479999999,0.840000
AAVEUSDT,-1,85.030000,88.686730,0.3300,1715875199999,1715932799999,stop_loss,-4.3005,0.1000,-4.4005,-1.4522,88.686730,77.716540,1716479999999,0.020000
ETHUSDT,1,2943.220000,3130.674057,0.3300,1715903999999,1716047999999,take_profit,6.3690,0.1000,6.2690,2.0688,2849.492972,3130.674057,1716508799999,0.160000
DOTUSDT,1,7.193000,6.888821,0.2250,1716019199999,1716163199999,stop_loss,-4.2288,0.1000,-4.3288,-0.9742,6.888821,7.801357,1716623999999,0.320000
AAVEUSDT,-1,88.590000,92.001575,0.3300,1716019199999,1716249599999,stop_loss,-3.8510,0.1000,-3.9510,-1.3038,92.001575,81.766849,1716623999999,0.020000
ETHUSDT,1,3076.140000,3248.857561,0.3300,1716134399999,1716249599999,take_profit,5.6147,0.1000,5.5147,1.8199,2989.781219,3248.857561,1716739199999,0.680000
DOTUSDT,1,7.613000,7.272197,0.1981,1716335999999,1716479999999,stop_loss,-4.4766,0.1000,-4.5766,-0.9067,7.272197,8.294605,1716940799999,0.640000
BTCUSDT,-1,70168.800000,68440.400000,0.3300,1716335999999,1716940800000,timeout,2.4632,0.1000,2.3632,0.7799,72202.037199,66102.325603,1716940799999,0.900000
AAVEUSDT,1,95.860000,91.223611,0.3300,1716393599999,1716508799999,stop_loss,-4.8366,0.1000,-4.9366,-1.6291,91.223611,105.132778,1716998399999,0.260000
DOTUSDT,-1,7.265000,7.719874,0.1731,1716566399999,1716825599999,stop_loss,-6.2612,0.1000,-6.3612,-1.1009,7.719874,6.355252,1717171199999,0.240000
ETHUSDT,-1,3850.520000,3777.000000,0.3300,1716883199999,1717488000000,timeout,1.9094,0.1000,1.8094,0.5971,4008.654760,3534.250479,1717487999999,0.020000
AAVEUSDT,1,106.920000,100.585605,0.3300,1716883199999,1717199999999,stop_loss,-5.9244,0.1000,-6.0244,-1.9881,100.585605,119.588789,1717487999999,0.640000
BTCUSDT,-1,67686.700000,69512.597001,1.0000,1717027199999,1717113599999,stop_loss,-2.6976,0.1000,-2.7976,-2.7976,69512.597001,64034.905999,1717631999999,0.080000
BTCUSDT,1,67577.900000,71347.042184,0.3300,1717199999999,1717574399999,take_profit,5.5775,0.1000,5.4775,1.8076,65693.328908,71347.042184,1717804799999,0.140000
AAVEUSDT,1,104.140000,99.370569,0.3300,1717286399999,1717804799999,stop_loss,-4.5798,0.1000,-4.6798,-1.5443,99.370569,113.678861,1717891199999,0.300000
ETHUSDT,1,3811.350000,3708.233431,0.3300,1717574399999,1717804799999,stop_loss,-2.7055,0.1000,-2.8055,-0.9258,3708.233431,4017.583138,1718179199999,0.980000
DOTUSDT,-1,7.257000,6.716562,0.1426,1717631999999,1717804799999,take_profit,7.4471,0.1000,7.3471,1.0479,7.527219,6.716562,1718236799999,0.300000
BTCUSDT,1,71077.300000,69506.559066,0.3300,1717660799999,1717804799999,stop_loss,-2.2099,0.1000,-2.3099,-0.7623,69506.559066,74218.781869,1718265599999,0.020000
ETHUSDT,1,3682.110000,3577.324491,0.3300,1717891199999,1718092799999,stop_loss,-2.8458,0.1000,-2.9458,-0.9721,3577.324491,3891.681018,1718495999999,0.760000
BTCUSDT,1,69346.500000,67866.133555,0.3300,1717891199999,1718092799999,stop_loss,-2.1347,0.1000,-2.2347,-0.7375,67866.133555,72307.232890,1718495999999,0.120000
AAVEUSDT,1,93.520000,88.723512,0.3300,1717948799999,1718092799999,stop_loss,-5.1288,0.1000,-5.2288,-1.7255,88.723512,103.112975,1718553599999,0.940000
DOTUSDT,-1,6.548000,6.895955,0.1716,1718035199999,1718236799999,stop_loss,-5.3139,0.1000,-5.4139,-0.9290,6.895955,5.852089,1718639999999,0.520000
ETHUSDT,1,3526.990000,3415.935996,0.3300,1718179199999,1718409599999,stop_loss,-3.1487,0.1000,-3.2487,-1.0721,3415.935996,3749.098009,1718783999999,0.240000
BTCUSDT,1,67449.400000,65930.074467,0.3300,1718179199999,1718409599999,stop_loss,-2.2525,0.1000,-2.3525,-0.7763,65930.074467,70488.051065,1718783999999,0.300000
AAVEUSDT,1,88.390000,83.819573,0.3300,1718179199999,1718294399999,stop_loss,-5.1708,0.1000,-5.2708,-1.7393,83.819573,97.530854,1718783999999,1.000000
DOTUSDT,-1,6.357000,5.601272,0.1459,1718323199999,1718697599999,take_profit,11.8881,0.1000,11.7881,1.7201,6.734864,5.601272,1718927999999,0.240000
AAVEUSDT,1,84.000000,79.120677,0.3300,1718380799999,1718697599999,stop_loss,-5.8087,0.1000,-5.9087,-1.9499,79.120677,93.758646,1718985599999,0.240000
ETHUSDT,1,3567.870000,3444.907425,0.3300,1718495999999,1718697599999,stop_loss,-3.4464,0.1000,-3.5464,-1.1703,3444.907425,3813.795150,1719100799999,0.920000
BTCUSDT,1,66213.700000,64606.536799,0.3300,1718495999999,1718697599999,stop_loss,-2.4272,0.1000,-2.5272,-0.8340,64606.536799,69428.026402,1719100799999,0.200000
DOTUSDT,1,5.960000,5.535919,0.1935,1718783999999,1719244799999,stop_loss,-7.1155,0.1000,-7.2155,-1.3959,5.535919,6.808163,1719388799999,0.300000
ETHUSDT,1,3543.070000,3406.365768,0.3300,1718783999999,1719187199999,stop_loss,-3.8584,0.1000,-3.9584,-1.3063,3406.365768,3816.478465,1719388799999,0.440000
BTCUSDT,1,65295.000000,63578.458637,0.3300,1718783999999,1718985599999,stop_loss,-2.6289,0.1000,-2.7289,-0.9005,63578.458637,68728.082725,1719388799999,0.180000
AAVEUSDT,1,86.380000,80.304870,0.3300,1718812799999,1719043199999,stop_loss,-7.0330,0.1000,-7.1330,-2.3539,80.304870,98.530260,1719417599999,0.260000
BTCUSDT,1,64283.400000,62860.824281,0.3300,1719071999999,1719215999999,stop_loss,-2.2130,0.1000,-2.3130,-0.7633,62860.824281,67128.551437,1719676799999,0.060000
AAVEUSDT,1,81.890000,77.463506,0.3300,1719129599999,1719244799999,stop_loss,-5.4054,0.1000,-5.5054,-1.8168,77.463506,90.742988,1719734399999,0.080000
ETHUSDT,1,3360.490000,3438.350000,0.3300,1719302399999,1719907200000,timeout,2.3169,0.1000,2.2169,0.7316,3243.407131,3594.655738,1719907199999,0.800000
DOTUSDT,1,5.938000,6.375000,0.1549,1719331199999,1719936000000,timeout,7.3594,0.1000,7.2594,1.1243,5.603247,6.607505,1719935999999,0.120000
AAVEUSDT,1,91.360000,86.005716,0.3300,1719503999999,1720051199999,stop_loss,-5.8606,0.1000,-5.9606,-1.9670,86.005716,102.068568,1720108799999,0.020000
BTCUSDT,1,61039.900000,59442.966172,0.3300,1719590399999,1720051199999,stop_loss,-2.6162,0.1000,-2.7162,-0.8964,59442.966172,64233.767655,1720195199999,0.020000
DOTUSDT,1,6.212000,5.878704,0.1860,1720022399999,1720079999999,stop_loss,-5.3654,0.1000,-5.4654,-1.0163,5.878704,6.878592,1720627199999,0.020000
ETHUSDT,1,3302.590000,3213.440117,0.3300,1720022399999,1720079999999,stop_loss,-2.6994,0.1000,-2.7994,-0.9238,3213.440117,3480.889767,1720627199999,0.180000
BTCUSDT,1,56571.100000,58140.000000,0.3300,1720252799999,1720857600000,timeout,2.7733,0.1000,2.6733,0.8822,54210.558071,61292.183857,1720857599999,0.760000
AAVEUSDT,1,80.930000,92.813286,0.4096,1720252799999,1720713599999,take_profit,14.6834,0.1000,14.5834,5.9739,74.988357,92.813286,1720857599999,0.720000
ETHUSDT,1,3018.440000,2881.920206,0.3300,1720281599999,1720425599999,stop_loss,-4.5229,0.1000,-4.6229,-1.5255,2881.920206,3291.479588,1720886399999,0.180000
DOTUSDT,-1,6.207000,6.224000,0.1579,1720339199999,1720944000000,timeout,-0.2739,0.1000,-0.3739,-0.0590,6.700572,5.219856,1720943999999,0.040000
ETHUSDT,1,3061.010000,3356.349066,0.3300,1720511999999,1721030399999,take_profit,9.6484,0.1000,9.5484,3.1510,2913.340467,3356.349066,1721116799999,0.340000
BTCUSDT,-1,60031.300000,62018.972581,0.3300,1720943999999,1721030399999,stop_loss,-3.3111,0.1000,-3.4111,-1.1256,62018.972581,56055.954837,1721548799999,0.360000
AAVEUSDT,-1,101.940000,106.748312,0.3300,1721059199999,1721145599999,stop_loss,-4.7168,0.1000,-4.8168,-1.5895,106.748312,92.323377,1721663999999,0.840000
DOTUSDT,-1,6.208000,5.998000,0.1562,1721116799999,1721721600000,timeout,3.3827,0.1000,3.2827,0.5129,6.557348,5.509304,1721721599999,0.020000
ETHUSDT,-1,3375.670000,3501.179695,0.3300,1721116799999,1721203199999,stop_loss,-3.7181,0.1000,-3.8181,-1.2600,3501.179695,3124.650609,1721721599999,0.740000
BTCUSDT,-1,62881.800000,65130.498905,0.3300,1721116799999,1721174399999,stop_loss,-3.5761,0.1000,-3.6761,-1.2131,65130.498905,58384.402189,1721721599999,0.740000
AAVEUSDT,-1,98.430000,92.790000,0.3300,1721231999999,1721836800000,timeout,5.7300,0.1000,5.6300,1.8579,103.970873,87.348255,1721836799999,0.520000
BTCUSDT,-1,64055.700000,66189.633336,0.3300,1721260799999,1721433599999,stop_loss,-3.3314,0.1000,-3.4314,-1.1324,66189.633336,59787.833329,1721865599999,0.880000
ETHUSDT,-1,3431.900000,3553.369810,0.3300,1721289599999,1721635199999,stop_loss,-3.5394,0.1000,-3.6394,-1.2010,3553.369810,3188.960381,1721894399999,0.260000
BTCUSDT,-1,66670.000000,68525.482149,0.3300,1721548799999,1722095999999,stop_loss,-2.7831,0.1000,-2.8831,-0.9514,68525.482149,62959.035701,1722153599999,0.420000
ETHUSDT,-1,3453.300000,3234.645745,0.3300,1721721599999,1721894399999,take_profit,6.3317,0.1000,6.2317,2.0565,3562.627127,3234.645745,1722326399999,0.400000
DOTUSDT,1,5.958000,5.654364,0.1704,1721807999999,1721865599999,stop_loss,-5.0963,0.1000,-5.1963,-0.8855,5.654364,6.565272,1722412799999,0.220000
ETHUSDT,-1,3249.620000,3391.620041,0.3300,1721980799999,1722268799999,stop_loss,-4.3697,0.1000,-4.4697,-1.4750,3391.620041,2965.619918,1722585599999,0.040000
AAVEUSDT,1,99.940000,112.516427,0.3300,1722067199999,1722527999999,take_profit,12.5840,0.1000,12.4840,4.1197,93.651786,112.516427,1722671999999,0.260000
BTCUSDT,-1,67624.300000,69628.173953,0.3300,1722182399999,1722239999999,stop_loss,-2.9632,0.1000,-3.0632,-1.0109,69628.173953,63616.552094,1722787199999,0.060000
BTCUSDT,1,66914.000000,64810.144209,0.3300,1722326399999,1722470399999,stop_loss,-3.1441,0.1000,-3.2441,-1.0706,64810.144209,71121.711582,1722931199999,0.260000
ETHUSDT,-1,3319.260000,3079.831913,0.3300,1722355199999,1722556799999,take_profit,7.2133,0.1000,7.1133,2.3474,3438.974043,3079.831913,1722959999999,0.320000
DOTUSDT,1,5.516000,5.263175,0.1459,1722383999999,1722499199999,stop_loss,-4.5835,0.1000,-4.6835,-0.6835,5.263175,6.021649,1722988799999,0.020000
DOTUSDT,1,5.237000,4.928660,0.1270,1722585599999,1722729599999,stop_loss,-5.8877,0.1000,-5.9877,-0.7607,4.928660,5.853679,1723190399999,0.420000
ETHUSDT,1,2982.420000,2838.566168,0.3300,1722671999999,1722787199999,stop_loss,-4.8234,0.1000,-4.9234,-1.6247,2838.566168,3270.127664,1723276799999,0.260000
AAVEUSDT,1,95.570000,109.357219,0.3300,1723507199999,1723737599999,take_profit,14.4263,0.1000,14.3263,4.7277,88.676391,109.357219,1724111999999,0.560000
DOTUSDT,1,4.498000,4.576000,0.1089,1723535999999,1724140800000,timeout,1.7341,0.1000,1.6341,0.1780,4.201139,5.091721,1724140799999,0.320000
ETHUSDT,-1,2647.140000,2673.670000,0.3300,1723535999999,1724140800000,timeout,-1.0022,0.1000,-1.1022,-0.3637,2811.809337,2317.801326,1724140799999,0.020000
BTCUSDT,-1,60887.200000,59689.200000,0.3300,1723622399999,1724227200000,timeout,1.9676,0.1000,1.8676,0.6163,63425.362958,55810.874084,1724227199999,0.080000
AAVEUSDT,1,106.050000,120.683664,0.3300,1723823999999,1724111999999,take_profit,13.7988,0.1000,13.6988,4.5206,98.733168,120.683664,1724428799999,0.020000
DOTUSDT,1,4.586000,5.004523,0.1109,1724227199999,1724543999999,take_profit,9.1261,0.1000,9.0261,1.0014,4.376739,5.004523,1724831999999,0.020000
ETHUSDT,-1,2599.220000,2703.269145,0.3300,1724227199999,1724457599999,stop_loss,-4.0031,0.1000,-4.1031,-1.3540,2703.269145,2391.121710,1724831999999,0.040000
BTCUSDT,-1,61499.000000,63536.866324,0.3300,1724428799999,1724457599999,stop_loss,-3.3137,0.1000,-3.4137,-1.1265,63536.866324,57423.267352,1725033599999,0.020000
ETHUSDT,-1,2766.400000,2566.882552,0.3300,1724543999999,1724774399999,take_profit,7.2122,0.1000,7.1122,2.3470,2866.158724,2566.882552,1725148799999,0.680000
DOTUSDT,1,4.816000,4.582694,0.1386,1724630399999,1724716799999,stop_loss,-4.8444,0.1000,-4.9444,-0.6854,4.582694,5.282611,1725235199999,0.160000
AAVEUSDT,-1,135.410000,118.405935,0.3300,1724630399999,1724803199999,take_profit,12.5575,0.1000,12.4575,4.1110,143.912032,118.405935,1725235199999,0.980000
AAVEUSDT,-1,125.450000,133.898980,0.3300,1724889599999,1725119999999,stop_loss,-6.7349,0.1000,-6.8349,-2.2555,133.898980,108.552041,1725494399999,0.140000
ETHUSDT,1,2546.050000,2430.337360,0.3300,1724918399999,1725235199999,stop_loss,-4.5448,0.1000,-4.6448,-1.5328,2430.337360,2777.475280,1725523199999,0.120000
DOTUSDT,1,4.385000,4.132072,0.1197,1724947199999,1725033599999,stop_loss,-5.7680,0.1000,-5.8680,-0.7023,4.132072,4.890857,1725551999999,0.060000
DOTUSDT,-1,4.268000,4.121000,0.1089,1725119999999,1725724800000,timeout,3.4442,0.1000,3.3442,0.3642,4.510549,3.782903,1725724799999,0.340000
BTCUSDT,-1,58444.100000,54709.108263,0.3300,1725177599999,1725638399999,take_profit,6.3907,0.1000,6.2907,2.0759,60311.595868,54709.108263,1725782399999,0.380000
AAVEUSDT,1,124.370000,116.096177,0.3300,1725206399999,1725436799999,stop_loss,-6.6526,0.1000,-6.7526,-2.2284,116.096177,140.917646,1725811199999,0.280000
ETHUSDT,-1,2536.740000,2335.240361,0.3300,1725321599999,1725436799999,take_profit,7.9433,0.1000,7.8433,2.5883,2637.489819,2335.240361,1725926399999,0.140000
ETHUSDT,1,2411.500000,2303.782441,0.3300,1725523199999,1725638399999,stop_loss,-4.4668,0.1000,-4.5668,-1.5071,2303.782441,2626.935118,1726127999999,0.120000
AAVEUSDT,1,126.780000,146.603215,0.3300,1725667199999,1726012799999,take_profit,15.6359,0.1000,15.5359,5.1269,116.868392,146.603215,1726271999999,0.040000
ETHUSDT,1,2299.170000,2417.370000,0.3300,1725724799999,1726329600000,timeout,5.1410,0.1000,5.0410,1.6635,2184.176459,2529.157082,1726329599999,0.360000
BTCUSDT,1,54746.600000,58914.482223,0.3300,1725724799999,1726243199999,take_profit,7.6130,0.1000,7.5130,2.4793,52662.658888,58914.482223,1726329599999,0.920000
DOTUSDT,1,4.116000,4.537717,0.1103,1725811199999,1726415999999,take_profit,10.2458,0.1000,10.1458,1.1194,3.905142,4.537717,1726415999999,0.600000
AAVEUSDT,-1,143.880000,149.540000,0.3300,1726156799999,1726761600000,timeout,-3.9338,0.1000,-4.0338,-1.3312,153.477738,124.684523,1726761599999,0.360000
BTCUSDT,-1,59840.100000,61594.338128,0.3300,1726329599999,1726703999999,stop_loss,-2.9315,0.1000,-3.0315,-1.0004,61594.338128,56331.623744,1726934399999,0.800000
ETHUSDT,1,2407.600000,2336.500839,0.3300,1726415999999,1726444799999,stop_loss,-2.9531,0.1000,-3.0531,-1.0075,2336.500839,2549.798322,1727020799999,0.040000
DOTUSDT,1,4.233000,4.043820,0.1413,1726502399999,1726675199999,stop_loss,-4.4692,0.1000,-4.5692,-0.6455,4.043820,4.611361,1727107199999,0.820000
ETHUSDT,1,2308.090000,2470.793175,0.3300,1726559999999,1726790399999,take_profit,7.0493,0.1000,6.9493,2.2933,2226.738412,2470.793175,1727164799999,0.620000
DOTUSDT,1,4.275000,4.683770,0.1234,1726761599999,1727222399999,take_profit,9.5619,0.1000,9.4619,1.1679,4.070615,4.683770,1727366399999,0.960000
BTCUSDT,-1,62926.900000,64903.623961,0.3300,1726790399999,1727366399999,stop_loss,-3.1413,0.1000,-3.2413,-1.0696,64903.623961,58973.452079,1727395199999,0.760000
AAVEUSDT,-1,152.100000,160.853599,0.3300,1726847999999,1726991999999,stop_loss,-5.7552,0.1000,-5.8552,-1.9322,160.853599,134.592803,1727452799999,0.040000
ETHUSDT,1,2569.570000,2664.960000,0.3300,1727020799999,1727625600000,timeout,3.7123,0.1000,3.6123,1.1921,2484.361300,2739.987400,1727625599999,0.160000
DOTUSDT,-1,4.635000,4.864700,0.1557,1727308799999,1727395199999,stop_loss,-4.9558,0.1000,-5.0558,-0.7872,4.864700,4.175599,1727913599999,0.860000
BTCUSDT,-1,65974.000000,62682.142021,0.3300,1727452799999,1727798399999,take_profit,4.9896,0.1000,4.8896,1.6136,67619.928990,62682.142021,1728057599999,0.380000
DOTUSDT,-1,4.821000,4.369543,0.1339,1727510399999,1727798399999,take_profit,9.3644,0.1000,9.2644,1.2410,5.046728,4.369543,1728115199999,0.860000
AAVEUSDT,-1,165.600000,146.192452,0.3300,1727510399999,1727827199999,take_profit,11.7195,0.1000,11.6195,3.8344,175.303774,146.192452,1728115199999,0.440000
ETHUSDT,1,2595.050000,2522.857470,0.3300,1727711999999,1727798399999,stop_loss,-2.7819,0.1000,-2.8819,-0.9510,2522.857470,2739.435059,1728316799999,0.120000
ETHUSDT,1,2459.430000,2363.657047,0.3300,1727884799999,1727913599999,stop_loss,-3.8941,0.1000,-3.9941,-1.3181,2363.657047,2650.975906,1728489599999,0.020000
DOTUSDT,-1,4.128000,4.071000,0.1682,1727999999999,1728604800000,timeout,1.3808,0.1000,1.2808,0.2155,4.397670,3.588659,1728604799999,0.200000
AAVEUSDT,1,143.600000,140.610000,0.3300,1727999999999,1728604800000,timeout,-2.0822,0.1000,-2.1822,-0.7201,132.677537,165.444925,1728604799999,0.920000
ETHUSDT,1,2380.550000,2406.480000,0.3300,1728028799999,1728633600000,timeout,1.0892,0.1000,0.9892,0.3265,2285.928023,2569.793954,1728633599999,0.280000
DOTUSDT,-1,4.172000,4.335160,0.1742,1728691199999,1728921599999,stop_loss,-3.9108,0.1000,-4.0108,-0.6987,4.335160,3.845680,1729295999999,0.280000
AAVEUSDT,1,143.840000,157.166494,0.3300,1728691199999,1728892799999,take_profit,9.2648,0.1000,9.1648,3.0244,137.176753,157.166494,1729295999999,0.540000
ETHUSDT,1,2445.360000,2595.867991,0.3300,1728719999999,1728921599999,take_profit,6.1548,0.1000,6.0548,1.9981,2370.106004,2595.867991,1729324799999,0.900000
BTCUSDT,1,62734.100000,66068.192215,0.3300,1728719999999,1728921599999,take_profit,5.3146,0.1000,5.2146,1.7208,61067.053892,66068.192215,1729324799999,0.060000
AAVEUSDT,1,162.650000,155.569702,0.3300,1728979199999,1729007999999,stop_loss,-4.3531,0.1000,-4.4531,-1.4695,155.569702,176.810595,1729583999999,0.160000
DOTUSDT,-1,4.407000,4.593173,0.1549,1729036799999,1729468799999,stop_loss,-4.2245,0.1000,-4.3245,-0.6698,4.593173,4.034653,1729641599999,0.040000
ETHUSDT,-1,2606.530000,2698.924486,0.3300,1729036799999,1729439999999,stop_loss,-3.5447,0.1000,-3.6447,-1.2028,2698.924486,2421.741028,1729641599999,0.180000
AAVEUSDT,-1,155.440000,147.440000,0.3300,1729094399999,1729699200000,timeout,5.1467,0.1000,5.0467,1.6654,163.271031,139.777938,1729699199999,0.120000
DOTUSDT,1,4.376000,4.191434,0.1364,1729555199999,1729699199999,stop_loss,-4.2177,0.1000,-4.3177,-0.5888,4.191434,4.745132,1730159999999,0.700000
ETHUSDT,-1,2623.750000,2478.974980,0.3300,1729612799999,1729727999999,take_profit,5.5179,0.1000,5.4179,1.7879,2696.137510,2478.974980,1730217599999,0.020000
AAVEUSDT,1,147.070000,141.371569,0.3300,1729785599999,1729900799999,stop_loss,-3.8746,0.1000,-3.9746,-1.3116,141.371569,158.466862,1730390399999,0.100000
ETHUSDT,-1,2535.390000,2613.008937,0.3300,1729814399999,1730188799999,stop_loss,-3.0614,0.1000,-3.1614,-1.0433,2613.008937,2380.152126,1730419199999,0.400000
BTCUSDT,1,66982.000000,70503.049993,0.3300,1729929599999,1730188799999,take_profit,5.2567,0.1000,5.1567,1.7017,65221.475003,70503.049993,1730534399999,0.040000
AAVEUSDT,1,142.590000,156.782694,0.3300,1729987199999,1730303999999,take_profit,9.9535,0.1000,9.8535,3.2517,135.493653,156.782694,1730591999999,0.700000
ETHUSDT,1,2659.360000,2567.587199,0.3300,1730332799999,1730390399999,stop_loss,-3.4509,0.1000,-3.5509,-1.1718,2567.587199,2842.905601,1730937599999,0.040000
AAVEUSDT,1,145.880000,138.497974,0.3300,1730390399999,1730563199999,stop_loss,-5.0603,0.1000,-5.1603,-1.7029,138.497974,160.644052,1730995199999,0.100000
ETHUSDT,-1,2500.030000,2599.742967,0.3300,1730476799999,1730879999999,stop_loss,-3.9885,0.1000,-4.0885,-1.3492,2599.742967,2300.604066,1731081599999,0.020000
DOTUSDT,-1,3.823000,4.011479,0.1201,1730620799999,1730879999999,stop_loss,-4.9301,0.1000,-5.0301,-0.6041,4.011479,3.446043,1731225599999,0.040000
AAVEUSDT,1,130.530000,144.395877,0.3300,1730793599999,1730879999999,take_profit,10.6228,0.1000,10.5228,3.4725,123.597061,144.395877,1731398399999,0.340000
DOTUSDT,1,4.086000,4.507563,0.1089,1730966399999,1731196799999,take_profit,10.3172,0.1000,10.2172,1.1127,3.875219,4.507563,1731571199999,0.100000
BTCUSDT,-1,79735.100000,82040.694061,1.0000,1731254399999,1731340799999,stop_loss,-2.8916,0.1000,-2.9916,-2.9916,82040.694061,75123.911879,1731859199999,0.040000
ETHUSDT,1,3143.180000,3463.130000,0.3300,1731772799999,1732377600000,timeout,10.1792,0.1000,10.0792,3.3261,2961.473540,3506.592920,1732377599999,0.040000
DOTUSDT,1,5.807000,6.957616,0.1342,1732060799999,1732348799999,take_profit,19.8143,0.1000,19.7143,2.6448,5.231692,6.957616,1732665599999,0.020000
ETHUSDT,-1,3297.130000,3456.378966,0.3300,1732463999999,1732550399999,stop_loss,-4.8299,0.1000,-4.9299,-1.6269,3456.378966,2978.632067,1733068799999,0.480000
ETHUSDT,-1,3298.070000,3469.830941,0.3300,1732636799999,1732723199999,stop_loss,-5.2079,0.1000,-5.3079,-1.7516,3469.830941,2954.548118,1733241599999,0.220000
ETHUSDT,-1,3581.580000,3752.150714,0.3300,1732838399999,1733126399999,stop_loss,-4.7624,0.1000,-4.8624,-1.6046,3752.150714,3240.438572,1733443199999,0.480000
DOTUSDT,1,8.810000,10.611657,0.2073,1733039999999,1733327999999,take_profit,20.4501,0.1000,20.3501,4.2177,7.909171,10.611657,1733644799999,0.340000
ETHUSDT,-1,3574.230000,3724.722885,0.3300,1733241599999,1733299199999,stop_loss,-4.2105,0.1000,-4.3105,-1.4225,3724.722885,3273.244230,1733846399999,0.220000
ETHUSDT,1,3893.420000,3739.666412,0.3300,1734278399999,1734566399999,stop_loss,-3.9491,0.1000,-4.0491,-1.3362,3739.666412,4200.927176,1734883199999,0.080000
DOTUSDT,-1,8.881000,7.039613,0.9813,1734335999999,1734652799999,take_profit,20.7340,0.1000,20.6340,20.2477,9.801693,7.039613,1734940799999,0.080000
DOTUSDT,1,6.863000,6.608000,1.0000,1734969599999,1735574400000,timeout,-3.7156,0.1000,-3.8156,-3.8156,6.010654,8.567692,1735574399999,0.620000
ETHUSDT,1,3332.090000,3607.900000,0.3300,1735343999999,1735948800000,timeout,8.2774,0.1000,8.1774,2.6985,3179.788977,3636.692046,1735948799999,0.080000
DOTUSDT,-1,6.842000,7.368131,1.0000,1735660799999,1735919999999,stop_loss,-7.6897,0.1000,-7.7897,-7.7897,7.368131,5.789738,1736265599999,0.380000
BTCUSDT,1,96275.000000,101463.460212,1.0000,1735891199999,1736179199999,take_profit,5.3892,0.1000,5.2892,5.2892,93680.769894,101463.460212,1736495999999,0.060000
DOTUSDT,-1,7.685000,6.642244,0.2027,1736006399999,1736380799999,take_profit,13.5687,0.1000,13.4687,2.7304,8.206378,6.642244,1736611199999,0.900000
ETHUSDT,-1,3655.990000,3431.271070,0.3300,1736035199999,1736265599999,take_profit,6.1466,0.1000,6.0466,1.9954,3768.349465,3431.271070,1736639999999,0.420000
DOTUSDT,1,6.727000,6.169382,0.2782,1736553599999,1736783999999,stop_loss,-8.2893,0.1000,-8.3893,-2.3337,6.169382,7.842236,1737158399999,0.260000
ETHUSDT,-1,3265.520000,2960.912001,0.3300,1736553599999,1736783999999,take_profit,9.3280,0.1000,9.2280,3.0452,3417.824000,2960.912001,1737158399999,0.060000
BTCUSDT,-1,94210.300000,97446.586624,1.0000,1736582399999,1736927999999,stop_loss,-3.4352,0.1000,-3.5352,-3.5352,97446.586624,87737.726751,1737187199999,0.080000
DOTUSDT,-1,6.518000,7.003878,0.2137,1736870399999,1736956799999,stop_loss,-7.4544,0.1000,-7.5544,-1.6143,7.003878,5.546244,1737475199999,0.240000
ETHUSDT,1,3197.870000,3511.766658,0.3300,1736870399999,1737158399999,take_profit,9.8158,0.1000,9.7158,3.2062,3040.921671,3511.766658,1737475199999,0.300000
DOTUSDT,-1,7.149000,6.090846,0.1691,1737071999999,1737359999999,take_profit,14.8014,0.1000,14.7014,2.4856,7.678077,6.090846,1737676799999,0.700000
ETHUSDT,-1,3306.700000,3317.910000,0.3300,1737244799999,1737849600000,timeout,-0.3390,0.1000,-0.4390,-0.1449,3470.615126,2978.869747,1737849599999,0.140000
DOTUSDT,-1,6.624000,5.645000,0.2378,1737503999999,1738108800000,timeout,14.7796,0.1000,14.6796,3.4903,7.331163,5.209674,1738108799999,0.580000
ETHUSDT,-1,3230.500000,3370.879669,0.3300,1737935999999,1738339199999,stop_loss,-4.3454,0.1000,-4.4454,-1.4670,3370.879669,2949.740662,1738540799999,0.100000
BTCUSDT,1,102730.600000,98815.994460,1.0000,1738079999999,1738511999999,stop_loss,-3.8106,0.1000,-3.9106,-3.9106,98815.994460,110559.811079,1738684799999,0.060000
DOTUSDT,1,5.762000,5.285477,0.3300,1738195199999,1738540799999,stop_loss,-8.2701,0.1000,-8.3701,-2.7621,5.285477,6.715046,1738799999999,0.620000
ETHUSDT,-1,3249.400000,2943.964843,0.3300,1738425599999,1738540799999,take_profit,9.3997,0.1000,9.2997,3.0689,3402.117578,2943.964843,1739030399999,0.020000
DOTUSDT,1,4.781000,5.144000,0.2579,1738828799999,1739433600000,timeout,7.5926,0.1000,7.4926,1.9322,4.179407,5.984186,1739433599999,0.760000
ETHUSDT,1,2626.070000,2660.010000,0.3300,1739145599999,1739750400000,timeout,1.2924,0.1000,1.1924,0.3935,2454.350772,2969.508456,1739750399999,0.960000
BTCUSDT,1,97379.200000,94534.500104,1.0000,1739231999999,1739375999999,stop_loss,-2.9213,0.1000,-3.0213,-3.0213,94534.500104,103068.599792,1739836799999,0.040000
AAVEUSDT,1,239.920000,252.290000,1.0000,1739375999999,1739980800000,timeout,5.1559,0.1000,5.0559,5.0559,219.911456,279.937088,1739980799999,0.740000
BTCUSDT,1,95943.500000,96871.100000,1.0000,1739462399999,1740067200000,timeout,0.9668,0.1000,0.8668,0.8668,93104.976344,101620.547312,1740067199999,0.120000
DOTUSDT,-1,5.172000,5.039000,0.3113,1739519999999,1740124800000,timeout,2.5715,0.1000,2.4715,0.7694,5.578410,4.359179,1740124799999,0.120000
ETHUSDT,-1,2743.000000,2504.166484,0.3300,1739836799999,1740441599999,take_profit,8.7070,0.1000,8.6070,2.8403,2862.416758,2504.166484,1740441599999,0.360000
AAVEUSDT,1,253.770000,238.813203,1.0000,1740067199999,1740182399999,stop_loss,-5.8938,0.1000,-5.9938,-5.9938,238.813203,283.683594,1740671999999,0.320000
BTCUSDT,1,98057.600000,96039.844843,1.0000,1740153599999,1740182399999,stop_loss,-2.0577,0.1000,-2.1577,-2.1577,96039.844843,102093.110315,1740758399999,0.220000
DOTUSDT,-1,5.092000,4.433719,0.3300,1740211199999,1740441599999,take_profit,12.9277,0.1000,12.8277,4.2332,5.421140,4.433719,1740815999999,0.320000
AAVEUSDT,1,246.980000,232.127685,1.0000,1740268799999,1740412799999,stop_loss,-6.0136,0.1000,-6.1136,-6.1136,232.127685,276.684629,1740873599999,0.040000
BTCUSDT,1,96454.600000,94551.069963,0.3300,1740297599999,1740412799999,stop_loss,-1.9735,0.1000,-2.0735,-0.6843,94551.069963,100261.660074,1740902399999,0.020000
DOTUSDT,1,4.932000,4.506040,0.3300,1740700799999,1740729599999,stop_loss,-8.6367,0.1000,-8.7367,-2.8831,4.506040,5.783920,1741305599999,0.060000
AAVEUSDT,1,203.860000,186.625407,1.0000,1740700799999,1740729599999,stop_loss,-8.4541,0.1000,-8.5541,-8.5541,186.625407,238.329186,1741305599999,0.940000
AAVEUSDT,1,189.990000,224.960883,1.0000,1740815999999,1740959999999,take_profit,18.4067,0.1000,18.3067,18.3067,172.504559,224.960883,1741420799999,0.840000
DOTUSDT,-1,4.661000,5.070688,0.3300,1740873599999,1740959999999,stop_loss,-8.7897,0.1000,-8.8897,-2.9336,5.070688,3.841625,1741478399999,0.020000
ETHUSDT,1,2220.240000,2514.429181,0.3300,1740902399999,1740959999999,take_profit,13.2503,0.1000,13.1503,4.3396,2073.145409,2514.429181,1741507199999,0.160000
DOTUSDT,-1,4.495000,3.960000,0.2888,1741276799999,1741881600000,timeout,11.9021,0.1000,11.8021,3.4083,4.937192,3.610616,1741881599999,0.160000
ETHUSDT,1,2191.520000,2014.307741,0.3300,1741334399999,1741564799999,stop_loss,-8.0863,0.1000,-8.1863,-2.7015,2014.307741,2545.944519,1741939199999,0.160000
AAVEUSDT,1,182.120000,161.306975,0.3300,1741679999999,1741910399999,stop_loss,-11.4282,0.1000,-11.5282,-3.8043,161.306975,223.746050,1742284799999,0.620000
ETHUSDT,1,1907.240000,2055.220000,0.3300,1741823999999,1742428800000,timeout,7.7589,0.1000,7.6589,2.5274,1749.011423,2223.697154,1742428799999,0.040000
DOTUSDT,-1,4.184000,4.499548,0.3300,1741996799999,1742371199999,stop_loss,-7.5418,0.1000,-7.6418,-2.5218,4.499548,3.552903,1742601599999,0.020000
AAVEUSDT,1,173.210000,179.780000,0.3300,1742025599999,1742630400000,timeout,3.7931,0.1000,3.6931,1.2187,157.519505,204.590990,1742630399999,0.620000
BTCUSDT,1,82541.600000,86044.100000,0.3300,1742169599999,1742774400000,timeout,4.2433,0.1000,4.1433,1.3673,79464.458294,88695.883412,1742774399999,0.020000
DOTUSDT,1,4.396000,4.622000,0.3133,1742515199999,1743120000000,timeout,5.1410,0.1000,5.0410,1.5793,4.157185,4.873630,1743119999999,0.080000
ETHUSDT,-1,1982.720000,2069.257211,1.0000,1742515199999,1742803199999,stop_loss,-4.3646,0.1000,-4.4646,-4.4646,2069.257211,1809.645578,1743119999999,0.040000
AAVEUSDT,-1,184.730000,194.104086,0.3300,1742716799999,1742831999999,stop_loss,-5.0745,0.1000,-5.1745,-1.7076,194.104086,165.981828,1743321599999,0.440000
