timestamp,symbol,event_type,phase,quantity,price,notional,funding_rate,cashflow,fee,slippage,reason,policy_id
2020-03-19T00:00:00Z,ADAUSDT,trade,rebalance,-137998.28882121859,0.02605,-3594.8554237927442,0,0,1.797427711896372,0.89871385594818598,,
2020-03-19T00:00:00Z,BCHUSDT,trade,rebalance,19.479104815802554,184.94,3602.4656446345243,0,0,1.8012328223172622,0.90061641115863111,,
2020-03-19T00:00:00Z,DASHUSDT,trade,rebalance,-57.445432310583442,62.560000000000002,-3593.7862453501002,0,0,1.7968931226750502,0.8984465613375251,,
2020-03-19T00:00:00Z,ETHUSDT,trade,rebalance,30.474009362659409,118.12,3599.5899859173296,0,0,1.7997949929586647,0.89989749647933237,,
2020-03-19T00:00:00Z,LINKUSDT,trade,rebalance,1847.6402490465082,1.9490000000000001,3601.0508453916445,0,0,1.8005254226958223,0.90026271134791114,,
2020-03-19T00:00:00Z,LTCUSDT,trade,rebalance,-103.76596206393386,34.710000000000001,-3601.7165432391444,0,0,1.800858271619572,0.90042913580978601,,
2020-03-19T00:00:00Z,TRXUSDT,trade,rebalance,-352592.38655095105,0.01022,-3603.4941905507198,0,0,1.80174709527536,0.90087354763768002,,
2020-03-19T00:00:00Z,XLMUSDT,trade,rebalance,97637.709853272201,0.036799999999999999,3593.0677226004168,0,0,1.7965338613002084,0.89826693065010421,,
2020-03-19T00:00:00Z,XRPUSDT,trade,rebalance,-24422.105152901371,0.1474,-3599.8182995376624,0,0,1.7999091497688311,0.89995457488441555,,
2020-03-19T00:00:00Z,ZECUSDT,trade,rebalance,121.11395741171947,29.739999999999998,3601.9290934245369,0,0,1.8009645467122686,0.90048227335613429,,
2020-03-26T00:00:00Z,ADAUSDT,trade,rebalance,15169.490699327172,0.029430000000000001,446.4381112811987,0,0,0.22321905564059935,0.11160952782029968,,
2020-03-26T00:00:00Z,ATOMUSDT,trade,rebalance,-1017.8646318855218,2.0790000000000002,-2116.1405696900001,0,0,1.0580702848450001,0.52903514242250005,,
2020-03-26T00:00:00Z,BCHUSDT,trade,rebalance,-3.0907249483793779,220.91,-682.77204834648842,0,0,0.34138602417324421,0.1706930120866221,,
2020-03-26T00:00:00Z,BTCUSDT,trade,rebalance,0.54153240564975702,6673.5699999999997,3613.9544163720489,0,0,1.8069772081860243,0.90348860409301213,,
2020-03-26T00:00:00Z,DASHUSDT,trade,rebalance,89.844783833603785,67.790000000000006,6090.5778960800008,0,0,3.0452889480400005,1.5226444740200002,,
2020-03-26T00:00:00Z,EOSUSDT,trade,rebalance,-1574.2184751197638,2.298,-3617.5540558252173,0,0,1.8087770279126085,0.90438851395630426,,
2020-03-26T00:00:00Z,ETHUSDT,trade,rebalance,-30.474009362659409,136.11000000000001,-4147.8174143515726,0,0,2.0739087071757862,1.0369543535878931,,
2020-03-26T00:00:00Z,LINKUSDT,trade,rebalance,-1847.6402490465084,2.2559999999999998,-4168.2764018489224,0,0,2.0841382009244613,1.0420691004622307,,
2020-03-26T00:00:00Z,LTCUSDT,trade,rebalance,103.76596206393386,39.189999999999998,4066.5880532855676,0,0,2.0332940266427837,1.0166470133213918,,
2020-03-26T00:00:00Z,TRXUSDT,trade,rebalance,35102.244544678892,0.01137,399.11252047299899,0,0,0.1995562602364995,0.09977813011824975,,
2020-03-26T00:00:00Z,XLMUSDT,trade,rebalance,-8405.2649076950038,0.040430000000000001,-339.824860218109,0,0,0.16991243010905449,0.084956215054527245,,
2020-03-26T00:00:00Z,XRPUSDT,trade,rebalance,2055.7012924050869,0.1618,332.61246911114307,0,0,0.16630623455557153,0.083153117277785765,,
2020-03-26T00:00:00Z,XTZUSDT,trade,rebalance,2112.2747942149658,1.714,3620.4389972844515,0,0,1.810219498642226,0.90510974932111299,,
2020-03-26T00:00:00Z,ZECUSDT,trade,rebalance,-84.03704042342342,32.189999999999998,-2705.1523312299996,0,0,1.3525761656149997,0.67628808280749986,,
2020-04-02T00:00:00Z,ADAUSDT,trade,rebalance,6743.1385435081465,0.0309,208.36298099440174,0,0,0.10418149049720087,0.052090745248600433,,
2020-04-02T00:00:00Z,ATOMUSDT,trade,rebalance,-808.81912412965255,1.9710000000000001,-1594.1824936595453,0,0,0.79709124682977273,0.39854562341488636,,
2020-04-02T00:00:00Z,BCHUSDT,trade,rebalance,-16.388379867423176,223.86000000000001,-3668.7027171213522,0,0,1.8343513585606761,0.91717567928033805,,
2020-04-02T00:00:00Z,BTCUSDT,trade,rebalance,-0.00040447072620974911,6641.2200000000003,-2.6861790763187101,0,0,0.0013430895381593552,0.00067154476907967759,,
2020-04-02T00:00:00Z,DASHUSDT,trade,rebalance,22.040541635626965,66.030000000000001,1455.3369642004486,0,0,0.72766848210022439,0.36383424105011219,,
2020-04-02T00:00:00Z,EOSUSDT,trade,rebalance,-19.46762967910945,2.2530000000000001,-43.860569667033594,0,0,0.021930284833516795,0.010965142416758398,,
2020-04-02T00:00:00Z,LINKUSDT,trade,rebalance,-1580.2566086485635,2.2759999999999998,-3596.6640412841302,0,0,1.7983320206420652,0.8991660103210326,,
2020-04-02T00:00:00Z,NEOUSDT,trade,rebalance,416.6170231426056,6.8159999999999998,2839.6616297399996,0,0,1.4198308148699998,0.70991540743499992,,
2020-04-02T00:00:00Z,TRXUSDT,trade,rebalance,6829.4212507320335,0.011560000000000001,78.948109658462315,0,0,0.039474054829231157,0.019737027414615579,,
2020-04-02T00:00:00Z,VETUSDT,trade,rebalance,598956.15874140128,0.00314,1880.7223384480001,0,0,0.94036116922399993,0.47018058461199996,,
2020-04-02T00:00:00Z,XLMUSDT,trade,rebalance,-39630.461220422192,0.040739999999999998,-1614.5449901200002,0,0,0.80727249506000009,0.40363624753000005,,
2020-04-02T00:00:00Z,XMRUSDT,trade,rebalance,74.151224609534481,48.390000000000001,3588.1777588553737,0,0,1.7940888794276868,0.8970444397138434,,
2020-04-02T00:00:00Z,XRPUSDT,trade,rebalance,22366.403860496284,0.1749,3911.8840352008001,0,0,1.9559420176004001,0.97797100880020005,,
2020-04-02T00:00:00Z,XTZUSDT,trade,rebalance,-2112.2747942149658,1.607,-3394.42559430345,0,0,1.697212797151725,0.84860639857586251,,
2020-04-02T00:00:00Z,ZECUSDT,trade,rebalance,-37.076916988296048,31.300000000000001,-1160.5075017336662,0,0,0.58025375086683306,0.29012687543341653,,
2020-04-09T00:00:00Z,ADAUSDT,trade,rebalance,18710.778035458352,0.036470000000000002,682.38207495316612,0,0,0.34119103747658303,0.17059551873829151,,
2020-04-09T00:00:00Z,ATOMUSDT,trade,rebalance,1826.6837560151744,2.4929999999999999,4553.9226037458293,0,0,2.2769613018729147,1.1384806509364573,,
2020-04-09T00:00:00Z,BATUSDT,trade,rebalance,8946.5817507211541,0.16639999999999999,1488.7112033199999,0,0,0.74435560165999992,0.37217780082999996,,
2020-04-09T00:00:00Z,BTCUSDT,trade,rebalance,-0.059412708007424653,7357.1499999999996,-437.10820471682428,0,0,0.21855410235841213,0.10927705117920607,,
2020-04-09T00:00:00Z,DASHUSDT,trade,rebalance,-54.439893158647301,75.659999999999997,-4118.9223163832548,0,0,2.0594611581916271,1.0297305790958136,,
2020-04-09T00:00:00Z,EOSUSDT,trade,rebalance,303.61904496860848,2.7490000000000001,834.64875461870474,0,0,0.41732437730935235,0.20866218865467617,,
2020-04-09T00:00:00Z,ETCUSDT,trade,rebalance,-608.7586194535437,5.8259999999999996,-3546.6277169363452,0,0,1.7733138584681725,0.88665692923408623,,
2020-04-09T00:00:00Z,LINKUSDT,trade,rebalance,1580.2566086485635,3.1699999999999999,5009.4134494159462,0,0,2.5047067247079728,1.2523533623539864,,
2020-04-09T00:00:00Z,NEOUSDT,trade,rebalance,26.893140586822369,7.9980000000000002,215.09133841340531,0,0,0.10754566920670265,0.053772834603351326,,
2020-04-09T00:00:00Z,TRXUSDT,trade,rebalance,52841.070305875648,0.01375,726.56471670579015,0,0,0.36328235835289507,0.18164117917644754,,
2020-04-09T00:00:00Z,VETUSDT,trade,rebalance,293253.88026557292,0.0039830000000000004,1168.0302050977771,0,0,0.58401510254888855,0.29200755127444428,,
2020-04-09T00:00:00Z,XLMUSDT,trade,rebalance,-81184.120739317077,0.051249999999999997,-4160.6861878899999,0,0,2.0803430939450003,1.0401715469725001,,
2020-04-09T00:00:00Z,XMRUSDT,trade,rebalance,-12.873161667288869,57.899999999999999,-745.35606053602555,0,0,0.37267803026801277,0.18633901513400639,,
2020-04-16T00:00:00Z,ADAUSDT,trade,rebalance,-14366.298351521065,0.03184,-457.42293951243073,0,0,0.22871146975621537,0.11435573487810768,,
2020-04-16T00:00:00Z,BATUSDT,trade,rebalance,13977.19311657529,0.15529999999999999,2170.6580910041425,0,0,1.0853290455020712,0.54266452275103561,,
2020-04-16T00:00:00Z,BTCUSDT,trade,rebalance,-0.48171522691612262,6616.8800000000001,-3187.4518506767536,0,0,1.5937259253383766,0.79686296266918832,,
2020-04-16T00:00:00Z,EOSUSDT,trade,rebalance,-192.48254448126704,2.399,-461.76562421055962,0,0,0.23088281210527981,0.1154414060526399,,
2020-04-16T00:00:00Z,ETCUSDT,trade,rebalance,-88.838134725800842,5.0999999999999996,-453.07448710158428,0,0,0.22653724355079211,0.11326862177539605,,
2020-04-16T00:00:00Z,IOTAUSDT,trade,rebalance,9426.4500837052074,0.1479,1394.1719673800001,0,0,0.69708598368999997,0.34854299184499998,,
2020-04-16T00:00:00Z,LINKUSDT,trade,rebalance,1140.1628073970155,3.1200000000000001,3557.3079590786883,0,0,1.7786539795393441,0.88932698976967206,,
2020-04-16T00:00:00Z,LTCUSDT,trade,rebalance,-90.72981973220412,39.200000000000003,-3556.6089335024017,0,0,1.7783044667512007,0.88915223337560034,,
2020-04-16T00:00:00Z,NEOUSDT,trade,rebalance,-340.86621928152283,6.9870000000000001,-2381.6322741200001,0,0,1.1908161370600001,0.59540806853000006,,
2020-04-16T00:00:00Z,ONTUSDT,trade,rebalance,5857.1408670086821,0.38009999999999999,2226.29924355,0,0,1.1131496217750001,0.55657481088750005,,
2020-04-16T00:00:00Z,QTUMUSDT,trade,rebalance,951.40570967492272,1.292,1229.2161769000002,0,0,0.61460808845000015,0.30730404422500007,,
2020-04-16T00:00:00Z,TRXUSDT,trade,rebalance,-34231.983546448435,0.012189999999999999,-417.28787943120642,0,0,0.20864393971560322,0.10432196985780161,,
2020-04-16T00:00:00Z,VETUSDT,trade,rebalance,-789497.19236132374,0.003656,-2886.4017352729998,0,0,1.4432008676365,0.72160043381825001,,
2020-04-16T00:00:00Z,XLMUSDT,trade,rebalance,31582.137014162072,0.046059999999999997,1454.6732308723049,0,0,0.72733661543615247,0.36366830771807623,,
2020-04-16T00:00:00Z,XMRUSDT,trade,rebalance,-61.278062942245612,53.170000000000002,-3258.1546066391993,0,0,1.6290773033195998,0.81453865165979988,,
2020-04-23T00:00:00Z,ADAUSDT,trade,rebalance,14769.32798709569,0.036659999999999998,541.443564006928,0,0,0.27072178200346397,0.13536089100173199,,
2020-04-23T00:00:00Z,BATUSDT,trade,rebalance,-6527.8092827586206,0.1653,-1079.04687444,0,0,0.53952343722000007,0.26976171861000003,,
2020-04-23T00:00:00Z,BCHUSDT,trade,rebalance,-15.241058737169585,233.19,-3554.0624869205753,0,0,1.7770312434602877,0.88851562173014387,,
2020-04-23T00:00:00Z,EOSUSDT,trade,rebalance,1482.5496043115318,2.625,3891.6927113177708,0,0,1.9458463556588852,0.9729231778294426,,
2020-04-23T00:00:00Z,ETCUSDT,trade,rebalance,38.251541940311199,5.3869999999999996,206.06105643245641,0,0,0.10303052821622821,0.051515264108114106,,
2020-04-23T00:00:00Z,IOTAUSDT,trade,rebalance,7383.1600872995505,0.15590000000000001,1151.0346576100001,0,0,0.57551732880500006,0.28775866440250003,,
2020-04-23T00:00:00Z,LINKUSDT,trade,rebalance,-174.71521315495352,3.6760000000000002,-642.25312355760911,0,0,0.32112656177880455,0.16056328088940228,,
2020-04-23T00:00:00Z,LTCUSDT,trade,rebalance,90.72981973220412,41.829999999999998,3795.2283593980983,0,0,1.8976141796990491,0.94880708984952455,,
2020-04-23T00:00:00Z,NEOUSDT,trade,rebalance,-102.64394444790514,7.5359999999999996,-773.5247653594131,0,0,0.38676238267970658,0.19338119133985329,,
2020-04-23T00:00:00Z,ONTUSDT,trade,rebalance,2733.694047143068,0.41389999999999999,1131.4759661125158,0,0,0.56573798305625789,0.28286899152812894,,
2020-04-23T00:00:00Z,QTUMUSDT,trade,rebalance,760.48607110460864,1.367,1039.5844592000001,0,0,0.51979222960000004,0.25989611480000002,,
2020-04-23T00:00:00Z,TRXUSDT,trade,rebalance,292051.63399611291,0.01299,3793.7507256095068,0,0,1.8968753628047532,0.94843768140237661,,
2020-04-23T00:00:00Z,VETUSDT,trade,rebalance,-102712.84664565045,0.003898,-400.37467622474549,0,0,0.20018733811237274,0.10009366905618637,,
2020-04-23T00:00:00Z,XMRUSDT,trade,rebalance,-50.786647487363986,56.979999999999997,-2893.8231738299996,0,0,1.4469115869149998,0.72345579345749988,,
2020-04-23T00:00:00Z,XRPUSDT,trade,rebalance,-18876.935161049161,0.188,-3548.8638102772425,0,0,1.7744319051386215,0.88721595256931074,,
2020-04-23T00:00:00Z,ZECUSDT,trade,rebalance,77.988164274974082,45.520000000000003,3550.0212377968205,0,0,1.7750106188984105,0.88750530944920525,,
2020-04-30T00:00:00Z,ADAUSDT,trade,rebalance,165077.72807372047,0.051520000000000003,8504.8045503580797,0,0,4.2524022751790396,2.1262011375895198,,
2020-04-30T00:00:00Z,BATUSDT,trade,rebalance,-16395.965584537822,0.19389999999999999,-3179.1777268418837,0,0,1.5895888634209419,0.79479443171047093,,
2020-04-30T00:00:00Z,BCHUSDT,trade,rebalance,1.6532659400558583,258.06,426.64180849081481,0,0,0.21332090424540739,0.1066604521227037,,
2020-04-30T00:00:00Z,BTCUSDT,trade,rebalance,-0.39902770636970158,8784.0499999999993,-3505.0793241367769,0,0,1.7525396620683884,0.8762698310341942,,
2020-04-30T00:00:00Z,ETCUSDT,trade,rebalance,659.34521223903334,6.75,4450.5801826134748,0,0,2.2252900913067375,1.1126450456533687,,
2020-04-30T00:00:00Z,ETHUSDT,trade,rebalance,16.265253121583697,215.5,3505.1620477012866,0,0,1.7525810238506434,0.8762905119253217,,
2020-04-30T00:00:00Z,IOTAUSDT,trade,rebalance,-13080.308054408602,0.186,-2432.9372981199999,0,0,1.2164686490599999,0.60823432452999993,,
2020-04-30T00:00:00Z,LINKUSDT,trade,rebalance,-965.447594242062,3.8959999999999999,-3761.3838271670734,0,0,1.8806919135835367,0.94034595679176836,,
2020-04-30T00:00:00Z,NEOUSDT,trade,rebalance,-380.74379503796928,9.2270000000000003,-3513.1229968153425,0,0,1.7565614984076714,0.8782807492038357,,
2020-04-30T00:00:00Z,ONTUSDT,trade,rebalance,-1805.5345033571539,0.51819999999999999,-935.62797963967716,0,0,0.46781398981983857,0.23390699490991929,,
2020-04-30T00:00:00Z,QTUMUSDT,trade,rebalance,-1711.8917807795315,1.633,-2795.5192780129751,0,0,1.3977596390064875,0.69887981950324374,,
2020-04-30T00:00:00Z,XLMUSDT,trade,rebalance,48536.478608773148,0.072169999999999998,3502.877661195158,0,0,1.751438830597579,0.87571941529878949,,
2020-04-30T00:00:00Z,XMRUSDT,trade,rebalance,-2.0610543564034884,66.370000000000005,-136.79217763449952,0,0,0.068396088817249762,0.034198044408624881,,
2020-04-30T00:00:00Z,XRPUSDT,trade,rebalance,3410.3564610774501,0.2266,772.78677408015017,0,0,0.38639338704007509,0.19319669352003754,,
2020-04-30T00:00:00Z,XTZUSDT,trade,rebalance,1193.3097162213321,2.9380000000000002,3505.9439462582741,0,0,1.7529719731291371,0.87648598656456855,,
2020-04-30T00:00:00Z,ZECUSDT,trade,rebalance,-77.988164274974082,47.109999999999999,-3674.0224189940291,0,0,1.8370112094970144,0.91850560474850718,,
2020-05-07T00:00:00Z,ADAUSDT,trade,rebalance,3078.5142725127657,0.04895,150.69327363949989,0,0,0.075346636819749943,0.037673318409874972,,
2020-05-07T00:00:00Z,BCHUSDT,trade,rebalance,-0.83731769926631472,241.33000000000001,-202.06988036393975,0,0,0.10103494018196987,0.050517470090984937,,
2020-05-07T00:00:00Z,BNBUSDT,trade,rebalance,-212.62745210422105,16.388000000000002,-3484.538685083975,0,0,1.7422693425419875,0.87113467127099375,,
2020-05-07T00:00:00Z,BTCUSDT,trade,rebalance,0.39902770636970158,9148.2900000000009,3650.4211759048776,0,0,1.8252105879524387,0.91260529397621937,,
2020-05-07T00:00:00Z,ETCUSDT,trade,rebalance,509.41794756905483,6.8419999999999996,3485.4375972674729,0,0,1.7427187986337365,0.87135939931686823,,
2020-05-07T00:00:00Z,ETHUSDT,trade,rebalance,-16.265253121583697,199.09,-3238.2492439760986,0,0,1.6191246219880493,0.80956231099402465,,
2020-05-07T00:00:00Z,IOTAUSDT,trade,rebalance,-3729.3021165961563,0.1772,-660.83233506083889,0,0,0.33041616753041947,0.16520808376520973,,
2020-05-07T00:00:00Z,LINKUSDT,trade,rebalance,-970.86856387682201,3.5950000000000002,-3490.2724871371752,0,0,1.7451362435685875,0.87256812178429377,,
2020-05-07T00:00:00Z,NEOUSDT,trade,rebalance,380.74379503796928,9.1340000000000003,3477.7138238768116,0,0,1.7388569119384059,0.86942845596920293,,
2020-05-07T00:00:00Z,ONTUSDT,trade,rebalance,-5264.2660752291586,0.4582,-2412.0867156700006,0,0,1.2060433578350003,0.60302167891750014,,
2020-05-07T00:00:00Z,TRXUSDT,trade,rebalance,223971.35077801082,0.01555,3482.7545045980683,0,0,1.7413772522990341,0.87068862614951703,,
2020-05-07T00:00:00Z,VETUSDT,trade,rebalance,819917.92615003313,0.0042360000000000002,3473.1723351715405,0,0,1.7365861675857701,0.86829308379288506,,
2020-05-07T00:00:00Z,XLMUSDT,trade,rebalance,1443.3333623793878,0.06948,100.28280201811987,0,0,0.050141401009059935,0.025070700504529968,,
2020-05-07T00:00:00Z,XMRUSDT,trade,rebalance,-7.3335392744099721,57.780000000000001,-423.73189927540818,0,0,0.21186594963770408,0.10593297481885204,,
2020-05-07T00:00:00Z,XRPUSDT,trade,rebalance,15466.578699971711,0.2117,3274.2747107840114,0,0,1.6371373553920057,0.81856867769600283,,
2020-05-07T00:00:00Z,XTZUSDT,trade,rebalance,-1193.3097162213321,2.661,-3175.3971548649647,0,0,1.5876985774324823,0.79384928871624116,,
2020-05-07T00:00:00Z,ZECUSDT,trade,rebalance,-82.284290283882498,42.270000000000003,-3478.1569502997136,0,0,1.7390784751498569,0.86953923757492846,,
2020-05-14T00:00:00Z,ADAUSDT,trade,rebalance,-4035.261230690754,0.05142,-207.49313248211857,0,0,0.10374656624105928,0.051873283120529641,,
2020-05-14T00:00:00Z,ATOMUSDT,trade,rebalance,-1361.2636775423493,2.5390000000000001,-3456.2484772800253,0,0,1.7281242386400124,0.86406211932000621,,
2020-05-14T00:00:00Z,BATUSDT,trade,rebalance,17069.5894378466,0.20250000000000001,3456.5918611639368,0,0,1.7282959305819685,0.86414796529098425,,
2020-05-14T00:00:00Z,BCHUSDT,trade,rebalance,14.425110496380041,239.28999999999999,3451.78469067878,0,0,1.7258923453393902,0.86294617266969509,,
2020-05-14T00:00:00Z,BNBUSDT,trade,rebalance,-0.53745111371617327,16.181999999999999,-8.6970339221551143,0,0,0.0043485169610775571,0.0021742584805387786,,
2020-05-14T00:00:00Z,ETCUSDT,trade,rebalance,-509.41794756905483,6.2110000000000003,-3163.9948723513999,0,0,1.5819974361756999,0.79099871808784994,,
2020-05-14T00:00:00Z,IOTAUSDT,trade,rebalance,14700.279981624157,0.19209999999999999,2823.9237844700006,0,0,1.4119618922350001,0.70598094611750006,,
2020-05-14T00:00:00Z,LINKUSDT,trade,rebalance,52.606900383571542,3.7679999999999998,198.22280064529755,0,0,0.099111400322648771,0.049555700161324386,,
2020-05-14T00:00:00Z,LTCUSDT,trade,rebalance,-80.019026276050127,43.170000000000002,-3454.421364337084,0,0,1.7272106821685418,0.86360534108427089,,
2020-05-14T00:00:00Z,NEOUSDT,trade,rebalance,335.8445290705933,10.284000000000001,3453.8251369619816,0,0,1.7269125684809907,0.86345628424049536,,
2020-05-14T00:00:00Z,ONTUSDT,trade,rebalance,-1521.0343355654377,0.46650000000000003,-709.56251754127675,0,0,0.35478125877063837,0.17739062938531919,,
2020-05-14T00:00:00Z,TRXUSDT,trade,rebalance,-223971.35077801082,0.01499,-3357.330548162382,0,0,1.6786652740811911,0.83933263704059557,,
2020-05-14T00:00:00Z,VETUSDT,trade,rebalance,-44618.094241649611,0.0044590000000000003,-198.95208222351562,0,0,0.099476041111757812,0.049738020555878906,,
2020-05-14T00:00:00Z,XLMUSDT,trade,rebalance,-49979.811971152536,0.069690000000000002,-3483.0930962696202,0,0,1.7415465481348102,0.87077327406740512,,
2020-05-14T00:00:00Z,XMRUSDT,trade,rebalance,60.181241118177446,64.989999999999995,3911.1788602703518,0,0,1.9555894301351759,0.97779471506758797,,
2020-05-14T00:00:00Z,XTZUSDT,trade,rebalance,-1345.5692240340043,2.5699999999999998,-3458.1129057673907,0,0,1.7290564528836951,0.86452822644184757,,
2020-05-14T00:00:00Z,ZECUSDT,trade,rebalance,82.284290283882498,42.890000000000001,3529.1732102757205,0,0,1.7645866051378603,0.88229330256893013,,
2020-05-21T00:00:00Z,ADAUSDT,trade,rebalance,-6821.5106827752243,0.056930000000000001,-388.34860317039352,0,0,0.19417430158519675,0.097087150792598373,,
2020-05-21T00:00:00Z,ATOMUSDT,trade,rebalance,1361.2636775423493,2.702,3678.1344567194278,0,0,1.8390672283597138,0.91953361417985691,,
2020-05-21T00:00:00Z,BATUSDT,trade,rebalance,-221.09348100129139,0.20380000000000001,-45.058851428063186,0,0,0.022529425714031593,0.011264712857015797,,
2020-05-21T00:00:00Z,BCHUSDT,trade,rebalance,-14.316026670429508,239.83000000000001,-3433.4126763691092,0,0,1.7167063381845546,0.85835316909227732,,
2020-05-21T00:00:00Z,BNBUSDT,trade,rebalance,10.042156478178811,16.890999999999998,169.62206507291828,0,0,0.084811032536459136,0.042405516268229568,,
2020-05-21T00:00:00Z,DASHUSDT,trade,rebalance,-43.849382717258344,78.209999999999994,-3429.4602223167749,0,0,1.7147301111583875,0.85736505557919374,,
2020-05-21T00:00:00Z,IOTAUSDT,trade,rebalance,2525.833657078987,0.1993,503.39864785584211,0,0,0.25169932392792105,0.12584966196396052,,
2020-05-21T00:00:00Z,LINKUSDT,trade,rebalance,78.306552983040092,4.0860000000000003,319.96057548870186,0,0,0.15998028774435091,0.079990143872175457,,
2020-05-21T00:00:00Z,LTCUSDT,trade,rebalance,80.019026276050127,44.25,3540.8419127152183,0,0,1.7704209563576092,0.88521047817880461,,
2020-05-21T00:00:00Z,NEOUSDT,trade,rebalance,3.0213253119298429,10.132,30.612068060473167,0,0,0.015306034030236584,0.0076530170151182918,,
2020-05-21T00:00:00Z,VETUSDT,trade,rebalance,-16716.480634167674,0.004529,-75.708940792145398,0,0,0.037854470396072704,0.018927235198036352,,
2020-05-21T00:00:00Z,XTZUSDT,trade,rebalance,129.84242241194079,2.8210000000000002,366.285473624085,0,0,0.18314273681204249,0.091571368406021245,,
2020-05-28T00:00:00Z,ADAUSDT,trade,rebalance,-60327.618525416961,0.055070000000000001,-3322.2419521947122,0,0,1.6611209760973562,0.8305604880486781,,
2020-05-28T00:00:00Z,BATUSDT,trade,rebalance,-119.86486658320064,0.20710000000000001,-24.824013869380853,0,0,0.012412006934690425,0.0062060034673452127,,
2020-05-28T00:00:00Z,BCHUSDT,trade,rebalance,-0.55258674685531339,232.84999999999999,-128.66982400525973,0,0,0.064334912002629863,0.032167456001314931,,
2020-05-28T00:00:00Z,BNBUSDT,trade,rebalance,-7.1097021369548372,16.481000000000002,-117.17500091915268,0,0,0.058587500459576336,0.029293750229788168,,
2020-05-28T00:00:00Z,DASHUSDT,trade,rebalance,-3.2427979011704053,73.670000000000002,-238.89692137922376,0,0,0.11944846068961187,0.059724230344805937,,
2020-05-28T00:00:00Z,IOSTUSDT,trade,rebalance,785154.75428064994,0.0044099999999999999,3462.532466377666,0,0,1.7312662331888329,0.86563311659441644,,
2020-05-28T00:00:00Z,IOTAUSDT,trade,rebalance,-8507.9471403258649,0.19639999999999999,-1670.9608183599998,0,0,0.83548040917999988,0.41774020458999994,,
2020-05-28T00:00:00Z,LINKUSDT,trade,rebalance,839.95511051021037,3.8559999999999999,3238.8669061273713,0,0,1.6194334530636858,0.8097167265318429,,
2020-05-28T00:00:00Z,NEOUSDT,trade,rebalance,-338.86585438252314,10.007999999999999,-3391.3694706602914,0,0,1.6956847353301459,0.84784236766507293,,
2020-05-28T00:00:00Z,ONTUSDT,trade,rebalance,6853.7862145175532,0.50480000000000003,3459.7912810884609,0,0,1.7298956405442303,0.86494782027211514,,
2020-05-28T00:00:00Z,QTUMUSDT,trade,rebalance,1745.2585874694378,1.6359999999999999,2855.2430491,0,0,1.4276215245499999,0.71381076227499995,,
2020-05-28T00:00:00Z,VETUSDT,trade,rebalance,-50393.46866970975,0.0048999999999999998,-246.92799648157776,0,0,0.12346399824078888,0.06173199912039444,,
2020-05-28T00:00:00Z,XLMUSDT,trade,rebalance,-52498.683566567299,0.066009999999999999,-3465.4381022291072,0,0,1.7327190511145534,0.86635952555727669,,
2020-05-28T00:00:00Z,XMRUSDT,trade,rebalance,-53.793223582723662,64.480000000000004,-3468.587056614022,0,0,1.7342935283070111,0.86714676415350556,,
2020-05-28T00:00:00Z,XTZUSDT,trade,rebalance,1215.7268016220635,2.7120000000000002,3297.0510859990363,0,0,1.648525542999518,0.82426277149975902,,
2020-06-04T00:00:00Z,ADAUSDT,trade,rebalance,41334.446602563985,0.085610000000000006,3538.6419736455032,0,0,1.7693209868227517,0.88466049341137587,,
2020-06-04T00:00:00Z,BATUSDT,trade,rebalance,-16728.631090262108,0.2248,-3760.5962690909219,0,0,1.880298134545461,0.94014906727273051,,
2020-06-04T00:00:00Z,BCHUSDT,trade,rebalance,0.91031087112871489,253.49000000000001,230.75470272241796,0,0,0.11537735136120898,0.057688675680604491,,
2020-06-04T00:00:00Z,BNBUSDT,trade,rebalance,210.23244887671325,17.573,3694.4148241104822,0,0,1.8472074120552411,0.92360370602762054,,
2020-06-04T00:00:00Z,BTCUSDT,trade,rebalance,-0.36569426651714576,9663.5799999999999,-3533.9158000297593,0,0,1.7669579000148798,0.88347895000743992,,
2020-06-04T00:00:00Z,DASHUSDT,trade,rebalance,47.092180618428749,78.25,3684.9631333920497,0,0,1.8424815666960246,0.92124078334801229,,
2020-06-04T00:00:00Z,IOSTUSDT,trade,rebalance,-78422.141106659546,0.0050159999999999996,-393.36545979100424,0,0,0.19668272989550212,0.098341364947751059,,
2020-06-04T00:00:00Z,IOTAUSDT,trade,rebalance,-8718.1664983772789,0.2515,-2192.6188743418857,0,0,1.096309437170943,0.54815471858547149,,
2020-06-04T00:00:00Z,LINKUSDT,trade,rebalance,-787.48034645528014,4.492,-3537.3617162771184,0,0,1.7686808581385591,0.88434042906927957,,
2020-06-04T00:00:00Z,LTCUSDT,trade,rebalance,-74.930427678958637,47.200000000000003,-3536.716186446848,0,0,1.768358093223424,0.88417904661171198,,
2020-06-04T00:00:00Z,ONTUSDT,trade,rebalance,-992.60659356538224,0.60399999999999998,-599.53438251349087,0,0,0.29976719125674545,0.14988359562837272,,
2020-06-04T00:00:00Z,QTUMUSDT,trade,rebalance,186.50704629521238,1.835,342.2404299517147,0,0,0.17112021497585736,0.08556010748792868,,
2020-06-04T00:00:00Z,VETUSDT,trade,rebalance,-210297.26139972627,0.0071040000000000001,-1493.9517449836553,0,0,0.74697587249182762,0.37348793624591381,,
2020-06-04T00:00:00Z,XLMUSDT,trade,rebalance,52498.683566567306,0.082900000000000001,4352.1408676684296,0,0,2.1760704338342149,1.0880352169171075,,
2020-06-04T00:00:00Z,XMRUSDT,trade,rebalance,53.793223582723662,67.239999999999995,3617.0563537023386,0,0,1.8085281768511694,0.9042640884255847,,
2020-06-04T00:00:00Z,XTZUSDT,trade,rebalance,-1162.16618735938,3.044,-3537.633874321953,0,0,1.7688169371609765,0.88440846858048827,,
2020-06-11T00:00:00Z,ADAUSDT,trade,rebalance,1606.6807029387055,0.083650000000000002,134.39884080082271,0,0,0.067199420400411353,0.033599710200205676,,
2020-06-11T00:00:00Z,BATUSDT,trade,rebalance,14350.00174194252,0.25030000000000002,3591.8054360082133,0,0,1.7959027180041067,0.89795135900205336,,
2020-06-11T00:00:00Z,BCHUSDT,trade,rebalance,13.958302546156107,257,3587.2837543621195,0,0,1.7936418771810596,0.8968209385905298,,
2020-06-11T00:00:00Z,BTCUSDT,trade,rebalance,0.0024968924131339443,9884.9899999999998,24.681756534904906,0,0,0.012340878267452454,0.0061704391337262269,,
2020-06-11T00:00:00Z,DASHUSDT,trade,rebalance,-45.873455961108952,78.319999999999993,-3592.8090708740528,0,0,1.7964045354370264,0.89820226771851319,,
2020-06-11T00:00:00Z,EOSUSDT,trade,rebalance,1301.8994810272843,2.7570000000000001,3589.3368691922228,0,0,1.7946684345961115,0.89733421729805574,,
2020-06-11T00:00:00Z,ETCUSDT,trade,rebalance,-527.2912423132226,6.8090000000000002,-3590.3260689107328,0,0,1.7951630344553664,0.8975815172276832,,
2020-06-11T00:00:00Z,IOSTUSDT,trade,rebalance,-71676.694227827829,0.0056559999999999996,-405.40338255259417,0,0,0.20270169127629709,0.10135084563814854,,
2020-06-11T00:00:00Z,LINKUSDT,trade,rebalance,-24.384867820917862,4.4269999999999996,-107.95180984320336,0,0,0.053975904921601682,0.026987952460800841,,
2020-06-11T00:00:00Z,LTCUSDT,trade,rebalance,74.930427678958637,46.689999999999998,3498.5016683305785,0,0,1.7492508341652895,0.87462541708264474,,
2020-06-11T00:00:00Z,ONTUSDT,trade,rebalance,-5861.1796209521708,0.60589999999999999,-3551.28873233492,0,0,1.7756443661674599,0.88782218308372995,,
2020-06-11T00:00:00Z,QTUMUSDT,trade,rebalance,-1931.7656337646501,1.8660000000000001,-3604.6746726048373,0,0,1.8023373363024189,0.90116866815120944,,
2020-06-11T00:00:00Z,VETUSDT,trade,rebalance,-99433.80657265929,0.008992,-894.1087887013523,0,0,0.44705439435067618,0.22352719717533809,,
2020-06-11T00:00:00Z,XLMUSDT,trade,rebalance,-7.2759576141834259e-12,0.079020000000000007,-5.7494617067277437e-13,0,0,2.8747308533638715e-16,1.4373654266819358e-16,,
2020-06-11T00:00:00Z,XTZUSDT,trade,rebalance,-81.422978434939751,2.8919999999999999,-235.47525363384574,0,0,0.11773762681692287,0.058868813408461437,,
2020-06-18T00:00:00Z,ADAUSDT,trade,rebalance,308.72583797904372,0.083419999999999994,25.753909404211825,0,0,0.012876954702105911,0.0064384773510529555,,
2020-06-18T00:00:00Z,BATUSDT,trade,rebalance,-14350.00174194252,0.22359999999999999,-3208.6603894983473,0,0,1.6043301947491737,0.80216509737458686,,
2020-06-18T00:00:00Z,BNBUSDT,trade,rebalance,-220.16709668346542,16.388999999999999,-3608.3185475453147,0,0,1.8041592737726573,0.90207963688632864,,
2020-06-18T00:00:00Z,BTCUSDT,trade,rebalance,0.36319737410401182,9458.4500000000007,3435.284203094091,0,0,1.7176421015470456,0.85882105077352278,,
2020-06-18T00:00:00Z,DASHUSDT,trade,rebalance,-4.0809324497391373,72.420000000000002,-295.54112801010831,0,0,0.14777056400505417,0.073885282002527086,,
2020-06-18T00:00:00Z,EOSUSDT,trade,rebalance,104.04449100202851,2.5680000000000001,267.1862528932092,0,0,0.13359312644660459,0.066796563223302297,,
2020-06-18T00:00:00Z,ETCUSDT,trade,rebalance,-47.271587597164284,6.282,-296.96011328538606,0,0,0.14848005664269304,0.074240028321346518,,
2020-06-18T00:00:00Z,IOSTUSDT,trade,rebalance,-1741.6006477437913,0.0057149999999999996,-9.9532477018557675,0,0,0.0049766238509278832,0.0024883119254639416,,
2020-06-18T00:00:00Z,LINKUSDT,trade,rebalance,-54.620838158575225,4.1630000000000003,-227.38654925414866,0,0,0.11369327462707433,0.056846637313537167,,
2020-06-18T00:00:00Z,ONTUSDT,trade,rebalance,6379.9840481866886,0.56659999999999999,3614.8989617025777,0,0,1.8074494808512889,0.90372474042564443,,
2020-06-18T00:00:00Z,VETUSDT,trade,rebalance,2015.2972681496756,0.0090139999999999994,18.165889575101176,0,0,0.009082944787550588,0.004541472393775294,,
2020-06-18T00:00:00Z,XTZUSDT,trade,rebalance,-104.47034792375325,2.6800000000000002,-279.98053243565874,0,0,0.13999026621782937,0.069995133108914684,,
2020-06-25T00:00:00Z,ADAUSDT,trade,rebalance,645.6087714843743,0.082449999999999996,53.230443208886655,0,0,0.026615221604443327,0.013307610802221663,,
2020-06-25T00:00:00Z,BATUSDT,trade,rebalance,14539.418848248324,0.249,3620.3152932138328,0,0,1.8101576466069165,0.90507882330345824,,
2020-06-25T00:00:00Z,BCHUSDT,trade,rebalance,-15.553733121536183,232.81,-3621.0646080248389,0,0,1.8105323040124197,0.90526615200620986,,
2020-06-25T00:00:00Z,BNBUSDT,trade,rebalance,220.16709668346542,16.036999999999999,3530.8197295127347,0,0,1.7654098647563674,0.8827049323781837,,
2020-06-25T00:00:00Z,DASHUSDT,trade,rebalance,-0.074637665710561407,72.390000000000001,-5.4030206207875402,0,0,0.00270151031039377,0.001350755155196885,,
2020-06-25T00:00:00Z,EOSUSDT,trade,rebalance,-1405.9439720293128,2.5009999999999999,-3516.2658740453112,0,0,1.7581329370226555,0.87906646851132775,,
2020-06-25T00:00:00Z,ETCUSDT,trade,rebalance,-7.4440107069116275,6.2169999999999996,-46.279414564869583,0,0,0.02313970728243479,0.011569853641217395,,
2020-06-25T00:00:00Z,IOSTUSDT,trade,rebalance,-62782.582133949974,0.006352,-398.79496171485022,0,0,0.19939748085742509,0.099698740428712546,,
2020-06-25T00:00:00Z,LINKUSDT,trade,rebalance,1635.4000231696609,4.71,7702.7341091291028,0,0,3.8513670545645518,1.9256835272822759,,
2020-06-25T00:00:00Z,LTCUSDT,trade,rebalance,-84.922128239000529,42.649999999999999,-3621.9287693933725,0,0,1.8109643846966861,0.90548219234834304,,
2020-06-25T00:00:00Z,ONTUSDT,trade,rebalance,-6379.9840481866886,0.60809999999999997,-3879.6682997023254,0,0,1.9398341498511624,0.96991707492558121,,
2020-06-25T00:00:00Z,VETUSDT,trade,rebalance,1573.5734874581685,0.0089899999999999997,14.146425652248935,0,0,0.0070732128261244672,0.0035366064130622336,,
2020-06-25T00:00:00Z,XMRUSDT,trade,rebalance,-55.840199552177936,64.939999999999998,-3626.2625589184349,0,0,1.8131312794592174,0.90656563972960869,,
2020-06-25T00:00:00Z,XTZUSDT,trade,rebalance,1348.059513718073,2.629,3544.0484615648143,0,0,1.7720242307824072,0.88601211539120361,,
2020-07-02T00:00:00Z,ADAUSDT,trade,rebalance,-5973.4836925874115,0.096640000000000004,-577.27746405164748,0,0,0.28863873202582374,0.14431936601291187,,
2020-07-02T00:00:00Z,BATUSDT,trade,rebalance,-259.23679227075263,0.25609999999999999,-66.390542500539752,0,0,0.03319527125026988,0.01659763562513494,,
2020-07-02T00:00:00Z,BCHUSDT,trade,rebalance,-0.85081965396220482,223.81999999999999,-190.43045494982067,0,0,0.095215227474910333,0.047607613737455166,,
2020-07-02T00:00:00Z,DASHUSDT,trade,rebalance,-3.6936281507232565,68.379999999999995,-252.57029294645625,0,0,0.12628514647322814,0.063142573236614069,,
2020-07-02T00:00:00Z,ETCUSDT,trade,rebalance,-60.541921325914473,5.7050000000000001,-345.39166116434205,0,0,0.17269583058217103,0.086347915291085514,,
2020-07-02T00:00:00Z,IOSTUSDT,trade,rebalance,76656.192762072198,0.0056769999999999998,435.17720631028385,0,0,0.21758860315514195,0.10879430157757097,,
2020-07-02T00:00:00Z,LINKUSDT,trade,rebalance,10.964832142576711,4.7060000000000004,51.600500062966006,0,0,0.025800250031483007,0.012900125015741504,,
2020-07-02T00:00:00Z,LTCUSDT,trade,rebalance,84.922128239000529,41.780000000000001,3548.0465178254422,0,0,1.7740232589127212,0.88701162945636058,,
2020-07-02T00:00:00Z,ONTUSDT,trade,rebalance,6306.5260024225263,0.58220000000000005,3671.6594386103952,0,0,1.8358297193051978,0.91791485965259889,,
2020-07-02T00:00:00Z,QTUMUSDT,trade,rebalance,-1065.6217322074788,1.6579999999999999,-1766.8008319999999,0,0,0.88340041600000008,0.44170020800000004,,
2020-07-02T00:00:00Z,VETUSDT,trade,rebalance,-402047.68538772839,0.0094269999999999996,-3790.1035301501151,0,0,1.8950517650750576,0.94752588253752879,,
2020-07-02T00:00:00Z,XLMUSDT,trade,rebalance,-53677.577605170678,0.068400000000000002,-3671.5463081936746,0,0,1.8357731540968372,0.91788657704841858,,
2020-07-02T00:00:00Z,XMRUSDT,trade,rebalance,41.861159543734487,64.480000000000004,2699.20756738,0,0,1.3496037836899999,0.67480189184499995,,
2020-07-09T00:00:00Z,ADAUSDT,trade,rebalance,-9307.9851447892033,0.13008,-1210.7827076341796,0,0,0.60539135381708986,0.30269567690854493,,
2020-07-09T00:00:00Z,ATOMUSDT,trade,rebalance,1045.1096203467496,3.5550000000000002,3715.3647003326951,0,0,1.8576823501663475,0.92884117508317376,,
2020-07-09T00:00:00Z,BATUSDT,trade,rebalance,-14280.182055977572,0.26479999999999998,-3781.3922084228607,0,0,1.8906961042114305,0.94534805210571526,,
2020-07-09T00:00:00Z,BCHUSDT,trade,rebalance,1.1241253444019197,243.34,273.54466130676315,0,0,0.13677233065338157,0.068386165326690784,,
2020-07-09T00:00:00Z,BTCUSDT,trade,rebalance,-0.39399963031800717,9436.0799999999999,-3717.8120316511408,0,0,1.8589060158255704,0.92945300791278518,,
2020-07-09T00:00:00Z,DASHUSDT,trade,rebalance,53.722654227281907,72.719999999999999,3906.7114154079404,0,0,1.9533557077039703,0.97667785385198513,,
2020-07-09T00:00:00Z,ETCUSDT,trade,rebalance,81.997501523775099,6.6390000000000002,544.38141261634291,0,0,0.27219070630817144,0.13609535315408572,,
2020-07-09T00:00:00Z,ETHUSDT,trade,rebalance,-15.050886413525122,247.09999999999999,-3719.0740327820577,0,0,1.8595370163910288,0.92976850819551438,,
2020-07-09T00:00:00Z,IOSTUSDT,trade,rebalance,-87050.860840731068,0.0066470000000000001,-578.62707200833938,0,0,0.2893135360041697,0.14465676800208485,,
2020-07-09T00:00:00Z,LINKUSDT,trade,rebalance,-779.87880287746441,6.5019999999999998,-5070.7719763092737,0,0,2.535385988154637,1.2676929940773185,,
2020-07-09T00:00:00Z,ONTUSDT,trade,rebalance,-6306.5260024225263,0.6532,-4119.422784782394,0,0,2.0597113923911969,1.0298556961955985,,
2020-07-09T00:00:00Z,QTUMUSDT,trade,rebalance,1065.6217322074788,2.024,2156.8183859879368,0,0,1.0784091929939685,0.53920459649698427,,
2020-07-09T00:00:00Z,TRXUSDT,trade,rebalance,207500.23160487355,0.017919999999999998,3718.4041503593339,0,0,1.859202075179667,0.92960103758983348,,
2020-07-09T00:00:00Z,VETUSDT,trade,rebalance,186638.11316867601,0.019916,3717.0846618673513,0,0,1.8585423309336759,0.92927116546683797,,
2020-07-09T00:00:00Z,XLMUSDT,trade,rebalance,53677.577605170678,0.08541,4584.6019032576278,0,0,2.292300951628814,1.146150475814407,,
2020-07-09T00:00:00Z,XMRUSDT,trade,rebalance,13.979040008443448,66.310000000000002,926.95014295988506,0,0,0.46347507147994255,0.23173753573997127,,
2020-07-09T00:00:00Z,XTZUSDT,trade,rebalance,-1401.8385499765009,2.6539999999999999,-3720.4795116376331,0,0,1.8602397558188164,0.9301198779094082,,
2020-07-16T00:00:00Z,ADAUSDT,trade,rebalance,-28613.993077589494,0.13074,-3740.9934549640502,0,0,1.870496727482025,0.9352483637410125,,
2020-07-16T00:00:00Z,ATOMUSDT,trade,rebalance,-129.30213978929964,4.0570000000000004,-524.5787811251887,0,0,0.26228939056259432,0.13114469528129716,,
2020-07-16T00:00:00Z,BATUSDT,trade,rebalance,-14258.017308755689,0.26019999999999999,-3709.93610373823,0,0,1.8549680518691152,0.92748402593455759,,
2020-07-16T00:00:00Z,BCHUSDT,trade,rebalance,-1.0178557101710144,227.65000000000001,-231.71485242043144,0,0,0.11585742621021573,0.057928713105107867,,
2020-07-16T00:00:00Z,BTCUSDT,trade,rebalance,-0.0093040163207425697,9197.75,-85.576016114109976,0,0,0.042788008057054988,0.021394004028527494,,
2020-07-16T00:00:00Z,DASHUSDT,trade,rebalance,52.111431509109536,71.180000000000007,3709.291694818417,0,0,1.8546458474092085,0.92732292370460423,,
2020-07-16T00:00:00Z,EOSUSDT,trade,rebalance,-1462.4693099819413,2.5379999999999998,-3711.7471087341664,0,0,1.8558735543670832,0.92793677718354162,,
2020-07-16T00:00:00Z,ETCUSDT,trade,rebalance,560.55126041943788,6.2270000000000003,3490.55269863184,0,0,1.74527634931592,0.87263817465796001,,
2020-07-16T00:00:00Z,ETHUSDT,trade,rebalance,-0.49971834948638083,238.59,-119.22780100395561,0,0,0.059613900501977797,0.029806950250988899,,
2020-07-16T00:00:00Z,IOSTUSDT,trade,rebalance,-560137.06808580994,0.0060340000000000003,-3379.8670688297775,0,0,1.6899335344148887,0.84496676720744435,,
2020-07-16T00:00:00Z,LINKUSDT,trade,rebalance,429.39075274748029,8.6400000000000006,3709.93610373823,0,0,1.8549680518691152,0.92748402593455759,,
2020-07-16T00:00:00Z,QTUMUSDT,trade,rebalance,1617.1187282552814,2.2949999999999999,3711.2874813458707,0,0,1.8556437406729354,0.92782187033646768,,
2020-07-16T00:00:00Z,TRXUSDT,trade,rebalance,-207500.23160487355,0.017590000000000001,-3649.9290739297262,0,0,1.824964536964863,0.91248226848243152,,
2020-07-16T00:00:00Z,VETUSDT,trade,rebalance,-186638.11316867601,0.018998000000000001,-3545.7508739785071,0,0,1.7728754369892537,0.88643771849462683,,
2020-07-16T00:00:00Z,XLMUSDT,trade,rebalance,39287.685097302026,0.094439999999999996,3710.3289805892032,0,0,1.8551644902946016,0.92758224514730081,,
2020-07-16T00:00:00Z,XTZUSDT,trade,rebalance,1401.8385499765009,3.2210000000000001,4515.3219694743093,0,0,2.2576609847371545,1.1288304923685772,,
2020-07-23T00:00:00Z,ADAUSDT,trade,rebalance,-29608.213784983647,0.1239,-3668.4576879594738,0,0,1.834228843979737,0.91711442198986848,,
2020-07-23T00:00:00Z,ATOMUSDT,trade,rebalance,-1.4450283882245003,4.0149999999999997,-5.8017889787213681,0,0,0.0029008944893606841,0.0014504472446803421,,
2020-07-23T00:00:00Z,BATUSDT,trade,rebalance,14258.017308755689,0.26279999999999998,3747.0069487409946,0,0,1.873503474370497,0.93675173718524851,,
2020-07-23T00:00:00Z,BCHUSDT,trade,rebalance,16.298283141267483,240.13,3913.7067307125603,0,0,1.9568533653562801,0.97842668267814004,,
2020-07-23T00:00:00Z,BTCUSDT,trade,rebalance,0.017886294078885756,9518.25,170.24621861635435,0,0,0.085123109308177181,0.04256155465408859,,
2020-07-23T00:00:00Z,DASHUSDT,trade,rebalance,-52.111431509109536,73.459999999999994,-3828.105758659186,0,0,1.914052879329593,0.9570264396647965,,
2020-07-23T00:00:00Z,EOSUSDT,trade,rebalance,1462.4693099819413,2.6619999999999999,3893.0933031719273,0,0,1.9465466515859635,0.97327332579298176,,
2020-07-23T00:00:00Z,ETCUSDT,trade,rebalance,-576.52399152961368,6.3639999999999999,-3668.9986820944614,0,0,1.8344993410472308,0.91724967052361539,,
2020-07-23T00:00:00Z,ETHUSDT,trade,rebalance,15.550604763011503,264.30000000000001,4110.0248388639402,0,0,2.0550124194319701,1.0275062097159851,,
2020-07-23T00:00:00Z,LINKUSDT,trade,rebalance,61.374345526751647,7.4790000000000001,459.0187301945756,0,0,0.22950936509728781,0.1147546825486439,,
2020-07-23T00:00:00Z,QTUMUSDT,trade,rebalance,-73.632398302362617,2.3780000000000001,-175.09784316301833,0,0,0.087548921581509162,0.043774460790754581,,
2020-07-23T00:00:00Z,THETAUSDT,trade,rebalance,-14302.685550834414,0.25659999999999999,-3670.0691123441106,0,0,1.8350345561720554,0.91751727808602768,,
2020-07-23T00:00:00Z,VETUSDT,trade,rebalance,-209731.9854841308,0.017491,-3668.4221581029315,0,0,1.8342110790514656,0.91710553952573282,,
2020-07-23T00:00:00Z,XLMUSDT,trade,rebalance,-1689.4350175334985,0.097600000000000006,-164.88885771126945,0,0,0.08244442885563473,0.041222214427817365,,
2020-07-23T00:00:00Z,XTZUSDT,trade,rebalance,1179.8670110667931,3.1110000000000002,3670.5662714287937,0,0,1.8352831357143968,0.91764156785719841,,
2020-07-30T00:00:00Z,ADAUSDT,trade,rebalance,8221.4913946330962,0.13985,1149.7755715394385,0,0,0.57488778576971922,0.28744389288485961,,
2020-07-30T00:00:00Z,ATOMUSDT,trade,rebalance,-914.36245216922543,3.6389999999999998,-3327.3649634438111,0,0,1.6636824817219054,0.83184124086095268,,
2020-07-30T00:00:00Z,BNBUSDT,trade,rebalance,150.25284468454362,19.905999999999999,2990.9331262905253,0,0,1.4954665631452626,0.7477332815726313,,
2020-07-30T00:00:00Z,BTCUSDT,trade,rebalance,0.11627137460580389,11113.01,1292.1249487080447,0,0,0.64606247435402242,0.32303123717701121,,
2020-07-30T00:00:00Z,DASHUSDT,trade,rebalance,36.702930841413945,81.549999999999997,2993.1240101173071,0,0,1.4965620050586534,0.74828100252932672,,
2020-07-30T00:00:00Z,ETCUSDT,trade,rebalance,576.52399152961368,7.2679999999999998,4190.1763704372324,0,0,2.0950881852186161,1.047544092609308,,
2020-07-30T00:00:00Z,IOSTUSDT,trade,rebalance,-524525.42212710681,0.005705,-2992.4175332351442,0,0,1.4962087666175721,0.74810438330878604,,
2020-07-30T00:00:00Z,LINKUSDT,trade,rebalance,-490.76509827423195,7.0839999999999996,-3476.5799561746589,0,0,1.7382899780873295,0.86914498904366477,,
2020-07-30T00:00:00Z,LTCUSDT,trade,rebalance,54.183571128451533,55.200000000000003,2990.9331262905248,0,0,1.4954665631452624,0.74773328157263119,,
2020-07-30T00:00:00Z,QTUMUSDT,trade,rebalance,-1543.4863299529188,2.3530000000000002,-3631.8233343792185,0,0,1.8159116671896092,0.90795583359480458,,
2020-07-30T00:00:00Z,THETAUSDT,trade,rebalance,2261.8919667340742,0.2487,562.53253212676429,0,0,0.28126626606338212,0.14063313303169106,,
2020-07-30T00:00:00Z,TRXUSDT,trade,rebalance,-156064.77987854354,0.019189999999999999,-2994.8831258692503,0,0,1.4974415629346252,0.74872078146731258,,
2020-07-30T00:00:00Z,VETUSDT,trade,rebalance,17878.953818338108,0.015589,278.71501107407278,0,0,0.13935750553703638,0.06967875276851819,,
2020-07-30T00:00:00Z,XLMUSDT,trade,rebalance,-6127.4742442404677,0.095130000000000006,-582.90662485459575,0,0,0.29145331242729788,0.14572665621364894,,
2020-07-30T00:00:00Z,XRPUSDT,trade,rebalance,12291.2677499081,0.24349999999999999,2992.9236971026221,0,0,1.496461848551311,0.74823092427565552,,
2020-07-30T00:00:00Z,XTZUSDT,trade,rebalance,-105.54173186644356,2.786,-294.03926497991176,0,0,0.14701963248995589,0.073509816244977946,,
2020-08-06T00:00:00Z,ADAUSDT,trade,rebalance,215.05150944061097,0.14244000000000001,30.63193700472063,0,0,0.015315968502360314,0.007657984251180157,,
2020-08-06T00:00:00Z,BATUSDT,trade,rebalance,-11717.296269637678,0.25729999999999997,-3014.8603301777744,0,0,1.5074301650888873,0.75371508254444364,,
2020-08-06T00:00:00Z,BNBUSDT,trade,rebalance,-150.25284468454362,23.234999999999999,-3491.1248462453709,0,0,1.7455624231226856,0.87278121156134281,,
2020-08-06T00:00:00Z,BTCUSDT,trade,rebalance,0.26914597795406009,11752.5,3163.1381059050914,0,0,1.5815690529525457,0.79078452647627284,,
2020-08-06T00:00:00Z,DASHUSDT,trade,rebalance,-4.0682545271784321,92.390000000000001,-375.86603576601533,0,0,0.18793301788300767,0.093966508941503837,,
2020-08-06T00:00:00Z,ETCUSDT,trade,rebalance,416.67432058605959,7.2389999999999999,3016.3054067224853,0,0,1.5081527033612427,0.75407635168062137,,
2020-08-06T00:00:00Z,ETHUSDT,trade,rebalance,7.5192925057432962,400.94,3014.785137252717,0,0,1.5073925686263585,0.75369628431317925,,
2020-08-06T00:00:00Z,IOSTUSDT,trade,rebalance,-14131.059948607695,0.0055999999999999999,-79.133935712203098,0,0,0.039566967856101545,0.019783483928050773,,
2020-08-06T00:00:00Z,LTCUSDT,trade,rebalance,-3.0061762858479923,58.909999999999997,-177.09384499930522,0,0,0.088546922499652611,0.044273461249826306,,
2020-08-06T00:00:00Z,THETAUSDT,trade,rebalance,2445.4392550813245,0.31440000000000001,768.84610179756851,0,0,0.38442305089878426,0.19221152544939213,,
2020-08-06T00:00:00Z,TRXUSDT,trade,rebalance,156064.77987854354,0.02036,3177.4789183271464,0,0,1.5887394591635731,0.79436972958178653,,
2020-08-06T00:00:00Z,VETUSDT,trade,rebalance,31587.348813166638,0.018818999999999999,594.44231731498292,0,0,0.29722115865749149,0.14861057932874575,,
2020-08-06T00:00:00Z,XLMUSDT,trade,rebalance,-31470.77583552806,0.10765,-3387.8290186945956,0,0,1.6939145093472976,0.8469572546736488,,
2020-08-06T00:00:00Z,XRPUSDT,trade,rebalance,-2324.7873195683496,0.30249999999999999,-703.24816416942576,0,0,0.35162408208471291,0.17581204104235645,,
2020-08-06T00:00:00Z,XTZUSDT,trade,rebalance,-1074.3252792003495,3.1179999999999999,-3349.7462205466895,0,0,1.6748731102733447,0.83743655513667237,,
2020-08-06T00:00:00Z,ZECUSDT,trade,rebalance,30.912132986545416,97.530000000000001,3014.8603301777744,0,0,1.5074301650888873,0.75371508254444364,,
2020-08-06T00:00:00Z,ZILUSDT,trade,rebalance,-153525.12200734482,0.019640000000000001,-3015.2333962242524,0,0,1.5076166981121262,0.75380834905606309,,
2020-08-13T00:00:00Z,ADAUSDT,trade,rebalance,-97.486139920616552,0.13683999999999999,-13.340003386737168,0,0,0.0066700016933685848,0.0033350008466842924,,
2020-08-13T00:00:00Z,ALGOUSDT,trade,rebalance,5550.4258069039306,0.5242,2909.5332079790405,0,0,1.4547666039895202,0.72738330199476009,,
2020-08-13T00:00:00Z,BATUSDT,trade,rebalance,1018.5739241467036,0.27179999999999999,276.84839258307403,0,0,0.13842419629153702,0.069212098145768508,,
2020-08-13T00:00:00Z,COMPUSDT,trade,rebalance,-13.322640680748155,218.40000000000001,-2909.6647246753969,0,0,1.4548323623376984,0.72741618116884921,,
2020-08-13T00:00:00Z,DASHUSDT,trade,rebalance,-0.94296037852361181,91.819999999999993,-86.582621956038025,0,0,0.043291310978019013,0.021645655489009506,,
2020-08-13T00:00:00Z,ETCUSDT,trade,rebalance,-416.67432058605959,6.7629999999999999,-2817.9684301235211,0,0,1.4089842150617606,0.70449210753088032,,
2020-08-13T00:00:00Z,ETHUSDT,trade,rebalance,-7.5192925057432953,387.50999999999999,-2913.8010389005844,0,0,1.4569005194502922,0.7284502597251461,,
2020-08-13T00:00:00Z,IOSTUSDT,trade,rebalance,84624.54735759442,0.0064079999999999996,542.27409946746502,0,0,0.27113704973373254,0.13556852486686627,,
2020-08-13T00:00:00Z,LINKUSDT,trade,rebalance,176.64724116767596,16.468,2909.0267675492878,0,0,1.4545133837746438,0.72725669188732189,,
2020-08-13T00:00:00Z,LTCUSDT,trade,rebalance,-51.17739484260354,54.579999999999998,-2793.262210509301,0,0,1.3966311052546505,0.69831555262732525,,
2020-08-13T00:00:00Z,ONTUSDT,trade,rebalance,-3549.041440435572,0.81989999999999996,-2909.8590770131254,0,0,1.4549295385065626,0.7274647692532813,,
2020-08-13T00:00:00Z,THETAUSDT,trade,rebalance,9595.3543290190155,0.40560000000000002,3891.875715850113,0,0,1.9459378579250566,0.97296892896252829,,
2020-08-13T00:00:00Z,VETUSDT,trade,rebalance,18128.352366014326,0.020476000000000001,371.19614304650935,0,0,0.18559807152325469,0.092799035761627346,,
2020-08-13T00:00:00Z,XRPUSDT,trade,rebalance,323.51817503342136,0.28270000000000001,91.458588081948221,0,0,0.04572929404097411,0.022864647020487055,,
2020-08-13T00:00:00Z,XTZUSDT,trade,rebalance,665.51878420018193,4.3710000000000004,2908.9826057389955,0,0,1.4544913028694977,0.72724565143474884,,
2020-08-13T00:00:00Z,ZECUSDT,trade,rebalance,3.8635108357976269,83.709999999999994,323.41449206461931,0,0,0.16170724603230965,0.080853623016154827,,
2020-08-13T00:00:00Z,ZILUSDT,trade,rebalance,153525.12200734482,0.025610000000000001,3931.7783746081009,0,0,1.9658891873040505,0.98294459365202524,,
2020-08-20T00:00:00Z,ADAUSDT,trade,rebalance,2058.8622727524489,0.12986,267.36385473963304,0,0,0.13368192736981652,0.066840963684908258,,
2020-08-20T00:00:00Z,ALGOUSDT,trade,rebalance,-1378.9781724350041,0.59789999999999999,-824.49104929888892,0,0,0.41224552464944447,0.20612276232472224,,
2020-08-20T00:00:00Z,ATOMUSDT,trade,rebalance,-440.60789984134533,5.657,-2492.5188894024905,0,0,1.2462594447012452,0.62312972235062258,,
2020-08-20T00:00:00Z,BATUSDT,trade,rebalance,10698.722345490974,0.31869999999999998,3409.6828115079734,0,0,1.7048414057539867,0.85242070287699334,,
2020-08-20T00:00:00Z,BNBUSDT,trade,rebalance,-111.42325618692227,22.393000000000001,-2495.1009757937504,0,0,1.2475504878968751,0.62377524394843753,,
2020-08-20T00:00:00Z,COMPUSDT,trade,rebalance,13.322640680748155,181.50999999999999,2418.1925099625973,0,0,1.2090962549812987,0.60454812749064935,,
2020-08-20T00:00:00Z,DASHUSDT,trade,rebalance,-31.691715935711898,87.840000000000003,-2783.8003277929333,0,0,1.3919001638964665,0.69595008194823327,,
2020-08-20T00:00:00Z,EOSUSDT,trade,rebalance,743.59732723790319,3.3519999999999999,2492.5382409014514,0,0,1.2462691204507257,0.62313456022536284,,
2020-08-20T00:00:00Z,IOSTUSDT,trade,rebalance,89625.75914773246,0.0068450000000000004,613.48832136622877,0,0,0.30674416068311439,0.15337208034155719,,
2020-08-20T00:00:00Z,KNCUSDT,trade,rebalance,-1565.4582252978259,1.59402,-2495.3717202892403,0,0,1.2476858601446201,0.62384293007231006,,
2020-08-20T00:00:00Z,LINKUSDT,trade,rebalance,-22.905510947160735,16.216999999999999,-371.45867103010562,0,0,0.1857293355150528,0.092864667757526401,,
2020-08-20T00:00:00Z,LTCUSDT,trade,rebalance,40.098749049251154,62.149999999999999,2492.1372534109591,0,0,1.2460686267054797,0.62303431335273984,,
2020-08-20T00:00:00Z,OMGUSDT,trade,rebalance,738.52357334677572,3.3763000000000001,2493.4771406907189,0,0,1.2467385703453595,0.62336928517267975,,
2020-08-20T00:00:00Z,ONTUSDT,trade,rebalance,3549.041440435572,0.77980000000000005,2767.5425152516591,0,0,1.3837712576258294,0.69188562881291471,,
2020-08-20T00:00:00Z,THETAUSDT,trade,rebalance,6162.8440499276703,0.4047,2494.1029870057282,0,0,1.247051493502864,0.62352574675143202,,
2020-08-20T00:00:00Z,VETUSDT,trade,rebalance,2669.6640567360737,0.017885000000000002,47.746941654724679,0,0,0.023873470827362339,0.01193673541368117,,
2020-08-20T00:00:00Z,XLMUSDT,trade,rebalance,-24376.515901669347,0.10224999999999999,-2492.4987509456905,0,0,1.2462493754728454,0.62312468773642271,,
2020-08-20T00:00:00Z,XRPUSDT,trade,rebalance,-10289.998605373172,0.28989999999999999,-2983.0705956976826,0,0,1.4915352978488412,0.7457676489244206,,
2020-08-20T00:00:00Z,XTZUSDT,trade,rebalance,-665.51878420018193,3.637,-2420.4918181360617,0,0,1.2102459090680309,0.60512295453401543,,
2020-08-20T00:00:00Z,ZECUSDT,trade,rebalance,-34.775643822343042,76.439999999999998,-2658.250213779902,0,0,1.329125106889951,0.6645625534449755,,
2020-08-20T00:00:00Z,ZRXUSDT,trade,rebalance,4850.6184067050872,0.51380000000000003,2492.247737365074,0,0,1.2461238686825371,0.62306193434126855,,
2020-08-27T00:00:00Z,ADAUSDT,trade,rebalance,-2954.2923335744235,0.1144,-337.97104296091408,0,0,0.16898552148045703,0.084492760740228517,,
2020-08-27T00:00:00Z,ALGOUSDT,trade,rebalance,-4171.4476344689265,0.55089999999999995,-2298.0505018289314,0,0,1.1490252509144656,0.57451262545723281,,
2020-08-27T00:00:00Z,ATOMUSDT,trade,rebalance,769.38167918758336,7.7119999999999997,5933.4715098946426,0,0,2.9667357549473214,1.4833678774736607,,
2020-08-27T00:00:00Z,BATUSDT,trade,rebalance,7213.1994706395908,0.35170000000000001,2536.8822538239442,0,0,1.268441126911972,0.63422056345598599,,
2020-08-27T00:00:00Z,BCHUSDT,trade,rebalance,-9.2183156927122365,275.19999999999999,-2536.8804786344072,0,0,1.2684402393172036,0.63422011965860181,,
2020-08-27T00:00:00Z,BNBUSDT,trade,rebalance,111.42325618692229,22.210000000000001,2474.710519911544,0,0,1.237355259955772,0.618677629977886,,
2020-08-27T00:00:00Z,COMPUSDT,trade,rebalance,14.154263499703539,179.30000000000001,2537.8594454968447,0,0,1.2689297227484224,0.63446486137421121,,
2020-08-27T00:00:00Z,DASHUSDT,trade,rebalance,-29.549799650214659,85.909999999999997,-2538.6232879499412,0,0,1.2693116439749705,0.63465582198748527,,
2020-08-27T00:00:00Z,EOSUSDT,trade,rebalance,-743.59732723790319,3.121,-2320.7672583094959,0,0,1.1603836291547478,0.5801918145773739,,
2020-08-27T00:00:00Z,IOSTUSDT,trade,rebalance,364406.17557038763,0.0068259999999999996,2487.4365544434659,0,0,1.243718277221733,0.6218591386108665,,
2020-08-27T00:00:00Z,KNCUSDT,trade,rebalance,7.0454602266202064,1.62968,11.481845622118419,0,0,0.0057409228110592092,0.0028704614055296046,,
2020-08-27T00:00:00Z,LINKUSDT,trade,rebalance,-153.74173022051522,15.225,-2340.7178426073442,0,0,1.170358921303672,0.58517946065183601,,
2020-08-27T00:00:00Z,LTCUSDT,trade,rebalance,-40.098749049251154,58.200000000000003,-2333.7471946664173,0,0,1.1668735973332087,0.58343679866660436,,
2020-08-27T00:00:00Z,OMGUSDT,trade,rebalance,-276.79921456103961,5.5021000000000004,-1522.9769584362962,0,0,0.76148847921814811,0.38074423960907405,,
2020-08-27T00:00:00Z,QTUMUSDT,trade,rebalance,669.70185737440727,3.7890000000000001,2537.5003375916294,0,0,1.2687501687958147,0.63437508439790735,,
2020-08-27T00:00:00Z,THETAUSDT,trade,rebalance,-1047.6944669575842,0.496,-519.65645561096176,0,0,0.25982822780548087,0.12991411390274044,,
2020-08-27T00:00:00Z,VETUSDT,trade,rebalance,139467.66642987565,0.017132999999999999,2389.4995289430594,0,0,1.1947497644715297,0.59737488223576485,,
2020-08-27T00:00:00Z,XLMUSDT,trade,rebalance,-1471.0272483192421,0.098129999999999995,-144.35190387756722,0,0,0.072175951938783608,0.036087975969391804,,
2020-08-27T00:00:00Z,XRPUSDT,trade,rebalance,-9165.7424426341895,0.2767,-2536.1609338768803,0,0,1.26808046693844,0.63404023346922,,
2020-08-27T00:00:00Z,ZILUSDT,trade,rebalance,-113026.19732323532,0.022440000000000002,-2536.3078679334008,0,0,1.2681539339667005,0.63407696698335025,,
2020-08-27T00:00:00Z,ZRXUSDT,trade,rebalance,-1007.9323925387175,0.66149999999999998,-666.7472776643616,0,0,0.3333736388321808,0.1666868194160904,,
2020-09-03T00:00:00Z,ADAUSDT,trade,rebalance,277.2864262655894,0.11506,31.904576206118715,0,0,0.015952288103059358,0.0079761440515296791,,
2020-09-03T00:00:00Z,ATOMUSDT,trade,rebalance,-328.77377934623803,6.6449999999999996,-2184.7017637557515,0,0,1.0923508818778758,0.54617544093893788,,
2020-09-03T00:00:00Z,BATUSDT,trade,rebalance,-7213.1994706395908,0.317,-2286.5842321927503,0,0,1.1432921160963752,0.57164605804818758,,
2020-09-03T00:00:00Z,BCHUSDT,trade,rebalance,-0.31146765433885726,264.08999999999997,-82.2554928343488,0,0,0.041127746417174399,0.020563873208587199,,
2020-09-03T00:00:00Z,COMPUSDT,trade,rebalance,-2.9735680285184074,225.06,-669.23122049835274,0,0,0.33461561024917635,0.16730780512458818,,
2020-09-03T00:00:00Z,DASHUSDT,trade,rebalance,29.549799650214659,83.359999999999999,2463.2712988418939,0,0,1.2316356494209468,0.61581782471047342,,
2020-09-03T00:00:00Z,DOGEUSDT,trade,rebalance,-807294.65215414611,0.003117,-2516.3374307644735,0,0,1.2581687153822367,0.62908435769111837,,
2020-09-03T00:00:00Z,KNCUSDT,trade,rebalance,37.994748017452366,1.6528,62.79771952324527,0,0,0.031398859761622634,0.015699429880811317,,
2020-09-03T00:00:00Z,NEOUSDT,trade,rebalance,123.69644335648961,20.350000000000001,2517.2226223045636,0,0,1.2586113111522819,0.62930565557614093,,
2020-09-03T00:00:00Z,OMGUSDT,trade,rebalance,110.94106440575337,4.3868999999999998,486.68735544159944,0,0,0.24334367772079973,0.12167183886039987,,
2020-09-03T00:00:00Z,QTUMUSDT,trade,rebalance,107.15845343365471,3.242,347.40770603190856,0,0,0.17370385301595428,0.086851926507977142,,
2020-09-03T00:00:00Z,SXPUSDT,trade,rebalance,1058.4694623649366,2.3780000000000001,2517.0403815038194,0,0,1.2585201907519097,0.62926009537595484,,
2020-09-03T00:00:00Z,THETAUSDT,trade,rebalance,188.98885613406674,0.47420000000000001,89.618515578774449,0,0,0.044809257789387227,0.022404628894693614,,
2020-09-03T00:00:00Z,VETUSDT,trade,rebalance,-157221.95756104178,0.016011000000000001,-2517.2807625098403,0,0,1.2586403812549201,0.62932019062746003,,
2020-09-03T00:00:00Z,XLMUSDT,trade,rebalance,25847.543149988585,0.092429999999999998,2389.088413353445,0,0,1.1945442066767227,0.59727210333836134,,
2020-09-03T00:00:00Z,XRPUSDT,trade,rebalance,50.685530198241395,0.27600000000000002,13.989206334714627,0,0,0.0069946031673573132,0.0034973015836786566,,
2020-09-03T00:00:00Z,ZILUSDT,trade,rebalance,-10444.726659319815,0.020379999999999999,-212.86352931693781,0,0,0.10643176465846892,0.053215882329234458,,
2020-09-03T00:00:00Z,ZRXUSDT,trade,rebalance,670.11425621468015,0.55789999999999995,373.85674354217002,0,0,0.18692837177108501,0.093464185885542506,,
2020-09-10T00:00:00Z,ADAUSDT,trade,rebalance,21887.300655386942,0.093299999999999994,2042.0851511476014,0,0,1.0210425755738008,0.51052128778690042,,
2020-09-10T00:00:00Z,BANDUSDT,trade,rebalance,-251.11754003452933,8.7775999999999996,-2204.2093194070844,0,0,1.1021046597035422,0.55105232985177111,,
2020-09-10T00:00:00Z,BCHUSDT,trade,rebalance,9.5297833470510938,224.12,2135.8150437410914,0,0,1.0679075218705456,0.5339537609352728,,
2020-09-10T00:00:00Z,BNBUSDT,trade,rebalance,90.376140614431876,24.402999999999999,2205.4489594139809,0,0,1.1027244797069904,0.5513622398534952,,
2020-09-10T00:00:00Z,BTCUSDT,trade,rebalance,0.21601339292420552,10219.290000000001,2207.5035061764042,0,0,1.1037517530882022,0.55187587654410108,,
2020-09-10T00:00:00Z,COMPUSDT,trade,rebalance,1.2564516572817332,177.34,222.81913690234259,0,0,0.1114095684511713,0.055704784225585648,,
2020-09-10T00:00:00Z,DOGEUSDT,trade,rebalance,606008.36419503414,0.0027789999999999998,1684.0972440979997,0,0,0.84204862204899977,0.42102431102449989,,
2020-09-10T00:00:00Z,ETHUSDT,trade,rebalance,6.2956631810738557,350.57999999999998,2207.1335980208723,0,0,1.1035667990104361,0.55178339950521804,,
2020-09-10T00:00:00Z,KAVAUSDT,trade,rebalance,-891.61787386676258,2.4794999999999998,-2210.7665182526375,0,0,1.1053832591263189,0.55269162956315943,,
2020-09-10T00:00:00Z,KNCUSDT,trade,rebalance,-290.67101779063819,1.2178800000000001,-354.00241914686245,0,0,0.17700120957343121,0.088500604786715606,,
2020-09-10T00:00:00Z,LENDUSDT,trade,rebalance,3264.880368299162,0.67579999999999996,2206.4061528965735,0,0,1.1032030764482867,0.55160153822414337,,
2020-09-10T00:00:00Z,NEOUSDT,trade,rebalance,4.130477304358223,17.271999999999998,71.341604000875222,0,0,0.03567080200043761,0.017835401000218805,,
2020-09-10T00:00:00Z,OMGUSDT,trade,rebalance,-572.66542319148948,3.8439999999999999,-2201.3258867480854,0,0,1.1006629433740427,0.55033147168702135,,
2020-09-10T00:00:00Z,ONTUSDT,trade,rebalance,3239.955352853603,0.68149999999999999,2208.0295729697305,0,0,1.1040147864848653,0.55200739324243264,,
2020-09-10T00:00:00Z,QTUMUSDT,trade,rebalance,-776.86031080806197,2.4399999999999999,-1895.5391583716712,0,0,0.9477695791858356,0.4738847895929178,,
2020-09-10T00:00:00Z,SXPUSDT,trade,rebalance,-2291.2690906910366,1.7907,-4102.975560700439,0,0,2.0514877803502198,1.0257438901751099,,
2020-09-10T00:00:00Z,THETAUSDT,trade,rebalance,-5304.1384391041529,0.47449999999999998,-2516.8136893549204,0,0,1.2584068446774601,0.62920342233873006,,
2020-09-10T00:00:00Z,TRXUSDT,trade,rebalance,65112.867681937438,0.033939999999999998,2209.9307291249565,0,0,1.1049653645624784,0.5524826822812392,,
2020-09-10T00:00:00Z,VETUSDT,trade,rebalance,157221.95756104178,0.012851,2020.4593766169478,0,0,1.0102296883084738,0.50511484415423691,,
2020-09-10T00:00:00Z,XLMUSDT,trade,rebalance,-28219.02459981525,0.07825,-2208.1386749355433,0,0,1.1040693374677717,0.55203466873388585,,
2020-09-10T00:00:00Z,XRPUSDT,trade,rebalance,9115.0569124359481,0.23910000000000001,2179.4101077634355,0,0,1.0897050538817177,0.54485252694085884,,
2020-09-10T00:00:00Z,XTZUSDT,trade,rebalance,-872.47491756320142,2.528,-2205.6165915997731,0,0,1.1028082957998866,0.5514041478999433,,
2020-09-10T00:00:00Z,ZILUSDT,trade,rebalance,-10454.327581787627,0.016480000000000002,-172.28731854786011,0,0,0.086143659273930057,0.043071829636965028,,
2020-09-10T00:00:00Z,ZRXUSDT,trade,rebalance,-9318.2388957160529,0.4597,-4283.5944203606696,0,0,2.1417972101803349,1.0708986050901674,,
2020-09-17T00:00:00Z,BANDUSDT,trade,rebalance,-66.201813684594242,7.0697000000000001,-468.02696220597591,0,0,0.23401348110298795,0.11700674055149397,,
2020-09-17T00:00:00Z,BATUSDT,trade,rebalance,-8932.393077005514,0.25109999999999999,-2242.9239016360843,0,0,1.1214619508180421,0.56073097540902106,,
2020-09-17T00:00:00Z,BNBUSDT,trade,rebalance,-9.7418329628613947,27.815999999999999,-270.97882569495255,0,0,0.13548941284747629,0.067744706423738144,,
2020-09-17T00:00:00Z,BTCUSDT,trade,rebalance,-0.21601339292420554,10948.16,-2364.94918787707,0,0,1.182474593938535,0.59123729696926752,,
2020-09-17T00:00:00Z,COMPUSDT,trade,rebalance,-12.437147128466865,153,-1902.8835106554304,0,0,0.95144175532771513,0.47572087766385757,,
2020-09-17T00:00:00Z,DOGEUSDT,trade,rebalance,201286.287959112,0.0028080000000000002,565.21189658918649,0,0,0.28260594829459323,0.14130297414729662,,
2020-09-17T00:00:00Z,ETHUSDT,trade,rebalance,-0.15066619029006301,364.97000000000003,-54.988639470164301,0,0,0.027494319735082148,0.013747159867541074,,
2020-09-17T00:00:00Z,IOSTUSDT,trade,rebalance,336445.98705712787,0.0066819999999999996,2248.1320855157282,0,0,1.1240660427578641,0.56203302137893207,,
2020-09-17T00:00:00Z,KAVAUSDT,trade,rebalance,-13.69732547645617,2.4811000000000001,-33.984434239635405,0,0,0.016992217119817701,0.0084961085599088507,,
2020-09-17T00:00:00Z,KNCUSDT,trade,rebalance,-133.92847692196256,1.15385,-154.53337309640651,0,0,0.077266686548203262,0.038633343274101631,,
2020-09-17T00:00:00Z,LENDUSDT,trade,rebalance,432.93812938379369,0.60589999999999999,262.31721259364059,0,0,0.1311586062968203,0.065579303148410151,,
2020-09-17T00:00:00Z,LTCUSDT,trade,rebalance,-46.983849778976897,47.740000000000002,-2243.0089884483573,0,0,1.1215044942241785,0.56075224711208926,,
2020-09-17T00:00:00Z,NEOUSDT,trade,rebalance,-20.879789715790167,20.984999999999999,-438.16238718585663,0,0,0.21908119359292832,0.10954059679646416,,
2020-09-17T00:00:00Z,ONTUSDT,trade,rebalance,-501.64932760914871,0.81789999999999996,-410.29898505152272,0,0,0.20514949252576134,0.10257474626288067,,
2020-09-17T00:00:00Z,SXPUSDT,trade,rebalance,1232.7996283261,1.516,1868.9242365423677,0,0,0.93446211827118386,0.46723105913559193,,
2020-09-17T00:00:00Z,THETAUSDT,trade,rebalance,4262.4931616041131,0.52580000000000005,2241.2189043714429,0,0,1.1206094521857215,0.56030472609286075,,
2020-09-17T00:00:00Z,TRXUSDT,trade,rebalance,19846.371016399091,0.026409999999999999,524.14265854309997,0,0,0.26207132927154997,0.13103566463577498,,
2020-09-17T00:00:00Z,XLMUSDT,trade,rebalance,28219.02459981525,0.079990000000000006,2257.2397777392221,0,0,1.1286198888696111,0.56430994443480553,,
2020-09-17T00:00:00Z,XTZUSDT,trade,rebalance,-34.123264181375816,2.4740000000000002,-84.420955584723771,0,0,0.042210477792361881,0.02110523889618094,,
2020-09-17T00:00:00Z,ZILUSDT,trade,rebalance,1009.8248139487114,0.01686,17.025646363175273,0,0,0.0085128231815876365,0.0042564115907938183,,
2020-09-17T00:00:00Z,ZRXUSDT,trade,rebalance,-425.79999962606871,0.42899999999999999,-182.66819983958348,0,0,0.091334099919791745,0.045667049959895872,,
2020-09-21T00:00:00Z,DOGEUSDT,risk_policy_action,before_rebalance,-2.9103830456733704e-11,0.0027759999999999998,-8.0792233347892756e-14,0,0,4.0396116673946383e-17,2.0198058336973192e-17,membership_exit,team-05-ldm-none-v1
2020-09-24T00:00:00Z,ALGOUSDT,trade,rebalance,-8432.8469528693295,0.26919999999999999,-2270.1223997124234,0,0,1.1350611998562117,0.56753059992810584,,
2020-09-24T00:00:00Z,BANDUSDT,trade,rebalance,-78.382769659072096,5.7263000000000002,-448.84325389874454,0,0,0.22442162694937229,0.11221081347468614,,
2020-09-24T00:00:00Z,BATUSDT,trade,rebalance,8932.393077005514,0.21310000000000001,1903.4929647098752,0,0,0.95174648235493764,0.47587324117746882,,
2020-09-24T00:00:00Z,BNBUSDT,trade,rebalance,18.690589377522215,22.838999999999999,426.87437079322984,0,0,0.21343718539661491,0.10671859269830745,,
2020-09-24T00:00:00Z,BTCUSDT,trade,rebalance,0.22147933799793476,10237.91,2267.4855292824363,0,0,1.1337427646412181,0.56687138232060907,,
2020-09-24T00:00:00Z,ETCUSDT,trade,rebalance,-469.5397586471675,4.8300000000000001,-2267.877034265819,0,0,1.1339385171329095,0.56696925856645475,,
2020-09-24T00:00:00Z,ETHUSDT,trade,rebalance,0.93029533376065832,320.63999999999999,298.28989581701745,0,0,0.14914494790850871,0.074572473954254356,,
2020-09-24T00:00:00Z,IOSTUSDT,trade,rebalance,-336445.98705712787,0.0052769999999999996,-1775.4254737004637,0,0,0.88771273685023189,0.44385636842511594,,
2020-09-24T00:00:00Z,IOTAUSDT,trade,rebalance,-9749.0761073033045,0.23280000000000001,-2269.5849177802093,0,0,1.1347924588901046,0.5673962294450523,,
2020-09-24T00:00:00Z,KAVAUSDT,trade,rebalance,-322.6116712033471,1.8507,-597.0574198960345,0,0,0.29852870994801722,0.14926435497400861,,
2020-09-24T00:00:00Z,KNCUSDT,trade,rebalance,1945.0175117663541,0.85943000000000003,1671.6064001373577,0,0,0.83580320006867881,0.4179016000343394,,
2020-09-24T00:00:00Z,LENDUSDT,trade,rebalance,-3697.8184976829557,0.4491,-1660.6902873094155,0,0,0.83034514365470768,0.41517257182735384,,
2020-09-24T00:00:00Z,LTCUSDT,trade,rebalance,46.983849778976897,42.990000000000002,2019.8357019982168,0,0,1.0099178509991085,0.50495892549955423,,
2020-09-24T00:00:00Z,NEOUSDT,trade,rebalance,8.4331004503085438,19.643000000000001,165.65139214541074,0,0,0.08282569607270536,0.04141284803635268,,
2020-09-24T00:00:00Z,OMGUSDT,trade,rebalance,-823.5099540138508,2.7534000000000001,-2267.4523073817368,0,0,1.1337261536908683,0.56686307684543413,,
2020-09-24T00:00:00Z,ONTUSDT,trade,rebalance,1172.443038884102,0.5796,679.54798533722544,0,0,0.33977399266861269,0.16988699633430634,,
2020-09-24T00:00:00Z,SXPUSDT,trade,rebalance,-2105.5311897356087,1.0801000000000001,-2274.184238033431,0,0,1.1370921190167156,0.56854605950835779,,
2020-09-24T00:00:00Z,THETAUSDT,trade,rebalance,-166.66168150704516,0.55369999999999997,-92.280573050450897,0,0,0.046140286525225449,0.023070143262612725,,
2020-09-24T00:00:00Z,TRXUSDT,trade,rebalance,6323.0603105900664,0.024840000000000001,157.06481811505725,0,0,0.078532409057528632,0.039266204528764316,,
2020-09-24T00:00:00Z,XLMUSDT,trade,rebalance,3.637978807091713e-12,0.067390000000000005,2.4516339180991056e-13,0,0,1.2258169590495527e-16,6.1290847952477637e-17,,
2020-09-24T00:00:00Z,XRPUSDT,trade,rebalance,10241.428669294204,0.2215,2268.4764502486664,0,0,1.1342382251243333,0.56711911256216663,,
2020-09-24T00:00:00Z,XTZUSDT,trade,rebalance,906.59818174457723,1.956,1773.306043492393,0,0,0.88665302174619642,0.44332651087309821,,
2020-09-24T00:00:00Z,ZILUSDT,trade,rebalance,132915.42675039405,0.01388,1844.8661232954694,0,0,0.92243306164773475,0.46121653082386738,,
2020-09-24T00:00:00Z,ZRXUSDT,trade,rebalance,-1418.1816312903557,0.34100000000000003,-483.59993627001131,0,0,0.24179996813500565,0.12089998406750282,,
2020-10-01T00:00:00Z,ADAUSDT,trade,rebalance,21788.471659387898,0.10138,2208.915256828745,0,0,1.1044576284143723,0.55222881420718617,,
2020-10-01T00:00:00Z,ALGOUSDT,trade,rebalance,2070.6843786076133,0.34699999999999998,718.52747937684182,0,0,0.3592637396884209,0.17963186984421045,,
2020-10-01T00:00:00Z,BANDUSDT,trade,rebalance,55.765595898334823,6.4955999999999996,362.23100471722364,0,0,0.18111550235861182,0.090557751179305909,,
2020-10-01T00:00:00Z,BNBUSDT,trade,rebalance,-23.83378181049693,29.199999999999999,-695.94642886651036,0,0,0.34797321443325518,0.17398660721662759,,
2020-10-01T00:00:00Z,BTCUSDT,trade,rebalance,-0.016619621265365508,10773,-179.04317989178261,0,0,0.089521589945891308,0.044760794972945654,,
2020-10-01T00:00:00Z,COMPUSDT,trade,rebalance,-16.533802790200163,133.66,-2209.9080809381535,0,0,1.1049540404690767,0.55247702023453837,,
2020-10-01T00:00:00Z,ETCUSDT,trade,rebalance,469.5397586471675,5.3899999999999997,2530.8192991082328,0,0,1.2654096495541163,0.63270482477705814,,
2020-10-01T00:00:00Z,ETHUSDT,trade,rebalance,-0.93988635303861745,359.70999999999998,-338.08652005152106,0,0,0.16904326002576053,0.084521630012880267,,
2020-10-01T00:00:00Z,IOSTUSDT,trade,rebalance,-373307.92907887185,0.0059230000000000003,-2211.102863934158,0,0,1.1055514319670789,0.55277571598353947,,
2020-10-01T00:00:00Z,IOTAUSDT,trade,rebalance,1961.6672161148733,0.28360000000000002,556.32882249017814,0,0,0.27816441124508906,0.13908220562254453,,
2020-10-01T00:00:00Z,KAVAUSDT,trade,rebalance,264.57112400031724,2.2942,606.97907268152778,0,0,0.30348953634076387,0.15174476817038193,,
2020-10-01T00:00:00Z,KNCUSDT,trade,rebalance,-2250.7857778011949,0.98150999999999999,-2209.1687487696508,0,0,1.1045843743848254,0.55229218719241269,,
2020-10-01T00:00:00Z,LINKUSDT,trade,rebalance,223.85147375624314,9.859,2206.9516797628012,0,0,1.1034758398814006,0.55173791994070032,,
2020-10-01T00:00:00Z,NEOUSDT,trade,rebalance,0.3341080362934008,19.073,6.3724425762240333,0,0,0.0031862212881120164,0.0015931106440560082,,
2020-10-01T00:00:00Z,OMGUSDT,trade,rebalance,274.57161957876951,4.0212000000000003,1104.1073966501481,0,0,0.552053698325074,0.276026849162537,,
2020-10-01T00:00:00Z,ONTUSDT,trade,rebalance,-3910.7490641285567,0.628,-2455.9504122727335,0,0,1.2279752061363669,0.61398760306818345,,
2020-10-01T00:00:00Z,SXPUSDT,trade,rebalance,2105.5311897356087,1.7425999999999999,3669.0986512332715,0,0,1.8345493256166359,0.91727466280831793,,
2020-10-01T00:00:00Z,THETAUSDT,trade,rebalance,-1134.8342623377994,0.745,-845.45152544166058,0,0,0.42272576272083023,0.21136288136041512,,
2020-10-01T00:00:00Z,TRXUSDT,trade,rebalance,-91282.299008926595,0.026200000000000001,-2391.596234033877,0,0,1.1957981170169385,0.59789905850846925,,
2020-10-01T00:00:00Z,XMRUSDT,trade,rebalance,20.37060808346687,108.31,2206.3405615202969,0,0,1.1031702807601484,0.55158514038007422,,
2020-10-01T00:00:00Z,XRPUSDT,trade,rebalance,-10241.428669294204,0.2417,-2475.3533093684091,0,0,1.2376766546842046,0.61883832734210231,,
2020-10-01T00:00:00Z,ZRXUSDT,trade,rebalance,6649.4202562514274,0.4098,2724.9324210118348,0,0,1.3624662105059175,0.68123310525295877,,
2020-10-05T00:00:00Z,IOTAUSDT,risk_policy_action,before_rebalance,7787.4088911884319,0.27479999999999999,2139.979963298581,0,0,1.0699899816492906,0.5349949908246453,membership_exit,team-05-ldm-none-v1
2020-10-05T00:00:00Z,KNCUSDT,risk_policy_action,before_rebalance,2250.7857778011949,0.92359999999999998,2078.8257443771836,0,0,1.0394128721885918,0.5197064360942959,membership_exit,team-05-ldm-none-v1
2020-10-08T00:00:00Z,ADAUSDT,trade,rebalance,-21788.471659387898,0.093710000000000002,-2041.79767920124,0,0,1.02089883960062,0.51044941980031,,
2020-10-08T00:00:00Z,ALGOUSDT,trade,rebalance,6362.1625742617161,0.30620000000000003,1948.0941802389377,0,0,0.97404709011946888,0.48702354505973444,,
2020-10-08T00:00:00Z,BANDUSDT,trade,rebalance,-128.93754363601829,5.4589999999999996,-703.87005070902376,0,0,0.35193502535451188,0.17596751267725594,,
2020-10-08T00:00:00Z,BNBUSDT,trade,rebalance,17.051056772035778,27.664000000000001,471.70043454159782,0,0,0.23585021727079894,0.11792510863539947,,
2020-10-08T00:00:00Z,BTCUSDT,trade,rebalance,0.035356263140187472,10658.75,376.85356974547324,0,0,0.18842678487273662,0.09421339243636831,,
2020-10-08T00:00:00Z,COMPUSDT,trade,rebalance,-6.6896473332183248,110.38,-738.40327264063865,0,0,0.36920163632031933,0.18460081816015966,,
2020-10-08T00:00:00Z,ETHUSDT,trade,rebalance,-6.1354059715058336,341.42000000000002,-2094.7503067915218,0,0,1.0473751533957609,0.52368757669788046,,
2020-10-08T00:00:00Z,IOSTUSDT,trade,rebalance,-103709.13365920383,0.0053689999999999996,-556.81433861626533,0,0,0.2784071693081327,0.13920358465406635,,
2020-10-08T00:00:00Z,KAVAUSDT,trade,rebalance,963.35574654624861,1.8895999999999999,1820.3570186737913,0,0,0.9101785093368957,0.45508925466844785,,
2020-10-08T00:00:00Z,LINKUSDT,trade,rebalance,-223.85147375624314,8.9640000000000004,-2006.6046107509635,0,0,1.0033023053754817,0.50165115268774085,,
2020-10-08T00:00:00Z,MKRUSDT,trade,rebalance,4.8956390446930618,523.19000000000005,2561.3493917929632,0,0,1.2806746958964816,0.64033734794824082,,
2020-10-08T00:00:00Z,NEOUSDT,trade,rebalance,-115.71433943165961,16.77,-1940.5294722689316,0,0,0.97026473613446573,0.48513236806723287,,
2020-10-08T00:00:00Z,OMGUSDT,trade,rebalance,1334.5995777524913,3.2589999999999999,4349.460023895369,0,0,2.1747300119476844,1.0873650059738422,,
2020-10-08T00:00:00Z,ONTUSDT,trade,rebalance,-4527.8470665005334,0.56540000000000001,-2560.0447313994018,0,0,1.2800223656997007,0.64001118284985037,,
2020-10-08T00:00:00Z,QTUMUSDT,trade,rebalance,-1167.9091599148578,2.1920000000000002,-2560.0568785333685,0,0,1.2800284392666843,0.64001421963334215,,
2020-10-08T00:00:00Z,SNXUSDT,trade,rebalance,-651.34908693813031,3.9319999999999999,-2561.1046098407282,0,0,1.280552304920364,0.64027615246018199,,
2020-10-08T00:00:00Z,THETAUSDT,trade,rebalance,517.9026491265995,0.7359,381.12455949226455,0,0,0.19056227974613227,0.095281139873066134,,
2020-10-08T00:00:00Z,XMRUSDT,trade,rebalance,2.9284010908912346,109.88,321.77271186712886,0,0,0.16088635593356443,0.080443177966782214,,
2020-10-08T00:00:00Z,XRPUSDT,trade,rebalance,10300.268141267768,0.24859999999999999,2560.6466599191672,0,0,1.2803233299595835,0.64016166497979177,,
2020-10-08T00:00:00Z,XTZUSDT,trade,rebalance,-1238.0524108107427,2.0670000000000002,-2559.0543331458052,0,0,1.2795271665729027,0.63976358328645133,,
2020-10-12T00:00:00Z,IOSTUSDT,risk_policy_action,before_rebalance,477017.06273807568,0.0059439999999999996,2835.3894209151217,0,0,1.417694710457561,0.70884735522878051,membership_exit,team-05-ldm-none-v1
2020-10-12T00:00:00Z,QTUMUSDT,risk_policy_action,before_rebalance,1167.9091599148578,2.3559999999999999,2751.593980759405,0,0,1.3757969903797025,0.68789849518985124,membership_exit,team-05-ldm-none-v1
2020-10-15T00:00:00Z,ADAUSDT,trade,rebalance,20881.811502061071,0.10711,2236.6508299857614,0,0,1.1183254149928807,0.55916270749644037,,
2020-10-15T00:00:00Z,ATOMUSDT,trade,rebalance,390.90467610853307,5.726,2238.3201753974604,0,0,1.1191600876987302,0.55958004384936511,,
2020-10-15T00:00:00Z,BANDUSDT,trade,rebalance,468.87407111587913,6.4249999999999998,3012.5159069195233,0,0,1.5062579534597618,0.75312897672988088,,
2020-10-15T00:00:00Z,BCHUSDT,trade,rebalance,8.6400041176563054,258.99000000000001,2237.6746664318066,0,0,1.1188373332159034,0.5594186666079517,,
2020-10-15T00:00:00Z,BNBUSDT,trade,rebalance,-92.542171990631545,30.803999999999998,-2850.6690659994138,0,0,1.4253345329997067,0.71266726649985335,,
2020-10-15T00:00:00Z,BTCUSDT,trade,rebalance,-0.24021597987275672,11417.120000000001,-2742.5746681248484,0,0,1.3712873340624243,0.68564366703121216,,
2020-10-15T00:00:00Z,COMPUSDT,trade,rebalance,2.3543523760450782,107.29000000000001,252.59846642587647,0,0,0.12629923321293823,0.063149616606469117,,
2020-10-15T00:00:00Z,CRVUSDT,trade,rebalance,-4443.6787771072941,0.504,-2239.6141036620761,0,0,1.1198070518310379,0.55990352591551895,,
2020-10-15T00:00:00Z,MKRUSDT,trade,rebalance,-4.8956390446930618,575.47000000000003,-2817.2934010495164,0,0,1.408646700524758,0.70432335026237902,,
2020-10-15T00:00:00Z,NEOUSDT,trade,rebalance,-131.96402530811116,16.957999999999998,-2237.8459411749491,0,0,1.1189229705874746,0.55946148529373729,,
2020-10-15T00:00:00Z,OMGUSDT,trade,rebalance,-1457.2398348515183,3.3334999999999999,-4857.7089894775363,0,0,2.428854494738768,1.214427247369384,,
2020-10-15T00:00:00Z,ONTUSDT,trade,rebalance,603.3979758597734,0.57089999999999996,344.47990441834463,0,0,0.17223995220917232,0.08611997610458616,,
2020-10-15T00:00:00Z,SNXUSDT,trade,rebalance,127.10886180897579,4.2699999999999996,542.75483992432657,0,0,0.2713774199621633,0.13568870998108165,,
2020-10-15T00:00:00Z,THETAUSDT,trade,rebalance,-3478.8998668858685,0.73380000000000001,-2552.8167223208502,0,0,1.2764083611604251,0.63820418058021255,,
2020-10-15T00:00:00Z,TRBUSDT,trade,rebalance,103.31017884897626,21.600000000000001,2231.4998631378876,0,0,1.1157499315689439,0.55787496578447193,,
2020-10-15T00:00:00Z,TRXUSDT,trade,rebalance,-83624.811953983488,0.026780000000000002,-2239.472464127678,0,0,1.1197362320638389,0.55986811603191944,,
2020-10-15T00:00:00Z,VETUSDT,trade,rebalance,-200905.19393125977,0.011143,-2238.6865759760276,0,0,1.1193432879880139,0.55967164399400693,,
2020-10-15T00:00:00Z,XMRUSDT,trade,rebalance,-5.796704409975586,127.8,-740.81882359487986,0,0,0.37040941179743997,0.18520470589871998,,
2020-10-15T00:00:00Z,XRPUSDT,trade,rebalance,-1317.5002387738296,0.2492,-328.32105950243835,0,0,0.16416052975121917,0.082080264875609585,,
2020-10-15T00:00:00Z,XTZUSDT,trade,rebalance,1238.0524108107427,2.2749999999999999,2816.5692345944394,0,0,1.4082846172972197,0.70414230864860983,,
2020-10-15T00:00:00Z,YFIIUSDT,trade,rebalance,1.0431061329457081,2146.8000000000002,2239.3402462078461,0,0,1.119670123103923,0.5598350615519615,,
2020-10-15T00:00:00Z,YFIUSDT,trade,rebalance,0.15382918278156571,14550.299999999999,2238.2607582266155,0,0,1.1191303791133078,0.55956518955665391,,
2020-10-22T00:00:00Z,ADAUSDT,trade,rebalance,-20881.811502061071,0.10591,-2211.592656183288,0,0,1.1057963280916439,0.55289816404582193,,
2020-10-22T00:00:00Z,ATOMUSDT,trade,rebalance,-390.90467610853307,5.2359999999999998,-2046.7768841042791,0,0,1.0233884420521395,0.51169422102606976,,
2020-10-22T00:00:00Z,BCHUSDT,trade,rebalance,0.034137047254011677,258.56999999999999,8.8268163084697981,0,0,0.0044134081542348998,0.0022067040771174499,,
2020-10-22T00:00:00Z,BNBUSDT,trade,rebalance,75.419706315843186,29.731999999999999,2242.3787081826495,0,0,1.1211893540913247,0.56059467704566235,,
2020-10-22T00:00:00Z,BZRXUSDT,trade,rebalance,-19838.330329274733,0.1132,-2245.6989932738998,0,0,1.1228494966369498,0.56142474831847489,,
2020-10-22T00:00:00Z,COMPUSDT,trade,rebalance,-2.6321379629767705,95.459999999999994,-251.26388994576249,0,0,0.12563194497288124,0.062815972486440622,,
2020-10-22T00:00:00Z,CRVUSDT,trade,rebalance,-1409.770663322025,0.38200000000000001,-538.53239338901358,0,0,0.2692661966945068,0.1346330983472534,,
2020-10-22T00:00:00Z,LTCUSDT,trade,rebalance,42.280773878964688,53.039999999999999,2242.5722465402869,0,0,1.1212861232701434,0.56064306163507172,,
2020-10-22T00:00:00Z,NEOUSDT,trade,rebalance,9.5837347320243396,18.318000000000001,175.55485282122186,0,0,0.087777426410610926,0.043888713205305463,,
2020-10-22T00:00:00Z,OMGUSDT,trade,rebalance,671.57859153410823,3.2658,2193.2413642320907,0,0,1.0966206821160454,0.54831034105802268,,
2020-10-22T00:00:00Z,ONTUSDT,trade,rebalance,-172.59731163468859,0.54720000000000002,-94.445248926501606,0,0,0.047222624463250804,0.023611312231625402,,
2020-10-22T00:00:00Z,SNXUSDT,trade,rebalance,-114.28323209993982,3.512,-401.36271113498867,0,0,0.20068135556749434,0.10034067778374717,,
2020-10-22T00:00:00Z,SUSHIUSDT,trade,rebalance,-3374.4735542633716,0.66539999999999999,-2245.3747030068475,0,0,1.1226873515034239,0.56134367575171196,,
2020-10-22T00:00:00Z,TRBUSDT,trade,rebalance,5.9563662942751421,20.518000000000001,122.21272362593737,0,0,0.061106361812968683,0.030553180906484342,,
2020-10-22T00:00:00Z,TRXUSDT,trade,rebalance,-356.20284368809371,0.026700000000000002,-9.5106159264721022,0,0,0.0047553079632360511,0.0023776539816180256,,
2020-10-22T00:00:00Z,VETUSDT,trade,rebalance,200905.19393125977,0.011354,2281.0775718955233,0,0,1.1405387859477616,0.5702693929738808,,
2020-10-22T00:00:00Z,XLMUSDT,trade,rebalance,26829.307125405983,0.083699999999999997,2245.6130063964806,0,0,1.1228065031982404,0.56140325159912019,,
2020-10-22T00:00:00Z,XMRUSDT,trade,rebalance,1.0061145524165127,121.18000000000001,121.92096146183302,0,0,0.060960480730916505,0.030480240365458253,,
2020-10-22T00:00:00Z,XRPUSDT,trade,rebalance,-8982.7679024939389,0.25119999999999998,-2256.4712971064773,0,0,1.1282356485532385,0.56411782427661927,,
2020-10-22T00:00:00Z,YFIIUSDT,trade,rebalance,0.17759673366596074,1838.2,326.45831582476904,0,0,0.16322915791238451,0.081614578956192257,,
2020-10-22T00:00:00Z,YFIUSDT,trade,rebalance,-0.15382918278156571,13299.700000000001,-2045.8819822399896,0,0,1.0229409911199947,0.51147049555999735,,
2020-10-22T00:00:00Z,ZECUSDT,trade,rebalance,35.758535074857456,62.740000000000002,2243.4904905965568,0,0,1.1217452452982783,0.56087262264913917,,
2020-10-26T00:00:00Z,BZRXUSDT,risk_policy_action,before_rebalance,19838.330329274733,0.1082,2146.5073416275263,0,0,1.0732536708137632,0.53662683540688161,membership_exit,team-05-ldm-none-v1
2020-10-26T00:00:00Z,ONTUSDT,risk_policy_action,before_rebalance,4097.0464022754486,0.53749999999999998,2202.1624412230535,0,0,1.1010812206115268,0.5505406103057634,membership_exit,team-05-ldm-none-v1
2020-10-29T00:00:00Z,ADAUSDT,trade,rebalance,22547.353500730165,0.098720000000000002,2225.8747375920821,0,0,1.1129373687960411,0.55646868439802055,,
2020-10-29T00:00:00Z,ATOMUSDT,trade,rebalance,-463.57603111396202,4.798,-2224.2377972847898,0,0,1.1121188986423949,0.55605944932119744,,
2020-10-29T00:00:00Z,BANDUSDT,trade,rebalance,-454.58460434440104,4.8954000000000004,-2225.3734721075812,0,0,1.1126867360537906,0.55634336802689532,,
2020-10-29T00:00:00Z,BCHUSDT,trade,rebalance,-0.38384351886633183,268.31999999999999,-102.99289298221416,0,0,0.051496446491107073,0.025748223245553536,,
2020-10-29T00:00:00Z,BNBUSDT,trade,rebalance,-75.419706315843172,30.321999999999999,-2286.8763349089968,0,0,1.1434381674544984,0.57171908372724922,,
2020-10-29T00:00:00Z,BTCUSDT,trade,rebalance,0.16779508728134271,13255.790000000001,2224.2564400331498,0,0,1.112128220016575,0.55606411000828748,,
2020-10-29T00:00:00Z,COMPUSDT,trade,rebalance,2.8600834159437483,107.70999999999999,308.05958473130113,0,0,0.15402979236565056,0.077014896182825282,,
2020-10-29T00:00:00Z,CRVUSDT,trade,rebalance,5853.4494404293191,0.48899999999999999,2862.3367763699371,0,0,1.4311683881849686,0.7155841940924843,,
2020-10-29T00:00:00Z,ETHUSDT,trade,rebalance,5.7293086378140146,388.17000000000002,2223.9457339402661,0,0,1.111972866970133,0.55598643348506649,,
2020-10-29T00:00:00Z,LINKUSDT,trade,rebalance,194.47853525427155,11.433,2223.4730935620864,0,0,1.1117365467810432,0.55586827339052158,,
2020-10-29T00:00:00Z,LTCUSDT,trade,rebalance,-2.4111820823534984,55.780000000000001,-134.49573655367814,0,0,0.067247868276839068,0.033623934138419534,,
2020-10-29T00:00:00Z,NEOUSDT,trade,rebalance,-17.733548583393485,15.866,-281.36048182412105,0,0,0.14068024091206052,0.070340120456030261,,
2020-10-29T00:00:00Z,OMGUSDT,trade,rebalance,-725.43821479632959,3.0659999999999998,-2224.1935665655465,0,0,1.1120967832827733,0.55604839164138664,,
2020-10-29T00:00:00Z,SNXUSDT,trade,rebalance,19.481753031039602,3.6000000000000001,70.134310911742574,0,0,0.035067155455871281,0.01753357772793564,,
2020-10-29T00:00:00Z,SUSHIUSDT,trade,rebalance,-107.10506627475206,0.6391,-68.450847856194045,0,0,0.034225423928097021,0.01711271196404851,,
2020-10-29T00:00:00Z,THETAUSDT,trade,rebalance,-3577.2654338573784,0.62170000000000003,-2223.9859202291323,0,0,1.1119929601145662,0.55599648005728308,,
2020-10-29T00:00:00Z,TRBUSDT,trade,rebalance,-13.518691761891219,23.256,-314.39069561454221,0,0,0.1571953478072711,0.078597673903635548,,
2020-10-29T00:00:00Z,TRXUSDT,trade,rebalance,83981.014797671596,0.0269,2259.0892980573658,0,0,1.1295446490286829,0.56477232451434145,,
2020-10-29T00:00:00Z,WAVESUSDT,trade,rebalance,731.47279980137569,3.0407999999999999,2224.262489636023,0,0,1.1121312448180114,0.5560656224090057,,
2020-10-29T00:00:00Z,XLMUSDT,trade,rebalance,-26829.307125405987,0.078299999999999995,-2100.7347479192886,0,0,1.0503673739596442,0.5251836869798221,,
2020-10-29T00:00:00Z,XMRUSDT,trade,rebalance,-18.508419316799031,126.17,-2335.207265200534,0,0,1.167603632600267,0.5838018163001335,,
2020-10-29T00:00:00Z,YFIIUSDT,trade,rebalance,-1.2207028666116688,1394.8,-1702.6363583499556,0,0,0.85131817917497776,0.42565908958748888,,
2020-10-29T00:00:00Z,ZECUSDT,trade,rebalance,-35.758535074857456,56.789999999999999,-2030.7272069011549,0,0,1.0153636034505775,0.50768180172528876,,
2020-11-05T00:00:00Z,ADAUSDT,trade,rebalance,-22547.353500730165,0.095500000000000002,-2153.2722593197309,0,0,1.0766361296598654,0.53831806482993272,,
2020-11-05T00:00:00Z,ATOMUSDT,trade,rebalance,-53.966354182011173,4.3869999999999996,-236.75039579648299,0,0,0.11837519789824151,0.059187598949120755,,
2020-11-05T00:00:00Z,BANDUSDT,trade,rebalance,-104.42323094841043,4.0613000000000001,-424.09406785077931,0,0,0.21204703392538968,0.10602351696269484,,
2020-11-05T00:00:00Z,BCHUSDT,trade,rebalance,1.1293900904170684,240.78999999999999,271.94583987152589,0,0,0.13597291993576296,0.067986459967881482,,
2020-11-05T00:00:00Z,BTCUSDT,trade,rebalance,-0.0073022580914833546,14134.32,-103.212452587615,0,0,0.051606226293807504,0.025803113146903752,,
2020-11-05T00:00:00Z,COMPUSDT,trade,rebalance,20.641152294406432,88.680000000000007,1830.4573854679625,0,0,0.91522869273398122,0.45761434636699061,,
2020-11-05T00:00:00Z,CRVUSDT,trade,rebalance,6634.8939753006362,0.34200000000000003,2269.1337395528176,0,0,1.1345668697764086,0.56728343488820432,,
2020-11-05T00:00:00Z,ETHUSDT,trade,rebalance,-5.7293086378140146,402.94999999999999,-2308.6249156071572,0,0,1.1543124578035786,0.5771562289017893,,
2020-11-05T00:00:00Z,KAVAUSDT,trade,rebalance,1767.4937492623117,1.2830999999999999,2267.871229678472,0,0,1.1339356148392361,0.56696780741961805,,
2020-11-05T00:00:00Z,LINKUSDT,trade,rebalance,-194.47853525427155,10.468999999999999,-2035.9957855769687,0,0,1.0179978927884843,0.50899894639424215,,
2020-11-05T00:00:00Z,LTCUSDT,trade,rebalance,1.6254547510496451,54.719999999999999,88.944883977436575,0,0,0.044472441988718289,0.022236220994359145,,
2020-11-05T00:00:00Z,MKRUSDT,trade,rebalance,4.3605662904506337,520.64999999999998,2270.3288391231222,0,0,1.1351644195615611,0.56758220978078056,,
2020-11-05T00:00:00Z,NEOUSDT,trade,rebalance,140.11383915948031,14.047000000000001,1968.1790986732199,0,0,0.98408954933660986,0.49204477466830493,,
2020-11-05T00:00:00Z,OMGUSDT,trade,rebalance,-94.883418375633482,2.7662,-262.46651191067735,0,0,0.13123325595533869,0.065616627977669345,,
2020-11-05T00:00:00Z,SNXUSDT,trade,rebalance,619.04170419805473,2.7210000000000001,1684.4124771229069,0,0,0.84220623856145338,0.42110311928072669,,
2020-11-05T00:00:00Z,STORJUSDT,trade,rebalance,-8362.7770855101662,0.27129999999999999,-2268.821423298908,0,0,1.134410711649454,0.56720535582472698,,
2020-11-05T00:00:00Z,SUSHIUSDT,trade,rebalance,-1145.4327999750112,0.49080000000000001,-562.17841822773551,0,0,0.28108920911386776,0.14054460455693388,,
2020-11-05T00:00:00Z,THETAUSDT,trade,rebalance,-268.87528438309118,0.58999999999999997,-158.6364177860238,0,0,0.079318208893011902,0.039659104446505951,,
2020-11-05T00:00:00Z,TRBUSDT,trade,rebalance,25.549404335404844,18.690999999999999,477.54391643305189,0,0,0.23877195821652594,0.11938597910826297,,
2020-11-05T00:00:00Z,TRXUSDT,trade,rebalance,-1.4551915228366852e-11,0.02419,-3.5201082937419414e-13,0,0,1.7600541468709708e-16,8.8002707343548538e-17,,
2020-11-05T00:00:00Z,UNIUSDT,trade,rebalance,-1177.5277916977968,1.9281999999999999,-2270.5090879516915,0,0,1.1352545439758459,0.56762727198792295,,
2020-11-05T00:00:00Z,WAVESUSDT,trade,rebalance,-21.049137649163416,3.1917,-67.182532634834871,0,0,0.033591266317417434,0.016795633158708717,,
2020-11-05T00:00:00Z,XLMUSDT,trade,rebalance,3.637978807091713e-12,0.074550000000000005,2.7121132006868722e-13,0,0,1.3560566003434362e-16,6.7802830017171809e-17,,
2020-11-05T00:00:00Z,XTZUSDT,trade,rebalance,-1209.1971191994824,1.879,-2272.0813869758272,0,0,1.1360406934879137,0.56802034674395685,,
2020-11-09T00:00:00Z,STORJUSDT,risk_policy_action,before_rebalance,8362.7770855101662,0.35360000000000003,2957.077977436395,0,0,1.4785389887181974,0.73926949435909872,membership_exit,team-05-ldm-none-v1
2020-11-12T00:00:00Z,ATOMUSDT,trade,rebalance,517.54238529597319,5.0330000000000004,2604.7908251946333,0,0,1.3023954125973167,0.65119770629865836,,
2020-11-12T00:00:00Z,BANDUSDT,trade,rebalance,559.00783529281148,5.9257999999999997,3312.5686303781422,0,0,1.6562843151890709,0.82814215759453547,,
2020-11-12T00:00:00Z,BCHUSDT,trade,rebalance,-18.11779488359921,256.44,-4646.1273199501811,0,0,2.3230636599750905,1.1615318299875452,,
2020-11-12T00:00:00Z,BNBUSDT,trade,rebalance,-79.690684910223567,28.012,-2232.2954657051828,0,0,1.1161477328525915,0.55807386642629575,,
2020-11-12T00:00:00Z,BTCUSDT,trade,rebalance,-0.16049282918985935,15690.24,-2518.1710082678987,0,0,1.2590855041339493,0.62954275206697463,,
2020-11-12T00:00:00Z,CRVUSDT,trade,rebalance,-2525.0975319288973,0.54200000000000004,-1368.6028623054624,0,0,0.68430143115273123,0.34215071557636562,,
2020-11-12T00:00:00Z,DASHUSDT,trade,rebalance,32.176080574378133,69.349999999999994,2231.4111878331232,0,0,1.1157055939165617,0.55785279695828083,,
2020-11-12T00:00:00Z,ETHUSDT,trade,rebalance,4.8161677070762563,463.33999999999997,2231.5231453967126,0,0,1.1157615726983563,0.55788078634917815,,
2020-11-12T00:00:00Z,FLMUSDT,trade,rebalance,-14211.252854999324,0.15690000000000001,-2229.745572949394,0,0,1.114872786474697,0.5574363932373485,,
2020-11-12T00:00:00Z,KAVAUSDT,trade,rebalance,-253.35524557318899,1.4696,-372.33086889435856,0,0,0.18616543444717926,0.093082717223589628,,
2020-11-12T00:00:00Z,LINKUSDT,trade,rebalance,174.74759319911215,12.757999999999999,2229.4297940342726,0,0,1.1147148970171363,0.55735744850856817,,
2020-11-12T00:00:00Z,LTCUSDT,trade,rebalance,-3.871328099981433,59.350000000000001,-229.76332273389806,0,0,0.11488166136694904,0.057440830683474518,,
2020-11-12T00:00:00Z,MKRUSDT,trade,rebalance,-4.3605662904506337,544.19000000000005,-2372.9765696003305,0,0,1.1864882848001652,0.59324414240008261,,
2020-11-12T00:00:00Z,NEOUSDT,trade,rebalance,-145.07819174021165,15.374000000000001,-2230.4321198140142,0,0,1.1152160599070069,0.55760802995350345,,
2020-11-12T00:00:00Z,OMGUSDT,trade,rebalance,820.32163317196307,3.5076999999999998,2877.4421926772948,0,0,1.4387210963386474,0.71936054816932371,,
2020-11-12T00:00:00Z,SNXUSDT,trade,rebalance,558.46333051823171,3.996,2231.6194687508541,0,0,1.115809734375427,0.55790486718771348,,
2020-11-12T00:00:00Z,SUSHIUSDT,trade,rebalance,1350.7188348238724,0.68169999999999997,920.78502969943372,0,0,0.46039251484971683,0.23019625742485841,,
2020-11-12T00:00:00Z,THETAUSDT,trade,rebalance,193.1378229206889,0.61080000000000001,117.96858223995679,0,0,0.05898429111997839,0.029492145559989195,,
2020-11-12T00:00:00Z,TRBUSDT,trade,rebalance,-121.29725771676502,23.631,-2866.3754971048743,0,0,1.4331877485524371,0.71659387427621857,,
2020-11-12T00:00:00Z,TRXUSDT,trade,rebalance,-89321.265518347951,0.024989999999999998,-2232.1384253035153,0,0,1.1160692126517577,0.55803460632587887,,
2020-11-12T00:00:00Z,UNIUSDT,trade,rebalance,1177.5277916977968,2.9310999999999998,3451.451710245412,0,0,1.7257258551227059,0.86286292756135297,,
2020-11-12T00:00:00Z,WAVESUSDT,trade,rebalance,-710.42366215221227,3.7324000000000002,-2651.5852766169173,0,0,1.3257926383084586,0.66289631915422931,,
2020-11-12T00:00:00Z,XMRUSDT,trade,rebalance,-19.713952904159488,113.2,-2231.6194687508541,0,0,1.115809734375427,0.55790486718771348,,
2020-11-12T00:00:00Z,XTZUSDT,trade,rebalance,1209.1971191994824,2.1269999999999998,2571.9622725372988,0,0,1.2859811362686495,0.64299056813432476,,
2020-11-12T00:00:00Z,YFIUSDT,trade,rebalance,0.13391216628767547,16660.299999999999,2231.0168640025595,0,0,1.1155084320012796,0.55775421600063979,,
2020-11-16T00:00:00Z,DASHUSDT,risk_policy_action,before_rebalance,-32.176080574378133,75.040000000000006,-2414.4930863013351,0,0,1.2072465431506676,0.6036232715753338,membership_exit,team-05-ldm-none-v1
2020-11-16T00:00:00Z,FLMUSDT,risk_policy_action,before_rebalance,14211.252854999324,0.1885,2678.8211631673726,0,0,1.3394105815836863,0.66970529079184316,membership_exit,team-05-ldm-none-v1
2020-11-16T00:00:00Z,SNXUSDT,risk_policy_action,before_rebalance,-558.46333051823171,4.1369999999999996,-2310.3627983539245,0,0,1.1551813991769622,0.57759069958848108,membership_exit,team-05-ldm-none-v1
2020-11-19T00:00:00Z,ADAUSDT,trade,rebalance,-21127.839808568559,0.10678,-2256.0307347589505,0,0,1.1280153673794753,0.56400768368973764,,
2020-11-19T00:00:00Z,BCHUSDT,trade,rebalance,-0.45137545310057803,246.50999999999999,-111.26856294382348,0,0,0.05563428147191174,0.02781714073595587,,
2020-11-19T00:00:00Z,BNBUSDT,trade,rebalance,-0.50414198765791696,28.123000000000001,-14.177985118903599,0,0,0.0070889925594517988,0.0035444962797258994,,
2020-11-19T00:00:00Z,CRVUSDT,trade,rebalance,-1129.2576326517046,0.755,-852.589512652037,0,0,0.42629475632601854,0.21314737816300927,,
2020-11-19T00:00:00Z,ETHUSDT,trade,rebalance,-0.1047781775749268,478.60000000000002,-50.146835787359969,0,0,0.025073417893679985,0.012536708946839992,,
2020-11-19T00:00:00Z,KAVAUSDT,trade,rebalance,-1514.1385036891224,1.7176,-2600.6842939364369,0,0,1.3003421469682184,0.65017107348410919,,
2020-11-19T00:00:00Z,LINKUSDT,trade,rebalance,-174.74759319911217,13.574999999999999,-2372.1985776779475,0,0,1.1860992888389736,0.59304964441948682,,
2020-11-19T00:00:00Z,LTCUSDT,trade,rebalance,-6.919495371499778,73.459999999999994,-508.30612999037368,0,0,0.25415306499518681,0.1270765324975934,,
2020-11-19T00:00:00Z,NEOUSDT,trade,rebalance,1.589923034221755,15.718999999999999,24.992000174931764,0,0,0.012496000087465882,0.006248000043732941,,
2020-11-19T00:00:00Z,OMGUSDT,trade,rebalance,677.07126552805414,3.3304,2254.9181427146314,0,0,1.1274590713573158,0.56372953567865791,,
2020-11-19T00:00:00Z,SUSHIUSDT,trade,rebalance,5246.3416357632022,1.1446000000000001,6004.9626362945619,0,0,3.0024813181472809,1.5012406590736405,,
2020-11-19T00:00:00Z,THETAUSDT,trade,rebalance,27.4007277216574,0.622,17.043252642870904,0,0,0.0085216263214354521,0.004260813160717726,,
2020-11-19T00:00:00Z,TRXUSDT,trade,rebalance,89321.265518347951,0.026790000000000001,2392.9167032365417,0,0,1.196458351618271,0.59822917580913548,,
2020-11-19T00:00:00Z,UNIUSDT,trade,rebalance,651.10826481711456,3.4632000000000001,2254.9181427146314,0,0,1.1274590713573158,0.56372953567865791,,
2020-11-19T00:00:00Z,XMRUSDT,trade,rebalance,1.4470994630590042,123.44,178.62995772000346,0,0,0.089314978860001726,0.044657489430000863,,
2020-11-19T00:00:00Z,XTZUSDT,trade,rebalance,-1081.1810102790873,2.0870000000000002,-2256.4247684524553,0,0,1.1282123842262277,0.56410619211311386,,
2020-11-19T00:00:00Z,YFIIUSDT,trade,rebalance,-1.0876510431770363,2073.1999999999998,-2254.9181427146314,0,0,1.1274590713573158,0.56372953567865791,,
2020-11-19T00:00:00Z,YFIUSDT,trade,rebalance,-0.045309713152695177,25457,-1153.4493677281612,0,0,0.57672468386408049,0.28836234193204024,,
2020-11-19T00:00:00Z,ZECUSDT,trade,rebalance,35.667797259010307,63.229999999999997,2255.2748206872216,0,0,1.1276374103436109,0.56381870517180543,,
2020-11-26T00:00:00Z,ADAUSDT,trade,rebalance,35429.897891475266,0.15503,5492.6970701154105,0,0,2.746348535057705,1.3731742675288525,,
2020-11-26T00:00:00Z,AVAXUSDT,trade,rebalance,-548.29560160324763,4.0422000000000002,-2216.3204808006476,0,0,1.1081602404003239,0.55408012020016195,,
2020-11-26T00:00:00Z,BANDUSDT,trade,rebalance,326.28016714613,6.7969999999999997,2217.7262960922453,0,0,1.1088631480461226,0.55443157402306131,,
2020-11-26T00:00:00Z,BCHUSDT,trade,rebalance,2.0735792868394487,313.31,649.67312635966766,0,0,0.32483656317983384,0.16241828158991692,,
2020-11-26T00:00:00Z,BNBUSDT,trade,rebalance,9.3384756645591125,31.283999999999999,292.14487269006725,0,0,0.14607243634503361,0.073036218172516806,,
2020-11-26T00:00:00Z,BTCUSDT,trade,rebalance,-0.11835064876912998,18741.66,-2218.0876200104526,0,0,1.1090438100052262,0.55452190500261311,,
2020-11-26T00:00:00Z,CRVUSDT,trade,rebalance,-2980.5388107200342,0.63900000000000001,-1904.564300050102,0,0,0.9522821500250509,0.47614107501252545,,
2020-11-26T00:00:00Z,ETCUSDT,trade,rebalance,318.67028502089011,6.9560000000000004,2216.6705026053119,0,0,1.1083352513026559,0.55416762565132793,,
2020-11-26T00:00:00Z,ETHUSDT,trade,rebalance,-4.7113895295013295,569.78999999999996,-2684.5026400145625,0,0,1.3422513200072812,0.6711256600036406,,
2020-11-26T00:00:00Z,LTCUSDT,trade,rebalance,-3.5990947293857825,81.849999999999994,-294.58590360022629,0,0,0.14729295180011312,0.07364647590005656,,
2020-11-26T00:00:00Z,MKRUSDT,trade,rebalance,-3.9455184513628501,562.01999999999998,-2217.4602800349489,0,0,1.1087301400174745,0.55436507000873725,,
2020-11-26T00:00:00Z,NEOUSDT,trade,rebalance,143.4882687059899,19.724,2830.1626119569446,0,0,1.4150813059784724,0.70754065298923619,,
2020-11-26T00:00:00Z,OMGUSDT,trade,rebalance,-677.07126552805414,4.4330999999999996,-3001.5246272124164,0,0,1.5007623136062083,0.75038115680310413,,
2020-11-26T00:00:00Z,RLCUSDT,trade,rebalance,-2042.4336397418817,1.0881000000000001,-2222.3720434031416,0,0,1.1111860217015708,0.55559301085078538,,
2020-11-26T00:00:00Z,SUSHIUSDT,trade,rebalance,-156.52295460994765,1.2224999999999999,-191.34931201066098,0,0,0.095674656005330483,0.047837328002665241,,
2020-11-26T00:00:00Z,THETAUSDT,trade,rebalance,3625.6021675981233,0.69479999999999997,2519.0683860471759,0,0,1.2595341930235879,0.62976709651179397,,
2020-11-26T00:00:00Z,UNIUSDT,trade,rebalance,-651.10826481711456,3.6789999999999998,-2395.4273062621642,0,0,1.1977136531310821,0.59885682656554107,,
2020-11-26T00:00:00Z,VETUSDT,trade,rebalance,133671.58757416619,0.016589,2217.4779662678429,0,0,1.1087389831339214,0.55436949156696069,,
2020-11-26T00:00:00Z,WAVESUSDT,trade,rebalance,331.11222874474191,6.6806999999999999,2212.0614665749972,0,0,1.1060307332874986,0.55301536664374928,,
2020-11-26T00:00:00Z,XMRUSDT,trade,rebalance,1.0559779949723378,128.94999999999999,136.16836245168295,0,0,0.068084181225841478,0.034042090612920739,,
2020-11-26T00:00:00Z,XRPUSDT,trade,rebalance,3512.6068969312628,0.63119999999999998,2217.157473343013,0,0,1.1085787366715065,0.55428936833575326,,
2020-11-26T00:00:00Z,XTZUSDT,trade,rebalance,1081.1810102790873,2.6019999999999999,2813.2329887461851,0,0,1.4066164943730926,0.70330824718654628,,
2020-11-26T00:00:00Z,YFIIUSDT,trade,rebalance,-0.057602559661885433,1935.5,-111.48975422557926,0,0,0.05574487711278963,0.027872438556394815,,
2020-11-26T00:00:00Z,YFIUSDT,trade,rebalance,-0.088602453134980289,22370,-1982.0368766295092,0,0,0.99101843831475456,0.49550921915737728,,
2020-11-26T00:00:00Z,ZECUSDT,trade,rebalance,-35.667797259010307,78.189999999999998,-2788.8650676820157,0,0,1.394432533841008,0.69721626692050398,,
2020-11-30T00:00:00Z,MKRUSDT,risk_policy_action,before_rebalance,3.9455184513628505,546.11000000000001,2154.6870814737663,0,0,1.0773435407368832,0.5386717703684416,membership_exit,team-05-ldm-none-v1
2020-12-03T00:00:00Z,ADAUSDT,trade,rebalance,-10.168083748876597,0.15856999999999999,-1.612353040059362,0,0,0.00080617652002968091,0.00040308826001484046,,
2020-12-03T00:00:00Z,AVAXUSDT,trade,rebalance,548.29560160324763,3.7343999999999999,2047.5550946271678,0,0,1.0237775473135839,0.51188877365679197,,
2020-12-03T00:00:00Z,BANDUSDT,trade,rebalance,-326.28016714613,6.5255999999999998,-2129.1738587287859,0,0,1.064586929364393,0.53229346468219652,,
2020-12-03T00:00:00Z,BCHUSDT,trade,rebalance,7.0759033133992864,294.33999999999997,2082.7213812659456,0,0,1.0413606906329729,0.52068034531648644,,
2020-12-03T00:00:00Z,BNBUSDT,trade,rebalance,70.856351233322371,30.286000000000001,2145.9554534524013,0,0,1.0729777267262006,0.53648886336310031,,
2020-12-03T00:00:00Z,BTCUSDT,trade,rebalance,0.00038778594833205338,19207.009999999998,7.448208587473232,0,0,0.003724104293736616,0.001862052146868308,,
2020-12-03T00:00:00Z,DOTUSDT,trade,rebalance,-414.87522731507693,5.4569999999999999,-2263.9741154583749,0,0,1.1319870577291875,0.56599352886459375,,
2020-12-03T00:00:00Z,ETCUSDT,trade,rebalance,-318.67028502089011,6.2409999999999997,-1988.8212488153749,0,0,0.99441062440768746,0.49720531220384373,,
2020-12-03T00:00:00Z,ETHUSDT,trade,rebalance,3.7928051527136257,596.96000000000004,2264.1529639639261,0,0,1.1320764819819631,0.56603824099098154,,
2020-12-03T00:00:00Z,FILUSDT,trade,rebalance,-74.007640241138219,30.620000000000001,-2266.1139441836522,0,0,1.1330569720918262,0.5665284860459131,,
2020-12-03T00:00:00Z,LTCUSDT,trade,rebalance,-27.10512834679384,89,-2412.3564228646519,0,0,1.2061782114323258,0.60308910571616292,,
2020-12-03T00:00:00Z,OMGUSDT,trade,rebalance,598.0976448613153,3.7886000000000002,2265.9527373215792,0,0,1.1329763686607897,0.56648818433039483,,
2020-12-03T00:00:00Z,RLCUSDT,trade,rebalance,2042.4336397418817,0.99319999999999997,2028.5450909916369,0,0,1.0142725454958186,0.50713627274790929,,
2020-12-03T00:00:00Z,RSRUSDT,trade,rebalance,-107727.69459189351,0.020972000000000001,-2259.2652109811906,0,0,1.1296326054905952,0.56481630274529759,,
2020-12-03T00:00:00Z,SUSHIUSDT,trade,rebalance,-771.67350339773407,2.1747000000000001,-1678.1583678390523,0,0,0.83907918391952607,0.41953959195976304,,
2020-12-03T00:00:00Z,SXPUSDT,trade,rebalance,2341.6255512681146,0.96740000000000004,2265.2885582967742,0,0,1.1326442791483871,0.56632213957419353,,
2020-12-03T00:00:00Z,THETAUSDT,trade,rebalance,-3593.2513499065203,0.63029999999999997,-2264.8263258460797,0,0,1.1324131629230398,0.56620658146151992,,
2020-12-03T00:00:00Z,TRBUSDT,trade,rebalance,-86.088703040813883,26.341000000000001,-2267.6625267980785,0,0,1.1338312633990393,0.56691563169951964,,
2020-12-03T00:00:00Z,VETUSDT,trade,rebalance,4440.09574595085,0.016404999999999999,72.839770712323684,0,0,0.036419885356161842,0.018209942678080921,,
2020-12-03T00:00:00Z,WAVESUSDT,trade,rebalance,-331.11222874474191,7.0551000000000004,-2336.0298850170288,0,0,1.1680149425085145,0.58400747125425723,,
2020-12-03T00:00:00Z,XLMUSDT,trade,rebalance,12229.810796775701,0.18526999999999999,2265.8170463186339,0,0,1.132908523159317,0.5664542615796585,,
2020-12-03T00:00:00Z,XMRUSDT,trade,rebalance,-0.51284152981161668,127.72,-65.500120187539679,0,0,0.032750060093769837,0.016375030046884918,,
2020-12-03T00:00:00Z,XRPUSDT,trade,rebalance,81.099833632302307,0.63029999999999997,51.117225138440141,0,0,0.025558612569220072,0.012779306284610036,,
2020-12-03T00:00:00Z,YFIIUSDT,trade,rebalance,0.047787396702383633,2067,98.77654898382697,0,0,0.049388274491913485,0.024694137245956743,,
2020-12-07T00:00:00Z,THETAUSDT,risk_policy_action,before_rebalance,3593.2513499065199,0.70020000000000004,2515.9945952045455,0,0,1.2579972976022726,0.62899864880113632,membership_exit,team-05-ldm-none-v1
2020-12-10T00:00:00Z,AAVEUSDT,trade,rebalance,27.317149656086922,82.561000000000007,2255.3311927561926,0,0,1.1276655963780962,0.56383279818904808,,
2020-12-10T00:00:00Z,ADAUSDT,trade,rebalance,-14291.889999157831,0.14796000000000001,-2114.6280442753928,0,0,1.0573140221376964,0.52865701106884821,,
2020-12-10T00:00:00Z,ATOMUSDT,trade,rebalance,-469.53228068071428,4.8010000000000002,-2254.2244795481092,0,0,1.1271122397740547,0.56355611988702736,,
2020-12-10T00:00:00Z,BTCUSDT,trade,rebalance,-0.003710428827110715,18537.970000000001,-68.783818284113622,0,0,0.034391909142056809,0.017195954571028405,,
2020-12-10T00:00:00Z,BZRXUSDT,trade,rebalance,9905.9158853890967,0.22770000000000001,2255.5770471030974,0,0,1.1277885235515486,0.56389426177577429,,
2020-12-10T00:00:00Z,COMPUSDT,trade,rebalance,13.707548144047992,164.55000000000001,2255.5770471030974,0,0,1.1277885235515486,0.56389426177577429,,
2020-12-10T00:00:00Z,DOTUSDT,trade,rebalance,-48.186752386448745,4.8710000000000004,-234.71767087439187,0,0,0.11735883543719594,0.05867941771859797,,
2020-12-10T00:00:00Z,ETHUSDT,trade,rebalance,-3.7928051527136262,573.27999999999997,-2174.3393379476674,0,0,1.0871696689738337,0.54358483448691686,,
2020-12-10T00:00:00Z,FILUSDT,trade,rebalance,74.007640241138219,30.466000000000001,2254.7167675865171,0,0,1.1273583837932586,0.56367919189662929,,
2020-12-10T00:00:00Z,LINKUSDT,trade,rebalance,-178.75490356398137,12.616,-2255.171863363189,0,0,1.1275859316815946,0.5637929658407973,,
2020-12-10T00:00:00Z,OMGUSDT,trade,rebalance,-598.0976448613153,3.2841,-1964.2124754890456,0,0,0.98210623774452288,0.49105311887226144,,
2020-12-10T00:00:00Z,RSRUSDT,trade,rebalance,107727.69459189349,0.019730000000000001,2125.4674142980589,0,0,1.0627337071490295,0.53136685357451474,,
2020-12-10T00:00:00Z,SNXUSDT,trade,rebalance,464.0150271761155,4.8609999999999998,2255.5770471030974,0,0,1.1277885235515486,0.56389426177577429,,
2020-12-10T00:00:00Z,SUSHIUSDT,trade,rebalance,-23.741133336695611,2.2155999999999998,-52.600855020782795,0,0,0.026300427510391397,0.013150213755195699,,
2020-12-10T00:00:00Z,SXPUSDT,trade,rebalance,-2341.6255512681146,0.85540000000000005,-2003.0264965547453,0,0,1.0015132482773725,0.50075662413868627,,
2020-12-10T00:00:00Z,TRBUSDT,trade,rebalance,86.088703040813883,23.405000000000001,2014.9060946702491,0,0,1.0074530473351246,0.50372652366756232,,
2020-12-10T00:00:00Z,VETUSDT,trade,rebalance,-3594.4410647715558,0.016771999999999999,-60.285965538348528,0,0,0.030142982769174261,0.015071491384587131,,
2020-12-10T00:00:00Z,WAVESUSDT,trade,rebalance,-263.78501616570895,8.5428999999999995,-2253.4890146020348,0,0,1.1267445073010174,0.56337225365050869,,
2020-12-10T00:00:00Z,XLMUSDT,trade,rebalance,882.12783379229234,0.17188999999999999,151.62895335055711,0,0,0.075814476675278561,0.03790723833763928,,
2020-12-10T00:00:00Z,XMRUSDT,trade,rebalance,0.69663879142177976,132.44999999999999,92.269807923814724,0,0,0.046134903961907364,0.023067451980953682,,
2020-12-10T00:00:00Z,XRPUSDT,trade,rebalance,277.86389611528375,0.58240000000000003,161.82793309754126,0,0,0.08091396654877063,0.040456983274385315,,
2020-12-10T00:00:00Z,YFIIUSDT,trade,rebalance,-0.13873737114237095,1823.7,-253.01534375234189,0,0,0.12650767187617093,0.063253835938085465,,
2020-12-10T00:00:00Z,ZECUSDT,trade,rebalance,-32.510479202984975,69.340000000000003,-2254.2766279349785,0,0,1.1271383139674891,0.56356915698374455,,
2020-12-14T00:00:00Z,ATOMUSDT,risk_policy_action,before_rebalance,469.53228068071422,5.1929999999999996,2438.2811335749489,0,0,1.2191405667874744,0.6095702833937372,membership_exit,team-05-ldm-none-v1
2020-12-17T00:00:00Z,AAVEUSDT,trade,rebalance,-27.317149656086922,87.588999999999999,-2392.6818212269973,0,0,1.1963409106134986,0.59817045530674928,,
2020-12-17T00:00:00Z,BTCUSDT,trade,rebalance,0.12167329164790865,21346.810000000001,2597.3366388824929,0,0,1.2986683194412465,0.64933415972062325,,
2020-12-17T00:00:00Z,BZRXUSDT,trade,rebalance,-9905.9158853890967,0.25369999999999998,-2513.1308601232136,0,0,1.2565654300616069,0.62828271503080346,,
2020-12-17T00:00:00Z,COMPUSDT,trade,rebalance,0.78713173474121767,155.61000000000001,122.48556924308089,0,0,0.061242784621540446,0.030621392310770223,,
2020-12-17T00:00:00Z,DOTUSDT,trade,rebalance,463.06197970152567,5.3719999999999999,2487.5689549565959,0,0,1.243784477478298,0.62189223873914901,,
2020-12-17T00:00:00Z,LINKUSDT,trade,rebalance,11.780620000399038,13.497,159.00302814538583,0,0,0.079501514072692903,0.039750757036346451,,
2020-12-17T00:00:00Z,MKRUSDT,trade,rebalance,4.1752469031735178,540.20000000000005,2255.4683770943343,0,0,1.127734188547167,0.5638670942735835,,
2020-12-17T00:00:00Z,NEOUSDT,trade,rebalance,-125.37001268678317,17.98,-2254.1528281083615,0,0,1.1270764140541807,0.56353820702709034,,
2020-12-17T00:00:00Z,OMGUSDT,trade,rebalance,-671.80002367185318,3.3557999999999999,-2254.426519438005,0,0,1.1272132597190025,0.56360662985950127,,
2020-12-17T00:00:00Z,RSRUSDT,trade,rebalance,1.4551915228366852e-11,0.020899999999999998,3.0413502827286718e-13,0,0,1.520675141364336e-16,7.60337570682168e-17,,
2020-12-17T00:00:00Z,SNXUSDT,trade,rebalance,-891.36471950839461,5.2729999999999997,-4700.1661659677648,0,0,2.3500830829838821,1.1750415414919411,,
2020-12-17T00:00:00Z,SUSHIUSDT,trade,rebalance,-227.10907139834049,2.8481000000000001,-646.82934624961354,0,0,0.32341467312480676,0.16170733656240338,,
2020-12-17T00:00:00Z,THETAUSDT,trade,rebalance,2633.9276329753625,0.85599999999999998,2254.6420538269103,0,0,1.1273210269134553,0.56366051345672763,,
2020-12-17T00:00:00Z,UNIUSDT,trade,rebalance,-636.5146066833347,3.5407000000000002,-2253.7072678836835,0,0,1.1268536339418418,0.5634268169709209,,
2020-12-17T00:00:00Z,VETUSDT,trade,rebalance,-134517.24225534548,0.017333999999999999,-2331.7218772541582,0,0,1.1658609386270791,0.58293046931353953,,
2020-12-17T00:00:00Z,WAVESUSDT,trade,rebalance,263.78501616570895,8.3611000000000004,2205.5328986631093,0,0,1.1027664493315548,0.55138322466577738,,
2020-12-17T00:00:00Z,XLMUSDT,trade,rebalance,-1460.1613737275002,0.19327,-282.20538870031396,0,0,0.14110269435015699,0.070551347175078494,,
2020-12-17T00:00:00Z,XMRUSDT,trade,rebalance,31.208599594447911,158.83000000000001,4956.8618735861619,0,0,2.4784309367930808,1.2392154683965404,,
2020-12-17T00:00:00Z,XRPUSDT,trade,rebalance,84.362473355128259,0.56869999999999998,47.976938597061441,0,0,0.023988469298530719,0.01199423464926536,,
2020-12-17T00:00:00Z,XTZUSDT,trade,rebalance,-950.57574379864627,2.371,-2253.8150885465902,0,0,1.1269075442732952,0.5634537721366476,,
2020-12-17T00:00:00Z,YFIIUSDT,trade,rebalance,0.021616138242128269,1854.3,40.082805142378447,0,0,0.020041402571189224,0.010020701285594612,,
2020-12-17T00:00:00Z,ZECUSDT,trade,rebalance,1.7454617591694763,73.25,127.85507385916414,0,0,0.063927536929582071,0.031963768464791036,,
2020-12-17T00:00:00Z,ZILUSDT,trade,rebalance,57445.281042516865,0.039239999999999997,2254.1528281083615,0,0,1.1270764140541807,0.56353820702709034,,
2020-12-24T00:00:00Z,AVAXUSDT,trade,rebalance,-774.68946799214302,2.9535,-2288.0453437147944,0,0,1.1440226718573974,0.57201133592869868,,
2020-12-24T00:00:00Z,BCHUSDT,trade,rebalance,8.2965874553441541,275.20999999999998,2283.3038335852643,0,0,1.1416519167926322,0.57082595839631611,,
2020-12-24T00:00:00Z,COMPUSDT,trade,rebalance,-14.49467987878921,129.55000000000001,-1877.7857782971423,0,0,0.93889288914857116,0.46944644457428558,,
2020-12-24T00:00:00Z,CRVUSDT,trade,rebalance,-5462.4493626441736,0.41899999999999998,-2288.7662829479086,0,0,1.1443831414739543,0.57219157073697713,,
2020-12-24T00:00:00Z,EGLDUSDT,trade,rebalance,105.06127847340214,21.748000000000001,2284.8726842395499,0,0,1.142436342119775,0.57121817105988748,,
2020-12-24T00:00:00Z,LINKUSDT,trade,rebalance,166.97428356358233,10.971,1831.8748649760619,0,0,0.91593743248803094,0.45796871624401547,,
2020-12-24T00:00:00Z,LTCUSDT,trade,rebalance,22.295015884268594,102.44,2283.9014271844749,0,0,1.1419507135922375,0.57097535679611877,,
2020-12-24T00:00:00Z,MKRUSDT,trade,rebalance,0.24149780231990192,516.72000000000003,124.78674441473973,0,0,0.06239337220736986,0.03119668610368493,,
2020-12-24T00:00:00Z,NEOUSDT,trade,rebalance,125.37001268678317,13.448,1685.9759306118601,0,0,0.84298796530593012,0.42149398265296506,,
2020-12-24T00:00:00Z,OMGUSDT,trade,rebalance,671.80002367185318,2.3332000000000002,1567.4438152311679,0,0,0.78372190761558391,0.39186095380779196,,
2020-12-24T00:00:00Z,RSRUSDT,trade,rebalance,-140114.37368589005,0.016288,-2282.1829185957772,0,0,1.1410914592978887,0.57054572964894434,,
2020-12-24T00:00:00Z,SNXUSDT,trade,rebalance,748.06343606403982,7.1280000000000001,5332.1961722644755,0,0,2.6660980861322381,1.333049043066119,,
2020-12-24T00:00:00Z,SUSHIUSDT,trade,rebalance,-791.00238733122194,2.2143000000000002,-1751.5165862675249,0,0,0.8757582931337623,0.43787914656688115,,
2020-12-24T00:00:00Z,THETAUSDT,trade,rebalance,-493.92514949201535,1.0660000000000001,-526.52420935848841,0,0,0.26326210467924421,0.13163105233962211,,
2020-12-24T00:00:00Z,UNIUSDT,trade,rebalance,636.5146066833347,3.3199000000000001,2113.1648427280029,0,0,1.0565824213640016,0.5282912106820008,,
2020-12-24T00:00:00Z,WAVESUSDT,trade,rebalance,-388.40284987926992,5.8742999999999999,-2281.5948610457954,0,0,1.1407974305228978,0.57039871526144892,,
2020-12-24T00:00:00Z,XLMUSDT,trade,rebalance,-29666.008685521076,0.12673999999999999,-3759.8699408029411,0,0,1.8799349704014705,0.93996748520073525,,
2020-12-24T00:00:00Z,XMRUSDT,trade,rebalance,-14.181521409929928,150.81,-2138.7152438315325,0,0,1.0693576219157661,0.53467881095788306,,
2020-12-24T00:00:00Z,XRPUSDT,trade,rebalance,4866.9769583883444,0.25879999999999997,1259.5736368309035,0,0,0.62978681841545181,0.31489340920772591,,
2020-12-24T00:00:00Z,XTZUSDT,trade,rebalance,950.57574379864627,1.8160000000000001,1726.2455507383418,0,0,0.86312277536917081,0.43156138768458541,,
2020-12-24T00:00:00Z,YFIIUSDT,trade,rebalance,-0.4834980917691325,1345.0999999999999,-650.35328323866008,0,0,0.32517664161933002,0.16258832080966501,,
2020-12-24T00:00:00Z,YFIUSDT,trade,rebalance,-0.11361050733137,20107.400000000001,-2284.4119151147893,0,0,1.1422059575573946,0.57110297877869731,,
2020-12-24T00:00:00Z,ZECUSDT,trade,rebalance,-10.409133115598888,55.43,-576.97824859764637,0,0,0.28848912429882323,0.14424456214941161,,
2020-12-24T00:00:00Z,ZILUSDT,trade,rebalance,-17484.528837525286,0.057049999999999997,-997.49237018081749,0,0,0.49874618509040874,0.24937309254520437,,
2020-12-28T00:00:00Z,RSRUSDT,risk_policy_action,before_rebalance,140114.37368589005,0.017498,2451.7213107557041,0,0,1.2258606553778519,0.61293032768892597,membership_exit,team-05-ldm-none-v1
2020-12-31T00:00:00Z,AAVEUSDT,trade,rebalance,-28.496065289499544,81.135000000000005,-2312.0282572635456,0,0,1.1560141286317729,0.57800706431588644,,
2020-12-31T00:00:00Z,AVAXUSDT,trade,rebalance,774.68946799214291,2.9171999999999998,2259.9241160266793,0,0,1.1299620580133396,0.5649810290066698,,
2020-12-31T00:00:00Z,BCHUSDT,trade,rebalance,-1.8624858907716024,359.32999999999998,-669.24705513095989,0,0,0.33462352756547992,0.16731176378273996,,
2020-12-31T00:00:00Z,CRVUSDT,trade,rebalance,1477.0781073194585,0.57999999999999996,856.70530224528591,0,0,0.42835265112264298,0.21417632556132149,,
2020-12-31T00:00:00Z,DOTUSDT,trade,rebalance,319.09377803538581,7.2439999999999998,2311.5153280883346,0,0,1.1557576640441674,0.57787883202208368,,
2020-12-31T00:00:00Z,EGLDUSDT,trade,rebalance,-9.2829024027824971,24.138999999999999,-224.0799811007667,0,0,0.11203999055038334,0.056019995275191671,,
2020-12-31T00:00:00Z,FILUSDT,trade,rebalance,-107.6156985620915,21.443000000000001,-2307.603424266928,0,0,1.1538017121334641,0.57690085606673203,,
2020-12-31T00:00:00Z,LTCUSDT,trade,rebalance,-4.5376375702653498,130.21000000000001,-590.84578802425119,0,0,0.29542289401212563,0.14771144700606281,,
2020-12-31T00:00:00Z,MKRUSDT,trade,rebalance,-0.41049265442660499,576.48000000000002,-236.64080542384926,0,0,0.11832040271192464,0.059160201355962318,,
2020-12-31T00:00:00Z,OMGUSDT,trade,rebalance,-939.54808767822283,2.4603999999999999,-2311.6641149234993,0,0,1.1558320574617498,0.57791602873087489,,
2020-12-31T00:00:00Z,SNXUSDT,trade,rebalance,-5.9220607563644307,7.3460000000000001,-43.503458316253109,0,0,0.021751729158126554,0.010875864579063277,,
2020-12-31T00:00:00Z,THETAUSDT,trade,rebalance,-688.04313837169298,1.5886,-1093.0253296172714,0,0,0.5465126648086357,0.27325633240431785,,
2020-12-31T00:00:00Z,WAVESUSDT,trade,rebalance,39.700925768941829,6.6257999999999999,263.05039395985477,0,0,0.1315251969799274,0.0657625984899637,,
2020-12-31T00:00:00Z,XLMUSDT,trade,rebalance,494.06458771031248,0.13197999999999999,65.206644286007034,0,0,0.032603322143003516,0.016301661071501758,,
2020-12-31T00:00:00Z,XRPUSDT,trade,rebalance,-8822.9100584223215,0.2112,-1863.3986043387943,0,0,0.93169930216939723,0.46584965108469861,,
2020-12-31T00:00:00Z,YFIIUSDT,trade,rebalance,0.1000797733995291,1446.5,144.76539222241885,0,0,0.072382696111209427,0.036191348055604713,,
2020-12-31T00:00:00Z,YFIUSDT,trade,rebalance,0.007575432899085092,21789.799999999999,165.06716778448433,0,0,0.082533583892242163,0.041266791946121081,,
2020-12-31T00:00:00Z,ZECUSDT,trade,rebalance,41.174150559414386,64.140000000000001,2640.9100168808386,0,0,1.3204550084404192,0.66022750422020959,,
2020-12-31T00:00:00Z,ZILUSDT,trade,rebalance,-10004.894158552404,0.077020000000000005,-770.57694809170619,0,0,0.38528847404585309,0.19264423702292655,,
2021-01-07T00:00:00Z,AAVEUSDT,trade,rebalance,8.3191987213415324,115.816,963.49631911089091,0,0,0.48174815955544548,0.24087407977772274,,
2021-01-07T00:00:00Z,ALGOUSDT,trade,rebalance,4554.8813752460801,0.51290000000000002,2336.1986573637146,0,0,1.1680993286818573,0.58404966434092864,,
2021-01-07T00:00:00Z,AVAXUSDT,trade,rebalance,-509.285772811078,4.5808,-2332.9362680929862,0,0,1.1664681340464931,0.58323406702324654,,
2021-01-07T00:00:00Z,BANDUSDT,trade,rebalance,-262.50004178374962,8.8908000000000005,-2333.8353714909613,0,0,1.1669176857454806,0.5834588428727403,,
2021-01-07T00:00:00Z,BCHUSDT,trade,rebalance,-1.2992634207644302,454.25999999999999,-590.20340151645007,0,0,0.29510170075822501,0.1475508503791125,,
2021-01-07T00:00:00Z,CRVUSDT,trade,rebalance,3985.3712553247151,0.73499999999999999,2929.2478726636655,0,0,1.4646239363318327,0.73231196816591637,,
2021-01-07T00:00:00Z,DOTUSDT,trade,rebalance,-87.730246311449321,10.089,-885.11045503621222,0,0,0.44255522751810611,0.22127761375905305,,
2021-01-07T00:00:00Z,EGLDUSDT,trade,rebalance,-35.482079822250469,38.725999999999999,-1374.0790231964716,0,0,0.68703951159823573,0.34351975579911787,,
2021-01-07T00:00:00Z,FILUSDT,trade,rebalance,107.6156985620915,21.986000000000001,2366.0387485861438,0,0,1.1830193742930719,0.59150968714653596,,
2021-01-07T00:00:00Z,LTCUSDT,trade,rebalance,-17.757378314003244,169.19999999999999,-3004.5484107293487,0,0,1.5022742053646743,0.75113710268233713,,
2021-01-07T00:00:00Z,MKRUSDT,trade,rebalance,-4.0062520510668147,1040.9000000000001,-4170.1077599554474,0,0,2.0850538799777238,1.0425269399888619,,
2021-01-07T00:00:00Z,OMGUSDT,trade,rebalance,939.54808767822283,3.7138,3489.2936880193838,0,0,1.7446468440096921,0.87232342200484603,,
2021-01-07T00:00:00Z,SNXUSDT,trade,rebalance,-123.00577543194851,12.179,-1498.0873389857009,0,0,0.74904366949285039,0.3745218347464252,,
2021-01-07T00:00:00Z,SOLUSDT,trade,rebalance,1244.7395536172546,1.8722000000000001,2330.4013922822242,0,0,1.1652006961411119,0.58260034807055594,,
2021-01-07T00:00:00Z,SUSHIUSDT,trade,rebalance,-599.86300182853699,3.8855,-2330.7676936047806,0,0,1.1653838468023903,0.58269192340119513,,
2021-01-07T00:00:00Z,THETAUSDT,trade,rebalance,-373.14485713301337,2.1625999999999999,-806.96306803585469,0,0,0.40348153401792736,0.20174076700896368,,
2021-01-07T00:00:00Z,VETUSDT,trade,rebalance,75518.767930761853,0.030908000000000001,2334.1340792039873,0,0,1.1670670396019938,0.58353351980099688,,
2021-01-07T00:00:00Z,WAVESUSDT,trade,rebalance,-49.625430289348856,5.8639000000000001,-290.99856067371275,0,0,0.14549928033685638,0.072749640168428192,,
2021-01-07T00:00:00Z,XLMUSDT,trade,rebalance,17520.166840970272,0.34329999999999999,6014.6732765050947,0,0,3.0073366382525473,1.5036683191262736,,
2021-01-07T00:00:00Z,XRPUSDT,trade,rebalance,-9369.3031486618165,0.24909999999999999,-2333.8934143316583,0,0,1.166946707165829,0.58347335358291452,,
2021-01-07T00:00:00Z,YFIIUSDT,trade,rebalance,0.1275434147831247,1589.0999999999999,202.67924043186343,0,0,0.10133962021593172,0.050669810107965861,,
2021-01-07T00:00:00Z,YFIUSDT,trade,rebalance,0.012020102346269823,24857.5,298.78969407240214,0,0,0.14939484703620107,0.074697423518100534,,
2021-01-07T00:00:00Z,ZILUSDT,trade,rebalance,-29955.858046439174,0.078109999999999999,-2339.8520720073639,0,0,1.1699260360036821,0.58496301800184103,,
2021-01-11T00:00:00Z,AVAXUSDT,risk_policy_action,before_rebalance,509.285772811078,6.5427999999999997,3332.1549543483211,0,0,1.6660774771741607,0.83303873858708033,membership_exit,team-05-ldm-none-v1
2021-01-14T00:00:00Z,AAVEUSDT,trade,rebalance,4.5945879163558363,146.78100000000001,674.39820895062599,0,0,0.33719910447531304,0.16859955223765652,,
2021-01-14T00:00:00Z,ADAUSDT,trade,rebalance,7319.0662956221831,0.31256,2287.6473613596695,0,0,1.1438236806798348,0.57191184033991738,,
2021-01-14T00:00:00Z,ALGOUSDT,trade,rebalance,-4554.8813752460801,0.45050000000000001,-2051.974059548359,0,0,1.0259870297741795,0.51299351488708977,,
2021-01-14T00:00:00Z,BANDUSDT,trade,rebalance,262.50004178374962,8.9594000000000005,2351.8428743573263,0,0,1.175921437178663,0.58796071858933152,,
2021-01-14T00:00:00Z,BCHUSDT,trade,rebalance,-5.1348381438081212,496.75,-2550.7308479366843,0,0,1.2753654239683421,0.63768271198417104,,
2021-01-14T00:00:00Z,BTCUSDT,trade,rebalance,-0.06118638991695171,37416.339999999997,-2289.3707685052368,0,0,1.1446853842526183,0.57234269212630917,,
2021-01-14T00:00:00Z,COMPUSDT,trade,rebalance,-10.848547016697456,211.15000000000001,-2290.6707025756677,0,0,1.1453353512878339,0.57266767564391696,,
2021-01-14T00:00:00Z,DASHUSDT,trade,rebalance,17.169645079363303,133.34,2289.4004748823027,0,0,1.1447002374411512,0.57235011872057562,,
2021-01-14T00:00:00Z,DOGEUSDT,trade,rebalance,263832.30216760951,0.0086709999999999999,2287.6898920953422,0,0,1.1438449460476712,0.57192247302383559,,
2021-01-14T00:00:00Z,DOTUSDT,trade,rebalance,-22.441101664236555,10.964,-246.04423864668959,0,0,0.12302211932334481,0.061511059661672404,,
2021-01-14T00:00:00Z,EGLDUSDT,trade,rebalance,-125.56226994454146,35.119,-4409.6213581823513,0,0,2.2048106790911755,1.1024053395455877,,
2021-01-14T00:00:00Z,EOSUSDT,trade,rebalance,826.26181274513101,2.7709999999999999,2289.5714831167579,0,0,1.1447857415583789,0.57239287077918943,,
2021-01-14T00:00:00Z,SNXUSDT,trade,rebalance,-191.78590754344776,15.555999999999999,-2983.421577745873,0,0,1.4917107888729366,0.74585539443646831,,
2021-01-14T00:00:00Z,SOLUSDT,trade,rebalance,-595.13033158171197,3.5280999999999998,-2099.679322853438,0,0,1.0498396614267189,0.52491983071335946,,
2021-01-14T00:00:00Z,SUSHIUSDT,trade,rebalance,153.14782249721799,5.1276000000000002,785.28077463673503,0,0,0.39264038731836753,0.19632019365918377,,
2021-01-14T00:00:00Z,THETAUSDT,trade,rebalance,-2171.7638319946918,2.0933999999999999,-4546.3704058976873,0,0,2.2731852029488437,1.1365926014744219,,
2021-01-14T00:00:00Z,VETUSDT,trade,rebalance,-75518.767930761853,0.026117000000000001,-1972.3236620477073,0,0,0.98616183102385369,0.49308091551192684,,
2021-01-14T00:00:00Z,WAVESUSDT,trade,rebalance,398.32735439967695,6.3913000000000002,2545.8296201746552,0,0,1.2729148100873278,0.63645740504366388,,
2021-01-14T00:00:00Z,XLMUSDT,trade,rebalance,7530.7489513819837,0.30398999999999998,2289.2723737306092,0,0,1.1446361868653046,0.57231809343265228,,
2021-01-14T00:00:00Z,XRPUSDT,trade,rebalance,1888.4131769746525,0.30609999999999998,578.04327347194112,0,0,0.28902163673597053,0.14451081836798527,,
2021-01-14T00:00:00Z,YFIIUSDT,trade,rebalance,1.4704623426232595,1770.2,2603.0124389116941,0,0,1.3015062194558469,0.65075310972792344,,
2021-01-14T00:00:00Z,YFIUSDT,trade,rebalance,0.094014972086015086,33646.199999999997,3163.2465538004803,0,0,1.5816232769002401,0.79081163845012004,,
2021-01-14T00:00:00Z,ZECUSDT,trade,rebalance,19.468741249608822,117.48999999999999,2287.3824094165402,0,0,1.1436912047082701,0.57184560235413506,,
2021-01-14T00:00:00Z,ZILUSDT,trade,rebalance,-32459.866987718229,0.070550000000000002,-2290.0436159835212,0,0,1.1450218079917607,0.57251090399588034,,
2021-01-18T00:00:00Z,DASHUSDT,risk_policy_action,before_rebalance,-17.169645079363303,124.38,-2135.5604549712075,0,0,1.0677802274856039,0.53389011374280193,membership_exit,team-05-ldm-none-v1
2021-01-21T00:00:00Z,AAVEUSDT,trade,rebalance,15.582278651802175,197.36799999999999,3075.4431729488915,0,0,1.5377215864744458,0.76886079323722289,,
2021-01-21T00:00:00Z,ADAUSDT,trade,rebalance,-7319.0662956221822,0.37575999999999998,-2750.2123512429912,0,0,1.3751061756214957,0.68755308781074786,,
2021-01-21T00:00:00Z,ATOMUSDT,trade,rebalance,255.85834551938899,8.9169999999999998,2281.4888669963916,0,0,1.1407444334981958,0.57037221674909788,,
2021-01-21T00:00:00Z,AVAXUSDT,trade,rebalance,184.39737995499985,12.372299999999999,2281.4197040172444,0,0,1.1407098520086221,0.57035492600431104,,
2021-01-21T00:00:00Z,BCHUSDT,trade,rebalance,-4.5862389732058633,497.48000000000002,-2281.5621643904528,0,0,1.1407810821952264,0.57039054109761322,,
2021-01-21T00:00:00Z,BTCUSDT,trade,rebalance,-0.0030520474795251509,35499.230000000003,-108.34533544658363,0,0,0.054172667723291816,0.027086333861645908,,
2021-01-21T00:00:00Z,COMPUSDT,trade,rebalance,10.848547016697456,212.75,2308.0283778023836,0,0,1.1540141889011919,0.57700709445059595,,
2021-01-21T00:00:00Z,CRVUSDT,trade,rebalance,1401.9527660143528,1.6259999999999999,2279.5751975393378,0,0,1.1397875987696688,0.56989379938483442,,
2021-01-21T00:00:00Z,DOGEUSDT,trade,rebalance,-263832.30216760951,0.0090790000000000003,-2395.3334713797267,0,0,1.1976667356898634,0.59883336784493169,,
2021-01-21T00:00:00Z,DOTUSDT,trade,rebalance,-82.257772668243206,18.021999999999998,-1482.4495790270789,0,0,0.74122478951353954,0.37061239475676977,,
2021-01-21T00:00:00Z,EGLDUSDT,trade,rebalance,6.3974896766261864,38.735999999999997,247.81316011379195,0,0,0.12390658005689598,0.061953290028447988,,
2021-01-21T00:00:00Z,EOSUSDT,trade,rebalance,-826.26181274513101,2.7799999999999998,-2297.0078394314642,0,0,1.1485039197157321,0.57425195985786603,,
2021-01-21T00:00:00Z,LTCUSDT,trade,rebalance,-15.228837569561101,149.84,-2281.8890214230355,0,0,1.1409445107115177,0.57047225535575885,,
2021-01-21T00:00:00Z,MKRUSDT,trade,rebalance,1.6101322933857067,1417.52,2282.394728520107,0,0,1.1411973642600535,0.57059868213002674,,
2021-01-21T00:00:00Z,NEOUSDT,trade,rebalance,87.410505855733007,26.099,2281.3267923287758,0,0,1.1406633961643877,0.57033169808219386,,
2021-01-21T00:00:00Z,RSRUSDT,trade,rebalance,53954.894351789728,0.042359000000000001,2285.475369847461,0,0,1.1427376849237305,0.57136884246186526,,
2021-01-21T00:00:00Z,SOLUSDT,trade,rebalance,-35.498687346691099,3.7153,-131.88827309916144,0,0,0.065944136549580715,0.032972068274790357,,
2021-01-21T00:00:00Z,SUSHIUSDT,trade,rebalance,446.71517933131901,7.2971000000000004,3259.7253350985679,0,0,1.629862667549284,0.814931333774642,,
2021-01-21T00:00:00Z,THETAUSDT,trade,rebalance,-31.332594563802786,2.0274000000000001,-63.523702218653774,0,0,0.031761851109326888,0.015880925554663444,,
2021-01-21T00:00:00Z,XLMUSDT,trade,rebalance,-7530.7489513819828,0.29404999999999998,-2214.416729153872,0,0,1.1072083645769359,0.55360418228846797,,
2021-01-21T00:00:00Z,XMRUSDT,trade,rebalance,-14.908347387616683,153,-2280.9771503053526,0,0,1.1404885751526763,0.57024428757633816,,
2021-01-21T00:00:00Z,XRPUSDT,trade,rebalance,-229.26724072118486,0.29599999999999999,-67.863103253470712,0,0,0.033931551626735355,0.016965775813367678,,
2021-01-21T00:00:00Z,ZECUSDT,trade,rebalance,-19.468741249608822,99.200000000000003,-1931.2991319611951,0,0,0.96564956598059759,0.4828247829902988,,
2021-01-21T00:00:00Z,ZILUSDT,trade,rebalance,1718.9350429021579,0.074200000000000002,127.54498018334012,0,0,0.063772490091670062,0.031886245045835031,,
2021-01-25T00:00:00Z,EGLDUSDT,risk_policy_action,before_rebalance,58.868484019546088,41.299999999999997,2431.2683900072534,0,0,1.2156341950036267,0.60781709750181334,membership_exit,team-05-ldm-none-v1
2021-01-28T00:00:00Z,AAVEUSDT,trade,rebalance,7.9946227454468746,286.31999999999999,2289.0203844763491,0,0,1.1445101922381746,0.57225509611908731,,
2021-01-28T00:00:00Z,ATOMUSDT,trade,rebalance,-255.85834551938899,6.96,-1780.7740848149474,0,0,0.89038704240747379,0.4451935212037369,,
2021-01-28T00:00:00Z,AVAXUSDT,trade,rebalance,21.374815147956525,11.0982,237.2219734750511,0,0,0.11861098673752556,0.059305493368762778,,
2021-01-28T00:00:00Z,BCHUSDT,trade,rebalance,4.5862389732058633,377.56,1731.5803867236057,0,0,0.86579019336180285,0.43289509668090143,,
2021-01-28T00:00:00Z,BNBUSDT,trade,rebalance,-55.965342240063876,40.906999999999996,-2289.3742550142929,0,0,1.1446871275071464,0.5723435637535732,,
2021-01-28T00:00:00Z,BTCUSDT,trade,rebalance,0.064238437396476861,30382.959999999999,1951.7538738796604,0,0,0.97587693693983024,0.48793846846991512,,
2021-01-28T00:00:00Z,CRVUSDT,trade,rebalance,-140.08926850809644,1.8140000000000001,-254.12193307368696,0,0,0.12706096653684348,0.063530483268421742,,
2021-01-28T00:00:00Z,DOTUSDT,trade,rebalance,21.520775668448067,15.448,332.45294252618572,0,0,0.16622647126309287,0.083113235631546434,,
2021-01-28T00:00:00Z,EOSUSDT,trade,rebalance,-914.87625278830922,2.5030000000000001,-2289.935260729138,0,0,1.1449676303645691,0.57248381518228453,,
2021-01-28T00:00:00Z,IOSTUSDT,trade,rebalance,145621.24718343082,0.015727999999999999,2290.3309757009997,0,0,1.1451654878504998,0.57258274392524988,,
2021-01-28T00:00:00Z,LTCUSDT,trade,rebalance,-3.4738373587528883,122.43000000000001,-425.30190783211617,0,0,0.21265095391605809,0.10632547695802905,,
2021-01-28T00:00:00Z,MKRUSDT,trade,rebalance,-1.6101322933857067,1326.02,-2135.0676236753147,0,0,1.0675338118376574,0.53376690591882869,,
2021-01-28T00:00:00Z,NEOUSDT,trade,rebalance,-87.410505855733007,21.039999999999999,-1839.1170432046224,0,0,0.91955852160231111,0.45977926080115555,,
2021-01-28T00:00:00Z,RSRUSDT,trade,rebalance,-53954.894351789728,0.032259000000000003,-1740.5309368943849,0,0,0.87026546844719255,0.43513273422359627,,
2021-01-28T00:00:00Z,SOLUSDT,trade,rebalance,9.4987892571924704,3.6726000000000001,34.885253425965068,0,0,0.017442626712982533,0.0087213133564912667,,
2021-01-28T00:00:00Z,SXPUSDT,trade,rebalance,1822.4015118396439,1.2566999999999999,2290.2119799288803,0,0,1.1451059899644402,0.57255299498222012,,
2021-01-28T00:00:00Z,THETAUSDT,trade,rebalance,-24.414937881380865,1.9918,-48.629673272134411,0,0,0.024314836636067209,0.012157418318033604,,
2021-01-28T00:00:00Z,UNIUSDT,trade,rebalance,155.28261055068589,14.7392,2288.7414534286695,0,0,1.1443707267143346,0.5721853633571673,,
2021-01-28T00:00:00Z,WAVESUSDT,trade,rebalance,-379.34071152838061,6.0303000000000004,-2287.5382927295936,0,0,1.1437691463647968,0.57188457318239838,,
2021-01-28T00:00:00Z,XLMUSDT,trade,rebalance,-9623.3935276059419,0.23794000000000001,-2289.7902559585577,0,0,1.1448951279792789,0.57244756398963947,,
2021-01-28T00:00:00Z,XMRUSDT,trade,rebalance,14.908347387616683,125.56,1871.8920979891507,0,0,0.93594604899457534,0.46797302449728767,,
2021-01-28T00:00:00Z,XRPUSDT,trade,rebalance,-1424.0023425651125,0.25080000000000002,-357.13978751533023,0,0,0.1785698937576651,0.089284946878832552,,
2021-01-28T00:00:00Z,ZILUSDT,trade,rebalance,-6112.6648549283382,0.062080000000000003,-379.47423419395125,0,0,0.18973711709697563,0.094868558548487816,,
2021-02-04T00:00:00Z,AAVEUSDT,trade,rebalance,-1.9971440255835589,384.209,-767.32070892543356,0,0,0.38366035446271679,0.1918301772313584,,
2021-02-04T00:00:00Z,AVAXUSDT,trade,rebalance,-205.77219510295637,14.8589,-3057.5484698153186,0,0,1.5287742349076594,0.7643871174538297,,
2021-02-04T00:00:00Z,BCHUSDT,trade,rebalance,-5.160056177661275,446.79000000000002,-2305.4614996172813,0,0,1.1527307498086408,0.57636537490432038,,
2021-02-04T00:00:00Z,BNBUSDT,trade,rebalance,55.965342240063876,52.094999999999999,2915.5145039961276,0,0,1.4577572519980639,0.72887862599903197,,
2021-02-04T00:00:00Z,BTCUSDT,trade,rebalance,-0.061198714446634307,37651.919999999998,-2304.2491004475191,0,0,1.1521245502237596,0.5760622751118798,,
2021-02-04T00:00:00Z,CRVUSDT,trade,rebalance,-390.87299347197836,2.645,-1033.8590677333827,0,0,0.51692953386669138,0.25846476693334569,,
2021-02-04T00:00:00Z,DOTUSDT,trade,rebalance,-148.1854330599048,20.879000000000001,-3093.9636568577525,0,0,1.5469818284288761,0.77349091421443805,,
2021-02-04T00:00:00Z,EOSUSDT,trade,rebalance,914.87625278830922,3.0699999999999998,2808.6700960601092,0,0,1.4043350480300545,0.70216752401502724,,
2021-02-04T00:00:00Z,GRTUSDT,trade,rebalance,2788.2806883431758,0.82754000000000005,2307.4138008315117,0,0,1.1537069004157559,0.57685345020787793,,
2021-02-04T00:00:00Z,IOSTUSDT,trade,rebalance,-13376.1195118209,0.017434000000000002,-233.19926756908558,0,0,0.11659963378454279,0.058299816892271393,,
2021-02-04T00:00:00Z,LINKUSDT,trade,rebalance,-91.68758718169218,25.138999999999999,-2304.9342541605597,0,0,1.15246712708028,0.57623356354013999,,
2021-02-04T00:00:00Z,LTCUSDT,trade,rebalance,3.9595643424600868,156.30000000000001,618.87990672651165,0,0,0.30943995336325586,0.15471997668162793,,
2021-02-04T00:00:00Z,SOLUSDT,trade,rebalance,-623.60932394604401,5.7373000000000003,-3577.8337742756385,0,0,1.7889168871378192,0.89445844356890958,,
2021-02-04T00:00:00Z,SXPUSDT,trade,rebalance,-320.11910640014321,1.5329999999999999,-490.74259011141953,0,0,0.24537129505570973,0.12268564752785487,,
2021-02-04T00:00:00Z,THETAUSDT,trade,rebalance,96.15172016099973,2.1899000000000002,210.56265198057332,0,0,0.10528132599028665,0.052640662995143327,,
2021-02-04T00:00:00Z,UNIUSDT,trade,rebalance,-38.703437811509332,19.7685,-765.10891037682222,0,0,0.38255445518841114,0.19127722759420557,,
2021-02-04T00:00:00Z,WAVESUSDT,trade,rebalance,64.610088200240511,7.3296000000000001,473.56610247248284,0,0,0.23678305123624141,0.1183915256181207,,
2021-02-04T00:00:00Z,XLMUSDT,trade,rebalance,16263.609864132486,0.34781000000000001,5656.6461468439202,0,0,2.8283230734219602,1.4141615367109801,,
2021-02-04T00:00:00Z,XRPUSDT,trade,rebalance,14925.022935334458,0.39789999999999998,5938.6666259695803,0,0,2.9693333129847903,1.4846666564923952,,
2021-02-04T00:00:00Z,YFIUSDT,trade,rebalance,-0.067402671108978823,34175.599999999999,-2303.5267267520167,0,0,1.1517633633760085,0.57588168168800424,,
2021-02-04T00:00:00Z,ZECUSDT,trade,rebalance,-24.130283312002369,95.480000000000004,-2303.9594506299863,0,0,1.1519797253149933,0.57598986265749663,,
2021-02-04T00:00:00Z,ZILUSDT,trade,rebalance,36853.59679974441,0.079750000000000001,2939.0743447796167,0,0,1.4695371723898083,0.73476858619490415,,
2021-02-08T00:00:00Z,THETAUSDT,risk_policy_action,before_rebalance,1052.545156300235,2.2924000000000002,2412.8545163026588,0,0,1.2064272581513293,0.60321362907566467,membership_exit,team-05-ldm-none-v1
2021-02-08T00:00:00Z,WAVESUSDT,risk_policy_action,before_rebalance,314.7306233281401,8.0580999999999996,2536.1308358404858,0,0,1.2680654179202429,0.63403270896012143,membership_exit,team-05-ldm-none-v1
2021-02-11T00:00:00Z,1INCHUSDT,trade,rebalance,482.61277583208528,4.9142000000000001,2371.6557029940336,0,0,1.1858278514970169,0.59291392574850843,,
2021-02-11T00:00:00Z,AAVEUSDT,trade,rebalance,-1.4715522453512015,523.72000000000003,-770.68134193533126,0,0,0.38534067096766561,0.19267033548383281,,
2021-02-11T00:00:00Z,ADAUSDT,trade,rebalance,2514.202551318926,0.94299999999999995,2370.8930058937472,0,0,1.1854465029468737,0.59272325147343685,,
2021-02-11T00:00:00Z,ALPHAUSDT,trade,rebalance,1081.8239918842414,2.1936200000000001,2373.1107450771096,0,0,1.1865553725385547,0.59327768626927735,,
2021-02-11T00:00:00Z,BANDUSDT,trade,rebalance,-180.85856434795272,13.1012,-2369.4642232353981,0,0,1.184732111617699,0.59236605580884949,,
2021-02-11T00:00:00Z,BCHUSDT,trade,rebalance,0.37470915431291374,495.38999999999999,185.62716795507433,0,0,0.092813583977537167,0.046406791988768584,,
2021-02-11T00:00:00Z,BTCUSDT,trade,rebalance,0.061198714446634307,44850,2744.7623429315486,0,0,1.3723811714657743,0.68619058573288716,,
2021-02-11T00:00:00Z,COMPUSDT,trade,rebalance,4.9997518820601661,474.48000000000002,2372.2822729999075,0,0,1.1861411364999539,0.59307056824997695,,
2021-02-11T00:00:00Z,CRVUSDT,trade,rebalance,-870.99050403427805,3.089,-2690.4896669618847,0,0,1.3452448334809424,0.67262241674047119,,
2021-02-11T00:00:00Z,DOGEUSDT,trade,rebalance,32634.902144472006,0.072645000000000001,2370.762466285169,0,0,1.1853812331425844,0.59269061657129218,,
2021-02-11T00:00:00Z,GRTUSDT,trade,rebalance,-2788.2806883431758,1.26166,-3517.8622132550513,0,0,1.7589311066275255,0.87946555331376275,,
2021-02-11T00:00:00Z,IOSTUSDT,trade,rebalance,-132245.12767160992,0.022495999999999999,-2974.9863921005367,0,0,1.4874931960502682,0.7437465980251341,,
2021-02-11T00:00:00Z,LINKUSDT,trade,rebalance,3.3960366698779723,26.847999999999999,91.176792512883793,0,0,0.045588396256441899,0.022794198128220949,,
2021-02-11T00:00:00Z,LTCUSDT,trade,rebalance,1.7047636550699874,181.80000000000001,309.92603249172373,0,0,0.15496301624586187,0.077481508122930934,,
2021-02-11T00:00:00Z,RSRUSDT,trade,rebalance,-43777.692456856377,0.054197000000000002,-2372.6195980842454,0,0,1.1863097990421227,0.59315489952106137,,
2021-02-11T00:00:00Z,SOLUSDT,trade,rebalance,-260.24598866037485,9.1097999999999999,-2370.7889074982827,0,0,1.1853944537491414,0.59269722687457072,,
2021-02-11T00:00:00Z,SXPUSDT,trade,rebalance,-1502.2824054395007,2.3641000000000001,-3551.5458346995238,0,0,1.7757729173497616,0.88788645867488081,,
2021-02-11T00:00:00Z,UNIUSDT,trade,rebalance,-2.1582524130430585,20.705400000000001,-44.687479513021742,0,0,0.022343739756510873,0.011171869878255436,,
2021-02-11T00:00:00Z,XLMUSDT,trade,rebalance,-6640.2163365265442,0.41514000000000001,-2756.6194099456297,0,0,1.3783097049728148,0.6891548524864074,,
2021-02-11T00:00:00Z,XMRUSDT,trade,rebalance,-13.489087414224032,175.72999999999999,-2370.437331301589,0,0,1.1852186656507946,0.59260933282539729,,
2021-02-11T00:00:00Z,XRPUSDT,trade,rebalance,-5790.8633803609973,0.50549999999999995,-2927.2814387724839,0,0,1.4636407193862417,0.73182035969312087,,
2021-02-11T00:00:00Z,XTZUSDT,trade,rebalance,615.33688188262317,3.8559999999999999,2372.7390165393949,0,0,1.1863695082696974,0.59318475413484872,,
2021-02-11T00:00:00Z,YFIUSDT,trade,rebalance,0.0023643758998717623,36429.900000000001,86.133977594738312,0,0,0.043066988797369157,0.021533494398684579,,
2021-02-11T00:00:00Z,ZECUSDT,trade,rebalance,24.130283312002366,116.64,2814.5562455119561,0,0,1.4072781227559781,0.70363906137798904,,
2021-02-15T00:00:00Z,XMRUSDT,risk_policy_action,before_rebalance,13.489087414224032,230.56,3110.043994223493,0,0,1.5550219971117465,0.77751099855587325,membership_exit,team-05-ldm-none-v1
2021-02-18T00:00:00Z,1INCHUSDT,trade,rebalance,-16.374670340404407,4.8289999999999997,-79.073283073812874,0,0,0.03953664153690644,0.01976832076845322,,
2021-02-18T00:00:00Z,AAVEUSDT,trade,rebalance,-4.5259264745121142,452.108,-2046.2075665387229,0,0,1.0231037832693615,0.51155189163468073,,
2021-02-18T00:00:00Z,ADAUSDT,trade,rebalance,5.6299815268089333,0.89407000000000003,5.0335975836740632,0,0,0.0025167987918370315,0.0012583993959185157,,
2021-02-18T00:00:00Z,ALPHAUSDT,trade,rebalance,-1081.8239918842414,1.68405,-1821.8456935326569,0,0,0.9109228467663284,0.4554614233831642,,
2021-02-18T00:00:00Z,AVAXUSDT,trade,rebalance,60.578603797985949,37.182099999999998,2252.4397042770934,0,0,1.1262198521385467,0.56310992606927335,,
2021-02-18T00:00:00Z,BANDUSDT,trade,rebalance,42.214903181477155,16.260999999999999,686.45654063400002,0,0,0.34322827031699998,0.17161413515849999,,
2021-02-18T00:00:00Z,BCHUSDT,trade,rebalance,4.7853470233483613,717.63999999999999,3434.156437835718,0,0,1.7170782189178591,0.85853910945892953,,
2021-02-18T00:00:00Z,BNBUSDT,trade,rebalance,13.610362079028988,165.63800000000001,2254.3931540462036,0,0,1.1271965770231018,0.56359828851155092,,
2021-02-18T00:00:00Z,COMPUSDT,trade,rebalance,-9.7454479846430502,474.79000000000002,-4627.0412486286741,0,0,2.3135206243143371,1.1567603121571686,,
2021-02-18T00:00:00Z,CRVUSDT,trade,rebalance,-807.02453386106276,2.7949999999999999,-2255.6335721416704,0,0,1.1278167860708352,0.56390839303541762,,
2021-02-18T00:00:00Z,DOGEUSDT,trade,rebalance,12855.064998896478,0.049527000000000002,636.67280420034592,0,0,0.318336402100173,0.1591682010500865,,
2021-02-18T00:00:00Z,DOTUSDT,trade,rebalance,-70.423786608699103,31.986999999999998,-2252.6456622524579,0,0,1.126322831126229,0.5631614155631145,,
2021-02-18T00:00:00Z,EGLDUSDT,trade,rebalance,15.494279081193545,145.648,2256.7107596176775,0,0,1.1283553798088388,0.56417768990441941,,
2021-02-18T00:00:00Z,ETHUSDT,trade,rebalance,-1.2180430154418864,1849.8699999999999,-2253.2212329754825,0,0,1.1266106164877412,0.56330530824387059,,
2021-02-18T00:00:00Z,FTMUSDT,trade,rebalance,13596.892571857274,0.16583899999999999,2254.8950672242381,0,0,1.1274475336121192,0.56372376680605962,,
2021-02-18T00:00:00Z,GRTUSDT,trade,rebalance,1032.0310672464325,2.1818300000000002,2251.7163434502841,0,0,1.1258581717251419,0.56292908586257095,,
2021-02-18T00:00:00Z,LINKUSDT,trade,rebalance,18.527060336326926,32.287999999999997,598.20172413932369,0,0,0.29910086206966185,0.14955043103483093,,
2021-02-18T00:00:00Z,LTCUSDT,trade,rebalance,13.038346930783915,237.58000000000001,3097.6504638156425,0,0,1.5488252319078213,0.77441261595391064,,
2021-02-18T00:00:00Z,RSRUSDT,trade,rebalance,43777.692456856377,0.057321999999999998,2509.4248870119213,0,0,1.2547124435059607,0.62735622175298034,,
2021-02-18T00:00:00Z,SOLUSDT,trade,rebalance,260.24598866037485,8.2552000000000003,2148.3826855891266,0,0,1.0741913427945633,0.53709567139728165,,
2021-02-18T00:00:00Z,UNIUSDT,trade,rebalance,-218.99799844376162,21.553999999999998,-4720.2828584568379,0,0,2.3601414292284191,1.1800707146142095,,
2021-02-18T00:00:00Z,XTZUSDT,trade,rebalance,-615.33688188262317,4.6189999999999998,-2842.2410574158362,0,0,1.4211205287079181,0.71056026435395903,,
2021-02-18T00:00:00Z,YFIUSDT,trade,rebalance,0.013763382552233984,43949.900000000001,604.8992868324284,0,0,0.30244964341621422,0.15122482170810711,,
2021-02-25T00:00:00Z,1INCHUSDT,trade,rebalance,-466.23810549168087,3.6467000000000001,-1700.2304992965126,0,0,0.85011524964825624,0.42505762482412812,,
2021-02-25T00:00:00Z,ADAUSDT,trade,rebalance,-193.61231011277641,1.0487,-203.04122961526861,0,0,0.1015206148076343,0.050760307403817151,,
2021-02-25T00:00:00Z,ALGOUSDT,trade,rebalance,2302.0506986313235,1.0598000000000001,2439.7133304094768,0,0,1.2198566652047385,0.60992833260236923,,
2021-02-25T00:00:00Z,AVAXUSDT,trade,rebalance,21.696272869678342,29.653400000000001,643.36825791371973,0,0,0.32168412895685988,0.16084206447842994,,
2021-02-25T00:00:00Z,BANDUSDT,trade,rebalance,138.64366116647557,13.2196,1832.8137431563405,0,0,0.91640687157817025,0.45820343578908512,,
2021-02-25T00:00:00Z,BCHUSDT,trade,rebalance,4.6319935548512925,526.50999999999999,2438.790926564754,0,0,1.2193954632823769,0.60969773164118846,,
2021-02-25T00:00:00Z,BNBUSDT,trade,rebalance,-4.0154967810676716,254.19399999999999,-1020.7151887667156,0,0,0.51035759438335782,0.25517879719167891,,
2021-02-25T00:00:00Z,COMPUSDT,trade,rebalance,-0.82980014705000205,437.39999999999998,-362.95458431967086,0,0,0.18147729215983543,0.090738646079917717,,
2021-02-25T00:00:00Z,CRVUSDT,trade,rebalance,-329.72503274654287,2.1459999999999999,-707.58992027408101,0,0,0.35379496013704054,0.17689748006852027,,
2021-02-25T00:00:00Z,DOGEUSDT,trade,rebalance,-45489.967143368485,0.056746999999999999,-2581.4191654847314,0,0,1.2907095827423656,0.64535479137118279,,
2021-02-25T00:00:00Z,DOTUSDT,trade,rebalance,70.423786608699103,33.655999999999999,2370.1829621023771,0,0,1.1850914810511886,0.59254574052559428,,
2021-02-25T00:00:00Z,EGLDUSDT,trade,rebalance,-15.494279081193545,116.84699999999999,-1810.460027800222,0,0,0.90523001390011104,0.45261500695005552,,
2021-02-25T00:00:00Z,ETHUSDT,trade,rebalance,-0.28437856919457349,1623.9400000000001,-461.81373365783571,0,0,0.23090686682891787,0.11545343341445893,,
2021-02-25T00:00:00Z,FTMUSDT,trade,rebalance,-13596.892571857274,0.64899899999999999,-8824.3696822427992,0,0,4.4121848411214,2.2060924205607,,
2021-02-25T00:00:00Z,GRTUSDT,trade,rebalance,-1032.0310672464325,1.8899999999999999,-1950.5387170957572,0,0,0.97526935854787866,0.48763467927393933,,
2021-02-25T00:00:00Z,IOSTUSDT,trade,rebalance,46585.252601774089,0.052406000000000001,2441.3467478485732,0,0,1.2206733739242865,0.61033668696214327,,
2021-02-25T00:00:00Z,IOTAUSDT,trade,rebalance,2044.496903819271,1.1943999999999999,2441.9471019217372,0,0,1.2209735509608686,0.61048677548043428,,
2021-02-25T00:00:00Z,LINKUSDT,trade,rebalance,-17.077145823157295,28.103999999999999,-479.93610621401263,0,0,0.23996805310700628,0.11998402655350314,,
2021-02-25T00:00:00Z,MATICUSDT,trade,rebalance,15240.047227405688,0.16025,2442.2175681917615,0,0,1.2211087840958808,0.61055439204794038,,
2021-02-25T00:00:00Z,MKRUSDT,trade,rebalance,-1.091950703907447,2235.29,-2440.8264889372772,0,0,1.2204132444686386,0.61020662223431932,,
2021-02-25T00:00:00Z,OMGUSDT,trade,rebalance,-516.39596825911474,4.7256,-2440.2807876052725,0,0,1.2201403938026363,0.61007019690131814,,
2021-02-25T00:00:00Z,SNXUSDT,trade,rebalance,-127.45664760058078,19.141999999999999,-2439.7751483703173,0,0,1.2198875741851587,0.60994378709257935,,
2021-02-25T00:00:00Z,UNIUSDT,trade,rebalance,104.57707811762812,25.245200000000001,2640.0692524951455,0,0,1.3200346262475726,0.66001731312378631,,
2021-02-25T00:00:00Z,YFIUSDT,trade,rebalance,-0.020918564843054044,33765.300000000003,-706.32161749517275,0,0,0.35316080874758637,0.17658040437379319,,
2021-03-01T00:00:00Z,COMPUSDT,risk_policy_action,before_rebalance,5.575496249632887,405.33999999999997,2259.9716498261942,0,0,1.1299858249130972,0.56499291245654859,membership_exit,team-05-ldm-none-v1
2021-03-01T00:00:00Z,IOTAUSDT,risk_policy_action,before_rebalance,-2044.4969038192708,1.1232,-2296.378922369805,0,0,1.1481894611849024,0.5740947305924512,membership_exit,team-05-ldm-none-v1
2021-03-04T00:00:00Z,AAVEUSDT,trade,rebalance,-6.167280171727282,396.75799999999998,-2446.917746374173,0,0,1.2234588731870866,0.61172943659354329,,
2021-03-04T00:00:00Z,ADAUSDT,trade,rebalance,-311.52771739349805,1.21411,-378.22891696461994,0,0,0.18911445848230996,0.094557229241154978,,
2021-03-04T00:00:00Z,ALGOUSDT,trade,rebalance,-232.20931567122986,1.1813,-274.30886460242385,0,0,0.13715443230121194,0.068577216150605969,,
2021-03-04T00:00:00Z,AVAXUSDT,trade,rebalance,-82.274876667664302,27.2197,-2239.4974604308218,0,0,1.119748730215411,0.5598743651077055,,
2021-03-04T00:00:00Z,BCHUSDT,trade,rebalance,-4.6319935548512925,521.34000000000003,-2414.843519886173,0,0,1.2074217599430865,0.60371087997154327,,
2021-03-04T00:00:00Z,BNBUSDT,trade,rebalance,0.56725347121996172,240.42699999999999,136.38305032500173,0,0,0.068191525162500863,0.034095762581250431,,
2021-03-04T00:00:00Z,CRVUSDT,trade,rebalance,64.351389143356982,2.2810000000000001,146.78551863599728,0,0,0.073392759317998643,0.036696379658999322,,
2021-03-04T00:00:00Z,DOGEUSDT,trade,rebalance,-48480.873235576699,0.050429000000000002,-2444.8419563968973,0,0,1.2224209781984485,0.61121048909922426,,
2021-03-04T00:00:00Z,ETCUSDT,trade,rebalance,217.14763127588873,11.256,2444.2137376414034,0,0,1.2221068688207017,0.61105343441035087,,
2021-03-04T00:00:00Z,ETHUSDT,trade,rebalance,1.5024215846364599,1568.6300000000001,2356.7435703082901,0,0,1.1783717851541451,0.58918589257707255,,
2021-03-04T00:00:00Z,GRTUSDT,trade,rebalance,-1253.6983955006431,1.9506399999999999,-2445.5142381993742,0,0,1.2227571190996871,0.61137855954984355,,
2021-03-04T00:00:00Z,IOSTUSDT,trade,rebalance,8786.1637720414219,0.044137000000000003,387.79491040659224,0,0,0.19389745520329613,0.096948727601648063,,
2021-03-04T00:00:00Z,LINKUSDT,trade,rebalance,4.9658227189890454,29.847999999999999,148.21987651638503,0,0,0.074109938258192523,0.037054969129096262,,
2021-03-04T00:00:00Z,MATICUSDT,trade,rebalance,-4275.1275400564973,0.22258,-951.55788786577511,0,0,0.4757789439328875,0.23788947196644375,,
2021-03-04T00:00:00Z,MKRUSDT,trade,rebalance,1.091950703907447,2194.0100000000002,2395.750763879978,0,0,1.197875381939989,0.5989376909699945,,
2021-03-04T00:00:00Z,OMGUSDT,trade,rebalance,11.453075400761634,4.8385999999999996,55.41685063412524,0,0,0.027708425317062621,0.013854212658531311,,
2021-03-04T00:00:00Z,SNXUSDT,trade,rebalance,127.45664760058078,22.510000000000002,2869.0491374890735,0,0,1.4345245687445367,0.71726228437226835,,
2021-03-04T00:00:00Z,SOLUSDT,trade,rebalance,173.47464215898592,14.0915,2444.5179199833501,0,0,1.2222589599916751,0.61112947999583755,,
2021-03-04T00:00:00Z,SUSHIUSDT,trade,rebalance,140.23435411764461,17.417000000000002,2442.4617456670167,0,0,1.2212308728335084,0.6106154364167542,,
2021-03-04T00:00:00Z,XRPUSDT,trade,rebalance,-5449.5052004100644,0.44890000000000002,-2446.2828844640781,0,0,1.223141442232039,0.61157072111601951,,
2021-03-04T00:00:00Z,YFIUSDT,trade,rebalance,-0.00023119518240946602,33764.5,-7.8061897364644155,0,0,0.0039030948682322077,0.0019515474341161038,,
2021-03-08T00:00:00Z,OMGUSDT,risk_policy_action,before_rebalance,504.9428928583531,5.1360999999999999,2593.4371920097874,0,0,1.2967185960048937,0.64835929800244685,membership_exit,team-05-ldm-none-v1
2021-03-11T00:00:00Z,1INCHUSDT,trade,rebalance,-610.25143963092398,4.0103,-2447.2913483518946,0,0,1.2236456741759474,0.61182283708797369,,
2021-03-11T00:00:00Z,AAVEUSDT,trade,rebalance,6.167280171727282,406.59399999999999,2507.5791141432824,0,0,1.2537895570716411,0.62689477853582054,,
2021-03-11T00:00:00Z,ADAUSDT,trade,rebalance,144.90207780277183,1.13293,164.16391100509429,0,0,0.082081955502547141,0.04104097775127357,,
2021-03-11T00:00:00Z,ALGOUSDT,trade,rebalance,-2069.8413829600936,1.1103000000000001,-2298.1448875005922,0,0,1.1490724437502959,0.57453622187514797,,
2021-03-11T00:00:00Z,AVAXUSDT,trade,rebalance,82.597415119934865,29.629200000000001,2447.2953320715742,0,0,1.2236476660357871,0.61182383301789356,,
2021-03-11T00:00:00Z,BCHUSDT,trade,rebalance,-4.4692061991671146,547.22000000000003,-2445.6390163082287,0,0,1.2228195081541144,0.61140975407705722,,
2021-03-11T00:00:00Z,BNBUSDT,trade,rebalance,-1.3784540373355441,278.39699999999999,-383.75746863210344,0,0,0.19187873431605171,0.095939367158025854,,
2021-03-11T00:00:00Z,CRVUSDT,trade,rebalance,1072.3981774642486,2.2170000000000001,2377.5067594382394,0,0,1.1887533797191199,0.59437668985955994,,
2021-03-11T00:00:00Z,DOGEUSDT,trade,rebalance,4732.1018415802755,0.055939999999999997,264.7137770180006,0,0,0.13235688850900029,0.066178444254500146,,
2021-03-11T00:00:00Z,EOSUSDT,trade,rebalance,-612.51683292057919,3.9940000000000002,-2446.3922306847935,0,0,1.2231961153423967,0.61159805767119835,,
2021-03-11T00:00:00Z,ETCUSDT,trade,rebalance,-217.14763127588873,11.968999999999999,-2599.039998741112,0,0,1.299519999370556,0.64975999968527798,,
2021-03-11T00:00:00Z,FTMUSDT,trade,rebalance,5335.1658771511347,0.45874500000000001,2447.4806703136974,0,0,1.2237403351568485,0.61187016757842427,,
2021-03-11T00:00:00Z,GRTUSDT,trade,rebalance,51.478758590038296,2.03782,104.90444382995184,0,0,0.052452221914975915,0.026226110957487957,,
2021-03-11T00:00:00Z,IOSTUSDT,trade,rebalance,-1130.1118227002371,0.045123000000000003,-50.994035775702805,0,0,0.0254970178878514,0.0127485089439257,,
2021-03-11T00:00:00Z,LINKUSDT,trade,rebalance,81.875813279655532,29.920000000000002,2449.7243333272936,0,0,1.2248621666636468,0.61243108333182339,,
2021-03-11T00:00:00Z,LUNAUSDT,trade,rebalance,220.01757912270645,11.1175,2446.045435896689,0,0,1.2230227179483446,0.6115113589741723,,
2021-03-11T00:00:00Z,MATICUSDT,trade,rebalance,-2444.5596298859964,0.28739999999999999,-702.56643762923534,0,0,0.35128321881461766,0.17564160940730883,,
2021-03-11T00:00:00Z,SNXUSDT,trade,rebalance,-113.09920604802595,21.652000000000001,-2448.824009351858,0,0,1.224412004675929,0.61220600233796452,,
2021-03-11T00:00:00Z,SOLUSDT,trade,rebalance,-173.47464215898592,14.2371,-2469.7758278816982,0,0,1.2348879139408491,0.61744395697042453,,
2021-03-11T00:00:00Z,SUSHIUSDT,trade,rebalance,-140.23435411764461,17.9529,-2517.6133360386621,0,0,1.2588066680193311,0.62940333400966553,,
2021-03-11T00:00:00Z,UNIUSDT,trade,rebalance,79.087117056330442,30.950299999999999,2447.7699990285441,0,0,1.223884999514272,0.61194249975713599,,
2021-03-11T00:00:00Z,XLMUSDT,trade,rebalance,-5978.3270204276605,0.4093,-2446.9292494610413,0,0,1.2234646247305208,0.61173231236526038,,
2021-03-11T00:00:00Z,XRPUSDT,trade,rebalance,154.80254498847535,0.46210000000000001,71.534256039174466,0,0,0.03576712801958723,0.017883564009793615,,
2021-03-11T00:00:00Z,YFIUSDT,trade,rebalance,0.072424672682336586,37888.800000000003,2744.0839383265147,0,0,1.3720419691632575,0.68602098458162875,,
2021-03-15T00:00:00Z,SNXUSDT,risk_policy_action,before_rebalance,113.09920604802595,19.420999999999999,2196.4996806587119,0,0,1.0982498403293559,0.54912492016467795,membership_exit,team-05-ldm-none-v1
2021-03-18T00:00:00Z,1INCHUSDT,trade,rebalance,112.34560067247214,5.0462999999999996,566.9296046734961,0,0,0.28346480233674809,0.14173240116837404,,
2021-03-18T00:00:00Z,ADAUSDT,trade,rebalance,-2159.5945831422323,1.3803000000000001,-2980.8884031112234,0,0,1.4904442015556116,0.74522210077780582,,
2021-03-18T00:00:00Z,ALGOUSDT,trade,rebalance,1944.4088442981449,1.2903,2508.8707317978965,0,0,1.2544353658989482,0.62721768294947411,,
2021-03-18T00:00:00Z,ALPHAUSDT,trade,rebalance,-1382.6226473913648,1.8159099999999999,-2510.7182916244533,0,0,1.2553591458122266,0.62767957290611331,,
2021-03-18T00:00:00Z,AVAXUSDT,trade,rebalance,-82.597415119934865,32.726300000000002,-2703.1077864395247,0,0,1.3515538932197624,0.67577694660988119,,
2021-03-18T00:00:00Z,BCHUSDT,trade,rebalance,-0.16036459670337511,542.16999999999996,-86.944873394668875,0,0,0.043472436697334436,0.021736218348667218,,
2021-03-18T00:00:00Z,BNBUSDT,trade,rebalance,-8.7836647318457342,270.18700000000001,-2373.2320229032034,0,0,1.1866160114516016,0.59330800572580078,,
2021-03-18T00:00:00Z,BTCUSDT,trade,rebalance,0.04256050027959396,58959.010000000002,2509.3249615895834,0,0,1.2546624807947917,0.62733124039739585,,
2021-03-18T00:00:00Z,DOGEUSDT,trade,rebalance,481.56717460814252,0.058002999999999999,27.932340828796089,0,0,0.013966170414398044,0.0069830852071990218,,
2021-03-18T00:00:00Z,EGLDUSDT,trade,rebalance,-18.463247004954884,136.09899999999999,-2512.8294541273544,0,0,1.2564147270636772,0.62820736353183859,,
2021-03-18T00:00:00Z,ENJUSDT,trade,rebalance,1019.5017503290545,2.4620199999999999,2510.0336993451388,0,0,1.2550168496725693,0.62750842483628466,,
2021-03-18T00:00:00Z,EOSUSDT,trade,rebalance,612.51683292057919,4.093,2507.0313971439305,0,0,1.2535156985719651,0.62675784928598255,,
2021-03-18T00:00:00Z,FTMUSDT,trade,rebalance,-5335.1658771511347,0.42686600000000002,-2277.4009173159966,0,0,1.1387004586579983,0.56935022932899915,,
2021-03-18T00:00:00Z,GRTUSDT,trade,rebalance,1202.2196369106045,1.72377,2072.350143517393,0,0,1.0361750717586966,0.5180875358793483,,
2021-03-18T00:00:00Z,IOSTUSDT,trade,rebalance,-54241.304551115274,0.042751999999999998,-2318.92425216928,0,0,1.1594621260846398,0.57973106304231992,,
2021-03-18T00:00:00Z,KSMUSDT,trade,rebalance,7.2514867406795984,346.149,2510.0948837995024,0,0,1.2550474418997513,0.62752372094987563,,
2021-03-18T00:00:00Z,LUNAUSDT,trade,rebalance,-84.221196809960702,18.458200000000001,-1554.5716949576167,0,0,0.77728584747880836,0.38864292373940418,,
2021-03-18T00:00:00Z,MATICUSDT,trade,rebalance,-2269.1076652008778,0.40164,-911.36440265128056,0,0,0.4556822013256403,0.22784110066282015,,
2021-03-18T00:00:00Z,SOLUSDT,trade,rebalance,176.3978355220668,14.232699999999999,2510.6174736349199,0,0,1.25530873681746,0.62765436840873001,,
2021-03-18T00:00:00Z,UNIUSDT,trade,rebalance,-79.087117056330442,31.342700000000001,-2478.8037837614484,0,0,1.2394018918807241,0.61970094594036207,,
2021-03-18T00:00:00Z,VETUSDT,trade,rebalance,32695.662922626088,0.076757000000000006,2509.6209989520107,0,0,1.2548104994760054,0.62740524973800271,,
2021-03-18T00:00:00Z,XLMUSDT,trade,rebalance,-246.08720877017186,0.40311999999999998,-99.202675599431672,0,0,0.049601337799715838,0.024800668899857919,,
2021-03-18T00:00:00Z,XRPUSDT,trade,rebalance,-35.578778427079669,0.4708,-16.750488883469107,0,0,0.0083752444417345522,0.0041876222208672761,,
2021-03-18T00:00:00Z,XTZUSDT,trade,rebalance,-568.0824778459081,4.4189999999999996,-2510.3564696010676,0,0,1.2551782348005338,0.6275891174002669,,
2021-03-22T00:00:00Z,EGLDUSDT,risk_policy_action,before_rebalance,18.463247004954884,138.50399999999999,2557.2335631742712,0,0,1.2786167815871357,0.63930839079356783,membership_exit,team-05-ldm-none-v1
2021-03-25T00:00:00Z,1INCHUSDT,trade,rebalance,-181.69174495191299,3.7130000000000001,-674.62144900645296,0,0,0.33731072450322647,0.16865536225161323,,
2021-03-25T00:00:00Z,ALGOUSDT,trade,rebalance,-1944.4088442981449,1.0283,-1999.4356145917825,0,0,0.99971780729589121,0.49985890364794561,,
2021-03-25T00:00:00Z,ALPHAUSDT,trade,rebalance,1382.6226473913648,1.7902499999999999,2475.2401944923909,0,0,1.2376200972461955,0.61881004862309774,,
2021-03-25T00:00:00Z,ATOMUSDT,trade,rebalance,-144.74941832549766,17.449000000000002,-2525.732600361609,0,0,1.2628663001808045,0.63143315009040224,,
2021-03-25T00:00:00Z,BCHUSDT,trade,rebalance,-0.69231218686861429,474.36000000000001,-328.40520896299586,0,0,0.16420260448149793,0.082101302240748963,,
2021-03-25T00:00:00Z,BNBUSDT,trade,rebalance,-10.157569729043077,248.52000000000001,-2524.3592290617858,0,0,1.2621796145308928,0.63108980726544639,,
2021-03-25T00:00:00Z,BTCUSDT,trade,rebalance,-0.04256050027959396,52307.889999999999,-2226.24996696997,0,0,1.113124983484985,0.5565624917424925,,
2021-03-25T00:00:00Z,CHZUSDT,trade,rebalance,5228.7233507892388,0.48254000000000002,2523.0681656898396,0,0,1.2615340828449197,0.63076704142245987,,
2021-03-25T00:00:00Z,DOGEUSDT,trade,rebalance,-5715.2237061857304,0.051503,-294.35116653968367,0,0,0.14717558326984184,0.073587791634920921,,
2021-03-25T00:00:00Z,ENJUSDT,trade,rebalance,154.33119938046696,2.1489500000000001,331.65003090865446,0,0,0.16582501545432723,0.082912507727163617,,
2021-03-25T00:00:00Z,ETHUSDT,trade,rebalance,-1.595343106298136,1582.01,-2523.848747594714,0,0,1.2619243737973571,0.63096218689867856,,
2021-03-25T00:00:00Z,FILUSDT,trade,rebalance,29.39552129532191,85.853999999999999,2523.7230852885673,0,0,1.2618615426442836,0.63093077132214181,,
2021-03-25T00:00:00Z,FTMUSDT,trade,rebalance,-7499.0236927218593,0.33705400000000002,-2527.5759317266738,0,0,1.2637879658633371,0.63189398293166854,,
2021-03-25T00:00:00Z,KSMUSDT,trade,rebalance,-1.2885399366648145,423.053,-545.12068582585971,0,0,0.27256034291292985,0.13628017145646493,,
2021-03-25T00:00:00Z,LINKUSDT,trade,rebalance,-101.49417171225943,24.876000000000001,-2524.7690155141659,0,0,1.262384507757083,0.6311922538785415,,
2021-03-25T00:00:00Z,LUNAUSDT,trade,rebalance,17.307030314106527,16.4801,285.22159027950698,0,0,0.1426107951397535,0.071305397569876749,,
2021-03-25T00:00:00Z,MATICUSDT,trade,rebalance,-6251.2523922623168,0.32133,-2008.7149312056504,0,0,1.0043574656028251,0.50217873280141256,,
2021-03-25T00:00:00Z,SOLUSDT,trade,rebalance,-176.3978355220668,13.582700000000001,-2395.9588805455769,0,0,1.1979794402727884,0.59898972013639418,,
2021-03-25T00:00:00Z,SXPUSDT,trade,rebalance,877.30605682140208,2.8727,2520.2371094308419,0,0,1.260118554715421,0.6300592773577105,,
2021-03-25T00:00:00Z,THETAUSDT,trade,rebalance,224.76948500533629,11.226699999999999,2523.4195773094089,0,0,1.2617097886547044,0.6308548943273522,,
2021-03-25T00:00:00Z,VETUSDT,trade,rebalance,-2868.3989555626977,0.084607000000000002,-242.68663043329317,0,0,0.12134331521664658,0.060671657608323291,,
2021-03-25T00:00:00Z,XLMUSDT,trade,rebalance,6224.4142291978324,0.36191000000000001,2252.6777536889877,0,0,1.1263388768444937,0.56316943842224687,,
2021-03-25T00:00:00Z,XRPUSDT,trade,rebalance,5330.2814338486687,0.48010000000000003,2559.0681163907461,0,0,1.2795340581953731,0.63976702909768657,,
2021-03-25T00:00:00Z,XTZUSDT,trade,rebalance,568.0824778459081,3.9889999999999999,2266.0810041273276,0,0,1.1330405020636638,0.5665202510318319,,
2021-04-01T00:00:00Z,1INCHUSDT,trade,rebalance,89.31163044521486,4.3444000000000003,388.00544730619146,0,0,0.19400272365309573,0.097001361826547866,,
2021-04-01T00:00:00Z,ANKRUSDT,trade,rebalance,16258.669325645009,0.157804,2565.6830542640851,0,0,1.2828415271320426,0.64142076356602129,,
2021-04-01T00:00:00Z,ATOMUSDT,trade,rebalance,144.74941832549766,19.138000000000002,2770.2143679133742,0,0,1.3851071839566871,0.69255359197834354,,
2021-04-01T00:00:00Z,BCHUSDT,trade,rebalance,0.58784366969095014,541.86000000000001,318.52897085873826,0,0,0.15926448542936913,0.079632242714684567,,
2021-04-01T00:00:00Z,BNBUSDT,trade,rebalance,10.157569729043077,302.702,3074.7166721207973,0,0,1.5373583360603986,0.76867916803019931,,
2021-04-01T00:00:00Z,CHZUSDT,trade,rebalance,-106.05180712100901,0.50070000000000003,-53.100139825489215,0,0,0.026550069912744608,0.013275034956372304,,
2021-04-01T00:00:00Z,DOGEUSDT,trade,rebalance,1315.6645967907534,0.053828000000000001,70.819593916052682,0,0,0.035409796958026339,0.01770489847901317,,
2021-04-01T00:00:00Z,DOTUSDT,trade,rebalance,-69.081633140556463,37.122,-2564.4483854437372,0,0,1.2822241927218685,0.64111209636093425,,
2021-04-01T00:00:00Z,ENJUSDT,trade,rebalance,-1173.8329497095215,2.5551699999999999,-2999.3427381092779,0,0,1.4996713690546388,0.74983568452731941,,
2021-04-01T00:00:00Z,ETCUSDT,trade,rebalance,-181.25152170326066,14.156000000000001,-2565.7965412313579,0,0,1.2828982706156788,0.64144913530783942,,
2021-04-01T00:00:00Z,ETHUSDT,trade,rebalance,0.26109820019727858,1923.0699999999999,502.11011585338053,0,0,0.25105505792669031,0.12552752896334515,,
2021-04-01T00:00:00Z,FILUSDT,trade,rebalance,-15.970533467329966,190.98599999999999,-3050.1483047914808,0,0,1.5250741523957403,0.76253707619787015,,
2021-04-01T00:00:00Z,FTMUSDT,trade,rebalance,7499.0236927218593,0.42324899999999999,3173.954278920834,0,0,1.5869771394604169,0.79348856973020843,,
2021-04-01T00:00:00Z,KSMUSDT,trade,rebalance,-0.8004822032684622,496.60199999999998,-397.52106310752487,0,0,0.19876053155376244,0.099380265776881221,,
2021-04-01T00:00:00Z,LINKUSDT,trade,rebalance,14.442921100553377,29.475000000000001,425.70509943881081,0,0,0.2128525497194054,0.1064262748597027,,
2021-04-01T00:00:00Z,LUNAUSDT,trade,rebalance,-15.802420536811043,18.692599999999999,-295.38832612639408,0,0,0.14769416306319705,0.073847081531598524,,
2021-04-01T00:00:00Z,SXPUSDT,trade,rebalance,-877.30605682140197,3.4983,-3069.0797785783107,0,0,1.5345398892891553,0.76726994464457765,,
2021-04-01T00:00:00Z,THETAUSDT,trade,rebalance,-16.79646718669332,12.334,-207.16762628067539,0,0,0.1035838131403377,0.051791906570168848,,
2021-04-01T00:00:00Z,TRXUSDT,trade,rebalance,27489.413954017498,0.093270000000000006,2563.9376394912124,0,0,1.2819688197456063,0.64098440987280314,,
2021-04-01T00:00:00Z,VETUSDT,trade,rebalance,-597.90627411859532,0.087813000000000002,-52.503943649176215,0,0,0.026251971824588105,0.013125985912294053,,
2021-04-01T00:00:00Z,XLMUSDT,trade,rebalance,-6316.5210582987984,0.40611000000000003,-2565.2023669857253,0,0,1.2826011834928628,0.64130059174643139,,
2021-04-08T00:00:00Z,1INCHUSDT,trade,rebalance,590.28595346514999,5.5831999999999997,3295.6845353866252,0,0,1.6478422676933124,0.82392113384665622,,
2021-04-08T00:00:00Z,AAVEUSDT,trade,rebalance,-7.0838267059957696,349.40600000000001,-2475.1315540351579,0,0,1.237565777017579,0.61878288850878949,,
2021-04-08T00:00:00Z,ADAUSDT,trade,rebalance,-2108.1227104140103,1.17414,-2475.2311992055061,0,0,1.2376155996027529,0.61880779980137646,,
2021-04-08T00:00:00Z,ANKRUSDT,trade,rebalance,1804.0531399239262,0.13722899999999999,247.56840833862046,0,0,0.12378420416931024,0.061892102084655121,,
2021-04-08T00:00:00Z,BCHUSDT,trade,rebalance,4.7340393130481537,616.19000000000005,2917.0676843071419,0,0,1.458533842153571,0.72926692107678548,,
2021-04-08T00:00:00Z,CHZUSDT,trade,rebalance,-10591.732542565023,0.45279999999999998,-4795.9364952734422,0,0,2.397968247636721,1.1989841238183605,,
2021-04-08T00:00:00Z,DOGEUSDT,trade,rebalance,47666.763328783258,0.058833000000000003,2804.3786869223054,0,0,1.4021893434611528,0.70109467173057638,,
2021-04-08T00:00:00Z,DOTUSDT,trade,rebalance,69.081633140556463,39.575000000000003,2733.9056315375224,0,0,1.3669528157687612,0.68347640788438058,,
2021-04-08T00:00:00Z,ENJUSDT,trade,rebalance,-872.03168883238652,2.8401800000000001,-2476.7269619879676,0,0,1.2383634809939839,0.61918174049699193,,
2021-04-08T00:00:00Z,EOSUSDT,trade,rebalance,420.16357225596016,5.8920000000000003,2475.6037677321174,0,0,1.2378018838660587,0.61890094193302936,,
2021-04-08T00:00:00Z,ETCUSDT,trade,rebalance,181.25152170326066,19.149999999999999,3470.9666406174415,0,0,1.7354833203087208,0.86774166015436038,,
2021-04-08T00:00:00Z,ETHUSDT,trade,rebalance,1.3342449061008574,1965.4000000000001,2622.3249384506253,0,0,1.3111624692253125,0.65558123461265627,,
2021-04-08T00:00:00Z,FILUSDT,trade,rebalance,2.414150751231821,156.31299999999999,377.36314637729959,0,0,0.18868157318864978,0.094340786594324891,,
2021-04-08T00:00:00Z,FTMUSDT,trade,rebalance,-5962.5749703837482,0.41528999999999999,-2476.1977594506666,0,0,1.2380988797253332,0.61904943986266658,,
2021-04-08T00:00:00Z,KSMUSDT,trade,rebalance,0.61921918900472139,428.45999999999998,265.31065372096293,0,0,0.13265532686048145,0.066327663430240727,,
2021-04-08T00:00:00Z,LINKUSDT,trade,rebalance,87.051250611706052,31.151,2711.7335078052552,0,0,1.3558667539026275,0.67793337695131373,,
2021-04-08T00:00:00Z,LUNAUSDT,trade,rebalance,-137.30099209004123,15.436400000000001,-2119.4330342987128,0,0,1.0597165171493563,0.52985825857467816,,
2021-04-08T00:00:00Z,MKRUSDT,trade,rebalance,-1.1754524558491359,2105.77,-2475.232517953435,0,0,1.2376162589767175,0.61880812948835873,,
2021-04-08T00:00:00Z,ONTUSDT,trade,rebalance,1408.5270695562206,1.7597,2478.5850842980813,0,0,1.2392925421490406,0.61964627107452031,,
2021-04-08T00:00:00Z,SUSHIUSDT,trade,rebalance,-178.32117891027102,13.886799999999999,-2476.3105472911516,0,0,1.2381552736455759,0.61907763682278794,,
2021-04-08T00:00:00Z,THETAUSDT,trade,rebalance,-6.6337651073750692,12.297599999999999,-81.579389784455643,0,0,0.040789694892227821,0.02039484744611391,,
2021-04-08T00:00:00Z,TRXUSDT,trade,rebalance,-5097.9182256155691,0.11055,-563.57485984180119,0,0,0.28178742992090061,0.14089371496045031,,
2021-04-08T00:00:00Z,UNIUSDT,trade,rebalance,-86.6249953717534,28.582999999999998,-2476.0022427108274,0,0,1.2380011213554136,0.61900056067770681,,
2021-04-08T00:00:00Z,VETUSDT,trade,rebalance,-29229.357692944795,0.106098,-3101.1763925060568,0,0,1.5505881962530284,0.77529409812651418,,
2021-04-08T00:00:00Z,XLMUSDT,trade,rebalance,6316.5210582987984,0.47360999999999998,2991.5675384208939,0,0,1.495783769210447,0.74789188460522349,,
2021-04-08T00:00:00Z,XRPUSDT,trade,rebalance,2697.6347836877089,0.91810000000000003,2476.6984949036855,0,0,1.2383492474518427,0.61917462372592136,,
2021-04-12T00:00:00Z,FTMUSDT,risk_policy_action,before_rebalance,5962.5749703837482,0.45916899999999999,2737.8295865761352,0,0,1.3689147932880676,0.68445739664403382,membership_exit,team-05-ldm-none-v1
2021-04-15T00:00:00Z,AAVEUSDT,trade,rebalance,7.0838267059957696,429.08699999999999,3039.5779497956069,0,0,1.5197889748978033,0.75989448744890165,,
2021-04-15T00:00:00Z,ADAUSDT,trade,rebalance,389.94477787516126,1.4544299999999999,567.14738328497072,0,0,0.28357369164248536,0.14178684582124268,,
2021-04-15T00:00:00Z,ANKRUSDT,trade,rebalance,-18062.722465568935,0.15624199999999999,-2822.1558834654215,0,0,1.4110779417327106,0.70553897086635531,,
2021-04-15T00:00:00Z,BNBUSDT,trade,rebalance,4.5433120647970178,549.78800000000001,2497.8584534806228,0,0,1.2489292267403114,0.62446461337015569,,
2021-04-15T00:00:00Z,BTCUSDT,trade,rebalance,-0.039636530091363142,63018.339999999997,-2497.8283297177536,0,0,1.2489141648588769,0.62445708242943843,,
2021-04-15T00:00:00Z,CHZUSDT,trade,rebalance,512.57812343285786,0.50378000000000001,258.22660702300516,0,0,0.1291133035115026,0.064556651755751301,,
2021-04-15T00:00:00Z,DOTUSDT,trade,rebalance,-58.672361672436118,42.582000000000001,-2498.3865047356749,0,0,1.2491932523678373,0.62459662618391865,,
2021-04-15T00:00:00Z,ENJUSDT,trade,rebalance,1729.1357802027408,2.9147599999999998,5040.0158067037401,0,0,2.5200079033518703,1.2600039516759352,,
2021-04-15T00:00:00Z,EOSUSDT,trade,rebalance,-420.16357225596016,7.681,-3227.2763984980302,0,0,1.6136381992490152,0.8068190996245076,,
2021-04-15T00:00:00Z,ETHUSDT,trade,rebalance,-1.0249946084673562,2436.7399999999998,-2497.6453622367453,0,0,1.2488226811183725,0.62441134055918623,,
2021-04-15T00:00:00Z,FILUSDT,trade,rebalance,-1.0176916351744989,168.53399999999999,-171.515642042499,0,0,0.085757821021249486,0.042878910510624743,,
2021-04-15T00:00:00Z,KSMUSDT,trade,rebalance,-5.7816837897510434,455.77600000000001,-2635.1527109575718,0,0,1.317576355478786,0.65878817773939302,,
2021-04-15T00:00:00Z,MKRUSDT,trade,rebalance,0.24528646376581731,2685.9099999999999,658.81736589324635,0,0,0.32940868294662318,0.16470434147331159,,
2021-04-15T00:00:00Z,ONTUSDT,trade,rebalance,-1408.5270695562206,1.9043000000000001,-2682.2580985559111,0,0,1.3411290492779555,0.67056452463897775,,
2021-04-15T00:00:00Z,QTUMUSDT,trade,rebalance,157.02500918869154,15.91,2498.2678961920824,0,0,1.2491339480960413,0.62456697404802064,,
2021-04-15T00:00:00Z,STORJUSDT,trade,rebalance,1091.5305250308611,2.2890999999999999,2498.6225248481442,0,0,1.2493112624240721,0.62465563121203604,,
2021-04-15T00:00:00Z,SUSHIUSDT,trade,rebalance,35.821737788430937,17.527100000000001,627.85118039160795,0,0,0.31392559019580402,0.15696279509790201,,
2021-04-15T00:00:00Z,THETAUSDT,trade,rebalance,-201.3392527112679,12.162800000000001,-2448.8490628766094,0,0,1.2244245314383047,0.61221226571915233,,
2021-04-15T00:00:00Z,TRXUSDT,trade,rebalance,-4637.7727722507589,0.14072999999999999,-652.67376223884924,0,0,0.3263368811194246,0.1631684405597123,,
2021-04-15T00:00:00Z,UNIUSDT,trade,rebalance,17.419587915525327,36.110399999999998,629.02828746478576,0,0,0.31451414373239284,0.15725707186619642,,
2021-04-15T00:00:00Z,XLMUSDT,trade,rebalance,3926.7712400066389,0.63610999999999995,2497.8584534806228,0,0,1.2489292267403114,0.62446461337015569,,
2021-04-15T00:00:00Z,XRPUSDT,trade,rebalance,-1338.9954290613164,1.8384,-2461.609196786324,0,0,1.2308045983931621,0.61540229919658107,,
2021-04-22T00:00:00Z,ADAUSDT,trade,rebalance,-320.00711756451824,1.20441,-385.41977246588141,0,0,0.19270988623294069,0.096354943116470346,,
2021-04-22T00:00:00Z,BCHUSDT,trade,rebalance,2.6963318902007143,909.97000000000003,2453.5811301259441,0,0,1.226790565062972,0.61339528253148601,,
2021-04-22T00:00:00Z,BNBUSDT,trade,rebalance,-0.035464196006190107,544.404,-19.306850162553918,0,0,0.0096534250812769593,0.0048267125406384797,,
2021-04-22T00:00:00Z,BTCUSDT,trade,rebalance,-0.0059783937781354227,53794.720000000001,-321.60601934453717,0,0,0.16080300967226857,0.080401504836134285,,
2021-04-22T00:00:00Z,CHZUSDT,trade,rebalance,4956.4828754639357,0.52200000000000002,2587.2840609921745,0,0,1.2936420304960874,0.6468210152480437,,
2021-04-22T00:00:00Z,DOGEUSDT,trade,rebalance,8020.5680823535149,0.305983,2454.1574835427755,0,0,1.2270787417713878,0.61353937088569388,,
2021-04-22T00:00:00Z,DOTUSDT,trade,rebalance,58.672361672436118,33.826999999999998,1984.7099782934965,0,0,0.99235498914674825,0.49617749457337412,,
2021-04-22T00:00:00Z,ENJUSDT,trade,rebalance,-1847.4425967020472,2.4777999999999998,-4577.5932661083325,0,0,2.288796633054166,1.144398316527083,,
2021-04-22T00:00:00Z,ETCUSDT,trade,rebalance,76.762090433454375,31.928999999999998,2450.9367854497646,0,0,1.2254683927248824,0.6127341963624412,,
2021-04-22T00:00:00Z,ETHUSDT,trade,rebalance,1.0249946084673562,2359.4099999999999,2418.382529163965,0,0,1.2091912645819827,0.60459563229099134,,
2021-04-22T00:00:00Z,FILUSDT,trade,rebalance,-14.821446944049265,147.667,-2188.638605886923,0,0,1.0943193029434615,0.54715965147173073,,
2021-04-22T00:00:00Z,KSMUSDT,trade,rebalance,-7.0095380427379759,350.09800000000001,-2454.02524968648,0,0,1.22701262484324,0.61350631242162001,,
2021-04-22T00:00:00Z,LINKUSDT,trade,rebalance,67.632960084217544,36.280999999999999,2453.7914248154966,0,0,1.2268957124077482,0.6134478562038741,,
2021-04-22T00:00:00Z,LUNAUSDT,trade,rebalance,-185.23933582317247,13.2394,-2452.4576626973094,0,0,1.2262288313486547,0.61311441567432734,,
2021-04-22T00:00:00Z,MKRUSDT,trade,rebalance,0.32369258011705648,4047.52,1310.1521918753886,0,0,0.65507609593769434,0.32753804796884717,,
2021-04-22T00:00:00Z,NEOUSDT,trade,rebalance,25.32189042086474,96.959999999999994,2455.2104952070449,0,0,1.2276052476035224,0.6138026238017612,,
2021-04-22T00:00:00Z,QTUMUSDT,trade,rebalance,-157.02500918869154,15.801,-2481.1521701905149,0,0,1.2405760850952574,0.6202880425476287,,
2021-04-22T00:00:00Z,STORJUSDT,trade,rebalance,-1091.5305250308611,1.8317000000000001,-1999.3564626990285,0,0,0.99967823134951428,0.49983911567475714,,
2021-04-22T00:00:00Z,SUSHIUSDT,trade,rebalance,-54.356644752534898,12.463800000000001,-677.49034886664447,0,0,0.33874517443332225,0.16937258721666112,,
2021-04-22T00:00:00Z,THETAUSDT,trade,rebalance,-222.50355227242196,11.0299,-2454.191931209587,0,0,1.2270959656047935,0.61354798280239675,,
2021-04-22T00:00:00Z,TRXUSDT,trade,rebalance,-17753.72295615117,0.1227,-2178.3818067197485,0,0,1.0891909033598741,0.54459545167993706,,
2021-04-22T00:00:00Z,UNIUSDT,trade,rebalance,69.205407456228073,33.469499999999996,2316.2703848562251,0,0,1.1581351924281125,0.57906759621405623,,
2021-04-22T00:00:00Z,VETUSDT,trade,rebalance,10843.228214230985,0.22638900000000001,2454.7875921915384,0,0,1.2273937960957693,0.61369689804788463,,
2021-04-22T00:00:00Z,XLMUSDT,trade,rebalance,-3926.7712400066389,0.48952000000000001,-1922.2330574080499,0,0,0.96111652870402509,0.48055826435201254,,
2021-04-22T00:00:00Z,XRPUSDT,trade,rebalance,542.44364962634177,1.2910999999999999,700.34899603256986,0,0,0.35017449801628492,0.17508724900814246,,
2021-04-29T00:00:00Z,ADAUSDT,trade,rebalance,2038.1850501033675,1.3387100000000001,2728.5387084238791,0,0,1.3642693542119395,0.68213467710596976,,
2021-04-29T00:00:00Z,ALGOUSDT,trade,rebalance,-1867.7835754209152,1.29,-2409.4408122929808,0,0,1.2047204061464905,0.60236020307324523,,
2021-04-29T00:00:00Z,AVAXUSDT,trade,rebalance,-85.200837413257304,28.2835,-2409.7778849778629,0,0,1.2048889424889313,0.60244447124446565,,
2021-04-29T00:00:00Z,BCHUSDT,trade,rebalance,-2.6963318902007143,911.16999999999996,-2456.8167283941848,0,0,1.2284083641970922,0.6142041820985461,,
2021-04-29T00:00:00Z,BNBUSDT,trade,rebalance,-0.23038545413768222,563.053,-129.71922110858438,0,0,0.064859610554292194,0.032429805277146097,,
2021-04-29T00:00:00Z,BTCUSDT,trade,rebalance,0.045614923869498565,54861.760000000002,2502.5150057467017,0,0,1.2512575028733508,0.6256287514366754,,
2021-04-29T00:00:00Z,DOGEUSDT,trade,rebalance,-576.03233980939694,0.32348300000000002,-186.33666937856316,0,0,0.093168334689281568,0.046584167344640784,,
2021-04-29T00:00:00Z,ENJUSDT,trade,rebalance,109.56434899110786,2.7364099999999998,299.81298022275746,0,0,0.14990649011137874,0.074953245055689371,,
2021-04-29T00:00:00Z,ETCUSDT,trade,rebalance,-8.0635091824091489,35.076999999999998,-282.84371159136572,0,0,0.14142185579568287,0.070710927897841433,,
2021-04-29T00:00:00Z,GRTUSDT,trade,rebalance,-1569.7416336039551,1.5347500000000001,-2409.16097217367,0,0,1.204580486086835,0.60229024304341749,,
2021-04-29T00:00:00Z,KSMUSDT,trade,rebalance,0.8990015086991594,394.27699999999999,354.45561784537847,0,0,0.17722780892268925,0.088613904461344623,,
2021-04-29T00:00:00Z,LINKUSDT,trade,rebalance,-67.632960084217544,36.286000000000001,-2454.1295896159177,0,0,1.2270647948079587,0.61353239740397936,,
2021-04-29T00:00:00Z,LUNAUSDT,trade,rebalance,185.23933582317247,16.832599999999999,3118.0596441771327,0,0,1.5590298220885663,0.77951491104428317,,
2021-04-29T00:00:00Z,MKRUSDT,trade,rebalance,1.1513969972957145,4419.7600000000002,5088.8983927677073,0,0,2.5444491963838538,1.2722245981919269,,
2021-04-29T00:00:00Z,NEOUSDT,trade,rebalance,0.89032013283861744,91.912000000000006,81.831104049463008,0,0,0.040915552024731502,0.020457776012365751,,
2021-04-29T00:00:00Z,SOLUSDT,trade,rebalance,53.675807364759294,44.906500000000001,2410.3926434255632,0,0,1.2051963217127815,0.60259816085639073,,
2021-04-29T00:00:00Z,SUSHIUSDT,trade,rebalance,28.610915320673115,14.318899999999999,409.67683538518622,0,0,0.20483841769259312,0.10241920884629656,,
2021-04-29T00:00:00Z,THETAUSDT,trade,rebalance,4.5274540874291631,11.055199999999999,50.051910427346883,0,0,0.025025955213673443,0.012512977606836721,,
2021-04-29T00:00:00Z,VETUSDT,trade,rebalance,1273.9827817670903,0.19880999999999999,253.28051684311521,0,0,0.1266402584215576,0.0633201292107788,,
2021-04-29T00:00:00Z,XLMUSDT,trade,rebalance,-4836.8567403753977,0.49804999999999999,-2408.9964995439668,0,0,1.2044982497719834,0.60224912488599169,,
2021-04-29T00:00:00Z,XRPUSDT,trade,rebalance,-128.45117843324147,1.3593999999999999,-174.61653196214843,0,0,0.087308265981074218,0.043654132990537109,,
2021-05-03T00:00:00Z,ALGOUSDT,risk_policy_action,before_rebalance,1867.7835754209154,1.389,2594.3513862596515,0,0,1.2971756931298257,0.64858784656491286,membership_exit,team-05-ldm-none-v1
2021-05-03T00:00:00Z,KSMUSDT,risk_policy_action,before_rebalance,6.1105365340388165,414.36799999999999,2532.0108025365962,0,0,1.266005401268298,0.63300270063414898,membership_exit,team-05-ldm-none-v1
2021-05-06T00:00:00Z,ADAUSDT,trade,rebalance,-1735.1615069539098,1.48234,-2572.0993082180585,0,0,1.2860496541090292,0.64302482705451458,,
2021-05-06T00:00:00Z,AVAXUSDT,trade,rebalance,85.200837413257304,35.332700000000003,3010.3756280713965,0,0,1.5051878140356982,0.75259390701784912,,
2021-05-06T00:00:00Z,BNBUSDT,trade,rebalance,-4.2774624146531455,652,-2788.9054943538508,0,0,1.3944527471769255,0.69722637358846273,,
2021-05-06T00:00:00Z,DOGEUSDT,trade,rebalance,-3516.91507743899,0.65482099999999999,-2302.9498479236768,0,0,1.1514749239618385,0.57573746198091924,,
2021-05-06T00:00:00Z,ENJUSDT,trade,rebalance,-113.24744784390134,2.5867100000000001,-292.93830581229804,0,0,0.14646915290614901,0.073234576453074504,,
2021-05-06T00:00:00Z,ETCUSDT,trade,rebalance,-41.426425341946882,94.311999999999998,-3907.0090268496942,0,0,1.953504513424847,0.97675225671242349,,
2021-05-06T00:00:00Z,ETHUSDT,trade,rebalance,0.72886593664031862,3528.7399999999998,2571.9783852601577,0,0,1.2859891926300788,0.64299459631503941,,
2021-05-06T00:00:00Z,FILUSDT,trade,rebalance,-16.845193209593877,152.67699999999999,-2571.8735636611641,0,0,1.285936781830582,0.64296839091529101,,
2021-05-06T00:00:00Z,GRTUSDT,trade,rebalance,-101.57747756260414,1.53773,-156.19873457234328,0,0,0.078099367286171645,0.039049683643085822,,
2021-05-06T00:00:00Z,MATICUSDT,trade,rebalance,3167.9320997247751,0.81194999999999995,2572.2024683715308,0,0,1.2861012341857656,0.6430506170928828,,
2021-05-06T00:00:00Z,MKRUSDT,trade,rebalance,-0.5449235853294524,5425.6999999999998,-2956.5918969220097,0,0,1.4782959484610048,0.73914797423050238,,
2021-05-06T00:00:00Z,NEOUSDT,trade,rebalance,-26.212210553703358,114.985,-3014.0110305175804,0,0,1.5070055152587902,0.75350275762939511,,
2021-05-06T00:00:00Z,QTUMUSDT,trade,rebalance,-144.34264993056266,17.800999999999998,-2569.4435114139455,0,0,1.2847217557069728,0.64236087785348639,,
2021-05-06T00:00:00Z,SOLUSDT,trade,rebalance,3.4186158550639192,45.0381,153.9679627419543,0,0,0.076983981370977159,0.038491990685488579,,
2021-05-06T00:00:00Z,SRMUSDT,trade,rebalance,230.24464636948656,11.1645,2570.5663543921328,0,0,1.2852831771960664,0.64264158859803322,,
2021-05-06T00:00:00Z,SUSHIUSDT,trade,rebalance,-10.502522238802925,14.385899999999999,-151.088234675195,0,0,0.075544117337597499,0.03777205866879875,,
2021-05-06T00:00:00Z,THETAUSDT,trade,rebalance,-15.755137477623691,11.0076,-173.42625129869054,0,0,0.086713125649345274,0.043356562824672637,,
2021-05-06T00:00:00Z,TRXUSDT,trade,rebalance,-17502.479638667122,0.14701,-2573.0395316804538,0,0,1.2865197658402268,0.64325988292011338,,
2021-05-06T00:00:00Z,VETUSDT,trade,rebalance,283.15698641487688,0.20744699999999999,58.740067360806961,0,0,0.02937003368040348,0.01468501684020174,,
2021-05-06T00:00:00Z,XLMUSDT,trade,rebalance,4836.8567403753977,0.60663,2934.1824044139275,0,0,1.4670912022069638,0.73354560110348188,,
2021-05-06T00:00:00Z,XRPUSDT,trade,rebalance,-183.34609744311865,1.6182000000000001,-296.69065488245462,0,0,0.1483453274412273,0.074172663720613652,,
2021-05-10T00:00:00Z,GRTUSDT,risk_policy_action,before_rebalance,1671.3191111665592,1.5376099999999999,2569.8369785208129,0,0,1.2849184892604064,0.64245924463020321,membership_exit,team-05-ldm-none-v1
2021-05-10T00:00:00Z,QTUMUSDT,risk_policy_action,before_rebalance,144.34264993056266,27.381,3952.2460977487362,0,0,1.976123048874368,0.98806152443718398,membership_exit,team-05-ldm-none-v1
2021-05-10T00:00:00Z,SRMUSDT,risk_policy_action,before_rebalance,-230.24464636948653,10.299799999999999,-2371.4738086764373,0,0,1.1857369043382187,0.59286845216910933,membership_exit,team-05-ldm-none-v1
2021-05-13T00:00:00Z,AAVEUSDT,trade,rebalance,-4.9945319956788188,514.55999999999995,-2569.9863836964928,0,0,1.2849931918482465,0.64249659592412323,,
2021-05-13T00:00:00Z,ADAUSDT,trade,rebalance,1735.16150695391,1.5666,2718.3040167939953,0,0,1.3591520083969975,0.67957600419849873,,
2021-05-13T00:00:00Z,BCHUSDT,trade,rebalance,2.0619104783454563,1236.9000000000001,2550.377070665495,0,0,1.2751885353327475,0.63759426766637373,,
2021-05-13T00:00:00Z,BNBUSDT,trade,rebalance,-4.2867616734916671,594.11000000000001,-2546.8079778381343,0,0,1.2734039889190671,0.63670199445953357,,
2021-05-13T00:00:00Z,CHZUSDT,trade,rebalance,-6349.5760501241875,0.40023999999999998,-2541.3543183017046,0,0,1.2706771591508523,0.63533857957542617,,
2021-05-13T00:00:00Z,DENTUSDT,trade,rebalance,-423090.84857779869,0.0060460000000000002,-2558.0072705013708,0,0,1.2790036352506853,0.63950181762534264,,
2021-05-13T00:00:00Z,DOGEUSDT,trade,rebalance,2585.9875913422657,0.39082,1010.6556704483843,0,0,0.50532783522419211,0.25266391761209606,,
2021-05-13T00:00:00Z,ENJUSDT,trade,rebalance,-262.3374393430804,2.0247999999999999,-531.18084718186924,0,0,0.26559042359093465,0.13279521179546733,,
2021-05-13T00:00:00Z,EOSUSDT,trade,rebalance,244.99943525162249,10.366,2539.6641458183185,0,0,1.2698320729091592,0.63491603645457961,,
2021-05-13T00:00:00Z,ETCUSDT,trade,rebalance,2.7732689387457938,84.924000000000007,235.51709135404781,0,0,0.1177585456770239,0.058879272838511951,,
2021-05-13T00:00:00Z,ETHUSDT,trade,rebalance,-0.72886593664031862,3829.8899999999999,-2791.4763620793897,0,0,1.3957381810396947,0.69786909051984736,,
2021-05-13T00:00:00Z,FILUSDT,trade,rebalance,-3.194719682456391,126.949,-405.56646896815636,0,0,0.20278323448407817,0.10139161724203909,,
2021-05-13T00:00:00Z,HOTUSDT,trade,rebalance,-241250.70414568082,0.010566000000000001,-2549.0549400032637,0,0,1.2745274700016318,0.6372637350008159,,
2021-05-13T00:00:00Z,LTCUSDT,trade,rebalance,8.186821279661995,310.94999999999999,2545.6920769108974,0,0,1.2728460384554487,0.63642301922772437,,
2021-05-13T00:00:00Z,MATICUSDT,trade,rebalance,-730.91142758243859,1.0565199999999999,-772.22254146939792,0,0,0.38611127073469897,0.19305563536734949,,
2021-05-13T00:00:00Z,NEOUSDT,trade,rebalance,27.071864308266285,94.269999999999996,2552.0646483402625,0,0,1.2760323241701312,0.63801616208506562,,
2021-05-13T00:00:00Z,SOLUSDT,trade,rebalance,-57.094423219823206,43.564,-2487.2614531483782,0,0,1.243630726574189,0.62181536328709452,,
2021-05-13T00:00:00Z,SUSHIUSDT,trade,rebalance,178.74769279250478,14.843999999999999,2653.3307518119409,0,0,1.3266653759059703,0.66333268795298517,,
2021-05-13T00:00:00Z,THETAUSDT,trade,rebalance,233.73123566261646,9.1600000000000001,2140.9781186695668,0,0,1.0704890593347836,0.53524452966739178,,
2021-05-13T00:00:00Z,TRXUSDT,trade,rebalance,17502.479638667122,0.11895,2081.9199530194542,0,0,1.040959976509727,0.52047998825486352,,
2021-05-13T00:00:00Z,VETUSDT,trade,rebalance,2900.9252480699415,0.16611000000000001,481.87269295689799,0,0,0.24093634647844903,0.12046817323922451,,
2021-05-13T00:00:00Z,XRPUSDT,trade,rebalance,-3591.0163663594158,1.2685,-4555.2042607269186,0,0,2.277602130363459,1.1388010651817295,,
2021-05-17T00:00:00Z,ENJUSDT,risk_policy_action,before_rebalance,1256.3590435275669,1.9706999999999999,2475.9067670797758,0,0,1.2379533835398879,0.61897669176994397,membership_exit,team-05-ldm-none-v1
2021-05-17T00:00:00Z,HOTUSDT,risk_policy_action,before_rebalance,241250.70414568079,0.011657000000000001,2812.2594582262013,0,0,1.4061297291131005,0.70306486455655026,membership_exit,team-05-ldm-none-v1
2021-05-17T00:00:00Z,HOTUSDT,trade,rebalance,2.9103830456733704e-11,0.011657000000000001,3.392633516341448e-13,0,0,1.696316758170724e-16,8.4815837908536198e-17,,
2021-05-20T00:00:00Z,AAVEUSDT,trade,rebalance,11.168269658564141,411.61000000000001,4596.9714741615862,0,0,2.2984857370807932,1.1492428685403966,,
2021-05-20T00:00:00Z,ADAUSDT,trade,rebalance,1731.8235856039491,1.4664999999999999,2539.7192882881914,0,0,1.2698596441440957,0.63492982207204784,,
2021-05-20T00:00:00Z,BCHUSDT,trade,rebalance,-2.0619104783454563,694.08000000000004,-1431.1308248100145,0,0,0.71556541240500715,0.35778270620250358,,
2021-05-20T00:00:00Z,BNBUSDT,trade,rebalance,-3.3055559641143759,334.45999999999998,-1105.5762477576941,0,0,0.55278812387884702,0.27639406193942351,,
2021-05-20T00:00:00Z,BTTUSDT,trade,rebalance,-689371.85766326205,0.0036849999999999999,-2540.3352954891207,0,0,1.2701676477445603,0.63508382387228013,,
2021-05-20T00:00:00Z,CHZUSDT,trade,rebalance,-3348.9847160140562,0.26190999999999998,-877.13258697124138,0,0,0.43856629348562076,0.21928314674281038,,
2021-05-20T00:00:00Z,CRVUSDT,trade,rebalance,1306.7136492877075,1.944,2540.2513342153034,0,0,1.2701256671076517,0.63506283355382587,,
2021-05-20T00:00:00Z,DENTUSDT,trade,rebalance,-273639.05415568152,0.00364,-996.04615712668067,0,0,0.49802307856334038,0.24901153928167019,,
2021-05-20T00:00:00Z,DOGEUSDT,trade,rebalance,-6513.6082564473936,0.32945999999999998,-2145.9733761691582,0,0,1.0729866880845791,0.53649334404228954,,
2021-05-20T00:00:00Z,EOSUSDT,trade,rebalance,201.82853018156447,5.6829999999999998,1146.9915370218309,0,0,0.57349576851091555,0.28674788425545777,,
2021-05-20T00:00:00Z,ETCUSDT,trade,rebalance,12.754235943445927,59.359000000000002,757.07869136700685,0,0,0.37853934568350339,0.1892696728417517,,
2021-05-20T00:00:00Z,FILUSDT,trade,rebalance,-18.896513880374201,65.245000000000005,-1232.9030481250147,0,0,0.61645152406250736,0.30822576203125368,,
2021-05-20T00:00:00Z,LTCUSDT,trade,rebalance,-8.186821279661995,186.06999999999999,-1523.3218355067074,0,0,0.76166091775335376,0.38083045887667688,,
2021-05-20T00:00:00Z,LUNAUSDT,trade,rebalance,-268.32868770678419,9.4659999999999993,-2539.9993578324188,0,0,1.2699996789162094,0.63499983945810468,,
2021-05-20T00:00:00Z,MATICUSDT,trade,rebalance,-868.96760862828341,1.62117,-1408.7442180799142,0,0,0.70437210903995706,0.35218605451997853,,
2021-05-20T00:00:00Z,NEOUSDT,trade,rebalance,-27.071864308266285,54.996000000000002,-1488.8442494974126,0,0,0.74442212474870628,0.37221106237435314,,
2021-05-20T00:00:00Z,THETAUSDT,trade,rebalance,-434.5425134677148,5.843,-2539.0319061918576,0,0,1.2695159530959288,0.6347579765479644,,
2021-05-20T00:00:00Z,UNIUSDT,trade,rebalance,-109.72807825111711,23.195,-2545.1427750346616,0,0,1.2725713875173308,0.63628569375866539,,
2021-05-20T00:00:00Z,VETUSDT,trade,rebalance,-15301.293230482892,0.10536,-1612.1442547636775,0,0,0.80607212738183875,0.40303606369091938,,
2021-05-20T00:00:00Z,XLMUSDT,trade,rebalance,5744.9395993738972,0.44240000000000002,2541.5612787630121,0,0,1.270780639381506,0.63539031969075299,,
2021-05-20T00:00:00Z,XRPUSDT,trade,rebalance,2001.7306379830413,1.0579000000000001,2117.6308419222596,0,0,1.0588154209611298,0.5294077104805649,,
2021-05-20T00:00:00Z,ZECUSDT,trade,rebalance,17.351420899158306,146.65000000000001,2544.5858748615656,0,0,1.2722929374307828,0.63614646871539138,,
2021-05-24T00:00:00Z,DENTUSDT,risk_policy_action,before_rebalance,696729.90273348021,0.0030200000000000001,2104.1243062551102,0,0,1.0520621531275551,0.52603107656377757,membership_exit,team-05-ldm-none-v1
2021-05-27T00:00:00Z,AAVEUSDT,trade,rebalance,-6.1737376628853218,415.06999999999999,-2562.5332917338105,0,0,1.2812666458669053,0.64063332293345265,,
2021-05-27T00:00:00Z,ADAUSDT,trade,rebalance,-297.19535214587404,1.778,-528.41333611536402,0,0,0.264206668057682,0.132103334028841,,
2021-05-27T00:00:00Z,ALICEUSDT,trade,rebalance,-337.16430329352858,7.5640000000000001,-2550.3107901122503,0,0,1.275155395056125,0.63757769752806248,,
2021-05-27T00:00:00Z,AVAXUSDT,trade,rebalance,-122.65685806267231,20.821999999999999,-2553.9610985809627,0,0,1.2769805492904813,0.63849027464524066,,
2021-05-27T00:00:00Z,BNBUSDT,trade,rebalance,7.5923176376060431,379.14999999999998,2878.6272322983309,0,0,1.4393136161491655,0.71965680807458277,,
2021-05-27T00:00:00Z,BTCUSDT,trade,rebalance,0.065045646241274291,39224.209999999999,2551.3640877534535,0,0,1.2756820438767267,0.63784102193836334,,
2021-05-27T00:00:00Z,BTTUSDT,trade,rebalance,109120.90535555431,0.004398,479.91374175372783,0,0,0.23995687087686393,0.11997843543843197,,
2021-05-27T00:00:00Z,CHZUSDT,trade,rebalance,2086.466757497642,0.33539999999999998,699.8009504647091,0,0,0.34990047523235451,0.17495023761617726,,
2021-05-27T00:00:00Z,CRVUSDT,trade,rebalance,-1306.7136492877075,1.893,-2473.6089381016304,0,0,1.2368044690508151,0.61840223452540755,,
2021-05-27T00:00:00Z,EOSUSDT,trade,rebalance,-446.82796543318693,6.4329999999999998,-2874.4443016316914,0,0,1.4372221508158456,0.71861107540792279,,
2021-05-27T00:00:00Z,ETCUSDT,trade,rebalance,-10.79560362499565,79.730000000000004,-860.73347702090325,0,0,0.4303667385104516,0.2151833692552258,,
2021-05-27T00:00:00Z,FILUSDT,trade,rebalance,38.936426772424468,74.484999999999999,2900.1797481440367,0,0,1.4500898740720185,0.72504493703600925,,
2021-05-27T00:00:00Z,LUNAUSDT,trade,rebalance,268.32868770678419,7.3390000000000004,1969.2642390800893,0,0,0.9846321195400447,0.49231605977002235,,
2021-05-27T00:00:00Z,MATICUSDT,trade,rebalance,-411.18576390470662,2.2061600000000001,-907.14158489600766,0,0,0.4535707924480038,0.2267853962240019,,
2021-05-27T00:00:00Z,NEOUSDT,trade,rebalance,-40.840919365976461,62.448999999999998,-2550.4745734858639,0,0,1.275237286742932,0.63761864337146601,,
2021-05-27T00:00:00Z,RLCUSDT,trade,rebalance,440.17402648686055,5.8011999999999997,2553.5375624555754,0,0,1.2767687812277877,0.63838439061389385,,
2021-05-27T00:00:00Z,SOLUSDT,trade,rebalance,72.013705652061418,35.418999999999997,2550.6534404903632,0,0,1.2753267202451817,0.63766336012259084,,
2021-05-27T00:00:00Z,SUSHIUSDT,trade,rebalance,189.99081383388014,13.432,2551.9566114166782,0,0,1.2759783057083389,0.63798915285416946,,
2021-05-27T00:00:00Z,SXPUSDT,trade,rebalance,-1043.0405895929234,2.4468999999999999,-2552.2160186749243,0,0,1.2761080093374622,0.63805400466873108,,
2021-05-27T00:00:00Z,THETAUSDT,trade,rebalance,434.5425134677148,7.6429999999999998,3321.2084304337441,0,0,1.6606042152168721,0.83030210760843604,,
2021-05-27T00:00:00Z,TRXUSDT,trade,rebalance,-30731.913241351373,0.083019999999999997,-2551.3634372969909,0,0,1.2756817186484954,0.63784085932424772,,
2021-05-27T00:00:00Z,UNIUSDT,trade,rebalance,22.951347732795227,29.411000000000001,675.02208816924042,0,0,0.33751104408462018,0.16875552204231009,,
2021-05-27T00:00:00Z,VETUSDT,trade,rebalance,-1.8189894035458565e-12,0.13292999999999999,-2.4179826141335069e-13,0,0,1.2089913070667534e-16,6.044956535333767e-17,,
2021-05-27T00:00:00Z,XLMUSDT,trade,rebalance,-5744.9395993738972,0.44357999999999997,-2548.3403074902731,0,0,1.2741701537451364,0.63708507687256821,,
2021-05-27T00:00:00Z,YFIUSDT,trade,rebalance,0.050869167373742225,50158.400000000001,2551.516044799112,0,0,1.2757580223995559,0.63787901119977797,,
2021-05-27T00:00:00Z,ZECUSDT,trade,rebalance,-17.351420899158306,158.53,-2750.7207551435663,0,0,1.3753603775717831,0.68768018878589154,,
2021-05-31T00:00:00Z,ALICEUSDT,risk_policy_action,before_rebalance,337.16430329352858,6.9950000000000001,2358.4643015382326,0,0,1.1792321507691161,0.58961607538455807,membership_exit,team-05-ldm-none-v1
2021-05-31T00:00:00Z,BTTUSDT,risk_policy_action,before_rebalance,580250.95230770775,0.00364,2112.113466400056,0,0,1.0560567332000281,0.52802836660001407,membership_exit,team-05-ldm-none-v1
2021-06-03T00:00:00Z,ADAUSDT,trade,rebalance,24.979607701237228,1.7532000000000001,43.794248221809113,0,0,0.021897124110904557,0.010948562055452278,,
2021-06-03T00:00:00Z,ATOMUSDT,trade,rebalance,-172.41572155342087,14.859,-2561.9252065622804,0,0,1.2809626032811403,0.64048130164057016,,
2021-06-03T00:00:00Z,AVAXUSDT,trade,rebalance,122.65685806267231,18.686,2291.9660497590949,0,0,1.1459830248795475,0.57299151243977375,,
2021-06-03T00:00:00Z,BTCUSDT,trade,rebalance,0.0030900178327283728,37570,116.09196997560497,0,0,0.058045984987802487,0.029022992493901244,,
2021-06-03T00:00:00Z,CHZUSDT,trade,rebalance,7612.0940086406026,0.27744999999999997,2111.9754826973349,0,0,1.0559877413486674,0.52799387067433368,,
2021-06-03T00:00:00Z,EOSUSDT,trade,rebalance,401.67626250156979,6.3730000000000002,2559.8828209225044,0,0,1.2799414104612523,0.63997070523062616,,
2021-06-03T00:00:00Z,ETCUSDT,trade,rebalance,5.4589281506967637,68.331000000000003,373.01401946526056,0,0,0.18650700973263029,0.093253504866315146,,
2021-06-03T00:00:00Z,FTMUSDT,trade,rebalance,-7321.1961044005111,0.34975000000000001,-2560.5883375140788,0,0,1.2802941687570393,0.64014708437851964,,
2021-06-03T00:00:00Z,LINKUSDT,trade,rebalance,83.470343644688256,30.670999999999999,2560.1189099262333,0,0,1.2800594549631168,0.6400297274815584,,
2021-06-03T00:00:00Z,MATICUSDT,trade,rebalance,265.50080509684994,1.7998000000000001,477.84834901331055,0,0,0.23892417450665526,0.11946208725332763,,
2021-06-03T00:00:00Z,MKRUSDT,trade,rebalance,-0.71889918498754179,3561.9000000000001,-2560.647007007125,0,0,1.2803235035035625,0.64016175175178125,,
2021-06-03T00:00:00Z,NEOUSDT,trade,rebalance,-3.4633471997937804,57.789999999999999,-200.14683467608256,0,0,0.10007341733804129,0.050036708669020644,,
2021-06-03T00:00:00Z,ONTUSDT,trade,rebalance,-2178.6010365137354,1.1753,-2560.509798214593,0,0,1.2802548991072964,0.6401274495536482,,
2021-06-03T00:00:00Z,RLCUSDT,trade,rebalance,45.723818242997538,5.2705000000000002,240.98738404971854,0,0,0.12049369202485928,0.06024684601242964,,
2021-06-03T00:00:00Z,SOLUSDT,trade,rebalance,-72.013705652061418,33.988,-2447.6018277022636,0,0,1.2238009138511317,0.61190045692556583,,
2021-06-03T00:00:00Z,SUSHIUSDT,trade,rebalance,-189.99081383388014,12.537000000000001,-2381.9148330353555,0,0,1.1909574165176779,0.59547870825883897,,
2021-06-03T00:00:00Z,SXPUSDT,trade,rebalance,-132.71552739386652,2.1781000000000001,-289.06769021658067,0,0,0.14453384510829032,0.072266922554145158,,
2021-06-03T00:00:00Z,TRXUSDT,trade,rebalance,-2085.1153675212481,0.078009999999999996,-162.65984982033257,0,0,0.081329924910166274,0.040664962455083137,,
2021-06-03T00:00:00Z,UNIUSDT,trade,rebalance,86.776730518321884,27.622,2396.9468503770872,0,0,1.1984734251885436,0.5992367125942718,,
2021-06-03T00:00:00Z,XRPUSDT,trade,rebalance,2499.1274215597373,1.0246999999999999,2560.8558688722628,0,0,1.2804279344361313,0.64021396721806567,,
2021-06-03T00:00:00Z,XTZUSDT,trade,rebalance,-671.87827241565321,3.8100000000000001,-2559.8562179036389,0,0,1.2799281089518193,0.63996405447590965,,
2021-06-03T00:00:00Z,YFIUSDT,trade,rebalance,-0.050869167373742218,45176,-2298.0655052761786,0,0,1.1490327526380895,0.57451637631904473,,
2021-06-10T00:00:00Z,ADAUSDT,trade,rebalance,-1459.6078411593123,1.6279999999999999,-2376.2415654073602,0,0,1.1881207827036799,0.59406039135183997,,
2021-06-10T00:00:00Z,ATOMUSDT,trade,rebalance,-10.066055603738333,13.938000000000001,-140.3006830049049,0,0,0.070150341502452446,0.035075170751226223,,
2021-06-10T00:00:00Z,BTCUSDT,trade,rebalance,-6.6228757798450499e-05,37369.989999999998,-2.474968016640517,0,0,0.0012374840083202586,0.00061874200416012931,,
2021-06-10T00:00:00Z,CHZUSDT,trade,rebalance,-10524.786583760355,0.24168000000000001,-2543.6304215632026,0,0,1.2718152107816012,0.6359076053908006,,
2021-06-10T00:00:00Z,CRVUSDT,trade,rebalance,1007.3822234643401,2.5259999999999998,2544.6474964709228,0,0,1.2723237482354615,0.63616187411773073,,
2021-06-10T00:00:00Z,DOGEUSDT,trade,rebalance,7410.0536754598261,0.34322999999999998,2543.3527230280761,0,0,1.2716763615140381,0.63583818075701903,,
2021-06-10T00:00:00Z,EOSUSDT,trade,rebalance,-401.67626250156974,5.3380000000000001,-2144.1478892333794,0,0,1.0720739446166898,0.53603697230834491,,
2021-06-10T00:00:00Z,ETCUSDT,trade,rebalance,-78.299319543711562,62.271000000000001,-4875.7769273064623,0,0,2.437888463653231,1.2189442318266155,,
2021-06-10T00:00:00Z,FILUSDT,trade,rebalance,32.690830363180787,77.796999999999997,2543.2485297643757,0,0,1.2716242648821878,0.63581213244109391,,
2021-06-10T00:00:00Z,FTMUSDT,trade,rebalance,7321.196104400512,0.30640000000000001,2243.2144863883168,0,0,1.1216072431941584,0.56080362159707919,,
2021-06-10T00:00:00Z,KSMUSDT,trade,rebalance,4.9800248401971414,510.41000000000003,2541.854478685023,0,0,1.2709272393425115,0.63546361967125575,,
2021-06-10T00:00:00Z,LINKUSDT,trade,rebalance,-83.470343644688256,25.577999999999999,-2135.0044497438362,0,0,1.0675022248719181,0.53375111243595907,,
2021-06-10T00:00:00Z,MATICUSDT,trade,rebalance,283.93079893253935,1.4914000000000001,423.45439352798923,0,0,0.2117271967639946,0.1058635983819973,,
2021-06-10T00:00:00Z,MKRUSDT,trade,rebalance,-0.044758863325577325,3331.5,-149.11415316916086,0,0,0.074557076584580426,0.037278538292290213,,
2021-06-10T00:00:00Z,NEOUSDT,trade,rebalance,-5.2513967144452351,51.314999999999998,-269.47542240175721,0,0,0.1347377112008786,0.067368855600439301,,
2021-06-10T00:00:00Z,ONTUSDT,trade,rebalance,-338.46747916470986,1.01,-341.85215395635697,0,0,0.17092607697817849,0.085463038489089246,,
2021-06-10T00:00:00Z,RLCUSDT,trade,rebalance,-485.89784472985809,4.1532999999999998,-2018.0795185165196,0,0,1.0090397592582598,0.50451987962912992,,
2021-06-10T00:00:00Z,SOLUSDT,trade,rebalance,60.50478034064276,42.033999999999999,2543.2579368385777,0,0,1.271628968419289,0.63581448420964448,,
2021-06-10T00:00:00Z,SXPUSDT,trade,rebalance,-81.956182185724174,2.0230000000000001,-165.79735656172002,0,0,0.082898678280860005,0.041449339140430003,,
2021-06-10T00:00:00Z,THETAUSDT,trade,rebalance,271.12876676428198,9.3740000000000006,2541.5610596483793,0,0,1.2707805298241897,0.63539026491209483,,
2021-06-10T00:00:00Z,TRXUSDT,trade,rebalance,32817.028608872621,0.075300000000000006,2471.1222542481087,0,0,1.2355611271240543,0.61778056356202715,,
2021-06-10T00:00:00Z,XLMUSDT,trade,rebalance,-6960.7976782965707,0.36534,-2543.057823788869,0,0,1.2715289118944346,0.63576445594721731,,
2021-06-10T00:00:00Z,XRPUSDT,trade,rebalance,-2499.1274215597373,0.92179999999999995,-2303.6956571937658,0,0,1.1518478285968829,0.57592391429844147,,
2021-06-10T00:00:00Z,XTZUSDT,trade,rebalance,671.87827241565321,3.5089999999999999,2357.6208579065269,0,0,1.1788104289532635,0.58940521447663174,,
2021-06-14T00:00:00Z,ATOMUSDT,risk_policy_action,before_rebalance,182.4817771571592,12.523,2285.2192953391045,0,0,1.1426096476695522,0.5713048238347761,membership_exit,team-05-ldm-none-v1
2021-06-14T00:00:00Z,ONTUSDT,risk_policy_action,before_rebalance,2517.0685156784452,0.9506,2392.72533100393,0,0,1.196362665501965,0.59818133275098251,membership_exit,team-05-ldm-none-v1
2021-06-17T00:00:00Z,BTCUSDT,trade,rebalance,-0.0028877701636344927,38344.970000000001,-110.73146029145971,0,0,0.055365730145729854,0.027682865072864927,,
2021-06-17T00:00:00Z,CHZUSDT,trade,rebalance,17899.116219971198,0.33885999999999999,6065.2945222994404,0,0,3.0326472611497199,1.51632363057486,,
2021-06-17T00:00:00Z,CRVUSDT,trade,rebalance,-1007.3822234643401,2.073,-2088.3033492415771,0,0,1.0441516746207886,0.52207583731039431,,
2021-06-17T00:00:00Z,DOGEUSDT,trade,rebalance,-7410.0536754598261,0.30786000000000002,-2281.2591245270623,0,0,1.1406295622635312,0.57031478113176559,,
2021-06-17T00:00:00Z,ENJUSDT,trade,rebalance,1788.8942790139711,1.3968,2498.727528926715,0,0,1.2493637644633575,0.62468188223167875,,
2021-06-17T00:00:00Z,ETCUSDT,trade,rebalance,-4.3307351812326189,55.32,-239.57627022578848,0,0,0.11978813511289425,0.059894067556447127,,
2021-06-17T00:00:00Z,FILUSDT,trade,rebalance,-32.690830363180787,69.695999999999998,-2278.4201129922481,0,0,1.1392100564961241,0.56960502824806203,,
2021-06-17T00:00:00Z,KSMUSDT,trade,rebalance,1.8324993297645691,366.81,672.17907915094156,0,0,0.33608953957547077,0.16804476978773539,,
2021-06-17T00:00:00Z,MATICUSDT,trade,rebalance,-14.047524561347018,1.4763999999999999,-20.739765262372735,0,0,0.010369882631186369,0.0051849413155931846,,
2021-06-17T00:00:00Z,MKRUSDT,trade,rebalance,-0.084794135025522133,2947.1999999999998,-249.90527474721881,0,0,0.1249526373736094,0.062476318686804699,,
2021-06-17T00:00:00Z,NEOUSDT,trade,rebalance,-1.8262444944417953,48.656999999999996,-88.859578366054421,0,0,0.044429789183027209,0.022214894591513604,,
2021-06-17T00:00:00Z,QTUMUSDT,trade,rebalance,-287.73564298876505,8.6859999999999999,-2499.271795000413,0,0,1.2496358975002066,0.62481794875010332,,
2021-06-17T00:00:00Z,RLCUSDT,trade,rebalance,-664.76642647339111,3.7587999999999999,-2498.7240438281824,0,0,1.2493620219140913,0.62468101095704565,,
2021-06-17T00:00:00Z,RUNEUSDT,trade,rebalance,267.80834532275833,9.3300000000000001,2498.6518618613354,0,0,1.2493259309306677,0.62466296546533384,,
2021-06-17T00:00:00Z,SOLUSDT,trade,rebalance,2.4855242686642782,39.683999999999997,98.635545077673214,0,0,0.04931777253883661,0.024658886269418305,,
2021-06-17T00:00:00Z,SUSHIUSDT,trade,rebalance,-294.34251436274417,8.4939999999999998,-2500.1453169971487,0,0,1.2500726584985744,0.6250363292492872,,
2021-06-17T00:00:00Z,SXPUSDT,trade,rebalance,1257.7122991725141,2.3239999999999998,2922.9233832769228,0,0,1.4614616916384613,0.73073084581923065,,
2021-06-17T00:00:00Z,THETAUSDT,trade,rebalance,7.3852723675083212,8.9770000000000003,66.297590043122199,0,0,0.033148795021561102,0.016574397510780551,,
2021-06-17T00:00:00Z,XLMUSDT,trade,rebalance,-907.16576515130316,0.31764999999999999,-288.16120530031145,0,0,0.14408060265015571,0.072040301325077855,,
2021-06-17T00:00:00Z,ZECUSDT,trade,rebalance,-18.212294425075072,137.13999999999999,-2497.6340574547953,0,0,1.2488170287273976,0.62440851436369882,,
2021-06-21T00:00:00Z,MKRUSDT,risk_policy_action,before_rebalance,0.84845218333864136,2700.9000000000001,2291.5845019793364,0,0,1.1457922509896681,0.57289612549483404,membership_exit,team-05-ldm-none-v1
2021-06-24T00:00:00Z,AVAXUSDT,trade,rebalance,-216.39314258158691,11.452,-2478.1342688443333,0,0,1.2390671344221666,0.61953356721108332,,
2021-06-24T00:00:00Z,BCHUSDT,trade,rebalance,-5.2415115959901453,472.70999999999998,-2477.7149465405014,0,0,1.2388574732702506,0.61942873663512532,,
2021-06-24T00:00:00Z,BTCUSDT,trade,rebalance,0.0084524680026652477,33650,284.42554828968559,0,0,0.14221277414484279,0.071106387072421395,,
2021-06-24T00:00:00Z,CHZUSDT,trade,rebalance,2975.5423249053401,0.23941999999999999,712.40434342883657,0,0,0.35620217171441826,0.17810108585720913,,
2021-06-24T00:00:00Z,ENJUSDT,trade,rebalance,-1788.8942790139711,1.0443,-1868.1422955742901,0,0,0.93407114778714495,0.46703557389357248,,
2021-06-24T00:00:00Z,EOSUSDT,trade,rebalance,-674.9427803161268,3.6709999999999998,-2477.7149465405014,0,0,1.2388574732702506,0.61942873663512532,,
2021-06-24T00:00:00Z,ETCUSDT,trade,rebalance,-15.668595160415229,40.728000000000002,-638.15054369339146,0,0,0.31907527184669571,0.15953763592334785,,
2021-06-24T00:00:00Z,FTMUSDT,trade,rebalance,10060.116503463309,0.24626000000000001,2477.4042901428743,0,0,1.2387021450714373,0.61935107253571864,,
2021-06-24T00:00:00Z,KSMUSDT,trade,rebalance,-6.8125241699617103,203.88,-1388.9374277717934,0,0,0.6944687138858967,0.34723435694294835,,
2021-06-24T00:00:00Z,MATICUSDT,trade,rebalance,-1692.2513790773887,1.1761999999999999,-1990.4260720708244,0,0,0.99521303603541222,0.49760651801770611,,
2021-06-24T00:00:00Z,NEOUSDT,trade,rebalance,-22.708007497769664,33.453000000000003,-759.65097482288866,0,0,0.37982548741144434,0.18991274370572217,,
2021-06-24T00:00:00Z,QTUMUSDT,trade,rebalance,287.73564298876505,5.8869999999999996,1693.8997302748596,0,0,0.84694986513742987,0.42347493256871493,,
2021-06-24T00:00:00Z,RLCUSDT,trade,rebalance,664.76642647339111,2.8121999999999998,1869.4561445284703,0,0,0.93472807226423515,0.46736403613211758,,
2021-06-24T00:00:00Z,RUNEUSDT,trade,rebalance,175.11531333660906,5.5940000000000003,979.59506280499113,0,0,0.4897975314024956,0.2448987657012478,,
2021-06-24T00:00:00Z,SOLUSDT,trade,rebalance,17.524585678777989,30.785,539.4943701211804,0,0,0.2697471850605902,0.1348735925302951,,
2021-06-24T00:00:00Z,SUSHIUSDT,trade,rebalance,294.34251436274417,7.0499999999999998,2075.1147262573463,0,0,1.0375573631286732,0.5187786815643366,,
2021-06-24T00:00:00Z,SXPUSDT,trade,rebalance,1323.5656765707806,1.8722000000000001,2477.9796596758156,0,0,1.2389898298379078,0.61949491491895392,,
2021-06-24T00:00:00Z,THETAUSDT,trade,rebalance,79.796148365028387,6.9160000000000004,551.87016209253636,0,0,0.27593508104626818,0.13796754052313409,,
2021-06-24T00:00:00Z,WAVESUSDT,trade,rebalance,189.37120656815796,13.082000000000001,2477.3541243246427,0,0,1.2386770621623215,0.61933853108116077,,
2021-06-24T00:00:00Z,XLMUSDT,trade,rebalance,-1831.449148215861,0.25555,-468.0268298265633,0,0,0.23401341491328168,0.11700670745664084,,
2021-06-24T00:00:00Z,XRPUSDT,trade,rebalance,-3883.5657469286857,0.63800000000000001,-2477.7149465405014,0,0,1.2388574732702506,0.61942873663512532,,
2021-06-24T00:00:00Z,ZECUSDT,trade,rebalance,-3.9735485776156629,111.68000000000001,-443.76590514811727,0,0,0.22188295257405863,0.11094147628702931,,
2021-07-01T00:00:00Z,1000SHIBUSDT,trade,rebalance,278097.44773274439,0.0088240000000000002,2453.9318787937364,0,0,1.2269659393968684,0.61348296969843419,,
2021-07-01T00:00:00Z,AVAXUSDT,trade,rebalance,10.904164398782626,11.943,130.22843541466091,0,0,0.06511421770733046,0.03255710885366523,,
2021-07-01T00:00:00Z,BCHUSDT,trade,rebalance,5.2415115959901453,526.66999999999996,2760.5469122601294,0,0,1.3802734561300647,0.69013672806503235,,
2021-07-01T00:00:00Z,BTCUSDT,trade,rebalance,-0.073634133155234968,35031.389999999999,-2579.5060358729665,0,0,1.2897530179364833,0.64487650896824167,,
2021-07-01T00:00:00Z,CHZUSDT,trade,rebalance,-680.77077747734802,0.25381999999999999,-172.79323873930048,0,0,0.086396619369650235,0.043198309684825117,,
2021-07-01T00:00:00Z,DOGEUSDT,trade,rebalance,9668.0084671129862,0.25375999999999999,2453.3538286145913,0,0,1.2266769143072958,0.61333845715364788,,
2021-07-01T00:00:00Z,EOSUSDT,trade,rebalance,81.804876871254351,4.1369999999999996,338.42677561637919,0,0,0.16921338780818959,0.084606693904094796,,
2021-07-01T00:00:00Z,ETCUSDT,trade,rebalance,18.155493821505708,57.497,1043.8864282551137,0,0,0.52194321412755684,0.26097160706377842,,
2021-07-01T00:00:00Z,FTMUSDT,trade,rebalance,-10060.116503463309,0.24143999999999999,-2428.9145285961813,0,0,1.2144572642980906,0.60722863214904532,,
2021-07-01T00:00:00Z,KSMUSDT,trade,rebalance,11.414699476049231,214.84999999999999,2452.448182429177,0,0,1.2262240912145883,0.61311204560729415,,
2021-07-01T00:00:00Z,MATICUSDT,trade,rebalance,-2100.834241594524,1.1682999999999999,-2454.4046444548821,0,0,1.2272023222274411,0.61360116111372054,,
2021-07-01T00:00:00Z,NEOUSDT,trade,rebalance,74.089915272426936,36.624000000000002,2713.4690569373643,0,0,1.356734528468682,0.67836726423434102,,
2021-07-01T00:00:00Z,RLCUSDT,trade,rebalance,-834.66501876007828,2.9424000000000001,-2455.9183511996544,0,0,1.2279591755998271,0.61397958779991357,,
2021-07-01T00:00:00Z,RUNEUSDT,trade,rebalance,-80.168020992373286,6.7670000000000003,-542.49699805539001,0,0,0.27124849902769499,0.13562424951384749,,
2021-07-01T00:00:00Z,SOLUSDT,trade,rebalance,-11.363095724230689,35.493000000000002,-403.31035654011987,0,0,0.20165517827005994,0.10082758913502997,,
2021-07-01T00:00:00Z,SXPUSDT,trade,rebalance,-1323.5656765707806,2.0247000000000002,-2679.8234253528599,0,0,1.3399117126764299,0.66995585633821497,,
2021-07-01T00:00:00Z,THETAUSDT,trade,rebalance,-358.31018749681868,6.9169999999999998,-2478.4315669154948,0,0,1.2392157834577475,0.61960789172887376,,
2021-07-01T00:00:00Z,TRXUSDT,trade,rebalance,35956.704430924146,0.068260000000000001,2454.4046444548821,0,0,1.2272023222274411,0.61360116111372054,,
2021-07-01T00:00:00Z,UNIUSDT,trade,rebalance,-127.36259895464076,19.271000000000001,-2454.4046444548821,0,0,1.2272023222274411,0.61360116111372054,,
2021-07-01T00:00:00Z,WAVESUSDT,trade,rebalance,-38.914230876692102,16.303000000000001,-634.41870598271134,0,0,0.31720935299135566,0.15860467649567783,,
2021-07-01T00:00:00Z,XLMUSDT,trade,rebalance,9699.4125916637349,0.28422999999999998,2756.8640409285831,0,0,1.3784320204642917,0.68921601023214585,,
2021-07-01T00:00:00Z,XMRUSDT,trade,rebalance,-10.998784456403667,223.13999999999999,-2454.2687636019141,0,0,1.227134381800957,0.61356719090047851,,
2021-07-01T00:00:00Z,XRPUSDT,trade,rebalance,406.2330220496724,0.70569999999999999,286.67864366045382,0,0,0.14333932183022691,0.071669660915113453,,
2021-07-01T00:00:00Z,ZECUSDT,trade,rebalance,22.185843002690735,130.78999999999999,2901.6864063219209,0,0,1.4508432031609606,0.7254216015804803,,
2021-07-08T00:00:00Z,1000SHIBUSDT,trade,rebalance,7753.1137224893901,0.0085529999999999998,66.312381668451749,0,0,0.033156190834225871,0.016578095417112935,,
2021-07-08T00:00:00Z,AAVEUSDT,trade,rebalance,7.7594851591970633,314.82999999999998,2442.9187126700112,0,0,1.2214593563350056,0.61072967816750279,,
2021-07-08T00:00:00Z,AVAXUSDT,trade,rebalance,205.48897818280429,13.090999999999999,2690.0562133910908,0,0,1.3450281066955452,0.67251405334777259,,
2021-07-08T00:00:00Z,CHZUSDT,trade,rebalance,-9669.1011836388352,0.25983000000000001,-2512.3225605448788,0,0,1.2561612802724393,0.62808064013621967,,
2021-07-08T00:00:00Z,CRVUSDT,trade,rebalance,-1260.6692556868459,1.9370000000000001,-2441.9163482654203,0,0,1.2209581741327102,0.61047908706635512,,
2021-07-08T00:00:00Z,DOGEUSDT,trade,rebalance,-20588.694891739651,0.22378000000000001,-4607.3381428734992,0,0,2.3036690714367496,1.1518345357183748,,
2021-07-08T00:00:00Z,EOSUSDT,trade,rebalance,-46.001779187782525,3.8220000000000001,-175.8188000557048,0,0,0.0879094000278524,0.0439547000139262,,
2021-07-08T00:00:00Z,ETCUSDT,trade,rebalance,88.979287010338609,52.773000000000003,4695.7039133966,0,0,2.3478519566983,1.17392597834915,,
2021-07-08T00:00:00Z,ETHUSDT,trade,rebalance,1.0554011227967441,2314.6399999999999,2442.8736548702559,0,0,1.2214368274351279,0.61071841371756397,,
2021-07-08T00:00:00Z,FILUSDT,trade,rebalance,-43.303801943623419,56.421999999999997,-2443.2871132631203,0,0,1.2216435566315602,0.61082177831578011,,
2021-07-08T00:00:00Z,KSMUSDT,trade,rebalance,-11.414699476049231,236.66,-2701.4027780018109,0,0,1.3507013890009054,0.67535069450045271,,
2021-07-08T00:00:00Z,LTCUSDT,trade,rebalance,-17.793880023874383,137.33000000000001,-2443.6335436786694,0,0,1.2218167718393347,0.61090838591966734,,
2021-07-08T00:00:00Z,MATICUSDT,trade,rebalance,-65.315517893703145,1.1282000000000001,-73.688967287675894,0,0,0.036844483643837946,0.018422241821918973,,
2021-07-08T00:00:00Z,NEOUSDT,trade,rebalance,66.085229836889681,36.985999999999997,2444.2283107472017,0,0,1.2221141553736008,0.6110570776868004,,
2021-07-08T00:00:00Z,RLCUSDT,trade,rebalance,169.45686356087333,3.6692999999999998,621.78806946391251,0,0,0.31089403473195626,0.15544701736597813,,
2021-07-08T00:00:00Z,RUNEUSDT,trade,rebalance,-18.772265816971526,7.1050000000000004,-133.3769486295827,0,0,0.066688474314791343,0.033344237157395672,,
2021-07-08T00:00:00Z,SOLUSDT,trade,rebalance,-69.151794563854338,36.664000000000001,-2535.3813958891556,0,0,1.2676906979445777,0.63384534897228884,,
2021-07-08T00:00:00Z,SUSHIUSDT,trade,rebalance,278.41330109133753,8.7739999999999991,2442.7983037753952,0,0,1.2213991518876977,0.61069957594384883,,
2021-07-08T00:00:00Z,THETAUSDT,trade,rebalance,-383.76154378777983,6.3659999999999997,-2443.0259877530061,0,0,1.221512993876503,0.61075649693825151,,
2021-07-08T00:00:00Z,TRXUSDT,trade,rebalance,-35956.704430924146,0.06429,-2311.6565278641133,0,0,1.1558282639320567,0.57791413196602837,,
2021-07-08T00:00:00Z,UNIUSDT,trade,rebalance,237.26745665976088,22.234999999999999,5275.6418988297828,0,0,2.6378209494148912,1.3189104747074456,,
2021-07-08T00:00:00Z,WAVESUSDT,trade,rebalance,-150.45697569146586,16.535,-2487.8060930583879,0,0,1.243903046529194,0.62195152326459702,,
2021-07-08T00:00:00Z,XMRUSDT,trade,rebalance,10.998784456403669,215.00999999999999,2364.8486459713527,0,0,1.1824243229856763,0.59121216149283817,,
2021-07-08T00:00:00Z,XRPUSDT,trade,rebalance,3477.3327248790133,0.65149999999999997,2265.4822702586771,0,0,1.1327411351293386,0.5663705675646693,,
2021-07-12T00:00:00Z,RLCUSDT,risk_policy_action,before_rebalance,665.20815519920495,3.0230000000000001,2010.9242531671966,0,0,1.0054621265835983,0.50273106329179917,membership_exit,team-05-ldm-none-v1
2021-07-15T00:00:00Z,1000SHIBUSDT,trade,rebalance,-285850.56145523378,0.0072230000000000003,-2064.6986053911537,0,0,1.0323493026955768,0.51617465134778839,,
2021-07-15T00:00:00Z,AAVEUSDT,trade,rebalance,0.94236806889103608,279.24000000000001,263.14685955713293,0,0,0.13157342977856648,0.06578671488928324,,
2021-07-15T00:00:00Z,ALICEUSDT,trade,rebalance,334.36689379517969,7.2590000000000003,2427.1692820592093,0,0,1.2135846410296045,0.60679232051480225,,
2021-07-15T00:00:00Z,ATOMUSDT,trade,rebalance,207.0740172727694,11.731999999999999,2429.3923706441306,0,0,1.2146961853220652,0.60734809266103262,,
2021-07-15T00:00:00Z,BAKEUSDT,trade,rebalance,1282.6512962598702,1.8948,2430.367676153202,0,0,1.2151838380766011,0.60759191903830057,,
2021-07-15T00:00:00Z,COMPUSDT,trade,rebalance,5.9250385558796612,409.83999999999997,2428.3178017417204,0,0,1.21415890087086,0.60707945043542999,,
2021-07-15T00:00:00Z,CRVUSDT,trade,rebalance,-261.10182244050816,1.597,-416.97961043749154,0,0,0.20848980521874577,0.10424490260937289,,
2021-07-15T00:00:00Z,DOGEUSDT,trade,rebalance,-1379.487741631985,0.19757,-272.54539311423127,0,0,0.13627269655711563,0.068136348278557815,,
2021-07-15T00:00:00Z,ENJUSDT,trade,rebalance,1841.1124331586245,1.3199000000000001,2430.0843005260685,0,0,1.2150421502630342,0.6075210751315171,,
2021-07-15T00:00:00Z,EOSUSDT,trade,rebalance,639.13968263265497,3.7970000000000002,2426.8133749561912,0,0,1.2134066874780955,0.60670334373904777,,
2021-07-15T00:00:00Z,ETCUSDT,trade,rebalance,-46.299116263476087,45.579000000000001,-2110.2674201729765,0,0,1.0551337100864884,0.52756685504324419,,
2021-07-15T00:00:00Z,ETHUSDT,trade,rebalance,-1.0554011227967441,1993.8199999999999,-2104.2798666546041,0,0,1.052139933327302,0.52606996666365102,,
2021-07-15T00:00:00Z,FILUSDT,trade,rebalance,-5.6424137490193909,49.645000000000003,-280.11763057006766,0,0,0.14005881528503383,0.070029407642516917,,
2021-07-15T00:00:00Z,KSMUSDT,trade,rebalance,-12.960049124196802,187.49000000000001,-2429.8796102956585,0,0,1.2149398051478293,0.60746990257391464,,
2021-07-15T00:00:00Z,LTCUSDT,trade,rebalance,17.793880023874383,131.02000000000001,2331.3541607280217,0,0,1.1656770803640109,0.58283854018200543,,
2021-07-15T00:00:00Z,LUNAUSDT,trade,rebalance,350.65235138599274,6.931,2430.3714474563158,0,0,1.215185723728158,0.60759286186407901,,
2021-07-15T00:00:00Z,MATICUSDT,trade,rebalance,-449.74328603628146,0.92900000000000005,-417.81151272770552,0,0,0.20890575636385275,0.10445287818192638,,
2021-07-15T00:00:00Z,NEOUSDT,trade,rebalance,-66.085229836889681,32.810000000000002,-2168.2563909483506,0,0,1.0841281954741753,0.54206409773708764,,
2021-07-15T00:00:00Z,RUNEUSDT,trade,rebalance,-343.98337185002259,5.7290000000000001,-1970.6807373287795,0,0,0.98534036866438979,0.49267018433219489,,
2021-07-15T00:00:00Z,SOLUSDT,trade,rebalance,-77.508161753129784,31.350000000000001,-2429.8808709606187,0,0,1.2149404354803093,0.60747021774015464,,
2021-07-15T00:00:00Z,SUSHIUSDT,trade,rebalance,-278.41330109133753,7.125,-1983.69477027578,0,0,0.99184738513788995,0.49592369256894497,,
2021-07-15T00:00:00Z,THETAUSDT,trade,rebalance,-86.764770204356523,5.1660000000000004,-448.22680287570586,0,0,0.22411340143785291,0.11205670071892646,,
2021-07-15T00:00:00Z,UNIUSDT,trade,rebalance,26.016194407261565,17.876000000000001,465.06549122420779,0,0,0.23253274561210391,0.11626637280605195,,
2021-07-15T00:00:00Z,YFIUSDT,trade,rebalance,-0.077168526712900781,31475,-2428.8793782885523,0,0,1.2144396891442761,0.60721984457213807,,
2021-07-22T00:00:00Z,AAVEUSDT,trade,rebalance,0.62303591366743305,259.56,161.71520175151892,0,0,0.080857600875759453,0.040428800437879726,,
2021-07-22T00:00:00Z,ALICEUSDT,trade,rebalance,128.31686481412413,5.2300000000000004,671.0972029778693,0,0,0.33554860148893467,0.16777430074446734,,
2021-07-22T00:00:00Z,ALPHAUSDT,trade,rebalance,4424.9950570176779,0.5464,2417.8172991544593,0,0,1.2089086495772297,0.60445432478861483,,
2021-07-22T00:00:00Z,ATOMUSDT,trade,rebalance,24.023905997078998,10.472,251.57834360141126,0,0,0.12578917180070565,0.062894585900352823,,
2021-07-22T00:00:00Z,AXSUSDT,trade,rebalance,108.3216524210777,22.329000000000001,2418.7141769102441,0,0,1.2093570884551219,0.60467854422756095,,
2021-07-22T00:00:00Z,BAKEUSDT,trade,rebalance,138.242096087964,1.7025999999999999,235.37099279936749,0,0,0.11768549639968373,0.058842748199841866,,
2021-07-22T00:00:00Z,COMPUSDT,trade,rebalance,0.4958337681850713,376.76999999999998,186.81528883908931,0,0,0.093407644419544661,0.04670382220977233,,
2021-07-22T00:00:00Z,CRVUSDT,trade,rebalance,-150.09796664001283,1.448,-217.34185569473857,0,0,0.10867092784736929,0.054335463923684643,,
2021-07-22T00:00:00Z,DOGEUSDT,trade,rebalance,12300.17416625865,0.19042999999999999,2342.3221664806347,0,0,1.1711610832403174,0.58558054162015871,,
2021-07-22T00:00:00Z,ENJUSDT,trade,rebalance,-1841.1124331586245,1.0972,-2020.0685616616427,0,0,1.0100342808308214,0.50501714041541068,,
2021-07-22T00:00:00Z,FILUSDT,trade,rebalance,48.946215692642809,46.238999999999997,2263.2240674121108,0,0,1.1316120337060553,0.56580601685302767,,
2021-07-22T00:00:00Z,KSMUSDT,trade,rebalance,-0.92498125162085465,174.74000000000001,-161.63122390822815,0,0,0.080815611954114075,0.040407805977057037,,
2021-07-22T00:00:00Z,LUNAUSDT,trade,rebalance,-350.65235138599274,6.6109999999999998,-2318.1626950127979,0,0,1.159081347506399,0.57954067375319951,,
2021-07-22T00:00:00Z,MATICUSDT,trade,rebalance,-105.31389287205458,0.88839999999999997,-93.56086242753328,0,0,0.046780431213766641,0.02339021560688332,,
2021-07-22T00:00:00Z,SANDUSDT,trade,rebalance,5113.4114181494697,0.47331000000000001,2420.2287583243256,0,0,1.2101143791621627,0.60505718958108134,,
2021-07-22T00:00:00Z,SOLUSDT,trade,rebalance,-13.141005397255029,26.681000000000001,-350.61516500416144,0,0,0.17530758250208073,0.087653791251040364,,
2021-07-22T00:00:00Z,SXPUSDT,trade,rebalance,-1583.4458892899013,1.5283,-2419.9803526017563,0,0,1.2099901763008782,0.60499508815043912,,
2021-07-22T00:00:00Z,THETAUSDT,trade,rebalance,-77.321205495390814,4.415,-341.37312226215045,0,0,0.17068656113107522,0.08534328056553761,,
2021-07-22T00:00:00Z,UNIUSDT,trade,rebalance,-135.92105211238169,16.721,-2272.7359123711344,0,0,1.1363679561855671,0.56818397809278354,,
2021-07-22T00:00:00Z,VETUSDT,trade,rebalance,-36621.839814521962,0.066030000000000005,-2418.1400829528852,0,0,1.2090700414764426,0.6045350207382213,,
2021-07-22T00:00:00Z,YFIUSDT,trade,rebalance,-0.008402871199753012,28266,-237.51555733221863,0,0,0.11875777866610931,0.059378889333054657,,
2021-07-26T00:00:00Z,CRVUSDT,risk_policy_action,before_rebalance,1671.8690447673669,1.5229999999999999,2546.2565551806997,0,0,1.2731282775903499,0.63656413879517493,membership_exit,team-05-ldm-none-v1
2021-07-26T00:00:00Z,YFIUSDT,risk_policy_action,before_rebalance,0.085571397912653793,29945,2562.4355104944179,0,0,1.281217755247209,0.64060887762360452,membership_exit,team-05-ldm-none-v1
2021-07-29T00:00:00Z,1000SHIBUSDT,trade,rebalance,-413045.57639658579,0.0061850000000000004,-2554.6868900128834,0,0,1.2773434450064416,0.6386717225032208,,
2021-07-29T00:00:00Z,1INCHUSDT,trade,rebalance,1167.0440077062276,2.1873999999999998,2552.7920624566018,0,0,1.2763960312283009,0.63819801561415046,,
2021-07-29T00:00:00Z,AAVEUSDT,trade,rebalance,-9.3248891417555324,298.06999999999999,-2779.4697064830716,0,0,1.3897348532415359,0.69486742662076795,,
2021-07-29T00:00:00Z,ADAUSDT,trade,rebalance,-1982.7240426441256,1.2871999999999999,-2552.1623876915182,0,0,1.276081193845759,0.63804059692287951,,
2021-07-29T00:00:00Z,ALICEUSDT,trade,rebalance,-275.02515042899188,13.609999999999999,-3743.0922973385791,0,0,1.8715461486692897,0.93577307433464485,,
2021-07-29T00:00:00Z,ALPHAUSDT,trade,rebalance,-4424.9950570176779,0.59809999999999997,-2646.5895436022729,0,0,1.3232947718011365,0.66164738590056826,,
2021-07-29T00:00:00Z,ATOMUSDT,trade,rebalance,-231.09792326984839,11.59,-2678.424930697543,0,0,1.3392124653487716,0.66960623267438579,,
2021-07-29T00:00:00Z,AXSUSDT,trade,rebalance,-52.29628877849796,45.560000000000002,-2382.6189167483672,0,0,1.1913094583741837,0.59565472918709184,,
2021-07-29T00:00:00Z,BAKEUSDT,trade,rebalance,-1420.8933923478342,1.9152,-2721.2950250245722,0,0,1.3606475125122861,0.68032375625614305,,
2021-07-29T00:00:00Z,BNBUSDT,trade,rebalance,-8.138087898817167,313.66000000000003,-2552.5926503429928,0,0,1.2762963251714965,0.63814816258574825,,
2021-07-29T00:00:00Z,CHRUSDT,trade,rebalance,7540.8512746909919,0.33879999999999999,2554.8404118653079,0,0,1.277420205932654,0.63871010296632702,,
2021-07-29T00:00:00Z,COMPUSDT,trade,rebalance,-6.4208723240647334,388.56999999999999,-2494.9583589618333,0,0,1.2474791794809168,0.6237395897404584,,
2021-07-29T00:00:00Z,DODOUSDT,trade,rebalance,2482.0389133395452,1.0289999999999999,2554.0180418263917,0,0,1.2770090209131959,0.63850451045659795,,
2021-07-29T00:00:00Z,KSMUSDT,trade,rebalance,0.30783924245594996,188.06,57.892247936265953,0,0,0.028946123968132974,0.014473061984066487,,
2021-07-29T00:00:00Z,MATICUSDT,trade,rebalance,2721.2069383965631,1.0181,2770.4607839815408,0,0,1.3852303919907702,0.69261519599538512,,
2021-07-29T00:00:00Z,RUNEUSDT,trade,rebalance,548.75896630832517,4.6479999999999997,2550.6316754010954,0,0,1.2753158377005476,0.63765791885027379,,
2021-07-29T00:00:00Z,SANDUSDT,trade,rebalance,-1360.4704936062139,0.67954999999999999,-924.50772393010266,0,0,0.4622538619650513,0.23112693098252565,,
2021-07-29T00:00:00Z,SOLUSDT,trade,rebalance,-0.91312820388142779,27.873000000000001,-25.451622426787036,0,0,0.012725811213393518,0.0063629056066967591,,
2021-07-29T00:00:00Z,SUSHIUSDT,trade,rebalance,312.78921808892341,8.1630000000000003,2553.298387259882,0,0,1.2766491936299409,0.63832459681497045,,
2021-07-29T00:00:00Z,SXPUSDT,trade,rebalance,178.05535770226652,1.8174999999999999,323.61561262386937,0,0,0.16180780631193467,0.080903903155967336,,
2021-07-29T00:00:00Z,THETAUSDT,trade,rebalance,547.84751948752717,5.8029999999999999,3179.1591555861201,0,0,1.5895795777930599,0.79478978889652996,,
2021-07-29T00:00:00Z,TRXUSDT,trade,rebalance,-42053.959770277295,0.060690000000000001,-2552.2548184581292,0,0,1.2761274092290644,0.63806370461453221,,
2021-07-29T00:00:00Z,VETUSDT,trade,rebalance,36621.839814521962,0.082879999999999995,3035.2180838275799,0,0,1.51760904191379,0.75880452095689499,,
2021-07-29T00:00:00Z,XRPUSDT,trade,rebalance,-3483.002020678935,0.73219999999999996,-2550.254079541116,0,0,1.2751270397705579,0.63756351988527893,,
2021-08-02T00:00:00Z,1INCHUSDT,risk_policy_action,before_rebalance,-1167.0440077062276,2.3176999999999999,-2704.8578966607238,0,0,1.352428948330362,0.67621447416518099,membership_exit,team-05-ldm-none-v1
2021-08-05T00:00:00Z,1000SHIBUSDT,trade,rebalance,4265.0002886022558,0.0062420000000000002,26.622131801455282,0,0,0.01331106590072764,0.0066555329503638202,,
2021-08-05T00:00:00Z,ADAUSDT,trade,rebalance,128.94122703580456,1.3764000000000001,177.47470489208141,0,0,0.088737352446040696,0.044368676223020348,,
2021-08-05T00:00:00Z,ALICEUSDT,trade,rebalance,10.782067006039796,12.853999999999999,138.59268929563552,0,0,0.069296344647817767,0.034648172323908884,,
2021-08-05T00:00:00Z,AXSUSDT,trade,rebalance,-56.025363642579741,43.75,-2451.1096593628636,0,0,1.2255548296814318,0.61277741484071591,,
2021-08-05T00:00:00Z,BNBUSDT,trade,rebalance,0.51921535942145702,334.87,173.86964740946331,0,0,0.086934823704731656,0.043467411852365828,,
2021-08-05T00:00:00Z,CHRUSDT,trade,rebalance,316.72467883178706,0.32479999999999998,102.87217568456443,0,0,0.051436087842282208,0.025718043921141104,,
2021-08-05T00:00:00Z,COMPUSDT,trade,rebalance,-5.4931639153185339,464.54000000000002,-2551.794365222072,0,0,1.2758971826110359,0.63794859130551795,,
2021-08-05T00:00:00Z,DODOUSDT,trade,rebalance,-538.34914192615952,1.3120000000000001,-706.31407420712128,0,0,0.35315703710356067,0.17657851855178033,,
2021-08-05T00:00:00Z,DOGEUSDT,trade,rebalance,-12654.662193108708,0.20161000000000001,-2551.3064447526467,0,0,1.2756532223763233,0.63782661118816164,,
2021-08-05T00:00:00Z,DOTUSDT,trade,rebalance,133.17683034628371,19.149000000000001,2550.2031243009869,0,0,1.2751015621504935,0.63755078107524676,,
2021-08-05T00:00:00Z,KSMUSDT,trade,rebalance,1.7229731138838282,215.21000000000001,370.80104383893871,0,0,0.18540052191946937,0.092700260959734687,,
2021-08-05T00:00:00Z,LINKUSDT,trade,rebalance,105.43706212879894,24.198,2551.3660293926769,0,0,1.2756830146963385,0.63784150734816925,,
2021-08-05T00:00:00Z,LUNAUSDT,trade,rebalance,175.68493529737023,14.523,2551.4723153237078,0,0,1.275736157661854,0.637868078830927,,
2021-08-05T00:00:00Z,RUNEUSDT,trade,rebalance,-226.13455084177951,7.907,-1788.0458935059505,0,0,0.89402294675297522,0.44701147337648761,,
2021-08-05T00:00:00Z,SANDUSDT,trade,rebalance,-7665.0157753681888,0.65254000000000001,-5001.7293940587579,0,0,2.5008646970293791,1.2504323485146895,,
2021-08-05T00:00:00Z,SNXUSDT,trade,rebalance,-264.14054641845223,9.6600000000000001,-2551.5976784022487,0,0,1.2757988392011244,0.63789941960056218,,
2021-08-05T00:00:00Z,SOLUSDT,trade,rebalance,91.56229535426624,35.774999999999999,3275.6411162988747,0,0,1.6378205581494374,0.81891027907471869,,
2021-08-05T00:00:00Z,SUSHIUSDT,trade,rebalance,-312.78921808892341,8.7560000000000002,-2738.7823935866136,0,0,1.3693911967933068,0.68469559839665339,,
2021-08-05T00:00:00Z,SXPUSDT,trade,rebalance,2520.7630178081417,2.2877000000000001,5766.7495558396859,0,0,2.8833747779198426,1.4416873889599213,,
2021-08-05T00:00:00Z,TRXUSDT,trade,rebalance,42053.959770277295,0.067400000000000002,2834.4368885166896,0,0,1.4172184442583449,0.70860922212917243,,
2021-08-05T00:00:00Z,XRPUSDT,trade,rebalance,3483.0020206789345,0.73150000000000004,2547.8159781266409,0,0,1.2739079890633205,0.63695399453166024,,
2021-08-09T00:00:00Z,SNXUSDT,risk_policy_action,before_rebalance,264.14054641845223,9.6859999999999999,2558.4653326091284,0,0,1.2792326663045641,0.63961633315228206,membership_exit,team-05-ldm-none-v1
2021-08-12T00:00:00Z,1000SHIBUSDT,trade,rebalance,408780.57610798354,0.0077819999999999999,3181.1304432723277,0,0,1.5905652216361639,0.79528261081808194,,
2021-08-12T00:00:00Z,ADAUSDT,trade,rebalance,1853.782815608321,1.7955000000000001,3328.4670454247407,0,0,1.6642335227123701,0.83211676135618506,,
2021-08-12T00:00:00Z,ALICEUSDT,trade,rebalance,-7.9667872842675536,13.250999999999999,-105.56789830382935,0,0,0.052783949151914679,0.026391974575957339,,
2021-08-12T00:00:00Z,ALPHAUSDT,trade,rebalance,2538.6548100430728,0.9929,2520.6303608917669,0,0,1.2603151804458834,0.63015759022294171,,
2021-08-12T00:00:00Z,ATOMUSDT,trade,rebalance,-173.20167573369349,14.576000000000001,-2524.5876254943164,0,0,1.2622938127471581,0.63114690637357906,,
2021-08-12T00:00:00Z,AXSUSDT,trade,rebalance,-38.098448343726837,66.180000000000007,-2521.3553113878424,0,0,1.2606776556939212,0.6303388278469606,,
2021-08-12T00:00:00Z,BNBUSDT,trade,rebalance,1.165540413089583,391.23000000000002,455.99437581303761,0,0,0.22799718790651882,0.11399859395325941,,
2021-08-12T00:00:00Z,CHRUSDT,trade,rebalance,-15515.580984554941,0.3296,-5113.9354925093085,0,0,2.5569677462546538,1.2784838731273269,,
2021-08-12T00:00:00Z,COMPUSDT,trade,rebalance,0.10009375151931454,468.02999999999997,46.846878523584785,0,0,0.023423439261792394,0.011711719630896197,,
2021-08-12T00:00:00Z,DODOUSDT,trade,rebalance,-1943.6897714133856,1.548,-3008.8317661479209,0,0,1.5044158830739605,0.75220794153698023,,
2021-08-12T00:00:00Z,DOGEUSDT,trade,rebalance,22195.518109926525,0.26456000000000002,5872.0462711621622,0,0,2.9360231355810811,1.4680115677905405,,
2021-08-12T00:00:00Z,DOTUSDT,trade,rebalance,-14.975395459102216,21.361999999999998,-319.90439779734152,0,0,0.15995219889867077,0.079976099449335383,,
2021-08-12T00:00:00Z,FILUSDT,trade,rebalance,35.156490468207302,71.813000000000002,2524.693049993371,0,0,1.2623465249966856,0.63117326249834282,,
2021-08-12T00:00:00Z,ICPUSDT,trade,rebalance,37.561125211695526,67.189999999999998,2523.7320029738221,0,0,1.261866001486911,0.63093300074345549,,
2021-08-12T00:00:00Z,KSMUSDT,trade,rebalance,2.4394336340517739,267.97000000000003,653.69503091685397,0,0,0.326847515458427,0.1634237577292135,,
2021-08-12T00:00:00Z,LINKUSDT,trade,rebalance,-105.43706212879894,25.922999999999998,-2733.2449615648547,0,0,1.3666224807824274,0.68331124039121371,,
2021-08-12T00:00:00Z,LUNAUSDT,trade,rebalance,-27.051943936035997,16.939,-458.23287833251374,0,0,0.22911643916625685,0.11455821958312842,,
2021-08-12T00:00:00Z,RUNEUSDT,trade,rebalance,36.739565642504886,7.0190000000000001,257.87501124474181,0,0,0.12893750562237091,0.064468752811185456,,
2021-08-12T00:00:00Z,SANDUSDT,trade,rebalance,169.72625811056923,0.67408999999999997,114.41077332975361,0,0,0.057205386664876803,0.028602693332438402,,
2021-08-12T00:00:00Z,SUSHIUSDT,trade,rebalance,-225.09893576064235,11.215,-2524.4845645556038,0,0,1.2622422822778019,0.63112114113890094,,
2021-08-12T00:00:00Z,SXPUSDT,trade,rebalance,-1115.372486220507,3.2296,-3602.2069814977494,0,0,1.801103490748875,0.9005517453744375,,
2021-08-16T00:00:00Z,ATOMUSDT,risk_policy_action,before_rebalance,173.20167573369349,15.936,2760.1419044921395,0,0,1.3800709522460697,0.69003547612303484,membership_exit,team-05-ldm-none-v1
2021-08-16T00:00:00Z,COMPUSDT,risk_policy_action,before_rebalance,5.3930701637992193,489.52999999999997,2640.0696372846319,0,0,1.3200348186423161,0.66001740932115804,membership_exit,team-05-ldm-none-v1
2021-08-19T00:00:00Z,1000SHIBUSDT,trade,rebalance,318550.86818018812,0.0080219999999999996,2555.4150645414688,0,0,1.2777075322707343,0.63885376613536715,,
2021-08-19T00:00:00Z,AAVEUSDT,trade,rebalance,-6.7116721214891069,380.27999999999997,-2552.3146743598772,0,0,1.2761573371799386,0.63807866858996931,,
2021-08-19T00:00:00Z,ADAUSDT,trade,rebalance,1212.4469768558342,2.1055000000000001,2552.807109769959,0,0,1.2764035548849795,0.63820177744248974,,
2021-08-19T00:00:00Z,ALICEUSDT,trade,rebalance,-190.47388790208419,11.840999999999999,-2255.4013066485786,0,0,1.1277006533242893,0.56385032666214463,,
2021-08-19T00:00:00Z,ALPHAUSDT,trade,rebalance,-5409.0242673359671,0.88900000000000001,-4808.6225736616752,0,0,2.4043112868308376,1.2021556434154188,,
2021-08-19T00:00:00Z,AXSUSDT,trade,rebalance,38.098448343726837,69.329999999999998,2641.3654236705815,0,0,1.3206827118352906,0.66034135591764531,,
2021-08-19T00:00:00Z,BNBUSDT,trade,rebalance,0.011490589358141177,396.31,4.5538354685249303,0,0,0.0022769177342624653,0.0011384588671312327,,
2021-08-19T00:00:00Z,BTCUSDT,trade,rebalance,-0.057082897352620648,44714.089999999997,-2552.4098096858411,0,0,1.2762049048429205,0.63810245242146024,,
2021-08-19T00:00:00Z,BTTUSDT,trade,rebalance,605515.85469748685,0.0042170000000000003,2553.4603592593021,0,0,1.2767301796296509,0.63836508981482543,,
2021-08-19T00:00:00Z,CHRUSDT,trade,rebalance,649.12558332812569,0.3644,236.541362564769,0,0,0.11827068128238449,0.059135340641192247,,
2021-08-19T00:00:00Z,CHZUSDT,trade,rebalance,-7717.9572546566396,0.33091999999999999,-2554.0264147109751,0,0,1.2770132073554876,0.63850660367774381,,
2021-08-19T00:00:00Z,DOGEUSDT,trade,rebalance,-1126.359572214833,0.3034,-341.7374942099803,0,0,0.17086874710499014,0.085434373552495071,,
2021-08-19T00:00:00Z,DOTUSDT,trade,rebalance,-118.20143488718149,23.875,-2822.059257931458,0,0,1.4110296289657289,0.70551481448286446,,
2021-08-19T00:00:00Z,ENJUSDT,trade,rebalance,-1678.7675889234974,1.5198,-2551.3909816459313,0,0,1.2756954908229656,0.63784774541148281,,
2021-08-19T00:00:00Z,FILUSDT,trade,rebalance,2.6606160734227799,67.491,179.56763941137683,0,0,0.089783819705688411,0.044891909852844206,,
2021-08-19T00:00:00Z,ICPUSDT,trade,rebalance,-37.561125211695526,58.549999999999997,-2199.2038811447728,0,0,1.0996019405723865,0.54980097028619324,,
2021-08-19T00:00:00Z,KSMUSDT,trade,rebalance,9.4147843854261044,281.54000000000002,2650.6383958728657,0,0,1.3253191979364329,0.66265959896821647,,
2021-08-19T00:00:00Z,LUNAUSDT,trade,rebalance,-65.60218629003711,30.731999999999999,-2016.0863890654205,0,0,1.0080431945327102,0.50402159726635509,,
2021-08-19T00:00:00Z,RUNEUSDT,trade,rebalance,-359.36398110905054,8.0649999999999995,-2898.2705076444922,0,0,1.4491352538222462,0.72456762691112309,,
2021-08-19T00:00:00Z,SANDUSDT,trade,rebalance,-644.83620853968569,0.58160000000000001,-375.03673888668118,0,0,0.18751836944334058,0.093759184721670288,,
2021-08-19T00:00:00Z,SOLUSDT,trade,rebalance,35.068783905375753,72.771000000000001,2551.9904735780988,0,0,1.2759952367890492,0.63799761839452462,,
2021-08-19T00:00:00Z,SUSHIUSDT,trade,rebalance,225.09893576064235,12.552,2825.4418416675826,0,0,1.4127209208337914,0.70636046041689571,,
2021-08-19T00:00:00Z,XRPUSDT,trade,rebalance,2231.3669569216327,1.1438999999999999,2552.4606620226555,0,0,1.2762303310113277,0.63811516550566383,,
2021-08-23T00:00:00Z,ENJUSDT,risk_policy_action,before_rebalance,1678.7675889234974,1.8441000000000001,3095.8153107338217,0,0,1.5479076553669109,0.77395382768345544,membership_exit,team-05-ldm-none-v1
2021-08-26T00:00:00Z,1000SHIBUSDT,trade,rebalance,-318550.86818018812,0.0075269999999999998,-2397.7323847922758,0,0,1.1988661923961379,0.59943309619806895,,
2021-08-26T00:00:00Z,AAVEUSDT,trade,rebalance,0.24517917672400902,384.29000000000002,94.219905823269428,0,0,0.047109952911634716,0.023554976455817358,,
2021-08-26T00:00:00Z,ADAUSDT,trade,rebalance,-305.35843406558001,2.7400000000000002,-836.6821093396893,0,0,0.41834105466984467,0.20917052733492233,,
2021-08-26T00:00:00Z,ALPHAUSDT,trade,rebalance,2870.3694572928944,1.1701999999999999,3358.9063389241446,0,0,1.6794531694620725,0.83972658473103623,,
2021-08-26T00:00:00Z,AXSUSDT,trade,rebalance,-34.255038775118983,72.549999999999997,-2485.2030631348821,0,0,1.242601531567441,0.62130076578372051,,
2021-08-26T00:00:00Z,BNBUSDT,trade,rebalance,6.4418415369479858,503.49000000000001,3243.4027954379412,0,0,1.6217013977189707,0.81085069885948535,,
2021-08-26T00:00:00Z,BTCUSDT,trade,rebalance,0.0063542289015158931,48992.650000000001,311.31051259185261,0,0,0.1556552562959263,0.077827628147963152,,
2021-08-26T00:00:00Z,BTTUSDT,trade,rebalance,-605515.85469748685,0.0042719999999999998,-2586.7637312676638,0,0,1.2933818656338318,0.64669093281691592,,
2021-08-26T00:00:00Z,CHRUSDT,trade,rebalance,1023.0126404038983,0.41549999999999998,425.06175208781974,0,0,0.21253087604390986,0.10626543802195493,,
2021-08-26T00:00:00Z,CHZUSDT,trade,rebalance,7717.9572546566396,0.38790000000000002,2993.7956190813106,0,0,1.4968978095406553,0.74844890477032766,,
2021-08-26T00:00:00Z,DENTUSDT,trade,rebalance,374011.39467169158,0.0066429999999999996,2484.5576948040471,0,0,1.2422788474020234,0.62113942370101172,,
2021-08-26T00:00:00Z,DOGEUSDT,trade,rebalance,-8414.4963446029833,0.2928,-2463.7645296997534,0,0,1.2318822648498768,0.61594113242493842,,
2021-08-26T00:00:00Z,ETHUSDT,trade,rebalance,-0.76987925147094438,3227.9000000000001,-2485.0932358230616,0,0,1.2425466179115308,0.62127330895576538,,
2021-08-26T00:00:00Z,FILUSDT,trade,rebalance,-5.3706732353947046,76.614999999999995,-411.4741299297653,0,0,0.20573706496488267,0.10286853248244134,,
2021-08-26T00:00:00Z,GRTUSDT,trade,rebalance,2608.8880813460223,0.95255000000000001,2485.0963418861534,0,0,1.2425481709430768,0.6212740854715384,,
2021-08-26T00:00:00Z,LUNAUSDT,trade,rebalance,-0.39025514807381967,30.068999999999999,-11.734582047431683,0,0,0.005867291023715842,0.002933645511857921,,
2021-08-26T00:00:00Z,NEOUSDT,trade,rebalance,44.097443193595062,56.380000000000003,2486.2138472548895,0,0,1.2431069236274448,0.6215534618137224,,
2021-08-26T00:00:00Z,QTUMUSDT,trade,rebalance,191.62158044649325,12.970000000000001,2485.3318983910176,0,0,1.2426659491955088,0.62133297459775438,,
2021-08-26T00:00:00Z,SANDUSDT,trade,rebalance,1022.94534488719,0.73885999999999996,755.81339752334918,0,0,0.3779066987616746,0.1889533493808373,,
2021-08-26T00:00:00Z,SOLUSDT,trade,rebalance,-0.55355737926142012,72.025999999999996,-39.870523798683045,0,0,0.019935261899341524,0.0099676309496707621,,
2021-08-26T00:00:00Z,THETAUSDT,trade,rebalance,-344.81040637061739,7.2069999999999999,-2485.0485987130396,0,0,1.2425242993565198,0.62126214967825988,,
2021-08-26T00:00:00Z,UNIUSDT,trade,rebalance,-91.793576550894571,27.062999999999999,-2484.2095621968597,0,0,1.2421047810984298,0.62105239054921491,,
2021-08-26T00:00:00Z,XRPUSDT,trade,rebalance,-2231.3669569216327,1.1747000000000001,-2621.1867642958418,0,0,1.310593382147921,0.65529669107396049,,
2021-09-02T00:00:00Z,1000SHIBUSDT,trade,rebalance,-343395.42081689922,0.0071970000000000003,-2471.416843619224,0,0,1.2357084218096119,0.61785421090480597,,
2021-09-02T00:00:00Z,AAVEUSDT,trade,rebalance,0.49406037762458421,413.61000000000001,204.34831278930429,0,0,0.10217415639465215,0.051087078197326073,,
2021-09-02T00:00:00Z,ADAUSDT,trade,rebalance,-47.028785889333214,2.8734999999999999,-135.137216252999,0,0,0.067568608126499494,0.033784304063249747,,
2021-09-02T00:00:00Z,ALICEUSDT,trade,rebalance,135.00519385703461,18.300999999999998,2470.7300527775901,0,0,1.235365026388795,0.61768251319439749,,
2021-09-02T00:00:00Z,ALPHAUSDT,trade,rebalance,1875.0322932212111,1.3180000000000001,2471.2925624655563,0,0,1.2356462812327782,0.6178231406163891,,
2021-09-02T00:00:00Z,AXSUSDT,trade,rebalance,0.84421994107449194,73.959999999999994,62.438506841869419,0,0,0.031219253420934713,0.015609626710467357,,
2021-09-02T00:00:00Z,BTCUSDT,trade,rebalance,0.050728668451104755,48842.93,2477.7368021505181,0,0,1.2388684010752589,0.61943420053762943,,
2021-09-02T00:00:00Z,BTTUSDT,trade,rebalance,-557274.01046048128,0.0044349999999999997,-2471.5102363922342,0,0,1.2357551181961171,0.61787755909805853,,
2021-09-02T00:00:00Z,CHRUSDT,trade,rebalance,11539.287431342631,0.44490000000000002,5133.8289782043366,0,0,2.5669144891021682,1.2834572445510841,,
2021-09-02T00:00:00Z,DENTUSDT,trade,rebalance,-374011.39467169158,0.0064190000000000002,-2400.7791423975882,0,0,1.2003895711987942,0.6001947855993971,,
2021-09-02T00:00:00Z,DOGEUSDT,trade,rebalance,-8388.0658791352707,0.29470000000000002,-2471.9630145811643,0,0,1.2359815072905822,0.6179907536452911,,
2021-09-02T00:00:00Z,ETHUSDT,trade,rebalance,0.76987925147094438,3831.4200000000001,2949.7307616708058,0,0,1.4748653808354029,0.73743269041770143,,
2021-09-02T00:00:00Z,FILUSDT,trade,rebalance,-32.446433306235377,78.784999999999997,-2556.2922480317543,0,0,1.2781461240158771,0.63907306200793856,,
2021-09-02T00:00:00Z,GRTUSDT,trade,rebalance,-2608.8880813460223,0.92234000000000005,-2406.2818329486904,0,0,1.2031409164743452,0.60157045823717259,,
2021-09-02T00:00:00Z,KAVAUSDT,trade,rebalance,302.12144498227656,8.1796000000000006,2471.2325713770297,0,0,1.2356162856885149,0.61780814284425745,,
2021-09-02T00:00:00Z,LUNAUSDT,trade,rebalance,-4.9128608434866123,31.791,-156.1847590752829,0,0,0.078092379537641449,0.039046189768820724,,
2021-09-02T00:00:00Z,NEOUSDT,trade,rebalance,-44.097443193595062,55.238,-2435.8545671278039,0,0,1.2179272835639019,0.60896364178195095,,
2021-09-02T00:00:00Z,QTUMUSDT,trade,rebalance,-378.10709658862828,13.247,-5008.7847085095591,0,0,2.5043923542547795,1.2521961771273897,,
2021-09-02T00:00:00Z,RUNEUSDT,trade,rebalance,-230.62914709022593,10.712999999999999,-2470.7300527775901,0,0,1.235365026388795,0.61768251319439749,,
2021-09-02T00:00:00Z,SANDUSDT,trade,rebalance,5815.190335549446,1.00814,5862.5259848808191,0,0,2.9312629924404097,1.4656314962202048,,
2021-09-02T00:00:00Z,SOLUSDT,trade,rebalance,-12.231905643905147,110.89400000000001,-1356.4449444752174,0,0,0.67822247223760868,0.33911123611880434,,
2021-09-02T00:00:00Z,THETAUSDT,trade,rebalance,-2.2844903071026579,7.1200000000000001,-16.265570986570925,0,0,0.0081327854932854628,0.0040663927466427314,,
2021-09-02T00:00:00Z,UNIUSDT,trade,rebalance,91.793576550894571,31.385999999999999,2881.0331936263769,0,0,1.4405165968131886,0.72025829840659428,,
2021-09-06T00:00:00Z,BTTUSDT,risk_policy_action,before_rebalance,557274.01046048128,0.0049399999999999999,2752.9336116747777,0,0,1.3764668058373888,0.68823340291869439,membership_exit,team-05-ldm-none-v1
2021-09-06T00:00:00Z,CHRUSDT,risk_policy_action,before_rebalance,-5553.4206240424928,0.45440000000000003,-2523.4743315649089,0,0,1.2617371657824543,0.63086858289122716,membership_exit,team-05-ldm-none-v1
2021-09-06T00:00:00Z,KAVAUSDT,risk_policy_action,before_rebalance,-302.12144498227656,8.0025999999999993,-2417.7570756151663,0,0,1.208878537807583,0.60443926890379152,membership_exit,team-05-ldm-none-v1
2021-09-09T00:00:00Z,1000SHIBUSDT,trade,rebalance,-30732.765265271591,0.0066759999999999996,-205.17194091095314,0,0,0.10258597045547659,0.051292985227738293,,
2021-09-09T00:00:00Z,AAVEUSDT,trade,rebalance,-1.582851553177911,330.74000000000001,-523.51232269806235,0,0,0.26175616134903118,0.13087808067451559,,
2021-09-09T00:00:00Z,ADAUSDT,trade,rebalance,-860.059756900921,2.4700000000000002,-2124.347599545275,0,0,1.0621737997726375,0.53108689988631874,,
2021-09-09T00:00:00Z,ALICEUSDT,trade,rebalance,-320.99614210405309,13.43,-4310.9781884574331,0,0,2.1554890942287166,1.0777445471143583,,
2021-09-09T00:00:00Z,ALPHAUSDT,trade,rebalance,-1875.0322932212111,1.1303000000000001,-2119.3490010279352,0,0,1.0596745005139676,0.5298372502569838,,
2021-09-09T00:00:00Z,AVAXUSDT,trade,rebalance,67.451568451775657,37.052999999999997,2499.2829658436431,0,0,1.2496414829218214,0.62482074146091071,,
2021-09-09T00:00:00Z,AXSUSDT,trade,rebalance,-3.3145674169732473,68.030000000000001,-225.49002137669001,0,0,0.112745010688345,0.056372505344172499,,
2021-09-09T00:00:00Z,BTCUSDT,trade,rebalance,-0.054240796436889803,46060.019999999997,-2498.332168699073,0,0,1.2491660843495365,0.62458304217476823,,
2021-09-09T00:00:00Z,DOGEUSDT,trade,rebalance,-1344.0470324288326,0.25667000000000001,-344.97655181350848,0,0,0.17248827590675422,0.086244137953377112,,
2021-09-09T00:00:00Z,ETHUSDT,trade,rebalance,-0.7142426770240039,3497.6799999999998,-2498.192326573318,0,0,1.2490961632866591,0.62454808164332953,,
2021-09-09T00:00:00Z,FILUSDT,trade,rebalance,28.265235724230347,88.406999999999996,2498.8446946720323,0,0,1.2494223473360162,0.6247111736680081,,
2021-09-09T00:00:00Z,FTMUSDT,trade,rebalance,1599.5185177126102,1.56192,2498.3199631856801,0,0,1.24915998159284,0.62457999079642001,,
2021-09-09T00:00:00Z,KSMUSDT,trade,rebalance,7.3170854878793197,341.08999999999997,2495.784689060757,0,0,1.2478923445303787,0.62394617226518934,,
2021-09-09T00:00:00Z,LTCUSDT,trade,rebalance,13.906423392278397,179.66,2498.4280266567366,0,0,1.2492140133283682,0.62460700666418412,,
2021-09-09T00:00:00Z,LUNAUSDT,trade,rebalance,7.0097521366245275,29.491,206.72460026119393,0,0,0.10336230013059697,0.051681150065298484,,
2021-09-09T00:00:00Z,QTUMUSDT,trade,rebalance,186.485516142135,12.462999999999999,2324.1689876794285,0,0,1.1620844938397141,0.58104224691985706,,
2021-09-09T00:00:00Z,RUNEUSDT,trade,rebalance,-46.781561696281159,9.0030000000000001,-421.17439995161931,0,0,0.21058719997580966,0.10529359998790483,,
2021-09-09T00:00:00Z,SANDUSDT,trade,rebalance,-2450.9508791825865,0.79201999999999995,-1941.2021153301921,0,0,0.97060105766509608,0.48530052883254804,,
2021-09-09T00:00:00Z,SOLUSDT,trade,rebalance,-9.2158186245194216,191.20699999999999,-1762.1290317384851,0,0,0.8810645158692425,0.44053225793462125,,
2021-09-09T00:00:00Z,SRMUSDT,trade,rebalance,281.80495940538577,8.8719999999999999,2500.1735998445824,0,0,1.2500867999222911,0.62504339996114555,,
2021-09-09T00:00:00Z,THETAUSDT,trade,rebalance,347.09489667772004,6.8120000000000003,2364.4104361686291,0,0,1.1822052180843146,0.59110260904215728,,
2021-09-16T00:00:00Z,1000SHIBUSDT,trade,rebalance,374128.18608217081,0.0067679999999999997,2532.0995634041319,0,0,1.2660497817020659,0.63302489085103297,,
2021-09-16T00:00:00Z,AAVEUSDT,trade,rebalance,7.5552841203184249,414.68000000000001,3133.0252190136443,0,0,1.5665126095068223,0.78325630475341113,,
2021-09-16T00:00:00Z,ALICEUSDT,trade,rebalance,-5.463428640241176,13.234,-72.303014624951729,0,0,0.036151507312475864,0.018075753656237932,,
2021-09-16T00:00:00Z,ATOMUSDT,trade,rebalance,74.189546038800174,34.134999999999998,2532.4601540344438,0,0,1.2662300770172219,0.63311503850861095,,
2021-09-16T00:00:00Z,AVAXUSDT,trade,rebalance,-23.714035965022241,57.899000000000001,-1373.0189683388228,0,0,0.68650948416941138,0.34325474208470569,,
2021-09-16T00:00:00Z,AXSUSDT,trade,rebalance,-0.16166321046481613,68.680000000000007,-11.103029294723573,0,0,0.0055515146473617862,0.0027757573236808931,,
2021-09-16T00:00:00Z,BTCUSDT,trade,rebalance,0.054240796436889803,48106.129999999997,2609.3148046965575,0,0,1.3046574023482789,0.65232870117413944,,
2021-09-16T00:00:00Z,DENTUSDT,trade,rebalance,-491015.33490000147,0.0051590000000000004,-2533.1481127491079,0,0,1.266574056374554,0.633287028187277,,
2021-09-16T00:00:00Z,DOGEUSDT,trade,rebalance,-492.40741890924073,0.24784,-122.03825470246622,0,0,0.061019127351233111,0.030509563675616556,,
2021-09-16T00:00:00Z,ETCUSDT,trade,rebalance,-42.796925952344935,59.171999999999997,-2532.3797024521546,0,0,1.2661898512260774,0.63309492561303871,,
2021-09-16T00:00:00Z,ETHUSDT,trade,rebalance,0.013357455659661732,3614.71,48.283328547535859,0,0,0.024141664273767929,0.012070832136883964,,
2021-09-16T00:00:00Z,FILUSDT,trade,rebalance,-28.265235724230347,86.239999999999995,-2437.5939288576251,0,0,1.2187969644288126,0.60939848221440629,,
2021-09-16T00:00:00Z,FTMUSDT,trade,rebalance,157.12882911060433,1.44181,226.54991709996042,0,0,0.11327495854998021,0.056637479274990105,,
2021-09-16T00:00:00Z,KSMUSDT,trade,rebalance,-7.3170854878793197,429.35000000000002,-3141.5906542209859,0,0,1.5707953271104929,0.78539766355524643,,
2021-09-16T00:00:00Z,LTCUSDT,trade,rebalance,-13.906423392278397,189.18000000000001,-2630.8171773512272,0,0,1.3154085886756137,0.65770429433780686,,
2021-09-16T00:00:00Z,LUNAUSDT,trade,rebalance,-84.737441216361219,36.759,-3114.8636016722221,0,0,1.5574318008361112,0.77871590041805561,,
2021-09-16T00:00:00Z,NEARUSDT,trade,rebalance,273.72834731055082,9.2558000000000007,2533.5748370369965,0,0,1.2667874185184982,0.63339370925924909,,
2021-09-16T00:00:00Z,RUNEUSDT,trade,rebalance,27.530655152517653,10.130000000000001,278.88553669500385,0,0,0.13944276834750191,0.069721384173750955,,
2021-09-16T00:00:00Z,SANDUSDT,trade,rebalance,-3135.2381699881953,0.80800000000000005,-2533.272441350462,0,0,1.2666362206752311,0.63331811033761554,,
2021-09-16T00:00:00Z,SOLUSDT,trade,rebalance,2.8643052489529257,158.99700000000001,455.41594166776838,0,0,0.22770797083388419,0.1138539854169421,,
2021-09-16T00:00:00Z,SRMUSDT,trade,rebalance,-44.986711455088141,10.695,-481.13287901216768,0,0,0.24056643950608386,0.12028321975304193,,
2021-09-16T00:00:00Z,TRXUSDT,trade,rebalance,20972.728399276933,0.1208,2533.5055906326538,0,0,1.2667527953163269,0.63337639765816345,,
2021-09-16T00:00:00Z,XTZUSDT,trade,rebalance,366.92760700963242,6.9020000000000001,2532.534343580483,0,0,1.2662671717902414,0.6331335858951207,,
2021-09-20T00:00:00Z,DENTUSDT,risk_policy_action,before_rebalance,491015.33490000147,0.0047349999999999996,2324.9576107515068,0,0,1.1624788053757533,0.58123940268787666,membership_exit,team-05-ldm-none-v1
2021-09-23T00:00:00Z,ADAUSDT,trade,rebalance,-1136.1250657169116,2.2557,-2562.7573107376375,0,0,1.2813786553688187,0.64068932768440934,,
2021-09-23T00:00:00Z,ALGOUSDT,trade,rebalance,1389.4186483066362,1.8456999999999999,2564.4499991795583,0,0,1.2822249995897792,0.6411124997948896,,
2021-09-23T00:00:00Z,ALICEUSDT,trade,rebalance,-36.5846136859208,11.234,-410.99155014763426,0,0,0.20549577507381714,0.10274788753690857,,
2021-09-23T00:00:00Z,ATOMUSDT,trade,rebalance,-9.6438845555011596,39.692999999999998,-382.79470966150751,0,0,0.19139735483075376,0.095698677415376882,,
2021-09-23T00:00:00Z,AVAXUSDT,trade,rebalance,-9.099166416224385,74.001000000000005,-673.34741396702077,0,0,0.3366737069835104,0.1683368534917552,,
2021-09-23T00:00:00Z,AXSUSDT,trade,rebalance,-4.8187151775031509,61.469999999999999,-296.20642196111868,0,0,0.14810321098055934,0.074051605490279671,,
2021-09-23T00:00:00Z,CHZUSDT,trade,rebalance,-8814.7874587749538,0.29087000000000002,-2563.957228133871,0,0,1.2819786140669356,0.64098930703346779,,
2021-09-23T00:00:00Z,DOGEUSDT,trade,rebalance,-1200.6203845169293,0.22444,-269.46723910097961,0,0,0.13473361955048982,0.06736680977524491,,
2021-09-23T00:00:00Z,ETCUSDT,trade,rebalance,-7.2589593135450636,51.200000000000003,-371.65871685350726,0,0,0.18582935842675363,0.092914679213376816,,
2021-09-23T00:00:00Z,ETHUSDT,trade,rebalance,0.70088522136434217,3076.6199999999999,2156.3574897539625,0,0,1.0781787448769813,0.53908937243849064,,
2021-09-23T00:00:00Z,FTMUSDT,trade,rebalance,296.61713955279788,1.24823,370.24641210398886,0,0,0.18512320605199442,0.092561603025997211,,
2021-09-23T00:00:00Z,ICPUSDT,trade,rebalance,-51.394476047401106,49.890000000000001,-2564.0704100048411,0,0,1.2820352050024204,0.6410176025012102,,
2021-09-23T00:00:00Z,NEARUSDT,trade,rebalance,-273.72834731055082,7.7572000000000001,-2123.3655357574048,0,0,1.0616827678787024,0.53084138393935121,,
2021-09-23T00:00:00Z,RUNEUSDT,trade,rebalance,249.88005363398943,7.7210000000000001,1929.3238941080324,0,0,0.96466194705401609,0.48233097352700804,,
2021-09-23T00:00:00Z,SANDUSDT,trade,rebalance,-564.0589698784047,0.69281999999999999,-390.79133551115632,0,0,0.19539566775557818,0.097697833877789089,,
2021-09-23T00:00:00Z,SOLUSDT,trade,rebalance,1.3919566513640209,147.97900000000001,205.98035331219646,0,0,0.10299017665609822,0.05149508832804911,,
2021-09-23T00:00:00Z,SRMUSDT,trade,rebalance,-236.81824795029763,8.3109999999999999,-1968.1964587149237,0,0,0.98409822935746183,0.49204911467873091,,
2021-09-23T00:00:00Z,SUSHIUSDT,trade,rebalance,243.98804929154448,10.504,2562.850469758383,0,0,1.2814252348791915,0.64071261743959573,,
2021-09-23T00:00:00Z,TRXUSDT,trade,rebalance,5005.6952076616799,0.098699999999999996,494.06211699620781,0,0,0.24703105849810389,0.12351552924905194,,
2021-09-23T00:00:00Z,XTZUSDT,trade,rebalance,93.070879379435667,5.5709999999999997,518.49786902283608,0,0,0.25924893451141806,0.12962446725570903,,
2021-09-27T00:00:00Z,CHZUSDT,risk_policy_action,before_rebalance,8814.7874587749538,0.26311000000000001,2319.2587282782783,0,0,1.1596293641391393,0.57981468206956965,membership_exit,team-05-ldm-none-v1
2021-09-27T00:00:00Z,SANDUSDT,risk_policy_action,before_rebalance,3699.2971398666,0.65464,2421.7078796422711,0,0,1.2108539398211355,0.60542696991056777,membership_exit,team-05-ldm-none-v1
2021-09-30T00:00:00Z,ADAUSDT,trade,rebalance,-99.198166272938806,2.0646,-204.80453408710946,0,0,0.10240226704355473,0.051201133521777367,,
2021-09-30T00:00:00Z,ALGOUSDT,trade,rebalance,199.45219229979625,1.6049,320.10082342194301,0,0,0.16005041171097151,0.080025205855485754,,
2021-09-30T00:00:00Z,ALICEUSDT,trade,rebalance,-19.571662235573285,10.302,-201.62726435087598,0,0,0.10081363217543798,0.050406816087718992,,
2021-09-30T00:00:00Z,ATOMUSDT,trade,rebalance,10.809844600127803,33.844999999999999,365.85919049132548,0,0,0.18292959524566274,0.09146479762283137,,
2021-09-30T00:00:00Z,AVAXUSDT,trade,rebalance,4.3336375706548083,65.466999999999999,283.7102508380583,0,0,0.14185512541902914,0.070927562709514572,,
2021-09-30T00:00:00Z,AXSUSDT,trade,rebalance,41.705764638985706,69.290000000000006,2889.7924318353198,0,0,1.4448962159176599,0.72244810795882997,,
2021-09-30T00:00:00Z,BCHUSDT,trade,rebalance,-5.2629113561728955,484.56,-2550.1963267471383,0,0,1.2750981633735692,0.63754908168678459,,
2021-09-30T00:00:00Z,BNBUSDT,trade,rebalance,-6.9568055902167503,366.68000000000001,-2550.9214738206779,0,0,1.2754607369103388,0.63773036845516939,,
2021-09-30T00:00:00Z,CELRUSDT,trade,rebalance,17413.577516615434,0.14649999999999999,2551.0891061841612,0,0,1.2755445530920806,0.6377722765460403,,
2021-09-30T00:00:00Z,DOGEUSDT,trade,rebalance,-1417.9679680041681,0.19853999999999999,-281.52336036754753,0,0,0.14076168018377375,0.070380840091886873,,
2021-09-30T00:00:00Z,ETCUSDT,trade,rebalance,-6.0071206605711467,45.503999999999998,-273.34801853862945,0,0,0.13667400926931472,0.068337004634657361,,
2021-09-30T00:00:00Z,FTMUSDT,trade,rebalance,73.580971173231774,1.19902,88.225056056128366,0,0,0.044112528028064188,0.022056264014032094,,
2021-09-30T00:00:00Z,ICPUSDT,trade,rebalance,-6.0774825535373784,44.420000000000002,-269.96177502813038,0,0,0.1349808875140652,0.0674904437570326,,
2021-09-30T00:00:00Z,KSMUSDT,trade,rebalance,-7.9195961857164185,322.13999999999999,-2551.218715266687,0,0,1.2756093576333434,0.63780467881667169,,
2021-09-30T00:00:00Z,OMGUSDT,trade,rebalance,246.98095881322553,10.3226,2549.4856454454016,0,0,1.2747428227227009,0.63737141136135045,,
2021-09-30T00:00:00Z,ONEUSDT,trade,rebalance,17719.601456398472,0.14391999999999999,2550.2050416048678,0,0,1.2751025208024338,0.6375512604012169,,
2021-09-30T00:00:00Z,SOLUSDT,trade,rebalance,-17.323764158006711,135.27000000000001,-2343.3855776535679,0,0,1.1716927888267838,0.58584639441339192,,
2021-09-30T00:00:00Z,SUSHIUSDT,trade,rebalance,-243.98804929154448,9.5039999999999996,-2318.8624204668386,0,0,1.1594312102334192,0.57971560511670961,,
2021-09-30T00:00:00Z,TRXUSDT,trade,rebalance,-25978.423606938613,0.085790000000000005,-2228.6889612392638,0,0,1.1143444806196319,0.55717224030981594,,
2021-09-30T00:00:00Z,XTZUSDT,trade,rebalance,-7.1988237872055265,5.6360000000000001,-40.572570864690348,0,0,0.020286285432345175,0.010143142716172587,,
2021-10-04T00:00:00Z,KSMUSDT,risk_policy_action,before_rebalance,7.9195961857164194,346.31999999999999,2742.7145510373102,0,0,1.3713572755186552,0.68567863775932758,membership_exit,team-05-ldm-none-v1
2021-10-07T00:00:00Z,1000SHIBUSDT,trade,rebalance,91374.70062298188,0.027716999999999999,2532.6325771671886,0,0,1.2663162885835944,0.63315814429179718,,
2021-10-07T00:00:00Z,ADAUSDT,trade,rebalance,89.234383106018186,2.2119,197.37753199220163,0,0,0.098688765996100811,0.049344382998050405,,
2021-10-07T00:00:00Z,ALGOUSDT,trade,rebalance,-1588.8708406064325,1.8165,-2886.1838819615846,0,0,1.4430919409807923,0.72154597049039615,,
2021-10-07T00:00:00Z,ALICEUSDT,trade,rebalance,247.61065280875374,13.007,3220.6717610834598,0,0,1.61033588054173,0.80516794027086502,,
2021-10-07T00:00:00Z,ATOMUSDT,trade,rebalance,-3.3322100363797205,35.197000000000003,-117.28379665045703,0,0,0.058641898325228523,0.029320949162614261,,
2021-10-07T00:00:00Z,AVAXUSDT,trade,rebalance,-38.972003641183839,60.085999999999999,-2341.6718107841721,0,0,1.170835905392086,0.58541795269604302,,
2021-10-07T00:00:00Z,AXSUSDT,trade,rebalance,20.113362841328939,125.98999999999999,2534.0825843790331,0,0,1.2670412921895167,0.63352064609475833,,
2021-10-07T00:00:00Z,BCHUSDT,trade,rebalance,1.1564048296211782,617.71000000000004,714.32282730529801,0,0,0.35716141365264903,0.17858070682632451,,
2021-10-07T00:00:00Z,BNBUSDT,trade,rebalance,6.9568055902167503,434.60000000000002,3023.4277095081998,0,0,1.5117138547540998,0.7558569273770499,,
2021-10-07T00:00:00Z,CELRUSDT,trade,rebalance,1931.5518542050268,0.13106000000000001,253.14918601211082,0,0,0.12657459300605542,0.06328729650302771,,
2021-10-07T00:00:00Z,COTIUSDT,trade,rebalance,5050.6257949658875,0.50222,2536.525286747768,0,0,1.2682626433738839,0.63413132168694197,,
2021-10-07T00:00:00Z,DOGEUSDT,trade,rebalance,12843.108682994442,0.25429000000000002,3265.8741069986568,0,0,1.6329370534993284,0.81646852674966419,,
2021-10-07T00:00:00Z,DOTUSDT,trade,rebalance,-78.660491588784097,32.225999999999999,-2534.9130019401564,0,0,1.2674565009700782,0.63372825048503911,,
2021-10-07T00:00:00Z,EOSUSDT,trade,rebalance,-534.18399419238938,4.7530000000000001,-2538.9765243964266,0,0,1.2694882621982133,0.63474413109910666,,
2021-10-07T00:00:00Z,ETCUSDT,trade,rebalance,9.8425739540533499,54.860999999999997,539.97344969332084,0,0,0.26998672484666042,0.13499336242333021,,
2021-10-07T00:00:00Z,FTMUSDT,trade,rebalance,-2126.8454575492442,1.6106400000000001,-3425.5823677471149,0,0,1.7127911838735574,0.85639559193677872,,
2021-10-07T00:00:00Z,ICPUSDT,trade,rebalance,9.4559730380842595,52.770000000000003,498.9916972197064,0,0,0.24949584860985319,0.12474792430492659,,
2021-10-07T00:00:00Z,LTCUSDT,trade,rebalance,-14.190950834755071,178.68000000000001,-2535.6390951540361,0,0,1.267819547577018,0.63390977378850899,,
2021-10-07T00:00:00Z,OMGUSDT,trade,rebalance,-70.899770571446965,14.3969,-1020.7369069400648,0,0,0.51036845347003246,0.25518422673501623,,
2021-10-07T00:00:00Z,ONEUSDT,trade,rebalance,-17719.601456398472,0.16816,-2979.7281809079673,0,0,1.4898640904539835,0.74493204522699175,,
2021-10-07T00:00:00Z,SRMUSDT,trade,rebalance,-309.58755411769437,8.1859999999999999,-2534.2837180074462,0,0,1.2671418590037231,0.63357092950186156,,
2021-10-07T00:00:00Z,UNIUSDT,trade,rebalance,100.3319101313372,25.265000000000001,2534.8857094682344,0,0,1.2674428547341172,0.63372142736705861,,
2021-10-07T00:00:00Z,XTZUSDT,trade,rebalance,-127.05825713417511,7.7869999999999999,-989.40264830382159,0,0,0.49470132415191082,0.24735066207595541,,
2021-10-14T00:00:00Z,1000SHIBUSDT,trade,rebalance,-4019.0028797629493,0.029083999999999999,-116.88867975502561,0,0,0.058444339877512803,0.029222169938756402,,
2021-10-14T00:00:00Z,ADAUSDT,trade,rebalance,-13.902892511256141,2.1913,-30.465408359915582,0,0,0.01523270417995779,0.0076163520899788948,,
2021-10-14T00:00:00Z,ALGOUSDT,trade,rebalance,-1382.4228120848304,1.8384,-2541.4460977367521,0,0,1.2707230488683761,0.63536152443418803,,
2021-10-14T00:00:00Z,ATOMUSDT,trade,rebalance,-145.59211342710887,34.546999999999997,-5029.7707425663293,0,0,2.5148853712831647,1.2574426856415823,,
2021-10-14T00:00:00Z,AVAXUSDT,trade,rebalance,-46.175182087963037,55.039000000000001,-2541.4358469393978,0,0,1.2707179234696988,0.6353589617348494,,
2021-10-14T00:00:00Z,AXSUSDT,trade,rebalance,0.7942036286594778,121.54000000000001,96.527509027272941,0,0,0.048263754513636466,0.024131877256818233,,
2021-10-14T00:00:00Z,BCHUSDT,trade,rebalance,4.1065065265517173,593.60000000000002,2437.6222741610995,0,0,1.2188111370805499,0.60940556854027494,,
2021-10-14T00:00:00Z,BNBUSDT,trade,rebalance,5.404378384273528,470.17000000000002,2540.9765849338846,0,0,1.2704882924669423,0.63524414623347114,,
2021-10-14T00:00:00Z,CELRUSDT,trade,rebalance,-1447.3239135652075,0.14202000000000001,-205.54894220453079,0,0,0.1027744711022654,0.051387235551132698,,
2021-10-14T00:00:00Z,COTIUSDT,trade,rebalance,14.123809835333304,0.50175000000000003,7.0866215848784861,0,0,0.0035433107924392432,0.0017716553962196216,,
2021-10-14T00:00:00Z,DOTUSDT,trade,rebalance,78.660491588784097,41.750999999999998,3284.1541843233244,0,0,1.6420770921616623,0.82103854608083116,,
2021-10-14T00:00:00Z,EOSUSDT,trade,rebalance,534.18399419238938,4.6070000000000002,2460.9856612443382,0,0,1.2304928306221692,0.61524641531108459,,
2021-10-14T00:00:00Z,ETCUSDT,trade,rebalance,46.220431972407802,53.445,2470.2509867653348,0,0,1.2351254933826674,0.61756274669133371,,
2021-10-14T00:00:00Z,FTMUSDT,trade,rebalance,1261.4778587120338,2.0143800000000001,2541.0957690323467,0,0,1.2705478845161733,0.63527394225808664,,
2021-10-14T00:00:00Z,ICPUSDT,trade,rebalance,48.015985562854226,43.210000000000001,2074.7707361709313,0,0,1.0373853680854657,0.51869268404273283,,
2021-10-14T00:00:00Z,LTCUSDT,trade,rebalance,14.190950834755071,177.78,2522.8672394027567,0,0,1.2614336197013782,0.63071680985068912,,
2021-10-14T00:00:00Z,OMGUSDT,trade,rebalance,-6.5417497378491873,14.998799999999999,-98.118395968052383,0,0,0.049059197984026193,0.024529598992013096,,
2021-10-14T00:00:00Z,ONEUSDT,trade,rebalance,11384.646499657687,0.2233,2542.1915633735616,0,0,1.2710957816867809,0.63554789084339047,,
2021-10-14T00:00:00Z,SOLUSDT,trade,rebalance,-17.163539088803191,148.10499999999999,-2542.0059567471963,0,0,1.2710029783735981,0.63550148918679905,,
2021-10-14T00:00:00Z,SRMUSDT,trade,rebalance,-26.149948237713943,7.569,-197.92895821125683,0,0,0.098964479105628417,0.049482239552814208,,
2021-10-14T00:00:00Z,SUSHIUSDT,trade,rebalance,-247.03627744897145,10.282999999999999,-2540.2740410077731,0,0,1.2701370205038867,0.63506851025194333,,
2021-10-14T00:00:00Z,TRXUSDT,trade,rebalance,-25947.597375744557,0.097970000000000002,-2542.0861149016941,0,0,1.2710430574508471,0.63552152872542356,,
2021-10-14T00:00:00Z,UNIUSDT,trade,rebalance,-100.33191013133718,24.696000000000002,-2477.7968526035033,0,0,1.2388984263017517,0.61944921315087587,,
2021-10-14T00:00:00Z,XTZUSDT,trade,rebalance,-325.74140546768746,7.3040000000000003,-2379.2152255359892,0,0,1.1896076127679946,0.59480380638399732,,
2021-10-21T00:00:00Z,1000SHIBUSDT,trade,rebalance,-533.0942629158817,0.029252,-15.594073378815372,0,0,0.0077970366894076857,0.0038985183447038428,,
2021-10-21T00:00:00Z,ADAUSDT,trade,rebalance,1159.9917413950884,2.1924000000000001,2543.1658938345918,0,0,1.2715829469172959,0.63579147345864795,,
2021-10-21T00:00:00Z,ALGOUSDT,trade,rebalance,1382.4228120848304,1.7927999999999999,2478.4076175056839,0,0,1.2392038087528419,0.61960190437642093,,
2021-10-21T00:00:00Z,ALICEUSDT,trade,rebalance,-208.08559010275457,12.211,-2540.9331407447362,0,0,1.2704665703723681,0.63523328518618405,,
2021-10-21T00:00:00Z,ATOMUSDT,trade,rebalance,2.9871834519684057,35.976999999999997,107.46989905146732,0,0,0.053734949525733655,0.026867474762866828,,
2021-10-21T00:00:00Z,AVAXUSDT,trade,rebalance,3.6082696293052412,59.683999999999997,215.35596455545399,0,0,0.107677982277727,0.0538389911388635,,
2021-10-21T00:00:00Z,AXSUSDT,trade,rebalance,-1.050548610815639,127.90000000000001,-134.36516732332024,0,0,0.06718258366166012,0.03359129183083006,,
2021-10-21T00:00:00Z,BNBUSDT,trade,rebalance,-0.33496981962469619,500.76999999999998,-167.7428365734591,0,0,0.083871418286729546,0.041935709143364773,,
2021-10-21T00:00:00Z,CELRUSDT,trade,rebalance,-36140.525216149472,0.13930999999999999,-5034.7365678617825,0,0,2.5173682839308911,1.2586841419654455,,
2021-10-21T00:00:00Z,COTIUSDT,trade,rebalance,-10097.676184219954,0.50463000000000002,-5095.5903328429158,0,0,2.5477951664214578,1.2738975832107289,,
2021-10-21T00:00:00Z,DOTUSDT,trade,rebalance,57.123468860508659,44.454999999999998,2539.4238081939125,0,0,1.2697119040969562,0.63485595204847811,,
2021-10-21T00:00:00Z,FTMUSDT,trade,rebalance,-1261.4778587120338,2.4289900000000002,-3064.1171040329432,0,0,1.5320585520164716,0.76602927600823578,,
2021-10-21T00:00:00Z,ICPUSDT,trade,rebalance,54.043839144147491,46.979999999999997,2538.9795629920491,0,0,1.2694897814960244,0.63474489074801221,,
2021-10-21T00:00:00Z,OMGUSDT,trade,rebalance,-169.53943850392938,14.688599999999999,-2490.296996408817,0,0,1.2451484982044085,0.62257424910220427,,
2021-10-21T00:00:00Z,ONEUSDT,trade,rebalance,-1411.4108682051883,0.25469999999999998,-359.48634813186146,0,0,0.17974317406593074,0.089871587032965369,,
2021-10-21T00:00:00Z,SOLUSDT,trade,rebalance,2.80471228466733,176.84100000000001,495.98812513285532,0,0,0.24799406256642764,0.12399703128321382,,
2021-10-21T00:00:00Z,SRMUSDT,trade,rebalance,2.449900730376612,7.6200000000000001,18.668243565469783,0,0,0.0093341217827348916,0.0046670608913674458,,
2021-10-21T00:00:00Z,SUSHIUSDT,trade,rebalance,247.03627744897145,11.545999999999999,2852.280859425824,0,0,1.4261404297129121,0.71307021485645605,,
2021-10-21T00:00:00Z,TRXUSDT,trade,rebalance,50517.654887413788,0.10335999999999999,5221.5048091630888,0,0,2.6107524045815445,1.3053762022907722,,
2021-10-21T00:00:00Z,VETUSDT,trade,rebalance,20749.021336814672,0.12242,2540.0951920528523,0,0,1.2700475960264264,0.63502379801321318,,
2021-10-21T00:00:00Z,XTZUSDT,trade,rebalance,-361.57132903759288,7.0250000000000004,-2540.03858648909,0,0,1.2700192932445451,0.63500964662227255,,
2021-10-25T00:00:00Z,SRMUSDT,risk_policy_action,before_rebalance,333.2876016250317,7.4820000000000002,2493.6578353584873,0,0,1.2468289176792438,0.62341445883962188,membership_exit,team-05-ldm-none-v1
2021-10-28T00:00:00Z,1000SHIBUSDT,trade,rebalance,-53326.256584737421,0.078996999999999998,-4212.614291424502,0,0,2.1063071457122509,1.0531535728561254,,
2021-10-28T00:00:00Z,1INCHUSDT,trade,rebalance,463.80475522854522,5.7195,2652.7312975296645,0,0,1.3263656487648323,0.66318282438241616,,
2021-10-28T00:00:00Z,ALICEUSDT,trade,rebalance,-44.505015426078046,10.5,-467.30266197381945,0,0,0.23365133098690971,0.11682566549345486,,
2021-10-28T00:00:00Z,ATOMUSDT,trade,rebalance,70.581633928093368,36.810000000000002,2598.1099448931172,0,0,1.2990549724465585,0.64952748622327927,,
2021-10-28T00:00:00Z,AVAXUSDT,trade,rebalance,-0.45071726929420208,61.591000000000001,-27.760127333099202,0,0,0.0138800636665496,0.0069400318332748,,
2021-10-28T00:00:00Z,AXSUSDT,trade,rebalance,-19.857017859172778,121.37,-2410.0462575678002,0,0,1.2050231287838999,0.60251156439194997,,
2021-10-28T00:00:00Z,BCHUSDT,trade,rebalance,-4.8270709323609093,548.76999999999998,-2648.951715551696,0,0,1.324475857775848,0.66223792888792399,,
2021-10-28T00:00:00Z,BNBUSDT,trade,rebalance,-5.0694085646488318,448.64999999999998,-2274.3901525296983,0,0,1.1371950762648493,0.56859753813242464,,
2021-10-28T00:00:00Z,CELRUSDT,trade,rebalance,-3374.9021518413174,0.12259,-413.72925479422713,0,0,0.20686462739711356,0.10343231369855678,,
2021-10-28T00:00:00Z,COTIUSDT,trade,rebalance,-662.75104019144146,0.46484999999999999,-308.07982103299156,0,0,0.15403991051649576,0.077019955258247882,,
2021-10-28T00:00:00Z,DOGEUSDT,trade,rebalance,11126.421610745678,0.23802000000000001,2648.3108717896862,0,0,1.3241554358948431,0.66207771794742154,,
2021-10-28T00:00:00Z,DOTUSDT,trade,rebalance,-57.123468860508659,40.445,-2310.3586980632726,0,0,1.1551793490316362,0.57758967451581811,,
2021-10-28T00:00:00Z,DYDXUSDT,trade,rebalance,-175.03809987831332,15.154999999999999,-2652.7024036558382,0,0,1.3263512018279191,0.66317560091395955,,
2021-10-28T00:00:00Z,ETCUSDT,trade,rebalance,54.365485560513868,48.713999999999999,2648.3602635948723,0,0,1.3241801317974362,0.66209006589871811,,
2021-10-28T00:00:00Z,ICPUSDT,trade,rebalance,-54.043839144147491,40.729999999999997,-2201.2055683411272,0,0,1.1006027841705637,0.55030139208528184,,
2021-10-28T00:00:00Z,LINKUSDT,trade,rebalance,91.728167125073711,28.887,2649.7515637420042,0,0,1.324875781871002,0.66243789093550098,,
2021-10-28T00:00:00Z,OMGUSDT,trade,rebalance,-208.3571669143349,12.7128,-2648.8029915485567,0,0,1.3244014957742785,0.66220074788713923,,
2021-10-28T00:00:00Z,ONEUSDT,trade,rebalance,-1466.4542926877639,0.31159999999999999,-456.94715760150723,0,0,0.22847357880075361,0.11423678940037681,,
2021-10-28T00:00:00Z,SOLUSDT,trade,rebalance,28.710590129778804,184.47300000000001,5296.328693010686,0,0,2.648164346505343,1.3240821732526715,,
2021-10-28T00:00:00Z,TRXUSDT,trade,rebalance,-24570.057511669231,0.090620000000000006,-2226.5386117074659,0,0,1.1132693058537331,0.55663465292686654,,
2021-10-28T00:00:00Z,VETUSDT,trade,rebalance,-20749.021336814672,0.12434000000000001,-2579.9333130195364,0,0,1.2899666565097683,0.64498332825488414,,
2021-10-28T00:00:00Z,XLMUSDT,trade,rebalance,8011.0628505587629,0.3306,2648.4573783947271,0,0,1.3242286891973636,0.66211434459868179,,
2021-10-28T00:00:00Z,XTZUSDT,trade,rebalance,-88.773217059017838,5.8940000000000001,-523.22934134585114,0,0,0.26161467067292554,0.13080733533646277,,
2021-11-04T00:00:00Z,1000SHIBUSDT,trade,rebalance,13125.499042292031,0.055603,729.8171232485638,0,0,0.36490856162428192,0.18245428081214096,,
2021-11-04T00:00:00Z,1INCHUSDT,trade,rebalance,120.8579934224847,4.4313000000000002,535.55802625305648,0,0,0.26777901312652824,0.13388950656326412,,
2021-11-04T00:00:00Z,ALICEUSDT,trade,rebalance,434.55220418967241,14.231999999999999,6184.546970027417,0,0,3.0922734850137088,1.5461367425068544,,
2021-11-04T00:00:00Z,AVAXUSDT,trade,rebalance,8.795222468154968,75.652000000000001,665.3761701608596,0,0,0.3326880850804298,0.1663440425402149,,
2021-11-04T00:00:00Z,BCHUSDT,trade,rebalance,4.8270709323609093,611.98000000000002,2954.0708691862292,0,0,1.4770354345931145,0.73851771729655724,,
2021-11-04T00:00:00Z,CELRUSDT,trade,rebalance,132.83477035604301,0.12046999999999999,16.002604784792499,0,0,0.0080013023923962492,0.0040006511961981246,,
2021-11-04T00:00:00Z,COTIUSDT,trade,rebalance,1219.4635358817277,0.57835999999999999,705.28893061255599,0,0,0.35264446530627802,0.17632223265313901,,
2021-11-04T00:00:00Z,CRVUSDT,trade,rebalance,588.10398422220976,4.4059999999999997,2591.1861544830558,0,0,1.2955930772415278,0.64779653862076392,,
2021-11-04T00:00:00Z,DOGEUSDT,trade,rebalance,-1512.1808925536425,0.26918999999999998,-407.06397446651499,0,0,0.20353198723325749,0.10176599361662875,,
2021-11-04T00:00:00Z,DYDXUSDT,trade,rebalance,15.541522924559814,16.242000000000001,252.42541534070051,0,0,0.12621270767035025,0.063106353835175127,,
2021-11-04T00:00:00Z,ETCUSDT,trade,rebalance,-54.365485560513868,55.557000000000002,-3020.3832812854689,0,0,1.5101916406427345,0.75509582032136724,,
2021-11-04T00:00:00Z,FILUSDT,trade,rebalance,-40.384003099158654,64.099999999999994,-2588.6145986560696,0,0,1.2943072993280347,0.64715364966401734,,
2021-11-04T00:00:00Z,LINKUSDT,trade,rebalance,-91.728167125073711,31.983000000000001,-2933.7419691612326,0,0,1.4668709845806163,0.73343549229030813,,
2021-11-04T00:00:00Z,LUNAUSDT,trade,rebalance,-53.896529684710515,48.026000000000003,-2588.4347346379072,0,0,1.2942173673189536,0.64710868365947682,,
2021-11-04T00:00:00Z,NEARUSDT,trade,rebalance,236.3698849173108,10.9772,2594.6795007143041,0,0,1.2973397503571522,0.64866987517857611,,
2021-11-04T00:00:00Z,OMGUSDT,trade,rebalance,208.3571669143349,15.3332,3194.7821117308799,0,0,1.5973910558654398,0.79869552793271992,,
2021-11-04T00:00:00Z,ONEUSDT,trade,rebalance,-8506.7813387647348,0.29981000000000002,-2550.4181131750552,0,0,1.2752090565875276,0.63760452829376379,,
2021-11-04T00:00:00Z,SOLUSDT,trade,rebalance,-24.988475417236891,243.25,-6078.4466452428742,0,0,3.0392233226214374,1.5196116613107187,,
2021-11-04T00:00:00Z,TRXUSDT,trade,rebalance,24412.80129571852,0.10605000000000001,2588.9775774109494,0,0,1.2944887887054748,0.6472443943527374,,
2021-11-04T00:00:00Z,VETUSDT,trade,rebalance,18834.331129955553,0.13747999999999999,2589.3438437462892,0,0,1.2946719218731446,0.64733596093657231,,
2021-11-04T00:00:00Z,XLMUSDT,trade,rebalance,-8011.062850558762,0.38553999999999999,-3088.5851714044252,0,0,1.5442925857022127,0.77214629285110636,,
2021-11-04T00:00:00Z,XTZUSDT,trade,rebalance,41.424017855112425,6.3300000000000001,262.21403302286166,0,0,0.13110701651143084,0.065553508255715418,,
2021-11-08T00:00:00Z,CELRUSDT,risk_policy_action,before_rebalance,21484.787140379492,0.11358,2440.2421234043027,0,0,1.2201210617021514,0.6100605308510757,membership_exit,team-05-ldm-none-v1
2021-11-08T00:00:00Z,COTIUSDT,risk_policy_action,before_rebalance,4476.2140837284469,0.53947000000000001,2414.7832117489852,0,0,1.2073916058744927,0.60369580293724634,membership_exit,team-05-ldm-none-v1
2021-11-11T00:00:00Z,1000SHIBUSDT,trade,rebalance,4818.0214395272706,0.050256000000000002,242.13448546488252,0,0,0.12106724273244127,0.060533621366220633,,
2021-11-11T00:00:00Z,1INCHUSDT,trade,rebalance,-584.66274865102991,4.0651000000000002,-2376.7125395413018,0,0,1.1883562697706509,0.59417813488532545,,
2021-11-11T00:00:00Z,ADAUSDT,trade,rebalance,-1233.2904291642699,2.0969000000000002,-2586.0867009145577,0,0,1.2930433504572789,0.64652167522863946,,
2021-11-11T00:00:00Z,ALICEUSDT,trade,rebalance,-181.9615986608398,13.339,-2427.1857645369423,0,0,1.2135928822684712,0.60679644113423559,,
2021-11-11T00:00:00Z,AVAXUSDT,trade,rebalance,3.8614740576949624,85.150000000000006,328.80451601272608,0,0,0.16440225800636304,0.082201129003181522,,
2021-11-11T00:00:00Z,AXSUSDT,trade,rebalance,-18.250244297220302,141.75999999999999,-2587.1546315739497,0,0,1.293577315786975,0.6467886578934875,,
2021-11-11T00:00:00Z,CHZUSDT,trade,rebalance,5405.4127281664541,0.47870000000000001,2587.5710729732818,0,0,1.2937855364866409,0.64689276824332043,,
2021-11-11T00:00:00Z,CRVUSDT,trade,rebalance,46.577227230893413,4.0780000000000003,189.94193264758334,0,0,0.094970966323791678,0.047485483161895839,,
2021-11-11T00:00:00Z,DOGEUSDT,trade,rebalance,-9614.2407181920353,0.25530999999999998,-2454.6117977616082,0,0,1.2273058988808041,0.61365294944040205,,
2021-11-11T00:00:00Z,DOTUSDT,trade,rebalance,55.321801467126342,46.738999999999997,2585.685678772018,0,0,1.292842839386009,0.64642141969300448,,
2021-11-11T00:00:00Z,DYDXUSDT,trade,rebalance,-15.540502712548857,14.779999999999999,-229.68863009147211,0,0,0.11484431504573606,0.057422157522868028,,
2021-11-11T00:00:00Z,ENJUSDT,trade,rebalance,913.60783161946881,2.8300000000000001,2585.5101634830967,0,0,1.2927550817415483,0.64637754087077415,,
2021-11-11T00:00:00Z,FILUSDT,trade,rebalance,40.384003099158654,63.536999999999999,2565.8784049112433,0,0,1.2829392024556217,0.64146960122781083,,
2021-11-11T00:00:00Z,FTMUSDT,trade,rebalance,-980.7344618087285,2.63611,-2585.3239221186072,0,0,1.2926619610593035,0.64633098052965177,,
2021-11-11T00:00:00Z,GRTUSDT,trade,rebalance,2382.46303541819,1.08531,2585.7109569697159,0,0,1.292855478484858,0.64642773924242902,,
2021-11-11T00:00:00Z,LUNAUSDT,trade,rebalance,0.82986269841272531,48.732999999999997,40.441698881747342,0,0,0.020220849440873673,0.010110424720436837,,
2021-11-11T00:00:00Z,NEARUSDT,trade,rebalance,-236.3698849173108,10.7799,-2548.0437224201187,0,0,1.2740218612100593,0.63701093060502967,,
2021-11-11T00:00:00Z,OMGUSDT,trade,rebalance,194.63454469617665,13.2996,2588.5615906412709,0,0,1.2942807953206354,0.64714039766031772,,
2021-11-11T00:00:00Z,SOLUSDT,trade,rebalance,10.636712091593948,233.25,2481.0130953642883,0,0,1.2405065476821442,0.62025327384107209,,
2021-11-11T00:00:00Z,TRXUSDT,trade,rebalance,-48673.243917881315,0.1066,-5188.5678016461479,0,0,2.5942839008230738,1.2971419504115369,,
2021-11-11T00:00:00Z,VETUSDT,trade,rebalance,-2921.600049752582,0.16248000000000001,-474.70157608379958,0,0,0.2373507880418998,0.1186753940209499,,
2021-11-11T00:00:00Z,XTZUSDT,trade,rebalance,-38.38323704057666,5.7859999999999996,-222.08540951677654,0,0,0.11104270475838827,0.055521352379194137,,
2021-11-15T00:00:00Z,GRTUSDT,risk_policy_action,before_rebalance,-2382.46303541819,1.0688,-2546.3764922549612,0,0,1.2731882461274806,0.6365941230637403,membership_exit,team-05-ldm-none-v1
2021-11-18T00:00:00Z,1000SHIBUSDT,trade,rebalance,-51439.86737738493,0.048177999999999999,-2478.2699305076512,0,0,1.2391349652538257,0.61956748262691286,,
2021-11-18T00:00:00Z,ADAUSDT,trade,rebalance,1233.2904291642699,1.8764000000000001,2314.1461612838361,0,0,1.1570730806419181,0.57853654032095903,,
2021-11-18T00:00:00Z,ALGOUSDT,trade,rebalance,1562.139901161537,1.6599999999999999,2593.1522359281512,0,0,1.2965761179640756,0.64828805898203778,,
2021-11-18T00:00:00Z,ATOMUSDT,trade,rebalance,-88.22247457125215,29.43,-2596.3874266319508,0,0,1.2981937133159753,0.64909685665798766,,
2021-11-18T00:00:00Z,AVAXUSDT,trade,rebalance,30.360933202102068,107.626,3267.6257968094374,0,0,1.6338128984047187,0.81690644920235933,,
2021-11-18T00:00:00Z,AXSUSDT,trade,rebalance,-0.95199466353193773,135.06,-128.57639925662352,0,0,0.064288199628311754,0.032144099814155877,,
2021-11-18T00:00:00Z,CHRUSDT,trade,rebalance,2360.5574821757396,1.0987,2593.5445056664853,0,0,1.2967722528332426,0.6483861264166213,,
2021-11-18T00:00:00Z,CHZUSDT,trade,rebalance,-181.86850479723307,0.49653999999999998,-90.304987372018104,0,0,0.04515249368600905,0.022576246843004525,,
2021-11-18T00:00:00Z,CRVUSDT,trade,rebalance,-634.68121145310317,4.0270000000000001,-2555.8612385216466,0,0,1.2779306192608233,0.63896530963041165,,
2021-11-18T00:00:00Z,DOTUSDT,trade,rebalance,-115.97796291828567,42.747999999999998,-4957.8259588308756,0,0,2.4789129794154379,1.2394564897077189,,
2021-11-18T00:00:00Z,DYDXUSDT,trade,rebalance,-17.831316133063069,13.446,-239.75987672516601,0,0,0.11987993836258301,0.059939969181291505,,
2021-11-18T00:00:00Z,ENJUSDT,trade,rebalance,-913.60783161946881,3.0190999999999999,-2758.2734044423382,0,0,1.3791367022211691,0.68956835111058457,,
2021-11-18T00:00:00Z,FTMUSDT,trade,rebalance,-225.32088546332818,2.1505700000000001,-484.5683366508697,0,0,0.24228416832543484,0.12114208416271742,,
2021-11-18T00:00:00Z,LRCUSDT,trade,rebalance,1026.3344823501902,2.5248900000000001,2591.3816711411719,0,0,1.2956908355705858,0.64784541778529292,,
2021-11-18T00:00:00Z,LTCUSDT,trade,rebalance,11.290425719654966,229.74000000000001,2593.8624048335319,0,0,1.2969312024167658,0.64846560120838292,,
2021-11-18T00:00:00Z,LUNAUSDT,trade,rebalance,-6.9156141931257196,43.250999999999998,-299.10722946688048,0,0,0.14955361473344023,0.074776807366720113,,
2021-11-18T00:00:00Z,MANAUSDT,trade,rebalance,773.15259970134957,3.3523999999999998,2591.9167752388043,0,0,1.2959583876194021,0.64797919380970104,,
2021-11-18T00:00:00Z,MATICUSDT,trade,rebalance,-1583.8224408716464,1.6371,-2592.8757179509726,0,0,1.2964378589754861,0.64821892948774307,,
2021-11-18T00:00:00Z,OMGUSDT,trade,rebalance,55.069286699464705,10.385999999999999,571.94961166064036,0,0,0.2859748058303202,0.1429874029151601,,
2021-11-18T00:00:00Z,SANDUSDT,trade,rebalance,688.76802001574845,3.76193,2591.0970775378446,0,0,1.2955485387689223,0.64777426938446114,,
2021-11-18T00:00:00Z,TRXUSDT,trade,rebalance,24260.442622162795,0.11129,2699.9446594204974,0,0,1.3499723297102486,0.6749861648551243,,
2021-11-18T00:00:00Z,VETUSDT,trade,rebalance,-15912.731080202971,0.14518,-2310.2102982238675,0,0,1.155105149111934,0.57755257455596698,,
2021-11-18T00:00:00Z,XTZUSDT,trade,rebalance,-47.31924633689647,5.2430000000000003,-248.09480854434821,0,0,0.12404740427217412,0.062023702136087058,,
2021-11-22T00:00:00Z,XTZUSDT,risk_policy_action,before_rebalance,494.62301161897142,5.226,2584.8998587207448,0,0,1.2924499293603724,0.6462249646801862,membership_exit,team-05-ldm-none-v1
2021-11-25T00:00:00Z,1000SHIBUSDT,trade,rebalance,-70859.715840751378,0.037892000000000002,-2685.0163526377514,0,0,1.3425081763188758,0.67125408815943788,,
2021-11-25T00:00:00Z,ALGOUSDT,trade,rebalance,-1562.139901161537,1.7437,-2723.903345655372,0,0,1.3619516728276859,0.68097583641384296,,
2021-11-25T00:00:00Z,ALICEUSDT,trade,rebalance,98.538926652486055,27.276,2687.7477633732096,0,0,1.3438738816866047,0.67193694084330235,,
2021-11-25T00:00:00Z,ATOMUSDT,trade,rebalance,88.22247457125215,29.645,2615.3552586647697,0,0,1.3076776293323848,0.65383881466619242,,
2021-11-25T00:00:00Z,AVAXUSDT,trade,rebalance,23.283592861261976,115.402,2686.9731833753544,0,0,1.3434865916876773,0.67174329584383863,,
2021-11-25T00:00:00Z,AXSUSDT,trade,rebalance,0.041368109800536956,140.05000000000001,5.7936037775652016,0,0,0.002896801888782601,0.0014484009443913005,,
2021-11-25T00:00:00Z,CHRUSDT,trade,rebalance,-142.2104792398568,1.2103999999999999,-172.13156407192264,0,0,0.086065782035961325,0.043032891017980662,,
2021-11-25T00:00:00Z,CHZUSDT,trade,rebalance,-5223.5442233692211,0.48869000000000001,-2552.6938265183048,0,0,1.2763469132591525,0.63817345662957625,,
2021-11-25T00:00:00Z,DOGEUSDT,trade,rebalance,-12361.141756530671,0.21722,-2685.0872123535923,0,0,1.3425436061767961,0.67127180308839807,,
2021-11-25T00:00:00Z,DOTUSDT,trade,rebalance,-9.4231080869743735,38.317,-361.06523256859708,0,0,0.18053261628429854,0.090266308142149268,,
2021-11-25T00:00:00Z,DYDXUSDT,trade,rebalance,192.86839579936543,14.925000000000001,2878.5608073055291,0,0,1.4392804036527647,0.71964020182638233,,
2021-11-25T00:00:00Z,ENJUSDT,trade,rebalance,598.75892931376507,4.4851000000000001,2685.4936738651677,0,0,1.3427468369325837,0.67137341846629184,,
2021-11-25T00:00:00Z,ETCUSDT,trade,rebalance,-55.589565905212879,48.299999999999997,-2684.976033221782,0,0,1.342488016610891,0.67124400830544551,,
2021-11-25T00:00:00Z,FTMUSDT,trade,rebalance,1206.0553472720567,2.5905999999999998,3124.40698264299,0,0,1.5622034913214951,0.78110174566074753,,
2021-11-25T00:00:00Z,IOTXUSDT,trade,rebalance,14916.395415707784,0.18002000000000001,2685.2495027357154,0,0,1.3426247513678575,0.67131237568392876,,
2021-11-25T00:00:00Z,LINKUSDT,trade,rebalance,-104.88212227466084,25.600999999999999,-2685.0872123535923,0,0,1.3425436061767961,0.67127180308839807,,
2021-11-25T00:00:00Z,LRCUSDT,trade,rebalance,-239.96583171098484,3.4193500000000001,-820.52716666095603,0,0,0.41026358333047802,0.20513179166523901,,
2021-11-25T00:00:00Z,LTCUSDT,trade,rebalance,-11.290425719654966,212.37,-2397.7477100831252,0,0,1.1988738550415627,0.59943692752078137,,
2021-11-25T00:00:00Z,LUNAUSDT,trade,rebalance,-9.5786632644130663,38.600999999999999,-369.74598066960874,0,0,0.18487299033480437,0.092436495167402183,,
2021-11-25T00:00:00Z,MANAUSDT,trade,rebalance,-252.81084600610225,5.1654999999999998,-1305.8944250445211,0,0,0.65294721252226051,0.32647360626113026,,
2021-11-25T00:00:00Z,MATICUSDT,trade,rebalance,-8.7559768944227017,1.6859,-14.761701446307232,0,0,0.0073808507231536155,0.0036904253615768078,,
2021-11-25T00:00:00Z,OMGUSDT,trade,rebalance,-249.70383139564137,8.6549999999999994,-2161.1866607292759,0,0,1.080593330364638,0.540296665182319,,
2021-11-25T00:00:00Z,SANDUSDT,trade,rebalance,-329.33597183970119,7.4693399999999999,-2459.9223479011534,0,0,1.2299611739505767,0.61498058697528835,,
2021-12-02T00:00:00Z,1000SHIBUSDT,trade,rebalance,70859.715840751378,0.044178000000000002,3130.4405264127145,0,0,1.5652202632063572,0.7826101316031786,,
2021-12-02T00:00:00Z,ALICEUSDT,trade,rebalance,19.342321000903553,21.722999999999999,420.17323910262786,0,0,0.21008661955131391,0.10504330977565696,,
2021-12-02T00:00:00Z,AVAXUSDT,trade,rebalance,-23.283592861261976,119.67,-2786.3475577072209,0,0,1.3931737788536105,0.69658688942680524,,
2021-12-02T00:00:00Z,AXSUSDT,trade,rebalance,0.18433878231727974,134.78,24.845181080722963,0,0,0.012422590540361482,0.006211295270180741,,
2021-12-02T00:00:00Z,CHRUSDT,trade,rebalance,-2218.3470029358828,0.92979999999999996,-2062.6190433297838,0,0,1.031309521664892,0.51565476083244599,,
2021-12-02T00:00:00Z,CRVUSDT,trade,rebalance,512.61921860178109,4.9939999999999998,2560.0203776972944,0,0,1.2800101888486473,0.64000509442432363,,
2021-12-02T00:00:00Z,DOGEUSDT,trade,rebalance,12361.141756530673,0.20930000000000001,2587.1869696418698,0,0,1.2935934848209347,0.64679674241046736,,
2021-12-02T00:00:00Z,DOTUSDT,trade,rebalance,70.079269538133701,36.755000000000003,2575.7635518741045,0,0,1.2878817759370522,0.64394088796852611,,
2021-12-02T00:00:00Z,ENJUSDT,trade,rebalance,125.81814823135996,3.5312999999999999,444.30162684940137,0,0,0.22215081342470067,0.11107540671235033,,
2021-12-02T00:00:00Z,ETCUSDT,trade,rebalance,55.589565905212886,47.845999999999997,2659.7383703008154,0,0,1.3298691851504079,0.66493459257520393,,
2021-12-02T00:00:00Z,FTMUSDT,trade,rebalance,-1194.3007191427359,2.1423299999999998,-2558.5862596410575,0,0,1.2792931298205288,0.63964656491026439,,
2021-12-02T00:00:00Z,GALAUSDT,trade,rebalance,3962.8293409955431,0.64573000000000003,2558.9177903610521,0,0,1.2794588951805261,0.63972944759026307,,
2021-12-02T00:00:00Z,IOTXUSDT,trade,rebalance,-31631.884171551908,0.15309,-4842.525147822882,0,0,2.4212625739114411,1.2106312869557205,,
2021-12-02T00:00:00Z,LINKUSDT,trade,rebalance,3.9237300249806144,25.347999999999999,99.458708673208605,0,0,0.049729354336604303,0.024864677168302152,,
2021-12-02T00:00:00Z,LRCUSDT,trade,rebalance,-786.36865063920538,2.7805900000000001,-2186.5688062808681,0,0,1.0932844031404341,0.54664220157021703,,
2021-12-02T00:00:00Z,LUNAUSDT,trade,rebalance,109.55528600081252,63.988999999999997,7010.3331959059915,0,0,3.5051665979529956,1.7525832989764978,,
2021-12-02T00:00:00Z,MANAUSDT,trade,rebalance,41.54064680330157,4.5530999999999997,189.13871896011236,0,0,0.094569359480056181,0.04728467974002809,,
2021-12-02T00:00:00Z,MATICUSDT,trade,rebalance,1592.5784177660692,2.0065,3195.5085952476174,0,0,1.5977542976238088,0.79887714881190441,,
2021-12-02T00:00:00Z,NEARUSDT,trade,rebalance,-300.67808482879695,8.5081000000000007,-2558.1992135318874,0,0,1.2790996067659437,0.63954980338297185,,
2021-12-02T00:00:00Z,OMGUSDT,trade,rebalance,-308.42411151408976,8.2959999999999994,-2558.6864291208885,0,0,1.2793432145604442,0.6396716072802221,,
2021-12-02T00:00:00Z,ONEUSDT,trade,rebalance,-10516.105067069371,0.24324999999999999,-2558.0425575646245,0,0,1.2790212787823123,0.63951063939115615,,
2021-12-02T00:00:00Z,SANDUSDT,trade,rebalance,29.519804972856775,6.5759699999999999,194.12135190735697,0,0,0.097060675953678482,0.048530337976839241,,
2021-12-02T00:00:00Z,STORJUSDT,trade,rebalance,996.25717157235101,2.5682999999999998,2558.687293749269,0,0,1.2793436468746346,0.63967182343731732,,
2021-12-02T00:00:00Z,TRXUSDT,trade,rebalance,-26405.534526459447,0.096879999999999994,-2558.168184923391,0,0,1.2790840924616953,0.63954204623084765,,
2021-12-06T00:00:00Z,NEARUSDT,risk_policy_action,before_rebalance,300.67808482879695,7.3452999999999999,2208.5707364929622,0,0,1.104285368246481,0.55214268412324052,membership_exit,team-05-ldm-none-v1
2021-12-06T00:00:00Z,STORJUSDT,risk_policy_action,before_rebalance,-996.25717157235113,1.7402,-1733.6867299702053,0,0,0.86684336498510273,0.43342168249255136,membership_exit,team-05-ldm-none-v1
2021-12-09T00:00:00Z,1000SHIBUSDT,trade,rebalance,-68905.193933014059,0.036972999999999999,-2547.6317352853289,0,0,1.2738158676426645,0.63690793382133226,,
2021-12-09T00:00:00Z,ALICEUSDT,trade,rebalance,-117.88124765338962,14.189,-1672.6170229539453,0,0,0.83630851147697272,0.41815425573848636,,
2021-12-09T00:00:00Z,ATOMUSDT,trade,rebalance,100.83357070233411,25.297000000000001,2550.7868380569462,0,0,1.275393419028473,0.63769670951423651,,
2021-12-09T00:00:00Z,AXSUSDT,trade,rebalance,-3.5296969253398878,113.18000000000001,-399.49109800996854,0,0,0.19974554900498426,0.099872774502492129,,
2021-12-09T00:00:00Z,BTCUSDT,trade,rebalance,0.050477879460571376,50459.610000000001,2547.094111207442,0,0,1.2735470556037209,0.63677352780186047,,
2021-12-09T00:00:00Z,CHRUSDT,trade,rebalance,-3820.016308621769,0.66710000000000003,-2548.332879481582,0,0,1.274166439740791,0.63708321987039551,,
2021-12-09T00:00:00Z,CHZUSDT,trade,rebalance,-7726.2532929591753,0.32973000000000002,-2547.5774982874291,0,0,1.2737887491437145,0.63689437457185727,,
2021-12-09T00:00:00Z,CRVUSDT,trade,rebalance,-512.61921860178109,4.1790000000000003,-2142.2357145368433,0,0,1.0711178572684217,0.53555892863421084,,
2021-12-09T00:00:00Z,DOGEUSDT,trade,rebalance,-14229.567568795386,0.17904999999999999,-2547.8040731928136,0,0,1.2739020365964069,0.63695101829820344,,
2021-12-09T00:00:00Z,ENJUSDT,trade,rebalance,-724.57707754512501,2.9001000000000001,-2101.3459825886171,0,0,1.0506729912943085,0.52533649564715423,,
2021-12-09T00:00:00Z,ETHUSDT,trade,rebalance,0.57426821371497538,4435.6999999999998,2547.2815155755161,0,0,1.273640757787758,0.63682037889387899,,
2021-12-09T00:00:00Z,FTMUSDT,trade,rebalance,1194.3007191427359,1.6430199999999999,1962.259967565898,0,0,0.98112998378294902,0.49056499189147451,,
2021-12-09T00:00:00Z,GALAUSDT,trade,rebalance,1111.2957645155593,0.50210999999999995,557.99271632090745,0,0,0.27899635816045376,0.13949817908022688,,
2021-12-09T00:00:00Z,IOTXUSDT,trade,rebalance,-5559.3270273574053,0.11451,-636.59853790269653,0,0,0.31829926895134825,0.15914963447567412,,
2021-12-09T00:00:00Z,LINKUSDT,trade,rebalance,100.95839224968023,22.913,2313.2596416169231,0,0,1.1566298208084616,0.57831491040423078,,
2021-12-09T00:00:00Z,LRCUSDT,trade,rebalance,-991.37583806603948,2.5694900000000001,-2547.3303021523079,0,0,1.2736651510761539,0.63683257553807693,,
2021-12-09T00:00:00Z,LUNAUSDT,trade,rebalance,-6.0731059564881562,75.051000000000002,-455.79267514039265,0,0,0.22789633757019634,0.11394816878509817,,
2021-12-09T00:00:00Z,MANAUSDT,trade,rebalance,-561.88240049854892,3.7684000000000002,-2117.3976380387317,0,0,1.0586988190193658,0.5293494095096829,,
2021-12-09T00:00:00Z,MATICUSDT,trade,rebalance,1052.5291866587315,2.4209000000000001,2548.0679079821234,0,0,1.2740339539910617,0.63701697699553084,,
2021-12-09T00:00:00Z,OMGUSDT,trade,rebalance,-48.621487073404865,7.1360000000000001,-346.96293175581712,0,0,0.17348146587790858,0.08674073293895429,,
2021-12-09T00:00:00Z,ONEUSDT,trade,rebalance,10516.105067069371,0.19808999999999999,2083.1352527357717,0,0,1.0415676263678859,0.52078381318394296,,
2021-12-09T00:00:00Z,SANDUSDT,trade,rebalance,-388.95185314890404,5.3444500000000001,-2078.7337315616601,0,0,1.0393668657808302,0.51968343289041508,,
2021-12-09T00:00:00Z,SOLUSDT,trade,rebalance,13.091554724311612,194.566,2547.1714364904133,0,0,1.2735857182452066,0.63679285912260331,,
2021-12-09T00:00:00Z,TRXUSDT,trade,rebalance,26405.534526459447,0.092340000000000005,2438.2870581732655,0,0,1.2191435290866328,0.60957176454331641,,
2021-12-09T00:00:00Z,ZECUSDT,trade,rebalance,14.248429195721643,178.83000000000001,2548.0465930709015,0,0,1.2740232965354508,0.63701164826772538,,
2021-12-13T00:00:00Z,OMGUSDT,risk_policy_action,before_rebalance,357.04559858749462,6.4390000000000001,2299.0166093048779,0,0,1.1495083046524388,0.5747541523262194,membership_exit,team-05-ldm-none-v1
2021-12-16T00:00:00Z,1000SHIBUSDT,trade,rebalance,68905.193933014059,0.033793999999999998,2328.5821237722771,0,0,1.1642910618861386,0.58214553094306931,,
2021-12-16T00:00:00Z,ALGOUSDT,trade,rebalance,-1783.6125247254474,1.4261999999999999,-2543.7881827634328,0,0,1.2718940913817165,0.63594704569085825,,
2021-12-16T00:00:00Z,ALICEUSDT,trade,rebalance,202.76900046748761,12.542,2543.1288038632297,0,0,1.2715644019316148,0.6357822009658074,,
2021-12-16T00:00:00Z,ATOMUSDT,trade,rebalance,-100.83357070233413,22.324000000000002,-2251.0086323589071,0,0,1.1255043161794536,0.56275215808972678,,
2021-12-16T00:00:00Z,AXSUSDT,trade,rebalance,-2.6195638110334336,101.22,-265.15224895280414,0,0,0.13257612447640207,0.066288062238201037,,
2021-12-16T00:00:00Z,BTCUSDT,trade,rebalance,-0.050477879460571376,48870.480000000003,-2466.8781986202644,0,0,1.2334390993101323,0.61671954965506615,,
2021-12-16T00:00:00Z,CHRUSDT,trade,rebalance,-816.80588106970117,0.54859999999999998,-448.09970635483802,0,0,0.22404985317741902,0.11202492658870951,,
2021-12-16T00:00:00Z,CHZUSDT,trade,rebalance,-1149.4609799087239,0.28656999999999999,-329.40103301244301,0,0,0.1647005165062215,0.08235025825311075,,
2021-12-16T00:00:00Z,DOGEUSDT,trade,rebalance,14229.567568795384,0.18087,2573.7018861680212,0,0,1.2868509430840105,0.64342547154200525,,
2021-12-16T00:00:00Z,ENJUSDT,trade,rebalance,-1023.8186068598327,2.4843000000000002,-2543.4725650218825,0,0,1.2717362825109413,0.63586814125547064,,
2021-12-16T00:00:00Z,EOSUSDT,trade,rebalance,756.52391784073427,3.3620000000000001,2543.4334117805488,0,0,1.2717167058902743,0.63585835294513715,,
2021-12-16T00:00:00Z,ETCUSDT,trade,rebalance,-70.454886571545472,36.100000000000001,-2543.4214052327916,0,0,1.2717107026163958,0.63585535130819792,,
2021-12-16T00:00:00Z,ETHUSDT,trade,rebalance,-0.57426821371497538,4019.0100000000002,-2307.9896936026234,0,0,1.1539948468013117,0.57699742340065585,,
2021-12-16T00:00:00Z,GALAUSDT,trade,rebalance,8.0472130391144674,0.50051999999999996,4.0277910703375728,0,0,0.0020138955351687864,0.0010069477675843932,,
2021-12-16T00:00:00Z,IOTXUSDT,trade,rebalance,44646.255802928979,0.11364,5073.6005094448492,0,0,2.5368002547224244,1.2684001273612122,,
2021-12-16T00:00:00Z,LRCUSDT,trade,rebalance,991.37583806603948,2.2434599999999998,2224.1120376676367,0,0,1.1120560188338184,0.55602800941690922,,
2021-12-16T00:00:00Z,LUNAUSDT,trade,rebalance,7.3691974769862085,61.607999999999997,454.00151816216629,0,0,0.22700075908108316,0.11350037954054158,,
2021-12-16T00:00:00Z,MANAUSDT,trade,rebalance,-762.24970352509297,3.3372999999999999,-2543.8559355742927,0,0,1.2719279677871465,0.63596398389357323,,
2021-12-16T00:00:00Z,MATICUSDT,trade,rebalance,142.79984421572931,2.1280999999999999,303.89234847549352,0,0,0.15194617423774676,0.075973087118873378,,
2021-12-16T00:00:00Z,NEARUSDT,trade,rebalance,258.0740916847613,9.8491999999999997,2541.8233438215511,0,0,1.2709116719107756,0.63545583595538779,,
2021-12-16T00:00:00Z,SOLUSDT,trade,rebalance,-13.091554724311614,178.44,-2336.0570250061642,0,0,1.168028512503082,0.58401425625154102,,
2021-12-16T00:00:00Z,SUSHIUSDT,trade,rebalance,427.92945079154447,5.9450000000000003,2544.0405849557319,0,0,1.2720202924778659,0.63601014623893293,,
2021-12-16T00:00:00Z,VETUSDT,trade,rebalance,-30600.020577456278,0.083070000000000005,-2541.9437093692932,0,0,1.2709718546846467,0.63548592734232334,,
2021-12-16T00:00:00Z,ZECUSDT,trade,rebalance,-14.248429195721643,159.62,-2274.3342682210887,0,0,1.1371671341105445,0.56858356705527224,,
2021-12-20T00:00:00Z,CHZUSDT,risk_policy_action,before_rebalance,8875.7142728678991,0.26299,2334.2240966215286,0,0,1.1671120483107642,0.5835560241553821,membership_exit,team-05-ldm-none-v1
2021-12-20T00:00:00Z,IOTXUSDT,risk_policy_action,before_rebalance,-22371.440019727448,0.11226,-2511.4178566146034,0,0,1.2557089283073017,0.62785446415365087,membership_exit,team-05-ldm-none-v1
2021-12-23T00:00:00Z,1000SHIBUSDT,trade,rebalance,-73374.553374102819,0.035038,-2570.8976011218147,0,0,1.2854488005609073,0.64272440028045363,,
2021-12-23T00:00:00Z,ALGOUSDT,trade,rebalance,-100.70531175968677,1.3646,-137.42246842726857,0,0,0.068711234213634287,0.034355617106817143,,
2021-12-23T00:00:00Z,ALICEUSDT,trade,rebalance,-202.76900046748764,13.237,-2684.0532591881338,0,0,1.342026629594067,0.67101331479703352,,
2021-12-23T00:00:00Z,AVAXUSDT,trade,rebalance,22.027442587527464,116.64,2569.2809034092033,0,0,1.2846404517046015,0.64232022585230075,,
2021-12-23T00:00:00Z,AXSUSDT,trade,rebalance,-0.19849388005376412,101.47,-20.141174009055444,0,0,0.010070587004527723,0.0050352935022638613,,
2021-12-23T00:00:00Z,CHRUSDT,trade,rebalance,828.23952560025782,0.67459999999999998,558.73038396993388,0,0,0.27936519198496695,0.13968259599248348,,
2021-12-23T00:00:00Z,CRVUSDT,trade,rebalance,508.85058155009557,5.0549999999999997,2572.239689735733,0,0,1.2861198448678663,0.64305992243393317,,
2021-12-23T00:00:00Z,EGLDUSDT,trade,rebalance,10.412500605693999,246.86000000000001,2570.4298995216209,0,0,1.2852149497608105,0.64260747488040526,,
2021-12-23T00:00:00Z,ENJUSDT,trade,rebalance,30.062179474423377,2.5857000000000001,77.731777467016528,0,0,0.038865888733508262,0.019432944366754131,,
2021-12-23T00:00:00Z,EOSUSDT,trade,rebalance,-756.52391784073427,3.3479999999999999,-2532.8420769307781,0,0,1.2664210384653891,0.63321051923269456,,
2021-12-23T00:00:00Z,ETCUSDT,trade,rebalance,70.454886571545472,35.664000000000001,2512.703074687598,0,0,1.256351537343799,0.6281757686718995,,
2021-12-23T00:00:00Z,GALAUSDT,trade,rebalance,-5082.1723185502169,0.43774999999999997,-2224.7209324453574,0,0,1.1123604662226787,0.55618023311133935,,
2021-12-23T00:00:00Z,LRCUSDT,trade,rebalance,-1166.7808917942432,2.2025700000000001,-2569.9165888392463,0,0,1.2849582944196229,0.64247914720981147,,
2021-12-23T00:00:00Z,LUNAUSDT,trade,rebalance,-11.169028517681781,85.305000000000007,-952.7739777008444,0,0,0.47638698885042224,0.23819349442521112,,
2021-12-23T00:00:00Z,MANAUSDT,trade,rebalance,-19.48390298843276,3.2902999999999998,-64.107886002840303,0,0,0.03205394300142015,0.016026971500710075,,
2021-12-23T00:00:00Z,MATICUSDT,trade,rebalance,-167.88199616193697,2.5017999999999998,-420.00717799793387,0,0,0.21000358899896693,0.10500179449948346,,
2021-12-23T00:00:00Z,NEARUSDT,trade,rebalance,-21.084815862786826,10.8317,-228.38439998094805,0,0,0.11419219999047402,0.057096099995237008,,
2021-12-23T00:00:00Z,ONEUSDT,trade,rebalance,10509.375415352646,0.24448,2569.3321015454148,0,0,1.2846660507727075,0.64233302538635373,,
2021-12-23T00:00:00Z,SFPUSDT,trade,rebalance,-1640.2277576786207,1.5665,-2569.4167824035594,0,0,1.2847083912017796,0.6423541956008898,,
2021-12-23T00:00:00Z,SUSHIUSDT,trade,rebalance,-24.457348907124583,6.3650000000000002,-155.67102579384797,0,0,0.077835512896923989,0.038917756448461995,,
2021-12-23T00:00:00Z,VETUSDT,trade,rebalance,30600.020577456278,0.086879999999999999,2658.5297877694015,0,0,1.3292648938847007,0.66463244694235035,,
2021-12-27T00:00:00Z,SFPUSDT,risk_policy_action,before_rebalance,1640.2277576786209,1.7645999999999999,2894.3459011996943,0,0,1.4471729505998472,0.72358647529992359,membership_exit,team-05-ldm-none-v1
2021-12-30T00:00:00Z,1000SHIBUSDT,trade,rebalance,73374.553374102819,0.033632000000000002,2467.7329790778263,0,0,1.2338664895389131,0.61693324476945655,,
2021-12-30T00:00:00Z,ALGOUSDT,trade,rebalance,1884.3178364851342,1.5826,2982.1214080213736,0,0,1.4910607040106869,0.74553035200534346,,
2021-12-30T00:00:00Z,ALICEUSDT,trade,rebalance,-208.53594975951842,12.42,-2590.0164960132188,0,0,1.2950082480066094,0.6475041240033047,,
2021-12-30T00:00:00Z,ATOMUSDT,trade,rebalance,92.691761697597059,27.945,2590.2712806393497,0,0,1.295135640319675,0.64756782015983749,,
2021-12-30T00:00:00Z,AVAXUSDT,trade,rebalance,-22.027442587527464,103.072,-2270.4125623816308,0,0,1.1352062811908155,0.56760314059540773,,
2021-12-30T00:00:00Z,AXSUSDT,trade,rebalance,25.324286685061505,93.609999999999999,2370.6064765886076,0,0,1.1853032382943038,0.59265161914715192,,
2021-12-30T00:00:00Z,CHRUSDT,trade,rebalance,3808.5826640912123,0.72899999999999998,2776.4567621224937,0,0,1.388228381061247,0.69411419053062351,,
2021-12-30T00:00:00Z,CRVUSDT,trade,rebalance,25.319499069973233,4.8490000000000002,122.77425099030022,0,0,0.061387125495150109,0.030693562747575055,,
2021-12-30T00:00:00Z,EGLDUSDT,trade,rebalance,-21.276208067684767,238.41,-5072.4607654167248,0,0,2.5362303827083625,1.2681151913541813,,
2021-12-30T00:00:00Z,ENJUSDT,trade,rebalance,15.062164986218363,2.6463999999999999,39.860513419528274,0,0,0.019930256709764137,0.0099651283548820684,,
2021-12-30T00:00:00Z,ETCUSDT,trade,rebalance,-75.920166965065761,34.113,-2589.8646556792883,0,0,1.2949323278396441,0.64746616391982204,,
2021-12-30T00:00:00Z,FTMUSDT,trade,rebalance,1213.3725091873118,2.1347,2590.1862953621544,0,0,1.2950931476810772,0.6475465738405386,,
2021-12-30T00:00:00Z,GALAUSDT,trade,rebalance,-5757.1562408081281,0.44983000000000001,-2589.7415918027204,0,0,1.2948707959013601,0.64743539795068006,,
2021-12-30T00:00:00Z,GTCUSDT,trade,rebalance,191.2759549756033,13.548,2591.4066380094737,0,0,1.2957033190047369,0.64785165950236845,,
2021-12-30T00:00:00Z,LRCUSDT,trade,rebalance,-146.50168324402375,1.9722299999999999,-288.93501474436096,0,0,0.14446750737218048,0.072233753686090238,,
2021-12-30T00:00:00Z,LUNAUSDT,trade,rebalance,0.66486580705149123,84.132000000000005,55.93649007885606,0,0,0.02796824503942803,0.013984122519714015,,
2021-12-30T00:00:00Z,MANAUSDT,trade,rebalance,-13.377033275610756,3.2568000000000001,-43.566321972009113,0,0,0.021783160986004559,0.010891580493002279,,
2021-12-30T00:00:00Z,MATICUSDT,trade,rebalance,19.320332224880076,2.4742000000000002,47.802365990798286,0,0,0.023901182995399142,0.011950591497699571,,
2021-12-30T00:00:00Z,NEARUSDT,trade,rebalance,-63.115987958573641,14.8911,-939.86648828991588,0,0,0.46993324414495791,0.23496662207247895,,
2021-12-30T00:00:00Z,ONEUSDT,trade,rebalance,-10509.375415352646,0.22498000000000001,-2364.3992809460383,0,0,1.1821996404730191,0.59109982023650953,,
2021-12-30T00:00:00Z,SUSHIUSDT,trade,rebalance,-123.71288157090487,9.266,-1146.3235606360045,0,0,0.57316178031800225,0.28658089015900112,,
2021-12-30T00:00:00Z,VETUSDT,trade,rebalance,-31375.124118876061,0.082559999999999995,-2590.3302472544074,0,0,1.2951651236272037,0.64758256181360185,,
2022-01-03T00:00:00Z,ETCUSDT,risk_policy_action,before_rebalance,75.920166965065761,35.369999999999997,2685.296305554376,0,0,1.3426481527771881,0.67132407638859404,membership_exit,team-05-ldm-none-v1
2022-01-06T00:00:00Z,1000SHIBUSDT,trade,rebalance,-87248.066671127439,0.030356000000000001,-2648.5023118687445,0,0,1.3242511559343721,0.66212557796718607,,
2022-01-06T00:00:00Z,ALGOUSDT,trade,rebalance,1704.8966277682739,1.5542,2649.7503388774512,0,0,1.3248751694387255,0.66243758471936276,,
2022-01-06T00:00:00Z,ALICEUSDT,trade,rebalance,208.53594975951842,12.228999999999999,2550.1861296091506,0,0,1.2750930648045753,0.63754653240228765,,
2022-01-06T00:00:00Z,ATOMUSDT,trade,rebalance,-24.113337048418884,38.646999999999998,-931.90813691024459,0,0,0.46595406845512227,0.23297703422756114,,
2022-01-06T00:00:00Z,CRVUSDT,trade,rebalance,-43.118612481976584,5.3940000000000001,-232.5817957277817,0,0,0.11629089786389087,0.058145448931945433,,
2022-01-06T00:00:00Z,EGLDUSDT,trade,rebalance,10.863707461990767,213.34,2317.6633499411105,0,0,1.1588316749705554,0.5794158374852777,,
2022-01-06T00:00:00Z,ENJUSDT,trade,rebalance,978.69426239919085,2.4392999999999998,2387.3289142703461,0,0,1.1936644571351731,0.59683222856758655,,
2022-01-06T00:00:00Z,ETHUSDT,trade,rebalance,-0.74860231222155582,3537.8099999999999,-2648.4127462005422,0,0,1.3242063731002711,0.66210318655013556,,
2022-01-06T00:00:00Z,FTMUSDT,trade,rebalance,-308.84555788253658,2.9331,-905.87490582526812,0,0,0.45293745291263404,0.22646872645631702,,
2022-01-06T00:00:00Z,GALAUSDT,trade,rebalance,-1270.8965382283395,0.37694,-479.05174111979028,0,0,0.23952587055989516,0.11976293527994758,,
2022-01-06T00:00:00Z,GTCUSDT,trade,rebalance,-191.2759549756033,13.308,-2545.5004088153287,0,0,1.2727502044076644,0.6363751022038322,,
2022-01-06T00:00:00Z,LRCUSDT,trade,rebalance,-156.39507566362727,1.8025,-281.90212388368815,0,0,0.14095106194184406,0.070475530970922032,,
2022-01-06T00:00:00Z,LTCUSDT,trade,rebalance,-19.586821748279693,135.22,-2648.53003680238,0,0,1.3242650184011899,0.66213250920059497,,
2022-01-06T00:00:00Z,LUNAUSDT,trade,rebalance,-30.786270366843702,78.439999999999998,-2414.8750475752199,0,0,1.20743752378761,0.60371876189380502,,
2022-01-06T00:00:00Z,MANAUSDT,trade,rebalance,-113.87561945049117,2.9142999999999999,-331.86771776456641,0,0,0.16593385888228321,0.082966929441141604,,
2022-01-06T00:00:00Z,MATICUSDT,trade,rebalance,-1046.7673669374039,2.1804999999999999,-2282.4762436070091,0,0,1.1412381218035046,0.5706190609017523,,
2022-01-06T00:00:00Z,NEARUSDT,trade,rebalance,-0.69285340383876814,15.297700000000001,-10.599063515904325,0,0,0.0052995317579521625,0.0026497658789760813,,
2022-01-06T00:00:00Z,ONEUSDT,trade,rebalance,9490.2009233783592,0.27934999999999999,2651.0876279457443,0,0,1.3255438139728721,0.66277190698643607,,
2022-01-06T00:00:00Z,SOLUSDT,trade,rebalance,-17.150706351070081,154.41,-2648.2405676687313,0,0,1.3241202838343655,0.66206014191718277,,
2022-01-06T00:00:00Z,SUSHIUSDT,trade,rebalance,66.771735619831873,7.6479999999999997,510.67023402047414,0,0,0.25533511701023709,0.12766755850511854,,
2022-01-06T00:00:00Z,VETUSDT,trade,rebalance,31375.124118876061,0.084570000000000006,2653.3942467333486,0,0,1.3266971233666744,0.66334856168333722,,
2022-01-06T00:00:00Z,XRPUSDT,trade,rebalance,-3431.6969906294298,0.77190000000000003,-2648.926907066857,0,0,1.3244634535334283,0.66223172676671416,,
2022-01-06T00:00:00Z,YFIUSDT,trade,rebalance,0.081384160038989892,32548,2648.891640949043,0,0,1.3244458204745215,0.66222291023726076,,
2022-01-13T00:00:00Z,1000SHIBUSDT,trade,rebalance,2440.7839087956381,0.031452000000000001,76.767535499440413,0,0,0.038383767749720209,0.019191883874860104,,
2022-01-13T00:00:00Z,ALGOUSDT,trade,rebalance,-1704.8966277682741,1.4988999999999999,-2555.4695553618658,0,0,1.2777347776809329,0.63886738884046645,,
2022-01-13T00:00:00Z,ATOMUSDT,trade,rebalance,-2.275174719077782,40.210000000000001,-91.48477545411761,0,0,0.045742387727058804,0.022871193863529402,,
2022-01-13T00:00:00Z,AVAXUSDT,trade,rebalance,-27.795921947348148,95.902000000000001,-2665.6845065945822,0,0,1.332842253297291,0.6664211266486455,,
2022-01-13T00:00:00Z,CRVUSDT,trade,rebalance,52.929163033861073,4.9020000000000001,259.45875719198699,0,0,0.12972937859599348,0.064864689297996742,,
2022-01-13T00:00:00Z,DOGEUSDT,trade,rebalance,-16377.575687617313,0.16267999999999999,-2664.3040128615844,0,0,1.3321520064307923,0.66607600321539617,,
2022-01-13T00:00:00Z,EOSUSDT,trade,rebalance,-924.10227927295296,2.8849999999999998,-2666.0350757024689,0,0,1.3330175378512343,0.66650876892561717,,
2022-01-13T00:00:00Z,ETHUSDT,trade,rebalance,-0.042537725761258249,3369.9200000000001,-143.3487327973794,0,0,0.071674366398689696,0.035837183199344848,,
2022-01-13T00:00:00Z,FTMUSDT,trade,rebalance,1.565885503069353,2.9415,4.606052207278502,0,0,0.0023030261036392509,0.0011515130518196255,,
2022-01-13T00:00:00Z,GALAUSDT,trade,rebalance,-400.02742880768892,0.35898999999999998,-143.60584666767224,0,0,0.071802923333836116,0.035901461666918058,,
2022-01-13T00:00:00Z,ICPUSDT,trade,rebalance,76.195671569003267,34.979999999999997,2665.3245914837339,0,0,1.332662295741867,0.6663311478709335,,
2022-01-13T00:00:00Z,LINKUSDT,trade,rebalance,99.66306112666534,26.745000000000001,2665.4885698326648,0,0,1.3327442849163325,0.66637214245816623,,
2022-01-13T00:00:00Z,LRCUSDT,trade,rebalance,1469.6776507018942,1.6327499999999999,2399.6161841835178,0,0,1.1998080920917589,0.59990404604587944,,
2022-01-13T00:00:00Z,LTCUSDT,trade,rebalance,19.586821748279693,141.88999999999999,2779.1741378634056,0,0,1.3895870689317027,0.69479353446585135,,
2022-01-13T00:00:00Z,MANAUSDT,trade,rebalance,908.98625923962754,3.0842999999999998,2803.5863193727832,0,0,1.4017931596863917,0.70089657984319587,,
2022-01-13T00:00:00Z,MATICUSDT,trade,rebalance,-1112.9024870803353,2.3952,-2665.6240370548189,0,0,1.3328120185274095,0.66640600926370475,,
2022-01-13T00:00:00Z,NEARUSDT,trade,rebalance,-21.425463453433082,17.579999999999998,-376.65964751135357,0,0,0.18832982375567678,0.094164911877838389,,
2022-01-13T00:00:00Z,ONEUSDT,trade,rebalance,-1771.9158191259085,0.34525,-611.75393655321989,0,0,0.30587696827660993,0.15293848413830496,,
2022-01-13T00:00:00Z,SANDUSDT,trade,rebalance,-519.25881840337502,5.1336000000000004,-2665.6670701555663,0,0,1.3328335350777831,0.66641676753889156,,
2022-01-13T00:00:00Z,SOLUSDT,trade,rebalance,17.150706351070081,151.47999999999999,2597.9889980600956,0,0,1.2989944990300479,0.64949724951502397,,
2022-01-13T00:00:00Z,SUSHIUSDT,trade,rebalance,-346.53095593334689,7.1070000000000002,-2462.7955038182963,0,0,1.2313977519091481,0.61569887595457407,,
2022-01-13T00:00:00Z,XRPUSDT,trade,rebalance,3431.6969906294298,0.79830000000000001,2739.523707619474,0,0,1.3697618538097369,0.68488092690486846,,
2022-01-13T00:00:00Z,YFIUSDT,trade,rebalance,-0.0025198593764026445,33801,-85.173766781785787,0,0,0.042586883390892893,0.021293441695446447,,
2022-01-20T00:00:00Z,1000SHIBUSDT,trade,rebalance,84807.282762331801,0.027251000000000001,2311.0832625563039,0,0,1.1555416312781519,0.57777081563907595,,
2022-01-20T00:00:00Z,ADAUSDT,trade,rebalance,1993.1124642642153,1.3352999999999999,2661.4030735320066,0,0,1.3307015367660033,0.66535076838300167,,
2022-01-20T00:00:00Z,ATOMUSDT,trade,rebalance,5.6555038775790365,37.003,209.2706099820571,0,0,0.10463530499102856,0.052317652495514282,,
2022-01-20T00:00:00Z,AVAXUSDT,trade,rebalance,-4.4487140413927122,82.551000000000002,-367.24579283100979,0,0,0.18362289641550489,0.091811448207752444,,
2022-01-20T00:00:00Z,CELRUSDT,trade,rebalance,35787.527784875121,0.074359999999999996,2661.1605660833138,0,0,1.3305802830416569,0.66529014152082844,,
2022-01-20T00:00:00Z,CHRUSDT,trade,rebalance,3264.2611377087455,0.81540000000000001,2661.6785316877113,0,0,1.3308392658438555,0.66541963292192774,,
2022-01-20T00:00:00Z,CRVUSDT,trade,rebalance,-543.98063117195329,4.1849999999999996,-2276.5589414546243,0,0,1.1382794707273123,0.56913973536365614,,
2022-01-20T00:00:00Z,DOGEUSDT,trade,rebalance,32859.283423332337,0.16155,5308.4172370393389,0,0,2.6542086185196694,1.3271043092598347,,
2022-01-20T00:00:00Z,EOSUSDT,trade,rebalance,924.10227927295296,2.7360000000000002,2528.3438360907994,0,0,1.2641719180453999,0.63208595902269993,,
2022-01-20T00:00:00Z,ETHUSDT,trade,rebalance,0.79114003798281418,3082.8000000000002,2438.9265090934196,0,0,1.2194632545467099,0.60973162727335495,,
2022-01-20T00:00:00Z,FILUSDT,trade,rebalance,-96.463781731897313,27.603000000000002,-2662.6897671455617,0,0,1.331344883572781,0.66567244178639051,,
2022-01-20T00:00:00Z,FTMUSDT,trade,rebalance,55.789230031812053,2.7669999999999999,154.36879949802395,0,0,0.077184399749011964,0.038592199874505982,,
2022-01-20T00:00:00Z,GALAUSDT,trade,rebalance,-2150.0115116324769,0.27779999999999999,-597.27319793150207,0,0,0.29863659896575107,0.14931829948287553,,
2022-01-20T00:00:00Z,ICPUSDT,trade,rebalance,-76.195671569003267,26.52,-2020.7092100099667,0,0,1.0103546050049834,0.50517730250249171,,
2022-01-20T00:00:00Z,LINKUSDT,trade,rebalance,-99.663061126665355,21.535,-2146.2440213627383,0,0,1.073122010681369,0.53656100534068452,,
2022-01-20T00:00:00Z,MATICUSDT,trade,rebalance,-198.98050085635077,2.0293000000000001,-403.79113038779263,0,0,0.20189556519389631,0.10094778259694816,,
2022-01-20T00:00:00Z,NEARUSDT,trade,rebalance,12.529251266656871,16.205300000000001,203.0402755515546,0,0,0.1015201377757773,0.05076006888788865,,
2022-01-20T00:00:00Z,ONEUSDT,trade,rebalance,1677.6279741859998,0.28334999999999999,475.35588648560304,0,0,0.23767794324280153,0.11883897162140077,,
2022-01-20T00:00:00Z,SANDUSDT,trade,rebalance,-112.33892511993304,4.2157999999999998,-473.59844052061368,0,0,0.23679922026030686,0.11839961013015343,,
2022-01-20T00:00:00Z,XRPUSDT,trade,rebalance,-3608.9470122970079,0.73780000000000001,-2662.6811056727324,0,0,1.3313405528363662,0.6656702764181831,,
2022-01-20T00:00:00Z,XTZUSDT,trade,rebalance,-686.79127344481867,3.8769999999999998,-2662.6897671455617,0,0,1.331344883572781,0.66567244178639051,,
2022-01-20T00:00:00Z,YFIUSDT,trade,rebalance,-0.16171605768373237,32135,-5196.7455136667395,0,0,2.5983727568333701,1.2991863784166851,,
2022-01-27T00:00:00Z,AAVEUSDT,trade,rebalance,-18.16751143156046,146.41,-2659.9053486947669,0,0,1.3299526743473835,0.66497633717369176,,
2022-01-27T00:00:00Z,ADAUSDT,trade,rebalance,476.59399693430578,1.0767,513.14875649916701,0,0,0.25657437824958351,0.12828718912479176,,
2022-01-27T00:00:00Z,ALGOUSDT,trade,rebalance,-2883.4666523231917,0.92220000000000002,-2659.1329467724477,0,0,1.3295664733862238,0.6647832366931119,,
2022-01-27T00:00:00Z,ATOMUSDT,trade,rebalance,10.316399248398781,32.323999999999998,333.46728930524216,0,0,0.16673364465262108,0.083366822326310541,,
2022-01-27T00:00:00Z,AVAXUSDT,trade,rebalance,-8.1554391673279341,65.829999999999998,-536.87256038519786,0,0,0.26843628019259896,0.13421814009629948,,
2022-01-27T00:00:00Z,BTCUSDT,trade,rebalance,0.072289809923800394,36787.419999999998,2659.3555993870132,0,0,1.3296777996935067,0.66483889984675337,,
2022-01-27T00:00:00Z,CELRUSDT,trade,rebalance,-35787.527784875121,0.050599999999999999,-1810.8489059146812,0,0,0.90542445295734053,0.45271222647867027,,
2022-01-27T00:00:00Z,CHRUSDT,trade,rebalance,-3264.2611377087455,0.52229999999999999,-1704.9235922252778,0,0,0.85246179611263884,0.42623089805631942,,
2022-01-27T00:00:00Z,DOGEUSDT,trade,rebalance,-16481.707735715027,0.1431,-2358.5323769808206,0,0,1.1792661884904103,0.58963309424520516,,
2022-01-27T00:00:00Z,DYDXUSDT,trade,rebalance,457.44588797048817,5.8140000000000001,2659.5903926604183,0,0,1.3297951963302093,0.66489759816510463,,
2022-01-27T00:00:00Z,FILUSDT,trade,rebalance,-41.608441476599893,19.260000000000002,-801.37858283931405,0,0,0.40068929141965698,0.20034464570982849,,
2022-01-27T00:00:00Z,FTMUSDT,trade,rebalance,222.69248179382851,2.2450000000000001,499.94462162714501,0,0,0.24997231081357249,0.12498615540678625,,
2022-01-27T00:00:00Z,GALAUSDT,trade,rebalance,-3086.1624302640776,0.21009,-648.37186497418008,0,0,0.32418593248709004,0.16209296624354502,,
2022-01-27T00:00:00Z,LRCUSDT,trade,rebalance,2470.2854307614939,1.0763,2658.768209128596,0,0,1.329384104564298,0.664692052282149,,
2022-01-27T00:00:00Z,MANAUSDT,trade,rebalance,-1232.1639158391397,2.1581999999999999,-2659.256163164031,0,0,1.3296280815820156,0.66481404079100781,,
2022-01-27T00:00:00Z,MATICUSDT,trade,rebalance,1311.882987936686,1.5881000000000001,2083.401373142251,0,0,1.0417006865711256,0.52085034328556279,,
2022-01-27T00:00:00Z,NEARUSDT,trade,rebalance,-164.28422227278585,11.271000000000001,-1851.6474692365696,0,0,0.92582373461828482,0.46291186730914241,,
2022-01-27T00:00:00Z,ONEUSDT,trade,rebalance,-9395.9130784384506,0.18590000000000001,-1746.700241281708,0,0,0.87335012064085404,0.43667506032042702,,
2022-01-27T00:00:00Z,SANDUSDT,trade,rebalance,631.59774352330805,3.0714000000000001,1939.8893094574885,0,0,0.96994465472874414,0.48497232736437207,,
2022-01-27T00:00:00Z,SOLUSDT,trade,rebalance,28.891057657240847,92.040000000000006,2659.1329467724477,0,0,1.3295664733862238,0.6647832366931119,,
2022-01-27T00:00:00Z,SUSHIUSDT,trade,rebalance,-624.59537433757089,4.2610000000000001,-2661.4008900523895,0,0,1.3307004450261948,0.66535022251309739,,
2022-01-27T00:00:00Z,THETAUSDT,trade,rebalance,947.81237991893192,2.8069999999999999,2660.5093504324418,0,0,1.3302546752162208,0.66512733760811038,,
2022-01-27T00:00:00Z,XRPUSDT,trade,rebalance,3608.9470122970083,0.61899999999999999,2233.9382006118481,0,0,1.1169691003059241,0.55848455015296206,,
2022-01-27T00:00:00Z,XTZUSDT,trade,rebalance,686.79127344481867,2.9449999999999998,2022.6003002949908,0,0,1.0113001501474954,0.50565007507374771,,
2022-01-27T00:00:00Z,YFIUSDT,trade,rebalance,-0.027161603897825862,24175,-656.63177422994022,0,0,0.32831588711497012,0.16415794355748506,,
2022-01-31T00:00:00Z,THETAUSDT,risk_policy_action,before_rebalance,-947.81237991893192,2.875,-2724.9605922669293,0,0,1.3624802961334646,0.68124014806673228,membership_exit,team-05-ldm-none-v1
2022-02-03T00:00:00Z,AAVEUSDT,trade,rebalance,0.77814786153197701,151.18000000000001,117.6403937064043,0,0,0.058820196853202153,0.029410098426601076,,
2022-02-03T00:00:00Z,ADAUSDT,trade,rebalance,91.877864363584649,1.0261,94.275876623474204,0,0,0.047137938311737106,0.023568969155868553,,
2022-02-03T00:00:00Z,ALGOUSDT,trade,rebalance,2883.4666523231917,0.92259999999999998,2660.2863334333765,0,0,1.3301431667166883,0.66507158335834415,,
2022-02-03T00:00:00Z,ATOMUSDT,trade,rebalance,-82.27515305607821,26.312999999999999,-2164.9061023645859,0,0,1.082453051182293,0.54122652559114648,,
2022-02-03T00:00:00Z,AVAXUSDT,trade,rebalance,40.400075156068795,67.780000000000001,2738.317094078343,0,0,1.3691585470391714,0.6845792735195857,,
2022-02-03T00:00:00Z,AXSUSDT,trade,rebalance,53.623706598816099,49.030000000000001,2629.1703345399533,0,0,1.3145851672699767,0.65729258363498833,,
2022-02-03T00:00:00Z,BTCUSDT,trade,rebalance,-0.072289809923800394,36892.050000000003,-2666.9192821993406,0,0,1.3334596410996702,0.66672982054983509,,
2022-02-03T00:00:00Z,CRVUSDT,trade,rebalance,-846.92745872399632,3.1040000000000001,-2628.8628318792848,0,0,1.3144314159396424,0.65721570796982121,,
2022-02-03T00:00:00Z,DOGEUSDT,trade,rebalance,19197.376572804318,0.13689000000000001,2627.9288790511832,0,0,1.3139644395255916,0.6569822197627958,,
2022-02-03T00:00:00Z,DYDXUSDT,trade,rebalance,-457.44588797048817,5.8479999999999999,-2675.1435528514148,0,0,1.3375717764257076,0.66878588821285379,,
2022-02-03T00:00:00Z,EOSUSDT,trade,rebalance,-1155.4886533001711,2.2749999999999999,-2628.7366862578892,0,0,1.3143683431289446,0.65718417156447229,,
2022-02-03T00:00:00Z,FILUSDT,trade,rebalance,138.07222320849721,20.16,2783.5360198833037,0,0,1.3917680099416518,0.69588400497082592,,
2022-02-03T00:00:00Z,FTMUSDT,trade,rebalance,-1184.5745486334852,1.9193,-2273.553931192248,0,0,1.136776965596124,0.56838848279806198,,
2022-02-03T00:00:00Z,GALAUSDT,trade,rebalance,12664.254149740711,0.18623000000000001,2358.4640503062128,0,0,1.1792320251531063,0.58961601257655316,,
2022-02-03T00:00:00Z,ICPUSDT,trade,rebalance,121.79928576289959,21.579999999999998,2628.428586763373,0,0,1.3142142933816865,0.65710714669084325,,
2022-02-03T00:00:00Z,LRCUSDT,trade,rebalance,561.22503480601608,0.8669,486.52598267333536,0,0,0.24326299133666768,0.12163149566833384,,
2022-02-03T00:00:00Z,LTCUSDT,trade,rebalance,-24.299417798469957,108.19,-2628.9540116164644,0,0,1.3144770058082322,0.65723850290411612,,
2022-02-03T00:00:00Z,LUNAUSDT,trade,rebalance,55.307185320315881,47.551000000000002,2629.9119691663404,0,0,1.3149559845831702,0.6574779922915851,,
2022-02-03T00:00:00Z,MANAUSDT,trade,rebalance,1232.1639158391397,2.5396999999999998,3129.3266970566629,0,0,1.5646633485283314,0.78233167426416572,,
2022-02-03T00:00:00Z,MATICUSDT,trade,rebalance,-1709.5393095087993,1.5378000000000001,-2628.9295501626316,0,0,1.3144647750813157,0.65723238754065783,,
2022-02-03T00:00:00Z,NEARUSDT,trade,rebalance,-242.15858704600907,10.856,-2628.8736209714743,0,0,1.3144368104857371,0.65721840524286856,,
2022-02-03T00:00:00Z,SANDUSDT,trade,rebalance,718.0344071503531,3.6598999999999999,2627.9341267295772,0,0,1.3139670633647886,0.65698353168239432,,
2022-02-03T00:00:00Z,SOLUSDT,trade,rebalance,-3.076595009790708,101.83,-313.28966984698781,0,0,0.1566448349234939,0.078322417461746952,,
2022-02-03T00:00:00Z,SUSHIUSDT,trade,rebalance,-18.996346221531326,4.0869999999999997,-77.638067007398519,0,0,0.038819033503699259,0.019409516751849629,,
2022-02-03T00:00:00Z,YFIUSDT,trade,rebalance,-0.004320824420250946,22993,-99.348715894830008,0,0,0.049674357947415003,0.024837178973707501,,
2022-02-07T00:00:00Z,YFIUSDT,risk_policy_action,before_rebalance,0.11433418533922192,24587,2811.1346149354495,0,0,1.4055673074677248,0.70278365373386242,membership_exit,team-05-ldm-none-v1
2022-02-10T00:00:00Z,1000SHIBUSDT,trade,rebalance,79882.288737734882,0.032936,2631.0030618660362,0,0,1.3155015309330182,0.65775076546650912,,
2022-02-10T00:00:00Z,AAVEUSDT,trade,rebalance,3.383912342963896,187.86000000000001,635.70177274919752,0,0,0.31785088637459874,0.15892544318729937,,
2022-02-10T00:00:00Z,ADAUSDT,trade,rebalance,-2561.5843255621057,1.194,-3058.5316847211543,0,0,1.5292658423605772,0.76463292118028858,,
2022-02-10T00:00:00Z,ATOMUSDT,trade,rebalance,-85.155962958126636,30.904,-2631.6598792579457,0,0,1.315829939628973,0.65791496981448649,,
2022-02-10T00:00:00Z,AXSUSDT,trade,rebalance,-14.662057624882301,67.519999999999996,-989.98213083205292,0,0,0.4949910654160265,0.24749553270801325,,
2022-02-10T00:00:00Z,CRVUSDT,trade,rebalance,93.487911034987846,3.4940000000000002,326.64676115624758,0,0,0.16332338057812379,0.081661690289061895,,
2022-02-10T00:00:00Z,DOGEUSDT,trade,rebalance,-19197.376572804318,0.15923999999999999,-3056.9902454533594,0,0,1.5284951227266796,0.76424756136333982,,
2022-02-10T00:00:00Z,EOSUSDT,trade,rebalance,1155.4886533001711,2.669,3083.9992156581566,0,0,1.5419996078290783,0.77099980391453915,,
2022-02-10T00:00:00Z,ETCUSDT,trade,rebalance,77.92048379208606,33.777999999999999,2631.9981015290828,0,0,1.3159990507645414,0.65799952538227069,,
2022-02-10T00:00:00Z,FTMUSDT,trade,rebalance,-1167.8031328971967,2.2532999999999999,-2631.4107993572534,0,0,1.3157053996786268,0.65785269983931338,,
2022-02-10T00:00:00Z,GALAUSDT,trade,rebalance,7348.2503890292255,0.35803000000000001,2630.8940867841338,0,0,1.3154470433920669,0.65772352169603343,,
2022-02-10T00:00:00Z,ICPUSDT,trade,rebalance,-121.79928576289959,23.059999999999999,-2808.6915296924644,0,0,1.4043457648462321,0.70217288242311604,,
2022-02-10T00:00:00Z,LINKUSDT,trade,rebalance,-141.00751929263322,18.664000000000001,-2631.7643400777065,0,0,1.3158821700388532,0.65794108501942661,,
2022-02-10T00:00:00Z,LRCUSDT,trade,rebalance,-3031.51046556751,1.0988,-3331.02369956558,0,0,1.6655118497827901,0.83275592489139505,,
2022-02-10T00:00:00Z,LTCUSDT,trade,rebalance,24.299417798469957,139.97,3401.1895092518398,0,0,1.7005947546259199,0.85029737731295996,,
2022-02-10T00:00:00Z,LUNAUSDT,trade,rebalance,-55.307185320315881,57.502000000000002,-3180.2737702888039,0,0,1.590136885144402,0.795068442572201,,
2022-02-10T00:00:00Z,MANAUSDT,trade,rebalance,787.29338879912245,3.3422000000000001,2631.291964044427,0,0,1.3156459820222135,0.65782299101110675,,
2022-02-10T00:00:00Z,MATICUSDT,trade,rebalance,1709.5393095087993,2.0358999999999998,3480.4510802289642,0,0,1.7402255401144824,0.87011277005724119,,
2022-02-10T00:00:00Z,NEARUSDT,trade,rebalance,39.511135072005288,12.984,513.01257777491662,0,0,0.2565062888874583,0.12825314444372915,,
2022-02-10T00:00:00Z,ONEUSDT,trade,rebalance,-11722.781024845017,0.22447,-2631.4126566469608,0,0,1.3157063283234804,0.65785316416174022,,
2022-02-10T00:00:00Z,PEOPLEUSDT,trade,rebalance,30616.10826133917,0.086010000000000003,2633.2914715577822,0,0,1.3166457357788912,0.65832286788944561,,
2022-02-10T00:00:00Z,SANDUSDT,trade,rebalance,-718.0344071503531,4.7088000000000001,-3381.0804163895828,0,0,1.6905402081947911,0.84527010409739556,,
2022-02-10T00:00:00Z,SOLUSDT,trade,rebalance,-25.814462647450139,113.90000000000001,-2940.267295544571,0,0,1.4701336477722855,0.73506682388614275,,
2022-02-10T00:00:00Z,SUSHIUSDT,trade,rebalance,89.885779032128426,4.7530000000000001,427.22710773970641,0,0,0.2136135538698532,0.1068067769349266,,
2022-02-10T00:00:00Z,XRPUSDT,trade,rebalance,3028.49751447377,0.86939999999999995,2632.9757390834957,0,0,1.3164878695417479,0.65824393477087395,,
2022-02-10T00:00:00Z,XTZUSDT,trade,rebalance,592.92122758303196,4.4370000000000003,2630.7914867859131,0,0,1.3153957433929564,0.6576978716964782,,
2022-02-17T00:00:00Z,1000SHIBUSDT,trade,rebalance,5644.0090713666868,0.030918000000000001,174.50147246851523,0,0,0.087250736234257609,0.043625368117128804,,
2022-02-17T00:00:00Z,AAVEUSDT,trade,rebalance,-1.5187578553382826,170.28,-258.61408760700277,0,0,0.12930704380350139,0.064653521901750693,,
2022-02-17T00:00:00Z,ATOMUSDT,trade,rebalance,-7.6770392331508788,28.484000000000002,-218.67278551706966,0,0,0.10933639275853484,0.054668196379267418,,
2022-02-17T00:00:00Z,AVAXUSDT,trade,rebalance,27.755797152696974,95.25,2643.7396787943867,0,0,1.3218698393971935,0.66093491969859675,,
2022-02-17T00:00:00Z,AXSUSDT,trade,rebalance,2.78791675471156,63.340000000000003,176.58664724343021,0,0,0.088293323621715103,0.044146661810857551,,
2022-02-17T00:00:00Z,CRVUSDT,trade,rebalance,753.43954768900846,3.1629999999999998,2383.1292893403338,0,0,1.1915646446701669,0.59578232233508344,,
2022-02-17T00:00:00Z,ETCUSDT,trade,rebalance,4.1430516109675892,32.209000000000003,133.4435493376551,0,0,0.066721774668827546,0.033360887334413773,,
2022-02-17T00:00:00Z,FTMUSDT,trade,rebalance,-111.48159326852829,2.0670999999999999,-230.44360144537481,0,0,0.11522180072268741,0.057610900361343705,,
2022-02-17T00:00:00Z,GALAUSDT,trade,rebalance,618.09213141149758,0.33183000000000001,205.10151196627726,0,0,0.10255075598313863,0.051275377991569317,,
2022-02-17T00:00:00Z,LINKUSDT,trade,rebalance,141.00751929263322,17.108000000000001,2412.3566400583691,0,0,1.2061783200291847,0.60308916001459234,,
2022-02-17T00:00:00Z,LRCUSDT,trade,rebalance,-2757.7891848119361,0.95879999999999999,-2644.1682703976844,0,0,1.3220841351988422,0.66104206759942108,,
2022-02-17T00:00:00Z,MANAUSDT,trade,rebalance,-787.29338879912245,3.2602000000000002,-2566.7339061628991,0,0,1.2833669530814495,0.64168347654072477,,
2022-02-17T00:00:00Z,NEARUSDT,trade,rebalance,-33.117277891472298,11.212,-371.31091971918738,0,0,0.1856554598595937,0.092827729929796848,,
2022-02-17T00:00:00Z,ONEUSDT,trade,rebalance,-2317.2723296342283,0.18834000000000001,-436.4350705633106,0,0,0.21821753528165533,0.10910876764082766,,
2022-02-17T00:00:00Z,PEOPLEUSDT,trade,rebalance,7466.2794507165381,0.06948,518.75709623578507,0,0,0.25937854811789252,0.12968927405894626,,
2022-02-17T00:00:00Z,ROSEUSDT,trade,rebalance,-8580.7988106367466,0.30803999999999998,-2643.2292656285431,0,0,1.3216146328142715,0.66080731640713575,,
2022-02-17T00:00:00Z,SUSHIUSDT,trade,rebalance,-61.424100184160238,4.298,-264.0007825915207,0,0,0.13200039129576036,0.066000195647880178,,
2022-02-17T00:00:00Z,THETAUSDT,trade,rebalance,678.25679645095852,3.8969999999999998,2643.166735769385,0,0,1.3215833678846924,0.66079168394234622,,
2022-02-17T00:00:00Z,XRPUSDT,trade,rebalance,131.54996158809854,0.83650000000000002,110.04154286844444,0,0,0.055020771434222217,0.027510385717111108,,
2022-02-17T00:00:00Z,XTZUSDT,trade,rebalance,-592.92122758303196,4.0369999999999999,-2393.6229957526998,0,0,1.1968114978763498,0.59840574893817489,,
2022-02-21T00:00:00Z,AAVEUSDT,risk_policy_action,before_rebalance,15.524209082402869,137.40000000000001,2133.0263279221545,0,0,1.0665131639610772,0.5332565819805386,membership_exit,team-05-ldm-none-v1
2022-02-24T00:00:00Z,1000SHIBUSDT,trade,rebalance,20592.901042582787,0.024844000000000001,511.61003350192681,0,0,0.2558050167509634,0.1279025083754817,,
2022-02-24T00:00:00Z,ATOMUSDT,trade,rebalance,92.833002191277515,25.158999999999999,2335.585502130351,0,0,1.1677927510651753,0.58389637553258766,,
2022-02-24T00:00:00Z,AVAXUSDT,trade,rebalance,8.1316813696400736,73.430000000000007,597.10936297267062,0,0,0.29855468148633529,0.14927734074316765,,
2022-02-24T00:00:00Z,AXSUSDT,trade,rebalance,-41.749565728645358,48.689999999999998,-2032.7863553277423,0,0,1.0163931776638713,0.50819658883193564,,
2022-02-24T00:00:00Z,BTCUSDT,trade,rebalance,0.070795731767852407,37227.900000000001,2635.5764226804326,0,0,1.3177882113402164,0.6588941056701082,,
2022-02-24T00:00:00Z,DYDXUSDT,trade,rebalance,-503.06860520718317,5.2389999999999999,-2635.5764226804326,0,0,1.3177882113402164,0.6588941056701082,,
2022-02-24T00:00:00Z,EGLDUSDT,trade,rebalance,18.009952321172836,146.28999999999999,2634.675925064374,0,0,1.317337962532187,0.65866898126609352,,
2022-02-24T00:00:00Z,ETCUSDT,trade,rebalance,-82.063535403053663,26.513999999999999,-2175.8325776765646,0,0,1.0879162888382823,0.54395814441914114,,
2022-02-24T00:00:00Z,FTMUSDT,trade,rebalance,-397.22018672297378,1.5727,-624.70818765922081,0,0,0.31235409382961044,0.15617704691480522,,
2022-02-24T00:00:00Z,GALAUSDT,trade,rebalance,4140.2730061451839,0.21776000000000001,901.58584981817523,0,0,0.45079292490908768,0.22539646245454384,,
2022-02-24T00:00:00Z,ICPUSDT,trade,rebalance,-152.51877606379057,17.289999999999999,-2637.0496381429389,0,0,1.3185248190714693,0.65926240953573467,,
2022-02-24T00:00:00Z,KNCUSDT,trade,rebalance,1530.5321850641305,1.7210000000000001,2634.0458904953689,0,0,1.3170229452476845,0.65851147262384224,,
2022-02-24T00:00:00Z,LRCUSDT,trade,rebalance,-747.89906030702195,0.75180000000000002,-562.27051353881916,0,0,0.28113525676940959,0.1405676283847048,,
2022-02-24T00:00:00Z,MANAUSDT,trade,rebalance,1032.7898517498463,2.5522999999999998,2635.9895386211324,0,0,1.3179947693105662,0.65899738465528312,,
2022-02-24T00:00:00Z,NEARUSDT,trade,rebalance,235.76472986547608,8.5470000000000006,2015.0811461602243,0,0,1.0075405730801121,0.50377028654005607,,
2022-02-24T00:00:00Z,ONEUSDT,trade,rebalance,-5946.1180467525191,0.13186999999999999,-784.11458682525461,0,0,0.39205729341262729,0.19602864670631365,,
2022-02-24T00:00:00Z,PEOPLEUSDT,trade,rebalance,-93451.640289375719,0.04759,-4447.3635613713905,0,0,2.2236817806856952,1.1118408903428476,,
2022-02-24T00:00:00Z,ROSEUSDT,trade,rebalance,-3330.3342967905264,0.22131999999999999,-737.06958656567929,0,0,0.36853479328283967,0.18426739664141983,,
2022-02-24T00:00:00Z,SUSHIUSDT,trade,rebalance,-189.13496368417645,3.2770000000000001,-619.79527599304629,0,0,0.30989763799652315,0.15494881899826157,,
2022-02-24T00:00:00Z,THETAUSDT,trade,rebalance,-678.25679645095852,2.6819999999999999,-1819.0847280814708,0,0,0.90954236404073541,0.4547711820203677,,
2022-02-24T00:00:00Z,XRPUSDT,trade,rebalance,626.70025767438528,0.69599999999999995,436.18337934137213,0,0,0.2180916896706861,0.10904584483534305,,
2022-02-26T00:00:00Z,FTMUSDT,forced_exit,delisting,1676.5049128886988,1.7202999999999999,2884.0914016424285,0,0,1.4420457008212142,0.7210228504106071,,
2022-02-26T00:00:00Z,KNCUSDT,forced_exit,delisting,-1530.5321850641305,1.8620000000000001,-2849.8509285894111,0,0,1.4249254642947056,0.71246273214735278,,
2022-02-26T00:00:00Z,LRCUSDT,forced_exit,delisting,3505.6882451189581,0.77680000000000005,2723.2186288084067,0,0,1.3616093144042034,0.6808046572021017,,
2022-02-26T00:00:00Z,MANAUSDT,forced_exit,delisting,-1032.7898517498463,2.7389000000000001,-2828.708124957654,0,0,1.4143540624788271,0.70717703123941356,,
2022-02-26T00:00:00Z,ONEUSDT,forced_exit,delisting,19986.171401231764,0.14596000000000001,2917.1815777237885,0,0,1.4585907888618941,0.72929539443094704,,
2022-02-26T00:00:00Z,PEOPLEUSDT,forced_exit,delisting,55369.25257732001,0.069459999999999994,3845.9482840206474,0,0,1.9229741420103237,0.96148707100516184,,
2022-02-26T00:00:00Z,ROSEUSDT,forced_exit,delisting,11911.133107427273,0.22631000000000001,2695.6085335418661,0,0,1.3478042667709331,0.67390213338546656,,
2022-02-26T00:00:00Z,SUSHIUSDT,forced_exit,delisting,804.26500539531048,3.3029999999999999,2656.4873128207105,0,0,1.3282436564103552,0.66412182820517762,,
2022-02-26T00:00:00Z,XRPUSDT,forced_exit,delisting,-3786.7477337362538,0.76959999999999995,-2914.2810558834208,0,0,1.4571405279417105,0.72857026397085523,,
2022-03-03T00:00:00Z,1000SHIBUSDT,trade,rebalance,-4750.9786546429677,0.025898999999999998,-123.04559617659821,0,0,0.061522798088299101,0.03076139904414955,,
2022-03-03T00:00:00Z,1INCHUSDT,trade,rebalance,-1755.2966549795665,1.4959,-2625.7482661839335,0,0,1.3128741330919667,0.65643706654598333,,
2022-03-03T00:00:00Z,AAVEUSDT,trade,rebalance,19.085572003446153,137.53999999999999,2625.0295733539838,0,0,1.312514786676992,0.65625739333849598,,
2022-03-03T00:00:00Z,AVAXUSDT,trade,rebalance,-4.3726585100147837,83.299999999999997,-364.24245388423145,0,0,0.18212122694211574,0.091060613471057872,,
2022-03-03T00:00:00Z,BTCUSDT,trade,rebalance,-0.010972191060036725,43885.800000000003,-481.52338242255973,0,0,0.24076169121127985,0.12038084560563993,,
2022-03-03T00:00:00Z,CHRUSDT,trade,rebalance,-6219.654821488145,0.42220000000000002,-2625.938265632295,0,0,1.3129691328161477,0.65648456640807384,,
2022-03-03T00:00:00Z,CHZUSDT,trade,rebalance,-13337.25864329186,0.19681000000000001,-2624.9058735862709,0,0,1.3124529367931355,0.65622646839656773,,
2022-03-03T00:00:00Z,COTIUSDT,trade,rebalance,-11393.736922923259,0.23043,-2625.4587991492067,0,0,1.3127293995746032,0.65636469978730161,,
2022-03-03T00:00:00Z,DYDXUSDT,trade,rebalance,64.396826970173436,5.9820000000000002,385.22181893557752,0,0,0.19261090946778878,0.096305454733894388,,
2022-03-03T00:00:00Z,EGLDUSDT,trade,rebalance,-0.81049905408789158,152.66,-123.73078559705752,0,0,0.061865392798528762,0.030932696399264381,,
2022-03-03T00:00:00Z,ENJUSDT,trade,rebalance,-1698.137876708927,1.546,-2625.3211573920012,0,0,1.3126605786960006,0.65633028934800031,,
2022-03-03T00:00:00Z,ETHUSDT,trade,rebalance,0.89077627009509941,2947.48,2625.5452405799037,0,0,1.3127726202899519,0.65638631014497595,,
2022-03-03T00:00:00Z,GALAUSDT,trade,rebalance,-1780.8010112311895,0.25422,-452.715233075193,0,0,0.22635761653759651,0.11317880826879825,,
2022-03-03T00:00:00Z,HNTUSDT,trade,rebalance,-109.76694496933243,23.922999999999998,-2625.9546245013394,0,0,1.3129773122506696,0.6564886561253348,,
2022-03-03T00:00:00Z,ICPUSDT,trade,rebalance,16.522832156010111,19.300000000000001,318.89066061099516,0,0,0.15944533030549757,0.079722665152748784,,
2022-03-03T00:00:00Z,NEOUSDT,trade,rebalance,109.65439151307643,23.940999999999999,2625.2357872145626,0,0,1.3126178936072812,0.6563089468036406,,
2022-03-07T00:00:00Z,COTIUSDT,risk_policy_action,before_rebalance,11393.736922923261,0.19664999999999999,2240.578365892859,0,0,1.1202891829464294,0.56014459147321471,membership_exit,team-05-ldm-none-v1
2022-03-07T00:00:00Z,COTIUSDT,trade,rebalance,-1.8189894035458565e-12,0.19664999999999999,-3.5770426620729266e-13,0,0,1.7885213310364632e-16,8.9426066551823161e-17,,
2022-03-07T00:00:00Z,HNTUSDT,risk_policy_action,before_rebalance,109.76694496933243,20.818000000000001,2285.1282603715626,0,0,1.1425641301857814,0.5712820650928907,membership_exit,team-05-ldm-none-v1
2022-03-10T00:00:00Z,1000SHIBUSDT,trade,rebalance,-101368.22019704139,0.02384,-2416.6183694974666,0,0,1.2083091847487333,0.60415459237436664,,
2022-03-10T00:00:00Z,1INCHUSDT,trade,rebalance,1755.2966549795665,1.3740000000000001,2411.7776039419246,0,0,1.2058888019709622,0.60294440098548108,,
2022-03-10T00:00:00Z,AAVEUSDT,trade,rebalance,1.5794897455616308,127.40000000000001,201.22699358455176,0,0,0.10061349679227588,0.05030674839613794,,
2022-03-10T00:00:00Z,ANTUSDT,trade,rebalance,-555.1656088804375,4.7409999999999997,-2632.0401517021542,0,0,1.3160200758510772,0.65801003792553858,,
2022-03-10T00:00:00Z,ATOMUSDT,trade,rebalance,87.672319876194791,30.035,2633.2381274815107,0,0,1.3166190637407553,0.65830953187037766,,
2022-03-10T00:00:00Z,AVAXUSDT,trade,rebalance,2.4250207265159354,77.569999999999993,188.10885775584109,0,0,0.094054428877920537,0.047027214438960269,,
2022-03-10T00:00:00Z,BCHUSDT,trade,rebalance,-8.5748028369207852,307.06999999999999,-2633.0647071332655,0,0,1.3165323535666329,0.65826617678331645,,
2022-03-10T00:00:00Z,BLZUSDT,trade,rebalance,-17241.280687212944,0.15257999999999999,-2630.6746072549508,0,0,1.3153373036274754,0.65766865181373768,,
2022-03-10T00:00:00Z,BNBUSDT,trade,rebalance,6.699616963492951,392.95999999999998,2632.6814819741899,0,0,1.3163407409870951,0.65817037049354754,,
2022-03-10T00:00:00Z,BTCUSDT,trade,rebalance,-0.059823540707815689,41939.5,-2508.969385515436,0,0,1.254484692757718,0.62724234637885901,,
2022-03-10T00:00:00Z,CHRUSDT,trade,rebalance,-518.86357113777922,0.39069999999999999,-202.71999724353034,0,0,0.10135999862176517,0.050679999310882587,,
2022-03-10T00:00:00Z,CHZUSDT,trade,rebalance,26468.977443485568,0.20041,5304.6477694489431,0,0,2.6523238847244714,1.3261619423622357,,
2022-03-10T00:00:00Z,CRVUSDT,trade,rebalance,-1221.3128270694037,2.1560000000000001,-2633.1504551616345,0,0,1.3165752275808171,0.65828761379040857,,
2022-03-10T00:00:00Z,DOGEUSDT,trade,rebalance,-21680.94240561247,0.12145,-2633.1504551616345,0,0,1.3165752275808171,0.65828761379040857,,
2022-03-10T00:00:00Z,DYDXUSDT,trade,rebalance,-81.816550516031214,5.0590000000000002,-413.90992906060194,0,0,0.20695496453030096,0.10347748226515048,,
2022-03-10T00:00:00Z,EGLDUSDT,trade,rebalance,-17.199453267084944,141.52000000000001,-2434.0666263578614,0,0,1.2170333131789306,0.6085166565894653,,
2022-03-10T00:00:00Z,ENJUSDT,trade,rebalance,1698.137876708927,1.3919999999999999,2363.8079243788261,0,0,1.1819039621894132,0.59095198109470659,,
2022-03-10T00:00:00Z,ETHUSDT,trade,rebalance,0.07503191263931841,2726.3699999999999,204.56475566245854,0,0,0.10228237783122927,0.051141188915614637,,
2022-03-10T00:00:00Z,GALAUSDT,trade,rebalance,-10325.814515354718,0.23257,-2401.4746818360468,0,0,1.2007373409180235,0.60036867045901177,,
2022-03-10T00:00:00Z,ICPUSDT,trade,rebalance,135.99594390778046,17.449999999999999,2373.1292211907689,0,0,1.1865646105953844,0.59328230529769221,,
2022-03-10T00:00:00Z,NEOUSDT,trade,rebalance,-109.65439151307642,21.257999999999999,-2331.0330547849785,0,0,1.1655165273924892,0.58275826369624462,,
2022-03-10T00:00:00Z,RUNEUSDT,trade,rebalance,480.32705568030462,5.4809999999999999,2632.6725921837497,0,0,1.3163362960918747,0.65816814804593737,,
2022-03-10T00:00:00Z,SXPUSDT,trade,rebalance,1959.6267434409724,1.3435999999999999,2632.9544924872903,0,0,1.3164772462436451,0.65823862312182257,,
2022-03-10T00:00:00Z,XTZUSDT,trade,rebalance,-829.79335870892692,3.1709999999999998,-2631.2747404660072,0,0,1.3156373702330035,0.65781868511650177,,
2022-03-14T00:00:00Z,BLZUSDT,risk_policy_action,before_rebalance,17241.280687212944,0.12801000000000001,2207.0563407701293,0,0,1.1035281703850648,0.55176408519253239,membership_exit,team-05-ldm-none-v1
2022-03-17T00:00:00Z,1000SHIBUSDT,trade,rebalance,-117973.04988613771,0.022713000000000001,-2679.5218820638461,0,0,1.3397609410319229,0.66988047051596145,,
2022-03-17T00:00:00Z,1INCHUSDT,trade,rebalance,1777.5886798562344,1.5073000000000001,2679.3594171473023,0,0,1.3396797085736512,0.66983985428682558,,
2022-03-17T00:00:00Z,AAVEUSDT,trade,rebalance,-20.665061749007783,141.53999999999999,-2924.9328399545616,0,0,1.4624664199772808,0.73123320998864039,,
2022-03-17T00:00:00Z,ANTUSDT,trade,rebalance,-13.780300552555103,4.7110000000000003,-64.918995903087094,0,0,0.032459497951543542,0.016229748975771771,,
2022-03-17T00:00:00Z,ARUSDT,trade,rebalance,78.90512500327587,33.957999999999998,2679.460234861242,0,0,1.3397301174306211,0.66986505871531055,,
2022-03-17T00:00:00Z,ATOMUSDT,trade,rebalance,-87.672319876194791,28.934999999999999,-2536.7985756176963,0,0,1.2683992878088481,0.63419964390442407,,
2022-03-17T00:00:00Z,AVAXUSDT,trade,rebalance,-33.9398407388382,74.049999999999997,-2513.2452067109684,0,0,1.2566226033554841,0.62831130167774207,,
2022-03-17T00:00:00Z,AXSUSDT,trade,rebalance,-53.182812665098915,50.399999999999999,-2680.4137583209854,0,0,1.3402068791604926,0.67010343958024632,,
2022-03-17T00:00:00Z,BANDUSDT,trade,rebalance,-735.51389261578231,3.6442999999999999,-2680.4332788596953,0,0,1.3402166394298476,0.67010831971492379,,
2022-03-17T00:00:00Z,BCHUSDT,trade,rebalance,8.5748028369207852,299.63999999999999,2569.3539220549437,0,0,1.2846769610274718,0.64233848051373588,,
2022-03-17T00:00:00Z,BNBUSDT,trade,rebalance,-6.699616963492951,385.24000000000001,-2580.9604390160243,0,0,1.2904802195080121,0.64524010975400603,,
2022-03-17T00:00:00Z,CHRUSDT,trade,rebalance,6738.5183926259242,0.3911,2635.4345433559988,0,0,1.3177172716779995,0.65885863583899973,,
2022-03-17T00:00:00Z,CHZUSDT,trade,rebalance,41.878967958380606,0.20351,8.5227887692100364,0,0,0.0042613943846050188,0.0021306971923025094,,
2022-03-17T00:00:00Z,CRVUSDT,trade,rebalance,1221.3128270694037,2.089,2551.3224957479842,0,0,1.2756612478739919,0.63783062393699597,,
2022-03-17T00:00:00Z,DOGEUSDT,trade,rebalance,21680.94240561247,0.11698,2536.2366426085468,0,0,1.2681183213042733,0.63405916065213663,,
2022-03-17T00:00:00Z,DYDXUSDT,trade,rebalance,520.48832875304095,4.7279999999999998,2460.8688183443774,0,0,1.2304344091721886,0.6152172045860943,,
2022-03-17T00:00:00Z,EGLDUSDT,trade,rebalance,16.368759630488281,163.78999999999999,2681.0391398776756,0,0,1.3405195699388377,0.67025978496941885,,
2022-03-17T00:00:00Z,EOSUSDT,trade,rebalance,-1286.1870241463462,2.0830000000000002,-2679.1275712968395,0,0,1.3395637856484197,0.66978189282420986,,
2022-03-17T00:00:00Z,ETCUSDT,trade,rebalance,-97.975501071751779,27.356999999999999,-2680.3157828199132,0,0,1.3401578914099566,0.67007894570497828,,
2022-03-17T00:00:00Z,ETHUSDT,trade,rebalance,-0.96580818273441782,2772.7800000000002,-2677.9736129223393,0,0,1.3389868064611696,0.66949340323058482,,
2022-03-17T00:00:00Z,NEOUSDT,trade,rebalance,-129.97836089229878,20.617999999999999,-2679.8938448774161,0,0,1.3399469224387082,0.66997346121935408,,
2022-03-17T00:00:00Z,RENUSDT,trade,rebalance,7772.54569173253,0.34470000000000001,2679.196499940203,0,0,1.3395982499701014,0.66979912498505068,,
2022-03-17T00:00:00Z,RUNEUSDT,trade,rebalance,-131.09814739019788,7.6749999999999998,-1006.1782812197687,0,0,0.50308914060988441,0.25154457030494221,,
2022-03-17T00:00:00Z,SXPUSDT,trade,rebalance,24.484531735324936,1.3512,33.083499280771051,0,0,0.016541749640385524,0.0082708748201927619,,
2022-03-17T00:00:00Z,XMRUSDT,trade,rebalance,14.165164767628601,189.22,2680.332477330684,0,0,1.3401662386653421,0.67008311933267106,,
2022-03-17T00:00:00Z,XTZUSDT,trade,rebalance,-35.920443177738548,3.0979999999999999,-111.28153296463401,0,0,0.055640766482317007,0.027820383241158504,,
2022-03-21T00:00:00Z,ANTUSDT,risk_policy_action,before_rebalance,568.94590943299261,4.6669999999999998,2655.2705593237765,0,0,1.3276352796618882,0.66381763983094411,membership_exit,team-05-ldm-none-v1
2022-03-21T00:00:00Z,BANDUSDT,risk_policy_action,before_rebalance,735.51389261578231,3.5853999999999999,2637.1115105846256,0,0,1.3185557552923128,0.65927787764615642,membership_exit,team-05-ldm-none-v1
2022-03-24T00:00:00Z,1000SHIBUSDT,trade,rebalance,9987.9177721237502,0.024427000000000001,243.97486741966685,0,0,0.12198743370983343,0.060993716854916717,,
2022-03-24T00:00:00Z,1INCHUSDT,trade,rebalance,-142.83380623927906,1.6133,-230.4337796058289,0,0,0.11521688980291445,0.057608444901457223,,
2022-03-24T00:00:00Z,AAVEUSDT,trade,rebalance,16.911847842239982,155.90000000000001,2636.5570786052135,0,0,1.3182785393026069,0.65913926965130343,,
2022-03-24T00:00:00Z,ADAUSDT,trade,rebalance,-2385.8784490738503,1.1064000000000001,-2639.7359160553083,0,0,1.319867958027654,0.659933979013827,,
2022-03-24T00:00:00Z,ALICEUSDT,trade,rebalance,-381.45336874429984,6.9169999999999998,-2638.5129516043221,0,0,1.319256475802161,0.65962823790108049,,
2022-03-24T00:00:00Z,ARUSDT,trade,rebalance,-78.90512500327587,32.914999999999999,-2597.1621894828254,0,0,1.2985810947414127,0.64929054737070635,,
2022-03-24T00:00:00Z,ATOMUSDT,trade,rebalance,-93.413737031354572,28.234000000000002,-2637.4434513432652,0,0,1.3187217256716326,0.6593608628358163,,
2022-03-24T00:00:00Z,AXSUSDT,trade,rebalance,53.182812665098915,58.280000000000001,3099.4943221219646,0,0,1.5497471610609823,0.77487358053049116,,
2022-03-24T00:00:00Z,BNBUSDT,trade,rebalance,-6.4591761129031928,408.35000000000002,-2637.604565704019,0,0,1.3188022828520096,0.65940114142600481,,
2022-03-24T00:00:00Z,CHZUSDT,trade,rebalance,-13173.597768152089,0.21389,-2817.7008266300504,0,0,1.4088504133150253,0.70442520665751263,,
2022-03-24T00:00:00Z,EGLDUSDT,trade,rebalance,-16.368759630488281,185.74000000000001,-3040.3334137668935,0,0,1.5201667068834468,0.7600833534417234,,
2022-03-24T00:00:00Z,ENSUSDT,trade,rebalance,145.247315271856,18.164000000000001,2638.2722345979923,0,0,1.3191361172989962,0.65956805864949808,,
2022-03-24T00:00:00Z,EOSUSDT,trade,rebalance,1286.1870241463462,2.4990000000000001,3214.1813733417193,0,0,1.6070906866708596,0.80354534333542982,,
2022-03-24T00:00:00Z,ETCUSDT,trade,rebalance,156.42352176200362,45.125999999999998,7058.7678430321748,0,0,3.5293839215160872,1.7646919607580436,,
2022-03-24T00:00:00Z,GALAUSDT,trade,rebalance,-10572.236180574979,0.24948000000000001,-2637.5614823298456,0,0,1.3187807411649228,0.65939037058246142,,
2022-03-24T00:00:00Z,HNTUSDT,trade,rebalance,104.30888480248284,25.292999999999999,2638.2846233091982,0,0,1.3191423116545991,0.65957115582729953,,
2022-03-24T00:00:00Z,MATICUSDT,trade,rebalance,-1696.1616118313123,1.5553999999999999,-2638.2097710424227,0,0,1.3191048855212113,0.65955244276060565,,
2022-03-24T00:00:00Z,NEOUSDT,trade,rebalance,129.97836089229878,24.327999999999999,3162.1135637878447,0,0,1.5810567818939223,0.79052839094696115,,
2022-03-24T00:00:00Z,RENUSDT,trade,rebalance,-7772.54569173253,0.38429999999999997,-2986.989309332811,0,0,1.4934946546664054,0.7467473273332027,,
2022-03-24T00:00:00Z,RUNEUSDT,trade,rebalance,-35.786019199272118,8.4149999999999991,-301.13935156187483,0,0,0.15056967578093741,0.075284837890468706,,
2022-03-24T00:00:00Z,SXPUSDT,trade,rebalance,-319.01244469063931,1.5840000000000001,-505.3157123899727,0,0,0.25265785619498632,0.12632892809749316,,
2022-03-24T00:00:00Z,THETAUSDT,trade,rebalance,-824.93108629812616,3.198,-2638.1296139814076,0,0,1.3190648069907038,0.65953240349535192,,
2022-03-24T00:00:00Z,XMRUSDT,trade,rebalance,-0.76944129339945644,196.88,-151.48760184448497,0,0,0.075743800922242491,0.037871900461121245,,
2022-03-24T00:00:00Z,XTZUSDT,trade,rebalance,865.71380188666546,3.4529999999999998,2989.3097579146556,0,0,1.494654878957328,0.74732743947866398,,
2022-03-28T00:00:00Z,HNTUSDT,risk_policy_action,before_rebalance,-104.30888480248284,24.684000000000001,-2574.7605124644865,0,0,1.2873802562322434,0.6436901281161217,membership_exit,team-05-ldm-none-v1
2022-03-31T00:00:00Z,1000SHIBUSDT,trade,rebalance,11004.746549938573,0.027456999999999999,302.15732602166338,0,0,0.15107866301083167,0.075539331505415835,,
2022-03-31T00:00:00Z,1INCHUSDT,trade,rebalance,-1634.7548736169554,1.839,-3006.3142125815807,0,0,1.5031571062907905,0.75157855314539523,,
2022-03-31T00:00:00Z,AAVEUSDT,trade,rebalance,-4.9991756375855498,223.47999999999999,-1117.2157714876187,0,0,0.55860788574380926,0.27930394287190463,,
2022-03-31T00:00:00Z,ADAUSDT,trade,rebalance,2385.8784490738503,1.1901999999999999,2839.6725300876965,0,0,1.4198362650438483,0.70991813252192415,,
2022-03-31T00:00:00Z,ALICEUSDT,trade,rebalance,39.618266283486946,7.7939999999999996,308.78476741349726,0,0,0.15439238370674863,0.077196191853374313,,
2022-03-31T00:00:00Z,ARUSDT,trade,rebalance,-68.662320219724506,38.799999999999997,-2664.0980245253108,0,0,1.3320490122626554,0.66602450613132769,,
2022-03-31T00:00:00Z,ATOMUSDT,trade,rebalance,4.8172778710604831,30.038,144.70139269091479,0,0,0.072350696345457391,0.036175348172728695,,
2022-03-31T00:00:00Z,AVAXUSDT,trade,rebalance,-27.851012158920895,95.599999999999994,-2662.5567623928373,0,0,1.3312783811964186,0.66563919059820931,,
2022-03-31T00:00:00Z,AXSUSDT,trade,rebalance,41.45884229120341,64.189999999999998,2661.2430866723466,0,0,1.3306215433361732,0.66531077166808661,,
2022-03-31T00:00:00Z,BCHUSDT,trade,rebalance,7.0006118390287941,380.18000000000001,2661.4926089619671,0,0,1.3307463044809835,0.66537315224049176,,
2022-03-31T00:00:00Z,BNBUSDT,trade,rebalance,6.4591761129031928,442.17000000000002,2856.0539018424047,0,0,1.4280269509212022,0.71401347546060112,,
2022-03-31T00:00:00Z,CHZUSDT,trade,rebalance,8814.4520777255075,0.30199999999999999,2661.9645274731033,0,0,1.3309822637365516,0.6654911318682758,,
2022-03-31T00:00:00Z,DYDXUSDT,trade,rebalance,424.72477721160669,6.2670000000000003,2661.7501787851393,0,0,1.3308750893925696,0.6654375446962848,,
2022-03-31T00:00:00Z,ENJUSDT,trade,rebalance,1480.4742005908292,1.7986,2662.7808971826653,0,0,1.3313904485913326,0.6656952242956663,,
2022-03-31T00:00:00Z,ENSUSDT,trade,rebalance,-145.247315271856,19.274999999999999,-2799.6420018650242,0,0,1.399821000932512,0.69991050046625602,,
2022-03-31T00:00:00Z,ETCUSDT,trade,rebalance,-4.8513502146590426,49.674999999999997,-240.99082191318792,0,0,0.12049541095659397,0.060247705478296984,,
2022-03-31T00:00:00Z,GALAUSDT,trade,rebalance,801.56468286831841,0.27245999999999998,218.39431349430203,0,0,0.10919715674715101,0.054598578373575506,,
2022-03-31T00:00:00Z,MATICUSDT,trade,rebalance,1696.1616118313123,1.6817,2852.4349826167177,0,0,1.426217491308359,0.71310874565417948,,
2022-03-31T00:00:00Z,RENUSDT,trade,rebalance,-5532.0955234906869,0.48130000000000001,-2662.5975754560677,0,0,1.3312987877280338,0.66564939386401689,,
2022-03-31T00:00:00Z,RUNEUSDT,trade,rebalance,-90.5091869455579,11.944000000000001,-1081.0417288777437,0,0,0.54052086443887182,0.27026043221943591,,
2022-03-31T00:00:00Z,SXPUSDT,trade,rebalance,-1665.098830485658,1.6458999999999999,-2740.5861650963443,0,0,1.3702930825481723,0.68514654127408614,,
2022-03-31T00:00:00Z,THETAUSDT,trade,rebalance,824.93108629812616,3.9249999999999998,3237.854513720145,0,0,1.6189272568600725,0.80946362843003627,,
2022-03-31T00:00:00Z,XMRUSDT,trade,rebalance,-25.423618813428028,221.25,-5624.9756624709516,0,0,2.812487831235476,1.406243915617738,,
2022-04-04T00:00:00Z,RENUSDT,risk_policy_action,before_rebalance,5532.0955234906869,0.47289999999999999,2616.1279730587457,0,0,1.3080639865293728,0.65403199326468642,membership_exit,team-05-ldm-none-v1
2022-04-07T00:00:00Z,1000SHIBUSDT,trade,rebalance,96980.38556407539,0.024344999999999999,2360.9874865574152,0,0,1.1804937432787075,0.59024687163935374,,
2022-04-07T00:00:00Z,AAVEUSDT,trade,rebalance,1.8308653181403027,191.06999999999999,349.82343633706762,0,0,0.17491171816853379,0.087455859084266896,,
2022-04-07T00:00:00Z,ALICEUSDT,trade,rebalance,-48.615102168262077,6.7199999999999998,-326.69348657072112,0,0,0.16334674328536058,0.081673371642680292,,
2022-04-07T00:00:00Z,ARUSDT,trade,rebalance,-11.649973032583318,32.746000000000002,-381.49001692497336,0,0,0.19074500846248668,0.095372504231243341,,
2022-04-07T00:00:00Z,ATOMUSDT,trade,rebalance,-9.1697505658267318,26.858000000000001,-246.28116069697435,0,0,0.12314058034848717,0.061570290174243585,,
2022-04-07T00:00:00Z,AVAXUSDT,trade,rebalance,27.851012158920895,82.879999999999995,2308.2918877313637,0,0,1.1541459438656818,0.57707297193284091,,
2022-04-07T00:00:00Z,AXSUSDT,trade,rebalance,7.7920848958441908,53.310000000000002,415.39604579745384,0,0,0.20769802289872691,0.10384901144936345,,
2022-04-07T00:00:00Z,BCHUSDT,trade,rebalance,-7.0006118390287941,330.75999999999999,-2315.522371877164,0,0,1.1577611859385819,0.57888059296929095,,
2022-04-07T00:00:00Z,CELOUSDT,trade,rebalance,700.55484128021249,3.75,2627.0806548007968,0,0,1.3135403274003983,0.65677016370019914,,
2022-04-07T00:00:00Z,CELRUSDT,trade,rebalance,48373.43145370725,0.054300000000000001,2626.6773279363038,0,0,1.3133386639681519,0.65666933198407595,,
2022-04-07T00:00:00Z,CHRUSDT,trade,rebalance,5315.3957025494719,0.49409999999999998,2626.3370166296941,0,0,1.313168508314847,0.6565842541574235,,
2022-04-07T00:00:00Z,CHZUSDT,trade,rebalance,-8814.4520777255075,0.22724,-2002.9960901423442,0,0,1.0014980450711721,0.50074902253558606,,
2022-04-07T00:00:00Z,DOGEUSDT,trade,rebalance,18333.30014489311,0.14321999999999999,2625.6952467515907,0,0,1.3128476233757953,0.65642381168789765,,
2022-04-07T00:00:00Z,DYDXUSDT,trade,rebalance,-424.72477721160669,5.367,-2279.4978792946931,0,0,1.1397489396473466,0.56987446982367329,,
2022-04-07T00:00:00Z,ENJUSDT,trade,rebalance,-1480.474200590829,1.5199,-2250.1727374780012,0,0,1.1250863687390007,0.56254318436950035,,
2022-04-07T00:00:00Z,ENSUSDT,trade,rebalance,-162.34901826529577,16.178000000000001,-2626.4824174959549,0,0,1.3132412087479775,0.65662060437398873,,
2022-04-07T00:00:00Z,ETCUSDT,trade,rebalance,14.7598879143577,38.408999999999999,566.91253490256486,0,0,0.28345626745128244,0.14172813372564122,,
2022-04-07T00:00:00Z,GALAUSDT,trade,rebalance,-2173.9671727628975,0.21986,-477.96842260365065,0,0,0.23898421130182532,0.11949210565091266,,
2022-04-07T00:00:00Z,MATICUSDT,trade,rebalance,-1803.6798748315443,1.4562999999999999,-2626.6990017171779,0,0,1.3133495008585889,0.65667475042929446,,
2022-04-07T00:00:00Z,RUNEUSDT,trade,rebalance,-507.86269632945107,9.2159999999999993,-4680.4626093722209,0,0,2.3402313046861107,1.1701156523430554,,
2022-04-07T00:00:00Z,SRMUSDT,trade,rebalance,1036.6097536342211,2.5329999999999999,2625.7325059554819,0,0,1.3128662529777411,0.65643312648887053,,
2022-04-07T00:00:00Z,XMRUSDT,trade,rebalance,-0.32142958136813782,212.72999999999999,-68.377714844443958,0,0,0.034188857422221983,0.017094428711110991,,
2022-04-11T00:00:00Z,ARUSDT,risk_policy_action,before_rebalance,80.312293252307825,33.945,2726.200794449589,0,0,1.3631003972247946,0.6815501986123973,membership_exit,team-05-ldm-none-v1
2022-04-14T00:00:00Z,AAVEUSDT,trade,rebalance,0.9246370884703996,178.13999999999999,164.71485094011697,0,0,0.08235742547005849,0.041178712735029245,,
2022-04-14T00:00:00Z,ALGOUSDT,trade,rebalance,-3504.0748628815486,0.74570000000000003,-2612.9886252507708,0,0,1.3064943126253854,0.6532471563126927,,
2022-04-14T00:00:00Z,ALICEUSDT,trade,rebalance,-8.9220340813289454,6.5490000000000004,-58.430401198623265,0,0,0.029215200599311635,0.014607600299655818,,
2022-04-14T00:00:00Z,ALPHAUSDT,trade,rebalance,6514.5565326621063,0.40100000000000002,2612.3371695975047,0,0,1.3061685847987523,0.65308429239937615,,
2022-04-14T00:00:00Z,ATOMUSDT,trade,rebalance,-8.0699369485428321,24.684999999999999,-199.20639357477981,0,0,0.099603196787389908,0.049801598393694954,,
2022-04-14T00:00:00Z,AUDIOUSDT,trade,rebalance,2361.4899460016004,1.1071,2614.4055192183719,0,0,1.307202759609186,0.65360137980459299,,
2022-04-14T00:00:00Z,AXSUSDT,trade,rebalance,-49.250927187047601,48.420000000000002,-2384.7298943968449,0,0,1.1923649471984226,0.59618247359921128,,
2022-04-14T00:00:00Z,CELOUSDT,trade,rebalance,99.013281501541215,3.2679999999999998,323.57540394703665,0,0,0.16178770197351833,0.080893850986759164,,
2022-04-14T00:00:00Z,CELRUSDT,trade,rebalance,-48373.43145370725,0.051869999999999999,-2509.1298895037949,0,0,1.2545649447518974,0.6272824723759487,,
2022-04-14T00:00:00Z,CHRUSDT,trade,rebalance,-5315.3957025494719,0.44119999999999998,-2345.152583964827,0,0,1.1725762919824136,0.58628814599120682,,
2022-04-14T00:00:00Z,DOGEUSDT,trade,rebalance,341.66643764009859,0.13991000000000001,47.802551290226198,0,0,0.023901275645113101,0.011950637822556551,,
2022-04-14T00:00:00Z,EGLDUSDT,trade,rebalance,-16.408320474989459,159.22999999999999,-2612.6968692325713,0,0,1.3063484346162857,0.65317421730814285,,
2022-04-14T00:00:00Z,ENJUSDT,trade,rebalance,1643.361435072954,1.5906,2613.9306986270408,0,0,1.3069653493135203,0.65348267465676013,,
2022-04-14T00:00:00Z,ENSUSDT,trade,rebalance,-16.954393883937115,14.573,-247.07638207061558,0,0,0.12353819103530779,0.061769095517653895,,
2022-04-14T00:00:00Z,ETCUSDT,trade,rebalance,-0.56771842599130196,38.552999999999997,-21.887248477242661,0,0,0.01094362423862133,0.005471812119310665,,
2022-04-14T00:00:00Z,GALAUSDT,trade,rebalance,-669.73723913817594,0.20712,-138.71597697029901,0,0,0.069357988485149513,0.034678994242574757,,
2022-04-14T00:00:00Z,MATICUSDT,trade,rebalance,-38.139132182461935,1.4188000000000001,-54.111800740476994,0,0,0.027055900370238497,0.013527950185119248,,
2022-04-14T00:00:00Z,RUNEUSDT,trade,rebalance,-16.025986225122665,8.6750000000000007,-139.02543050293914,0,0,0.06951271525146957,0.034756357625734785,,
2022-04-14T00:00:00Z,SRMUSDT,trade,rebalance,-1036.6097536342211,2.5710000000000002,-2665.1236765935828,0,0,1.3325618382967914,0.66628091914839571,,
2022-04-14T00:00:00Z,XMRUSDT,trade,rebalance,23.374593381540738,236.99000000000001,5539.5448854913393,0,0,2.76977244274567,1.384886221372835,,
2022-04-18T00:00:00Z,ENSUSDT,risk_policy_action,before_rebalance,179.30341214923286,13.695,2455.5602293837442,0,0,1.2277801146918721,0.61389005734593605,membership_exit,team-05-ldm-none-v1
2022-04-21T00:00:00Z,1INCHUSDT,trade,rebalance,-1702.5846306439723,1.5426,-2626.4070512313915,0,0,1.3132035256156958,0.65660176280784788,,
2022-04-21T00:00:00Z,AAVEUSDT,trade,rebalance,-14.668174611265135,186.25,-2731.9475213481314,0,0,1.3659737606740656,0.68298688033703281,,
2022-04-21T00:00:00Z,ALGOUSDT,trade,rebalance,-38.551564215593771,0.74139999999999995,-28.582129709441219,0,0,0.014291064854720611,0.0071455324273603056,,
2022-04-21T00:00:00Z,ALICEUSDT,trade,rebalance,399.37223871040391,6.835,2729.7092515856107,0,0,1.3648546257928054,0.68242731289640268,,
2022-04-21T00:00:00Z,ALPHAUSDT,trade,rebalance,212.21240394632969,0.38990000000000002,82.741616298673947,0,0,0.041370808149336968,0.020685404074668484,,
2022-04-21T00:00:00Z,ATOMUSDT,trade,rebalance,105.83614667466367,24.271999999999998,2568.8549520874362,0,0,1.2844274760437182,0.6422137380218591,,
2022-04-21T00:00:00Z,AUDIOUSDT,trade,rebalance,-334.25055400585325,1.2958000000000001,-433.12186788078463,0,0,0.2165609339403923,0.10828046697019615,,
2022-04-21T00:00:00Z,BCHUSDT,trade,rebalance,7.9470575424033294,330.56999999999999,2627.0588117922684,0,0,1.3135294058961342,0.6567647029480671,,
2022-04-21T00:00:00Z,BTCUSDT,trade,rebalance,-0.063558838134797763,41326,-2626.6325447586523,0,0,1.3133162723793264,0.65665813618966318,,
2022-04-21T00:00:00Z,CELOUSDT,trade,rebalance,-799.56812278175369,3.278,-2620.9843064785887,0,0,1.3104921532392944,0.65524607661964718,,
2022-04-21T00:00:00Z,DOGEUSDT,trade,rebalance,-5.9464231942511105,0.14068,-0.83654281496724625,0,0,0.00041827140748362313,0.00020913570374181157,,
2022-04-21T00:00:00Z,EGLDUSDT,trade,rebalance,0.31056334574270394,163.22999999999999,50.693254925581563,0,0,0.025346627462790781,0.012673313731395391,,
2022-04-21T00:00:00Z,ENJUSDT,trade,rebalance,-1643.361435072954,1.516,-2491.3359355705984,0,0,1.2456679677852991,0.62283398389264955,,
2022-04-21T00:00:00Z,EOSUSDT,trade,rebalance,950.40153862216914,2.7629999999999999,2625.9594512130534,0,0,1.3129797256065268,0.65648986280326338,,
2022-04-21T00:00:00Z,ETCUSDT,trade,rebalance,-67.788839963959191,36.523000000000003,-2475.8518020036818,0,0,1.2379259010018411,0.61896295050092054,,
2022-04-21T00:00:00Z,GALAUSDT,trade,rebalance,-797.84622161142397,0.19583999999999999,-156.25020404038125,0,0,0.078125102020190629,0.039062551010095314,,
2022-04-21T00:00:00Z,IOSTUSDT,trade,rebalance,85206.546435957978,0.030814999999999999,2625.6397284240452,0,0,1.3128198642120226,0.65640993210601128,,
2022-04-21T00:00:00Z,MATICUSDT,trade,rebalance,1841.8190070140063,1.4165000000000001,2608.9366234353402,0,0,1.3044683117176701,0.65223415585883504,,
2022-04-21T00:00:00Z,RUNEUSDT,trade,rebalance,11.933355142486562,9.0869999999999997,108.43839817977539,0,0,0.054219199089887697,0.027109599544943849,,
2022-04-21T00:00:00Z,SNXUSDT,trade,rebalance,397.25991611095952,6.6100000000000003,2625.8880454934424,0,0,1.3129440227467213,0.65647201137336064,,
2022-04-21T00:00:00Z,SRMUSDT,trade,rebalance,-1082.1004797523644,2.4260000000000002,-2625.1757638792365,0,0,1.3125878819396182,0.65629394096980909,,
2022-04-21T00:00:00Z,THETAUSDT,trade,rebalance,-848.96543252379558,3.0939999999999999,-2626.6990482286233,0,0,1.3133495241143116,0.6566747620571558,,
2022-04-21T00:00:00Z,XMRUSDT,trade,rebalance,-1.1821448635863021,266.95999999999998,-315.58539278299918,0,0,0.15779269639149959,0.078896348195749796,,
2022-04-25T00:00:00Z,1INCHUSDT,risk_policy_action,before_rebalance,1702.5846306439726,1.4164000000000001,2411.5408708441228,0,0,1.2057704354220613,0.60288521771103065,membership_exit,team-05-ldm-none-v1
2022-04-25T00:00:00Z,SRMUSDT,risk_policy_action,before_rebalance,1082.1004797523644,2.3069999999999999,2496.4058067887045,0,0,1.2482029033943522,0.62410145169717612,membership_exit,team-05-ldm-none-v1
2022-04-28T00:00:00Z,1000SHIBUSDT,trade,rebalance,-111660.69987628932,0.023413,-2614.311966203562,0,0,1.3071559831017809,0.65357799155089047,,
2022-04-28T00:00:00Z,ALGOUSDT,trade,rebalance,3542.6264270971419,0.67100000000000004,2377.1023325821825,0,0,1.1885511662910913,0.59427558314554563,,
2022-04-28T00:00:00Z,ALPHAUSDT,trade,rebalance,-6726.768936608436,0.3296,-2217.1430415061404,0,0,1.1085715207530702,0.5542857603765351,,
2022-04-28T00:00:00Z,AUDIOUSDT,trade,rebalance,-2027.2393919957472,1.1068,-2243.7485590608931,0,0,1.1218742795304464,0.56093713976522319,,
2022-04-28T00:00:00Z,BCHUSDT,trade,rebalance,-7.9470575424033285,307.06999999999999,-2440.3029595457901,0,0,1.2201514797728952,0.61007573988644759,,
2022-04-28T00:00:00Z,BTCUSDT,trade,rebalance,0.063558838134797763,39209,2492.0784844272853,0,0,1.2460392422136426,0.6230196211068213,,
2022-04-28T00:00:00Z,CELOUSDT,trade,rebalance,-935.47296898146351,2.7949999999999999,-2614.6469483031906,0,0,1.3073234741515953,0.65366173707579767,,
2022-04-28T00:00:00Z,CHZUSDT,trade,rebalance,-12493.187299087871,0.20932000000000001,-2615.0739654450731,0,0,1.3075369827225365,0.65376849136126824,,
2022-04-28T00:00:00Z,DOGEUSDT,trade,rebalance,25.724215773228934,0.13985,3.5975315758860664,0,0,0.0017987657879430334,0.00089938289397151672,,
2022-04-28T00:00:00Z,EGLDUSDT,trade,rebalance,-1.3736032975806687,149.62,-205.51852538401965,0,0,0.10275926269200981,0.051379631346004907,,
2022-04-28T00:00:00Z,ENJUSDT,trade,rebalance,-2002.4190254109126,1.3055000000000001,-2614.1580376739466,0,0,1.3070790188369734,0.65353950941848671,,
2022-04-28T00:00:00Z,EOSUSDT,trade,rebalance,210.71988322963205,2.2519999999999998,474.54117703313131,0,0,0.23727058851656566,0.11863529425828283,,
2022-04-28T00:00:00Z,ETCUSDT,trade,rebalance,-83.641936925885815,31.260999999999999,-2614.7305902401163,0,0,1.3073652951200583,0.65368264756002914,,
2022-04-28T00:00:00Z,GALAUSDT,trade,rebalance,-1732.859821417489,0.17263000000000001,-299.14359097130114,0,0,0.14957179548565055,0.074785897742825277,,
2022-04-28T00:00:00Z,IOSTUSDT,trade,rebalance,9180.6785696443112,0.027699000000000001,254.2956157005778,0,0,0.1271478078502889,0.063573903925144448,,
2022-04-28T00:00:00Z,KAVAUSDT,trade,rebalance,506.73416572409599,5.1597,2614.5962748866182,0,0,1.307298137443309,0.65364906872165451,,
2022-04-28T00:00:00Z,MTLUSDT,trade,rebalance,972.89034559639754,2.6867999999999999,2613.9617805484008,0,0,1.3069808902742004,0.6534904451371002,,
2022-04-28T00:00:00Z,RUNEUSDT,trade,rebalance,289.02162526681047,7.6749999999999998,2218.2409739227705,0,0,1.1091204869613851,0.55456024348069255,,
2022-04-28T00:00:00Z,SNXUSDT,trade,rebalance,49.230341454476054,5.8550000000000004,288.2436492159573,0,0,0.14412182460797865,0.072060912303989325,,
2022-04-28T00:00:00Z,THETAUSDT,trade,rebalance,1776.3631958069652,2.8180000000000001,5005.7914857840278,0,0,2.5028957428920142,1.2514478714460071,,
2022-04-28T00:00:00Z,UNIUSDT,trade,rebalance,-317.8128054419571,8.2289999999999992,-2615.2815759818645,0,0,1.3076407879909322,0.6538203939954661,,
2022-04-28T00:00:00Z,XMRUSDT,trade,rebalance,1.5621190497257622,229.22999999999999,358.08454976863646,0,0,0.17904227488431823,0.089521137442159116,,
2022-05-05T00:00:00Z,1000SHIBUSDT,trade,rebalance,111660.69987628931,0.021777999999999999,2431.7467219058285,0,0,1.2158733609529142,0.6079366804764571,,
2022-05-05T00:00:00Z,ALGOUSDT,trade,rebalance,3633.8769334967178,0.71519999999999995,2598.9487828368524,0,0,1.2994743914184261,0.64973719570921307,,
2022-05-05T00:00:00Z,ALICEUSDT,trade,rebalance,481.80098806289573,5.391,2597.389126647071,0,0,1.2986945633235354,0.64934728166176769,,
2022-05-05T00:00:00Z,APEUSDT,trade,rebalance,167.12667947430919,15.554,2599.4883725434051,0,0,1.2997441862717025,0.64987209313585126,,
2022-05-05T00:00:00Z,AUDIOUSDT,trade,rebalance,-2854.5346737005566,0.91000000000000003,-2597.6265530675064,0,0,1.2988132765337532,0.64940663826687661,,
2022-05-05T00:00:00Z,CELOUSDT,trade,rebalance,-47.383552463859473,2.645,-125.32949626690831,0,0,0.062664748133454157,0.031332374066727078,,
2022-05-05T00:00:00Z,CELRUSDT,trade,rebalance,-66434.867676735157,0.039050000000000001,-2594.281582776508,0,0,1.297140791388254,0.648570395694127,,
2022-05-05T00:00:00Z,CHZUSDT,trade,rebalance,-783.23116382453918,0.19585,-153.39582343503599,0,0,0.076697911717517997,0.038348955858758998,,
2022-05-05T00:00:00Z,DOGEUSDT,trade,rebalance,433.02767420632881,0.13589999999999999,58.848460924640079,0,0,0.029424230462320042,0.014712115231160021,,
2022-05-05T00:00:00Z,EGLDUSDT,trade,rebalance,17.471360426827424,137.21000000000001,2397.2453641649909,0,0,1.1986226820824954,0.59931134104124772,,
2022-05-05T00:00:00Z,ENJUSDT,trade,rebalance,-201.0523250068527,1.1801999999999999,-237.28195397308752,0,0,0.11864097698654377,0.059320488493271886,,
2022-05-05T00:00:00Z,EOSUSDT,trade,rebalance,-1161.1214218518012,2.2240000000000002,-2582.3340421984062,0,0,1.2911670210992032,0.64558351054960161,,
2022-05-05T00:00:00Z,ETCUSDT,trade,rebalance,-1.2503172367657669,30.619,-38.283463472531018,0,0,0.019141731736265509,0.0095708658681327545,,
2022-05-05T00:00:00Z,GALAUSDT,trade,rebalance,15145.081952636647,0.16181999999999999,2450.7771615756619,0,0,1.2253885807878309,0.61269429039391543,,
2022-05-05T00:00:00Z,IOSTUSDT,trade,rebalance,-201588.2316419303,0.024237999999999999,-4886.0955585371066,0,0,2.4430477792685532,1.2215238896342766,,
2022-05-05T00:00:00Z,KAVAUSDT,trade,rebalance,64.703438584451419,4.5476999999999999,294.25182765050971,0,0,0.14712591382525486,0.073562956912627431,,
2022-05-05T00:00:00Z,LINKUSDT,trade,rebalance,-213.20213130189725,12.193,-2599.573586964033,0,0,1.2997867934820166,0.64989339674100832,,
2022-05-05T00:00:00Z,MTLUSDT,trade,rebalance,281.22490319653957,2.0729000000000002,582.95110183610689,0,0,0.29147555091805344,0.14573777545902672,,
2022-05-05T00:00:00Z,SNXUSDT,trade,rebalance,-446.49025756543563,5.0700000000000003,-2263.7056058567587,0,0,1.1318528029283792,0.5659264014641896,,
2022-05-05T00:00:00Z,THETAUSDT,trade,rebalance,-927.39776328316964,2.597,-2408.4519912463916,0,0,1.2042259956231958,0.60211299781159788,,
2022-05-05T00:00:00Z,UNIUSDT,trade,rebalance,317.8128054419571,7.9329999999999998,2521.2089855710456,0,0,1.2606044927855229,0.63030224639276144,,
2022-05-05T00:00:00Z,XMRUSDT,trade,rebalance,0.14311299095411023,225.06999999999999,32.210440874041588,0,0,0.016105220437020795,0.0080526102185103973,,
2022-05-05T00:00:00Z,ZRXUSDT,trade,rebalance,3247.5396617400115,0.80049999999999999,2599.6554992228794,0,0,1.2998277496114397,0.64991387480571983,,
2022-05-09T00:00:00Z,ALGOUSDT,risk_policy_action,before_rebalance,-3633.8769334967178,0.72919999999999996,-2649.8230599058065,0,0,1.3249115299529033,0.66245576497645164,membership_exit,team-05-ldm-none-v1
2022-05-09T00:00:00Z,AUDIOUSDT,risk_policy_action,before_rebalance,2854.5346737005566,0.75029999999999997,2141.7573656775276,0,0,1.0708786828387638,0.53543934141938188,membership_exit,team-05-ldm-none-v1
2022-05-09T00:00:00Z,CELOUSDT,risk_policy_action,before_rebalance,982.8565214453231,2.2999999999999998,2260.5699993242429,0,0,1.1302849996621216,0.5651424998310608,membership_exit,team-05-ldm-none-v1
2022-05-09T00:00:00Z,CELRUSDT,risk_policy_action,before_rebalance,66434.867676735157,0.03022,2007.6617011909366,0,0,1.0038308505954683,0.50191542529773414,membership_exit,team-05-ldm-none-v1
2022-05-09T00:00:00Z,CHZUSDT,risk_policy_action,before_rebalance,13276.41846291241,0.16261,2158.8784062541872,0,0,1.0794392031270936,0.53971960156354681,membership_exit,team-05-ldm-none-v1
2022-05-09T00:00:00Z,ENJUSDT,risk_policy_action,before_rebalance,2203.4713504177653,0.95699999999999996,2108.7220823498014,0,0,1.0543610411749007,0.52718052058745035,membership_exit,team-05-ldm-none-v1
2022-05-09T00:00:00Z,IOSTUSDT,risk_policy_action,before_rebalance,107201.00663632801,0.02129,2282.3094312874232,0,0,1.1411547156437116,0.57057735782185581,membership_exit,team-05-ldm-none-v1
2022-05-09T00:00:00Z,ZRXUSDT,risk_policy_action,before_rebalance,-3247.5396617400115,0.62660000000000005,-2034.9083520462914,0,0,1.0174541760231457,0.50872708801157285,membership_exit,team-05-ldm-none-v1
2022-05-12T00:00:00Z,1000SHIBUSDT,trade,rebalance,-334223.07767289074,0.012045999999999999,-4026.0511936476414,0,0,2.0130255968238204,1.0065127984119102,,
2022-05-12T00:00:00Z,AAVEUSDT,trade,rebalance,-48.819669516581754,82.430000000000007,-4024.2053582518342,0,0,2.0121026791259169,1.0060513395629584,,
2022-05-12T00:00:00Z,ADAUSDT,trade,rebalance,7770.715056683166,0.51770000000000005,4022.8991848448754,0,0,2.011449592422438,1.005724796211219,,
2022-05-12T00:00:00Z,ALICEUSDT,trade,rebalance,-481.80098806289573,2.516,-1212.2112859662457,0,0,0.60610564298312286,0.30305282149156143,,
2022-05-12T00:00:00Z,APEUSDT,trade,rebalance,535.15103638693222,5.7249999999999996,3063.7396833151865,0,0,1.5318698416575933,0.76593492082879666,,
2022-05-12T00:00:00Z,AXSUSDT,trade,rebalance,211.68023896069911,19,4021.9245402532833,0,0,2.0109622701266416,1.0054811350633208,,
2022-05-12T00:00:00Z,BTCUSDT,trade,rebalance,0.13839041195815216,29077.900000000001,4024.1025598779529,0,0,2.0120512799389765,1.0060256399694882,,
2022-05-12T00:00:00Z,CRVUSDT,trade,rebalance,2670.0530653412502,1.5049999999999999,4018.4298633385811,0,0,2.0092149316692907,1.0046074658346453,,
2022-05-12T00:00:00Z,DOGEUSDT,trade,rebalance,-19127.772049318515,0.085129999999999997,-1628.3472345584851,0,0,0.81417361727924253,0.40708680863962127,,
2022-05-12T00:00:00Z,ETCUSDT,trade,rebalance,84.892254162651582,19.942,1692.9213325115979,0,0,0.84646066625579897,0.42323033312789948,,
2022-05-12T00:00:00Z,KAVAUSDT,trade,rebalance,-2682.8006254593665,1.9053,-5111.5400316877312,0,0,2.5557700158438657,1.2778850079219328,,
2022-05-12T00:00:00Z,LINKUSDT,trade,rebalance,213.20213130189725,6.9359999999999999,1478.7699827099593,0,0,0.7393849913549797,0.36969249567748985,,
2022-05-12T00:00:00Z,MTLUSDT,trade,rebalance,-5281.481603731916,0.99919999999999998,-5277.2564184489302,0,0,2.6386282092244651,1.3193141046122325,,
2022-05-12T00:00:00Z,XMRUSDT,trade,rebalance,-40.181867799595601,140.59,-5649.1687939451458,0,0,2.8245843969725728,1.4122921984862864,,
2022-05-19T00:00:00Z,1000SHIBUSDT,trade,rebalance,334223.07767289074,0.011514999999999999,3848.5787394033364,0,0,1.9242893697016683,0.96214468485083415,,
2022-05-19T00:00:00Z,AAVEUSDT,trade,rebalance,18.414712991862821,81.780000000000001,1505.9552284745416,0,0,0.75297761423727083,0.37648880711863542,,
2022-05-19T00:00:00Z,ADAUSDT,trade,rebalance,-7770.715056683166,0.50590000000000002,-3931.2047471760138,0,0,1.965602373588007,0.98280118679400352,,
2022-05-19T00:00:00Z,APEUSDT,trade,rebalance,-390.54780847490076,7.9790000000000001,-3116.180963821233,0,0,1.5580904819106165,0.77904524095530825,,
2022-05-19T00:00:00Z,AXSUSDT,trade,rebalance,-96.471096466432783,21.579999999999998,-2081.8462617456194,0,0,1.0409231308728097,0.52046156543640487,,
2022-05-19T00:00:00Z,BTCUSDT,trade,rebalance,-0.051764582009430973,28700.599999999999,-1485.6745624198745,0,0,0.74283728120993731,0.37141864060496865,,
2022-05-19T00:00:00Z,CRVUSDT,trade,rebalance,-2670.0530653412502,1.228,-3278.8251642390551,0,0,1.6394125821195273,0.81970629105976367,,
2022-05-19T00:00:00Z,DOGEUSDT,trade,rebalance,-29850.153260378429,0.083330000000000001,-2487.4132711873344,0,0,1.2437066355936672,0.62185331779683362,,
2022-05-19T00:00:00Z,ENSUSDT,trade,rebalance,237.16691143571592,10.488,2487.4065671377884,0,0,1.2437032835688941,0.62185164178444707,,
2022-05-19T00:00:00Z,EOSUSDT,trade,rebalance,-1963.833566371459,1.2649999999999999,-2484.2494614598954,0,0,1.2421247307299477,0.62106236536497383,,
2022-05-19T00:00:00Z,ETCUSDT,trade,rebalance,-125.67423014842375,19.779,-2485.7105981056734,0,0,1.2428552990528368,0.62142764952641838,,
2022-05-19T00:00:00Z,FILUSDT,trade,rebalance,-327.17637781632675,7.5990000000000002,-2486.2132950262671,0,0,1.2431066475131336,0.6215533237565668,,
2022-05-19T00:00:00Z,FTMUSDT,trade,rebalance,7798.6615276859084,0.31890000000000002,2486.9931611790362,0,0,1.2434965805895182,0.62174829029475909,,
2022-05-19T00:00:00Z,GALAUSDT,trade,rebalance,31960.577131074268,0.077789999999999998,2486.2132950262671,0,0,1.2431066475131336,0.6215533237565668,,
2022-05-19T00:00:00Z,KAVAUSDT,trade,rebalance,2111.3630211508189,2.3492000000000002,4960.0140092875045,0,0,2.4800070046437521,1.2400035023218761,,
2022-05-19T00:00:00Z,KNCUSDT,trade,rebalance,-1130.61086631481,2.198,-2485.0826841599524,0,0,1.242541342079976,0.62127067103998801,,
2022-05-19T00:00:00Z,MANAUSDT,trade,rebalance,2405.6248621444288,1.0336000000000001,2486.4538575124816,0,0,1.243226928756241,0.62161346437812048,,
2022-05-19T00:00:00Z,MTLUSDT,trade,rebalance,4027.3663549389789,1.3398000000000001,5395.8654423472444,0,0,2.6979327211736219,1.348966360586811,,
2022-05-19T00:00:00Z,TRXUSDT,trade,rebalance,35041.76596231525,0.070949999999999999,2486.2132950262671,0,0,1.2431066475131336,0.6215533237565668,,
2022-05-19T00:00:00Z,XMRUSDT,trade,rebalance,12.595495808630194,155.08000000000001,1953.3094900023705,0,0,0.97665474500118521,0.4883273725005926,,
2022-05-19T00:00:00Z,ZILUSDT,trade,rebalance,-51785.32170435883,0.048009999999999997,-2486.2132950262671,0,0,1.2431066475131336,0.6215533237565668,,
2022-05-26T00:00:00Z,AAVEUSDT,trade,rebalance,30.404956524718934,101.98,3100.6974663908368,0,0,1.5503487331954184,0.77517436659770922,,
2022-05-26T00:00:00Z,APEUSDT,trade,rebalance,-648.03864460753721,7.3339999999999996,-4752.7154195516778,0,0,2.376357709775839,1.1881788548879195,,
2022-05-26T00:00:00Z,AVAXUSDT,trade,rebalance,90.660741782216434,27.219999999999999,2467.7853913119311,0,0,1.2338926956559655,0.61694634782798274,,
2022-05-26T00:00:00Z,AXSUSDT,trade,rebalance,-115.20914249426633,20.870000000000001,-2404.4148038553385,0,0,1.2022074019276694,0.6011037009638347,,
2022-05-26T00:00:00Z,BNBUSDT,trade,rebalance,7.5817670739993677,325.37,2466.8795528671744,0,0,1.2334397764335872,0.61671988821679358,,
2022-05-26T00:00:00Z,BTCUSDT,trade,rebalance,-0.086625829948721186,29536.700000000001,-2558.641151446393,0,0,1.2793205757231965,0.63966028786159823,,
2022-05-26T00:00:00Z,DOGEUSDT,trade,rebalance,94.830189763186354,0.082909999999999998,7.8623710332657808,0,0,0.0039311855166328903,0.0019655927583164452,,
2022-05-26T00:00:00Z,ENSUSDT,trade,rebalance,-36.163571618804269,12.273999999999999,-443.87167804920358,0,0,0.22193583902460176,0.11096791951230088,,
2022-05-26T00:00:00Z,EOSUSDT,trade,rebalance,98.990417995269581,1.3220000000000001,130.8653325897464,0,0,0.06543266629487321,0.032716333147436605,,
2022-05-26T00:00:00Z,ETCUSDT,trade,rebalance,125.67423014842375,23.716999999999999,2980.6157164301658,0,0,1.4903078582150828,0.74515392910754141,,
2022-05-26T00:00:00Z,ETHUSDT,trade,rebalance,1.2707442797692745,1942.01,2467.7980987547289,0,0,1.2338990493773645,0.61694952468868225,,
2022-05-26T00:00:00Z,FILUSDT,trade,rebalance,327.17637781632675,8.1679999999999993,2672.3766540037568,0,0,1.3361883270018784,0.6680941635009392,,
2022-05-26T00:00:00Z,FTMUSDT,trade,rebalance,-1669.1444188800233,0.40239999999999998,-671.66371415732135,0,0,0.3358318570786607,0.16791592853933035,,
2022-05-26T00:00:00Z,GALAUSDT,trade,rebalance,-31960.577131074268,0.080159999999999995,-2561.9598628269132,0,0,1.2809799314134565,0.64048996570672823,,
2022-05-26T00:00:00Z,KNCUSDT,trade,rebalance,2281.6301719640314,2.145,4894.0967188628474,0,0,2.4470483594314238,1.2235241797157119,,
2022-05-26T00:00:00Z,MANAUSDT,trade,rebalance,-67.359784836651215,1.0551999999999999,-71.078044959634354,0,0,0.035539022479817176,0.017769511239908588,,
2022-05-26T00:00:00Z,MTLUSDT,trade,rebalance,-1776.7912674144511,1.3878999999999999,-2466.0086000445167,0,0,1.2330043000222584,0.61650215001112918,,
2022-05-26T00:00:00Z,NEARUSDT,trade,rebalance,-429.0308399360103,5.7519999999999998,-2467.7853913119311,0,0,1.2338926956559655,0.61694634782798274,,
2022-05-26T00:00:00Z,RUNEUSDT,trade,rebalance,-798.50224686684419,3.0870000000000002,-2464.9764360779482,0,0,1.232488218038974,0.61624410901948701,,
2022-05-26T00:00:00Z,TRXUSDT,trade,rebalance,-5896.643921715553,0.084669999999999995,-499.26884085165585,0,0,0.24963442042582792,0.12481721021291396,,
2022-05-26T00:00:00Z,WAVESUSDT,trade,rebalance,-451.97534639412657,5.46,-2467.7853913119311,0,0,1.2338926956559655,0.61694634782798274,,
2022-05-26T00:00:00Z,XMRUSDT,trade,rebalance,16.038016352898122,203.87,3269.6703938653404,0,0,1.6348351969326702,0.8174175984663351,,
2022-05-26T00:00:00Z,ZILUSDT,trade,rebalance,3595.8002961977036,0.051220000000000002,184.17689117124638,0,0,0.09208844558562318,0.04604422279281159,,
2022-05-30T00:00:00Z,MTLUSDT,risk_policy_action,before_rebalance,1776.7912674144513,1.3146,2335.7698001430376,0,0,1.1678849000715188,0.5839424500357594,membership_exit,team-05-ldm-none-v1
2022-06-02T00:00:00Z,AAVEUSDT,trade,rebalance,22.736089563539167,106.33,2417.5284032911195,0,0,1.2087642016455598,0.60438210082277988,,
2022-06-02T00:00:00Z,APEUSDT,trade,rebalance,-59.598693923721214,6.1059999999999999,-363.90962509824175,0,0,0.18195481254912088,0.090977406274560441,,
2022-06-02T00:00:00Z,AVAXUSDT,trade,rebalance,11.469969680280073,23.670000000000002,271.49418233222934,0,0,0.13574709116611466,0.067873545583057332,,
2022-06-02T00:00:00Z,BNBUSDT,trade,rebalance,0.46879911864697205,300.29000000000002,140.77568733849924,0,0,0.07038784366924962,0.03519392183462481,,
2022-06-02T00:00:00Z,DOGEUSDT,trade,rebalance,29755.323070615243,0.081000000000000003,2410.1811687198347,0,0,1.2050905843599173,0.60254529217995867,,
2022-06-02T00:00:00Z,DOTUSDT,trade,rebalance,255.69185589363425,9.4499999999999993,2416.2880381948435,0,0,1.2081440190974218,0.60407200954871088,,
2022-06-02T00:00:00Z,ENSUSDT,trade,rebalance,-427.80943645779183,10.66,-4560.4485926400612,0,0,2.2802242963200303,1.1401121481600152,,
2022-06-02T00:00:00Z,EOSUSDT,trade,rebalance,1864.8431483761894,1.266,2360.891425844256,0,0,1.180445712922128,0.59022285646106398,,
2022-06-02T00:00:00Z,ETCUSDT,trade,rebalance,109.87525719347488,22.001999999999999,2417.4754087708343,0,0,1.2087377043854173,0.60436885219270864,,
2022-06-02T00:00:00Z,ETHUSDT,trade,rebalance,-1.2707442797692745,1817.1600000000001,-2309.145675425535,0,0,1.1545728377127675,0.57728641885638377,,
2022-06-02T00:00:00Z,FILUSDT,trade,rebalance,-325.21557298885102,7.4349999999999996,-2417.9777851721074,0,0,1.2089888925860537,0.60449444629302684,,
2022-06-02T00:00:00Z,FTMUSDT,trade,rebalance,-6129.5171088058851,0.36720000000000003,-2250.7586823535212,0,0,1.1253793411767605,0.56268967058838026,,
2022-06-02T00:00:00Z,GMTUSDT,trade,rebalance,-2376.9243235060276,1.0169999999999999,-2417.3320370056299,0,0,1.2086660185028149,0.60433300925140743,,
2022-06-02T00:00:00Z,JASMYUSDT,trade,rebalance,-206695.43579316407,0.0117,-2418.3365987800198,0,0,1.2091682993900099,0.60458414969500496,,
2022-06-02T00:00:00Z,KNCUSDT,trade,rebalance,-2363.5727224623565,1.994,-4712.9640085899391,0,0,2.3564820042949695,1.1782410021474847,,
2022-06-02T00:00:00Z,MANAUSDT,trade,rebalance,-2338.2650773077776,0.98199999999999998,-2296.1763059162377,0,0,1.1480881529581188,0.57404407647905942,,
2022-06-02T00:00:00Z,NEARUSDT,trade,rebalance,429.03083993601024,5.3380000000000001,2290.1666235784228,0,0,1.1450833117892114,0.57254165589460571,,
2022-06-02T00:00:00Z,PEOPLEUSDT,trade,rebalance,121448.14747087589,0.019910000000000001,2418.0326161451389,0,0,1.2090163080725695,0.60450815403628477,,
2022-06-02T00:00:00Z,RUNEUSDT,trade,rebalance,798.50224686684419,2.7799999999999998,2219.8362462898267,0,0,1.1099181231449133,0.55495906157245667,,
2022-06-02T00:00:00Z,SANDUSDT,trade,rebalance,1825.7630412587012,1.3237000000000001,2416.762537714143,0,0,1.2083812688570714,0.60419063442853571,,
2022-06-02T00:00:00Z,TRXUSDT,trade,rebalance,-29145.122040599697,0.083510000000000001,-2433.9091416104807,0,0,1.2169545708052403,0.60847728540262014,,
2022-06-02T00:00:00Z,WAVESUSDT,trade,rebalance,715.24890919651853,9.1709999999999994,6559.5477462412709,0,0,3.279773873120635,1.6398869365603175,,
2022-06-02T00:00:00Z,ZECUSDT,trade,rebalance,-27.001329158755059,89.510000000000005,-2416.8889730001656,0,0,1.2084444865000827,0.60422224325004137,,
2022-06-02T00:00:00Z,ZILUSDT,trade,rebalance,-171.87462362951192,0.04999,-8.592012435239301,0,0,0.0042960062176196504,0.0021480031088098252,,
2022-06-06T00:00:00Z,JASMYUSDT,risk_policy_action,before_rebalance,206695.4357931641,0.01213,2507.2156361710804,0,0,1.2536078180855401,0.62680390904277006,membership_exit,team-05-ldm-none-v1
2022-06-06T00:00:00Z,JASMYUSDT,trade,rebalance,-2.9103830456733704e-11,0.01213,-3.5302946344017983e-13,0,0,1.7651473172008992e-16,8.8257365860044962e-17,,
2022-06-06T00:00:00Z,ZECUSDT,risk_policy_action,before_rebalance,27.001329158755059,89.319999999999993,2411.7587204600018,0,0,1.2058793602300009,0.60293968011500043,membership_exit,team-05-ldm-none-v1
2022-06-09T00:00:00Z,AAVEUSDT,trade,rebalance,-22.736089563539167,96.379999999999995,-2191.3043121339047,0,0,1.0956521560669523,0.54782607803347616,,
2022-06-09T00:00:00Z,ADAUSDT,trade,rebalance,3759.4282721234431,0.64029999999999998,2407.1619226406406,0,0,1.2035809613203203,0.60179048066016017,,
2022-06-09T00:00:00Z,ALICEUSDT,trade,rebalance,-852.57815080929811,2.823,-2406.8281197346487,0,0,1.2034140598673242,0.6017070299336621,,
2022-06-09T00:00:00Z,APEUSDT,trade,rebalance,-26.229672805569692,5.7030000000000003,-149.58782401016396,0,0,0.074793912005081981,0.03739695600254099,,
2022-06-09T00:00:00Z,AVAXUSDT,trade,rebalance,-3.8237345140337449,24.5,-93.681495593826753,0,0,0.046840747796913378,0.023420373898456689,,
2022-06-09T00:00:00Z,BNBUSDT,trade,rebalance,0.30048341798445222,288.26999999999998,86.62035490237804,0,0,0.043310177451189022,0.021655088725594511,,
2022-06-09T00:00:00Z,DOGEUSDT,trade,rebalance,-30378.102892616804,0.079240000000000005,-2407.1608732109557,0,0,1.2035804366054779,0.60179021830273893,,
2022-06-09T00:00:00Z,DOTUSDT,trade,rebalance,-255.69185589363425,8.9949999999999992,-2299.94824376324,0,0,1.14997412188162,0.57498706094080998,,
2022-06-09T00:00:00Z,ENSUSDT,trade,rebalance,15.451705852727001,11.387,175.94857454500237,0,0,0.087974287272501187,0.043987143636250593,,
2022-06-09T00:00:00Z,ETCUSDT,trade,rebalance,-109.87525719347488,21.266999999999999,-2336.7170947336303,0,0,1.1683585473668152,0.58417927368340761,,
2022-06-09T00:00:00Z,FILUSDT,trade,rebalance,325.21557298885102,7.1799999999999997,2335.0478140599503,0,0,1.167523907029975,0.5837619535149875,,
2022-06-09T00:00:00Z,GMTUSDT,trade,rebalance,-112.25874666338223,0.96719999999999995,-108.57665977282328,0,0,0.054288329886411635,0.027144164943205817,,
2022-06-09T00:00:00Z,KNCUSDT,trade,rebalance,-76.968739302479889,1.867,-143.70063627772996,0,0,0.071850318138864971,0.035925159069432486,,
2022-06-09T00:00:00Z,LINKUSDT,trade,rebalance,276.74888381347881,8.7010000000000005,2407.9920380610793,0,0,1.2039960190305394,0.60199800951526972,,
2022-06-09T00:00:00Z,NEARUSDT,trade,rebalance,-475.6100089821914,5.0620000000000003,-2407.537865467853,0,0,1.2037689327339265,0.60188446636696324,,
2022-06-09T00:00:00Z,PEOPLEUSDT,trade,rebalance,-4809.2961060240195,0.0206,-99.071499784094797,0,0,0.049535749892047398,0.024767874946023699,,
2022-06-09T00:00:00Z,RUNEUSDT,trade,rebalance,844.14714060316248,2.8519999999999999,2407.5076450002193,0,0,1.2037538225001096,0.60187691125005482,,
2022-06-09T00:00:00Z,SANDUSDT,trade,rebalance,-1825.7630412587014,1.2886,-2352.6782549659624,0,0,1.1763391274829811,0.58816956374149054,,
2022-06-09T00:00:00Z,SOLUSDT,trade,rebalance,62.03791142225402,38.810000000000002,2407.6913422976786,0,0,1.2038456711488394,0.60192283557441972,,
2022-06-09T00:00:00Z,WAVESUSDT,trade,rebalance,51.890446291449223,7.641,396.49490011296353,0,0,0.19824745005648176,0.099123725028240878,,
2022-06-09T00:00:00Z,ZILUSDT,trade,rebalance,-763.97924789011449,0.049009999999999998,-37.442622939094512,0,0,0.018721311469547256,0.0093606557347736281,,
2022-06-16T00:00:00Z,ADAUSDT,trade,rebalance,797.75277693861335,0.53439999999999999,426.31908399599496,0,0,0.2131595419979975,0.10657977099899875,,
2022-06-16T00:00:00Z,ALICEUSDT,trade,rebalance,-173.57322589922876,2.3740000000000001,-412.0628382847691,0,0,0.20603141914238454,0.10301570957119227,,
2022-06-16T00:00:00Z,APEUSDT,trade,rebalance,-163.50447990253542,4.1589999999999998,-680.01513191464483,0,0,0.3400075659573224,0.1700037829786612,,
2022-06-16T00:00:00Z,AVAXUSDT,trade,rebalance,-98.306976948462761,18.280000000000001,-1797.0515386178995,0,0,0.89852576930894978,0.44926288465447489,,
2022-06-16T00:00:00Z,BELUSDT,trade,rebalance,2532.1722002000083,0.9607,2432.6578327321481,0,0,1.216328916366074,0.60816445818303699,,
2022-06-16T00:00:00Z,BNBUSDT,trade,rebalance,-8.3510496106307919,233.47,-1949.719552593971,0,0,0.9748597762969855,0.48742988814849275,,
2022-06-16T00:00:00Z,DOGEUSDT,trade,rebalance,-8397.4659252819001,0.062829999999999997,-527.61278408546173,0,0,0.26380639204273082,0.13190319602136541,,
2022-06-16T00:00:00Z,ENSUSDT,trade,rebalance,-49.432270400947118,9.3450000000000006,-461.94456689685086,0,0,0.23097228344842544,0.11548614172421272,,
2022-06-16T00:00:00Z,ETHUSDT,trade,rebalance,1.9693847753493678,1236.48,2435.1048870239865,0,0,1.2175524435119933,0.60877622175599666,,
2022-06-16T00:00:00Z,GMTUSDT,trade,rebalance,-1087.5556801277021,0.68089999999999995,-740.51666259895228,0,0,0.37025833129947616,0.18512916564973808,,
2022-06-16T00:00:00Z,KNCUSDT,trade,rebalance,-310.12918257681804,1.524,-472.63687424707069,0,0,0.23631843712353534,0.11815921856176767,,
2022-06-16T00:00:00Z,LINKUSDT,trade,rebalance,56.028371574398761,7.319,410.07165155302454,0,0,0.20503582577651228,0.10251791288825614,,
2022-06-16T00:00:00Z,NEARUSDT,trade,rebalance,-163.32757004444784,3.8109999999999999,-622.44136943939066,0,0,0.31122068471969533,0.15561034235984766,,
2022-06-16T00:00:00Z,PEOPLEUSDT,trade,rebalance,-20076.465759280109,0.025219999999999999,-506.3284664490443,0,0,0.25316423322452214,0.12658211661226107,,
2022-06-16T00:00:00Z,RSRUSDT,trade,rebalance,340592.11032352335,0.0071599999999999997,2438.639509916427,0,0,1.2193197549582135,0.60965987747910677,,
2022-06-16T00:00:00Z,RUNEUSDT,trade,rebalance,-844.14714060316248,2.0449999999999999,-1726.2809025334673,0,0,0.86314045126673378,0.43157022563336689,,
2022-06-16T00:00:00Z,SOLUSDT,trade,rebalance,-62.03791142225402,34.719999999999999,-2153.9562845806595,0,0,1.0769781422903297,0.53848907114516487,,
2022-06-16T00:00:00Z,TRXUSDT,trade,rebalance,38713.951832648585,0.062939999999999996,2436.6561283469018,0,0,1.2183280641734509,0.60916403208672543,,
2022-06-16T00:00:00Z,WAVESUSDT,trade,rebalance,156.06792369138134,5.1680000000000001,806.55902963705876,0,0,0.40327951481852936,0.20163975740926468,,
2022-06-16T00:00:00Z,ZILUSDT,trade,rebalance,-16120.17878643,0.037359999999999997,-602.24987946102476,0,0,0.30112493973051235,0.15056246986525618,,
2022-06-20T00:00:00Z,ALICEUSDT,risk_policy_action,before_rebalance,1026.1513767085269,2.2170000000000001,2274.977602162804,0,0,1.1374888010814019,0.56874440054070097,membership_exit,team-05-ldm-none-v1
2022-06-20T00:00:00Z,ENSUSDT,risk_policy_action,before_rebalance,260.7866611891003,8.9239999999999995,2327.2601644515307,0,0,1.1636300822257655,0.58181504111288274,membership_exit,team-05-ldm-none-v1
2022-06-23T00:00:00Z,ADAUSDT,trade,rebalance,763.67829159543362,0.45889999999999997,350.45196801314449,0,0,0.17522598400657224,0.087612992003286122,,
2022-06-23T00:00:00Z,APEUSDT,trade,rebalance,-28.633221537598956,3.9750000000000001,-113.81705561195585,0,0,0.056908527805977931,0.028454263902988965,,
2022-06-23T00:00:00Z,AXSUSDT,trade,rebalance,-174.78470661615762,13.98,-2443.4901984938838,0,0,1.2217450992469419,0.61087254962347093,,
2022-06-23T00:00:00Z,BCHUSDT,trade,rebalance,21.670517275551724,112.65000000000001,2441.1837710909017,0,0,1.2205918855454509,0.61029594277272547,,
2022-06-23T00:00:00Z,BELUSDT,trade,rebalance,693.80527559299207,0.75690000000000002,525.14121309633572,0,0,0.26257060654816788,0.13128530327408394,,
2022-06-23T00:00:00Z,DOGEUSDT,trade,rebalance,38775.568817898704,0.06166,2390.9015733116339,0,0,1.1954507866558171,0.59772539332790853,,
2022-06-23T00:00:00Z,EGLDUSDT,trade,rebalance,41.928572793954977,58.259999999999998,2442.7586509758171,0,0,1.2213793254879084,0.6106896627439542,,
2022-06-23T00:00:00Z,ETHUSDT,trade,rebalance,-1.9693847753493678,1049.4100000000001,-2066.6920770993802,0,0,1.03334603854969,0.51667301927484499,,
2022-06-23T00:00:00Z,GALAUSDT,trade,rebalance,-45083.869117941693,0.05416,-2441.742351427722,0,0,1.2208711757138611,0.61043558785693053,,
2022-06-23T00:00:00Z,GALUSDT,trade,rebalance,-950.98237709445471,2.5676000000000001,-2441.742351427722,0,0,1.2208711757138611,0.61043558785693053,,
2022-06-23T00:00:00Z,GMTUSDT,trade,rebalance,233.217302044467,0.72989999999999999,170.22530876225647,0,0,0.085112654381128236,0.042556327190564118,,
2022-06-23T00:00:00Z,KNCUSDT,trade,rebalance,-262.85236186265638,1.3109999999999999,-344.59944640194249,0,0,0.17229972320097126,0.086149861600485628,,
2022-06-23T00:00:00Z,LINKUSDT,trade,rebalance,36.010292026066224,6.6189999999999998,238.35212292053234,0,0,0.11917606146026617,0.059588030730133086,,
2022-06-23T00:00:00Z,NEARUSDT,trade,rebalance,-106.40501908927104,3.2759999999999998,-348.58284253645189,0,0,0.17429142126822594,0.087145710634112972,,
2022-06-23T00:00:00Z,PEOPLEUSDT,trade,rebalance,-96562.385605571762,0.02376,-2294.3222819883849,0,0,1.1471611409941924,0.57358057049709621,,
2022-06-23T00:00:00Z,RSRUSDT,trade,rebalance,-340592.11032352335,0.0089409999999999993,-3045.2340584026219,0,0,1.522617029201311,0.76130851460065552,,
2022-06-23T00:00:00Z,SOLUSDT,trade,rebalance,71.584355069707485,34.109999999999999,2441.742351427722,0,0,1.2208711757138611,0.61043558785693053,,
2022-06-23T00:00:00Z,TRXUSDT,trade,rebalance,34.471389654871018,0.063020000000000007,2.1723869760499719,0,0,0.0010861934880249859,0.00054309674401249296,,
2022-06-23T00:00:00Z,UNFIUSDT,trade,rebalance,517.6473079134455,4.7149999999999999,2440.7070568118957,0,0,1.2203535284059479,0.61017676420297395,,
2022-06-23T00:00:00Z,WAVESUSDT,trade,rebalance,-471.23193278522245,5.8719999999999999,-2767.0739093148263,0,0,1.3835369546574132,0.69176847732870661,,
2022-06-23T00:00:00Z,ZILUSDT,trade,rebalance,2088.0178054696444,0.038690000000000002,80.785408893620541,0,0,0.040392704446810271,0.020196352223405135,,
2022-06-27T00:00:00Z,KNCUSDT,risk_policy_action,before_rebalance,1862.5037005550894,1.399,2605.6426770765702,0,0,1.3028213385382852,0.65141066926914259,membership_exit,team-05-ldm-none-v1
2022-06-30T00:00:00Z,1000SHIBUSDT,trade,rebalance,235906.31584965772,0.010208999999999999,2408.3675785091555,0,0,1.2041837892545777,0.60209189462728885,,
2022-06-30T00:00:00Z,AAVEUSDT,trade,rebalance,-40.247842047772693,59.880000000000003,-2410.040781820629,0,0,1.2050203909103145,0.60251019545515727,,
2022-06-30T00:00:00Z,ADAUSDT,trade,rebalance,-5320.8593406574901,0.4657,-2477.924194944193,0,0,1.2389620974720965,0.61948104873604826,,
2022-06-30T00:00:00Z,APEUSDT,trade,rebalance,1127.3232778708616,4.694,5291.6554663258239,0,0,2.6458277331629119,1.3229138665814559,,
2022-06-30T00:00:00Z,AXSUSDT,trade,rebalance,174.78470661615762,14.390000000000001,2515.1519282065083,0,0,1.2575759641032542,0.62878798205162711,,
2022-06-30T00:00:00Z,BCHUSDT,trade,rebalance,1.3739345038593884,104.56999999999999,143.67233106857623,0,0,0.071836165534288107,0.035918082767144054,,
2022-06-30T00:00:00Z,BELUSDT,trade,rebalance,-541.74082004223692,0.89680000000000004,-485.83316741387807,0,0,0.24291658370693903,0.12145829185346951,,
2022-06-30T00:00:00Z,EGLDUSDT,trade,rebalance,-41.928572793954977,50.229999999999997,-2106.0722114403584,0,0,1.0530361057201791,0.52651805286008957,,
2022-06-30T00:00:00Z,FTMUSDT,trade,rebalance,-9258.551664912633,0.26019999999999999,-2409.075143210267,0,0,1.2045375716051334,0.60226878580256671,,
2022-06-30T00:00:00Z,GALAUSDT,trade,rebalance,2443.3227872340212,0.056509999999999998,138.07217070659453,0,0,0.069036085353297263,0.034518042676648632,,
2022-06-30T00:00:00Z,GALUSDT,trade,rebalance,146.3753068099154,2.9933999999999998,438.15984340480071,0,0,0.21907992170240037,0.10953996085120019,,
2022-06-30T00:00:00Z,GMTUSDT,trade,rebalance,615.97637686197243,0.88329999999999997,544.09193368218018,0,0,0.27204596684109011,0.13602298342054506,,
2022-06-30T00:00:00Z,LINKUSDT,trade,rebalance,-368.7875474139438,6.2309999999999999,-2297.9152079362839,0,0,1.1489576039681419,0.57447880198407097,,
2022-06-30T00:00:00Z,MATICUSDT,trade,rebalance,4845.5086110651137,0.49719999999999998,2409.1868814215745,0,0,1.2045934407107872,0.60229672035539361,,
2022-06-30T00:00:00Z,NEARUSDT,trade,rebalance,745.34259811591028,3.427,2554.2890837432246,0,0,1.2771445418716123,0.63857227093580615,,
2022-06-30T00:00:00Z,PEOPLEUSDT,trade,rebalance,-97735.421554091954,0.024639999999999999,-2408.2007870928255,0,0,1.2041003935464127,0.60205019677320637,,
2022-06-30T00:00:00Z,RSRUSDT,trade,rebalance,331482.15820397751,0.0072700000000000004,2409.8752901429166,0,0,1.2049376450714582,0.60246882253572909,,
2022-06-30T00:00:00Z,SANDUSDT,trade,rebalance,2270.5370994881009,1.0609,2408.8128088469261,0,0,1.204406404423463,0.60220320221173151,,
2022-06-30T00:00:00Z,SOLUSDT,trade,rebalance,-0.78366586743440791,34.020000000000003,-26.660312810118558,0,0,0.013330156405059279,0.0066650782025296394,,
2022-06-30T00:00:00Z,TRXUSDT,trade,rebalance,-75896.359718303283,0.064829999999999999,-4920.3610005376022,0,0,2.4601805002688013,1.2300902501344007,,
2022-06-30T00:00:00Z,UNFIUSDT,trade,rebalance,-517.6473079134455,5.5620000000000003,-2879.1543266145841,0,0,1.439577163307292,0.71978858165364601,,
2022-06-30T00:00:00Z,ZILUSDT,trade,rebalance,2462.1779308746627,0.03968,97.699220297106621,0,0,0.04884961014855331,0.024424805074276655,,
2022-07-04T00:00:00Z,GALUSDT,risk_policy_action,before_rebalance,804.6070702845393,2.7425000000000002,2206.6348902553491,0,0,1.1033174451276746,0.5516587225638373,membership_exit,team-05-ldm-none-v1
2022-07-07T00:00:00Z,1000SHIBUSDT,trade,rebalance,-4400.8249632520601,0.010458,-46.023827465690047,0,0,0.023011913732845023,0.011505956866422511,,
2022-07-07T00:00:00Z,AAVEUSDT,trade,rebalance,1.7627873111810715,62.920000000000002,110.91457761951303,0,0,0.055457288809756519,0.02772864440487826,,
2022-07-07T00:00:00Z,APEUSDT,trade,rebalance,-30.544451675003078,5.0190000000000001,-153.30260295684045,0,0,0.076651301478420225,0.038325650739210113,,
2022-07-07T00:00:00Z,ATOMUSDT,trade,rebalance,272.45838606338873,8.8879999999999999,2421.6101353313989,0,0,1.2108050676656994,0.6054025338328497,,
2022-07-07T00:00:00Z,AXSUSDT,trade,rebalance,-163.65871281920943,14.800000000000001,-2422.1489497242997,0,0,1.2110744748621498,0.6055372374310749,,
2022-07-07T00:00:00Z,BCHUSDT,trade,rebalance,-23.044451779411109,105.87,-2439.7161098862543,0,0,1.2198580549431273,0.60992902747156363,,
2022-07-07T00:00:00Z,BELUSDT,trade,rebalance,-5541.0307859375762,0.84760000000000002,-4696.57769416069,0,0,2.3482888470803451,1.1741444235401726,,
2022-07-07T00:00:00Z,CRVUSDT,trade,rebalance,2521.8999538481917,0.95999999999999996,2421.0239556942638,0,0,1.2105119778471318,0.60525598892356591,,
2022-07-07T00:00:00Z,ETCUSDT,trade,rebalance,-159.27528595332601,15.202999999999999,-2421.4621723484152,0,0,1.2107310861742078,0.60536554308710389,,
2022-07-07T00:00:00Z,FTMUSDT,trade,rebalance,7.0972530551025557,0.26179999999999998,1.8580608498258488,0,0,0.00092903042491292447,0.00046451521245646223,,
2022-07-07T00:00:00Z,GALAUSDT,trade,rebalance,42640.546330707672,0.054170000000000003,2309.8383947344346,0,0,1.1549191973672173,0.57745959868360863,,
2022-07-07T00:00:00Z,GMTUSDT,trade,rebalance,2727.5450713906725,0.96399999999999997,2629.3534488206083,0,0,1.3146767244103041,0.65733836220515207,,
2022-07-07T00:00:00Z,MATICUSDT,trade,rebalance,-235.81387389652627,0.52539999999999998,-123.89660934523489,0,0,0.06194830467261745,0.030974152336308725,,
2022-07-07T00:00:00Z,PEOPLEUSDT,trade,rebalance,97735.421554091954,0.02512,2455.1137894387898,0,0,1.2275568947193949,0.61377844735969744,,
2022-07-07T00:00:00Z,RSRUSDT,trade,rebalance,-331482.15820397751,0.0070190000000000001,-2326.673268433718,0,0,1.163336634216859,0.58166831710842948,,
2022-07-07T00:00:00Z,SANDUSDT,trade,rebalance,-350.50563883421864,1.2614000000000001,-442.12781282548343,0,0,0.22106390641274171,0.11053195320637085,,
2022-07-07T00:00:00Z,SOLUSDT,trade,rebalance,-70.800689202273077,37.020000000000003,-2621.0415142681495,0,0,1.3105207571340747,0.65526037856703734,,
2022-07-07T00:00:00Z,STORJUSDT,trade,rebalance,3447.9290881740749,0.70250000000000001,2422.1701844422878,0,0,1.2110850922211438,0.6055425461105719,,
2022-07-07T00:00:00Z,TRXUSDT,trade,rebalance,1258.6168272742652,0.067489999999999994,84.94404967274015,0,0,0.042472024836370074,0.021236012418185037,,
2022-07-07T00:00:00Z,UNFIUSDT,trade,rebalance,393.0726173311154,6.1639999999999997,2422.8996132289953,0,0,1.2114498066144976,0.60572490330724882,,
2022-07-07T00:00:00Z,WAVESUSDT,trade,rebalance,-455.87933882903019,5.3099999999999996,-2420.7192891821501,0,0,1.2103596445910751,0.60517982229553757,,
2022-07-07T00:00:00Z,ZILUSDT,trade,rebalance,-718.69299990616128,0.039440000000000003,-28.345251916299002,0,0,0.014172625958149502,0.007086312979074751,,
2022-07-11T00:00:00Z,ZILUSDT,risk_policy_action,before_rebalance,61414.051329672599,0.039309999999999998,2414.1863577694298,0,0,1.2070931788847148,0.6035465894423574,membership_exit,team-05-ldm-none-v1
2022-07-11T00:00:00Z,ZILUSDT,trade,rebalance,7.2759576141834259e-12,0.039309999999999998,2.8601789381355046e-13,0,0,1.4300894690677524e-16,7.1504473453387621e-17,,
2022-07-14T00:00:00Z,1000SHIBUSDT,trade,rebalance,-231505.49088640569,0.010526000000000001,-2436.8267970703064,0,0,1.2184133985351531,0.60920669926757653,,
2022-07-14T00:00:00Z,AAVEUSDT,trade,rebalance,68.882522722563991,79.670000000000002,5487.8705853066731,0,0,2.7439352926533362,1.3719676463266681,,
2022-07-14T00:00:00Z,APEUSDT,trade,rebalance,-482.50402080523662,4.577,-2208.4209032255681,0,0,1.104210451612784,0.55210522580639199,,
2022-07-14T00:00:00Z,ATOMUSDT,trade,rebalance,-272.45838606338873,8.202,-2234.7036824919142,0,0,1.1173518412459571,0.55867592062297855,,
2022-07-14T00:00:00Z,AXSUSDT,trade,rebalance,163.65871281920943,13.4,2193.0267517774064,0,0,1.0965133758887031,0.54825668794435156,,
2022-07-14T00:00:00Z,BCHUSDT,trade,rebalance,-23.666395189619873,102.45,-2424.6221871765561,0,0,1.2123110935882779,0.60615554679413897,,
2022-07-14T00:00:00Z,BELUSDT,trade,rebalance,-313.34379482687973,0.76500000000000001,-239.70800304256301,0,0,0.11985400152128149,0.059927000760640746,,
2022-07-14T00:00:00Z,CRVUSDT,trade,rebalance,-207.72282586045594,1.0469999999999999,-217.48579867589734,0,0,0.10874289933794866,0.05437144966897433,,
2022-07-14T00:00:00Z,DYDXUSDT,trade,rebalance,1343.3541221101375,1.804,2423.4108362866882,0,0,1.2117054181433442,0.6058527090716721,,
2022-07-14T00:00:00Z,ETCUSDT,trade,rebalance,159.27528595332601,14.390000000000001,2291.9713648683614,0,0,1.1459856824341808,0.57299284121709038,,
2022-07-14T00:00:00Z,FTMUSDT,trade,rebalance,-588.02352710774721,0.24640000000000001,-144.88899707934891,0,0,0.072444498539674454,0.036222249269837227,,
2022-07-14T00:00:00Z,MATICUSDT,trade,rebalance,-813.14103256791122,0.63859999999999995,-519.27186339786806,0,0,0.25963593169893401,0.129817965849467,,
2022-07-14T00:00:00Z,OGNUSDT,trade,rebalance,11579.329884649562,0.2094,2424.7116778456184,0,0,1.2123558389228093,0.60617791946140465,,
2022-07-14T00:00:00Z,OPUSDT,trade,rebalance,-5109.0348377204491,0.47360000000000002,-2419.6388991444046,0,0,1.2098194495722021,0.60490972478610106,,
2022-07-14T00:00:00Z,PEOPLEUSDT,trade,rebalance,-102620.58943316501,0.023630000000000002,-2424.9245283056894,0,0,1.2124622641528446,0.60623113207642232,,
2022-07-14T00:00:00Z,RSRUSDT,trade,rebalance,-372335.74065013637,0.0065240000000000003,-2429.1183720014897,0,0,1.2145591860007448,0.60727959300037238,,
2022-07-14T00:00:00Z,SANDUSDT,trade,rebalance,154.66150082028526,1.1684000000000001,180.70649755842132,0,0,0.090353248779210665,0.045176624389605333,,
2022-07-14T00:00:00Z,STORJUSDT,trade,rebalance,354.2080491574884,0.6371,225.66594811823586,0,0,0.11283297405911794,0.056416487029558968,,
2022-07-14T00:00:00Z,TRXUSDT,trade,rebalance,-733.09726043141563,0.066199999999999995,-48.531038640559714,0,0,0.024265519320279854,0.012132759660139927,,
2022-07-14T00:00:00Z,UNFIUSDT,trade,rebalance,23.24047827189526,5.8220000000000001,135.30606449897419,0,0,0.067653032249487086,0.033826516124743543,,
2022-07-14T00:00:00Z,WAVESUSDT,trade,rebalance,-41.425593723974714,4.8739999999999997,-201.90834381065275,0,0,0.10095417190532636,0.050477085952663182,,
2022-07-18T00:00:00Z,BELUSDT,risk_policy_action,before_rebalance,3170.1379250136924,0.77539999999999998,2458.1249470556172,0,0,1.2290624735278086,0.61453123676390431,membership_exit,team-05-ldm-none-v1
2022-07-21T00:00:00Z,1000SHIBUSDT,trade,rebalance,-203230.19935543922,0.011913,-2421.0813649213474,0,0,1.2105406824606737,0.60527034123033685,,
2022-07-21T00:00:00Z,AAVEUSDT,trade,rebalance,-3.7258053567124314,90.769999999999996,-338.19135222878737,0,0,0.16909567611439369,0.084547838057196845,,
2022-07-21T00:00:00Z,BCHUSDT,trade,rebalance,23.666395189619873,121.7,2880.2002945767385,0,0,1.4401001472883692,0.72005007364418461,,
2022-07-21T00:00:00Z,CRVUSDT,trade,rebalance,-220.73644928185422,1.1559999999999999,-255.17133536982345,0,0,0.12758566768491172,0.063792833842455862,,
2022-07-21T00:00:00Z,DYDXUSDT,trade,rebalance,-332.82773986207292,2.3959999999999999,-797.45526470952666,0,0,0.39872763235476333,0.19936381617738166,,
2022-07-21T00:00:00Z,ETCUSDT,trade,rebalance,103.67743440440928,23.346,2420.4533836053392,0,0,1.2102266918026696,0.60511334590133481,,
2022-07-21T00:00:00Z,FILUSDT,trade,rebalance,433.53992183509564,5.5819999999999999,2420.019843683504,0,0,1.2100099218417519,0.60500496092087597,,
2022-07-21T00:00:00Z,FTMUSDT,trade,rebalance,2039.6316070974517,0.31030000000000002,632.89768768233932,0,0,0.31644884384116967,0.15822442192058483,,
2022-07-21T00:00:00Z,LINKUSDT,trade,rebalance,-352.7329326151762,6.8609999999999998,-2420.100650672724,0,0,1.2100503253363621,0.60502516266818107,,
2022-07-21T00:00:00Z,MATICUSDT,trade,rebalance,-884.55492740464751,0.83109999999999995,-735.15360016600255,0,0,0.36757680008300125,0.18378840004150063,,
2022-07-21T00:00:00Z,OGNUSDT,trade,rebalance,-11579.329884649562,0.21340000000000001,-2471.0289973842164,0,0,1.2355144986921081,0.61775724934605403,,
2022-07-21T00:00:00Z,OPUSDT,trade,rebalance,8642.7477632304035,0.68479999999999996,5918.5536682601796,0,0,2.9592768341300899,1.479638417065045,,
2022-07-21T00:00:00Z,PEOPLEUSDT,trade,rebalance,4308.1043151577178,0.02462,106.06552823918301,0,0,0.053032764119591499,0.02651638205979575,,
2022-07-21T00:00:00Z,RSRUSDT,trade,rebalance,372335.74065013637,0.0065329999999999997,2432.4693936673407,0,0,1.2162346968336704,0.60811734841683518,,
2022-07-21T00:00:00Z,SANDUSDT,trade,rebalance,-2074.6929614741675,1.3273999999999999,-2753.94743706081,0,0,1.376973718530405,0.68848685926520248,,
2022-07-21T00:00:00Z,SOLUSDT,trade,rebalance,-57.592825254289849,42.020000000000003,-2420.0505171852597,0,0,1.2100252585926299,0.60501262929631494,,
2022-07-21T00:00:00Z,STORJUSDT,trade,rebalance,-7430.4588036564619,0.66720000000000002,-4957.6021137995913,0,0,2.4788010568997958,1.2394005284498979,,
2022-07-21T00:00:00Z,TRXUSDT,trade,rebalance,734.83516705183138,0.067449999999999996,49.564632017646026,0,0,0.024782316008823014,0.012391158004411507,,
2022-07-21T00:00:00Z,UNFIUSDT,trade,rebalance,-416.31309560301071,5.8730000000000002,-2445.0068104764819,0,0,1.2225034052382409,0.61125170261912043,,
2022-07-21T00:00:00Z,UNIUSDT,trade,rebalance,353.09312671120927,6.8529999999999998,2419.7471973519168,0,0,1.2098735986759583,0.60493679933797917,,
2022-07-21T00:00:00Z,WAVESUSDT,trade,rebalance,72.514938940274305,5.6970000000000001,413.11760714274271,0,0,0.20655880357137135,0.10327940178568568,,
2022-07-28T00:00:00Z,1000SHIBUSDT,trade,rebalance,-13242.925310662278,0.011507999999999999,-152.39958447510148,0,0,0.076199792237550745,0.038099896118775373,,
2022-07-28T00:00:00Z,AAVEUSDT,trade,rebalance,-26.671662629259938,94.670000000000002,-2525.0063011120383,0,0,1.2625031505560191,0.63125157527800957,,
2022-07-28T00:00:00Z,APEUSDT,trade,rebalance,365.26811512590751,6.819,2490.7632770435634,0,0,1.2453816385217817,0.62269081926089087,,
2022-07-28T00:00:00Z,CRVUSDT,trade,rebalance,-213.92003495671543,1.3240000000000001,-283.23012628269123,0,0,0.14161506314134562,0.070807531570672808,,
2022-07-28T00:00:00Z,DYDXUSDT,trade,rebalance,83.42501955447608,2.2759999999999998,189.87534450598753,0,0,0.094937672252993766,0.047468836126496883,,
2022-07-28T00:00:00Z,EOSUSDT,trade,rebalance,1985.5999128974381,1.2549999999999999,2491.9278906862846,0,0,1.2459639453431424,0.62298197267157118,,
2022-07-28T00:00:00Z,ETCUSDT,trade,rebalance,-27.897556243965681,32.881999999999998,-917.32744441407942,0,0,0.45866372220703971,0.22933186110351986,,
2022-07-28T00:00:00Z,ETHUSDT,trade,rebalance,1.5236286141095168,1635.46,2491.8336532315502,0,0,1.245916826615775,0.62295841330788748,,
2022-07-28T00:00:00Z,FILUSDT,trade,rebalance,-433.53992183509564,5.6509999999999998,-2449.9340982901253,0,0,1.2249670491450626,0.6124835245725313,,
2022-07-28T00:00:00Z,FTMUSDT,trade,rebalance,7799.8463318678268,0.33100000000000002,2581.7491358482507,0,0,1.2908745679241254,0.64543728396206268,,
2022-07-28T00:00:00Z,LINKUSDT,trade,rebalance,352.7329326151762,6.8529999999999998,2417.2787872118024,0,0,1.2086393936059012,0.60431969680295061,,
2022-07-28T00:00:00Z,MATICUSDT,trade,rebalance,-132.60572463760036,0.89639999999999997,-118.86777156514496,0,0,0.059433885782572485,0.029716942891286242,,
2022-07-28T00:00:00Z,OGNUSDT,trade,rebalance,-11979.810698043892,0.20799999999999999,-2491.8006251931292,0,0,1.2459003125965646,0.62295015629828232,,
2022-07-28T00:00:00Z,OPUSDT,trade,rebalance,-1164.4209562133319,1.0516000000000001,-1224.5050775539401,0,0,0.61225253877697006,0.30612626938848503,,
2022-07-28T00:00:00Z,PEOPLEUSDT,trade,rebalance,98312.485118007302,0.026890000000000001,2643.6227248232162,0,0,1.3218113624116081,0.66090568120580406,,
2022-07-28T00:00:00Z,RSRUSDT,trade,rebalance,-401802.82377036609,0.006195,-2489.168493257418,0,0,1.2445842466287089,0.62229212331435446,,
2022-07-28T00:00:00Z,SNXUSDT,trade,rebalance,-665.99830440904623,3.7429999999999999,-2492.83165340306,0,0,1.2464158267015299,0.62320791335076497,,
2022-07-28T00:00:00Z,SOLUSDT,trade,rebalance,57.592825254289849,40.200000000000003,2315.2315752224522,0,0,1.1576157876112261,0.57880789380561304,,
2022-07-28T00:00:00Z,STORJUSDT,trade,rebalance,-204.11678024326508,0.64980000000000004,-132.63508380207367,0,0,0.066317541901036836,0.033158770950518418,,
2022-07-28T00:00:00Z,TRXUSDT,trade,rebalance,-422.25819775894342,0.068629999999999997,-28.979580112196285,0,0,0.014489790056098141,0.0072448950280490703,,
2022-07-28T00:00:00Z,UNFIUSDT,trade,rebalance,-393.86774673966272,6.327,-2492.001233621846,0,0,1.246000616810923,0.6230003084054615,,
2022-07-28T00:00:00Z,UNIUSDT,trade,rebalance,-353.09312671120927,8.0370000000000008,-2837.8094593779892,0,0,1.4189047296889947,0.70945236484449736,,
2022-07-28T00:00:00Z,WAVESUSDT,trade,rebalance,-38.23886058760155,5.3819999999999997,-205.80154768247152,0,0,0.10290077384123576,0.051450386920617881,,
2022-08-01T00:00:00Z,RSRUSDT,risk_policy_action,before_rebalance,401802.82377036609,0.0065620000000000001,2636.6301295811422,0,0,1.3183150647905713,0.65915753239528563,membership_exit,team-05-ldm-none-v1
2022-08-01T00:00:00Z,STORJUSDT,risk_policy_action,before_rebalance,3832.4384465681637,0.6865,2630.9689935690444,0,0,1.3154844967845221,0.65774224839226103,membership_exit,team-05-ldm-none-v1
2022-08-04T00:00:00Z,1000SHIBUSDT,trade,rebalance,216473.12466610153,0.011826,2560.0111723013165,0,0,1.2800055861506583,0.64000279307532915,,
2022-08-04T00:00:00Z,APEUSDT,trade,rebalance,-365.26811512590751,7.165,-2617.1460448771272,0,0,1.3085730224385637,0.65428651121928183,,
2022-08-04T00:00:00Z,ATOMUSDT,trade,rebalance,-248.17919007879161,10.151999999999999,-2519.5151376798922,0,0,1.2597575688399463,0.62987878441997314,,
2022-08-04T00:00:00Z,AVAXUSDT,trade,rebalance,-109.4166203349112,23.030000000000001,-2519.864766313005,0,0,1.2599323831565026,0.62996619157825129,,
2022-08-04T00:00:00Z,CRVUSDT,trade,rebalance,-1879.5206437491659,1.331,-2501.6419768301398,0,0,1.2508209884150701,0.62541049420753503,,
2022-08-04T00:00:00Z,DOGEUSDT,trade,rebalance,-38069.913853642174,0.066159999999999997,-2518.7055005569659,0,0,1.2593527502784829,0.62967637513924146,,
2022-08-04T00:00:00Z,DOTUSDT,trade,rebalance,315.36490949405447,7.9859999999999998,2518.5041672195189,0,0,1.2592520836097594,0.62962604180487969,,
2022-08-04T00:00:00Z,DYDXUSDT,trade,rebalance,-1093.9514018025407,2.2610000000000001,-2473.4241194755446,0,0,1.2367120597377723,0.61835602986888616,,
2022-08-04T00:00:00Z,EOSUSDT,trade,rebalance,-1985.5999128974379,1.173,-2329.1086978286949,0,0,1.1645543489143475,0.58227717445717375,,
2022-08-04T00:00:00Z,ETCUSDT,trade,rebalance,-5.6786899661499461,35.930999999999997,-204.0410091737337,0,0,0.10202050458686686,0.051010252293433429,,
2022-08-04T00:00:00Z,ETHUSDT,trade,rebalance,0.033696302334868866,1617.3699999999999,54.499388507346858,0,0,0.027249694253673431,0.013624847126836715,,
2022-08-04T00:00:00Z,FILUSDT,trade,rebalance,311.70109845608749,8.0830000000000002,2519.4799788205551,0,0,1.2597399894102774,0.62986999470513871,,
2022-08-04T00:00:00Z,FLMUSDT,trade,rebalance,11925.465821383887,0.21110000000000001,2517.4658348941384,0,0,1.2587329174470692,0.62936645872353458,,
2022-08-04T00:00:00Z,GMTUSDT,trade,rebalance,-2787.3348260854027,0.90369999999999995,-2518.9144823333781,0,0,1.2594572411666889,0.62972862058334445,,
2022-08-04T00:00:00Z,MATICUSDT,trade,rebalance,-2779.3930525584283,0.88739999999999997,-2466.4333948403491,0,0,1.2332166974201746,0.6166083487100873,,
2022-08-04T00:00:00Z,OGNUSDT,trade,rebalance,87.598232936923523,0.21179999999999999,18.5533057360404,0,0,0.0092766528680202007,0.0046383264340101003,,
2022-08-04T00:00:00Z,OPUSDT,trade,rebalance,-1103.5144929864282,1.9897,-2195.6627866950962,0,0,1.0978313933475481,0.54891569667377405,,
2022-08-04T00:00:00Z,PEOPLEUSDT,trade,rebalance,67214.337734631961,0.037470000000000003,2518.52123491666,0,0,1.2592606174583298,0.62963030872916492,,
2022-08-04T00:00:00Z,SANDUSDT,trade,rebalance,-2002.9364339611839,1.2576000000000001,-2518.8928593495848,0,0,1.2594464296747923,0.62972321483739613,,
2022-08-04T00:00:00Z,SNXUSDT,trade,rebalance,665.99830440904623,3.7010000000000001,2464.8597246178801,0,0,1.23242986230894,0.61621493115447001,,
2022-08-04T00:00:00Z,SOLUSDT,trade,rebalance,-65.388644862659802,38.520000000000003,-2518.7706001096558,0,0,1.2593853000548278,0.62969265002741392,,
2022-08-04T00:00:00Z,TRBUSDT,trade,rebalance,90.993006099377254,27.699999999999999,2520.5062689527499,0,0,1.260253134476375,0.6301265672381875,,
2022-08-04T00:00:00Z,TRXUSDT,trade,rebalance,-867.0481103845741,0.067729999999999999,-58.725168516347203,0,0,0.029362584258173605,0.014681292129086802,,
2022-08-04T00:00:00Z,UNFIUSDT,trade,rebalance,393.86774673966272,8.0199999999999996,3158.8193288520947,0,0,1.5794096644260474,0.78970483221302368,,
2022-08-04T00:00:00Z,WAVESUSDT,trade,rebalance,463.0288542003322,5.6319999999999997,2607.7785068562707,0,0,1.3038892534281352,0.65194462671406761,,
2022-08-08T00:00:00Z,OGNUSDT,risk_policy_action,before_rebalance,11892.212465106968,0.22470000000000001,2672.180140909536,0,0,1.336090070454768,0.66804503522738401,membership_exit,team-05-ldm-none-v1
2022-08-08T00:00:00Z,TRXUSDT,risk_policy_action,before_rebalance,37176.888070248664,0.069540000000000005,2585.2807964050921,0,0,1.2926403982025461,0.64632019910127303,membership_exit,team-05-ldm-none-v1
2022-08-11T00:00:00Z,AAVEUSDT,trade,rebalance,-22.479426416097219,111.03,-2495.8907149792744,0,0,1.2479453574896371,0.62397267874481854,,
2022-08-11T00:00:00Z,ATOMUSDT,trade,rebalance,39.612032963945182,11.968,474.07681051249597,0,0,0.237038405256248,0.118519202628124,,
2022-08-11T00:00:00Z,AVAXUSDT,trade,rebalance,109.4166203349112,29.16,3190.5886489660106,0,0,1.5952943244830053,0.79764716224150267,,
2022-08-11T00:00:00Z,BNBUSDT,trade,rebalance,7.5955099601642928,328.66000000000003,2496.3403035075967,0,0,1.2481701517537984,0.62408507587689921,,
2022-08-11T00:00:00Z,CRVUSDT,trade,rebalance,-1799.7542426757402,1.3859999999999999,-2494.4593803485759,0,0,1.2472296901742881,0.62361484508714404,,
2022-08-11T00:00:00Z,DOGEUSDT,trade,rebalance,3044.1328156426025,0.071260000000000004,216.92490444269185,0,0,0.10846245222134594,0.054231226110672971,,
2022-08-11T00:00:00Z,DOTUSDT,trade,rebalance,-315.36490949405447,9.5210000000000008,-3002.589303292893,0,0,1.5012946516464465,0.75064732582322324,,
2022-08-11T00:00:00Z,ENSUSDT,trade,rebalance,154.59332204847325,16.135999999999999,2494.5178445741644,0,0,1.2472589222870822,0.62362946114354112,,
2022-08-11T00:00:00Z,ETCUSDT,trade,rebalance,-5.7878101067632741,38.805,-224.59597119294884,0,0,0.11229798559647443,0.056148992798237214,,
2022-08-11T00:00:00Z,ETHUSDT,trade,rebalance,-1.5573249164443856,1853.25,-2886.1124014005577,0,0,1.443056200700279,0.72152810035013948,,
2022-08-11T00:00:00Z,FILUSDT,trade,rebalance,-10.865856321732338,8.2949999999999999,-90.132278188769746,0,0,0.045066139094384873,0.022533069547192437,,
2022-08-11T00:00:00Z,FLMUSDT,trade,rebalance,-11925.465821383887,0.2074,-2473.3416113550179,0,0,1.2366708056775089,0.61833540283875443,,
2022-08-11T00:00:00Z,GMTUSDT,trade,rebalance,242.95601452076244,0.98099999999999998,238.33985024486796,0,0,0.11916992512243399,0.059584962561216995,,
2022-08-11T00:00:00Z,NEARUSDT,trade,rebalance,423.00153459110362,5.9029999999999996,2496.9780586912843,0,0,1.2484890293456421,0.62424451467282105,,
2022-08-11T00:00:00Z,OPUSDT,trade,rebalance,326.1148050171837,1.5680000000000001,511.34801426694406,0,0,0.25567400713347199,0.127837003566736,,
2022-08-11T00:00:00Z,PEOPLEUSDT,trade,rebalance,-142950.95657098934,0.032960000000000003,-4711.6635285798093,0,0,2.3558317642899049,1.1779158821449525,,
2022-08-11T00:00:00Z,SANDUSDT,trade,rebalance,146.65421319432448,1.3448,197.22058590372757,0,0,0.098610292951863784,0.049305146475931892,,
2022-08-11T00:00:00Z,SOLUSDT,trade,rebalance,65.388644862659802,42.450000000000003,2775.7479744199086,0,0,1.3878739872099541,0.69393699360497707,,
2022-08-11T00:00:00Z,THETAUSDT,trade,rebalance,1549.011516340574,1.6120000000000001,2497.0065643410053,0,0,1.2485032821705027,0.62425164108525133,,
2022-08-11T00:00:00Z,TRBUSDT,trade,rebalance,-26.587941509397979,38.759999999999998,-1030.5486129042656,0,0,0.51527430645213279,0.2576371532260664,,
2022-08-11T00:00:00Z,UNFIUSDT,trade,rebalance,-280.2351209927001,8.9120000000000008,-2497.4553982869434,0,0,1.2487276991434717,0.62436384957173585,,
2022-08-18T00:00:00Z,1000SHIBUSDT,trade,rebalance,167681.98322452125,0.014785,2479.1781219745467,0,0,1.2395890609872733,0.61979453049363664,,
2022-08-18T00:00:00Z,AAVEUSDT,trade,rebalance,22.479426416097219,100.18000000000001,2251.9889383646196,0,0,1.1259944691823096,0.5629972345911548,,
2022-08-18T00:00:00Z,APEUSDT,trade,rebalance,-405.90107061074315,6.1070000000000002,-2478.8378382198084,0,0,1.2394189191099041,0.61970945955495205,,
2022-08-18T00:00:00Z,ATOMUSDT,trade,rebalance,208.5671571148464,11.744,2449.4126931567562,0,0,1.2247063465783781,0.61235317328918903,,
2022-08-18T00:00:00Z,AXSUSDT,trade,rebalance,-146.21952060060582,16.960000000000001,-2479.8830693862747,0,0,1.2399415346931373,0.61997076734656864,,
2022-08-18T00:00:00Z,BNBUSDT,trade,rebalance,-7.5955099601642919,306.79000000000002,-2330.2265006788034,0,0,1.1651132503394017,0.58255662516970086,,
2022-08-18T00:00:00Z,CRVUSDT,trade,rebalance,-297.46137911254095,1.1819999999999999,-351.5993501110234,0,0,0.17579967505551169,0.087899837527755847,,
2022-08-18T00:00:00Z,DOGEUSDT,trade,rebalance,65950.670076540366,0.080189999999999997,5288.5842334377721,0,0,2.6442921167188862,1.3221460583594431,,
2022-08-18T00:00:00Z,DYDXUSDT,trade,rebalance,-1302.8640978278088,1.9019999999999999,-2478.0475140684921,0,0,1.2390237570342459,0.61951187851712297,,
2022-08-18T00:00:00Z,ENSUSDT,trade,rebalance,-154.59332204847325,15.738,-2432.9897023988719,0,0,1.216494851199436,0.60824742559971801,,
2022-08-18T00:00:00Z,ETCUSDT,trade,rebalance,-64.313378087530381,40.289999999999999,-2591.186003146599,0,0,1.2955930015732995,0.64779650078664974,,
2022-08-18T00:00:00Z,ETHUSDT,trade,rebalance,1.3517195900548651,1833.55,2478.4454543450979,0,0,1.2392227271725489,0.61961136358627444,,
2022-08-18T00:00:00Z,FILUSDT,trade,rebalance,1.8185540738750774,8.1899999999999995,14.893957865036883,0,0,0.0074469789325184426,0.0037234894662592213,,
2022-08-18T00:00:00Z,FLMUSDT,trade,rebalance,-14770.154571806897,0.16789999999999999,-2479.9089526063781,0,0,1.2399544763031891,0.61997723815159456,,
2022-08-18T00:00:00Z,GMTUSDT,trade,rebalance,-16.778506973333606,0.96799999999999997,-16.24159475018693,0,0,0.0081207973750934657,0.0040603986875467329,,
2022-08-18T00:00:00Z,NEARUSDT,trade,rebalance,74.091389196823968,4.9859999999999998,369.41966653536429,0,0,0.18470983326768214,0.092354916633841072,,
2022-08-18T00:00:00Z,OPUSDT,trade,rebalance,284.17266619075031,1.3218000000000001,375.61943017093375,0,0,0.18780971508546687,0.093904857542733436,,
2022-08-18T00:00:00Z,PEOPLEUSDT,trade,rebalance,-20532.718087188561,0.025749999999999999,-528.71749074510547,0,0,0.26435874537255272,0.13217937268627636,,
2022-08-18T00:00:00Z,SANDUSDT,trade,rebalance,1856.2822207668596,1.2166999999999999,2258.5385780070378,0,0,1.1292692890035188,0.56463464450175938,,
2022-08-18T00:00:00Z,SNXUSDT,trade,rebalance,-708.12341061405641,3.5,-2478.4319371491974,0,0,1.2392159685745987,0.61960798428729935,,
2022-08-18T00:00:00Z,THETAUSDT,trade,rebalance,-1549.011516340574,1.3919999999999999,-2156.2240307460788,0,0,1.0781120153730392,0.53905600768651962,,
2022-08-18T00:00:00Z,TRBUSDT,trade,rebalance,-2.6196651327689011,40.119999999999997,-105.10096512668831,0,0,0.052550482563344159,0.026275241281672079,,
2022-08-18T00:00:00Z,UNFIUSDT,trade,rebalance,496.182837046477,11.476000000000001,5694.1942379453703,0,0,2.8470971189726848,1.4235485594863424,,
2022-08-22T00:00:00Z,SNXUSDT,risk_policy_action,before_rebalance,708.12341061405641,3.1059999999999999,2199.431313367259,0,0,1.0997156566836295,0.54985782834181474,membership_exit,team-05-ldm-none-v1
2022-08-25T00:00:00Z,1000SHIBUSDT,trade,rebalance,21320.281098355015,0.013037999999999999,277.97382496035266,0,0,0.13898691248017633,0.069493456240088167,,
2022-08-25T00:00:00Z,APEUSDT,trade,rebalance,-58.373337577641848,5.3079999999999998,-309.8456758621229,0,0,0.15492283793106143,0.077461418965530715,,
2022-08-25T00:00:00Z,ATOMUSDT,trade,rebalance,189.40068535047973,13.010999999999999,2464.2923170950917,0,0,1.2321461585475459,0.61607307927377297,,
2022-08-25T00:00:00Z,AXSUSDT,trade,rebalance,-23.347054244902807,14.529999999999999,-339.23269817843777,0,0,0.16961634908921888,0.084808174544609441,,
2022-08-25T00:00:00Z,CHZUSDT,trade,rebalance,10159.752527258925,0.24246000000000001,2463.3335977591992,0,0,1.2316667988795997,0.61583339943979987,,
2022-08-25T00:00:00Z,CRVUSDT,trade,rebalance,2097.2156217882812,1.1779999999999999,2470.5200024665951,0,0,1.2352600012332975,0.61763000061664874,,
2022-08-25T00:00:00Z,DOGEUSDT,trade,rebalance,5383.3319383841445,0.06787,365.36673865813191,0,0,0.18268336932906595,0.091341684664532977,,
2022-08-25T00:00:00Z,DYDXUSDT,trade,rebalance,1302.8640978278088,1.762,2295.6465403725992,0,0,1.1478232701862996,0.5739116350931498,,
2022-08-25T00:00:00Z,EOSUSDT,trade,rebalance,1389.9373568045139,1.7729999999999999,2464.3589336144032,0,0,1.2321794668072017,0.61608973340360085,,
2022-08-25T00:00:00Z,ETHUSDT,trade,rebalance,-1.3517195900548651,1655.71,-2238.0556424497408,0,0,1.1190278212248703,0.55951391061243516,,
2022-08-25T00:00:00Z,FILUSDT,trade,rebalance,-302.65379620823023,6.2709999999999999,-1897.9419560218118,0,0,0.94897097801090591,0.47448548900545295,,
2022-08-25T00:00:00Z,FLMUSDT,trade,rebalance,-3620.6492491680856,0.13400000000000001,-485.16699938852349,0,0,0.24258349969426177,0.12129174984713088,,
2022-08-25T00:00:00Z,GMTUSDT,trade,rebalance,2561.1573185379739,0.78610000000000002,2013.3257681027014,0,0,1.0066628840513507,0.50333144202567537,,
2022-08-25T00:00:00Z,LTCUSDT,trade,rebalance,43.681446476484766,56.409999999999997,2464.0703957385053,0,0,1.2320351978692525,0.61601759893462626,,
2022-08-25T00:00:00Z,MATICUSDT,trade,rebalance,-3031.9069383450301,0.81269999999999998,-2464.0307687930058,0,0,1.2320153843965029,0.61600769219825147,,
2022-08-25T00:00:00Z,NEARUSDT,trade,rebalance,-497.09292378792759,4.2670000000000003,-2121.0955058030872,0,0,1.0605477529015435,0.53027387645077173,,
2022-08-25T00:00:00Z,OPUSDT,trade,rebalance,-1876.0649475181283,1.2263999999999999,-2300.8060516362325,0,0,1.1504030258181164,0.57520151290905819,,
2022-08-25T00:00:00Z,PEOPLEUSDT,trade,rebalance,-7230.7161523093382,0.023820000000000001,-172.23565874800843,0,0,0.086117829374004209,0.043058914687002105,,
2022-08-25T00:00:00Z,RUNEUSDT,trade,rebalance,-1129.789732750603,2.181,-2464.0714071290649,0,0,1.2320357035645324,0.6160178517822662,,
2022-08-25T00:00:00Z,SANDUSDT,trade,rebalance,-2358.8937146894937,1.0444,-2463.6285956217071,0,0,1.2318142978108535,0.61590714890542675,,
2022-08-25T00:00:00Z,TRBUSDT,trade,rebalance,4.2825968896023312,37.299999999999997,159.74086398216693,0,0,0.079870431991083471,0.039935215995541735,,
2022-08-25T00:00:00Z,UNFIUSDT,trade,rebalance,64.824331768498837,8.7769999999999992,568.96315993211419,0,0,0.28448157996605711,0.14224078998302855,,
2022-08-25T00:00:00Z,UNIUSDT,trade,rebalance,-349.97951823205818,7.0430000000000001,-2464.9057469083859,0,0,1.2324528734541929,0.61622643672709643,,
2022-08-29T00:00:00Z,PEOPLEUSDT,risk_policy_action,before_rebalance,103500.05307585526,0.021600000000000001,2235.6011464384737,0,0,1.1178005732192369,0.55890028660961844,membership_exit,team-05-ldm-none-v1
2022-09-01T00:00:00Z,1000SHIBUSDT,trade,rebalance,-189002.26432287626,0.012088,-2284.6593711349283,0,0,1.1423296855674643,0.57116484278373214,,
2022-09-01T00:00:00Z,ADAUSDT,trade,rebalance,5453.7953720681799,0.44569999999999999,2430.7565973307878,0,0,1.215378298665394,0.60768914933269702,,
2022-09-01T00:00:00Z,APEUSDT,trade,rebalance,-46.905281818491915,4.7560000000000002,-223.08152032874756,0,0,0.11154076016437377,0.055770380082186884,,
2022-09-01T00:00:00Z,ATOMUSDT,trade,rebalance,16.420038108836025,11.81,193.92065006535347,0,0,0.096960325032676736,0.048480162516338368,,
2022-09-01T00:00:00Z,AXSUSDT,trade,rebalance,169.56657484550863,14.119999999999999,2394.2800368185817,0,0,1.1971400184092909,0.59857000920464543,,
2022-09-01T00:00:00Z,CHZUSDT,trade,rebalance,1005.2506064645968,0.21772,218.863162039472,0,0,0.10943158101973599,0.054715790509867995,,
2022-09-01T00:00:00Z,DOGEUSDT,trade,rebalance,3356.1798589890532,0.061289999999999997,205.70026355743906,0,0,0.10285013177871953,0.051425065889359765,,
2022-09-01T00:00:00Z,DYDXUSDT,trade,rebalance,-1598.916335443663,1.52,-2430.3528298743677,0,0,1.2151764149371838,0.60758820746859188,,
2022-09-01T00:00:00Z,EOSUSDT,trade,rebalance,382.0068120145761,1.373,524.49535289601295,0,0,0.26224767644800651,0.13112383822400325,,
2022-09-01T00:00:00Z,FLMUSDT,trade,rebalance,-2766.735227681922,0.1149,-317.89787766065285,0,0,0.1589489388303264,0.079474469415163201,,
2022-09-01T00:00:00Z,FLOWUSDT,trade,rebalance,1175.1659022645372,2.069,2431.4182517853274,0,0,1.2157091258926638,0.60785456294633189,,
2022-09-01T00:00:00Z,FTMUSDT,trade,rebalance,-8906.4802483060266,0.27289999999999998,-2430.5784597627144,0,0,1.2152892298813571,0.60764461494067856,,
2022-09-01T00:00:00Z,GALAUSDT,trade,rebalance,-48280.743681201893,0.050369999999999998,-2431.9010592221393,0,0,1.2159505296110695,0.60797526480553477,,
2022-09-01T00:00:00Z,LTCUSDT,trade,rebalance,-43.681446476484766,53.810000000000002,-2350.4986348996454,0,0,1.1752493174498229,0.58762465872491143,,
2022-09-01T00:00:00Z,MATICUSDT,trade,rebalance,3031.9069383450301,0.83199999999999996,2522.5465727030651,0,0,1.2612732863515324,0.63063664317576618,,
2022-09-01T00:00:00Z,RUNEUSDT,trade,rebalance,-141.04882738251717,1.9119999999999999,-269.68535795537281,0,0,0.1348426789776864,0.067421339488843199,,
2022-09-01T00:00:00Z,SANDUSDT,trade,rebalance,-222.29828002489603,0.94189999999999996,-209.38274995544955,0,0,0.10469137497772478,0.05234568748886239,,
2022-09-01T00:00:00Z,SNXUSDT,trade,rebalance,822.85185179562109,2.9540000000000002,2430.7043702042647,0,0,1.2153521851021323,0.60767609255106614,,
2022-09-01T00:00:00Z,TRBUSDT,trade,rebalance,61.968773099492054,18.98,1176.1673134283592,0,0,0.58808365671417961,0.29404182835708981,,
2022-09-01T00:00:00Z,UNFIUSDT,trade,rebalance,-280.77204782227574,7.5679999999999996,-2124.8828579189826,0,0,1.0624414289594915,0.53122071447974573,,
2022-09-01T00:00:00Z,UNIUSDT,trade,rebalance,349.97951823205818,6.1349999999999998,2147.1243443536769,0,0,1.0735621721768385,0.53678108608841923,,
2022-09-01T00:00:00Z,WAVESUSDT,trade,rebalance,-540.94263647982768,4.4930000000000003,-2430.4552657038657,0,0,1.2152276328519329,0.60761381642596646,,
2022-09-08T00:00:00Z,ADAUSDT,trade,rebalance,-316.73362984418145,0.47839999999999999,-151.5253685174564,0,0,0.075762684258728202,0.037881342129364101,,
2022-09-08T00:00:00Z,APEUSDT,trade,rebalance,-45.010903194110767,4.4189999999999996,-198.90318121477546,0,0,0.09945159060738773,0.049725795303693865,,
2022-09-08T00:00:00Z,ATOMUSDT,trade,rebalance,-15.676345356641777,12.925000000000001,-202.61676373459497,0,0,0.10130838186729749,0.050654190933648743,,
2022-09-08T00:00:00Z,BCHUSDT,trade,rebalance,20.711268487024217,118.65000000000001,2457.3920059854236,0,0,1.2286960029927119,0.61434800149635593,,
2022-09-08T00:00:00Z,CHZUSDT,trade,rebalance,1550.6496169239981,0.19328000000000001,299.70955795907037,0,0,0.1498547789795352,0.074927389489767598,,
2022-09-08T00:00:00Z,DOGEUSDT,trade,rebalance,-39664.400835913992,0.060940000000000001,-2417.1485869405988,0,0,1.2085742934702994,0.60428714673514972,,
2022-09-08T00:00:00Z,DYDXUSDT,trade,rebalance,-98.463658586146494,1.448,-142.57537763274013,0,0,0.071287688816370071,0.035643844408185035,,
2022-09-08T00:00:00Z,EOSUSDT,trade,rebalance,-295.35233373894584,1.663,-491.17093100786695,0,0,0.24558546550393348,0.12279273275196674,,
2022-09-08T00:00:00Z,FILUSDT,trade,rebalance,-419.94244646041926,5.8529999999999998,-2457.923139132834,0,0,1.2289615695664169,0.61448078478320844,,
2022-09-08T00:00:00Z,FLMUSDT,trade,rebalance,-1024.1489967644848,0.1108,-113.47570884150491,0,0,0.056737854420752458,0.028368927210376229,,
2022-09-08T00:00:00Z,FLOWUSDT,trade,rebalance,-2497.6048752370607,1.8580000000000001,-4640.5498581904594,0,0,2.32027492909523,1.160137464547615,,
2022-09-08T00:00:00Z,FTMUSDT,trade,rebalance,8906.4802483060266,0.25380000000000003,2260.46468702007,0,0,1.130232343510035,0.56511617175501749,,
2022-09-08T00:00:00Z,GALAUSDT,trade,rebalance,-2218.6652227464147,0.048669999999999998,-107.98243639106799,0,0,0.053991218195533999,0.026995609097767,,
2022-09-08T00:00:00Z,LINKUSDT,trade,rebalance,347.04327355100935,7.0830000000000002,2458.1075065617993,0,0,1.2290537532808996,0.6145268766404498,,
2022-09-08T00:00:00Z,LTCUSDT,trade,rebalance,42.897156242167988,57.289999999999999,2457.5780811138038,0,0,1.2287890405569017,0.61439452027845087,,
2022-09-08T00:00:00Z,RUNEUSDT,trade,rebalance,-70.026814310504506,1.8320000000000001,-128.28912381684427,0,0,0.064144561908422132,0.032072280954211066,,
2022-09-08T00:00:00Z,SANDUSDT,trade,rebalance,2581.1919947143897,0.90210000000000001,2328.4932984318511,0,0,1.1642466492159256,0.58212332460796279,,
2022-09-08T00:00:00Z,SNXUSDT,trade,rebalance,-822.85185179562109,2.9849999999999999,-2456.2127776099287,0,0,1.2281063888049644,0.61405319440248218,,
2022-09-08T00:00:00Z,TRBUSDT,trade,rebalance,14.94054340338775,17.170000000000002,256.5291302361677,0,0,0.12826456511808385,0.064132282559041923,,
2022-09-08T00:00:00Z,UNIUSDT,trade,rebalance,-401.92433967895556,6.1130000000000004,-2456.9634884574557,0,0,1.2284817442287279,0.61424087211436396,,
2022-09-08T00:00:00Z,WAVESUSDT,trade,rebalance,540.94263647982768,4.4080000000000004,2384.4751416030808,0,0,1.1922375708015405,0.59611878540077023,,
2022-09-12T00:00:00Z,FLMUSDT,risk_policy_action,before_rebalance,22181.68804542139,0.1202,2666.238903059651,0,0,1.3331194515298255,0.66655972576491274,membership_exit,team-05-ldm-none-v1
2022-09-15T00:00:00Z,ADAUSDT,trade,rebalance,-5137.0617422239984,0.48039999999999999,-2467.8444609644089,0,0,1.2339222304822044,0.6169611152411022,,
2022-09-15T00:00:00Z,APEUSDT,trade,rebalance,556.19059320098768,5.0990000000000002,2836.0158347318361,0,0,1.4180079173659179,0.70900395868295896,,
2022-09-15T00:00:00Z,ATOMUSDT,trade,rebalance,-14.282429062252334,13.954000000000001,-199.29701513466907,0,0,0.099648507567334538,0.049824253783667269,,
2022-09-15T00:00:00Z,BCHUSDT,trade,rebalance,-0.24528113485688863,119.83,-29.392038389900964,0,0,0.014696019194950484,0.007348009597475242,,
2022-09-15T00:00:00Z,CHZUSDT,trade,rebalance,-12715.652750647518,0.19220999999999999,-2444.0756152019594,0,0,1.2220378076009797,0.61101890380048984,,
2022-09-15T00:00:00Z,CRVUSDT,trade,rebalance,2295.0064564182135,1.0700000000000001,2455.6569083674885,0,0,1.2278284541837441,0.61391422709187204,,
2022-09-15T00:00:00Z,DYDXUSDT,trade,rebalance,1697.3799940298093,1.385,2350.871291731286,0,0,1.175435645865643,0.58771782293282149,,
2022-09-15T00:00:00Z,ENSUSDT,trade,rebalance,167.37820910655597,14.657999999999999,2453.4297890838975,0,0,1.2267148945419486,0.6133574472709743,,
2022-09-15T00:00:00Z,EOSUSDT,trade,rebalance,189.42788870707156,1.472,278.83785217680935,0,0,0.13941892608840467,0.069709463044202336,,
2022-09-15T00:00:00Z,FILUSDT,trade,rebalance,419.94244646041921,5.9530000000000003,2499.9173837788758,0,0,1.2499586918894379,0.62497934594471893,,
2022-09-15T00:00:00Z,FLOWUSDT,trade,rebalance,8.8763374270906752,1.867,16.572121976378291,0,0,0.0082860609881891464,0.0041430304940945732,,
2022-09-15T00:00:00Z,FTMUSDT,trade,rebalance,-9782.9660425111924,0.25080000000000002,-2453.5678834618075,0,0,1.2267839417309039,0.61339197086545194,,
2022-09-15T00:00:00Z,GALAUSDT,trade,rebalance,51.4180966835047,0.04863,2.5004620417188335,0,0,0.0012502310208594167,0.00062511551042970835,,
2022-09-15T00:00:00Z,KNCUSDT,trade,rebalance,1267.2176230148546,1.9370000000000001,2454.6005357797735,0,0,1.2273002678898868,0.61365013394494339,,
2022-09-15T00:00:00Z,LINKUSDT,trade,rebalance,-17.685193677358939,7.4500000000000002,-131.75469289632409,0,0,0.065877346448162039,0.032938673224081019,,
2022-09-15T00:00:00Z,LTCUSDT,trade,rebalance,-2.0983689913189565,60.140000000000001,-126.19591113792204,0,0,0.063097955568961014,0.031548977784480507,,
2022-09-15T00:00:00Z,MATICUSDT,trade,rebalance,-2840.5653018666881,0.86360000000000003,-2453.1121946920721,0,0,1.2265560973460361,0.61327804867301805,,
2022-09-15T00:00:00Z,OPUSDT,trade,rebalance,-2019.1632635465273,1.2150000000000001,-2453.2833652090308,0,0,1.2266416826045152,0.61332084130225761,,
2022-09-15T00:00:00Z,RUNEUSDT,trade,rebalance,1340.8653744436247,1.7989999999999999,2412.2168086240808,0,0,1.2061084043120405,0.60305420215602024,,
2022-09-15T00:00:00Z,TRBUSDT,trade,rebalance,-278.5600229678455,18.09,-5039.150815488325,0,0,2.5195754077441626,1.2597877038720813,,
2022-09-15T00:00:00Z,UNFIUSDT,trade,rebalance,-344.18612245982729,7.1310000000000002,-2454.3912392610287,0,0,1.2271956196305143,0.61359780981525713,,
2022-09-15T00:00:00Z,UNIUSDT,trade,rebalance,401.92433967895556,6.1740000000000004,2481.4808731778717,0,0,1.2407404365889358,0.62037021829446792,,
2022-09-15T00:00:00Z,WAVESUSDT,trade,rebalance,-552.86094774940602,4.4370000000000003,-2453.0440251641148,0,0,1.2265220125820575,0.61326100629102875,,
2022-09-19T00:00:00Z,FLOWUSDT,risk_policy_action,before_rebalance,1313.5626355454328,1.651,2168.6919112855098,0,0,1.084345955642755,0.54217297782137752,membership_exit,team-05-ldm-none-v1
2022-09-22T00:00:00Z,AAVEUSDT,trade,rebalance,-34.439242929241736,71.519999999999996,-2463.0946542993688,0,0,1.2315473271496844,0.6157736635748422,,
2022-09-22T00:00:00Z,APEUSDT,trade,rebalance,425.94383092499424,5.7839999999999998,2463.6591180701666,0,0,1.2318295590350834,0.6159147795175417,,
2022-09-22T00:00:00Z,ATOMUSDT,trade,rebalance,8.4608490270155983,13.365,113.07924724606347,0,0,0.056539623623031741,0.028269811811515871,,
2022-09-22T00:00:00Z,BCHUSDT,trade,rebalance,-20.465987352167328,108.72,-2225.0621449276318,0,0,1.1125310724638158,0.55626553623190789,,
2022-09-22T00:00:00Z,CHZUSDT,trade,rebalance,10784.136170441248,0.22849,2464.0672735841208,0,0,1.2320336367920606,0.61601681839603029,,
2022-09-22T00:00:00Z,CRVUSDT,trade,rebalance,-2295.0064564182135,0.86099999999999999,-1976.0005589760817,0,0,0.98800027948804092,0.49400013974402046,,
2022-09-22T00:00:00Z,ENSUSDT,trade,rebalance,-167.37820910655597,13.433,-2248.3914829283663,0,0,1.124195741464183,0.5620978707320915,,
2022-09-22T00:00:00Z,EOSUSDT,trade,rebalance,-3755.8683076700968,1.1779999999999999,-4424.4128664353739,0,0,2.2122064332176867,1.1061032166088434,,
2022-09-22T00:00:00Z,FILUSDT,trade,rebalance,-470.37342387250243,5.2380000000000004,-2463.815994244168,0,0,1.2319079971220839,0.61595399856104194,,
2022-09-22T00:00:00Z,FTMUSDT,trade,rebalance,-1431.9270551390346,0.21959999999999999,-314.451181308532,0,0,0.157225590654266,0.078612795327133,,
2022-09-22T00:00:00Z,GALAUSDT,trade,rebalance,50447.990807264803,0.040219999999999999,2029.0181902681902,0,0,1.0145090951340952,0.50725454756704758,,
2022-09-22T00:00:00Z,HNTUSDT,trade,rebalance,557.88968818924945,4.4100000000000001,2460.2935249145903,0,0,1.2301467624572953,0.61507338122864763,,
2022-09-22T00:00:00Z,KNCUSDT,trade,rebalance,762.21228618698569,1.214,925.32571543100062,0,0,0.46266285771550031,0.23133142885775015,,
2022-09-22T00:00:00Z,LINKUSDT,trade,rebalance,39.818355849059117,6.6719999999999997,265.66807022492242,0,0,0.1328340351124612,0.066417017556230598,,
2022-09-22T00:00:00Z,LTCUSDT,trade,rebalance,-40.798787250849031,51.009999999999998,-2081.146137665809,0,0,1.0405730688329045,0.52028653441645223,,
2022-09-22T00:00:00Z,MATICUSDT,trade,rebalance,2840.5653018666881,0.69979999999999998,1987.8275982463083,0,0,0.99391379912315425,0.49695689956157713,,
2022-09-22T00:00:00Z,OPUSDT,trade,rebalance,-747.77838128251437,0.89000000000000001,-665.52275934143779,0,0,0.33276137967071889,0.16638068983535945,,
2022-09-22T00:00:00Z,RVNUSDT,trade,rebalance,64370.070121448771,0.038260000000000002,2462.79888284663,0,0,1.2313994414233149,0.61569972071165746,,
2022-09-22T00:00:00Z,SANDUSDT,trade,rebalance,-3027.9072168023563,0.81340000000000001,-2462.8997301470367,0,0,1.2314498650735184,0.6157249325367592,,
2022-09-22T00:00:00Z,TRBUSDT,trade,rebalance,-49.347863386091973,13.31,-656.82006166888414,0,0,0.32841003083444209,0.16420501541722105,,
2022-09-22T00:00:00Z,UNFIUSDT,trade,rebalance,-64.015979170390381,6.0279999999999996,-385.88832243911321,0,0,0.1929441612195566,0.096472080609778299,,
2022-09-22T00:00:00Z,WAVESUSDT,trade,rebalance,552.86094774940602,3.8410000000000002,2123.5389003054688,0,0,1.0617694501527346,0.5308847250763673,,
2022-09-22T00:00:00Z,XRPUSDT,trade,rebalance,6265.6845267071358,0.39329999999999998,2464.2937243539163,0,0,1.2321468621769582,0.61607343108847912,,
2022-09-29T00:00:00Z,1000SHIBUSDT,trade,rebalance,-221018.94177616865,0.011095000000000001,-2452.2051590065912,0,0,1.2261025795032956,0.6130512897516478,,
2022-09-29T00:00:00Z,AAVEUSDT,trade,rebalance,34.439242929241736,76.790000000000006,2644.5894645364733,0,0,1.3222947322682366,0.66114736613411829,,
2022-09-29T00:00:00Z,APEUSDT,trade,rebalance,30.218544375226315,5.3760000000000003,162.45489456121669,0,0,0.081227447280608336,0.040613723640304168,,
2022-09-29T00:00:00Z,ATOMUSDT,trade,rebalance,-184.32279806743725,12.984,-2393.247210107605,0,0,1.1966236050538026,0.5983118025269013,,
2022-09-29T00:00:00Z,AXSUSDT,trade,rebalance,196.34338908038319,12.48,2450.3654957231824,0,0,1.2251827478615913,0.61259137393079566,,
2022-09-29T00:00:00Z,BTCUSDT,trade,rebalance,0.12636048295647065,19407.400000000001,2452.3284369294088,0,0,1.2261642184647044,0.61308210923235218,,
2022-09-29T00:00:00Z,CHZUSDT,trade,rebalance,-10784.13617044125,0.24043999999999999,-2592.937700820894,0,0,1.2964688504104469,0.64823442520522345,,
2022-09-29T00:00:00Z,EOSUSDT,trade,rebalance,-47.814631650631327,1.147,-54.843382503274135,0,0,0.027421691251637067,0.013710845625818533,,
2022-09-29T00:00:00Z,FILUSDT,trade,rebalance,51.394844181345945,5.8520000000000003,300.76262814923649,0,0,0.15038131407461824,0.075190657037309122,,
2022-09-29T00:00:00Z,FTMUSDT,trade,rebalance,11214.893097650227,0.22720000000000001,2548.0237117861316,0,0,1.274011855893066,0.63700592794653299,,
2022-09-29T00:00:00Z,GMTUSDT,trade,rebalance,-3655.2823514890233,0.67090000000000005,-2452.328929613986,0,0,1.2261644648069931,0.61308223240349657,,
2022-09-29T00:00:00Z,HNTUSDT,trade,rebalance,-88.021278471920937,5.2190000000000003,-459.38305234495539,0,0,0.22969152617247768,0.11484576308623884,,
2022-09-29T00:00:00Z,KNCUSDT,trade,rebalance,-2029.4299092018402,1.1359999999999999,-2305.4323768532904,0,0,1.1527161884266452,0.57635809421332262,,
2022-09-29T00:00:00Z,LINKUSDT,trade,rebalance,-54.432414816798371,7.7880000000000003,-423.91964659322571,0,0,0.21195982329661284,0.10597991164830642,,
2022-09-29T00:00:00Z,MATICUSDT,trade,rebalance,-3282.9035202329128,0.747,-2452.328929613986,0,0,1.2261644648069931,0.61308223240349657,,
2022-09-29T00:00:00Z,OPUSDT,trade,rebalance,67.765350440813108,0.9083,61.551267805390545,0,0,0.030775633902695273,0.015387816951347636,,
2022-09-29T00:00:00Z,PEOPLEUSDT,trade,rebalance,102915.10011951934,0.023810000000000001,2450.4085338457558,0,0,1.2252042669228778,0.61260213346143888,,
2022-09-29T00:00:00Z,RVNUSDT,trade,rebalance,4301.8999764792752,0.035700000000000003,153.57782916031013,0,0,0.076788914580155063,0.038394457290077531,,
2022-09-29T00:00:00Z,SANDUSDT,trade,rebalance,3027.9072168023563,0.84670000000000001,2563.729040466555,0,0,1.2818645202332775,0.64093226011663873,,
2022-09-29T00:00:00Z,TRBUSDT,trade,rebalance,34.401370180989858,16.289999999999999,560.39832024832481,0,0,0.28019916012416241,0.1400995800620812,,
2022-09-29T00:00:00Z,UNFIUSDT,trade,rebalance,18.962957611076945,6.2999999999999998,119.46663294978475,0,0,0.059733316474892377,0.029866658237446189,,
2022-09-29T00:00:00Z,XRPUSDT,trade,rebalance,-801.49350706812947,0.44890000000000002,-359.79043532288335,0,0,0.17989521766144168,0.089947608830720838,,
2022-10-03T00:00:00Z,PEOPLEUSDT,risk_policy_action,before_rebalance,-102915.10011951934,0.021860000000000001,-2249.7240886126929,0,0,1.1248620443063464,0.5624310221531732,membership_exit,team-05-ldm-none-v1
2022-10-06T00:00:00Z,1000SHIBUSDT,trade,rebalance,221018.94177616868,0.011440000000000001,2528.4566939193696,0,0,1.2642283469596849,0.63211417347984244,,
2022-10-06T00:00:00Z,ALGOUSDT,trade,rebalance,6955.4797684367813,0.35360000000000003,2459.457646119246,0,0,1.2297288230596231,0.61486441152981153,,
2022-10-06T00:00:00Z,APEUSDT,trade,rebalance,-456.16237530022056,5.2009999999999996,-2372.5005139364471,0,0,1.1862502569682236,0.59312512848411181,,
2022-10-06T00:00:00Z,AVAXUSDT,trade,rebalance,-141.55660130714102,17.370000000000001,-2458.8381647050396,0,0,1.2294190823525197,0.61470954117625987,,
2022-10-06T00:00:00Z,AXSUSDT,trade,rebalance,-196.34338908038316,12.74,-2501.4147768840817,0,0,1.2507073884420408,0.62535369422102038,,
2022-10-06T00:00:00Z,BTCUSDT,trade,rebalance,-0.12636048295647065,20149.900000000001,-2546.1510955245881,0,0,1.2730755477622941,0.63653777388114707,,
2022-10-06T00:00:00Z,CHZUSDT,trade,rebalance,-11311.491726621192,0.21747,-2459.9101057883108,0,0,1.2299550528941554,0.6149775264470777,,
2022-10-06T00:00:00Z,ENSUSDT,trade,rebalance,140.61108217856361,17.501000000000001,2460.8345492070416,0,0,1.2304172746035209,0.61520863730176045,,
2022-10-06T00:00:00Z,EOSUSDT,trade,rebalance,2137.6632155335124,1.1739999999999999,2509.6166150363433,0,0,1.2548083075181715,0.62740415375908576,,
2022-10-06T00:00:00Z,ETCUSDT,trade,rebalance,-89.072057298248808,27.611999999999998,-2459.457646119246,0,0,1.2297288230596231,0.61486441152981153,,
2022-10-06T00:00:00Z,FILUSDT,trade,rebalance,-21.479072720005036,5.585,-119.96062114122812,0,0,0.059980310570614065,0.029990155285307032,,
2022-10-06T00:00:00Z,FTMUSDT,trade,rebalance,10877.742795750757,0.2261,2459.457646119246,0,0,1.2297288230596231,0.61486441152981153,,
2022-10-06T00:00:00Z,GMTUSDT,trade,rebalance,3655.2823514890238,0.62470000000000003,2283.4548849751932,0,0,1.1417274424875967,0.57086372124379836,,
2022-10-06T00:00:00Z,HNTUSDT,trade,rebalance,-36.331013962129134,5.673,-206.10584220715859,0,0,0.1030529211035793,0.051526460551789652,,
2022-10-06T00:00:00Z,LINKUSDT,trade,rebalance,-2.245549294438888,7.8689999999999998,-17.670227397939609,0,0,0.0088351136989698043,0.0044175568494849021,,
2022-10-06T00:00:00Z,MATICUSDT,trade,rebalance,3282.9035202329128,0.85070000000000001,2792.766024662139,0,0,1.3963830123310694,0.69819150616553471,,
2022-10-06T00:00:00Z,OPUSDT,trade,rebalance,-153.69187185611187,0.86209999999999998,-132.49776272715405,0,0,0.066248881363577025,0.033124440681788513,,
2022-10-06T00:00:00Z,REEFUSDT,trade,rebalance,514655.78385533846,0.0047790000000000003,2459.5399910446627,0,0,1.2297699955223313,0.61488499776116567,,
2022-10-06T00:00:00Z,RVNUSDT,trade,rebalance,-139754.56102622996,0.034610000000000002,-4836.9053571178192,0,0,2.4184526785589098,1.2092263392794549,,
2022-10-06T00:00:00Z,TRBUSDT,trade,rebalance,-8.865329801777051,15.43,-136.7920388414199,0,0,0.068396019420709941,0.034198009710354971,,
2022-10-06T00:00:00Z,UNFIUSDT,trade,rebalance,-4.8415555673431641,6.2409999999999997,-30.216148295788685,0,0,0.015108074147894342,0.0075540370739471709,,
2022-10-06T00:00:00Z,UNIUSDT,trade,rebalance,361.31300809743584,6.806,2459.0963331111484,0,0,1.2295481665555743,0.61477408327778715,,
2022-10-06T00:00:00Z,XRPUSDT,trade,rebalance,-429.47731212775579,0.48849999999999999,-209.79966697440869,0,0,0.10489983348720434,0.052449916743602172,,
2022-10-10T00:00:00Z,TRBUSDT,risk_policy_action,before_rebalance,159.39453312503215,15.460000000000001,2464.2394821129974,0,0,1.2321197410564986,0.61605987052824929,membership_exit,team-05-ldm-none-v1
2022-10-13T00:00:00Z,1000SHIBUSDT,trade,rebalance,-2.9103830456733704e-11,0.010160000000000001,-2.9569491744041445e-13,0,0,1.4784745872020723e-16,7.3923729360103614e-17,,
2022-10-13T00:00:00Z,ALGOUSDT,trade,rebalance,-6955.4797684367813,0.31330000000000002,-2179.1518114512437,0,0,1.0895759057256218,0.5447879528628109,,
2022-10-13T00:00:00Z,APEUSDT,trade,rebalance,-525.06579016385922,4.7130000000000001,-2474.6350690422687,0,0,1.2373175345211345,0.61865876726056723,,
2022-10-13T00:00:00Z,AVAXUSDT,trade,rebalance,-13.590831880541742,15.94,-216.63786017583536,0,0,0.10831893008791767,0.054159465043958833,,
2022-10-13T00:00:00Z,CHZUSDT,trade,rebalance,11311.491726621192,0.18991,2148.1653938026307,0,0,1.0740826969013153,0.53704134845065765,,
2022-10-13T00:00:00Z,DOGEUSDT,trade,rebalance,41392.392632064082,0.05978,2474.4372315447908,0,0,1.2372186157723954,0.61860930788619772,,
2022-10-13T00:00:00Z,ENSUSDT,trade,rebalance,3.882761062329763,17.126000000000001,66.496165953459524,0,0,0.033248082976729765,0.016624041488364882,,
2022-10-13T00:00:00Z,EOSUSDT,trade,rebalance,-2384.1687741312899,1.038,-2474.7671875482788,0,0,1.2373835937741395,0.61869179688706977,,
2022-10-13T00:00:00Z,ETCUSDT,trade,rebalance,-14.994678394944117,23.777000000000001,-356.52846819658629,0,0,0.17826423409829315,0.089132117049146573,,
2022-10-13T00:00:00Z,FILUSDT,trade,rebalance,440.45765241116158,5.1429999999999998,2265.2737063506038,0,0,1.1326368531753017,0.56631842658765086,,
2022-10-13T00:00:00Z,FTMUSDT,trade,rebalance,-10877.742795750755,0.2074,-2256.0438558387068,0,0,1.1280219279193533,0.56401096395967665,,
2022-10-13T00:00:00Z,HNTUSDT,trade,rebalance,-433.53739575519938,4.5419999999999998,-1969.1268515201155,0,0,0.98456342576005773,0.49228171288002887,,
2022-10-13T00:00:00Z,KNCUSDT,trade,rebalance,-2418.0760336428566,1.024,-2476.1098584502852,0,0,1.2380549292251426,0.6190274646125713,,
2022-10-13T00:00:00Z,LINKUSDT,trade,rebalance,-312.49847161147227,7.141,-2231.5515857775235,0,0,1.1157757928887619,0.55788789644438097,,
2022-10-13T00:00:00Z,MATICUSDT,trade,rebalance,3162.4301077872719,0.78239999999999998,2474.2853163327613,0,0,1.2371426581663807,0.61857132908319035,,
2022-10-13T00:00:00Z,OPUSDT,trade,rebalance,-458.84517599008996,0.74670000000000003,-342.6196929118002,0,0,0.17130984645590011,0.085654923227950056,,
2022-10-13T00:00:00Z,REEFUSDT,trade,rebalance,-71905.610422561469,0.0055849999999999997,-401.59283421000578,0,0,0.2007964171050029,0.10039820855250145,,
2022-10-13T00:00:00Z,RSRUSDT,trade,rebalance,382643.51973421563,0.0064619999999999999,2472.6424245225012,0,0,1.2363212122612506,0.61816060613062529,,
2022-10-13T00:00:00Z,RVNUSDT,trade,rebalance,-5098.6800951432087,0.032469999999999999,-165.55414268929999,0,0,0.082777071344649997,0.041388535672324998,,
2022-10-13T00:00:00Z,UNFIUSDT,trade,rebalance,-46.355952114596398,5.6189999999999998,-260.47409493191714,0,0,0.13023704746595857,0.065118523732979286,,
2022-10-13T00:00:00Z,UNIUSDT,trade,rebalance,47.421432846216874,6.0519999999999996,286.99451158530451,0,0,0.14349725579265227,0.071748627896326134,,
2022-10-13T00:00:00Z,XLMUSDT,trade,rebalance,21274.084932458216,0.11632000000000001,2474.60155934354,0,0,1.2373007796717701,0.61865038983588505,,
2022-10-13T00:00:00Z,XRPUSDT,trade,rebalance,37.055510499818411,0.48799999999999999,18.083089123911385,0,0,0.0090415445619556924,0.0045207722809778462,,
2022-10-17T00:00:00Z,KNCUSDT,risk_policy_action,before_rebalance,2418.0760336428566,0.93500000000000005,2260.9010914560708,0,0,1.1304505457280354,0.56522527286401769,membership_exit,team-05-ldm-none-v1
2022-10-20T00:00:00Z,ALGOUSDT,trade,rebalance,-8209.139413472356,0.30719999999999997,-2521.8476278187077,0,0,1.2609238139093539,0.63046190695467696,,
2022-10-20T00:00:00Z,APEUSDT,trade,rebalance,525.06579016385922,4.2530000000000001,2233.1048055668934,0,0,1.1165524027834468,0.5582762013917234,,
2022-10-20T00:00:00Z,AVAXUSDT,trade,rebalance,155.14743318768276,15.050000000000001,2334.9688694746255,0,0,1.1674844347373128,0.58374221736865639,,
2022-10-20T00:00:00Z,BTCUSDT,trade,rebalance,0.13193140326536451,19116.599999999999,2522.0798636626669,0,0,1.2610399318313334,0.63051996591566672,,
2022-10-20T00:00:00Z,CHZUSDT,trade,rebalance,-14842.171348361622,0.16989000000000001,-2521.5364903731561,0,0,1.260768245186578,0.63038412259328902,,
2022-10-20T00:00:00Z,DOGEUSDT,trade,rebalance,-41392.392632064082,0.058630000000000002,-2426.8359800179173,0,0,1.2134179900089586,0.60670899500447928,,
2022-10-20T00:00:00Z,DYDXUSDT,trade,rebalance,1678.4012560149442,1.5029999999999999,2522.637087790461,0,0,1.2613185438952306,0.63065927194761529,,
2022-10-20T00:00:00Z,ENSUSDT,trade,rebalance,-9.0845143131273574,18.611000000000001,-169.07189588161324,0,0,0.084535947940806627,0.042267973970403314,,
2022-10-20T00:00:00Z,EOSUSDT,trade,rebalance,-128.1534120807587,1.004,-128.66602572908172,0,0,0.064333012864540864,0.032166506432270432,,
2022-10-20T00:00:00Z,ETCUSDT,trade,rebalance,104.06673569319292,22.332000000000001,2324.0183415003844,0,0,1.1620091707501923,0.58100458537509614,,
2022-10-20T00:00:00Z,FILUSDT,trade,rebalance,506.65573400032696,4.976,2521.118932385627,0,0,1.2605594661928134,0.63027973309640672,,
2022-10-20T00:00:00Z,FTMUSDT,trade,rebalance,-1.8189894035458565e-12,0.19869999999999999,-3.6143319448456166e-13,0,0,1.8071659724228082e-16,9.035829862114041e-17,,
2022-10-20T00:00:00Z,HNTUSDT,trade,rebalance,-601.68448730923376,4.1870000000000003,-2519.2529483637618,0,0,1.259626474181881,0.6298132370909405,,
2022-10-20T00:00:00Z,MANAUSDT,trade,rebalance,-4163.4689117632643,0.60589999999999999,-2522.6458136373617,0,0,1.2613229068186809,0.63066145340934043,,
2022-10-20T00:00:00Z,MATICUSDT,trade,rebalance,-174.59693380038334,0.84409999999999996,-147.37727182090356,0,0,0.073688635910451786,0.036844317955225893,,
2022-10-20T00:00:00Z,OPUSDT,trade,rebalance,-347.57336900297742,0.68930000000000002,-239.58232325375235,0,0,0.11979116162687617,0.059895580813438085,,
2022-10-20T00:00:00Z,REEFUSDT,trade,rebalance,-88540.263942574558,0.0071199999999999996,-630.40667927113077,0,0,0.3152033396355654,0.1576016698177827,,
2022-10-20T00:00:00Z,RSRUSDT,trade,rebalance,-382643.51973421569,0.0061809999999999999,-2365.119595477187,0,0,1.1825597977385935,0.59127989886929677,,
2022-10-20T00:00:00Z,RVNUSDT,trade,rebalance,-7672.7437863863743,0.030079999999999999,-230.79613309450212,0,0,0.11539806654725107,0.057699033273625536,,
2022-10-20T00:00:00Z,UNFIUSDT,trade,rebalance,-29.180562424517348,5.3700000000000001,-156.69962021965816,0,0,0.078349810109829082,0.039174905054914541,,
2022-10-20T00:00:00Z,UNIUSDT,trade,rebalance,-24.792970418844618,6.5640000000000001,-162.74105782929607,0,0,0.081370528914648035,0.040685264457324018,,
2022-10-20T00:00:00Z,XLMUSDT,trade,rebalance,-21274.084932458216,0.11071,-2355.253942872449,0,0,1.1776269714362244,0.58881348571811221,,
2022-10-20T00:00:00Z,XRPUSDT,trade,rebalance,532.14966683741295,0.4501,239.52056504351958,0,0,0.1197602825217598,0.059880141260879899,,
2022-10-24T00:00:00Z,MANAUSDT,risk_policy_action,before_rebalance,4163.4689117632643,0.62190000000000001,2589.2613162255739,0,0,1.2946306581127869,0.64731532905639344,membership_exit,team-05-ldm-none-v1
2022-10-24T00:00:00Z,UNFIUSDT,risk_policy_action,before_rebalance,469.61721412559768,5.6059999999999999,2632.6741023881004,0,0,1.3163370511940502,0.6581685255970251,membership_exit,team-05-ldm-none-v1
2022-10-27T00:00:00Z,ALGOUSDT,trade,rebalance,928.51027182477537,0.3387,314.4864290670514,0,0,0.15724321453352569,0.078621607266762844,,
2022-10-27T00:00:00Z,APEUSDT,trade,rebalance,-525.54365247301587,4.6909999999999998,-2465.3252737509174,0,0,1.2326626368754587,0.61633131843772937,,
2022-10-27T00:00:00Z,ATOMUSDT,trade,rebalance,-201.05854929722673,12.268000000000001,-2466.5862827783776,0,0,1.233293141389189,0.6166465706945945,,
2022-10-27T00:00:00Z,AXSUSDT,trade,rebalance,270.22911510013398,9.1300000000000008,2467.1918208642232,0,0,1.2335959104321117,0.61679795521605585,,
2022-10-27T00:00:00Z,BTCUSDT,trade,rebalance,-0.13193140326536451,20758.400000000001,-2738.684841543743,0,0,1.3693424207718716,0.68467121038593581,,
2022-10-27T00:00:00Z,CHZUSDT,trade,rebalance,14842.17134836162,0.20169000000000001,2993.5175392510555,0,0,1.4967587696255278,0.74837938481276389,,
2022-10-27T00:00:00Z,DYDXUSDT,trade,rebalance,-160.38797032488537,1.625,-260.63045177793873,0,0,0.13031522588896938,0.065157612944484689,,
2022-10-27T00:00:00Z,EGLDUSDT,trade,rebalance,43.20328692145236,57.07,2465.6115846072862,0,0,1.2328057923036431,0.61640289615182153,,
2022-10-27T00:00:00Z,ENSUSDT,trade,rebalance,-135.40932892776601,18.047000000000001,-2443.7321591593932,0,0,1.2218660795796967,0.61093303978984836,,
2022-10-27T00:00:00Z,EOSUSDT,trade,rebalance,2512.3221862120486,1.1259999999999999,2828.8747816747664,0,0,1.4144373908373833,0.70721869541869165,,
2022-10-27T00:00:00Z,ETCUSDT,trade,rebalance,-96.805351743732345,25.472999999999999,-2465.9227249680939,0,0,1.232961362484047,0.61648068124202349,,
2022-10-27T00:00:00Z,FILUSDT,trade,rebalance,-506.65573400032696,5.2539999999999996,-2661.9692264377177,0,0,1.3309846132188587,0.66549230660942937,,
2022-10-27T00:00:00Z,HNTUSDT,trade,rebalance,5.1832314588053805,4.1349999999999998,21.432662082160249,0,0,0.010716331041080124,0.0053581655205400622,,
2022-10-27T00:00:00Z,MATICUSDT,trade,rebalance,-354.92686172651202,0.93700000000000006,-332.56646943774177,0,0,0.16628323471887088,0.083141617359435441,,
2022-10-27T00:00:00Z,MKRUSDT,trade,rebalance,2.63325862425107,936.29999999999995,2465.5200498862769,0,0,1.2327600249431383,0.61638001247156915,,
2022-10-27T00:00:00Z,OPUSDT,trade,rebalance,5872.5070496911812,1.1142000000000001,6543.1473547659143,0,0,3.2715736773829573,1.6357868386914787,,
2022-10-27T00:00:00Z,REEFUSDT,trade,rebalance,-354209.90949020244,0.0056600000000000001,-2004.8280877145457,0,0,1.0024140438572728,0.50120702192863642,,
2022-10-27T00:00:00Z,RSRUSDT,trade,rebalance,-395128.75052677968,0.0062389999999999998,-2465.2082745365783,0,0,1.2326041372682892,0.61630206863414461,,
2022-10-27T00:00:00Z,RVNUSDT,trade,rebalance,4825.657435181216,0.031199999999999999,150.56051197765393,0,0,0.075280255988826969,0.037640127994413485,,
2022-10-27T00:00:00Z,SUSHIUSDT,trade,rebalance,1477.6288843723137,1.669,2466.1626080173914,0,0,1.2330813040086959,0.61654065200434793,,
2022-10-27T00:00:00Z,UNIUSDT,trade,rebalance,-15.109075924373883,6.6879999999999997,-101.04949978221252,0,0,0.050524749891106259,0.025262374945553129,,
2022-10-27T00:00:00Z,XLMUSDT,trade,rebalance,-21764.218603248264,0.11330999999999999,-2466.1036099340608,0,0,1.2330518049670303,0.61652590248351513,,
2022-10-27T00:00:00Z,XRPUSDT,trade,rebalance,-5603.9188848484819,0.46860000000000002,-2625.9963894399989,0,0,1.3129981947199993,0.65649909735999967,,
2022-10-31T00:00:00Z,ALGOUSDT,risk_policy_action,before_rebalance,7280.6291416475797,0.3589,2613.0177989373165,0,0,1.3065088994686582,0.65325444973432911,membership_exit,team-05-ldm-none-v1
2022-10-31T00:00:00Z,HNTUSDT,risk_policy_action,before_rebalance,596.50125585042838,4.0149999999999997,2394.9525422394699,0,0,1.1974762711197349,0.59873813555986743,membership_exit,team-05-ldm-none-v1
2022-10-31T00:00:00Z,RVNUSDT,risk_policy_action,before_rebalance,79028.357374650281,0.03193,2523.3754509725836,0,0,1.2616877254862919,0.63084386274314597,membership_exit,team-05-ldm-none-v1
2022-10-31T00:00:00Z,XLMUSDT,risk_policy_action,before_rebalance,21764.218603248264,0.11106000000000001,2417.1341180767522,0,0,1.2085670590383761,0.60428352951918807,membership_exit,team-05-ldm-none-v1
2022-11-03T00:00:00Z,1000LUNCUSDT,trade,rebalance,-11523.193115660601,0.21299999999999999,-2454.4401336357078,0,0,1.2272200668178539,0.61361003340892695,,
2022-11-03T00:00:00Z,1000SHIBUSDT,trade,rebalance,208831.77082105022,0.011753,2454.3998024598031,0,0,1.2271999012299017,0.61359995061495087,,
2022-11-03T00:00:00Z,APEUSDT,trade,rebalance,-55.504632451543671,4.2249999999999996,-234.50707210777199,0,0,0.117253536053886,0.058626768026942999,,
2022-11-03T00:00:00Z,ATOMUSDT,trade,rebalance,201.05854929722673,13.281000000000001,2670.2585932164684,0,0,1.3351292966082342,0.6675646483041171,,
2022-11-03T00:00:00Z,AVAXUSDT,trade,rebalance,137.10198874202899,17.902000000000001,2454.3998024598031,0,0,1.2271999012299017,0.61359995061495087,,
2022-11-03T00:00:00Z,AXSUSDT,trade,rebalance,13.736615344896109,8.6400000000000006,118.68435657990238,0,0,0.059342178289951197,0.029671089144975599,,
2022-11-03T00:00:00Z,CHZUSDT,trade,rebalance,1.8189894035458565e-12,0.24007000000000001,4.3668478610925377e-13,0,0,2.1834239305462688e-16,1.0917119652731344e-16,,
2022-11-03T00:00:00Z,CRVUSDT,trade,rebalance,2834.3901331848242,0.86599999999999999,2454.5818553380577,0,0,1.2272909276690289,0.61364546383451446,,
2022-11-03T00:00:00Z,DOGEUSDT,trade,rebalance,19234.883561781317,0.12759999999999999,2454.3711424832959,0,0,1.227185571241648,0.61359278562082398,,
2022-11-03T00:00:00Z,DYDXUSDT,trade,rebalance,-1518.0132856900591,1.4970000000000001,-2272.4658886780185,0,0,1.1362329443390091,0.56811647216950456,,
2022-11-03T00:00:00Z,EGLDUSDT,trade,rebalance,-43.20328692145236,59.549999999999997,-2572.755736172488,0,0,1.2863778680862441,0.64318893404312205,,
2022-11-03T00:00:00Z,ENSUSDT,trade,rebalance,-152.37354611635678,16.105,-2453.9759602039258,0,0,1.226987980101963,0.61349399005098149,,
2022-11-03T00:00:00Z,ETCUSDT,trade,rebalance,-10.232543717006251,22.927,-234.60152979980234,0,0,0.11730076489990117,0.058650382449950585,,
2022-11-03T00:00:00Z,INJUSDT,trade,rebalance,974.26665686093895,2.5209999999999999,2456.1262419464269,0,0,1.2280631209732136,0.61403156048660679,,
2022-11-03T00:00:00Z,LUNA2USDT,trade,rebalance,-1064.1126318828101,2.3052999999999999,-2453.0988502794421,0,0,1.2265494251397211,0.61327471256986055,,
2022-11-03T00:00:00Z,MATICUSDT,trade,rebalance,-2632.9063122603766,0.87270000000000003,-2297.7373387096309,0,0,1.1488686693548154,0.57443433467740768,,
2022-11-03T00:00:00Z,MKRUSDT,trade,rebalance,-2.6332586242510705,837.60000000000002,-2205.6174236726965,0,0,1.1028087118363483,0.55140435591817416,,
2022-11-03T00:00:00Z,OPUSDT,trade,rebalance,173.65551005207089,1.0281,178.53522988453409,0,0,0.089267614942267051,0.044633807471133526,,
2022-11-03T00:00:00Z,REEFUSDT,trade,rebalance,-480831.5429082638,0.005104,-2454.1641950037783,0,0,1.227082097501889,0.61354104875094451,,
2022-11-03T00:00:00Z,RSRUSDT,trade,rebalance,-4081.3849710786599,0.006149,-25.096436187162681,0,0,0.01254821809358134,0.0062741090467906702,,
2022-11-03T00:00:00Z,SUSHIUSDT,trade,rebalance,36.367289332559267,1.6200000000000001,58.915008718746016,0,0,0.029457504359373006,0.014728752179686503,,
2022-11-03T00:00:00Z,UNIUSDT,trade,rebalance,-368.83239460043421,7.085,-2613.1775157440766,0,0,1.3065887578720383,0.65329437893601916,,
2022-11-03T00:00:00Z,XRPUSDT,trade,rebalance,-5460.2887707670816,0.44950000000000001,-2454.3998024598031,0,0,1.2271999012299017,0.61359995061495087,,
2022-11-10T00:00:00Z,1000LUNCUSDT,trade,rebalance,-1636.7455741062129,0.185,-302.79793120964939,0,0,0.15139896560482471,0.075699482802412357,,
2022-11-10T00:00:00Z,1000SHIBUSDT,trade,rebalance,-208831.77082105022,0.0087279999999999996,-1822.6836957261262,0,0,0.91134184786306305,0.45567092393153152,,
2022-11-10T00:00:00Z,APEUSDT,trade,rebalance,581.04828492455954,2.887,1677.4863985772033,0,0,0.83874319928860164,0.41937159964430082,,
2022-11-10T00:00:00Z,AVAXUSDT,trade,rebalance,-137.10198874202899,12.859,-1762.9944732337508,0,0,0.88149723661687529,0.44074861830843765,,
2022-11-10T00:00:00Z,AXSUSDT,trade,rebalance,-283.96573044503009,6.0099999999999998,-1706.6340399746307,0,0,0.85331701998731535,0.42665850999365768,,
2022-11-10T00:00:00Z,BNBUSDT,trade,rebalance,9.1258072607459209,266.52999999999997,2432.3014092066101,0,0,1.2161507046033049,0.60807535230165244,,
2022-11-10T00:00:00Z,CHZUSDT,trade,rebalance,15757.192789283019,0.15454999999999999,2435.2741455836904,0,0,1.2176370727918453,0.60881853639592265,,
2022-11-10T00:00:00Z,CRVUSDT,trade,rebalance,-2834.3901331848242,0.55000000000000004,-1558.9145732516533,0,0,0.7794572866258267,0.38972864331291335,,
2022-11-10T00:00:00Z,DOGEUSDT,trade,rebalance,13433.515284480953,0.074450000000000002,1000.125212929607,0,0,0.50006260646480349,0.25003130323240175,,
2022-11-10T00:00:00Z,ENSUSDT,trade,rebalance,-79.909562448638951,10.476000000000001,-837.13257621194168,0,0,0.41856628810597085,0.20928314405298543,,
2022-11-10T00:00:00Z,ETCUSDT,trade,rebalance,-25.584957725828517,18.344000000000001,-469.33046452259833,0,0,0.23466523226129915,0.11733261613064958,,
2022-11-10T00:00:00Z,FTMUSDT,trade,rebalance,13759.621018106338,0.17680000000000001,2432.7009960012006,0,0,1.2163504980006001,0.60817524900030007,,
2022-11-10T00:00:00Z,INJUSDT,trade,rebalance,-974.26665686093907,1.4550000000000001,-1417.5579857326663,0,0,0.70877899286633317,0.35438949643316658,,
2022-11-10T00:00:00Z,KLAYUSDT,trade,rebalance,16247.763877958356,0.14979999999999999,2433.9150289181616,0,0,1.2169575144590807,0.60847875722954037,,
2022-11-10T00:00:00Z,LTCUSDT,trade,rebalance,48.046483741147668,50.640000000000001,2433.0739366517178,0,0,1.2165369683258589,0.60826848416292945,,
2022-11-10T00:00:00Z,LUNA2USDT,trade,rebalance,-449.2316891132711,1.607,-721.91532440502669,0,0,0.36095766220251335,0.18047883110125668,,
2022-11-10T00:00:00Z,MATICUSDT,trade,rebalance,2981.0963570179247,0.81589999999999996,2432.2765176909247,0,0,1.2161382588454623,0.60806912942273117,,
2022-11-10T00:00:00Z,MKRUSDT,trade,rebalance,-3.6226578332806803,671.79999999999995,-2433.7015323979608,0,0,1.2168507661989805,0.60842538309949024,,
2022-11-10T00:00:00Z,OPUSDT,trade,rebalance,729.9736018480321,0.78069999999999995,569.8903909627586,0,0,0.28494519548137931,0.14247259774068965,,
2022-11-10T00:00:00Z,REEFUSDT,trade,rebalance,-256574.03332732295,0.0033010000000000001,-846.95088401349312,0,0,0.42347544200674658,0.21173772100337329,,
2022-11-10T00:00:00Z,RSRUSDT,trade,rebalance,-223714.40941460663,0.0039110000000000004,-874.94705522052664,0,0,0.43747352761026331,0.21873676380513166,,
2022-11-10T00:00:00Z,SUSHIUSDT,trade,rebalance,-1513.9961737048729,1.0149999999999999,-1536.7061163104459,0,0,0.76835305815522292,0.38417652907761146,,
2022-11-10T00:00:00Z,XRPUSDT,trade,rebalance,-1867.1238677907513,0.33200000000000002,-619.88512410652947,0,0,0.30994256205326476,0.15497128102663238,,
2022-11-14T00:00:00Z,MKRUSDT,risk_policy_action,before_rebalance,3.6226578332806807,673.5,2439.8600507145384,0,0,1.2199300253572691,0.60996501267863457,membership_exit,team-05-ldm-none-v1
2022-11-17T00:00:00Z,1000LUNCUSDT,trade,rebalance,-649.66968962444662,0.1789,-116.22590747381351,0,0,0.058112953736906753,0.029056476868453376,,
2022-11-17T00:00:00Z,ALGOUSDT,trade,rebalance,8973.0428105955289,0.27539999999999998,2471.1759900380084,0,0,1.2355879950190043,0.61779399750950215,,
2022-11-17T00:00:00Z,BNBUSDT,trade,rebalance,-0.027130244976369511,271.72000000000003,-7.3718301649791238,0,0,0.0036859150824895622,0.0018429575412447811,,
2022-11-17T00:00:00Z,CHZUSDT,trade,rebalance,-5003.6564952668177,0.22988,-1150.2405551319362,0,0,0.57512027756596806,0.28756013878298403,,
2022-11-17T00:00:00Z,DOGEUSDT,trade,rebalance,-3744.9565014016844,0.085430000000000006,-319.93163391474593,0,0,0.15996581695737294,0.079982908478686471,,
2022-11-17T00:00:00Z,DYDXUSDT,trade,rebalance,1066.5066422062889,2.3170000000000002,2471.0958899919715,0,0,1.2355479449959856,0.61777397249799282,,
2022-11-17T00:00:00Z,ENSUSDT,trade,rebalance,37.30046847262318,12.667999999999999,472.52233461119044,0,0,0.23626116730559524,0.11813058365279762,,
2022-11-17T00:00:00Z,EOSUSDT,trade,rebalance,-2755.5122135452325,0.89700000000000002,-2471.6944555500736,0,0,1.2358472277750367,0.61792361388751837,,
2022-11-17T00:00:00Z,ETCUSDT,trade,rebalance,132.62285318656711,19.908999999999999,2640.3883840913645,0,0,1.3201941920456821,0.66009709602284106,,
2022-11-17T00:00:00Z,FTMUSDT,trade,rebalance,-13759.621018106338,0.18149999999999999,-2497.3712147863002,0,0,1.2486856073931503,0.62434280369657513,,
2022-11-17T00:00:00Z,INJUSDT,trade,rebalance,-1416.0306250316196,1.7430000000000001,-2468.1413794301129,0,0,1.2340706897150564,0.6170353448575282,,
2022-11-17T00:00:00Z,KLAYUSDT,trade,rebalance,-16247.763877958356,0.16789999999999999,-2727.9995551092079,0,0,1.3639997775546038,0.68199988877730189,,
2022-11-17T00:00:00Z,LTCUSDT,trade,rebalance,-48.046483741147668,57.439999999999998,-2759.7900260915221,0,0,1.3798950130457612,0.68994750652288062,,
2022-11-17T00:00:00Z,LUNA2USDT,trade,rebalance,27.63475032785891,1.6640999999999999,45.986988020590012,0,0,0.022993494010295008,0.011496747005147504,,
2022-11-17T00:00:00Z,MASKUSDT,trade,rebalance,768.84277162654632,3.2120000000000002,2469.5229824644671,0,0,1.2347614912322336,0.61738074561611678,,
2022-11-17T00:00:00Z,MATICUSDT,trade,rebalance,-227.82494969619893,0.89759999999999995,-204.49567484730815,0,0,0.10224783742365408,0.051123918711827039,,
2022-11-17T00:00:00Z,OPUSDT,trade,rebalance,-3116.8494503538764,0.89739999999999998,-2797.0606967475687,0,0,1.3985303483737843,0.69926517418689216,,
2022-11-17T00:00:00Z,REEFUSDT,trade,rebalance,-47599.773209889652,0.0031489999999999999,-149.8916858379425,0,0,0.074945842918971259,0.037472921459485629,,
2022-11-17T00:00:00Z,RSRUSDT,trade,rebalance,26741.50640326424,0.0041409999999999997,110.73657801591722,0,0,0.055368289007958607,0.027684144503979304,,
2022-11-17T00:00:00Z,UNIUSDT,trade,rebalance,415.19367979453193,5.9489999999999998,2469.9872010976705,0,0,1.2349936005488353,0.61749680027441767,,
2022-11-17T00:00:00Z,XRPUSDT,trade,rebalance,733.84882863038183,0.37480000000000002,275.04654097066714,0,0,0.13752327048533358,0.068761635242666791,,
2022-11-21T00:00:00Z,INJUSDT,risk_policy_action,before_rebalance,1416.0306250316196,1.571,2224.5841119246743,0,0,1.112292055962337,0.55614602798116852,membership_exit,team-05-ldm-none-v1
2022-11-21T00:00:00Z,LUNA2USDT,risk_policy_action,before_rebalance,1485.7095706682223,1.5538000000000001,2308.4955309042839,0,0,1.1542477654521419,0.57712388272607096,membership_exit,team-05-ldm-none-v1
2022-11-24T00:00:00Z,1000LUNCUSDT,trade,rebalance,-1035.4948944446933,0.1648,-170.64955860448546,0,0,0.085324779302242734,0.042662389651121367,,
2022-11-24T00:00:00Z,1000SHIBUSDT,trade,rebalance,-270664.30852027272,0.0090500000000000008,-2449.5119921084683,0,0,1.224755996054234,0.61237799802711701,,
2022-11-24T00:00:00Z,ALGOUSDT,trade,rebalance,931.40951666520414,0.2472,230.24443251963848,0,0,0.11512221625981925,0.057561108129909624,,
2022-11-24T00:00:00Z,BANDUSDT,trade,rebalance,1455.1790489138878,1.6811,2446.3014991291366,0,0,1.2231507495645684,0.61157537478228419,,
2022-11-24T00:00:00Z,BCHUSDT,trade,rebalance,21.312131560742451,114.84999999999999,2447.6983097512702,0,0,1.2238491548756352,0.61192457743781759,,
2022-11-24T00:00:00Z,BNBUSDT,trade,rebalance,-9.0986770157695513,298.45999999999998,-2715.5911421265801,0,0,1.3577955710632901,0.67889778553164504,,
2022-11-24T00:00:00Z,CHZUSDT,trade,rebalance,2536.9892477211415,0.18418000000000001,467.26267964527989,0,0,0.23363133982263995,0.11681566991131997,,
2022-11-24T00:00:00Z,DOGEUSDT,trade,rebalance,-28923.442344860588,0.081920000000000007,-2369.4083968909795,0,0,1.1847041984454898,0.5923520992227449,,
2022-11-24T00:00:00Z,DYDXUSDT,trade,rebalance,141.29844276286144,2.0259999999999998,286.27064503755724,0,0,0.14313532251877861,0.071567661259389306,,
2022-11-24T00:00:00Z,ENSUSDT,trade,rebalance,11.791556542364503,13.366,157.60594474524396,0,0,0.078802972372621974,0.039401486186310987,,
2022-11-24T00:00:00Z,EOSUSDT,trade,rebalance,67.840941288186514,0.91100000000000003,61.803097513537914,0,0,0.030901548756768954,0.015450774378384477,,
2022-11-24T00:00:00Z,KLAYUSDT,trade,rebalance,-13234.489812426233,0.185,-2448.3806152988532,0,0,1.2241903076494265,0.61209515382471325,,
2022-11-24T00:00:00Z,LTCUSDT,trade,rebalance,30.999677470122656,78.959999999999994,2447.7345330408848,0,0,1.2238672665204424,0.61193363326022121,,
2022-11-24T00:00:00Z,MASKUSDT,trade,rebalance,150.66576951227489,2.6619999999999999,401.07227844167573,0,0,0.20053613922083788,0.10026806961041894,,
2022-11-24T00:00:00Z,MATICUSDT,trade,rebalance,-2753.2714073217257,0.8609,-2370.2913545632737,0,0,1.1851456772816367,0.59257283864081833,,
2022-11-24T00:00:00Z,PEOPLEUSDT,trade,rebalance,102102.0501180936,0.023980000000000001,2448.4071618318844,0,0,1.2242035809159422,0.61210179045797108,,
2022-11-24T00:00:00Z,REEFUSDT,trade,rebalance,-21829.47459724918,0.0030339999999999998,-66.23062592805401,0,0,0.033115312964027005,0.016557656482013502,,
2022-11-24T00:00:00Z,RSRUSDT,trade,rebalance,-17849.387619949994,0.0039810000000000002,-71.058412115020928,0,0,0.035529206057510462,0.017764603028755231,,
2022-11-24T00:00:00Z,SUSHIUSDT,trade,rebalance,-2026.9689470260444,1.206,-2444.5245501134095,0,0,1.2222622750567047,0.61113113752835235,,
2022-11-24T00:00:00Z,UNIUSDT,trade,rebalance,-415.19367979453193,5.4880000000000004,-2278.5829147123914,0,0,1.1392914573561956,0.56964572867809782,,
2022-11-24T00:00:00Z,XRPUSDT,trade,rebalance,6593.5638099274511,0.38119999999999998,2513.4665243443442,0,0,1.2567332621721721,0.62836663108608604,,
2022-11-28T00:00:00Z,ENSUSDT,risk_policy_action,before_rebalance,183.19108355000805,13.289999999999999,2434.6095003796067,0,0,1.2173047501898033,0.60865237509490167,membership_exit,team-05-ldm-none-v1
2022-11-28T00:00:00Z,KLAYUSDT,risk_policy_action,before_rebalance,13234.489812426233,0.17499999999999999,2316.0357171745904,0,0,1.1580178585872953,0.57900892929364767,membership_exit,team-05-ldm-none-v1
2022-11-28T00:00:00Z,REEFUSDT,risk_policy_action,before_rebalance,806834.82404272561,0.0029840000000000001,2407.5951149434932,0,0,1.2037975574717465,0.60189877873587327,membership_exit,team-05-ldm-none-v1
2022-11-28T00:00:00Z,RSRUSDT,risk_policy_action,before_rebalance,614032.42612915079,0.0041070000000000004,2521.8311741124226,0,0,1.2609155870562114,0.63045779352810571,membership_exit,team-05-ldm-none-v1
2022-12-01T00:00:00Z,1000LUNCUSDT,trade,rebalance,-117.76314889558853,0.16439999999999999,-19.360261678434753,0,0,0.0096801308392173765,0.0048400654196086882,,
2022-12-01T00:00:00Z,1000SHIBUSDT,trade,rebalance,270664.30852027272,0.0093519999999999992,2531.2526132815901,0,0,1.2656263066407951,0.63281315332039756,,
2022-12-01T00:00:00Z,ALGOUSDT,trade,rebalance,-9904.452327260733,0.2475,-2451.3519509970315,0,0,1.2256759754985158,0.61283798774925791,,
2022-12-01T00:00:00Z,APEUSDT,trade,rebalance,601.51308077696456,4.0910000000000002,2460.790013458562,0,0,1.230395006729281,0.61519750336464052,,
2022-12-01T00:00:00Z,APTUSDT,trade,rebalance,-516.28417829215789,4.7675000000000001,-2461.3848200078628,0,0,1.2306924100039314,0.61534620500196568,,
2022-12-01T00:00:00Z,AXSUSDT,trade,rebalance,-351.06322740369836,7.0039999999999996,-2458.8468447355031,0,0,1.2294234223677514,0.61471171118387569,,
2022-12-01T00:00:00Z,BANDUSDT,trade,rebalance,-194.14401216930446,1.9508000000000001,-378.73613893987914,0,0,0.18936806946993956,0.09468403473496978,,
2022-12-01T00:00:00Z,BCHUSDT,trade,rebalance,0.41050127430598943,113.31,46.513899391611666,0,0,0.023256949695805832,0.011628474847902916,,
2022-12-01T00:00:00Z,BNBUSDT,trade,rebalance,8.2013578786463377,300.10000000000002,2461.2274993817659,0,0,1.2306137496908831,0.61530687484544155,,
2022-12-01T00:00:00Z,CHZUSDT,trade,rebalance,-13290.525541737343,0.16569999999999999,-2202.2400822658774,0,0,1.1011200411329387,0.55056002056646935,,
2022-12-01T00:00:00Z,CRVUSDT,trade,rebalance,3669.533894151486,0.67100000000000004,2462.2572429756474,0,0,1.2311286214878236,0.61556431074391182,,
2022-12-01T00:00:00Z,DOGEUSDT,trade,rebalance,3.637978807091713e-12,0.1067,3.8817233871668578e-13,0,0,1.9408616935834287e-16,9.7043084679171435e-17,,
2022-12-01T00:00:00Z,DYDXUSDT,trade,rebalance,-1207.8050849691501,1.764,-2130.568169885581,0,0,1.0652840849427905,0.53264204247139524,,
2022-12-01T00:00:00Z,EOSUSDT,trade,rebalance,2687.671272257046,0.94899999999999995,2550.6000373719367,0,0,1.2753000186859682,0.6376500093429841,,
2022-12-01T00:00:00Z,GALAUSDT,trade,rebalance,-94997.743208774176,0.025919999999999999,-2462.3415039714264,0,0,1.2311707519857134,0.61558537599285668,,
2022-12-01T00:00:00Z,GMTUSDT,trade,rebalance,-6295.9049351898339,0.39079999999999998,-2460.4396486721871,0,0,1.2302198243360936,0.61510991216804678,,
2022-12-01T00:00:00Z,LINKUSDT,trade,rebalance,321.04469594182973,7.6660000000000004,2461.1286390900668,0,0,1.2305643195450335,0.61528215977251677,,
2022-12-01T00:00:00Z,LTCUSDT,trade,rebalance,0.11385465652806914,79.099999999999994,9.0059033313702681,0,0,0.0045029516656851344,0.0022514758328425672,,
2022-12-01T00:00:00Z,MASKUSDT,trade,rebalance,-291.44231849545838,3.9220000000000002,-1143.0367731391877,0,0,0.57151838656959386,0.28575919328479693,,
2022-12-01T00:00:00Z,OPUSDT,trade,rebalance,-2456.8510937385331,1.0013000000000001,-2460.0450001603936,0,0,1.2300225000801968,0.61501125004009838,,
2022-12-01T00:00:00Z,PEOPLEUSDT,trade,rebalance,-102102.0501180936,0.026020000000000001,-2656.6953440727957,0,0,1.3283476720363978,0.6641738360181989,,
2022-12-01T00:00:00Z,SOLUSDT,trade,rebalance,-173.9650104667121,14.163,-2463.8664432400437,0,0,1.2319332216200218,0.61596661081001092,,
2022-12-01T00:00:00Z,SUSHIUSDT,trade,rebalance,2026.9689470260444,1.4670000000000001,2973.5634452872073,0,0,1.4867817226436038,0.74339086132180188,,
2022-12-01T00:00:00Z,UNIUSDT,trade,rebalance,-420.33506744932231,5.851,-2459.3804796459849,0,0,1.2296902398229923,0.61484511991149615,,
2022-12-05T00:00:00Z,GALAUSDT,risk_policy_action,before_rebalance,94997.743208774176,0.025149999999999999,2389.1932417006706,0,0,1.1945966208503351,0.59729831042516757,membership_exit,team-05-ldm-none-v1
2022-12-08T00:00:00Z,1000LUNCUSDT,trade,rebalance,282.53230873898792,0.1651,46.646084172806908,0,0,0.023323042086403456,0.011661521043201728,,
2022-12-08T00:00:00Z,1000SHIBUSDT,trade,rebalance,-266408.77801316546,0.0090969999999999992,-2423.520653585766,0,0,1.2117603267928829,0.60588016339644146,,
2022-12-08T00:00:00Z,ALGOUSDT,trade,rebalance,-10975.231049615759,0.22090000000000001,-2424.4285388601211,0,0,1.2122142694300604,0.60610713471503019,,
2022-12-08T00:00:00Z,APEUSDT,trade,rebalance,19.547047359755425,3.9009999999999998,76.25303175040591,0,0,0.038126515875202951,0.019063257937601476,,
2022-12-08T00:00:00Z,APTUSDT,trade,rebalance,516.28417829215789,4.8144999999999998,2485.650176387594,0,0,1.242825088193797,0.6214125440968985,,
2022-12-08T00:00:00Z,ATOMUSDT,trade,rebalance,-252.17129412013716,9.6110000000000007,-2423.6183077886385,0,0,1.2118091538943192,0.6059045769471596,,
2022-12-08T00:00:00Z,AXSUSDT,trade,rebalance,351.06322740369836,8.4369999999999994,2961.9204496050029,0,0,1.4809602248025013,0.74048011240125067,,
2022-12-08T00:00:00Z,BANDUSDT,trade,rebalance,-1261.0350367445833,1.9428000000000001,-2449.9388693873766,0,0,1.2249694346936884,0.61248471734684418,,
2022-12-08T00:00:00Z,BCHUSDT,trade,rebalance,-21.72263283504844,109.04000000000001,-2368.635884333682,0,0,1.1843179421668411,0.59215897108342053,,
2022-12-08T00:00:00Z,BNBUSDT,trade,rebalance,0.33102060348350726,284.00999999999999,94.013161595350894,0,0,0.047006580797675446,0.023503290398837723,,
2022-12-08T00:00:00Z,CHZUSDT,trade,rebalance,-15952.643910832194,0.15190999999999999,-2423.3661364945183,0,0,1.2116830682472592,0.60584153412362962,,
2022-12-08T00:00:00Z,CRVUSDT,trade,rebalance,47.285333600842478,0.65100000000000002,30.782752174148452,0,0,0.015391376087074226,0.0076956880435371132,,
2022-12-08T00:00:00Z,FTMUSDT,trade,rebalance,10513.519030344982,0.23050000000000001,2423.3661364945183,0,0,1.2116830682472592,0.60584153412362962,,
2022-12-08T00:00:00Z,GMTUSDT,trade,rebalance,383.81384835275549,0.4098,157.2869150549592,0,0,0.078643457527479602,0.039321728763739801,,
2022-12-08T00:00:00Z,LINKUSDT,trade,rebalance,31.342411298902903,6.8769999999999998,215.54176250255526,0,0,0.10777088125127764,0.053885440625638818,,
2022-12-08T00:00:00Z,LTCUSDT,trade,rebalance,0.41608193130553772,76.859999999999999,31.98005724014363,0,0,0.015990028620071813,0.0079950143100359066,,
2022-12-08T00:00:00Z,MASKUSDT,trade,rebalance,77.280720838015228,3.4369999999999998,265.6138375202583,0,0,0.13280691876012915,0.066403459380064575,,
2022-12-08T00:00:00Z,OPUSDT,trade,rebalance,2456.8510937385331,1.0241,2516.061205097632,0,0,1.2580306025488159,0.62901530127440797,,
2022-12-08T00:00:00Z,SOLUSDT,trade,rebalance,-5.7166189908780334,13.487,-77.100040329972032,0,0,0.038550020164986015,0.019275010082493008,,
2022-12-08T00:00:00Z,SUSHIUSDT,trade,rebalance,-2087.309333759275,1.1619999999999999,-2425.4534458282774,0,0,1.2127267229141387,0.60636336145706937,,
2022-12-08T00:00:00Z,UNIUSDT,trade,rebalance,420.33506744932237,5.9980000000000002,2521.1697345610355,0,0,1.2605848672805178,0.63029243364025889,,
2022-12-08T00:00:00Z,WAVESUSDT,trade,rebalance,1040.0713032165315,2.3300000000000001,2423.3661364945187,0,0,1.2116830682472592,0.60584153412362962,,
2022-12-15T00:00:00Z,1000LUNCUSDT,trade,rebalance,14680.334113992556,0.1653,2426.6592290429694,0,0,1.2133296145214847,0.60666480726074234,,
2022-12-15T00:00:00Z,1000SHIBUSDT,trade,rebalance,266408.77801316546,0.0089449999999999998,2383.0265193277651,0,0,1.1915132596638824,0.59575662983194122,,
2022-12-15T00:00:00Z,ALGOUSDT,trade,rebalance,25.499886564635744,0.22059999999999999,5.6252749761586447,0,0,0.002812637488079322,0.001406318744039661,,
2022-12-15T00:00:00Z,APEUSDT,trade,rebalance,-20.216627450554711,4.0220000000000002,-81.311275606131048,0,0,0.040655637803065525,0.020327818901532763,,
2022-12-15T00:00:00Z,APTUSDT,trade,rebalance,-514.46768941442269,4.6962999999999999,-2416.0946097969531,0,0,1.2080473048984766,0.60402365244923828,,
2022-12-15T00:00:00Z,ATOMUSDT,trade,rebalance,252.17129412013716,9.5899999999999999,2418.3227106121153,0,0,1.2091613553060576,0.60458067765302881,,
2022-12-15T00:00:00Z,AXSUSDT,trade,rebalance,312.48584051881369,7.726,2414.2656038483547,0,0,1.2071328019241774,0.60356640096208869,,
2022-12-15T00:00:00Z,BNBUSDT,trade,rebalance,-8.532378482129845,267.69999999999999,-2284.1177196661592,0,0,1.1420588598330796,0.57102942991653982,,
2022-12-15T00:00:00Z,CHZUSDT,trade,rebalance,-1792.365425961747,0.13614000000000001,-244.01262909043226,0,0,0.12200631454521613,0.061003157272608063,,
2022-12-15T00:00:00Z,CRVUSDT,trade,rebalance,-3716.8192277523285,0.64600000000000002,-2401.0652211280044,0,0,1.2005326105640022,0.60026630528200109,,
2022-12-15T00:00:00Z,DOGEUSDT,trade,rebalance,-27388.951266647782,0.088200000000000001,-2415.7055017183343,0,0,1.207852750859167,0.6039263754295835,,
2022-12-15T00:00:00Z,DOTUSDT,trade,rebalance,463.46936717951303,5.2130000000000001,2416.0658111068014,0,0,1.2080329055534007,0.60401645277670035,,
2022-12-15T00:00:00Z,EOSUSDT,trade,rebalance,2472.3802570089738,0.97699999999999998,2415.5155110977676,0,0,1.2077577555488839,0.60387887777444194,,
2022-12-15T00:00:00Z,FILUSDT,trade,rebalance,571.9677358567875,4.2240000000000002,2415.9917162590705,0,0,1.2079958581295351,0.60399792906476757,,
2022-12-15T00:00:00Z,FTMUSDT,trade,rebalance,-471.99070009115712,0.24060000000000001,-113.5609624419324,0,0,0.056780481220966204,0.028390240610483102,,
2022-12-15T00:00:00Z,GMTUSDT,trade,rebalance,5912.0910868370784,0.38640000000000002,2284.431995953847,0,0,1.1422159979769235,0.57110799898846176,,
2022-12-15T00:00:00Z,LINKUSDT,trade,rebalance,-352.38710724073263,6.7160000000000002,-2366.6318122287603,0,0,1.1833159061143801,0.59165795305719004,,
2022-12-15T00:00:00Z,LTCUSDT,trade,rebalance,-31.529614057956259,75.310000000000002,-2374.495234704686,0,0,1.187247617352343,0.59362380867617148,,
2022-12-15T00:00:00Z,MASKUSDT,trade,rebalance,-1497.86808615772,3.0489999999999999,-4566.9997946948879,0,0,2.2834998973474439,1.1417499486737219,,
2022-12-15T00:00:00Z,OPUSDT,trade,rebalance,2106.6704340321626,1.1469,2416.1403207914873,0,0,1.2080701603957438,0.60403508019787189,,
2022-12-15T00:00:00Z,SFPUSDT,trade,rebalance,-5144.5480640826154,0.4698,-2416.9086805060128,0,0,1.2084543402530064,0.60422717012650318,,
2022-12-15T00:00:00Z,SOLUSDT,trade,rebalance,8.57099912357981,14.119999999999999,121.02250762494691,0,0,0.060511253812473458,0.030255626906236729,,
2022-12-15T00:00:00Z,SUSHIUSDT,trade,rebalance,-74.786476891054463,1.1180000000000001,-83.6112811641989,0,0,0.04180564058209945,0.020902820291049725,,
2022-12-15T00:00:00Z,WAVESUSDT,trade,rebalance,319.1214488829969,1.7769999999999999,567.07881466508547,0,0,0.28353940733254274,0.14176970366627137,,
2022-12-19T00:00:00Z,1000LUNCUSDT,risk_policy_action,before_rebalance,-1.8189894035458565e-12,0.14099999999999999,-2.5647750589996574e-13,0,0,1.2823875294998287e-16,6.4119376474991434e-17,membership_exit,team-05-ldm-none-v1
2022-12-22T00:00:00Z,ALGOUSDT,trade,rebalance,-3316.2164691697471,0.1704,-565.08328634652491,0,0,0.28254164317326247,0.14127082158663123,,
2022-12-22T00:00:00Z,APEUSDT,trade,rebalance,81.249620820749669,3.5649999999999999,289.65489822597254,0,0,0.14482744911298628,0.072413724556493142,,
2022-12-22T00:00:00Z,APTUSDT,trade,rebalance,514.46768941442269,3.7614000000000001,1935.1187669634096,0,0,0.96755938348170478,0.48377969174085239,,
2022-12-22T00:00:00Z,AXSUSDT,trade,rebalance,43.145545327894126,6.835,294.89980231615635,0,0,0.14744990115807818,0.073724950579039092,,
2022-12-22T00:00:00Z,BANDUSDT,trade,rebalance,-1513.3345178397265,1.6061000000000001,-2430.5665691023846,0,0,1.2152832845511923,0.60764164227559614,,
2022-12-22T00:00:00Z,BNBUSDT,trade,rebalance,9.8852506284017689,246.06999999999999,2432.4636221308233,0,0,1.2162318110654116,0.60811590553270578,,
2022-12-22T00:00:00Z,CHZUSDT,trade,rebalance,-4166.0263473215309,0.11101,-462.47058481616313,0,0,0.23123529240808158,0.11561764620404079,,
2022-12-22T00:00:00Z,CRVUSDT,trade,rebalance,-4698.4023795387302,0.51700000000000002,-2429.0740302215236,0,0,1.2145370151107617,0.60726850755538087,,
2022-12-22T00:00:00Z,DOGEUSDT,trade,rebalance,27388.951266647782,0.073669999999999999,2017.7440398139422,0,0,1.008872019906971,0.50443600995348548,,
2022-12-22T00:00:00Z,DOTUSDT,trade,rebalance,-463.46936717951297,4.4829999999999997,-2077.7331730657565,0,0,1.0388665865328783,0.51943329326643917,,
2022-12-22T00:00:00Z,EOSUSDT,trade,rebalance,265.79964306323973,0.88900000000000001,236.29588268322013,0,0,0.11814794134161007,0.059073970670805033,,
2022-12-22T00:00:00Z,FILUSDT,trade,rebalance,-571.9677358567875,2.9769999999999999,-1702.7479496456563,0,0,0.85137397482282817,0.42568698741141409,,
2022-12-22T00:00:00Z,FTMUSDT,trade,rebalance,1991.8035945756928,0.2021,402.54350646374752,0,0,0.20127175323187374,0.10063587661593687,,
2022-12-22T00:00:00Z,MASKUSDT,trade,rebalance,792.52114267634192,2.206,1748.3016407440102,0,0,0.8741508203720052,0.4370754101860026,,
2022-12-22T00:00:00Z,OPUSDT,trade,rebalance,417.71738633400128,0.96309999999999996,402.3036147782766,0,0,0.20115180738913829,0.10057590369456915,,
2022-12-22T00:00:00Z,RLCUSDT,trade,rebalance,1942.5921985157474,1.2514000000000001,2430.9598772226063,0,0,1.2154799386113031,0.60773996930565155,,
2022-12-22T00:00:00Z,SANDUSDT,trade,rebalance,-5506.470344909967,0.44140000000000001,-2430.5560102432596,0,0,1.2152780051216299,0.60763900256081493,,
2022-12-22T00:00:00Z,SFPUSDT,trade,rebalance,-811.76880440571767,0.40799999999999997,-331.20167219753279,0,0,0.16560083609876641,0.082800418049383206,,
2022-12-22T00:00:00Z,SOLUSDT,trade,rebalance,-29.384136357656871,12.127000000000001,-356.34142160930492,0,0,0.17817071080465247,0.089085355402326233,,
2022-12-22T00:00:00Z,SUSHIUSDT,trade,rebalance,-442.14271744532607,0.93300000000000005,-412.51915537648927,0,0,0.20625957768824466,0.10312978884412233,,
2022-12-22T00:00:00Z,WAVESUSDT,trade,rebalance,233.61084195521335,1.5266999999999999,356.6536724130242,0,0,0.1783268362065121,0.089163418103256051,,
2022-12-26T00:00:00Z,ALGOUSDT,risk_policy_action,before_rebalance,14265.947632220868,0.16550000000000001,2361.0143331325539,0,0,1.180507166566277,0.59025358328313848,membership_exit,team-05-ldm-none-v1
2022-12-26T00:00:00Z,ALGOUSDT,trade,rebalance,1.8189894035458565e-12,0.16550000000000001,3.0104274628683926e-13,0,0,1.5052137314341963e-16,7.5260686571709817e-17,,
2022-12-26T00:00:00Z,SFPUSDT,risk_policy_action,before_rebalance,5956.3168684883331,0.38479999999999998,2291.9907309943105,0,0,1.1459953654971553,0.57299768274857765,membership_exit,team-05-ldm-none-v1
2022-12-29T00:00:00Z,1000LUNCUSDT,trade,rebalance,16668.794932994908,0.1472,2453.6466141368505,0,0,1.2268233070684254,0.61341165353421268,,
2022-12-29T00:00:00Z,APEUSDT,trade,rebalance,-682.09312150691483,3.6120000000000001,-2463.7203548829766,0,0,1.2318601774414883,0.61593008872074417,,
2022-12-29T00:00:00Z,APTUSDT,trade,rebalance,-759.28813155031014,3.2296,-2452.1969496548818,0,0,1.2260984748274408,0.61304923741372042,,
2022-12-29T00:00:00Z,AXSUSDT,trade,rebalance,34.985694590306878,6.2779999999999996,219.64019063794657,0,0,0.10982009531897328,0.054910047659486642,,
2022-12-29T00:00:00Z,BANDUSDT,trade,rebalance,-299.79686640356704,1.3531,-405.65513993066656,0,0,0.20282756996533327,0.10141378498266664,,
2022-12-29T00:00:00Z,BNBUSDT,trade,rebalance,-9.8852506284017689,244.41999999999999,-2416.1529585939602,0,0,1.20807647929698,0.60403823964849002,,
2022-12-29T00:00:00Z,CELOUSDT,trade,rebalance,5347.4475369933989,0.45800000000000002,2449.1309719429769,0,0,1.2245654859714885,0.61228274298574425,,
2022-12-29T00:00:00Z,CHZUSDT,trade,rebalance,-2045.1021541776684,0.10241,-209.43891160933501,0,0,0.1047194558046675,0.052359727902333751,,
2022-12-29T00:00:00Z,CRVUSDT,trade,rebalance,-127.19611536273442,0.50900000000000001,-64.742822719631818,0,0,0.032371411359815909,0.016185705679907954,,
2022-12-29T00:00:00Z,DOGEUSDT,trade,rebalance,-34866.107505106251,0.070349999999999996,-2452.8306629842245,0,0,1.2264153314921122,0.61320766574605612,,
2022-12-29T00:00:00Z,EOSUSDT,trade,rebalance,-2738.1799000722135,0.87,-2382.2165130628259,0,0,1.1911082565314128,0.59555412826570642,,
2022-12-29T00:00:00Z,FTMUSDT,trade,rebalance,-12033.331924829517,0.19769999999999999,-2378.9897215387955,0,0,1.1894948607693978,0.59474743038469891,,
2022-12-29T00:00:00Z,OCEANUSDT,trade,rebalance,14294.401188717591,0.17163999999999999,2453.4910200314871,0,0,1.2267455100157436,0.61337275500787181,,
2022-12-29T00:00:00Z,OPUSDT,trade,rebalance,-2524.3878203661639,0.89580000000000004,-2261.3466094840096,0,0,1.1306733047420048,0.56533665237100239,,
2022-12-29T00:00:00Z,PEOPLEUSDT,trade,rebalance,-121573.24459958376,0.02019,-2454.5638084655961,0,0,1.227281904232798,0.61364095211639902,,
2022-12-29T00:00:00Z,RENUSDT,trade,rebalance,37484.309794035151,0.065460000000000004,2453.7229191175411,0,0,1.2268614595587706,0.61343072977938529,,
2022-12-29T00:00:00Z,RLCUSDT,trade,rebalance,-59.601887655665685,1.3028999999999999,-77.655299426566813,0,0,0.038827649713283403,0.019413824856641702,,
2022-12-29T00:00:00Z,SANDUSDT,trade,rebalance,5506.470344909967,0.41149999999999998,2265.9125469304513,0,0,1.1329562734652256,0.56647813673261282,,
2022-12-29T00:00:00Z,SOLUSDT,trade,rebalance,-51.120371878842178,9.7490000000000006,-498.37250544683241,0,0,0.24918625272341619,0.12459312636170809,,
2022-12-29T00:00:00Z,SUSHIUSDT,trade,rebalance,35.287663153665562,0.95599999999999996,33.735005974904276,0,0,0.016867502987452137,0.0084337514937260685,,
2022-12-29T00:00:00Z,WAVESUSDT,trade,rebalance,176.01261071786121,1.3871,244.14709232674528,0,0,0.12207354616337264,0.06103677308168632,,
2022-12-29T00:00:00Z,XRPUSDT,trade,rebalance,6899.171499838907,0.35570000000000002,2454.0353024926994,0,0,1.2270176512463498,0.61350882562317488,,
2023-01-05T00:00:00Z,1000LUNCUSDT,trade,rebalance,-1419.5166860541412,0.15809999999999999,-224.42558806515973,0,0,0.11221279403257986,0.05610639701628993,,
2023-01-05T00:00:00Z,1000SHIBUSDT,trade,rebalance,287986.89256250445,0.0083719999999999992,2411.0262645332868,0,0,1.2055131322666435,0.60275656613332174,,
2023-01-05T00:00:00Z,APEUSDT,trade,rebalance,-595.57737794498348,4.048,-2410.8972259212933,0,0,1.2054486129606465,0.60272430648032327,,
2023-01-05T00:00:00Z,APTUSDT,trade,rebalance,759.28813155031014,3.8092000000000001,2892.2803507014414,0,0,1.4461401753507208,0.72307008767536041,,
2023-01-05T00:00:00Z,ATOMUSDT,trade,rebalance,236.67610200208443,10.188000000000001,2411.2561271972363,0,0,1.2056280635986183,0.60281403179930915,,
2023-01-05T00:00:00Z,AXSUSDT,trade,rebalance,-390.61708043701469,6.6459999999999999,-2596.0411165843998,0,0,1.2980205582922,0.64901027914609999,,
2023-01-05T00:00:00Z,BANDUSDT,trade,rebalance,1813.1313842432935,1.4794,2682.3465698495284,0,0,1.3411732849247642,0.67058664246238209,,
2023-01-05T00:00:00Z,CELOUSDT,trade,rebalance,-10102.881631625536,0.50700000000000001,-5122.1609872341469,0,0,2.5610804936170735,1.2805402468085367,,
2023-01-05T00:00:00Z,CHZUSDT,trade,rebalance,868.74648004738265,0.10445,90.740569840949121,0,0,0.045370284920474555,0.022685142460237277,,
2023-01-05T00:00:00Z,CRVUSDT,trade,rebalance,474.71718612641143,0.55500000000000005,263.46803830015836,0,0,0.13173401915007918,0.06586700957503959,,
2023-01-05T00:00:00Z,DOGEUSDT,trade,rebalance,34866.107505106251,0.073090000000000002,2548.3637975482161,0,0,1.274181898774108,0.63709094938705402,,
2023-01-05T00:00:00Z,ETCUSDT,trade,rebalance,125.72299688750527,19.18,2411.367080302351,0,0,1.2056835401511754,0.6028417700755877,,
2023-01-05T00:00:00Z,GMTUSDT,trade,rebalance,9446.7058018272983,0.25530000000000003,2411.7439912065097,0,0,1.2058719956032549,0.60293599780162743,,
2023-01-05T00:00:00Z,OCEANUSDT,trade,rebalance,-27897.520293669946,0.17718,-4942.8826456324414,0,0,2.4714413228162209,1.2357206614081104,,
2023-01-05T00:00:00Z,PEOPLEUSDT,trade,rebalance,7662.3894602716173,0.021160000000000002,162.13616097934744,0,0,0.081068080489673719,0.040534040244836859,,
2023-01-05T00:00:00Z,RENUSDT,trade,rebalance,-37484.309794035151,0.064860000000000001,-2431.2323332411197,0,0,1.2156161666205598,0.60780808331027991,,
2023-01-05T00:00:00Z,RLCUSDT,trade,rebalance,153.71533339236635,1.1838,181.96821166988329,0,0,0.090984105834941653,0.045492052917470827,,
2023-01-05T00:00:00Z,SOLUSDT,trade,rebalance,431.50615097507938,13.404,5783.9084476699636,0,0,2.8919542238349818,1.4459771119174909,,
2023-01-05T00:00:00Z,SUSHIUSDT,trade,rebalance,133.62410310305677,0.98999999999999999,132.2878620720262,0,0,0.066143931036013098,0.033071965518006549,,
2023-01-05T00:00:00Z,WAVESUSDT,trade,rebalance,-3489.299818927112,1.4005000000000001,-4886.7643964074205,0,0,2.4433821982037101,1.221691099101855,,
2023-01-05T00:00:00Z,XRPUSDT,trade,rebalance,50.375483732385874,0.34689999999999999,17.475255306764659,0,0,0.0087376276533823304,0.0043688138266911652,,
2023-01-09T00:00:00Z,PEOPLEUSDT,risk_policy_action,before_rebalance,113910.85513931215,0.022419999999999999,2553.8813722233781,0,0,1.2769406861116892,0.6384703430558446,membership_exit,team-05-ldm-none-v1
2023-01-12T00:00:00Z,1000LUNCUSDT,trade,rebalance,-15249.278246940765,0.16520000000000001,-2519.1807663946147,0,0,1.2595903831973074,0.62979519159865371,,
2023-01-12T00:00:00Z,1000SHIBUSDT,trade,rebalance,-25387.73409210972,0.0091339999999999998,-231.89156319733019,0,0,0.1159457815986651,0.057972890799332551,,
2023-01-12T00:00:00Z,APEUSDT,trade,rebalance,595.57737794498348,4.9720000000000004,2961.2107231424579,0,0,1.4806053615712289,0.74030268078561445,,
2023-01-12T00:00:00Z,APTUSDT,trade,rebalance,452.97387318554348,5.2934999999999999,2397.8171977076745,0,0,1.1989085988538373,0.59945429942691864,,
2023-01-12T00:00:00Z,ATOMUSDT,trade,rebalance,-236.67610200208446,11.845000000000001,-2803.4284282146905,0,0,1.4017142141073453,0.70085710705367266,,
2023-01-12T00:00:00Z,AXSUSDT,trade,rebalance,-319.06666294398963,7.5140000000000002,-2397.4669053611383,0,0,1.1987334526805691,0.59936672634028454,,
2023-01-12T00:00:00Z,BNBUSDT,trade,rebalance,-8.4199400176370851,284.74000000000001,-2397.4937206219838,0,0,1.1987468603109919,0.59937343015549593,,
2023-01-12T00:00:00Z,CELOUSDT,trade,rebalance,4755.4340946321372,0.56999999999999995,2710.5974339403178,0,0,1.3552987169701589,0.67764935848507946,,
2023-01-12T00:00:00Z,CHZUSDT,trade,rebalance,23087.391358245757,0.12062,2784.8011456316035,0,0,1.3924005728158018,0.69620028640790088,,
2023-01-12T00:00:00Z,CRVUSDT,trade,rebalance,4350.8813087750532,0.67000000000000004,2915.0904768792857,0,0,1.4575452384396428,0.72877261921982139,,
2023-01-12T00:00:00Z,DOGEUSDT,trade,rebalance,-30683.346424814419,0.078130000000000005,-2397.2898561707507,0,0,1.1986449280853755,0.59932246404268774,,
2023-01-12T00:00:00Z,DYDXUSDT,trade,rebalance,-1750.5883832571478,1.369,-2396.5554966790355,0,0,1.1982777483395177,0.59913887416975886,,
2023-01-12T00:00:00Z,ETCUSDT,trade,rebalance,-8.8235308101255754,20.507000000000001,-180.94414632324518,0,0,0.09047207316162259,0.045236036580811295,,
2023-01-12T00:00:00Z,FTMUSDT,trade,rebalance,-9368.8180416669147,0.25580000000000003,-2396.5436550583972,0,0,1.1982718275291988,0.5991359137645994,,
2023-01-12T00:00:00Z,GMTUSDT,trade,rebalance,-9446.7058018272983,0.30359999999999998,-2868.0198814347677,0,0,1.4340099407173839,0.71700497035869193,,
2023-01-12T00:00:00Z,MANAUSDT,trade,rebalance,5916.607900349969,0.4052,2397.4095212218076,0,0,1.1987047606109038,0.5993523803054519,,
2023-01-12T00:00:00Z,MASKUSDT,trade,rebalance,-900.32031741299045,2.661,-2395.7523646359678,0,0,1.197876182317984,0.59893809115899199,,
2023-01-12T00:00:00Z,NEARUSDT,trade,rebalance,1317.2019397118765,1.8200000000000001,2397.3075302756156,0,0,1.1986537651378077,0.59932688256890387,,
2023-01-12T00:00:00Z,OCEANUSDT,trade,rebalance,24354.798722953106,0.22289999999999999,5428.684635346247,0,0,2.7143423176731236,1.3571711588365618,,
2023-01-12T00:00:00Z,RENUSDT,trade,rebalance,-34724.935127778204,0.069080000000000003,-2398.7985186269184,0,0,1.1993992593134593,0.59969962965672963,,
2023-01-12T00:00:00Z,RLCUSDT,trade,rebalance,-2036.7056442524479,1.4259999999999999,-2904.3422487039907,0,0,1.4521711243519952,0.72608556217599762,,
2023-01-12T00:00:00Z,SANDUSDT,trade,rebalance,4583.0807134808019,0.52300000000000002,2396.9512131504594,0,0,1.1984756065752298,0.59923780328761489,,
2023-01-12T00:00:00Z,SOLUSDT,trade,rebalance,-33.305288086513912,16.353999999999999,-544.67468136684852,0,0,0.2723373406834243,0.13616867034171215,,
2023-01-12T00:00:00Z,SUSHIUSDT,trade,rebalance,2435.3267618389332,1.0940000000000001,2664.2474774517932,0,0,1.3321237387258966,0.66606186936294831,,
2023-01-12T00:00:00Z,WAVESUSDT,trade,rebalance,234.60628397738651,1.6131,378.44339668392217,0,0,0.18922169834196109,0.094610849170980546,,
2023-01-12T00:00:00Z,XRPUSDT,trade,rebalance,-6949.546983571292,0.37269999999999998,-2590.0961607770205,0,0,1.2950480803885103,0.64752404019425513,,
2023-01-16T00:00:00Z,RENUSDT,risk_policy_action,before_rebalance,34724.935127778204,0.082269999999999996,2856.8204129623127,0,0,1.4284102064811564,0.71420510324057818,membership_exit,team-05-ldm-none-v1
2023-01-19T00:00:00Z,1000LUNCUSDT,trade,rebalance,-1.8189894035458565e-12,0.16159999999999999,-2.9394868761301039e-13,0,0,1.469743438065052e-16,7.3487171903252601e-17,,
2023-01-19T00:00:00Z,1000SHIBUSDT,trade,rebalance,-262599.15847039473,0.011168000000000001,-2932.7074017973687,0,0,1.4663537008986842,0.73317685044934211,,
2023-01-19T00:00:00Z,APTUSDT,trade,rebalance,-128.21025613690341,7.6216999999999997,-977.18010919863673,0,0,0.48859005459931831,0.24429502729965916,,
2023-01-19T00:00:00Z,AVAXUSDT,trade,rebalance,156.36949945138485,15.819000000000001,2473.6091118214572,0,0,1.2368045559107286,0.61840227795536429,,
2023-01-19T00:00:00Z,AXSUSDT,trade,rebalance,319.06666294398963,8.0129999999999999,2556.681170170189,0,0,1.2783405850850944,0.6391702925425472,,
2023-01-19T00:00:00Z,BNBUSDT,trade,rebalance,-0.21531850622937299,286.44,-61.675832924341599,0,0,0.030837916462170802,0.015418958231085401,,
2023-01-19T00:00:00Z,CHZUSDT,trade,rebalance,-20090.403011547616,0.12307999999999999,-2472.7268026612805,0,0,1.2363634013306402,0.61818170066532008,,
2023-01-19T00:00:00Z,DOGEUSDT,trade,rebalance,30683.346424814419,0.079979999999999996,2454.0540470566571,0,0,1.2270270235283285,0.61351351176416424,,
2023-01-19T00:00:00Z,DYDXUSDT,trade,rebalance,-180.7457388085561,1.2809999999999999,-231.53529141376035,0,0,0.11576764570688017,0.057883822853440084,,
2023-01-19T00:00:00Z,ETCUSDT,trade,rebalance,-116.8994660773797,20.344000000000001,-2378.2027378782127,0,0,1.1891013689391063,0.59455068446955317,,
2023-01-19T00:00:00Z,FTMUSDT,trade,rebalance,9368.8180416669147,0.29780000000000001,2790.0340128084072,0,0,1.3950170064042036,0.69750850320210178,,
2023-01-19T00:00:00Z,GMTUSDT,trade,rebalance,5885.8864168505606,0.42030000000000001,2473.8380610022905,0,0,1.2369190305011453,0.61845951525057263,,
2023-01-19T00:00:00Z,LDOUSDT,trade,rebalance,1253.435418541005,1.9721,2471.8999889047159,0,0,1.235949994452358,0.61797499722617899,,
2023-01-19T00:00:00Z,MANAUSDT,trade,rebalance,-2023.7840559144197,0.63580000000000003,-1286.7219027503882,0,0,0.643360951375194,0.321680475687597,,
2023-01-19T00:00:00Z,MASKUSDT,trade,rebalance,-40.98957163897478,2.6280000000000001,-107.72059426722572,0,0,0.053860297133612858,0.026930148566806429,,
2023-01-19T00:00:00Z,NEARUSDT,trade,rebalance,-62.808007485291682,1.9730000000000001,-123.92019876848049,0,0,0.061960099384240241,0.030980049692120121,,
2023-01-19T00:00:00Z,OCEANUSDT,trade,rebalance,-19836.134113301698,0.27239000000000002,-5403.16457112225,0,0,2.7015822855611251,1.3507911427805626,,
2023-01-19T00:00:00Z,RLCUSDT,trade,rebalance,-1641.2057858731864,1.5064,-2472.312395839368,0,0,1.236156197919684,0.618078098959842,,
2023-01-19T00:00:00Z,SANDUSDT,trade,rebalance,-974.58888157993169,0.68569999999999998,-668.27559609935918,0,0,0.33413779804967958,0.16706889902483979,,
2023-01-19T00:00:00Z,SOLUSDT,trade,rebalance,-27.649611552274539,20.803999999999998,-575.22251873351945,0,0,0.28761125936675969,0.14380562968337984,,
2023-01-19T00:00:00Z,TRXUSDT,trade,rebalance,-42060.695638329489,0.05883,-2474.4307244029237,0,0,1.2372153622014619,0.61860768110073094,,
2023-01-19T00:00:00Z,WAVESUSDT,trade,rebalance,1485.8773301771225,2.0747,3082.7496969184763,0,0,1.541374848459238,0.770687424229619,,
2023-01-19T00:00:00Z,XMRUSDT,trade,rebalance,-15.209908519005909,162.66,-2474.0437197015012,0,0,1.2370218598507507,0.61851092992537537,,
2023-01-23T00:00:00Z,XMRUSDT,risk_policy_action,before_rebalance,15.209908519005909,176.91999999999999,2690.9370151825251,0,0,1.3454685075912625,0.67273425379563123,membership_exit,team-05-ldm-none-v1
2023-01-26T00:00:00Z,APEUSDT,trade,rebalance,-422.94650646470444,6.032,-2551.2133269950973,0,0,1.2756066634975487,0.63780333174877435,,
2023-01-26T00:00:00Z,APTUSDT,trade,rebalance,-185.44669197668858,18.311900000000001,-3395.881278807924,0,0,1.697940639403962,0.848970319701981,,
2023-01-26T00:00:00Z,AVAXUSDT,trade,rebalance,-156.36949945138485,17.803000000000001,-2783.8461987330047,0,0,1.3919230993665024,0.69596154968325119,,
2023-01-26T00:00:00Z,BNBUSDT,trade,rebalance,0.3197079526931681,306.83999999999997,98.099188204371686,0,0,0.049049594102185838,0.024524797051092919,,
2023-01-26T00:00:00Z,CHZUSDT,trade,rebalance,1572.8724774511902,0.13780999999999999,216.75755611754852,0,0,0.10837877805877426,0.054189389029387129,,
2023-01-26T00:00:00Z,DYDXUSDT,trade,rebalance,1931.3341220657039,1.9279999999999999,3723.6121873426769,0,0,1.8618060936713383,0.93090304683566916,,
2023-01-26T00:00:00Z,GALAUSDT,trade,rebalance,51548.223300820813,0.049529999999999998,2553.1835000896549,0,0,1.2765917500448274,0.63829587502241369,,
2023-01-26T00:00:00Z,GMTUSDT,trade,rebalance,-1431.5930352546666,0.57299999999999995,-820.30280920092389,0,0,0.41015140460046196,0.20507570230023098,,
2023-01-26T00:00:00Z,KAVAUSDT,trade,rebalance,2523.2057432450765,1.0109999999999999,2550.9610064207723,0,0,1.2754805032103862,0.6377402516051931,,
2023-01-26T00:00:00Z,LDOUSDT,trade,rebalance,-246.43493195883647,2.5348000000000002,-624.66326552925875,0,0,0.31233163276462939,0.15616581638231469,,
2023-01-26T00:00:00Z,LINKUSDT,trade,rebalance,-366.7970989294696,6.9580000000000002,-2552.1742143512497,0,0,1.2760871071756248,0.6380435535878124,,
2023-01-26T00:00:00Z,LTCUSDT,trade,rebalance,-28.536098595821564,89.420000000000002,-2551.6979364383642,0,0,1.275848968219182,0.63792448410959102,,
2023-01-26T00:00:00Z,MANAUSDT,trade,rebalance,-186.28116392545599,0.6885,-128.25458136267645,0,0,0.064127290681338212,0.032063645340669106,,
2023-01-26T00:00:00Z,MASKUSDT,trade,rebalance,115.01037726860534,3.0899999999999999,355.3820657599905,0,0,0.17769103287999524,0.088845516439997621,,
2023-01-26T00:00:00Z,NEARUSDT,trade,rebalance,-1254.3939322265849,2.548,-3196.1957393133384,0,0,1.5980978696566692,0.79904893482833461,,
2023-01-26T00:00:00Z,OCEANUSDT,trade,rebalance,9084.4544953009463,0.36115999999999998,3280.9415855228895,0,0,1.6404707927614446,0.82023539638072229,,
2023-01-26T00:00:00Z,RLCUSDT,trade,rebalance,115.95245163037907,1.6733,194.0232373131133,0,0,0.09701161865655665,0.048505809328278325,,
2023-01-26T00:00:00Z,SANDUSDT,trade,rebalance,-228.23019503455407,0.755,-172.31379725108832,0,0,0.086156898625544154,0.043078449312772077,,
2023-01-26T00:00:00Z,SOLUSDT,trade,rebalance,-14.875660924350727,24.535,-364.97434077894508,0,0,0.18248717038947254,0.091243585194736271,,
2023-01-26T00:00:00Z,TRXUSDT,trade,rebalance,766.04373082343227,0.061780000000000002,47.326181690271646,0,0,0.023663090845135824,0.011831545422567912,,
2023-02-02T00:00:00Z,1000LUNCUSDT,trade,rebalance,-14636.409314300758,0.1716,-2511.60783833401,0,0,1.255803919167005,0.62790195958350248,,
2023-02-02T00:00:00Z,APEUSDT,trade,rebalance,422.9465064647045,6.048,2557.9804710985327,0,0,1.2789902355492664,0.63949511777463319,,
2023-02-02T00:00:00Z,APTUSDT,trade,rebalance,-1.6945777659783232,18.25,-30.926044229104399,0,0,0.015463022114552199,0.0077315110572760996,,
2023-02-02T00:00:00Z,AVAXUSDT,trade,rebalance,119.82227389182576,20.968,2512.4334389638025,0,0,1.2562167194819012,0.62810835974095058,,
2023-02-02T00:00:00Z,BCHUSDT,trade,rebalance,-18.45313251404405,136.11000000000001,-2511.6558664865361,0,0,1.255827933243268,0.62791396662163401,,
2023-02-02T00:00:00Z,BNBUSDT,trade,rebalance,8.31555057117329,317.20999999999998,2637.775796681879,0,0,1.3188878983409396,0.65944394917046978,,
2023-02-02T00:00:00Z,CHZUSDT,trade,rebalance,445.80914732127712,0.13897999999999999,61.95855529471109,0,0,0.030979277647355547,0.015489638823677774,,
2023-02-02T00:00:00Z,DYDXUSDT,trade,rebalance,763.17466980674874,3.2909999999999999,2511.60783833401,0,0,1.255803919167005,0.62790195958350248,,
2023-02-02T00:00:00Z,ETCUSDT,trade,rebalance,-112.3007351475338,22.373000000000001,-2512.5043474557738,0,0,1.2562521737278869,0.62812608686394344,,
2023-02-02T00:00:00Z,FTMUSDT,trade,rebalance,4358.1731043984473,0.57630000000000003,2511.6151600648254,0,0,1.2558075800324129,0.62790379001620644,,
2023-02-02T00:00:00Z,GALAUSDT,trade,rebalance,-7382.2148022140536,0.056869999999999997,-419.82655580191323,0,0,0.2099132779009566,0.1049566389504783,,
2023-02-02T00:00:00Z,GMTUSDT,trade,rebalance,-114.07968647067536,0.57899999999999996,-66.052138466521029,0,0,0.033026069233260513,0.016513034616630257,,
2023-02-02T00:00:00Z,KAVAUSDT,trade,rebalance,-2523.2057432450765,0.97209999999999996,-2452.8083030085386,0,0,1.2264041515042692,0.61320207575213459,,
2023-02-02T00:00:00Z,LDOUSDT,trade,rebalance,-1007.0004865821684,2.3088000000000002,-2324.9627234209106,0,0,1.1624813617104552,0.58124068085522762,,
2023-02-02T00:00:00Z,LINKUSDT,trade,rebalance,366.7970989294696,7.2210000000000001,2648.6418513696999,0,0,1.3243209256848498,0.66216046284242491,,
2023-02-02T00:00:00Z,LTCUSDT,trade,rebalance,28.536098595821564,100.44,2866.1657429643178,0,0,1.4330828714821588,0.71654143574107942,,
2023-02-02T00:00:00Z,MANAUSDT,trade,rebalance,-580.05587258016203,0.80349999999999999,-466.07489361816016,0,0,0.23303744680908006,0.11651872340454003,,
2023-02-02T00:00:00Z,MASKUSDT,trade,rebalance,318.60259640867616,4.9489999999999998,1576.7642496265382,0,0,0.78838212481326908,0.39419106240663454,,
2023-02-02T00:00:00Z,OCEANUSDT,trade,rebalance,-6754.5823855424051,0.37197999999999998,-2512.5695557740637,0,0,1.2562847778870319,0.62814238894351593,,
2023-02-02T00:00:00Z,OPUSDT,trade,rebalance,920.9247742305879,2.7292000000000001,2513.3878938301204,0,0,1.2566939469150602,0.6283469734575301,,
2023-02-02T00:00:00Z,RLCUSDT,trade,rebalance,118.26323568120097,1.7847,211.06439672023936,0,0,0.10553219836011968,0.052766099180059839,,
2023-02-02T00:00:00Z,SANDUSDT,trade,rebalance,-3380.2616368663162,0.76449999999999996,-2584.2100213842987,0,0,1.2921050106921492,0.64605250534607461,,
2023-02-02T00:00:00Z,SOLUSDT,trade,rebalance,-104.06045184143083,25.013999999999999,-2602.9681423615507,0,0,1.3014840711807754,0.65074203559038768,,
2023-02-02T00:00:00Z,TRXUSDT,trade,rebalance,1497.3481785564436,0.063119999999999996,94.512617030482716,0,0,0.04725630851524136,0.02362815425762068,,
2023-02-09T00:00:00Z,1000LUNCUSDT,trade,rebalance,14636.409314300758,0.18090000000000001,2647.7264449570071,0,0,1.3238632224785034,0.6619316112392517,,
2023-02-09T00:00:00Z,1000SHIBUSDT,trade,rebalance,177776.05884642908,0.013755,2445.3096894326318,0,0,1.2226548447163159,0.61132742235815796,,
2023-02-09T00:00:00Z,AAVEUSDT,trade,rebalance,-28.087772443170611,87.079999999999998,-2445.8832243512966,0,0,1.2229416121756482,0.61147080608782411,,
2023-02-09T00:00:00Z,APEUSDT,trade,rebalance,-425.43952199540496,5.7469999999999999,-2445.0009329075924,0,0,1.2225004664537962,0.61125023322689809,,
2023-02-09T00:00:00Z,APTUSDT,trade,rebalance,24.448790357094026,15.086600000000001,368.84912060133473,0,0,0.18442456030066737,0.092212280150333684,,
2023-02-09T00:00:00Z,ATOMUSDT,trade,rebalance,161.34499810546043,15.151,2444.538066295831,0,0,1.2222690331479154,0.61113451657395768,,
2023-02-09T00:00:00Z,AVAXUSDT,trade,rebalance,-119.82227389182576,20.106999999999999,-2409.2664611429404,0,0,1.2046332305714702,0.6023166152857351,,
2023-02-09T00:00:00Z,BCHUSDT,trade,rebalance,-0.13081140136448255,131.53999999999999,-17.206931735484034,0,0,0.0086034658677420165,0.0043017329338710083,,
2023-02-09T00:00:00Z,CHZUSDT,trade,rebalance,18071.721386775149,0.15820999999999999,2859.1270406016961,0,0,1.4295635203008481,0.71478176015042405,,
2023-02-09T00:00:00Z,DYDXUSDT,trade,rebalance,73.647720403565359,2.9209999999999998,215.12499129881439,0,0,0.1075624956494072,0.053781247824703601,,
2023-02-09T00:00:00Z,EOSUSDT,trade,rebalance,-2254.0932148147763,1.0840000000000001,-2443.4370448592176,0,0,1.2217185224296088,0.61085926121480438,,
2023-02-09T00:00:00Z,ETCUSDT,trade,rebalance,112.3007351475338,22.635999999999999,2542.039440799575,0,0,1.2710197203997875,0.63550986019989375,,
2023-02-09T00:00:00Z,FTMUSDT,trade,rebalance,286.22389957967243,0.52629999999999999,150.6396383487816,0,0,0.07531981917439079,0.037659909587195395,,
2023-02-09T00:00:00Z,GALAUSDT,trade,rebalance,-44166.00849860676,0.052109999999999997,-2301.4907028623979,0,0,1.1507453514311989,0.57537267571559947,,
2023-02-09T00:00:00Z,GMTUSDT,trade,rebalance,-4340.2136951252187,0.51529999999999998,-2236.5121170980251,0,0,1.1182560585490127,0.55912802927450633,,
2023-02-09T00:00:00Z,LTCUSDT,trade,rebalance,-24.641332432840109,99.200000000000003,-2444.420177337739,0,0,1.2222100886688696,0.6111050443344348,,
2023-02-09T00:00:00Z,MANAUSDT,trade,rebalance,51.096213837257437,0.76949999999999996,39.318536547769597,0,0,0.019659268273884801,0.0098296341369424004,,
2023-02-09T00:00:00Z,MASKUSDT,trade,rebalance,1097.4625776428011,4.149,4553.3722346399818,0,0,2.2766861173199908,1.1383430586599954,,
2023-02-09T00:00:00Z,OCEANUSDT,trade,rebalance,6754.5823855424051,0.48304000000000002,3262.7334755124034,0,0,1.6313667377562016,0.81568336887810078,,
2023-02-09T00:00:00Z,OPUSDT,trade,rebalance,-37.224634584276487,2.7658999999999998,-102.95961679665032,0,0,0.051479808398325166,0.025739904199162583,,
2023-02-09T00:00:00Z,RLCUSDT,trade,rebalance,1406.9900985616064,2.0914999999999999,2942.7197911415997,0,0,1.4713598955707998,0.73567994778539991,,
2023-02-09T00:00:00Z,SOLUSDT,trade,rebalance,-105.33506464001186,23.209,-2444.7215152300355,0,0,1.2223607576150177,0.61118037880750886,,
2023-02-09T00:00:00Z,TRXUSDT,trade,rebalance,39797.303728949613,0.066949999999999996,2664.4294846531766,0,0,1.3322147423265884,0.66610737116329422,,
2023-02-09T00:00:00Z,XRPUSDT,trade,rebalance,-6147.9661821050522,0.3977,-2445.0461506231791,0,0,1.2225230753115894,0.61126153765579472,,
2023-02-09T00:00:00Z,ZILUSDT,trade,rebalance,-79506.781130472009,0.030769999999999999,-2446.4236553846235,0,0,1.2232118276923118,0.61160591384615592,,
2023-02-13T00:00:00Z,ZILUSDT,risk_policy_action,before_rebalance,79506.781130472009,0.029190000000000001,2320.802941198478,0,0,1.1604014705992391,0.58020073529961957,membership_exit,team-05-ldm-none-v1
2023-02-16T00:00:00Z,1000SHIBUSDT,trade,rebalance,-177776.05884642911,0.013762999999999999,-2446.7318979034035,0,0,1.2233659489517017,0.61168297447585085,,
2023-02-16T00:00:00Z,AAVEUSDT,trade,rebalance,28.087772443170611,89.469999999999999,2513.0130004904745,0,0,1.2565065002452374,0.62825325012261868,,
2023-02-16T00:00:00Z,APEUSDT,trade,rebalance,-9.1744663608437236,5.6200000000000001,-51.560500947941726,0,0,0.025780250473970864,0.012890125236985432,,
2023-02-16T00:00:00Z,APTUSDT,trade,rebalance,-162.07113766306719,15.945,-2584.2242900376064,0,0,1.2921121450188031,0.64605607250940156,,
2023-02-16T00:00:00Z,ATOMUSDT,trade,rebalance,-161.34499810546043,14.287000000000001,-2305.1359879327133,0,0,1.1525679939663567,0.57628399698317834,,
2023-02-16T00:00:00Z,AVAXUSDT,trade,rebalance,-122.42060638704338,19.957000000000001,-2443.1480416662248,0,0,1.2215740208331125,0.61078701041655625,,
2023-02-16T00:00:00Z,BCHUSDT,trade,rebalance,18.583943915408533,134.81,2505.3014792362242,0,0,1.2526507396181121,0.62632536980905607,,
2023-02-16T00:00:00Z,DYDXUSDT,trade,rebalance,-19.542114785087733,2.9889999999999999,-58.411381092627231,0,0,0.029205690546313615,0.014602845273156808,,
2023-02-16T00:00:00Z,EOSUSDT,trade,rebalance,32.142512317258024,1.1000000000000001,35.356763548983828,0,0,0.017678381774491915,0.0088391908872459575,,
2023-02-16T00:00:00Z,ETCUSDT,trade,rebalance,-108.75509214845351,22.457999999999998,-2442.4218594699687,0,0,1.2212109297349842,0.61060546486749212,,
2023-02-16T00:00:00Z,FTMUSDT,trade,rebalance,-357.24512633072936,0.56979999999999997,-203.55827298324959,0,0,0.1017791364916248,0.050889568245812401,,
2023-02-16T00:00:00Z,GMTUSDT,trade,rebalance,-5114.1763286476498,0.47760000000000002,-2442.5306145621175,0,0,1.2212653072810589,0.61063265364052943,,
2023-02-16T00:00:00Z,GRTUSDT,trade,rebalance,13226.235011964476,0.18471000000000001,2443.0178690599587,0,0,1.2215089345299794,0.61075446726498972,,
2023-02-16T00:00:00Z,INJUSDT,trade,rebalance,619.31160283560109,3.944,2442.5649615836105,0,0,1.2212824807918052,0.61064124039590262,,
2023-02-16T00:00:00Z,KAVAUSDT,trade,rebalance,-2568.75613128334,0.95020000000000004,-2440.8320759454296,0,0,1.2204160379727147,0.61020801898635735,,
2023-02-16T00:00:00Z,LDOUSDT,trade,rebalance,855.9052960184224,2.8555999999999999,2444.123163310207,0,0,1.2220615816551035,0.61103079082755174,,
2023-02-16T00:00:00Z,LTCUSDT,trade,rebalance,24.641332432840112,102.81999999999999,2533.62180074462,0,0,1.26681090037231,0.63340545018615502,,
2023-02-16T00:00:00Z,MANAUSDT,trade,rebalance,-3177.5830217671887,0.73050000000000004,-2321.2243974009316,0,0,1.1606121987004658,0.58030609935023292,,
2023-02-16T00:00:00Z,MASKUSDT,trade,rebalance,-589.76566226811735,4.1449999999999996,-2444.5786701013462,0,0,1.2222893350506732,0.61114466752533658,,
2023-02-16T00:00:00Z,MATICUSDT,trade,rebalance,1839.031181274783,1.3281000000000001,2442.4173118510394,0,0,1.2212086559255195,0.61060432796275976,,
2023-02-16T00:00:00Z,OPUSDT,trade,rebalance,-17.124316697997529,2.8184999999999998,-48.264886613306032,0,0,0.024132443306653015,0.012066221653326508,,
2023-02-16T00:00:00Z,SANDUSDT,trade,rebalance,3201.7310740866533,0.76319999999999999,2443.5611557429338,0,0,1.2217805778714668,0.61089028893573338,,
2023-02-16T00:00:00Z,SOLUSDT,trade,rebalance,105.33506464001186,23.861999999999998,2513.5053124399628,0,0,1.2567526562199816,0.62837632810999078,,
2023-02-16T00:00:00Z,WAVESUSDT,trade,rebalance,-941.9090112499614,2.5931999999999999,-2442.5584479733998,0,0,1.2212792239866999,0.61063961199334993,,
2023-02-16T00:00:00Z,XRPUSDT,trade,rebalance,58.838083557699981,0.40110000000000001,23.599955314993462,0,0,0.011799977657496732,0.005899988828748366,,
2023-02-20T00:00:00Z,KAVAUSDT,risk_policy_action,before_rebalance,2568.75613128334,0.92910000000000004,2386.6313215753512,0,0,1.1933156607876756,0.5966578303938378,membership_exit,team-05-ldm-none-v1
2023-02-20T00:00:00Z,WAVESUSDT,risk_policy_action,before_rebalance,941.9090112499614,3.0954000000000002,2915.5851534231306,0,0,1.4577925767115651,0.72889628835578257,membership_exit,team-05-ldm-none-v1
2023-02-23T00:00:00Z,1000SHIBUSDT,trade,rebalance,2.9103830456733704e-11,0.013155999999999999,3.8288999348878858e-13,0,0,1.9144499674439429e-16,9.5722498372197144e-17,,
2023-02-23T00:00:00Z,APEUSDT,trade,rebalance,-2.9986161463535836,5.5179999999999998,-16.546363895579073,0,0,0.0082731819477895371,0.0041365909738947685,,
2023-02-23T00:00:00Z,APTUSDT,trade,rebalance,-173.93006906710963,13.885,-2415.0190089968173,0,0,1.2075095044984085,0.60375475224920427,,
2023-02-23T00:00:00Z,AUDIOUSDT,trade,rebalance,7703.9886407424028,0.3135,2415.2004388727432,0,0,1.2076002194363717,0.60380010971818587,,
2023-02-23T00:00:00Z,AVAXUSDT,trade,rebalance,122.42060638704339,20.312000000000001,2486.6073569336254,0,0,1.2433036784668128,0.62165183923340639,,
2023-02-23T00:00:00Z,AXSUSDT,trade,rebalance,-228.67309995028833,10.548,-2412.0438582756415,0,0,1.2060219291378207,0.60301096456891035,,
2023-02-23T00:00:00Z,CHZUSDT,trade,rebalance,-17359.537088947982,0.13908999999999999,-2414.5380137017746,0,0,1.2072690068508873,0.60363450342544367,,
2023-02-23T00:00:00Z,DOGEUSDT,trade,rebalance,-28241.35206333013,0.085500000000000007,-2414.6356014147264,0,0,1.2073178007073631,0.60365890035368153,,
2023-02-23T00:00:00Z,DYDXUSDT,trade,rebalance,-817.28027542522636,2.6709999999999998,-2182.9556156607796,0,0,1.0914778078303897,0.54573890391519486,,
2023-02-23T00:00:00Z,EOSUSDT,trade,rebalance,2221.9507024975183,1.2090000000000001,2686.3383993194998,0,0,1.3431691996597499,0.67158459982987495,,
2023-02-23T00:00:00Z,ETCUSDT,trade,rebalance,108.75509214845353,22.483000000000001,2445.1407367736806,0,0,1.2225703683868403,0.61128518419342015,,
2023-02-23T00:00:00Z,FILUSDT,trade,rebalance,300.70900587129825,8.0289999999999999,2414.3926081406535,0,0,1.2071963040703266,0.60359815203516332,,
2023-02-23T00:00:00Z,FTMUSDT,trade,rebalance,465.79540343453118,0.5081,236.67064448508529,0,0,0.11833532224254263,0.059167661121271316,,
2023-02-23T00:00:00Z,GMTUSDT,trade,rebalance,-523.22086675187347,0.42830000000000001,-224.09549722982743,0,0,0.11204774861491371,0.056023874307456853,,
2023-02-23T00:00:00Z,GRTUSDT,trade,rebalance,1545.8495324810174,0.16344,252.65364758869748,0,0,0.12632682379434873,0.063163411897174365,,
2023-02-23T00:00:00Z,INJUSDT,trade,rebalance,-619.31160283560109,3.8159999999999998,-2363.2930764206535,0,0,1.1816465382103267,0.59082326910516336,,
2023-02-23T00:00:00Z,LDOUSDT,trade,rebalance,-855.9052960184224,2.9098999999999999,-2490.5988208840072,0,0,1.2452994104420034,0.62264970522100171,,
2023-02-23T00:00:00Z,LRCUSDT,trade,rebalance,5854.6525101263314,0.41239999999999999,2414.4586951760989,0,0,1.2072293475880496,0.60361467379402478,,
2023-02-23T00:00:00Z,MANAUSDT,trade,rebalance,-3443.3378022232846,0.70109999999999995,-2414.1241331387446,0,0,1.2070620665693723,0.60353103328468616,,
2023-02-23T00:00:00Z,MATICUSDT,trade,rebalance,-108.33286660944282,1.395,-151.12434892017274,0,0,0.075562174460086368,0.037781087230043184,,
2023-02-23T00:00:00Z,OCEANUSDT,trade,rebalance,-5359.5137289271279,0.45069999999999999,-2415.5328376274565,0,0,1.2077664188137283,0.60388320940686413,,
2023-02-23T00:00:00Z,OPUSDT,trade,rebalance,26.50863855615091,2.7031999999999998,71.658151744987137,0,0,0.035829075872493572,0.017914537936246786,,
2023-02-23T00:00:00Z,SANDUSDT,trade,rebalance,-3201.7310740866533,0.76729999999999998,-2456.688253146689,0,0,1.2283441265733446,0.61417206328667229,,
2023-02-23T00:00:00Z,STGUSDT,trade,rebalance,2156.8939786808191,1.1191,2413.7800515417048,0,0,1.2068900257708524,0.60344501288542618,,
2023-02-23T00:00:00Z,XRPUSDT,trade,rebalance,6089.1280985473513,0.39529999999999998,2407.032337355768,0,0,1.2035161686778839,0.60175808433894196,,
2023-02-27T00:00:00Z,AUDIOUSDT,risk_policy_action,before_rebalance,-7703.9886407424028,0.34839999999999999,-2684.0696424346529,0,0,1.3420348212173265,0.67101741060866327,membership_exit,team-05-ldm-none-v1
2023-02-27T00:00:00Z,LRCUSDT,risk_policy_action,before_rebalance,-5854.6525101263305,0.36990000000000001,-2165.6359634957298,0,0,1.0828179817478649,0.54140899087393246,membership_exit,team-05-ldm-none-v1
2023-03-02T00:00:00Z,APEUSDT,trade,rebalance,-38.93096599324906,5.0720000000000001,-197.45785951775923,0,0,0.098728929758879619,0.049364464879439809,,
2023-03-02T00:00:00Z,APTUSDT,trade,rebalance,-5.8026114457691449,13.443,-78.004505665474611,0,0,0.039002252832737304,0.019501126416368652,,
2023-03-02T00:00:00Z,AXSUSDT,trade,rebalance,-13.524850124869999,9.9789999999999992,-134.96447939607771,0,0,0.067482239698038848,0.033741119849019424,,
2023-03-02T00:00:00Z,CHZUSDT,trade,rebalance,17359.537088947982,0.13644000000000001,2368.5352404160626,0,0,1.1842676202080313,0.59213381010401567,,
2023-03-02T00:00:00Z,DOGEUSDT,trade,rebalance,28241.352063330127,0.081909999999999997,2313.2491475073707,0,0,1.1566245737536853,0.57831228687684266,,
2023-03-02T00:00:00Z,DYDXUSDT,trade,rebalance,745.86353515101541,3.2389999999999999,2415.8519903541387,0,0,1.2079259951770693,0.60396299758853467,,
2023-03-02T00:00:00Z,FETUSDT,trade,rebalance,4997.7635605569867,0.48380000000000001,2417.9180105974701,0,0,1.2089590052987351,0.60447950264936756,,
2023-03-02T00:00:00Z,FILUSDT,trade,rebalance,32.771276034271693,7.25,237.59175124846979,0,0,0.1187958756242349,0.059397937812117448,,
2023-03-02T00:00:00Z,FTMUSDT,trade,rebalance,-4752.9472810819216,0.46860000000000002,-2227.2310959149886,0,0,1.1136155479574943,0.55680777397874714,,
2023-03-02T00:00:00Z,GMTUSDT,trade,rebalance,-568.28053513277155,0.38950000000000001,-221.34526843421452,0,0,0.11067263421710727,0.055336317108553634,,
2023-03-02T00:00:00Z,GRTUSDT,trade,rebalance,347.24535246765845,0.15989999999999999,55.52453185957858,0,0,0.027762265929789288,0.013881132964894644,,
2023-03-02T00:00:00Z,INJUSDT,trade,rebalance,-636.69430837577443,3.7970000000000002,-2417.5282889028158,0,0,1.2087641444514079,0.60438207222570395,,
2023-03-02T00:00:00Z,LDOUSDT,trade,rebalance,800.06250703412707,3.0198999999999998,2416.1087649923602,0,0,1.2080543824961802,0.60402719124809012,,
2023-03-02T00:00:00Z,LTCUSDT,trade,rebalance,24.733111692808592,97.730000000000004,2417.1670057381839,0,0,1.2085835028690919,0.60429175143454594,,
2023-03-02T00:00:00Z,MANAUSDT,trade,rebalance,-234.02047624187659,0.65720000000000001,-153.79825698616131,0,0,0.076899128493080657,0.038449564246540328,,
2023-03-02T00:00:00Z,MATICUSDT,trade,rebalance,205.72734660911712,1.2484999999999999,256.85059224148273,0,0,0.12842529612074136,0.064212648060370678,,
2023-03-02T00:00:00Z,NEARUSDT,trade,rebalance,-1042.3970165064625,2.319,-2417.3186812784866,0,0,1.2086593406392432,0.60432967031962159,,
2023-03-02T00:00:00Z,OCEANUSDT,trade,rebalance,-397.29254722857337,0.41970000000000002,-166.74368207183224,0,0,0.083371841035916119,0.04168592051795806,,
2023-03-02T00:00:00Z,OPUSDT,trade,rebalance,-19.925350250209135,2.7677,-55.147391887503822,0,0,0.027573695943751909,0.013786847971875954,,
2023-03-02T00:00:00Z,STGUSDT,trade,rebalance,-2156.8939786808191,1.0167999999999999,-2193.1297975226566,0,0,1.0965648987613283,0.54828244938066417,,
2023-03-06T00:00:00Z,INJUSDT,risk_policy_action,before_rebalance,636.69430837577454,3.343,2128.4690729002141,0,0,1.0642345364501071,0.53211726822505356,membership_exit,team-05-ldm-none-v1
2023-03-09T00:00:00Z,1000SHIBUSDT,trade,rebalance,-218960.04302811701,0.010932000000000001,-2393.6711903833752,0,0,1.1968355951916876,0.59841779759584379,,
2023-03-09T00:00:00Z,ANKRUSDT,trade,rebalance,80661.162075221524,0.029680000000000002,2394.0232903925748,0,0,1.1970116451962876,0.59850582259814378,,
2023-03-09T00:00:00Z,APEUSDT,trade,rebalance,476.54357049585133,4.3520000000000003,2073.9176187979451,0,0,1.0369588093989726,0.51847940469948628,,
2023-03-09T00:00:00Z,APTUSDT,trade,rebalance,-47.998467834065679,10.510999999999999,-504.51189540386429,0,0,0.25225594770193216,0.12612797385096608,,
2023-03-09T00:00:00Z,AXSUSDT,trade,rebalance,-60.732881620157201,7.9039999999999999,-480.0326963257225,0,0,0.24001634816286124,0.12000817408143062,,
2023-03-09T00:00:00Z,CRVUSDT,trade,rebalance,-2693.3242898985081,0.88800000000000001,-2391.6719694298754,0,0,1.1958359847149378,0.5979179923574689,,
2023-03-09T00:00:00Z,DOGEUSDT,trade,rebalance,-33685.499348899466,0.071080000000000004,-2394.3652937197744,0,0,1.1971826468598872,0.59859132342994359,,
2023-03-09T00:00:00Z,DYDXUSDT,trade,rebalance,-745.86353515101541,1.994,-1487.2518890911247,0,0,0.74362594454556241,0.37181297227278121,,
2023-03-09T00:00:00Z,EOSUSDT,trade,rebalance,2139.7366342446594,1.119,2394.3652937197739,0,0,1.197182646859887,0.59859132342994348,,
2023-03-09T00:00:00Z,ETCUSDT,trade,rebalance,-131.33483043825208,18.23,-2394.2339588893356,0,0,1.1971169794446679,0.59855848972233394,,
2023-03-09T00:00:00Z,ETHUSDT,trade,rebalance,1.5630848341220305,1531.8099999999999,2394.3489797564675,0,0,1.1971744898782337,0.59858724493911686,,
2023-03-09T00:00:00Z,FETUSDT,trade,rebalance,1903.5572577149867,0.34739999999999999,661.29579133018638,0,0,0.33064789566509317,0.16532394783254659,,
2023-03-09T00:00:00Z,FILUSDT,trade,rebalance,80.77271885105381,5.7789999999999999,466.78554224023998,0,0,0.23339277112012,0.11669638556006,,
2023-03-09T00:00:00Z,GMTUSDT,trade,rebalance,6205.6777305322948,0.32869999999999999,2039.8062700259652,0,0,1.0199031350129826,0.50995156750649129,,
2023-03-09T00:00:00Z,GRTUSDT,trade,rebalance,-34302.880242523104,0.12481,-4281.3424830693084,0,0,2.1406712415346543,1.0703356207673271,,
2023-03-09T00:00:00Z,HOOKUSDT,trade,rebalance,-1384.0261813409097,1.73,-2394.3652937197739,0,0,1.197182646859887,0.59859132342994348,,
2023-03-09T00:00:00Z,LDOUSDT,trade,rebalance,215.18977380565696,2.3571,507.22381583731402,0,0,0.25361190791865701,0.1268059539593285,,
2023-03-09T00:00:00Z,LTCUSDT,trade,rebalance,-24.733111692808592,82.709999999999994,-2045.6756681121985,0,0,1.0228378340560993,0.51141891702804965,,
2023-03-09T00:00:00Z,MANAUSDT,trade,rebalance,3677.3582784651612,0.54700000000000004,2011.5149783204433,0,0,1.0057574891602217,0.50287874458011084,,
2023-03-09T00:00:00Z,MATICUSDT,trade,rebalance,-1936.4256612744573,1.0496000000000001,-2032.4723740736706,0,0,1.0162361870368353,0.50811809351841764,,
2023-03-09T00:00:00Z,NEARUSDT,trade,rebalance,1042.3970165064625,1.839,1916.9681133553845,0,0,0.95848405667769221,0.4792420283388461,,
2023-03-09T00:00:00Z,NEOUSDT,trade,rebalance,227.88286796609631,10.506,2394.137410851808,0,0,1.1970687054259042,0.59853435271295208,,
2023-03-09T00:00:00Z,OCEANUSDT,trade,rebalance,5756.8062761557012,0.33389999999999997,1922.1976156083886,0,0,0.96109880780419421,0.48054940390209711,,
2023-03-09T00:00:00Z,OPUSDT,trade,rebalance,198.92436601803036,2.2328000000000001,444.15832444505821,0,0,0.2220791622225291,0.11103958111126455,,
2023-03-13T00:00:00Z,ANKRUSDT,risk_policy_action,before_rebalance,-80661.162075221524,0.03014,-2431.1274249471767,0,0,1.2155637124735883,0.60778185623679415,membership_exit,team-05-ldm-none-v1
2023-03-16T00:00:00Z,1000SHIBUSDT,trade,rebalance,218960.04302811701,0.010383999999999999,2273.681086803967,0,0,1.1368405434019835,0.56842027170099174,,
2023-03-16T00:00:00Z,APTUSDT,trade,rebalance,227.73114834694445,12.233000000000001,2785.8351377281715,0,0,1.3929175688640858,0.6964587844320429,,
2023-03-16T00:00:00Z,ATOMUSDT,trade,rebalance,192.58150565270643,12.404,2388.7809961161706,0,0,1.1943904980580853,0.59719524902904264,,
2023-03-16T00:00:00Z,AXSUSDT,trade,rebalance,-2.9689590310180165,7.8099999999999996,-23.187570032250708,0,0,0.011593785016125353,0.0057968925080626767,,
2023-03-16T00:00:00Z,CRVUSDT,trade,rebalance,7.3236557208306294,0.88800000000000001,6.5034062800975994,0,0,0.0032517031400487993,0.0016258515700243996,,
2023-03-16T00:00:00Z,DOGEUSDT,trade,rebalance,-633.31318067659595,0.069599999999999995,-44.078597375091078,0,0,0.02203929868754554,0.01101964934377277,,
2023-03-16T00:00:00Z,EOSUSDT,trade,rebalance,160.75177528273343,1.0389999999999999,167.02109451876004,0,0,0.083510547259380022,0.041755273629690011,,
2023-03-16T00:00:00Z,ETCUSDT,trade,rebalance,1.4253256404253136,18.385000000000002,26.204611899219394,0,0,0.013102305949609698,0.006551152974804849,,
2023-03-16T00:00:00Z,ETHUSDT,trade,rebalance,-1.5630848341220305,1649.8199999999999,-2578.8086210312081,0,0,1.2894043105156041,0.64470215525780206,,
2023-03-16T00:00:00Z,FETUSDT,trade,rebalance,-6901.3208182719736,0.4093,-2824.7106109187189,0,0,1.4123553054593594,0.70617765272967969,,
2023-03-16T00:00:00Z,FILUSDT,trade,rebalance,11.952334116079498,5.6029999999999998,66.968928052393423,0,0,0.03348446402619671,0.016742232013098355,,
2023-03-16T00:00:00Z,GRTUSDT,trade,rebalance,2122.9199027280083,0.14002999999999999,297.272473979003,0,0,0.14863623698950151,0.074318118494750757,,
2023-03-16T00:00:00Z,HOOKUSDT,trade,rebalance,117.76238540360168,1.887,222.21762125659637,0,0,0.11110881062829819,0.055554405314149097,,
2023-03-16T00:00:00Z,LDOUSDT,trade,rebalance,23.604742785844678,2.2989000000000002,54.264943190378332,0,0,0.027132471595189167,0.013566235797594584,,
2023-03-16T00:00:00Z,MASKUSDT,trade,rebalance,629.20130776209237,3.7970000000000002,2389.0773655726648,0,0,1.1945386827863325,0.59726934139316623,,
2023-03-16T00:00:00Z,NEOUSDT,trade,rebalance,-457.06369270845823,10.420999999999999,-4763.0607417148431,0,0,2.3815303708574214,1.1907651854287107,,
2023-03-16T00:00:00Z,OCEANUSDT,trade,rebalance,-6155.8293366984408,0.3881,-2389.0773655726648,0,0,1.1945386827863325,0.59726934139316623,,
2023-03-16T00:00:00Z,OPUSDT,trade,rebalance,-76.800455453978657,2.3995000000000002,-184.2826928618218,0,0,0.092141346430910903,0.046070673215455452,,
2023-03-16T00:00:00Z,XRPUSDT,trade,rebalance,6658.1406736032777,0.35870000000000002,2388.275059621496,0,0,1.1941375298107479,0.59706876490537397,,
2023-03-16T00:00:00Z,YFIUSDT,trade,rebalance,0.29331827692727624,8145,2389.0773655726648,0,0,1.1945386827863325,0.59726934139316623,,
2023-03-20T00:00:00Z,OCEANUSDT,risk_policy_action,before_rebalance,6155.8293366984417,0.39560000000000001,2435.2460855979034,0,0,1.2176230427989518,0.60881152139947592,membership_exit,team-05-ldm-none-v1
2023-03-23T00:00:00Z,1000SHIBUSDT,trade,rebalance,-226643.42296919192,0.010567999999999999,-2395.1676939384201,0,0,1.1975838469692099,0.59879192348460497,,
2023-03-23T00:00:00Z,APTUSDT,trade,rebalance,-182.60059440749436,13.114000000000001,-2394.624195059881,0,0,1.1973120975299405,0.59865604876497025,,
2023-03-23T00:00:00Z,ATOMUSDT,trade,rebalance,19.015885078456535,11.32,215.25981908812798,0,0,0.107629909544064,0.053814954772031999,,
2023-03-23T00:00:00Z,AXSUSDT,trade,rebalance,305.89979072633355,8.3399999999999999,2551.2042546576217,0,0,1.2756021273288107,0.63780106366440537,,
2023-03-23T00:00:00Z,BTCUSDT,trade,rebalance,0.087951900466256491,27233.799999999999,2395.2644669179358,0,0,1.197632233458968,0.59881611672948398,,
2023-03-23T00:00:00Z,CRVUSDT,trade,rebalance,2686.0006341776775,0.93899999999999995,2522.1545954928392,0,0,1.2610772977464195,0.63053864887320976,,
2023-03-23T00:00:00Z,DOGEUSDT,trade,rebalance,34318.812529576062,0.073819999999999997,2533.414740933305,0,0,1.2667073704666525,0.63335368523332625,,
2023-03-23T00:00:00Z,DYDXUSDT,trade,rebalance,-958.58105660964213,2.4980000000000002,-2394.5354794108862,0,0,1.1972677397054432,0.5986338698527216,,
2023-03-23T00:00:00Z,EOSUSDT,trade,rebalance,-108.81955274102893,1.093,-118.93977114594462,0,0,0.059469885572972302,0.029734942786486151,,
2023-03-23T00:00:00Z,ETCUSDT,trade,rebalance,129.90950479782677,20.027000000000001,2601.6976525860769,0,0,1.3008488262930384,0.65042441314651922,,
2023-03-23T00:00:00Z,FILUSDT,trade,rebalance,-426.20533487270325,5.6449999999999996,-2405.9291153564095,0,0,1.2029645576782049,0.60148227883910244,,
2023-03-23T00:00:00Z,GRTUSDT,trade,rebalance,17060.630442881946,0.14291000000000001,2438.1346965922589,0,0,1.2190673482961294,0.6095336741480647,,
2023-03-23T00:00:00Z,HOOKUSDT,trade,rebalance,1266.263795937308,1.954,2474.2794572614998,0,0,1.2371397286307499,0.61856986431537497,,
2023-03-23T00:00:00Z,LDOUSDT,trade,rebalance,-2051.3313598809082,2.3666,-4854.6807962941575,0,0,2.4273403981470785,1.2136701990735392,,
2023-03-23T00:00:00Z,LTCUSDT,trade,rebalance,-27.461814289435925,87.230000000000004,-2395.4940604674957,0,0,1.1977470302337478,0.59887351511687392,,
2023-03-23T00:00:00Z,MAGICUSDT,trade,rebalance,1347.8276376905956,1.7773000000000001,2395.4940604674957,0,0,1.1977470302337478,0.59887351511687392,,
2023-03-23T00:00:00Z,MANAUSDT,trade,rebalance,-4130.8743929427419,0.57979999999999998,-2395.0809730282017,0,0,1.1975404865141008,0.59877024325705042,,
2023-03-23T00:00:00Z,MASKUSDT,trade,rebalance,-153.81054362883265,5.0389999999999997,-775.05132934568769,0,0,0.38752566467284388,0.19376283233642194,,
2023-03-23T00:00:00Z,MKRUSDT,trade,rebalance,3.5833836702679949,668.29999999999995,2394.7753068401007,0,0,1.1973876534200503,0.59869382671002513,,
2023-03-23T00:00:00Z,NEARUSDT,trade,rebalance,-1230.8441146103714,1.946,-2395.2226470317828,0,0,1.1976113235158914,0.5988056617579457,,
2023-03-23T00:00:00Z,NEOUSDT,trade,rebalance,229.18082474236192,11.616,2662.1644602072761,0,0,1.331082230103638,0.66554111505181901,,
2023-03-23T00:00:00Z,OPUSDT,trade,rebalance,-995.28302181830736,2.5251000000000001,-2513.189158393408,0,0,1.2565945791967041,0.62829728959835207,,
2023-03-23T00:00:00Z,SANDUSDT,trade,rebalance,-3776.518557512155,0.63429999999999997,-2395.4457210299597,0,0,1.1977228605149797,0.59886143025748984,,
2023-03-23T00:00:00Z,SNXUSDT,trade,rebalance,893.84106733861779,2.6800000000000002,2395.4940604674957,0,0,1.1977470302337478,0.59887351511687392,,
2023-03-23T00:00:00Z,XRPUSDT,trade,rebalance,-970.83283773552921,0.42109999999999997,-408.81770797043134,0,0,0.20440885398521569,0.10220442699260784,,
2023-03-23T00:00:00Z,YFIUSDT,trade,rebalance,-0.29331827692727624,8403,-2464.7534810199022,0,0,1.2323767405099513,0.61618837025497564,,
2023-03-30T00:00:00Z,1000SHIBUSDT,trade,rebalance,226643.42296919192,0.01068,2420.5517573109696,0,0,1.2102758786554848,0.6051379393277424,,
2023-03-30T00:00:00Z,APEUSDT,trade,rebalance,589.86949751342729,4.1040000000000001,2420.8244177951055,0,0,1.2104122088975529,0.60520610444877643,,
2023-03-30T00:00:00Z,APTUSDT,trade,rebalance,-25.719835979575947,11.624000000000001,-298.96737342659083,0,0,0.1494836867132954,0.0747418433566477,,
2023-03-30T00:00:00Z,ATOMUSDT,trade,rebalance,0.35065574864623278,11.422000000000001,4.0051899610372708,0,0,0.0020025949805186354,0.0010012974902593177,,
2023-03-30T00:00:00Z,BTCUSDT,trade,rebalance,-0.0024854332751690776,28338.599999999999,-70.433699411706414,0,0,0.035216849705853204,0.017608424852926602,,
2023-03-30T00:00:00Z,DYDXUSDT,trade,rebalance,-3.4510950209773905,2.5169999999999999,-8.6864061678000919,0,0,0.0043432030839000461,0.0021716015419500231,,
2023-03-30T00:00:00Z,EOSUSDT,trade,rebalance,-2191.6688567863639,1.1499999999999999,-2520.4191853043185,0,0,1.2602095926521593,0.63010479632607963,,
2023-03-30T00:00:00Z,FETUSDT,trade,rebalance,-6297.1040850087875,0.3846,-2421.8662310943796,0,0,1.2109331155471899,0.60546655777359493,,
2023-03-30T00:00:00Z,FILUSDT,trade,rebalance,-422.77299140166099,5.7279999999999998,-2421.6436947487141,0,0,1.2108218473743571,0.60541092368717853,,
2023-03-30T00:00:00Z,LDOUSDT,trade,rebalance,1012.4743362552795,2.3799999999999999,2409.688920287565,0,0,1.2048444601437824,0.60242223007189122,,
2023-03-30T00:00:00Z,LTCUSDT,trade,rebalance,54.002364106141044,91.260000000000005,4928.2557483264318,0,0,2.464127874163216,1.232063937081608,,
2023-03-30T00:00:00Z,MAGICUSDT,trade,rebalance,-1347.8276376905956,1.4238999999999999,-1919.1717733076389,0,0,0.95958588665381939,0.47979294332690969,,
2023-03-30T00:00:00Z,MANAUSDT,trade,rebalance,73.973323679839268,0.59689999999999999,44.154676904496057,0,0,0.022077338452248029,0.011038669226124015,,
2023-03-30T00:00:00Z,MASKUSDT,trade,rebalance,-117.54295575842838,6.7670000000000003,-795.41318161728486,0,0,0.39770659080864246,0.19885329540432123,,
2023-03-30T00:00:00Z,MKRUSDT,trade,rebalance,-0.082230843971329293,691.60000000000002,-56.870851690571342,0,0,0.028435425845285668,0.014217712922642834,,
2023-03-30T00:00:00Z,NEARUSDT,trade,rebalance,18.636166414860554,1.9970000000000001,37.216424330476528,0,0,0.018608212165238263,0.0093041060826191315,,
2023-03-30T00:00:00Z,OPUSDT,trade,rebalance,-1086.9722109750608,2.2281,-2421.8827832735328,0,0,1.2109413916367664,0.6054706958183832,,
2023-03-30T00:00:00Z,SANDUSDT,trade,rebalance,-16.81537311095417,0.63829999999999998,-10.733252656722046,0,0,0.0053666263283610226,0.0026833131641805113,,
2023-03-30T00:00:00Z,SNXUSDT,trade,rebalance,51.988568070162387,2.5579999999999998,132.98675712347537,0,0,0.06649337856173769,0.033246689280868845,,
2023-03-30T00:00:00Z,XRPUSDT,trade,rebalance,-1220.6009813101173,0.54210000000000003,-661.68779196821458,0,0,0.33084389598410729,0.16542194799205365,,
2023-04-06T00:00:00Z,AGIXUSDT,trade,rebalance,-5826.1644332110845,0.41370000000000001,-2410.2842260194257,0,0,1.2051421130097129,0.60257105650485643,,
2023-04-06T00:00:00Z,APEUSDT,trade,rebalance,-19.396250509390484,4.226,-81.96855465268419,0,0,0.040984277326342092,0.020492138663171046,,
2023-04-06T00:00:00Z,APTUSDT,trade,rebalance,208.3204303870703,11.539999999999999,2404.017766666791,0,0,1.2020088833333955,0.60100444166669775,,
2023-04-06T00:00:00Z,ATOMUSDT,trade,rebalance,-2.6590914160663317,11.519,-30.630074021668076,0,0,0.015315037010834039,0.0076575185054170193,,
2023-04-06T00:00:00Z,BTCUSDT,trade,rebalance,-0.085466467191087414,28154,-2406.222917297875,0,0,1.2031114586489375,0.60155572932446877,,
2023-04-06T00:00:00Z,CFXUSDT,trade,rebalance,6225.8079966651858,0.38719999999999999,2410.63285630876,0,0,1.20531642815438,0.60265821407719,,
2023-04-06T00:00:00Z,DOGEUSDT,trade,rebalance,26024.039781423402,0.092679999999999998,2411.9080069423208,0,0,1.2059540034711604,0.60297700173558022,,
2023-04-06T00:00:00Z,DOTUSDT,trade,rebalance,376.57293686958133,6.4029999999999996,2411.1965147759292,0,0,1.2055982573879647,0.60279912869398233,,
2023-04-06T00:00:00Z,DYDXUSDT,trade,rebalance,46.389457324576938,2.6309999999999998,122.05066222096191,0,0,0.061025331110480953,0.030512665555240476,,
2023-04-06T00:00:00Z,FETUSDT,trade,rebalance,-329.6687072920904,0.36380000000000001,-119.93347571286249,0,0,0.059966737856431244,0.029983368928215622,,
2023-04-06T00:00:00Z,FILUSDT,trade,rebalance,422.77299140166099,5.6680000000000001,2396.2773152646146,0,0,1.1981386576323074,0.59906932881615371,,
2023-04-06T00:00:00Z,GMTUSDT,trade,rebalance,-6252.1264051842827,0.38550000000000001,-2410.1947291985412,0,0,1.2050973645992706,0.60254868229963532,,
2023-04-06T00:00:00Z,IMXUSDT,trade,rebalance,-2182.9008616800929,1.1044,-2410.7957116394946,0,0,1.2053978558197471,0.60269892790987356,,
2023-04-06T00:00:00Z,INJUSDT,trade,rebalance,436.98023234349455,5.5170000000000003,2410.8199418390595,0,0,1.2054099709195298,0.60270498545976492,,
2023-04-06T00:00:00Z,LTCUSDT,trade,rebalance,-26.540549816705123,92.569999999999993,-2456.858696532393,0,0,1.2284293482661963,0.61421467413309816,,
2023-04-06T00:00:00Z,MAGICUSDT,trade,rebalance,-1731.9020565039361,1.3915999999999999,-2410.1149018308774,0,0,1.2050574509154386,0.60252872545771929,,
2023-04-06T00:00:00Z,MANAUSDT,trade,rebalance,4056.9010692629031,0.61570000000000003,2497.8339883451695,0,0,1.2489169941725848,0.62445849708629242,,
2023-04-06T00:00:00Z,MASKUSDT,trade,rebalance,71.9438986408353,5.6079999999999997,403.46138357780433,0,0,0.20173069178890216,0.10086534589445108,,
2023-04-06T00:00:00Z,MKRUSDT,trade,rebalance,-3.5011528262966656,692.70000000000005,-2425.2485627757005,0,0,1.2126242813878503,0.60631214069392514,,
2023-04-06T00:00:00Z,NEARUSDT,trade,rebalance,1212.2079481955109,2.0259999999999998,2455.9333030441048,0,0,1.2279666515220524,0.61398332576102621,,
2023-04-06T00:00:00Z,OPUSDT,trade,rebalance,29.672370145849527,2.2793999999999999,67.635200510449408,0,0,0.033817600255224706,0.016908800127612353,,
2023-04-06T00:00:00Z,SANDUSDT,trade,rebalance,3793.3339306231092,0.65700000000000003,2492.2203924193827,0,0,1.2461101962096912,0.62305509810484561,,
2023-04-06T00:00:00Z,SNXUSDT,trade,rebalance,-945.82963540878029,2.7109999999999999,-2564.1441415932031,0,0,1.2820720707966016,0.64103603539830079,,
2023-04-06T00:00:00Z,SOLUSDT,trade,rebalance,-114.99559005190956,20.957000000000001,-2409.9625807178686,0,0,1.2049812903589343,0.60249064517946715,,
2023-04-06T00:00:00Z,XRPUSDT,trade,rebalance,304.9457688361299,0.50529999999999997,154.08909699289643,0,0,0.07704454849644822,0.03852227424822411,,
2023-04-10T00:00:00Z,FETUSDT,risk_policy_action,before_rebalance,6626.7727923008779,0.34370000000000001,2277.6218087138118,0,0,1.1388109043569059,0.56940545217845295,membership_exit,team-05-ldm-none-v1
2023-04-10T00:00:00Z,IMXUSDT,risk_policy_action,before_rebalance,2182.9008616800929,1.0462,2283.7508814897133,0,0,1.1418754407448566,0.57093772037242829,membership_exit,team-05-ldm-none-v1
2023-04-13T00:00:00Z,AGIXUSDT,trade,rebalance,-334.52346911277169,0.39410000000000001,-131.83569917734332,0,0,0.065917849588671654,0.032958924794335827,,
2023-04-13T00:00:00Z,APEUSDT,trade,rebalance,-30.524222712691991,4.4950000000000001,-137.2063810935505,0,0,0.068603190546775245,0.034301595273387622,,
2023-04-13T00:00:00Z,APTUSDT,trade,rebalance,-213.76583298243938,11.356,-2427.5247993485814,0,0,1.2137623996742906,0.60688119983714528,,
2023-04-13T00:00:00Z,ATOMUSDT,trade,rebalance,-209.28895506374286,11.316000000000001,-2368.3138155013144,0,0,1.1841569077506573,0.59207845387532865,,
2023-04-13T00:00:00Z,BTCUSDT,trade,rebalance,0.081249176851323324,29874.900000000001,2427.3110335155993,0,0,1.2136555167577998,0.60682775837889991,,
2023-04-13T00:00:00Z,CFXUSDT,trade,rebalance,108.51098432541767,0.38319999999999999,41.58140919350005,0,0,0.020790704596750028,0.010395352298375014,,
2023-04-13T00:00:00Z,DOGEUSDT,trade,rebalance,3072.2000146581045,0.083430000000000004,256.31364722292568,0,0,0.12815682361146286,0.064078411805731428,,
2023-04-13T00:00:00Z,DOTUSDT,trade,rebalance,-376.57293686958133,6.4009999999999998,-2410.4433689021898,0,0,1.205221684451095,0.60261084222554751,,
2023-04-13T00:00:00Z,DYDXUSDT,trade,rebalance,-67.04578953911448,2.4700000000000002,-165.60310016161279,0,0,0.082801550080806391,0.041400775040403195,,
2023-04-13T00:00:00Z,GALAUSDT,trade,rebalance,-55648.595231056497,0.043610000000000003,-2426.8352380263741,0,0,1.2134176190131871,0.60670880950659356,,
2023-04-13T00:00:00Z,GMTUSDT,trade,rebalance,-256.01916575120322,0.37309999999999999,-95.520750741773924,0,0,0.047760375370886961,0.02388018768544348,,
2023-04-13T00:00:00Z,INJUSDT,trade,rebalance,-67.695121508929049,6.5720000000000001,-444.89233855668169,0,0,0.22244616927834085,0.11122308463917042,,
2023-04-13T00:00:00Z,LINAUSDT,trade,rebalance,175510.55918406358,0.01383,2427.3110335155993,0,0,1.2136555167577998,0.60682775837889991,,
2023-04-13T00:00:00Z,MAGICUSDT,trade,rebalance,-159.52631359544489,1.2837000000000001,-204.78392876247261,0,0,0.10239196438123631,0.051195982190618154,,
2023-04-13T00:00:00Z,MANAUSDT,trade,rebalance,3988.3520103772585,0.60870000000000002,2427.7098687166372,0,0,1.2138549343583185,0.60692746717915924,,
2023-04-13T00:00:00Z,MASKUSDT,trade,rebalance,-429.79170701566665,5.4470000000000001,-2341.0754281143363,0,0,1.1705377140571682,0.58526885702858411,,
2023-04-13T00:00:00Z,MKRUSDT,trade,rebalance,3.3428704844375638,726,2426.9239717016712,0,0,1.2134619858508358,0.60673099292541788,,
2023-04-13T00:00:00Z,OPUSDT,trade,rebalance,-6.3306019715423645,2.2814999999999999,-14.443268398073904,0,0,0.0072216341990369529,0.0036108170995184765,,
2023-04-13T00:00:00Z,SOLUSDT,trade,rebalance,114.99559005190956,23.797999999999998,2736.6650520553435,0,0,1.3683325260276717,0.68416626301383587,,
2023-04-13T00:00:00Z,STXUSDT,trade,rebalance,-2743.1696860294778,0.8851,-2427.9794891046909,0,0,1.2139897445523455,0.60699487227617277,,
2023-04-13T00:00:00Z,XRPUSDT,trade,rebalance,-4771.6526233937611,0.50449999999999995,-2407.2987485021522,0,0,1.2036493742510761,0.60182468712553805,,
2023-04-17T00:00:00Z,MKRUSDT,risk_policy_action,before_rebalance,-3.3428704844375638,801.29999999999995,-2678.6421191798199,0,0,1.3393210595899099,0.66966052979495494,membership_exit,team-05-ldm-none-v1
2023-04-20T00:00:00Z,AGIXUSDT,trade,rebalance,-210.18549397359223,0.38140000000000002,-80.164747401528075,0,0,0.040082373700764035,0.020041186850382017,,
2023-04-20T00:00:00Z,APEUSDT,trade,rebalance,-539.94902429134481,4.1429999999999998,-2237.0088076390416,0,0,1.1185044038195209,0.55925220190976044,,
2023-04-20T00:00:00Z,APTUSDT,trade,rebalance,-1.2019178144241209,11.298999999999999,-13.580469385178143,0,0,0.0067902346925890712,0.0033951173462945356,,
2023-04-20T00:00:00Z,AVAXUSDT,trade,rebalance,128.05838025285615,18.978000000000002,2430.2919404387044,0,0,1.2151459702193523,0.60757298510967617,,
2023-04-20T00:00:00Z,BTCUSDT,trade,rebalance,-0.081249176851323324,28795,-2339.5700474338551,0,0,1.1697850237169276,0.5848925118584638,,
2023-04-20T00:00:00Z,CFXUSDT,trade,rebalance,-13909.507856153097,0.32079999999999997,-4462.1701202539134,0,0,2.2310850601269565,1.1155425300634783,,
2023-04-20T00:00:00Z,DOGEUSDT,trade,rebalance,-1428.2641896191271,0.087819999999999995,-125.43016113235174,0,0,0.062715080566175863,0.031357540283087931,,
2023-04-20T00:00:00Z,DYDXUSDT,trade,rebalance,982.68848384515718,2.7829999999999999,2734.8220505410723,0,0,1.367411025270536,0.68370551263526802,,
2023-04-20T00:00:00Z,GALAUSDT,trade,rebalance,111793.95456750944,0.043290000000000002,4839.5602932274842,0,0,2.4197801466137423,1.2098900733068711,,
2023-04-20T00:00:00Z,GMTUSDT,trade,rebalance,6508.1455709354859,0.35880000000000001,2335.1226308516525,0,0,1.1675613154258262,0.5837806577129131,,
2023-04-20T00:00:00Z,INJUSDT,trade,rebalance,-77.031108799460185,8.3140000000000001,-640.43663855871193,0,0,0.32021831927935596,0.16010915963967798,,
2023-04-20T00:00:00Z,LINAUSDT,trade,rebalance,-175510.55918406358,0.012919999999999999,-2267.5964246581011,0,0,1.1337982123290504,0.56689910616452521,,
2023-04-20T00:00:00Z,MAGICUSDT,trade,rebalance,67.097682810649303,1.3314999999999999,89.340564662379535,0,0,0.044670282331189762,0.022335141165594881,,
2023-04-20T00:00:00Z,MANAUSDT,trade,rebalance,-43.322622818341642,0.61580000000000001,-26.678071131534782,0,0,0.013339035565767392,0.006669517782883696,,
2023-04-20T00:00:00Z,MASKUSDT,trade,rebalance,-481.6604235834871,5.0419999999999998,-2428.5318557079418,0,0,1.2142659278539707,0.60713296392698535,,
2023-04-20T00:00:00Z,NEARUSDT,trade,rebalance,1131.8415659860643,2.1469999999999998,2430.0638421720801,0,0,1.2150319210860401,0.60751596054302004,,
2023-04-20T00:00:00Z,OMGUSDT,trade,rebalance,-1819.7054799023797,1.335,-2429.3068156696768,0,0,1.2146534078348383,0.60732670391741916,,
2023-04-20T00:00:00Z,OPUSDT,trade,rebalance,1063.6304428007536,2.5427,2704.4931269094764,0,0,1.352246563454738,0.67612328172736902,,
2023-04-20T00:00:00Z,SOLUSDT,trade,rebalance,107.23540804252683,22.654,2429.3109337954029,0,0,1.2146554668977014,0.60732773344885072,,
2023-04-20T00:00:00Z,STXUSDT,trade,rebalance,-449.73173698713299,0.76119999999999999,-342.33579819460562,0,0,0.17116789909730279,0.085583949548651395,,
2023-04-20T00:00:00Z,SXPUSDT,trade,rebalance,4163.2966866650377,0.58379999999999999,2430.5326056750491,0,0,1.2152663028375246,0.60763315141876229,,
2023-04-20T00:00:00Z,XRPUSDT,trade,rebalance,-4951.2628620340583,0.49080000000000001,-2430.079812686316,0,0,1.2150399063431581,0.60751995317157903,,
2023-04-24T00:00:00Z,MANAUSDT,risk_policy_action,before_rebalance,-3945.0293875589164,0.55910000000000004,-2205.6659305841904,0,0,1.1028329652920952,0.55141648264604759,membership_exit,team-05-ldm-none-v1
2023-04-24T00:00:00Z,OMGUSDT,risk_policy_action,before_rebalance,1819.7054799023795,1.1919999999999999,2169.0889320436363,0,0,1.0845444660218182,0.5422722330109091,membership_exit,team-05-ldm-none-v1
2023-04-27T00:00:00Z,1000SHIBUSDT,trade,rebalance,-239363.54344478453,0.010161999999999999,-2432.4123284859002,0,0,1.21620616424295,0.60810308212147501,,
2023-04-27T00:00:00Z,ADAUSDT,trade,rebalance,6064.3883203472224,0.40100000000000002,2431.8197164592361,0,0,1.2159098582296182,0.60795492911480908,,
2023-04-27T00:00:00Z,AGIXUSDT,trade,rebalance,-747.68770550500994,0.34179999999999999,-255.5596577416124,0,0,0.12777982887080622,0.063889914435403108,,
2023-04-27T00:00:00Z,APTUSDT,trade,rebalance,214.9677507968635,10.013999999999999,2152.687056479791,0,0,1.0763435282398954,0.53817176411994772,,
2023-04-27T00:00:00Z,AVAXUSDT,trade,rebalance,-128.05838025285615,17.167999999999999,-2198.5062721810345,0,0,1.0992531360905173,0.54962656804525867,,
2023-04-27T00:00:00Z,BNBUSDT,trade,rebalance,7.3620227859742755,330.38999999999999,2432.3387082580407,0,0,1.2161693541290204,0.60808467706451019,,
2023-04-27T00:00:00Z,BTCUSDT,trade,rebalance,0.085652451743611371,28396,2432.1870197115886,0,0,1.2160935098557943,0.60804675492789717,,
2023-04-27T00:00:00Z,CFXUSDT,trade,rebalance,-31.362434043000572,0.31979999999999997,-10.029706406951583,0,0,0.0050148532034757914,0.0025074266017378957,,
2023-04-27T00:00:00Z,DOGEUSDT,trade,rebalance,3297.6761499345048,0.078530000000000003,258.96650805435667,0,0,0.12948325402717833,0.064741627013589167,,
2023-04-27T00:00:00Z,ETHUSDT,trade,rebalance,1.3042059264047423,1865.03,2432.3831789226365,0,0,1.2161915894613182,0.60809579473065911,,
2023-04-27T00:00:00Z,GALAUSDT,trade,rebalance,-56145.359336452944,0.038399999999999997,-2155.9817985197928,0,0,1.0779908992598966,0.53899544962994828,,
2023-04-27T00:00:00Z,INJUSDT,trade,rebalance,-1.0426595973444819,8.3499999999999996,-8.7062076378264237,0,0,0.0043531038189132121,0.002176551909456606,,
2023-04-27T00:00:00Z,LINAUSDT,trade,rebalance,-205355.24390124867,0.01184,-2431.4060877907841,0,0,1.215703043895392,0.60785152194769598,,
2023-04-27T00:00:00Z,LINKUSDT,trade,rebalance,347.50303966269928,6.9989999999999997,2432.1737745992323,0,0,1.2160868872996162,0.60804344364980811,,
2023-04-27T00:00:00Z,MAGICUSDT,trade,rebalance,-270.5977061547926,1.1607000000000001,-314.08275753386778,0,0,0.15704137876693389,0.078520689383466943,,
2023-04-27T00:00:00Z,MASKUSDT,trade,rebalance,-35.653980603220759,4.7009999999999996,-167.60936281574078,0,0,0.083804681407870382,0.041902340703935191,,
2023-04-27T00:00:00Z,NEARUSDT,trade,rebalance,-1131.8415659860643,1.889,-2138.0487181476756,0,0,1.0690243590738377,0.53451217953691887,,
2023-04-27T00:00:00Z,SOLUSDT,trade,rebalance,7.1683619622130692,21.256,152.37070186880101,0,0,0.0761853509344005,0.03809267546720025,,
2023-04-27T00:00:00Z,STXUSDT,trade,rebalance,-129.10222243630324,0.73229999999999995,-94.54155749010485,0,0,0.047270778745052429,0.023635389372526214,,
2023-04-27T00:00:00Z,SXPUSDT,trade,rebalance,-4163.2966866650377,0.57699999999999996,-2402.2221882057265,0,0,1.2011110941028633,0.60055554705143166,,
2023-04-27T00:00:00Z,XRPUSDT,trade,rebalance,-322.78909319826198,0.4612,-148.87032978303841,0,0,0.074435164891519204,0.037217582445759602,,
2023-05-01T00:00:00Z,AGIXUSDT,risk_policy_action,before_rebalance,7118.5611018024583,0.32729999999999998,2329.9050486199444,0,0,1.1649525243099723,0.58247626215498616,membership_exit,team-05-ldm-none-v1
2023-05-01T00:00:00Z,MAGICUSDT,risk_policy_action,before_rebalance,2094.9283934435243,1.1559999999999999,2421.7372228207141,0,0,1.2108686114103571,0.60543430570517853,membership_exit,team-05-ldm-none-v1
2023-05-04T00:00:00Z,1000SHIBUSDT,trade,rebalance,-841.89331778837368,0.010116999999999999,-8.5174346960649761,0,0,0.0042587173480324878,0.0021293586740162439,,
2023-05-04T00:00:00Z,ADAUSDT,trade,rebalance,-6064.3883203472224,0.39400000000000002,-2389.3689982168057,0,0,1.1946844991084029,0.59734224955420145,,
2023-05-04T00:00:00Z,BNBUSDT,trade,rebalance,0.096646962364020261,325.75,31.482747990079599,0,0,0.0157413739950398,0.0078706869975199,,
2023-05-04T00:00:00Z,BTCUSDT,trade,rebalance,-0.085652451743611371,29018.400000000001,-2485.4971056768122,0,0,1.2427485528384061,0.62137427641920306,,
2023-05-04T00:00:00Z,CFXUSDT,trade,rebalance,143.06951586827199,0.32550000000000001,46.569127415122537,0,0,0.023284563707561268,0.011642281853780634,,
2023-05-04T00:00:00Z,CHZUSDT,trade,rebalance,18664.438565851768,0.13020000000000001,2430.1099012739005,0,0,1.2150549506369501,0.60752747531847506,,
2023-05-04T00:00:00Z,COCOSUSDT,trade,rebalance,1357.1118082560915,1.7889999999999999,2427.8730249701475,0,0,1.2139365124850738,0.60696825624253692,,
2023-05-04T00:00:00Z,CTSIUSDT,trade,rebalance,10618.384575211943,0.22869999999999999,2428.4245523509712,0,0,1.2142122761754857,0.60710613808774283,,
2023-05-04T00:00:00Z,DOGEUSDT,trade,rebalance,-30965.651756396881,0.079589999999999994,-2464.5562232916277,0,0,1.2322781116458139,0.61613905582290696,,
2023-05-04T00:00:00Z,ETCUSDT,trade,rebalance,-124.2575417309028,19.555,-2429.8562285478042,0,0,1.2149281142739021,0.60746405713695106,,
2023-05-04T00:00:00Z,ETHUSDT,trade,rebalance,-1.3042059264047423,1904.74,-2484.1731962601689,0,0,1.2420865981300846,0.6210432990650423,,
2023-05-04T00:00:00Z,INJUSDT,trade,rebalance,15.194667030199923,7.9320000000000004,120.5240988835458,0,0,0.060262049441772901,0.030131024720886451,,
2023-05-04T00:00:00Z,LDOUSDT,trade,rebalance,-1200.6816122093353,2.0234999999999999,-2429.57924230559,0,0,1.2147896211527951,0.60739481057639755,,
2023-05-04T00:00:00Z,LINAUSDT,trade,rebalance,398989.72112500342,0.012540000000000001,5003.331102907543,0,0,2.5016655514537711,1.2508327757268856,,
2023-05-04T00:00:00Z,LINKUSDT,trade,rebalance,-347.50303966269928,7.1269999999999998,-2476.6541636760576,0,0,1.2383270818380288,0.61916354091901438,,
2023-05-04T00:00:00Z,MASKUSDT,trade,rebalance,-8.2877892633418924,4.6239999999999997,-38.32273755369291,0,0,0.019161368776846457,0.0095806843884232284,,
2023-05-04T00:00:00Z,RNDRUSDT,trade,rebalance,1066.2086103755523,2.2770000000000001,2427.7570058251326,0,0,1.2138785029125663,0.60693925145628314,,
2023-05-04T00:00:00Z,SOLUSDT,trade,rebalance,-5.1010019074094686,22.227,-113.37996939599026,0,0,0.056689984697995126,0.028344992348997563,,
2023-05-04T00:00:00Z,STXUSDT,trade,rebalance,296.79641272590652,0.80430000000000001,238.71335475544663,0,0,0.11935667737772333,0.059678338688861667,,
2023-05-04T00:00:00Z,SXPUSDT,trade,rebalance,-4386.818982264419,0.55379999999999996,-2429.4203523780352,0,0,1.2147101761890176,0.60735508809450878,,
2023-05-04T00:00:00Z,XRPUSDT,trade,rebalance,27.927333530031319,0.46300000000000002,12.930355424404501,0,0,0.0064651777122022511,0.0032325888561011255,,
2023-05-08T00:00:00Z,CHZUSDT,risk_policy_action,before_rebalance,-18664.438565851768,0.12501999999999999,-2333.4281095027877,0,0,1.1667140547513939,0.58335702737569695,membership_exit,team-05-ldm-none-v1
2023-05-11T00:00:00Z,1000SHIBUSDT,trade,rebalance,-29231.469679747359,0.0089929999999999993,-262.87860682996796,0,0,0.131439303414984,0.065719651707491999,,
2023-05-11T00:00:00Z,APEUSDT,trade,rebalance,-726.02082835895112,3.3359999999999999,-2422.0054834054608,0,0,1.2110027417027305,0.60550137085136524,,
2023-05-11T00:00:00Z,BNBUSDT,trade,rebalance,-7.4586697483382958,314.16000000000003,-2343.2156881379592,0,0,1.1716078440689797,0.58580392203448983,,
2023-05-11T00:00:00Z,CFXUSDT,trade,rebalance,-1465.3856581373702,0.27150000000000002,-397.85220618429605,0,0,0.198926103092148,0.099463051546074002,,
2023-05-11T00:00:00Z,COCOSUSDT,trade,rebalance,-1357.1118082560915,1.4279999999999999,-1937.9556621896986,0,0,0.96897783109484936,0.48448891554742468,,
2023-05-11T00:00:00Z,CRVUSDT,trade,rebalance,2887.6956647548795,0.83799999999999997,2419.888967064589,0,0,1.2099444835322946,0.60497224176614728,,
2023-05-11T00:00:00Z,CTSIUSDT,trade,rebalance,2983.3671569079033,0.17810000000000001,531.33769064529758,0,0,0.26566884532264878,0.13283442266132439,,
2023-05-11T00:00:00Z,DOGEUSDT,trade,rebalance,-33147.269157916686,0.073090000000000002,-2422.7339027521307,0,0,1.2113669513760652,0.6056834756880326,,
2023-05-11T00:00:00Z,ETCUSDT,trade,rebalance,124.2575417309028,18.805,2336.663072249627,0,0,1.1683315361248134,0.58416576806240672,,
2023-05-11T00:00:00Z,FILUSDT,trade,rebalance,-527.20949052579317,4.5949999999999998,-2422.5276089660197,0,0,1.21126380448301,0.60563190224150498,,
2023-05-11T00:00:00Z,INJUSDT,trade,rebalance,-306.40600946796076,6.6440000000000001,-2035.7615269051314,0,0,1.0178807634525657,0.50894038172628286,,
2023-05-11T00:00:00Z,LDOUSDT,trade,rebalance,1200.6816122093353,1.8724000000000001,2248.1562507007593,0,0,1.1240781253503795,0.56203906267518977,,
2023-05-11T00:00:00Z,LINAUSDT,trade,rebalance,39852.407827018062,0.01038,413.66799324444747,0,0,0.20683399662222374,0.10341699831111187,,
2023-05-11T00:00:00Z,LINKUSDT,trade,rebalance,-367.97944452146783,6.5839999999999996,-2422.776662729344,0,0,1.2113883313646721,0.60569416568233603,,
2023-05-11T00:00:00Z,MASKUSDT,trade,rebalance,-81.449783600915453,3.9910000000000001,-325.0660863512536,0,0,0.16253304317562678,0.08126652158781339,,
2023-05-11T00:00:00Z,RNDRUSDT,trade,rebalance,257.43078810406155,1.8302,471.14982838805344,0,0,0.23557491419402674,0.11778745709701337,,
2023-05-11T00:00:00Z,SOLUSDT,trade,rebalance,6.564121559740058,20.908999999999999,137.24921769260487,0,0,0.068624608846302435,0.034312304423151217,,
2023-05-11T00:00:00Z,STXUSDT,trade,rebalance,6680.0219298598231,0.66290000000000004,4428.1865373040773,0,0,2.2140932686520389,1.1070466343260195,,
2023-05-11T00:00:00Z,SXPUSDT,trade,rebalance,-1092.2597220158414,0.442,-482.77879713100191,0,0,0.24138939856550096,0.12069469928275048,,
2023-05-11T00:00:00Z,TOMOUSDT,trade,rebalance,2328.7305756949295,1.0407,2423.5099101257128,0,0,1.2117549550628564,0.60587747753142818,,
2023-05-11T00:00:00Z,WOOUSDT,trade,rebalance,10117.245010771054,0.23946999999999999,2422.776662729344,0,0,1.2113883313646721,0.60569416568233603,,
2023-05-11T00:00:00Z,XRPUSDT,trade,rebalance,5246.124621702289,0.42980000000000002,2254.784362407644,0,0,1.1273921812038221,0.56369609060191106,,
2023-05-18T00:00:00Z,1000SHIBUSDT,trade,rebalance,269436.90644232027,0.008763,2361.0756111540527,0,0,1.1805378055770264,0.59026890278851318,,
2023-05-18T00:00:00Z,APEUSDT,trade,rebalance,1439.4205582249397,3.4169999999999998,4918.5000474546187,0,0,2.4592500237273094,1.2296250118636547,,
2023-05-18T00:00:00Z,ARBUSDT,trade,rebalance,-2035.1368149541518,1.1978,-2437.6868769520829,0,0,1.2188434384760414,0.60942171923802069,,
2023-05-18T00:00:00Z,ATOMUSDT,trade,rebalance,223.04756857462553,10.93,2437.9099245206571,0,0,1.2189549622603284,0.6094774811301642,,
2023-05-18T00:00:00Z,BTCUSDT,trade,rebalance,0.088980638456111094,27395.700000000001,2437.6868769520829,0,0,1.2188434384760414,0.60942171923802069,,
2023-05-18T00:00:00Z,CFXUSDT,trade,rebalance,8928.8674514745926,0.30080000000000001,2685.8033294035577,0,0,1.3429016647017789,0.67145083235088943,,
2023-05-18T00:00:00Z,CRVUSDT,trade,rebalance,-2887.6956647548795,0.83199999999999996,-2402.5627930760597,0,0,1.20128139653803,0.60064069826901501,,
2023-05-18T00:00:00Z,CTSIUSDT,trade,rebalance,-25293.295506470364,0.20830000000000001,-5268.593453997777,0,0,2.6342967269988882,1.3171483634994441,,
2023-05-18T00:00:00Z,DOGEUSDT,trade,rebalance,557.87240722039132,0.074800000000000005,41.72885606008527,0,0,0.020864428030042636,0.010432214015021318,,
2023-05-18T00:00:00Z,FILUSDT,trade,rebalance,527.20949052579317,4.5419999999999998,2394.5855059681526,0,0,1.1972927529840762,0.59864637649203811,,
2023-05-18T00:00:00Z,GALAUSDT,trade,rebalance,74946.484686020078,0.032550000000000003,2439.5080765299535,0,0,1.2197540382649767,0.60987701913248837,,
2023-05-18T00:00:00Z,IDUSDT,trade,rebalance,-5043.1053186998897,0.48320000000000002,-2436.8284899957866,0,0,1.2184142449978934,0.60920712249894671,,
2023-05-18T00:00:00Z,INJUSDT,trade,rebalance,-369.23460723297222,6.6029999999999998,-2438.0561115593155,0,0,1.2190280557796578,0.60951402788982889,,
2023-05-18T00:00:00Z,LDOUSDT,trade,rebalance,1033.3206465918827,2.3591000000000002,2437.7067373749105,0,0,1.2188533686874552,0.6094266843437276,,
2023-05-18T00:00:00Z,LINAUSDT,trade,rebalance,-233486.88505077281,0.0106,-2474.9609815381918,0,0,1.2374804907690959,0.61874024538454797,,
2023-05-18T00:00:00Z,LINKUSDT,trade,rebalance,367.97944452146777,6.7539999999999996,2485.3331682979933,0,0,1.2426665841489966,0.62133329207449828,,
2023-05-18T00:00:00Z,LTCUSDT,trade,rebalance,25.979823904423778,93.819999999999993,2437.4270787130386,0,0,1.2187135393565194,0.60935676967825969,,
2023-05-18T00:00:00Z,MASKUSDT,trade,rebalance,20.444997357683519,4.157,84.989854015890387,0,0,0.042494927007945195,0.021247463503972597,,
2023-05-18T00:00:00Z,RNDRUSDT,trade,rebalance,-264.42003247173147,2.3014999999999999,-608.56270473369,0,0,0.304281352366845,0.1521406761834225,,
2023-05-18T00:00:00Z,SOLUSDT,trade,rebalance,-115.86688965707049,21.047999999999998,-2438.7662935020194,0,0,1.2193831467510097,0.60969157337550484,,
2023-05-18T00:00:00Z,STXUSDT,trade,rebalance,-3654.8146971328156,0.66139999999999999,-2417.2944406836441,0,0,1.2086472203418219,0.60432361017091096,,
2023-05-18T00:00:00Z,SXPUSDT,trade,rebalance,-80.067598889399946,0.43859999999999999,-35.117648872890818,0,0,0.017558824436445408,0.0087794122182227041,,
2023-05-18T00:00:00Z,TOMOUSDT,trade,rebalance,6.3841006847910649,1.0430999999999999,6.6592554243055595,0,0,0.0033296277121527794,0.0016648138560763897,,
2023-05-18T00:00:00Z,WOOUSDT,trade,rebalance,-20273.850472843813,0.24002000000000001,-4866.1295904919725,0,0,2.4330647952459863,1.2165323976229931,,
2023-05-22T00:00:00Z,SXPUSDT,risk_policy_action,before_rebalance,5559.1463031696603,0.42549999999999999,2365.4167519986904,0,0,1.1827083759993453,0.59135418799967265,membership_exit,team-05-ldm-none-v1
2023-05-25T00:00:00Z,APEUSDT,trade,rebalance,27.216605425755461,3.3300000000000001,90.631296067765689,0,0,0.045315648033882841,0.022657824016941421,,
2023-05-25T00:00:00Z,APTUSDT,trade,rebalance,-305.57282773662376,8.0739999999999998,-2467.1950111455003,0,0,1.2335975055727502,0.61679875278637508,,
2023-05-25T00:00:00Z,ARBUSDT,trade,rebalance,-190.12747482903387,1.1086,-210.77531859546696,0,0,0.10538765929773349,0.052693829648866743,,
2023-05-25T00:00:00Z,ATOMUSDT,trade,rebalance,-223.04756857462553,10.406000000000001,-2321.0329985875533,0,0,1.1605164992937766,0.58025824964688832,,
2023-05-25T00:00:00Z,BNBUSDT,trade,rebalance,-8.0653645745943567,305.89999999999998,-2467.1950233684133,0,0,1.2335975116842066,0.61679875584210331,,
2023-05-25T00:00:00Z,BTCUSDT,trade,rebalance,-0.088980638456111094,26313.900000000001,-2341.427622270262,0,0,1.170713811135131,0.58535690556756548,,
2023-05-25T00:00:00Z,CRVUSDT,trade,rebalance,2977.8511055130543,0.82899999999999996,2468.6385664703221,0,0,1.234319283235161,0.61715964161758052,,
2023-05-25T00:00:00Z,CTSIUSDT,trade,rebalance,11691.543774350517,0.1716,2006.2689116785489,0,0,1.0031344558392745,0.50156722791963726,,
2023-05-25T00:00:00Z,DOGEUSDT,trade,rebalance,-2361.6589706298619,0.07059,-166.70950673676194,0,0,0.083354753368380968,0.041677376684190484,,
2023-05-25T00:00:00Z,FILUSDT,trade,rebalance,-553.4309159642022,4.4589999999999996,-2467.7484542843772,0,0,1.2338742271421888,0.61693711357109438,,
2023-05-25T00:00:00Z,GALAUSDT,trade,rebalance,-74946.484686020078,0.029739999999999999,-2228.9084545622372,0,0,1.1144542272811186,0.55722711364055932,,
2023-05-25T00:00:00Z,IDUSDT,trade,rebalance,-365.39826242068835,0.45610000000000001,-166.65814749007595,0,0,0.083329073745037979,0.04166453687251899,,
2023-05-25T00:00:00Z,INJUSDT,trade,rebalance,369.23460723297228,6.3680000000000003,2351.2859788595674,0,0,1.1756429894297837,0.58782149471489187,,
2023-05-25T00:00:00Z,LDOUSDT,trade,rebalance,169.76130496293126,2.0503,348.06160356549799,0,0,0.17403080178274899,0.087015400891374495,,
2023-05-25T00:00:00Z,LTCUSDT,trade,rebalance,2.7820672516547162,85.780000000000001,238.64572884694155,0,0,0.11932286442347076,0.05966143221173538,,
2023-05-25T00:00:00Z,MASKUSDT,trade,rebalance,1216.6363523614159,3.9159999999999999,4764.3479558473045,0,0,2.3821739779236522,1.1910869889618261,,
2023-05-25T00:00:00Z,RNDRUSDT,trade,rebalance,-122.44030105423803,2.6337000000000002,-322.47102088654674,0,0,0.16123551044327336,0.080617755221636681,,
2023-05-25T00:00:00Z,STXUSDT,trade,rebalance,-4176.778482397207,0.59050000000000002,-2466.3876938555509,0,0,1.2331938469277754,0.61659692346388772,,
2023-05-25T00:00:00Z,TOMOUSDT,trade,rebalance,-375.93495481344303,1.2593000000000001,-473.41488859656886,0,0,0.23670744429828441,0.11835372214914221,,
2023-05-25T00:00:00Z,WOOUSDT,trade,rebalance,-1735.9612511501475,0.20745,-360.12516155109807,0,0,0.18006258077554904,0.090031290387774521,,
2023-05-25T00:00:00Z,XRPUSDT,trade,rebalance,5448.7522600892526,0.45279999999999998,2467.1950233684133,0,0,1.2335975116842066,0.61679875584210331,,
2023-05-29T00:00:00Z,WOOUSDT,risk_policy_action,before_rebalance,11892.566713222906,0.22517999999999999,2677.9681724835341,0,0,1.338984086241767,0.66949204312088351,membership_exit,team-05-ldm-none-v1
2023-06-01T00:00:00Z,APEUSDT,trade,rebalance,-740.61633529174401,3.145,-2329.2383744925351,0,0,1.1646191872462677,0.58230959362313384,,
2023-06-01T00:00:00Z,APTUSDT,trade,rebalance,9.3381025489235867,8.3460000000000001,77.93580387331626,0,0,0.038967901936658132,0.019483950968329066,,
2023-06-01T00:00:00Z,ARBUSDT,trade,rebalance,93.606463398708911,1.1599999999999999,108.58349754250233,0,0,0.054291748771251161,0.02714587438562558,,
2023-06-01T00:00:00Z,ARPAUSDT,trade,rebalance,36023.897229855065,0.068659999999999999,2473.4007838018488,0,0,1.2367003919009243,0.61835019595046214,,
2023-06-01T00:00:00Z,BNBUSDT,trade,rebalance,8.0653645745943567,306.88999999999999,2475.1797342972618,0,0,1.237589867148631,0.61879493357431548,,
2023-06-01T00:00:00Z,CRVUSDT,trade,rebalance,-2977.8511055130543,0.81799999999999995,-2435.8822043096784,0,0,1.2179411021548392,0.6089705510774196,,
2023-06-01T00:00:00Z,CTSIUSDT,trade,rebalance,-13533.076061731128,0.18279999999999999,-2473.8463040844499,0,0,1.236923152042225,0.61846157602111251,,
2023-06-01T00:00:00Z,DOGEUSDT,trade,rebalance,423.61663707319531,0.071599999999999997,30.330951214440784,0,0,0.015165475607220393,0.0075827378036101966,,
2023-06-01T00:00:00Z,FILUSDT,trade,rebalance,553.4309159642022,4.6890000000000001,2595.0375649561443,0,0,1.2975187824780721,0.64875939123903603,,
2023-06-01T00:00:00Z,FTMUSDT,trade,rebalance,7919.634570222147,0.31230000000000002,2473.3018762803767,0,0,1.2366509381401884,0.61832546907009422,,
2023-06-01T00:00:00Z,IDUSDT,trade,rebalance,56.750523061369677,0.46200000000000002,26.21874165435279,0,0,0.013109370827176394,0.0065546854135881969,,
2023-06-01T00:00:00Z,JASMYUSDT,trade,rebalance,-541943.73733059072,0.0045620000000000001,-2472.3473297021551,0,0,1.2361736648510775,0.61808683242553875,,
2023-06-01T00:00:00Z,KAVAUSDT,trade,rebalance,2390.9775774328923,1.0343,2472.9881083388404,0,0,1.2364940541694203,0.61824702708471013,,
2023-06-01T00:00:00Z,LDOUSDT,trade,rebalance,-20.455729731235124,2.0910000000000002,-42.772930868012651,0,0,0.021386465434006324,0.010693232717003162,,
2023-06-01T00:00:00Z,LINAUSDT,trade,rebalance,107376.06150195398,0.023019999999999999,2471.7969357749807,0,0,1.2358984678874905,0.61794923394374524,,
2023-06-01T00:00:00Z,LTCUSDT,trade,rebalance,-1.4080919213915379,90.379999999999995,-127.26334785536719,0,0,0.063631673927683596,0.031815836963841798,,
2023-06-01T00:00:00Z,MASKUSDT,trade,rebalance,-66.173064156536839,4.3840000000000003,-290.10271326225751,0,0,0.14505135663112875,0.072525678315564376,,
2023-06-01T00:00:00Z,RLCUSDT,trade,rebalance,-1629.6532512676997,1.5170999999999999,-2472.3469474982271,0,0,1.2361734737491135,0.61808673687455673,,
2023-06-01T00:00:00Z,RNDRUSDT,trade,rebalance,-936.77906495364425,2.5206,-2361.2453111221557,0,0,1.1806226555610777,0.59031132778053885,,
2023-06-01T00:00:00Z,STXUSDT,trade,rebalance,53.867172036436386,0.5998,32.309529787454544,0,0,0.016154764893727271,0.0080773824468636356,,
2023-06-01T00:00:00Z,TOMOUSDT,trade,rebalance,-1959.1797215662775,1.4289000000000001,-2799.4719041460539,0,0,1.399735952073027,0.69986797603651352,,
2023-06-01T00:00:00Z,XRPUSDT,trade,rebalance,-662.63163906069167,0.51659999999999995,-342.3155047387533,0,0,0.17115775236937666,0.085578876184688332,,
2023-06-05T00:00:00Z,CTSIUSDT,risk_policy_action,before_rebalance,13533.076061731128,0.18340000000000001,2481.9661497214888,0,0,1.2409830748607444,0.62049153743037222,membership_exit,team-05-ldm-none-v1
2023-06-05T00:00:00Z,JASMYUSDT,risk_policy_action,before_rebalance,541943.73733059072,0.0046959999999999997,2544.9677905044537,0,0,1.2724838952522268,0.63624194762611341,membership_exit,team-05-ldm-none-v1
2023-06-05T00:00:00Z,RLCUSDT,risk_policy_action,before_rebalance,1629.6532512676997,1.5268999999999999,2488.3175493606504,0,0,1.2441587746803253,0.62207938734016266,membership_exit,team-05-ldm-none-v1
2023-06-05T00:00:00Z,STXUSDT,risk_policy_action,before_rebalance,4122.9113103607706,0.61380000000000001,2530.642962299441,0,0,1.2653214811497204,0.63266074057486021,membership_exit,team-05-ldm-none-v1
2023-06-08T00:00:00Z,1000SHIBUSDT,trade,rebalance,-311133.15015765344,0.0078709999999999995,-2448.9290248908901,0,0,1.2244645124454452,0.61223225622272259,,
2023-06-08T00:00:00Z,APEUSDT,trade,rebalance,846.20202781695343,2.8940000000000001,2448.9086685022635,0,0,1.2244543342511316,0.6122271671255658,,
2023-06-08T00:00:00Z,APTUSDT,trade,rebalance,296.23472518770018,7.6970000000000001,2280.1186797697283,0,0,1.1400593398848642,0.57002966994243209,,
2023-06-08T00:00:00Z,ARBUSDT,trade,rebalance,-45.297653897811415,1.1252,-50.968920165817401,0,0,0.025484460082908701,0.012742230041454351,,
2023-06-08T00:00:00Z,ARPAUSDT,trade,rebalance,13180.63254834094,0.049790000000000001,656.26369458189538,0,0,0.32813184729094769,0.16406592364547384,,
2023-06-08T00:00:00Z,BNBUSDT,trade,rebalance,-9.449814344167585,259.20999999999998,-2449.4863761516795,0,0,1.2247431880758397,0.61237159403791985,,
2023-06-08T00:00:00Z,CFXUSDT,trade,rebalance,-10605.599730114194,0.23100000000000001,-2449.8935376563791,0,0,1.2249467688281894,0.61247338441409471,,
2023-06-08T00:00:00Z,DOGEUSDT,trade,rebalance,34527.439084252961,0.067229999999999998,2321.2797296343265,0,0,1.1606398648171632,0.5803199324085816,,
2023-06-08T00:00:00Z,FILUSDT,trade,rebalance,592.55197084538383,4.1340000000000003,2449.6098474748169,0,0,1.2248049237374086,0.61240246186870428,,
2023-06-08T00:00:00Z,FTMUSDT,trade,rebalance,-7919.634570222147,0.29189999999999999,-2311.7413310478446,0,0,1.1558706655239221,0.57793533276196107,,
2023-06-08T00:00:00Z,IDUSDT,trade,rebalance,-1773.257863039933,0.34370000000000001,-609.46872752682498,0,0,0.30473436376341251,0.15236718188170625,,
2023-06-08T00:00:00Z,KAVAUSDT,trade,rebalance,-2390.9775774328923,0.9929,-2374.0016366331188,0,0,1.1870008183165592,0.59350040915827962,,
2023-06-08T00:00:00Z,LDOUSDT,trade,rebalance,-1182.6262218235788,2.2730999999999999,-2688.2276648271768,0,0,1.3441138324135884,0.6720569162067942,,
2023-06-08T00:00:00Z,LINAUSDT,trade,rebalance,84923.274263852858,0.01274,1081.9225141214854,0,0,0.54096125706074272,0.27048062853037136,,
2023-06-08T00:00:00Z,LINKUSDT,trade,rebalance,-414.25321908291835,5.9130000000000003,-2449.4792844372964,0,0,1.2247396422186483,0.61236982110932414,,
2023-06-08T00:00:00Z,LTCUSDT,trade,rebalance,0.23606703010100816,88.790000000000006,20.960391602668516,0,0,0.010480195801334259,0.0052400979006671294,,
2023-06-08T00:00:00Z,MASKUSDT,trade,rebalance,-563.85630851159738,4.0810000000000004,-2301.0975950358293,0,0,1.1505487975179147,0.57527439875895736,,
2023-06-08T00:00:00Z,MATICUSDT,trade,rebalance,-3203.3126799900351,0.76490000000000002,-2450.2138689243779,0,0,1.225106934462189,0.6125534672310945,,
2023-06-08T00:00:00Z,OPUSDT,trade,rebalance,1785.5065502925288,1.3721000000000001,2449.8935376563791,0,0,1.2249467688281894,0.61247338441409471,,
2023-06-08T00:00:00Z,SANDUSDT,trade,rebalance,4987.9923375740964,0.49109999999999998,2449.6030369826385,0,0,1.2248015184913192,0.61240075924565962,,
2023-06-08T00:00:00Z,TOMOUSDT,trade,rebalance,-1905.3457284619528,1.2858000000000001,-2449.8935376563791,0,0,1.2249467688281894,0.61247338441409471,,
2023-06-08T00:00:00Z,XRPUSDT,trade,rebalance,-56.565282341140119,0.51800000000000002,-29.300816252710582,0,0,0.014650408126355291,0.0073252040631776455,,
2023-06-15T00:00:00Z,1000SHIBUSDT,trade,rebalance,311133.15015765344,0.0065550000000000001,2039.4777992834183,0,0,1.0197388996417092,0.50986944982085458,,
2023-06-15T00:00:00Z,ADAUSDT,trade,rebalance,9289.8446578021358,0.2631,2444.1581294677421,0,0,1.2220790647338711,0.61103953236693553,,
2023-06-15T00:00:00Z,AGIXUSDT,trade,rebalance,-12631.790806055305,0.19339999999999999,-2442.9883418910958,0,0,1.221494170945548,0.61074708547277401,,
2023-06-15T00:00:00Z,APEUSDT,trade,rebalance,-846.20202781695343,2.0609999999999999,-1744.0223793307409,0,0,0.8720111896653705,0.43600559483268525,,
2023-06-15T00:00:00Z,ARBUSDT,trade,rebalance,2176.9554802822881,0.94120000000000004,2048.9504980416896,0,0,1.0244752490208449,0.51223762451042243,,
2023-06-15T00:00:00Z,ARPAUSDT,trade,rebalance,-101877.66881166266,0.04641,-4728.1426095492643,0,0,2.3640713047746322,1.1820356523873161,,
2023-06-15T00:00:00Z,BNBUSDT,trade,rebalance,19.732794888929643,237.78,4692.0639686896902,0,0,2.3460319843448452,1.1730159921724226,,
2023-06-15T00:00:00Z,CFXUSDT,trade,rebalance,-3295.4930213440462,0.1759,-579.67722245441769,0,0,0.28983861122720883,0.14491930561360442,,
2023-06-15T00:00:00Z,EDUUSDT,trade,rebalance,-3339.6091809421869,0.73219999999999996,-2445.2618422858691,0,0,1.2226309211429345,0.61131546057146724,,
2023-06-15T00:00:00Z,EOSUSDT,trade,rebalance,3838.4413091578058,0.63600000000000001,2441.2486726243646,0,0,1.2206243363121823,0.61031216815609113,,
2023-06-15T00:00:00Z,FILUSDT,trade,rebalance,-592.55197084538383,3.5609999999999999,-2110.0775681804116,0,0,1.0550387840902058,0.5275193920451029,,
2023-06-15T00:00:00Z,FTMUSDT,trade,rebalance,-9611.7990238279308,0.25430000000000003,-2444.2804917594431,0,0,1.2221402458797217,0.61107012293986085,,
2023-06-15T00:00:00Z,IDUSDT,trade,rebalance,-1702.0183710796391,0.27689999999999998,-471.28888695195201,0,0,0.23564444347597602,0.11782222173798801,,
2023-06-15T00:00:00Z,INJUSDT,trade,rebalance,-414.00119038008518,5.9029999999999996,-2443.8490268136425,0,0,1.2219245134068213,0.61096225670341064,,
2023-06-15T00:00:00Z,KAVAUSDT,trade,rebalance,-3190.7700821264807,0.76629999999999998,-2445.0871139335222,0,0,1.2225435569667611,0.61127177848338055,,
2023-06-15T00:00:00Z,LINAUSDT,trade,rebalance,-28199.5294615436,0.0149,-420.17298897699965,0,0,0.21008649448849984,0.10504324724424992,,
2023-06-15T00:00:00Z,LINKUSDT,trade,rebalance,414.25321908291835,5.2460000000000004,2173.17238730899,0,0,1.0865861936544949,0.54329309682724747,,
2023-06-15T00:00:00Z,LTCUSDT,trade,rebalance,-27.589866264787965,73.090000000000003,-2016.5433252933524,0,0,1.0082716626466761,0.50413583132333806,,
2023-06-15T00:00:00Z,MATICUSDT,trade,rebalance,7154.213688325076,0.61880000000000002,4427.0274303355573,0,0,2.2135137151677786,1.1067568575838893,,
2023-06-15T00:00:00Z,OPUSDT,trade,rebalance,-1785.5065502925288,1.0839000000000001,-1935.3105498620721,0,0,0.96765527493103598,0.48382763746551799,,
2023-06-15T00:00:00Z,SANDUSDT,trade,rebalance,1624.6390582583645,0.36959999999999998,600.46659593229151,0,0,0.30023329796614573,0.15011664898307286,,
2023-06-15T00:00:00Z,TOMOUSDT,trade,rebalance,3470.7023955128634,1.5620000000000001,5421.2371417910927,0,0,2.7106185708955461,1.3553092854477731,,
2023-06-15T00:00:00Z,XRPUSDT,trade,rebalance,367.56184691508497,0.47960000000000003,176.28266178047477,0,0,0.088141330890237388,0.044070665445118694,,
2023-06-19T00:00:00Z,KAVAUSDT,risk_policy_action,before_rebalance,3190.7700821264807,0.78900000000000003,2517.5175947977932,0,0,1.2587587973988965,0.62937939869944826,membership_exit,team-05-ldm-none-v1
2023-06-22T00:00:00Z,1000SHIBUSDT,trade,rebalance,314781.35659703275,0.0075370000000000003,2372.5070846718359,0,0,1.186253542335918,0.59312677116795898,,
2023-06-22T00:00:00Z,ADAUSDT,trade,rebalance,-9289.8446578021358,0.28589999999999999,-2655.9665876656304,0,0,1.3279832938328153,0.66399164691640766,,
2023-06-22T00:00:00Z,AGIXUSDT,trade,rebalance,12631.790806055305,0.23499999999999999,2968.4708394229965,0,0,1.4842354197114982,0.7421177098557491,,
2023-06-22T00:00:00Z,APEUSDT,trade,rebalance,1067.0055934674244,2.2229999999999999,2371.9534342780844,0,0,1.1859767171390423,0.59298835856952115,,
2023-06-22T00:00:00Z,ARPAUSDT,trade,rebalance,8161.8578733410759,0.053260000000000002,434.7005503341457,0,0,0.21735027516707286,0.10867513758353643,,
2023-06-22T00:00:00Z,ATOMUSDT,trade,rebalance,-262.69945989807269,9.0299999999999994,-2372.1761228795963,0,0,1.1860880614397982,0.59304403071989908,,
2023-06-22T00:00:00Z,BNBUSDT,trade,rebalance,-10.282980544762058,248.94,-2559.8451768130667,0,0,1.2799225884065335,0.63996129420326675,,
2023-06-22T00:00:00Z,BTCUSDT,trade,rebalance,0.079142816481551054,29988.5,2373.3743520569938,0,0,1.1866871760284969,0.59334358801424847,,
2023-06-22T00:00:00Z,CFXUSDT,trade,rebalance,13901.09275145824,0.24440000000000001,3397.427068456394,0,0,1.6987135342281969,0.84935676711409847,,
2023-06-22T00:00:00Z,EDUUSDT,trade,rebalance,542.78920836335237,0.84840000000000004,460.50236437546818,0,0,0.2302511821877341,0.11512559109386705,,
2023-06-22T00:00:00Z,EOSUSDT,trade,rebalance,-3838.4413091578062,0.68100000000000005,-2613.9785315364661,0,0,1.3069892657682332,0.65349463288411658,,
2023-06-22T00:00:00Z,FTMUSDT,trade,rebalance,1691.634642968871,0.29959999999999998,506.81373903347372,0,0,0.25340686951673685,0.12670343475836843,,
2023-06-22T00:00:00Z,IDUSDT,trade,rebalance,8827.0292921787805,0.33000000000000002,2912.9196664189976,0,0,1.4564598332094989,0.72822991660474945,,
2023-06-22T00:00:00Z,INJUSDT,trade,rebalance,414.00119038008518,7.141,2956.3825005041881,0,0,1.478191250252094,0.73909562512604698,,
2023-06-22T00:00:00Z,LDOUSDT,trade,rebalance,-1213.5021131235701,1.9549000000000001,-2372.2752809452672,0,0,1.1861376404726336,0.5930688202363168,,
2023-06-22T00:00:00Z,LINAUSDT,trade,rebalance,-1956.4810432312079,0.014619999999999999,-28.603752852040259,0,0,0.014301876426020129,0.0071509382130100644,,
2023-06-22T00:00:00Z,LINKUSDT,trade,rebalance,427.34568921613317,5.5510000000000002,2372.1959208387552,0,0,1.1860979604193778,0.59304898020968888,,
2023-06-22T00:00:00Z,LTCUSDT,trade,rebalance,-27.9180490653651,84.989999999999995,-2372.7549900653798,0,0,1.18637749503269,0.59318874751634498,,
2023-06-22T00:00:00Z,MASKUSDT,trade,rebalance,-599.39195878767327,3.956,-2371.1945889640356,0,0,1.1855972944820179,0.59279864724100895,,
2023-06-22T00:00:00Z,MATICUSDT,trade,rebalance,-3950.9010083350413,0.66790000000000005,-2638.8067834669741,0,0,1.3194033917334871,0.65970169586674354,,
2023-06-22T00:00:00Z,MTLUSDT,trade,rebalance,1878.0152260139455,1.2630999999999999,2372.1210319782144,0,0,1.1860605159891073,0.59303025799455367,,
2023-06-22T00:00:00Z,SANDUSDT,trade,rebalance,-12242.607940685799,0.42120000000000002,-5156.5864646168584,0,0,2.5782932323084293,1.2891466161542147,,
2023-06-22T00:00:00Z,SUIUSDT,trade,rebalance,2856.3803559698472,0.83099999999999996,2373.6520758109427,0,0,1.1868260379054714,0.59341301895273568,,
2023-06-22T00:00:00Z,TOMOUSDT,trade,rebalance,420.39406705124406,1.1951000000000001,502.41294953294181,0,0,0.2512064747664709,0.12560323738323545,,
2023-06-22T00:00:00Z,XRPUSDT,trade,rebalance,-5097.1171856025057,0.49990000000000001,-2548.0488810826928,0,0,1.2740244405413466,0.63701222027067328,,
2023-06-29T00:00:00Z,1000PEPEUSDT,trade,rebalance,1688022.6745322447,0.0014207,2398.1738137079601,0,0,1.19908690685398,0.59954345342699,,
2023-06-29T00:00:00Z,1000SHIBUSDT,trade,rebalance,-314781.35659703281,0.0072240000000000004,-2273.9805200569649,0,0,1.1369902600284825,0.56849513001424123,,
2023-06-29T00:00:00Z,APEUSDT,trade,rebalance,24.792413137181484,2.198,54.493724075524902,0,0,0.027246862037762453,0.013623431018881227,,
2023-06-29T00:00:00Z,ARPAUSDT,trade,rebalance,395.69910146261827,0.054350000000000002,21.506246164493305,0,0,0.010753123082246652,0.005376561541123326,,
2023-06-29T00:00:00Z,ATOMUSDT,trade,rebalance,-0.40026813859719823,9.1159999999999997,-3.648844351452059,0,0,0.0018244221757260295,0.00091221108786301473,,
2023-06-29T00:00:00Z,BTCUSDT,trade,rebalance,-0.079142816481551054,30066.299999999999,-2379.5316631792584,0,0,1.1897658315896293,0.59488291579481467,,
2023-06-29T00:00:00Z,CFXUSDT,trade,rebalance,11886.423292915359,0.20180000000000001,2398.6802205103195,0,0,1.1993401102551597,0.59967005512757987,,
2023-06-29T00:00:00Z,DYDXUSDT,trade,rebalance,-1287.536350247085,1.863,-2398.6802205103195,0,0,1.1993401102551597,0.59967005512757987,,
2023-06-29T00:00:00Z,EDUUSDT,trade,rebalance,-835.25095044860882,0.66059999999999997,-551.76677786635094,0,0,0.27588338893317543,0.13794169446658772,,
2023-06-29T00:00:00Z,EOSUSDT,trade,rebalance,3607.0379255794278,0.66500000000000004,2398.6802205103195,0,0,1.1993401102551597,0.59967005512757987,,
2023-06-29T00:00:00Z,ETCUSDT,trade,rebalance,137.27924343331537,17.472999999999999,2398.6802205103195,0,0,1.1993401102551597,0.59967005512757987,,
2023-06-29T00:00:00Z,FTMUSDT,trade,rebalance,7920.1643808590588,0.29570000000000002,2341.9926074200239,0,0,1.170996303710012,0.58549815185500598,,
2023-06-29T00:00:00Z,LDOUSDT,trade,rebalance,-80.005339696921283,1.8543000000000001,-148.35390140000115,0,0,0.074176950700000577,0.037088475350000288,,
2023-06-29T00:00:00Z,LINAUSDT,trade,rebalance,-162143.32526103203,0.01426,-2312.1638182223169,0,0,1.1560819091111585,0.57804095455557924,,
2023-06-29T00:00:00Z,LINKUSDT,trade,rebalance,-427.34568921613317,5.8099999999999996,-2482.8784543457336,0,0,1.2414392271728667,0.62071961358643335,,
2023-06-29T00:00:00Z,LTCUSDT,trade,rebalance,27.9180490653651,82.969999999999999,2316.3605309533423,0,0,1.1581802654766711,0.57909013273833554,,
2023-06-29T00:00:00Z,MASKUSDT,trade,rebalance,-122.4498168699613,3.323,-406.90074145888138,0,0,0.20345037072944069,0.10172518536472035,,
2023-06-29T00:00:00Z,MTLUSDT,trade,rebalance,63.805305052338326,1.2346999999999999,78.780410148122129,0,0,0.039390205074061067,0.019695102537030534,,
2023-06-29T00:00:00Z,RNDRUSDT,trade,rebalance,-1251.168606179335,1.9161999999999999,-2397.4892831608418,0,0,1.1987446415804208,0.59937232079021041,,
2023-06-29T00:00:00Z,SANDUSDT,trade,rebalance,5629.9765448533371,0.39739999999999998,2237.3526789247162,0,0,1.118676339462358,0.559338169731179,,
2023-06-29T00:00:00Z,STXUSDT,trade,rebalance,3500.19001971446,0.68510000000000004,2397.9801825063769,0,0,1.1989900912531883,0.59949504562659417,,
2023-06-29T00:00:00Z,SUIUSDT,trade,rebalance,-2856.3803559698472,0.66300000000000003,-1893.7801760080088,0,0,0.94689008800400443,0.47344504400200221,,
2023-06-29T00:00:00Z,TOMOUSDT,trade,rebalance,-363.15706535405224,1.4779,-536.70982688675383,0,0,0.26835491344337692,0.13417745672168846,,
2023-06-29T00:00:00Z,XRPUSDT,trade,rebalance,-5164.0047804312571,0.46439999999999998,-2398.1638200322759,0,0,1.1990819100161381,0.59954095500806903,,
2023-07-01T00:00:00Z,1000PEPEUSDT,forced_exit,terminal,-1688022.6745322447,0.0016214999999999999,-2737.1287667540346,0,0,1.3685643833770174,0.68428219168850868,,
2023-07-01T00:00:00Z,1000SHIBUSDT,forced_exit,terminal,5.8207660913467407e-11,0.0075500000000000003,4.3946783989667894e-13,0,0,2.1973391994833945e-16,1.0986695997416973e-16,,
2023-07-01T00:00:00Z,APEUSDT,forced_exit,terminal,-1091.7980066046059,2.2240000000000002,-2428.1587666886439,0,0,1.214079383344322,0.60703969167216099,,
2023-07-01T00:00:00Z,ARPAUSDT,forced_exit,terminal,44115.582058662963,0.054510000000000003,2404.7403780177183,0,0,1.2023701890088592,0.60118509450442958,,
2023-07-01T00:00:00Z,ATOMUSDT,forced_exit,terminal,263.09972803666989,9.2799999999999994,2441.5654761802962,0,0,1.2207827380901481,0.61039136904507407,,
2023-07-01T00:00:00Z,CFXUSDT,forced_exit,terminal,-11886.42329291536,0.2021,-2402.2461474981942,0,0,1.201123073749097,0.6005615368745485,,
2023-07-01T00:00:00Z,DYDXUSDT,forced_exit,terminal,1287.536350247085,2.0670000000000002,2661.337635960725,0,0,1.3306688179803625,0.66533440899018126,,
2023-07-01T00:00:00Z,EDUUSDT,forced_exit,terminal,3632.0709230274429,0.626,2273.6763978151794,0,0,1.1368381989075897,0.56841909945379487,,
2023-07-01T00:00:00Z,EOSUSDT,forced_exit,terminal,-3607.0379255794273,0.75,-2705.2784441845706,0,0,1.3526392220922854,0.67631961104614269,,
2023-07-01T00:00:00Z,ETCUSDT,forced_exit,terminal,-137.27924343331537,20.925000000000001,-2872.5681688421241,0,0,1.436284084421062,0.71814204221053102,,
2023-07-01T00:00:00Z,LDOUSDT,forced_exit,terminal,1293.5074528204914,2.0526,2655.0533976593406,0,0,1.3275266988296701,0.66376334941483506,,
2023-07-01T00:00:00Z,MASKUSDT,forced_exit,terminal,721.84177565763457,3.4359999999999999,2480.2483411596322,0,0,1.2401241705798163,0.62006208528990814,,
2023-07-01T00:00:00Z,MTLUSDT,forced_exit,terminal,-1941.8205310662838,1.2876000000000001,-2500.2881158009473,0,0,1.2501440579004737,0.62507202895023684,,
2023-07-01T00:00:00Z,RNDRUSDT,forced_exit,terminal,1251.168606179335,2.0369000000000002,2548.5053339266879,0,0,1.274252666963344,0.63712633348167202,,
2023-07-01T00:00:00Z,STXUSDT,forced_exit,terminal,-3500.1900197144596,0.69110000000000005,-2418.9813226246633,0,0,1.2094906613123315,0.60474533065616576,,
2023-07-01T00:00:00Z,TOMOUSDT,forced_exit,terminal,-1622.5936687481023,1.0555000000000001,-1712.6476173636222,0,0,0.85632380868181113,0.42816190434090556,,
2023-07-01T00:00:00Z,XRPUSDT,forced_exit,terminal,5164.0047804312571,0.47289999999999999,2442.0578606659415,0,0,1.2210289303329709,0.61051446516648544,,
