[run_baseline_v1] --ensemble-size override: 5 (mode default was 3)
[run_baseline_v1] iter-v1/016 axis isolation: sample_weight_mode='composite_inv_concurrency' → bounds_profile upgraded to 'v1_pruned_axis016' (subsample=colsample_bytree=1.0 pinned)
v1 RUNNER mode=EXPLORATION iteration=v1-032
  symbols: ('BTCUSDT', 'ETHUSDT', 'LINKUSDT', 'LTCUSDT', 'DOTUSDT')
  ENSEMBLE_SIZE: 5
  ensemble_seeds: [42, 123, 456, 789, 1001] (offset=0)
  n_trials per cell: 35
  feature_columns: 43 columns
  bounds_profile: v1_pruned_axis016
  OOF_PARQUET_PATH: data/v1_iter_v1-032_trial_oof.parquet
  V1_EXCLUDED_SYMBOLS: ('XRPUSDT', 'DOGEUSDT', 'NEARUSDT', 'BCHUSDT', 'LDOUSDT', 'TRXUSDT', 'BNBUSDT')
  r5_vol_target_enabled: False
  r5_kill_low_natr_enabled: False
  sigma_source: natr
  sample_weight_mode: composite_inv_concurrency
  frozen_hp_mode: baseline_v1 (data/v1_baseline_frozen_hp.parquet)
  [iter-v1/032] Optuna search DISABLED — using baseline per-cell best HP

[iter-v1/032] FROZEN-HP ablation: composite_inv_concurrency + baseline hp (basin-lottery elimination). Models A/C/D/E, V1_BASELINE_UNIVERSE, V1_FEATURE_COLUMNS_PRUNED 43 cols. ENSEMBLE_SIZE=5 (inner 5-seed), Optuna DISABLED. frozen_hp_parquet=data/v1_baseline_frozen_hp.parquet. Wall-clock estimate: 10-20 min (no Optuna).
============================================================
MODEL A (BTC/ETH): BTCUSDT, ETHUSDT (R1=False R2=False R3=on, n_trials=35, ENSEMBLE_SIZE=5, features=43, bounds=v1_pruned_axis016, sigma_source=natr)
============================================================
[lgbm] 43 feature columns, 53 walk-forward splits
[lgbm] ATR labeling: 13990/14030 rows with ATR values
[lgbm] No split for 2020-01 (insufficient training data)
[lgbm] No split for 2020-02 (insufficient training data)
[lgbm] No split for 2020-03 (insufficient training data)
[lgbm] No split for 2020-04 (insufficient training data)
[lgbm] No split for 2020-05 (insufficient training data)
[lgbm] No split for 2020-06 (insufficient training data)
[lgbm] No split for 2020-07 (insufficient training data)
[lgbm] No split for 2020-08 (insufficient training data)
[lgbm] No split for 2020-09 (insufficient training data)
[lgbm] No split for 2020-10 (insufficient training data)
[lgbm] No split for 2020-11 (insufficient training data)
[lgbm] No split for 2020-12 (insufficient training data)
[lgbm] No split for 2021-01 (insufficient training data)
[lgbm] No split for 2021-02 (insufficient training data)
[lgbm] No split for 2021-03 (insufficient training data)
[lgbm] No split for 2021-04 (insufficient training data)
[lgbm] No split for 2021-05 (insufficient training data)
[lgbm] No split for 2021-06 (insufficient training data)
[lgbm] No split for 2021-07 (insufficient training data)
[lgbm] No split for 2021-08 (insufficient training data)
[lgbm] No split for 2021-09 (insufficient training data)
[lgbm] No split for 2021-10 (insufficient training data)
[lgbm] No split for 2021-11 (insufficient training data)
[lgbm] No split for 2021-12 (insufficient training data)
[lgbm] === Training for 2022-01 ===
  Train window: 2020-01-01 → 2021-12-24
  4342 training samples from 2 symbols
  Samples per month: 2020-01: 186, 2020-02: 174, 2020-03: 186, 2020-04: 180, 2020-05: 186, 2020-06: 180, 2020-07: 186, 2020-08: 186, 2020-09: 180, 2020-10: 186, 2020-11: 180, 2020-12: 186, 2021-01: 186, 2021-02: 168, 2021-03: 186, 2021-04: 180, 2021-05: 186, 2021-06: 180, 2021-07: 186, 2021-08: 186, 2021-09: 180, 2021-10: 186, 2021-11: 180, 2021-12: 142
  [label] 2020-03-03 00:00 BTCUSDT entry=8759.1200 → SHORT | long=sl(-3.74%) short=sl(-3.74%) | scanned=16 | no_tp→fwd_return=-4.1000
  [label] 2020-03-05 00:00 ETHUSDT entry=228.0800 → SHORT | long=sl(-5.35%) short=sl(-5.35%) | scanned=10 | no_tp→fwd_return=-4.8536
  [label] 2020-03-08 16:00 ETHUSDT entry=199.5400 → SHORT | long=sl(-8.00%) short=tp(+15.69%) | scanned=10 | short_tp_only
  [label] 2020-04-02 16:00 BTCUSDT entry=6791.6300 → LONG | long=timeout(+7.07%) short=sl(-6.49%) | scanned=22 | no_tp→fwd_return=+7.1709
  [label] 2020-05-25 08:00 BTCUSDT entry=8775.6700 → LONG | long=tp(+8.49%) short=sl(-4.40%) | scanned=10 | long_tp_only
  [label] 2020-11-08 00:00 ETHUSDT entry=435.8900 → LONG | long=timeout(+5.65%) short=sl(-5.87%) | scanned=22 | no_tp→fwd_return=+5.7537
  [label] 2020-11-12 08:00 BTCUSDT entry=16123.9900 → LONG | long=tp(+8.30%) short=sl(-4.30%) | scanned=16 | long_tp_only
  [label] 2020-11-21 16:00 ETHUSDT entry=554.1000 → LONG | long=sl(-4.69%) short=sl(-4.69%) | scanned=3 | no_tp→fwd_return=+1.1406
  [label] 2021-01-06 00:00 BTCUSDT entry=34718.6100 → LONG | long=tp(+16.72%) short=sl(-8.51%) | scanned=5 | long_tp_only
  [label] 2021-01-15 00:00 ETHUSDT entry=1242.6100 → LONG | long=sl(-12.08%) short=sl(-12.08%) | scanned=12 | no_tp→fwd_return=+11.2739
  [label] 2021-04-16 16:00 ETHUSDT entry=2427.2900 → SHORT | long=sl(-5.92%) short=tp(+11.54%) | scanned=4 | short_tp_only
  [label] 2021-05-18 00:00 ETHUSDT entry=3513.8900 → SHORT | long=sl(-12.16%) short=tp(+24.01%) | scanned=4 | short_tp_only
  [label] 2021-06-02 08:00 ETHUSDT entry=2791.0100 → SHORT | long=sl(-9.79%) short=timeout(+7.97%) | scanned=22 | no_tp→fwd_return=-8.0709
  [label] 2021-06-15 08:00 ETHUSDT entry=2551.0700 → SHORT | long=sl(-6.43%) short=tp(+12.56%) | scanned=9 | short_tp_only
  [label] 2021-07-04 00:00 BTCUSDT entry=35565.9800 → SHORT | long=sl(-4.99%) short=tp(+9.69%) | scanned=13 | short_tp_only
  [label] 2021-07-11 16:00 BTCUSDT entry=34253.8100 → SHORT | long=sl(-4.00%) short=tp(+7.69%) | scanned=8 | short_tp_only
  [label] 2021-07-22 00:00 ETHUSDT entry=1990.2300 → LONG | long=tp(+11.97%) short=sl(-6.13%) | scanned=12 | long_tp_only
  [label] 2021-08-30 08:00 ETHUSDT entry=3220.2300 → LONG | long=tp(+7.89%) short=sl(-4.10%) | scanned=3 | long_tp_only
  [label] 2021-09-11 08:00 BTCUSDT entry=45589.3400 → LONG | long=sl(-5.06%) short=sl(-5.06%) | scanned=12 | no_tp→fwd_return=+5.8490
  [label] 2021-12-05 16:00 BTCUSDT entry=49376.6000 → LONG | long=timeout(+1.28%) short=timeout(-1.48%) | scanned=22 | no_tp→fwd_return=+1.3780
  [sample_weight_mode=composite_inv_concurrency] cell=(A, 2022-01) weight_mean=1.0000 weight_std=0.5002 kish=0.7999
  Labels: 2624 long (60.4%), 1718 short (39.6%) | weights: min=0.98, mean=1.00, max=20.48
  Features: 4342/4342 matched, 43 columns
  CV gap: 44 rows
  [frozen_hp] Loaded 1025 rows from data/v1_baseline_frozen_hp.parquet
  [ensemble 1/5] seed=42
  [frozen_hp] Trained with baseline HP: n_est=331 depth=3 ct=0.794
  [ensemble 2/5] seed=123
  [frozen_hp] Trained with baseline HP: n_est=135 depth=4 ct=0.588
  [ensemble 3/5] seed=456
  [frozen_hp] Trained with baseline HP: n_est=430 depth=4 ct=0.656
  [ensemble 4/5] seed=789
  [frozen_hp] Trained with baseline HP: n_est=307 depth=5 ct=0.850
  [ensemble 5/5] seed=1001
  [frozen_hp] Trained with baseline HP: n_est=177 depth=4 ct=0.695
  OOD: 16 features, cutoff (q=0.7) = 8.75
  Model trained for 2022-01: 186 test candles with features, confidence_threshold=0.717
[predict] 2022-01-02 16:00 BTCUSDT → LONG (proba=0.73 TP=7.4%/SL=3.7%)
[trade:open] 2022-01-02 23:59 BTCUSDT LONG @ 47280.00 | SL=45541.78 TP=50756.43 | timeout=2022-01-09 23:59
[trade:close] 2022-01-04 23:59 BTCUSDT LONG → stop_loss @ 45541.78 | PnL=-3.68% (net -3.78%) | cum=-3.78% 2022-01=-3.78% 2022-01-04=-3.78%
[predict] 2022-01-09 16:00 BTCUSDT → LONG (proba=0.86 TP=9.0%/SL=4.5%)
[trade:open] 2022-01-09 23:59 BTCUSDT LONG @ 41851.22 | SL=39970.47 TP=45612.72 | timeout=2022-01-16 23:59
[trade:close] 2022-01-10 15:59 BTCUSDT LONG → stop_loss @ 39970.47 | PnL=-4.49% (net -4.59%) | cum=-8.37% 2022-01=-8.37% 2022-01-10=-4.59%
[predict] 2022-01-11 08:00 BTCUSDT → LONG (proba=0.84 TP=9.3%/SL=4.7%)
[trade:open] 2022-01-11 15:59 BTCUSDT LONG @ 41716.42 | SL=39775.30 TP=45598.67 | timeout=2022-01-18 15:59
[predict] 2022-01-15 08:00 ETHUSDT → SHORT (proba=0.72 TP=9.0%/SL=4.5%)
[trade:open] 2022-01-15 15:59 ETHUSDT SHORT @ 3360.56 | SL=3511.16 TP=3059.36 | timeout=2022-01-22 15:59
[trade:close] 2022-01-18 16:00 BTCUSDT LONG → timeout @ 41574.09 | PnL=-0.34% (net -0.44%) | cum=-8.81% 2022-01=-8.81% 2022-01-18=-0.44%
[trade:close] 2022-01-19 07:59 ETHUSDT SHORT → take_profit @ 3059.36 | PnL=+8.96% (net +8.86%) | cum=+0.05% 2022-01=+0.05% 2022-01-19=+8.86%
[predict] 2022-01-19 16:00 BTCUSDT → LONG (proba=0.89 TP=6.9%/SL=3.4%)
[trade:open] 2022-01-19 23:59 BTCUSDT LONG @ 41657.89 | SL=40221.09 TP=44531.49 | timeout=2022-01-26 23:59
[trade:close] 2022-01-21 07:59 BTCUSDT LONG → stop_loss @ 40221.09 | PnL=-3.45% (net -3.55%) | cum=-3.50% 2022-01=-3.50% 2022-01-21=-3.55%
[predict] 2022-01-25 16:00 BTCUSDT → LONG (proba=0.73 TP=13.1%/SL=6.6%)
[trade:open] 2022-01-25 23:59 BTCUSDT LONG @ 36934.26 | SL=34511.62 TP=41779.55 | timeout=2022-02-01 23:59
[lgbm] === Training for 2022-02 ===
  Train window: 2020-02-01 → 2022-01-24
  4342 training samples from 2 symbols
  Samples per month: 2020-02: 174, 2020-03: 186, 2020-04: 180, 2020-05: 186, 2020-06: 180, 2020-07: 186, 2020-08: 186, 2020-09: 180, 2020-10: 186, 2020-11: 180, 2020-12: 186, 2021-01: 186, 2021-02: 168, 2021-03: 186, 2021-04: 180, 2021-05: 186, 2021-06: 180, 2021-07: 186, 2021-08: 186, 2021-09: 180, 2021-10: 186, 2021-11: 180, 2021-12: 186, 2022-01: 142
  [label] 2020-04-03 00:00 BTCUSDT entry=6925.9900 → SHORT | long=timeout(-0.19%) short=sl(-6.23%) | scanned=22 | no_tp→fwd_return=-0.0925
  [label] 2020-04-05 00:00 ETHUSDT entry=142.6300 → LONG | long=tp(+10.37%) short=sl(-5.33%) | scanned=4 | long_tp_only
  [label] 2020-04-08 16:00 ETHUSDT entry=173.1900 → SHORT | long=sl(-6.03%) short=tp(+11.76%) | scanned=5 | short_tp_only
  [label] 2020-05-03 16:00 BTCUSDT entry=8900.0000 → LONG | long=tp(+9.17%) short=sl(-4.74%) | scanned=12 | long_tp_only
  [label] 2020-06-25 08:00 BTCUSDT entry=9235.4500 → SHORT | long=sl(-2.87%) short=timeout(+1.91%) | scanned=22 | no_tp→fwd_return=-2.0122
  [label] 2020-12-09 00:00 ETHUSDT entry=538.6600 → LONG | long=tp(+10.40%) short=sl(-5.35%) | scanned=14 | long_tp_only
  [label] 2020-12-13 08:00 BTCUSDT entry=19223.5400 → LONG | long=tp(+6.94%) short=sl(-3.62%) | scanned=9 | long_tp_only
  [label] 2020-12-22 16:00 ETHUSDT entry=637.2000 → SHORT | long=sl(-5.93%) short=tp(+11.57%) | scanned=3 | short_tp_only
  [label] 2021-02-06 00:00 BTCUSDT entry=39410.6800 → LONG | long=tp(+11.16%) short=sl(-5.73%) | scanned=7 | long_tp_only
  [label] 2021-02-15 00:00 ETHUSDT entry=1750.2200 → LONG | long=tp(+13.36%) short=sl(-6.83%) | scanned=15 | long_tp_only
  [label] 2021-05-17 16:00 ETHUSDT entry=3283.5800 → SHORT | long=sl(-12.88%) short=tp(+25.46%) | scanned=5 | short_tp_only
  [label] 2021-06-18 00:00 ETHUSDT entry=2340.7700 → SHORT | long=sl(-6.57%) short=tp(+12.84%) | scanned=9 | short_tp_only
  [label] 2021-07-03 08:00 ETHUSDT entry=2224.5200 → SHORT | long=sl(-6.78%) short=sl(-6.78%) | scanned=17 | no_tp→fwd_return=-4.4405
  [label] 2021-07-16 08:00 ETHUSDT entry=1933.7400 → LONG | long=sl(-6.33%) short=sl(-6.33%) | scanned=20 | no_tp→fwd_return=+6.7703
  [label] 2021-08-04 00:00 BTCUSDT entry=37827.9700 → LONG | long=tp(+10.71%) short=sl(-5.51%) | scanned=7 | long_tp_only
  [label] 2021-08-11 16:00 BTCUSDT entry=45522.1200 → SHORT | long=timeout(-1.88%) short=sl(-4.71%) | scanned=22 | no_tp→fwd_return=-1.7750
  [label] 2021-08-22 00:00 ETHUSDT entry=3264.5100 → SHORT | long=sl(-4.77%) short=timeout(+1.68%) | scanned=22 | no_tp→fwd_return=-1.7761
  [label] 2021-09-30 08:00 ETHUSDT entry=2984.9800 → LONG | long=tp(+13.42%) short=sl(-6.86%) | scanned=6 | long_tp_only
  [label] 2021-10-12 08:00 BTCUSDT entry=56352.1700 → LONG | long=sl(-4.26%) short=sl(-4.26%) | scanned=8 | no_tp→fwd_return=+5.2147
  [label] 2022-01-05 16:00 BTCUSDT entry=43421.6900 → LONG | long=sl(-4.84%) short=timeout(-1.16%) | scanned=22 | no_tp→fwd_return=+1.0571
  [sample_weight_mode=composite_inv_concurrency] cell=(A, 2022-02) weight_mean=1.0000 weight_std=0.5002 kish=0.7999
  Labels: 2520 long (58.0%), 1822 short (42.0%) | weights: min=0.98, mean=1.00, max=20.48
  Features: 4342/4342 matched, 43 columns
  CV gap: 44 rows
  [ensemble 1/5] seed=42
  [frozen_hp] Trained with baseline HP: n_est=158 depth=4 ct=0.553
  [ensemble 2/5] seed=123
  [frozen_hp] Trained with baseline HP: n_est=375 depth=3 ct=0.754
  [ensemble 3/5] seed=456
  [frozen_hp] Trained with baseline HP: n_est=52 depth=4 ct=0.840
  [ensemble 4/5] seed=789
  [frozen_hp] Trained with baseline HP: n_est=345 depth=4 ct=0.737
  [ensemble 5/5] seed=1001
  [frozen_hp] Trained with baseline HP: n_est=63 depth=4 ct=0.607
  OOD: 16 features, cutoff (q=0.7) = 8.73
  Model trained for 2022-02: 168 test candles with features, confidence_threshold=0.698
[trade:close] 2022-02-02 00:00 BTCUSDT LONG → timeout @ 38680.51 | PnL=+4.73% (net +4.63%) | cum=+1.13% 2022-02=+4.63% 2022-02-02=+4.63%
[predict] 2022-02-08 16:00 BTCUSDT → LONG (proba=0.70 TP=9.1%/SL=4.6%)
[trade:open] 2022-02-08 23:59 BTCUSDT LONG @ 44021.57 | SL=42010.54 TP=48043.64 | timeout=2022-02-15 23:59
[predict] 2022-02-11 00:00 ETHUSDT → LONG (proba=0.79 TP=11.5%/SL=5.8%)
[trade:open] 2022-02-11 07:59 ETHUSDT LONG @ 3096.64 | SL=2917.90 TP=3454.12 | timeout=2022-02-18 07:59
[trade:close] 2022-02-11 23:59 BTCUSDT LONG → stop_loss @ 42010.54 | PnL=-4.57% (net -4.67%) | cum=-3.54% 2022-02=-0.04% 2022-02-11=-4.67%
[trade:close] 2022-02-11 23:59 ETHUSDT LONG → stop_loss @ 2917.90 | PnL=-5.77% (net -5.87%) | cum=-9.41% 2022-02=-5.91% 2022-02-11=-10.54%
[predict] 2022-02-12 16:00 BTCUSDT → LONG (proba=0.76 TP=9.4%/SL=4.7%)
[trade:open] 2022-02-12 23:59 BTCUSDT LONG @ 42199.87 | SL=40219.15 TP=46161.30 | timeout=2022-02-19 23:59
[trade:close] 2022-02-17 23:59 BTCUSDT LONG → stop_loss @ 40219.15 | PnL=-4.69% (net -4.79%) | cum=-14.20% 2022-02=-10.71% 2022-02-17=-4.79%
[predict] 2022-02-23 08:00 BTCUSDT → LONG (proba=0.70 TP=9.4%/SL=4.7%)
[trade:open] 2022-02-23 15:59 BTCUSDT LONG @ 38504.90 | SL=36702.57 TP=42109.57 | timeout=2022-03-02 15:59
[trade:close] 2022-02-24 07:59 BTCUSDT LONG → stop_loss @ 36702.57 | PnL=-4.68% (net -4.78%) | cum=-18.98% 2022-02=-15.49% 2022-02-24=-4.78%
[predict] 2022-02-25 08:00 BTCUSDT → LONG (proba=0.80 TP=12.3%/SL=6.2%)
[trade:open] 2022-02-25 15:59 BTCUSDT LONG @ 39388.50 | SL=36963.40 TP=44238.69 | timeout=2022-03-04 15:59
[trade:close] 2022-02-27 23:59 BTCUSDT LONG → stop_loss @ 36963.40 | PnL=-6.16% (net -6.26%) | cum=-25.24% 2022-02=-21.74% 2022-02-27=-6.26%
[lgbm] === Training for 2022-03 ===
  Train window: 2020-03-01 → 2022-02-21
  4336 training samples from 2 symbols
  Samples per month: 2020-03: 186, 2020-04: 180, 2020-05: 186, 2020-06: 180, 2020-07: 186, 2020-08: 186, 2020-09: 180, 2020-10: 186, 2020-11: 180, 2020-12: 186, 2021-01: 186, 2021-02: 168, 2021-03: 186, 2021-04: 180, 2021-05: 186, 2021-06: 180, 2021-07: 186, 2021-08: 186, 2021-09: 180, 2021-10: 186, 2021-11: 180, 2021-12: 186, 2022-01: 186, 2022-02: 124
  [label] 2020-05-01 16:00 ETHUSDT entry=212.2200 → SHORT | long=sl(-5.74%) short=timeout(+0.25%) | scanned=22 | no_tp→fwd_return=-0.3534
  [label] 2020-05-04 00:00 ETHUSDT entry=199.5200 → SHORT | long=sl(-5.93%) short=sl(-5.93%) | scanned=18 | no_tp→fwd_return=-4.4707
  [label] 2020-05-07 16:00 ETHUSDT entry=212.2500 → SHORT | long=sl(-5.65%) short=tp(+10.99%) | scanned=7 | short_tp_only
  [label] 2020-06-01 08:00 ETHUSDT entry=238.1600 → SHORT | long=sl(-4.88%) short=sl(-4.88%) | scanned=3 | no_tp→fwd_return=-1.9189
  [label] 2020-07-24 00:00 ETHUSDT entry=271.1900 → LONG | long=tp(+7.28%) short=sl(-3.79%) | scanned=5 | long_tp_only
  [label] 2021-01-06 16:00 ETHUSDT entry=1212.6400 → LONG | long=sl(-10.35%) short=sl(-10.35%) | scanned=10 | no_tp→fwd_return=+11.1451
  [label] 2021-01-10 16:00 ETHUSDT entry=1257.9600 → SHORT | long=sl(-11.67%) short=tp(+23.03%) | scanned=2 | short_tp_only
  [label] 2021-01-20 08:00 BTCUSDT entry=34226.7800 → SHORT | long=sl(-8.49%) short=timeout(+11.32%) | scanned=22 | no_tp→fwd_return=-11.4184
  [label] 2021-03-06 08:00 ETHUSDT entry=1544.5600 → LONG | long=tp(+17.27%) short=sl(-8.79%) | scanned=7 | long_tp_only
  [label] 2021-03-15 16:00 BTCUSDT entry=55646.6100 → SHORT | long=timeout(-2.83%) short=sl(-5.88%) | scanned=22 | no_tp→fwd_return=-2.7262
  [label] 2021-06-15 00:00 ETHUSDT entry=2621.5000 → SHORT | long=sl(-6.34%) short=tp(+12.39%) | scanned=10 | short_tp_only
  [label] 2021-07-16 08:00 ETHUSDT entry=1933.7400 → LONG | long=sl(-6.33%) short=sl(-6.33%) | scanned=20 | no_tp→fwd_return=+6.7703
  [label] 2021-07-31 16:00 ETHUSDT entry=2530.4900 → LONG | long=tp(+10.35%) short=sl(-5.32%) | scanned=14 | long_tp_only
  [label] 2021-08-13 16:00 ETHUSDT entry=3324.1200 → SHORT | long=sl(-6.02%) short=timeout(+1.03%) | scanned=22 | no_tp→fwd_return=-1.1281
  [label] 2021-09-01 00:00 ETHUSDT entry=3518.3600 → LONG | long=tp(+9.21%) short=sl(-4.75%) | scanned=2 | long_tp_only
  [label] 2021-09-08 16:00 ETHUSDT entry=3497.9900 → LONG | long=sl(-8.24%) short=timeout(-3.44%) | scanned=22 | no_tp→fwd_return=+3.3371
  [label] 2021-09-19 08:00 ETHUSDT entry=3363.8900 → SHORT | long=sl(-5.72%) short=tp(+11.13%) | scanned=3 | short_tp_only
  [label] 2021-10-28 16:00 BTCUSDT entry=60622.0300 → LONG | long=timeout(+1.24%) short=sl(-5.13%) | scanned=22 | no_tp→fwd_return=+1.3359
  [label] 2021-11-09 08:00 BTCUSDT entry=66875.0000 → SHORT | long=sl(-3.58%) short=tp(+6.86%) | scanned=20 | short_tp_only
  [label] 2022-02-02 16:00 BTCUSDT entry=36892.0300 → LONG | long=tp(+8.66%) short=sl(-4.48%) | scanned=6 | long_tp_only
  [sample_weight_mode=composite_inv_concurrency] cell=(A, 2022-03) weight_mean=1.0000 weight_std=0.5005 kish=0.7997
  Labels: 2503 long (57.7%), 1833 short (42.3%) | weights: min=0.98, mean=1.00, max=20.48
  Features: 4336/4336 matched, 43 columns
  CV gap: 44 rows
  [ensemble 1/5] seed=42
  [frozen_hp] Trained with baseline HP: n_est=460 depth=5 ct=0.803
  [ensemble 2/5] seed=123
  [frozen_hp] Trained with baseline HP: n_est=214 depth=3 ct=0.809
  [ensemble 3/5] seed=456
  [frozen_hp] Trained with baseline HP: n_est=490 depth=4 ct=0.844
  [ensemble 4/5] seed=789
  [frozen_hp] Trained with baseline HP: n_est=267 depth=3 ct=0.744
  [ensemble 5/5] seed=1001
  [frozen_hp] Trained with baseline HP: n_est=465 depth=3 ct=0.514
  OOD: 16 features, cutoff (q=0.7) = 8.65
  Model trained for 2022-03: 186 test candles with features, confidence_threshold=0.743
[predict] 2022-03-08 00:00 BTCUSDT → LONG (proba=0.90 TP=10.4%/SL=5.2%)
[trade:open] 2022-03-08 07:59 BTCUSDT LONG @ 38530.40 | SL=36525.61 TP=42539.98 | timeout=2022-03-15 07:59
[trade:close] 2022-03-09 15:59 BTCUSDT LONG → take_profit @ 42539.98 | PnL=+10.41% (net +10.31%) | cum=-14.94% 2022-03=+10.31% 2022-03-09=+10.31%
[predict] 2022-03-10 16:00 BTCUSDT → LONG (proba=0.81 TP=11.3%/SL=5.6%)
[trade:open] 2022-03-10 23:59 BTCUSDT LONG @ 39407.20 | SL=37183.97 TP=43853.66 | timeout=2022-03-17 23:59
[trade:close] 2022-03-18 00:00 BTCUSDT LONG → timeout @ 40898.00 | PnL=+3.78% (net +3.68%) | cum=-11.25% 2022-03=+13.99% 2022-03-18=+3.68%
[predict] 2022-03-21 16:00 BTCUSDT → LONG (proba=0.75 TP=6.7%/SL=3.3%)
[trade:open] 2022-03-21 23:59 BTCUSDT LONG @ 40982.00 | SL=39614.22 TP=43717.55 | timeout=2022-03-28 23:59
[trade:close] 2022-03-24 15:59 BTCUSDT LONG → take_profit @ 43717.55 | PnL=+6.68% (net +6.58%) | cum=-4.68% 2022-03=+20.56% 2022-03-24=+6.58%
[predict] 2022-03-31 16:00 BTCUSDT → LONG (proba=0.74 TP=6.2%/SL=3.1%)
[trade:open] 2022-03-31 23:59 BTCUSDT LONG @ 45506.00 | SL=44084.21 TP=48349.58 | timeout=2022-04-07 23:59
[lgbm] === Training for 2022-04 ===
  Train window: 2020-04-01 → 2022-03-24
  4336 training samples from 2 symbols
  Samples per month: 2020-04: 180, 2020-05: 186, 2020-06: 180, 2020-07: 186, 2020-08: 186, 2020-09: 180, 2020-10: 186, 2020-11: 180, 2020-12: 186, 2021-01: 186, 2021-02: 168, 2021-03: 186, 2021-04: 180, 2021-05: 186, 2021-06: 180, 2021-07: 186, 2021-08: 186, 2021-09: 180, 2021-10: 186, 2021-11: 180, 2021-12: 186, 2022-01: 186, 2022-02: 168, 2022-03: 142
  [label] 2020-06-01 16:00 ETHUSDT entry=248.9000 → SHORT | long=sl(-5.09%) short=tp(+9.88%) | scanned=2 | short_tp_only
  [label] 2020-06-04 00:00 ETHUSDT entry=243.4800 → LONG | long=timeout(+1.08%) short=timeout(-1.28%) | scanned=22 | no_tp→fwd_return=+1.1787
  [label] 2020-06-07 16:00 ETHUSDT entry=244.6600 → SHORT | long=sl(-4.35%) short=timeout(+5.11%) | scanned=22 | no_tp→fwd_return=-5.2072
  [label] 2020-07-02 08:00 ETHUSDT entry=225.0900 → LONG | long=tp(+6.03%) short=sl(-3.16%) | scanned=12 | long_tp_only
  [label] 2020-08-24 00:00 ETHUSDT entry=398.7200 → LONG | long=sl(-4.52%) short=sl(-4.52%) | scanned=19 | no_tp→fwd_return=+4.5295
  [label] 2021-02-06 16:00 ETHUSDT entry=1679.3400 → LONG | long=sl(-7.33%) short=sl(-7.33%) | scanned=8 | no_tp→fwd_return=+4.2725
  [label] 2021-02-10 16:00 ETHUSDT entry=1743.3100 → LONG | long=timeout(+6.01%) short=timeout(-6.21%) | scanned=22 | no_tp→fwd_return=+6.1119
  [label] 2021-02-20 08:00 BTCUSDT entry=56226.3900 → SHORT | long=sl(-5.02%) short=tp(+9.73%) | scanned=6 | short_tp_only
  [label] 2021-04-06 08:00 ETHUSDT entry=2085.8700 → LONG | long=sl(-5.18%) short=sl(-5.18%) | scanned=11 | no_tp→fwd_return=+4.0089
  [label] 2021-04-15 16:00 BTCUSDT entry=63232.5500 → SHORT | long=sl(-3.74%) short=tp(+7.17%) | scanned=7 | short_tp_only
  [label] 2021-07-16 00:00 ETHUSDT entry=1912.3200 → LONG | long=sl(-6.36%) short=sl(-6.36%) | scanned=17 | no_tp→fwd_return=+4.3492
  [label] 2021-08-16 08:00 ETHUSDT entry=3225.3400 → LONG | long=sl(-5.67%) short=timeout(-3.34%) | scanned=22 | no_tp→fwd_return=+3.2350
  [label] 2021-08-31 16:00 ETHUSDT entry=3430.4900 → LONG | long=tp(+8.99%) short=sl(-4.64%) | scanned=3 | long_tp_only
  [label] 2021-09-13 16:00 ETHUSDT entry=3284.4100 → SHORT | long=sl(-7.76%) short=sl(-7.76%) | scanned=20 | no_tp→fwd_return=-6.0294
  [label] 2021-10-02 00:00 ETHUSDT entry=3279.0700 → LONG | long=tp(+11.60%) short=sl(-5.95%) | scanned=19 | long_tp_only
  [label] 2021-10-09 16:00 ETHUSDT entry=3577.8000 → LONG | long=sl(-4.44%) short=sl(-4.44%) | scanned=14 | no_tp→fwd_return=+6.5501
  [label] 2021-10-20 08:00 ETHUSDT entry=4083.6400 → SHORT | long=sl(-4.74%) short=sl(-4.74%) | scanned=7 | no_tp→fwd_return=-2.6467
  [label] 2021-11-28 16:00 BTCUSDT entry=57315.7300 → SHORT | long=sl(-4.56%) short=tp(+8.82%) | scanned=15 | short_tp_only
  [label] 2021-12-10 08:00 BTCUSDT entry=47973.4000 → SHORT | long=timeout(-3.20%) short=timeout(+3.00%) | scanned=22 | no_tp→fwd_return=-3.0980
  [label] 2022-03-05 16:00 BTCUSDT entry=39375.1000 → LONG | long=sl(-5.08%) short=sl(-5.08%) | scanned=10 | no_tp→fwd_return=+6.0919
  [sample_weight_mode=composite_inv_concurrency] cell=(A, 2022-04) weight_mean=1.0000 weight_std=0.5005 kish=0.7997
  Labels: 2538 long (58.5%), 1798 short (41.5%) | weights: min=0.98, mean=1.00, max=20.48
  Features: 4336/4336 matched, 43 columns
  CV gap: 44 rows
  [ensemble 1/5] seed=42
  [frozen_hp] Trained with baseline HP: n_est=498 depth=5 ct=0.669
  [ensemble 2/5] seed=123
  [frozen_hp] Trained with baseline HP: n_est=452 depth=3 ct=0.784
  [ensemble 3/5] seed=456
  [frozen_hp] Trained with baseline HP: n_est=388 depth=4 ct=0.553
  [ensemble 4/5] seed=789
  [frozen_hp] Trained with baseline HP: n_est=369 depth=5 ct=0.584
  [ensemble 5/5] seed=1001
  [frozen_hp] Trained with baseline HP: n_est=386 depth=4 ct=0.786
  OOD: 16 features, cutoff (q=0.7) = 8.82
  Model trained for 2022-04: 180 test candles with features, confidence_threshold=0.675
[predict] 2022-04-01 08:00 ETHUSDT → LONG (proba=0.70 TP=8.0%/SL=4.0%)
[trade:open] 2022-04-01 15:59 ETHUSDT LONG @ 3432.20 | SL=3294.70 TP=3707.20 | timeout=2022-04-08 15:59
[trade:close] 2022-04-06 07:59 ETHUSDT LONG → stop_loss @ 3294.70 | PnL=-4.01% (net -4.11%) | cum=-8.78% 2022-04=-4.11% 2022-04-06=-4.11%
[trade:close] 2022-04-06 15:59 BTCUSDT LONG → stop_loss @ 44084.21 | PnL=-3.12% (net -3.22%) | cum=-12.01% 2022-04=-7.33% 2022-04-06=-7.33%
[predict] 2022-04-07 08:00 BTCUSDT → SHORT (proba=0.76 TP=7.3%/SL=3.6%)
[trade:open] 2022-04-07 15:59 BTCUSDT SHORT @ 43305.00 | SL=44876.01 TP=40162.98 | timeout=2022-04-14 15:59
[trade:close] 2022-04-11 23:59 BTCUSDT SHORT → take_profit @ 40162.98 | PnL=+7.26% (net +7.16%) | cum=-4.85% 2022-04=-0.18% 2022-04-11=+7.16%
[predict] 2022-04-12 08:00 ETHUSDT → SHORT (proba=0.74 TP=8.2%/SL=4.1%)
[trade:open] 2022-04-12 15:59 ETHUSDT SHORT @ 3042.69 | SL=3167.77 TP=2792.52 | timeout=2022-04-19 15:59
[predict] 2022-04-14 00:00 BTCUSDT → LONG (proba=0.80 TP=7.0%/SL=3.5%)
[trade:open] 2022-04-14 07:59 BTCUSDT LONG @ 41245.00 | SL=39799.45 TP=44136.10 | timeout=2022-04-21 07:59
[trade:close] 2022-04-14 23:59 BTCUSDT LONG → stop_loss @ 39799.45 | PnL=-3.50% (net -3.60%) | cum=-8.46% 2022-04=-3.78% 2022-04-14=-3.60%
[predict] 2022-04-15 16:00 BTCUSDT → LONG (proba=0.72 TP=6.6%/SL=3.3%)
[trade:open] 2022-04-15 23:59 BTCUSDT LONG @ 40529.50 | SL=39190.37 TP=43207.75 | timeout=2022-04-22 23:59
[trade:close] 2022-04-18 07:59 BTCUSDT LONG → stop_loss @ 39190.37 | PnL=-3.30% (net -3.40%) | cum=-11.86% 2022-04=-7.18% 2022-04-18=-3.40%
[trade:close] 2022-04-19 16:00 ETHUSDT SHORT → timeout @ 3109.52 | PnL=-2.20% (net -2.30%) | cum=-14.16% 2022-04=-9.48% 2022-04-19=-2.30%
[predict] 2022-04-20 16:00 ETHUSDT → LONG (proba=0.68 TP=7.4%/SL=3.7%)
[trade:open] 2022-04-20 23:59 ETHUSDT LONG @ 3074.01 | SL=2959.95 TP=3302.14 | timeout=2022-04-27 23:59
[trade:close] 2022-04-21 23:59 ETHUSDT LONG → stop_loss @ 2959.95 | PnL=-3.71% (net -3.81%) | cum=-17.97% 2022-04=-13.29% 2022-04-21=-3.81%
[predict] 2022-04-22 00:00 BTCUSDT → LONG (proba=0.69 TP=7.2%/SL=3.6%)
[trade:open] 2022-04-22 07:59 BTCUSDT LONG @ 40687.10 | SL=39220.03 TP=43621.23 | timeout=2022-04-29 07:59
[trade:close] 2022-04-22 23:59 BTCUSDT LONG → stop_loss @ 39220.03 | PnL=-3.61% (net -3.71%) | cum=-21.67% 2022-04=-17.00% 2022-04-22=-3.71%
[predict] 2022-04-22 16:00 ETHUSDT → LONG (proba=0.85 TP=8.0%/SL=4.0%)
[trade:open] 2022-04-22 23:59 ETHUSDT LONG @ 2960.38 | SL=2842.14 TP=3196.86 | timeout=2022-04-29 23:59
[trade:close] 2022-04-25 07:59 ETHUSDT LONG → stop_loss @ 2842.14 | PnL=-3.99% (net -4.09%) | cum=-25.77% 2022-04=-21.09% 2022-04-25=-4.09%
[predict] 2022-04-26 00:00 BTCUSDT → LONG (proba=0.72 TP=6.8%/SL=3.4%)
[trade:open] 2022-04-26 07:59 BTCUSDT LONG @ 40573.20 | SL=39198.23 TP=43323.14 | timeout=2022-05-03 07:59
[predict] 2022-04-26 00:00 ETHUSDT → LONG (proba=0.80 TP=7.9%/SL=3.9%)
[trade:open] 2022-04-26 07:59 ETHUSDT LONG @ 3002.25 | SL=2883.82 TP=3239.11 | timeout=2022-05-03 07:59
[trade:close] 2022-04-26 15:59 BTCUSDT LONG → stop_loss @ 39198.23 | PnL=-3.39% (net -3.49%) | cum=-29.26% 2022-04=-24.58% 2022-04-26=-3.49%
[trade:close] 2022-04-26 15:59 ETHUSDT LONG → stop_loss @ 2883.82 | PnL=-3.94% (net -4.04%) | cum=-33.30% 2022-04=-28.62% 2022-04-26=-7.53%
[predict] 2022-04-27 16:00 ETHUSDT → LONG (proba=0.82 TP=9.1%/SL=4.6%)
[trade:open] 2022-04-27 23:59 ETHUSDT LONG @ 2887.57 | SL=2755.73 TP=3151.26 | timeout=2022-05-04 23:59
[predict] 2022-04-28 16:00 BTCUSDT → LONG (proba=0.75 TP=7.7%/SL=3.9%)
[trade:open] 2022-04-28 23:59 BTCUSDT LONG @ 39732.50 | SL=38199.90 TP=42797.70 | timeout=2022-05-05 23:59
[trade:close] 2022-04-29 23:59 BTCUSDT LONG → stop_loss @ 38199.90 | PnL=-3.86% (net -3.96%) | cum=-37.26% 2022-04=-32.58% 2022-04-29=-3.96%
[predict] 2022-04-30 16:00 BTCUSDT → LONG (proba=0.71 TP=7.1%/SL=3.6%)
[trade:open] 2022-04-30 23:59 BTCUSDT LONG @ 37614.50 | SL=36274.87 TP=40293.76 | timeout=2022-05-07 23:59
[trade:close] 2022-04-30 23:59 ETHUSDT LONG → stop_loss @ 2755.73 | PnL=-4.57% (net -4.67%) | cum=-41.92% 2022-04=-37.25% 2022-04-30=-4.67%
[lgbm] === Training for 2022-05 ===
  Train window: 2020-05-01 → 2022-04-23
  4336 training samples from 2 symbols
  Samples per month: 2020-05: 186, 2020-06: 180, 2020-07: 186, 2020-08: 186, 2020-09: 180, 2020-10: 186, 2020-11: 180, 2020-12: 186, 2021-01: 186, 2021-02: 168, 2021-03: 186, 2021-04: 180, 2021-05: 186, 2021-06: 180, 2021-07: 186, 2021-08: 186, 2021-09: 180, 2021-10: 186, 2021-11: 180, 2021-12: 186, 2022-01: 186, 2022-02: 168, 2022-03: 186, 2022-04: 136
  [label] 2020-07-01 16:00 ETHUSDT entry=231.0300 → LONG | long=sl(-2.98%) short=sl(-2.98%) | scanned=14 | no_tp→fwd_return=+3.3459
  [label] 2020-07-04 00:00 ETHUSDT entry=226.0700 → LONG | long=tp(+5.31%) short=sl(-2.80%) | scanned=7 | long_tp_only
  [label] 2020-07-07 16:00 ETHUSDT entry=239.4500 → LONG | long=timeout(+0.36%) short=sl(-3.07%) | scanned=22 | no_tp→fwd_return=+0.4636
  [label] 2020-08-01 08:00 ETHUSDT entry=358.2400 → LONG | long=tp(+9.32%) short=sl(-4.81%) | scanned=1 | long_tp_only
  [label] 2020-09-23 00:00 ETHUSDT entry=335.5900 → LONG | long=sl(-5.46%) short=sl(-5.46%) | scanned=8 | no_tp→fwd_return=+4.8541
  [label] 2021-03-08 16:00 ETHUSDT entry=1834.3000 → SHORT | long=timeout(-2.25%) short=timeout(+2.05%) | scanned=22 | no_tp→fwd_return=-2.1485
  [label] 2021-03-12 16:00 ETHUSDT entry=1767.4400 → LONG | long=timeout(+2.37%) short=sl(-6.62%) | scanned=22 | no_tp→fwd_return=+2.4668
  [label] 2021-03-22 08:00 BTCUSDT entry=57121.2000 → SHORT | long=sl(-5.04%) short=tp(+9.77%) | scanned=9 | short_tp_only
  [label] 2021-05-06 08:00 ETHUSDT entry=3556.1900 → LONG | long=tp(+13.94%) short=sl(-7.12%) | scanned=11 | long_tp_only
  [label] 2021-05-15 16:00 BTCUSDT entry=46793.4100 → SHORT | long=sl(-7.71%) short=tp(+15.11%) | scanned=10 | short_tp_only
  [label] 2021-08-15 00:00 ETHUSDT entry=3163.4600 → LONG | long=sl(-5.79%) short=timeout(-3.29%) | scanned=22 | no_tp→fwd_return=+3.1943
  [label] 2021-09-15 08:00 ETHUSDT entry=3497.4900 → SHORT | long=sl(-6.23%) short=tp(+12.16%) | scanned=15 | short_tp_only
  [label] 2021-09-30 16:00 ETHUSDT entry=2999.4500 → LONG | long=tp(+12.95%) short=sl(-6.63%) | scanned=5 | long_tp_only
  [label] 2021-10-13 16:00 ETHUSDT entry=3610.0500 → LONG | long=tp(+9.54%) short=sl(-4.92%) | scanned=8 | long_tp_only
  [label] 2021-11-01 00:00 ETHUSDT entry=4306.8500 → LONG | long=tp(+9.57%) short=sl(-4.94%) | scanned=21 | long_tp_only
  [label] 2021-11-08 16:00 ETHUSDT entry=4814.3000 → SHORT | long=sl(-3.47%) short=tp(+6.65%) | scanned=6 | short_tp_only
  [label] 2021-11-19 08:00 ETHUSDT entry=4216.8700 → SHORT | long=sl(-5.50%) short=sl(-5.50%) | scanned=21 | no_tp→fwd_return=-3.6463
  [label] 2021-12-28 16:00 BTCUSDT entry=47522.0300 → SHORT | long=sl(-4.01%) short=timeout(+3.45%) | scanned=22 | no_tp→fwd_return=-3.5533
  [label] 2022-01-09 08:00 BTCUSDT entry=41611.0900 → LONG | long=sl(-4.65%) short=sl(-4.65%) | scanned=9 | no_tp→fwd_return=+4.6596
  [label] 2022-04-04 16:00 BTCUSDT entry=46580.9000 → SHORT | long=sl(-3.41%) short=tp(+6.52%) | scanned=6 | short_tp_only
  [sample_weight_mode=composite_inv_concurrency] cell=(A, 2022-05) weight_mean=1.0000 weight_std=0.5005 kish=0.7997
  Labels: 2452 long (56.5%), 1884 short (43.5%) | weights: min=0.98, mean=1.00, max=20.48
  Features: 4336/4336 matched, 43 columns
  CV gap: 44 rows
  [ensemble 1/5] seed=42
  [frozen_hp] Trained with baseline HP: n_est=323 depth=3 ct=0.832
  [ensemble 2/5] seed=123
  [frozen_hp] Trained with baseline HP: n_est=330 depth=4 ct=0.782
  [ensemble 3/5] seed=456
  [frozen_hp] Trained with baseline HP: n_est=165 depth=3 ct=0.750
  [ensemble 4/5] seed=789
  [frozen_hp] Trained with baseline HP: n_est=146 depth=4 ct=0.650
  [ensemble 5/5] seed=1001
  [frozen_hp] Trained with baseline HP: n_est=338 depth=4 ct=0.782
  OOD: 16 features, cutoff (q=0.7) = 8.85
  Model trained for 2022-05: 186 test candles with features, confidence_threshold=0.759
[trade:close] 2022-05-05 15:59 BTCUSDT LONG → stop_loss @ 36274.87 | PnL=-3.56% (net -3.66%) | cum=-45.59% 2022-05=-3.66% 2022-05-05=-3.66%
[predict] 2022-05-15 08:00 BTCUSDT → LONG (proba=0.79 TP=14.9%/SL=7.5%)
[trade:open] 2022-05-15 15:59 BTCUSDT LONG @ 30003.50 | SL=27761.45 TP=34487.61 | timeout=2022-05-22 15:59
[trade:close] 2022-05-22 16:00 BTCUSDT LONG → timeout @ 29834.80 | PnL=-0.56% (net -0.66%) | cum=-46.25% 2022-05=-4.32% 2022-05-22=-0.66%
[lgbm] === Training for 2022-06 ===
  Train window: 2020-06-01 → 2022-05-24
  4336 training samples from 2 symbols
  Samples per month: 2020-06: 180, 2020-07: 186, 2020-08: 186, 2020-09: 180, 2020-10: 186, 2020-11: 180, 2020-12: 186, 2021-01: 186, 2021-02: 168, 2021-03: 186, 2021-04: 180, 2021-05: 186, 2021-06: 180, 2021-07: 186, 2021-08: 186, 2021-09: 180, 2021-10: 186, 2021-11: 180, 2021-12: 186, 2022-01: 186, 2022-02: 168, 2022-03: 186, 2022-04: 180, 2022-05: 142
  [label] 2020-08-01 16:00 ETHUSDT entry=387.2400 → SHORT | long=sl(-5.32%) short=sl(-5.32%) | scanned=1 | no_tp→fwd_return=-1.7663
  [label] 2020-08-04 00:00 ETHUSDT entry=395.2100 → SHORT | long=sl(-8.17%) short=timeout(+0.88%) | scanned=22 | no_tp→fwd_return=-0.9843
  [label] 2020-08-07 16:00 ETHUSDT entry=379.6300 → LONG | long=tp(+13.38%) short=sl(-6.84%) | scanned=18 | long_tp_only
  [label] 2020-09-01 08:00 ETHUSDT entry=482.5000 → SHORT | long=sl(-4.97%) short=tp(+9.65%) | scanned=3 | short_tp_only
  [label] 2020-10-24 00:00 ETHUSDT entry=410.5100 → SHORT | long=sl(-3.78%) short=tp(+7.27%) | scanned=13 | short_tp_only
  [label] 2021-04-08 16:00 ETHUSDT entry=2082.0800 → LONG | long=tp(+10.30%) short=sl(-5.30%) | scanned=15 | long_tp_only
  [label] 2021-04-12 16:00 ETHUSDT entry=2139.2500 → LONG | long=tp(+8.97%) short=sl(-4.63%) | scanned=4 | long_tp_only
  [label] 2021-04-22 08:00 BTCUSDT entry=54672.0700 → SHORT | long=sl(-6.36%) short=tp(+12.41%) | scanned=2 | short_tp_only
  [label] 2021-06-06 08:00 ETHUSDT entry=2719.9600 → SHORT | long=sl(-8.25%) short=tp(+16.20%) | scanned=17 | short_tp_only
  [label] 2021-06-15 16:00 BTCUSDT entry=40132.8600 → SHORT | long=sl(-5.85%) short=tp(+11.41%) | scanned=9 | short_tp_only
  [label] 2021-09-15 00:00 ETHUSDT entry=3404.0200 → SHORT | long=sl(-6.48%) short=sl(-6.48%) | scanned=15 | no_tp→fwd_return=-8.1225
  [label] 2021-10-16 08:00 ETHUSDT entry=3911.3800 → LONG | long=sl(-4.32%) short=sl(-4.32%) | scanned=12 | no_tp→fwd_return=+4.4041
  [label] 2021-10-31 16:00 ETHUSDT entry=4288.8600 → LONG | long=timeout(+7.54%) short=sl(-4.82%) | scanned=22 | no_tp→fwd_return=+7.6393
  [label] 2021-11-13 16:00 ETHUSDT entry=4644.4200 → SHORT | long=sl(-4.14%) short=tp(+7.99%) | scanned=7 | short_tp_only
  [label] 2021-12-02 00:00 ETHUSDT entry=4562.6800 → SHORT | long=sl(-5.64%) short=tp(+10.98%) | scanned=5 | short_tp_only
  [label] 2021-12-09 16:00 ETHUSDT entry=4103.8000 → SHORT | long=sl(-6.58%) short=timeout(+3.44%) | scanned=22 | no_tp→fwd_return=-3.5365
  [label] 2021-12-20 08:00 ETHUSDT entry=3799.9600 → LONG | long=timeout(+7.57%) short=sl(-5.71%) | scanned=22 | no_tp→fwd_return=+7.6677
  [label] 2022-01-28 16:00 BTCUSDT entry=37696.2100 → LONG | long=timeout(+10.12%) short=sl(-5.98%) | scanned=22 | no_tp→fwd_return=+10.2233
  [label] 2022-02-09 08:00 BTCUSDT entry=43855.1700 → SHORT | long=sl(-4.61%) short=sl(-4.61%) | scanned=8 | no_tp→fwd_return=-4.0233
  [label] 2022-05-05 16:00 BTCUSDT entry=36534.7000 → SHORT | long=sl(-4.91%) short=tp(+9.53%) | scanned=11 | short_tp_only
  [sample_weight_mode=composite_inv_concurrency] cell=(A, 2022-06) weight_mean=1.0000 weight_std=0.5005 kish=0.7997
  Labels: 2374 long (54.8%), 1962 short (45.2%) | weights: min=0.98, mean=1.00, max=20.48
  Features: 4336/4336 matched, 43 columns
  CV gap: 44 rows
  [ensemble 1/5] seed=42
  [frozen_hp] Trained with baseline HP: n_est=464 depth=5 ct=0.643
  [ensemble 2/5] seed=123
  [frozen_hp] Trained with baseline HP: n_est=470 depth=4 ct=0.731
  [ensemble 3/5] seed=456
  [frozen_hp] Trained with baseline HP: n_est=229 depth=5 ct=0.631
  [ensemble 4/5] seed=789
  [frozen_hp] Trained with baseline HP: n_est=168 depth=4 ct=0.533
  [ensemble 5/5] seed=1001
  [frozen_hp] Trained with baseline HP: n_est=474 depth=3 ct=0.625
  OOD: 16 features, cutoff (q=0.7) = 8.84
  Model trained for 2022-06: 180 test candles with features, confidence_threshold=0.633
[predict] 2022-06-01 00:00 BTCUSDT → LONG (proba=0.95 TP=7.4%/SL=3.7%)
[trade:open] 2022-06-01 07:59 BTCUSDT LONG @ 31479.60 | SL=30307.21 TP=33824.38 | timeout=2022-06-08 07:59
[predict] 2022-06-01 00:00 ETHUSDT → LONG (proba=0.67 TP=10.5%/SL=5.3%)
[trade:open] 2022-06-01 07:59 ETHUSDT LONG @ 1930.78 | SL=1829.06 TP=2134.22 | timeout=2022-06-08 07:59
[trade:close] 2022-06-01 23:59 BTCUSDT LONG → stop_loss @ 30307.21 | PnL=-3.72% (net -3.82%) | cum=-50.07% 2022-06=-3.82% 2022-06-01=-3.82%
[trade:close] 2022-06-01 23:59 ETHUSDT LONG → stop_loss @ 1829.06 | PnL=-5.27% (net -5.37%) | cum=-55.44% 2022-06=-9.19% 2022-06-01=-9.19%
[predict] 2022-06-02 16:00 BTCUSDT → SHORT (proba=0.73 TP=8.1%/SL=4.1%)
[trade:open] 2022-06-02 23:59 BTCUSDT SHORT @ 30437.10 | SL=31675.37 TP=27960.55 | timeout=2022-06-09 23:59
[predict] 2022-06-02 16:00 ETHUSDT → LONG (proba=0.64 TP=11.2%/SL=5.6%)
[trade:open] 2022-06-02 23:59 ETHUSDT LONG @ 1833.37 | SL=1731.08 TP=2037.95 | timeout=2022-06-09 23:59
[trade:close] 2022-06-06 15:59 BTCUSDT SHORT → stop_loss @ 31675.37 | PnL=-4.07% (net -4.17%) | cum=-59.61% 2022-06=-13.36% 2022-06-06=-4.17%
[trade:close] 2022-06-07 07:59 ETHUSDT LONG → stop_loss @ 1731.08 | PnL=-5.58% (net -5.68%) | cum=-65.29% 2022-06=-19.04% 2022-06-07=-5.68%
[predict] 2022-06-07 08:00 BTCUSDT → SHORT (proba=0.86 TP=8.1%/SL=4.0%)
[trade:open] 2022-06-07 15:59 BTCUSDT SHORT @ 29876.00 | SL=31080.16 TP=27467.67 | timeout=2022-06-14 15:59
[trade:close] 2022-06-07 23:59 BTCUSDT SHORT → stop_loss @ 31080.16 | PnL=-4.03% (net -4.13%) | cum=-69.42% 2022-06=-23.17% 2022-06-07=-9.81%
[predict] 2022-06-08 16:00 BTCUSDT → LONG (proba=0.89 TP=9.0%/SL=4.5%)
[trade:open] 2022-06-08 23:59 BTCUSDT LONG @ 30192.50 | SL=28834.99 TP=32907.53 | timeout=2022-06-15 23:59
[predict] 2022-06-08 16:00 ETHUSDT → LONG (proba=0.64 TP=10.8%/SL=5.4%)
[trade:open] 2022-06-08 23:59 ETHUSDT LONG @ 1791.02 | SL=1694.56 TP=1983.95 | timeout=2022-06-15 23:59
[trade:close] 2022-06-10 23:59 BTCUSDT LONG → stop_loss @ 28834.99 | PnL=-4.50% (net -4.60%) | cum=-74.02% 2022-06=-27.77% 2022-06-10=-4.60%
[trade:close] 2022-06-10 23:59 ETHUSDT LONG → stop_loss @ 1694.56 | PnL=-5.39% (net -5.49%) | cum=-79.50% 2022-06=-33.25% 2022-06-10=-10.08%
[predict] 2022-06-11 16:00 BTCUSDT → LONG (proba=0.72 TP=8.4%/SL=4.2%)
[trade:open] 2022-06-11 23:59 BTCUSDT LONG @ 28416.70 | SL=27228.79 TP=30792.51 | timeout=2022-06-18 23:59
[trade:close] 2022-06-12 07:59 BTCUSDT LONG → stop_loss @ 27228.79 | PnL=-4.18% (net -4.28%) | cum=-83.78% 2022-06=-37.53% 2022-06-12=-4.28%
[predict] 2022-06-16 00:00 ETHUSDT → LONG (proba=0.88 TP=30.0%/SL=15.0%)
[trade:open] 2022-06-16 07:59 ETHUSDT LONG @ 1164.71 | SL=990.16 TP=1513.82 | timeout=2022-06-23 07:59
[predict] 2022-06-17 00:00 BTCUSDT → LONG (proba=0.95 TP=20.0%/SL=10.0%)
[trade:open] 2022-06-17 07:59 BTCUSDT LONG @ 21087.50 | SL=18976.30 TP=25309.91 | timeout=2022-06-24 07:59
[trade:close] 2022-06-18 07:59 ETHUSDT LONG → stop_loss @ 990.16 | PnL=-14.99% (net -15.09%) | cum=-98.87% 2022-06=-52.62% 2022-06-18=-15.09%
[trade:close] 2022-06-18 15:59 BTCUSDT LONG → stop_loss @ 18976.30 | PnL=-10.01% (net -10.11%) | cum=-108.98% 2022-06=-62.73% 2022-06-18=-25.20%
[predict] 2022-06-19 08:00 BTCUSDT → LONG (proba=0.86 TP=20.6%/SL=10.3%)
[trade:open] 2022-06-19 15:59 BTCUSDT LONG @ 19816.30 | SL=17778.44 TP=23892.02 | timeout=2022-06-26 15:59
[predict] 2022-06-23 00:00 ETHUSDT → LONG (proba=0.90 TP=20.5%/SL=10.3%)
[trade:open] 2022-06-23 07:59 ETHUSDT LONG @ 1091.06 | SL=979.02 TP=1315.15 | timeout=2022-06-30 07:59
[trade:close] 2022-06-26 16:00 BTCUSDT LONG → timeout @ 21314.20 | PnL=+7.56% (net +7.46%) | cum=-101.52% 2022-06=-55.27% 2022-06-26=+7.46%
[predict] 2022-06-27 08:00 BTCUSDT → LONG (proba=0.91 TP=10.9%/SL=5.4%)
[trade:open] 2022-06-27 15:59 BTCUSDT LONG @ 20744.00 | SL=19614.19 TP=23003.63 | timeout=2022-07-04 15:59
[trade:close] 2022-06-30 07:59 BTCUSDT LONG → stop_loss @ 19614.19 | PnL=-5.45% (net -5.55%) | cum=-107.07% 2022-06=-60.82% 2022-06-30=-5.55%
[trade:close] 2022-06-30 08:00 ETHUSDT LONG → timeout @ 1056.82 | PnL=-3.14% (net -3.24%) | cum=-110.31% 2022-06=-64.06% 2022-06-30=-8.78%
[lgbm] === Training for 2022-07 ===
  Train window: 2020-07-01 → 2022-06-23
  4336 training samples from 2 symbols
  Samples per month: 2020-07: 186, 2020-08: 186, 2020-09: 180, 2020-10: 186, 2020-11: 180, 2020-12: 186, 2021-01: 186, 2021-02: 168, 2021-03: 186, 2021-04: 180, 2021-05: 186, 2021-06: 180, 2021-07: 186, 2021-08: 186, 2021-09: 180, 2021-10: 186, 2021-11: 180, 2021-12: 186, 2022-01: 186, 2022-02: 168, 2022-03: 186, 2022-04: 180, 2022-05: 186, 2022-06: 136
  [label] 2020-08-31 16:00 ETHUSDT entry=434.0300 → LONG | long=tp(+8.34%) short=sl(-4.32%) | scanned=2 | long_tp_only
  [label] 2020-09-03 00:00 ETHUSDT entry=437.0000 → SHORT | long=sl(-7.04%) short=tp(+13.77%) | scanned=2 | short_tp_only
  [label] 2020-09-06 16:00 ETHUSDT entry=352.6900 → LONG | long=timeout(+3.74%) short=timeout(-3.94%) | scanned=22 | no_tp→fwd_return=+3.8419
  [label] 2020-10-01 08:00 ETHUSDT entry=361.0500 → SHORT | long=sl(-3.75%) short=tp(+7.21%) | scanned=3 | short_tp_only
  [label] 2020-11-23 00:00 ETHUSDT entry=581.4200 → SHORT | long=sl(-6.14%) short=sl(-6.14%) | scanned=9 | no_tp→fwd_return=-11.1692
  [label] 2021-05-08 16:00 ETHUSDT entry=3914.4700 → LONG | long=sl(-6.93%) short=sl(-6.93%) | scanned=13 | no_tp→fwd_return=+1.4475
  [label] 2021-05-12 16:00 ETHUSDT entry=3828.9900 → SHORT | long=sl(-9.51%) short=tp(+18.73%) | scanned=19 | short_tp_only
  [label] 2021-05-22 08:00 BTCUSDT entry=38139.6900 → SHORT | long=sl(-14.63%) short=timeout(+9.57%) | scanned=22 | no_tp→fwd_return=-9.6685
  [label] 2021-07-06 08:00 ETHUSDT entry=2304.9200 → SHORT | long=sl(-6.60%) short=tp(+12.90%) | scanned=19 | short_tp_only
  [label] 2021-07-15 16:00 BTCUSDT entry=31866.4300 → LONG | long=sl(-4.30%) short=timeout(-1.36%) | scanned=22 | no_tp→fwd_return=+1.2605
  [label] 2021-10-15 00:00 ETHUSDT entry=3809.2700 → LONG | long=tp(+9.09%) short=sl(-4.69%) | scanned=17 | long_tp_only
  [label] 2021-11-15 08:00 ETHUSDT entry=4651.3500 → SHORT | long=sl(-3.89%) short=tp(+7.47%) | scanned=2 | short_tp_only
  [label] 2021-11-30 16:00 ETHUSDT entry=4631.5100 → SHORT | long=sl(-5.51%) short=tp(+10.72%) | scanned=9 | short_tp_only
  [label] 2021-12-13 16:00 ETHUSDT entry=3780.6300 → LONG | long=timeout(+4.21%) short=sl(-6.95%) | scanned=22 | no_tp→fwd_return=+4.3075
  [label] 2022-01-01 00:00 ETHUSDT entry=3714.7700 → SHORT | long=sl(-4.30%) short=sl(-4.30%) | scanned=14 | no_tp→fwd_return=-4.7664
  [label] 2022-01-08 16:00 ETHUSDT entry=3080.0300 → LONG | long=timeout(+7.82%) short=sl(-6.73%) | scanned=22 | no_tp→fwd_return=+7.9227
  [label] 2022-01-19 08:00 ETHUSDT entry=3122.0000 → SHORT | long=sl(-4.72%) short=sl(-4.72%) | scanned=5 | no_tp→fwd_return=-7.7572
  [label] 2022-02-27 16:00 BTCUSDT entry=37672.0000 → LONG | long=tp(+11.80%) short=sl(-6.05%) | scanned=3 | long_tp_only
  [label] 2022-03-11 08:00 BTCUSDT entry=39070.0000 → LONG | long=timeout(+4.59%) short=sl(-5.67%) | scanned=22 | no_tp→fwd_return=+4.6895
  [label] 2022-06-04 16:00 BTCUSDT entry=29848.4000 → SHORT | long=sl(-3.60%) short=sl(-3.60%) | scanned=20 | no_tp→fwd_return=-4.8783
  [sample_weight_mode=composite_inv_concurrency] cell=(A, 2022-07) weight_mean=1.0000 weight_std=0.5005 kish=0.7997
  Labels: 2371 long (54.7%), 1965 short (45.3%) | weights: min=0.98, mean=1.00, max=20.48
  Features: 4336/4336 matched, 43 columns
  CV gap: 44 rows
  [ensemble 1/5] seed=42
  [frozen_hp] Trained with baseline HP: n_est=285 depth=5 ct=0.754
  [ensemble 2/5] seed=123
  [frozen_hp] Trained with baseline HP: n_est=92 depth=3 ct=0.819
  [ensemble 3/5] seed=456
  [frozen_hp] Trained with baseline HP: n_est=242 depth=5 ct=0.638
  [ensemble 4/5] seed=789
  [frozen_hp] Trained with baseline HP: n_est=409 depth=3 ct=0.555
  [ensemble 5/5] seed=1001
  [frozen_hp] Trained with baseline HP: n_est=432 depth=5 ct=0.800
  OOD: 16 features, cutoff (q=0.7) = 8.82
  Model trained for 2022-07: 186 test candles with features, confidence_threshold=0.713
[predict] 2022-07-01 08:00 ETHUSDT → SHORT (proba=0.72 TP=16.4%/SL=8.2%)
[trade:open] 2022-07-01 15:59 ETHUSDT SHORT @ 1056.18 | SL=1142.59 TP=883.35 | timeout=2022-07-08 15:59
[predict] 2022-07-03 16:00 BTCUSDT → SHORT (proba=0.76 TP=9.5%/SL=4.7%)
[trade:open] 2022-07-03 23:59 BTCUSDT SHORT @ 19305.90 | SL=20222.79 TP=17472.12 | timeout=2022-07-10 23:59
[trade:close] 2022-07-04 23:59 BTCUSDT SHORT → stop_loss @ 20222.79 | PnL=-4.75% (net -4.85%) | cum=-115.16% 2022-07=-4.85% 2022-07-04=-4.85%
[trade:close] 2022-07-04 23:59 ETHUSDT SHORT → stop_loss @ 1142.59 | PnL=-8.18% (net -8.28%) | cum=-123.44% 2022-07=-13.13% 2022-07-04=-13.13%
[predict] 2022-07-06 16:00 BTCUSDT → SHORT (proba=0.82 TP=9.3%/SL=4.6%)
[trade:open] 2022-07-06 23:59 BTCUSDT SHORT @ 20554.10 | SL=21507.73 TP=18646.85 | timeout=2022-07-13 23:59
[trade:close] 2022-07-07 23:59 BTCUSDT SHORT → stop_loss @ 21507.73 | PnL=-4.64% (net -4.74%) | cum=-128.18% 2022-07=-17.87% 2022-07-07=-4.74%
[predict] 2022-07-10 16:00 BTCUSDT → SHORT (proba=0.72 TP=8.6%/SL=4.3%)
[trade:open] 2022-07-10 23:59 BTCUSDT SHORT @ 20853.80 | SL=21755.27 TP=19050.85 | timeout=2022-07-17 23:59
[predict] 2022-07-11 00:00 ETHUSDT → SHORT (proba=0.75 TP=10.5%/SL=5.2%)
[trade:open] 2022-07-11 07:59 ETHUSDT SHORT @ 1142.87 | SL=1202.71 TP=1023.19 | timeout=2022-07-18 07:59
[trade:close] 2022-07-13 15:59 BTCUSDT SHORT → take_profit @ 19050.85 | PnL=+8.65% (net +8.55%) | cum=-119.63% 2022-07=-9.33% 2022-07-13=+8.55%
[trade:close] 2022-07-13 15:59 ETHUSDT SHORT → take_profit @ 1023.19 | PnL=+10.47% (net +10.37%) | cum=-109.26% 2022-07=+1.05% 2022-07-13=+18.92%
[predict] 2022-07-14 08:00 BTCUSDT → SHORT (proba=0.76 TP=10.2%/SL=5.1%)
[trade:open] 2022-07-14 15:59 BTCUSDT SHORT @ 20379.30 | SL=21415.24 TP=18307.42 | timeout=2022-07-21 15:59
[trade:close] 2022-07-16 23:59 BTCUSDT SHORT → stop_loss @ 21415.24 | PnL=-5.08% (net -5.18%) | cum=-114.44% 2022-07=-4.14% 2022-07-16=-5.18%
[predict] 2022-07-17 16:00 ETHUSDT → LONG (proba=0.72 TP=14.0%/SL=7.0%)
[trade:open] 2022-07-17 23:59 ETHUSDT LONG @ 1338.27 | SL=1244.44 TP=1525.93 | timeout=2022-07-24 23:59
[predict] 2022-07-18 08:00 BTCUSDT → SHORT (proba=0.76 TP=9.2%/SL=4.6%)
[trade:open] 2022-07-18 15:59 BTCUSDT SHORT @ 22674.20 | SL=23720.55 TP=20581.50 | timeout=2022-07-25 15:59
[trade:close] 2022-07-18 15:59 ETHUSDT LONG → take_profit @ 1525.93 | PnL=+14.02% (net +13.92%) | cum=-100.52% 2022-07=+9.79% 2022-07-18=+13.92%
[trade:close] 2022-07-19 23:59 BTCUSDT SHORT → stop_loss @ 23720.55 | PnL=-4.61% (net -4.71%) | cum=-105.23% 2022-07=+5.07% 2022-07-19=-4.71%
[predict] 2022-07-20 16:00 BTCUSDT → SHORT (proba=0.78 TP=11.7%/SL=5.8%)
[trade:open] 2022-07-20 23:59 BTCUSDT SHORT @ 23221.50 | SL=24579.30 TP=20505.91 | timeout=2022-07-27 23:59
[predict] 2022-07-20 16:00 ETHUSDT → LONG (proba=0.80 TP=16.3%/SL=8.2%)
[trade:open] 2022-07-20 23:59 ETHUSDT LONG @ 1521.34 | SL=1397.19 TP=1769.64 | timeout=2022-07-27 23:59
[trade:close] 2022-07-26 15:59 ETHUSDT LONG → stop_loss @ 1397.19 | PnL=-8.16% (net -8.26%) | cum=-113.50% 2022-07=-3.19% 2022-07-26=-8.26%
[trade:close] 2022-07-28 00:00 BTCUSDT SHORT → timeout @ 22941.10 | PnL=+1.21% (net +1.11%) | cum=-112.39% 2022-07=-2.08% 2022-07-28=+1.11%
[predict] 2022-07-28 16:00 BTCUSDT → SHORT (proba=0.84 TP=9.5%/SL=4.7%)
[trade:open] 2022-07-28 23:59 BTCUSDT SHORT @ 23836.20 | SL=24962.77 TP=21583.07 | timeout=2022-08-04 23:59
[predict] 2022-07-30 08:00 ETHUSDT → LONG (proba=0.76 TP=13.7%/SL=6.8%)
[trade:open] 2022-07-30 15:59 ETHUSDT LONG @ 1736.08 | SL=1617.20 TP=1973.85 | timeout=2022-08-06 15:59
[lgbm] === Training for 2022-08 ===
  Train window: 2020-08-01 → 2022-07-24
  4336 training samples from 2 symbols
  Samples per month: 2020-08: 186, 2020-09: 180, 2020-10: 186, 2020-11: 180, 2020-12: 186, 2021-01: 186, 2021-02: 168, 2021-03: 186, 2021-04: 180, 2021-05: 186, 2021-06: 180, 2021-07: 186, 2021-08: 186, 2021-09: 180, 2021-10: 186, 2021-11: 180, 2021-12: 186, 2022-01: 186, 2022-02: 168, 2022-03: 186, 2022-04: 180, 2022-05: 186, 2022-06: 180, 2022-07: 142
  [label] 2020-10-01 16:00 ETHUSDT entry=352.5300 → SHORT | long=sl(-4.10%) short=timeout(+0.31%) | scanned=22 | no_tp→fwd_return=-0.4113
  [label] 2020-10-04 00:00 ETHUSDT entry=348.1800 → LONG | long=sl(-3.71%) short=sl(-3.71%) | scanned=16 | no_tp→fwd_return=+4.9285
  [label] 2020-10-07 16:00 ETHUSDT entry=341.4100 → LONG | long=tp(+6.95%) short=sl(-3.63%) | scanned=5 | long_tp_only
  [label] 2020-11-01 08:00 ETHUSDT entry=388.4600 → SHORT | long=sl(-3.67%) short=sl(-3.67%) | scanned=5 | no_tp→fwd_return=-3.3955
  [label] 2020-12-24 00:00 ETHUSDT entry=580.4700 → LONG | long=tp(+14.63%) short=sl(-7.47%) | scanned=10 | long_tp_only
  [label] 2021-06-08 16:00 ETHUSDT entry=2506.1900 → LONG | long=sl(-9.54%) short=timeout(-1.62%) | scanned=22 | no_tp→fwd_return=+1.5154
  [label] 2021-06-12 16:00 ETHUSDT entry=2370.5900 → SHORT | long=sl(-7.69%) short=sl(-7.69%) | scanned=18 | no_tp→fwd_return=-5.8597
  [label] 2021-06-22 08:00 BTCUSDT entry=31635.7200 → LONG | long=timeout(+14.47%) short=sl(-8.92%) | scanned=22 | no_tp→fwd_return=+14.5695
  [label] 2021-08-06 08:00 ETHUSDT entry=2838.9900 → LONG | long=tp(+12.47%) short=sl(-6.39%) | scanned=11 | long_tp_only
  [label] 2021-08-15 16:00 BTCUSDT entry=47006.0200 → LONG | long=sl(-4.49%) short=sl(-4.49%) | scanned=15 | no_tp→fwd_return=+4.9498
  [label] 2021-11-15 00:00 ETHUSDT entry=4683.2800 → SHORT | long=sl(-3.82%) short=tp(+7.33%) | scanned=3 | short_tp_only
  [label] 2021-12-16 08:00 ETHUSDT entry=4080.7800 → SHORT | long=sl(-6.43%) short=timeout(+3.15%) | scanned=22 | no_tp→fwd_return=-3.2464
  [label] 2021-12-31 16:00 ETHUSDT entry=3676.0200 → SHORT | long=sl(-4.42%) short=sl(-4.42%) | scanned=15 | no_tp→fwd_return=-3.7625
  [label] 2022-01-13 16:00 ETHUSDT entry=3240.3600 → SHORT | long=sl(-5.22%) short=timeout(+7.32%) | scanned=22 | no_tp→fwd_return=-7.4202
  [label] 2022-02-01 00:00 ETHUSDT entry=2735.3400 → LONG | long=tp(+12.57%) short=sl(-6.44%) | scanned=18 | long_tp_only
  [label] 2022-02-08 16:00 ETHUSDT entry=3115.2300 → SHORT | long=sl(-5.18%) short=sl(-5.18%) | scanned=9 | no_tp→fwd_return=-6.0731
  [label] 2022-02-19 08:00 ETHUSDT entry=2744.5200 → SHORT | long=sl(-6.03%) short=tp(+11.77%) | scanned=14 | short_tp_only
  [label] 2022-03-30 16:00 BTCUSDT entry=47053.2000 → SHORT | long=sl(-2.99%) short=tp(+5.68%) | scanned=4 | short_tp_only
  [label] 2022-04-11 08:00 BTCUSDT entry=40575.7000 → SHORT | long=sl(-3.58%) short=timeout(+3.19%) | scanned=22 | no_tp→fwd_return=-3.2938
  [label] 2022-07-05 16:00 BTCUSDT entry=20170.0000 → LONG | long=tp(+9.95%) short=sl(-5.12%) | scanned=7 | long_tp_only
  [sample_weight_mode=composite_inv_concurrency] cell=(A, 2022-08) weight_mean=1.0000 weight_std=0.5005 kish=0.7997
  Labels: 2329 long (53.7%), 2007 short (46.3%) | weights: min=0.98, mean=1.00, max=20.48
  Features: 4336/4336 matched, 43 columns
  CV gap: 44 rows
  [ensemble 1/5] seed=42
  [frozen_hp] Trained with baseline HP: n_est=67 depth=5 ct=0.630
  [ensemble 2/5] seed=123
  [frozen_hp] Trained with baseline HP: n_est=185 depth=5 ct=0.591
  [ensemble 3/5] seed=456
  [frozen_hp] Trained with baseline HP: n_est=51 depth=4 ct=0.746
  [ensemble 4/5] seed=789
  [frozen_hp] Trained with baseline HP: n_est=133 depth=4 ct=0.646
  [ensemble 5/5] seed=1001
  [frozen_hp] Trained with baseline HP: n_est=259 depth=5 ct=0.614
  OOD: 16 features, cutoff (q=0.7) = 8.80
  Model trained for 2022-08: 186 test candles with features, confidence_threshold=0.645
[trade:close] 2022-08-01 23:59 ETHUSDT LONG → stop_loss @ 1617.20 | PnL=-6.85% (net -6.95%) | cum=-119.34% 2022-08=-6.95% 2022-08-01=-6.95%
[predict] 2022-08-03 08:00 ETHUSDT → SHORT (proba=0.69 TP=11.9%/SL=6.0%)
[trade:open] 2022-08-03 15:59 ETHUSDT SHORT @ 1655.20 | SL=1753.75 TP=1458.09 | timeout=2022-08-10 15:59
[trade:close] 2022-08-05 00:00 BTCUSDT SHORT → timeout @ 22608.90 | PnL=+5.15% (net +5.05%) | cum=-114.29% 2022-08=-1.90% 2022-08-05=+5.05%
[trade:close] 2022-08-08 15:59 ETHUSDT SHORT → stop_loss @ 1753.75 | PnL=-5.95% (net -6.05%) | cum=-120.34% 2022-08=-7.95% 2022-08-08=-6.05%
[predict] 2022-08-09 16:00 ETHUSDT → LONG (proba=0.72 TP=9.8%/SL=4.9%)
[trade:open] 2022-08-09 23:59 ETHUSDT LONG @ 1702.04 | SL=1618.84 TP=1868.44 | timeout=2022-08-16 23:59
[trade:close] 2022-08-10 23:59 ETHUSDT LONG → take_profit @ 1868.44 | PnL=+9.78% (net +9.68%) | cum=-110.66% 2022-08=+1.72% 2022-08-10=+9.68%
[predict] 2022-08-13 16:00 ETHUSDT → LONG (proba=0.65 TP=9.0%/SL=4.5%)
[trade:open] 2022-08-13 23:59 ETHUSDT LONG @ 1982.80 | SL=1893.34 TP=2161.73 | timeout=2022-08-20 23:59
[trade:close] 2022-08-15 07:59 ETHUSDT LONG → stop_loss @ 1893.34 | PnL=-4.51% (net -4.61%) | cum=-115.28% 2022-08=-2.89% 2022-08-15=-4.61%
[predict] 2022-08-16 00:00 ETHUSDT → LONG (proba=0.66 TP=10.0%/SL=5.0%)
[trade:open] 2022-08-16 07:59 ETHUSDT LONG @ 1885.72 | SL=1791.44 TP=2074.28 | timeout=2022-08-23 07:59
[trade:close] 2022-08-19 07:59 ETHUSDT LONG → stop_loss @ 1791.44 | PnL=-5.00% (net -5.10%) | cum=-120.38% 2022-08=-7.99% 2022-08-19=-5.10%
[predict] 2022-08-19 08:00 BTCUSDT → SHORT (proba=0.69 TP=8.5%/SL=4.2%)
[trade:open] 2022-08-19 15:59 BTCUSDT SHORT @ 21431.10 | SL=22337.62 TP=19618.06 | timeout=2022-08-26 15:59
[predict] 2022-08-26 00:00 ETHUSDT → LONG (proba=0.65 TP=10.3%/SL=5.1%)
[trade:open] 2022-08-26 07:59 ETHUSDT LONG @ 1659.65 | SL=1574.50 TP=1829.94 | timeout=2022-09-02 07:59
[trade:close] 2022-08-26 16:00 BTCUSDT SHORT → timeout @ 20769.60 | PnL=+3.09% (net +2.99%) | cum=-117.39% 2022-08=-5.00% 2022-08-26=+2.99%
[trade:close] 2022-08-26 23:59 ETHUSDT LONG → stop_loss @ 1574.50 | PnL=-5.13% (net -5.23%) | cum=-122.62% 2022-08=-10.23% 2022-08-26=-2.24%
[predict] 2022-08-31 08:00 ETHUSDT → SHORT (proba=0.74 TP=13.3%/SL=6.6%)
[trade:open] 2022-08-31 15:59 ETHUSDT SHORT @ 1559.42 | SL=1662.92 TP=1352.42 | timeout=2022-09-07 15:59
[lgbm] === Training for 2022-09 ===
  Train window: 2020-09-01 → 2022-08-24
  4336 training samples from 2 symbols
  Samples per month: 2020-09: 180, 2020-10: 186, 2020-11: 180, 2020-12: 186, 2021-01: 186, 2021-02: 168, 2021-03: 186, 2021-04: 180, 2021-05: 186, 2021-06: 180, 2021-07: 186, 2021-08: 186, 2021-09: 180, 2021-10: 186, 2021-11: 180, 2021-12: 186, 2022-01: 186, 2022-02: 168, 2022-03: 186, 2022-04: 180, 2022-05: 186, 2022-06: 180, 2022-07: 186, 2022-08: 142
  [label] 2020-11-01 16:00 ETHUSDT entry=396.8200 → LONG | long=sl(-3.61%) short=sl(-3.61%) | scanned=11 | no_tp→fwd_return=+4.4630
  [label] 2020-11-04 00:00 ETHUSDT entry=378.0900 → LONG | long=tp(+8.31%) short=sl(-4.31%) | scanned=4 | long_tp_only
  [label] 2020-11-07 16:00 ETHUSDT entry=435.5800 → LONG | long=timeout(+5.74%) short=sl(-6.08%) | scanned=22 | no_tp→fwd_return=+5.8359
  [label] 2020-12-02 08:00 ETHUSDT entry=590.0000 → SHORT | long=sl(-7.18%) short=timeout(+3.60%) | scanned=22 | no_tp→fwd_return=-3.6966
  [label] 2021-01-24 00:00 ETHUSDT entry=1317.4900 → LONG | long=timeout(+2.19%) short=sl(-10.85%) | scanned=22 | no_tp→fwd_return=+2.2877
  [label] 2021-07-09 16:00 ETHUSDT entry=2147.5300 → SHORT | long=sl(-6.79%) short=tp(+13.28%) | scanned=20 | short_tp_only
  [label] 2021-07-13 16:00 ETHUSDT entry=1940.3200 → SHORT | long=sl(-6.25%) short=timeout(+7.90%) | scanned=22 | no_tp→fwd_return=-8.0028
  [label] 2021-07-23 08:00 BTCUSDT entry=32305.8300 → LONG | long=tp(+7.32%) short=sl(-3.81%) | scanned=5 | long_tp_only
  [label] 2021-09-06 08:00 ETHUSDT entry=3929.4200 → SHORT | long=sl(-4.07%) short=tp(+7.84%) | scanned=3 | short_tp_only
  [label] 2021-09-15 16:00 BTCUSDT entry=48106.1200 → SHORT | long=sl(-4.20%) short=tp(+8.10%) | scanned=14 | short_tp_only
  [label] 2021-12-16 00:00 ETHUSDT entry=4019.7900 → SHORT | long=sl(-6.76%) short=timeout(+2.64%) | scanned=22 | no_tp→fwd_return=-2.7399
  [label] 2022-01-16 08:00 ETHUSDT entry=3351.8700 → SHORT | long=sl(-4.17%) short=tp(+8.04%) | scanned=8 | short_tp_only
  [label] 2022-01-31 16:00 ETHUSDT entry=2685.3400 → LONG | long=tp(+13.09%) short=sl(-6.70%) | scanned=14 | long_tp_only
  [label] 2022-02-13 16:00 ETHUSDT entry=2870.3200 → LONG | long=tp(+10.76%) short=sl(-5.53%) | scanned=6 | long_tp_only
  [label] 2022-03-04 00:00 ETHUSDT entry=2731.9800 → SHORT | long=sl(-6.87%) short=timeout(+4.44%) | scanned=22 | no_tp→fwd_return=-4.5385
  [label] 2022-03-11 16:00 ETHUSDT entry=2555.8900 → LONG | long=tp(+11.37%) short=sl(-5.83%) | scanned=20 | long_tp_only
  [label] 2022-03-22 08:00 ETHUSDT entry=3002.1700 → LONG | long=tp(+8.25%) short=sl(-4.28%) | scanned=16 | long_tp_only
  [label] 2022-04-30 16:00 BTCUSDT entry=37614.5000 → SHORT | long=sl(-3.66%) short=sl(-3.66%) | scanned=14 | no_tp→fwd_return=-1.9357
  [label] 2022-05-12 08:00 BTCUSDT entry=29015.1000 → LONG | long=timeout(+4.63%) short=timeout(-4.83%) | scanned=22 | no_tp→fwd_return=+4.7262
  [label] 2022-08-05 16:00 BTCUSDT entry=23298.1000 → LONG | long=timeout(+4.58%) short=sl(-3.99%) | scanned=22 | no_tp→fwd_return=+4.6759
  [sample_weight_mode=composite_inv_concurrency] cell=(A, 2022-09) weight_mean=1.0000 weight_std=0.5005 kish=0.7997
  Labels: 2308 long (53.2%), 2028 short (46.8%) | weights: min=0.98, mean=1.00, max=20.48
  Features: 4336/4336 matched, 43 columns
  CV gap: 44 rows
  [ensemble 1/5] seed=42
  [frozen_hp] Trained with baseline HP: n_est=313 depth=3 ct=0.744
  [ensemble 2/5] seed=123
  [frozen_hp] Trained with baseline HP: n_est=203 depth=3 ct=0.820
  [ensemble 3/5] seed=456
  [frozen_hp] Trained with baseline HP: n_est=72 depth=3 ct=0.735
  [ensemble 4/5] seed=789
  [frozen_hp] Trained with baseline HP: n_est=460 depth=3 ct=0.845
  [ensemble 5/5] seed=1001
  [frozen_hp] Trained with baseline HP: n_est=263 depth=3 ct=0.761
  OOD: 16 features, cutoff (q=0.7) = 8.77
  Model trained for 2022-09: 180 test candles with features, confidence_threshold=0.781
[trade:close] 2022-09-06 07:59 ETHUSDT SHORT → stop_loss @ 1662.92 | PnL=-6.64% (net -6.74%) | cum=-129.36% 2022-09=-6.74% 2022-09-06=-6.74%
[predict] 2022-09-18 08:00 BTCUSDT → LONG (proba=0.79 TP=6.9%/SL=3.4%)
[trade:open] 2022-09-18 15:59 BTCUSDT LONG @ 19804.50 | SL=19123.86 TP=21165.78 | timeout=2022-09-25 15:59
[trade:close] 2022-09-19 07:59 BTCUSDT LONG → stop_loss @ 19123.86 | PnL=-3.44% (net -3.54%) | cum=-132.89% 2022-09=-10.27% 2022-09-19=-3.54%
[lgbm] === Training for 2022-10 ===
  Train window: 2020-10-01 → 2022-09-23
  4336 training samples from 2 symbols
  Samples per month: 2020-10: 186, 2020-11: 180, 2020-12: 186, 2021-01: 186, 2021-02: 168, 2021-03: 186, 2021-04: 180, 2021-05: 186, 2021-06: 180, 2021-07: 186, 2021-08: 186, 2021-09: 180, 2021-10: 186, 2021-11: 180, 2021-12: 186, 2022-01: 186, 2022-02: 168, 2022-03: 186, 2022-04: 180, 2022-05: 186, 2022-06: 180, 2022-07: 186, 2022-08: 186, 2022-09: 136
  [label] 2020-12-01 16:00 ETHUSDT entry=585.9800 → SHORT | long=timeout(-5.36%) short=timeout(+5.16%) | scanned=22 | no_tp→fwd_return=-5.2579
  [label] 2020-12-04 00:00 ETHUSDT entry=604.6700 → SHORT | long=sl(-6.12%) short=tp(+11.95%) | scanned=16 | short_tp_only
  [label] 2020-12-07 16:00 ETHUSDT entry=591.8400 → SHORT | long=sl(-4.77%) short=tp(+9.24%) | scanned=5 | short_tp_only
  [label] 2021-01-01 08:00 ETHUSDT entry=736.0600 → LONG | long=tp(+11.46%) short=sl(-5.88%) | scanned=6 | long_tp_only
  [label] 2021-02-23 00:00 ETHUSDT entry=1587.7300 → SHORT | long=sl(-11.29%) short=timeout(+2.86%) | scanned=22 | no_tp→fwd_return=-2.9558
  [label] 2021-08-08 16:00 ETHUSDT entry=3014.0600 → LONG | long=timeout(+9.80%) short=sl(-6.56%) | scanned=22 | no_tp→fwd_return=+9.8953
  [label] 2021-08-12 16:00 ETHUSDT entry=3046.7400 → LONG | long=timeout(+4.50%) short=sl(-6.50%) | scanned=22 | no_tp→fwd_return=+4.5970
  [label] 2021-08-22 08:00 BTCUSDT entry=48549.7800 → SHORT | long=sl(-3.96%) short=sl(-3.96%) | scanned=11 | no_tp→fwd_return=-3.3567
  [label] 2021-10-06 08:00 ETHUSDT entry=3617.8300 → SHORT | long=sl(-5.43%) short=timeout(+3.51%) | scanned=22 | no_tp→fwd_return=-3.6129
  [label] 2021-10-15 16:00 BTCUSDT entry=61702.3300 → SHORT | long=timeout(-1.67%) short=sl(-4.79%) | scanned=22 | no_tp→fwd_return=-1.5689
  [label] 2022-01-15 00:00 ETHUSDT entry=3313.4800 → SHORT | long=sl(-4.61%) short=tp(+8.93%) | scanned=17 | short_tp_only
  [label] 2022-02-15 08:00 ETHUSDT entry=3121.5400 → SHORT | long=sl(-5.19%) short=tp(+10.08%) | scanned=9 | short_tp_only
  [label] 2022-03-02 16:00 ETHUSDT entry=2947.4700 → SHORT | long=sl(-6.76%) short=tp(+13.21%) | scanned=12 | short_tp_only
  [label] 2022-03-15 16:00 ETHUSDT entry=2617.2900 → LONG | long=tp(+9.43%) short=sl(-4.86%) | scanned=8 | long_tp_only
  [label] 2022-04-03 00:00 ETHUSDT entry=3489.1400 → SHORT | long=sl(-3.83%) short=tp(+7.37%) | scanned=10 | short_tp_only
  [label] 2022-04-10 16:00 ETHUSDT entry=3200.2400 → SHORT | long=sl(-3.76%) short=tp(+7.22%) | scanned=3 | short_tp_only
  [label] 2022-04-21 08:00 ETHUSDT entry=3104.1900 → SHORT | long=sl(-3.71%) short=tp(+7.11%) | scanned=11 | short_tp_only
  [label] 2022-05-30 16:00 BTCUSDT entry=31726.5000 → SHORT | long=sl(-3.97%) short=tp(+7.64%) | scanned=11 | short_tp_only
  [label] 2022-06-11 08:00 BTCUSDT entry=28392.3000 → SHORT | long=sl(-4.34%) short=tp(+8.38%) | scanned=5 | short_tp_only
  [label] 2022-09-04 16:00 BTCUSDT entry=19992.7000 → SHORT | long=sl(-3.08%) short=tp(+5.87%) | scanned=6 | short_tp_only
  [sample_weight_mode=composite_inv_concurrency] cell=(A, 2022-10) weight_mean=1.0000 weight_std=0.5005 kish=0.7997
  Labels: 2296 long (53.0%), 2040 short (47.0%) | weights: min=0.98, mean=1.00, max=20.48
  Features: 4336/4336 matched, 43 columns
  CV gap: 44 rows
  [ensemble 1/5] seed=42
  [frozen_hp] Trained with baseline HP: n_est=414 depth=3 ct=0.832
  [ensemble 2/5] seed=123
  [frozen_hp] Trained with baseline HP: n_est=315 depth=3 ct=0.565
  [ensemble 3/5] seed=456
  [frozen_hp] Trained with baseline HP: n_est=240 depth=5 ct=0.807
  [ensemble 4/5] seed=789
  [frozen_hp] Trained with baseline HP: n_est=440 depth=5 ct=0.848
  [ensemble 5/5] seed=1001
  [frozen_hp] Trained with baseline HP: n_est=496 depth=5 ct=0.827
  OOD: 16 features, cutoff (q=0.7) = 8.79
  Model trained for 2022-10: 186 test candles with features, confidence_threshold=0.776
[predict] 2022-10-01 00:00 ETHUSDT → SHORT (proba=0.84 TP=10.5%/SL=5.2%)
[trade:open] 2022-10-01 07:59 ETHUSDT SHORT @ 1328.17 | SL=1397.75 TP=1189.01 | timeout=2022-10-08 07:59
[predict] 2022-10-02 00:00 BTCUSDT → LONG (proba=0.81 TP=7.6%/SL=3.8%)
[trade:open] 2022-10-02 07:59 BTCUSDT LONG @ 19276.50 | SL=18547.61 TP=20734.28 | timeout=2022-10-09 07:59
[trade:close] 2022-10-08 08:00 ETHUSDT SHORT → timeout @ 1329.84 | PnL=-0.13% (net -0.23%) | cum=-133.12% 2022-10=-0.23% 2022-10-08=-0.23%
[predict] 2022-10-09 00:00 ETHUSDT → SHORT (proba=0.81 TP=5.9%/SL=2.9%)
[trade:open] 2022-10-09 07:59 ETHUSDT SHORT @ 1314.21 | SL=1352.90 TP=1236.83 | timeout=2022-10-16 07:59
[trade:close] 2022-10-09 08:00 BTCUSDT LONG → timeout @ 19398.30 | PnL=+0.63% (net +0.53%) | cum=-132.59% 2022-10=+0.31% 2022-10-09=+0.53%
[trade:close] 2022-10-13 15:59 ETHUSDT SHORT → take_profit @ 1236.83 | PnL=+5.89% (net +5.79%) | cum=-126.80% 2022-10=+6.09% 2022-10-13=+5.79%
[predict] 2022-10-14 16:00 ETHUSDT → SHORT (proba=0.93 TP=8.0%/SL=4.0%)
[trade:open] 2022-10-14 23:59 ETHUSDT SHORT @ 1295.35 | SL=1347.33 TP=1191.38 | timeout=2022-10-21 23:59
[predict] 2022-10-19 16:00 BTCUSDT → LONG (proba=0.78 TP=4.3%/SL=2.1%)
[trade:open] 2022-10-19 23:59 BTCUSDT LONG @ 19116.70 | SL=18706.64 TP=19936.83 | timeout=2022-10-26 23:59
[trade:close] 2022-10-21 15:59 BTCUSDT LONG → stop_loss @ 18706.64 | PnL=-2.15% (net -2.25%) | cum=-129.04% 2022-10=+3.85% 2022-10-21=-2.25%
[trade:close] 2022-10-22 00:00 ETHUSDT SHORT → timeout @ 1299.08 | PnL=-0.29% (net -0.39%) | cum=-129.43% 2022-10=+3.46% 2022-10-22=-0.39%
[predict] 2022-10-22 16:00 ETHUSDT → LONG (proba=0.90 TP=5.2%/SL=2.6%)
[trade:open] 2022-10-22 23:59 ETHUSDT LONG @ 1313.19 | SL=1278.98 TP=1381.61 | timeout=2022-10-29 23:59
[predict] 2022-10-23 00:00 BTCUSDT → LONG (proba=0.81 TP=3.4%/SL=1.7%)
[trade:open] 2022-10-23 07:59 BTCUSDT LONG @ 19151.60 | SL=18821.58 TP=19811.65 | timeout=2022-10-30 07:59
[trade:close] 2022-10-25 15:59 ETHUSDT LONG → take_profit @ 1381.61 | PnL=+5.21% (net +5.11%) | cum=-124.32% 2022-10=+8.57% 2022-10-25=+5.11%
[trade:close] 2022-10-25 23:59 BTCUSDT LONG → take_profit @ 19811.65 | PnL=+3.45% (net +3.35%) | cum=-120.98% 2022-10=+11.92% 2022-10-25=+8.46%
[predict] 2022-10-29 00:00 BTCUSDT → LONG (proba=0.82 TP=5.1%/SL=2.5%)
[trade:open] 2022-10-29 07:59 BTCUSDT LONG @ 20765.70 | SL=20236.35 TP=21824.40 | timeout=2022-11-05 07:59
[predict] 2022-10-29 08:00 ETHUSDT → SHORT (proba=0.81 TP=9.3%/SL=4.7%)
[trade:open] 2022-10-29 15:59 ETHUSDT SHORT @ 1631.83 | SL=1707.94 TP=1479.61 | timeout=2022-11-05 15:59
[trade:close] 2022-10-31 15:59 BTCUSDT LONG → stop_loss @ 20236.35 | PnL=-2.55% (net -2.65%) | cum=-123.62% 2022-10=+9.27% 2022-10-31=-2.65%
[lgbm] === Training for 2022-11 ===
  Train window: 2020-11-01 → 2022-10-24
  4336 training samples from 2 symbols
  Samples per month: 2020-11: 180, 2020-12: 186, 2021-01: 186, 2021-02: 168, 2021-03: 186, 2021-04: 180, 2021-05: 186, 2021-06: 180, 2021-07: 186, 2021-08: 186, 2021-09: 180, 2021-10: 186, 2021-11: 180, 2021-12: 186, 2022-01: 186, 2022-02: 168, 2022-03: 186, 2022-04: 180, 2022-05: 186, 2022-06: 180, 2022-07: 186, 2022-08: 186, 2022-09: 180, 2022-10: 142
  [label] 2021-01-01 16:00 ETHUSDT entry=729.7700 → LONG | long=tp(+11.36%) short=sl(-5.83%) | scanned=5 | long_tp_only
  [label] 2021-01-04 00:00 ETHUSDT entry=1052.3200 → LONG | long=sl(-8.98%) short=sl(-8.98%) | scanned=6 | no_tp→fwd_return=+5.1971
  [label] 2021-01-07 16:00 ETHUSDT entry=1227.1200 → SHORT | long=sl(-10.68%) short=tp(+21.06%) | scanned=11 | short_tp_only
  [label] 2021-02-01 08:00 ETHUSDT entry=1302.3900 → LONG | long=tp(+16.80%) short=sl(-8.55%) | scanned=4 | long_tp_only
  [label] 2021-03-26 00:00 ETHUSDT entry=1630.6000 → LONG | long=tp(+11.54%) short=sl(-5.92%) | scanned=11 | long_tp_only
  [label] 2021-09-08 16:00 ETHUSDT entry=3497.9900 → LONG | long=sl(-8.24%) short=timeout(-3.44%) | scanned=22 | no_tp→fwd_return=+3.3371
  [label] 2021-09-12 16:00 ETHUSDT entry=3405.2100 → LONG | long=sl(-6.87%) short=sl(-6.87%) | scanned=10 | no_tp→fwd_return=+6.7353
  [label] 2021-09-22 08:00 BTCUSDT entry=43198.0500 → SHORT | long=timeout(-3.58%) short=timeout(+3.38%) | scanned=22 | no_tp→fwd_return=-3.4814
  [label] 2021-11-06 08:00 ETHUSDT entry=4399.9300 → LONG | long=tp(+7.94%) short=sl(-4.12%) | scanned=5 | long_tp_only
  [label] 2021-11-15 16:00 BTCUSDT entry=63654.4900 → SHORT | long=sl(-3.61%) short=tp(+6.92%) | scanned=2 | short_tp_only
  [label] 2022-02-15 00:00 ETHUSDT entry=3048.0100 → SHORT | long=sl(-5.29%) short=tp(+10.28%) | scanned=13 | short_tp_only
  [label] 2022-03-18 08:00 ETHUSDT entry=2894.0000 → LONG | long=tp(+8.75%) short=sl(-4.53%) | scanned=20 | long_tp_only
  [label] 2022-04-02 16:00 ETHUSDT entry=3443.0700 → SHORT | long=sl(-3.86%) short=sl(-3.86%) | scanned=10 | no_tp→fwd_return=-2.8989
  [label] 2022-04-15 16:00 ETHUSDT entry=3039.1900 → LONG | long=sl(-3.63%) short=sl(-3.63%) | scanned=14 | no_tp→fwd_return=+0.9062
  [label] 2022-05-04 00:00 ETHUSDT entry=2828.1200 → SHORT | long=sl(-3.88%) short=sl(-3.88%) | scanned=4 | no_tp→fwd_return=-3.0929
  [label] 2022-05-11 16:00 ETHUSDT entry=2083.9800 → SHORT | long=sl(-10.65%) short=timeout(+8.05%) | scanned=22 | no_tp→fwd_return=-8.1469
  [label] 2022-05-22 08:00 ETHUSDT entry=2003.4500 → SHORT | long=sl(-5.48%) short=tp(+10.67%) | scanned=12 | short_tp_only
  [label] 2022-06-30 16:00 BTCUSDT entry=19923.5000 → LONG | long=sl(-5.45%) short=sl(-5.45%) | scanned=20 | no_tp→fwd_return=+4.8104
  [label] 2022-07-12 08:00 BTCUSDT entry=19876.9000 → LONG | long=sl(-4.43%) short=sl(-4.43%) | scanned=7 | no_tp→fwd_return=+3.5302
  [label] 2022-10-05 16:00 BTCUSDT entry=20150.0000 → SHORT | long=sl(-3.41%) short=timeout(+4.87%) | scanned=22 | no_tp→fwd_return=-4.9727
  [sample_weight_mode=composite_inv_concurrency] cell=(A, 2022-11) weight_mean=1.0000 weight_std=0.5005 kish=0.7997
  Labels: 2249 long (51.9%), 2087 short (48.1%) | weights: min=0.98, mean=1.00, max=20.48
  Features: 4336/4336 matched, 43 columns
  CV gap: 44 rows
  [ensemble 1/5] seed=42
  [frozen_hp] Trained with baseline HP: n_est=337 depth=3 ct=0.538
  [ensemble 2/5] seed=123
  [frozen_hp] Trained with baseline HP: n_est=138 depth=3 ct=0.571
  [ensemble 3/5] seed=456
  [frozen_hp] Trained with baseline HP: n_est=140 depth=3 ct=0.600
  [ensemble 4/5] seed=789
  [frozen_hp] Trained with baseline HP: n_est=362 depth=3 ct=0.650
  [ensemble 5/5] seed=1001
  [frozen_hp] Trained with baseline HP: n_est=459 depth=5 ct=0.646
  OOD: 16 features, cutoff (q=0.7) = 8.76
  Model trained for 2022-11: 180 test candles with features, confidence_threshold=0.601
[predict] 2022-11-01 08:00 BTCUSDT → LONG (proba=0.82 TP=4.7%/SL=2.4%)
[trade:open] 2022-11-01 15:59 BTCUSDT LONG @ 20435.60 | SL=19954.10 TP=21398.61 | timeout=2022-11-08 15:59
[trade:close] 2022-11-05 07:59 BTCUSDT LONG → take_profit @ 21398.61 | PnL=+4.71% (net +4.61%) | cum=-119.01% 2022-11=+4.61% 2022-11-05=+4.61%
[trade:close] 2022-11-05 16:00 ETHUSDT SHORT → timeout @ 1635.26 | PnL=-0.21% (net -0.31%) | cum=-119.32% 2022-11=+4.30% 2022-11-05=+4.30%
[predict] 2022-11-06 00:00 BTCUSDT → LONG (proba=0.85 TP=4.8%/SL=2.4%)
[trade:open] 2022-11-06 07:59 BTCUSDT LONG @ 21185.30 | SL=20676.79 TP=22202.33 | timeout=2022-11-13 07:59
[predict] 2022-11-06 08:00 ETHUSDT → LONG (proba=0.77 TP=8.1%/SL=4.0%)
[trade:open] 2022-11-06 15:59 ETHUSDT LONG @ 1622.61 | SL=1557.25 TP=1753.33 | timeout=2022-11-13 15:59
[trade:close] 2022-11-07 07:59 BTCUSDT LONG → stop_loss @ 20676.79 | PnL=-2.40% (net -2.50%) | cum=-121.82% 2022-11=+1.80% 2022-11-07=-2.50%
[trade:close] 2022-11-07 07:59 ETHUSDT LONG → stop_loss @ 1557.25 | PnL=-4.03% (net -4.13%) | cum=-125.95% 2022-11=-2.33% 2022-11-07=-6.63%
[predict] 2022-11-08 08:00 BTCUSDT → LONG (proba=0.89 TP=6.8%/SL=3.4%)
[trade:open] 2022-11-08 15:59 BTCUSDT LONG @ 19513.80 | SL=18851.43 TP=20838.53 | timeout=2022-11-15 15:59
[trade:close] 2022-11-08 23:59 BTCUSDT LONG → stop_loss @ 18851.43 | PnL=-3.39% (net -3.49%) | cum=-129.45% 2022-11=-5.82% 2022-11-08=-3.49%
[predict] 2022-11-11 16:00 BTCUSDT → LONG (proba=0.69 TP=16.5%/SL=8.3%)
[trade:open] 2022-11-11 23:59 BTCUSDT LONG @ 17058.30 | SL=15648.68 TP=19877.54 | timeout=2022-11-18 23:59
[predict] 2022-11-12 00:00 ETHUSDT → LONG (proba=0.61 TP=22.1%/SL=11.0%)
[trade:open] 2022-11-12 07:59 ETHUSDT LONG @ 1265.96 | SL=1126.34 TP=1545.19 | timeout=2022-11-19 07:59
[trade:close] 2022-11-19 00:00 BTCUSDT LONG → timeout @ 16689.70 | PnL=-2.16% (net -2.26%) | cum=-131.71% 2022-11=-8.08% 2022-11-19=-2.26%
[trade:close] 2022-11-19 08:00 ETHUSDT LONG → timeout @ 1206.10 | PnL=-4.73% (net -4.83%) | cum=-136.53% 2022-11=-12.91% 2022-11-19=-7.09%
[predict] 2022-11-19 16:00 BTCUSDT → LONG (proba=0.68 TP=6.5%/SL=3.2%)
[trade:open] 2022-11-19 23:59 BTCUSDT LONG @ 16692.90 | SL=16151.14 TP=17776.41 | timeout=2022-11-26 23:59
[predict] 2022-11-20 00:00 ETHUSDT → LONG (proba=0.78 TP=8.7%/SL=4.3%)
[trade:open] 2022-11-20 07:59 ETHUSDT LONG @ 1219.67 | SL=1166.80 TP=1325.41 | timeout=2022-11-27 07:59
[trade:close] 2022-11-20 15:59 ETHUSDT LONG → stop_loss @ 1166.80 | PnL=-4.33% (net -4.43%) | cum=-140.97% 2022-11=-17.34% 2022-11-20=-4.43%
[trade:close] 2022-11-21 07:59 BTCUSDT LONG → stop_loss @ 16151.14 | PnL=-3.25% (net -3.35%) | cum=-144.31% 2022-11=-20.69% 2022-11-21=-3.35%
[predict] 2022-11-22 00:00 BTCUSDT → LONG (proba=0.79 TP=7.0%/SL=3.5%)
[trade:open] 2022-11-22 07:59 BTCUSDT LONG @ 15754.90 | SL=15204.53 TP=16855.63 | timeout=2022-11-29 07:59
[predict] 2022-11-25 08:00 ETHUSDT → SHORT (proba=0.63 TP=8.8%/SL=4.4%)
[trade:open] 2022-11-25 15:59 ETHUSDT SHORT @ 1189.18 | SL=1241.27 TP=1085.00 | timeout=2022-12-02 15:59
[trade:close] 2022-11-29 08:00 BTCUSDT LONG → timeout @ 16456.00 | PnL=+4.45% (net +4.35%) | cum=-139.96% 2022-11=-16.34% 2022-11-29=+4.35%
[trade:close] 2022-11-30 07:59 ETHUSDT SHORT → stop_loss @ 1241.27 | PnL=-4.38% (net -4.48%) | cum=-144.44% 2022-11=-20.82% 2022-11-30=-4.48%
[predict] 2022-11-30 08:00 BTCUSDT → LONG (proba=0.70 TP=5.1%/SL=2.6%)
[trade:open] 2022-11-30 15:59 BTCUSDT LONG @ 16856.80 | SL=16425.31 TP=17719.78 | timeout=2022-12-07 15:59
[lgbm] === Training for 2022-12 ===
  Train window: 2020-12-01 → 2022-11-23
  4336 training samples from 2 symbols
  Samples per month: 2020-12: 186, 2021-01: 186, 2021-02: 168, 2021-03: 186, 2021-04: 180, 2021-05: 186, 2021-06: 180, 2021-07: 186, 2021-08: 186, 2021-09: 180, 2021-10: 186, 2021-11: 180, 2021-12: 186, 2022-01: 186, 2022-02: 168, 2022-03: 186, 2022-04: 180, 2022-05: 186, 2022-06: 180, 2022-07: 186, 2022-08: 186, 2022-09: 180, 2022-10: 186, 2022-11: 136
  [label] 2021-01-31 16:00 ETHUSDT entry=1313.1200 → LONG | long=tp(+17.50%) short=sl(-8.90%) | scanned=6 | long_tp_only
  [label] 2021-02-03 00:00 ETHUSDT entry=1549.6300 → LONG | long=tp(+14.38%) short=sl(-7.34%) | scanned=17 | long_tp_only
  [label] 2021-02-06 16:00 ETHUSDT entry=1679.3400 → LONG | long=sl(-7.33%) short=sl(-7.33%) | scanned=8 | no_tp→fwd_return=+4.2725
  [label] 2021-03-03 08:00 ETHUSDT entry=1602.7200 → LONG | long=sl(-9.38%) short=sl(-9.38%) | scanned=14 | no_tp→fwd_return=+5.5843
  [label] 2021-04-25 00:00 ETHUSDT entry=2197.2500 → LONG | long=tp(+20.75%) short=sl(-10.53%) | scanned=7 | long_tp_only
  [label] 2021-10-08 16:00 ETHUSDT entry=3563.8100 → LONG | long=sl(-4.96%) short=sl(-4.96%) | scanned=17 | no_tp→fwd_return=+6.9684
  [label] 2021-10-12 16:00 ETHUSDT entry=3492.9100 → LONG | long=tp(+9.94%) short=sl(-5.12%) | scanned=7 | long_tp_only
  [label] 2021-10-22 08:00 BTCUSDT entry=60744.9200 → LONG | long=sl(-5.18%) short=timeout(-2.74%) | scanned=22 | no_tp→fwd_return=+2.6362
  [label] 2021-12-06 08:00 ETHUSDT entry=4122.7600 → SHORT | long=sl(-7.96%) short=sl(-7.96%) | scanned=21 | no_tp→fwd_return=-7.6762
  [label] 2021-12-15 16:00 BTCUSDT entry=48870.4800 → SHORT | long=sl(-5.45%) short=timeout(+0.52%) | scanned=22 | no_tp→fwd_return=-0.6155
  [label] 2022-03-17 00:00 ETHUSDT entry=2755.3900 → LONG | long=tp(+9.53%) short=sl(-4.92%) | scanned=15 | long_tp_only
  [label] 2022-04-17 08:00 ETHUSDT entry=3071.6600 → SHORT | long=sl(-3.14%) short=tp(+5.98%) | scanned=2 | short_tp_only
  [label] 2022-05-02 16:00 ETHUSDT entry=2855.1600 → SHORT | long=sl(-4.31%) short=tp(+8.33%) | scanned=15 | short_tp_only
  [label] 2022-05-15 16:00 ETHUSDT entry=2144.0700 → SHORT | long=sl(-9.26%) short=timeout(+4.63%) | scanned=22 | no_tp→fwd_return=-4.7312
  [label] 2022-06-03 00:00 ETHUSDT entry=1813.2300 → SHORT | long=timeout(-1.51%) short=sl(-5.50%) | scanned=22 | no_tp→fwd_return=-1.4118
  [label] 2022-06-10 16:00 ETHUSDT entry=1661.9500 → SHORT | long=sl(-5.76%) short=tp(+11.23%) | scanned=4 | short_tp_only
  [label] 2022-06-21 08:00 ETHUSDT entry=1167.7900 → LONG | long=timeout(+1.22%) short=timeout(-1.42%) | scanned=22 | no_tp→fwd_return=+1.3247
  [label] 2022-07-30 16:00 BTCUSDT entry=23629.9000 → SHORT | long=sl(-4.85%) short=timeout(+2.81%) | scanned=22 | no_tp→fwd_return=-2.9056
  [label] 2022-08-11 08:00 BTCUSDT entry=24336.6000 → SHORT | long=sl(-3.81%) short=timeout(+3.59%) | scanned=22 | no_tp→fwd_return=-3.6866
  [label] 2022-11-04 16:00 BTCUSDT entry=21137.6000 → SHORT | long=sl(-2.85%) short=tp(+5.41%) | scanned=10 | short_tp_only
  [sample_weight_mode=composite_inv_concurrency] cell=(A, 2022-12) weight_mean=1.0000 weight_std=0.5005 kish=0.7997
  Labels: 2182 long (50.3%), 2154 short (49.7%) | weights: min=0.98, mean=1.00, max=20.48
  Features: 4336/4336 matched, 43 columns
  CV gap: 44 rows
  [ensemble 1/5] seed=42
  [frozen_hp] Trained with baseline HP: n_est=474 depth=4 ct=0.850
  [ensemble 2/5] seed=123
  [frozen_hp] Trained with baseline HP: n_est=65 depth=4 ct=0.644
  [ensemble 3/5] seed=456
  [frozen_hp] Trained with baseline HP: n_est=53 depth=4 ct=0.657
  [ensemble 4/5] seed=789
  [frozen_hp] Trained with baseline HP: n_est=467 depth=4 ct=0.706
  [ensemble 5/5] seed=1001
  [frozen_hp] Trained with baseline HP: n_est=459 depth=5 ct=0.646
  OOD: 16 features, cutoff (q=0.7) = 8.62
  Model trained for 2022-12: 186 test candles with features, confidence_threshold=0.701
[predict] 2022-12-04 00:00 ETHUSDT → SHORT (proba=0.70 TP=7.2%/SL=3.6%)
[trade:open] 2022-12-04 07:59 ETHUSDT SHORT @ 1256.26 | SL=1301.71 TP=1165.36 | timeout=2022-12-11 07:59
[trade:close] 2022-12-05 07:59 ETHUSDT SHORT → stop_loss @ 1301.71 | PnL=-3.62% (net -3.72%) | cum=-148.16% 2022-12=-3.72% 2022-12-05=-3.72%
[predict] 2022-12-06 08:00 ETHUSDT → SHORT (proba=0.74 TP=6.7%/SL=3.4%)
[trade:open] 2022-12-06 15:59 ETHUSDT SHORT @ 1253.79 | SL=1295.79 TP=1169.79 | timeout=2022-12-13 15:59
[trade:close] 2022-12-07 16:00 BTCUSDT LONG → timeout @ 16829.10 | PnL=-0.16% (net -0.26%) | cum=-148.43% 2022-12=-3.98% 2022-12-07=-0.26%
[trade:close] 2022-12-09 15:59 ETHUSDT SHORT → stop_loss @ 1295.79 | PnL=-3.35% (net -3.45%) | cum=-151.88% 2022-12=-7.43% 2022-12-09=-3.45%
[predict] 2022-12-14 08:00 ETHUSDT → SHORT (proba=0.70 TP=6.0%/SL=3.0%)
[trade:open] 2022-12-14 15:59 ETHUSDT SHORT @ 1338.30 | SL=1378.15 TP=1258.60 | timeout=2022-12-21 15:59
[trade:close] 2022-12-15 23:59 ETHUSDT SHORT → take_profit @ 1258.60 | PnL=+5.96% (net +5.86%) | cum=-146.02% 2022-12=-1.58% 2022-12-15=+5.86%
[predict] 2022-12-17 00:00 ETHUSDT → SHORT (proba=0.77 TP=8.5%/SL=4.2%)
[trade:open] 2022-12-17 07:59 ETHUSDT SHORT @ 1183.00 | SL=1233.19 TP=1082.62 | timeout=2022-12-24 07:59
[trade:close] 2022-12-22 23:59 ETHUSDT SHORT → stop_loss @ 1233.19 | PnL=-4.24% (net -4.34%) | cum=-150.36% 2022-12=-5.92% 2022-12-22=-4.34%
[predict] 2022-12-23 08:00 BTCUSDT → SHORT (proba=0.81 TP=4.0%/SL=2.0%)
[trade:open] 2022-12-23 15:59 BTCUSDT SHORT @ 16825.90 | SL=17165.23 TP=16147.25 | timeout=2022-12-30 15:59
[predict] 2022-12-26 08:00 ETHUSDT → SHORT (proba=0.75 TP=4.9%/SL=2.4%)
[trade:open] 2022-12-26 15:59 ETHUSDT SHORT @ 1214.64 | SL=1244.21 TP=1155.49 | timeout=2023-01-02 15:59
[trade:close] 2022-12-30 16:00 BTCUSDT SHORT → timeout @ 16547.70 | PnL=+1.65% (net +1.55%) | cum=-148.81% 2022-12=-4.37% 2022-12-30=+1.55%
[lgbm] === Training for 2023-01 ===
  Train window: 2021-01-01 → 2022-12-24
  4336 training samples from 2 symbols
  Samples per month: 2021-01: 186, 2021-02: 168, 2021-03: 186, 2021-04: 180, 2021-05: 186, 2021-06: 180, 2021-07: 186, 2021-08: 186, 2021-09: 180, 2021-10: 186, 2021-11: 180, 2021-12: 186, 2022-01: 186, 2022-02: 168, 2022-03: 186, 2022-04: 180, 2022-05: 186, 2022-06: 180, 2022-07: 186, 2022-08: 186, 2022-09: 180, 2022-10: 186, 2022-11: 180, 2022-12: 142
  [label] 2021-03-03 16:00 ETHUSDT entry=1568.6300 → LONG | long=tp(+18.31%) short=sl(-9.30%) | scanned=16 | long_tp_only
  [label] 2021-03-06 00:00 ETHUSDT entry=1591.5300 → LONG | long=tp(+16.89%) short=sl(-8.59%) | scanned=9 | long_tp_only
  [label] 2021-03-09 16:00 ETHUSDT entry=1873.3100 → SHORT | long=sl(-6.48%) short=timeout(+3.43%) | scanned=22 | no_tp→fwd_return=-3.5264
  [label] 2021-04-03 08:00 ETHUSDT entry=2072.2100 → LONG | long=sl(-5.04%) short=sl(-5.04%) | scanned=20 | no_tp→fwd_return=+4.6945
  [label] 2021-05-26 00:00 ETHUSDT entry=2890.3300 → SHORT | long=sl(-15.86%) short=timeout(+6.68%) | scanned=22 | no_tp→fwd_return=-6.7785
  [label] 2021-11-08 16:00 ETHUSDT entry=4814.3000 → SHORT | long=sl(-3.47%) short=tp(+6.65%) | scanned=6 | short_tp_only
  [label] 2021-11-12 16:00 ETHUSDT entry=4665.9900 → SHORT | long=sl(-4.42%) short=tp(+8.54%) | scanned=10 | short_tp_only
  [label] 2021-11-22 08:00 BTCUSDT entry=58206.7000 → SHORT | long=sl(-4.56%) short=timeout(+1.73%) | scanned=22 | no_tp→fwd_return=-1.8274
  [label] 2022-01-06 08:00 ETHUSDT entry=3394.6800 → SHORT | long=sl(-5.46%) short=tp(+10.63%) | scanned=7 | short_tp_only
  [label] 2022-01-15 16:00 BTCUSDT entry=43070.5100 → SHORT | long=sl(-3.68%) short=tp(+7.05%) | scanned=16 | short_tp_only
  [label] 2022-04-17 00:00 ETHUSDT entry=3036.2100 → LONG | long=sl(-3.26%) short=sl(-3.26%) | scanned=10 | no_tp→fwd_return=+1.0052
  [label] 2022-05-18 08:00 ETHUSDT entry=1954.8600 → LONG | long=timeout(+0.33%) short=timeout(-0.53%) | scanned=22 | no_tp→fwd_return=+0.4302
  [label] 2022-06-02 16:00 ETHUSDT entry=1833.3700 → SHORT | long=sl(-5.68%) short=timeout(+2.37%) | scanned=22 | no_tp→fwd_return=-2.4730
  [label] 2022-06-15 16:00 ETHUSDT entry=1236.4900 → SHORT | long=sl(-14.43%) short=tp(+28.56%) | scanned=9 | short_tp_only
  [label] 2022-07-04 00:00 ETHUSDT entry=1050.1600 → LONG | long=tp(+12.80%) short=sl(-6.55%) | scanned=8 | long_tp_only
  [label] 2022-07-11 16:00 ETHUSDT entry=1095.9500 → LONG | long=sl(-5.79%) short=sl(-5.79%) | scanned=9 | no_tp→fwd_return=+8.8562
  [label] 2022-07-22 08:00 ETHUSDT entry=1574.1000 → LONG | long=sl(-7.65%) short=sl(-7.65%) | scanned=18 | no_tp→fwd_return=+9.7973
  [label] 2022-08-30 16:00 BTCUSDT entry=19803.1000 → SHORT | long=sl(-3.90%) short=timeout(+5.06%) | scanned=22 | no_tp→fwd_return=-5.1588
  [label] 2022-09-11 08:00 BTCUSDT entry=21633.9000 → SHORT | long=sl(-3.45%) short=sl(-3.45%) | scanned=6 | no_tp→fwd_return=-3.7441
  [label] 2022-12-05 16:00 BTCUSDT entry=16958.3000 → LONG | long=timeout(+1.33%) short=sl(-2.35%) | scanned=22 | no_tp→fwd_return=+1.4253
  [sample_weight_mode=composite_inv_concurrency] cell=(A, 2023-01) weight_mean=1.0000 weight_std=0.5005 kish=0.7997
  Labels: 2179 long (50.3%), 2157 short (49.7%) | weights: min=0.98, mean=1.00, max=20.48
  Features: 4336/4336 matched, 43 columns
  CV gap: 44 rows
  [ensemble 1/5] seed=42
  [frozen_hp] Trained with baseline HP: n_est=446 depth=3 ct=0.822
  [ensemble 2/5] seed=123
  [frozen_hp] Trained with baseline HP: n_est=112 depth=3 ct=0.805
  [ensemble 3/5] seed=456
  [frozen_hp] Trained with baseline HP: n_est=413 depth=4 ct=0.802
  [ensemble 4/5] seed=789
  [frozen_hp] Trained with baseline HP: n_est=406 depth=3 ct=0.846
  [ensemble 5/5] seed=1001
  [frozen_hp] Trained with baseline HP: n_est=100 depth=3 ct=0.770
  OOD: 16 features, cutoff (q=0.7) = 8.60
  Model trained for 2023-01: 186 test candles with features, confidence_threshold=0.809
[trade:close] 2023-01-02 16:00 ETHUSDT SHORT → timeout @ 1218.49 | PnL=-0.32% (net -0.42%) | cum=-149.23% 2023-01=-0.42% 2023-01-02=-0.42%
[lgbm] === Training for 2023-02 ===
  Train window: 2021-02-01 → 2023-01-24
  4336 training samples from 2 symbols
  Samples per month: 2021-02: 168, 2021-03: 186, 2021-04: 180, 2021-05: 186, 2021-06: 180, 2021-07: 186, 2021-08: 186, 2021-09: 180, 2021-10: 186, 2021-11: 180, 2021-12: 186, 2022-01: 186, 2022-02: 168, 2022-03: 186, 2022-04: 180, 2022-05: 186, 2022-06: 180, 2022-07: 186, 2022-08: 186, 2022-09: 180, 2022-10: 186, 2022-11: 180, 2022-12: 186, 2023-01: 142
  [label] 2021-04-03 16:00 ETHUSDT entry=2012.6300 → LONG | long=timeout(+6.03%) short=sl(-5.35%) | scanned=22 | no_tp→fwd_return=+6.1278
  [label] 2021-04-06 00:00 ETHUSDT entry=2101.7700 → LONG | long=sl(-5.02%) short=sl(-5.02%) | scanned=12 | no_tp→fwd_return=+3.2220
  [label] 2021-04-09 16:00 ETHUSDT entry=2068.0200 → LONG | long=tp(+9.20%) short=sl(-4.75%) | scanned=11 | long_tp_only
  [label] 2021-05-04 08:00 ETHUSDT entry=3234.0000 → LONG | long=tp(+13.86%) short=sl(-7.08%) | scanned=13 | long_tp_only
  [label] 2021-06-26 00:00 ETHUSDT entry=1750.3900 → LONG | long=tp(+19.78%) short=sl(-10.04%) | scanned=7 | long_tp_only
  [label] 2021-12-09 16:00 ETHUSDT entry=4103.8000 → SHORT | long=sl(-6.58%) short=timeout(+3.44%) | scanned=22 | no_tp→fwd_return=-3.5365
  [label] 2021-12-13 16:00 ETHUSDT entry=3780.6300 → LONG | long=timeout(+4.21%) short=sl(-6.95%) | scanned=22 | no_tp→fwd_return=+4.3075
  [label] 2021-12-23 08:00 BTCUSDT entry=48788.0000 → SHORT | long=sl(-3.69%) short=sl(-3.69%) | scanned=18 | no_tp→fwd_return=-1.7353
  [label] 2022-02-06 08:00 ETHUSDT entry=2989.9400 → SHORT | long=timeout(-2.49%) short=sl(-5.17%) | scanned=22 | no_tp→fwd_return=-2.3944
  [label] 2022-02-15 16:00 BTCUSDT entry=44529.6000 → SHORT | long=sl(-3.70%) short=tp(+7.11%) | scanned=6 | short_tp_only
  [label] 2022-05-18 00:00 ETHUSDT entry=2037.7300 → SHORT | long=timeout(-3.10%) short=timeout(+2.90%) | scanned=22 | no_tp→fwd_return=-3.0009
  [label] 2022-06-18 08:00 ETHUSDT entry=989.0400 → LONG | long=timeout(+19.56%) short=sl(-13.99%) | scanned=22 | no_tp→fwd_return=+19.6554
  [label] 2022-07-03 16:00 ETHUSDT entry=1073.9000 → LONG | long=tp(+12.92%) short=sl(-6.61%) | scanned=11 | long_tp_only
  [label] 2022-07-16 16:00 ETHUSDT entry=1355.3700 → LONG | long=tp(+14.21%) short=sl(-7.25%) | scanned=6 | long_tp_only
  [label] 2022-08-04 00:00 ETHUSDT entry=1625.2700 → LONG | long=tp(+11.68%) short=sl(-5.99%) | scanned=13 | long_tp_only
  [label] 2022-08-11 16:00 ETHUSDT entry=1879.3500 → SHORT | long=timeout(-1.88%) short=sl(-5.21%) | scanned=22 | no_tp→fwd_return=-1.7820
  [label] 2022-08-22 08:00 ETHUSDT entry=1588.7700 → SHORT | long=sl(-6.31%) short=sl(-6.31%) | scanned=13 | no_tp→fwd_return=-5.1323
  [label] 2022-09-30 16:00 BTCUSDT entry=19411.7000 → LONG | long=timeout(+0.46%) short=sl(-4.91%) | scanned=22 | no_tp→fwd_return=+0.5625
  [label] 2022-10-12 08:00 BTCUSDT entry=19130.5000 → SHORT | long=sl(-2.34%) short=tp(+4.39%) | scanned=3 | short_tp_only
  [label] 2023-01-05 16:00 BTCUSDT entry=16823.8000 → LONG | long=tp(+2.31%) short=sl(-1.30%) | scanned=10 | long_tp_only
  [sample_weight_mode=composite_inv_concurrency] cell=(A, 2023-02) weight_mean=1.0000 weight_std=0.5005 kish=0.7997
  Labels: 2217 long (51.1%), 2119 short (48.9%) | weights: min=0.98, mean=1.00, max=20.48
  Features: 4336/4336 matched, 43 columns
  CV gap: 44 rows
  [ensemble 1/5] seed=42
  [frozen_hp] Trained with baseline HP: n_est=137 depth=5 ct=0.850
  [ensemble 2/5] seed=123
  [frozen_hp] Trained with baseline HP: n_est=147 depth=4 ct=0.782
  [ensemble 3/5] seed=456
  [frozen_hp] Trained with baseline HP: n_est=124 depth=3 ct=0.782
  [ensemble 4/5] seed=789
  [frozen_hp] Trained with baseline HP: n_est=98 depth=3 ct=0.780
  [ensemble 5/5] seed=1001
  [frozen_hp] Trained with baseline HP: n_est=50 depth=3 ct=0.661
  OOD: 16 features, cutoff (q=0.7) = 8.79
  Model trained for 2023-02: 168 test candles with features, confidence_threshold=0.771
[lgbm] === Training for 2023-03 ===
  Train window: 2021-03-01 → 2023-02-21
  4336 training samples from 2 symbols
  Samples per month: 2021-03: 186, 2021-04: 180, 2021-05: 186, 2021-06: 180, 2021-07: 186, 2021-08: 186, 2021-09: 180, 2021-10: 186, 2021-11: 180, 2021-12: 186, 2022-01: 186, 2022-02: 168, 2022-03: 186, 2022-04: 180, 2022-05: 186, 2022-06: 180, 2022-07: 186, 2022-08: 186, 2022-09: 180, 2022-10: 186, 2022-11: 180, 2022-12: 186, 2023-01: 186, 2023-02: 124
  [label] 2021-05-01 16:00 ETHUSDT entry=2947.0100 → LONG | long=tp(+10.56%) short=sl(-5.43%) | scanned=6 | long_tp_only
  [label] 2021-05-04 00:00 ETHUSDT entry=3319.9700 → LONG | long=tp(+12.22%) short=sl(-6.26%) | scanned=14 | long_tp_only
  [label] 2021-05-07 16:00 ETHUSDT entry=3480.9800 → LONG | long=tp(+14.46%) short=sl(-7.38%) | scanned=7 | long_tp_only
  [label] 2021-06-01 08:00 ETHUSDT entry=2567.5700 → SHORT | long=timeout(-7.61%) short=sl(-11.47%) | scanned=22 | no_tp→fwd_return=-7.5102
  [label] 2021-07-24 00:00 ETHUSDT entry=2131.5500 → LONG | long=tp(+10.72%) short=sl(-5.51%) | scanned=6 | long_tp_only
  [label] 2022-01-06 16:00 ETHUSDT entry=3404.6000 → SHORT | long=sl(-5.26%) short=tp(+10.23%) | scanned=2 | short_tp_only
  [label] 2022-01-10 16:00 ETHUSDT entry=3081.3100 → LONG | long=timeout(+4.03%) short=sl(-6.36%) | scanned=22 | no_tp→fwd_return=+4.1314
  [label] 2022-01-20 08:00 BTCUSDT entry=43275.7400 → SHORT | long=sl(-3.48%) short=tp(+6.67%) | scanned=2 | short_tp_only
  [label] 2022-03-06 08:00 ETHUSDT entry=2625.9900 → LONG | long=sl(-5.58%) short=sl(-5.58%) | scanned=9 | no_tp→fwd_return=+4.9730
  [label] 2022-03-15 16:00 BTCUSDT entry=39271.0000 → LONG | long=tp(+8.97%) short=sl(-4.64%) | scanned=19 | long_tp_only
  [label] 2022-06-15 00:00 ETHUSDT entry=1093.6000 → SHORT | long=sl(-14.73%) short=sl(-14.73%) | scanned=11 | no_tp→fwd_return=-9.0993
  [label] 2022-07-16 08:00 ETHUSDT entry=1274.1600 → LONG | long=tp(+12.80%) short=sl(-6.55%) | scanned=1 | long_tp_only
  [label] 2022-07-31 16:00 ETHUSDT entry=1677.6300 → LONG | long=sl(-6.50%) short=timeout(-1.39%) | scanned=22 | no_tp→fwd_return=+1.2887
  [label] 2022-08-13 16:00 ETHUSDT entry=1982.8000 → SHORT | long=sl(-4.61%) short=tp(+8.92%) | scanned=16 | short_tp_only
  [label] 2022-09-01 00:00 ETHUSDT entry=1543.9900 → LONG | long=timeout(+4.36%) short=sl(-6.49%) | scanned=22 | no_tp→fwd_return=+4.4612
  [label] 2022-09-08 16:00 ETHUSDT entry=1634.2200 → SHORT | long=sl(-5.77%) short=sl(-5.77%) | scanned=20 | no_tp→fwd_return=-8.7161
  [label] 2022-09-19 08:00 ETHUSDT entry=1341.0300 → SHORT | long=sl(-7.19%) short=timeout(+1.15%) | scanned=22 | no_tp→fwd_return=-1.2490
  [label] 2022-10-28 16:00 BTCUSDT entry=20582.8000 → LONG | long=sl(-2.74%) short=sl(-2.74%) | scanned=20 | no_tp→fwd_return=+1.1976
  [label] 2022-11-09 08:00 BTCUSDT entry=17098.4000 → SHORT | long=sl(-6.94%) short=timeout(+3.84%) | scanned=22 | no_tp→fwd_return=-3.9436
  [label] 2023-02-02 16:00 BTCUSDT entry=23493.1000 → SHORT | long=sl(-3.31%) short=tp(+6.31%) | scanned=21 | short_tp_only
  [sample_weight_mode=composite_inv_concurrency] cell=(A, 2023-03) weight_mean=1.0000 weight_std=0.5005 kish=0.7997
  Labels: 2174 long (50.1%), 2162 short (49.9%) | weights: min=0.98, mean=1.00, max=20.48
  Features: 4336/4336 matched, 43 columns
  CV gap: 44 rows
  [ensemble 1/5] seed=42
  [frozen_hp] Trained with baseline HP: n_est=412 depth=3 ct=0.670
  [ensemble 2/5] seed=123
  [frozen_hp] Trained with baseline HP: n_est=428 depth=5 ct=0.504
  [ensemble 3/5] seed=456
  [frozen_hp] Trained with baseline HP: n_est=108 depth=4 ct=0.562
  [ensemble 4/5] seed=789
  [frozen_hp] Trained with baseline HP: n_est=407 depth=4 ct=0.613
  [ensemble 5/5] seed=1001
  [frozen_hp] Trained with baseline HP: n_est=290 depth=3 ct=0.719
  OOD: 16 features, cutoff (q=0.7) = 8.87
  Model trained for 2023-03: 186 test candles with features, confidence_threshold=0.614
[predict] 2023-03-01 00:00 BTCUSDT → LONG (proba=0.65 TP=6.2%/SL=3.1%)
[trade:open] 2023-03-01 07:59 BTCUSDT LONG @ 23709.60 | SL=22979.77 TP=25169.26 | timeout=2023-03-08 07:59
[predict] 2023-03-01 08:00 ETHUSDT → LONG (proba=0.81 TP=6.5%/SL=3.3%)
[trade:open] 2023-03-01 15:59 ETHUSDT LONG @ 1657.03 | SL=1602.81 TP=1765.46 | timeout=2023-03-08 15:59
[trade:close] 2023-03-03 07:59 BTCUSDT LONG → stop_loss @ 22979.77 | PnL=-3.08% (net -3.18%) | cum=-152.41% 2023-03=-3.18% 2023-03-03=-3.18%
[trade:close] 2023-03-03 07:59 ETHUSDT LONG → stop_loss @ 1602.81 | PnL=-3.27% (net -3.37%) | cum=-155.78% 2023-03=-6.55% 2023-03-03=-6.55%
[predict] 2023-03-04 00:00 ETHUSDT → LONG (proba=0.88 TP=7.1%/SL=3.5%)
[trade:open] 2023-03-04 07:59 ETHUSDT LONG @ 1568.00 | SL=1512.38 TP=1679.24 | timeout=2023-03-11 07:59
[predict] 2023-03-04 08:00 BTCUSDT → SHORT (proba=0.77 TP=5.9%/SL=3.0%)
[trade:open] 2023-03-04 15:59 BTCUSDT SHORT @ 22306.30 | SL=22964.71 TP=20989.47 | timeout=2023-03-11 15:59
[trade:close] 2023-03-09 23:59 BTCUSDT SHORT → take_profit @ 20989.47 | PnL=+5.90% (net +5.80%) | cum=-149.97% 2023-03=-0.75% 2023-03-09=+5.80%
[trade:close] 2023-03-09 23:59 ETHUSDT LONG → stop_loss @ 1512.38 | PnL=-3.55% (net -3.65%) | cum=-153.62% 2023-03=-4.39% 2023-03-09=+2.16%
[predict] 2023-03-11 16:00 BTCUSDT → SHORT (proba=0.64 TP=7.8%/SL=3.9%)
[trade:open] 2023-03-11 23:59 BTCUSDT SHORT @ 20447.30 | SL=21241.75 TP=18858.40 | timeout=2023-03-18 23:59
[predict] 2023-03-11 16:00 ETHUSDT → LONG (proba=0.63 TP=8.7%/SL=4.4%)
[trade:open] 2023-03-11 23:59 ETHUSDT LONG @ 1471.03 | SL=1406.79 TP=1599.51 | timeout=2023-03-18 23:59
[trade:close] 2023-03-12 23:59 BTCUSDT SHORT → stop_loss @ 21241.75 | PnL=-3.89% (net -3.99%) | cum=-157.61% 2023-03=-8.38% 2023-03-12=-3.99%
[trade:close] 2023-03-13 07:59 ETHUSDT LONG → take_profit @ 1599.51 | PnL=+8.73% (net +8.63%) | cum=-148.97% 2023-03=+0.25% 2023-03-13=+8.63%
[predict] 2023-03-16 08:00 BTCUSDT → SHORT (proba=0.86 TP=10.9%/SL=5.4%)
[trade:open] 2023-03-16 15:59 BTCUSDT SHORT @ 24880.60 | SL=26231.57 TP=22178.65 | timeout=2023-03-23 15:59
[predict] 2023-03-16 16:00 ETHUSDT → SHORT (proba=0.81 TP=9.8%/SL=4.9%)
[trade:open] 2023-03-16 23:59 ETHUSDT SHORT @ 1672.56 | SL=1754.62 TP=1508.44 | timeout=2023-03-23 23:59
[trade:close] 2023-03-17 15:59 BTCUSDT SHORT → stop_loss @ 26231.57 | PnL=-5.43% (net -5.53%) | cum=-154.50% 2023-03=-5.28% 2023-03-17=-5.53%
[trade:close] 2023-03-17 15:59 ETHUSDT SHORT → stop_loss @ 1754.62 | PnL=-4.91% (net -5.01%) | cum=-159.51% 2023-03=-10.28% 2023-03-17=-10.54%
[predict] 2023-03-18 08:00 ETHUSDT → SHORT (proba=0.71 TP=10.2%/SL=5.1%)
[trade:open] 2023-03-18 15:59 ETHUSDT SHORT @ 1785.73 | SL=1876.49 TP=1604.20 | timeout=2023-03-25 15:59
[predict] 2023-03-22 00:00 BTCUSDT → SHORT (proba=0.75 TP=8.4%/SL=4.2%)
[trade:open] 2023-03-22 07:59 BTCUSDT SHORT @ 28088.20 | SL=29261.45 TP=25741.70 | timeout=2023-03-29 07:59
[trade:close] 2023-03-25 16:00 ETHUSDT SHORT → timeout @ 1753.70 | PnL=+1.79% (net +1.69%) | cum=-157.82% 2023-03=-8.59% 2023-03-25=+1.69%
[predict] 2023-03-27 00:00 ETHUSDT → SHORT (proba=0.74 TP=7.7%/SL=3.9%)
[trade:open] 2023-03-27 07:59 ETHUSDT SHORT @ 1751.29 | SL=1818.91 TP=1616.06 | timeout=2023-04-03 07:59
[trade:close] 2023-03-29 07:59 ETHUSDT SHORT → stop_loss @ 1818.91 | PnL=-3.86% (net -3.96%) | cum=-161.78% 2023-03=-12.55% 2023-03-29=-3.96%
[trade:close] 2023-03-29 08:00 BTCUSDT SHORT → timeout @ 28077.80 | PnL=+0.04% (net -0.06%) | cum=-161.84% 2023-03=-12.61% 2023-03-29=-4.02%
[predict] 2023-03-30 00:00 BTCUSDT → SHORT (proba=0.70 TP=7.4%/SL=3.7%)
[trade:open] 2023-03-30 07:59 BTCUSDT SHORT @ 28706.60 | SL=29765.67 TP=26588.46 | timeout=2023-04-06 07:59
[predict] 2023-03-30 00:00 ETHUSDT → LONG (proba=0.65 TP=7.8%/SL=3.9%)
[trade:open] 2023-03-30 07:59 ETHUSDT LONG @ 1805.55 | SL=1735.00 TP=1946.65 | timeout=2023-04-06 07:59
[lgbm] === Training for 2023-04 ===
  Train window: 2021-04-01 → 2023-03-24
  4336 training samples from 2 symbols
  Samples per month: 2021-04: 180, 2021-05: 186, 2021-06: 180, 2021-07: 186, 2021-08: 186, 2021-09: 180, 2021-10: 186, 2021-11: 180, 2021-12: 186, 2022-01: 186, 2022-02: 168, 2022-03: 186, 2022-04: 180, 2022-05: 186, 2022-06: 180, 2022-07: 186, 2022-08: 186, 2022-09: 180, 2022-10: 186, 2022-11: 180, 2022-12: 186, 2023-01: 186, 2023-02: 168, 2023-03: 142
  [label] 2021-06-01 16:00 ETHUSDT entry=2634.6300 → SHORT | long=sl(-10.81%) short=timeout(+4.78%) | scanned=22 | no_tp→fwd_return=-4.8751
  [label] 2021-06-04 00:00 ETHUSDT entry=2620.9300 → SHORT | long=sl(-10.01%) short=timeout(+6.62%) | scanned=22 | no_tp→fwd_return=-6.7198
  [label] 2021-06-07 16:00 ETHUSDT entry=2592.9600 → SHORT | long=sl(-8.28%) short=timeout(+0.41%) | scanned=22 | no_tp→fwd_return=-0.5068
  [label] 2021-07-02 08:00 ETHUSDT entry=2123.4600 → LONG | long=timeout(+2.18%) short=sl(-7.71%) | scanned=22 | no_tp→fwd_return=+2.2765
  [label] 2021-08-24 00:00 ETHUSDT entry=3349.9100 → LONG | long=sl(-4.57%) short=timeout(-0.51%) | scanned=22 | no_tp→fwd_return=+0.4093
  [label] 2022-02-06 16:00 ETHUSDT entry=3054.2600 → SHORT | long=sl(-5.05%) short=sl(-5.05%) | scanned=15 | no_tp→fwd_return=-4.1981
  [label] 2022-02-10 16:00 ETHUSDT entry=3070.9000 → SHORT | long=sl(-6.00%) short=timeout(+5.76%) | scanned=22 | no_tp→fwd_return=-5.8647
  [label] 2022-02-20 08:00 BTCUSDT entry=38308.9000 → SHORT | long=sl(-4.17%) short=tp(+8.04%) | scanned=11 | short_tp_only
  [label] 2022-04-06 08:00 ETHUSDT entry=3255.8400 → SHORT | long=sl(-4.48%) short=tp(+8.66%) | scanned=16 | short_tp_only
  [label] 2022-04-15 16:00 BTCUSDT entry=40529.5000 → LONG | long=sl(-3.40%) short=sl(-3.40%) | scanned=14 | no_tp→fwd_return=+1.7706
  [label] 2022-07-16 00:00 ETHUSDT entry=1196.8500 → LONG | long=tp(+12.96%) short=sl(-6.63%) | scanned=2 | long_tp_only
  [label] 2022-08-16 08:00 ETHUSDT entry=1886.6300 → SHORT | long=sl(-5.01%) short=tp(+9.71%) | scanned=9 | short_tp_only
  [label] 2022-08-31 16:00 ETHUSDT entry=1553.0400 → LONG | long=timeout(+4.81%) short=sl(-6.68%) | scanned=22 | no_tp→fwd_return=+4.9136
  [label] 2022-09-13 16:00 ETHUSDT entry=1571.9000 → SHORT | long=sl(-6.52%) short=tp(+12.75%) | scanned=15 | short_tp_only
  [label] 2022-10-02 00:00 ETHUSDT entry=1310.5000 → LONG | long=timeout(+0.18%) short=sl(-4.57%) | scanned=22 | no_tp→fwd_return=+0.2831
  [label] 2022-10-09 16:00 ETHUSDT entry=1322.6100 → SHORT | long=sl(-2.85%) short=tp(+5.39%) | scanned=11 | short_tp_only
  [label] 2022-10-20 08:00 ETHUSDT entry=1299.0400 → LONG | long=sl(-3.08%) short=sl(-3.08%) | scanned=10 | no_tp→fwd_return=+4.9575
  [label] 2022-11-28 16:00 BTCUSDT entry=16204.5000 → LONG | long=tp(+4.79%) short=sl(-2.54%) | scanned=4 | long_tp_only
  [label] 2022-12-10 08:00 BTCUSDT entry=17200.3000 → LONG | long=sl(-1.82%) short=sl(-1.82%) | scanned=9 | no_tp→fwd_return=+3.1935
  [label] 2023-03-05 16:00 BTCUSDT entry=22419.4000 → SHORT | long=sl(-2.67%) short=tp(+5.04%) | scanned=12 | short_tp_only
  [sample_weight_mode=composite_inv_concurrency] cell=(A, 2023-04) weight_mean=1.0000 weight_std=0.5005 kish=0.7997
  Labels: 2129 long (49.1%), 2207 short (50.9%) | weights: min=0.98, mean=1.00, max=20.48
  Features: 4336/4336 matched, 43 columns
  CV gap: 44 rows
  [ensemble 1/5] seed=42
  [frozen_hp] Trained with baseline HP: n_est=242 depth=3 ct=0.644
  [ensemble 2/5] seed=123
  [frozen_hp] Trained with baseline HP: n_est=100 depth=5 ct=0.719
  [ensemble 3/5] seed=456
  [frozen_hp] Trained with baseline HP: n_est=80 depth=5 ct=0.805
  [ensemble 4/5] seed=789
  [frozen_hp] Trained with baseline HP: n_est=154 depth=5 ct=0.797
  [ensemble 5/5] seed=1001
  [frozen_hp] Trained with baseline HP: n_est=84 depth=5 ct=0.622
  OOD: 16 features, cutoff (q=0.7) = 9.02
  Model trained for 2023-04: 180 test candles with features, confidence_threshold=0.717
[trade:close] 2023-04-06 08:00 BTCUSDT SHORT → timeout @ 27896.70 | PnL=+2.82% (net +2.72%) | cum=-159.12% 2023-04=+2.72% 2023-04-06=+2.72%
[trade:close] 2023-04-06 08:00 ETHUSDT LONG → timeout @ 1878.35 | PnL=+4.03% (net +3.93%) | cum=-155.19% 2023-04=+6.65% 2023-04-06=+6.65%
[predict] 2023-04-11 08:00 ETHUSDT → LONG (proba=0.74 TP=5.0%/SL=2.5%)
[trade:open] 2023-04-11 15:59 ETHUSDT LONG @ 1912.86 | SL=1865.44 TP=2007.71 | timeout=2023-04-18 15:59
[trade:close] 2023-04-12 07:59 ETHUSDT LONG → stop_loss @ 1865.44 | PnL=-2.48% (net -2.58%) | cum=-157.77% 2023-04=+4.07% 2023-04-12=-2.58%
[predict] 2023-04-13 00:00 ETHUSDT → LONG (proba=0.80 TP=5.5%/SL=2.8%)
[trade:open] 2023-04-13 07:59 ETHUSDT LONG @ 1921.10 | SL=1867.97 TP=2027.35 | timeout=2023-04-20 07:59
[trade:close] 2023-04-14 07:59 ETHUSDT LONG → take_profit @ 2027.35 | PnL=+5.53% (net +5.43%) | cum=-152.33% 2023-04=+9.50% 2023-04-14=+5.43%
[predict] 2023-04-21 00:00 BTCUSDT → LONG (proba=0.73 TP=6.2%/SL=3.1%)
[trade:open] 2023-04-21 07:59 BTCUSDT LONG @ 28142.30 | SL=27276.24 TP=29874.42 | timeout=2023-04-28 07:59
[trade:close] 2023-04-21 23:59 BTCUSDT LONG → stop_loss @ 27276.24 | PnL=-3.08% (net -3.18%) | cum=-155.51% 2023-04=+6.33% 2023-04-21=-3.18%
[predict] 2023-04-24 16:00 BTCUSDT → LONG (proba=0.74 TP=5.8%/SL=2.9%)
[trade:open] 2023-04-24 23:59 BTCUSDT LONG @ 27497.50 | SL=26704.19 TP=29084.12 | timeout=2023-05-01 23:59
[trade:close] 2023-04-26 15:59 BTCUSDT LONG → take_profit @ 29084.12 | PnL=+5.77% (net +5.67%) | cum=-149.84% 2023-04=+12.00% 2023-04-26=+5.67%
[predict] 2023-04-29 00:00 ETHUSDT → SHORT (proba=0.75 TP=7.7%/SL=3.9%)
[trade:open] 2023-04-29 07:59 ETHUSDT SHORT @ 1901.25 | SL=1974.57 TP=1754.60 | timeout=2023-05-06 07:59
[lgbm] === Training for 2023-05 ===
  Train window: 2021-05-01 → 2023-04-23
  4336 training samples from 2 symbols
  Samples per month: 2021-05: 186, 2021-06: 180, 2021-07: 186, 2021-08: 186, 2021-09: 180, 2021-10: 186, 2021-11: 180, 2021-12: 186, 2022-01: 186, 2022-02: 168, 2022-03: 186, 2022-04: 180, 2022-05: 186, 2022-06: 180, 2022-07: 186, 2022-08: 186, 2022-09: 180, 2022-10: 186, 2022-11: 180, 2022-12: 186, 2023-01: 186, 2023-02: 168, 2023-03: 186, 2023-04: 136
  [label] 2021-07-01 16:00 ETHUSDT entry=2105.2400 → LONG | long=timeout(+0.36%) short=sl(-7.70%) | scanned=22 | no_tp→fwd_return=+0.4579
  [label] 2021-07-04 00:00 ETHUSDT entry=2333.3900 → SHORT | long=sl(-6.53%) short=timeout(+9.94%) | scanned=22 | no_tp→fwd_return=-10.0356
  [label] 2021-07-07 16:00 ETHUSDT entry=2314.6500 → SHORT | long=sl(-6.11%) short=tp(+11.91%) | scanned=15 | short_tp_only
  [label] 2021-08-01 08:00 ETHUSDT entry=2584.0000 → LONG | long=sl(-5.18%) short=sl(-5.18%) | scanned=10 | no_tp→fwd_return=+5.4567
  [label] 2021-09-23 00:00 ETHUSDT entry=3143.4500 → SHORT | long=sl(-7.92%) short=timeout(+4.40%) | scanned=22 | no_tp→fwd_return=-4.5049
  [label] 2022-03-08 16:00 ETHUSDT entry=2575.4900 → LONG | long=timeout(+1.52%) short=sl(-6.18%) | scanned=22 | no_tp→fwd_return=+1.6230
  [label] 2022-03-12 16:00 ETHUSDT entry=2567.6400 → LONG | long=tp(+9.83%) short=sl(-5.06%) | scanned=14 | long_tp_only
  [label] 2022-03-22 08:00 BTCUSDT entry=42567.2000 → LONG | long=tp(+7.41%) short=sl(-3.85%) | scanned=16 | long_tp_only
  [label] 2022-05-06 08:00 ETHUSDT entry=2687.0600 → SHORT | long=sl(-4.88%) short=tp(+9.46%) | scanned=8 | short_tp_only
  [label] 2022-05-15 16:00 BTCUSDT entry=31324.4000 → SHORT | long=sl(-7.26%) short=timeout(+3.22%) | scanned=22 | no_tp→fwd_return=-3.3214
  [label] 2022-08-15 00:00 ETHUSDT entry=1899.3800 → SHORT | long=sl(-5.30%) short=tp(+10.29%) | scanned=13 | short_tp_only
  [label] 2022-09-15 08:00 ETHUSDT entry=1491.7800 → SHORT | long=sl(-8.00%) short=tp(+15.69%) | scanned=19 | short_tp_only
  [label] 2022-09-30 16:00 ETHUSDT entry=1327.7800 → LONG | long=timeout(+0.10%) short=timeout(-0.30%) | scanned=22 | no_tp→fwd_return=+0.1981
  [label] 2022-10-13 16:00 ETHUSDT entry=1286.3800 → SHORT | long=timeout(-0.42%) short=sl(-3.96%) | scanned=22 | no_tp→fwd_return=-0.3249
  [label] 2022-11-01 00:00 ETHUSDT entry=1590.5400 → LONG | long=sl(-4.58%) short=sl(-4.58%) | scanned=10 | no_tp→fwd_return=+2.1502
  [label] 2022-11-08 16:00 ETHUSDT entry=1333.4000 → SHORT | long=sl(-9.71%) short=tp(+19.12%) | scanned=3 | short_tp_only
  [label] 2022-11-19 08:00 ETHUSDT entry=1209.1800 → SHORT | long=sl(-4.90%) short=tp(+9.51%) | scanned=7 | short_tp_only
  [label] 2022-12-28 16:00 BTCUSDT entry=16539.0000 → LONG | long=timeout(+1.73%) short=sl(-1.58%) | scanned=22 | no_tp→fwd_return=+1.8326
  [label] 2023-01-09 08:00 BTCUSDT entry=17260.4000 → LONG | long=tp(+2.11%) short=sl(-1.20%) | scanned=7 | long_tp_only
  [label] 2023-04-04 16:00 BTCUSDT entry=28155.2000 → LONG | long=tp(+5.80%) short=sl(-3.05%) | scanned=18 | long_tp_only
  [sample_weight_mode=composite_inv_concurrency] cell=(A, 2023-05) weight_mean=1.0000 weight_std=0.5005 kish=0.7997
  Labels: 2122 long (48.9%), 2214 short (51.1%) | weights: min=0.98, mean=1.00, max=20.48
  Features: 4336/4336 matched, 43 columns
  CV gap: 44 rows
  [ensemble 1/5] seed=42
  [frozen_hp] Trained with baseline HP: n_est=420 depth=3 ct=0.842
  [ensemble 2/5] seed=123
  [frozen_hp] Trained with baseline HP: n_est=351 depth=4 ct=0.793
  [ensemble 3/5] seed=456
  [frozen_hp] Trained with baseline HP: n_est=167 depth=4 ct=0.761
  [ensemble 4/5] seed=789
  [frozen_hp] Trained with baseline HP: n_est=206 depth=4 ct=0.841
  [ensemble 5/5] seed=1001
  [frozen_hp] Trained with baseline HP: n_est=394 depth=3 ct=0.834
  OOD: 16 features, cutoff (q=0.7) = 9.16
  Model trained for 2023-05: 186 test candles with features, confidence_threshold=0.814
[trade:close] 2023-05-05 23:59 ETHUSDT SHORT → stop_loss @ 1974.57 | PnL=-3.86% (net -3.96%) | cum=-153.80% 2023-05=-3.96% 2023-05-05=-3.96%
[predict] 2023-05-28 08:00 BTCUSDT → SHORT (proba=0.83 TP=3.9%/SL=2.0%)
[trade:open] 2023-05-28 15:59 BTCUSDT SHORT @ 27264.10 | SL=27802.47 TP=26187.36 | timeout=2023-06-04 15:59
[trade:close] 2023-05-28 23:59 BTCUSDT SHORT → stop_loss @ 27802.47 | PnL=-1.97% (net -2.07%) | cum=-155.87% 2023-05=-6.03% 2023-05-28=-2.07%
[lgbm] === Training for 2023-06 ===
  Train window: 2021-06-01 → 2023-05-24
  4336 training samples from 2 symbols
  Samples per month: 2021-06: 180, 2021-07: 186, 2021-08: 186, 2021-09: 180, 2021-10: 186, 2021-11: 180, 2021-12: 186, 2022-01: 186, 2022-02: 168, 2022-03: 186, 2022-04: 180, 2022-05: 186, 2022-06: 180, 2022-07: 186, 2022-08: 186, 2022-09: 180, 2022-10: 186, 2022-11: 180, 2022-12: 186, 2023-01: 186, 2023-02: 168, 2023-03: 186, 2023-04: 180, 2023-05: 142
  [label] 2021-08-01 16:00 ETHUSDT entry=2554.7100 → LONG | long=tp(+11.04%) short=sl(-5.67%) | scanned=12 | long_tp_only
  [label] 2021-08-04 00:00 ETHUSDT entry=2478.3400 → LONG | long=tp(+11.72%) short=sl(-6.01%) | scanned=2 | long_tp_only
  [label] 2021-08-07 16:00 ETHUSDT entry=3163.2600 → LONG | long=sl(-6.33%) short=timeout(-3.36%) | scanned=22 | no_tp→fwd_return=+3.2577
  [label] 2021-09-01 08:00 ETHUSDT entry=3580.8600 → LONG | long=tp(+8.75%) short=sl(-4.52%) | scanned=6 | long_tp_only
  [label] 2021-10-24 00:00 ETHUSDT entry=4098.8400 → SHORT | long=sl(-5.02%) short=sl(-5.02%) | scanned=12 | no_tp→fwd_return=-2.1050
  [label] 2022-04-08 16:00 ETHUSDT entry=3191.2600 → SHORT | long=sl(-4.52%) short=timeout(+4.67%) | scanned=22 | no_tp→fwd_return=-4.7652
  [label] 2022-04-12 16:00 ETHUSDT entry=3026.3000 → LONG | long=sl(-4.28%) short=timeout(-2.55%) | scanned=22 | no_tp→fwd_return=+2.4492
  [label] 2022-04-22 08:00 BTCUSDT entry=39414.6000 → SHORT | long=sl(-3.97%) short=timeout(+0.98%) | scanned=22 | no_tp→fwd_return=-1.0821
  [label] 2022-06-06 08:00 ETHUSDT entry=1885.9100 → SHORT | long=sl(-4.51%) short=tp(+8.72%) | scanned=12 | short_tp_only
  [label] 2022-06-15 16:00 BTCUSDT entry=22567.5000 → SHORT | long=sl(-10.22%) short=tp(+20.15%) | scanned=9 | short_tp_only
  [label] 2022-09-15 00:00 ETHUSDT entry=1641.0100 → SHORT | long=sl(-6.35%) short=tp(+12.41%) | scanned=4 | short_tp_only
  [label] 2022-10-16 08:00 ETHUSDT entry=1285.5000 → LONG | long=timeout(+2.06%) short=sl(-3.32%) | scanned=22 | no_tp→fwd_return=+2.1571
  [label] 2022-10-31 16:00 ETHUSDT entry=1572.0100 → SHORT | long=timeout(-0.39%) short=sl(-4.75%) | scanned=22 | no_tp→fwd_return=-0.2856
  [label] 2022-11-13 16:00 ETHUSDT entry=1220.7800 → SHORT | long=timeout(-6.59%) short=timeout(+6.39%) | scanned=22 | no_tp→fwd_return=-6.4885
  [label] 2022-12-02 00:00 ETHUSDT entry=1275.1100 → LONG | long=sl(-3.84%) short=timeout(-0.62%) | scanned=22 | no_tp→fwd_return=+0.5168
  [label] 2022-12-09 16:00 ETHUSDT entry=1262.3100 → LONG | long=tp(+6.66%) short=sl(-3.48%) | scanned=11 | long_tp_only
  [label] 2022-12-20 08:00 ETHUSDT entry=1216.4400 → SHORT | long=timeout(-0.57%) short=timeout(+0.37%) | scanned=22 | no_tp→fwd_return=-0.4727
  [label] 2023-01-28 16:00 BTCUSDT entry=23015.9000 → LONG | long=tp(+5.36%) short=sl(-2.83%) | scanned=13 | long_tp_only
  [label] 2023-02-09 08:00 BTCUSDT entry=22603.8000 → SHORT | long=sl(-2.70%) short=tp(+5.10%) | scanned=4 | short_tp_only
  [label] 2023-05-05 16:00 BTCUSDT entry=29491.5000 → SHORT | long=sl(-3.12%) short=tp(+5.95%) | scanned=8 | short_tp_only
  [sample_weight_mode=composite_inv_concurrency] cell=(A, 2023-06) weight_mean=1.0000 weight_std=0.5005 kish=0.7997
  Labels: 2117 long (48.8%), 2219 short (51.2%) | weights: min=0.98, mean=1.00, max=20.48
  Features: 4336/4336 matched, 43 columns
  CV gap: 44 rows
  [ensemble 1/5] seed=42
  [frozen_hp] Trained with baseline HP: n_est=418 depth=4 ct=0.697
  [ensemble 2/5] seed=123
  [frozen_hp] Trained with baseline HP: n_est=395 depth=4 ct=0.727
  [ensemble 3/5] seed=456
  [frozen_hp] Trained with baseline HP: n_est=437 depth=5 ct=0.699
  [ensemble 4/5] seed=789
  [frozen_hp] Trained with baseline HP: n_est=348 depth=3 ct=0.588
  [ensemble 5/5] seed=1001
  [frozen_hp] Trained with baseline HP: n_est=314 depth=4 ct=0.570
  OOD: 16 features, cutoff (q=0.7) = 9.74
  Model trained for 2023-06: 180 test candles with features, confidence_threshold=0.656
[predict] 2023-06-01 08:00 ETHUSDT → SHORT (proba=0.66 TP=4.9%/SL=2.5%)
[trade:open] 2023-06-01 15:59 ETHUSDT SHORT @ 1862.79 | SL=1908.64 TP=1771.09 | timeout=2023-06-08 15:59
[predict] 2023-06-01 16:00 BTCUSDT → LONG (proba=0.68 TP=5.0%/SL=2.5%)
[trade:open] 2023-06-01 23:59 BTCUSDT LONG @ 26805.30 | SL=26134.30 TP=28147.30 | timeout=2023-06-08 23:59
[trade:close] 2023-06-02 23:59 ETHUSDT SHORT → stop_loss @ 1908.64 | PnL=-2.46% (net -2.56%) | cum=-158.43% 2023-06=-2.56% 2023-06-02=-2.56%
[predict] 2023-06-04 00:00 ETHUSDT → SHORT (proba=0.67 TP=4.2%/SL=2.1%)
[trade:open] 2023-06-04 07:59 ETHUSDT SHORT @ 1898.95 | SL=1939.22 TP=1818.42 | timeout=2023-06-11 07:59
[trade:close] 2023-06-05 15:59 BTCUSDT LONG → stop_loss @ 26134.30 | PnL=-2.50% (net -2.60%) | cum=-161.04% 2023-06=-5.16% 2023-06-05=-2.60%
[trade:close] 2023-06-05 23:59 ETHUSDT SHORT → take_profit @ 1818.42 | PnL=+4.24% (net +4.14%) | cum=-156.90% 2023-06=-1.02% 2023-06-05=+1.54%
[predict] 2023-06-07 00:00 ETHUSDT → SHORT (proba=0.70 TP=5.2%/SL=2.6%)
[trade:open] 2023-06-07 07:59 ETHUSDT SHORT @ 1874.39 | SL=1922.88 TP=1777.41 | timeout=2023-06-14 07:59
[predict] 2023-06-07 16:00 BTCUSDT → SHORT (proba=0.66 TP=6.2%/SL=3.1%)
[trade:open] 2023-06-07 23:59 BTCUSDT SHORT @ 26325.90 | SL=27139.71 TP=24698.29 | timeout=2023-06-14 23:59
[trade:close] 2023-06-10 07:59 ETHUSDT SHORT → take_profit @ 1777.41 | PnL=+5.17% (net +5.07%) | cum=-151.82% 2023-06=+4.05% 2023-06-10=+5.07%
[predict] 2023-06-11 00:00 ETHUSDT → SHORT (proba=0.92 TP=6.0%/SL=3.0%)
[trade:open] 2023-06-11 07:59 ETHUSDT SHORT @ 1752.22 | SL=1805.05 TP=1646.57 | timeout=2023-06-18 07:59
[trade:close] 2023-06-14 23:59 ETHUSDT SHORT → take_profit @ 1646.57 | PnL=+6.03% (net +5.93%) | cum=-145.89% 2023-06=+9.98% 2023-06-14=+5.93%
[trade:close] 2023-06-15 00:00 BTCUSDT SHORT → timeout @ 25115.90 | PnL=+4.60% (net +4.50%) | cum=-141.40% 2023-06=+14.48% 2023-06-15=+4.50%
[predict] 2023-06-15 16:00 BTCUSDT → SHORT (proba=0.69 TP=5.6%/SL=2.8%)
[trade:open] 2023-06-15 23:59 BTCUSDT SHORT @ 25586.10 | SL=26297.31 TP=24163.68 | timeout=2023-06-22 23:59
[predict] 2023-06-15 16:00 ETHUSDT → SHORT (proba=0.87 TP=6.5%/SL=3.2%)
[trade:open] 2023-06-15 23:59 ETHUSDT SHORT @ 1665.64 | SL=1719.56 TP=1557.80 | timeout=2023-06-22 23:59
[trade:close] 2023-06-16 23:59 BTCUSDT SHORT → stop_loss @ 26297.31 | PnL=-2.78% (net -2.88%) | cum=-144.28% 2023-06=+11.60% 2023-06-16=-2.88%
[trade:close] 2023-06-16 23:59 ETHUSDT SHORT → stop_loss @ 1719.56 | PnL=-3.24% (net -3.34%) | cum=-147.61% 2023-06=+8.26% 2023-06-16=-6.22%
[predict] 2023-06-17 16:00 BTCUSDT → SHORT (proba=0.75 TP=5.4%/SL=2.7%)
[trade:open] 2023-06-17 23:59 BTCUSDT SHORT @ 26508.90 | SL=27223.34 TP=25080.02 | timeout=2023-06-24 23:59
[predict] 2023-06-17 16:00 ETHUSDT → SHORT (proba=0.84 TP=6.1%/SL=3.1%)
[trade:open] 2023-06-17 23:59 ETHUSDT SHORT @ 1727.20 | SL=1780.01 TP=1621.57 | timeout=2023-06-24 23:59
[trade:close] 2023-06-20 23:59 BTCUSDT SHORT → stop_loss @ 27223.34 | PnL=-2.70% (net -2.80%) | cum=-150.41% 2023-06=+5.46% 2023-06-20=-2.80%
[trade:close] 2023-06-20 23:59 ETHUSDT SHORT → stop_loss @ 1780.01 | PnL=-3.06% (net -3.16%) | cum=-153.57% 2023-06=+2.31% 2023-06-20=-5.95%
[predict] 2023-06-22 16:00 ETHUSDT → SHORT (proba=0.80 TP=6.2%/SL=3.1%)
[trade:open] 2023-06-22 23:59 ETHUSDT SHORT @ 1871.36 | SL=1929.17 TP=1755.74 | timeout=2023-06-29 23:59
[trade:close] 2023-06-23 23:59 ETHUSDT SHORT → stop_loss @ 1929.17 | PnL=-3.09% (net -3.19%) | cum=-156.76% 2023-06=-0.88% 2023-06-23=-3.19%
[predict] 2023-06-26 16:00 ETHUSDT → LONG (proba=0.70 TP=6.5%/SL=3.2%)
[trade:open] 2023-06-26 23:59 ETHUSDT LONG @ 1858.14 | SL=1797.79 TP=1978.84 | timeout=2023-07-03 23:59
[predict] 2023-06-28 08:00 BTCUSDT → SHORT (proba=0.67 TP=5.3%/SL=2.7%)
[trade:open] 2023-06-28 15:59 BTCUSDT SHORT @ 30399.80 | SL=31205.45 TP=28788.50 | timeout=2023-07-05 15:59
[trade:close] 2023-06-30 07:59 BTCUSDT SHORT → stop_loss @ 31205.45 | PnL=-2.65% (net -2.75%) | cum=-159.51% 2023-06=-3.63% 2023-06-30=-2.75%
[lgbm] === Training for 2023-07 ===
  Train window: 2021-07-01 → 2023-06-23
  4336 training samples from 2 symbols
  Samples per month: 2021-07: 186, 2021-08: 186, 2021-09: 180, 2021-10: 186, 2021-11: 180, 2021-12: 186, 2022-01: 186, 2022-02: 168, 2022-03: 186, 2022-04: 180, 2022-05: 186, 2022-06: 180, 2022-07: 186, 2022-08: 186, 2022-09: 180, 2022-10: 186, 2022-11: 180, 2022-12: 186, 2023-01: 186, 2023-02: 168, 2023-03: 186, 2023-04: 180, 2023-05: 186, 2023-06: 136
  [label] 2021-08-31 16:00 ETHUSDT entry=3430.4900 → LONG | long=tp(+8.99%) short=sl(-4.64%) | scanned=3 | long_tp_only
  [label] 2021-09-03 00:00 ETHUSDT entry=3800.8600 → SHORT | long=sl(-4.61%) short=sl(-4.61%) | scanned=13 | no_tp→fwd_return=-9.1877
  [label] 2021-09-06 16:00 ETHUSDT entry=3929.0000 → SHORT | long=sl(-3.91%) short=tp(+7.51%) | scanned=2 | short_tp_only
  [label] 2021-10-01 08:00 ETHUSDT entry=3235.9900 → LONG | long=tp(+12.41%) short=sl(-6.35%) | scanned=18 | long_tp_only
  [label] 2021-11-23 00:00 ETHUSDT entry=4108.2100 → LONG | long=tp(+10.70%) short=sl(-5.50%) | scanned=8 | long_tp_only
  [label] 2022-05-08 16:00 ETHUSDT entry=2518.9000 → SHORT | long=sl(-4.94%) short=tp(+9.58%) | scanned=3 | short_tp_only
  [label] 2022-05-12 16:00 ETHUSDT entry=1959.7800 → LONG | long=timeout(+2.95%) short=timeout(-3.15%) | scanned=22 | no_tp→fwd_return=+3.0452
  [label] 2022-05-22 08:00 BTCUSDT entry=29834.8000 → SHORT | long=sl(-4.67%) short=timeout(+1.99%) | scanned=22 | no_tp→fwd_return=-2.0925
  [label] 2022-07-06 08:00 ETHUSDT entry=1132.8500 → SHORT | long=sl(-6.79%) short=sl(-6.79%) | scanned=18 | no_tp→fwd_return=-5.0598
  [label] 2022-07-15 16:00 BTCUSDT entry=20823.1000 → LONG | long=tp(+9.20%) short=sl(-4.75%) | scanned=8 | long_tp_only
  [label] 2022-10-15 00:00 ETHUSDT entry=1294.2700 → LONG | long=timeout(+0.27%) short=timeout(-0.47%) | scanned=22 | no_tp→fwd_return=+0.3678
  [label] 2022-11-15 08:00 ETHUSDT entry=1263.4600 → SHORT | long=sl(-7.66%) short=tp(+15.02%) | scanned=21 | short_tp_only
  [label] 2022-11-30 16:00 ETHUSDT entry=1294.0200 → SHORT | long=sl(-4.24%) short=timeout(+4.78%) | scanned=22 | no_tp→fwd_return=-4.8832
  [label] 2022-12-13 16:00 ETHUSDT entry=1321.0600 → SHORT | long=sl(-3.31%) short=tp(+6.33%) | scanned=8 | short_tp_only
  [label] 2023-01-01 00:00 ETHUSDT entry=1195.0700 → LONG | long=tp(+3.84%) short=sl(-2.07%) | scanned=9 | long_tp_only
  [label] 2023-01-08 16:00 ETHUSDT entry=1289.6500 → LONG | long=tp(+3.72%) short=sl(-2.01%) | scanned=2 | long_tp_only
  [label] 2023-01-19 08:00 ETHUSDT entry=1533.4100 → LONG | long=tp(+8.65%) short=sl(-4.48%) | scanned=4 | long_tp_only
  [label] 2023-02-27 16:00 BTCUSDT entry=23480.0000 → SHORT | long=sl(-3.06%) short=tp(+5.82%) | scanned=10 | short_tp_only
  [label] 2023-03-11 08:00 BTCUSDT entry=20052.3000 → LONG | long=tp(+7.80%) short=sl(-4.05%) | scanned=4 | long_tp_only
  [label] 2023-06-04 16:00 BTCUSDT entry=27102.4000 → SHORT | long=sl(-2.15%) short=tp(+4.01%) | scanned=2 | short_tp_only
  [sample_weight_mode=composite_inv_concurrency] cell=(A, 2023-07) weight_mean=1.0000 weight_std=0.5005 kish=0.7997
  Labels: 2128 long (49.1%), 2208 short (50.9%) | weights: min=0.98, mean=1.00, max=20.48
  Features: 4336/4336 matched, 43 columns
  CV gap: 44 rows
  [ensemble 1/5] seed=42
  [frozen_hp] Trained with baseline HP: n_est=222 depth=3 ct=0.736
  [ensemble 2/5] seed=123
  [frozen_hp] Trained with baseline HP: n_est=308 depth=4 ct=0.645
  [ensemble 3/5] seed=456
  [frozen_hp] Trained with baseline HP: n_est=228 depth=4 ct=0.801
  [ensemble 4/5] seed=789
  [frozen_hp] Trained with baseline HP: n_est=434 depth=4 ct=0.753
  [ensemble 5/5] seed=1001
  [frozen_hp] Trained with baseline HP: n_est=117 depth=4 ct=0.847
  OOD: 16 features, cutoff (q=0.7) = 9.77
  Model trained for 2023-07: 186 test candles with features, confidence_threshold=0.756
[trade:close] 2023-07-04 00:00 ETHUSDT LONG → timeout @ 1955.00 | PnL=+5.21% (net +5.11%) | cum=-154.39% 2023-07=+5.11% 2023-07-04=+5.11%
[predict] 2023-07-08 00:00 BTCUSDT → SHORT (proba=0.77 TP=5.0%/SL=2.5%)
[trade:open] 2023-07-08 07:59 BTCUSDT SHORT @ 30174.80 | SL=30933.31 TP=28657.78 | timeout=2023-07-15 07:59
[trade:close] 2023-07-10 23:59 BTCUSDT SHORT → stop_loss @ 30933.31 | PnL=-2.51% (net -2.61%) | cum=-157.01% 2023-07=+2.50% 2023-07-10=-2.61%
[predict] 2023-07-11 16:00 BTCUSDT → SHORT (proba=0.78 TP=4.2%/SL=2.1%)
[trade:open] 2023-07-11 23:59 BTCUSDT SHORT @ 30608.40 | SL=31243.62 TP=29337.96 | timeout=2023-07-18 23:59
[trade:close] 2023-07-13 23:59 BTCUSDT SHORT → stop_loss @ 31243.62 | PnL=-2.08% (net -2.18%) | cum=-159.18% 2023-07=+0.32% 2023-07-13=-2.18%
[lgbm] === Training for 2023-08 ===
  Train window: 2021-08-01 → 2023-07-24
  4336 training samples from 2 symbols
  Samples per month: 2021-08: 186, 2021-09: 180, 2021-10: 186, 2021-11: 180, 2021-12: 186, 2022-01: 186, 2022-02: 168, 2022-03: 186, 2022-04: 180, 2022-05: 186, 2022-06: 180, 2022-07: 186, 2022-08: 186, 2022-09: 180, 2022-10: 186, 2022-11: 180, 2022-12: 186, 2023-01: 186, 2023-02: 168, 2023-03: 186, 2023-04: 180, 2023-05: 186, 2023-06: 180, 2023-07: 142
  [label] 2021-10-01 16:00 ETHUSDT entry=3308.5800 → LONG | long=timeout(+7.61%) short=sl(-6.09%) | scanned=22 | no_tp→fwd_return=+7.7142
  [label] 2021-10-04 00:00 ETHUSDT entry=3378.7500 → LONG | long=timeout(+5.86%) short=sl(-5.23%) | scanned=22 | no_tp→fwd_return=+5.9617
  [label] 2021-10-07 16:00 ETHUSDT entry=3589.8500 → LONG | long=sl(-5.24%) short=sl(-5.24%) | scanned=20 | no_tp→fwd_return=+6.1925
  [label] 2021-11-01 08:00 ETHUSDT entry=4353.3500 → LONG | long=tp(+9.12%) short=sl(-4.71%) | scanned=20 | long_tp_only
  [label] 2021-12-24 00:00 ETHUSDT entry=4089.0300 → SHORT | long=sl(-4.52%) short=tp(+8.74%) | scanned=16 | short_tp_only
  [label] 2022-06-08 16:00 ETHUSDT entry=1791.0200 → SHORT | long=sl(-5.49%) short=tp(+10.67%) | scanned=8 | short_tp_only
  [label] 2022-06-12 16:00 ETHUSDT entry=1434.3500 → SHORT | long=sl(-8.40%) short=tp(+16.50%) | scanned=2 | short_tp_only
  [label] 2022-06-22 08:00 BTCUSDT entry=20075.4000 → LONG | long=timeout(-0.10%) short=sl(-8.50%) | scanned=22 | no_tp→fwd_return=+0.0045
  [label] 2022-08-06 08:00 ETHUSDT entry=1715.1000 → LONG | long=tp(+10.05%) short=sl(-5.17%) | scanned=14 | long_tp_only
  [label] 2022-08-15 16:00 BTCUSDT entry=24085.2000 → SHORT | long=sl(-3.60%) short=tp(+6.91%) | scanned=10 | short_tp_only
  [label] 2022-11-15 00:00 ETHUSDT entry=1265.5100 → SHORT | long=sl(-7.96%) short=timeout(+13.54%) | scanned=22 | no_tp→fwd_return=-13.6396
  [label] 2022-12-16 08:00 ETHUSDT entry=1203.1100 → LONG | long=sl(-4.14%) short=timeout(-1.38%) | scanned=22 | no_tp→fwd_return=+1.2759
  [label] 2022-12-31 16:00 ETHUSDT entry=1196.1000 → LONG | long=tp(+4.08%) short=sl(-2.19%) | scanned=10 | long_tp_only
  [label] 2023-01-13 16:00 ETHUSDT entry=1450.9400 → LONG | long=tp(+6.26%) short=sl(-3.28%) | scanned=1 | long_tp_only
  [label] 2023-02-01 00:00 ETHUSDT entry=1575.0500 → LONG | long=tp(+7.52%) short=sl(-3.91%) | scanned=3 | long_tp_only
  [label] 2023-02-08 16:00 ETHUSDT entry=1650.2600 → SHORT | long=sl(-3.39%) short=tp(+6.48%) | scanned=3 | short_tp_only
  [label] 2023-02-19 08:00 ETHUSDT entry=1711.8700 → SHORT | long=sl(-3.66%) short=tp(+7.01%) | scanned=16 | short_tp_only
  [label] 2023-03-30 16:00 BTCUSDT entry=28015.0000 → LONG | long=timeout(-0.07%) short=timeout(-0.13%) | scanned=22 | no_tp→fwd_return=+0.0278
  [label] 2023-04-11 08:00 BTCUSDT entry=30179.4000 → SHORT | long=sl(-2.55%) short=sl(-2.55%) | scanned=18 | no_tp→fwd_return=-2.7598
  [label] 2023-07-05 16:00 BTCUSDT entry=30488.4000 → SHORT | long=sl(-2.24%) short=sl(-2.24%) | scanned=3 | no_tp→fwd_return=-2.0139
  [sample_weight_mode=composite_inv_concurrency] cell=(A, 2023-08) weight_mean=1.0000 weight_std=0.5005 kish=0.7997
  Labels: 2111 long (48.7%), 2225 short (51.3%) | weights: min=0.98, mean=1.00, max=20.48
  Features: 4336/4336 matched, 43 columns
  CV gap: 44 rows
  [ensemble 1/5] seed=42
  [frozen_hp] Trained with baseline HP: n_est=351 depth=4 ct=0.738
  [ensemble 2/5] seed=123
  [frozen_hp] Trained with baseline HP: n_est=448 depth=3 ct=0.786
  [ensemble 3/5] seed=456
  [frozen_hp] Trained with baseline HP: n_est=375 depth=3 ct=0.738
  [ensemble 4/5] seed=789
  [frozen_hp] Trained with baseline HP: n_est=184 depth=5 ct=0.693
  [ensemble 5/5] seed=1001
  [frozen_hp] Trained with baseline HP: n_est=365 depth=3 ct=0.604
  OOD: 16 features, cutoff (q=0.7) = 10.06
  Model trained for 2023-08: 186 test candles with features, confidence_threshold=0.712
[predict] 2023-08-04 08:00 BTCUSDT → SHORT (proba=0.73 TP=3.3%/SL=1.7%)
[trade:open] 2023-08-04 15:59 BTCUSDT SHORT @ 29258.80 | SL=29748.49 TP=28279.41 | timeout=2023-08-11 15:59
[trade:close] 2023-08-08 23:59 BTCUSDT SHORT → stop_loss @ 29748.49 | PnL=-1.67% (net -1.77%) | cum=-160.96% 2023-08=-1.77% 2023-08-08=-1.77%
[predict] 2023-08-29 00:00 BTCUSDT → SHORT (proba=0.71 TP=3.1%/SL=1.6%)
[trade:open] 2023-08-29 07:59 BTCUSDT SHORT @ 25992.00 | SL=26396.84 TP=25182.32 | timeout=2023-09-05 07:59
[trade:close] 2023-08-29 15:59 BTCUSDT SHORT → stop_loss @ 26396.84 | PnL=-1.56% (net -1.66%) | cum=-162.61% 2023-08=-3.43% 2023-08-29=-1.66%
[predict] 2023-08-30 16:00 BTCUSDT → SHORT (proba=0.84 TP=4.8%/SL=2.4%)
[trade:open] 2023-08-30 23:59 BTCUSDT SHORT @ 27290.40 | SL=27940.83 TP=25989.54 | timeout=2023-09-06 23:59
[predict] 2023-08-31 00:00 ETHUSDT → SHORT (proba=0.74 TP=4.6%/SL=2.3%)
[trade:open] 2023-08-31 07:59 ETHUSDT SHORT @ 1705.64 | SL=1744.63 TP=1627.65 | timeout=2023-09-07 07:59
[trade:close] 2023-08-31 23:59 BTCUSDT SHORT → take_profit @ 25989.54 | PnL=+4.77% (net +4.67%) | cum=-157.95% 2023-08=+1.24% 2023-08-31=+4.67%
[lgbm] === Training for 2023-09 ===
  Train window: 2021-09-01 → 2023-08-24
  4336 training samples from 2 symbols
  Samples per month: 2021-09: 180, 2021-10: 186, 2021-11: 180, 2021-12: 186, 2022-01: 186, 2022-02: 168, 2022-03: 186, 2022-04: 180, 2022-05: 186, 2022-06: 180, 2022-07: 186, 2022-08: 186, 2022-09: 180, 2022-10: 186, 2022-11: 180, 2022-12: 186, 2023-01: 186, 2023-02: 168, 2023-03: 186, 2023-04: 180, 2023-05: 186, 2023-06: 180, 2023-07: 186, 2023-08: 142
  [label] 2021-11-01 16:00 ETHUSDT entry=4322.7200 → LONG | long=tp(+8.97%) short=sl(-4.64%) | scanned=19 | long_tp_only
  [label] 2021-11-04 00:00 ETHUSDT entry=4520.4700 → LONG | long=timeout(+3.73%) short=sl(-4.48%) | scanned=22 | no_tp→fwd_return=+3.8317
  [label] 2021-11-07 16:00 ETHUSDT entry=4616.5000 → LONG | long=sl(-3.65%) short=sl(-3.65%) | scanned=9 | no_tp→fwd_return=+0.3403
  [label] 2021-12-02 08:00 ETHUSDT entry=4544.7600 → SHORT | long=sl(-5.60%) short=tp(+10.90%) | scanned=4 | short_tp_only
  [label] 2022-01-24 00:00 ETHUSDT entry=2384.9500 → LONG | long=sl(-9.89%) short=sl(-9.89%) | scanned=7 | no_tp→fwd_return=+9.1926
  [label] 2022-07-09 16:00 ETHUSDT entry=1216.4800 → SHORT | long=sl(-5.34%) short=tp(+10.37%) | scanned=7 | short_tp_only
  [label] 2022-07-13 16:00 ETHUSDT entry=1114.1900 → LONG | long=tp(+12.79%) short=sl(-6.55%) | scanned=6 | long_tp_only
  [label] 2022-07-23 08:00 BTCUSDT entry=22209.9000 → LONG | long=sl(-5.36%) short=sl(-5.36%) | scanned=14 | no_tp→fwd_return=+3.1833
  [label] 2022-09-06 08:00 ETHUSDT entry=1668.6900 → SHORT | long=sl(-4.74%) short=tp(+9.18%) | scanned=2 | short_tp_only
  [label] 2022-09-15 16:00 BTCUSDT entry=19690.8000 → SHORT | long=sl(-4.76%) short=timeout(+1.41%) | scanned=22 | no_tp→fwd_return=-1.5149
  [label] 2022-12-16 00:00 ETHUSDT entry=1277.1100 → SHORT | long=sl(-3.26%) short=tp(+6.21%) | scanned=1 | short_tp_only
  [label] 2023-01-16 08:00 ETHUSDT entry=1550.4600 → LONG | long=tp(+8.40%) short=sl(-4.35%) | scanned=15 | long_tp_only
  [label] 2023-01-31 16:00 ETHUSDT entry=1585.0200 → LONG | long=tp(+7.78%) short=sl(-4.04%) | scanned=6 | long_tp_only
  [label] 2023-02-13 16:00 ETHUSDT entry=1504.8500 → LONG | long=tp(+7.51%) short=sl(-3.90%) | scanned=6 | long_tp_only
  [label] 2023-03-04 00:00 ETHUSDT entry=1568.0000 → SHORT | long=sl(-3.65%) short=tp(+6.99%) | scanned=17 | short_tp_only
  [label] 2023-03-11 16:00 ETHUSDT entry=1471.0300 → LONG | long=tp(+8.63%) short=sl(-4.47%) | scanned=4 | long_tp_only
  [label] 2023-03-22 08:00 ETHUSDT entry=1805.2600 → LONG | long=sl(-4.61%) short=timeout(-0.20%) | scanned=22 | no_tp→fwd_return=+0.1008
  [label] 2023-04-30 16:00 BTCUSDT entry=29223.0000 → SHORT | long=sl(-3.19%) short=timeout(+2.65%) | scanned=22 | no_tp→fwd_return=-2.7499
  [label] 2023-05-12 08:00 BTCUSDT entry=26307.7000 → LONG | long=timeout(+2.04%) short=sl(-3.60%) | scanned=22 | no_tp→fwd_return=+2.1370
  [label] 2023-08-05 16:00 BTCUSDT entry=29057.7000 → LONG | long=tp(+2.82%) short=sl(-1.56%) | scanned=9 | long_tp_only
  [sample_weight_mode=composite_inv_concurrency] cell=(A, 2023-09) weight_mean=1.0000 weight_std=0.5005 kish=0.7997
  Labels: 2051 long (47.3%), 2285 short (52.7%) | weights: min=0.98, mean=1.00, max=20.48
  Features: 4336/4336 matched, 43 columns
  CV gap: 44 rows
  [ensemble 1/5] seed=42
  [frozen_hp] Trained with baseline HP: n_est=50 depth=4 ct=0.500
  [ensemble 2/5] seed=123
  [frozen_hp] Trained with baseline HP: n_est=410 depth=5 ct=0.824
  [ensemble 3/5] seed=456
  [frozen_hp] Trained with baseline HP: n_est=409 depth=3 ct=0.708
  [ensemble 4/5] seed=789
  [frozen_hp] Trained with baseline HP: n_est=426 depth=4 ct=0.680
  [ensemble 5/5] seed=1001
  [frozen_hp] Trained with baseline HP: n_est=84 depth=3 ct=0.708
  OOD: 16 features, cutoff (q=0.7) = 10.25
  Model trained for 2023-09: 180 test candles with features, confidence_threshold=0.684
[trade:close] 2023-09-01 15:59 ETHUSDT SHORT → take_profit @ 1627.65 | PnL=+4.57% (net +4.47%) | cum=-153.47% 2023-09=+4.47% 2023-09-01=+4.47%
[predict] 2023-09-02 00:00 BTCUSDT → SHORT (proba=0.77 TP=5.5%/SL=2.8%)
[trade:open] 2023-09-02 07:59 BTCUSDT SHORT @ 25783.90 | SL=26493.67 TP=24364.37 | timeout=2023-09-09 07:59
[predict] 2023-09-02 08:00 ETHUSDT → SHORT (proba=0.76 TP=4.9%/SL=2.5%)
[trade:open] 2023-09-02 15:59 ETHUSDT SHORT @ 1637.97 | SL=1678.41 TP=1557.09 | timeout=2023-09-09 15:59
[trade:close] 2023-09-06 23:59 ETHUSDT SHORT → stop_loss @ 1678.41 | PnL=-2.47% (net -2.57%) | cum=-156.04% 2023-09=+1.90% 2023-09-06=-2.57%
[predict] 2023-09-08 16:00 ETHUSDT → LONG (proba=0.68 TP=4.1%/SL=2.1%)
[trade:open] 2023-09-08 23:59 ETHUSDT LONG @ 1635.78 | SL=1601.88 TP=1703.58 | timeout=2023-09-15 23:59
[trade:close] 2023-09-09 08:00 BTCUSDT SHORT → timeout @ 25871.00 | PnL=-0.34% (net -0.44%) | cum=-156.48% 2023-09=+1.47% 2023-09-09=-0.44%
[predict] 2023-09-10 00:00 BTCUSDT → SHORT (proba=0.87 TP=3.2%/SL=1.6%)
[trade:open] 2023-09-10 07:59 BTCUSDT SHORT @ 25843.00 | SL=26256.43 TP=25016.14 | timeout=2023-09-17 07:59
[trade:close] 2023-09-10 23:59 ETHUSDT LONG → stop_loss @ 1601.88 | PnL=-2.07% (net -2.17%) | cum=-158.65% 2023-09=-0.71% 2023-09-10=-2.17%
[trade:close] 2023-09-11 15:59 BTCUSDT SHORT → take_profit @ 25016.14 | PnL=+3.20% (net +3.10%) | cum=-155.55% 2023-09=+2.39% 2023-09-11=+3.10%
[predict] 2023-09-23 08:00 BTCUSDT → SHORT (proba=0.86 TP=3.4%/SL=1.7%)
[trade:open] 2023-09-23 15:59 BTCUSDT SHORT @ 26567.50 | SL=27013.47 TP=25675.57 | timeout=2023-09-30 15:59
[predict] 2023-09-23 16:00 ETHUSDT → SHORT (proba=0.83 TP=3.4%/SL=1.7%)
[trade:open] 2023-09-23 23:59 ETHUSDT SHORT @ 1592.97 | SL=1620.37 TP=1538.18 | timeout=2023-09-30 23:59
[trade:close] 2023-09-27 15:59 ETHUSDT SHORT → stop_loss @ 1620.37 | PnL=-1.72% (net -1.82%) | cum=-157.37% 2023-09=+0.57% 2023-09-27=-1.82%
[trade:close] 2023-09-28 15:59 BTCUSDT SHORT → stop_loss @ 27013.47 | PnL=-1.68% (net -1.78%) | cum=-159.15% 2023-09=-1.21% 2023-09-28=-1.78%
[predict] 2023-09-30 16:00 BTCUSDT → SHORT (proba=0.83 TP=3.2%/SL=1.6%)
[trade:open] 2023-09-30 23:59 BTCUSDT SHORT @ 26950.90 | SL=27386.95 TP=26078.80 | timeout=2023-10-07 23:59
[lgbm] === Training for 2023-10 ===
  Train window: 2021-10-01 → 2023-09-23
  4336 training samples from 2 symbols
  Samples per month: 2021-10: 186, 2021-11: 180, 2021-12: 186, 2022-01: 186, 2022-02: 168, 2022-03: 186, 2022-04: 180, 2022-05: 186, 2022-06: 180, 2022-07: 186, 2022-08: 186, 2022-09: 180, 2022-10: 186, 2022-11: 180, 2022-12: 186, 2023-01: 186, 2023-02: 168, 2023-03: 186, 2023-04: 180, 2023-05: 186, 2023-06: 180, 2023-07: 186, 2023-08: 186, 2023-09: 136
  [label] 2021-12-01 16:00 ETHUSDT entry=4586.6600 → SHORT | long=sl(-5.62%) short=tp(+10.93%) | scanned=6 | short_tp_only
  [label] 2021-12-04 00:00 ETHUSDT entry=3893.0700 → LONG | long=timeout(+2.05%) short=sl(-9.55%) | scanned=22 | no_tp→fwd_return=+2.1477
  [label] 2021-12-07 16:00 ETHUSDT entry=4305.8200 → SHORT | long=sl(-6.81%) short=tp(+13.33%) | scanned=18 | short_tp_only
  [label] 2022-01-01 08:00 ETHUSDT entry=3723.9800 → SHORT | long=sl(-4.17%) short=sl(-4.17%) | scanned=13 | no_tp→fwd_return=-5.0019
  [label] 2022-02-23 00:00 ETHUSDT entry=2693.9600 → SHORT | long=sl(-6.60%) short=tp(+12.89%) | scanned=3 | short_tp_only
  [label] 2022-08-08 16:00 ETHUSDT entry=1776.0900 → LONG | long=sl(-4.63%) short=sl(-4.63%) | scanned=6 | no_tp→fwd_return=+4.3438
  [label] 2022-08-12 16:00 ETHUSDT entry=1957.4000 → SHORT | long=sl(-4.93%) short=tp(+9.56%) | scanned=19 | short_tp_only
  [label] 2022-08-22 08:00 BTCUSDT entry=21388.0000 → SHORT | long=sl(-3.83%) short=tp(+7.36%) | scanned=15 | short_tp_only
  [label] 2022-10-06 08:00 ETHUSDT entry=1360.7100 → SHORT | long=sl(-3.77%) short=tp(+7.25%) | scanned=21 | short_tp_only
  [label] 2022-10-15 16:00 BTCUSDT entry=19060.4000 → LONG | long=timeout(+0.61%) short=sl(-2.72%) | scanned=22 | no_tp→fwd_return=+0.7067
  [label] 2023-01-15 00:00 ETHUSDT entry=1530.5400 → LONG | long=tp(+8.70%) short=sl(-4.50%) | scanned=17 | long_tp_only
  [label] 2023-02-15 08:00 ETHUSDT entry=1578.4700 → LONG | long=tp(+7.34%) short=sl(-3.82%) | scanned=2 | long_tp_only
  [label] 2023-03-02 16:00 ETHUSDT entry=1647.2900 → SHORT | long=sl(-3.35%) short=tp(+6.40%) | scanned=1 | short_tp_only
  [label] 2023-03-15 16:00 ETHUSDT entry=1649.8100 → LONG | long=tp(+11.05%) short=sl(-5.68%) | scanned=8 | long_tp_only
  [label] 2023-04-03 00:00 ETHUSDT entry=1794.0000 → LONG | long=tp(+5.74%) short=sl(-3.02%) | scanned=6 | long_tp_only
  [label] 2023-04-10 16:00 ETHUSDT entry=1908.9000 → LONG | long=sl(-2.68%) short=sl(-2.68%) | scanned=8 | no_tp→fwd_return=+4.6063
  [label] 2023-04-21 08:00 ETHUSDT entry=1903.1900 → SHORT | long=sl(-4.05%) short=timeout(+0.80%) | scanned=22 | no_tp→fwd_return=-0.9016
  [label] 2023-05-30 16:00 BTCUSDT entry=27680.1000 → SHORT | long=sl(-2.28%) short=tp(+4.26%) | scanned=17 | short_tp_only
  [label] 2023-06-11 08:00 BTCUSDT entry=25741.2000 → SHORT | long=sl(-2.71%) short=sl(-2.71%) | scanned=10 | no_tp→fwd_return=-2.4292
  [label] 2023-09-04 16:00 BTCUSDT entry=25814.0000 → SHORT | long=sl(-2.18%) short=sl(-2.18%) | scanned=20 | no_tp→fwd_return=-2.7563
  [sample_weight_mode=composite_inv_concurrency] cell=(A, 2023-10) weight_mean=1.0000 weight_std=0.5005 kish=0.7997
  Labels: 2047 long (47.2%), 2289 short (52.8%) | weights: min=0.98, mean=1.00, max=20.48
  Features: 4336/4336 matched, 43 columns
  CV gap: 44 rows
  [ensemble 1/5] seed=42
  [frozen_hp] Trained with baseline HP: n_est=159 depth=4 ct=0.802
  [ensemble 2/5] seed=123
  [frozen_hp] Trained with baseline HP: n_est=173 depth=5 ct=0.845
  [ensemble 3/5] seed=456
  [frozen_hp] Trained with baseline HP: n_est=179 depth=5 ct=0.709
  [ensemble 4/5] seed=789
  [frozen_hp] Trained with baseline HP: n_est=245 depth=3 ct=0.744
  [ensemble 5/5] seed=1001
  [frozen_hp] Trained with baseline HP: n_est=170 depth=3 ct=0.809
  OOD: 16 features, cutoff (q=0.7) = 10.21
  Model trained for 2023-10: 186 test candles with features, confidence_threshold=0.781
[trade:close] 2023-10-01 23:59 BTCUSDT SHORT → stop_loss @ 27386.95 | PnL=-1.62% (net -1.72%) | cum=-160.87% 2023-10=-1.72% 2023-10-01=-1.72%
[predict] 2023-10-04 08:00 BTCUSDT → SHORT (proba=0.83 TP=4.4%/SL=2.2%)
[trade:open] 2023-10-04 15:59 BTCUSDT SHORT @ 27388.30 | SL=27994.83 TP=26175.24 | timeout=2023-10-11 15:59
[trade:close] 2023-10-05 15:59 BTCUSDT SHORT → stop_loss @ 27994.83 | PnL=-2.21% (net -2.31%) | cum=-163.18% 2023-10=-4.03% 2023-10-05=-2.31%
[predict] 2023-10-06 16:00 BTCUSDT → SHORT (proba=0.82 TP=4.9%/SL=2.5%)
[trade:open] 2023-10-06 23:59 BTCUSDT SHORT @ 27916.30 | SL=28606.03 TP=26536.83 | timeout=2023-10-13 23:59
[trade:close] 2023-10-11 23:59 BTCUSDT SHORT → take_profit @ 26536.83 | PnL=+4.94% (net +4.84%) | cum=-158.34% 2023-10=+0.81% 2023-10-11=+4.84%
[predict] 2023-10-13 00:00 BTCUSDT → SHORT (proba=0.78 TP=3.6%/SL=1.8%)
[trade:open] 2023-10-13 07:59 BTCUSDT SHORT @ 26857.80 | SL=27340.64 TP=25892.11 | timeout=2023-10-20 07:59
[trade:close] 2023-10-15 23:59 BTCUSDT SHORT → stop_loss @ 27340.64 | PnL=-1.80% (net -1.90%) | cum=-160.24% 2023-10=-1.09% 2023-10-15=-1.90%
[predict] 2023-10-19 00:00 BTCUSDT → SHORT (proba=0.80 TP=5.4%/SL=2.7%)
[trade:open] 2023-10-19 07:59 BTCUSDT SHORT @ 28315.00 | SL=29084.21 TP=26776.58 | timeout=2023-10-26 07:59
[trade:close] 2023-10-20 07:59 BTCUSDT SHORT → stop_loss @ 29084.21 | PnL=-2.72% (net -2.82%) | cum=-163.06% 2023-10=-3.91% 2023-10-20=-2.82%
[predict] 2023-10-27 00:00 ETHUSDT → SHORT (proba=0.80 TP=8.7%/SL=4.4%)
[trade:open] 2023-10-27 07:59 ETHUSDT SHORT @ 1776.80 | SL=1854.35 TP=1621.70 | timeout=2023-11-03 07:59
[predict] 2023-10-31 00:00 BTCUSDT → SHORT (proba=0.82 TP=5.4%/SL=2.7%)
[trade:open] 2023-10-31 07:59 BTCUSDT SHORT @ 34151.90 | SL=35080.01 TP=32295.68 | timeout=2023-11-07 07:59
[lgbm] === Training for 2023-11 ===
  Train window: 2021-11-01 → 2023-10-24
  4336 training samples from 2 symbols
  Samples per month: 2021-11: 180, 2021-12: 186, 2022-01: 186, 2022-02: 168, 2022-03: 186, 2022-04: 180, 2022-05: 186, 2022-06: 180, 2022-07: 186, 2022-08: 186, 2022-09: 180, 2022-10: 186, 2022-11: 180, 2022-12: 186, 2023-01: 186, 2023-02: 168, 2023-03: 186, 2023-04: 180, 2023-05: 186, 2023-06: 180, 2023-07: 186, 2023-08: 186, 2023-09: 180, 2023-10: 142
  [label] 2022-01-01 16:00 ETHUSDT entry=3763.0600 → SHORT | long=sl(-3.97%) short=tp(+7.64%) | scanned=12 | short_tp_only
  [label] 2022-01-04 00:00 ETHUSDT entry=3761.9200 → SHORT | long=sl(-3.48%) short=sl(-3.48%) | scanned=5 | no_tp→fwd_return=-5.9600
  [label] 2022-01-07 16:00 ETHUSDT entry=3196.5800 → LONG | long=sl(-6.78%) short=sl(-6.78%) | scanned=15 | no_tp→fwd_return=+5.4230
  [label] 2022-02-01 08:00 ETHUSDT entry=2767.2700 → LONG | long=sl(-6.24%) short=sl(-6.24%) | scanned=10 | no_tp→fwd_return=+8.1806
  [label] 2022-03-26 00:00 ETHUSDT entry=3132.3500 → LONG | long=tp(+7.30%) short=sl(-3.80%) | scanned=7 | long_tp_only
  [label] 2022-09-08 16:00 ETHUSDT entry=1634.2200 → SHORT | long=sl(-5.77%) short=sl(-5.77%) | scanned=20 | no_tp→fwd_return=-8.7161
  [label] 2022-09-12 16:00 ETHUSDT entry=1715.1400 → SHORT | long=sl(-4.98%) short=tp(+9.66%) | scanned=8 | short_tp_only
  [label] 2022-09-22 08:00 BTCUSDT entry=18975.5000 → LONG | long=timeout(+1.51%) short=sl(-5.45%) | scanned=22 | no_tp→fwd_return=+1.6084
  [label] 2022-11-06 08:00 ETHUSDT entry=1622.6100 → SHORT | long=sl(-4.13%) short=tp(+7.96%) | scanned=5 | short_tp_only
  [label] 2022-11-15 16:00 BTCUSDT entry=16888.3000 → SHORT | long=sl(-5.74%) short=timeout(+3.85%) | scanned=22 | no_tp→fwd_return=-3.9536
  [label] 2023-02-15 00:00 ETHUSDT entry=1546.5500 → LONG | long=tp(+7.29%) short=sl(-3.79%) | scanned=2 | long_tp_only
  [label] 2023-03-18 08:00 ETHUSDT entry=1785.7300 → SHORT | long=timeout(-1.89%) short=timeout(+1.69%) | scanned=22 | no_tp→fwd_return=-1.7931
  [label] 2023-04-02 16:00 ETHUSDT entry=1793.5600 → LONG | long=tp(+5.78%) short=sl(-3.04%) | scanned=7 | long_tp_only
  [label] 2023-04-15 16:00 ETHUSDT entry=2091.2000 → SHORT | long=sl(-3.43%) short=tp(+6.56%) | scanned=11 | short_tp_only
  [label] 2023-05-04 00:00 ETHUSDT entry=1898.0000 → LONG | long=tp(+5.82%) short=sl(-3.06%) | scanned=6 | long_tp_only
  [label] 2023-05-11 16:00 ETHUSDT entry=1793.2400 → LONG | long=timeout(+0.26%) short=timeout(-0.46%) | scanned=22 | no_tp→fwd_return=+0.3597
  [label] 2023-05-22 08:00 ETHUSDT entry=1815.8300 → SHORT | long=sl(-1.97%) short=sl(-1.97%) | scanned=6 | no_tp→fwd_return=-1.2843
  [label] 2023-06-30 16:00 BTCUSDT entry=30460.2000 → SHORT | long=timeout(-0.53%) short=sl(-3.36%) | scanned=22 | no_tp→fwd_return=-0.4343
  [label] 2023-07-12 08:00 BTCUSDT entry=30510.2000 → LONG | long=tp(+4.09%) short=sl(-2.19%) | scanned=4 | long_tp_only
  [label] 2023-10-05 16:00 BTCUSDT entry=27398.4000 → SHORT | long=sl(-2.37%) short=sl(-2.37%) | scanned=17 | no_tp→fwd_return=-2.2968
  [sample_weight_mode=composite_inv_concurrency] cell=(A, 2023-11) weight_mean=1.0000 weight_std=0.5005 kish=0.7997
  Labels: 2032 long (46.9%), 2304 short (53.1%) | weights: min=0.98, mean=1.00, max=20.48
  Features: 4336/4336 matched, 43 columns
  CV gap: 44 rows
  [ensemble 1/5] seed=42
  [frozen_hp] Trained with baseline HP: n_est=180 depth=3 ct=0.808
  [ensemble 2/5] seed=123
  [frozen_hp] Trained with baseline HP: n_est=122 depth=3 ct=0.809
  [ensemble 3/5] seed=456
  [frozen_hp] Trained with baseline HP: n_est=180 depth=5 ct=0.681
  [ensemble 4/5] seed=789
  [frozen_hp] Trained with baseline HP: n_est=240 depth=3 ct=0.791
  [ensemble 5/5] seed=1001
  [frozen_hp] Trained with baseline HP: n_est=172 depth=3 ct=0.721
  OOD: 16 features, cutoff (q=0.7) = 10.28
  Model trained for 2023-11: 180 test candles with features, confidence_threshold=0.762
[trade:close] 2023-11-01 15:59 BTCUSDT SHORT → stop_loss @ 35080.01 | PnL=-2.72% (net -2.82%) | cum=-165.88% 2023-11=-2.82% 2023-11-01=-2.82%
[trade:close] 2023-11-01 23:59 ETHUSDT SHORT → stop_loss @ 1854.35 | PnL=-4.36% (net -4.46%) | cum=-170.34% 2023-11=-7.28% 2023-11-01=-7.28%
[lgbm] === Training for 2023-12 ===
  Train window: 2021-12-01 → 2023-11-23
  4336 training samples from 2 symbols
  Samples per month: 2021-12: 186, 2022-01: 186, 2022-02: 168, 2022-03: 186, 2022-04: 180, 2022-05: 186, 2022-06: 180, 2022-07: 186, 2022-08: 186, 2022-09: 180, 2022-10: 186, 2022-11: 180, 2022-12: 186, 2023-01: 186, 2023-02: 168, 2023-03: 186, 2023-04: 180, 2023-05: 186, 2023-06: 180, 2023-07: 186, 2023-08: 186, 2023-09: 180, 2023-10: 186, 2023-11: 136
  [label] 2022-01-31 16:00 ETHUSDT entry=2685.3400 → LONG | long=tp(+13.09%) short=sl(-6.70%) | scanned=14 | long_tp_only
  [label] 2022-02-03 00:00 ETHUSDT entry=2669.1000 → LONG | long=tp(+11.96%) short=sl(-6.13%) | scanned=5 | long_tp_only
  [label] 2022-02-06 16:00 ETHUSDT entry=3054.2600 → SHORT | long=sl(-5.05%) short=sl(-5.05%) | scanned=15 | no_tp→fwd_return=-4.1981
  [label] 2022-03-03 08:00 ETHUSDT entry=2827.5600 → SHORT | long=sl(-6.82%) short=tp(+13.34%) | scanned=13 | short_tp_only
  [label] 2022-04-25 00:00 ETHUSDT entry=2810.1000 → LONG | long=tp(+7.42%) short=sl(-3.86%) | scanned=2 | long_tp_only
  [label] 2022-10-08 16:00 ETHUSDT entry=1314.7400 → SHORT | long=sl(-3.22%) short=tp(+6.13%) | scanned=14 | short_tp_only
  [label] 2022-10-12 16:00 ETHUSDT entry=1294.0200 → SHORT | long=sl(-2.88%) short=tp(+5.46%) | scanned=2 | short_tp_only
  [label] 2022-10-22 08:00 BTCUSDT entry=19223.7000 → LONG | long=tp(+3.75%) short=sl(-2.03%) | scanned=10 | long_tp_only
  [label] 2022-12-06 08:00 ETHUSDT entry=1253.7900 → LONG | long=tp(+6.60%) short=sl(-3.45%) | scanned=21 | long_tp_only
  [label] 2022-12-15 16:00 BTCUSDT entry=17351.8000 → SHORT | long=sl(-2.51%) short=tp(+4.73%) | scanned=12 | short_tp_only
  [label] 2023-03-17 00:00 ETHUSDT entry=1715.2900 → LONG | long=timeout(+5.69%) short=sl(-4.97%) | scanned=22 | no_tp→fwd_return=+5.7932
  [label] 2023-04-17 08:00 ETHUSDT entry=2071.4900 → SHORT | long=sl(-3.32%) short=tp(+6.35%) | scanned=7 | short_tp_only
  [label] 2023-05-02 16:00 ETHUSDT entry=1869.2000 → LONG | long=tp(+6.39%) short=sl(-3.35%) | scanned=9 | long_tp_only
  [label] 2023-05-15 16:00 ETHUSDT entry=1815.5600 → LONG | long=timeout(-0.04%) short=timeout(-0.16%) | scanned=22 | no_tp→fwd_return=+0.0611
  [label] 2023-06-03 00:00 ETHUSDT entry=1901.6400 → SHORT | long=sl(-2.41%) short=tp(+4.51%) | scanned=8 | short_tp_only
  [label] 2023-06-10 16:00 ETHUSDT entry=1750.6400 → SHORT | long=sl(-3.28%) short=tp(+6.27%) | scanned=12 | short_tp_only
  [label] 2023-06-21 08:00 ETHUSDT entry=1848.7900 → LONG | long=timeout(+0.44%) short=sl(-3.04%) | scanned=22 | no_tp→fwd_return=+0.5414
  [label] 2023-07-30 16:00 BTCUSDT entry=29271.1000 → LONG | long=sl(-1.37%) short=sl(-1.37%) | scanned=6 | no_tp→fwd_return=+1.4694
  [label] 2023-08-11 08:00 BTCUSDT entry=29383.0000 → SHORT | long=sl(-1.59%) short=tp(+2.88%) | scanned=17 | short_tp_only
  [label] 2023-11-04 16:00 BTCUSDT entry=35069.7000 → LONG | long=tp(+5.38%) short=sl(-2.84%) | scanned=14 | long_tp_only
  [sample_weight_mode=composite_inv_concurrency] cell=(A, 2023-12) weight_mean=1.0000 weight_std=0.5005 kish=0.7997
  Labels: 2095 long (48.3%), 2241 short (51.7%) | weights: min=0.98, mean=1.00, max=20.48
  Features: 4336/4336 matched, 43 columns
  CV gap: 44 rows
  [ensemble 1/5] seed=42
  [frozen_hp] Trained with baseline HP: n_est=369 depth=4 ct=0.810
  [ensemble 2/5] seed=123
  [frozen_hp] Trained with baseline HP: n_est=89 depth=3 ct=0.824
  [ensemble 3/5] seed=456
  [frozen_hp] Trained with baseline HP: n_est=187 depth=3 ct=0.805
  [ensemble 4/5] seed=789
  [frozen_hp] Trained with baseline HP: n_est=363 depth=3 ct=0.818
  [ensemble 5/5] seed=1001
  [frozen_hp] Trained with baseline HP: n_est=132 depth=5 ct=0.822
  OOD: 16 features, cutoff (q=0.7) = 10.40
  Model trained for 2023-12: 186 test candles with features, confidence_threshold=0.816
[lgbm] === Training for 2024-01 ===
  Train window: 2022-01-01 → 2023-12-24
  4336 training samples from 2 symbols
  Samples per month: 2022-01: 186, 2022-02: 168, 2022-03: 186, 2022-04: 180, 2022-05: 186, 2022-06: 180, 2022-07: 186, 2022-08: 186, 2022-09: 180, 2022-10: 186, 2022-11: 180, 2022-12: 186, 2023-01: 186, 2023-02: 168, 2023-03: 186, 2023-04: 180, 2023-05: 186, 2023-06: 180, 2023-07: 186, 2023-08: 186, 2023-09: 180, 2023-10: 186, 2023-11: 180, 2023-12: 142
  [label] 2022-03-03 16:00 ETHUSDT entry=2832.9700 → SHORT | long=sl(-6.51%) short=tp(+12.71%) | scanned=12 | short_tp_only
  [label] 2022-03-06 00:00 ETHUSDT entry=2643.6900 → SHORT | long=sl(-5.75%) short=timeout(+2.29%) | scanned=22 | no_tp→fwd_return=-2.3917
  [label] 2022-03-09 16:00 ETHUSDT entry=2726.3700 → LONG | long=sl(-5.82%) short=timeout(-1.80%) | scanned=22 | no_tp→fwd_return=+1.7023
  [label] 2022-04-03 08:00 ETHUSDT entry=3498.2400 → SHORT | long=sl(-3.67%) short=tp(+7.05%) | scanned=9 | short_tp_only
  [label] 2022-05-26 00:00 ETHUSDT entry=1925.3400 → SHORT | long=sl(-4.94%) short=tp(+9.59%) | scanned=1 | short_tp_only
  [label] 2022-11-08 16:00 ETHUSDT entry=1333.4000 → SHORT | long=sl(-9.71%) short=tp(+19.12%) | scanned=3 | short_tp_only
  [label] 2022-11-12 16:00 ETHUSDT entry=1256.8200 → SHORT | long=timeout(-3.28%) short=timeout(+3.08%) | scanned=22 | no_tp→fwd_return=-3.1755
  [label] 2022-11-22 08:00 BTCUSDT entry=16232.8000 → LONG | long=timeout(+0.84%) short=timeout(-1.04%) | scanned=22 | no_tp→fwd_return=+0.9364
  [label] 2023-01-06 08:00 ETHUSDT entry=1262.4800 → LONG | long=tp(+4.21%) short=sl(-2.26%) | scanned=9 | long_tp_only
  [label] 2023-01-15 16:00 BTCUSDT entry=20882.7000 → LONG | long=tp(+6.95%) short=sl(-3.62%) | scanned=15 | long_tp_only
  [label] 2023-04-17 00:00 ETHUSDT entry=2090.3500 → SHORT | long=sl(-3.31%) short=tp(+6.32%) | scanned=7 | short_tp_only
  [label] 2023-05-18 08:00 ETHUSDT entry=1807.2600 → SHORT | long=sl(-2.68%) short=sl(-2.68%) | scanned=20 | no_tp→fwd_return=-1.6246
  [label] 2023-06-02 16:00 ETHUSDT entry=1905.5800 → SHORT | long=sl(-2.54%) short=tp(+4.79%) | scanned=9 | short_tp_only
  [label] 2023-06-15 16:00 ETHUSDT entry=1665.6400 → LONG | long=tp(+6.37%) short=sl(-3.34%) | scanned=4 | long_tp_only
  [label] 2023-07-04 00:00 ETHUSDT entry=1948.2600 → SHORT | long=sl(-2.94%) short=tp(+5.59%) | scanned=9 | short_tp_only
  [label] 2023-07-11 16:00 ETHUSDT entry=1877.6600 → LONG | long=tp(+3.94%) short=sl(-2.12%) | scanned=6 | long_tp_only
  [label] 2023-07-22 08:00 ETHUSDT entry=1888.0600 → SHORT | long=sl(-2.02%) short=timeout(+0.76%) | scanned=22 | no_tp→fwd_return=-0.8580
  [label] 2023-08-30 16:00 BTCUSDT entry=27290.4000 → SHORT | long=sl(-2.48%) short=tp(+4.67%) | scanned=3 | short_tp_only
  [label] 2023-09-11 08:00 BTCUSDT entry=25102.5000 → LONG | long=tp(+3.92%) short=sl(-2.11%) | scanned=3 | long_tp_only
  [label] 2023-12-05 16:00 BTCUSDT entry=44081.7000 → SHORT | long=sl(-3.21%) short=tp(+6.12%) | scanned=16 | short_tp_only
  [sample_weight_mode=composite_inv_concurrency] cell=(A, 2024-01) weight_mean=1.0000 weight_std=0.5005 kish=0.7997
  Labels: 2167 long (50.0%), 2169 short (50.0%) | weights: min=0.98, mean=1.00, max=20.48
  Features: 4336/4336 matched, 43 columns
  CV gap: 44 rows
  [ensemble 1/5] seed=42
  [frozen_hp] Trained with baseline HP: n_est=84 depth=3 ct=0.834
  [ensemble 2/5] seed=123
  [frozen_hp] Trained with baseline HP: n_est=50 depth=4 ct=0.545
  [ensemble 3/5] seed=456
  [frozen_hp] Trained with baseline HP: n_est=445 depth=5 ct=0.572
  [ensemble 4/5] seed=789
  [frozen_hp] Trained with baseline HP: n_est=262 depth=3 ct=0.800
  [ensemble 5/5] seed=1001
  [frozen_hp] Trained with baseline HP: n_est=307 depth=3 ct=0.801
  OOD: 16 features, cutoff (q=0.7) = 10.82
  Model trained for 2024-01: 186 test candles with features, confidence_threshold=0.711
[predict] 2024-01-01 08:00 ETHUSDT → LONG (proba=0.71 TP=6.3%/SL=3.1%)
[trade:open] 2024-01-01 15:59 ETHUSDT LONG @ 2316.97 | SL=2244.11 TP=2462.69 | timeout=2024-01-08 15:59
[predict] 2024-01-02 16:00 BTCUSDT → SHORT (proba=0.75 TP=5.6%/SL=2.8%)
[trade:open] 2024-01-02 23:59 BTCUSDT SHORT @ 44979.80 | SL=46245.73 TP=42447.94 | timeout=2024-01-09 23:59
[trade:close] 2024-01-03 15:59 BTCUSDT SHORT → take_profit @ 42447.94 | PnL=+5.63% (net +5.53%) | cum=-164.81% 2024-01=+5.53% 2024-01-03=+5.53%
[trade:close] 2024-01-03 15:59 ETHUSDT LONG → stop_loss @ 2244.11 | PnL=-3.14% (net -3.24%) | cum=-168.06% 2024-01=+2.28% 2024-01-03=+2.28%
[predict] 2024-01-04 08:00 ETHUSDT → SHORT (proba=0.79 TP=9.2%/SL=4.6%)
[trade:open] 2024-01-04 15:59 ETHUSDT SHORT @ 2277.86 | SL=2382.66 TP=2068.26 | timeout=2024-01-11 15:59
[trade:close] 2024-01-10 07:59 ETHUSDT SHORT → stop_loss @ 2382.66 | PnL=-4.60% (net -4.70%) | cum=-172.76% 2024-01=-2.42% 2024-01-10=-4.70%
[predict] 2024-01-12 16:00 ETHUSDT → LONG (proba=0.72 TP=11.6%/SL=5.8%)
[trade:open] 2024-01-12 23:59 ETHUSDT LONG @ 2523.30 | SL=2377.34 TP=2815.21 | timeout=2024-01-19 23:59
[predict] 2024-01-18 08:00 BTCUSDT → SHORT (proba=0.74 TP=6.3%/SL=3.1%)
[trade:open] 2024-01-18 15:59 BTCUSDT SHORT @ 42618.90 | SL=43952.35 TP=39952.00 | timeout=2024-01-25 15:59
[trade:close] 2024-01-20 00:00 ETHUSDT LONG → timeout @ 2492.46 | PnL=-1.22% (net -1.32%) | cum=-174.08% 2024-01=-3.74% 2024-01-20=-1.32%
[trade:close] 2024-01-22 23:59 BTCUSDT SHORT → take_profit @ 39952.00 | PnL=+6.26% (net +6.16%) | cum=-167.92% 2024-01=+2.42% 2024-01-22=+6.16%
[lgbm] === Training for 2024-02 ===
  Train window: 2022-02-01 → 2024-01-24
  4336 training samples from 2 symbols
  Samples per month: 2022-02: 168, 2022-03: 186, 2022-04: 180, 2022-05: 186, 2022-06: 180, 2022-07: 186, 2022-08: 186, 2022-09: 180, 2022-10: 186, 2022-11: 180, 2022-12: 186, 2023-01: 186, 2023-02: 168, 2023-03: 186, 2023-04: 180, 2023-05: 186, 2023-06: 180, 2023-07: 186, 2023-08: 186, 2023-09: 180, 2023-10: 186, 2023-11: 180, 2023-12: 186, 2024-01: 142
  [label] 2022-04-03 16:00 ETHUSDT entry=3520.7600 → SHORT | long=sl(-3.71%) short=tp(+7.13%) | scanned=7 | short_tp_only
  [label] 2022-04-06 00:00 ETHUSDT entry=3343.2600 → SHORT | long=sl(-4.16%) short=tp(+8.02%) | scanned=16 | short_tp_only
  [label] 2022-04-09 16:00 ETHUSDT entry=3257.5300 → SHORT | long=sl(-3.95%) short=tp(+7.60%) | scanned=5 | short_tp_only
  [label] 2022-05-04 08:00 ETHUSDT entry=2843.2400 → SHORT | long=sl(-3.83%) short=sl(-3.83%) | scanned=3 | no_tp→fwd_return=-3.6082
  [label] 2022-06-26 00:00 ETHUSDT entry=1237.6400 → SHORT | long=sl(-7.68%) short=tp(+15.06%) | scanned=13 | short_tp_only
  [label] 2022-12-09 16:00 ETHUSDT entry=1262.3100 → LONG | long=tp(+6.66%) short=sl(-3.48%) | scanned=11 | long_tp_only
  [label] 2022-12-13 16:00 ETHUSDT entry=1321.0600 → SHORT | long=sl(-3.31%) short=tp(+6.33%) | scanned=8 | short_tp_only
  [label] 2022-12-23 08:00 BTCUSDT entry=16825.9000 → SHORT | long=sl(-2.12%) short=timeout(+1.55%) | scanned=22 | no_tp→fwd_return=-1.6534
  [label] 2023-02-06 08:00 ETHUSDT entry=1648.5900 → SHORT | long=sl(-3.58%) short=tp(+6.87%) | scanned=10 | short_tp_only
  [label] 2023-02-15 16:00 BTCUSDT entry=24332.6000 → SHORT | long=sl(-3.25%) short=sl(-3.25%) | scanned=3 | no_tp→fwd_return=-3.3124
  [label] 2023-05-18 00:00 ETHUSDT entry=1826.2500 → LONG | long=sl(-2.71%) short=sl(-2.71%) | scanned=15 | no_tp→fwd_return=+1.5135
  [label] 2023-06-18 08:00 ETHUSDT entry=1737.1700 → LONG | long=tp(+5.44%) short=sl(-2.87%) | scanned=9 | long_tp_only
  [label] 2023-07-03 16:00 ETHUSDT entry=1955.0000 → SHORT | long=sl(-3.05%) short=tp(+5.80%) | scanned=10 | short_tp_only
  [label] 2023-07-16 16:00 ETHUSDT entry=1920.9700 → SHORT | long=sl(-2.48%) short=timeout(+1.62%) | scanned=22 | no_tp→fwd_return=-1.7236
  [label] 2023-08-04 00:00 ETHUSDT entry=1836.7300 → LONG | long=sl(-1.91%) short=sl(-1.91%) | scanned=14 | no_tp→fwd_return=+1.0143
  [label] 2023-08-11 16:00 ETHUSDT entry=1848.0400 → SHORT | long=sl(-1.42%) short=tp(+2.55%) | scanned=15 | short_tp_only
  [label] 2023-08-22 08:00 ETHUSDT entry=1649.1600 → LONG | long=sl(-2.73%) short=sl(-2.73%) | scanned=4 | no_tp→fwd_return=+1.7973
  [label] 2023-09-30 16:00 BTCUSDT entry=26950.9000 → LONG | long=tp(+3.14%) short=sl(-1.72%) | scanned=3 | long_tp_only
  [label] 2023-10-12 08:00 BTCUSDT entry=26665.4000 → LONG | long=tp(+3.76%) short=sl(-2.03%) | scanned=11 | long_tp_only
  [label] 2024-01-05 16:00 BTCUSDT entry=44145.4000 → LONG | long=tp(+8.63%) short=sl(-4.46%) | scanned=12 | long_tp_only
  [sample_weight_mode=composite_inv_concurrency] cell=(A, 2024-02) weight_mean=1.0000 weight_std=0.5005 kish=0.7997
  Labels: 2154 long (49.7%), 2182 short (50.3%) | weights: min=0.98, mean=1.00, max=20.48
  Features: 4336/4336 matched, 43 columns
  CV gap: 44 rows
  [ensemble 1/5] seed=42
  [frozen_hp] Trained with baseline HP: n_est=432 depth=4 ct=0.850
  [ensemble 2/5] seed=123
  [frozen_hp] Trained with baseline HP: n_est=84 depth=3 ct=0.579
  [ensemble 3/5] seed=456
  [frozen_hp] Trained with baseline HP: n_est=115 depth=3 ct=0.697
  [ensemble 4/5] seed=789
  [frozen_hp] Trained with baseline HP: n_est=143 depth=3 ct=0.616
  [ensemble 5/5] seed=1001
  [frozen_hp] Trained with baseline HP: n_est=59 depth=3 ct=0.585
  OOD: 16 features, cutoff (q=0.7) = 10.82
  Model trained for 2024-02: 174 test candles with features, confidence_threshold=0.665
[predict] 2024-02-03 08:00 BTCUSDT → LONG (proba=0.67 TP=4.9%/SL=2.5%)
[trade:open] 2024-02-03 15:59 BTCUSDT LONG @ 43097.40 | SL=42037.45 TP=45217.29 | timeout=2024-02-10 15:59
[predict] 2024-02-03 16:00 ETHUSDT → LONG (proba=0.67 TP=5.1%/SL=2.5%)
[trade:open] 2024-02-03 23:59 ETHUSDT LONG @ 2295.42 | SL=2237.17 TP=2411.93 | timeout=2024-02-10 23:59
[trade:close] 2024-02-07 23:59 ETHUSDT LONG → take_profit @ 2411.93 | PnL=+5.08% (net +4.98%) | cum=-162.95% 2024-02=+4.98% 2024-02-07=+4.98%
[trade:close] 2024-02-08 15:59 BTCUSDT LONG → take_profit @ 45217.29 | PnL=+4.92% (net +4.82%) | cum=-158.13% 2024-02=+9.79% 2024-02-08=+4.82%
[predict] 2024-02-11 08:00 ETHUSDT → LONG (proba=0.67 TP=4.8%/SL=2.4%)
[trade:open] 2024-02-11 15:59 ETHUSDT LONG @ 2507.64 | SL=2446.90 TP=2629.11 | timeout=2024-02-18 15:59
[trade:close] 2024-02-12 23:59 ETHUSDT LONG → take_profit @ 2629.11 | PnL=+4.84% (net +4.74%) | cum=-153.38% 2024-02=+14.54% 2024-02-12=+4.74%
[predict] 2024-02-17 16:00 ETHUSDT → SHORT (proba=0.71 TP=6.8%/SL=3.4%)
[trade:open] 2024-02-17 23:59 ETHUSDT SHORT @ 2787.43 | SL=2881.66 TP=2598.98 | timeout=2024-02-24 23:59
[trade:close] 2024-02-18 23:59 ETHUSDT SHORT → stop_loss @ 2881.66 | PnL=-3.38% (net -3.48%) | cum=-156.86% 2024-02=+11.06% 2024-02-18=-3.48%
[predict] 2024-02-21 00:00 BTCUSDT → LONG (proba=0.67 TP=5.5%/SL=2.8%)
[trade:open] 2024-02-21 07:59 BTCUSDT LONG @ 51599.90 | SL=50179.04 TP=54441.62 | timeout=2024-02-28 07:59
[predict] 2024-02-24 16:00 ETHUSDT → SHORT (proba=0.67 TP=6.8%/SL=3.4%)
[trade:open] 2024-02-24 23:59 ETHUSDT SHORT @ 2994.39 | SL=3095.93 TP=2791.32 | timeout=2024-03-02 23:59
[trade:close] 2024-02-25 23:59 ETHUSDT SHORT → stop_loss @ 3095.93 | PnL=-3.39% (net -3.49%) | cum=-160.35% 2024-02=+7.57% 2024-02-25=-3.49%
[trade:close] 2024-02-26 23:59 BTCUSDT LONG → take_profit @ 54441.62 | PnL=+5.51% (net +5.41%) | cum=-154.95% 2024-02=+12.97% 2024-02-26=+5.41%
[predict] 2024-02-29 16:00 ETHUSDT → SHORT (proba=0.74 TP=9.6%/SL=4.8%)
[trade:open] 2024-02-29 23:59 ETHUSDT SHORT @ 3343.15 | SL=3502.91 TP=3023.64 | timeout=2024-03-07 23:59
[lgbm] === Training for 2024-03 ===
  Train window: 2022-03-01 → 2024-02-22
  4342 training samples from 2 symbols
  Samples per month: 2022-03: 186, 2022-04: 180, 2022-05: 186, 2022-06: 180, 2022-07: 186, 2022-08: 186, 2022-09: 180, 2022-10: 186, 2022-11: 180, 2022-12: 186, 2023-01: 186, 2023-02: 168, 2023-03: 186, 2023-04: 180, 2023-05: 186, 2023-06: 180, 2023-07: 186, 2023-08: 186, 2023-09: 180, 2023-10: 186, 2023-11: 180, 2023-12: 186, 2024-01: 186, 2024-02: 130
  [label] 2022-05-02 00:00 BTCUSDT entry=38869.6000 → SHORT | long=sl(-3.50%) short=tp(+6.70%) | scanned=10 | short_tp_only
  [label] 2022-05-04 00:00 ETHUSDT entry=2828.1200 → SHORT | long=sl(-3.88%) short=sl(-3.88%) | scanned=4 | no_tp→fwd_return=-3.0929
  [label] 2022-05-07 16:00 ETHUSDT entry=2634.8200 → SHORT | long=sl(-4.54%) short=tp(+8.78%) | scanned=5 | short_tp_only
  [label] 2022-06-01 16:00 BTCUSDT entry=29796.9000 → LONG | long=timeout(+1.23%) short=sl(-4.46%) | scanned=22 | no_tp→fwd_return=+1.3277
  [label] 2022-07-24 08:00 BTCUSDT entry=22837.0000 → LONG | long=sl(-4.83%) short=sl(-4.83%) | scanned=12 | no_tp→fwd_return=+3.9515
  [label] 2023-01-07 00:00 ETHUSDT entry=1266.0000 → LONG | long=tp(+4.00%) short=sl(-2.15%) | scanned=7 | long_tp_only
  [label] 2023-01-11 08:00 BTCUSDT entry=17325.3000 → LONG | long=tp(+2.40%) short=sl(-1.35%) | scanned=1 | long_tp_only
  [label] 2023-01-20 16:00 ETHUSDT entry=1659.0100 → SHORT | long=sl(-4.40%) short=tp(+8.49%) | scanned=13 | short_tp_only
  [label] 2023-03-07 00:00 BTCUSDT entry=22408.4000 → SHORT | long=sl(-2.34%) short=tp(+4.39%) | scanned=8 | short_tp_only
  [label] 2023-03-16 00:00 ETHUSDT entry=1654.8400 → LONG | long=tp(+10.45%) short=sl(-5.38%) | scanned=6 | long_tp_only
  [label] 2023-06-15 16:00 ETHUSDT entry=1665.6400 → LONG | long=tp(+6.37%) short=sl(-3.34%) | scanned=4 | long_tp_only
  [label] 2023-07-17 00:00 ETHUSDT entry=1927.9900 → SHORT | long=sl(-2.38%) short=tp(+4.47%) | scanned=17 | short_tp_only
  [label] 2023-08-01 08:00 ETHUSDT entry=1834.2400 → SHORT | long=sl(-1.79%) short=sl(-1.79%) | scanned=19 | no_tp→fwd_return=-0.3304
  [label] 2023-08-14 08:00 ETHUSDT entry=1852.6900 → SHORT | long=sl(-1.21%) short=tp(+2.12%) | scanned=4 | short_tp_only
  [label] 2023-09-02 00:00 BTCUSDT entry=25783.9000 → LONG | long=timeout(+0.24%) short=timeout(-0.44%) | scanned=22 | no_tp→fwd_return=+0.3378
  [label] 2023-09-09 16:00 BTCUSDT entry=25892.6000 → SHORT | long=sl(-1.76%) short=tp(+3.23%) | scanned=5 | short_tp_only
  [label] 2023-09-20 00:00 ETHUSDT entry=1633.8400 → SHORT | long=sl(-2.20%) short=tp(+4.10%) | scanned=15 | short_tp_only
  [label] 2023-10-29 08:00 ETHUSDT entry=1792.6200 → LONG | long=timeout(+4.49%) short=sl(-3.35%) | scanned=22 | no_tp→fwd_return=+4.5905
  [label] 2023-11-10 08:00 BTCUSDT entry=37118.4000 → SHORT | long=sl(-3.51%) short=tp(+6.71%) | scanned=13 | short_tp_only
  [label] 2024-02-03 16:00 BTCUSDT entry=42992.4000 → LONG | long=tp(+4.59%) short=sl(-2.45%) | scanned=14 | long_tp_only
  [sample_weight_mode=composite_inv_concurrency] cell=(A, 2024-03) weight_mean=1.0000 weight_std=0.5002 kish=0.7999
  Labels: 2248 long (51.8%), 2094 short (48.2%) | weights: min=0.98, mean=1.00, max=20.48
  Features: 4342/4342 matched, 43 columns
  CV gap: 44 rows
  [ensemble 1/5] seed=42
  [frozen_hp] Trained with baseline HP: n_est=378 depth=4 ct=0.775
  [ensemble 2/5] seed=123
  [frozen_hp] Trained with baseline HP: n_est=484 depth=3 ct=0.743
  [ensemble 3/5] seed=456
  [frozen_hp] Trained with baseline HP: n_est=233 depth=3 ct=0.827
  [ensemble 4/5] seed=789
  [frozen_hp] Trained with baseline HP: n_est=495 depth=3 ct=0.717
  [ensemble 5/5] seed=1001
  [frozen_hp] Trained with baseline HP: n_est=438 depth=3 ct=0.847
  OOD: 16 features, cutoff (q=0.7) = 11.07
  Model trained for 2024-03: 186 test candles with features, confidence_threshold=0.782
[trade:close] 2024-03-04 07:59 ETHUSDT SHORT → stop_loss @ 3502.91 | PnL=-4.78% (net -4.88%) | cum=-159.83% 2024-03=-4.88% 2024-03-04=-4.88%
[lgbm] === Training for 2024-04 ===
  Train window: 2022-04-01 → 2024-03-24
  4342 training samples from 2 symbols
  Samples per month: 2022-04: 180, 2022-05: 186, 2022-06: 180, 2022-07: 186, 2022-08: 186, 2022-09: 180, 2022-10: 186, 2022-11: 180, 2022-12: 186, 2023-01: 186, 2023-02: 168, 2023-03: 186, 2023-04: 180, 2023-05: 186, 2023-06: 180, 2023-07: 186, 2023-08: 186, 2023-09: 180, 2023-10: 186, 2023-11: 180, 2023-12: 186, 2024-01: 186, 2024-02: 174, 2024-03: 142
  [label] 2022-06-02 00:00 BTCUSDT entry=29952.8000 → LONG | long=timeout(+1.65%) short=sl(-4.29%) | scanned=22 | no_tp→fwd_return=+1.7511
  [label] 2022-06-04 00:00 ETHUSDT entry=1768.2900 → SHORT | long=sl(-5.40%) short=sl(-5.40%) | scanned=20 | no_tp→fwd_return=-6.0137
  [label] 2022-06-07 16:00 ETHUSDT entry=1812.6100 → SHORT | long=sl(-5.60%) short=tp(+10.91%) | scanned=11 | short_tp_only
  [label] 2022-07-02 16:00 BTCUSDT entry=19240.9000 → LONG | long=tp(+10.13%) short=sl(-5.21%) | scanned=15 | long_tp_only
  [label] 2022-08-24 08:00 BTCUSDT entry=21605.6000 → SHORT | long=sl(-3.45%) short=tp(+6.60%) | scanned=7 | short_tp_only
  [label] 2023-02-07 00:00 ETHUSDT entry=1631.5100 → SHORT | long=sl(-3.63%) short=sl(-3.63%) | scanned=8 | no_tp→fwd_return=-5.3221
  [label] 2023-02-11 08:00 BTCUSDT entry=21727.0000 → LONG | long=tp(+5.01%) short=sl(-2.65%) | scanned=12 | long_tp_only
  [label] 2023-02-20 16:00 ETHUSDT entry=1703.7000 → SHORT | long=sl(-3.66%) short=tp(+7.02%) | scanned=12 | short_tp_only
  [label] 2023-04-07 00:00 BTCUSDT entry=27822.0000 → LONG | long=tp(+5.39%) short=sl(-2.85%) | scanned=11 | long_tp_only
  [label] 2023-04-16 00:00 ETHUSDT entry=2098.0000 → SHORT | long=sl(-3.31%) short=tp(+6.33%) | scanned=10 | short_tp_only
  [label] 2023-07-16 16:00 ETHUSDT entry=1920.9700 → SHORT | long=sl(-2.48%) short=timeout(+1.62%) | scanned=22 | no_tp→fwd_return=-1.7236
  [label] 2023-08-17 00:00 ETHUSDT entry=1799.3000 → SHORT | long=sl(-1.55%) short=tp(+2.79%) | scanned=1 | short_tp_only
  [label] 2023-09-01 08:00 ETHUSDT entry=1633.7500 → SHORT | long=timeout(-0.46%) short=sl(-2.81%) | scanned=22 | no_tp→fwd_return=-0.3587
  [label] 2023-09-14 08:00 ETHUSDT entry=1634.0200 → SHORT | long=sl(-2.75%) short=timeout(+3.02%) | scanned=22 | no_tp→fwd_return=-3.1224
  [label] 2023-10-03 00:00 BTCUSDT entry=27528.1000 → LONG | long=timeout(+0.29%) short=sl(-2.47%) | scanned=22 | no_tp→fwd_return=+0.3880
  [label] 2023-10-10 16:00 BTCUSDT entry=27381.2000 → LONG | long=sl(-1.92%) short=sl(-1.92%) | scanned=16 | no_tp→fwd_return=+1.6654
  [label] 2023-10-21 00:00 ETHUSDT entry=1605.6700 → LONG | long=tp(+4.46%) short=sl(-2.38%) | scanned=6 | long_tp_only
  [label] 2023-11-29 08:00 ETHUSDT entry=2031.5300 → LONG | long=tp(+6.00%) short=sl(-3.15%) | scanned=10 | long_tp_only
  [label] 2023-12-11 08:00 BTCUSDT entry=41824.7000 → LONG | long=sl(-3.35%) short=sl(-3.35%) | scanned=7 | no_tp→fwd_return=+2.5112
  [label] 2024-03-05 16:00 BTCUSDT entry=63747.4000 → LONG | long=tp(+11.60%) short=sl(-5.95%) | scanned=16 | long_tp_only
  [sample_weight_mode=composite_inv_concurrency] cell=(A, 2024-04) weight_mean=1.0000 weight_std=0.5002 kish=0.7999
  Labels: 2233 long (51.4%), 2109 short (48.6%) | weights: min=0.98, mean=1.00, max=20.48
  Features: 4342/4342 matched, 43 columns
  CV gap: 44 rows
  [ensemble 1/5] seed=42
  [frozen_hp] Trained with baseline HP: n_est=379 depth=5 ct=0.850
  [ensemble 2/5] seed=123
  [frozen_hp] Trained with baseline HP: n_est=290 depth=5 ct=0.807
  [ensemble 3/5] seed=456
  [frozen_hp] Trained with baseline HP: n_est=247 depth=4 ct=0.816
  [ensemble 4/5] seed=789
  [frozen_hp] Trained with baseline HP: n_est=284 depth=4 ct=0.740
  [ensemble 5/5] seed=1001
  [frozen_hp] Trained with baseline HP: n_est=388 depth=3 ct=0.790
  OOD: 16 features, cutoff (q=0.7) = 10.24
  Model trained for 2024-04: 180 test candles with features, confidence_threshold=0.800
[lgbm] === Training for 2024-05 ===
  Train window: 2022-05-01 → 2024-04-23
  4342 training samples from 2 symbols
  Samples per month: 2022-05: 186, 2022-06: 180, 2022-07: 186, 2022-08: 186, 2022-09: 180, 2022-10: 186, 2022-11: 180, 2022-12: 186, 2023-01: 186, 2023-02: 168, 2023-03: 186, 2023-04: 180, 2023-05: 186, 2023-06: 180, 2023-07: 186, 2023-08: 186, 2023-09: 180, 2023-10: 186, 2023-11: 180, 2023-12: 186, 2024-01: 186, 2024-02: 174, 2024-03: 186, 2024-04: 136
  [label] 2022-07-02 00:00 BTCUSDT entry=19119.9000 → LONG | long=tp(+11.24%) short=sl(-5.77%) | scanned=17 | long_tp_only
  [label] 2022-07-04 00:00 ETHUSDT entry=1050.1600 → LONG | long=tp(+12.80%) short=sl(-6.55%) | scanned=8 | long_tp_only
  [label] 2022-07-07 16:00 ETHUSDT entry=1236.9200 → SHORT | long=sl(-6.09%) short=tp(+11.88%) | scanned=13 | short_tp_only
  [label] 2022-08-01 16:00 BTCUSDT entry=23257.6000 → LONG | long=timeout(+2.25%) short=sl(-4.27%) | scanned=22 | no_tp→fwd_return=+2.3511
  [label] 2022-09-23 08:00 BTCUSDT entry=18704.4000 → LONG | long=timeout(+5.49%) short=sl(-5.33%) | scanned=22 | no_tp→fwd_return=+5.5869
  [label] 2023-03-09 00:00 ETHUSDT entry=1536.4900 → SHORT | long=sl(-2.82%) short=tp(+5.35%) | scanned=2 | short_tp_only
  [label] 2023-03-13 08:00 BTCUSDT entry=24009.0000 → LONG | long=tp(+9.76%) short=sl(-5.03%) | scanned=3 | long_tp_only
  [label] 2023-03-22 16:00 ETHUSDT entry=1733.6100 → LONG | long=timeout(+3.26%) short=sl(-5.14%) | scanned=22 | no_tp→fwd_return=+3.3618
  [label] 2023-05-07 00:00 BTCUSDT entry=28891.9000 → SHORT | long=sl(-3.18%) short=tp(+6.05%) | scanned=11 | short_tp_only
  [label] 2023-05-16 00:00 ETHUSDT entry=1821.6900 → LONG | long=timeout(+1.67%) short=timeout(-1.87%) | scanned=22 | no_tp→fwd_return=+1.7676
  [label] 2023-08-15 16:00 ETHUSDT entry=1828.2800 → SHORT | long=sl(-1.28%) short=tp(+2.26%) | scanned=4 | short_tp_only
  [label] 2023-09-16 00:00 ETHUSDT entry=1636.2100 → SHORT | long=sl(-2.52%) short=timeout(+2.50%) | scanned=22 | no_tp→fwd_return=-2.5962
  [label] 2023-10-01 08:00 ETHUSDT entry=1683.1300 → LONG | long=tp(+3.50%) short=sl(-1.90%) | scanned=1 | long_tp_only
  [label] 2023-10-14 08:00 ETHUSDT entry=1555.6600 → LONG | long=tp(+4.20%) short=sl(-2.25%) | scanned=6 | long_tp_only
  [label] 2023-11-02 00:00 BTCUSDT entry=35280.7000 → LONG | long=sl(-3.15%) short=sl(-3.15%) | scanned=21 | no_tp→fwd_return=+3.5994
  [label] 2023-11-09 16:00 BTCUSDT entry=36719.5000 → SHORT | long=sl(-3.67%) short=timeout(+1.38%) | scanned=22 | no_tp→fwd_return=-1.4801
  [label] 2023-11-20 00:00 ETHUSDT entry=2020.2000 → LONG | long=sl(-3.45%) short=sl(-3.45%) | scanned=8 | no_tp→fwd_return=+2.1636
  [label] 2023-12-29 08:00 ETHUSDT entry=2328.8400 → SHORT | long=sl(-3.80%) short=sl(-3.80%) | scanned=15 | no_tp→fwd_return=-3.7710
  [label] 2024-01-10 08:00 BTCUSDT entry=45569.0000 → SHORT | long=sl(-4.58%) short=sl(-4.58%) | scanned=7 | no_tp→fwd_return=-6.1009
  [label] 2024-04-04 16:00 BTCUSDT entry=68489.9000 → LONG | long=sl(-3.72%) short=sl(-3.72%) | scanned=11 | no_tp→fwd_return=+4.8559
  [sample_weight_mode=composite_inv_concurrency] cell=(A, 2024-05) weight_mean=1.0000 weight_std=0.5002 kish=0.7999
  Labels: 2263 long (52.1%), 2079 short (47.9%) | weights: min=0.98, mean=1.00, max=20.48
  Features: 4342/4342 matched, 43 columns
  CV gap: 44 rows
  [ensemble 1/5] seed=42
  [frozen_hp] Trained with baseline HP: n_est=50 depth=4 ct=0.776
  [ensemble 2/5] seed=123
  [frozen_hp] Trained with baseline HP: n_est=340 depth=4 ct=0.593
  [ensemble 3/5] seed=456
  [frozen_hp] Trained with baseline HP: n_est=161 depth=4 ct=0.658
  [ensemble 4/5] seed=789
  [frozen_hp] Trained with baseline HP: n_est=380 depth=3 ct=0.577
  [ensemble 5/5] seed=1001
  [frozen_hp] Trained with baseline HP: n_est=102 depth=5 ct=0.558
  OOD: 16 features, cutoff (q=0.7) = 10.11
  Model trained for 2024-05: 186 test candles with features, confidence_threshold=0.633
[predict] 2024-05-01 16:00 ETHUSDT → SHORT (proba=0.70 TP=10.8%/SL=5.4%)
[trade:open] 2024-05-01 23:59 ETHUSDT SHORT @ 2970.61 | SL=3131.12 TP=2649.60 | timeout=2024-05-08 23:59
[trade:close] 2024-05-04 15:59 ETHUSDT SHORT → stop_loss @ 3131.12 | PnL=-5.40% (net -5.50%) | cum=-165.33% 2024-05=-5.50% 2024-05-04=-5.50%
[predict] 2024-05-06 16:00 ETHUSDT → LONG (proba=0.66 TP=7.9%/SL=4.0%)
[trade:open] 2024-05-06 23:59 ETHUSDT LONG @ 3061.50 | SL=2940.32 TP=3303.87 | timeout=2024-05-13 23:59
[trade:close] 2024-05-08 23:59 ETHUSDT LONG → stop_loss @ 2940.32 | PnL=-3.96% (net -4.06%) | cum=-169.39% 2024-05=-9.56% 2024-05-08=-4.06%
[predict] 2024-05-09 08:00 BTCUSDT → SHORT (proba=0.87 TP=6.7%/SL=3.3%)
[trade:open] 2024-05-09 15:59 BTCUSDT SHORT @ 62122.50 | SL=64192.81 TP=57981.88 | timeout=2024-05-16 15:59
[predict] 2024-05-10 00:00 ETHUSDT → LONG (proba=0.75 TP=6.8%/SL=3.4%)
[trade:open] 2024-05-10 07:59 ETHUSDT LONG @ 3040.39 | SL=2936.32 TP=3248.52 | timeout=2024-05-17 07:59
[trade:close] 2024-05-10 15:59 ETHUSDT LONG → stop_loss @ 2936.32 | PnL=-3.42% (net -3.52%) | cum=-172.91% 2024-05=-13.08% 2024-05-10=-3.52%
[predict] 2024-05-11 08:00 ETHUSDT → SHORT (proba=0.66 TP=7.0%/SL=3.5%)
[trade:open] 2024-05-11 15:59 ETHUSDT SHORT @ 2924.50 | SL=3027.52 TP=2718.45 | timeout=2024-05-18 15:59
[trade:close] 2024-05-15 15:59 BTCUSDT SHORT → stop_loss @ 64192.81 | PnL=-3.33% (net -3.43%) | cum=-176.34% 2024-05=-16.52% 2024-05-15=-3.43%
[trade:close] 2024-05-15 23:59 ETHUSDT SHORT → stop_loss @ 3027.52 | PnL=-3.52% (net -3.62%) | cum=-179.96% 2024-05=-20.14% 2024-05-15=-7.06%
[predict] 2024-05-16 16:00 BTCUSDT → SHORT (proba=0.66 TP=6.0%/SL=3.0%)
[trade:open] 2024-05-16 23:59 BTCUSDT SHORT @ 65217.70 | SL=67170.62 TP=61311.86 | timeout=2024-05-23 23:59
[predict] 2024-05-16 16:00 ETHUSDT → LONG (proba=0.66 TP=6.4%/SL=3.2%)
[trade:open] 2024-05-16 23:59 ETHUSDT LONG @ 2943.22 | SL=2849.49 TP=3130.67 | timeout=2024-05-23 23:59
[trade:close] 2024-05-17 15:59 BTCUSDT SHORT → stop_loss @ 67170.62 | PnL=-2.99% (net -3.09%) | cum=-183.06% 2024-05=-23.23% 2024-05-17=-3.09%
[trade:close] 2024-05-18 15:59 ETHUSDT LONG → take_profit @ 3130.67 | PnL=+6.37% (net +6.27%) | cum=-176.79% 2024-05=-16.97% 2024-05-18=+6.27%
[predict] 2024-05-19 08:00 ETHUSDT → LONG (proba=0.66 TP=5.6%/SL=2.8%)
[trade:open] 2024-05-19 15:59 ETHUSDT LONG @ 3076.14 | SL=2989.78 TP=3248.86 | timeout=2024-05-26 15:59
[predict] 2024-05-20 00:00 BTCUSDT → SHORT (proba=0.71 TP=4.9%/SL=2.4%)
[trade:open] 2024-05-20 07:59 BTCUSDT SHORT @ 66788.90 | SL=68411.53 TP=63543.65 | timeout=2024-05-27 07:59
[trade:close] 2024-05-20 23:59 BTCUSDT SHORT → stop_loss @ 68411.53 | PnL=-2.43% (net -2.53%) | cum=-179.32% 2024-05=-19.49% 2024-05-20=-2.53%
[trade:close] 2024-05-20 23:59 ETHUSDT LONG → take_profit @ 3248.86 | PnL=+5.61% (net +5.51%) | cum=-173.81% 2024-05=-13.98% 2024-05-20=+2.99%
[predict] 2024-05-23 08:00 BTCUSDT → SHORT (proba=0.65 TP=6.2%/SL=3.1%)
[trade:open] 2024-05-23 15:59 BTCUSDT SHORT @ 68103.00 | SL=70217.70 TP=63873.60 | timeout=2024-05-30 15:59
[predict] 2024-05-24 00:00 ETHUSDT → SHORT (proba=0.68 TP=11.9%/SL=5.9%)
[trade:open] 2024-05-24 07:59 ETHUSDT SHORT @ 3681.26 | SL=3899.91 TP=3243.96 | timeout=2024-05-31 07:59
[trade:close] 2024-05-27 07:59 ETHUSDT SHORT → stop_loss @ 3899.91 | PnL=-5.94% (net -6.04%) | cum=-179.84% 2024-05=-20.02% 2024-05-27=-6.04%
[trade:close] 2024-05-27 15:59 BTCUSDT SHORT → stop_loss @ 70217.70 | PnL=-3.11% (net -3.21%) | cum=-183.05% 2024-05=-23.22% 2024-05-27=-9.24%
[predict] 2024-05-28 00:00 ETHUSDT → SHORT (proba=0.87 TP=8.2%/SL=4.1%)
[trade:open] 2024-05-28 07:59 ETHUSDT SHORT @ 3850.52 | SL=4008.65 TP=3534.25 | timeout=2024-06-04 07:59
[predict] 2024-05-28 16:00 BTCUSDT → SHORT (proba=0.85 TP=5.8%/SL=2.9%)
[trade:open] 2024-05-28 23:59 BTCUSDT SHORT @ 68440.50 | SL=70431.61 TP=64458.27 | timeout=2024-06-04 23:59
[lgbm] === Training for 2024-06 ===
  Train window: 2022-06-01 → 2024-05-24
  4342 training samples from 2 symbols
  Samples per month: 2022-06: 180, 2022-07: 186, 2022-08: 186, 2022-09: 180, 2022-10: 186, 2022-11: 180, 2022-12: 186, 2023-01: 186, 2023-02: 168, 2023-03: 186, 2023-04: 180, 2023-05: 186, 2023-06: 180, 2023-07: 186, 2023-08: 186, 2023-09: 180, 2023-10: 186, 2023-11: 180, 2023-12: 186, 2024-01: 186, 2024-02: 174, 2024-03: 186, 2024-04: 180, 2024-05: 142
  [label] 2022-08-02 00:00 BTCUSDT entry=22875.5000 → LONG | long=timeout(+4.23%) short=sl(-4.37%) | scanned=22 | no_tp→fwd_return=+4.3308
  [label] 2022-08-04 00:00 ETHUSDT entry=1625.2700 → LONG | long=tp(+11.68%) short=sl(-5.99%) | scanned=13 | long_tp_only
  [label] 2022-08-07 16:00 ETHUSDT entry=1699.2500 → LONG | long=tp(+9.02%) short=sl(-4.66%) | scanned=8 | long_tp_only
  [label] 2022-09-01 16:00 BTCUSDT entry=20122.5000 → SHORT | long=sl(-3.88%) short=tp(+7.46%) | scanned=15 | short_tp_only
  [label] 2022-10-24 08:00 BTCUSDT entry=19291.7000 → LONG | long=tp(+3.84%) short=sl(-2.07%) | scanned=4 | long_tp_only
  [label] 2023-04-09 00:00 ETHUSDT entry=1834.6000 → LONG | long=tp(+5.22%) short=sl(-2.76%) | scanned=6 | long_tp_only
  [label] 2023-04-13 08:00 BTCUSDT entry=30422.5000 → SHORT | long=sl(-2.66%) short=tp(+5.02%) | scanned=18 | short_tp_only
  [label] 2023-04-22 16:00 ETHUSDT entry=1873.3900 → LONG | long=sl(-3.78%) short=sl(-3.78%) | scanned=11 | no_tp→fwd_return=+4.2484
  [label] 2023-06-07 00:00 BTCUSDT entry=26786.7000 → SHORT | long=sl(-3.12%) short=timeout(+3.27%) | scanned=22 | no_tp→fwd_return=-3.3696
  [label] 2023-06-16 00:00 ETHUSDT entry=1670.3100 → LONG | long=tp(+6.02%) short=sl(-3.16%) | scanned=3 | long_tp_only
  [label] 2023-09-15 16:00 ETHUSDT entry=1640.6700 → SHORT | long=sl(-2.58%) short=timeout(+2.85%) | scanned=22 | no_tp→fwd_return=-2.9494
  [label] 2023-10-17 00:00 ETHUSDT entry=1589.6600 → LONG | long=sl(-2.47%) short=sl(-2.47%) | scanned=10 | no_tp→fwd_return=+0.9530
  [label] 2023-11-01 08:00 ETHUSDT entry=1792.9400 → LONG | long=tp(+6.02%) short=sl(-3.16%) | scanned=12 | long_tp_only
  [label] 2023-11-14 08:00 ETHUSDT entry=2039.6100 → SHORT | long=sl(-3.78%) short=timeout(+2.39%) | scanned=22 | no_tp→fwd_return=-2.4892
  [label] 2023-12-03 00:00 BTCUSDT entry=39474.1000 → LONG | long=tp(+4.04%) short=sl(-2.17%) | scanned=3 | long_tp_only
  [label] 2023-12-10 16:00 BTCUSDT entry=43810.0000 → SHORT | long=sl(-2.38%) short=tp(+4.46%) | scanned=1 | short_tp_only
  [label] 2023-12-21 00:00 ETHUSDT entry=2216.8100 → LONG | long=tp(+7.66%) short=sl(-3.98%) | scanned=20 | long_tp_only
  [label] 2024-01-29 08:00 ETHUSDT entry=2274.9900 → LONG | long=timeout(+0.88%) short=sl(-2.90%) | scanned=22 | no_tp→fwd_return=+0.9767
  [label] 2024-02-10 08:00 BTCUSDT entry=47332.0000 → LONG | long=tp(+4.73%) short=sl(-2.51%) | scanned=6 | long_tp_only
  [label] 2024-05-05 16:00 BTCUSDT entry=63988.0000 → SHORT | long=sl(-3.61%) short=timeout(+3.86%) | scanned=22 | no_tp→fwd_return=-3.9573
  [sample_weight_mode=composite_inv_concurrency] cell=(A, 2024-06) weight_mean=1.0000 weight_std=0.5002 kish=0.7999
  Labels: 2318 long (53.4%), 2024 short (46.6%) | weights: min=0.98, mean=1.00, max=20.48
  Features: 4342/4342 matched, 43 columns
  CV gap: 44 rows
  [ensemble 1/5] seed=42
  [frozen_hp] Trained with baseline HP: n_est=373 depth=5 ct=0.596
  [ensemble 2/5] seed=123
  [frozen_hp] Trained with baseline HP: n_est=76 depth=4 ct=0.755
  [ensemble 3/5] seed=456
  [frozen_hp] Trained with baseline HP: n_est=338 depth=5 ct=0.689
  [ensemble 4/5] seed=789
  [frozen_hp] Trained with baseline HP: n_est=450 depth=4 ct=0.700
  [ensemble 5/5] seed=1001
  [frozen_hp] Trained with baseline HP: n_est=122 depth=5 ct=0.536
  OOD: 16 features, cutoff (q=0.7) = 10.05
  Model trained for 2024-06: 180 test candles with features, confidence_threshold=0.655
[trade:close] 2024-06-04 15:59 BTCUSDT SHORT → stop_loss @ 70431.61 | PnL=-2.91% (net -3.01%) | cum=-186.06% 2024-06=-3.01% 2024-06-04=-3.01%
[trade:close] 2024-06-04 08:00 ETHUSDT SHORT → timeout @ 3777.00 | PnL=+1.91% (net +1.81%) | cum=-184.25% 2024-06=-1.20% 2024-06-04=-1.20%
[predict] 2024-06-06 00:00 BTCUSDT → LONG (proba=0.76 TP=4.4%/SL=2.2%)
[trade:open] 2024-06-06 07:59 BTCUSDT LONG @ 71077.30 | SL=69506.56 TP=74218.78 | timeout=2024-06-13 07:59
[trade:close] 2024-06-07 23:59 BTCUSDT LONG → stop_loss @ 69506.56 | PnL=-2.21% (net -2.31%) | cum=-186.56% 2024-06=-3.51% 2024-06-07=-2.31%
[predict] 2024-06-08 00:00 ETHUSDT → LONG (proba=0.73 TP=6.2%/SL=3.1%)
[trade:open] 2024-06-08 07:59 ETHUSDT LONG @ 3710.26 | SL=3595.00 TP=3940.79 | timeout=2024-06-15 07:59
[trade:close] 2024-06-11 07:59 ETHUSDT LONG → stop_loss @ 3595.00 | PnL=-3.11% (net -3.21%) | cum=-189.77% 2024-06=-6.72% 2024-06-11=-3.21%
[predict] 2024-06-12 00:00 ETHUSDT → LONG (proba=0.80 TP=6.3%/SL=3.1%)
[trade:open] 2024-06-12 07:59 ETHUSDT LONG @ 3526.99 | SL=3415.94 TP=3749.10 | timeout=2024-06-19 07:59
[trade:close] 2024-06-14 23:59 ETHUSDT LONG → stop_loss @ 3415.94 | PnL=-3.15% (net -3.25%) | cum=-193.01% 2024-06=-9.97% 2024-06-14=-3.25%
[predict] 2024-06-15 16:00 ETHUSDT → LONG (proba=0.66 TP=6.9%/SL=3.4%)
[trade:open] 2024-06-15 23:59 ETHUSDT LONG @ 3567.87 | SL=3444.91 TP=3813.80 | timeout=2024-06-22 23:59
[trade:close] 2024-06-18 07:59 ETHUSDT LONG → stop_loss @ 3444.91 | PnL=-3.45% (net -3.55%) | cum=-196.56% 2024-06=-13.51% 2024-06-18=-3.55%
[predict] 2024-06-18 16:00 BTCUSDT → LONG (proba=0.69 TP=5.4%/SL=2.7%)
[trade:open] 2024-06-18 23:59 BTCUSDT LONG @ 65150.00 | SL=63397.35 TP=68655.30 | timeout=2024-06-25 23:59
[predict] 2024-06-19 00:00 ETHUSDT → LONG (proba=0.68 TP=7.7%/SL=3.9%)
[trade:open] 2024-06-19 07:59 ETHUSDT LONG @ 3543.07 | SL=3406.37 TP=3816.48 | timeout=2024-06-26 07:59
[trade:close] 2024-06-21 15:59 BTCUSDT LONG → stop_loss @ 63397.35 | PnL=-2.69% (net -2.79%) | cum=-199.35% 2024-06=-16.30% 2024-06-21=-2.79%
[predict] 2024-06-22 08:00 BTCUSDT → LONG (proba=0.75 TP=4.4%/SL=2.2%)
[trade:open] 2024-06-22 15:59 BTCUSDT LONG @ 64283.40 | SL=62860.82 TP=67128.55 | timeout=2024-06-29 15:59
[trade:close] 2024-06-23 23:59 ETHUSDT LONG → stop_loss @ 3406.37 | PnL=-3.86% (net -3.96%) | cum=-203.31% 2024-06=-20.26% 2024-06-23=-3.96%
[trade:close] 2024-06-24 07:59 BTCUSDT LONG → stop_loss @ 62860.82 | PnL=-2.21% (net -2.31%) | cum=-205.62% 2024-06=-22.57% 2024-06-24=-2.31%
[predict] 2024-06-25 00:00 ETHUSDT → LONG (proba=0.77 TP=7.0%/SL=3.5%)
[trade:open] 2024-06-25 07:59 ETHUSDT LONG @ 3360.49 | SL=3243.41 TP=3594.66 | timeout=2024-07-02 07:59
[predict] 2024-06-30 16:00 BTCUSDT → LONG (proba=0.68 TP=4.4%/SL=2.2%)
[trade:open] 2024-06-30 23:59 BTCUSDT LONG @ 62766.00 | SL=61373.13 TP=65551.75 | timeout=2024-07-07 23:59
[lgbm] === Training for 2024-07 ===
  Train window: 2022-07-01 → 2024-06-23
  4342 training samples from 2 symbols
  Samples per month: 2022-07: 186, 2022-08: 186, 2022-09: 180, 2022-10: 186, 2022-11: 180, 2022-12: 186, 2023-01: 186, 2023-02: 168, 2023-03: 186, 2023-04: 180, 2023-05: 186, 2023-06: 180, 2023-07: 186, 2023-08: 186, 2023-09: 180, 2023-10: 186, 2023-11: 180, 2023-12: 186, 2024-01: 186, 2024-02: 174, 2024-03: 186, 2024-04: 180, 2024-05: 186, 2024-06: 136
  [label] 2022-09-01 00:00 BTCUSDT entry=19885.7000 → SHORT | long=sl(-3.89%) short=timeout(+3.53%) | scanned=22 | no_tp→fwd_return=-3.6292
  [label] 2022-09-03 00:00 ETHUSDT entry=1542.9700 → LONG | long=tp(+12.71%) short=sl(-6.50%) | scanned=19 | long_tp_only
  [label] 2022-09-06 16:00 ETHUSDT entry=1558.2300 → LONG | long=tp(+11.00%) short=sl(-5.65%) | scanned=8 | long_tp_only
  [label] 2022-10-01 16:00 BTCUSDT entry=19304.0000 → LONG | long=timeout(+0.43%) short=sl(-4.12%) | scanned=22 | no_tp→fwd_return=+0.5294
  [label] 2022-11-23 08:00 BTCUSDT entry=16415.9000 → LONG | long=timeout(+2.59%) short=sl(-3.60%) | scanned=22 | no_tp→fwd_return=+2.6858
  [label] 2023-05-09 00:00 ETHUSDT entry=1847.5800 → SHORT | long=sl(-3.70%) short=timeout(+1.30%) | scanned=22 | no_tp→fwd_return=-1.4013
  [label] 2023-05-13 08:00 BTCUSDT entry=26802.0000 → LONG | long=timeout(+0.40%) short=timeout(-0.60%) | scanned=22 | no_tp→fwd_return=+0.5000
  [label] 2023-05-22 16:00 ETHUSDT entry=1816.6700 → SHORT | long=sl(-1.90%) short=sl(-1.90%) | scanned=5 | no_tp→fwd_return=-1.3299
  [label] 2023-07-07 00:00 BTCUSDT entry=29992.9000 → LONG | long=tp(+5.51%) short=sl(-2.90%) | scanned=20 | long_tp_only
  [label] 2023-07-16 00:00 ETHUSDT entry=1924.5100 → SHORT | long=sl(-2.64%) short=timeout(+2.51%) | scanned=22 | no_tp→fwd_return=-2.6079
  [label] 2023-10-15 16:00 ETHUSDT entry=1557.2500 → LONG | long=tp(+3.58%) short=sl(-1.94%) | scanned=2 | long_tp_only
  [label] 2023-11-16 00:00 ETHUSDT entry=2054.7100 → LONG | long=sl(-3.89%) short=timeout(-0.67%) | scanned=22 | no_tp→fwd_return=+0.5714
  [label] 2023-12-01 08:00 ETHUSDT entry=2079.4300 → LONG | long=tp(+5.49%) short=sl(-2.90%) | scanned=4 | long_tp_only
  [label] 2023-12-14 08:00 ETHUSDT entry=2275.9500 → SHORT | long=sl(-4.19%) short=timeout(+1.72%) | scanned=22 | no_tp→fwd_return=-1.8212
  [label] 2024-01-02 00:00 BTCUSDT entry=45495.5000 → SHORT | long=sl(-2.82%) short=tp(+5.35%) | scanned=4 | short_tp_only
  [label] 2024-01-09 16:00 BTCUSDT entry=46114.0000 → SHORT | long=sl(-4.72%) short=sl(-4.72%) | scanned=9 | no_tp→fwd_return=-7.2106
  [label] 2024-01-20 00:00 ETHUSDT entry=2479.0000 → SHORT | long=sl(-3.39%) short=tp(+6.47%) | scanned=8 | short_tp_only
  [label] 2024-02-28 08:00 ETHUSDT entry=3350.3000 → LONG | long=sl(-3.56%) short=sl(-3.56%) | scanned=1 | no_tp→fwd_return=+1.0975
  [label] 2024-03-11 08:00 BTCUSDT entry=72061.4000 → SHORT | long=sl(-4.17%) short=tp(+8.05%) | scanned=12 | short_tp_only
  [label] 2024-06-04 16:00 BTCUSDT entry=70580.0000 → SHORT | long=sl(-2.46%) short=tp(+4.61%) | scanned=20 | short_tp_only
  [sample_weight_mode=composite_inv_concurrency] cell=(A, 2024-07) weight_mean=1.0000 weight_std=0.5002 kish=0.7999
  Labels: 2309 long (53.2%), 2033 short (46.8%) | weights: min=0.98, mean=1.00, max=20.48
  Features: 4342/4342 matched, 43 columns
  CV gap: 44 rows
  [ensemble 1/5] seed=42
  [frozen_hp] Trained with baseline HP: n_est=463 depth=3 ct=0.710
  [ensemble 2/5] seed=123
  [frozen_hp] Trained with baseline HP: n_est=106 depth=5 ct=0.670
  [ensemble 3/5] seed=456
  [frozen_hp] Trained with baseline HP: n_est=62 depth=3 ct=0.838
  [ensemble 4/5] seed=789
  [frozen_hp] Trained with baseline HP: n_est=225 depth=3 ct=0.589
  [ensemble 5/5] seed=1001
  [frozen_hp] Trained with baseline HP: n_est=339 depth=5 ct=0.641
  OOD: 16 features, cutoff (q=0.7) = 10.18
  Model trained for 2024-07: 186 test candles with features, confidence_threshold=0.689
[trade:close] 2024-07-02 08:00 ETHUSDT LONG → timeout @ 3438.35 | PnL=+2.32% (net +2.22%) | cum=-203.41% 2024-07=+2.22% 2024-07-02=+2.22%
[trade:close] 2024-07-03 07:59 BTCUSDT LONG → stop_loss @ 61373.13 | PnL=-2.22% (net -2.32%) | cum=-205.73% 2024-07=-0.10% 2024-07-03=-2.32%
[predict] 2024-07-03 16:00 ETHUSDT → SHORT (proba=0.71 TP=5.5%/SL=2.7%)
[trade:open] 2024-07-03 23:59 ETHUSDT SHORT @ 3294.75 | SL=3385.18 TP=3113.89 | timeout=2024-07-10 23:59
[trade:close] 2024-07-04 15:59 ETHUSDT SHORT → take_profit @ 3113.89 | PnL=+5.49% (net +5.39%) | cum=-200.34% 2024-07=+5.29% 2024-07-04=+5.39%
[predict] 2024-07-06 08:00 ETHUSDT → SHORT (proba=0.86 TP=9.0%/SL=4.5%)
[trade:open] 2024-07-06 15:59 ETHUSDT SHORT @ 3018.44 | SL=3154.96 TP=2745.40 | timeout=2024-07-13 15:59
[predict] 2024-07-07 08:00 BTCUSDT → SHORT (proba=0.87 TP=7.8%/SL=3.9%)
[trade:open] 2024-07-07 15:59 BTCUSDT SHORT @ 56806.20 | SL=59007.47 TP=52403.65 | timeout=2024-07-14 15:59
[trade:close] 2024-07-10 07:59 BTCUSDT SHORT → stop_loss @ 59007.47 | PnL=-3.88% (net -3.98%) | cum=-204.31% 2024-07=+1.31% 2024-07-10=-3.98%
[trade:close] 2024-07-11 15:59 ETHUSDT SHORT → stop_loss @ 3154.96 | PnL=-4.52% (net -4.62%) | cum=-208.93% 2024-07=-3.31% 2024-07-11=-4.62%
[predict] 2024-07-14 00:00 ETHUSDT → SHORT (proba=0.71 TP=6.6%/SL=3.3%)
[trade:open] 2024-07-14 07:59 ETHUSDT SHORT @ 3194.34 | SL=3299.24 TP=2984.54 | timeout=2024-07-21 07:59
[trade:close] 2024-07-15 07:59 ETHUSDT SHORT → stop_loss @ 3299.24 | PnL=-3.28% (net -3.38%) | cum=-212.32% 2024-07=-6.69% 2024-07-15=-3.38%
[predict] 2024-07-16 00:00 ETHUSDT → LONG (proba=0.74 TP=7.4%/SL=3.7%)
[trade:open] 2024-07-16 07:59 ETHUSDT LONG @ 3375.67 | SL=3250.16 TP=3626.69 | timeout=2024-07-23 07:59
[predict] 2024-07-17 16:00 BTCUSDT → SHORT (proba=0.75 TP=6.7%/SL=3.3%)
[trade:open] 2024-07-17 23:59 BTCUSDT SHORT @ 64055.70 | SL=66189.63 TP=59787.83 | timeout=2024-07-24 23:59
[trade:close] 2024-07-19 23:59 BTCUSDT SHORT → stop_loss @ 66189.63 | PnL=-3.33% (net -3.43%) | cum=-215.75% 2024-07=-10.13% 2024-07-19=-3.43%
[predict] 2024-07-22 00:00 BTCUSDT → SHORT (proba=0.86 TP=5.9%/SL=3.0%)
[trade:open] 2024-07-22 07:59 BTCUSDT SHORT @ 67210.30 | SL=69196.25 TP=63238.39 | timeout=2024-07-29 07:59
[trade:close] 2024-07-23 08:00 ETHUSDT LONG → timeout @ 3453.30 | PnL=+2.30% (net +2.20%) | cum=-213.55% 2024-07=-7.93% 2024-07-23=+2.20%
[trade:close] 2024-07-27 15:59 BTCUSDT SHORT → stop_loss @ 69196.25 | PnL=-2.95% (net -3.05%) | cum=-216.60% 2024-07=-10.98% 2024-07-27=-3.05%
[predict] 2024-07-29 08:00 BTCUSDT → SHORT (proba=0.86 TP=6.2%/SL=3.1%)
[trade:open] 2024-07-29 15:59 BTCUSDT SHORT @ 68067.20 | SL=70179.52 TP=63842.55 | timeout=2024-08-05 15:59
[predict] 2024-07-31 08:00 ETHUSDT → SHORT (proba=0.71 TP=7.0%/SL=3.5%)
[trade:open] 2024-07-31 15:59 ETHUSDT SHORT @ 3301.20 | SL=3417.35 TP=3068.91 | timeout=2024-08-07 15:59
[trade:close] 2024-08-01 07:59 BTCUSDT SHORT → take_profit @ 63842.55 | PnL=+6.21% (net +6.11%) | cum=-210.50% 2024-08=+6.11% 2024-08-01=+6.11%
[lgbm] === Training for 2024-08 ===
  Train window: 2022-08-01 → 2024-07-24
  4342 training samples from 2 symbols
  Samples per month: 2022-08: 186, 2022-09: 180, 2022-10: 186, 2022-11: 180, 2022-12: 186, 2023-01: 186, 2023-02: 168, 2023-03: 186, 2023-04: 180, 2023-05: 186, 2023-06: 180, 2023-07: 186, 2023-08: 186, 2023-09: 180, 2023-10: 186, 2023-11: 180, 2023-12: 186, 2024-01: 186, 2024-02: 174, 2024-03: 186, 2024-04: 180, 2024-05: 186, 2024-06: 180, 2024-07: 142
  [label] 2022-10-02 00:00 BTCUSDT entry=19276.5000 → LONG | long=timeout(+0.53%) short=sl(-3.88%) | scanned=22 | no_tp→fwd_return=+0.6313
  [label] 2022-10-04 00:00 ETHUSDT entry=1349.5900 → SHORT | long=sl(-4.17%) short=timeout(+4.81%) | scanned=22 | no_tp→fwd_return=-4.9148
  [label] 2022-10-07 16:00 ETHUSDT entry=1330.4100 → SHORT | long=sl(-3.54%) short=tp(+6.78%) | scanned=17 | short_tp_only
  [label] 2022-11-01 16:00 BTCUSDT entry=20472.1000 → LONG | long=tp(+4.36%) short=sl(-2.33%) | scanned=10 | long_tp_only
  [label] 2022-12-24 08:00 BTCUSDT entry=16830.2000 → SHORT | long=sl(-1.75%) short=timeout(+1.35%) | scanned=22 | no_tp→fwd_return=-1.4510
  [label] 2023-06-09 00:00 ETHUSDT entry=1835.2300 → SHORT | long=sl(-2.47%) short=tp(+4.64%) | scanned=3 | short_tp_only
  [label] 2023-06-13 08:00 BTCUSDT entry=25750.9000 → LONG | long=sl(-2.68%) short=sl(-2.68%) | scanned=10 | no_tp→fwd_return=+2.2722
  [label] 2023-06-22 16:00 ETHUSDT entry=1871.3600 → SHORT | long=sl(-3.19%) short=sl(-3.19%) | scanned=18 | no_tp→fwd_return=-2.3566
  [label] 2023-08-07 00:00 BTCUSDT entry=29084.7000 → LONG | long=sl(-1.37%) short=sl(-1.37%) | scanned=4 | no_tp→fwd_return=+1.4881
  [label] 2023-08-16 00:00 ETHUSDT entry=1826.4000 → SHORT | long=sl(-1.26%) short=tp(+2.21%) | scanned=3 | short_tp_only
  [label] 2023-11-15 16:00 ETHUSDT entry=2059.2900 → LONG | long=sl(-4.03%) short=timeout(-0.32%) | scanned=22 | no_tp→fwd_return=+0.2243
  [label] 2023-12-17 00:00 ETHUSDT entry=2209.7900 → LONG | long=sl(-3.70%) short=sl(-3.70%) | scanned=15 | no_tp→fwd_return=+2.9632
  [label] 2024-01-01 08:00 ETHUSDT entry=2316.9700 → SHORT | long=sl(-3.24%) short=sl(-3.24%) | scanned=6 | no_tp→fwd_return=-3.2780
  [label] 2024-01-14 08:00 ETHUSDT entry=2538.1600 → SHORT | long=sl(-4.59%) short=timeout(+2.66%) | scanned=22 | no_tp→fwd_return=-2.7642
  [label] 2024-02-02 00:00 BTCUSDT entry=43076.0000 → LONG | long=tp(+5.49%) short=sl(-2.90%) | scanned=20 | long_tp_only
  [label] 2024-02-09 16:00 BTCUSDT entry=47116.1000 → LONG | long=tp(+5.12%) short=sl(-2.71%) | scanned=8 | long_tp_only
  [label] 2024-02-20 00:00 ETHUSDT entry=2923.3200 → LONG | long=tp(+6.42%) short=sl(-3.36%) | scanned=17 | long_tp_only
  [label] 2024-03-30 08:00 ETHUSDT entry=3539.9700 → SHORT | long=sl(-3.88%) short=tp(+7.46%) | scanned=9 | short_tp_only
  [label] 2024-04-11 08:00 BTCUSDT entry=70045.9000 → SHORT | long=sl(-3.49%) short=tp(+6.69%) | scanned=4 | short_tp_only
  [label] 2024-07-05 16:00 BTCUSDT entry=56604.9000 → LONG | long=timeout(+2.13%) short=sl(-4.44%) | scanned=22 | no_tp→fwd_return=+2.2350
  [sample_weight_mode=composite_inv_concurrency] cell=(A, 2024-08) weight_mean=1.0000 weight_std=0.5002 kish=0.7999
  Labels: 2300 long (53.0%), 2042 short (47.0%) | weights: min=0.98, mean=1.00, max=20.48
  Features: 4342/4342 matched, 43 columns
  CV gap: 44 rows
  [ensemble 1/5] seed=42
  [frozen_hp] Trained with baseline HP: n_est=487 depth=5 ct=0.738
  [ensemble 2/5] seed=123
  [frozen_hp] Trained with baseline HP: n_est=311 depth=3 ct=0.788
  [ensemble 3/5] seed=456
  [frozen_hp] Trained with baseline HP: n_est=69 depth=5 ct=0.662
  [ensemble 4/5] seed=789
  [frozen_hp] Trained with baseline HP: n_est=113 depth=3 ct=0.677
  [ensemble 5/5] seed=1001
  [frozen_hp] Trained with baseline HP: n_est=139 depth=4 ct=0.817
  OOD: 16 features, cutoff (q=0.7) = 10.21
  Model trained for 2024-08: 186 test candles with features, confidence_threshold=0.737
[trade:close] 2024-08-02 15:59 ETHUSDT SHORT → take_profit @ 3068.91 | PnL=+7.04% (net +6.94%) | cum=-203.56% 2024-08=+13.04% 2024-08-02=+6.94%
[predict] 2024-08-08 00:00 ETHUSDT → LONG (proba=0.78 TP=17.8%/SL=8.9%)
[trade:open] 2024-08-08 07:59 ETHUSDT LONG @ 2413.04 | SL=2198.50 TP=2842.13 | timeout=2024-08-15 07:59
[trade:close] 2024-08-15 08:00 ETHUSDT LONG → timeout @ 2613.83 | PnL=+8.32% (net +8.22%) | cum=-195.34% 2024-08=+21.26% 2024-08-15=+8.22%
[lgbm] === Training for 2024-09 ===
  Train window: 2022-09-01 → 2024-08-24
  4342 training samples from 2 symbols
  Samples per month: 2022-09: 180, 2022-10: 186, 2022-11: 180, 2022-12: 186, 2023-01: 186, 2023-02: 168, 2023-03: 186, 2023-04: 180, 2023-05: 186, 2023-06: 180, 2023-07: 186, 2023-08: 186, 2023-09: 180, 2023-10: 186, 2023-11: 180, 2023-12: 186, 2024-01: 186, 2024-02: 174, 2024-03: 186, 2024-04: 180, 2024-05: 186, 2024-06: 180, 2024-07: 186, 2024-08: 142
  [label] 2022-11-02 00:00 BTCUSDT entry=20414.2000 → LONG | long=tp(+4.23%) short=sl(-2.27%) | scanned=9 | long_tp_only
  [label] 2022-11-04 00:00 ETHUSDT entry=1586.6800 → SHORT | long=sl(-4.66%) short=sl(-4.66%) | scanned=12 | no_tp→fwd_return=-6.0296
  [label] 2022-11-07 16:00 ETHUSDT entry=1567.5200 → SHORT | long=sl(-4.59%) short=tp(+8.89%) | scanned=2 | short_tp_only
  [label] 2022-12-02 16:00 BTCUSDT entry=17083.0000 → LONG | long=sl(-2.54%) short=timeout(-0.33%) | scanned=22 | no_tp→fwd_return=+0.2283
  [label] 2023-01-24 08:00 BTCUSDT entry=22924.0000 → LONG | long=timeout(+0.73%) short=sl(-3.35%) | scanned=22 | no_tp→fwd_return=+0.8284
  [label] 2023-07-10 00:00 ETHUSDT entry=1855.4200 → LONG | long=tp(+4.27%) short=sl(-2.29%) | scanned=10 | long_tp_only
  [label] 2023-07-14 08:00 BTCUSDT entry=31236.5000 → SHORT | long=sl(-2.44%) short=tp(+4.57%) | scanned=10 | short_tp_only
  [label] 2023-07-23 16:00 ETHUSDT entry=1887.8600 → SHORT | long=sl(-2.08%) short=timeout(+1.34%) | scanned=22 | no_tp→fwd_return=-1.4355
  [label] 2023-09-07 00:00 BTCUSDT entry=25750.9000 → SHORT | long=sl(-1.97%) short=sl(-1.97%) | scanned=13 | no_tp→fwd_return=-2.5180
  [label] 2023-09-16 00:00 ETHUSDT entry=1636.2100 → SHORT | long=sl(-2.52%) short=timeout(+2.50%) | scanned=22 | no_tp→fwd_return=-2.5962
  [label] 2023-12-16 16:00 ETHUSDT entry=2229.6400 → LONG | long=sl(-3.80%) short=sl(-3.80%) | scanned=17 | no_tp→fwd_return=+4.1307
  [label] 2024-01-17 00:00 ETHUSDT entry=2552.1400 → SHORT | long=sl(-3.85%) short=tp(+7.39%) | scanned=16 | short_tp_only
  [label] 2024-02-01 08:00 ETHUSDT entry=2288.2800 → LONG | long=tp(+6.16%) short=sl(-3.23%) | scanned=19 | long_tp_only
  [label] 2024-02-14 08:00 ETHUSDT entry=2751.3700 → LONG | long=tp(+6.48%) short=sl(-3.39%) | scanned=14 | long_tp_only
  [label] 2024-03-04 00:00 BTCUSDT entry=64120.6000 → LONG | long=tp(+6.59%) short=sl(-3.44%) | scanned=2 | long_tp_only
  [label] 2024-03-11 16:00 BTCUSDT entry=72153.8000 → SHORT | long=sl(-4.00%) short=tp(+7.70%) | scanned=11 | short_tp_only
  [label] 2024-03-22 00:00 ETHUSDT entry=3514.5200 → LONG | long=sl(-6.79%) short=timeout(-0.32%) | scanned=22 | no_tp→fwd_return=+0.2236
  [label] 2024-04-30 08:00 ETHUSDT entry=2992.6700 → LONG | long=sl(-4.86%) short=sl(-4.86%) | scanned=12 | no_tp→fwd_return=+4.4295
  [label] 2024-05-12 08:00 BTCUSDT entry=61395.9000 → LONG | long=tp(+5.54%) short=sl(-2.92%) | scanned=9 | long_tp_only
  [label] 2024-08-05 16:00 BTCUSDT entry=54003.1000 → LONG | long=tp(+14.86%) short=sl(-7.58%) | scanned=9 | long_tp_only
  [sample_weight_mode=composite_inv_concurrency] cell=(A, 2024-09) weight_mean=1.0000 weight_std=0.5002 kish=0.7999
  Labels: 2311 long (53.2%), 2031 short (46.8%) | weights: min=0.98, mean=1.00, max=20.48
  Features: 4342/4342 matched, 43 columns
  CV gap: 44 rows
  [ensemble 1/5] seed=42
  [frozen_hp] Trained with baseline HP: n_est=125 depth=3 ct=0.656
  [ensemble 2/5] seed=123
  [frozen_hp] Trained with baseline HP: n_est=91 depth=4 ct=0.672
  [ensemble 3/5] seed=456
  [frozen_hp] Trained with baseline HP: n_est=474 depth=4 ct=0.840
  [ensemble 4/5] seed=789
  [frozen_hp] Trained with baseline HP: n_est=232 depth=4 ct=0.730
  [ensemble 5/5] seed=1001
  [frozen_hp] Trained with baseline HP: n_est=56 depth=3 ct=0.810
  OOD: 16 features, cutoff (q=0.7) = 9.95
  Model trained for 2024-09: 180 test candles with features, confidence_threshold=0.742
[lgbm] === Training for 2024-10 ===
  Train window: 2022-10-01 → 2024-09-23
  4342 training samples from 2 symbols
  Samples per month: 2022-10: 186, 2022-11: 180, 2022-12: 186, 2023-01: 186, 2023-02: 168, 2023-03: 186, 2023-04: 180, 2023-05: 186, 2023-06: 180, 2023-07: 186, 2023-08: 186, 2023-09: 180, 2023-10: 186, 2023-11: 180, 2023-12: 186, 2024-01: 186, 2024-02: 174, 2024-03: 186, 2024-04: 180, 2024-05: 186, 2024-06: 180, 2024-07: 186, 2024-08: 186, 2024-09: 136
  [label] 2022-12-02 00:00 BTCUSDT entry=16947.1000 → LONG | long=timeout(+1.41%) short=sl(-2.61%) | scanned=22 | no_tp→fwd_return=+1.5141
  [label] 2022-12-04 00:00 ETHUSDT entry=1256.2600 → LONG | long=timeout(+1.45%) short=sl(-3.72%) | scanned=22 | no_tp→fwd_return=+1.5530
  [label] 2022-12-07 16:00 ETHUSDT entry=1230.8300 → LONG | long=tp(+6.97%) short=sl(-3.63%) | scanned=17 | long_tp_only
  [label] 2023-01-01 16:00 BTCUSDT entry=16610.3000 → LONG | long=tp(+2.22%) short=sl(-1.26%) | scanned=15 | long_tp_only
  [label] 2023-02-23 08:00 BTCUSDT entry=23940.0000 → SHORT | long=sl(-3.96%) short=timeout(+2.36%) | scanned=22 | no_tp→fwd_return=-2.4632
  [label] 2023-08-09 00:00 ETHUSDT entry=1860.2200 → SHORT | long=sl(-1.65%) short=timeout(+1.72%) | scanned=22 | no_tp→fwd_return=-1.8181
  [label] 2023-08-13 08:00 BTCUSDT entry=29362.8000 → SHORT | long=sl(-1.15%) short=sl(-1.15%) | scanned=7 | no_tp→fwd_return=-0.5926
  [label] 2023-08-22 16:00 ETHUSDT entry=1634.5000 → LONG | long=tp(+5.95%) short=sl(-3.12%) | scanned=20 | long_tp_only
  [label] 2023-10-07 00:00 BTCUSDT entry=27878.2000 → SHORT | long=sl(-2.41%) short=tp(+4.51%) | scanned=14 | short_tp_only
  [label] 2023-10-16 00:00 ETHUSDT entry=1578.0200 → LONG | long=tp(+3.78%) short=sl(-2.04%) | scanned=1 | long_tp_only
  [label] 2024-01-15 16:00 ETHUSDT entry=2512.2100 → SHORT | long=sl(-4.21%) short=tp(+8.12%) | scanned=21 | short_tp_only
  [label] 2024-02-16 00:00 ETHUSDT entry=2817.0900 → LONG | long=sl(-3.41%) short=sl(-3.41%) | scanned=9 | no_tp→fwd_return=+3.9331
  [label] 2024-03-02 08:00 ETHUSDT entry=3421.3700 → LONG | long=tp(+7.97%) short=sl(-4.14%) | scanned=8 | long_tp_only
  [label] 2024-03-15 08:00 ETHUSDT entry=3691.9400 → SHORT | long=sl(-6.02%) short=tp(+11.73%) | scanned=12 | short_tp_only
  [label] 2024-04-03 00:00 BTCUSDT entry=66181.1000 → LONG | long=tp(+7.71%) short=sl(-4.00%) | scanned=16 | long_tp_only
  [label] 2024-04-10 16:00 BTCUSDT entry=70681.7000 → SHORT | long=sl(-3.56%) short=tp(+6.82%) | scanned=6 | short_tp_only
  [label] 2024-04-21 00:00 ETHUSDT entry=3177.9200 → LONG | long=timeout(+4.25%) short=timeout(-4.45%) | scanned=22 | no_tp→fwd_return=+4.3535
  [label] 2024-05-30 08:00 ETHUSDT entry=3778.4000 → LONG | long=timeout(+1.72%) short=timeout(-1.92%) | scanned=22 | no_tp→fwd_return=+1.8182
  [label] 2024-06-11 08:00 BTCUSDT entry=66266.0000 → LONG | long=tp(+4.48%) short=sl(-2.39%) | scanned=3 | long_tp_only
  [label] 2024-09-04 16:00 BTCUSDT entry=57944.8000 → SHORT | long=sl(-3.53%) short=tp(+6.75%) | scanned=5 | short_tp_only
  [sample_weight_mode=composite_inv_concurrency] cell=(A, 2024-10) weight_mean=1.0000 weight_std=0.5002 kish=0.7999
  Labels: 2325 long (53.5%), 2017 short (46.5%) | weights: min=0.98, mean=1.00, max=20.48
  Features: 4342/4342 matched, 43 columns
  CV gap: 44 rows
  [ensemble 1/5] seed=42
  [frozen_hp] Trained with baseline HP: n_est=103 depth=5 ct=0.811
  [ensemble 2/5] seed=123
  [frozen_hp] Trained with baseline HP: n_est=341 depth=3 ct=0.798
  [ensemble 3/5] seed=456
  [frozen_hp] Trained with baseline HP: n_est=410 depth=4 ct=0.720
  [ensemble 4/5] seed=789
  [frozen_hp] Trained with baseline HP: n_est=315 depth=3 ct=0.569
  [ensemble 5/5] seed=1001
  [frozen_hp] Trained with baseline HP: n_est=317 depth=4 ct=0.710
  OOD: 16 features, cutoff (q=0.7) = 9.94
  Model trained for 2024-10: 186 test candles with features, confidence_threshold=0.721
[predict] 2024-10-01 00:00 BTCUSDT → LONG (proba=0.74 TP=4.4%/SL=2.2%)
[trade:open] 2024-10-01 07:59 BTCUSDT LONG @ 64017.00 | SL=62617.97 TP=66815.06 | timeout=2024-10-08 07:59
[trade:close] 2024-10-01 15:59 BTCUSDT LONG → stop_loss @ 62617.97 | PnL=-2.19% (net -2.29%) | cum=-197.63% 2024-10=-2.29% 2024-10-01=-2.29%
[predict] 2024-10-09 00:00 ETHUSDT → LONG (proba=0.73 TP=6.5%/SL=3.2%)
[trade:open] 2024-10-09 07:59 ETHUSDT LONG @ 2434.80 | SL=2356.10 TP=2592.20 | timeout=2024-10-16 07:59
[trade:close] 2024-10-09 23:59 ETHUSDT LONG → stop_loss @ 2356.10 | PnL=-3.23% (net -3.33%) | cum=-200.96% 2024-10=-5.62% 2024-10-09=-3.33%
[predict] 2024-10-11 00:00 BTCUSDT → SHORT (proba=0.80 TP=5.4%/SL=2.7%)
[trade:open] 2024-10-11 07:59 BTCUSDT SHORT @ 60643.30 | SL=62283.65 TP=57362.59 | timeout=2024-10-18 07:59
[trade:close] 2024-10-11 15:59 BTCUSDT SHORT → stop_loss @ 62283.65 | PnL=-2.70% (net -2.80%) | cum=-203.76% 2024-10=-8.42% 2024-10-11=-2.80%
[predict] 2024-10-19 08:00 BTCUSDT → LONG (proba=0.80 TP=4.4%/SL=2.2%)
[trade:open] 2024-10-19 15:59 BTCUSDT LONG @ 68206.90 | SL=66709.27 TP=71202.16 | timeout=2024-10-26 15:59
[trade:close] 2024-10-22 07:59 BTCUSDT LONG → stop_loss @ 66709.27 | PnL=-2.20% (net -2.30%) | cum=-206.06% 2024-10=-10.72% 2024-10-22=-2.30%
[predict] 2024-10-25 16:00 ETHUSDT → LONG (proba=0.74 TP=8.0%/SL=4.0%)
[trade:open] 2024-10-25 23:59 ETHUSDT LONG @ 2440.10 | SL=2342.21 TP=2635.88 | timeout=2024-11-01 23:59
[trade:close] 2024-10-29 15:59 ETHUSDT LONG → take_profit @ 2635.88 | PnL=+8.02% (net +7.92%) | cum=-198.13% 2024-10=-2.79% 2024-10-29=+7.92%
[predict] 2024-10-30 16:00 ETHUSDT → LONG (proba=0.79 TP=6.9%/SL=3.5%)
[trade:open] 2024-10-30 23:59 ETHUSDT LONG @ 2659.36 | SL=2567.59 TP=2842.91 | timeout=2024-11-06 23:59
[trade:close] 2024-10-31 15:59 ETHUSDT LONG → stop_loss @ 2567.59 | PnL=-3.45% (net -3.55%) | cum=-201.69% 2024-10=-6.35% 2024-10-31=-3.55%
[lgbm] === Training for 2024-11 ===
  Train window: 2022-11-01 → 2024-10-24
  4342 training samples from 2 symbols
  Samples per month: 2022-11: 180, 2022-12: 186, 2023-01: 186, 2023-02: 168, 2023-03: 186, 2023-04: 180, 2023-05: 186, 2023-06: 180, 2023-07: 186, 2023-08: 186, 2023-09: 180, 2023-10: 186, 2023-11: 180, 2023-12: 186, 2024-01: 186, 2024-02: 174, 2024-03: 186, 2024-04: 180, 2024-05: 186, 2024-06: 180, 2024-07: 186, 2024-08: 186, 2024-09: 180, 2024-10: 142
  [label] 2023-01-02 00:00 BTCUSDT entry=16712.5000 → LONG | long=tp(+2.36%) short=sl(-1.33%) | scanned=20 | long_tp_only
  [label] 2023-01-04 00:00 ETHUSDT entry=1251.7700 → LONG | long=tp(+4.02%) short=sl(-2.16%) | scanned=15 | long_tp_only
  [label] 2023-01-07 16:00 ETHUSDT entry=1263.6500 → LONG | long=tp(+3.56%) short=sl(-1.93%) | scanned=4 | long_tp_only
  [label] 2023-02-01 16:00 BTCUSDT entry=23730.0000 → SHORT | long=sl(-3.08%) short=timeout(+3.16%) | scanned=22 | no_tp→fwd_return=-3.2621
  [label] 2023-03-26 08:00 BTCUSDT entry=27790.1000 → LONG | long=sl(-4.03%) short=sl(-4.03%) | scanned=11 | no_tp→fwd_return=+3.2979
  [label] 2023-09-09 00:00 ETHUSDT entry=1633.7300 → SHORT | long=sl(-2.03%) short=tp(+3.76%) | scanned=7 | short_tp_only
  [label] 2023-09-13 08:00 BTCUSDT entry=26229.1000 → LONG | long=timeout(+3.48%) short=sl(-2.62%) | scanned=22 | no_tp→fwd_return=+3.5823
  [label] 2023-09-22 16:00 ETHUSDT entry=1592.2800 → LONG | long=tp(+4.01%) short=sl(-2.16%) | scanned=18 | long_tp_only
  [label] 2023-11-07 00:00 BTCUSDT entry=34947.3000 → LONG | long=tp(+4.63%) short=sl(-2.46%) | scanned=6 | long_tp_only
  [label] 2023-11-16 00:00 ETHUSDT entry=2054.7100 → LONG | long=sl(-3.89%) short=timeout(-0.67%) | scanned=22 | no_tp→fwd_return=+0.5714
  [label] 2024-02-15 16:00 ETHUSDT entry=2824.5400 → LONG | long=sl(-3.49%) short=sl(-3.49%) | scanned=10 | no_tp→fwd_return=+3.6590
  [label] 2024-03-18 00:00 ETHUSDT entry=3628.9700 → SHORT | long=sl(-5.86%) short=tp(+11.41%) | scanned=4 | short_tp_only
  [label] 2024-04-02 08:00 ETHUSDT entry=3241.9700 → LONG | long=tp(+9.56%) short=sl(-4.93%) | scanned=18 | long_tp_only
  [label] 2024-04-15 08:00 ETHUSDT entry=3162.2600 → LONG | long=sl(-7.28%) short=timeout(-0.73%) | scanned=22 | no_tp→fwd_return=+0.6255
  [label] 2024-05-04 00:00 BTCUSDT entry=62931.3000 → SHORT | long=sl(-4.18%) short=sl(-4.18%) | scanned=20 | no_tp→fwd_return=-3.4215
  [label] 2024-05-11 16:00 BTCUSDT entry=60809.2000 → LONG | long=tp(+6.09%) short=sl(-3.20%) | scanned=11 | long_tp_only
  [label] 2024-05-22 00:00 ETHUSDT entry=3749.2400 → LONG | long=sl(-4.62%) short=sl(-4.62%) | scanned=5 | no_tp→fwd_return=+0.9485
  [label] 2024-06-30 08:00 ETHUSDT entry=3398.8700 → SHORT | long=sl(-2.43%) short=sl(-2.43%) | scanned=9 | no_tp→fwd_return=-2.8327
  [label] 2024-07-12 08:00 BTCUSDT entry=58188.9000 → LONG | long=tp(+7.45%) short=sl(-3.88%) | scanned=8 | long_tp_only
  [label] 2024-10-05 16:00 BTCUSDT entry=62023.1000 → SHORT | long=sl(-2.53%) short=sl(-2.53%) | scanned=12 | no_tp→fwd_return=-2.2841
  [sample_weight_mode=composite_inv_concurrency] cell=(A, 2024-11) weight_mean=1.0000 weight_std=0.5002 kish=0.7999
  Labels: 2295 long (52.9%), 2047 short (47.1%) | weights: min=0.98, mean=1.00, max=20.48
  Features: 4342/4342 matched, 43 columns
  CV gap: 44 rows
  [ensemble 1/5] seed=42
  [frozen_hp] Trained with baseline HP: n_est=87 depth=3 ct=0.596
  [ensemble 2/5] seed=123
  [frozen_hp] Trained with baseline HP: n_est=327 depth=5 ct=0.731
  [ensemble 3/5] seed=456
  [frozen_hp] Trained with baseline HP: n_est=53 depth=4 ct=0.849
  [ensemble 4/5] seed=789
  [frozen_hp] Trained with baseline HP: n_est=417 depth=3 ct=0.647
  [ensemble 5/5] seed=1001
  [frozen_hp] Trained with baseline HP: n_est=73 depth=3 ct=0.693
  OOD: 16 features, cutoff (q=0.7) = 9.99
  Model trained for 2024-11: 180 test candles with features, confidence_threshold=0.703
[predict] 2024-11-17 08:00 ETHUSDT → LONG (proba=0.73 TP=11.1%/SL=5.5%)
[trade:open] 2024-11-17 15:59 ETHUSDT LONG @ 3088.25 | SL=2917.55 TP=3429.65 | timeout=2024-11-24 15:59
[trade:close] 2024-11-22 07:59 ETHUSDT LONG → take_profit @ 3429.65 | PnL=+11.05% (net +10.95%) | cum=-190.73% 2024-11=+10.95% 2024-11-22=+10.95%
[lgbm] === Training for 2024-12 ===
  Train window: 2022-12-01 → 2024-11-23
  4342 training samples from 2 symbols
  Samples per month: 2022-12: 186, 2023-01: 186, 2023-02: 168, 2023-03: 186, 2023-04: 180, 2023-05: 186, 2023-06: 180, 2023-07: 186, 2023-08: 186, 2023-09: 180, 2023-10: 186, 2023-11: 180, 2023-12: 186, 2024-01: 186, 2024-02: 174, 2024-03: 186, 2024-04: 180, 2024-05: 186, 2024-06: 180, 2024-07: 186, 2024-08: 186, 2024-09: 180, 2024-10: 186, 2024-11: 136
  [label] 2023-02-01 00:00 BTCUSDT entry=23071.0000 → LONG | long=timeout(+0.58%) short=sl(-2.89%) | scanned=22 | no_tp→fwd_return=+0.6757
  [label] 2023-02-03 00:00 ETHUSDT entry=1638.1200 → SHORT | long=sl(-4.30%) short=timeout(+5.24%) | scanned=22 | no_tp→fwd_return=-5.3378
  [label] 2023-02-06 16:00 ETHUSDT entry=1613.9000 → SHORT | long=sl(-3.80%) short=sl(-3.80%) | scanned=9 | no_tp→fwd_return=-4.2890
  [label] 2023-03-03 16:00 BTCUSDT entry=22342.8000 → SHORT | long=sl(-3.51%) short=tp(+6.71%) | scanned=18 | short_tp_only
  [label] 2023-04-25 08:00 BTCUSDT entry=27329.5000 → LONG | long=tp(+5.29%) short=sl(-2.80%) | scanned=3 | long_tp_only
  [label] 2023-10-09 00:00 ETHUSDT entry=1620.0000 → SHORT | long=sl(-2.15%) short=tp(+4.00%) | scanned=2 | short_tp_only
  [label] 2023-10-13 08:00 BTCUSDT entry=26693.0000 → LONG | long=tp(+3.49%) short=sl(-1.89%) | scanned=8 | long_tp_only
  [label] 2023-10-22 16:00 ETHUSDT entry=1662.8300 → LONG | long=tp(+4.53%) short=sl(-2.42%) | scanned=3 | long_tp_only
  [label] 2023-12-07 00:00 BTCUSDT entry=43899.4000 → SHORT | long=sl(-2.89%) short=tp(+5.48%) | scanned=12 | short_tp_only
  [label] 2023-12-16 00:00 ETHUSDT entry=2242.5400 → LONG | long=sl(-4.10%) short=sl(-4.10%) | scanned=19 | no_tp→fwd_return=+3.5317
  [label] 2024-03-16 16:00 ETHUSDT entry=3525.5800 → SHORT | long=sl(-6.35%) short=tp(+12.40%) | scanned=10 | short_tp_only
  [label] 2024-04-17 00:00 ETHUSDT entry=3074.6600 → LONG | long=sl(-6.79%) short=timeout(-5.75%) | scanned=22 | no_tp→fwd_return=+5.6507
  [label] 2024-05-02 08:00 ETHUSDT entry=2988.6500 → LONG | long=timeout(+0.44%) short=sl(-5.33%) | scanned=22 | no_tp→fwd_return=+0.5410
  [label] 2024-05-15 08:00 ETHUSDT entry=2975.5400 → LONG | long=tp(+6.23%) short=sl(-3.27%) | scanned=16 | long_tp_only
  [label] 2024-06-03 00:00 BTCUSDT entry=68949.9000 → LONG | long=tp(+4.33%) short=sl(-2.32%) | scanned=13 | long_tp_only
  [label] 2024-06-10 16:00 BTCUSDT entry=69558.7000 → SHORT | long=sl(-1.88%) short=tp(+3.45%) | scanned=2 | short_tp_only
  [label] 2024-06-21 00:00 ETHUSDT entry=3473.5500 → SHORT | long=sl(-3.74%) short=tp(+7.19%) | scanned=10 | short_tp_only
  [label] 2024-07-30 08:00 ETHUSDT entry=3319.2600 → SHORT | long=sl(-3.71%) short=tp(+7.11%) | scanned=7 | short_tp_only
  [label] 2024-08-11 08:00 BTCUSDT entry=60100.0000 → SHORT | long=sl(-4.53%) short=timeout(+0.35%) | scanned=22 | no_tp→fwd_return=-0.4512
  [label] 2024-11-04 16:00 BTCUSDT entry=67834.3000 → LONG | long=tp(+5.60%) short=sl(-2.95%) | scanned=4 | long_tp_only
  [sample_weight_mode=composite_inv_concurrency] cell=(A, 2024-12) weight_mean=1.0000 weight_std=0.5002 kish=0.7999
  Labels: 2354 long (54.2%), 1988 short (45.8%) | weights: min=0.98, mean=1.00, max=20.48
  Features: 4342/4342 matched, 43 columns
  CV gap: 44 rows
  [ensemble 1/5] seed=42
  [frozen_hp] Trained with baseline HP: n_est=103 depth=5 ct=0.811
  [ensemble 2/5] seed=123
  [frozen_hp] Trained with baseline HP: n_est=330 depth=3 ct=0.726
  [ensemble 3/5] seed=456
  [frozen_hp] Trained with baseline HP: n_est=346 depth=5 ct=0.607
  [ensemble 4/5] seed=789
  [frozen_hp] Trained with baseline HP: n_est=194 depth=3 ct=0.521
  [ensemble 5/5] seed=1001
  [frozen_hp] Trained with baseline HP: n_est=430 depth=3 ct=0.529
  OOD: 16 features, cutoff (q=0.7) = 9.83
  Model trained for 2024-12: 186 test candles with features, confidence_threshold=0.639
[predict] 2024-12-01 16:00 ETHUSDT → LONG (proba=0.64 TP=7.7%/SL=3.8%)
[trade:open] 2024-12-01 23:59 ETHUSDT LONG @ 3711.24 | SL=3568.40 TP=3996.93 | timeout=2024-12-08 23:59
[trade:close] 2024-12-02 23:59 ETHUSDT LONG → stop_loss @ 3568.40 | PnL=-3.85% (net -3.95%) | cum=-194.68% 2024-12=-3.95% 2024-12-02=-3.95%
[predict] 2024-12-04 00:00 ETHUSDT → LONG (proba=0.68 TP=8.1%/SL=4.0%)
[trade:open] 2024-12-04 07:59 ETHUSDT LONG @ 3717.79 | SL=3567.63 TP=4018.11 | timeout=2024-12-11 07:59
[trade:close] 2024-12-06 15:59 ETHUSDT LONG → take_profit @ 4018.11 | PnL=+8.08% (net +7.98%) | cum=-186.70% 2024-12=+4.03% 2024-12-06=+7.98%
[predict] 2024-12-07 08:00 ETHUSDT → LONG (proba=0.67 TP=8.9%/SL=4.5%)
[trade:open] 2024-12-07 15:59 ETHUSDT LONG @ 4007.66 | SL=3829.28 TP=4364.41 | timeout=2024-12-14 15:59
[trade:close] 2024-12-09 15:59 ETHUSDT LONG → stop_loss @ 3829.28 | PnL=-4.45% (net -4.55%) | cum=-191.25% 2024-12=-0.52% 2024-12-09=-4.55%
[predict] 2024-12-12 08:00 ETHUSDT → LONG (proba=0.66 TP=10.1%/SL=5.1%)
[trade:open] 2024-12-12 15:59 ETHUSDT LONG @ 3956.90 | SL=3756.90 TP=4356.91 | timeout=2024-12-19 15:59
[trade:close] 2024-12-18 23:59 ETHUSDT LONG → stop_loss @ 3756.90 | PnL=-5.05% (net -5.15%) | cum=-196.41% 2024-12=-5.68% 2024-12-18=-5.15%
[predict] 2024-12-22 00:00 ETHUSDT → SHORT (proba=0.67 TP=12.6%/SL=6.3%)
[trade:open] 2024-12-22 07:59 ETHUSDT SHORT @ 3331.31 | SL=3541.00 TP=2911.92 | timeout=2024-12-29 07:59
[trade:close] 2024-12-25 15:59 ETHUSDT SHORT → stop_loss @ 3541.00 | PnL=-6.29% (net -6.39%) | cum=-202.80% 2024-12=-12.07% 2024-12-25=-6.39%
[predict] 2024-12-28 00:00 ETHUSDT → SHORT (proba=0.64 TP=8.6%/SL=4.3%)
[trade:open] 2024-12-28 07:59 ETHUSDT SHORT @ 3334.08 | SL=3477.95 TP=3046.34 | timeout=2025-01-04 07:59
[lgbm] === Training for 2025-01 ===
  Train window: 2023-01-01 → 2024-12-24
  4342 training samples from 2 symbols
  Samples per month: 2023-01: 186, 2023-02: 168, 2023-03: 186, 2023-04: 180, 2023-05: 186, 2023-06: 180, 2023-07: 186, 2023-08: 186, 2023-09: 180, 2023-10: 186, 2023-11: 180, 2023-12: 186, 2024-01: 186, 2024-02: 174, 2024-03: 186, 2024-04: 180, 2024-05: 186, 2024-06: 180, 2024-07: 186, 2024-08: 186, 2024-09: 180, 2024-10: 186, 2024-11: 180, 2024-12: 142
  [label] 2023-03-04 00:00 BTCUSDT entry=22346.6000 → SHORT | long=sl(-3.28%) short=tp(+6.26%) | scanned=17 | short_tp_only
  [label] 2023-03-06 00:00 ETHUSDT entry=1560.2700 → SHORT | long=sl(-2.93%) short=tp(+5.56%) | scanned=11 | short_tp_only
  [label] 2023-03-09 16:00 ETHUSDT entry=1436.4200 → LONG | long=sl(-3.93%) short=sl(-3.93%) | scanned=9 | no_tp→fwd_return=+9.9442
  [label] 2023-04-03 16:00 BTCUSDT entry=27786.1000 → LONG | long=tp(+6.29%) short=sl(-3.29%) | scanned=21 | long_tp_only
  [label] 2023-05-26 08:00 BTCUSDT entry=26737.5000 → LONG | long=tp(+4.49%) short=sl(-2.39%) | scanned=7 | long_tp_only
  [label] 2023-11-09 00:00 ETHUSDT entry=1912.5000 → LONG | long=tp(+5.33%) short=sl(-2.82%) | scanned=1 | long_tp_only
  [label] 2023-11-13 08:00 BTCUSDT entry=36871.7000 → SHORT | long=sl(-2.63%) short=tp(+4.97%) | scanned=4 | short_tp_only
  [label] 2023-11-22 16:00 ETHUSDT entry=2063.9100 → SHORT | long=timeout(-1.82%) short=timeout(+1.62%) | scanned=22 | no_tp→fwd_return=-1.7200
  [label] 2024-01-07 00:00 BTCUSDT entry=44071.5000 → LONG | long=tp(+6.98%) short=sl(-3.64%) | scanned=5 | long_tp_only
  [label] 2024-01-16 00:00 ETHUSDT entry=2528.5700 → SHORT | long=sl(-4.01%) short=tp(+7.72%) | scanned=20 | short_tp_only
  [label] 2024-04-16 16:00 ETHUSDT entry=3082.8500 → LONG | long=sl(-7.15%) short=timeout(-4.49%) | scanned=22 | no_tp→fwd_return=+4.3852
  [label] 2024-05-18 00:00 ETHUSDT entry=3100.2600 → LONG | long=tp(+6.17%) short=sl(-3.24%) | scanned=8 | long_tp_only
  [label] 2024-06-02 08:00 ETHUSDT entry=3801.4800 → SHORT | long=sl(-2.98%) short=tp(+5.67%) | scanned=16 | short_tp_only
  [label] 2024-06-15 08:00 ETHUSDT entry=3565.3100 → SHORT | long=sl(-3.73%) short=timeout(+1.60%) | scanned=22 | no_tp→fwd_return=-1.7028
  [label] 2024-07-04 00:00 BTCUSDT entry=58214.0000 → SHORT | long=sl(-3.21%) short=tp(+6.12%) | scanned=3 | short_tp_only
  [label] 2024-07-11 16:00 BTCUSDT entry=57315.5000 → LONG | long=tp(+7.80%) short=sl(-4.05%) | scanned=10 | long_tp_only
  [label] 2024-07-22 00:00 ETHUSDT entry=3477.0200 → SHORT | long=sl(-3.29%) short=tp(+6.28%) | scanned=9 | short_tp_only
  [label] 2024-08-30 08:00 ETHUSDT entry=2448.0400 → SHORT | long=sl(-4.71%) short=sl(-4.71%) | scanned=14 | no_tp→fwd_return=-1.9583
  [label] 2024-09-11 08:00 BTCUSDT entry=56676.1000 → LONG | long=tp(+7.05%) short=sl(-3.67%) | scanned=18 | long_tp_only
  [label] 2024-12-05 16:00 BTCUSDT entry=97001.5000 → LONG | long=timeout(+2.97%) short=sl(-5.09%) | scanned=22 | no_tp→fwd_return=+3.0730
  [sample_weight_mode=composite_inv_concurrency] cell=(A, 2025-01) weight_mean=1.0000 weight_std=0.5002 kish=0.7999
  Labels: 2347 long (54.1%), 1995 short (45.9%) | weights: min=0.98, mean=1.00, max=20.48
  Features: 4342/4342 matched, 43 columns
  CV gap: 44 rows
  [ensemble 1/5] seed=42
  [frozen_hp] Trained with baseline HP: n_est=337 depth=3 ct=0.538
  [ensemble 2/5] seed=123
  [frozen_hp] Trained with baseline HP: n_est=91 depth=3 ct=0.544
  [ensemble 3/5] seed=456
  [frozen_hp] Trained with baseline HP: n_est=212 depth=3 ct=0.585
  [ensemble 4/5] seed=789
  [frozen_hp] Trained with baseline HP: n_est=95 depth=3 ct=0.623
  [ensemble 5/5] seed=1001
  [frozen_hp] Trained with baseline HP: n_est=50 depth=5 ct=0.553
  OOD: 16 features, cutoff (q=0.7) = 9.58
  Model trained for 2025-01: 186 test candles with features, confidence_threshold=0.568
[predict] 2025-01-01 08:00 BTCUSDT → LONG (proba=0.59 TP=5.9%/SL=3.0%)
[trade:open] 2025-01-01 15:59 BTCUSDT LONG @ 94409.90 | SL=91606.46 TP=100016.78 | timeout=2025-01-08 15:59
[trade:close] 2025-01-02 15:59 ETHUSDT SHORT → stop_loss @ 3477.95 | PnL=-4.32% (net -4.42%) | cum=-207.22% 2025-01=-4.42% 2025-01-02=-4.42%
[predict] 2025-01-03 08:00 ETHUSDT → SHORT (proba=0.62 TP=6.7%/SL=3.3%)
[trade:open] 2025-01-03 15:59 ETHUSDT SHORT @ 3564.32 | SL=3683.34 TP=3326.28 | timeout=2025-01-10 15:59
[trade:close] 2025-01-06 07:59 ETHUSDT SHORT → stop_loss @ 3683.34 | PnL=-3.34% (net -3.44%) | cum=-210.66% 2025-01=-7.85% 2025-01-06=-3.44%
[trade:close] 2025-01-06 15:59 BTCUSDT LONG → take_profit @ 100016.78 | PnL=+5.94% (net +5.84%) | cum=-204.82% 2025-01=-2.02% 2025-01-06=+2.40%
[predict] 2025-01-07 16:00 ETHUSDT → SHORT (proba=0.62 TP=8.1%/SL=4.0%)
[trade:open] 2025-01-07 23:59 ETHUSDT SHORT @ 3379.38 | SL=3516.12 TP=3105.90 | timeout=2025-01-14 23:59
[trade:close] 2025-01-13 15:59 ETHUSDT SHORT → take_profit @ 3105.90 | PnL=+8.09% (net +7.99%) | cum=-196.82% 2025-01=+5.98% 2025-01-13=+7.99%
[predict] 2025-01-14 16:00 ETHUSDT → SHORT (proba=0.58 TP=9.4%/SL=4.7%)
[trade:open] 2025-01-14 23:59 ETHUSDT SHORT @ 3223.99 | SL=3375.69 TP=2920.59 | timeout=2025-01-21 23:59
[trade:close] 2025-01-15 23:59 ETHUSDT SHORT → stop_loss @ 3375.69 | PnL=-4.71% (net -4.81%) | cum=-201.63% 2025-01=+1.17% 2025-01-15=-4.81%
[predict] 2025-01-17 00:00 ETHUSDT → LONG (proba=0.65 TP=9.3%/SL=4.7%)
[trade:open] 2025-01-17 07:59 ETHUSDT LONG @ 3371.36 | SL=3214.35 TP=3685.38 | timeout=2025-01-24 07:59
[trade:close] 2025-01-19 15:59 ETHUSDT LONG → stop_loss @ 3214.35 | PnL=-4.66% (net -4.76%) | cum=-206.39% 2025-01=-3.59% 2025-01-19=-4.76%
[predict] 2025-01-20 16:00 ETHUSDT → SHORT (proba=0.57 TP=14.4%/SL=7.2%)
[trade:open] 2025-01-20 23:59 ETHUSDT SHORT @ 3283.20 | SL=3519.80 TP=2810.00 | timeout=2025-01-27 23:59
[trade:close] 2025-01-28 00:00 ETHUSDT SHORT → timeout @ 3181.00 | PnL=+3.11% (net +3.01%) | cum=-203.37% 2025-01=-0.57% 2025-01-28=+3.01%
[predict] 2025-01-28 16:00 ETHUSDT → LONG (proba=0.65 TP=10.6%/SL=5.3%)
[trade:open] 2025-01-28 23:59 ETHUSDT LONG @ 3075.96 | SL=2913.59 TP=3400.71 | timeout=2025-02-04 23:59
[trade:close] 2025-01-31 15:59 ETHUSDT LONG → take_profit @ 3400.71 | PnL=+10.56% (net +10.46%) | cum=-192.92% 2025-01=+9.89% 2025-01-31=+10.46%
[predict] 2025-01-31 16:00 BTCUSDT → LONG (proba=0.73 TP=6.9%/SL=3.4%)
[trade:open] 2025-01-31 23:59 BTCUSDT LONG @ 102379.70 | SL=98870.58 TP=109397.95 | timeout=2025-02-07 23:59
[lgbm] === Training for 2025-02 ===
  Train window: 2023-02-01 → 2025-01-24
  4342 training samples from 2 symbols
  Samples per month: 2023-02: 168, 2023-03: 186, 2023-04: 180, 2023-05: 186, 2023-06: 180, 2023-07: 186, 2023-08: 186, 2023-09: 180, 2023-10: 186, 2023-11: 180, 2023-12: 186, 2024-01: 186, 2024-02: 174, 2024-03: 186, 2024-04: 180, 2024-05: 186, 2024-06: 180, 2024-07: 186, 2024-08: 186, 2024-09: 180, 2024-10: 186, 2024-11: 180, 2024-12: 186, 2025-01: 142
  [label] 2023-04-04 00:00 BTCUSDT entry=28013.2000 → LONG | long=tp(+6.12%) short=sl(-3.21%) | scanned=20 | long_tp_only
  [label] 2023-04-06 00:00 ETHUSDT entry=1878.3500 → LONG | long=timeout(+2.18%) short=timeout(-2.38%) | scanned=22 | no_tp→fwd_return=+2.2759
  [label] 2023-04-09 16:00 ETHUSDT entry=1857.8400 → LONG | long=tp(+5.05%) short=sl(-2.68%) | scanned=11 | long_tp_only
  [label] 2023-05-04 16:00 BTCUSDT entry=28826.0000 → SHORT | long=sl(-3.15%) short=sl(-3.15%) | scanned=10 | no_tp→fwd_return=-3.0119
  [label] 2023-06-26 08:00 BTCUSDT entry=30400.5000 → SHORT | long=sl(-3.02%) short=sl(-3.02%) | scanned=12 | no_tp→fwd_return=-1.1464
  [label] 2023-12-10 00:00 ETHUSDT entry=2355.3800 → SHORT | long=sl(-3.23%) short=tp(+6.16%) | scanned=3 | short_tp_only
  [label] 2023-12-14 08:00 BTCUSDT entry=42454.1000 → LONG | long=sl(-3.89%) short=sl(-3.89%) | scanned=18 | no_tp→fwd_return=+3.8274
  [label] 2023-12-23 16:00 ETHUSDT entry=2309.8600 → LONG | long=sl(-3.54%) short=sl(-3.54%) | scanned=12 | no_tp→fwd_return=+3.0500
  [label] 2024-02-07 00:00 BTCUSDT entry=42904.8000 → LONG | long=tp(+4.09%) short=sl(-2.19%) | scanned=3 | long_tp_only
  [label] 2024-02-16 00:00 ETHUSDT entry=2817.0900 → LONG | long=sl(-3.41%) short=sl(-3.41%) | scanned=9 | no_tp→fwd_return=+3.9331
  [label] 2024-05-17 16:00 ETHUSDT entry=3090.4800 → LONG | long=tp(+6.41%) short=sl(-3.35%) | scanned=9 | long_tp_only
  [label] 2024-06-18 00:00 ETHUSDT entry=3442.5000 → SHORT | long=sl(-3.94%) short=sl(-3.94%) | scanned=19 | no_tp→fwd_return=-4.7553
  [label] 2024-07-03 08:00 ETHUSDT entry=3302.5900 → SHORT | long=sl(-2.80%) short=tp(+5.30%) | scanned=3 | short_tp_only
  [label] 2024-07-16 08:00 ETHUSDT entry=3474.5400 → SHORT | long=timeout(-0.72%) short=timeout(+0.52%) | scanned=22 | no_tp→fwd_return=-0.6211
  [label] 2024-08-04 00:00 BTCUSDT entry=60346.0000 → SHORT | long=sl(-4.17%) short=tp(+8.03%) | scanned=3 | short_tp_only
  [label] 2024-08-11 16:00 BTCUSDT entry=58693.1000 → SHORT | long=sl(-4.69%) short=sl(-4.69%) | scanned=12 | no_tp→fwd_return=-2.0140
  [label] 2024-08-22 00:00 ETHUSDT entry=2635.0000 → SHORT | long=sl(-4.04%) short=sl(-4.04%) | scanned=17 | no_tp→fwd_return=-6.7939
  [label] 2024-09-30 08:00 ETHUSDT entry=2595.0500 → SHORT | long=sl(-2.88%) short=tp(+5.46%) | scanned=4 | short_tp_only
  [label] 2024-10-12 08:00 BTCUSDT entry=63124.8000 → LONG | long=tp(+5.04%) short=sl(-2.67%) | scanned=7 | long_tp_only
  [label] 2025-01-05 16:00 BTCUSDT entry=98340.2000 → LONG | long=tp(+4.03%) short=sl(-2.16%) | scanned=2 | long_tp_only
  [sample_weight_mode=composite_inv_concurrency] cell=(A, 2025-02) weight_mean=1.0000 weight_std=0.5002 kish=0.7999
  Labels: 2284 long (52.6%), 2058 short (47.4%) | weights: min=0.98, mean=1.00, max=20.48
  Features: 4342/4342 matched, 43 columns
  CV gap: 44 rows
  [ensemble 1/5] seed=42
  [frozen_hp] Trained with baseline HP: n_est=56 depth=5 ct=0.771
  [ensemble 2/5] seed=123
  [frozen_hp] Trained with baseline HP: n_est=473 depth=3 ct=0.784
  [ensemble 3/5] seed=456
  [frozen_hp] Trained with baseline HP: n_est=52 depth=4 ct=0.840
  [ensemble 4/5] seed=789
  [frozen_hp] Trained with baseline HP: n_est=173 depth=3 ct=0.697
  [ensemble 5/5] seed=1001
  [frozen_hp] Trained with baseline HP: n_est=380 depth=3 ct=0.700
  OOD: 16 features, cutoff (q=0.7) = 9.37
  Model trained for 2025-02: 168 test candles with features, confidence_threshold=0.758
[trade:close] 2025-02-02 15:59 BTCUSDT LONG → stop_loss @ 98870.58 | PnL=-3.43% (net -3.53%) | cum=-196.44% 2025-02=-3.53% 2025-02-02=-3.53%
[lgbm] === Training for 2025-03 ===
  Train window: 2023-03-01 → 2025-02-21
  4342 training samples from 2 symbols
  Samples per month: 2023-03: 186, 2023-04: 180, 2023-05: 186, 2023-06: 180, 2023-07: 186, 2023-08: 186, 2023-09: 180, 2023-10: 186, 2023-11: 180, 2023-12: 186, 2024-01: 186, 2024-02: 174, 2024-03: 186, 2024-04: 180, 2024-05: 186, 2024-06: 180, 2024-07: 186, 2024-08: 186, 2024-09: 180, 2024-10: 186, 2024-11: 180, 2024-12: 186, 2025-01: 186, 2025-02: 124
  [label] 2023-05-02 00:00 BTCUSDT entry=28045.0000 → SHORT | long=timeout(-1.51%) short=sl(-3.39%) | scanned=22 | no_tp→fwd_return=-1.4109
  [label] 2023-05-04 00:00 ETHUSDT entry=1898.0000 → LONG | long=tp(+5.82%) short=sl(-3.06%) | scanned=6 | long_tp_only
  [label] 2023-05-07 16:00 ETHUSDT entry=1869.5000 → SHORT | long=sl(-3.75%) short=timeout(+3.71%) | scanned=22 | no_tp→fwd_return=-3.8112
  [label] 2023-06-01 16:00 BTCUSDT entry=26805.3000 → SHORT | long=sl(-2.60%) short=tp(+4.91%) | scanned=12 | short_tp_only
  [label] 2023-07-24 08:00 BTCUSDT entry=29085.8000 → LONG | long=timeout(+0.40%) short=sl(-2.10%) | scanned=22 | no_tp→fwd_return=+0.5002
  [label] 2024-01-07 00:00 ETHUSDT entry=2248.8900 → LONG | long=sl(-3.67%) short=sl(-3.67%) | scanned=5 | no_tp→fwd_return=+3.6560
  [label] 2024-01-11 08:00 BTCUSDT entry=46813.4000 → SHORT | long=sl(-5.20%) short=tp(+10.11%) | scanned=4 | short_tp_only
  [label] 2024-01-20 16:00 ETHUSDT entry=2472.2700 → SHORT | long=sl(-3.05%) short=tp(+5.79%) | scanned=6 | short_tp_only
  [label] 2024-03-06 00:00 BTCUSDT entry=66759.4000 → LONG | long=timeout(+9.19%) short=sl(-5.97%) | scanned=22 | no_tp→fwd_return=+9.2940
  [label] 2024-03-15 00:00 ETHUSDT entry=3756.0800 → SHORT | long=sl(-5.73%) short=tp(+11.16%) | scanned=12 | short_tp_only
  [label] 2024-06-14 16:00 ETHUSDT entry=3480.5100 → SHORT | long=sl(-3.89%) short=sl(-3.89%) | scanned=10 | no_tp→fwd_return=-1.0921
  [label] 2024-07-16 00:00 ETHUSDT entry=3375.6700 → LONG | long=timeout(+2.20%) short=sl(-3.82%) | scanned=22 | no_tp→fwd_return=+2.2997
  [label] 2024-07-31 08:00 ETHUSDT entry=3301.2000 → SHORT | long=sl(-3.62%) short=tp(+6.94%) | scanned=6 | short_tp_only
  [label] 2024-08-13 08:00 ETHUSDT entry=2650.7500 → SHORT | long=timeout(-3.02%) short=timeout(+2.82%) | scanned=22 | no_tp→fwd_return=-2.9203
  [label] 2024-09-01 00:00 BTCUSDT entry=58444.1000 → SHORT | long=sl(-3.30%) short=tp(+6.29%) | scanned=16 | short_tp_only
  [label] 2024-09-08 16:00 BTCUSDT entry=54839.6000 → LONG | long=tp(+7.00%) short=sl(-3.65%) | scanned=14 | long_tp_only
  [label] 2024-09-19 00:00 ETHUSDT entry=2436.6100 → LONG | long=tp(+7.16%) short=sl(-3.73%) | scanned=8 | long_tp_only
  [label] 2024-10-28 08:00 ETHUSDT entry=2500.3000 → LONG | long=tp(+6.25%) short=sl(-3.28%) | scanned=4 | long_tp_only
  [label] 2024-11-09 08:00 BTCUSDT entry=76305.7000 → LONG | long=tp(+5.44%) short=sl(-2.87%) | scanned=4 | long_tp_only
  [label] 2025-02-02 16:00 BTCUSDT entry=97664.5000 → SHORT | long=sl(-3.44%) short=tp(+6.57%) | scanned=1 | short_tp_only
  [sample_weight_mode=composite_inv_concurrency] cell=(A, 2025-03) weight_mean=1.0000 weight_std=0.5002 kish=0.7999
  Labels: 2295 long (52.9%), 2047 short (47.1%) | weights: min=0.98, mean=1.00, max=20.48
  Features: 4342/4342 matched, 43 columns
  CV gap: 44 rows
  [ensemble 1/5] seed=42
  [frozen_hp] Trained with baseline HP: n_est=243 depth=3 ct=0.829
  [ensemble 2/5] seed=123
  [frozen_hp] Trained with baseline HP: n_est=257 depth=3 ct=0.705
  [ensemble 3/5] seed=456
  [frozen_hp] Trained with baseline HP: n_est=150 depth=3 ct=0.758
  [ensemble 4/5] seed=789
  [frozen_hp] Trained with baseline HP: n_est=379 depth=3 ct=0.776
  [ensemble 5/5] seed=1001
  [frozen_hp] Trained with baseline HP: n_est=409 depth=3 ct=0.811
  OOD: 16 features, cutoff (q=0.7) = 9.33
  Model trained for 2025-03: 186 test candles with features, confidence_threshold=0.776
[predict] 2025-03-29 16:00 BTCUSDT → LONG (proba=0.78 TP=5.1%/SL=2.5%)
[trade:open] 2025-03-29 23:59 BTCUSDT LONG @ 82604.70 | SL=80500.94 TP=86812.22 | timeout=2025-04-05 23:59
[lgbm] === Training for 2025-04 ===
  Train window: 2023-04-01 → 2025-03-24
  4342 training samples from 2 symbols
  Samples per month: 2023-04: 180, 2023-05: 186, 2023-06: 180, 2023-07: 186, 2023-08: 186, 2023-09: 180, 2023-10: 186, 2023-11: 180, 2023-12: 186, 2024-01: 186, 2024-02: 174, 2024-03: 186, 2024-04: 180, 2024-05: 186, 2024-06: 180, 2024-07: 186, 2024-08: 186, 2024-09: 180, 2024-10: 186, 2024-11: 180, 2024-12: 186, 2025-01: 186, 2025-02: 168, 2025-03: 142
  [label] 2023-06-02 00:00 BTCUSDT entry=27038.3000 → SHORT | long=sl(-2.71%) short=tp(+5.12%) | scanned=11 | short_tp_only
  [label] 2023-06-04 00:00 ETHUSDT entry=1898.9500 → SHORT | long=sl(-2.22%) short=tp(+4.14%) | scanned=5 | short_tp_only
  [label] 2023-06-07 16:00 ETHUSDT entry=1831.3100 → SHORT | long=sl(-2.82%) short=tp(+5.33%) | scanned=7 | short_tp_only
  [label] 2023-07-02 16:00 BTCUSDT entry=30612.7000 → SHORT | long=sl(-2.54%) short=sl(-2.54%) | scanned=11 | no_tp→fwd_return=-0.7265
  [label] 2023-08-24 08:00 BTCUSDT entry=25987.3000 → LONG | long=tp(+4.68%) short=sl(-2.49%) | scanned=15 | long_tp_only
  [label] 2024-02-07 00:00 ETHUSDT entry=2362.0700 → LONG | long=tp(+4.69%) short=sl(-2.50%) | scanned=7 | long_tp_only
  [label] 2024-02-11 08:00 BTCUSDT entry=48140.8000 → LONG | long=tp(+4.77%) short=sl(-2.54%) | scanned=9 | long_tp_only
  [label] 2024-02-20 16:00 ETHUSDT entry=3017.2100 → LONG | long=sl(-3.92%) short=sl(-3.92%) | scanned=16 | no_tp→fwd_return=+2.3910
  [label] 2024-04-06 00:00 BTCUSDT entry=67985.1000 → LONG | long=tp(+7.10%) short=sl(-3.70%) | scanned=7 | long_tp_only
  [label] 2024-04-15 00:00 ETHUSDT entry=3240.9600 → SHORT | long=sl(-7.02%) short=timeout(+1.08%) | scanned=22 | no_tp→fwd_return=-1.1845
  [label] 2024-07-15 16:00 ETHUSDT entry=3481.6200 → SHORT | long=sl(-3.54%) short=timeout(+1.15%) | scanned=22 | no_tp→fwd_return=-1.2506
  [label] 2024-08-16 00:00 ETHUSDT entry=2616.0000 → LONG | long=timeout(+1.89%) short=timeout(-2.09%) | scanned=22 | no_tp→fwd_return=+1.9904
  [label] 2024-08-31 08:00 ETHUSDT entry=2518.0200 → SHORT | long=sl(-4.12%) short=tp(+7.93%) | scanned=11 | short_tp_only
  [label] 2024-09-13 08:00 ETHUSDT entry=2406.8300 → LONG | long=sl(-3.83%) short=sl(-3.83%) | scanned=20 | no_tp→fwd_return=+6.3486
  [label] 2024-10-02 00:00 BTCUSDT entry=61702.5000 → LONG | long=sl(-2.98%) short=sl(-2.98%) | scanned=15 | no_tp→fwd_return=+2.9292
  [label] 2024-10-09 16:00 BTCUSDT entry=60606.4000 → LONG | long=sl(-2.75%) short=sl(-2.75%) | scanned=5 | no_tp→fwd_return=+2.6591
  [label] 2024-10-20 00:00 ETHUSDT entry=2645.4900 → SHORT | long=sl(-2.55%) short=sl(-2.55%) | scanned=10 | no_tp→fwd_return=-4.0053
  [label] 2024-11-28 08:00 ETHUSDT entry=3543.4100 → LONG | long=tp(+9.91%) short=sl(-5.10%) | scanned=20 | long_tp_only
  [label] 2024-12-10 08:00 BTCUSDT entry=95687.9000 → LONG | long=tp(+7.96%) short=sl(-4.13%) | scanned=16 | long_tp_only
  [label] 2025-03-05 16:00 BTCUSDT entry=90566.1000 → SHORT | long=sl(-5.95%) short=tp(+11.60%) | scanned=12 | short_tp_only
  [sample_weight_mode=composite_inv_concurrency] cell=(A, 2025-04) weight_mean=1.0000 weight_std=0.5002 kish=0.7999
  Labels: 2280 long (52.5%), 2062 short (47.5%) | weights: min=0.98, mean=1.00, max=20.48
  Features: 4342/4342 matched, 43 columns
  CV gap: 44 rows
  [ensemble 1/5] seed=42
  [frozen_hp] Trained with baseline HP: n_est=78 depth=3 ct=0.576
  [ensemble 2/5] seed=123
  [frozen_hp] Trained with baseline HP: n_est=296 depth=3 ct=0.665
  [ensemble 3/5] seed=456
  [frozen_hp] Trained with baseline HP: n_est=177 depth=3 ct=0.617
  [ensemble 4/5] seed=789
  [frozen_hp] Trained with baseline HP: n_est=251 depth=5 ct=0.552
  [ensemble 5/5] seed=1001
  [frozen_hp] Trained with baseline HP: n_est=113 depth=3 ct=0.641
  OOD: 16 features, cutoff (q=0.7) = 9.19
  Model trained for 2025-04: 180 test candles with features, confidence_threshold=0.610
[trade:close] 2025-04-02 15:59 BTCUSDT LONG → take_profit @ 86812.22 | PnL=+5.09% (net +4.99%) | cum=-191.45% 2025-04=+4.99% 2025-04-02=+4.99%
[predict] 2025-04-03 08:00 ETHUSDT → LONG (proba=0.62 TP=10.7%/SL=5.3%)
[trade:open] 2025-04-03 15:59 ETHUSDT LONG @ 1781.42 | SL=1686.43 TP=1971.41 | timeout=2025-04-10 15:59
[trade:close] 2025-04-06 23:59 ETHUSDT LONG → stop_loss @ 1686.43 | PnL=-5.33% (net -5.43%) | cum=-196.88% 2025-04=-0.44% 2025-04-06=-5.43%
[predict] 2025-04-10 00:00 ETHUSDT → LONG (proba=0.82 TP=17.5%/SL=8.8%)
[trade:open] 2025-04-10 07:59 ETHUSDT LONG @ 1595.03 | SL=1455.16 TP=1874.78 | timeout=2025-04-17 07:59
[predict] 2025-04-14 16:00 BTCUSDT → LONG (proba=0.83 TP=7.3%/SL=3.7%)
[trade:open] 2025-04-14 23:59 BTCUSDT LONG @ 84553.90 | SL=81451.46 TP=90758.78 | timeout=2025-04-21 23:59
[trade:close] 2025-04-17 08:00 ETHUSDT LONG → timeout @ 1600.99 | PnL=+0.37% (net +0.27%) | cum=-196.61% 2025-04=-0.17% 2025-04-17=+0.27%
[predict] 2025-04-21 00:00 ETHUSDT → SHORT (proba=0.67 TP=7.7%/SL=3.9%)
[trade:open] 2025-04-21 07:59 ETHUSDT SHORT @ 1645.10 | SL=1708.56 TP=1518.19 | timeout=2025-04-28 07:59
[trade:close] 2025-04-22 00:00 BTCUSDT LONG → timeout @ 87466.00 | PnL=+3.44% (net +3.34%) | cum=-193.27% 2025-04=+3.18% 2025-04-22=+3.34%
[trade:close] 2025-04-22 15:59 ETHUSDT SHORT → stop_loss @ 1708.56 | PnL=-3.86% (net -3.96%) | cum=-197.22% 2025-04=-0.78% 2025-04-22=-0.61%
[predict] 2025-04-24 00:00 BTCUSDT → LONG (proba=0.62 TP=5.7%/SL=2.9%)
[trade:open] 2025-04-24 07:59 BTCUSDT LONG @ 92166.00 | SL=89531.22 TP=97435.57 | timeout=2025-05-01 07:59
[lgbm] === Training for 2025-05 ===
  Train window: 2023-05-01 → 2025-04-23
  4342 training samples from 2 symbols
  Samples per month: 2023-05: 186, 2023-06: 180, 2023-07: 186, 2023-08: 186, 2023-09: 180, 2023-10: 186, 2023-11: 180, 2023-12: 186, 2024-01: 186, 2024-02: 174, 2024-03: 186, 2024-04: 180, 2024-05: 186, 2024-06: 180, 2024-07: 186, 2024-08: 186, 2024-09: 180, 2024-10: 186, 2024-11: 180, 2024-12: 186, 2025-01: 186, 2025-02: 168, 2025-03: 186, 2025-04: 136
  [label] 2023-07-02 00:00 BTCUSDT entry=30504.7000 → SHORT | long=sl(-2.60%) short=sl(-2.60%) | scanned=15 | no_tp→fwd_return=-1.6778
  [label] 2023-07-04 00:00 ETHUSDT entry=1948.2600 → SHORT | long=sl(-2.94%) short=tp(+5.59%) | scanned=9 | short_tp_only
  [label] 2023-07-07 16:00 ETHUSDT entry=1870.0000 → LONG | long=tp(+5.60%) short=sl(-2.95%) | scanned=18 | long_tp_only
  [label] 2023-08-01 16:00 BTCUSDT entry=29701.2000 → LONG | long=sl(-1.83%) short=sl(-1.83%) | scanned=21 | no_tp→fwd_return=+0.1946
  [label] 2023-09-23 08:00 BTCUSDT entry=26567.5000 → LONG | long=sl(-1.78%) short=sl(-1.78%) | scanned=15 | no_tp→fwd_return=+1.6742
  [label] 2024-03-08 00:00 ETHUSDT entry=3913.5200 → SHORT | long=sl(-5.41%) short=timeout(+3.92%) | scanned=22 | no_tp→fwd_return=-4.0230
  [label] 2024-03-12 08:00 BTCUSDT entry=71779.2000 → SHORT | long=sl(-4.03%) short=tp(+7.75%) | scanned=9 | short_tp_only
  [label] 2024-03-21 16:00 ETHUSDT entry=3495.1600 → LONG | long=timeout(+1.87%) short=timeout(-2.07%) | scanned=22 | no_tp→fwd_return=+1.9693
  [label] 2024-05-06 00:00 BTCUSDT entry=64509.6000 → SHORT | long=sl(-3.45%) short=tp(+6.60%) | scanned=14 | short_tp_only
  [label] 2024-05-15 00:00 ETHUSDT entry=2914.5500 → LONG | long=tp(+5.95%) short=sl(-3.12%) | scanned=7 | long_tp_only
  [label] 2024-08-14 16:00 ETHUSDT entry=2659.8200 → SHORT | long=timeout(-1.24%) short=timeout(+1.04%) | scanned=22 | no_tp→fwd_return=-1.1444
  [label] 2024-09-15 00:00 ETHUSDT entry=2421.6000 → SHORT | long=sl(-3.17%) short=tp(+6.04%) | scanned=3 | short_tp_only
  [label] 2024-09-30 08:00 ETHUSDT entry=2595.0500 → SHORT | long=sl(-2.88%) short=tp(+5.46%) | scanned=4 | short_tp_only
  [label] 2024-10-13 08:00 ETHUSDT entry=2439.2900 → LONG | long=tp(+5.40%) short=sl(-2.85%) | scanned=3 | long_tp_only
  [label] 2024-11-01 00:00 BTCUSDT entry=69301.0000 → SHORT | long=sl(-2.81%) short=sl(-2.81%) | scanned=11 | no_tp→fwd_return=-2.1164
  [label] 2024-11-08 16:00 BTCUSDT entry=76482.2000 → LONG | long=tp(+6.13%) short=sl(-3.22%) | scanned=6 | long_tp_only
  [label] 2024-11-19 00:00 ETHUSDT entry=3120.4200 → LONG | long=tp(+10.42%) short=sl(-5.36%) | scanned=13 | long_tp_only
  [label] 2024-12-28 08:00 ETHUSDT entry=3366.7000 → LONG | long=tp(+8.17%) short=sl(-4.23%) | scanned=21 | long_tp_only
  [label] 2025-01-09 08:00 BTCUSDT entry=94195.2000 → LONG | long=sl(-3.31%) short=sl(-3.31%) | scanned=15 | no_tp→fwd_return=+2.3584
  [label] 2025-04-04 16:00 BTCUSDT entry=83861.3000 → SHORT | long=sl(-3.70%) short=tp(+7.09%) | scanned=6 | short_tp_only
  [sample_weight_mode=composite_inv_concurrency] cell=(A, 2025-05) weight_mean=1.0000 weight_std=0.5002 kish=0.7999
  Labels: 2279 long (52.5%), 2063 short (47.5%) | weights: min=0.98, mean=1.00, max=20.48
  Features: 4342/4342 matched, 43 columns
  CV gap: 44 rows
  [ensemble 1/5] seed=42
  [frozen_hp] Trained with baseline HP: n_est=475 depth=4 ct=0.850
  [ensemble 2/5] seed=123
  [frozen_hp] Trained with baseline HP: n_est=217 depth=3 ct=0.721
  [ensemble 3/5] seed=456
  [frozen_hp] Trained with baseline HP: n_est=265 depth=5 ct=0.602
  [ensemble 4/5] seed=789
  [frozen_hp] Trained with baseline HP: n_est=423 depth=3 ct=0.753
  [ensemble 5/5] seed=1001
  [frozen_hp] Trained with baseline HP: n_est=157 depth=5 ct=0.632
  OOD: 16 features, cutoff (q=0.7) = 9.15
  Model trained for 2025-05: 186 test candles with features, confidence_threshold=0.711
[trade:close] 2025-05-01 08:00 BTCUSDT LONG → timeout @ 94978.60 | PnL=+3.05% (net +2.95%) | cum=-194.27% 2025-05=+2.95% 2025-05-01=+2.95%
[predict] 2025-05-02 00:00 BTCUSDT → SHORT (proba=0.72 TP=4.4%/SL=2.2%)
[trade:open] 2025-05-02 07:59 BTCUSDT SHORT @ 96302.00 | SL=98444.40 TP=92017.21 | timeout=2025-05-09 07:59
[predict] 2025-05-07 16:00 ETHUSDT → SHORT (proba=0.73 TP=6.5%/SL=3.2%)
[trade:open] 2025-05-07 23:59 ETHUSDT SHORT @ 1810.14 | SL=1868.67 TP=1693.07 | timeout=2025-05-14 23:59
[trade:close] 2025-05-08 07:59 BTCUSDT SHORT → stop_loss @ 98444.40 | PnL=-2.22% (net -2.32%) | cum=-196.60% 2025-05=+0.63% 2025-05-08=-2.32%
[trade:close] 2025-05-08 07:59 ETHUSDT SHORT → stop_loss @ 1868.67 | PnL=-3.23% (net -3.33%) | cum=-199.93% 2025-05=-2.71% 2025-05-08=-5.66%
[predict] 2025-05-11 00:00 BTCUSDT → LONG (proba=0.76 TP=4.6%/SL=2.3%)
[trade:open] 2025-05-11 07:59 BTCUSDT LONG @ 103327.90 | SL=100933.24 TP=108117.23 | timeout=2025-05-18 07:59
[trade:close] 2025-05-12 23:59 BTCUSDT LONG → stop_loss @ 100933.24 | PnL=-2.32% (net -2.42%) | cum=-202.35% 2025-05=-5.12% 2025-05-12=-2.42%
[predict] 2025-05-19 00:00 ETHUSDT → SHORT (proba=0.79 TP=13.4%/SL=6.7%)
[trade:open] 2025-05-19 07:59 ETHUSDT SHORT @ 2402.54 | SL=2563.11 TP=2081.40 | timeout=2025-05-26 07:59
[trade:close] 2025-05-20 07:59 ETHUSDT SHORT → stop_loss @ 2563.11 | PnL=-6.68% (net -6.78%) | cum=-209.13% 2025-05=-11.91% 2025-05-20=-6.78%
[predict] 2025-05-28 08:00 BTCUSDT → LONG (proba=0.72 TP=5.1%/SL=2.5%)
[trade:open] 2025-05-28 15:59 BTCUSDT LONG @ 107065.50 | SL=104353.78 TP=112488.93 | timeout=2025-06-04 15:59
[trade:close] 2025-05-30 23:59 BTCUSDT LONG → stop_loss @ 104353.78 | PnL=-2.53% (net -2.63%) | cum=-211.76% 2025-05=-14.54% 2025-05-30=-2.63%
[predict] 2025-05-31 16:00 BTCUSDT → LONG (proba=0.75 TP=4.6%/SL=2.3%)
[trade:open] 2025-05-31 23:59 BTCUSDT LONG @ 104544.70 | SL=102143.72 TP=109346.65 | timeout=2025-06-07 23:59
[lgbm] === Training for 2025-06 ===
  Train window: 2023-06-01 → 2025-05-24
  4342 training samples from 2 symbols
  Samples per month: 2023-06: 180, 2023-07: 186, 2023-08: 186, 2023-09: 180, 2023-10: 186, 2023-11: 180, 2023-12: 186, 2024-01: 186, 2024-02: 174, 2024-03: 186, 2024-04: 180, 2024-05: 186, 2024-06: 180, 2024-07: 186, 2024-08: 186, 2024-09: 180, 2024-10: 186, 2024-11: 180, 2024-12: 186, 2025-01: 186, 2025-02: 168, 2025-03: 186, 2025-04: 180, 2025-05: 142
  [label] 2023-08-02 00:00 BTCUSDT entry=29570.1000 → LONG | long=sl(-1.91%) short=sl(-1.91%) | scanned=20 | no_tp→fwd_return=+0.6388
  [label] 2023-08-04 00:00 ETHUSDT entry=1836.7300 → LONG | long=sl(-1.91%) short=sl(-1.91%) | scanned=14 | no_tp→fwd_return=+1.0143
  [label] 2023-08-07 16:00 ETHUSDT entry=1828.1800 → LONG | long=timeout(+0.81%) short=sl(-1.66%) | scanned=22 | no_tp→fwd_return=+0.9096
  [label] 2023-09-01 16:00 BTCUSDT entry=25795.6000 → LONG | long=timeout(+0.30%) short=timeout(-0.50%) | scanned=22 | no_tp→fwd_return=+0.4039
  [label] 2023-10-24 08:00 BTCUSDT entry=33674.0000 → LONG | long=timeout(+1.73%) short=timeout(-1.93%) | scanned=22 | no_tp→fwd_return=+1.8299
  [label] 2024-04-08 00:00 ETHUSDT entry=3476.1600 → LONG | long=tp(+6.94%) short=sl(-3.62%) | scanned=2 | long_tp_only
  [label] 2024-04-12 08:00 BTCUSDT entry=69374.1000 → SHORT | long=sl(-3.42%) short=tp(+6.53%) | scanned=4 | short_tp_only
  [label] 2024-04-21 16:00 ETHUSDT entry=3145.7300 → LONG | long=timeout(+3.61%) short=sl(-4.88%) | scanned=22 | no_tp→fwd_return=+3.7050
  [label] 2024-06-06 00:00 BTCUSDT entry=71077.3000 → SHORT | long=sl(-2.31%) short=tp(+4.32%) | scanned=15 | short_tp_only
  [label] 2024-06-15 00:00 ETHUSDT entry=3528.9200 → SHORT | long=sl(-3.82%) short=timeout(+0.93%) | scanned=22 | no_tp→fwd_return=-1.0312
  [label] 2024-09-14 16:00 ETHUSDT entry=2416.6500 → SHORT | long=sl(-3.38%) short=tp(+6.46%) | scanned=4 | short_tp_only
  [label] 2024-10-16 00:00 ETHUSDT entry=2606.0200 → SHORT | long=timeout(-0.25%) short=sl(-3.53%) | scanned=22 | no_tp→fwd_return=-0.1504
  [label] 2024-10-31 08:00 ETHUSDT entry=2562.8900 → SHORT | long=sl(-3.79%) short=tp(+7.29%) | scanned=13 | short_tp_only
  [label] 2024-11-13 08:00 ETHUSDT entry=3312.0500 → SHORT | long=sl(-5.84%) short=timeout(+5.34%) | scanned=22 | no_tp→fwd_return=-5.4365
  [label] 2024-12-02 00:00 BTCUSDT entry=96053.6000 → LONG | long=tp(+5.10%) short=sl(-2.70%) | scanned=9 | long_tp_only
  [label] 2024-12-09 16:00 BTCUSDT entry=97349.1000 → LONG | long=tp(+7.83%) short=sl(-4.06%) | scanned=18 | long_tp_only
  [label] 2024-12-20 00:00 ETHUSDT entry=3389.6700 → SHORT | long=sl(-6.33%) short=timeout(+1.84%) | scanned=22 | no_tp→fwd_return=-1.9362
  [label] 2025-01-28 08:00 ETHUSDT entry=3180.1500 → SHORT | long=sl(-5.06%) short=sl(-5.06%) | scanned=16 | no_tp→fwd_return=-9.8140
  [label] 2025-02-09 08:00 BTCUSDT entry=96438.0000 → LONG | long=timeout(+0.33%) short=timeout(-0.53%) | scanned=22 | no_tp→fwd_return=+0.4271
  [label] 2025-05-05 16:00 BTCUSDT entry=94696.7000 → LONG | long=tp(+3.71%) short=sl(-2.01%) | scanned=7 | long_tp_only
  [sample_weight_mode=composite_inv_concurrency] cell=(A, 2025-06) weight_mean=1.0000 weight_std=0.5002 kish=0.7999
  Labels: 2358 long (54.3%), 1984 short (45.7%) | weights: min=0.98, mean=1.00, max=20.48
  Features: 4342/4342 matched, 43 columns
  CV gap: 44 rows
  [ensemble 1/5] seed=42
  [frozen_hp] Trained with baseline HP: n_est=141 depth=5 ct=0.752
  [ensemble 2/5] seed=123
  [frozen_hp] Trained with baseline HP: n_est=344 depth=3 ct=0.621
  [ensemble 3/5] seed=456
  [frozen_hp] Trained with baseline HP: n_est=115 depth=5 ct=0.635
  [ensemble 4/5] seed=789
  [frozen_hp] Trained with baseline HP: n_est=398 depth=3 ct=0.768
  [ensemble 5/5] seed=1001
  [frozen_hp] Trained with baseline HP: n_est=147 depth=4 ct=0.593
  OOD: 16 features, cutoff (q=0.7) = 9.05
  Model trained for 2025-06: 180 test candles with features, confidence_threshold=0.674
[predict] 2025-06-01 00:00 ETHUSDT → LONG (proba=0.73 TP=8.0%/SL=4.0%)
[trade:open] 2025-06-01 07:59 ETHUSDT LONG @ 2507.62 | SL=2406.93 TP=2709.00 | timeout=2025-06-08 07:59
[trade:close] 2025-06-05 23:59 BTCUSDT LONG → stop_loss @ 102143.72 | PnL=-2.30% (net -2.40%) | cum=-214.16% 2025-06=-2.40% 2025-06-05=-2.40%
[trade:close] 2025-06-05 23:59 ETHUSDT LONG → stop_loss @ 2406.93 | PnL=-4.02% (net -4.12%) | cum=-218.27% 2025-06=-6.51% 2025-06-05=-6.51%
[predict] 2025-06-08 16:00 BTCUSDT → SHORT (proba=0.68 TP=3.9%/SL=2.0%)
[trade:open] 2025-06-08 23:59 BTCUSDT SHORT @ 105676.50 | SL=107760.35 TP=101508.80 | timeout=2025-06-15 23:59
[trade:close] 2025-06-09 15:59 BTCUSDT SHORT → stop_loss @ 107760.35 | PnL=-1.97% (net -2.07%) | cum=-220.35% 2025-06=-8.58% 2025-06-09=-2.07%
[predict] 2025-06-10 08:00 BTCUSDT → LONG (proba=0.73 TP=4.2%/SL=2.1%)
[trade:open] 2025-06-10 15:59 BTCUSDT LONG @ 108975.30 | SL=106675.17 TP=113575.55 | timeout=2025-06-17 15:59
[trade:close] 2025-06-12 15:59 BTCUSDT LONG → stop_loss @ 106675.17 | PnL=-2.11% (net -2.21%) | cum=-222.56% 2025-06=-10.79% 2025-06-12=-2.21%
[predict] 2025-06-13 08:00 BTCUSDT → LONG (proba=0.72 TP=4.8%/SL=2.4%)
[trade:open] 2025-06-13 15:59 BTCUSDT LONG @ 105391.90 | SL=102838.15 TP=110499.41 | timeout=2025-06-20 15:59
[trade:close] 2025-06-20 16:00 BTCUSDT LONG → timeout @ 104168.50 | PnL=-1.16% (net -1.26%) | cum=-223.82% 2025-06=-12.06% 2025-06-20=-1.26%
[predict] 2025-06-21 00:00 ETHUSDT → LONG (proba=0.76 TP=8.8%/SL=4.4%)
[trade:open] 2025-06-21 07:59 ETHUSDT LONG @ 2425.63 | SL=2318.46 TP=2639.96 | timeout=2025-06-28 07:59
[trade:close] 2025-06-21 23:59 ETHUSDT LONG → stop_loss @ 2318.46 | PnL=-4.42% (net -4.52%) | cum=-228.34% 2025-06=-16.57% 2025-06-21=-4.52%
[predict] 2025-06-23 16:00 ETHUSDT → LONG (proba=0.77 TP=12.3%/SL=6.1%)
[trade:open] 2025-06-23 23:59 ETHUSDT LONG @ 2410.39 | SL=2262.17 TP=2706.83 | timeout=2025-06-30 23:59
[predict] 2025-06-29 16:00 BTCUSDT → LONG (proba=0.73 TP=3.3%/SL=1.6%)
[trade:open] 2025-06-29 23:59 BTCUSDT LONG @ 108309.80 | SL=106533.45 TP=111862.50 | timeout=2025-07-06 23:59
[lgbm] === Training for 2025-07 ===
  Train window: 2023-07-01 → 2025-06-23
  4342 training samples from 2 symbols
  Samples per month: 2023-07: 186, 2023-08: 186, 2023-09: 180, 2023-10: 186, 2023-11: 180, 2023-12: 186, 2024-01: 186, 2024-02: 174, 2024-03: 186, 2024-04: 180, 2024-05: 186, 2024-06: 180, 2024-07: 186, 2024-08: 186, 2024-09: 180, 2024-10: 186, 2024-11: 180, 2024-12: 186, 2025-01: 186, 2025-02: 168, 2025-03: 186, 2025-04: 180, 2025-05: 186, 2025-06: 136
  [label] 2023-09-01 00:00 BTCUSDT entry=25975.2000 → LONG | long=timeout(+0.94%) short=timeout(-1.14%) | scanned=22 | no_tp→fwd_return=+1.0352
  [label] 2023-09-03 00:00 ETHUSDT entry=1634.9500 → SHORT | long=timeout(-0.76%) short=sl(-2.30%) | scanned=22 | no_tp→fwd_return=-0.6612
  [label] 2023-09-06 16:00 ETHUSDT entry=1632.3300 → SHORT | long=sl(-2.41%) short=tp(+4.52%) | scanned=14 | short_tp_only
  [label] 2023-10-01 16:00 BTCUSDT entry=27981.4000 → SHORT | long=sl(-2.08%) short=sl(-2.08%) | scanned=3 | no_tp→fwd_return=-1.8005
  [label] 2023-11-23 08:00 BTCUSDT entry=36954.1000 → LONG | long=timeout(+1.69%) short=sl(-3.36%) | scanned=22 | no_tp→fwd_return=+1.7857
  [label] 2024-05-08 00:00 ETHUSDT entry=2994.2300 → SHORT | long=sl(-3.98%) short=timeout(+2.56%) | scanned=22 | no_tp→fwd_return=-2.6611
  [label] 2024-05-12 08:00 BTCUSDT entry=61395.9000 → LONG | long=tp(+5.54%) short=sl(-2.92%) | scanned=9 | long_tp_only
  [label] 2024-05-21 16:00 ETHUSDT entry=3792.3200 → LONG | long=sl(-4.66%) short=sl(-4.66%) | scanned=17 | no_tp→fwd_return=+4.5832
  [label] 2024-07-06 00:00 BTCUSDT entry=56571.1000 → LONG | long=timeout(+2.67%) short=sl(-4.27%) | scanned=22 | no_tp→fwd_return=+2.7733
  [label] 2024-07-15 00:00 ETHUSDT entry=3354.3900 → LONG | long=timeout(+3.56%) short=sl(-3.47%) | scanned=22 | no_tp→fwd_return=+3.6558
  [label] 2024-10-14 16:00 ETHUSDT entry=2628.8800 → LONG | long=sl(-3.22%) short=sl(-3.22%) | scanned=17 | no_tp→fwd_return=+2.9225
  [label] 2024-11-15 00:00 ETHUSDT entry=3041.1900 → LONG | long=tp(+12.59%) short=sl(-6.45%) | scanned=21 | long_tp_only
  [label] 2024-11-30 08:00 ETHUSDT entry=3676.6000 → LONG | long=sl(-4.45%) short=sl(-4.45%) | scanned=12 | no_tp→fwd_return=+4.0197
  [label] 2024-12-13 08:00 ETHUSDT entry=3884.7100 → SHORT | long=sl(-4.99%) short=sl(-4.99%) | scanned=16 | no_tp→fwd_return=-6.6751
  [label] 2025-01-01 00:00 BTCUSDT entry=93660.7000 → LONG | long=tp(+5.96%) short=sl(-3.13%) | scanned=15 | long_tp_only
  [label] 2025-01-08 16:00 BTCUSDT entry=95014.1000 → SHORT | long=sl(-3.15%) short=tp(+5.99%) | scanned=14 | short_tp_only
  [label] 2025-01-19 00:00 ETHUSDT entry=3275.0200 → LONG | long=timeout(+1.81%) short=sl(-5.13%) | scanned=22 | no_tp→fwd_return=+1.9084
  [label] 2025-02-27 08:00 ETHUSDT entry=2322.3200 → LONG | long=sl(-6.89%) short=sl(-6.89%) | scanned=10 | no_tp→fwd_return=+8.3882
  [label] 2025-03-11 08:00 BTCUSDT entry=81190.7000 → LONG | long=timeout(+0.36%) short=timeout(-0.56%) | scanned=22 | no_tp→fwd_return=+0.4645
  [label] 2025-06-04 16:00 BTCUSDT entry=104641.8000 → LONG | long=sl(-2.19%) short=sl(-2.19%) | scanned=14 | no_tp→fwd_return=+2.7929
  [sample_weight_mode=composite_inv_concurrency] cell=(A, 2025-07) weight_mean=1.0000 weight_std=0.5002 kish=0.7999
  Labels: 2317 long (53.4%), 2025 short (46.6%) | weights: min=0.98, mean=1.00, max=20.48
  Features: 4342/4342 matched, 43 columns
  CV gap: 44 rows
  [ensemble 1/5] seed=42
  [frozen_hp] Trained with baseline HP: n_est=180 depth=3 ct=0.809
  [ensemble 2/5] seed=123
  [frozen_hp] Trained with baseline HP: n_est=92 depth=3 ct=0.733
  [ensemble 3/5] seed=456
  [frozen_hp] Trained with baseline HP: n_est=52 depth=4 ct=0.840
  [ensemble 4/5] seed=789
  [frozen_hp] Trained with baseline HP: n_est=437 depth=3 ct=0.771
  [ensemble 5/5] seed=1001
  [frozen_hp] Trained with baseline HP: n_est=468 depth=4 ct=0.837
  OOD: 16 features, cutoff (q=0.7) = 8.97
  Model trained for 2025-07: 186 test candles with features, confidence_threshold=0.798
[trade:close] 2025-07-01 00:00 ETHUSDT LONG → timeout @ 2484.30 | PnL=+3.07% (net +2.97%) | cum=-225.37% 2025-07=+2.97% 2025-07-01=+2.97%
[trade:close] 2025-07-01 15:59 BTCUSDT LONG → stop_loss @ 106533.45 | PnL=-1.64% (net -1.74%) | cum=-227.11% 2025-07=+1.23% 2025-07-01=+1.23%
[lgbm] === Training for 2025-08 ===
  Train window: 2023-08-01 → 2025-07-24
  4342 training samples from 2 symbols
  Samples per month: 2023-08: 186, 2023-09: 180, 2023-10: 186, 2023-11: 180, 2023-12: 186, 2024-01: 186, 2024-02: 174, 2024-03: 186, 2024-04: 180, 2024-05: 186, 2024-06: 180, 2024-07: 186, 2024-08: 186, 2024-09: 180, 2024-10: 186, 2024-11: 180, 2024-12: 186, 2025-01: 186, 2025-02: 168, 2025-03: 186, 2025-04: 180, 2025-05: 186, 2025-06: 180, 2025-07: 142
  [label] 2023-10-02 00:00 BTCUSDT entry=28299.1000 → SHORT | long=sl(-2.17%) short=tp(+4.03%) | scanned=5 | short_tp_only
  [label] 2023-10-04 00:00 ETHUSDT entry=1644.2500 → SHORT | long=sl(-2.89%) short=tp(+5.49%) | scanned=17 | short_tp_only
  [label] 2023-10-07 16:00 ETHUSDT entry=1633.1800 → SHORT | long=sl(-2.34%) short=tp(+4.37%) | scanned=6 | short_tp_only
  [label] 2023-11-01 16:00 BTCUSDT entry=35437.4000 → LONG | long=sl(-3.05%) short=timeout(-0.63%) | scanned=22 | no_tp→fwd_return=+0.5342
  [label] 2023-12-24 08:00 BTCUSDT entry=43707.0000 → SHORT | long=sl(-2.51%) short=tp(+4.71%) | scanned=7 | short_tp_only
  [label] 2024-06-08 00:00 ETHUSDT entry=3710.2600 → SHORT | long=sl(-3.21%) short=tp(+6.11%) | scanned=10 | short_tp_only
  [label] 2024-06-12 08:00 BTCUSDT entry=69738.0000 → SHORT | long=sl(-2.59%) short=tp(+4.87%) | scanned=4 | short_tp_only
  [label] 2024-06-21 16:00 ETHUSDT entry=3517.1800 → SHORT | long=sl(-3.66%) short=tp(+7.02%) | scanned=8 | short_tp_only
  [label] 2024-08-06 00:00 BTCUSDT entry=55979.1000 → LONG | long=timeout(+5.67%) short=sl(-7.21%) | scanned=22 | no_tp→fwd_return=+5.7698
  [label] 2024-08-15 00:00 ETHUSDT entry=2613.8200 → LONG | long=timeout(+0.71%) short=timeout(-0.91%) | scanned=22 | no_tp→fwd_return=+0.8103
  [label] 2024-11-14 16:00 ETHUSDT entry=3061.0300 → LONG | long=timeout(+9.62%) short=sl(-6.66%) | scanned=22 | no_tp→fwd_return=+9.7154
  [label] 2024-12-16 00:00 ETHUSDT entry=3973.1500 → SHORT | long=sl(-4.02%) short=tp(+7.74%) | scanned=8 | short_tp_only
  [label] 2024-12-31 08:00 ETHUSDT entry=3412.5800 → LONG | long=tp(+7.30%) short=sl(-3.80%) | scanned=13 | long_tp_only
  [label] 2025-01-13 08:00 ETHUSDT entry=3047.3700 → LONG | long=tp(+10.42%) short=sl(-5.36%) | scanned=7 | long_tp_only
  [label] 2025-02-01 00:00 BTCUSDT entry=102127.0000 → SHORT | long=sl(-3.31%) short=tp(+6.32%) | scanned=6 | short_tp_only
  [label] 2025-02-08 16:00 BTCUSDT entry=96411.9000 → LONG | long=timeout(+1.07%) short=timeout(-1.27%) | scanned=22 | no_tp→fwd_return=+1.1680
  [label] 2025-02-19 00:00 ETHUSDT entry=2707.0000 → SHORT | long=sl(-4.48%) short=sl(-4.48%) | scanned=17 | no_tp→fwd_return=-7.1936
  [label] 2025-03-30 08:00 ETHUSDT entry=1812.8100 → SHORT | long=sl(-4.14%) short=sl(-4.14%) | scanned=21 | no_tp→fwd_return=-2.9794
  [label] 2025-04-11 08:00 BTCUSDT entry=82486.7000 → LONG | long=timeout(+2.14%) short=timeout(-2.34%) | scanned=22 | no_tp→fwd_return=+2.2375
  [label] 2025-07-05 16:00 BTCUSDT entry=108153.4000 → LONG | long=tp(+2.80%) short=sl(-1.55%) | scanned=12 | long_tp_only
  [sample_weight_mode=composite_inv_concurrency] cell=(A, 2025-08) weight_mean=1.0000 weight_std=0.5002 kish=0.7999
  Labels: 2413 long (55.6%), 1929 short (44.4%) | weights: min=0.98, mean=1.00, max=20.48
  Features: 4342/4342 matched, 43 columns
  CV gap: 44 rows
  [ensemble 1/5] seed=42
  [frozen_hp] Trained with baseline HP: n_est=301 depth=5 ct=0.850
  [ensemble 2/5] seed=123
  [frozen_hp] Trained with baseline HP: n_est=162 depth=4 ct=0.824
  [ensemble 3/5] seed=456
  [frozen_hp] Trained with baseline HP: n_est=224 depth=5 ct=0.816
  [ensemble 4/5] seed=789
  [frozen_hp] Trained with baseline HP: n_est=268 depth=4 ct=0.547
  [ensemble 5/5] seed=1001
  [frozen_hp] Trained with baseline HP: n_est=420 depth=3 ct=0.670
  OOD: 16 features, cutoff (q=0.7) = 8.93
  Model trained for 2025-08: 186 test candles with features, confidence_threshold=0.741
[predict] 2025-08-03 00:00 BTCUSDT → SHORT (proba=0.76 TP=4.2%/SL=2.1%)
[trade:open] 2025-08-03 07:59 BTCUSDT SHORT @ 113647.20 | SL=116038.21 TP=108865.17 | timeout=2025-08-10 07:59
[trade:close] 2025-08-07 15:59 BTCUSDT SHORT → stop_loss @ 116038.21 | PnL=-2.10% (net -2.20%) | cum=-229.31% 2025-08=-2.20% 2025-08-07=-2.20%
[predict] 2025-08-12 08:00 BTCUSDT → SHORT (proba=0.75 TP=4.1%/SL=2.0%)
[trade:open] 2025-08-12 15:59 BTCUSDT SHORT @ 119888.00 | SL=122339.11 TP=114985.78 | timeout=2025-08-19 15:59
[trade:close] 2025-08-13 23:59 BTCUSDT SHORT → stop_loss @ 122339.11 | PnL=-2.04% (net -2.14%) | cum=-231.46% 2025-08=-4.35% 2025-08-13=-2.14%
[lgbm] === Training for 2025-09 ===
  Train window: 2023-09-01 → 2025-08-24
  4342 training samples from 2 symbols
  Samples per month: 2023-09: 180, 2023-10: 186, 2023-11: 180, 2023-12: 186, 2024-01: 186, 2024-02: 174, 2024-03: 186, 2024-04: 180, 2024-05: 186, 2024-06: 180, 2024-07: 186, 2024-08: 186, 2024-09: 180, 2024-10: 186, 2024-11: 180, 2024-12: 186, 2025-01: 186, 2025-02: 168, 2025-03: 186, 2025-04: 180, 2025-05: 186, 2025-06: 180, 2025-07: 186, 2025-08: 142
  [label] 2023-11-02 00:00 BTCUSDT entry=35280.7000 → LONG | long=sl(-3.15%) short=sl(-3.15%) | scanned=21 | no_tp→fwd_return=+3.5994
  [label] 2023-11-04 00:00 ETHUSDT entry=1833.7700 → LONG | long=tp(+5.69%) short=sl(-2.99%) | scanned=16 | long_tp_only
  [label] 2023-11-07 16:00 ETHUSDT entry=1885.7900 → LONG | long=tp(+5.89%) short=sl(-3.10%) | scanned=5 | long_tp_only
  [label] 2023-12-02 16:00 BTCUSDT entry=39435.0000 → LONG | long=tp(+4.24%) short=sl(-2.27%) | scanned=4 | long_tp_only
  [label] 2024-01-24 08:00 BTCUSDT entry=40046.7000 → LONG | long=tp(+6.07%) short=sl(-3.19%) | scanned=11 | long_tp_only
  [label] 2024-07-09 00:00 ETHUSDT entry=3061.0100 → LONG | long=tp(+9.55%) short=sl(-4.92%) | scanned=18 | long_tp_only
  [label] 2024-07-13 08:00 BTCUSDT entry=58808.5000 → LONG | long=tp(+6.68%) short=sl(-3.49%) | scanned=5 | long_tp_only
  [label] 2024-07-22 16:00 ETHUSDT entry=3438.0800 → SHORT | long=sl(-3.32%) short=tp(+6.33%) | scanned=7 | short_tp_only
  [label] 2024-09-06 00:00 BTCUSDT entry=55766.3000 → LONG | long=sl(-3.76%) short=sl(-3.76%) | scanned=11 | no_tp→fwd_return=+2.2302
  [label] 2024-09-15 00:00 ETHUSDT entry=2421.6000 → SHORT | long=sl(-3.17%) short=tp(+6.04%) | scanned=3 | short_tp_only
  [label] 2024-12-15 16:00 ETHUSDT entry=3958.5000 → SHORT | long=sl(-4.07%) short=tp(+7.84%) | scanned=9 | short_tp_only
  [label] 2025-01-16 00:00 ETHUSDT entry=3382.4200 → SHORT | long=sl(-4.83%) short=timeout(+4.35%) | scanned=22 | no_tp→fwd_return=-4.4450
  [label] 2025-01-31 08:00 ETHUSDT entry=3426.2100 → SHORT | long=sl(-4.76%) short=tp(+9.21%) | scanned=4 | short_tp_only
  [label] 2025-02-13 08:00 ETHUSDT entry=2646.2700 → LONG | long=timeout(+2.36%) short=sl(-5.88%) | scanned=22 | no_tp→fwd_return=+2.4555
  [label] 2025-03-04 00:00 BTCUSDT entry=83159.4000 → SHORT | long=sl(-6.39%) short=sl(-6.39%) | scanned=20 | no_tp→fwd_return=-5.5214
  [label] 2025-03-11 16:00 BTCUSDT entry=82896.0000 → SHORT | long=timeout(-0.38%) short=timeout(+0.18%) | scanned=22 | no_tp→fwd_return=-0.2773
  [label] 2025-03-22 00:00 ETHUSDT entry=1983.1600 → SHORT | long=sl(-3.92%) short=sl(-3.92%) | scanned=18 | no_tp→fwd_return=-3.7375
  [label] 2025-04-30 08:00 ETHUSDT entry=1763.7200 → LONG | long=timeout(+2.91%) short=sl(-4.40%) | scanned=22 | no_tp→fwd_return=+3.0056
  [label] 2025-05-12 08:00 BTCUSDT entry=102481.7000 → LONG | long=timeout(+2.10%) short=sl(-2.54%) | scanned=22 | no_tp→fwd_return=+2.2040
  [label] 2025-08-05 16:00 BTCUSDT entry=114069.6000 → LONG | long=tp(+3.73%) short=sl(-2.01%) | scanned=13 | long_tp_only
  [sample_weight_mode=composite_inv_concurrency] cell=(A, 2025-09) weight_mean=1.0000 weight_std=0.5002 kish=0.7999
  Labels: 2418 long (55.7%), 1924 short (44.3%) | weights: min=0.98, mean=1.00, max=20.48
  Features: 4342/4342 matched, 43 columns
  CV gap: 44 rows
  [ensemble 1/5] seed=42
  [frozen_hp] Trained with baseline HP: n_est=212 depth=3 ct=0.748
  [ensemble 2/5] seed=123
  [frozen_hp] Trained with baseline HP: n_est=428 depth=5 ct=0.733
  [ensemble 3/5] seed=456
  [frozen_hp] Trained with baseline HP: n_est=216 depth=3 ct=0.723
  [ensemble 4/5] seed=789
  [frozen_hp] Trained with baseline HP: n_est=112 depth=3 ct=0.734
  [ensemble 5/5] seed=1001
  [frozen_hp] Trained with baseline HP: n_est=108 depth=5 ct=0.768
  OOD: 16 features, cutoff (q=0.7) = 8.87
  Model trained for 2025-09: 180 test candles with features, confidence_threshold=0.741
[lgbm] === Training for 2025-10 ===
  Train window: 2023-10-01 → 2025-09-23
  4342 training samples from 2 symbols
  Samples per month: 2023-10: 186, 2023-11: 180, 2023-12: 186, 2024-01: 186, 2024-02: 174, 2024-03: 186, 2024-04: 180, 2024-05: 186, 2024-06: 180, 2024-07: 186, 2024-08: 186, 2024-09: 180, 2024-10: 186, 2024-11: 180, 2024-12: 186, 2025-01: 186, 2025-02: 168, 2025-03: 186, 2025-04: 180, 2025-05: 186, 2025-06: 180, 2025-07: 186, 2025-08: 186, 2025-09: 136
  [label] 2023-12-02 00:00 BTCUSDT entry=38683.9000 → LONG | long=tp(+4.08%) short=sl(-2.19%) | scanned=5 | long_tp_only
  [label] 2023-12-04 00:00 ETHUSDT entry=2247.5700 → LONG | long=tp(+5.65%) short=sl(-2.98%) | scanned=11 | long_tp_only
  [label] 2023-12-07 16:00 ETHUSDT entry=2357.0400 → SHORT | long=sl(-3.75%) short=tp(+7.20%) | scanned=10 | short_tp_only
  [label] 2024-01-01 16:00 BTCUSDT entry=44230.2000 → SHORT | long=sl(-2.65%) short=sl(-2.65%) | scanned=5 | no_tp→fwd_return=-2.7497
  [label] 2024-02-23 08:00 BTCUSDT entry=50938.1000 → LONG | long=tp(+5.28%) short=sl(-2.79%) | scanned=10 | long_tp_only
  [label] 2024-08-08 00:00 ETHUSDT entry=2413.0400 → LONG | long=timeout(+8.22%) short=sl(-8.99%) | scanned=22 | no_tp→fwd_return=+8.3206
  [label] 2024-08-12 08:00 BTCUSDT entry=60171.2000 → SHORT | long=sl(-4.72%) short=timeout(+2.67%) | scanned=22 | no_tp→fwd_return=-2.7691
  [label] 2024-08-21 16:00 ETHUSDT entry=2629.3800 → SHORT | long=sl(-4.11%) short=sl(-4.11%) | scanned=18 | no_tp→fwd_return=-6.5947
  [label] 2024-10-06 00:00 BTCUSDT entry=61919.8000 → SHORT | long=sl(-2.39%) short=sl(-2.39%) | scanned=11 | no_tp→fwd_return=-2.1211
  [label] 2024-10-15 00:00 ETHUSDT entry=2615.2000 → LONG | long=timeout(+1.10%) short=sl(-3.19%) | scanned=22 | no_tp→fwd_return=+1.2026
  [label] 2025-01-14 16:00 ETHUSDT entry=3223.9900 → LONG | long=timeout(+3.09%) short=sl(-4.81%) | scanned=22 | no_tp→fwd_return=+3.1864
  [label] 2025-02-15 00:00 ETHUSDT entry=2696.3700 → SHORT | long=timeout(-0.60%) short=sl(-4.96%) | scanned=22 | no_tp→fwd_return=-0.5033
  [label] 2025-03-02 08:00 ETHUSDT entry=2229.0200 → LONG | long=tp(+13.32%) short=sl(-6.81%) | scanned=1 | long_tp_only
  [label] 2025-03-15 08:00 ETHUSDT entry=1936.8100 → LONG | long=timeout(+2.40%) short=sl(-5.81%) | scanned=22 | no_tp→fwd_return=+2.5021
  [label] 2025-04-03 00:00 BTCUSDT entry=83423.7000 → SHORT | long=sl(-3.64%) short=tp(+6.97%) | scanned=11 | short_tp_only
  [label] 2025-04-10 16:00 BTCUSDT entry=79560.2000 → LONG | long=timeout(+6.63%) short=sl(-5.22%) | scanned=22 | no_tp→fwd_return=+6.7305
  [label] 2025-04-21 00:00 ETHUSDT entry=1645.1000 → LONG | long=sl(-3.96%) short=sl(-3.96%) | scanned=4 | no_tp→fwd_return=+3.4837
  [label] 2025-05-30 08:00 ETHUSDT entry=2597.0100 → SHORT | long=sl(-4.55%) short=timeout(+3.32%) | scanned=22 | no_tp→fwd_return=-3.4162
  [label] 2025-06-11 08:00 BTCUSDT entry=109694.8000 → SHORT | long=sl(-2.13%) short=tp(+3.97%) | scanned=5 | short_tp_only
  [label] 2025-09-04 16:00 BTCUSDT entry=110679.4000 → LONG | long=timeout(+4.19%) short=sl(-2.41%) | scanned=22 | no_tp→fwd_return=+4.2895
  [sample_weight_mode=composite_inv_concurrency] cell=(A, 2025-10) weight_mean=1.0000 weight_std=0.5002 kish=0.7999
  Labels: 2402 long (55.3%), 1940 short (44.7%) | weights: min=0.98, mean=1.00, max=20.48
  Features: 4342/4342 matched, 43 columns
  CV gap: 44 rows
  [ensemble 1/5] seed=42
  [frozen_hp] Trained with baseline HP: n_est=103 depth=5 ct=0.811
  [ensemble 2/5] seed=123
  [frozen_hp] Trained with baseline HP: n_est=432 depth=3 ct=0.802
  [ensemble 3/5] seed=456
  [frozen_hp] Trained with baseline HP: n_est=120 depth=3 ct=0.781
  [ensemble 4/5] seed=789
  [frozen_hp] Trained with baseline HP: n_est=255 depth=5 ct=0.673
  [ensemble 5/5] seed=1001
  [frozen_hp] Trained with baseline HP: n_est=166 depth=3 ct=0.803
  OOD: 16 features, cutoff (q=0.7) = 8.87
  Model trained for 2025-10: 186 test candles with features, confidence_threshold=0.774
[lgbm] === Training for 2025-11 ===
  Train window: 2023-11-01 → 2025-10-24
  4342 training samples from 2 symbols
  Samples per month: 2023-11: 180, 2023-12: 186, 2024-01: 186, 2024-02: 174, 2024-03: 186, 2024-04: 180, 2024-05: 186, 2024-06: 180, 2024-07: 186, 2024-08: 186, 2024-09: 180, 2024-10: 186, 2024-11: 180, 2024-12: 186, 2025-01: 186, 2025-02: 168, 2025-03: 186, 2025-04: 180, 2025-05: 186, 2025-06: 180, 2025-07: 186, 2025-08: 186, 2025-09: 180, 2025-10: 142
  [label] 2024-01-02 00:00 BTCUSDT entry=45495.5000 → SHORT | long=sl(-2.82%) short=tp(+5.35%) | scanned=4 | short_tp_only
  [label] 2024-01-04 00:00 ETHUSDT entry=2222.9900 → LONG | long=tp(+9.21%) short=sl(-4.75%) | scanned=19 | long_tp_only
  [label] 2024-01-07 16:00 ETHUSDT entry=2220.8700 → LONG | long=tp(+6.88%) short=sl(-3.59%) | scanned=6 | long_tp_only
  [label] 2024-02-01 16:00 BTCUSDT entry=43072.6000 → LONG | long=tp(+5.71%) short=sl(-3.01%) | scanned=21 | long_tp_only
  [label] 2024-03-25 08:00 BTCUSDT entry=69844.6000 → SHORT | long=timeout(-2.34%) short=timeout(+2.14%) | scanned=22 | no_tp→fwd_return=-2.2387
  [label] 2024-09-08 00:00 ETHUSDT entry=2293.6900 → LONG | long=timeout(+5.48%) short=sl(-4.74%) | scanned=22 | no_tp→fwd_return=+5.5766
  [label] 2024-09-12 08:00 BTCUSDT entry=57472.1000 → LONG | long=tp(+6.79%) short=sl(-3.55%) | scanned=19 | long_tp_only
  [label] 2024-09-21 16:00 ETHUSDT entry=2611.4000 → LONG | long=sl(-3.47%) short=sl(-3.47%) | scanned=6 | no_tp→fwd_return=+1.3188
  [label] 2024-11-06 00:00 BTCUSDT entry=73435.9000 → LONG | long=tp(+7.32%) short=sl(-3.81%) | scanned=12 | long_tp_only
  [label] 2024-11-15 00:00 ETHUSDT entry=3041.1900 → LONG | long=tp(+12.59%) short=sl(-6.45%) | scanned=21 | long_tp_only
  [label] 2025-02-14 16:00 ETHUSDT entry=2724.7400 → SHORT | long=timeout(-2.44%) short=timeout(+2.24%) | scanned=22 | no_tp→fwd_return=-2.3448
  [label] 2025-03-18 00:00 ETHUSDT entry=1903.9900 → LONG | long=tp(+9.04%) short=sl(-4.67%) | scanned=18 | long_tp_only
  [label] 2025-04-02 08:00 ETHUSDT entry=1900.0900 → SHORT | long=sl(-4.22%) short=tp(+8.14%) | scanned=12 | short_tp_only
  [label] 2025-04-15 08:00 ETHUSDT entry=1620.1200 → LONG | long=timeout(+4.98%) short=sl(-6.16%) | scanned=22 | no_tp→fwd_return=+5.0793
  [label] 2025-05-04 00:00 BTCUSDT entry=95842.1000 → LONG | long=sl(-1.96%) short=sl(-1.96%) | scanned=9 | no_tp→fwd_return=+1.1455
  [label] 2025-05-11 16:00 BTCUSDT entry=104072.7000 → LONG | long=sl(-2.34%) short=sl(-2.34%) | scanned=21 | no_tp→fwd_return=+2.2435
  [label] 2025-05-22 00:00 ETHUSDT entry=2634.4100 → LONG | long=sl(-5.91%) short=sl(-5.91%) | scanned=21 | no_tp→fwd_return=+3.6285
  [label] 2025-06-30 08:00 ETHUSDT entry=2473.5400 → LONG | long=sl(-3.84%) short=sl(-3.84%) | scanned=7 | no_tp→fwd_return=+3.8742
  [label] 2025-07-12 08:00 BTCUSDT entry=117075.6000 → LONG | long=tp(+4.06%) short=sl(-2.18%) | scanned=5 | long_tp_only
  [label] 2025-10-05 16:00 BTCUSDT entry=123426.7000 → SHORT | long=sl(-2.13%) short=sl(-2.13%) | scanned=6 | no_tp→fwd_return=-1.7340
  [sample_weight_mode=composite_inv_concurrency] cell=(A, 2025-11) weight_mean=1.0000 weight_std=0.5002 kish=0.7999
  Labels: 2364 long (54.4%), 1978 short (45.6%) | weights: min=0.98, mean=1.00, max=20.48
  Features: 4342/4342 matched, 43 columns
  CV gap: 44 rows
  [ensemble 1/5] seed=42
  [frozen_hp] Trained with baseline HP: n_est=316 depth=5 ct=0.844
  [ensemble 2/5] seed=123
  [frozen_hp] Trained with baseline HP: n_est=173 depth=4 ct=0.624
  [ensemble 3/5] seed=456
  [frozen_hp] Trained with baseline HP: n_est=313 depth=5 ct=0.740
  [ensemble 4/5] seed=789
  [frozen_hp] Trained with baseline HP: n_est=345 depth=3 ct=0.842
  [ensemble 5/5] seed=1001
  [frozen_hp] Trained with baseline HP: n_est=488 depth=5 ct=0.776
  OOD: 16 features, cutoff (q=0.7) = 8.71
  Model trained for 2025-11: 180 test candles with features, confidence_threshold=0.765
[predict] 2025-11-08 00:00 ETHUSDT → LONG (proba=0.77 TP=11.6%/SL=5.8%)
[trade:open] 2025-11-08 07:59 ETHUSDT LONG @ 3446.41 | SL=3246.17 TP=3846.88 | timeout=2025-11-15 07:59
[trade:close] 2025-11-13 23:59 ETHUSDT LONG → stop_loss @ 3246.17 | PnL=-5.81% (net -5.91%) | cum=-237.37% 2025-11=-5.91% 2025-11-13=-5.91%
[predict] 2025-11-14 16:00 ETHUSDT → LONG (proba=0.85 TP=13.4%/SL=6.7%)
[trade:open] 2025-11-14 23:59 ETHUSDT LONG @ 3111.20 | SL=2902.67 TP=3528.27 | timeout=2025-11-21 23:59
[trade:close] 2025-11-19 23:59 ETHUSDT LONG → stop_loss @ 2902.67 | PnL=-6.70% (net -6.80%) | cum=-244.17% 2025-11=-12.71% 2025-11-19=-6.80%
[predict] 2025-11-24 16:00 BTCUSDT → LONG (proba=0.78 TP=7.8%/SL=3.9%)
[trade:open] 2025-11-24 23:59 BTCUSDT LONG @ 88247.10 | SL=84791.51 TP=95158.27 | timeout=2025-12-01 23:59
[lgbm] === Training for 2025-12 ===
  Train window: 2023-12-01 → 2025-11-23
  4342 training samples from 2 symbols
  Samples per month: 2023-12: 186, 2024-01: 186, 2024-02: 174, 2024-03: 186, 2024-04: 180, 2024-05: 186, 2024-06: 180, 2024-07: 186, 2024-08: 186, 2024-09: 180, 2024-10: 186, 2024-11: 180, 2024-12: 186, 2025-01: 186, 2025-02: 168, 2025-03: 186, 2025-04: 180, 2025-05: 186, 2025-06: 180, 2025-07: 186, 2025-08: 186, 2025-09: 180, 2025-10: 186, 2025-11: 136
  [label] 2024-02-01 00:00 BTCUSDT entry=42182.2000 → LONG | long=tp(+5.68%) short=sl(-2.99%) | scanned=21 | long_tp_only
  [label] 2024-02-03 00:00 ETHUSDT entry=2313.4400 → LONG | long=tp(+5.40%) short=sl(-2.85%) | scanned=14 | long_tp_only
  [label] 2024-02-06 16:00 ETHUSDT entry=2371.7400 → LONG | long=tp(+4.73%) short=sl(-2.52%) | scanned=8 | long_tp_only
  [label] 2024-03-02 16:00 BTCUSDT entry=62039.9000 → LONG | long=tp(+6.98%) short=sl(-3.64%) | scanned=5 | long_tp_only
  [label] 2024-04-24 08:00 BTCUSDT entry=64594.0000 → SHORT | long=sl(-3.68%) short=tp(+7.06%) | scanned=19 | short_tp_only
  [label] 2024-10-08 00:00 ETHUSDT entry=2427.5400 → LONG | long=sl(-3.39%) short=sl(-3.39%) | scanned=18 | no_tp→fwd_return=+4.4160
  [label] 2024-10-12 08:00 BTCUSDT entry=63124.8000 → LONG | long=tp(+5.04%) short=sl(-2.67%) | scanned=7 | long_tp_only
  [label] 2024-10-21 16:00 ETHUSDT entry=2666.6300 → SHORT | long=sl(-2.81%) short=tp(+5.32%) | scanned=6 | short_tp_only
  [label] 2024-12-06 00:00 BTCUSDT entry=98209.6000 → LONG | long=timeout(+1.82%) short=timeout(-2.02%) | scanned=22 | no_tp→fwd_return=+1.9249
  [label] 2024-12-15 00:00 ETHUSDT entry=3843.4400 → SHORT | long=sl(-4.22%) short=sl(-4.22%) | scanned=11 | no_tp→fwd_return=-5.6730
  [label] 2025-03-16 16:00 ETHUSDT entry=1885.9700 → LONG | long=timeout(+6.21%) short=sl(-5.26%) | scanned=22 | no_tp→fwd_return=+6.3113
  [label] 2025-04-17 00:00 ETHUSDT entry=1600.9900 → LONG | long=tp(+11.21%) short=sl(-5.75%) | scanned=18 | long_tp_only
  [label] 2025-05-02 08:00 ETHUSDT entry=1840.2100 → LONG | long=sl(-3.90%) short=sl(-3.90%) | scanned=17 | no_tp→fwd_return=+4.7598
  [label] 2025-05-15 08:00 ETHUSDT entry=2562.9000 → LONG | long=sl(-6.24%) short=timeout(-4.03%) | scanned=22 | no_tp→fwd_return=+3.9264
  [label] 2025-06-03 00:00 BTCUSDT entry=105134.4000 → SHORT | long=sl(-2.29%) short=tp(+4.28%) | scanned=8 | short_tp_only
  [label] 2025-06-10 16:00 BTCUSDT entry=110235.4000 → SHORT | long=sl(-2.22%) short=tp(+4.15%) | scanned=7 | short_tp_only
  [label] 2025-06-21 00:00 ETHUSDT entry=2425.6300 → SHORT | long=sl(-4.52%) short=tp(+8.74%) | scanned=4 | short_tp_only
  [label] 2025-07-30 08:00 ETHUSDT entry=3795.7600 → SHORT | long=sl(-4.09%) short=tp(+7.88%) | scanned=7 | short_tp_only
  [label] 2025-08-11 08:00 BTCUSDT entry=120271.2000 → SHORT | long=sl(-2.11%) short=sl(-2.11%) | scanned=9 | no_tp→fwd_return=-1.7338
  [label] 2025-11-04 16:00 BTCUSDT entry=101450.3000 → LONG | long=timeout(+1.43%) short=sl(-3.45%) | scanned=22 | no_tp→fwd_return=+1.5333
  [sample_weight_mode=composite_inv_concurrency] cell=(A, 2025-12) weight_mean=1.0000 weight_std=0.5002 kish=0.7999
  Labels: 2259 long (52.0%), 2083 short (48.0%) | weights: min=0.98, mean=1.00, max=20.48
  Features: 4342/4342 matched, 43 columns
  CV gap: 44 rows
  [ensemble 1/5] seed=42
  [frozen_hp] Trained with baseline HP: n_est=382 depth=3 ct=0.824
  [ensemble 2/5] seed=123
  [frozen_hp] Trained with baseline HP: n_est=204 depth=3 ct=0.804
  [ensemble 3/5] seed=456
  [frozen_hp] Trained with baseline HP: n_est=202 depth=3 ct=0.784
  [ensemble 4/5] seed=789
  [frozen_hp] Trained with baseline HP: n_est=373 depth=3 ct=0.850
  [ensemble 5/5] seed=1001
  [frozen_hp] Trained with baseline HP: n_est=137 depth=4 ct=0.641
  OOD: 16 features, cutoff (q=0.7) = 8.68
  Model trained for 2025-12: 186 test candles with features, confidence_threshold=0.781
[trade:close] 2025-12-01 15:59 BTCUSDT LONG → stop_loss @ 84791.51 | PnL=-3.92% (net -4.02%) | cum=-248.19% 2025-12=-4.02% 2025-12-01=-4.02%
[lgbm] === Training for 2026-01 ===
  Train window: 2024-01-01 → 2025-12-24
  4342 training samples from 2 symbols
  Samples per month: 2024-01: 186, 2024-02: 174, 2024-03: 186, 2024-04: 180, 2024-05: 186, 2024-06: 180, 2024-07: 186, 2024-08: 186, 2024-09: 180, 2024-10: 186, 2024-11: 180, 2024-12: 186, 2025-01: 186, 2025-02: 168, 2025-03: 186, 2025-04: 180, 2025-05: 186, 2025-06: 180, 2025-07: 186, 2025-08: 186, 2025-09: 180, 2025-10: 186, 2025-11: 180, 2025-12: 142
  [label] 2024-03-03 00:00 BTCUSDT entry=61641.0000 → LONG | long=tp(+6.73%) short=sl(-3.52%) | scanned=4 | long_tp_only
  [label] 2024-03-05 00:00 ETHUSDT entry=3678.0000 → SHORT | long=sl(-3.99%) short=sl(-3.99%) | scanned=2 | no_tp→fwd_return=-3.3325
  [label] 2024-03-08 16:00 ETHUSDT entry=3886.0400 → SHORT | long=sl(-5.41%) short=sl(-5.41%) | scanned=19 | no_tp→fwd_return=-3.3443
  [label] 2024-04-02 16:00 BTCUSDT entry=65505.3000 → LONG | long=tp(+7.67%) short=sl(-3.98%) | scanned=16 | long_tp_only
  [label] 2024-05-25 08:00 BTCUSDT entry=68949.1000 → SHORT | long=sl(-2.96%) short=timeout(+1.67%) | scanned=22 | no_tp→fwd_return=-1.7707
  [label] 2024-11-08 00:00 ETHUSDT entry=2912.9400 → LONG | long=tp(+8.68%) short=sl(-4.49%) | scanned=6 | long_tp_only
  [label] 2024-11-12 08:00 BTCUSDT entry=86659.9000 → LONG | long=timeout(+6.59%) short=sl(-4.34%) | scanned=22 | no_tp→fwd_return=+6.6852
  [label] 2024-11-21 16:00 ETHUSDT entry=3358.4200 → LONG | long=timeout(+6.54%) short=sl(-5.10%) | scanned=22 | no_tp→fwd_return=+6.6448
  [label] 2025-01-06 00:00 BTCUSDT entry=99280.0000 → SHORT | long=sl(-2.23%) short=sl(-2.23%) | scanned=4 | no_tp→fwd_return=-1.3746
  [label] 2025-01-15 00:00 ETHUSDT entry=3231.3000 → LONG | long=tp(+8.83%) short=sl(-4.56%) | scanned=8 | long_tp_only
  [label] 2025-04-16 16:00 ETHUSDT entry=1576.5800 → LONG | long=tp(+11.87%) short=sl(-6.09%) | scanned=18 | long_tp_only
  [label] 2025-05-18 00:00 ETHUSDT entry=2508.3500 → LONG | long=sl(-5.15%) short=sl(-5.15%) | scanned=12 | no_tp→fwd_return=+5.0256
  [label] 2025-06-02 08:00 ETHUSDT entry=2543.2400 → SHORT | long=sl(-3.98%) short=sl(-3.98%) | scanned=10 | no_tp→fwd_return=-5.1250
  [label] 2025-06-15 08:00 ETHUSDT entry=2540.7900 → SHORT | long=sl(-4.37%) short=sl(-4.37%) | scanned=16 | no_tp→fwd_return=-5.3279
  [label] 2025-07-04 00:00 BTCUSDT entry=108661.0000 → LONG | long=tp(+3.31%) short=sl(-1.80%) | scanned=20 | long_tp_only
  [label] 2025-07-11 16:00 BTCUSDT entry=117500.0000 → LONG | long=tp(+4.32%) short=sl(-2.31%) | scanned=7 | long_tp_only
  [label] 2025-07-22 00:00 ETHUSDT entry=3676.4400 → LONG | long=sl(-4.66%) short=sl(-4.66%) | scanned=17 | no_tp→fwd_return=+5.3049
  [label] 2025-08-30 08:00 ETHUSDT entry=4373.7100 → SHORT | long=timeout(-2.52%) short=timeout(+2.32%) | scanned=22 | no_tp→fwd_return=-2.4243
  [label] 2025-09-11 08:00 BTCUSDT entry=114122.3000 → LONG | long=timeout(+2.89%) short=sl(-1.90%) | scanned=22 | no_tp→fwd_return=+2.9863
  [label] 2025-12-05 16:00 BTCUSDT entry=89288.5000 → LONG | long=timeout(+0.95%) short=sl(-3.56%) | scanned=22 | no_tp→fwd_return=+1.0540
  [sample_weight_mode=composite_inv_concurrency] cell=(A, 2026-01) weight_mean=1.0000 weight_std=0.5002 kish=0.7999
  Labels: 2219 long (51.1%), 2123 short (48.9%) | weights: min=0.98, mean=1.00, max=20.48
  Features: 4342/4342 matched, 43 columns
  CV gap: 44 rows
  [ensemble 1/5] seed=42
  [frozen_hp] Trained with baseline HP: n_est=121 depth=4 ct=0.776
  [ensemble 2/5] seed=123
  [frozen_hp] Trained with baseline HP: n_est=248 depth=4 ct=0.734
  [ensemble 3/5] seed=456
  [frozen_hp] Trained with baseline HP: n_est=490 depth=3 ct=0.797
  [ensemble 4/5] seed=789
  [frozen_hp] Trained with baseline HP: n_est=481 depth=3 ct=0.846
  [ensemble 5/5] seed=1001
  [frozen_hp] Trained with baseline HP: n_est=287 depth=4 ct=0.796
  OOD: 16 features, cutoff (q=0.7) = 8.67
  Model trained for 2026-01: 186 test candles with features, confidence_threshold=0.790
[predict] 2026-01-01 08:00 ETHUSDT → LONG (proba=0.79 TP=4.6%/SL=2.3%)
[trade:open] 2026-01-01 15:59 ETHUSDT LONG @ 2988.44 | SL=2919.11 TP=3127.11 | timeout=2026-01-08 15:59
[trade:close] 2026-01-02 23:59 ETHUSDT LONG → take_profit @ 3127.11 | PnL=+4.64% (net +4.54%) | cum=-243.65% 2026-01=+4.54% 2026-01-02=+4.54%
[predict] 2026-01-13 00:00 ETHUSDT → LONG (proba=0.83 TP=5.5%/SL=2.7%)
[trade:open] 2026-01-13 07:59 ETHUSDT LONG @ 3121.08 | SL=3035.87 TP=3291.50 | timeout=2026-01-20 07:59
[trade:close] 2026-01-13 23:59 ETHUSDT LONG → take_profit @ 3291.50 | PnL=+5.46% (net +5.36%) | cum=-238.29% 2026-01=+9.90% 2026-01-13=+5.36%
[lgbm] === Training for 2026-02 ===
  Train window: 2024-02-01 → 2026-01-24
  4342 training samples from 2 symbols
  Samples per month: 2024-02: 174, 2024-03: 186, 2024-04: 180, 2024-05: 186, 2024-06: 180, 2024-07: 186, 2024-08: 186, 2024-09: 180, 2024-10: 186, 2024-11: 180, 2024-12: 186, 2025-01: 186, 2025-02: 168, 2025-03: 186, 2025-04: 180, 2025-05: 186, 2025-06: 180, 2025-07: 186, 2025-08: 186, 2025-09: 180, 2025-10: 186, 2025-11: 180, 2025-12: 186, 2026-01: 142
  [label] 2024-04-03 00:00 BTCUSDT entry=66181.1000 → LONG | long=tp(+7.71%) short=sl(-4.00%) | scanned=16 | long_tp_only
  [label] 2024-04-05 00:00 ETHUSDT entry=3289.1800 → LONG | long=tp(+9.18%) short=sl(-4.74%) | scanned=10 | long_tp_only
  [label] 2024-04-08 16:00 ETHUSDT entry=3697.6000 → SHORT | long=sl(-3.87%) short=tp(+7.44%) | scanned=5 | short_tp_only
  [label] 2024-05-03 16:00 BTCUSDT entry=62853.7000 → SHORT | long=sl(-4.35%) short=timeout(+3.20%) | scanned=22 | no_tp→fwd_return=-3.3023
  [label] 2024-06-25 08:00 BTCUSDT entry=61776.0000 → LONG | long=timeout(+0.17%) short=sl(-2.95%) | scanned=22 | no_tp→fwd_return=+0.2736
  [label] 2024-12-09 00:00 ETHUSDT entry=3920.5000 → SHORT | long=sl(-3.96%) short=tp(+7.62%) | scanned=2 | short_tp_only
  [label] 2024-12-13 08:00 BTCUSDT entry=99831.0000 → LONG | long=tp(+6.78%) short=sl(-3.54%) | scanned=10 | long_tp_only
  [label] 2024-12-22 16:00 ETHUSDT entry=3280.8000 → LONG | long=timeout(+2.18%) short=sl(-6.33%) | scanned=22 | no_tp→fwd_return=+2.2757
  [label] 2025-02-06 00:00 BTCUSDT entry=98164.9000 → SHORT | long=sl(-4.24%) short=timeout(+2.09%) | scanned=22 | no_tp→fwd_return=-2.1865
  [label] 2025-02-15 00:00 ETHUSDT entry=2696.3700 → SHORT | long=timeout(-0.60%) short=sl(-4.96%) | scanned=22 | no_tp→fwd_return=-0.5033
  [label] 2025-05-17 16:00 ETHUSDT entry=2474.0900 → LONG | long=sl(-5.46%) short=sl(-5.46%) | scanned=10 | no_tp→fwd_return=+3.0973
  [label] 2025-06-18 00:00 ETHUSDT entry=2532.3300 → SHORT | long=sl(-4.84%) short=tp(+9.37%) | scanned=11 | short_tp_only
  [label] 2025-07-03 08:00 ETHUSDT entry=2569.1400 → LONG | long=tp(+7.61%) short=sl(-3.95%) | scanned=19 | long_tp_only
  [label] 2025-07-16 08:00 ETHUSDT entry=3243.4000 → LONG | long=tp(+7.60%) short=sl(-3.95%) | scanned=4 | long_tp_only
  [label] 2025-08-04 00:00 BTCUSDT entry=114607.0000 → LONG | long=tp(+3.59%) short=sl(-1.94%) | scanned=19 | long_tp_only
  [label] 2025-08-11 16:00 BTCUSDT entry=118641.9000 → LONG | long=tp(+4.21%) short=sl(-2.26%) | scanned=7 | long_tp_only
  [label] 2025-08-22 00:00 ETHUSDT entry=4325.9900 → LONG | long=tp(+8.61%) short=sl(-4.45%) | scanned=2 | long_tp_only
  [label] 2025-09-30 08:00 ETHUSDT entry=4118.0900 → LONG | long=tp(+6.44%) short=sl(-3.37%) | scanned=5 | long_tp_only
  [label] 2025-10-12 08:00 BTCUSDT entry=113119.0000 → SHORT | long=sl(-4.22%) short=tp(+8.14%) | scanned=15 | short_tp_only
  [label] 2026-01-05 16:00 BTCUSDT entry=93822.4000 → SHORT | long=sl(-2.00%) short=tp(+3.70%) | scanned=7 | short_tp_only
  [sample_weight_mode=composite_inv_concurrency] cell=(A, 2026-02) weight_mean=1.0000 weight_std=0.5002 kish=0.7999
  Labels: 2238 long (51.5%), 2104 short (48.5%) | weights: min=0.98, mean=1.00, max=20.48
  Features: 4342/4342 matched, 43 columns
  CV gap: 44 rows
  [ensemble 1/5] seed=42
  [frozen_hp] Trained with baseline HP: n_est=235 depth=4 ct=0.732
  [ensemble 2/5] seed=123
  [frozen_hp] Trained with baseline HP: n_est=276 depth=3 ct=0.566
  [ensemble 3/5] seed=456
  [frozen_hp] Trained with baseline HP: n_est=85 depth=5 ct=0.608
  [ensemble 4/5] seed=789
  [frozen_hp] Trained with baseline HP: n_est=62 depth=3 ct=0.510
  [ensemble 5/5] seed=1001
  [frozen_hp] Trained with baseline HP: n_est=459 depth=5 ct=0.646
  OOD: 16 features, cutoff (q=0.7) = 8.65
  Model trained for 2026-02: 168 test candles with features, confidence_threshold=0.613
[predict] 2026-02-07 16:00 ETHUSDT → LONG (proba=0.73 TP=18.9%/SL=9.4%)
[trade:open] 2026-02-07 23:59 ETHUSDT LONG @ 2085.93 | SL=1889.10 TP=2479.60 | timeout=2026-02-14 23:59
[predict] 2026-02-11 16:00 BTCUSDT → LONG (proba=0.78 TP=11.0%/SL=5.5%)
[trade:open] 2026-02-11 23:59 BTCUSDT LONG @ 67054.40 | SL=63371.05 TP=74421.10 | timeout=2026-02-18 23:59
[trade:close] 2026-02-15 00:00 ETHUSDT LONG → timeout @ 2085.43 | PnL=-0.02% (net -0.12%) | cum=-238.41% 2026-02=-0.12% 2026-02-15=-0.12%
[predict] 2026-02-18 00:00 ETHUSDT → LONG (proba=0.62 TP=9.4%/SL=4.7%)
[trade:open] 2026-02-18 07:59 ETHUSDT LONG @ 2017.19 | SL=1922.15 TP=2207.27 | timeout=2026-02-25 07:59
[trade:close] 2026-02-18 23:59 ETHUSDT LONG → stop_loss @ 1922.15 | PnL=-4.71% (net -4.81%) | cum=-243.22% 2026-02=-4.94% 2026-02-18=-4.81%
[trade:close] 2026-02-19 00:00 BTCUSDT LONG → timeout @ 66422.80 | PnL=-0.94% (net -1.04%) | cum=-244.26% 2026-02=-5.98% 2026-02-19=-1.04%
[predict] 2026-02-21 16:00 ETHUSDT → LONG (proba=0.68 TP=7.5%/SL=3.8%)
[trade:open] 2026-02-21 23:59 ETHUSDT LONG @ 1972.54 | SL=1898.25 TP=2121.12 | timeout=2026-02-28 23:59
[trade:close] 2026-02-23 07:59 ETHUSDT LONG → stop_loss @ 1898.25 | PnL=-3.77% (net -3.87%) | cum=-248.13% 2026-02=-9.84% 2026-02-23=-3.87%
[predict] 2026-02-25 16:00 ETHUSDT → LONG (proba=0.74 TP=9.9%/SL=4.9%)
[trade:open] 2026-02-25 23:59 ETHUSDT LONG @ 2056.50 | SL=1954.77 TP=2259.96 | timeout=2026-03-04 23:59
[trade:close] 2026-02-27 15:59 ETHUSDT LONG → stop_loss @ 1954.77 | PnL=-4.95% (net -5.05%) | cum=-253.18% 2026-02=-14.89% 2026-02-27=-5.05%
[predict] 2026-02-28 08:00 ETHUSDT → LONG (proba=0.71 TP=11.3%/SL=5.6%)
[trade:open] 2026-02-28 15:59 ETHUSDT LONG @ 1897.78 | SL=1790.88 TP=2111.57 | timeout=2026-03-07 15:59
[lgbm] === Training for 2026-03 ===
  Train window: 2024-03-01 → 2026-02-21
  4336 training samples from 2 symbols
  Samples per month: 2024-03: 186, 2024-04: 180, 2024-05: 186, 2024-06: 180, 2024-07: 186, 2024-08: 186, 2024-09: 180, 2024-10: 186, 2024-11: 180, 2024-12: 186, 2025-01: 186, 2025-02: 168, 2025-03: 186, 2025-04: 180, 2025-05: 186, 2025-06: 180, 2025-07: 186, 2025-08: 186, 2025-09: 180, 2025-10: 186, 2025-11: 180, 2025-12: 186, 2026-01: 186, 2026-02: 124
  [label] 2024-05-01 16:00 ETHUSDT entry=2970.6100 → LONG | long=timeout(-0.02%) short=sl(-5.50%) | scanned=22 | no_tp→fwd_return=+0.0781
  [label] 2024-05-04 00:00 ETHUSDT entry=3094.7900 → SHORT | long=sl(-4.50%) short=timeout(+5.52%) | scanned=22 | no_tp→fwd_return=-5.6188
  [label] 2024-05-07 16:00 ETHUSDT entry=3004.5500 → SHORT | long=sl(-4.11%) short=timeout(+4.02%) | scanned=22 | no_tp→fwd_return=-4.1164
  [label] 2024-06-01 08:00 ETHUSDT entry=3801.3800 → SHORT | long=sl(-3.38%) short=timeout(+2.85%) | scanned=22 | no_tp→fwd_return=-2.9476
  [label] 2024-07-24 00:00 ETHUSDT entry=3445.7400 → SHORT | long=sl(-3.48%) short=tp(+6.65%) | scanned=3 | short_tp_only
  [label] 2025-01-06 16:00 ETHUSDT entry=3685.7200 → SHORT | long=sl(-3.05%) short=tp(+5.80%) | scanned=2 | short_tp_only
  [label] 2025-01-10 16:00 ETHUSDT entry=3265.5200 → SHORT | long=sl(-4.76%) short=tp(+9.23%) | scanned=8 | short_tp_only
  [label] 2025-01-20 08:00 BTCUSDT entry=105008.7000 → SHORT | long=sl(-4.82%) short=timeout(+3.65%) | scanned=22 | no_tp→fwd_return=-3.7501
  [label] 2025-03-06 08:00 ETHUSDT entry=2256.4100 → SHORT | long=sl(-8.14%) short=tp(+15.98%) | scanned=13 | short_tp_only
  [label] 2025-03-15 16:00 BTCUSDT entry=84302.9000 → LONG | long=sl(-3.80%) short=sl(-3.80%) | scanned=13 | no_tp→fwd_return=+1.7340
  [label] 2025-06-15 00:00 ETHUSDT entry=2527.3300 → SHORT | long=sl(-4.55%) short=sl(-4.55%) | scanned=17 | no_tp→fwd_return=-4.8237
  [label] 2025-07-16 08:00 ETHUSDT entry=3243.4000 → LONG | long=tp(+7.60%) short=sl(-3.95%) | scanned=4 | long_tp_only
  [label] 2025-07-31 16:00 ETHUSDT entry=3696.5800 → SHORT | long=sl(-4.38%) short=tp(+8.46%) | scanned=6 | short_tp_only
  [label] 2025-08-13 16:00 ETHUSDT entry=4748.3700 → SHORT | long=sl(-4.22%) short=tp(+8.13%) | scanned=13 | short_tp_only
  [label] 2025-09-01 00:00 ETHUSDT entry=4461.1100 → SHORT | long=sl(-4.11%) short=timeout(+3.74%) | scanned=22 | no_tp→fwd_return=-3.8396
  [label] 2025-09-08 16:00 ETHUSDT entry=4303.9800 → LONG | long=tp(+6.02%) short=sl(-3.16%) | scanned=11 | long_tp_only
  [label] 2025-09-19 08:00 ETHUSDT entry=4472.2900 → SHORT | long=sl(-3.20%) short=tp(+6.09%) | scanned=8 | short_tp_only
  [label] 2025-10-28 16:00 BTCUSDT entry=112833.5000 → SHORT | long=sl(-2.64%) short=tp(+4.98%) | scanned=6 | short_tp_only
  [label] 2025-11-09 08:00 BTCUSDT entry=103715.8000 → SHORT | long=sl(-2.99%) short=sl(-2.99%) | scanned=10 | no_tp→fwd_return=-2.0344
  [label] 2026-02-02 16:00 BTCUSDT entry=78692.5000 → SHORT | long=sl(-4.50%) short=tp(+8.70%) | scanned=7 | short_tp_only
  [sample_weight_mode=composite_inv_concurrency] cell=(A, 2026-03) weight_mean=1.0000 weight_std=0.5005 kish=0.7997
  Labels: 2119 long (48.9%), 2217 short (51.1%) | weights: min=0.98, mean=1.00, max=20.48
  Features: 4336/4336 matched, 43 columns
  CV gap: 44 rows
  [ensemble 1/5] seed=42
  [frozen_hp] Trained with baseline HP: n_est=272 depth=3 ct=0.748
  [ensemble 2/5] seed=123
  [frozen_hp] Trained with baseline HP: n_est=269 depth=4 ct=0.537
  [ensemble 3/5] seed=456
  [frozen_hp] Trained with baseline HP: n_est=86 depth=5 ct=0.605
  [ensemble 4/5] seed=789
  [frozen_hp] Trained with baseline HP: n_est=469 depth=3 ct=0.630
  [ensemble 5/5] seed=1001
  [frozen_hp] Trained with baseline HP: n_est=437 depth=4 ct=0.702
  OOD: 16 features, cutoff (q=0.7) = 8.60
  Model trained for 2026-03: 186 test candles with features, confidence_threshold=0.644
[predict] 2026-03-01 00:00 BTCUSDT → LONG (proba=0.72 TP=8.6%/SL=4.3%)
[trade:open] 2026-03-01 07:59 BTCUSDT LONG @ 67113.90 | SL=64243.16 TP=72855.38 | timeout=2026-03-08 07:59
[trade:close] 2026-03-04 15:59 BTCUSDT LONG → take_profit @ 72855.38 | PnL=+8.55% (net +8.45%) | cum=-244.72% 2026-03=+8.45% 2026-03-04=+8.45%
[trade:close] 2026-03-04 15:59 ETHUSDT LONG → take_profit @ 2111.57 | PnL=+11.27% (net +11.17%) | cum=-233.56% 2026-03=+19.62% 2026-03-04=+19.62%
[predict] 2026-03-06 16:00 ETHUSDT → SHORT (proba=0.74 TP=11.1%/SL=5.6%)
[trade:open] 2026-03-06 23:59 ETHUSDT SHORT @ 1977.66 | SL=2087.73 TP=1757.51 | timeout=2026-03-13 23:59
[predict] 2026-03-09 16:00 BTCUSDT → SHORT (proba=0.69 TP=7.2%/SL=3.6%)
[trade:open] 2026-03-09 23:59 BTCUSDT SHORT @ 68394.10 | SL=70872.65 TP=63437.01 | timeout=2026-03-16 23:59
[trade:close] 2026-03-10 15:59 BTCUSDT SHORT → stop_loss @ 70872.65 | PnL=-3.62% (net -3.72%) | cum=-237.28% 2026-03=+15.90% 2026-03-10=-3.72%
[trade:close] 2026-03-10 23:59 ETHUSDT SHORT → stop_loss @ 2087.73 | PnL=-5.57% (net -5.67%) | cum=-242.95% 2026-03=+10.23% 2026-03-10=-9.39%
[predict] 2026-03-11 08:00 BTCUSDT → SHORT (proba=0.72 TP=7.5%/SL=3.7%)
[trade:open] 2026-03-11 15:59 BTCUSDT SHORT @ 70186.90 | SL=72817.52 TP=64925.66 | timeout=2026-03-18 15:59
[predict] 2026-03-11 16:00 ETHUSDT → SHORT (proba=0.86 TP=8.8%/SL=4.4%)
[trade:open] 2026-03-11 23:59 ETHUSDT SHORT @ 2050.99 | SL=2141.19 TP=1870.59 | timeout=2026-03-18 23:59
[trade:close] 2026-03-13 07:59 ETHUSDT SHORT → stop_loss @ 2141.19 | PnL=-4.40% (net -4.50%) | cum=-247.44% 2026-03=+5.73% 2026-03-13=-4.50%
[trade:close] 2026-03-13 15:59 BTCUSDT SHORT → stop_loss @ 72817.52 | PnL=-3.75% (net -3.85%) | cum=-251.29% 2026-03=+1.88% 2026-03-13=-8.35%
[predict] 2026-03-15 00:00 ETHUSDT → SHORT (proba=0.68 TP=7.6%/SL=3.8%)
[trade:open] 2026-03-15 07:59 ETHUSDT SHORT @ 2104.97 | SL=2184.87 TP=1945.17 | timeout=2026-03-22 07:59
[trade:close] 2026-03-15 23:59 ETHUSDT SHORT → stop_loss @ 2184.87 | PnL=-3.80% (net -3.90%) | cum=-255.19% 2026-03=-2.01% 2026-03-15=-3.90%
[predict] 2026-03-16 16:00 BTCUSDT → SHORT (proba=0.64 TP=5.9%/SL=2.9%)
[trade:open] 2026-03-16 23:59 BTCUSDT SHORT @ 74846.40 | SL=77048.74 TP=70441.71 | timeout=2026-03-23 23:59
[predict] 2026-03-18 16:00 ETHUSDT → SHORT (proba=0.73 TP=9.7%/SL=4.8%)
[trade:open] 2026-03-18 23:59 ETHUSDT SHORT @ 2201.95 | SL=2308.68 TP=1988.49 | timeout=2026-03-25 23:59
[trade:close] 2026-03-19 07:59 BTCUSDT SHORT → take_profit @ 70441.71 | PnL=+5.88% (net +5.78%) | cum=-249.40% 2026-03=+3.77% 2026-03-19=+5.78%
[predict] 2026-03-20 16:00 BTCUSDT → SHORT (proba=0.67 TP=6.8%/SL=3.4%)
[trade:open] 2026-03-20 23:59 BTCUSDT SHORT @ 70472.70 | SL=72875.95 TP=65666.21 | timeout=2026-03-27 23:59
[trade:close] 2026-03-26 00:00 ETHUSDT SHORT → timeout @ 2168.00 | PnL=+1.54% (net +1.44%) | cum=-247.96% 2026-03=+5.22% 2026-03-26=+1.44%
[predict] 2026-03-26 16:00 ETHUSDT → SHORT (proba=0.69 TP=8.5%/SL=4.2%)
[trade:open] 2026-03-26 23:59 ETHUSDT SHORT @ 2059.17 | SL=2146.39 TP=1884.74 | timeout=2026-04-02 23:59
[trade:close] 2026-03-27 23:59 BTCUSDT SHORT → take_profit @ 65666.21 | PnL=+6.82% (net +6.72%) | cum=-241.24% 2026-03=+11.94% 2026-03-27=+6.72%
[predict] 2026-03-29 00:00 BTCUSDT → SHORT (proba=0.66 TP=5.8%/SL=2.9%)
[trade:open] 2026-03-29 07:59 BTCUSDT SHORT @ 66632.50 | SL=68571.34 TP=62754.83 | timeout=2026-04-05 07:59
[trade:close] 2026-03-31 23:59 BTCUSDT SHORT → stop_loss @ 68571.34 | PnL=-2.91% (net -3.01%) | cum=-244.25% 2026-03=+8.93% 2026-03-31=-3.01%
[lgbm] === Training for 2026-04 ===
  Train window: 2024-04-01 → 2026-03-24
  4336 training samples from 2 symbols
  Samples per month: 2024-04: 180, 2024-05: 186, 2024-06: 180, 2024-07: 186, 2024-08: 186, 2024-09: 180, 2024-10: 186, 2024-11: 180, 2024-12: 186, 2025-01: 186, 2025-02: 168, 2025-03: 186, 2025-04: 180, 2025-05: 186, 2025-06: 180, 2025-07: 186, 2025-08: 186, 2025-09: 180, 2025-10: 186, 2025-11: 180, 2025-12: 186, 2026-01: 186, 2026-02: 168, 2026-03: 142
  [label] 2024-06-01 16:00 ETHUSDT entry=3817.4900 → SHORT | long=sl(-3.23%) short=tp(+6.15%) | scanned=18 | short_tp_only
  [label] 2024-06-04 00:00 ETHUSDT entry=3777.0000 → SHORT | long=sl(-2.88%) short=sl(-2.88%) | scanned=11 | no_tp→fwd_return=-2.5729
  [label] 2024-06-07 16:00 ETHUSDT entry=3679.8200 → SHORT | long=sl(-3.40%) short=tp(+6.51%) | scanned=11 | short_tp_only
  [label] 2024-07-02 08:00 ETHUSDT entry=3414.6800 → SHORT | long=sl(-2.55%) short=tp(+4.81%) | scanned=5 | short_tp_only
  [label] 2024-08-24 00:00 ETHUSDT entry=2757.2300 → SHORT | long=sl(-3.77%) short=tp(+7.24%) | scanned=11 | short_tp_only
  [label] 2025-02-06 16:00 ETHUSDT entry=2685.2500 → SHORT | long=timeout(-0.50%) short=timeout(+0.30%) | scanned=22 | no_tp→fwd_return=-0.3996
  [label] 2025-02-10 16:00 ETHUSDT entry=2659.9900 → LONG | long=timeout(+3.02%) short=sl(-5.84%) | scanned=22 | no_tp→fwd_return=+3.1207
  [label] 2025-02-20 08:00 BTCUSDT entry=96870.5000 → SHORT | long=sl(-2.10%) short=sl(-2.10%) | scanned=4 | no_tp→fwd_return=-0.7666
  [label] 2025-04-06 08:00 ETHUSDT entry=1758.8000 → SHORT | long=sl(-4.65%) short=tp(+8.99%) | scanned=1 | short_tp_only
  [label] 2025-04-15 16:00 BTCUSDT entry=83608.7000 → LONG | long=tp(+6.90%) short=sl(-3.60%) | scanned=20 | long_tp_only
  [label] 2025-07-16 00:00 ETHUSDT entry=3160.5500 → LONG | long=tp(+7.46%) short=sl(-3.88%) | scanned=2 | long_tp_only
  [label] 2025-08-16 08:00 ETHUSDT entry=4398.0000 → LONG | long=sl(-4.84%) short=sl(-4.84%) | scanned=18 | no_tp→fwd_return=+4.9097
  [label] 2025-08-31 16:00 ETHUSDT entry=4389.5800 → SHORT | long=sl(-4.23%) short=timeout(+1.85%) | scanned=22 | no_tp→fwd_return=-1.9533
  [label] 2025-09-13 16:00 ETHUSDT entry=4664.7400 → SHORT | long=sl(-3.22%) short=timeout(+3.90%) | scanned=22 | no_tp→fwd_return=-3.9974
  [label] 2025-10-02 00:00 ETHUSDT entry=4373.6500 → LONG | long=tp(+6.36%) short=sl(-3.33%) | scanned=13 | long_tp_only
  [label] 2025-10-09 16:00 ETHUSDT entry=4365.8300 → SHORT | long=sl(-3.87%) short=tp(+7.44%) | scanned=3 | short_tp_only
  [label] 2025-10-20 08:00 ETHUSDT entry=4002.7300 → LONG | long=sl(-4.79%) short=sl(-4.79%) | scanned=20 | no_tp→fwd_return=+4.9284
  [label] 2025-11-28 16:00 BTCUSDT entry=90847.8000 → SHORT | long=sl(-3.27%) short=tp(+6.24%) | scanned=8 | short_tp_only
  [label] 2025-12-10 08:00 BTCUSDT entry=92021.8000 → SHORT | long=sl(-3.09%) short=tp(+5.89%) | scanned=16 | short_tp_only
  [label] 2026-03-05 16:00 BTCUSDT entry=70854.8000 → SHORT | long=sl(-4.29%) short=timeout(+0.43%) | scanned=22 | no_tp→fwd_return=-0.5288
  [sample_weight_mode=composite_inv_concurrency] cell=(A, 2026-04) weight_mean=1.0000 weight_std=0.5005 kish=0.7997
  Labels: 2142 long (49.4%), 2194 short (50.6%) | weights: min=0.98, mean=1.00, max=20.48
  Features: 4336/4336 matched, 43 columns
  CV gap: 44 rows
  [ensemble 1/5] seed=42
  [frozen_hp] Trained with baseline HP: n_est=149 depth=4 ct=0.776
  [ensemble 2/5] seed=123
  [frozen_hp] Trained with baseline HP: n_est=384 depth=5 ct=0.745
  [ensemble 3/5] seed=456
  [frozen_hp] Trained with baseline HP: n_est=347 depth=4 ct=0.823
  [ensemble 4/5] seed=789
  [frozen_hp] Trained with baseline HP: n_est=122 depth=4 ct=0.565
  [ensemble 5/5] seed=1001
  [frozen_hp] Trained with baseline HP: n_est=138 depth=4 ct=0.607
  OOD: 16 features, cutoff (q=0.7) = 8.43
  Model trained for 2026-04: 180 test candles with features, confidence_threshold=0.703
[trade:close] 2026-04-01 07:59 ETHUSDT SHORT → stop_loss @ 2146.39 | PnL=-4.24% (net -4.34%) | cum=-248.59% 2026-04=-4.34% 2026-04-01=-4.34%
[predict] 2026-04-01 16:00 BTCUSDT → LONG (proba=0.73 TP=6.2%/SL=3.1%)
[trade:open] 2026-04-01 23:59 BTCUSDT LONG @ 68086.50 | SL=65976.39 TP=72306.73 | timeout=2026-04-08 23:59
[trade:close] 2026-04-02 15:59 BTCUSDT LONG → stop_loss @ 65976.39 | PnL=-3.10% (net -3.20%) | cum=-251.79% 2026-04=-7.53% 2026-04-02=-3.20%
[predict] 2026-04-09 16:00 ETHUSDT → SHORT (proba=0.72 TP=8.1%/SL=4.1%)
[trade:open] 2026-04-09 23:59 ETHUSDT SHORT @ 2188.92 | SL=2277.63 TP=2011.50 | timeout=2026-04-16 23:59
[trade:close] 2026-04-11 23:59 ETHUSDT SHORT → stop_loss @ 2277.63 | PnL=-4.05% (net -4.15%) | cum=-255.94% 2026-04=-11.69% 2026-04-11=-4.15%
[predict] 2026-04-24 16:00 ETHUSDT → SHORT (proba=0.74 TP=6.0%/SL=3.0%)
[trade:open] 2026-04-24 23:59 ETHUSDT SHORT @ 2313.88 | SL=2383.38 TP=2174.88 | timeout=2026-05-01 23:59
[trade:close] 2026-04-27 07:59 ETHUSDT SHORT → stop_loss @ 2383.38 | PnL=-3.00% (net -3.10%) | cum=-259.04% 2026-04=-14.79% 2026-04-27=-3.10%
[lgbm] === Training for 2026-05 ===
  Train window: 2024-05-01 → 2026-04-23
  4336 training samples from 2 symbols
  Samples per month: 2024-05: 186, 2024-06: 180, 2024-07: 186, 2024-08: 186, 2024-09: 180, 2024-10: 186, 2024-11: 180, 2024-12: 186, 2025-01: 186, 2025-02: 168, 2025-03: 186, 2025-04: 180, 2025-05: 186, 2025-06: 180, 2025-07: 186, 2025-08: 186, 2025-09: 180, 2025-10: 186, 2025-11: 180, 2025-12: 186, 2026-01: 186, 2026-02: 168, 2026-03: 186, 2026-04: 136
  [label] 2024-07-01 16:00 ETHUSDT entry=3440.4600 → SHORT | long=sl(-2.62%) short=tp(+4.94%) | scanned=6 | short_tp_only
  [label] 2024-07-04 00:00 ETHUSDT entry=3181.1700 → SHORT | long=sl(-3.35%) short=tp(+6.40%) | scanned=3 | short_tp_only
  [label] 2024-07-07 16:00 ETHUSDT entry=2930.2400 → LONG | long=tp(+8.72%) short=sl(-4.51%) | scanned=11 | long_tp_only
  [label] 2024-08-01 08:00 ETHUSDT entry=3115.6700 → SHORT | long=sl(-4.17%) short=tp(+8.04%) | scanned=7 | short_tp_only
  [label] 2024-09-23 00:00 ETHUSDT entry=2645.2800 → SHORT | long=timeout(-0.42%) short=timeout(+0.22%) | scanned=22 | no_tp→fwd_return=-0.3244
  [label] 2025-03-08 16:00 ETHUSDT entry=2202.8400 → SHORT | long=sl(-7.04%) short=tp(+13.78%) | scanned=6 | short_tp_only
  [label] 2025-03-12 16:00 ETHUSDT entry=1907.2400 → LONG | long=timeout(+7.66%) short=sl(-8.40%) | scanned=22 | no_tp→fwd_return=+7.7583
  [label] 2025-03-22 08:00 BTCUSDT entry=84073.5000 → LONG | long=tp(+5.19%) short=sl(-2.75%) | scanned=6 | long_tp_only
  [label] 2025-05-06 08:00 ETHUSDT entry=1769.3100 → LONG | long=tp(+6.48%) short=sl(-3.39%) | scanned=5 | long_tp_only
  [label] 2025-05-15 16:00 BTCUSDT entry=103714.5000 → LONG | long=tp(+4.53%) short=sl(-2.41%) | scanned=17 | long_tp_only
  [label] 2025-08-15 00:00 ETHUSDT entry=4639.4600 → SHORT | long=sl(-4.70%) short=tp(+9.11%) | scanned=12 | short_tp_only
  [label] 2025-09-15 08:00 ETHUSDT entry=4497.4600 → SHORT | long=sl(-3.21%) short=sl(-3.21%) | scanned=20 | no_tp→fwd_return=-6.8041
  [label] 2025-09-30 16:00 ETHUSDT entry=4142.7500 → LONG | long=tp(+6.50%) short=sl(-3.40%) | scanned=4 | long_tp_only
  [label] 2025-10-13 16:00 ETHUSDT entry=4239.7000 → SHORT | long=sl(-6.06%) short=tp(+11.82%) | scanned=11 | short_tp_only
  [label] 2025-11-01 00:00 ETHUSDT entry=3859.2800 → SHORT | long=sl(-4.11%) short=tp(+7.92%) | scanned=9 | short_tp_only
  [label] 2025-11-08 16:00 ETHUSDT entry=3400.0700 → SHORT | long=sl(-5.56%) short=sl(-5.56%) | scanned=15 | no_tp→fwd_return=-4.9984
  [label] 2025-11-19 08:00 ETHUSDT entry=2971.5800 → SHORT | long=sl(-6.26%) short=timeout(+1.41%) | scanned=22 | no_tp→fwd_return=-1.5127
  [label] 2025-12-28 16:00 BTCUSDT entry=87920.5000 → LONG | long=tp(+3.48%) short=sl(-1.89%) | scanned=19 | long_tp_only
  [label] 2026-01-09 08:00 BTCUSDT entry=91137.7000 → LONG | long=tp(+4.59%) short=sl(-2.45%) | scanned=13 | long_tp_only
  [label] 2026-04-04 16:00 BTCUSDT entry=67271.0000 → LONG | long=tp(+4.53%) short=sl(-2.42%) | scanned=9 | long_tp_only
  [sample_weight_mode=composite_inv_concurrency] cell=(A, 2026-05) weight_mean=1.0000 weight_std=0.5005 kish=0.7997
  Labels: 2200 long (50.7%), 2136 short (49.3%) | weights: min=0.98, mean=1.00, max=20.48
  Features: 4336/4336 matched, 43 columns
  CV gap: 44 rows
  [ensemble 1/5] seed=42
  [frozen_hp] Trained with baseline HP: n_est=272 depth=3 ct=0.500
  [ensemble 2/5] seed=123
  [frozen_hp] Trained with baseline HP: n_est=410 depth=3 ct=0.539
  [ensemble 3/5] seed=456
  [frozen_hp] Trained with baseline HP: n_est=170 depth=4 ct=0.674
  [ensemble 4/5] seed=789
  [frozen_hp] Trained with baseline HP: n_est=248 depth=4 ct=0.657
  [ensemble 5/5] seed=1001
  [frozen_hp] Trained with baseline HP: n_est=167 depth=4 ct=0.553
  OOD: 16 features, cutoff (q=0.7) = 8.43
  Model trained for 2026-05: 158 test candles with features, confidence_threshold=0.585
[predict] 2026-05-01 00:00 BTCUSDT → SHORT (proba=0.61 TP=4.3%/SL=2.2%)
[trade:open] 2026-05-01 07:59 BTCUSDT SHORT @ 77100.00 | SL=78770.87 TP=73758.26 | timeout=2026-05-08 07:59
[predict] 2026-05-01 00:00 ETHUSDT → SHORT (proba=0.60 TP=5.7%/SL=2.8%)
[trade:open] 2026-05-01 07:59 ETHUSDT SHORT @ 2278.54 | SL=2343.23 TP=2149.15 | timeout=2026-05-08 07:59
[trade:close] 2026-05-01 15:59 BTCUSDT SHORT → stop_loss @ 78770.87 | PnL=-2.17% (net -2.27%) | cum=-261.31% 2026-05=-2.27% 2026-05-01=-2.27%
[predict] 2026-05-03 00:00 BTCUSDT → SHORT (proba=0.60 TP=3.8%/SL=1.9%)
[trade:open] 2026-05-03 07:59 BTCUSDT SHORT @ 78316.60 | SL=79789.86 TP=75370.08 | timeout=2026-05-10 07:59
[trade:close] 2026-05-03 23:59 ETHUSDT SHORT → stop_loss @ 2343.23 | PnL=-2.84% (net -2.94%) | cum=-264.25% 2026-05=-5.21% 2026-05-03=-2.94%
[trade:close] 2026-05-04 07:59 BTCUSDT SHORT → stop_loss @ 79789.86 | PnL=-1.88% (net -1.98%) | cum=-266.23% 2026-05=-7.19% 2026-05-04=-1.98%
[predict] 2026-05-05 00:00 ETHUSDT → SHORT (proba=0.60 TP=5.4%/SL=2.7%)
[trade:open] 2026-05-05 07:59 ETHUSDT SHORT @ 2379.17 | SL=2443.76 TP=2249.98 | timeout=2026-05-12 07:59
[predict] 2026-05-06 16:00 BTCUSDT → LONG (proba=0.64 TP=4.4%/SL=2.2%)
[trade:open] 2026-05-06 23:59 BTCUSDT LONG @ 81390.10 | SL=79612.76 TP=84944.78 | timeout=2026-05-13 23:59
[trade:close] 2026-05-07 15:59 BTCUSDT LONG → stop_loss @ 79612.76 | PnL=-2.18% (net -2.28%) | cum=-268.51% 2026-05=-9.47% 2026-05-07=-2.28%
[predict] 2026-05-08 08:00 BTCUSDT → LONG (proba=0.70 TP=4.3%/SL=2.2%)
[trade:open] 2026-05-08 15:59 BTCUSDT LONG @ 80119.10 | SL=78392.16 TP=83572.98 | timeout=2026-05-15 15:59
[trade:close] 2026-05-12 08:00 ETHUSDT SHORT → timeout @ 2294.01 | PnL=+3.58% (net +3.48%) | cum=-265.03% 2026-05=-5.99% 2026-05-12=+3.48%
[predict] 2026-05-14 08:00 ETHUSDT → SHORT (proba=0.59 TP=5.4%/SL=2.7%)
[trade:open] 2026-05-14 15:59 ETHUSDT SHORT @ 2297.36 | SL=2359.71 TP=2172.65 | timeout=2026-05-21 15:59
[trade:close] 2026-05-15 16:00 BTCUSDT LONG → timeout @ 79118.10 | PnL=-1.25% (net -1.35%) | cum=-266.38% 2026-05=-7.34% 2026-05-15=-1.35%
[trade:close] 2026-05-16 15:59 ETHUSDT SHORT → take_profit @ 2172.65 | PnL=+5.43% (net +5.33%) | cum=-261.05% 2026-05=-2.01% 2026-05-16=+5.33%
[predict] 2026-05-17 08:00 BTCUSDT → SHORT (proba=0.78 TP=3.9%/SL=2.0%)
[trade:open] 2026-05-17 15:59 BTCUSDT SHORT @ 78006.90 | SL=79546.59 TP=74927.51 | timeout=2026-05-24 15:59
[predict] 2026-05-19 08:00 ETHUSDT → LONG (proba=0.59 TP=6.3%/SL=3.1%)
[trade:open] 2026-05-19 15:59 ETHUSDT LONG @ 2109.37 | SL=2043.40 TP=2241.31 | timeout=2026-05-26 15:59
[trade:close] 2026-05-23 07:59 BTCUSDT SHORT → take_profit @ 74927.51 | PnL=+3.95% (net +3.85%) | cum=-257.21% 2026-05=+1.83% 2026-05-23=+3.85%
[trade:close] 2026-05-23 07:59 ETHUSDT LONG → stop_loss @ 2043.40 | PnL=-3.13% (net -3.23%) | cum=-260.43% 2026-05=-1.39% 2026-05-23=+0.62%
[predict] 2026-05-24 08:00 ETHUSDT → LONG (proba=0.63 TP=6.3%/SL=3.2%)
[trade:open] 2026-05-24 15:59 ETHUSDT LONG @ 2095.10 | SL=2028.71 TP=2227.88 | timeout=2026-05-31 15:59
[predict] 2026-05-26 08:00 BTCUSDT → SHORT (proba=0.60 TP=4.3%/SL=2.1%)
[trade:open] 2026-05-26 15:59 BTCUSDT SHORT @ 76478.20 | SL=78108.05 TP=73218.50 | timeout=2026-06-02 15:59
[trade:close] 2026-05-27 07:59 ETHUSDT LONG → end_of_data @ 2082.66 | PnL=-0.59% (net -0.69%) | cum=-261.13% 2026-05=-2.09% 2026-05-27=-0.69%
[trade:close] 2026-05-27 07:59 BTCUSDT SHORT → end_of_data @ 75935.00 | PnL=+0.71% (net +0.61%) | cum=-260.52% 2026-05=-1.48% 2026-05-27=-0.08%

A (BTC/ETH) complete: 261 trades in 109s
============================================================
MODEL C (LINK + R1): LINKUSDT (R1=True R2=False R3=on, n_trials=35, ENSEMBLE_SIZE=5, features=43, bounds=v1_pruned_axis016, sigma_source=natr)
============================================================
[lgbm] 43 feature columns, 53 walk-forward splits
[lgbm] ATR labeling: 6946/6966 rows with ATR values
[lgbm] No split for 2020-01 (insufficient training data)
[lgbm] No split for 2020-02 (insufficient training data)
[lgbm] No split for 2020-03 (insufficient training data)
[lgbm] No split for 2020-04 (insufficient training data)
[lgbm] No split for 2020-05 (insufficient training data)
[lgbm] No split for 2020-06 (insufficient training data)
[lgbm] No split for 2020-07 (insufficient training data)
[lgbm] No split for 2020-08 (insufficient training data)
[lgbm] No split for 2020-09 (insufficient training data)
[lgbm] No split for 2020-10 (insufficient training data)
[lgbm] No split for 2020-11 (insufficient training data)
[lgbm] No split for 2020-12 (insufficient training data)
[lgbm] No split for 2021-01 (insufficient training data)
[lgbm] No split for 2021-02 (insufficient training data)
[lgbm] No split for 2021-03 (insufficient training data)
[lgbm] No split for 2021-04 (insufficient training data)
[lgbm] No split for 2021-05 (insufficient training data)
[lgbm] No split for 2021-06 (insufficient training data)
[lgbm] No split for 2021-07 (insufficient training data)
[lgbm] No split for 2021-08 (insufficient training data)
[lgbm] No split for 2021-09 (insufficient training data)
[lgbm] No split for 2021-10 (insufficient training data)
[lgbm] No split for 2021-11 (insufficient training data)
[lgbm] No split for 2021-12 (insufficient training data)
[lgbm] === Training for 2022-01 ===
  Train window: 2020-01-01 → 2021-12-24
  2122 training samples from 1 symbols
  Samples per month: 2020-01: 44, 2020-02: 87, 2020-03: 93, 2020-04: 90, 2020-05: 93, 2020-06: 90, 2020-07: 93, 2020-08: 93, 2020-09: 90, 2020-10: 93, 2020-11: 90, 2020-12: 93, 2021-01: 93, 2021-02: 84, 2021-03: 93, 2021-04: 90, 2021-05: 93, 2021-06: 90, 2021-07: 93, 2021-08: 93, 2021-09: 90, 2021-10: 93, 2021-11: 90, 2021-12: 71
  [label] 2020-03-17 16:00 LINKUSDT entry=1.8610 → LONG | long=timeout(+24.08%) short=sl(-35.01%) | scanned=22 | no_tp→fwd_return=+24.1805
  [label] 2020-03-19 16:00 LINKUSDT entry=2.2410 → LONG | long=timeout(+3.11%) short=timeout(-3.31%) | scanned=22 | no_tp→fwd_return=+3.2129
  [label] 2020-03-23 08:00 LINKUSDT entry=2.1220 → LONG | long=timeout(+0.51%) short=timeout(-0.71%) | scanned=22 | no_tp→fwd_return=+0.6126
  [label] 2020-04-16 16:00 LINKUSDT entry=3.4860 → LONG | long=timeout(+7.79%) short=sl(-10.32%) | scanned=22 | no_tp→fwd_return=+7.8887
  [label] 2020-06-07 00:00 LINKUSDT entry=4.3730 → SHORT | long=sl(-4.81%) short=tp(+9.31%) | scanned=14 | short_tp_only
  [label] 2020-11-16 08:00 LINKUSDT entry=12.7170 → LONG | long=tp(+14.49%) short=sl(-7.39%) | scanned=15 | long_tp_only
  [label] 2020-11-20 08:00 LINKUSDT entry=14.2480 → SHORT | long=sl(-8.44%) short=sl(-8.44%) | scanned=17 | no_tp→fwd_return=-12.2614
  [label] 2020-11-30 16:00 LINKUSDT entry=14.2840 → SHORT | long=sl(-9.77%) short=timeout(+8.32%) | scanned=22 | no_tp→fwd_return=-8.4150
  [label] 2021-01-13 16:00 LINKUSDT entry=15.9520 → LONG | long=tp(+31.86%) short=sl(-16.08%) | scanned=5 | long_tp_only
  [label] 2021-01-22 00:00 LINKUSDT entry=19.3990 → LONG | long=timeout(+16.62%) short=sl(-17.13%) | scanned=22 | no_tp→fwd_return=+16.7174
  [label] 2021-04-20 08:00 LINKUSDT entry=36.6300 → LONG | long=sl(-17.45%) short=timeout(-0.48%) | scanned=22 | no_tp→fwd_return=+0.3822
  [label] 2021-05-21 16:00 LINKUSDT entry=25.5520 → LONG | long=sl(-35.49%) short=sl(-35.49%) | scanned=17 | no_tp→fwd_return=+32.2323
  [label] 2021-06-06 08:00 LINKUSDT entry=27.5740 → SHORT | long=sl(-13.39%) short=tp(+26.48%) | scanned=17 | short_tp_only
  [label] 2021-06-19 00:00 LINKUSDT entry=21.4000 → SHORT | long=sl(-11.34%) short=tp(+22.37%) | scanned=10 | short_tp_only
  [label] 2021-07-07 00:00 LINKUSDT entry=20.8650 → SHORT | long=sl(-8.81%) short=tp(+17.33%) | scanned=17 | short_tp_only
  [label] 2021-07-13 00:00 LINKUSDT entry=17.6860 → SHORT | long=sl(-7.73%) short=tp(+15.15%) | scanned=19 | short_tp_only
  [label] 2021-07-25 00:00 LINKUSDT entry=16.8780 → LONG | long=tp(+15.63%) short=sl(-7.97%) | scanned=4 | long_tp_only
  [label] 2021-09-02 00:00 LINKUSDT entry=29.0870 → LONG | long=tp(+15.19%) short=sl(-7.75%) | scanned=11 | long_tp_only
  [label] 2021-09-11 08:00 LINKUSDT entry=27.2760 → LONG | long=timeout(+5.21%) short=sl(-13.92%) | scanned=22 | no_tp→fwd_return=+5.3124
  [label] 2021-12-04 16:00 LINKUSDT entry=20.6370 → SHORT | long=sl(-15.71%) short=timeout(+3.15%) | scanned=22 | no_tp→fwd_return=-3.2466
  [sample_weight_mode=composite_inv_concurrency] cell=(C, 2022-01) weight_mean=1.0000 weight_std=0.5057 kish=0.7964
  Labels: 1263 long (59.5%), 859 short (40.5%) | weights: min=0.97, mean=1.00, max=20.46
  Features: 2122/2122 matched, 43 columns
  CV gap: 22 rows
  [frozen_hp] Loaded 1025 rows from data/v1_baseline_frozen_hp.parquet
  [ensemble 1/5] seed=42
  [frozen_hp] Trained with baseline HP: n_est=291 depth=4 ct=0.716
  [ensemble 2/5] seed=123
  [frozen_hp] Trained with baseline HP: n_est=383 depth=4 ct=0.795
  [ensemble 3/5] seed=456
  [frozen_hp] Trained with baseline HP: n_est=472 depth=3 ct=0.578
  [ensemble 4/5] seed=789
  [frozen_hp] Trained with baseline HP: n_est=418 depth=4 ct=0.628
  [ensemble 5/5] seed=1001
  [frozen_hp] Trained with baseline HP: n_est=365 depth=4 ct=0.732
  OOD: 16 features, cutoff (q=0.7) = 14.51
  Model trained for 2022-01: 93 test candles with features, confidence_threshold=0.690
[predict] 2022-01-01 00:00 LINKUSDT → SHORT (proba=0.73 TP=17.6%/SL=8.8%)
[trade:open] 2022-01-01 07:59 LINKUSDT SHORT @ 19.80 | SL=21.55 TP=16.31 | timeout=2022-01-08 07:59
[trade:close] 2022-01-02 23:59 LINKUSDT SHORT → stop_loss @ 21.55 | PnL=-8.82% (net -8.92%) | cum=-8.92% 2022-01=-8.92% 2022-01-02=-8.92%
[predict] 2022-01-03 16:00 LINKUSDT → LONG (proba=0.72 TP=14.9%/SL=7.5%)
[trade:open] 2022-01-03 23:59 LINKUSDT LONG @ 23.70 | SL=21.93 TP=27.23 | timeout=2022-01-10 23:59
[trade:close] 2022-01-05 23:59 LINKUSDT LONG → take_profit @ 27.23 | PnL=+14.92% (net +14.82%) | cum=+5.90% 2022-01=+5.90% 2022-01-05=+14.82%
[predict] 2022-01-08 00:00 LINKUSDT → LONG (proba=0.81 TP=25.0%/SL=12.5%)
[trade:open] 2022-01-08 07:59 LINKUSDT LONG @ 26.64 | SL=23.32 TP=33.30 | timeout=2022-01-15 07:59
[trade:close] 2022-01-15 08:00 LINKUSDT LONG → timeout @ 25.61 | PnL=-3.87% (net -3.97%) | cum=+1.93% 2022-01=+1.93% 2022-01-15=-3.97%
[predict] 2022-01-16 00:00 LINKUSDT → LONG (proba=0.76 TP=17.3%/SL=8.7%)
[trade:open] 2022-01-16 07:59 LINKUSDT LONG @ 25.45 | SL=23.24 TP=29.86 | timeout=2022-01-23 07:59
[trade:close] 2022-01-18 15:59 LINKUSDT LONG → stop_loss @ 23.24 | PnL=-8.67% (net -8.77%) | cum=-6.84% 2022-01=-6.84% 2022-01-18=-8.77%
[predict] 2022-01-24 16:00 LINKUSDT → LONG (proba=0.94 TP=35.8%/SL=17.9%)
[trade:open] 2022-01-24 23:59 LINKUSDT LONG @ 15.57 | SL=12.78 TP=21.15 | timeout=2022-01-31 23:59
[trade:close] 2022-02-01 00:00 LINKUSDT LONG → timeout @ 17.14 | PnL=+10.13% (net +10.03%) | cum=+3.19% 2022-02=+10.03% 2022-02-01=+10.03%
[lgbm] === Training for 2022-02 ===
  Train window: 2020-02-01 → 2022-01-24
  2171 training samples from 1 symbols
  Samples per month: 2020-02: 87, 2020-03: 93, 2020-04: 90, 2020-05: 93, 2020-06: 90, 2020-07: 93, 2020-08: 93, 2020-09: 90, 2020-10: 93, 2020-11: 90, 2020-12: 93, 2021-01: 93, 2021-02: 84, 2021-03: 93, 2021-04: 90, 2021-05: 93, 2021-06: 90, 2021-07: 93, 2021-08: 93, 2021-09: 90, 2021-10: 93, 2021-11: 90, 2021-12: 93, 2022-01: 71
  [label] 2020-04-02 16:00 LINKUSDT entry=2.2940 → LONG | long=tp(+16.61%) short=sl(-8.45%) | scanned=13 | long_tp_only
  [label] 2020-04-05 00:00 LINKUSDT entry=2.2880 → LONG | long=tp(+13.67%) short=sl(-6.99%) | scanned=6 | long_tp_only
  [label] 2020-04-08 16:00 LINKUSDT entry=3.1710 → SHORT | long=timeout(-1.74%) short=sl(-8.55%) | scanned=22 | no_tp→fwd_return=-1.6399
  [label] 2020-05-03 08:00 LINKUSDT entry=3.6730 → LONG | long=tp(+13.27%) short=sl(-6.78%) | scanned=18 | long_tp_only
  [label] 2020-06-25 00:00 LINKUSDT entry=4.6310 → LONG | long=sl(-6.44%) short=timeout(-3.14%) | scanned=22 | no_tp→fwd_return=+3.0447
  [label] 2020-12-08 00:00 LINKUSDT entry=13.0870 → SHORT | long=sl(-6.60%) short=timeout(+3.29%) | scanned=22 | no_tp→fwd_return=-3.3850
  [label] 2020-12-12 00:00 LINKUSDT entry=12.2230 → LONG | long=tp(+14.77%) short=sl(-7.54%) | scanned=16 | long_tp_only
  [label] 2020-12-22 16:00 LINKUSDT entry=12.7880 → SHORT | long=sl(-8.81%) short=tp(+17.32%) | scanned=3 | short_tp_only
  [label] 2021-02-05 16:00 LINKUSDT entry=26.3520 → LONG | long=sl(-10.40%) short=sl(-10.40%) | scanned=21 | no_tp→fwd_return=+16.5490
  [label] 2021-02-14 08:00 LINKUSDT entry=32.8330 → LONG | long=sl(-11.74%) short=sl(-11.74%) | scanned=18 | no_tp→fwd_return=+6.5544
  [label] 2021-05-15 16:00 LINKUSDT entry=41.5300 → SHORT | long=sl(-14.02%) short=tp(+27.75%) | scanned=11 | short_tp_only
  [label] 2021-06-16 16:00 LINKUSDT entry=23.0350 → SHORT | long=sl(-11.32%) short=tp(+22.34%) | scanned=14 | short_tp_only
  [label] 2021-07-03 00:00 LINKUSDT entry=18.5260 → SHORT | long=timeout(-1.83%) short=sl(-10.20%) | scanned=22 | no_tp→fwd_return=-1.7273
  [label] 2021-07-15 16:00 LINKUSDT entry=15.7600 → LONG | long=sl(-8.85%) short=timeout(-2.03%) | scanned=22 | no_tp→fwd_return=+1.9289
  [label] 2021-08-03 00:00 LINKUSDT entry=22.9070 → LONG | long=timeout(+6.10%) short=timeout(-6.30%) | scanned=22 | no_tp→fwd_return=+6.1990
  [label] 2021-08-09 08:00 LINKUSDT entry=24.6210 → LONG | long=tp(+17.31%) short=sl(-8.81%) | scanned=20 | long_tp_only
  [label] 2021-08-21 16:00 LINKUSDT entry=27.8670 → SHORT | long=sl(-9.56%) short=timeout(+7.44%) | scanned=22 | no_tp→fwd_return=-7.5430
  [label] 2021-09-30 08:00 LINKUSDT entry=23.6900 → LONG | long=timeout(+14.53%) short=sl(-10.04%) | scanned=22 | no_tp→fwd_return=+14.6306
  [label] 2021-10-10 00:00 LINKUSDT entry=27.2290 → SHORT | long=sl(-7.30%) short=timeout(-0.07%) | scanned=22 | no_tp→fwd_return=-0.0331
  [label] 2022-01-04 08:00 LINKUSDT entry=23.7260 → LONG | long=tp(+14.70%) short=sl(-7.50%) | scanned=4 | long_tp_only
  [sample_weight_mode=composite_inv_concurrency] cell=(C, 2022-02) weight_mean=1.0000 weight_std=0.5002 kish=0.7999
  Labels: 1274 long (58.7%), 897 short (41.3%) | weights: min=0.98, mean=1.00, max=20.48
  Features: 2171/2171 matched, 43 columns
  CV gap: 22 rows
  [ensemble 1/5] seed=42
  [frozen_hp] Trained with baseline HP: n_est=307 depth=4 ct=0.676
  [ensemble 2/5] seed=123
  [frozen_hp] Trained with baseline HP: n_est=223 depth=4 ct=0.725
  [ensemble 3/5] seed=456
  [frozen_hp] Trained with baseline HP: n_est=420 depth=5 ct=0.570
  [ensemble 4/5] seed=789
  [frozen_hp] Trained with baseline HP: n_est=397 depth=4 ct=0.821
  [ensemble 5/5] seed=1001
  [frozen_hp] Trained with baseline HP: n_est=239 depth=4 ct=0.724
  OOD: 16 features, cutoff (q=0.7) = 14.50
  Model trained for 2022-02: 84 test candles with features, confidence_threshold=0.703
[predict] 2022-02-04 08:00 LINKUSDT → LONG (proba=0.71 TP=18.1%/SL=9.0%)
[trade:open] 2022-02-04 15:59 LINKUSDT LONG @ 16.71 | SL=15.20 TP=19.73 | timeout=2022-02-11 15:59
[trade:close] 2022-02-11 16:00 LINKUSDT LONG → timeout @ 17.69 | PnL=+5.82% (net +5.72%) | cum=+8.92% 2022-02=+15.75% 2022-02-11=+5.72%
[predict] 2022-02-12 16:00 LINKUSDT → SHORT (proba=0.74 TP=18.5%/SL=9.3%)
[trade:open] 2022-02-12 23:59 LINKUSDT SHORT @ 15.95 | SL=17.43 TP=12.99 | timeout=2022-02-19 23:59
[trade:close] 2022-02-15 23:59 LINKUSDT SHORT → stop_loss @ 17.43 | PnL=-9.27% (net -9.37%) | cum=-0.45% 2022-02=+6.38% 2022-02-15=-9.37%
[predict] 2022-02-18 16:00 LINKUSDT → LONG (proba=0.75 TP=17.1%/SL=8.6%)
[trade:open] 2022-02-18 23:59 LINKUSDT LONG @ 15.17 | SL=13.88 TP=17.77 | timeout=2022-02-25 23:59
[trade:close] 2022-02-21 23:59 LINKUSDT LONG → stop_loss @ 13.88 | PnL=-8.55% (net -8.65%) | cum=-9.11% 2022-02=-2.27% 2022-02-21=-8.65%
[predict] 2022-02-23 00:00 LINKUSDT → SHORT (proba=0.75 TP=18.9%/SL=9.4%)
[trade:open] 2022-02-23 07:59 LINKUSDT SHORT @ 14.17 | SL=15.51 TP=11.50 | timeout=2022-03-02 07:59
[trade:close] 2022-02-24 07:59 LINKUSDT SHORT → take_profit @ 11.50 | PnL=+18.88% (net +18.78%) | cum=+9.67% 2022-02=+16.51% 2022-02-24=+18.78%
[predict] 2022-02-26 16:00 LINKUSDT → LONG (proba=0.73 TP=21.6%/SL=10.8%)
[trade:open] 2022-02-26 23:59 LINKUSDT LONG @ 14.71 | SL=13.12 TP=17.88 | timeout=2022-03-05 23:59
[lgbm] === Training for 2022-03 ===
  Train window: 2020-03-01 → 2022-02-21
  2168 training samples from 1 symbols
  Samples per month: 2020-03: 93, 2020-04: 90, 2020-05: 93, 2020-06: 90, 2020-07: 93, 2020-08: 93, 2020-09: 90, 2020-10: 93, 2020-11: 90, 2020-12: 93, 2021-01: 93, 2021-02: 84, 2021-03: 93, 2021-04: 90, 2021-05: 93, 2021-06: 90, 2021-07: 93, 2021-08: 93, 2021-09: 90, 2021-10: 93, 2021-11: 90, 2021-12: 93, 2022-01: 93, 2022-02: 62
  [label] 2020-05-01 16:00 LINKUSDT entry=3.7640 → LONG | long=timeout(+0.88%) short=timeout(-1.08%) | scanned=22 | no_tp→fwd_return=+0.9830
  [label] 2020-05-03 16:00 LINKUSDT entry=3.7160 → LONG | long=tp(+12.88%) short=sl(-6.59%) | scanned=17 | long_tp_only
  [label] 2020-05-07 16:00 LINKUSDT entry=3.7640 → LONG | long=sl(-6.50%) short=sl(-6.50%) | scanned=7 | no_tp→fwd_return=+0.9564
  [label] 2020-06-01 08:00 LINKUSDT entry=4.3800 → SHORT | long=sl(-5.93%) short=timeout(+0.13%) | scanned=22 | no_tp→fwd_return=-0.2283
  [label] 2020-07-23 16:00 LINKUSDT entry=7.8870 → SHORT | long=sl(-9.07%) short=tp(+17.84%) | scanned=11 | short_tp_only
  [label] 2021-01-05 16:00 LINKUSDT entry=14.5310 → LONG | long=tp(+26.21%) short=sl(-13.26%) | scanned=13 | long_tp_only
  [label] 2021-01-09 16:00 LINKUSDT entry=17.5890 → SHORT | long=sl(-13.53%) short=tp(+26.76%) | scanned=6 | short_tp_only
  [label] 2021-01-20 08:00 LINKUSDT entry=19.6610 → LONG | long=tp(+30.77%) short=sl(-15.54%) | scanned=14 | long_tp_only
  [label] 2021-03-06 08:00 LINKUSDT entry=26.8750 → LONG | long=timeout(+12.04%) short=sl(-12.92%) | scanned=22 | no_tp→fwd_return=+12.1414
  [label] 2021-03-14 16:00 LINKUSDT entry=28.5700 → LONG | long=timeout(+2.28%) short=sl(-8.90%) | scanned=22 | no_tp→fwd_return=+2.3801
  [label] 2021-06-13 00:00 LINKUSDT entry=20.7410 → LONG | long=tp(+27.33%) short=sl(-13.81%) | scanned=6 | long_tp_only
  [label] 2021-07-15 00:00 LINKUSDT entry=16.4080 → SHORT | long=sl(-8.79%) short=tp(+17.27%) | scanned=15 | short_tp_only
  [label] 2021-07-31 00:00 LINKUSDT entry=22.0150 → LONG | long=timeout(+9.77%) short=sl(-9.03%) | scanned=22 | no_tp→fwd_return=+9.8660
  [label] 2021-08-12 16:00 LINKUSDT entry=24.9480 → LONG | long=tp(+18.82%) short=sl(-9.56%) | scanned=10 | long_tp_only
  [label] 2021-08-31 08:00 LINKUSDT entry=27.2500 → LONG | long=tp(+15.30%) short=sl(-7.80%) | scanned=9 | long_tp_only
  [label] 2021-09-06 16:00 LINKUSDT entry=34.8420 → SHORT | long=sl(-8.09%) short=tp(+15.88%) | scanned=2 | short_tp_only
  [label] 2021-09-19 00:00 LINKUSDT entry=28.6410 → SHORT | long=sl(-9.64%) short=tp(+18.98%) | scanned=4 | short_tp_only
  [label] 2021-10-28 08:00 LINKUSDT entry=30.1540 → LONG | long=timeout(+0.81%) short=timeout(-1.01%) | scanned=22 | no_tp→fwd_return=+0.9054
  [label] 2021-11-07 08:00 LINKUSDT entry=32.1900 → LONG | long=tp(+13.12%) short=sl(-6.71%) | scanned=9 | long_tp_only
  [label] 2022-02-01 08:00 LINKUSDT entry=17.1650 → LONG | long=sl(-10.57%) short=sl(-10.57%) | scanned=18 | no_tp→fwd_return=+10.8710
  [sample_weight_mode=composite_inv_concurrency] cell=(C, 2022-03) weight_mean=1.0000 weight_std=0.5005 kish=0.7997
  Labels: 1247 long (57.5%), 921 short (42.5%) | weights: min=0.98, mean=1.00, max=20.48
  Features: 2168/2168 matched, 43 columns
  CV gap: 22 rows
  [ensemble 1/5] seed=42
  [frozen_hp] Trained with baseline HP: n_est=102 depth=5 ct=0.526
  [ensemble 2/5] seed=123
  [frozen_hp] Trained with baseline HP: n_est=148 depth=3 ct=0.845
  [ensemble 3/5] seed=456
  [frozen_hp] Trained with baseline HP: n_est=450 depth=5 ct=0.550
  [ensemble 4/5] seed=789
  [frozen_hp] Trained with baseline HP: n_est=367 depth=4 ct=0.745
  [ensemble 5/5] seed=1001
  [frozen_hp] Trained with baseline HP: n_est=263 depth=5 ct=0.582
  OOD: 16 features, cutoff (q=0.7) = 13.89
  Model trained for 2022-03: 93 test candles with features, confidence_threshold=0.650
[trade:close] 2022-03-06 00:00 LINKUSDT LONG → timeout @ 14.01 | PnL=-4.71% (net -4.81%) | cum=+4.86% 2022-03=-4.81% 2022-03-06=-4.81%
[predict] 2022-03-06 16:00 LINKUSDT → SHORT (proba=0.87 TP=16.3%/SL=8.1%)
[trade:open] 2022-03-06 23:59 LINKUSDT SHORT @ 13.31 | SL=14.40 TP=11.15 | timeout=2022-03-13 23:59
[trade:close] 2022-03-09 23:59 LINKUSDT SHORT → stop_loss @ 14.40 | PnL=-8.14% (net -8.24%) | cum=-3.38% 2022-03=-13.05% 2022-03-09=-8.24%
[predict] 2022-03-10 16:00 LINKUSDT → SHORT (proba=0.95 TP=17.6%/SL=8.8%)
[trade:open] 2022-03-10 23:59 LINKUSDT SHORT @ 13.17 | SL=14.33 TP=10.85 | timeout=2022-03-17 23:59
[trade:close] 2022-03-16 23:59 LINKUSDT SHORT → stop_loss @ 14.33 | PnL=-8.80% (net -8.90%) | cum=-12.28% 2022-03=-21.95% 2022-03-16=-8.90%
[predict] 2022-03-18 08:00 LINKUSDT → SHORT (proba=0.83 TP=13.0%/SL=6.5%)
[trade:open] 2022-03-18 15:59 LINKUSDT SHORT @ 15.07 | SL=16.05 TP=13.11 | timeout=2022-03-25 15:59
[trade:close] 2022-03-24 15:59 LINKUSDT SHORT → stop_loss @ 16.05 | PnL=-6.51% (net -6.61%) | cum=-18.89% 2022-03=-28.56% 2022-03-24=-6.61%
[lgbm] === Training for 2022-04 ===
  Train window: 2020-04-01 → 2022-03-24
  2168 training samples from 1 symbols
  Samples per month: 2020-04: 90, 2020-05: 93, 2020-06: 90, 2020-07: 93, 2020-08: 93, 2020-09: 90, 2020-10: 93, 2020-11: 90, 2020-12: 93, 2021-01: 93, 2021-02: 84, 2021-03: 93, 2021-04: 90, 2021-05: 93, 2021-06: 90, 2021-07: 93, 2021-08: 93, 2021-09: 90, 2021-10: 93, 2021-11: 90, 2021-12: 93, 2022-01: 93, 2022-02: 84, 2022-03: 71
  [label] 2020-06-01 16:00 LINKUSDT entry=4.3930 → LONG | long=sl(-5.88%) short=timeout(-2.03%) | scanned=22 | no_tp→fwd_return=+1.9349
  [label] 2020-06-03 16:00 LINKUSDT entry=4.4940 → SHORT | long=timeout(-1.64%) short=timeout(+1.44%) | scanned=22 | no_tp→fwd_return=-1.5354
  [label] 2020-06-07 16:00 LINKUSDT entry=4.3530 → SHORT | long=sl(-4.97%) short=tp(+9.65%) | scanned=12 | short_tp_only
  [label] 2020-07-02 08:00 LINKUSDT entry=4.7330 → LONG | long=tp(+9.95%) short=sl(-5.13%) | scanned=13 | long_tp_only
  [label] 2020-08-23 16:00 LINKUSDT entry=15.1720 → LONG | long=timeout(+8.64%) short=sl(-14.75%) | scanned=22 | no_tp→fwd_return=+8.7398
  [label] 2021-02-05 16:00 LINKUSDT entry=26.3520 → LONG | long=sl(-10.40%) short=sl(-10.40%) | scanned=21 | no_tp→fwd_return=+16.5490
  [label] 2021-02-09 16:00 LINKUSDT entry=27.6670 → LONG | long=sl(-10.25%) short=sl(-10.25%) | scanned=9 | no_tp→fwd_return=+11.0095
  [label] 2021-02-20 08:00 LINKUSDT entry=34.9850 → SHORT | long=sl(-10.31%) short=tp(+20.32%) | scanned=6 | short_tp_only
  [label] 2021-04-06 08:00 LINKUSDT entry=32.8460 → LONG | long=timeout(+4.71%) short=timeout(-4.91%) | scanned=22 | no_tp→fwd_return=+4.8134
  [label] 2021-04-14 16:00 LINKUSDT entry=41.4340 → SHORT | long=sl(-9.00%) short=tp(+17.69%) | scanned=10 | short_tp_only
  [label] 2021-07-14 00:00 LINKUSDT entry=16.2920 → SHORT | long=sl(-8.49%) short=tp(+16.68%) | scanned=18 | short_tp_only
  [label] 2021-08-15 00:00 LINKUSDT entry=26.3980 → LONG | long=timeout(+7.67%) short=sl(-8.92%) | scanned=22 | no_tp→fwd_return=+7.7657
  [label] 2021-08-31 00:00 LINKUSDT entry=26.0590 → LONG | long=tp(+15.32%) short=sl(-7.81%) | scanned=7 | long_tp_only
  [label] 2021-09-12 16:00 LINKUSDT entry=29.4460 → SHORT | long=sl(-12.07%) short=timeout(+6.89%) | scanned=22 | no_tp→fwd_return=-6.9857
  [label] 2021-10-01 08:00 LINKUSDT entry=26.0650 → LONG | long=timeout(+3.56%) short=timeout(-3.76%) | scanned=22 | no_tp→fwd_return=+3.6639
  [label] 2021-10-07 16:00 LINKUSDT entry=26.8650 → SHORT | long=sl(-8.42%) short=timeout(+0.33%) | scanned=22 | no_tp→fwd_return=-0.4281
  [label] 2021-10-20 00:00 LINKUSDT entry=26.0570 → LONG | long=tp(+12.50%) short=sl(-6.40%) | scanned=4 | long_tp_only
  [label] 2021-11-28 08:00 LINKUSDT entry=23.6090 → SHORT | long=sl(-8.90%) short=sl(-8.90%) | scanned=17 | no_tp→fwd_return=-19.3358
  [label] 2021-12-08 08:00 LINKUSDT entry=22.8410 → SHORT | long=sl(-11.85%) short=tp(+23.40%) | scanned=16 | short_tp_only
  [label] 2022-03-04 08:00 LINKUSDT entry=14.1280 → SHORT | long=sl(-9.05%) short=timeout(+6.48%) | scanned=22 | no_tp→fwd_return=-6.5827
  [sample_weight_mode=composite_inv_concurrency] cell=(C, 2022-04) weight_mean=1.0000 weight_std=0.5005 kish=0.7997
  Labels: 1263 long (58.3%), 905 short (41.7%) | weights: min=0.98, mean=1.00, max=20.48
  Features: 2168/2168 matched, 43 columns
  CV gap: 22 rows
  [ensemble 1/5] seed=42
  [frozen_hp] Trained with baseline HP: n_est=256 depth=3 ct=0.714
  [ensemble 2/5] seed=123
  [frozen_hp] Trained with baseline HP: n_est=436 depth=4 ct=0.555
  [ensemble 3/5] seed=456
  [frozen_hp] Trained with baseline HP: n_est=241 depth=4 ct=0.575
  [ensemble 4/5] seed=789
  [frozen_hp] Trained with baseline HP: n_est=454 depth=3 ct=0.784
  [ensemble 5/5] seed=1001
  [frozen_hp] Trained with baseline HP: n_est=459 depth=5 ct=0.646
  OOD: 16 features, cutoff (q=0.7) = 14.05
  Model trained for 2022-04: 90 test candles with features, confidence_threshold=0.655
[predict] 2022-04-02 16:00 LINKUSDT → LONG (proba=0.91 TP=12.4%/SL=6.2%)
[trade:open] 2022-04-02 23:59 LINKUSDT LONG @ 17.41 | SL=16.33 TP=19.57 | timeout=2022-04-09 23:59
[trade:close] 2022-04-06 07:59 LINKUSDT LONG → stop_loss @ 16.33 | PnL=-6.21% (net -6.31%) | cum=-25.20% 2022-04=-6.31% 2022-04-06=-6.31%
[predict] 2022-04-07 00:00 LINKUSDT → LONG (proba=0.73 TP=14.6%/SL=7.3%)
[trade:open] 2022-04-07 07:59 LINKUSDT LONG @ 15.61 | SL=14.47 TP=17.88 | timeout=2022-04-14 07:59
[trade:close] 2022-04-11 15:59 LINKUSDT LONG → stop_loss @ 14.47 | PnL=-7.28% (net -7.38%) | cum=-32.58% 2022-04=-13.69% 2022-04-11=-7.38%
[predict] 2022-04-13 00:00 LINKUSDT → LONG (proba=0.84 TP=12.8%/SL=6.4%)
[trade:open] 2022-04-13 07:59 LINKUSDT LONG @ 14.02 | SL=13.12 TP=15.82 | timeout=2022-04-20 07:59
[trade:close] 2022-04-20 08:00 LINKUSDT LONG → timeout @ 14.29 | PnL=+1.90% (net +1.80%) | cum=-30.79% 2022-04=-11.89% 2022-04-20=+1.80%
[predict] 2022-04-21 00:00 LINKUSDT → LONG (proba=0.92 TP=12.0%/SL=6.0%)
[trade:open] 2022-04-21 07:59 LINKUSDT LONG @ 14.06 | SL=13.22 TP=15.76 | timeout=2022-04-28 07:59
[trade:close] 2022-04-23 23:59 LINKUSDT LONG → stop_loss @ 13.22 | PnL=-6.01% (net -6.11%) | cum=-36.90% 2022-04=-18.01% 2022-04-23=-6.11%
[predict] 2022-04-24 16:00 LINKUSDT → LONG (proba=0.96 TP=10.8%/SL=5.4%)
[trade:open] 2022-04-24 23:59 LINKUSDT LONG @ 13.26 | SL=12.54 TP=14.69 | timeout=2022-05-01 23:59
[trade:close] 2022-04-25 07:59 LINKUSDT LONG → stop_loss @ 12.54 | PnL=-5.41% (net -5.51%) | cum=-42.41% 2022-04=-23.52% 2022-04-25=-5.51%
[predict] 2022-04-26 00:00 LINKUSDT → LONG (proba=0.82 TP=11.8%/SL=5.9%)
[trade:open] 2022-04-26 07:59 LINKUSDT LONG @ 13.35 | SL=12.56 TP=14.92 | timeout=2022-05-03 07:59
[trade:close] 2022-04-26 23:59 LINKUSDT LONG → stop_loss @ 12.56 | PnL=-5.89% (net -5.99%) | cum=-48.40% 2022-04=-29.50% 2022-04-26=-5.99%
[lgbm] === Training for 2022-05 ===
  Train window: 2020-05-01 → 2022-04-23
  2168 training samples from 1 symbols
  Samples per month: 2020-05: 93, 2020-06: 90, 2020-07: 93, 2020-08: 93, 2020-09: 90, 2020-10: 93, 2020-11: 90, 2020-12: 93, 2021-01: 93, 2021-02: 84, 2021-03: 93, 2021-04: 90, 2021-05: 93, 2021-06: 90, 2021-07: 93, 2021-08: 93, 2021-09: 90, 2021-10: 93, 2021-11: 90, 2021-12: 93, 2022-01: 93, 2022-02: 84, 2022-03: 93, 2022-04: 68
  [label] 2020-07-01 16:00 LINKUSDT entry=4.7050 → LONG | long=tp(+9.37%) short=sl(-4.84%) | scanned=15 | long_tp_only
  [label] 2020-07-03 16:00 LINKUSDT entry=4.7310 → LONG | long=tp(+10.21%) short=sl(-5.25%) | scanned=9 | long_tp_only
  [label] 2020-07-07 16:00 LINKUSDT entry=5.7340 → LONG | long=tp(+12.94%) short=sl(-6.62%) | scanned=1 | long_tp_only
  [label] 2020-08-01 08:00 LINKUSDT entry=7.7670 → LONG | long=sl(-7.67%) short=sl(-7.67%) | scanned=2 | no_tp→fwd_return=+6.7980
  [label] 2020-09-22 16:00 LINKUSDT entry=8.7330 → LONG | long=sl(-11.52%) short=sl(-11.52%) | scanned=6 | no_tp→fwd_return=+12.9623
  [label] 2021-03-07 16:00 LINKUSDT entry=28.6030 → SHORT | long=timeout(-0.22%) short=sl(-10.89%) | scanned=22 | no_tp→fwd_return=-0.1154
  [label] 2021-03-11 16:00 LINKUSDT entry=30.1750 → SHORT | long=sl(-9.10%) short=timeout(+2.32%) | scanned=22 | no_tp→fwd_return=-2.4225
  [label] 2021-03-22 08:00 LINKUSDT entry=29.1600 → SHORT | long=sl(-6.89%) short=tp(+13.47%) | scanned=7 | short_tp_only
  [label] 2021-05-06 08:00 LINKUSDT entry=47.7920 → SHORT | long=sl(-11.81%) short=timeout(+9.23%) | scanned=22 | no_tp→fwd_return=-9.3279
  [label] 2021-05-14 16:00 LINKUSDT entry=46.6190 → SHORT | long=sl(-13.26%) short=tp(+26.21%) | scanned=14 | short_tp_only
  [label] 2021-08-13 00:00 LINKUSDT entry=26.3060 → LONG | long=timeout(+2.47%) short=sl(-9.26%) | scanned=22 | no_tp→fwd_return=+2.5736
  [label] 2021-09-14 00:00 LINKUSDT entry=27.0480 → SHORT | long=sl(-13.12%) short=sl(-13.12%) | scanned=19 | no_tp→fwd_return=-9.4868
  [label] 2021-09-30 00:00 LINKUSDT entry=23.9250 → LONG | long=timeout(+13.18%) short=sl(-10.42%) | scanned=22 | no_tp→fwd_return=+13.2790
  [label] 2021-10-12 16:00 LINKUSDT entry=24.6610 → LONG | long=tp(+16.15%) short=sl(-8.23%) | scanned=11 | long_tp_only
  [label] 2021-10-31 08:00 LINKUSDT entry=29.2950 → LONG | long=timeout(+9.78%) short=sl(-8.41%) | scanned=22 | no_tp→fwd_return=+9.8822
  [label] 2021-11-06 16:00 LINKUSDT entry=32.0440 → LONG | long=tp(+14.20%) short=sl(-7.25%) | scanned=11 | long_tp_only
  [label] 2021-11-19 00:00 LINKUSDT entry=26.9550 → SHORT | long=timeout(-4.79%) short=timeout(+4.59%) | scanned=22 | no_tp→fwd_return=-4.6893
  [label] 2021-12-28 08:00 LINKUSDT entry=22.0640 → LONG | long=sl(-8.89%) short=sl(-8.89%) | scanned=21 | no_tp→fwd_return=+7.5326
  [label] 2022-01-07 08:00 LINKUSDT entry=25.1530 → SHORT | long=timeout(-1.57%) short=sl(-12.90%) | scanned=22 | no_tp→fwd_return=-1.4750
  [label] 2022-04-03 08:00 LINKUSDT entry=17.8940 → SHORT | long=sl(-6.05%) short=tp(+11.80%) | scanned=9 | short_tp_only
  [sample_weight_mode=composite_inv_concurrency] cell=(C, 2022-05) weight_mean=1.0000 weight_std=0.5005 kish=0.7997
  Labels: 1209 long (55.8%), 959 short (44.2%) | weights: min=0.98, mean=1.00, max=20.48
  Features: 2168/2168 matched, 43 columns
  CV gap: 22 rows
  [ensemble 1/5] seed=42
  [frozen_hp] Trained with baseline HP: n_est=337 depth=3 ct=0.538
  [ensemble 2/5] seed=123
  [frozen_hp] Trained with baseline HP: n_est=300 depth=3 ct=0.582
  [ensemble 3/5] seed=456
  [frozen_hp] Trained with baseline HP: n_est=377 depth=5 ct=0.534
  [ensemble 4/5] seed=789
  [frozen_hp] Trained with baseline HP: n_est=269 depth=5 ct=0.829
  [ensemble 5/5] seed=1001
  [frozen_hp] Trained with baseline HP: n_est=286 depth=4 ct=0.532
  OOD: 16 features, cutoff (q=0.7) = 14.09
  Model trained for 2022-05: 93 test candles with features, confidence_threshold=0.603
[predict] 2022-05-06 00:00 LINKUSDT → SHORT (proba=0.89 TP=17.6%/SL=8.8%)
[trade:open] 2022-05-06 07:59 LINKUSDT SHORT @ 10.82 | SL=11.77 TP=8.91 | timeout=2022-05-13 07:59
[trade:close] 2022-05-09 23:59 LINKUSDT SHORT → take_profit @ 8.91 | PnL=+17.62% (net +17.52%) | cum=-30.88% 2022-05=+17.52% 2022-05-09=+17.52%
[predict] 2022-05-16 00:00 LINKUSDT → LONG (proba=0.65 TP=34.2%/SL=17.1%)
[trade:open] 2022-05-16 07:59 LINKUSDT LONG @ 7.29 | SL=6.04 TP=9.78 | timeout=2022-05-23 07:59
[trade:close] 2022-05-23 08:00 LINKUSDT LONG → timeout @ 7.51 | PnL=+3.09% (net +2.99%) | cum=-27.89% 2022-05=+20.50% 2022-05-23=+2.99%
[predict] 2022-05-24 00:00 LINKUSDT → LONG (proba=0.81 TP=18.1%/SL=9.0%)
[trade:open] 2022-05-24 07:59 LINKUSDT LONG @ 7.11 | SL=6.47 TP=8.40 | timeout=2022-05-31 07:59
[trade:close] 2022-05-26 15:59 LINKUSDT LONG → stop_loss @ 6.47 | PnL=-9.05% (net -9.15%) | cum=-37.04% 2022-05=+11.36% 2022-05-26=-9.15%
[predict] 2022-05-27 08:00 LINKUSDT → LONG (proba=0.79 TP=20.1%/SL=10.0%)
[trade:open] 2022-05-27 15:59 LINKUSDT LONG @ 6.48 | SL=5.83 TP=7.78 | timeout=2022-06-03 15:59
[lgbm] === Training for 2022-06 ===
  Train window: 2020-06-01 → 2022-05-24
  2168 training samples from 1 symbols
  Samples per month: 2020-06: 90, 2020-07: 93, 2020-08: 93, 2020-09: 90, 2020-10: 93, 2020-11: 90, 2020-12: 93, 2021-01: 93, 2021-02: 84, 2021-03: 93, 2021-04: 90, 2021-05: 93, 2021-06: 90, 2021-07: 93, 2021-08: 93, 2021-09: 90, 2021-10: 93, 2021-11: 90, 2021-12: 93, 2022-01: 93, 2022-02: 84, 2022-03: 93, 2022-04: 90, 2022-05: 71
  [label] 2020-08-01 16:00 LINKUSDT entry=8.3200 → SHORT | long=sl(-8.05%) short=tp(+15.81%) | scanned=1 | short_tp_only
  [label] 2020-08-03 16:00 LINKUSDT entry=9.2340 → LONG | long=tp(+21.17%) short=sl(-10.74%) | scanned=15 | long_tp_only
  [label] 2020-08-07 16:00 LINKUSDT entry=10.1160 → LONG | long=tp(+19.14%) short=sl(-9.72%) | scanned=3 | long_tp_only
  [label] 2020-09-01 08:00 LINKUSDT entry=15.7110 → SHORT | long=sl(-10.81%) short=tp(+21.33%) | scanned=7 | short_tp_only
  [label] 2020-10-23 16:00 LINKUSDT entry=12.1560 → SHORT | long=sl(-7.57%) short=timeout(+8.66%) | scanned=22 | no_tp→fwd_return=-8.7611
  [label] 2021-04-07 16:00 LINKUSDT entry=31.1490 → LONG | long=tp(+20.81%) short=sl(-10.55%) | scanned=19 | long_tp_only
  [label] 2021-04-11 16:00 LINKUSDT entry=33.9640 → LONG | long=tp(+15.09%) short=sl(-7.69%) | scanned=9 | long_tp_only
  [label] 2021-04-22 08:00 LINKUSDT entry=40.5750 → SHORT | long=sl(-14.81%) short=timeout(+9.49%) | scanned=22 | no_tp→fwd_return=-9.5896
  [label] 2021-06-06 08:00 LINKUSDT entry=27.5740 → SHORT | long=sl(-13.39%) short=tp(+26.48%) | scanned=17 | short_tp_only
  [label] 2021-06-14 16:00 LINKUSDT entry=24.9540 → SHORT | long=sl(-11.49%) short=tp(+22.67%) | scanned=17 | short_tp_only
  [label] 2021-09-13 00:00 LINKUSDT entry=26.6470 → SHORT | long=timeout(-6.04%) short=sl(-14.38%) | scanned=22 | no_tp→fwd_return=-5.9406
  [label] 2021-10-15 00:00 LINKUSDT entry=26.9560 → LONG | long=timeout(+8.46%) short=sl(-7.80%) | scanned=22 | no_tp→fwd_return=+8.5584
  [label] 2021-10-31 00:00 LINKUSDT entry=29.9860 → LONG | long=timeout(+7.02%) short=sl(-8.24%) | scanned=22 | no_tp→fwd_return=+7.1167
  [label] 2021-11-12 16:00 LINKUSDT entry=34.2720 → SHORT | long=sl(-10.00%) short=tp(+19.71%) | scanned=17 | short_tp_only
  [label] 2021-12-01 08:00 LINKUSDT entry=26.5060 → SHORT | long=sl(-8.13%) short=tp(+15.96%) | scanned=7 | short_tp_only
  [label] 2021-12-07 16:00 LINKUSDT entry=21.0800 → SHORT | long=sl(-12.30%) short=timeout(+12.51%) | scanned=22 | no_tp→fwd_return=-12.6139
  [label] 2021-12-20 00:00 LINKUSDT entry=18.5450 → LONG | long=tp(+19.53%) short=sl(-9.91%) | scanned=11 | long_tp_only
  [label] 2022-01-28 08:00 LINKUSDT entry=15.5390 → LONG | long=timeout(+7.46%) short=sl(-14.04%) | scanned=22 | no_tp→fwd_return=+7.5616
  [label] 2022-02-07 08:00 LINKUSDT entry=19.0310 → SHORT | long=sl(-7.72%) short=tp(+15.14%) | scanned=13 | short_tp_only
  [label] 2022-05-04 08:00 LINKUSDT entry=11.2180 → SHORT | long=sl(-7.10%) short=sl(-7.10%) | scanned=6 | no_tp→fwd_return=-4.6265
  [sample_weight_mode=composite_inv_concurrency] cell=(C, 2022-06) weight_mean=1.0000 weight_std=0.5005 kish=0.7997
  Labels: 1145 long (52.8%), 1023 short (47.2%) | weights: min=0.98, mean=1.00, max=20.48
  Features: 2168/2168 matched, 43 columns
  CV gap: 22 rows
  [ensemble 1/5] seed=42
  [frozen_hp] Trained with baseline HP: n_est=427 depth=4 ct=0.503
  [ensemble 2/5] seed=123
  [frozen_hp] Trained with baseline HP: n_est=348 depth=5 ct=0.615
  [ensemble 3/5] seed=456
  [frozen_hp] Trained with baseline HP: n_est=110 depth=3 ct=0.682
  [ensemble 4/5] seed=789
  [frozen_hp] Trained with baseline HP: n_est=427 depth=4 ct=0.849
  [ensemble 5/5] seed=1001
  [frozen_hp] Trained with baseline HP: n_est=388 depth=3 ct=0.817
  OOD: 16 features, cutoff (q=0.7) = 14.19
  Model trained for 2022-06: 90 test candles with features, confidence_threshold=0.693
[trade:close] 2022-06-03 16:00 LINKUSDT LONG → timeout @ 6.83 | PnL=+5.39% (net +5.29%) | cum=-31.75% 2022-06=+5.29% 2022-06-03=+5.29%
[predict] 2022-06-04 08:00 LINKUSDT → SHORT (proba=0.84 TP=15.3%/SL=7.7%)
[trade:open] 2022-06-04 15:59 LINKUSDT SHORT @ 6.98 | SL=7.51 TP=5.91 | timeout=2022-06-11 15:59
[trade:close] 2022-06-05 15:59 LINKUSDT SHORT → stop_loss @ 7.51 | PnL=-7.65% (net -7.75%) | cum=-39.50% 2022-06=-2.46% 2022-06-05=-7.75%
[predict] 2022-06-07 08:00 LINKUSDT → LONG (proba=0.79 TP=17.1%/SL=8.5%)
[trade:open] 2022-06-07 15:59 LINKUSDT LONG @ 7.77 | SL=7.11 TP=9.09 | timeout=2022-06-14 15:59
[trade:close] 2022-06-09 15:59 LINKUSDT LONG → take_profit @ 9.09 | PnL=+17.05% (net +16.95%) | cum=-22.55% 2022-06=+14.49% 2022-06-09=+16.95%
[predict] 2022-06-10 08:00 LINKUSDT → SHORT (proba=0.80 TP=21.7%/SL=10.8%)
[trade:open] 2022-06-10 15:59 LINKUSDT SHORT @ 8.61 | SL=9.54 TP=6.74 | timeout=2022-06-17 15:59
[trade:close] 2022-06-12 07:59 LINKUSDT SHORT → take_profit @ 6.74 | PnL=+21.69% (net +21.59%) | cum=-0.96% 2022-06=+36.08% 2022-06-12=+21.59%
[predict] 2022-06-17 00:00 LINKUSDT → SHORT (proba=0.78 TP=36.8%/SL=18.4%)
[trade:open] 2022-06-17 07:59 LINKUSDT SHORT @ 6.58 | SL=7.79 TP=4.16 | timeout=2022-06-24 07:59
[trade:close] 2022-06-24 08:00 LINKUSDT SHORT → timeout @ 7.07 | PnL=-7.45% (net -7.55%) | cum=-8.50% 2022-06=+28.53% 2022-06-24=-7.55%
[predict] 2022-06-25 00:00 LINKUSDT → SHORT (proba=0.79 TP=21.5%/SL=10.7%)
[trade:open] 2022-06-25 07:59 LINKUSDT SHORT @ 7.34 | SL=8.12 TP=5.76 | timeout=2022-07-02 07:59
[lgbm] === Training for 2022-07 ===
  Train window: 2020-07-01 → 2022-06-23
  2168 training samples from 1 symbols
  Samples per month: 2020-07: 93, 2020-08: 93, 2020-09: 90, 2020-10: 93, 2020-11: 90, 2020-12: 93, 2021-01: 93, 2021-02: 84, 2021-03: 93, 2021-04: 90, 2021-05: 93, 2021-06: 90, 2021-07: 93, 2021-08: 93, 2021-09: 90, 2021-10: 93, 2021-11: 90, 2021-12: 93, 2022-01: 93, 2022-02: 84, 2022-03: 93, 2022-04: 90, 2022-05: 93, 2022-06: 68
  [label] 2020-08-31 16:00 LINKUSDT entry=15.5860 → SHORT | long=sl(-10.52%) short=tp(+20.73%) | scanned=9 | short_tp_only
  [label] 2020-09-02 16:00 LINKUSDT entry=14.7990 → SHORT | long=sl(-12.12%) short=tp(+23.94%) | scanned=3 | short_tp_only
  [label] 2020-09-06 16:00 LINKUSDT entry=12.8000 → SHORT | long=timeout(-5.85%) short=timeout(+5.65%) | scanned=22 | no_tp→fwd_return=-5.7500
  [label] 2020-10-01 08:00 LINKUSDT entry=9.8890 → SHORT | long=sl(-10.33%) short=timeout(+6.46%) | scanned=22 | no_tp→fwd_return=-6.5628
  [label] 2020-11-22 16:00 LINKUSDT entry=14.5280 → SHORT | long=sl(-10.04%) short=sl(-10.04%) | scanned=10 | no_tp→fwd_return=-13.9524
  [label] 2021-05-07 16:00 LINKUSDT entry=49.1750 → SHORT | long=sl(-12.27%) short=timeout(+5.10%) | scanned=22 | no_tp→fwd_return=-5.1978
  [label] 2021-05-11 16:00 LINKUSDT entry=48.8310 → SHORT | long=sl(-12.44%) short=tp(+24.57%) | scanned=16 | short_tp_only
  [label] 2021-05-22 08:00 LINKUSDT entry=24.8150 → LONG | long=sl(-34.19%) short=sl(-34.19%) | scanned=13 | no_tp→fwd_return=+37.0300
  [label] 2021-07-06 08:00 LINKUSDT entry=19.7320 → SHORT | long=sl(-8.90%) short=timeout(+12.01%) | scanned=22 | no_tp→fwd_return=-12.1123
  [label] 2021-07-14 16:00 LINKUSDT entry=16.9350 → SHORT | long=sl(-8.40%) short=tp(+16.50%) | scanned=16 | short_tp_only
  [label] 2021-10-13 00:00 LINKUSDT entry=24.2120 → LONG | long=tp(+16.23%) short=sl(-8.26%) | scanned=10 | long_tp_only
  [label] 2021-11-14 00:00 LINKUSDT entry=33.6850 → SHORT | long=sl(-8.50%) short=tp(+16.70%) | scanned=7 | short_tp_only
  [label] 2021-11-30 00:00 LINKUSDT entry=24.5430 → SHORT | long=sl(-8.36%) short=sl(-8.36%) | scanned=11 | no_tp→fwd_return=-5.0564
  [label] 2021-12-12 16:00 LINKUSDT entry=20.4020 → SHORT | long=sl(-10.53%) short=timeout(+7.44%) | scanned=22 | no_tp→fwd_return=-7.5385
  [label] 2021-12-31 08:00 LINKUSDT entry=20.3920 → LONG | long=tp(+16.80%) short=sl(-8.55%) | scanned=11 | long_tp_only
  [label] 2022-01-06 16:00 LINKUSDT entry=25.3790 → SHORT | long=timeout(-2.18%) short=sl(-11.62%) | scanned=22 | no_tp→fwd_return=-2.0765
  [label] 2022-01-19 00:00 LINKUSDT entry=21.5110 → SHORT | long=sl(-9.99%) short=tp(+19.67%) | scanned=8 | short_tp_only
  [label] 2022-02-27 08:00 LINKUSDT entry=14.5660 → SHORT | long=timeout(-6.30%) short=timeout(+6.10%) | scanned=22 | no_tp→fwd_return=-6.1994
  [label] 2022-03-09 08:00 LINKUSDT entry=14.3060 → SHORT | long=sl(-8.49%) short=timeout(+1.06%) | scanned=22 | no_tp→fwd_return=-1.1604
  [label] 2022-06-03 08:00 LINKUSDT entry=6.8270 → LONG | long=tp(+16.88%) short=sl(-8.59%) | scanned=8 | long_tp_only
  [sample_weight_mode=composite_inv_concurrency] cell=(C, 2022-07) weight_mean=1.0000 weight_std=0.5005 kish=0.7997
  Labels: 1157 long (53.4%), 1011 short (46.6%) | weights: min=0.98, mean=1.00, max=20.48
  Features: 2168/2168 matched, 43 columns
  CV gap: 22 rows
  [ensemble 1/5] seed=42
  [frozen_hp] Trained with baseline HP: n_est=487 depth=4 ct=0.732
  [ensemble 2/5] seed=123
  [frozen_hp] Trained with baseline HP: n_est=461 depth=5 ct=0.508
  [ensemble 3/5] seed=456
  [frozen_hp] Trained with baseline HP: n_est=212 depth=3 ct=0.585
  [ensemble 4/5] seed=789
  [frozen_hp] Trained with baseline HP: n_est=364 depth=4 ct=0.537
  [ensemble 5/5] seed=1001
  [frozen_hp] Trained with baseline HP: n_est=245 depth=3 ct=0.558
  OOD: 16 features, cutoff (q=0.7) = 14.39
  Model trained for 2022-07: 93 test candles with features, confidence_threshold=0.584
[trade:close] 2022-07-02 08:00 LINKUSDT SHORT → timeout @ 6.10 | PnL=+16.79% (net +16.69%) | cum=+8.19% 2022-07=+16.69% 2022-07-02=+16.69%
[predict] 2022-07-03 00:00 LINKUSDT → LONG (proba=0.96 TP=18.1%/SL=9.1%)
[trade:open] 2022-07-03 07:59 LINKUSDT LONG @ 6.10 | SL=5.55 TP=7.21 | timeout=2022-07-10 07:59
[trade:close] 2022-07-10 08:00 LINKUSDT LONG → timeout @ 6.36 | PnL=+4.15% (net +4.05%) | cum=+12.24% 2022-07=+20.74% 2022-07-10=+4.05%
[predict] 2022-07-11 00:00 LINKUSDT → LONG (proba=0.93 TP=12.4%/SL=6.2%)
[trade:open] 2022-07-11 07:59 LINKUSDT LONG @ 6.27 | SL=5.88 TP=7.05 | timeout=2022-07-18 07:59
[trade:close] 2022-07-13 15:59 LINKUSDT LONG → stop_loss @ 5.88 | PnL=-6.21% (net -6.31%) | cum=+5.93% 2022-07=+14.43% 2022-07-13=-6.31%
[predict] 2022-07-14 08:00 LINKUSDT → LONG (proba=0.98 TP=14.6%/SL=7.3%)
[trade:open] 2022-07-14 15:59 LINKUSDT LONG @ 6.22 | SL=5.76 TP=7.12 | timeout=2022-07-21 15:59
[trade:close] 2022-07-18 15:59 LINKUSDT LONG → take_profit @ 7.12 | PnL=+14.58% (net +14.48%) | cum=+20.41% 2022-07=+28.91% 2022-07-18=+14.48%
[predict] 2022-07-19 08:00 LINKUSDT → LONG (proba=0.93 TP=15.6%/SL=7.8%)
[trade:open] 2022-07-19 15:59 LINKUSDT LONG @ 7.15 | SL=6.59 TP=8.26 | timeout=2022-07-26 15:59
[trade:close] 2022-07-25 23:59 LINKUSDT LONG → stop_loss @ 6.59 | PnL=-7.78% (net -7.88%) | cum=+12.52% 2022-07=+21.03% 2022-07-25=-7.88%
[predict] 2022-07-26 16:00 LINKUSDT → LONG (proba=0.94 TP=16.3%/SL=8.1%)
[trade:open] 2022-07-26 23:59 LINKUSDT LONG @ 6.34 | SL=5.82 TP=7.37 | timeout=2022-08-02 23:59
[trade:close] 2022-07-29 07:59 LINKUSDT LONG → take_profit @ 7.37 | PnL=+16.29% (net +16.19%) | cum=+28.71% 2022-07=+37.21% 2022-07-29=+16.19%
[predict] 2022-07-30 16:00 LINKUSDT → LONG (proba=0.60 TP=18.0%/SL=9.0%)
[trade:open] 2022-07-30 23:59 LINKUSDT LONG @ 7.82 | SL=7.11 TP=9.23 | timeout=2022-08-06 23:59
[lgbm] === Training for 2022-08 ===
  Train window: 2020-08-01 → 2022-07-24
  2168 training samples from 1 symbols
  Samples per month: 2020-08: 93, 2020-09: 90, 2020-10: 93, 2020-11: 90, 2020-12: 93, 2021-01: 93, 2021-02: 84, 2021-03: 93, 2021-04: 90, 2021-05: 93, 2021-06: 90, 2021-07: 93, 2021-08: 93, 2021-09: 90, 2021-10: 93, 2021-11: 90, 2021-12: 93, 2022-01: 93, 2022-02: 84, 2022-03: 93, 2022-04: 90, 2022-05: 93, 2022-06: 90, 2022-07: 71
  [label] 2020-10-01 16:00 LINKUSDT entry=9.6320 → SHORT | long=sl(-10.67%) short=timeout(+0.81%) | scanned=22 | no_tp→fwd_return=-0.9136
  [label] 2020-10-03 16:00 LINKUSDT entry=9.2600 → LONG | long=sl(-9.45%) short=sl(-9.45%) | scanned=17 | no_tp→fwd_return=+12.3866
  [label] 2020-10-07 16:00 LINKUSDT entry=8.9630 → LONG | long=tp(+16.33%) short=sl(-8.31%) | scanned=5 | long_tp_only
  [label] 2020-11-01 08:00 LINKUSDT entry=11.1780 → LONG | long=sl(-7.09%) short=sl(-7.09%) | scanned=16 | no_tp→fwd_return=+8.8835
  [label] 2020-12-23 16:00 LINKUSDT entry=10.9720 → LONG | long=timeout(+2.42%) short=sl(-15.35%) | scanned=22 | no_tp→fwd_return=+2.5155
  [label] 2021-06-07 16:00 LINKUSDT entry=24.5810 → LONG | long=sl(-14.40%) short=timeout(-1.62%) | scanned=22 | no_tp→fwd_return=+1.5174
  [label] 2021-06-11 16:00 LINKUSDT entry=21.4670 → SHORT | long=timeout(-1.19%) short=sl(-13.99%) | scanned=22 | no_tp→fwd_return=-1.0947
  [label] 2021-06-22 08:00 LINKUSDT entry=16.9960 → LONG | long=timeout(+19.28%) short=sl(-18.37%) | scanned=22 | no_tp→fwd_return=+19.3751
  [label] 2021-08-06 08:00 LINKUSDT entry=23.6270 → LONG | long=timeout(+10.90%) short=sl(-9.14%) | scanned=22 | no_tp→fwd_return=+11.0001
  [label] 2021-08-14 16:00 LINKUSDT entry=27.1700 → SHORT | long=sl(-8.63%) short=sl(-8.63%) | scanned=13 | no_tp→fwd_return=-7.1255
  [label] 2021-11-13 00:00 LINKUSDT entry=33.9500 → SHORT | long=sl(-9.70%) short=tp(+19.10%) | scanned=16 | short_tp_only
  [label] 2021-12-15 00:00 LINKUSDT entry=18.4810 → LONG | long=timeout(+8.22%) short=timeout(-8.42%) | scanned=22 | no_tp→fwd_return=+8.3166
  [label] 2021-12-31 00:00 LINKUSDT entry=19.9220 → LONG | long=tp(+17.56%) short=sl(-8.93%) | scanned=11 | long_tp_only
  [label] 2022-01-12 16:00 LINKUSDT entry=26.7510 → SHORT | long=sl(-11.21%) short=timeout(+19.38%) | scanned=22 | no_tp→fwd_return=-19.4759
  [label] 2022-01-31 08:00 LINKUSDT entry=17.4950 → LONG | long=sl(-11.27%) short=timeout(-8.88%) | scanned=22 | no_tp→fwd_return=+8.7797
  [label] 2022-02-06 16:00 LINKUSDT entry=18.0640 → SHORT | long=sl(-7.74%) short=sl(-7.74%) | scanned=15 | no_tp→fwd_return=-10.3798
  [label] 2022-02-19 00:00 LINKUSDT entry=15.4710 → SHORT | long=sl(-8.17%) short=tp(+16.03%) | scanned=15 | short_tp_only
  [label] 2022-03-30 08:00 LINKUSDT entry=17.2760 → LONG | long=sl(-6.13%) short=sl(-6.13%) | scanned=13 | no_tp→fwd_return=+4.6654
  [label] 2022-04-09 08:00 LINKUSDT entry=15.1850 → SHORT | long=sl(-6.63%) short=timeout(+8.56%) | scanned=22 | no_tp→fwd_return=-8.6599
  [label] 2022-07-04 08:00 LINKUSDT entry=6.2600 → LONG | long=timeout(+0.54%) short=sl(-8.18%) | scanned=22 | no_tp→fwd_return=+0.6390
  [sample_weight_mode=composite_inv_concurrency] cell=(C, 2022-08) weight_mean=1.0000 weight_std=0.5005 kish=0.7997
  Labels: 1148 long (53.0%), 1020 short (47.0%) | weights: min=0.98, mean=1.00, max=20.48
  Features: 2168/2168 matched, 43 columns
  CV gap: 22 rows
  [ensemble 1/5] seed=42
  [frozen_hp] Trained with baseline HP: n_est=295 depth=4 ct=0.740
  [ensemble 2/5] seed=123
  [frozen_hp] Trained with baseline HP: n_est=416 depth=4 ct=0.788
  [ensemble 3/5] seed=456
  [frozen_hp] Trained with baseline HP: n_est=302 depth=4 ct=0.741
  [ensemble 4/5] seed=789
  [frozen_hp] Trained with baseline HP: n_est=481 depth=4 ct=0.839
  [ensemble 5/5] seed=1001
  [frozen_hp] Trained with baseline HP: n_est=459 depth=5 ct=0.646
  OOD: 16 features, cutoff (q=0.7) = 14.28
  Model trained for 2022-08: 93 test candles with features, confidence_threshold=0.751
[trade:close] 2022-08-02 07:59 LINKUSDT LONG → stop_loss @ 7.11 | PnL=-9.02% (net -9.12%) | cum=+19.59% 2022-08=-9.12% 2022-08-02=-9.12%
[predict] 2022-08-03 00:00 LINKUSDT → LONG (proba=0.87 TP=18.1%/SL=9.0%)
[trade:open] 2022-08-03 07:59 LINKUSDT LONG @ 7.42 | SL=6.75 TP=8.76 | timeout=2022-08-10 07:59
[trade:close] 2022-08-08 23:59 LINKUSDT LONG → take_profit @ 8.76 | PnL=+18.09% (net +17.99%) | cum=+37.58% 2022-08=+8.87% 2022-08-08=+17.99%
[predict] 2022-08-10 00:00 LINKUSDT → LONG (proba=0.89 TP=14.9%/SL=7.4%)
[trade:open] 2022-08-10 07:59 LINKUSDT LONG @ 8.39 | SL=7.76 TP=9.63 | timeout=2022-08-17 07:59
[trade:close] 2022-08-17 08:00 LINKUSDT LONG → timeout @ 8.44 | PnL=+0.58% (net +0.48%) | cum=+38.07% 2022-08=+9.36% 2022-08-17=+0.48%
[predict] 2022-08-18 00:00 LINKUSDT → LONG (proba=0.89 TP=14.7%/SL=7.3%)
[trade:open] 2022-08-18 07:59 LINKUSDT LONG @ 8.19 | SL=7.59 TP=9.39 | timeout=2022-08-25 07:59
[trade:close] 2022-08-19 07:59 LINKUSDT LONG → stop_loss @ 7.59 | PnL=-7.34% (net -7.44%) | cum=+30.63% 2022-08=+1.92% 2022-08-19=-7.44%
[predict] 2022-08-21 00:00 LINKUSDT → LONG (proba=0.81 TP=17.0%/SL=8.5%)
[trade:open] 2022-08-21 07:59 LINKUSDT LONG @ 7.04 | SL=6.44 TP=8.23 | timeout=2022-08-28 07:59
[trade:close] 2022-08-26 23:59 LINKUSDT LONG → stop_loss @ 6.44 | PnL=-8.49% (net -8.59%) | cum=+22.04% 2022-08=-6.67% 2022-08-26=-8.59%
[predict] 2022-08-27 16:00 LINKUSDT → LONG (proba=0.81 TP=14.7%/SL=7.3%)
[trade:open] 2022-08-27 23:59 LINKUSDT LONG @ 6.53 | SL=6.05 TP=7.48 | timeout=2022-09-03 23:59
[lgbm] === Training for 2022-09 ===
  Train window: 2020-09-01 → 2022-08-24
  2168 training samples from 1 symbols
  Samples per month: 2020-09: 90, 2020-10: 93, 2020-11: 90, 2020-12: 93, 2021-01: 93, 2021-02: 84, 2021-03: 93, 2021-04: 90, 2021-05: 93, 2021-06: 90, 2021-07: 93, 2021-08: 93, 2021-09: 90, 2021-10: 93, 2021-11: 90, 2021-12: 93, 2022-01: 93, 2022-02: 84, 2022-03: 93, 2022-04: 90, 2022-05: 93, 2022-06: 90, 2022-07: 93, 2022-08: 71
  [label] 2020-11-01 16:00 LINKUSDT entry=11.5700 → SHORT | long=sl(-6.87%) short=tp(+13.45%) | scanned=4 | short_tp_only
  [label] 2020-11-03 16:00 LINKUSDT entry=10.3940 → LONG | long=tp(+16.25%) short=sl(-8.27%) | scanned=9 | long_tp_only
  [label] 2020-11-07 16:00 LINKUSDT entry=11.7660 → LONG | long=timeout(+6.69%) short=sl(-12.21%) | scanned=22 | no_tp→fwd_return=+6.7908
  [label] 2020-12-02 08:00 LINKUSDT entry=13.6680 → SHORT | long=sl(-10.27%) short=timeout(+9.83%) | scanned=22 | no_tp→fwd_return=-9.9283
  [label] 2021-01-23 16:00 LINKUSDT entry=24.8240 → SHORT | long=sl(-14.33%) short=timeout(+4.43%) | scanned=22 | no_tp→fwd_return=-4.5319
  [label] 2021-07-08 16:00 LINKUSDT entry=18.3620 → SHORT | long=sl(-9.81%) short=timeout(+14.07%) | scanned=22 | no_tp→fwd_return=-14.1706
  [label] 2021-07-12 16:00 LINKUSDT entry=17.5060 → SHORT | long=sl(-8.00%) short=tp(+15.69%) | scanned=20 | short_tp_only
  [label] 2021-07-23 08:00 LINKUSDT entry=15.6170 → LONG | long=tp(+16.40%) short=sl(-8.35%) | scanned=8 | long_tp_only
  [label] 2021-09-06 08:00 LINKUSDT entry=35.6460 → SHORT | long=sl(-8.10%) short=tp(+15.91%) | scanned=3 | short_tp_only
  [label] 2021-09-14 16:00 LINKUSDT entry=30.8130 → SHORT | long=sl(-11.98%) short=tp(+23.66%) | scanned=17 | short_tp_only
  [label] 2021-12-14 00:00 LINKUSDT entry=18.0470 → LONG | long=timeout(+5.27%) short=sl(-11.79%) | scanned=22 | no_tp→fwd_return=+5.3693
  [label] 2022-01-15 00:00 LINKUSDT entry=25.6110 → SHORT | long=sl(-9.59%) short=tp(+18.87%) | scanned=17 | short_tp_only
  [label] 2022-01-31 00:00 LINKUSDT entry=16.9510 → LONG | long=timeout(+9.94%) short=sl(-11.69%) | scanned=22 | no_tp→fwd_return=+10.0407
  [label] 2022-02-12 16:00 LINKUSDT entry=15.9490 → SHORT | long=timeout(-2.87%) short=sl(-9.37%) | scanned=22 | no_tp→fwd_return=-2.7713
  [label] 2022-03-03 08:00 LINKUSDT entry=14.6890 → SHORT | long=sl(-9.05%) short=timeout(+9.61%) | scanned=22 | no_tp→fwd_return=-9.7148
  [label] 2022-03-09 16:00 LINKUSDT entry=14.0000 → LONG | long=sl(-8.64%) short=timeout(-4.82%) | scanned=22 | no_tp→fwd_return=+4.7214
  [label] 2022-03-22 00:00 LINKUSDT entry=15.4990 → LONG | long=tp(+11.44%) short=sl(-5.87%) | scanned=19 | long_tp_only
  [label] 2022-04-30 08:00 LINKUSDT entry=11.7940 → SHORT | long=sl(-6.75%) short=timeout(+9.04%) | scanned=22 | no_tp→fwd_return=-9.1402
  [label] 2022-05-10 08:00 LINKUSDT entry=8.9050 → SHORT | long=sl(-12.78%) short=tp(+25.27%) | scanned=4 | short_tp_only
  [label] 2022-08-04 08:00 LINKUSDT entry=7.3520 → LONG | long=tp(+16.42%) short=sl(-8.36%) | scanned=12 | long_tp_only
  [sample_weight_mode=composite_inv_concurrency] cell=(C, 2022-09) weight_mean=1.0000 weight_std=0.5005 kish=0.7997
  Labels: 1142 long (52.7%), 1026 short (47.3%) | weights: min=0.98, mean=1.00, max=20.48
  Features: 2168/2168 matched, 43 columns
  CV gap: 22 rows
  [ensemble 1/5] seed=42
  [frozen_hp] Trained with baseline HP: n_est=53 depth=4 ct=0.637
  [ensemble 2/5] seed=123
  [frozen_hp] Trained with baseline HP: n_est=363 depth=3 ct=0.556
  [ensemble 3/5] seed=456
  [frozen_hp] Trained with baseline HP: n_est=329 depth=4 ct=0.527
  [ensemble 4/5] seed=789
  [frozen_hp] Trained with baseline HP: n_est=271 depth=4 ct=0.597
  [ensemble 5/5] seed=1001
  [frozen_hp] Trained with baseline HP: n_est=174 depth=5 ct=0.624
  OOD: 16 features, cutoff (q=0.7) = 14.13
  Model trained for 2022-09: 90 test candles with features, confidence_threshold=0.588
[trade:close] 2022-09-04 00:00 LINKUSDT LONG → timeout @ 6.85 | PnL=+5.01% (net +4.91%) | cum=+26.95% 2022-09=+4.91% 2022-09-04=+4.91%
[predict] 2022-09-04 16:00 LINKUSDT → LONG (proba=0.79 TP=13.0%/SL=6.5%)
[trade:open] 2022-09-04 23:59 LINKUSDT LONG @ 7.15 | SL=6.69 TP=8.07 | timeout=2022-09-11 23:59
[trade:close] 2022-09-06 23:59 LINKUSDT LONG → stop_loss @ 6.69 | PnL=-6.48% (net -6.58%) | cum=+20.37% 2022-09=-1.67% 2022-09-06=-6.58%
[predict] 2022-09-07 16:00 LINKUSDT → LONG (proba=0.73 TP=14.3%/SL=7.2%)
[trade:open] 2022-09-07 23:59 LINKUSDT LONG @ 7.08 | SL=6.57 TP=8.09 | timeout=2022-09-14 23:59
[trade:close] 2022-09-09 15:59 LINKUSDT LONG → take_profit @ 8.09 | PnL=+14.31% (net +14.21%) | cum=+34.58% 2022-09=+12.54% 2022-09-09=+14.21%
[predict] 2022-09-10 08:00 LINKUSDT → SHORT (proba=0.77 TP=12.6%/SL=6.3%)
[trade:open] 2022-09-10 15:59 LINKUSDT SHORT @ 7.73 | SL=8.22 TP=6.76 | timeout=2022-09-17 15:59
[trade:close] 2022-09-12 07:59 LINKUSDT SHORT → stop_loss @ 8.22 | PnL=-6.28% (net -6.38%) | cum=+28.20% 2022-09=+6.16% 2022-09-12=-6.38%
[predict] 2022-09-13 00:00 LINKUSDT → SHORT (proba=0.73 TP=13.8%/SL=6.9%)
[trade:open] 2022-09-13 07:59 LINKUSDT SHORT @ 7.79 | SL=8.33 TP=6.72 | timeout=2022-09-20 07:59
[trade:close] 2022-09-20 08:00 LINKUSDT SHORT → timeout @ 7.20 | PnL=+7.57% (net +7.47%) | cum=+35.67% 2022-09=+13.63% 2022-09-20=+7.47%
[predict] 2022-09-21 00:00 LINKUSDT → LONG (proba=0.76 TP=16.7%/SL=8.3%)
[trade:open] 2022-09-21 07:59 LINKUSDT LONG @ 6.85 | SL=6.28 TP=8.00 | timeout=2022-09-28 07:59
[trade:close] 2022-09-25 07:59 LINKUSDT LONG → take_profit @ 8.00 | PnL=+16.68% (net +16.58%) | cum=+52.26% 2022-09=+30.22% 2022-09-25=+16.58%
[predict] 2022-09-26 00:00 LINKUSDT → LONG (proba=0.67 TP=16.5%/SL=8.2%)
[trade:open] 2022-09-26 07:59 LINKUSDT LONG @ 7.62 | SL=6.99 TP=8.88 | timeout=2022-10-03 07:59
[lgbm] === Training for 2022-10 ===
  Train window: 2020-10-01 → 2022-09-23
  2168 training samples from 1 symbols
  Samples per month: 2020-10: 93, 2020-11: 90, 2020-12: 93, 2021-01: 93, 2021-02: 84, 2021-03: 93, 2021-04: 90, 2021-05: 93, 2021-06: 90, 2021-07: 93, 2021-08: 93, 2021-09: 90, 2021-10: 93, 2021-11: 90, 2021-12: 93, 2022-01: 93, 2022-02: 84, 2022-03: 93, 2022-04: 90, 2022-05: 93, 2022-06: 90, 2022-07: 93, 2022-08: 93, 2022-09: 68
  [label] 2020-12-01 16:00 LINKUSDT entry=13.3580 → SHORT | long=timeout(-9.26%) short=timeout(+9.06%) | scanned=22 | no_tp→fwd_return=-9.1556
  [label] 2020-12-03 16:00 LINKUSDT entry=13.9850 → SHORT | long=sl(-8.70%) short=tp(+17.11%) | scanned=17 | short_tp_only
  [label] 2020-12-07 16:00 LINKUSDT entry=13.0820 → SHORT | long=sl(-7.00%) short=timeout(+1.61%) | scanned=22 | no_tp→fwd_return=-1.7123
  [label] 2021-01-01 08:00 LINKUSDT entry=12.1430 → LONG | long=tp(+23.01%) short=sl(-11.65%) | scanned=8 | long_tp_only
  [label] 2021-02-22 16:00 LINKUSDT entry=31.4860 → SHORT | long=sl(-15.48%) short=tp(+30.67%) | scanned=2 | short_tp_only
  [label] 2021-08-07 16:00 LINKUSDT entry=24.7080 → LONG | long=sl(-8.27%) short=sl(-8.27%) | scanned=11 | no_tp→fwd_return=+7.4065
  [label] 2021-08-11 16:00 LINKUSDT entry=25.9200 → LONG | long=tp(+17.44%) short=sl(-8.87%) | scanned=14 | long_tp_only
  [label] 2021-08-22 08:00 LINKUSDT entry=27.4150 → SHORT | long=sl(-9.37%) short=timeout(+7.29%) | scanned=22 | no_tp→fwd_return=-7.3938
  [label] 2021-10-06 08:00 LINKUSDT entry=27.7300 → SHORT | long=sl(-8.54%) short=timeout(+10.75%) | scanned=22 | no_tp→fwd_return=-10.8511
  [label] 2021-10-14 16:00 LINKUSDT entry=26.7500 → LONG | long=timeout(+5.75%) short=sl(-7.86%) | scanned=22 | no_tp→fwd_return=+5.8467
  [label] 2022-01-13 00:00 LINKUSDT entry=26.3360 → SHORT | long=sl(-10.82%) short=timeout(+15.11%) | scanned=22 | no_tp→fwd_return=-15.2149
  [label] 2022-02-14 00:00 LINKUSDT entry=15.6400 → SHORT | long=timeout(-3.05%) short=sl(-8.17%) | scanned=22 | no_tp→fwd_return=-2.9540
  [label] 2022-03-02 00:00 LINKUSDT entry=15.2750 → SHORT | long=sl(-9.43%) short=tp(+18.56%) | scanned=17 | short_tp_only
  [label] 2022-03-14 16:00 LINKUSDT entry=13.3980 → LONG | long=tp(+14.14%) short=sl(-7.22%) | scanned=14 | long_tp_only
  [label] 2022-04-02 08:00 LINKUSDT entry=17.3230 → SHORT | long=sl(-6.37%) short=tp(+12.45%) | scanned=14 | short_tp_only
  [label] 2022-04-08 16:00 LINKUSDT entry=15.1150 → SHORT | long=sl(-7.26%) short=timeout(+6.62%) | scanned=22 | no_tp→fwd_return=-6.7218
  [label] 2022-04-21 00:00 LINKUSDT entry=14.0650 → SHORT | long=sl(-6.11%) short=tp(+11.93%) | scanned=17 | short_tp_only
  [label] 2022-05-30 08:00 LINKUSDT entry=7.1880 → LONG | long=timeout(+9.86%) short=sl(-8.13%) | scanned=22 | no_tp→fwd_return=+9.9610
  [label] 2022-06-09 08:00 LINKUSDT entry=9.4310 → SHORT | long=sl(-9.55%) short=tp(+18.80%) | scanned=6 | short_tp_only
  [label] 2022-09-03 08:00 LINKUSDT entry=6.8100 → LONG | long=tp(+14.18%) short=sl(-7.24%) | scanned=17 | long_tp_only
  [sample_weight_mode=composite_inv_concurrency] cell=(C, 2022-10) weight_mean=1.0000 weight_std=0.5005 kish=0.7997
  Labels: 1181 long (54.5%), 987 short (45.5%) | weights: min=0.98, mean=1.00, max=20.48
  Features: 2168/2168 matched, 43 columns
  CV gap: 22 rows
  [ensemble 1/5] seed=42
  [frozen_hp] Trained with baseline HP: n_est=459 depth=3 ct=0.598
  [ensemble 2/5] seed=123
  [frozen_hp] Trained with baseline HP: n_est=203 depth=5 ct=0.758
  [ensemble 3/5] seed=456
  [frozen_hp] Trained with baseline HP: n_est=195 depth=4 ct=0.556
  [ensemble 4/5] seed=789
  [frozen_hp] Trained with baseline HP: n_est=450 depth=3 ct=0.746
  [ensemble 5/5] seed=1001
  [frozen_hp] Trained with baseline HP: n_est=81 depth=4 ct=0.700
  OOD: 16 features, cutoff (q=0.7) = 14.00
  Model trained for 2022-10: 93 test candles with features, confidence_threshold=0.672
[trade:close] 2022-10-03 08:00 LINKUSDT LONG → timeout @ 7.12 | PnL=-6.52% (net -6.62%) | cum=+45.63% 2022-10=-6.62% 2022-10-03=-6.62%
[predict] 2022-10-04 00:00 LINKUSDT → LONG (proba=0.89 TP=12.7%/SL=6.4%)
[trade:open] 2022-10-04 07:59 LINKUSDT LONG @ 7.65 | SL=7.16 TP=8.62 | timeout=2022-10-11 07:59
[trade:close] 2022-10-11 07:59 LINKUSDT LONG → stop_loss @ 7.16 | PnL=-6.37% (net -6.47%) | cum=+39.16% 2022-10=-13.09% 2022-10-11=-6.47%
[predict] 2022-10-12 00:00 LINKUSDT → LONG (proba=0.92 TP=10.2%/SL=5.1%)
[trade:open] 2022-10-12 07:59 LINKUSDT LONG @ 7.22 | SL=6.86 TP=7.96 | timeout=2022-10-19 07:59
[trade:close] 2022-10-13 07:59 LINKUSDT LONG → stop_loss @ 6.86 | PnL=-5.11% (net -5.21%) | cum=+33.96% 2022-10=-18.30% 2022-10-13=-5.21%
[predict] 2022-10-14 00:00 LINKUSDT → LONG (proba=0.70 TP=13.0%/SL=6.5%)
[trade:open] 2022-10-14 07:59 LINKUSDT LONG @ 7.12 | SL=6.66 TP=8.05 | timeout=2022-10-21 07:59
[trade:close] 2022-10-20 23:59 LINKUSDT LONG → stop_loss @ 6.66 | PnL=-6.50% (net -6.60%) | cum=+27.36% 2022-10=-24.90% 2022-10-20=-6.60%
[lgbm] === Training for 2022-11 ===
  Train window: 2020-11-01 → 2022-10-24
  2168 training samples from 1 symbols
  Samples per month: 2020-11: 90, 2020-12: 93, 2021-01: 93, 2021-02: 84, 2021-03: 93, 2021-04: 90, 2021-05: 93, 2021-06: 90, 2021-07: 93, 2021-08: 93, 2021-09: 90, 2021-10: 93, 2021-11: 90, 2021-12: 93, 2022-01: 93, 2022-02: 84, 2022-03: 93, 2022-04: 90, 2022-05: 93, 2022-06: 90, 2022-07: 93, 2022-08: 93, 2022-09: 90, 2022-10: 71
  [label] 2021-01-01 16:00 LINKUSDT entry=11.8690 → LONG | long=tp(+23.60%) short=sl(-11.95%) | scanned=7 | long_tp_only
  [label] 2021-01-03 16:00 LINKUSDT entry=13.7190 → LONG | long=tp(+22.32%) short=sl(-11.31%) | scanned=8 | long_tp_only
  [label] 2021-01-07 16:00 LINKUSDT entry=15.9890 → SHORT | long=sl(-14.57%) short=sl(-14.57%) | scanned=11 | no_tp→fwd_return=-15.9735
  [label] 2021-02-01 08:00 LINKUSDT entry=22.0500 → LONG | long=tp(+21.57%) short=sl(-10.93%) | scanned=11 | long_tp_only
  [label] 2021-03-25 16:00 LINKUSDT entry=25.5610 → LONG | long=tp(+18.77%) short=sl(-9.53%) | scanned=19 | long_tp_only
  [label] 2021-09-07 16:00 LINKUSDT entry=28.2540 → LONG | long=timeout(+8.96%) short=timeout(-9.16%) | scanned=22 | no_tp→fwd_return=+9.0571
  [label] 2021-09-11 16:00 LINKUSDT entry=27.0240 → LONG | long=timeout(+5.05%) short=sl(-13.37%) | scanned=22 | no_tp→fwd_return=+5.1473
  [label] 2021-09-22 08:00 LINKUSDT entry=23.7780 → SHORT | long=timeout(-2.57%) short=timeout(+2.37%) | scanned=22 | no_tp→fwd_return=-2.4729
  [label] 2021-11-06 08:00 LINKUSDT entry=31.3570 → LONG | long=tp(+15.06%) short=sl(-7.68%) | scanned=12 | long_tp_only
  [label] 2021-11-14 16:00 LINKUSDT entry=33.7700 → SHORT | long=sl(-7.97%) short=tp(+15.65%) | scanned=5 | short_tp_only
  [label] 2022-02-13 00:00 LINKUSDT entry=16.1610 → SHORT | long=sl(-8.78%) short=timeout(+8.77%) | scanned=22 | no_tp→fwd_return=-8.8670
  [label] 2022-03-17 00:00 LINKUSDT entry=14.3510 → LONG | long=timeout(+10.78%) short=sl(-7.23%) | scanned=22 | no_tp→fwd_return=+10.8773
  [label] 2022-04-02 00:00 LINKUSDT entry=17.4340 → SHORT | long=sl(-6.31%) short=tp(+12.32%) | scanned=14 | short_tp_only
  [label] 2022-04-14 16:00 LINKUSDT entry=13.6360 → SHORT | long=timeout(-0.60%) short=sl(-6.30%) | scanned=22 | no_tp→fwd_return=-0.4987
  [label] 2022-05-03 08:00 LINKUSDT entry=11.2390 → SHORT | long=sl(-7.38%) short=sl(-7.38%) | scanned=9 | no_tp→fwd_return=-4.8047
  [label] 2022-05-09 16:00 LINKUSDT entry=8.0810 → SHORT | long=sl(-12.68%) short=sl(-12.68%) | scanned=5 | no_tp→fwd_return=-5.1850
  [label] 2022-05-22 00:00 LINKUSDT entry=7.0440 → SHORT | long=sl(-9.89%) short=timeout(+8.28%) | scanned=22 | no_tp→fwd_return=-8.3759
  [label] 2022-06-30 08:00 LINKUSDT entry=6.0940 → LONG | long=timeout(+8.15%) short=timeout(-8.35%) | scanned=22 | no_tp→fwd_return=+8.2540
  [label] 2022-07-10 08:00 LINKUSDT entry=6.1520 → LONG | long=sl(-6.65%) short=sl(-6.65%) | scanned=19 | no_tp→fwd_return=+7.1847
  [label] 2022-10-04 08:00 LINKUSDT entry=7.7280 → SHORT | long=sl(-6.32%) short=timeout(+5.61%) | scanned=22 | no_tp→fwd_return=-5.7065
  [sample_weight_mode=composite_inv_concurrency] cell=(C, 2022-11) weight_mean=1.0000 weight_std=0.5005 kish=0.7997
  Labels: 1157 long (53.4%), 1011 short (46.6%) | weights: min=0.98, mean=1.00, max=20.48
  Features: 2168/2168 matched, 43 columns
  CV gap: 22 rows
  [ensemble 1/5] seed=42
  [frozen_hp] Trained with baseline HP: n_est=69 depth=5 ct=0.572
  [ensemble 2/5] seed=123
  [frozen_hp] Trained with baseline HP: n_est=57 depth=5 ct=0.741
  [ensemble 3/5] seed=456
  [frozen_hp] Trained with baseline HP: n_est=193 depth=3 ct=0.783
  [ensemble 4/5] seed=789
  [frozen_hp] Trained with baseline HP: n_est=100 depth=4 ct=0.787
  [ensemble 5/5] seed=1001
  [frozen_hp] Trained with baseline HP: n_est=251 depth=4 ct=0.593
  OOD: 16 features, cutoff (q=0.7) = 13.92
  Model trained for 2022-11: 90 test candles with features, confidence_threshold=0.695
[predict] 2022-11-12 00:00 LINKUSDT → LONG (proba=0.86 TP=39.4%/SL=19.7%)
[trade:open] 2022-11-12 07:59 LINKUSDT LONG @ 6.49 | SL=5.21 TP=9.04 | timeout=2022-11-19 07:59
[trade:close] 2022-11-19 08:00 LINKUSDT LONG → timeout @ 6.07 | PnL=-6.40% (net -6.50%) | cum=+20.86% 2022-11=-6.50% 2022-11-19=-6.50%
[lgbm] === Training for 2022-12 ===
  Train window: 2020-12-01 → 2022-11-23
  2168 training samples from 1 symbols
  Samples per month: 2020-12: 93, 2021-01: 93, 2021-02: 84, 2021-03: 93, 2021-04: 90, 2021-05: 93, 2021-06: 90, 2021-07: 93, 2021-08: 93, 2021-09: 90, 2021-10: 93, 2021-11: 90, 2021-12: 93, 2022-01: 93, 2022-02: 84, 2022-03: 93, 2022-04: 90, 2022-05: 93, 2022-06: 90, 2022-07: 93, 2022-08: 93, 2022-09: 90, 2022-10: 93, 2022-11: 68
  [label] 2021-01-31 16:00 LINKUSDT entry=22.6090 → LONG | long=timeout(+9.49%) short=sl(-11.36%) | scanned=22 | no_tp→fwd_return=+9.5891
  [label] 2021-02-02 16:00 LINKUSDT entry=23.7250 → LONG | long=timeout(+16.52%) short=sl(-9.61%) | scanned=22 | no_tp→fwd_return=+16.6154
  [label] 2021-02-06 16:00 LINKUSDT entry=25.1020 → LONG | long=tp(+22.03%) short=sl(-11.16%) | scanned=18 | long_tp_only
  [label] 2021-03-03 08:00 LINKUSDT entry=30.6740 → LONG | long=sl(-13.00%) short=timeout(-0.15%) | scanned=22 | no_tp→fwd_return=+0.0456
  [label] 2021-04-24 16:00 LINKUSDT entry=31.2540 → LONG | long=timeout(+32.04%) short=sl(-19.15%) | scanned=22 | no_tp→fwd_return=+32.1367
  [label] 2021-10-07 16:00 LINKUSDT entry=26.8650 → SHORT | long=sl(-8.42%) short=timeout(+0.33%) | scanned=22 | no_tp→fwd_return=-0.4281
  [label] 2021-10-11 16:00 LINKUSDT entry=25.2270 → LONG | long=timeout(+1.90%) short=sl(-8.17%) | scanned=22 | no_tp→fwd_return=+2.0018
  [label] 2021-10-22 08:00 LINKUSDT entry=28.6540 → LONG | long=tp(+13.23%) short=sl(-6.76%) | scanned=9 | long_tp_only
  [label] 2021-12-06 08:00 LINKUSDT entry=18.5060 → SHORT | long=timeout(-2.69%) short=sl(-15.84%) | scanned=22 | no_tp→fwd_return=-2.5938
  [label] 2021-12-14 16:00 LINKUSDT entry=18.4210 → LONG | long=timeout(+5.30%) short=timeout(-5.50%) | scanned=22 | no_tp→fwd_return=+5.3960
  [label] 2022-03-15 00:00 LINKUSDT entry=12.9780 → LONG | long=tp(+15.05%) short=sl(-7.68%) | scanned=10 | long_tp_only
  [label] 2022-04-16 00:00 LINKUSDT entry=13.9910 → SHORT | long=sl(-5.66%) short=timeout(+3.51%) | scanned=22 | no_tp→fwd_return=-3.6095
  [label] 2022-05-02 00:00 LINKUSDT entry=11.2410 → SHORT | long=sl(-7.66%) short=sl(-7.66%) | scanned=13 | no_tp→fwd_return=-4.8216
  [label] 2022-05-14 16:00 LINKUSDT entry=7.2460 → SHORT | long=timeout(-2.80%) short=timeout(+2.60%) | scanned=22 | no_tp→fwd_return=-2.7049
  [label] 2022-06-02 08:00 LINKUSDT entry=7.0150 → LONG | long=tp(+17.20%) short=sl(-8.75%) | scanned=16 | long_tp_only
  [label] 2022-06-08 16:00 LINKUSDT entry=8.7000 → SHORT | long=sl(-9.79%) short=sl(-9.79%) | scanned=8 | no_tp→fwd_return=-17.8276
  [label] 2022-06-21 00:00 LINKUSDT entry=7.2950 → SHORT | long=sl(-13.71%) short=timeout(+9.78%) | scanned=22 | no_tp→fwd_return=-9.8835
  [label] 2022-07-30 08:00 LINKUSDT entry=8.1900 → SHORT | long=sl(-8.52%) short=timeout(+3.71%) | scanned=22 | no_tp→fwd_return=-3.8095
  [label] 2022-08-09 08:00 LINKUSDT entry=8.5850 → SHORT | long=timeout(-0.83%) short=sl(-7.08%) | scanned=22 | no_tp→fwd_return=-0.7338
  [label] 2022-11-03 08:00 LINKUSDT entry=7.8380 → LONG | long=tp(+14.86%) short=sl(-7.58%) | scanned=13 | long_tp_only
  [sample_weight_mode=composite_inv_concurrency] cell=(C, 2022-12) weight_mean=1.0000 weight_std=0.5005 kish=0.7997
  Labels: 1145 long (52.8%), 1023 short (47.2%) | weights: min=0.98, mean=1.00, max=20.48
  Features: 2168/2168 matched, 43 columns
  CV gap: 22 rows
  [ensemble 1/5] seed=42
  [frozen_hp] Trained with baseline HP: n_est=117 depth=5 ct=0.630
  [ensemble 2/5] seed=123
  [frozen_hp] Trained with baseline HP: n_est=369 depth=3 ct=0.728
  [ensemble 3/5] seed=456
  [frozen_hp] Trained with baseline HP: n_est=394 depth=3 ct=0.752
  [ensemble 4/5] seed=789
  [frozen_hp] Trained with baseline HP: n_est=305 depth=5 ct=0.510
  [ensemble 5/5] seed=1001
  [frozen_hp] Trained with baseline HP: n_est=451 depth=4 ct=0.824
  OOD: 16 features, cutoff (q=0.7) = 13.84
  Model trained for 2022-12: 93 test candles with features, confidence_threshold=0.689
[predict] 2022-12-04 00:00 LINKUSDT → LONG (proba=0.69 TP=12.0%/SL=6.0%)
[trade:open] 2022-12-04 07:59 LINKUSDT LONG @ 7.34 | SL=6.90 TP=8.22 | timeout=2022-12-11 07:59
[trade:close] 2022-12-07 07:59 LINKUSDT LONG → stop_loss @ 6.90 | PnL=-5.98% (net -6.08%) | cum=+14.77% 2022-12=-6.08% 2022-12-07=-6.08%
[predict] 2022-12-08 08:00 LINKUSDT → LONG (proba=0.76 TP=10.9%/SL=5.5%)
[trade:open] 2022-12-08 15:59 LINKUSDT LONG @ 6.92 | SL=6.54 TP=7.68 | timeout=2022-12-15 15:59
[trade:close] 2022-12-12 07:59 LINKUSDT LONG → stop_loss @ 6.54 | PnL=-5.45% (net -5.55%) | cum=+9.22% 2022-12=-11.63% 2022-12-12=-5.55%
[predict] 2022-12-23 08:00 LINKUSDT → LONG (proba=0.76 TP=8.7%/SL=4.4%)
[trade:open] 2022-12-23 15:59 LINKUSDT LONG @ 5.99 | SL=5.72 TP=6.51 | timeout=2022-12-30 15:59
[trade:close] 2022-12-28 07:59 LINKUSDT LONG → stop_loss @ 5.72 | PnL=-4.36% (net -4.46%) | cum=+4.76% 2022-12=-16.09% 2022-12-28=-4.46%
[lgbm] === Training for 2023-01 ===
  Train window: 2021-01-01 → 2022-12-24
  2168 training samples from 1 symbols
  Samples per month: 2021-01: 93, 2021-02: 84, 2021-03: 93, 2021-04: 90, 2021-05: 93, 2021-06: 90, 2021-07: 93, 2021-08: 93, 2021-09: 90, 2021-10: 93, 2021-11: 90, 2021-12: 93, 2022-01: 93, 2022-02: 84, 2022-03: 93, 2022-04: 90, 2022-05: 93, 2022-06: 90, 2022-07: 93, 2022-08: 93, 2022-09: 90, 2022-10: 93, 2022-11: 90, 2022-12: 71
  [label] 2021-03-03 16:00 LINKUSDT entry=29.8540 → LONG | long=sl(-13.04%) short=timeout(-0.32%) | scanned=22 | no_tp→fwd_return=+0.2177
  [label] 2021-03-05 16:00 LINKUSDT entry=27.8620 → LONG | long=timeout(+1.81%) short=sl(-13.03%) | scanned=22 | no_tp→fwd_return=+1.9058
  [label] 2021-03-09 16:00 LINKUSDT entry=31.5390 → SHORT | long=sl(-9.11%) short=timeout(+11.29%) | scanned=22 | no_tp→fwd_return=-11.3891
  [label] 2021-04-03 08:00 LINKUSDT entry=31.0950 → LONG | long=timeout(+3.28%) short=sl(-7.86%) | scanned=22 | no_tp→fwd_return=+3.3832
  [label] 2021-05-25 16:00 LINKUSDT entry=27.5170 → LONG | long=timeout(+11.52%) short=sl(-24.91%) | scanned=22 | no_tp→fwd_return=+11.6219
  [label] 2021-11-07 16:00 LINKUSDT entry=32.3700 → LONG | long=tp(+12.41%) short=sl(-6.36%) | scanned=8 | long_tp_only
  [label] 2021-11-11 16:00 LINKUSDT entry=34.6900 → SHORT | long=sl(-10.13%) short=tp(+19.95%) | scanned=14 | short_tp_only
  [label] 2021-11-22 08:00 LINKUSDT entry=27.5510 → SHORT | long=sl(-8.62%) short=tp(+16.94%) | scanned=12 | short_tp_only
  [label] 2022-01-06 08:00 LINKUSDT entry=24.0610 → LONG | long=timeout(+5.78%) short=sl(-11.95%) | scanned=22 | no_tp→fwd_return=+5.8809
  [label] 2022-01-14 16:00 LINKUSDT entry=25.7060 → SHORT | long=sl(-9.85%) short=tp(+19.40%) | scanned=18 | short_tp_only
  [label] 2022-04-15 00:00 LINKUSDT entry=13.9140 → SHORT | long=timeout(-0.84%) short=timeout(+0.64%) | scanned=22 | no_tp→fwd_return=-0.7403
  [label] 2022-05-17 00:00 LINKUSDT entry=7.7010 → SHORT | long=timeout(-7.74%) short=timeout(+7.54%) | scanned=22 | no_tp→fwd_return=-7.6354
  [label] 2022-06-02 00:00 LINKUSDT entry=6.9510 → LONG | long=tp(+17.81%) short=sl(-9.05%) | scanned=13 | long_tp_only
  [label] 2022-06-14 16:00 LINKUSDT entry=6.7260 → LONG | long=sl(-16.91%) short=timeout(-2.00%) | scanned=22 | no_tp→fwd_return=+1.9031
  [label] 2022-07-03 08:00 LINKUSDT entry=6.0670 → LONG | long=timeout(+1.30%) short=sl(-8.69%) | scanned=22 | no_tp→fwd_return=+1.4010
  [label] 2022-07-09 16:00 LINKUSDT entry=6.4810 → LONG | long=sl(-6.35%) short=timeout(-1.84%) | scanned=22 | no_tp→fwd_return=+1.7436
  [label] 2022-07-22 00:00 LINKUSDT entry=7.0320 → LONG | long=sl(-7.82%) short=sl(-7.82%) | scanned=21 | no_tp→fwd_return=+7.9636
  [label] 2022-08-30 08:00 LINKUSDT entry=6.5100 → LONG | long=tp(+14.46%) short=sl(-7.38%) | scanned=20 | long_tp_only
  [label] 2022-09-09 08:00 LINKUSDT entry=7.8290 → SHORT | long=sl(-6.85%) short=timeout(+1.19%) | scanned=22 | no_tp→fwd_return=-1.2901
  [label] 2022-12-04 08:00 LINKUSDT entry=7.3470 → SHORT | long=sl(-5.82%) short=timeout(+6.42%) | scanned=22 | no_tp→fwd_return=-6.5197
  [sample_weight_mode=composite_inv_concurrency] cell=(C, 2023-01) weight_mean=1.0000 weight_std=0.5005 kish=0.7997
  Labels: 1121 long (51.7%), 1047 short (48.3%) | weights: min=0.98, mean=1.00, max=20.48
  Features: 2168/2168 matched, 43 columns
  CV gap: 22 rows
  [ensemble 1/5] seed=42
  [frozen_hp] Trained with baseline HP: n_est=432 depth=4 ct=0.817
  [ensemble 2/5] seed=123
  [frozen_hp] Trained with baseline HP: n_est=330 depth=5 ct=0.827
  [ensemble 3/5] seed=456
  [frozen_hp] Trained with baseline HP: n_est=450 depth=4 ct=0.819
  [ensemble 4/5] seed=789
  [frozen_hp] Trained with baseline HP: n_est=269 depth=5 ct=0.839
  [ensemble 5/5] seed=1001
  [frozen_hp] Trained with baseline HP: n_est=342 depth=4 ct=0.839
  OOD: 16 features, cutoff (q=0.7) = 13.81
  Model trained for 2023-01: 93 test candles with features, confidence_threshold=0.828
[predict] 2023-01-15 08:00 LINKUSDT → SHORT (proba=0.85 TP=12.9%/SL=6.4%)
[trade:open] 2023-01-15 15:59 LINKUSDT SHORT @ 6.89 | SL=7.33 TP=6.00 | timeout=2023-01-22 15:59
[trade:close] 2023-01-22 16:00 LINKUSDT SHORT → timeout @ 7.04 | PnL=-2.24% (net -2.34%) | cum=+2.43% 2023-01=-2.34% 2023-01-22=-2.34%
[lgbm] === Training for 2023-02 ===
  Train window: 2021-02-01 → 2023-01-24
  2168 training samples from 1 symbols
  Samples per month: 2021-02: 84, 2021-03: 93, 2021-04: 90, 2021-05: 93, 2021-06: 90, 2021-07: 93, 2021-08: 93, 2021-09: 90, 2021-10: 93, 2021-11: 90, 2021-12: 93, 2022-01: 93, 2022-02: 84, 2022-03: 93, 2022-04: 90, 2022-05: 93, 2022-06: 90, 2022-07: 93, 2022-08: 93, 2022-09: 90, 2022-10: 93, 2022-11: 90, 2022-12: 93, 2023-01: 71
  [label] 2021-04-03 16:00 LINKUSDT entry=29.3220 → LONG | long=tp(+17.46%) short=sl(-8.88%) | scanned=8 | long_tp_only
  [label] 2021-04-05 16:00 LINKUSDT entry=32.4590 → LONG | long=timeout(+2.08%) short=sl(-8.06%) | scanned=22 | no_tp→fwd_return=+2.1843
  [label] 2021-04-09 16:00 LINKUSDT entry=31.6390 → LONG | long=tp(+17.13%) short=sl(-8.72%) | scanned=13 | long_tp_only
  [label] 2021-05-04 08:00 LINKUSDT entry=42.4930 → LONG | long=tp(+20.40%) short=sl(-10.35%) | scanned=2 | long_tp_only
  [label] 2021-06-25 16:00 LINKUSDT entry=16.8590 → LONG | long=timeout(+8.26%) short=sl(-15.19%) | scanned=22 | no_tp→fwd_return=+8.3635
  [label] 2021-12-08 16:00 LINKUSDT entry=22.9090 → SHORT | long=sl(-11.37%) short=tp(+22.44%) | scanned=15 | short_tp_only
  [label] 2021-12-12 16:00 LINKUSDT entry=20.4020 → SHORT | long=sl(-10.53%) short=timeout(+7.44%) | scanned=22 | no_tp→fwd_return=-7.5385
  [label] 2021-12-23 08:00 LINKUSDT entry=21.0660 → LONG | long=tp(+16.01%) short=sl(-8.15%) | scanned=13 | long_tp_only
  [label] 2022-02-06 08:00 LINKUSDT entry=17.4500 → SHORT | long=sl(-8.07%) short=sl(-8.07%) | scanned=16 | no_tp→fwd_return=-7.2264
  [label] 2022-02-14 16:00 LINKUSDT entry=15.8960 → SHORT | long=sl(-8.13%) short=sl(-8.13%) | scanned=16 | no_tp→fwd_return=-7.3478
  [label] 2022-05-16 00:00 LINKUSDT entry=7.2900 → LONG | long=timeout(+2.99%) short=timeout(-3.19%) | scanned=22 | no_tp→fwd_return=+3.0864
  [label] 2022-06-17 00:00 LINKUSDT entry=6.5790 → LONG | long=timeout(+7.36%) short=timeout(-7.56%) | scanned=22 | no_tp→fwd_return=+7.4631
  [label] 2022-07-03 00:00 LINKUSDT entry=6.1020 → LONG | long=timeout(+4.05%) short=sl(-9.16%) | scanned=22 | no_tp→fwd_return=+4.1462
  [label] 2022-07-15 16:00 LINKUSDT entry=6.3210 → LONG | long=tp(+13.79%) short=sl(-7.04%) | scanned=10 | long_tp_only
  [label] 2022-08-03 08:00 LINKUSDT entry=7.5100 → LONG | long=tp(+17.06%) short=sl(-8.68%) | scanned=17 | long_tp_only
  [label] 2022-08-09 16:00 LINKUSDT entry=8.7380 → SHORT | long=timeout(-3.46%) short=sl(-7.04%) | scanned=22 | no_tp→fwd_return=-3.3646
  [label] 2022-08-22 00:00 LINKUSDT entry=6.7620 → SHORT | long=sl(-8.33%) short=sl(-8.33%) | scanned=21 | no_tp→fwd_return=-6.1372
  [label] 2022-09-30 08:00 LINKUSDT entry=7.6850 → SHORT | long=sl(-8.10%) short=timeout(+1.73%) | scanned=22 | no_tp→fwd_return=-1.8347
  [label] 2022-10-10 08:00 LINKUSDT entry=7.4980 → SHORT | long=sl(-4.46%) short=tp(+8.62%) | scanned=8 | short_tp_only
  [label] 2023-01-04 08:00 LINKUSDT entry=5.8090 → LONG | long=sl(-3.74%) short=sl(-3.74%) | scanned=14 | no_tp→fwd_return=+5.4054
  [sample_weight_mode=composite_inv_concurrency] cell=(C, 2023-02) weight_mean=1.0000 weight_std=0.5005 kish=0.7997
  Labels: 1124 long (51.8%), 1044 short (48.2%) | weights: min=0.98, mean=1.00, max=20.48
  Features: 2168/2168 matched, 43 columns
  CV gap: 22 rows
  [ensemble 1/5] seed=42
  [frozen_hp] Trained with baseline HP: n_est=161 depth=4 ct=0.812
  [ensemble 2/5] seed=123
  [frozen_hp] Trained with baseline HP: n_est=235 depth=4 ct=0.760
  [ensemble 3/5] seed=456
  [frozen_hp] Trained with baseline HP: n_est=106 depth=3 ct=0.824
  [ensemble 4/5] seed=789
  [frozen_hp] Trained with baseline HP: n_est=305 depth=3 ct=0.644
  [ensemble 5/5] seed=1001
  [frozen_hp] Trained with baseline HP: n_est=201 depth=4 ct=0.807
  OOD: 16 features, cutoff (q=0.7) = 13.69
  Model trained for 2023-02: 84 test candles with features, confidence_threshold=0.770
[predict] 2023-02-02 00:00 LINKUSDT → LONG (proba=0.84 TP=13.1%/SL=6.6%)
[trade:open] 2023-02-02 07:59 LINKUSDT LONG @ 7.24 | SL=6.77 TP=8.19 | timeout=2023-02-09 07:59
[trade:close] 2023-02-06 23:59 LINKUSDT LONG → stop_loss @ 6.77 | PnL=-6.56% (net -6.66%) | cum=-4.24% 2023-02=-6.66% 2023-02-06=-6.66%
[predict] 2023-02-08 16:00 LINKUSDT → LONG (proba=0.81 TP=10.8%/SL=5.4%)
[trade:open] 2023-02-08 23:59 LINKUSDT LONG @ 7.14 | SL=6.75 TP=7.90 | timeout=2023-02-15 23:59
[trade:close] 2023-02-12 23:59 LINKUSDT LONG → stop_loss @ 6.75 | PnL=-5.38% (net -5.48%) | cum=-9.71% 2023-02=-12.14% 2023-02-12=-5.48%
[predict] 2023-02-16 08:00 LINKUSDT → LONG (proba=0.78 TP=11.3%/SL=5.7%)
[trade:open] 2023-02-16 15:59 LINKUSDT LONG @ 7.38 | SL=6.96 TP=8.22 | timeout=2023-02-23 15:59
[trade:close] 2023-02-18 15:59 LINKUSDT LONG → take_profit @ 8.22 | PnL=+11.34% (net +11.24%) | cum=+1.53% 2023-02=-0.90% 2023-02-18=+11.24%
[predict] 2023-02-22 00:00 LINKUSDT → LONG (proba=0.78 TP=15.3%/SL=7.7%)
[trade:open] 2023-02-22 07:59 LINKUSDT LONG @ 7.49 | SL=6.91 TP=8.64 | timeout=2023-03-01 07:59
[lgbm] === Training for 2023-03 ===
  Train window: 2021-03-01 → 2023-02-21
  2168 training samples from 1 symbols
  Samples per month: 2021-03: 93, 2021-04: 90, 2021-05: 93, 2021-06: 90, 2021-07: 93, 2021-08: 93, 2021-09: 90, 2021-10: 93, 2021-11: 90, 2021-12: 93, 2022-01: 93, 2022-02: 84, 2022-03: 93, 2022-04: 90, 2022-05: 93, 2022-06: 90, 2022-07: 93, 2022-08: 93, 2022-09: 90, 2022-10: 93, 2022-11: 90, 2022-12: 93, 2023-01: 93, 2023-02: 62
  [label] 2021-05-01 16:00 LINKUSDT entry=41.2980 → LONG | long=tp(+17.00%) short=sl(-8.65%) | scanned=9 | long_tp_only
  [label] 2021-05-03 16:00 LINKUSDT entry=42.1200 → LONG | long=sl(-8.39%) short=sl(-8.39%) | scanned=3 | no_tp→fwd_return=+8.1292
  [label] 2021-05-07 16:00 LINKUSDT entry=49.1750 → SHORT | long=sl(-12.27%) short=timeout(+5.10%) | scanned=22 | no_tp→fwd_return=-5.1978
  [label] 2021-06-01 08:00 LINKUSDT entry=29.8720 → SHORT | long=sl(-17.82%) short=timeout(+25.01%) | scanned=22 | no_tp→fwd_return=-25.1105
  [label] 2021-07-23 16:00 LINKUSDT entry=16.4970 → LONG | long=tp(+16.68%) short=sl(-8.49%) | scanned=7 | long_tp_only
  [label] 2022-01-05 16:00 LINKUSDT entry=25.2220 → LONG | long=timeout(+5.96%) short=sl(-11.22%) | scanned=22 | no_tp→fwd_return=+6.0622
  [label] 2022-01-09 16:00 LINKUSDT entry=27.5380 → SHORT | long=sl(-12.66%) short=timeout(+7.31%) | scanned=22 | no_tp→fwd_return=-7.4079
  [label] 2022-01-20 08:00 LINKUSDT entry=22.6860 → SHORT | long=sl(-9.09%) short=tp(+17.87%) | scanned=3 | short_tp_only
  [label] 2022-03-06 08:00 LINKUSDT entry=13.6630 → SHORT | long=sl(-8.02%) short=timeout(+3.49%) | scanned=22 | no_tp→fwd_return=-3.5936
  [label] 2022-03-14 16:00 LINKUSDT entry=13.3980 → LONG | long=tp(+14.14%) short=sl(-7.22%) | scanned=14 | long_tp_only
  [label] 2022-06-13 00:00 LINKUSDT entry=5.6710 → LONG | long=timeout(+12.72%) short=sl(-19.43%) | scanned=22 | no_tp→fwd_return=+12.8196
  [label] 2022-07-15 00:00 LINKUSDT entry=6.2840 → LONG | long=tp(+13.65%) short=sl(-6.98%) | scanned=12 | long_tp_only
  [label] 2022-07-31 00:00 LINKUSDT entry=7.7910 → SHORT | long=sl(-9.03%) short=timeout(+0.50%) | scanned=22 | no_tp→fwd_return=-0.6033
  [label] 2022-08-12 16:00 LINKUSDT entry=9.3170 → SHORT | long=sl(-7.31%) short=tp(+14.31%) | scanned=16 | short_tp_only
  [label] 2022-08-31 08:00 LINKUSDT entry=6.6830 → LONG | long=timeout(+1.32%) short=sl(-7.41%) | scanned=22 | no_tp→fwd_return=+1.4215
  [label] 2022-09-06 16:00 LINKUSDT entry=6.6520 → LONG | long=tp(+15.87%) short=sl(-8.08%) | scanned=7 | long_tp_only
  [label] 2022-09-19 00:00 LINKUSDT entry=7.1650 → LONG | long=sl(-8.77%) short=sl(-8.77%) | scanned=17 | no_tp→fwd_return=+6.4201
  [label] 2022-10-28 08:00 LINKUSDT entry=7.0430 → LONG | long=tp(+9.93%) short=sl(-5.12%) | scanned=5 | long_tp_only
  [label] 2022-11-07 08:00 LINKUSDT entry=8.5340 → SHORT | long=sl(-8.81%) short=sl(-8.81%) | scanned=4 | no_tp→fwd_return=-9.7492
  [label] 2023-02-01 08:00 LINKUSDT entry=6.7600 → LONG | long=timeout(+4.86%) short=sl(-6.55%) | scanned=22 | no_tp→fwd_return=+4.9556
  [sample_weight_mode=composite_inv_concurrency] cell=(C, 2023-03) weight_mean=1.0000 weight_std=0.5005 kish=0.7997
  Labels: 1115 long (51.4%), 1053 short (48.6%) | weights: min=0.98, mean=1.00, max=20.48
  Features: 2168/2168 matched, 43 columns
  CV gap: 22 rows
  [ensemble 1/5] seed=42
  [frozen_hp] Trained with baseline HP: n_est=257 depth=5 ct=0.555
  [ensemble 2/5] seed=123
  [frozen_hp] Trained with baseline HP: n_est=427 depth=5 ct=0.661
  [ensemble 3/5] seed=456
  [frozen_hp] Trained with baseline HP: n_est=326 depth=4 ct=0.652
  [ensemble 4/5] seed=789
  [frozen_hp] Trained with baseline HP: n_est=370 depth=5 ct=0.677
  [ensemble 5/5] seed=1001
  [frozen_hp] Trained with baseline HP: n_est=294 depth=4 ct=0.704
  OOD: 16 features, cutoff (q=0.7) = 13.55
  Model trained for 2023-03: 93 test candles with features, confidence_threshold=0.650
[trade:close] 2023-03-01 08:00 LINKUSDT LONG → timeout @ 7.39 | PnL=-1.24% (net -1.34%) | cum=+0.19% 2023-03=-1.34% 2023-03-01=-1.34%
[predict] 2023-03-02 00:00 LINKUSDT → SHORT (proba=0.72 TP=12.0%/SL=6.0%)
[trade:open] 2023-03-02 07:59 LINKUSDT SHORT @ 7.35 | SL=7.80 TP=6.47 | timeout=2023-03-09 07:59
[trade:close] 2023-03-09 08:00 LINKUSDT SHORT → timeout @ 6.60 | PnL=+10.29% (net +10.19%) | cum=+10.38% 2023-03=+8.85% 2023-03-09=+10.19%
[predict] 2023-03-12 00:00 LINKUSDT → SHORT (proba=0.66 TP=12.9%/SL=6.5%)
[trade:open] 2023-03-12 07:59 LINKUSDT SHORT @ 6.14 | SL=6.54 TP=5.35 | timeout=2023-03-19 07:59
[trade:close] 2023-03-12 23:59 LINKUSDT SHORT → stop_loss @ 6.54 | PnL=-6.47% (net -6.57%) | cum=+3.81% 2023-03=+2.28% 2023-03-12=-6.57%
[predict] 2023-03-14 00:00 LINKUSDT → SHORT (proba=0.67 TP=12.4%/SL=6.2%)
[trade:open] 2023-03-14 07:59 LINKUSDT SHORT @ 6.68 | SL=7.10 TP=5.85 | timeout=2023-03-21 07:59
[trade:close] 2023-03-14 15:59 LINKUSDT SHORT → stop_loss @ 7.10 | PnL=-6.22% (net -6.32%) | cum=-2.51% 2023-03=-4.04% 2023-03-14=-6.32%
[predict] 2023-03-16 00:00 LINKUSDT → LONG (proba=0.67 TP=15.3%/SL=7.6%)
[trade:open] 2023-03-16 07:59 LINKUSDT LONG @ 6.61 | SL=6.11 TP=7.62 | timeout=2023-03-23 07:59
[trade:close] 2023-03-22 15:59 LINKUSDT LONG → take_profit @ 7.62 | PnL=+15.26% (net +15.16%) | cum=+12.65% 2023-03=+11.12% 2023-03-22=+15.16%
[predict] 2023-03-23 08:00 LINKUSDT → LONG (proba=0.89 TP=15.3%/SL=7.6%)
[trade:open] 2023-03-23 15:59 LINKUSDT LONG @ 7.58 | SL=7.00 TP=8.73 | timeout=2023-03-30 15:59
[trade:close] 2023-03-25 23:59 LINKUSDT LONG → stop_loss @ 7.00 | PnL=-7.63% (net -7.73%) | cum=+4.92% 2023-03=+3.39% 2023-03-25=-7.73%
[predict] 2023-03-27 00:00 LINKUSDT → LONG (proba=0.76 TP=11.2%/SL=5.6%)
[trade:open] 2023-03-27 07:59 LINKUSDT LONG @ 7.13 | SL=6.73 TP=7.93 | timeout=2023-04-03 07:59
[lgbm] === Training for 2023-04 ===
  Train window: 2021-04-01 → 2023-03-24
  2168 training samples from 1 symbols
  Samples per month: 2021-04: 90, 2021-05: 93, 2021-06: 90, 2021-07: 93, 2021-08: 93, 2021-09: 90, 2021-10: 93, 2021-11: 90, 2021-12: 93, 2022-01: 93, 2022-02: 84, 2022-03: 93, 2022-04: 90, 2022-05: 93, 2022-06: 90, 2022-07: 93, 2022-08: 93, 2022-09: 90, 2022-10: 93, 2022-11: 90, 2022-12: 93, 2023-01: 93, 2023-02: 84, 2023-03: 71
  [label] 2021-06-01 16:00 LINKUSDT entry=30.7150 → SHORT | long=sl(-16.69%) short=timeout(+21.51%) | scanned=22 | no_tp→fwd_return=-21.6051
  [label] 2021-06-03 16:00 LINKUSDT entry=32.2080 → SHORT | long=sl(-12.82%) short=tp(+25.34%) | scanned=13 | short_tp_only
  [label] 2021-06-07 16:00 LINKUSDT entry=24.5810 → LONG | long=sl(-14.40%) short=timeout(-1.62%) | scanned=22 | no_tp→fwd_return=+1.5174
  [label] 2021-07-02 08:00 LINKUSDT entry=17.9960 → LONG | long=timeout(+3.36%) short=sl(-10.99%) | scanned=22 | no_tp→fwd_return=+3.4563
  [label] 2021-08-23 16:00 LINKUSDT entry=28.6000 → SHORT | long=sl(-8.37%) short=timeout(+12.28%) | scanned=22 | no_tp→fwd_return=-12.3811
  [label] 2022-02-05 16:00 LINKUSDT entry=17.7470 → SHORT | long=sl(-8.18%) short=sl(-8.18%) | scanned=18 | no_tp→fwd_return=-8.7789
  [label] 2022-02-09 16:00 LINKUSDT entry=18.6640 → SHORT | long=sl(-7.60%) short=tp(+14.89%) | scanned=7 | short_tp_only
  [label] 2022-02-20 08:00 LINKUSDT entry=14.6670 → SHORT | long=sl(-8.62%) short=tp(+16.93%) | scanned=11 | short_tp_only
  [label] 2022-04-06 08:00 LINKUSDT entry=15.7320 → SHORT | long=sl(-7.53%) short=timeout(+10.34%) | scanned=22 | no_tp→fwd_return=-10.4373
  [label] 2022-04-14 16:00 LINKUSDT entry=13.6360 → SHORT | long=timeout(-0.60%) short=sl(-6.30%) | scanned=22 | no_tp→fwd_return=-0.4987
  [label] 2022-07-14 00:00 LINKUSDT entry=6.1340 → LONG | long=tp(+14.67%) short=sl(-7.48%) | scanned=13 | long_tp_only
  [label] 2022-08-15 00:00 LINKUSDT entry=8.5690 → SHORT | long=sl(-7.82%) short=tp(+15.33%) | scanned=12 | short_tp_only
  [label] 2022-08-31 00:00 LINKUSDT entry=6.7460 → SHORT | long=timeout(-0.72%) short=sl(-7.36%) | scanned=22 | no_tp→fwd_return=-0.6226
  [label] 2022-09-12 16:00 LINKUSDT entry=7.7510 → SHORT | long=sl(-7.08%) short=timeout(+5.77%) | scanned=22 | no_tp→fwd_return=-5.8702
  [label] 2022-10-01 08:00 LINKUSDT entry=7.5510 → SHORT | long=sl(-7.11%) short=timeout(+0.72%) | scanned=22 | no_tp→fwd_return=-0.8211
  [label] 2022-10-07 16:00 LINKUSDT entry=7.6000 → SHORT | long=sl(-5.41%) short=tp(+10.52%) | scanned=16 | short_tp_only
  [label] 2022-10-20 00:00 LINKUSDT entry=6.8350 → LONG | long=sl(-5.33%) short=sl(-5.33%) | scanned=17 | no_tp→fwd_return=+3.2480
  [label] 2022-11-28 08:00 LINKUSDT entry=6.7080 → LONG | long=tp(+14.07%) short=sl(-7.19%) | scanned=5 | long_tp_only
  [label] 2022-12-08 08:00 LINKUSDT entry=6.9210 → SHORT | long=sl(-5.55%) short=timeout(+4.94%) | scanned=22 | no_tp→fwd_return=-5.0426
  [label] 2023-03-04 08:00 LINKUSDT entry=6.9210 → SHORT | long=sl(-5.80%) short=tp(+11.30%) | scanned=16 | short_tp_only
  [sample_weight_mode=composite_inv_concurrency] cell=(C, 2023-04) weight_mean=1.0000 weight_std=0.5005 kish=0.7997
  Labels: 1092 long (50.4%), 1076 short (49.6%) | weights: min=0.98, mean=1.00, max=20.48
  Features: 2168/2168 matched, 43 columns
  CV gap: 22 rows
  [ensemble 1/5] seed=42
  [frozen_hp] Trained with baseline HP: n_est=55 depth=4 ct=0.634
  [ensemble 2/5] seed=123
  [frozen_hp] Trained with baseline HP: n_est=373 depth=3 ct=0.757
  [ensemble 3/5] seed=456
  [frozen_hp] Trained with baseline HP: n_est=98 depth=4 ct=0.760
  [ensemble 4/5] seed=789
  [frozen_hp] Trained with baseline HP: n_est=421 depth=5 ct=0.614
  [ensemble 5/5] seed=1001
  [frozen_hp] Trained with baseline HP: n_est=233 depth=5 ct=0.774
  OOD: 16 features, cutoff (q=0.7) = 13.57
  Model trained for 2023-04: 90 test candles with features, confidence_threshold=0.708
[trade:close] 2023-04-03 08:00 LINKUSDT LONG → timeout @ 7.25 | PnL=+1.70% (net +1.60%) | cum=+6.52% 2023-04=+1.60% 2023-04-03=+1.60%
[predict] 2023-04-04 16:00 LINKUSDT → LONG (proba=0.73 TP=9.7%/SL=4.9%)
[trade:open] 2023-04-04 23:59 LINKUSDT LONG @ 7.37 | SL=7.01 TP=8.08 | timeout=2023-04-11 23:59
[trade:close] 2023-04-12 00:00 LINKUSDT LONG → timeout @ 7.30 | PnL=-0.95% (net -1.05%) | cum=+5.47% 2023-04=+0.55% 2023-04-12=-1.05%
[predict] 2023-04-13 16:00 LINKUSDT → LONG (proba=0.82 TP=7.4%/SL=3.7%)
[trade:open] 2023-04-13 23:59 LINKUSDT LONG @ 7.46 | SL=7.18 TP=8.01 | timeout=2023-04-20 23:59
[trade:close] 2023-04-15 15:59 LINKUSDT LONG → take_profit @ 8.01 | PnL=+7.38% (net +7.28%) | cum=+12.75% 2023-04=+7.83% 2023-04-15=+7.28%
[predict] 2023-04-16 08:00 LINKUSDT → LONG (proba=0.81 TP=9.1%/SL=4.6%)
[trade:open] 2023-04-16 15:59 LINKUSDT LONG @ 7.96 | SL=7.60 TP=8.68 | timeout=2023-04-23 15:59
[trade:close] 2023-04-18 15:59 LINKUSDT LONG → take_profit @ 8.68 | PnL=+9.10% (net +9.00%) | cum=+21.76% 2023-04=+16.83% 2023-04-18=+9.00%
[predict] 2023-04-24 16:00 LINKUSDT → LONG (proba=0.71 TP=11.6%/SL=5.8%)
[trade:open] 2023-04-24 23:59 LINKUSDT LONG @ 7.07 | SL=6.65 TP=7.89 | timeout=2023-05-01 23:59
[lgbm] === Training for 2023-05 ===
  Train window: 2021-05-01 → 2023-04-23
  2168 training samples from 1 symbols
  Samples per month: 2021-05: 93, 2021-06: 90, 2021-07: 93, 2021-08: 93, 2021-09: 90, 2021-10: 93, 2021-11: 90, 2021-12: 93, 2022-01: 93, 2022-02: 84, 2022-03: 93, 2022-04: 90, 2022-05: 93, 2022-06: 90, 2022-07: 93, 2022-08: 93, 2022-09: 90, 2022-10: 93, 2022-11: 90, 2022-12: 93, 2023-01: 93, 2023-02: 84, 2023-03: 93, 2023-04: 68
  [label] 2021-07-01 16:00 LINKUSDT entry=18.1690 → LONG | long=timeout(+0.96%) short=sl(-11.17%) | scanned=22 | no_tp→fwd_return=+1.0622
  [label] 2021-07-03 16:00 LINKUSDT entry=18.5430 → SHORT | long=timeout(-1.95%) short=sl(-9.25%) | scanned=22 | no_tp→fwd_return=-1.8498
  [label] 2021-07-07 16:00 LINKUSDT entry=19.7830 → SHORT | long=sl(-9.05%) short=tp(+17.80%) | scanned=19 | short_tp_only
  [label] 2021-08-01 08:00 LINKUSDT entry=22.8630 → LONG | long=timeout(+4.07%) short=sl(-9.12%) | scanned=22 | no_tp→fwd_return=+4.1683
  [label] 2021-09-22 16:00 LINKUSDT entry=24.4430 → SHORT | long=sl(-12.23%) short=timeout(+6.45%) | scanned=22 | no_tp→fwd_return=-6.5458
  [label] 2022-03-07 16:00 LINKUSDT entry=12.6640 → LONG | long=timeout(+5.70%) short=sl(-9.71%) | scanned=22 | no_tp→fwd_return=+5.7960
  [label] 2022-03-11 16:00 LINKUSDT entry=13.0380 → LONG | long=tp(+16.37%) short=sl(-8.34%) | scanned=21 | long_tp_only
  [label] 2022-03-22 08:00 LINKUSDT entry=15.5170 → LONG | long=tp(+11.24%) short=sl(-5.77%) | scanned=18 | long_tp_only
  [label] 2022-05-06 08:00 LINKUSDT entry=10.6990 → SHORT | long=sl(-9.00%) short=tp(+17.70%) | scanned=10 | short_tp_only
  [label] 2022-05-14 16:00 LINKUSDT entry=7.2460 → SHORT | long=timeout(-2.80%) short=timeout(+2.60%) | scanned=22 | no_tp→fwd_return=-2.7049
  [label] 2022-08-13 00:00 LINKUSDT entry=9.2290 → SHORT | long=sl(-7.21%) short=tp(+14.12%) | scanned=17 | short_tp_only
  [label] 2022-09-14 00:00 LINKUSDT entry=7.1890 → SHORT | long=timeout(-4.76%) short=sl(-8.41%) | scanned=22 | no_tp→fwd_return=-4.6599
  [label] 2022-09-30 00:00 LINKUSDT entry=7.8660 → SHORT | long=sl(-8.12%) short=timeout(+1.95%) | scanned=22 | no_tp→fwd_return=-2.0468
  [label] 2022-10-12 16:00 LINKUSDT entry=7.1420 → SHORT | long=sl(-4.95%) short=tp(+9.59%) | scanned=2 | short_tp_only
  [label] 2022-10-31 08:00 LINKUSDT entry=8.0040 → LONG | long=sl(-6.33%) short=sl(-6.33%) | scanned=13 | no_tp→fwd_return=+8.8456
  [label] 2022-11-06 16:00 LINKUSDT entry=8.0960 → SHORT | long=sl(-8.67%) short=sl(-8.67%) | scanned=6 | no_tp→fwd_return=-4.8666
  [label] 2022-11-19 00:00 LINKUSDT entry=6.0700 → LONG | long=sl(-8.77%) short=sl(-8.77%) | scanned=12 | no_tp→fwd_return=+7.8748
  [label] 2022-12-28 08:00 LINKUSDT entry=5.7220 → LONG | long=sl(-3.66%) short=timeout(-1.62%) | scanned=22 | no_tp→fwd_return=+1.5204
  [label] 2023-01-07 08:00 LINKUSDT entry=5.8140 → LONG | long=tp(+7.04%) short=sl(-3.67%) | scanned=7 | long_tp_only
  [label] 2023-04-03 08:00 LINKUSDT entry=7.2760 → SHORT | long=timeout(-1.05%) short=timeout(+0.85%) | scanned=22 | no_tp→fwd_return=-0.9483
  [sample_weight_mode=composite_inv_concurrency] cell=(C, 2023-05) weight_mean=1.0000 weight_std=0.5005 kish=0.7997
  Labels: 1080 long (49.8%), 1088 short (50.2%) | weights: min=0.98, mean=1.00, max=20.48
  Features: 2168/2168 matched, 43 columns
  CV gap: 22 rows
  [ensemble 1/5] seed=42
  [frozen_hp] Trained with baseline HP: n_est=271 depth=4 ct=0.850
  [ensemble 2/5] seed=123
  [frozen_hp] Trained with baseline HP: n_est=102 depth=4 ct=0.816
  [ensemble 3/5] seed=456
  [frozen_hp] Trained with baseline HP: n_est=482 depth=5 ct=0.834
  [ensemble 4/5] seed=789
  [frozen_hp] Trained with baseline HP: n_est=110 depth=4 ct=0.779
  [ensemble 5/5] seed=1001
  [frozen_hp] Trained with baseline HP: n_est=421 depth=5 ct=0.847
  OOD: 16 features, cutoff (q=0.7) = 13.27
  Model trained for 2023-05: 93 test candles with features, confidence_threshold=0.825
[trade:close] 2023-05-02 00:00 LINKUSDT LONG → timeout @ 6.89 | PnL=-2.46% (net -2.56%) | cum=+19.19% 2023-05=-2.56% 2023-05-02=-2.56%
[predict] 2023-05-04 00:00 LINKUSDT → LONG (proba=0.87 TP=8.8%/SL=4.4%)
[trade:open] 2023-05-04 07:59 LINKUSDT LONG @ 7.07 | SL=6.75 TP=7.69 | timeout=2023-05-11 07:59
[trade:close] 2023-05-08 07:59 LINKUSDT LONG → stop_loss @ 6.75 | PnL=-4.39% (net -4.49%) | cum=+14.70% 2023-05=-7.06% 2023-05-08=-4.49%
[predict] 2023-05-15 08:00 LINKUSDT → LONG (proba=0.83 TP=8.4%/SL=4.2%)
[trade:open] 2023-05-15 15:59 LINKUSDT LONG @ 6.65 | SL=6.37 TP=7.21 | timeout=2023-05-22 15:59
[trade:close] 2023-05-21 15:59 LINKUSDT LONG → stop_loss @ 6.37 | PnL=-4.21% (net -4.31%) | cum=+10.39% 2023-05=-11.37% 2023-05-21=-4.31%
[predict] 2023-05-22 16:00 LINKUSDT → LONG (proba=0.89 TP=5.9%/SL=3.0%)
[trade:open] 2023-05-22 23:59 LINKUSDT LONG @ 6.53 | SL=6.34 TP=6.92 | timeout=2023-05-29 23:59
[trade:close] 2023-05-24 07:59 LINKUSDT LONG → stop_loss @ 6.34 | PnL=-2.96% (net -3.06%) | cum=+7.33% 2023-05=-14.43% 2023-05-24=-3.06%
[lgbm] === Training for 2023-06 ===
  Train window: 2021-06-01 → 2023-05-24
  2168 training samples from 1 symbols
  Samples per month: 2021-06: 90, 2021-07: 93, 2021-08: 93, 2021-09: 90, 2021-10: 93, 2021-11: 90, 2021-12: 93, 2022-01: 93, 2022-02: 84, 2022-03: 93, 2022-04: 90, 2022-05: 93, 2022-06: 90, 2022-07: 93, 2022-08: 93, 2022-09: 90, 2022-10: 93, 2022-11: 90, 2022-12: 93, 2023-01: 93, 2023-02: 84, 2023-03: 93, 2023-04: 90, 2023-05: 71
  [label] 2021-08-01 16:00 LINKUSDT entry=22.0670 → LONG | long=timeout(+4.28%) short=sl(-10.16%) | scanned=22 | no_tp→fwd_return=+4.3821
  [label] 2021-08-03 16:00 LINKUSDT entry=23.9450 → LONG | long=timeout(+2.45%) short=timeout(-2.65%) | scanned=22 | no_tp→fwd_return=+2.5517
  [label] 2021-08-07 16:00 LINKUSDT entry=24.7080 → LONG | long=sl(-8.27%) short=sl(-8.27%) | scanned=11 | no_tp→fwd_return=+7.4065
  [label] 2021-09-01 08:00 LINKUSDT entry=29.1360 → LONG | long=tp(+15.91%) short=sl(-8.11%) | scanned=14 | long_tp_only
  [label] 2021-10-23 16:00 LINKUSDT entry=31.3900 → LONG | long=sl(-6.72%) short=sl(-6.72%) | scanned=9 | no_tp→fwd_return=+3.7018
  [label] 2022-04-07 16:00 LINKUSDT entry=15.7330 → SHORT | long=sl(-7.14%) short=tp(+13.98%) | scanned=12 | short_tp_only
  [label] 2022-04-11 16:00 LINKUSDT entry=13.7550 → LONG | long=timeout(+2.02%) short=timeout(-2.22%) | scanned=22 | no_tp→fwd_return=+2.1229
  [label] 2022-04-22 08:00 LINKUSDT entry=13.5180 → SHORT | long=sl(-6.42%) short=timeout(+8.95%) | scanned=22 | no_tp→fwd_return=-9.0472
  [label] 2022-06-06 08:00 LINKUSDT entry=7.9040 → LONG | long=tp(+15.36%) short=sl(-7.83%) | scanned=9 | long_tp_only
  [label] 2022-06-14 16:00 LINKUSDT entry=6.7260 → LONG | long=sl(-16.91%) short=timeout(-2.00%) | scanned=22 | no_tp→fwd_return=+1.9031
  [label] 2022-09-13 00:00 LINKUSDT entry=7.7930 → SHORT | long=sl(-6.99%) short=timeout(+7.46%) | scanned=22 | no_tp→fwd_return=-7.5581
  [label] 2022-10-15 00:00 LINKUSDT entry=6.9070 → SHORT | long=sl(-6.36%) short=sl(-6.36%) | scanned=19 | no_tp→fwd_return=-2.5771
  [label] 2022-10-31 00:00 LINKUSDT entry=7.9650 → LONG | long=sl(-5.90%) short=sl(-5.90%) | scanned=13 | no_tp→fwd_return=+3.2768
  [label] 2022-11-12 16:00 LINKUSDT entry=6.2780 → SHORT | long=timeout(-2.28%) short=timeout(+2.08%) | scanned=22 | no_tp→fwd_return=-2.1822
  [label] 2022-12-01 08:00 LINKUSDT entry=7.6950 → SHORT | long=sl(-7.06%) short=timeout(+9.96%) | scanned=22 | no_tp→fwd_return=-10.0585
  [label] 2022-12-07 16:00 LINKUSDT entry=6.8770 → SHORT | long=sl(-5.92%) short=timeout(+2.24%) | scanned=22 | no_tp→fwd_return=-2.3411
  [label] 2022-12-20 00:00 LINKUSDT entry=6.0330 → SHORT | long=timeout(-0.83%) short=timeout(+0.63%) | scanned=22 | no_tp→fwd_return=-0.7293
  [label] 2023-01-28 08:00 LINKUSDT entry=7.2470 → LONG | long=sl(-7.39%) short=timeout(-0.39%) | scanned=22 | no_tp→fwd_return=+0.2898
  [label] 2023-02-07 08:00 LINKUSDT entry=6.9760 → LONG | long=tp(+10.90%) short=sl(-5.60%) | scanned=6 | long_tp_only
  [label] 2023-05-04 08:00 LINKUSDT entry=7.0260 → SHORT | long=sl(-4.43%) short=tp(+8.56%) | scanned=13 | short_tp_only
  [sample_weight_mode=composite_inv_concurrency] cell=(C, 2023-06) weight_mean=1.0000 weight_std=0.5005 kish=0.7997
  Labels: 1064 long (49.1%), 1104 short (50.9%) | weights: min=0.98, mean=1.00, max=20.48
  Features: 2168/2168 matched, 43 columns
  CV gap: 22 rows
  [ensemble 1/5] seed=42
  [frozen_hp] Trained with baseline HP: n_est=103 depth=5 ct=0.811
  [ensemble 2/5] seed=123
  [frozen_hp] Trained with baseline HP: n_est=115 depth=3 ct=0.769
  [ensemble 3/5] seed=456
  [frozen_hp] Trained with baseline HP: n_est=52 depth=3 ct=0.747
  [ensemble 4/5] seed=789
  [frozen_hp] Trained with baseline HP: n_est=300 depth=3 ct=0.850
  [ensemble 5/5] seed=1001
  [frozen_hp] Trained with baseline HP: n_est=178 depth=3 ct=0.730
  OOD: 16 features, cutoff (q=0.7) = 14.39
  Model trained for 2023-06: 90 test candles with features, confidence_threshold=0.781
[predict] 2023-06-14 08:00 LINKUSDT → SHORT (proba=0.78 TP=11.4%/SL=5.7%)
[trade:open] 2023-06-14 15:59 LINKUSDT SHORT @ 5.39 | SL=5.70 TP=4.77 | timeout=2023-06-21 15:59
[trade:close] 2023-06-21 16:00 LINKUSDT SHORT → timeout @ 5.43 | PnL=-0.85% (net -0.95%) | cum=+6.37% 2023-06=-0.95% 2023-06-21=-0.95%
[lgbm] === Training for 2023-07 ===
  Train window: 2021-07-01 → 2023-06-23
  2168 training samples from 1 symbols
  Samples per month: 2021-07: 93, 2021-08: 93, 2021-09: 90, 2021-10: 93, 2021-11: 90, 2021-12: 93, 2022-01: 93, 2022-02: 84, 2022-03: 93, 2022-04: 90, 2022-05: 93, 2022-06: 90, 2022-07: 93, 2022-08: 93, 2022-09: 90, 2022-10: 93, 2022-11: 90, 2022-12: 93, 2023-01: 93, 2023-02: 84, 2023-03: 93, 2023-04: 90, 2023-05: 93, 2023-06: 68
  [label] 2021-08-31 16:00 LINKUSDT entry=26.7190 → LONG | long=tp(+15.93%) short=sl(-8.12%) | scanned=8 | long_tp_only
  [label] 2021-09-02 16:00 LINKUSDT entry=29.9840 → LONG | long=tp(+15.35%) short=sl(-7.83%) | scanned=10 | long_tp_only
  [label] 2021-09-06 16:00 LINKUSDT entry=34.8420 → SHORT | long=sl(-8.09%) short=tp(+15.88%) | scanned=2 | short_tp_only
  [label] 2021-10-01 08:00 LINKUSDT entry=26.0650 → LONG | long=timeout(+3.56%) short=timeout(-3.76%) | scanned=22 | no_tp→fwd_return=+3.6639
  [label] 2021-11-22 16:00 LINKUSDT entry=26.7670 → SHORT | long=sl(-8.83%) short=timeout(+6.49%) | scanned=22 | no_tp→fwd_return=-6.5865
  [label] 2022-05-07 16:00 LINKUSDT entry=10.2050 → SHORT | long=sl(-8.74%) short=tp(+17.18%) | scanned=6 | short_tp_only
  [label] 2022-05-11 16:00 LINKUSDT entry=6.9360 → SHORT | long=timeout(-2.09%) short=timeout(+1.89%) | scanned=22 | no_tp→fwd_return=-1.9896
  [label] 2022-05-22 08:00 LINKUSDT entry=7.2410 → SHORT | long=sl(-9.57%) short=timeout(+8.06%) | scanned=22 | no_tp→fwd_return=-8.1619
  [label] 2022-07-06 08:00 LINKUSDT entry=6.2270 → SHORT | long=sl(-8.01%) short=sl(-8.01%) | scanned=21 | no_tp→fwd_return=-4.8338
  [label] 2022-07-14 16:00 LINKUSDT entry=6.2710 → LONG | long=tp(+14.14%) short=sl(-7.22%) | scanned=13 | long_tp_only
  [label] 2022-10-13 00:00 LINKUSDT entry=6.7120 → LONG | long=sl(-6.10%) short=sl(-6.10%) | scanned=3 | no_tp→fwd_return=+6.0936
  [label] 2022-11-14 00:00 LINKUSDT entry=6.2280 → SHORT | long=timeout(-7.76%) short=timeout(+7.56%) | scanned=22 | no_tp→fwd_return=-7.6590
  [label] 2022-11-30 00:00 LINKUSDT entry=7.4780 → SHORT | long=sl(-7.17%) short=timeout(+8.98%) | scanned=22 | no_tp→fwd_return=-9.0800
  [label] 2022-12-12 16:00 LINKUSDT entry=6.6960 → SHORT | long=sl(-4.79%) short=sl(-4.79%) | scanned=9 | no_tp→fwd_return=-3.6589
  [label] 2022-12-31 08:00 LINKUSDT entry=5.5860 → LONG | long=timeout(+3.98%) short=sl(-4.19%) | scanned=22 | no_tp→fwd_return=+4.0816
  [label] 2023-01-06 16:00 LINKUSDT entry=5.7100 → LONG | long=tp(+7.43%) short=sl(-3.87%) | scanned=7 | long_tp_only
  [label] 2023-01-19 00:00 LINKUSDT entry=6.4370 → LONG | long=timeout(+7.12%) short=sl(-8.22%) | scanned=22 | no_tp→fwd_return=+7.2239
  [label] 2023-02-27 08:00 LINKUSDT entry=7.3680 → SHORT | long=sl(-6.72%) short=timeout(+5.44%) | scanned=22 | no_tp→fwd_return=-5.5375
  [label] 2023-03-09 08:00 LINKUSDT entry=6.6020 → SHORT | long=sl(-5.15%) short=tp(+10.00%) | scanned=3 | short_tp_only
  [label] 2023-06-03 08:00 LINKUSDT entry=6.4360 → SHORT | long=sl(-3.04%) short=tp(+5.77%) | scanned=6 | short_tp_only
  [sample_weight_mode=composite_inv_concurrency] cell=(C, 2023-07) weight_mean=1.0000 weight_std=0.5005 kish=0.7997
  Labels: 1074 long (49.5%), 1094 short (50.5%) | weights: min=0.98, mean=1.00, max=20.48
  Features: 2168/2168 matched, 43 columns
  CV gap: 22 rows
  [ensemble 1/5] seed=42
  [frozen_hp] Trained with baseline HP: n_est=479 depth=3 ct=0.587
  [ensemble 2/5] seed=123
  [frozen_hp] Trained with baseline HP: n_est=99 depth=4 ct=0.714
  [ensemble 3/5] seed=456
  [frozen_hp] Trained with baseline HP: n_est=266 depth=4 ct=0.648
  [ensemble 4/5] seed=789
  [frozen_hp] Trained with baseline HP: n_est=440 depth=5 ct=0.777
  [ensemble 5/5] seed=1001
  [frozen_hp] Trained with baseline HP: n_est=407 depth=4 ct=0.641
  OOD: 16 features, cutoff (q=0.7) = 14.36
  Model trained for 2023-07: 93 test candles with features, confidence_threshold=0.673
[predict] 2023-07-01 00:00 LINKUSDT → LONG (proba=0.87 TP=14.9%/SL=7.5%)
[trade:open] 2023-07-01 07:59 LINKUSDT LONG @ 6.25 | SL=5.78 TP=7.18 | timeout=2023-07-08 07:59
[trade:close] 2023-07-08 08:00 LINKUSDT LONG → timeout @ 6.15 | PnL=-1.49% (net -1.59%) | cum=+4.78% 2023-07=-1.59% 2023-07-08=-1.59%
[predict] 2023-07-12 00:00 LINKUSDT → SHORT (proba=0.70 TP=7.1%/SL=3.6%)
[trade:open] 2023-07-12 07:59 LINKUSDT SHORT @ 6.26 | SL=6.48 TP=5.81 | timeout=2023-07-19 07:59
[trade:close] 2023-07-13 15:59 LINKUSDT SHORT → stop_loss @ 6.48 | PnL=-3.57% (net -3.67%) | cum=+1.12% 2023-07=-5.26% 2023-07-13=-3.67%
[predict] 2023-07-15 16:00 LINKUSDT → LONG (proba=0.72 TP=10.3%/SL=5.1%)
[trade:open] 2023-07-15 23:59 LINKUSDT LONG @ 6.91 | SL=6.56 TP=7.62 | timeout=2023-07-22 23:59
[trade:close] 2023-07-16 23:59 LINKUSDT LONG → stop_loss @ 6.56 | PnL=-5.13% (net -5.23%) | cum=-4.11% 2023-07=-10.48% 2023-07-16=-5.23%
[predict] 2023-07-19 00:00 LINKUSDT → LONG (proba=0.71 TP=12.3%/SL=6.2%)
[trade:open] 2023-07-19 07:59 LINKUSDT LONG @ 6.88 | SL=6.45 TP=7.73 | timeout=2023-07-26 07:59
[trade:close] 2023-07-20 15:59 LINKUSDT LONG → take_profit @ 7.73 | PnL=+12.34% (net +12.24%) | cum=+8.13% 2023-07=+1.75% 2023-07-20=+12.24%
[predict] 2023-07-23 00:00 LINKUSDT → SHORT (proba=0.81 TP=14.0%/SL=7.0%)
[trade:open] 2023-07-23 07:59 LINKUSDT SHORT @ 8.00 | SL=8.56 TP=6.88 | timeout=2023-07-30 07:59
[trade:close] 2023-07-30 08:00 LINKUSDT SHORT → timeout @ 7.76 | PnL=+2.94% (net +2.84%) | cum=+10.96% 2023-07=+4.59% 2023-07-30=+2.84%
[predict] 2023-07-31 00:00 LINKUSDT → SHORT (proba=0.78 TP=9.7%/SL=4.8%)
[trade:open] 2023-07-31 07:59 LINKUSDT SHORT @ 7.60 | SL=7.97 TP=6.86 | timeout=2023-08-07 07:59
[lgbm] === Training for 2023-08 ===
  Train window: 2021-08-01 → 2023-07-24
  2168 training samples from 1 symbols
  Samples per month: 2021-08: 93, 2021-09: 90, 2021-10: 93, 2021-11: 90, 2021-12: 93, 2022-01: 93, 2022-02: 84, 2022-03: 93, 2022-04: 90, 2022-05: 93, 2022-06: 90, 2022-07: 93, 2022-08: 93, 2022-09: 90, 2022-10: 93, 2022-11: 90, 2022-12: 93, 2023-01: 93, 2023-02: 84, 2023-03: 93, 2023-04: 90, 2023-05: 93, 2023-06: 90, 2023-07: 71
  [label] 2021-10-01 16:00 LINKUSDT entry=26.3180 → LONG | long=timeout(+0.25%) short=timeout(-0.45%) | scanned=22 | no_tp→fwd_return=+0.3496
  [label] 2021-10-03 16:00 LINKUSDT entry=27.5840 → SHORT | long=sl(-7.66%) short=timeout(+7.26%) | scanned=22 | no_tp→fwd_return=-7.3630
  [label] 2021-10-07 16:00 LINKUSDT entry=26.8650 → SHORT | long=sl(-8.42%) short=timeout(+0.33%) | scanned=22 | no_tp→fwd_return=-0.4281
  [label] 2021-11-01 08:00 LINKUSDT entry=31.4930 → LONG | long=timeout(+9.12%) short=sl(-7.73%) | scanned=22 | no_tp→fwd_return=+9.2243
  [label] 2021-12-23 16:00 LINKUSDT entry=22.1660 → SHORT | long=sl(-8.04%) short=sl(-8.04%) | scanned=15 | no_tp→fwd_return=-8.0619
  [label] 2022-06-07 16:00 LINKUSDT entry=8.7040 → SHORT | long=sl(-9.37%) short=sl(-9.37%) | scanned=11 | no_tp→fwd_return=-17.8653
  [label] 2022-06-11 16:00 LINKUSDT entry=7.0400 → SHORT | long=sl(-14.43%) short=timeout(+15.79%) | scanned=22 | no_tp→fwd_return=-15.8949
  [label] 2022-06-22 08:00 LINKUSDT entry=6.7130 → SHORT | long=timeout(-5.60%) short=timeout(+5.40%) | scanned=22 | no_tp→fwd_return=-5.4968
  [label] 2022-08-06 08:00 LINKUSDT entry=7.8780 → LONG | long=tp(+14.06%) short=sl(-7.18%) | scanned=12 | long_tp_only
  [label] 2022-08-14 16:00 LINKUSDT entry=8.7640 → SHORT | long=sl(-7.30%) short=tp(+14.29%) | scanned=13 | short_tp_only
  [label] 2022-11-13 00:00 LINKUSDT entry=6.3450 → SHORT | long=timeout(-1.99%) short=timeout(+1.79%) | scanned=22 | no_tp→fwd_return=-1.8913
  [label] 2022-12-15 00:00 LINKUSDT entry=6.6080 → SHORT | long=sl(-5.35%) short=tp(+10.40%) | scanned=5 | short_tp_only
  [label] 2022-12-31 00:00 LINKUSDT entry=5.4580 → LONG | long=timeout(+5.69%) short=sl(-4.13%) | scanned=22 | no_tp→fwd_return=+5.7897
  [label] 2023-01-12 16:00 LINKUSDT entry=6.3840 → LONG | long=tp(+9.81%) short=sl(-5.05%) | scanned=4 | long_tp_only
  [label] 2023-01-31 08:00 LINKUSDT entry=6.9950 → SHORT | long=timeout(-0.37%) short=sl(-6.69%) | scanned=22 | no_tp→fwd_return=-0.2716
  [label] 2023-02-06 16:00 LINKUSDT entry=6.8310 → LONG | long=tp(+11.77%) short=sl(-6.03%) | scanned=8 | long_tp_only
  [label] 2023-02-19 00:00 LINKUSDT entry=8.1240 → SHORT | long=sl(-6.90%) short=timeout(+8.82%) | scanned=22 | no_tp→fwd_return=-8.9242
  [label] 2023-03-30 08:00 LINKUSDT entry=7.2630 → LONG | long=timeout(-0.02%) short=sl(-5.66%) | scanned=22 | no_tp→fwd_return=+0.0826
  [label] 2023-04-09 08:00 LINKUSDT entry=7.1050 → LONG | long=tp(+7.37%) short=sl(-3.84%) | scanned=14 | long_tp_only
  [label] 2023-07-04 08:00 LINKUSDT entry=6.5000 → SHORT | long=sl(-5.49%) short=timeout(+4.65%) | scanned=22 | no_tp→fwd_return=-4.7538
  [sample_weight_mode=composite_inv_concurrency] cell=(C, 2023-08) weight_mean=1.0000 weight_std=0.5005 kish=0.7997
  Labels: 1080 long (49.8%), 1088 short (50.2%) | weights: min=0.98, mean=1.00, max=20.48
  Features: 2168/2168 matched, 43 columns
  CV gap: 22 rows
  [ensemble 1/5] seed=42
  [frozen_hp] Trained with baseline HP: n_est=76 depth=4 ct=0.699
  [ensemble 2/5] seed=123
  [frozen_hp] Trained with baseline HP: n_est=316 depth=4 ct=0.714
  [ensemble 3/5] seed=456
  [frozen_hp] Trained with baseline HP: n_est=302 depth=3 ct=0.834
  [ensemble 4/5] seed=789
  [frozen_hp] Trained with baseline HP: n_est=417 depth=4 ct=0.798
  [ensemble 5/5] seed=1001
  [frozen_hp] Trained with baseline HP: n_est=289 depth=3 ct=0.768
  OOD: 16 features, cutoff (q=0.7) = 14.22
  Model trained for 2023-08: 93 test candles with features, confidence_threshold=0.763
[trade:close] 2023-08-07 08:00 LINKUSDT SHORT → timeout @ 7.19 | PnL=+5.43% (net +5.33%) | cum=+16.30% 2023-08=+5.33% 2023-08-07=+5.33%
[predict] 2023-08-14 16:00 LINKUSDT → LONG (proba=0.78 TP=7.7%/SL=3.9%)
[trade:open] 2023-08-14 23:59 LINKUSDT LONG @ 7.41 | SL=7.12 TP=7.98 | timeout=2023-08-21 23:59
[trade:close] 2023-08-15 23:59 LINKUSDT LONG → stop_loss @ 7.12 | PnL=-3.86% (net -3.96%) | cum=+12.34% 2023-08=+1.38% 2023-08-15=-3.96%
[lgbm] === Training for 2023-09 ===
  Train window: 2021-09-01 → 2023-08-24
  2168 training samples from 1 symbols
  Samples per month: 2021-09: 90, 2021-10: 93, 2021-11: 90, 2021-12: 93, 2022-01: 93, 2022-02: 84, 2022-03: 93, 2022-04: 90, 2022-05: 93, 2022-06: 90, 2022-07: 93, 2022-08: 93, 2022-09: 90, 2022-10: 93, 2022-11: 90, 2022-12: 93, 2023-01: 93, 2023-02: 84, 2023-03: 93, 2023-04: 90, 2023-05: 93, 2023-06: 90, 2023-07: 93, 2023-08: 71
  [label] 2021-11-01 16:00 LINKUSDT entry=31.7060 → LONG | long=timeout(+8.74%) short=sl(-7.55%) | scanned=22 | no_tp→fwd_return=+8.8406
  [label] 2021-11-03 16:00 LINKUSDT entry=31.9830 → LONG | long=tp(+13.85%) short=sl(-7.08%) | scanned=20 | long_tp_only
  [label] 2021-11-07 16:00 LINKUSDT entry=32.3700 → LONG | long=tp(+12.41%) short=sl(-6.36%) | scanned=8 | long_tp_only
  [label] 2021-12-02 08:00 LINKUSDT entry=24.7630 → SHORT | long=sl(-8.68%) short=tp(+17.06%) | scanned=5 | short_tp_only
  [label] 2022-01-23 16:00 LINKUSDT entry=16.6220 → LONG | long=sl(-16.21%) short=timeout(-6.91%) | scanned=22 | no_tp→fwd_return=+6.8103
  [label] 2022-07-08 16:00 LINKUSDT entry=6.3490 → SHORT | long=sl(-7.15%) short=timeout(+0.34%) | scanned=22 | no_tp→fwd_return=-0.4410
  [label] 2022-07-12 16:00 LINKUSDT entry=5.9450 → LONG | long=tp(+14.18%) short=sl(-7.24%) | scanned=16 | long_tp_only
  [label] 2022-07-23 08:00 LINKUSDT entry=6.7390 → LONG | long=sl(-8.41%) short=sl(-8.41%) | scanned=17 | no_tp→fwd_return=+12.6577
  [label] 2022-09-06 08:00 LINKUSDT entry=7.1830 → LONG | long=sl(-6.68%) short=sl(-6.68%) | scanned=8 | no_tp→fwd_return=+9.3554
  [label] 2022-09-14 16:00 LINKUSDT entry=7.4510 → SHORT | long=sl(-7.97%) short=sl(-7.97%) | scanned=18 | no_tp→fwd_return=-7.6366
  [label] 2022-12-14 00:00 LINKUSDT entry=6.8800 → SHORT | long=sl(-5.36%) short=tp(+10.43%) | scanned=7 | short_tp_only
  [label] 2023-01-15 00:00 LINKUSDT entry=6.7480 → LONG | long=sl(-6.57%) short=timeout(-2.29%) | scanned=22 | no_tp→fwd_return=+2.1932
  [label] 2023-01-31 00:00 LINKUSDT entry=7.0360 → SHORT | long=timeout(-1.56%) short=timeout(+1.36%) | scanned=22 | no_tp→fwd_return=-1.4639
  [label] 2023-02-12 16:00 LINKUSDT entry=6.8060 → LONG | long=tp(+13.04%) short=sl(-6.67%) | scanned=15 | long_tp_only
  [label] 2023-03-03 08:00 LINKUSDT entry=6.8940 → SHORT | long=sl(-6.77%) short=tp(+13.24%) | scanned=21 | short_tp_only
  [label] 2023-03-09 16:00 LINKUSDT entry=6.1550 → LONG | long=tp(+12.98%) short=sl(-6.64%) | scanned=14 | long_tp_only
  [label] 2023-03-22 00:00 LINKUSDT entry=7.4760 → SHORT | long=sl(-7.37%) short=timeout(+4.05%) | scanned=22 | no_tp→fwd_return=-4.1466
  [label] 2023-04-30 08:00 LINKUSDT entry=7.2390 → SHORT | long=sl(-4.73%) short=timeout(+4.11%) | scanned=22 | no_tp→fwd_return=-4.2133
  [label] 2023-05-10 08:00 LINKUSDT entry=6.6100 → SHORT | long=sl(-4.67%) short=timeout(+0.11%) | scanned=22 | no_tp→fwd_return=-0.2118
  [label] 2023-08-04 08:00 LINKUSDT entry=7.1640 → LONG | long=tp(+9.28%) short=sl(-4.79%) | scanned=15 | long_tp_only
  [sample_weight_mode=composite_inv_concurrency] cell=(C, 2023-09) weight_mean=1.0000 weight_std=0.5005 kish=0.7997
  Labels: 1037 long (47.8%), 1131 short (52.2%) | weights: min=0.98, mean=1.00, max=20.48
  Features: 2168/2168 matched, 43 columns
  CV gap: 22 rows
  [ensemble 1/5] seed=42
  [frozen_hp] Trained with baseline HP: n_est=86 depth=4 ct=0.768
  [ensemble 2/5] seed=123
  [frozen_hp] Trained with baseline HP: n_est=115 depth=4 ct=0.712
  [ensemble 3/5] seed=456
  [frozen_hp] Trained with baseline HP: n_est=134 depth=3 ct=0.687
  [ensemble 4/5] seed=789
  [frozen_hp] Trained with baseline HP: n_est=391 depth=3 ct=0.766
  [ensemble 5/5] seed=1001
  [frozen_hp] Trained with baseline HP: n_est=199 depth=5 ct=0.807
  OOD: 16 features, cutoff (q=0.7) = 14.15
  Model trained for 2023-09: 90 test candles with features, confidence_threshold=0.748
[lgbm] === Training for 2023-10 ===
  Train window: 2021-10-01 → 2023-09-23
  2168 training samples from 1 symbols
  Samples per month: 2021-10: 93, 2021-11: 90, 2021-12: 93, 2022-01: 93, 2022-02: 84, 2022-03: 93, 2022-04: 90, 2022-05: 93, 2022-06: 90, 2022-07: 93, 2022-08: 93, 2022-09: 90, 2022-10: 93, 2022-11: 90, 2022-12: 93, 2023-01: 93, 2023-02: 84, 2023-03: 93, 2023-04: 90, 2023-05: 93, 2023-06: 90, 2023-07: 93, 2023-08: 93, 2023-09: 68
  [label] 2021-12-01 16:00 LINKUSDT entry=25.3470 → SHORT | long=sl(-8.87%) short=tp(+17.43%) | scanned=7 | short_tp_only
  [label] 2021-12-03 16:00 LINKUSDT entry=23.3020 → SHORT | long=sl(-9.52%) short=tp(+18.75%) | scanned=1 | short_tp_only
  [label] 2021-12-07 16:00 LINKUSDT entry=21.0800 → SHORT | long=sl(-12.30%) short=timeout(+12.51%) | scanned=22 | no_tp→fwd_return=-12.6139
  [label] 2022-01-01 08:00 LINKUSDT entry=20.0420 → LONG | long=tp(+16.64%) short=sl(-8.47%) | scanned=7 | long_tp_only
  [label] 2022-02-22 16:00 LINKUSDT entry=13.9830 → LONG | long=sl(-9.98%) short=sl(-9.98%) | scanned=20 | no_tp→fwd_return=+9.9120
  [label] 2022-08-07 16:00 LINKUSDT entry=8.3410 → LONG | long=tp(+12.97%) short=sl(-6.64%) | scanned=14 | long_tp_only
  [label] 2022-08-11 16:00 LINKUSDT entry=8.9570 → SHORT | long=sl(-7.69%) short=tp(+15.08%) | scanned=21 | short_tp_only
  [label] 2022-08-22 08:00 LINKUSDT entry=6.8790 → SHORT | long=sl(-7.97%) short=timeout(+4.55%) | scanned=22 | no_tp→fwd_return=-4.6518
  [label] 2022-10-06 08:00 LINKUSDT entry=7.7470 → SHORT | long=sl(-5.58%) short=tp(+10.86%) | scanned=20 | short_tp_only
  [label] 2022-10-14 16:00 LINKUSDT entry=6.8830 → SHORT | long=timeout(-1.22%) short=sl(-6.77%) | scanned=22 | no_tp→fwd_return=-1.1187
  [label] 2023-01-13 00:00 LINKUSDT entry=6.3440 → LONG | long=tp(+9.59%) short=sl(-4.94%) | scanned=3 | long_tp_only
  [label] 2023-02-14 00:00 LINKUSDT entry=6.6440 → LONG | long=tp(+12.89%) short=sl(-6.60%) | scanned=11 | long_tp_only
  [label] 2023-03-02 00:00 LINKUSDT entry=7.3540 → SHORT | long=sl(-6.12%) short=timeout(+10.18%) | scanned=22 | no_tp→fwd_return=-10.2801
  [label] 2023-03-14 16:00 LINKUSDT entry=6.9620 → LONG | long=sl(-7.22%) short=sl(-7.22%) | scanned=21 | no_tp→fwd_return=+5.9035
  [label] 2023-04-02 08:00 LINKUSDT entry=7.3180 → SHORT | long=timeout(-3.01%) short=timeout(+2.81%) | scanned=22 | no_tp→fwd_return=-2.9106
  [label] 2023-04-08 16:00 LINKUSDT entry=7.1240 → LONG | long=tp(+7.86%) short=sl(-4.08%) | scanned=16 | long_tp_only
  [label] 2023-04-21 00:00 LINKUSDT entry=7.5370 → SHORT | long=sl(-6.88%) short=timeout(+4.62%) | scanned=22 | no_tp→fwd_return=-4.7234
  [label] 2023-05-30 08:00 LINKUSDT entry=6.5770 → SHORT | long=sl(-3.12%) short=tp(+5.95%) | scanned=18 | short_tp_only
  [label] 2023-06-09 08:00 LINKUSDT entry=5.9880 → SHORT | long=sl(-3.94%) short=tp(+7.59%) | scanned=2 | short_tp_only
  [label] 2023-09-03 08:00 LINKUSDT entry=5.9890 → LONG | long=tp(+7.51%) short=sl(-3.91%) | scanned=13 | long_tp_only
  [sample_weight_mode=composite_inv_concurrency] cell=(C, 2023-10) weight_mean=1.0000 weight_std=0.5005 kish=0.7997
  Labels: 1044 long (48.2%), 1124 short (51.8%) | weights: min=0.98, mean=1.00, max=20.48
  Features: 2168/2168 matched, 43 columns
  CV gap: 22 rows
  [ensemble 1/5] seed=42
  [frozen_hp] Trained with baseline HP: n_est=51 depth=5 ct=0.771
  [ensemble 2/5] seed=123
  [frozen_hp] Trained with baseline HP: n_est=117 depth=5 ct=0.744
  [ensemble 3/5] seed=456
  [frozen_hp] Trained with baseline HP: n_est=197 depth=5 ct=0.601
  [ensemble 4/5] seed=789
  [frozen_hp] Trained with baseline HP: n_est=245 depth=4 ct=0.771
  [ensemble 5/5] seed=1001
  [frozen_hp] Trained with baseline HP: n_est=219 depth=3 ct=0.829
  OOD: 16 features, cutoff (q=0.7) = 14.01
  Model trained for 2023-10: 93 test candles with features, confidence_threshold=0.743
[predict] 2023-10-26 16:00 LINKUSDT → SHORT (proba=0.87 TP=23.5%/SL=11.8%)
[trade:open] 2023-10-26 23:59 LINKUSDT SHORT @ 10.93 | SL=12.22 TP=8.36 | timeout=2023-11-02 23:59
[lgbm] === Training for 2023-11 ===
  Train window: 2021-11-01 → 2023-10-24
  2168 training samples from 1 symbols
  Samples per month: 2021-11: 90, 2021-12: 93, 2022-01: 93, 2022-02: 84, 2022-03: 93, 2022-04: 90, 2022-05: 93, 2022-06: 90, 2022-07: 93, 2022-08: 93, 2022-09: 90, 2022-10: 93, 2022-11: 90, 2022-12: 93, 2023-01: 93, 2023-02: 84, 2023-03: 93, 2023-04: 90, 2023-05: 93, 2023-06: 90, 2023-07: 93, 2023-08: 93, 2023-09: 90, 2023-10: 71
  [label] 2022-01-01 16:00 LINKUSDT entry=20.7360 → LONG | long=tp(+15.88%) short=sl(-8.09%) | scanned=8 | long_tp_only
  [label] 2022-01-03 16:00 LINKUSDT entry=23.6970 → LONG | long=tp(+14.82%) short=sl(-7.56%) | scanned=6 | long_tp_only
  [label] 2022-01-07 16:00 LINKUSDT entry=25.9750 → SHORT | long=timeout(-1.14%) short=timeout(+0.94%) | scanned=22 | no_tp→fwd_return=-1.0356
  [label] 2022-02-01 08:00 LINKUSDT entry=17.1650 → LONG | long=sl(-10.57%) short=sl(-10.57%) | scanned=18 | no_tp→fwd_return=+10.8710
  [label] 2022-03-25 16:00 LINKUSDT entry=15.5850 → LONG | long=tp(+10.94%) short=sl(-5.62%) | scanned=8 | long_tp_only
  [label] 2022-09-07 16:00 LINKUSDT entry=7.0810 → LONG | long=tp(+14.21%) short=sl(-7.25%) | scanned=5 | long_tp_only
  [label] 2022-09-11 16:00 LINKUSDT entry=8.0220 → SHORT | long=sl(-6.31%) short=tp(+12.32%) | scanned=6 | short_tp_only
  [label] 2022-09-22 08:00 LINKUSDT entry=6.9390 → LONG | long=tp(+17.10%) short=sl(-8.70%) | scanned=14 | long_tp_only
  [label] 2022-11-06 08:00 LINKUSDT entry=8.5390 → SHORT | long=sl(-8.00%) short=sl(-8.00%) | scanned=7 | no_tp→fwd_return=-9.8021
  [label] 2022-11-14 16:00 LINKUSDT entry=6.2850 → SHORT | long=timeout(-6.70%) short=timeout(+6.50%) | scanned=22 | no_tp→fwd_return=-6.6030
  [label] 2023-02-13 00:00 LINKUSDT entry=6.7680 → LONG | long=tp(+13.09%) short=sl(-6.70%) | scanned=14 | long_tp_only
  [label] 2023-03-17 00:00 LINKUSDT entry=6.9130 → LONG | long=timeout(+8.00%) short=sl(-7.14%) | scanned=22 | no_tp→fwd_return=+8.1007
  [label] 2023-04-02 00:00 LINKUSDT entry=7.5040 → SHORT | long=sl(-4.76%) short=timeout(+5.02%) | scanned=22 | no_tp→fwd_return=-5.1173
  [label] 2023-04-14 16:00 LINKUSDT entry=7.7450 → LONG | long=tp(+9.10%) short=sl(-4.70%) | scanned=10 | long_tp_only
  [label] 2023-05-03 08:00 LINKUSDT entry=6.8640 → SHORT | long=sl(-4.53%) short=sl(-4.53%) | scanned=14 | no_tp→fwd_return=-3.4674
  [label] 2023-05-09 16:00 LINKUSDT entry=6.5180 → LONG | long=sl(-4.81%) short=timeout(-2.22%) | scanned=22 | no_tp→fwd_return=+2.1172
  [label] 2023-05-22 00:00 LINKUSDT entry=6.4690 → LONG | long=sl(-3.18%) short=sl(-3.18%) | scanned=21 | no_tp→fwd_return=+2.0560
  [label] 2023-06-30 08:00 LINKUSDT entry=6.0780 → LONG | long=timeout(+2.06%) short=sl(-7.41%) | scanned=22 | no_tp→fwd_return=+2.1553
  [label] 2023-07-10 08:00 LINKUSDT entry=6.1510 → LONG | long=tp(+7.94%) short=sl(-4.12%) | scanned=9 | long_tp_only
  [label] 2023-10-04 08:00 LINKUSDT entry=7.6320 → SHORT | long=sl(-6.74%) short=timeout(+4.24%) | scanned=22 | no_tp→fwd_return=-4.3370
  [sample_weight_mode=composite_inv_concurrency] cell=(C, 2023-11) weight_mean=1.0000 weight_std=0.5005 kish=0.7997
  Labels: 1036 long (47.8%), 1132 short (52.2%) | weights: min=0.98, mean=1.00, max=20.48
  Features: 2168/2168 matched, 43 columns
  CV gap: 22 rows
  [ensemble 1/5] seed=42
  [frozen_hp] Trained with baseline HP: n_est=344 depth=4 ct=0.847
  [ensemble 2/5] seed=123
  [frozen_hp] Trained with baseline HP: n_est=51 depth=5 ct=0.516
  [ensemble 3/5] seed=456
  [frozen_hp] Trained with baseline HP: n_est=80 depth=3 ct=0.780
  [ensemble 4/5] seed=789
  [frozen_hp] Trained with baseline HP: n_est=304 depth=5 ct=0.778
  [ensemble 5/5] seed=1001
  [frozen_hp] Trained with baseline HP: n_est=470 depth=3 ct=0.808
  OOD: 16 features, cutoff (q=0.7) = 13.77
  Model trained for 2023-11: 90 test candles with features, confidence_threshold=0.746
[trade:close] 2023-11-03 00:00 LINKUSDT SHORT → timeout @ 11.01 | PnL=-0.76% (net -0.86%) | cum=+11.48% 2023-11=-0.86% 2023-11-03=-0.86%
[predict] 2023-11-06 08:00 LINKUSDT → SHORT (proba=0.76 TP=16.2%/SL=8.1%)
[trade:open] 2023-11-06 15:59 LINKUSDT SHORT @ 12.66 | SL=13.68 TP=10.61 | timeout=2023-11-13 15:59
[trade:close] 2023-11-08 15:59 LINKUSDT SHORT → stop_loss @ 13.68 | PnL=-8.09% (net -8.19%) | cum=+3.30% 2023-11=-9.05% 2023-11-08=-8.19%
[predict] 2023-11-12 08:00 LINKUSDT → SHORT (proba=0.81 TP=21.5%/SL=10.7%)
[trade:open] 2023-11-12 15:59 LINKUSDT SHORT @ 15.95 | SL=17.67 TP=12.53 | timeout=2023-11-19 15:59
[trade:close] 2023-11-19 16:00 LINKUSDT SHORT → timeout @ 14.20 | PnL=+10.98% (net +10.88%) | cum=+14.17% 2023-11=+1.83% 2023-11-19=+10.88%
[predict] 2023-11-20 08:00 LINKUSDT → SHORT (proba=0.77 TP=17.8%/SL=8.9%)
[trade:open] 2023-11-20 15:59 LINKUSDT SHORT @ 15.13 | SL=16.48 TP=12.44 | timeout=2023-11-27 15:59
[trade:close] 2023-11-27 16:00 LINKUSDT SHORT → timeout @ 14.09 | PnL=+6.91% (net +6.81%) | cum=+20.98% 2023-11=+8.64% 2023-11-27=+6.81%
[lgbm] === Training for 2023-12 ===
  Train window: 2021-12-01 → 2023-11-23
  2168 training samples from 1 symbols
  Samples per month: 2021-12: 93, 2022-01: 93, 2022-02: 84, 2022-03: 93, 2022-04: 90, 2022-05: 93, 2022-06: 90, 2022-07: 93, 2022-08: 93, 2022-09: 90, 2022-10: 93, 2022-11: 90, 2022-12: 93, 2023-01: 93, 2023-02: 84, 2023-03: 93, 2023-04: 90, 2023-05: 93, 2023-06: 90, 2023-07: 93, 2023-08: 93, 2023-09: 90, 2023-10: 93, 2023-11: 68
  [label] 2022-01-31 16:00 LINKUSDT entry=17.1430 → LONG | long=timeout(+10.00%) short=sl(-11.18%) | scanned=22 | no_tp→fwd_return=+10.0974
  [label] 2022-02-02 16:00 LINKUSDT entry=15.7720 → LONG | long=tp(+21.64%) short=sl(-10.97%) | scanned=15 | long_tp_only
  [label] 2022-02-06 16:00 LINKUSDT entry=18.0640 → SHORT | long=sl(-7.74%) short=sl(-7.74%) | scanned=15 | no_tp→fwd_return=-10.3798
  [label] 2022-03-03 08:00 LINKUSDT entry=14.6890 → SHORT | long=sl(-9.05%) short=timeout(+9.61%) | scanned=22 | no_tp→fwd_return=-9.7148
  [label] 2022-04-24 16:00 LINKUSDT entry=13.2570 → SHORT | long=sl(-5.51%) short=tp(+10.72%) | scanned=17 | short_tp_only
  [label] 2022-10-07 16:00 LINKUSDT entry=7.6000 → SHORT | long=sl(-5.41%) short=tp(+10.52%) | scanned=16 | short_tp_only
  [label] 2022-10-11 16:00 LINKUSDT entry=7.1290 → SHORT | long=sl(-5.37%) short=tp(+10.44%) | scanned=5 | short_tp_only
  [label] 2022-10-22 08:00 LINKUSDT entry=6.8700 → LONG | long=timeout(+4.37%) short=sl(-4.90%) | scanned=22 | no_tp→fwd_return=+4.4687
  [label] 2022-12-06 08:00 LINKUSDT entry=7.2490 → SHORT | long=sl(-5.31%) short=tp(+10.32%) | scanned=17 | short_tp_only
  [label] 2022-12-14 16:00 LINKUSDT entry=6.7160 → SHORT | long=sl(-5.34%) short=tp(+10.38%) | scanned=6 | short_tp_only
  [label] 2023-03-15 00:00 LINKUSDT entry=7.0860 → LONG | long=sl(-6.98%) short=timeout(-5.60%) | scanned=22 | no_tp→fwd_return=+5.5038
  [label] 2023-04-16 00:00 LINKUSDT entry=8.0860 → SHORT | long=sl(-4.58%) short=sl(-4.58%) | scanned=11 | no_tp→fwd_return=-4.1677
  [label] 2023-05-02 00:00 LINKUSDT entry=6.9190 → SHORT | long=sl(-4.81%) short=sl(-4.81%) | scanned=18 | no_tp→fwd_return=-4.2347
  [label] 2023-05-14 16:00 LINKUSDT entry=6.5430 → SHORT | long=timeout(-1.90%) short=timeout(+1.70%) | scanned=22 | no_tp→fwd_return=-1.8035
  [label] 2023-06-02 08:00 LINKUSDT entry=6.3900 → SHORT | long=sl(-3.43%) short=tp(+6.56%) | scanned=10 | short_tp_only
  [label] 2023-06-08 16:00 LINKUSDT entry=5.9910 → SHORT | long=sl(-3.99%) short=tp(+7.69%) | scanned=4 | short_tp_only
  [label] 2023-06-21 00:00 LINKUSDT entry=5.3540 → LONG | long=tp(+9.82%) short=sl(-5.06%) | scanned=7 | long_tp_only
  [label] 2023-07-30 08:00 LINKUSDT entry=7.7160 → SHORT | long=sl(-4.51%) short=tp(+8.73%) | scanned=16 | short_tp_only
  [label] 2023-08-09 08:00 LINKUSDT entry=7.7130 → SHORT | long=sl(-4.78%) short=tp(+9.26%) | scanned=19 | short_tp_only
  [label] 2023-11-03 08:00 LINKUSDT entry=11.2820 → LONG | long=tp(+18.11%) short=sl(-9.20%) | scanned=11 | long_tp_only
  [sample_weight_mode=composite_inv_concurrency] cell=(C, 2023-12) weight_mean=1.0000 weight_std=0.5005 kish=0.7997
  Labels: 1072 long (49.4%), 1096 short (50.6%) | weights: min=0.98, mean=1.00, max=20.48
  Features: 2168/2168 matched, 43 columns
  CV gap: 22 rows
  [ensemble 1/5] seed=42
  [frozen_hp] Trained with baseline HP: n_est=114 depth=3 ct=0.724
  [ensemble 2/5] seed=123
  [frozen_hp] Trained with baseline HP: n_est=130 depth=5 ct=0.791
  [ensemble 3/5] seed=456
  [frozen_hp] Trained with baseline HP: n_est=499 depth=4 ct=0.830
  [ensemble 4/5] seed=789
  [frozen_hp] Trained with baseline HP: n_est=231 depth=5 ct=0.751
  [ensemble 5/5] seed=1001
  [frozen_hp] Trained with baseline HP: n_est=69 depth=5 ct=0.651
  OOD: 16 features, cutoff (q=0.7) = 13.72
  Model trained for 2023-12: 93 test candles with features, confidence_threshold=0.749
[predict] 2023-12-03 08:00 LINKUSDT → SHORT (proba=0.78 TP=10.7%/SL=5.4%)
[trade:open] 2023-12-03 15:59 LINKUSDT SHORT @ 15.85 | SL=16.70 TP=14.15 | timeout=2023-12-10 15:59
[trade:close] 2023-12-08 15:59 LINKUSDT SHORT → stop_loss @ 16.70 | PnL=-5.37% (net -5.47%) | cum=+15.51% 2023-12=-5.47% 2023-12-08=-5.47%
[predict] 2023-12-18 00:00 LINKUSDT → SHORT (proba=0.85 TP=14.2%/SL=7.1%)
[trade:open] 2023-12-18 07:59 LINKUSDT SHORT @ 13.88 | SL=14.87 TP=11.92 | timeout=2023-12-25 07:59
[trade:close] 2023-12-21 15:59 LINKUSDT SHORT → stop_loss @ 14.87 | PnL=-7.09% (net -7.19%) | cum=+8.32% 2023-12=-12.66% 2023-12-21=-7.19%
[lgbm] === Training for 2024-01 ===
  Train window: 2022-01-01 → 2023-12-24
  2168 training samples from 1 symbols
  Samples per month: 2022-01: 93, 2022-02: 84, 2022-03: 93, 2022-04: 90, 2022-05: 93, 2022-06: 90, 2022-07: 93, 2022-08: 93, 2022-09: 90, 2022-10: 93, 2022-11: 90, 2022-12: 93, 2023-01: 93, 2023-02: 84, 2023-03: 93, 2023-04: 90, 2023-05: 93, 2023-06: 90, 2023-07: 93, 2023-08: 93, 2023-09: 90, 2023-10: 93, 2023-11: 90, 2023-12: 71
  [label] 2022-03-03 16:00 LINKUSDT entry=14.8810 → SHORT | long=sl(-8.75%) short=timeout(+11.38%) | scanned=22 | no_tp→fwd_return=-11.4777
  [label] 2022-03-05 16:00 LINKUSDT entry=14.0170 → SHORT | long=sl(-8.16%) short=timeout(+6.17%) | scanned=22 | no_tp→fwd_return=-6.2710
  [label] 2022-03-09 16:00 LINKUSDT entry=14.0000 → LONG | long=sl(-8.64%) short=timeout(-4.82%) | scanned=22 | no_tp→fwd_return=+4.7214
  [label] 2022-04-03 08:00 LINKUSDT entry=17.8940 → SHORT | long=sl(-6.05%) short=tp(+11.80%) | scanned=9 | short_tp_only
  [label] 2022-05-25 16:00 LINKUSDT entry=6.9510 → LONG | long=sl(-8.73%) short=sl(-8.73%) | scanned=16 | no_tp→fwd_return=+7.3946
  [label] 2022-11-07 16:00 LINKUSDT entry=8.9480 → SHORT | long=sl(-9.17%) short=tp(+18.04%) | scanned=3 | short_tp_only
  [label] 2022-11-11 16:00 LINKUSDT entry=7.0390 → SHORT | long=sl(-17.94%) short=timeout(+12.13%) | scanned=22 | no_tp→fwd_return=-12.2319
  [label] 2022-11-22 08:00 LINKUSDT entry=6.3960 → LONG | long=tp(+16.23%) short=sl(-8.27%) | scanned=20 | long_tp_only
  [label] 2023-01-06 08:00 LINKUSDT entry=5.6500 → LONG | long=tp(+7.66%) short=sl(-3.98%) | scanned=8 | long_tp_only
  [label] 2023-01-14 16:00 LINKUSDT entry=6.8600 → SHORT | long=sl(-6.53%) short=timeout(-0.07%) | scanned=22 | no_tp→fwd_return=-0.0292
  [label] 2023-04-15 00:00 LINKUSDT entry=7.7060 → LONG | long=tp(+8.90%) short=sl(-4.60%) | scanned=9 | long_tp_only
  [label] 2023-05-17 00:00 LINKUSDT entry=6.5860 → SHORT | long=sl(-4.12%) short=timeout(+3.73%) | scanned=22 | no_tp→fwd_return=-3.8263
  [label] 2023-06-02 00:00 LINKUSDT entry=6.4180 → SHORT | long=sl(-3.47%) short=tp(+6.65%) | scanned=11 | short_tp_only
  [label] 2023-06-14 16:00 LINKUSDT entry=5.2470 → LONG | long=timeout(+5.71%) short=sl(-6.55%) | scanned=22 | no_tp→fwd_return=+5.8128
  [label] 2023-07-03 08:00 LINKUSDT entry=6.6290 → SHORT | long=sl(-5.95%) short=timeout(+7.11%) | scanned=22 | no_tp→fwd_return=-7.2107
  [label] 2023-07-09 16:00 LINKUSDT entry=6.1460 → LONG | long=tp(+7.95%) short=sl(-4.13%) | scanned=11 | long_tp_only
  [label] 2023-07-22 00:00 LINKUSDT entry=8.1610 → SHORT | long=sl(-6.59%) short=timeout(+4.67%) | scanned=22 | no_tp→fwd_return=-4.7666
  [label] 2023-08-30 08:00 LINKUSDT entry=5.9350 → LONG | long=timeout(+3.88%) short=sl(-4.93%) | scanned=22 | no_tp→fwd_return=+3.9764
  [label] 2023-09-09 08:00 LINKUSDT entry=6.1890 → SHORT | long=sl(-3.72%) short=tp(+7.13%) | scanned=7 | short_tp_only
  [label] 2023-12-04 08:00 LINKUSDT entry=15.4690 → SHORT | long=sl(-6.61%) short=sl(-6.61%) | scanned=20 | no_tp→fwd_return=-3.9240
  [sample_weight_mode=composite_inv_concurrency] cell=(C, 2024-01) weight_mean=1.0000 weight_std=0.5005 kish=0.7997
  Labels: 1088 long (50.2%), 1080 short (49.8%) | weights: min=0.98, mean=1.00, max=20.48
  Features: 2168/2168 matched, 43 columns
  CV gap: 22 rows
  [ensemble 1/5] seed=42
  [frozen_hp] Trained with baseline HP: n_est=52 depth=5 ct=0.645
  [ensemble 2/5] seed=123
  [frozen_hp] Trained with baseline HP: n_est=259 depth=5 ct=0.738
  [ensemble 3/5] seed=456
  [frozen_hp] Trained with baseline HP: n_est=134 depth=3 ct=0.687
  [ensemble 4/5] seed=789
  [frozen_hp] Trained with baseline HP: n_est=363 depth=5 ct=0.591
  [ensemble 5/5] seed=1001
  [frozen_hp] Trained with baseline HP: n_est=85 depth=5 ct=0.793
  OOD: 16 features, cutoff (q=0.7) = 13.50
  Model trained for 2024-01: 93 test candles with features, confidence_threshold=0.691
[predict] 2024-01-06 16:00 LINKUSDT → SHORT (proba=0.86 TP=17.7%/SL=8.9%)
[trade:open] 2024-01-06 23:59 LINKUSDT SHORT @ 13.43 | SL=14.62 TP=11.05 | timeout=2024-01-13 23:59
[trade:close] 2024-01-10 23:59 LINKUSDT SHORT → stop_loss @ 14.62 | PnL=-8.87% (net -8.97%) | cum=-0.65% 2024-01=-8.97% 2024-01-10=-8.97%
[predict] 2024-01-25 08:00 LINKUSDT → SHORT (proba=0.73 TP=15.2%/SL=7.6%)
[trade:open] 2024-01-25 15:59 LINKUSDT SHORT @ 13.59 | SL=14.62 TP=11.53 | timeout=2024-02-01 15:59
[trade:close] 2024-01-28 07:59 LINKUSDT SHORT → stop_loss @ 14.62 | PnL=-7.58% (net -7.68%) | cum=-8.33% 2024-01=-16.65% 2024-01-28=-7.68%
[predict] 2024-01-31 08:00 LINKUSDT → LONG (proba=0.73 TP=10.8%/SL=5.4%)
[trade:open] 2024-01-31 15:59 LINKUSDT LONG @ 15.71 | SL=14.86 TP=17.40 | timeout=2024-02-07 15:59
[lgbm] === Training for 2024-02 ===
  Train window: 2022-02-01 → 2024-01-24
  2168 training samples from 1 symbols
  Samples per month: 2022-02: 84, 2022-03: 93, 2022-04: 90, 2022-05: 93, 2022-06: 90, 2022-07: 93, 2022-08: 93, 2022-09: 90, 2022-10: 93, 2022-11: 90, 2022-12: 93, 2023-01: 93, 2023-02: 84, 2023-03: 93, 2023-04: 90, 2023-05: 93, 2023-06: 90, 2023-07: 93, 2023-08: 93, 2023-09: 90, 2023-10: 93, 2023-11: 90, 2023-12: 93, 2024-01: 71
  [label] 2022-04-03 16:00 LINKUSDT entry=18.0820 → SHORT | long=sl(-5.91%) short=tp(+11.52%) | scanned=8 | short_tp_only
  [label] 2022-04-05 16:00 LINKUSDT entry=16.7360 → SHORT | long=sl(-6.49%) short=tp(+12.68%) | scanned=17 | short_tp_only
  [label] 2022-04-09 16:00 LINKUSDT entry=15.4220 → SHORT | long=sl(-6.24%) short=tp(+12.19%) | scanned=6 | short_tp_only
  [label] 2022-05-04 08:00 LINKUSDT entry=11.2180 → SHORT | long=sl(-7.10%) short=sl(-7.10%) | scanned=6 | no_tp→fwd_return=-4.6265
  [label] 2022-06-25 16:00 LINKUSDT entry=7.2590 → SHORT | long=sl(-11.30%) short=timeout(+14.21%) | scanned=22 | no_tp→fwd_return=-14.3133
  [label] 2022-12-08 16:00 LINKUSDT entry=6.9970 → SHORT | long=sl(-5.40%) short=timeout(+7.70%) | scanned=22 | no_tp→fwd_return=-7.8033
  [label] 2022-12-12 16:00 LINKUSDT entry=6.6960 → SHORT | long=sl(-4.79%) short=sl(-4.79%) | scanned=9 | no_tp→fwd_return=-3.6589
  [label] 2022-12-23 08:00 LINKUSDT entry=5.9860 → SHORT | long=sl(-4.46%) short=tp(+8.62%) | scanned=20 | short_tp_only
  [label] 2023-02-06 08:00 LINKUSDT entry=7.0400 → SHORT | long=sl(-5.68%) short=sl(-5.68%) | scanned=20 | no_tp→fwd_return=-3.8636
  [label] 2023-02-14 16:00 LINKUSDT entry=6.8050 → LONG | long=tp(+12.51%) short=sl(-6.41%) | scanned=9 | long_tp_only
  [label] 2023-05-16 00:00 LINKUSDT entry=6.6880 → SHORT | long=sl(-4.15%) short=timeout(+2.01%) | scanned=22 | no_tp→fwd_return=-2.1083
  [label] 2023-06-17 00:00 LINKUSDT entry=5.3470 → LONG | long=sl(-5.87%) short=sl(-5.87%) | scanned=15 | no_tp→fwd_return=+7.6679
  [label] 2023-07-03 00:00 LINKUSDT entry=6.6330 → SHORT | long=sl(-6.28%) short=timeout(+8.04%) | scanned=22 | no_tp→fwd_return=-8.1411
  [label] 2023-07-15 16:00 LINKUSDT entry=6.9140 → LONG | long=sl(-5.23%) short=sl(-5.23%) | scanned=7 | no_tp→fwd_return=+2.0538
  [label] 2023-08-03 08:00 LINKUSDT entry=7.2110 → LONG | long=tp(+9.57%) short=sl(-4.94%) | scanned=18 | long_tp_only
  [label] 2023-08-09 16:00 LINKUSDT entry=7.6770 → SHORT | long=sl(-4.68%) short=tp(+9.07%) | scanned=18 | short_tp_only
  [label] 2023-08-22 00:00 LINKUSDT entry=6.1960 → SHORT | long=sl(-5.01%) short=timeout(+4.89%) | scanned=22 | no_tp→fwd_return=-4.9871
  [label] 2023-09-30 08:00 LINKUSDT entry=8.2180 → SHORT | long=sl(-5.22%) short=tp(+10.14%) | scanned=7 | short_tp_only
  [label] 2023-10-10 08:00 LINKUSDT entry=7.2190 → LONG | long=timeout(+2.32%) short=sl(-5.06%) | scanned=22 | no_tp→fwd_return=+2.4242
  [label] 2024-01-04 08:00 LINKUSDT entry=14.6700 → LONG | long=sl(-9.03%) short=timeout(-2.59%) | scanned=22 | no_tp→fwd_return=+2.4881
  [sample_weight_mode=composite_inv_concurrency] cell=(C, 2024-02) weight_mean=1.0000 weight_std=0.5005 kish=0.7997
  Labels: 1090 long (50.3%), 1078 short (49.7%) | weights: min=0.98, mean=1.00, max=20.48
  Features: 2168/2168 matched, 43 columns
  CV gap: 22 rows
  [ensemble 1/5] seed=42
  [frozen_hp] Trained with baseline HP: n_est=118 depth=4 ct=0.781
  [ensemble 2/5] seed=123
  [frozen_hp] Trained with baseline HP: n_est=242 depth=3 ct=0.794
  [ensemble 3/5] seed=456
  [frozen_hp] Trained with baseline HP: n_est=247 depth=3 ct=0.795
  [ensemble 4/5] seed=789
  [frozen_hp] Trained with baseline HP: n_est=409 depth=4 ct=0.775
  [ensemble 5/5] seed=1001
  [frozen_hp] Trained with baseline HP: n_est=68 depth=3 ct=0.749
  OOD: 16 features, cutoff (q=0.7) = 13.97
  Model trained for 2024-02: 87 test candles with features, confidence_threshold=0.779
[trade:close] 2024-02-02 07:59 LINKUSDT LONG → take_profit @ 17.40 | PnL=+10.79% (net +10.69%) | cum=+2.36% 2024-02=+10.69% 2024-02-02=+10.69%
[lgbm] === Training for 2024-03 ===
  Train window: 2022-03-01 → 2024-02-22
  2171 training samples from 1 symbols
  Samples per month: 2022-03: 93, 2022-04: 90, 2022-05: 93, 2022-06: 90, 2022-07: 93, 2022-08: 93, 2022-09: 90, 2022-10: 93, 2022-11: 90, 2022-12: 93, 2023-01: 93, 2023-02: 84, 2023-03: 93, 2023-04: 90, 2023-05: 93, 2023-06: 90, 2023-07: 93, 2023-08: 93, 2023-09: 90, 2023-10: 93, 2023-11: 90, 2023-12: 93, 2024-01: 93, 2024-02: 65
  [label] 2022-05-01 16:00 LINKUSDT entry=11.2930 → SHORT | long=sl(-7.99%) short=sl(-7.99%) | scanned=14 | no_tp→fwd_return=-5.2599
  [label] 2022-05-04 00:00 LINKUSDT entry=11.3310 → SHORT | long=sl(-7.08%) short=sl(-7.08%) | scanned=7 | no_tp→fwd_return=-5.5776
  [label] 2022-05-07 16:00 LINKUSDT entry=10.2050 → SHORT | long=sl(-8.74%) short=tp(+17.18%) | scanned=6 | short_tp_only
  [label] 2022-06-01 08:00 LINKUSDT entry=7.1970 → LONG | long=tp(+17.31%) short=sl(-8.80%) | scanned=19 | long_tp_only
  [label] 2022-07-24 00:00 LINKUSDT entry=7.0200 → LONG | long=sl(-7.85%) short=sl(-7.85%) | scanned=15 | no_tp→fwd_return=+8.1481
  [label] 2023-01-06 00:00 LINKUSDT entry=5.6170 → LONG | long=tp(+7.51%) short=sl(-3.91%) | scanned=9 | long_tp_only
  [label] 2023-01-10 00:00 LINKUSDT entry=6.0740 → LONG | long=tp(+8.28%) short=sl(-4.29%) | scanned=11 | long_tp_only
  [label] 2023-01-20 16:00 LINKUSDT entry=6.9470 → LONG | long=timeout(+6.22%) short=sl(-6.94%) | scanned=22 | no_tp→fwd_return=+6.3193
  [label] 2023-03-06 16:00 LINKUSDT entry=6.8530 → SHORT | long=sl(-4.86%) short=tp(+9.43%) | scanned=9 | short_tp_only
  [label] 2023-03-15 08:00 LINKUSDT entry=6.5820 → LONG | long=tp(+15.96%) short=sl(-8.13%) | scanned=21 | long_tp_only
  [label] 2023-06-13 16:00 LINKUSDT entry=5.2950 → SHORT | long=timeout(-0.67%) short=timeout(+0.47%) | scanned=22 | no_tp→fwd_return=-0.5666
  [label] 2023-07-15 16:00 LINKUSDT entry=6.9140 → LONG | long=sl(-5.23%) short=sl(-5.23%) | scanned=7 | no_tp→fwd_return=+2.0538
  [label] 2023-08-01 00:00 LINKUSDT entry=7.4380 → SHORT | long=sl(-5.31%) short=timeout(+1.18%) | scanned=22 | no_tp→fwd_return=-1.2772
  [label] 2023-08-13 16:00 LINKUSDT entry=7.3630 → SHORT | long=sl(-3.72%) short=sl(-3.72%) | scanned=6 | no_tp→fwd_return=-4.4275
  [label] 2023-09-01 00:00 LINKUSDT entry=5.9570 → LONG | long=timeout(+5.67%) short=sl(-4.80%) | scanned=22 | no_tp→fwd_return=+5.7747
  [label] 2023-09-07 08:00 LINKUSDT entry=6.2540 → SHORT | long=sl(-3.98%) short=tp(+7.66%) | scanned=12 | short_tp_only
  [label] 2023-09-19 16:00 LINKUSDT entry=6.8410 → LONG | long=tp(+10.39%) short=sl(-5.35%) | scanned=19 | long_tp_only
  [label] 2023-10-29 08:00 LINKUSDT entry=11.0590 → LONG | long=timeout(+6.25%) short=sl(-9.81%) | scanned=22 | no_tp→fwd_return=+6.3478
  [label] 2023-11-08 00:00 LINKUSDT entry=13.4460 → LONG | long=tp(+16.56%) short=sl(-8.43%) | scanned=4 | long_tp_only
  [label] 2024-02-02 08:00 LINKUSDT entry=18.7300 → SHORT | long=timeout(-2.06%) short=timeout(+1.86%) | scanned=22 | no_tp→fwd_return=-1.9648
  [sample_weight_mode=composite_inv_concurrency] cell=(C, 2024-03) weight_mean=1.0000 weight_std=0.5002 kish=0.7999
  Labels: 1126 long (51.9%), 1045 short (48.1%) | weights: min=0.98, mean=1.00, max=20.48
  Features: 2171/2171 matched, 43 columns
  CV gap: 22 rows
  [ensemble 1/5] seed=42
  [frozen_hp] Trained with baseline HP: n_est=103 depth=5 ct=0.811
  [ensemble 2/5] seed=123
  [frozen_hp] Trained with baseline HP: n_est=76 depth=4 ct=0.755
  [ensemble 3/5] seed=456
  [frozen_hp] Trained with baseline HP: n_est=268 depth=3 ct=0.797
  [ensemble 4/5] seed=789
  [frozen_hp] Trained with baseline HP: n_est=245 depth=4 ct=0.849
  [ensemble 5/5] seed=1001
  [frozen_hp] Trained with baseline HP: n_est=373 depth=4 ct=0.823
  OOD: 16 features, cutoff (q=0.7) = 13.82
  Model trained for 2024-03: 93 test candles with features, confidence_threshold=0.807
[lgbm] === Training for 2024-04 ===
  Train window: 2022-04-01 → 2024-03-24
  2171 training samples from 1 symbols
  Samples per month: 2022-04: 90, 2022-05: 93, 2022-06: 90, 2022-07: 93, 2022-08: 93, 2022-09: 90, 2022-10: 93, 2022-11: 90, 2022-12: 93, 2023-01: 93, 2023-02: 84, 2023-03: 93, 2023-04: 90, 2023-05: 93, 2023-06: 90, 2023-07: 93, 2023-08: 93, 2023-09: 90, 2023-10: 93, 2023-11: 90, 2023-12: 93, 2024-01: 93, 2024-02: 87, 2024-03: 71
  [label] 2022-06-01 16:00 LINKUSDT entry=6.9260 → LONG | long=tp(+18.65%) short=sl(-9.48%) | scanned=18 | long_tp_only
  [label] 2022-06-04 00:00 LINKUSDT entry=6.8900 → LONG | long=tp(+15.59%) short=sl(-7.95%) | scanned=6 | long_tp_only
  [label] 2022-06-07 16:00 LINKUSDT entry=8.7040 → SHORT | long=sl(-9.37%) short=sl(-9.37%) | scanned=11 | no_tp→fwd_return=-17.8653
  [label] 2022-07-02 08:00 LINKUSDT entry=6.1110 → LONG | long=timeout(+5.10%) short=sl(-9.81%) | scanned=22 | no_tp→fwd_return=+5.2037
  [label] 2022-08-24 00:00 LINKUSDT entry=7.0690 → SHORT | long=sl(-7.48%) short=timeout(+4.47%) | scanned=22 | no_tp→fwd_return=-4.5692
  [label] 2023-02-06 00:00 LINKUSDT entry=7.0140 → SHORT | long=sl(-5.91%) short=sl(-5.91%) | scanned=21 | no_tp→fwd_return=-3.5073
  [label] 2023-02-10 00:00 LINKUSDT entry=6.9610 → LONG | long=timeout(+3.42%) short=timeout(-3.62%) | scanned=22 | no_tp→fwd_return=+3.5196
  [label] 2023-02-20 16:00 LINKUSDT entry=8.0180 → SHORT | long=sl(-7.47%) short=timeout(+9.23%) | scanned=22 | no_tp→fwd_return=-9.3290
  [label] 2023-04-06 16:00 LINKUSDT entry=7.1950 → LONG | long=timeout(+3.54%) short=sl(-4.92%) | scanned=22 | no_tp→fwd_return=+3.6414
  [label] 2023-04-15 08:00 LINKUSDT entry=7.9690 → LONG | long=tp(+9.11%) short=sl(-4.71%) | scanned=9 | long_tp_only
  [label] 2023-07-14 16:00 LINKUSDT entry=6.9540 → LONG | long=sl(-5.78%) short=sl(-5.78%) | scanned=16 | no_tp→fwd_return=+6.8162
  [label] 2023-08-15 16:00 LINKUSDT entry=7.0370 → SHORT | long=sl(-4.90%) short=tp(+9.50%) | scanned=6 | short_tp_only
  [label] 2023-09-01 00:00 LINKUSDT entry=5.9570 → LONG | long=timeout(+5.67%) short=sl(-4.80%) | scanned=22 | no_tp→fwd_return=+5.7747
  [label] 2023-09-13 16:00 LINKUSDT entry=6.0140 → LONG | long=tp(+8.26%) short=sl(-4.28%) | scanned=13 | long_tp_only
  [label] 2023-10-02 00:00 LINKUSDT entry=8.0310 → SHORT | long=sl(-5.53%) short=tp(+10.76%) | scanned=6 | short_tp_only
  [label] 2023-10-08 08:00 LINKUSDT entry=7.6620 → SHORT | long=sl(-4.69%) short=timeout(+4.53%) | scanned=22 | no_tp→fwd_return=-4.6333
  [label] 2023-10-20 16:00 LINKUSDT entry=7.5670 → LONG | long=tp(+8.10%) short=sl(-4.20%) | scanned=2 | long_tp_only
  [label] 2023-11-29 08:00 LINKUSDT entry=14.5850 → LONG | long=timeout(+6.53%) short=sl(-6.66%) | scanned=22 | no_tp→fwd_return=+6.6301
  [label] 2023-12-09 00:00 LINKUSDT entry=17.2060 → SHORT | long=sl(-7.09%) short=tp(+13.87%) | scanned=6 | short_tp_only
  [label] 2024-03-04 08:00 LINKUSDT entry=20.5160 → SHORT | long=sl(-7.24%) short=tp(+14.19%) | scanned=4 | short_tp_only
  [sample_weight_mode=composite_inv_concurrency] cell=(C, 2024-04) weight_mean=1.0000 weight_std=0.5002 kish=0.7999
  Labels: 1107 long (51.0%), 1064 short (49.0%) | weights: min=0.98, mean=1.00, max=20.48
  Features: 2171/2171 matched, 43 columns
  CV gap: 22 rows
  [ensemble 1/5] seed=42
  [frozen_hp] Trained with baseline HP: n_est=225 depth=3 ct=0.788
  [ensemble 2/5] seed=123
  [frozen_hp] Trained with baseline HP: n_est=101 depth=5 ct=0.756
  [ensemble 3/5] seed=456
  [frozen_hp] Trained with baseline HP: n_est=485 depth=4 ct=0.840
  [ensemble 4/5] seed=789
  [frozen_hp] Trained with baseline HP: n_est=118 depth=5 ct=0.763
  [ensemble 5/5] seed=1001
  [frozen_hp] Trained with baseline HP: n_est=301 depth=4 ct=0.799
  OOD: 16 features, cutoff (q=0.7) = 13.93
  Model trained for 2024-04: 90 test candles with features, confidence_threshold=0.789
[lgbm] === Training for 2024-05 ===
  Train window: 2022-05-01 → 2024-04-23
  2171 training samples from 1 symbols
  Samples per month: 2022-05: 93, 2022-06: 90, 2022-07: 93, 2022-08: 93, 2022-09: 90, 2022-10: 93, 2022-11: 90, 2022-12: 93, 2023-01: 93, 2023-02: 84, 2023-03: 93, 2023-04: 90, 2023-05: 93, 2023-06: 90, 2023-07: 93, 2023-08: 93, 2023-09: 90, 2023-10: 93, 2023-11: 90, 2023-12: 93, 2024-01: 93, 2024-02: 87, 2024-03: 93, 2024-04: 68
  [label] 2022-07-01 16:00 LINKUSDT entry=6.0750 → LONG | long=timeout(+4.41%) short=sl(-10.76%) | scanned=22 | no_tp→fwd_return=+4.5103
  [label] 2022-07-04 00:00 LINKUSDT entry=6.0910 → LONG | long=timeout(+2.84%) short=sl(-8.27%) | scanned=22 | no_tp→fwd_return=+2.9388
  [label] 2022-07-07 16:00 LINKUSDT entry=6.6350 → SHORT | long=sl(-6.92%) short=tp(+13.55%) | scanned=17 | short_tp_only
  [label] 2022-08-01 08:00 LINKUSDT entry=7.6690 → LONG | long=timeout(+12.97%) short=sl(-8.74%) | scanned=22 | no_tp→fwd_return=+13.0656
  [label] 2022-09-23 00:00 LINKUSDT entry=7.1090 → LONG | long=tp(+16.28%) short=sl(-8.29%) | scanned=12 | long_tp_only
  [label] 2023-03-08 00:00 LINKUSDT entry=6.7870 → SHORT | long=sl(-4.98%) short=tp(+9.66%) | scanned=5 | short_tp_only
  [label] 2023-03-12 00:00 LINKUSDT entry=6.1440 → LONG | long=tp(+12.84%) short=sl(-6.57%) | scanned=7 | long_tp_only
  [label] 2023-03-22 16:00 LINKUSDT entry=7.1700 → LONG | long=timeout(+2.84%) short=timeout(-3.04%) | scanned=22 | no_tp→fwd_return=+2.9428
  [label] 2023-05-06 16:00 LINKUSDT entry=6.9160 → SHORT | long=sl(-4.49%) short=tp(+8.68%) | scanned=12 | short_tp_only
  [label] 2023-05-15 08:00 LINKUSDT entry=6.6540 → SHORT | long=sl(-4.31%) short=timeout(+2.14%) | scanned=22 | no_tp→fwd_return=-2.2393
  [label] 2023-08-13 16:00 LINKUSDT entry=7.3630 → SHORT | long=sl(-3.72%) short=sl(-3.72%) | scanned=6 | no_tp→fwd_return=-4.4275
  [label] 2023-09-14 16:00 LINKUSDT entry=6.1490 → LONG | long=tp(+7.83%) short=sl(-4.06%) | scanned=10 | long_tp_only
  [label] 2023-10-01 00:00 LINKUSDT entry=8.0570 → SHORT | long=sl(-5.14%) short=tp(+9.98%) | scanned=9 | short_tp_only
  [label] 2023-10-13 16:00 LINKUSDT entry=7.2520 → LONG | long=timeout(+4.24%) short=sl(-4.63%) | scanned=22 | no_tp→fwd_return=+4.3436
  [label] 2023-11-01 00:00 LINKUSDT entry=11.1100 → LONG | long=tp(+18.59%) short=sl(-9.44%) | scanned=17 | long_tp_only
  [label] 2023-11-07 08:00 LINKUSDT entry=12.7180 → LONG | long=tp(+16.75%) short=sl(-8.52%) | scanned=4 | long_tp_only
  [label] 2023-11-19 16:00 LINKUSDT entry=14.9110 → SHORT | long=sl(-9.38%) short=timeout(+0.89%) | scanned=22 | no_tp→fwd_return=-0.9926
  [label] 2023-12-29 08:00 LINKUSDT entry=15.6120 → SHORT | long=sl(-8.36%) short=tp(+16.42%) | scanned=15 | short_tp_only
  [label] 2024-01-08 00:00 LINKUSDT entry=13.4860 → LONG | long=tp(+17.10%) short=sl(-8.70%) | scanned=21 | long_tp_only
  [label] 2024-04-03 08:00 LINKUSDT entry=17.9080 → SHORT | long=timeout(-4.22%) short=timeout(+4.02%) | scanned=22 | no_tp→fwd_return=-4.1211
  [sample_weight_mode=composite_inv_concurrency] cell=(C, 2024-05) weight_mean=1.0000 weight_std=0.5002 kish=0.7999
  Labels: 1126 long (51.9%), 1045 short (48.1%) | weights: min=0.98, mean=1.00, max=20.48
  Features: 2171/2171 matched, 43 columns
  CV gap: 22 rows
  [ensemble 1/5] seed=42
  [frozen_hp] Trained with baseline HP: n_est=155 depth=5 ct=0.788
  [ensemble 2/5] seed=123
  [frozen_hp] Trained with baseline HP: n_est=152 depth=4 ct=0.744
  [ensemble 3/5] seed=456
  [frozen_hp] Trained with baseline HP: n_est=267 depth=5 ct=0.654
  [ensemble 4/5] seed=789
  [frozen_hp] Trained with baseline HP: n_est=360 depth=4 ct=0.793
  [ensemble 5/5] seed=1001
  [frozen_hp] Trained with baseline HP: n_est=130 depth=5 ct=0.711
  OOD: 16 features, cutoff (q=0.7) = 13.82
  Model trained for 2024-05: 93 test candles with features, confidence_threshold=0.738
[predict] 2024-05-10 16:00 LINKUSDT → LONG (proba=0.75 TP=10.6%/SL=5.3%)
[trade:open] 2024-05-10 23:59 LINKUSDT LONG @ 13.55 | SL=12.83 TP=14.99 | timeout=2024-05-17 23:59
[trade:close] 2024-05-16 23:59 LINKUSDT LONG → take_profit @ 14.99 | PnL=+10.60% (net +10.50%) | cum=+12.86% 2024-05=+10.50% 2024-05-16=+10.50%
[predict] 2024-05-22 00:00 LINKUSDT → LONG (proba=0.76 TP=12.4%/SL=6.2%)
[trade:open] 2024-05-22 07:59 LINKUSDT LONG @ 16.71 | SL=15.67 TP=18.78 | timeout=2024-05-29 07:59
[trade:close] 2024-05-23 15:59 LINKUSDT LONG → stop_loss @ 15.67 | PnL=-6.20% (net -6.30%) | cum=+6.56% 2024-05=+4.20% 2024-05-23=-6.30%
[lgbm] === Training for 2024-06 ===
  Train window: 2022-06-01 → 2024-05-24
  2171 training samples from 1 symbols
  Samples per month: 2022-06: 90, 2022-07: 93, 2022-08: 93, 2022-09: 90, 2022-10: 93, 2022-11: 90, 2022-12: 93, 2023-01: 93, 2023-02: 84, 2023-03: 93, 2023-04: 90, 2023-05: 93, 2023-06: 90, 2023-07: 93, 2023-08: 93, 2023-09: 90, 2023-10: 93, 2023-11: 90, 2023-12: 93, 2024-01: 93, 2024-02: 87, 2024-03: 93, 2024-04: 90, 2024-05: 71
  [label] 2022-08-01 16:00 LINKUSDT entry=7.5670 → LONG | long=timeout(+13.60%) short=sl(-8.68%) | scanned=22 | no_tp→fwd_return=+13.7042
  [label] 2022-08-04 00:00 LINKUSDT entry=7.3830 → LONG | long=tp(+16.95%) short=sl(-8.62%) | scanned=13 | long_tp_only
  [label] 2022-08-07 16:00 LINKUSDT entry=8.3410 → LONG | long=tp(+12.97%) short=sl(-6.64%) | scanned=14 | long_tp_only
  [label] 2022-09-01 08:00 LINKUSDT entry=6.5420 → LONG | long=tp(+14.58%) short=sl(-7.44%) | scanned=14 | long_tp_only
  [label] 2022-10-24 00:00 LINKUSDT entry=6.9100 → LONG | long=tp(+9.51%) short=sl(-4.90%) | scanned=17 | long_tp_only
  [label] 2023-04-08 00:00 LINKUSDT entry=7.2460 → LONG | long=tp(+8.16%) short=sl(-4.23%) | scanned=18 | long_tp_only
  [label] 2023-04-12 00:00 LINKUSDT entry=7.1830 → LONG | long=tp(+7.19%) short=sl(-3.75%) | scanned=6 | long_tp_only
  [label] 2023-04-22 16:00 LINKUSDT entry=7.1690 → LONG | long=sl(-6.34%) short=timeout(-0.27%) | scanned=22 | no_tp→fwd_return=+0.1674
  [label] 2023-06-06 16:00 LINKUSDT entry=6.2590 → SHORT | long=sl(-3.97%) short=tp(+7.63%) | scanned=10 | short_tp_only
  [label] 2023-06-15 08:00 LINKUSDT entry=5.2260 → LONG | long=timeout(+6.20%) short=sl(-6.17%) | scanned=22 | no_tp→fwd_return=+6.2954
  [label] 2023-09-13 16:00 LINKUSDT entry=6.0140 → LONG | long=tp(+8.26%) short=sl(-4.28%) | scanned=13 | long_tp_only
  [label] 2023-10-15 16:00 LINKUSDT entry=7.4200 → LONG | long=tp(+7.70%) short=sl(-4.00%) | scanned=17 | long_tp_only
  [label] 2023-11-01 00:00 LINKUSDT entry=11.1100 → LONG | long=tp(+18.59%) short=sl(-9.44%) | scanned=17 | long_tp_only
  [label] 2023-11-13 16:00 LINKUSDT entry=14.3700 → LONG | long=timeout(+0.72%) short=timeout(-0.92%) | scanned=22 | no_tp→fwd_return=+0.8212
  [label] 2023-12-02 00:00 LINKUSDT entry=15.7500 → LONG | long=sl(-5.58%) short=sl(-5.58%) | scanned=19 | no_tp→fwd_return=+6.0825
  [label] 2023-12-08 08:00 LINKUSDT entry=16.7080 → SHORT | long=sl(-7.57%) short=tp(+14.83%) | scanned=8 | short_tp_only
  [label] 2023-12-20 16:00 LINKUSDT entry=14.2620 → LONG | long=tp(+13.56%) short=sl(-6.93%) | scanned=20 | long_tp_only
  [label] 2024-01-29 08:00 LINKUSDT entry=14.7020 → LONG | long=tp(+10.17%) short=sl(-5.24%) | scanned=9 | long_tp_only
  [label] 2024-02-08 00:00 LINKUSDT entry=19.1500 → LONG | long=timeout(+4.22%) short=sl(-6.41%) | scanned=22 | no_tp→fwd_return=+4.3185
  [label] 2024-05-04 08:00 LINKUSDT entry=14.2600 → SHORT | long=sl(-5.59%) short=sl(-5.59%) | scanned=21 | no_tp→fwd_return=-5.4418
  [sample_weight_mode=composite_inv_concurrency] cell=(C, 2024-06) weight_mean=1.0000 weight_std=0.5002 kish=0.7999
  Labels: 1151 long (53.0%), 1020 short (47.0%) | weights: min=0.98, mean=1.00, max=20.48
  Features: 2171/2171 matched, 43 columns
  CV gap: 22 rows
  [ensemble 1/5] seed=42
  [frozen_hp] Trained with baseline HP: n_est=333 depth=4 ct=0.665
  [ensemble 2/5] seed=123
  [frozen_hp] Trained with baseline HP: n_est=265 depth=5 ct=0.772
  [ensemble 3/5] seed=456
  [frozen_hp] Trained with baseline HP: n_est=292 depth=4 ct=0.822
  [ensemble 4/5] seed=789
  [frozen_hp] Trained with baseline HP: n_est=168 depth=4 ct=0.826
  [ensemble 5/5] seed=1001
  [frozen_hp] Trained with baseline HP: n_est=230 depth=4 ct=0.791
  OOD: 16 features, cutoff (q=0.7) = 13.70
  Model trained for 2024-06: 90 test candles with features, confidence_threshold=0.775
[predict] 2024-06-17 16:00 LINKUSDT → LONG (proba=0.82 TP=12.2%/SL=6.1%)
[trade:open] 2024-06-17 23:59 LINKUSDT LONG @ 14.51 | SL=13.63 TP=16.28 | timeout=2024-06-24 23:59
[trade:close] 2024-06-18 07:59 LINKUSDT LONG → stop_loss @ 13.63 | PnL=-6.11% (net -6.21%) | cum=+0.36% 2024-06=-6.21% 2024-06-18=-6.21%
[predict] 2024-06-19 00:00 LINKUSDT → LONG (proba=0.83 TP=15.1%/SL=7.6%)
[trade:open] 2024-06-19 07:59 LINKUSDT LONG @ 14.39 | SL=13.30 TP=16.57 | timeout=2024-06-26 07:59
[trade:close] 2024-06-23 23:59 LINKUSDT LONG → stop_loss @ 13.30 | PnL=-7.56% (net -7.66%) | cum=-7.31% 2024-06=-13.87% 2024-06-23=-7.66%
[lgbm] === Training for 2024-07 ===
  Train window: 2022-07-01 → 2024-06-23
  2171 training samples from 1 symbols
  Samples per month: 2022-07: 93, 2022-08: 93, 2022-09: 90, 2022-10: 93, 2022-11: 90, 2022-12: 93, 2023-01: 93, 2023-02: 84, 2023-03: 93, 2023-04: 90, 2023-05: 93, 2023-06: 90, 2023-07: 93, 2023-08: 93, 2023-09: 90, 2023-10: 93, 2023-11: 90, 2023-12: 93, 2024-01: 93, 2024-02: 87, 2024-03: 93, 2024-04: 90, 2024-05: 93, 2024-06: 68
  [label] 2022-08-31 16:00 LINKUSDT entry=6.6200 → LONG | long=tp(+14.37%) short=sl(-7.33%) | scanned=16 | long_tp_only
  [label] 2022-09-03 00:00 LINKUSDT entry=6.8190 → LONG | long=tp(+15.10%) short=sl(-7.70%) | scanned=18 | long_tp_only
  [label] 2022-09-06 16:00 LINKUSDT entry=6.6520 → LONG | long=tp(+15.87%) short=sl(-8.08%) | scanned=7 | long_tp_only
  [label] 2022-10-01 08:00 LINKUSDT entry=7.5510 → SHORT | long=sl(-7.11%) short=timeout(+0.72%) | scanned=22 | no_tp→fwd_return=-0.8211
  [label] 2022-11-23 00:00 LINKUSDT entry=6.5480 → LONG | long=tp(+15.38%) short=sl(-7.84%) | scanned=21 | long_tp_only
  [label] 2023-05-08 00:00 LINKUSDT entry=6.6260 → LONG | long=sl(-4.78%) short=timeout(-0.78%) | scanned=22 | no_tp→fwd_return=+0.6791
  [label] 2023-05-12 00:00 LINKUSDT entry=6.3740 → LONG | long=timeout(+2.30%) short=sl(-5.30%) | scanned=22 | no_tp→fwd_return=+2.4004
  [label] 2023-05-22 16:00 LINKUSDT entry=6.5290 → LONG | long=sl(-3.06%) short=timeout(-1.75%) | scanned=22 | no_tp→fwd_return=+1.6542
  [label] 2023-07-06 16:00 LINKUSDT entry=6.0740 → LONG | long=tp(+12.04%) short=sl(-6.17%) | scanned=21 | long_tp_only
  [label] 2023-07-15 08:00 LINKUSDT entry=6.9690 → LONG | long=sl(-5.37%) short=sl(-5.37%) | scanned=14 | no_tp→fwd_return=+6.5863
  [label] 2023-10-13 16:00 LINKUSDT entry=7.2520 → LONG | long=timeout(+4.24%) short=sl(-4.63%) | scanned=22 | no_tp→fwd_return=+4.3436
  [label] 2023-11-14 16:00 LINKUSDT entry=13.9600 → SHORT | long=timeout(-4.39%) short=timeout(+4.19%) | scanned=22 | no_tp→fwd_return=-4.2908
  [label] 2023-12-01 00:00 LINKUSDT entry=14.7300 → LONG | long=timeout(+7.97%) short=sl(-5.87%) | scanned=22 | no_tp→fwd_return=+8.0652
  [label] 2023-12-13 16:00 LINKUSDT entry=14.7750 → SHORT | long=timeout(-3.57%) short=timeout(+3.37%) | scanned=22 | no_tp→fwd_return=-3.4721
  [label] 2024-01-01 00:00 LINKUSDT entry=15.2310 → SHORT | long=sl(-6.88%) short=tp(+13.46%) | scanned=7 | short_tp_only
  [label] 2024-01-07 08:00 LINKUSDT entry=13.4700 → LONG | long=tp(+16.04%) short=sl(-8.17%) | scanned=12 | long_tp_only
  [label] 2024-01-19 16:00 LINKUSDT entry=16.1210 → SHORT | long=sl(-8.53%) short=timeout(+11.92%) | scanned=22 | no_tp→fwd_return=-12.0154
  [label] 2024-02-28 08:00 LINKUSDT entry=19.7750 → LONG | long=sl(-5.81%) short=sl(-5.81%) | scanned=8 | no_tp→fwd_return=+7.4539
  [label] 2024-03-09 00:00 LINKUSDT entry=19.9880 → SHORT | long=timeout(-1.87%) short=sl(-7.93%) | scanned=22 | no_tp→fwd_return=-1.7711
  [label] 2024-06-03 08:00 LINKUSDT entry=17.9530 → SHORT | long=sl(-5.14%) short=tp(+9.99%) | scanned=13 | short_tp_only
  [sample_weight_mode=composite_inv_concurrency] cell=(C, 2024-07) weight_mean=1.0000 weight_std=0.5002 kish=0.7999
  Labels: 1123 long (51.7%), 1048 short (48.3%) | weights: min=0.98, mean=1.00, max=20.48
  Features: 2171/2171 matched, 43 columns
  CV gap: 22 rows
  [ensemble 1/5] seed=42
  [frozen_hp] Trained with baseline HP: n_est=243 depth=4 ct=0.716
  [ensemble 2/5] seed=123
  [frozen_hp] Trained with baseline HP: n_est=284 depth=4 ct=0.751
  [ensemble 3/5] seed=456
  [frozen_hp] Trained with baseline HP: n_est=285 depth=4 ct=0.783
  [ensemble 4/5] seed=789
  [frozen_hp] Trained with baseline HP: n_est=179 depth=5 ct=0.809
  [ensemble 5/5] seed=1001
  [frozen_hp] Trained with baseline HP: n_est=175 depth=3 ct=0.702
  OOD: 16 features, cutoff (q=0.7) = 13.75
  Model trained for 2024-07: 93 test candles with features, confidence_threshold=0.752
[predict] 2024-07-12 00:00 LINKUSDT → LONG (proba=0.80 TP=14.0%/SL=7.0%)
[trade:open] 2024-07-12 07:59 LINKUSDT LONG @ 12.44 | SL=11.56 TP=14.18 | timeout=2024-07-19 07:59
[trade:close] 2024-07-15 23:59 LINKUSDT LONG → take_profit @ 14.18 | PnL=+14.03% (net +13.93%) | cum=+6.62% 2024-07=+13.93% 2024-07-15=+13.93%
[lgbm] === Training for 2024-08 ===
  Train window: 2022-08-01 → 2024-07-24
  2171 training samples from 1 symbols
  Samples per month: 2022-08: 93, 2022-09: 90, 2022-10: 93, 2022-11: 90, 2022-12: 93, 2023-01: 93, 2023-02: 84, 2023-03: 93, 2023-04: 90, 2023-05: 93, 2023-06: 90, 2023-07: 93, 2023-08: 93, 2023-09: 90, 2023-10: 93, 2023-11: 90, 2023-12: 93, 2024-01: 93, 2024-02: 87, 2024-03: 93, 2024-04: 90, 2024-05: 93, 2024-06: 90, 2024-07: 71
  [label] 2022-10-01 16:00 LINKUSDT entry=7.3890 → LONG | long=timeout(+0.75%) short=sl(-7.14%) | scanned=22 | no_tp→fwd_return=+0.8526
  [label] 2022-10-04 00:00 LINKUSDT entry=7.6490 → SHORT | long=sl(-6.47%) short=timeout(+5.51%) | scanned=22 | no_tp→fwd_return=-5.6086
  [label] 2022-10-07 16:00 LINKUSDT entry=7.6000 → SHORT | long=sl(-5.41%) short=tp(+10.52%) | scanned=16 | short_tp_only
  [label] 2022-11-01 08:00 LINKUSDT entry=7.7340 → LONG | long=tp(+12.51%) short=sl(-6.41%) | scanned=10 | long_tp_only
  [label] 2022-12-24 00:00 LINKUSDT entry=5.9300 → SHORT | long=sl(-4.12%) short=tp(+7.93%) | scanned=18 | short_tp_only
  [label] 2023-06-08 00:00 LINKUSDT entry=5.9670 → SHORT | long=sl(-4.32%) short=tp(+8.34%) | scanned=6 | short_tp_only
  [label] 2023-06-12 00:00 LINKUSDT entry=5.0720 → LONG | long=timeout(+1.28%) short=sl(-7.48%) | scanned=22 | no_tp→fwd_return=+1.3801
  [label] 2023-06-22 16:00 LINKUSDT entry=5.5540 → LONG | long=tp(+10.55%) short=sl(-5.43%) | scanned=3 | long_tp_only
  [label] 2023-08-06 16:00 LINKUSDT entry=7.0980 → LONG | long=tp(+7.77%) short=sl(-4.04%) | scanned=8 | long_tp_only
  [label] 2023-08-15 08:00 LINKUSDT entry=7.2840 → SHORT | long=sl(-3.85%) short=tp(+7.40%) | scanned=1 | short_tp_only
  [label] 2023-11-13 16:00 LINKUSDT entry=14.3700 → LONG | long=timeout(+0.72%) short=timeout(-0.92%) | scanned=22 | no_tp→fwd_return=+0.8212
  [label] 2023-12-15 16:00 LINKUSDT entry=14.2880 → LONG | long=timeout(+8.35%) short=sl(-8.62%) | scanned=22 | no_tp→fwd_return=+8.4546
  [label] 2024-01-01 00:00 LINKUSDT entry=15.2310 → SHORT | long=sl(-6.88%) short=tp(+13.46%) | scanned=7 | short_tp_only
  [label] 2024-01-13 16:00 LINKUSDT entry=14.3500 → LONG | long=timeout(+9.88%) short=sl(-8.07%) | scanned=22 | no_tp→fwd_return=+9.9791
  [label] 2024-02-01 00:00 LINKUSDT entry=15.7770 → LONG | long=tp(+11.61%) short=sl(-5.96%) | scanned=3 | long_tp_only
  [label] 2024-02-07 08:00 LINKUSDT entry=18.4180 → LONG | long=tp(+13.15%) short=sl(-6.72%) | scanned=16 | long_tp_only
  [label] 2024-02-19 16:00 LINKUSDT entry=19.8480 → SHORT | long=sl(-4.96%) short=tp(+9.62%) | scanned=10 | short_tp_only
  [label] 2024-03-30 08:00 LINKUSDT entry=19.1420 → SHORT | long=sl(-5.37%) short=tp(+10.45%) | scanned=17 | short_tp_only
  [label] 2024-04-09 00:00 LINKUSDT entry=17.7230 → SHORT | long=sl(-4.90%) short=tp(+9.50%) | scanned=11 | short_tp_only
  [label] 2024-07-04 08:00 LINKUSDT entry=13.0680 → SHORT | long=sl(-6.77%) short=tp(+13.23%) | scanned=2 | short_tp_only
  [sample_weight_mode=composite_inv_concurrency] cell=(C, 2024-08) weight_mean=1.0000 weight_std=0.5002 kish=0.7999
  Labels: 1102 long (50.8%), 1069 short (49.2%) | weights: min=0.98, mean=1.00, max=20.48
  Features: 2171/2171 matched, 43 columns
  CV gap: 22 rows
  [ensemble 1/5] seed=42
  [frozen_hp] Trained with baseline HP: n_est=141 depth=3 ct=0.838
  [ensemble 2/5] seed=123
  [frozen_hp] Trained with baseline HP: n_est=50 depth=3 ct=0.847
  [ensemble 3/5] seed=456
  [frozen_hp] Trained with baseline HP: n_est=345 depth=5 ct=0.533
  [ensemble 4/5] seed=789
  [frozen_hp] Trained with baseline HP: n_est=83 depth=4 ct=0.796
  [ensemble 5/5] seed=1001
  [frozen_hp] Trained with baseline HP: n_est=499 depth=4 ct=0.773
  OOD: 16 features, cutoff (q=0.7) = 13.74
  Model trained for 2024-08: 93 test candles with features, confidence_threshold=0.758
[lgbm] === Training for 2024-09 ===
  Train window: 2022-09-01 → 2024-08-24
  2171 training samples from 1 symbols
  Samples per month: 2022-09: 90, 2022-10: 93, 2022-11: 90, 2022-12: 93, 2023-01: 93, 2023-02: 84, 2023-03: 93, 2023-04: 90, 2023-05: 93, 2023-06: 90, 2023-07: 93, 2023-08: 93, 2023-09: 90, 2023-10: 93, 2023-11: 90, 2023-12: 93, 2024-01: 93, 2024-02: 87, 2024-03: 93, 2024-04: 90, 2024-05: 93, 2024-06: 90, 2024-07: 93, 2024-08: 71
  [label] 2022-11-01 16:00 LINKUSDT entry=7.6800 → LONG | long=tp(+12.01%) short=sl(-6.16%) | scanned=9 | long_tp_only
  [label] 2022-11-04 00:00 LINKUSDT entry=8.2110 → SHORT | long=sl(-8.02%) short=sl(-8.02%) | scanned=14 | no_tp→fwd_return=-6.1990
  [label] 2022-11-07 16:00 LINKUSDT entry=8.9480 → SHORT | long=sl(-9.17%) short=tp(+18.04%) | scanned=3 | short_tp_only
  [label] 2022-12-02 08:00 LINKUSDT entry=7.5610 → SHORT | long=sl(-6.81%) short=timeout(+8.10%) | scanned=22 | no_tp→fwd_return=-8.2000
  [label] 2023-01-24 00:00 LINKUSDT entry=7.1730 → SHORT | long=sl(-7.05%) short=timeout(+1.81%) | scanned=22 | no_tp→fwd_return=-1.9099
  [label] 2023-07-09 00:00 LINKUSDT entry=6.2000 → LONG | long=tp(+8.83%) short=sl(-4.56%) | scanned=14 | long_tp_only
  [label] 2023-07-13 00:00 LINKUSDT entry=6.3020 → LONG | long=tp(+7.04%) short=sl(-3.67%) | scanned=2 | long_tp_only
  [label] 2023-07-23 16:00 LINKUSDT entry=7.8840 → SHORT | long=sl(-6.68%) short=timeout(+4.14%) | scanned=22 | no_tp→fwd_return=-4.2364
  [label] 2023-09-06 16:00 LINKUSDT entry=6.2970 → SHORT | long=sl(-4.07%) short=tp(+7.85%) | scanned=14 | short_tp_only
  [label] 2023-09-15 08:00 LINKUSDT entry=6.2020 → LONG | long=tp(+7.47%) short=sl(-3.89%) | scanned=9 | long_tp_only
  [label] 2023-12-14 16:00 LINKUSDT entry=15.3810 → SHORT | long=sl(-8.44%) short=timeout(+0.31%) | scanned=22 | no_tp→fwd_return=-0.4096
  [label] 2024-01-15 16:00 LINKUSDT entry=15.1850 → SHORT | long=timeout(-4.00%) short=sl(-8.38%) | scanned=22 | no_tp→fwd_return=-3.8986
  [label] 2024-02-01 00:00 LINKUSDT entry=15.7770 → LONG | long=tp(+11.61%) short=sl(-5.96%) | scanned=3 | long_tp_only
  [label] 2024-02-13 16:00 LINKUSDT entry=19.8790 → SHORT | long=sl(-6.24%) short=timeout(+2.83%) | scanned=22 | no_tp→fwd_return=-2.9327
  [label] 2024-03-03 00:00 LINKUSDT entry=20.2440 → SHORT | long=sl(-8.16%) short=tp(+16.02%) | scanned=8 | short_tp_only
  [label] 2024-03-09 08:00 LINKUSDT entry=20.2210 → SHORT | long=sl(-7.63%) short=sl(-7.63%) | scanned=17 | no_tp→fwd_return=-3.0908
  [label] 2024-03-21 16:00 LINKUSDT entry=18.4680 → LONG | long=timeout(+3.71%) short=sl(-10.22%) | scanned=22 | no_tp→fwd_return=+3.8120
  [label] 2024-04-30 08:00 LINKUSDT entry=13.0830 → LONG | long=tp(+13.18%) short=sl(-6.74%) | scanned=18 | long_tp_only
  [label] 2024-05-10 00:00 LINKUSDT entry=14.3240 → SHORT | long=sl(-4.90%) short=tp(+9.50%) | scanned=14 | short_tp_only
  [label] 2024-08-04 08:00 LINKUSDT entry=11.0230 → SHORT | long=sl(-7.52%) short=tp(+14.75%) | scanned=2 | short_tp_only
  [sample_weight_mode=composite_inv_concurrency] cell=(C, 2024-09) weight_mean=1.0000 weight_std=0.5002 kish=0.7999
  Labels: 1095 long (50.4%), 1076 short (49.6%) | weights: min=0.98, mean=1.00, max=20.48
  Features: 2171/2171 matched, 43 columns
  CV gap: 22 rows
  [ensemble 1/5] seed=42
  [frozen_hp] Trained with baseline HP: n_est=142 depth=5 ct=0.725
  [ensemble 2/5] seed=123
  [frozen_hp] Trained with baseline HP: n_est=363 depth=3 ct=0.556
  [ensemble 3/5] seed=456
  [frozen_hp] Trained with baseline HP: n_est=441 depth=3 ct=0.850
  [ensemble 4/5] seed=789
  [frozen_hp] Trained with baseline HP: n_est=127 depth=4 ct=0.829
  [ensemble 5/5] seed=1001
  [frozen_hp] Trained with baseline HP: n_est=360 depth=5 ct=0.794
  OOD: 16 features, cutoff (q=0.7) = 13.64
  Model trained for 2024-09: 90 test candles with features, confidence_threshold=0.751
[predict] 2024-09-04 16:00 LINKUSDT → SHORT (proba=0.79 TP=12.3%/SL=6.1%)
[trade:open] 2024-09-04 23:59 LINKUSDT SHORT @ 10.33 | SL=10.97 TP=9.06 | timeout=2024-09-11 23:59
[trade:close] 2024-09-12 00:00 LINKUSDT SHORT → timeout @ 10.39 | PnL=-0.60% (net -0.70%) | cum=+5.92% 2024-09=-0.70% 2024-09-12=-0.70%
[predict] 2024-09-17 08:00 LINKUSDT → SHORT (proba=0.79 TP=9.2%/SL=4.6%)
[trade:open] 2024-09-17 15:59 LINKUSDT SHORT @ 10.85 | SL=11.35 TP=9.85 | timeout=2024-09-24 15:59
[trade:close] 2024-09-19 23:59 LINKUSDT SHORT → stop_loss @ 11.35 | PnL=-4.62% (net -4.72%) | cum=+1.20% 2024-09=-5.42% 2024-09-19=-4.72%
[predict] 2024-09-20 16:00 LINKUSDT → SHORT (proba=0.81 TP=9.4%/SL=4.7%)
[trade:open] 2024-09-20 23:59 LINKUSDT SHORT @ 11.43 | SL=11.97 TP=10.35 | timeout=2024-09-27 23:59
[trade:close] 2024-09-24 23:59 LINKUSDT SHORT → stop_loss @ 11.97 | PnL=-4.70% (net -4.80%) | cum=-3.60% 2024-09=-10.22% 2024-09-24=-4.80%
[predict] 2024-09-25 16:00 LINKUSDT → SHORT (proba=0.81 TP=10.2%/SL=5.1%)
[trade:open] 2024-09-25 23:59 LINKUSDT SHORT @ 12.11 | SL=12.72 TP=10.88 | timeout=2024-10-02 23:59
[trade:close] 2024-09-26 23:59 LINKUSDT SHORT → stop_loss @ 12.72 | PnL=-5.08% (net -5.18%) | cum=-8.78% 2024-09=-15.40% 2024-09-26=-5.18%
[lgbm] === Training for 2024-10 ===
  Train window: 2022-10-01 → 2024-09-23
  2171 training samples from 1 symbols
  Samples per month: 2022-10: 93, 2022-11: 90, 2022-12: 93, 2023-01: 93, 2023-02: 84, 2023-03: 93, 2023-04: 90, 2023-05: 93, 2023-06: 90, 2023-07: 93, 2023-08: 93, 2023-09: 90, 2023-10: 93, 2023-11: 90, 2023-12: 93, 2024-01: 93, 2024-02: 87, 2024-03: 93, 2024-04: 90, 2024-05: 93, 2024-06: 90, 2024-07: 93, 2024-08: 93, 2024-09: 68
  [label] 2022-12-01 16:00 LINKUSDT entry=7.6780 → SHORT | long=sl(-7.01%) short=timeout(+8.77%) | scanned=22 | no_tp→fwd_return=-8.8695
  [label] 2022-12-04 00:00 LINKUSDT entry=7.3420 → SHORT | long=sl(-6.08%) short=timeout(+5.48%) | scanned=22 | no_tp→fwd_return=-5.5843
  [label] 2022-12-07 16:00 LINKUSDT entry=6.8770 → SHORT | long=sl(-5.92%) short=timeout(+2.24%) | scanned=22 | no_tp→fwd_return=-2.3411
  [label] 2023-01-01 08:00 LINKUSDT entry=5.5920 → LONG | long=timeout(+4.50%) short=sl(-3.78%) | scanned=22 | no_tp→fwd_return=+4.5959
  [label] 2023-02-23 00:00 LINKUSDT entry=7.9180 → SHORT | long=sl(-7.35%) short=timeout(+7.02%) | scanned=22 | no_tp→fwd_return=-7.1230
  [label] 2023-08-08 00:00 LINKUSDT entry=7.3430 → LONG | long=timeout(+0.44%) short=sl(-4.48%) | scanned=22 | no_tp→fwd_return=+0.5447
  [label] 2023-08-12 00:00 LINKUSDT entry=7.4600 → SHORT | long=sl(-4.00%) short=tp(+7.69%) | scanned=11 | short_tp_only
  [label] 2023-08-22 16:00 LINKUSDT entry=6.1110 → LONG | long=timeout(+1.19%) short=sl(-5.37%) | scanned=22 | no_tp→fwd_return=+1.2928
  [label] 2023-10-06 16:00 LINKUSDT entry=7.6350 → SHORT | long=sl(-5.64%) short=timeout(+4.92%) | scanned=22 | no_tp→fwd_return=-5.0164
  [label] 2023-10-15 08:00 LINKUSDT entry=7.3070 → LONG | long=tp(+7.29%) short=sl(-3.80%) | scanned=18 | long_tp_only
  [label] 2024-01-13 16:00 LINKUSDT entry=14.3500 → LONG | long=timeout(+9.88%) short=sl(-8.07%) | scanned=22 | no_tp→fwd_return=+9.9791
  [label] 2024-02-14 16:00 LINKUSDT entry=20.2600 → SHORT | long=sl(-5.73%) short=timeout(+8.10%) | scanned=22 | no_tp→fwd_return=-8.2034
  [label] 2024-03-02 00:00 LINKUSDT entry=21.2490 → SHORT | long=sl(-6.93%) short=tp(+13.57%) | scanned=11 | short_tp_only
  [label] 2024-03-14 16:00 LINKUSDT entry=20.9090 → SHORT | long=sl(-8.30%) short=tp(+16.29%) | scanned=7 | short_tp_only
  [label] 2024-04-02 00:00 LINKUSDT entry=18.3100 → SHORT | long=sl(-6.09%) short=timeout(+3.11%) | scanned=22 | no_tp→fwd_return=-3.2059
  [label] 2024-04-08 08:00 LINKUSDT entry=18.3050 → SHORT | long=sl(-4.83%) short=tp(+9.37%) | scanned=13 | short_tp_only
  [label] 2024-04-20 16:00 LINKUSDT entry=14.9470 → SHORT | long=timeout(-4.71%) short=timeout(+4.51%) | scanned=22 | no_tp→fwd_return=-4.6096
  [label] 2024-05-30 08:00 LINKUSDT entry=18.3000 → SHORT | long=timeout(-4.59%) short=timeout(+4.39%) | scanned=22 | no_tp→fwd_return=-4.4918
  [label] 2024-06-09 00:00 LINKUSDT entry=16.0190 → SHORT | long=sl(-5.72%) short=timeout(+7.25%) | scanned=22 | no_tp→fwd_return=-7.3475
  [label] 2024-09-03 08:00 LINKUSDT entry=10.2890 → LONG | long=sl(-6.28%) short=timeout(-1.74%) | scanned=22 | no_tp→fwd_return=+1.6425
  [sample_weight_mode=composite_inv_concurrency] cell=(C, 2024-10) weight_mean=1.0000 weight_std=0.5002 kish=0.7999
  Labels: 1103 long (50.8%), 1068 short (49.2%) | weights: min=0.98, mean=1.00, max=20.48
  Features: 2171/2171 matched, 43 columns
  CV gap: 22 rows
  [ensemble 1/5] seed=42
  [frozen_hp] Trained with baseline HP: n_est=160 depth=4 ct=0.830
  [ensemble 2/5] seed=123
  [frozen_hp] Trained with baseline HP: n_est=493 depth=4 ct=0.845
  [ensemble 3/5] seed=456
  [frozen_hp] Trained with baseline HP: n_est=414 depth=3 ct=0.790
  [ensemble 4/5] seed=789
  [frozen_hp] Trained with baseline HP: n_est=200 depth=3 ct=0.850
  [ensemble 5/5] seed=1001
  [frozen_hp] Trained with baseline HP: n_est=60 depth=4 ct=0.676
  OOD: 16 features, cutoff (q=0.7) = 13.50
  Model trained for 2024-10: 93 test candles with features, confidence_threshold=0.798
[lgbm] === Training for 2024-11 ===
  Train window: 2022-11-01 → 2024-10-24
  2171 training samples from 1 symbols
  Samples per month: 2022-11: 90, 2022-12: 93, 2023-01: 93, 2023-02: 84, 2023-03: 93, 2023-04: 90, 2023-05: 93, 2023-06: 90, 2023-07: 93, 2023-08: 93, 2023-09: 90, 2023-10: 93, 2023-11: 90, 2023-12: 93, 2024-01: 93, 2024-02: 87, 2024-03: 93, 2024-04: 90, 2024-05: 93, 2024-06: 90, 2024-07: 93, 2024-08: 93, 2024-09: 90, 2024-10: 71
  [label] 2023-01-01 16:00 LINKUSDT entry=5.6260 → LONG | long=timeout(+5.87%) short=sl(-3.59%) | scanned=22 | no_tp→fwd_return=+5.9723
  [label] 2023-01-04 00:00 LINKUSDT entry=5.7960 → LONG | long=sl(-3.74%) short=sl(-3.74%) | scanned=15 | no_tp→fwd_return=+5.6418
  [label] 2023-01-07 16:00 LINKUSDT entry=5.8270 → LONG | long=tp(+6.78%) short=sl(-3.54%) | scanned=5 | long_tp_only
  [label] 2023-02-01 08:00 LINKUSDT entry=6.7600 → LONG | long=timeout(+4.86%) short=sl(-6.55%) | scanned=22 | no_tp→fwd_return=+4.9556
  [label] 2023-03-26 00:00 LINKUSDT entry=7.1350 → LONG | long=timeout(+5.07%) short=sl(-6.24%) | scanned=22 | no_tp→fwd_return=+5.1717
  [label] 2023-09-08 00:00 LINKUSDT entry=6.3010 → SHORT | long=sl(-4.06%) short=tp(+7.83%) | scanned=10 | short_tp_only
  [label] 2023-09-12 00:00 LINKUSDT entry=5.9170 → LONG | long=tp(+8.42%) short=sl(-4.36%) | scanned=18 | long_tp_only
  [label] 2023-09-22 16:00 LINKUSDT entry=6.9530 → LONG | long=tp(+9.47%) short=sl(-4.88%) | scanned=14 | long_tp_only
  [label] 2023-11-06 16:00 LINKUSDT entry=12.9970 → LONG | long=tp(+16.27%) short=sl(-8.28%) | scanned=8 | long_tp_only
  [label] 2023-11-15 08:00 LINKUSDT entry=14.8880 → SHORT | long=sl(-11.46%) short=timeout(+4.34%) | scanned=22 | no_tp→fwd_return=-4.4398
  [label] 2024-02-13 16:00 LINKUSDT entry=19.8790 → SHORT | long=sl(-6.24%) short=timeout(+2.83%) | scanned=22 | no_tp→fwd_return=-2.9327
  [label] 2024-03-16 16:00 LINKUSDT entry=18.1300 → SHORT | long=timeout(-0.39%) short=timeout(+0.19%) | scanned=22 | no_tp→fwd_return=-0.2868
  [label] 2024-04-02 00:00 LINKUSDT entry=18.3100 → SHORT | long=sl(-6.09%) short=timeout(+3.11%) | scanned=22 | no_tp→fwd_return=-3.2059
  [label] 2024-04-14 16:00 LINKUSDT entry=14.0840 → LONG | long=timeout(+7.05%) short=timeout(-7.25%) | scanned=22 | no_tp→fwd_return=+7.1500
  [label] 2024-05-03 00:00 LINKUSDT entry=13.4950 → LONG | long=timeout(+6.04%) short=sl(-6.55%) | scanned=22 | no_tp→fwd_return=+6.1430
  [label] 2024-05-09 08:00 LINKUSDT entry=14.0460 → SHORT | long=sl(-5.29%) short=timeout(+1.89%) | scanned=22 | no_tp→fwd_return=-1.9863
  [label] 2024-05-21 16:00 LINKUSDT entry=16.7480 → LONG | long=sl(-6.41%) short=sl(-6.41%) | scanned=13 | no_tp→fwd_return=+5.2185
  [label] 2024-06-30 08:00 LINKUSDT entry=13.6910 → SHORT | long=sl(-5.17%) short=sl(-5.17%) | scanned=11 | no_tp→fwd_return=-3.9953
  [label] 2024-07-10 00:00 LINKUSDT entry=12.9670 → LONG | long=timeout(+10.66%) short=sl(-7.73%) | scanned=22 | no_tp→fwd_return=+10.7581
  [label] 2024-10-04 08:00 LINKUSDT entry=11.1600 → SHORT | long=sl(-6.42%) short=timeout(+2.63%) | scanned=22 | no_tp→fwd_return=-2.7330
  [sample_weight_mode=composite_inv_concurrency] cell=(C, 2024-11) weight_mean=1.0000 weight_std=0.5002 kish=0.7999
  Labels: 1095 long (50.4%), 1076 short (49.6%) | weights: min=0.98, mean=1.00, max=20.48
  Features: 2171/2171 matched, 43 columns
  CV gap: 22 rows
  [ensemble 1/5] seed=42
  [frozen_hp] Trained with baseline HP: n_est=358 depth=3 ct=0.688
  [ensemble 2/5] seed=123
  [frozen_hp] Trained with baseline HP: n_est=391 depth=3 ct=0.729
  [ensemble 3/5] seed=456
  [frozen_hp] Trained with baseline HP: n_est=54 depth=4 ct=0.778
  [ensemble 4/5] seed=789
  [frozen_hp] Trained with baseline HP: n_est=160 depth=4 ct=0.845
  [ensemble 5/5] seed=1001
  [frozen_hp] Trained with baseline HP: n_est=246 depth=3 ct=0.732
  OOD: 16 features, cutoff (q=0.7) = 13.51
  Model trained for 2024-11: 90 test candles with features, confidence_threshold=0.754
[predict] 2024-11-16 08:00 LINKUSDT → SHORT (proba=0.76 TP=17.7%/SL=8.9%)
[trade:open] 2024-11-16 15:59 LINKUSDT SHORT @ 14.17 | SL=15.43 TP=11.66 | timeout=2024-11-23 15:59
[trade:close] 2024-11-18 23:59 LINKUSDT SHORT → stop_loss @ 15.43 | PnL=-8.87% (net -8.97%) | cum=-17.76% 2024-11=-8.97% 2024-11-18=-8.97%
[lgbm] === Training for 2024-12 ===
  Train window: 2022-12-01 → 2024-11-23
  2171 training samples from 1 symbols
  Samples per month: 2022-12: 93, 2023-01: 93, 2023-02: 84, 2023-03: 93, 2023-04: 90, 2023-05: 93, 2023-06: 90, 2023-07: 93, 2023-08: 93, 2023-09: 90, 2023-10: 93, 2023-11: 90, 2023-12: 93, 2024-01: 93, 2024-02: 87, 2024-03: 93, 2024-04: 90, 2024-05: 93, 2024-06: 90, 2024-07: 93, 2024-08: 93, 2024-09: 90, 2024-10: 93, 2024-11: 68
  [label] 2023-01-31 16:00 LINKUSDT entry=6.9500 → LONG | long=timeout(+3.48%) short=sl(-6.67%) | scanned=22 | no_tp→fwd_return=+3.5827
  [label] 2023-02-03 00:00 LINKUSDT entry=7.1160 → SHORT | long=timeout(-2.28%) short=sl(-6.73%) | scanned=22 | no_tp→fwd_return=-2.1782
  [label] 2023-02-06 16:00 LINKUSDT entry=6.8310 → LONG | long=tp(+11.77%) short=sl(-6.03%) | scanned=8 | long_tp_only
  [label] 2023-03-03 08:00 LINKUSDT entry=6.8940 → SHORT | long=sl(-6.77%) short=tp(+13.24%) | scanned=21 | short_tp_only
  [label] 2023-04-25 00:00 LINKUSDT entry=6.9860 → SHORT | long=timeout(-1.06%) short=sl(-5.76%) | scanned=22 | no_tp→fwd_return=-0.9591
  [label] 2023-10-08 00:00 LINKUSDT entry=7.6480 → SHORT | long=sl(-4.76%) short=timeout(+3.82%) | scanned=22 | no_tp→fwd_return=-3.9226
  [label] 2023-10-12 00:00 LINKUSDT entry=7.3390 → LONG | long=timeout(+0.01%) short=sl(-4.77%) | scanned=22 | no_tp→fwd_return=+0.1090
  [label] 2023-10-22 16:00 LINKUSDT entry=10.1820 → LONG | long=tp(+14.12%) short=sl(-7.21%) | scanned=7 | long_tp_only
  [label] 2023-12-06 16:00 LINKUSDT entry=15.2740 → SHORT | long=sl(-7.24%) short=sl(-7.24%) | scanned=13 | no_tp→fwd_return=-2.6974
  [label] 2023-12-15 08:00 LINKUSDT entry=14.7850 → LONG | long=timeout(+4.68%) short=timeout(-4.88%) | scanned=22 | no_tp→fwd_return=+4.7751
  [label] 2024-03-14 16:00 LINKUSDT entry=20.9090 → SHORT | long=sl(-8.30%) short=tp(+16.29%) | scanned=7 | short_tp_only
  [label] 2024-04-15 16:00 LINKUSDT entry=13.5730 → LONG | long=timeout(+13.61%) short=sl(-13.05%) | scanned=22 | no_tp→fwd_return=+13.7110
  [label] 2024-05-02 00:00 LINKUSDT entry=13.2680 → LONG | long=timeout(+5.81%) short=sl(-7.31%) | scanned=22 | no_tp→fwd_return=+5.9090
  [label] 2024-05-14 16:00 LINKUSDT entry=12.9750 → LONG | long=tp(+9.96%) short=sl(-5.13%) | scanned=6 | long_tp_only
  [label] 2024-06-02 00:00 LINKUSDT entry=18.4210 → SHORT | long=sl(-5.54%) short=tp(+10.78%) | scanned=17 | short_tp_only
  [label] 2024-06-08 08:00 LINKUSDT entry=15.9290 → SHORT | long=sl(-6.40%) short=timeout(+5.85%) | scanned=22 | no_tp→fwd_return=-5.9451
  [label] 2024-06-20 16:00 LINKUSDT entry=14.2500 → LONG | long=sl(-6.82%) short=timeout(-1.34%) | scanned=22 | no_tp→fwd_return=+1.2351
  [label] 2024-07-30 08:00 LINKUSDT entry=13.5440 → SHORT | long=sl(-5.11%) short=tp(+9.92%) | scanned=7 | short_tp_only
  [label] 2024-08-09 00:00 LINKUSDT entry=10.5510 → SHORT | long=timeout(-2.36%) short=timeout(+2.16%) | scanned=22 | no_tp→fwd_return=-2.2557
  [label] 2024-11-03 08:00 LINKUSDT entry=10.6980 → LONG | long=tp(+12.21%) short=sl(-6.26%) | scanned=10 | long_tp_only
  [sample_weight_mode=composite_inv_concurrency] cell=(C, 2024-12) weight_mean=1.0000 weight_std=0.5002 kish=0.7999
  Labels: 1120 long (51.6%), 1051 short (48.4%) | weights: min=0.98, mean=1.00, max=20.48
  Features: 2171/2171 matched, 43 columns
  CV gap: 22 rows
  [ensemble 1/5] seed=42
  [frozen_hp] Trained with baseline HP: n_est=337 depth=3 ct=0.538
  [ensemble 2/5] seed=123
  [frozen_hp] Trained with baseline HP: n_est=137 depth=4 ct=0.669
  [ensemble 3/5] seed=456
  [frozen_hp] Trained with baseline HP: n_est=129 depth=3 ct=0.500
  [ensemble 4/5] seed=789
  [frozen_hp] Trained with baseline HP: n_est=228 depth=4 ct=0.642
  [ensemble 5/5] seed=1001
  [frozen_hp] Trained with baseline HP: n_est=407 depth=5 ct=0.532
  OOD: 16 features, cutoff (q=0.7) = 13.71
  Model trained for 2024-12: 93 test candles with features, confidence_threshold=0.576
[predict] 2024-12-01 00:00 LINKUSDT → LONG (proba=0.71 TP=16.6%/SL=8.3%)
[trade:open] 2024-12-01 07:59 LINKUSDT LONG @ 18.68 | SL=17.13 TP=21.77 | timeout=2024-12-08 07:59
[trade:close] 2024-12-02 15:59 LINKUSDT LONG → take_profit @ 21.77 | PnL=+16.58% (net +16.48%) | cum=-1.28% 2024-12=+16.48% 2024-12-02=+16.48%
[lgbm] === Training for 2025-01 ===
  Train window: 2023-01-01 → 2024-12-24
  2171 training samples from 1 symbols
  Samples per month: 2023-01: 93, 2023-02: 84, 2023-03: 93, 2023-04: 90, 2023-05: 93, 2023-06: 90, 2023-07: 93, 2023-08: 93, 2023-09: 90, 2023-10: 93, 2023-11: 90, 2023-12: 93, 2024-01: 93, 2024-02: 87, 2024-03: 93, 2024-04: 90, 2024-05: 93, 2024-06: 90, 2024-07: 93, 2024-08: 93, 2024-09: 90, 2024-10: 93, 2024-11: 90, 2024-12: 71
  [label] 2023-03-03 16:00 LINKUSDT entry=6.9540 → SHORT | long=sl(-6.36%) short=tp(+12.43%) | scanned=18 | short_tp_only
  [label] 2023-03-06 00:00 LINKUSDT entry=6.8810 → SHORT | long=sl(-5.15%) short=tp(+10.01%) | scanned=11 | short_tp_only
  [label] 2023-03-09 16:00 LINKUSDT entry=6.1550 → LONG | long=tp(+12.98%) short=sl(-6.64%) | scanned=14 | long_tp_only
  [label] 2023-04-03 08:00 LINKUSDT entry=7.2760 → SHORT | long=timeout(-1.05%) short=timeout(+0.85%) | scanned=22 | no_tp→fwd_return=-0.9483
  [label] 2023-05-26 00:00 LINKUSDT entry=6.3070 → LONG | long=timeout(+1.66%) short=sl(-3.37%) | scanned=22 | no_tp→fwd_return=+1.7599
  [label] 2023-11-08 00:00 LINKUSDT entry=13.4460 → LONG | long=tp(+16.56%) short=sl(-8.43%) | scanned=4 | long_tp_only
  [label] 2023-11-12 00:00 LINKUSDT entry=16.2600 → SHORT | long=sl(-10.93%) short=timeout(+12.05%) | scanned=22 | no_tp→fwd_return=-12.1464
  [label] 2023-11-22 16:00 LINKUSDT entry=14.2130 → LONG | long=timeout(+2.01%) short=timeout(-2.21%) | scanned=22 | no_tp→fwd_return=+2.1107
  [label] 2024-01-06 16:00 LINKUSDT entry=13.4320 → LONG | long=timeout(+6.73%) short=sl(-8.97%) | scanned=22 | no_tp→fwd_return=+6.8344
  [label] 2024-01-15 08:00 LINKUSDT entry=15.3200 → SHORT | long=timeout(-1.62%) short=timeout(+1.42%) | scanned=22 | no_tp→fwd_return=-1.5209
  [label] 2024-04-14 16:00 LINKUSDT entry=14.0840 → LONG | long=timeout(+7.05%) short=timeout(-7.25%) | scanned=22 | no_tp→fwd_return=+7.1500
  [label] 2024-05-16 16:00 LINKUSDT entry=15.5030 → LONG | long=tp(+12.34%) short=sl(-6.32%) | scanned=12 | long_tp_only
  [label] 2024-06-02 00:00 LINKUSDT entry=18.4210 → SHORT | long=sl(-5.54%) short=tp(+10.78%) | scanned=17 | short_tp_only
  [label] 2024-06-14 16:00 LINKUSDT entry=14.7360 → SHORT | long=sl(-6.58%) short=timeout(+5.97%) | scanned=22 | no_tp→fwd_return=-6.0736
  [label] 2024-07-03 00:00 LINKUSDT entry=14.3950 → SHORT | long=sl(-4.82%) short=tp(+9.35%) | scanned=3 | short_tp_only
  [label] 2024-07-09 08:00 LINKUSDT entry=12.8670 → LONG | long=timeout(+12.00%) short=sl(-8.34%) | scanned=22 | no_tp→fwd_return=+12.1007
  [label] 2024-07-21 16:00 LINKUSDT entry=14.8100 → SHORT | long=sl(-5.73%) short=tp(+11.17%) | scanned=10 | short_tp_only
  [label] 2024-08-30 08:00 LINKUSDT entry=10.5370 → SHORT | long=sl(-7.22%) short=timeout(+8.03%) | scanned=22 | no_tp→fwd_return=-8.1332
  [label] 2024-09-09 00:00 LINKUSDT entry=10.6170 → LONG | long=timeout(+0.84%) short=sl(-5.80%) | scanned=22 | no_tp→fwd_return=+0.9419
  [label] 2024-12-04 08:00 LINKUSDT entry=25.3790 → SHORT | long=sl(-12.12%) short=timeout(+5.74%) | scanned=22 | no_tp→fwd_return=-5.8355
  [sample_weight_mode=composite_inv_concurrency] cell=(C, 2025-01) weight_mean=1.0000 weight_std=0.5002 kish=0.7999
  Labels: 1136 long (52.3%), 1035 short (47.7%) | weights: min=0.98, mean=1.00, max=20.48
  Features: 2171/2171 matched, 43 columns
  CV gap: 22 rows
  [ensemble 1/5] seed=42
  [frozen_hp] Trained with baseline HP: n_est=438 depth=5 ct=0.785
  [ensemble 2/5] seed=123
  [frozen_hp] Trained with baseline HP: n_est=451 depth=4 ct=0.847
  [ensemble 3/5] seed=456
  [frozen_hp] Trained with baseline HP: n_est=91 depth=3 ct=0.780
  [ensemble 4/5] seed=789
  [frozen_hp] Trained with baseline HP: n_est=178 depth=4 ct=0.802
  [ensemble 5/5] seed=1001
  [frozen_hp] Trained with baseline HP: n_est=110 depth=3 ct=0.749
  OOD: 16 features, cutoff (q=0.7) = 12.96
  Model trained for 2025-01: 93 test candles with features, confidence_threshold=0.793
[lgbm] === Training for 2025-02 ===
  Train window: 2023-02-01 → 2025-01-24
  2171 training samples from 1 symbols
  Samples per month: 2023-02: 84, 2023-03: 93, 2023-04: 90, 2023-05: 93, 2023-06: 90, 2023-07: 93, 2023-08: 93, 2023-09: 90, 2023-10: 93, 2023-11: 90, 2023-12: 93, 2024-01: 93, 2024-02: 87, 2024-03: 93, 2024-04: 90, 2024-05: 93, 2024-06: 90, 2024-07: 93, 2024-08: 93, 2024-09: 90, 2024-10: 93, 2024-11: 90, 2024-12: 93, 2025-01: 71
  [label] 2023-04-03 16:00 LINKUSDT entry=7.2390 → LONG | long=timeout(+1.30%) short=timeout(-1.50%) | scanned=22 | no_tp→fwd_return=+1.3952
  [label] 2023-04-06 00:00 LINKUSDT entry=7.2420 → LONG | long=timeout(+0.02%) short=timeout(-0.22%) | scanned=22 | no_tp→fwd_return=+0.1243
  [label] 2023-04-09 16:00 LINKUSDT entry=7.1980 → LONG | long=tp(+7.34%) short=sl(-3.82%) | scanned=13 | long_tp_only
  [label] 2023-05-04 08:00 LINKUSDT entry=7.0260 → SHORT | long=sl(-4.43%) short=tp(+8.56%) | scanned=13 | short_tp_only
  [label] 2023-06-26 00:00 LINKUSDT entry=6.1790 → LONG | long=sl(-5.81%) short=sl(-5.81%) | scanned=19 | no_tp→fwd_return=+4.6286
  [label] 2023-12-09 00:00 LINKUSDT entry=17.2060 → SHORT | long=sl(-7.09%) short=tp(+13.87%) | scanned=6 | short_tp_only
  [label] 2023-12-13 00:00 LINKUSDT entry=14.2150 → LONG | long=timeout(+1.44%) short=sl(-9.09%) | scanned=22 | no_tp→fwd_return=+1.5406
  [label] 2023-12-23 16:00 LINKUSDT entry=15.6950 → LONG | long=sl(-6.48%) short=sl(-6.48%) | scanned=12 | no_tp→fwd_return=+6.5817
  [label] 2024-02-06 16:00 LINKUSDT entry=18.2890 → LONG | long=timeout(+8.59%) short=sl(-7.19%) | scanned=22 | no_tp→fwd_return=+8.6938
  [label] 2024-02-15 08:00 LINKUSDT entry=19.8900 → SHORT | long=sl(-5.78%) short=timeout(+6.80%) | scanned=22 | no_tp→fwd_return=-6.9030
  [label] 2024-05-15 16:00 LINKUSDT entry=13.8610 → LONG | long=tp(+9.85%) short=sl(-5.08%) | scanned=3 | long_tp_only
  [label] 2024-06-16 16:00 LINKUSDT entry=15.1340 → SHORT | long=sl(-5.14%) short=tp(+9.98%) | scanned=4 | short_tp_only
  [label] 2024-07-03 00:00 LINKUSDT entry=14.3950 → SHORT | long=sl(-4.82%) short=tp(+9.35%) | scanned=3 | short_tp_only
  [label] 2024-07-15 16:00 LINKUSDT entry=14.3820 → SHORT | long=sl(-5.12%) short=timeout(+3.07%) | scanned=22 | no_tp→fwd_return=-3.1706
  [label] 2024-08-03 00:00 LINKUSDT entry=12.0490 → SHORT | long=sl(-7.04%) short=tp(+13.79%) | scanned=6 | short_tp_only
  [label] 2024-08-09 08:00 LINKUSDT entry=10.1710 → SHORT | long=timeout(-1.60%) short=timeout(+1.40%) | scanned=22 | no_tp→fwd_return=-1.5043
  [label] 2024-08-21 16:00 LINKUSDT entry=11.2090 → LONG | long=tp(+11.77%) short=sl(-6.04%) | scanned=9 | long_tp_only
  [label] 2024-09-30 08:00 LINKUSDT entry=11.9240 → SHORT | long=sl(-5.23%) short=tp(+10.15%) | scanned=7 | short_tp_only
  [label] 2024-10-10 00:00 LINKUSDT entry=10.6240 → LONG | long=timeout(+4.91%) short=sl(-5.31%) | scanned=22 | no_tp→fwd_return=+5.0075
  [label] 2025-01-04 08:00 LINKUSDT entry=23.1570 → SHORT | long=sl(-7.13%) short=sl(-7.13%) | scanned=10 | no_tp→fwd_return=-7.6867
  [sample_weight_mode=composite_inv_concurrency] cell=(C, 2025-02) weight_mean=1.0000 weight_std=0.5002 kish=0.7999
  Labels: 1112 long (51.2%), 1059 short (48.8%) | weights: min=0.98, mean=1.00, max=20.48
  Features: 2171/2171 matched, 43 columns
  CV gap: 22 rows
  [ensemble 1/5] seed=42
  [frozen_hp] Trained with baseline HP: n_est=223 depth=4 ct=0.719
  [ensemble 2/5] seed=123
  [frozen_hp] Trained with baseline HP: n_est=198 depth=4 ct=0.776
  [ensemble 3/5] seed=456
  [frozen_hp] Trained with baseline HP: n_est=254 depth=3 ct=0.730
  [ensemble 4/5] seed=789
  [frozen_hp] Trained with baseline HP: n_est=82 depth=4 ct=0.711
  [ensemble 5/5] seed=1001
  [frozen_hp] Trained with baseline HP: n_est=494 depth=4 ct=0.793
  OOD: 16 features, cutoff (q=0.7) = 13.12
  Model trained for 2025-02: 84 test candles with features, confidence_threshold=0.746
[predict] 2025-02-13 08:00 LINKUSDT → LONG (proba=0.82 TP=18.5%/SL=9.3%)
[trade:open] 2025-02-13 15:59 LINKUSDT LONG @ 18.49 | SL=16.77 TP=21.91 | timeout=2025-02-20 15:59
[trade:close] 2025-02-20 16:00 LINKUSDT LONG → timeout @ 17.87 | PnL=-3.31% (net -3.41%) | cum=-4.69% 2025-02=-3.41% 2025-02-20=-3.41%
[predict] 2025-02-27 08:00 LINKUSDT → LONG (proba=0.80 TP=17.9%/SL=9.0%)
[trade:open] 2025-02-27 15:59 LINKUSDT LONG @ 15.38 | SL=14.00 TP=18.14 | timeout=2025-03-06 15:59
[trade:close] 2025-02-28 07:59 LINKUSDT LONG → stop_loss @ 14.00 | PnL=-8.97% (net -9.07%) | cum=-13.76% 2025-02=-12.48% 2025-02-28=-9.07%
[lgbm] === Training for 2025-03 ===
  Train window: 2023-03-01 → 2025-02-21
  2171 training samples from 1 symbols
  Samples per month: 2023-03: 93, 2023-04: 90, 2023-05: 93, 2023-06: 90, 2023-07: 93, 2023-08: 93, 2023-09: 90, 2023-10: 93, 2023-11: 90, 2023-12: 93, 2024-01: 93, 2024-02: 87, 2024-03: 93, 2024-04: 90, 2024-05: 93, 2024-06: 90, 2024-07: 93, 2024-08: 93, 2024-09: 90, 2024-10: 93, 2024-11: 90, 2024-12: 93, 2025-01: 93, 2025-02: 62
  [label] 2023-05-01 16:00 LINKUSDT entry=6.8910 → SHORT | long=sl(-5.07%) short=sl(-5.07%) | scanned=19 | no_tp→fwd_return=-3.8456
  [label] 2023-05-04 00:00 LINKUSDT entry=7.0650 → SHORT | long=sl(-4.49%) short=tp(+8.69%) | scanned=14 | short_tp_only
  [label] 2023-05-07 16:00 LINKUSDT entry=6.9070 → SHORT | long=sl(-4.06%) short=tp(+7.82%) | scanned=3 | short_tp_only
  [label] 2023-06-01 08:00 LINKUSDT entry=6.4090 → SHORT | long=sl(-3.25%) short=tp(+6.20%) | scanned=13 | short_tp_only
  [label] 2023-07-24 00:00 LINKUSDT entry=7.7290 → SHORT | long=timeout(-1.78%) short=timeout(+1.58%) | scanned=22 | no_tp→fwd_return=-1.6820
  [label] 2024-01-06 00:00 LINKUSDT entry=13.3420 → LONG | long=timeout(+6.13%) short=sl(-9.72%) | scanned=22 | no_tp→fwd_return=+6.2285
  [label] 2024-01-10 00:00 LINKUSDT entry=13.6740 → LONG | long=tp(+16.48%) short=sl(-8.39%) | scanned=16 | long_tp_only
  [label] 2024-01-20 16:00 LINKUSDT entry=15.7820 → SHORT | long=sl(-8.28%) short=timeout(+9.05%) | scanned=22 | no_tp→fwd_return=-9.1497
  [label] 2024-03-05 16:00 LINKUSDT entry=18.9780 → LONG | long=timeout(+9.10%) short=sl(-10.80%) | scanned=22 | no_tp→fwd_return=+9.2001
  [label] 2024-03-14 08:00 LINKUSDT entry=20.5850 → SHORT | long=sl(-7.88%) short=tp(+15.46%) | scanned=14 | short_tp_only
  [label] 2024-06-12 16:00 LINKUSDT entry=16.0090 → SHORT | long=sl(-6.35%) short=tp(+12.40%) | scanned=15 | short_tp_only
  [label] 2024-07-14 16:00 LINKUSDT entry=13.4420 → LONG | long=tp(+10.06%) short=sl(-5.18%) | scanned=21 | long_tp_only
  [label] 2024-07-31 00:00 LINKUSDT entry=13.2980 → SHORT | long=sl(-5.37%) short=tp(+10.43%) | scanned=7 | short_tp_only
  [label] 2024-08-12 16:00 LINKUSDT entry=10.5480 → SHORT | long=timeout(-3.62%) short=timeout(+3.42%) | scanned=22 | no_tp→fwd_return=-3.5173
  [label] 2024-08-31 00:00 LINKUSDT entry=11.1130 → SHORT | long=sl(-6.67%) short=tp(+13.03%) | scanned=19 | short_tp_only
  [label] 2024-09-06 08:00 LINKUSDT entry=9.6800 → LONG | long=tp(+12.94%) short=sl(-6.62%) | scanned=21 | long_tp_only
  [label] 2024-09-18 16:00 LINKUSDT entry=10.8910 → LONG | long=tp(+9.88%) short=sl(-5.09%) | scanned=18 | long_tp_only
  [label] 2024-10-28 08:00 LINKUSDT entry=10.8120 → LONG | long=tp(+11.73%) short=sl(-6.01%) | scanned=5 | long_tp_only
  [label] 2024-11-07 00:00 LINKUSDT entry=12.3080 → LONG | long=tp(+12.91%) short=sl(-6.61%) | scanned=9 | long_tp_only
  [label] 2025-02-01 08:00 LINKUSDT entry=24.4550 → SHORT | long=sl(-9.29%) short=tp(+18.27%) | scanned=4 | short_tp_only
  [sample_weight_mode=composite_inv_concurrency] cell=(C, 2025-03) weight_mean=1.0000 weight_std=0.5002 kish=0.7999
  Labels: 1086 long (50.0%), 1085 short (50.0%) | weights: min=0.98, mean=1.00, max=20.48
  Features: 2171/2171 matched, 43 columns
  CV gap: 22 rows
  [ensemble 1/5] seed=42
  [frozen_hp] Trained with baseline HP: n_est=337 depth=3 ct=0.538
  [ensemble 2/5] seed=123
  [frozen_hp] Trained with baseline HP: n_est=422 depth=4 ct=0.847
  [ensemble 3/5] seed=456
  [frozen_hp] Trained with baseline HP: n_est=431 depth=4 ct=0.809
  [ensemble 4/5] seed=789
  [frozen_hp] Trained with baseline HP: n_est=125 depth=4 ct=0.707
  [ensemble 5/5] seed=1001
  [frozen_hp] Trained with baseline HP: n_est=227 depth=4 ct=0.813
  OOD: 16 features, cutoff (q=0.7) = 13.35
  Model trained for 2025-03: 93 test candles with features, confidence_threshold=0.743
[predict] 2025-03-01 00:00 LINKUSDT → LONG (proba=0.92 TP=19.8%/SL=9.9%)
[trade:open] 2025-03-01 07:59 LINKUSDT LONG @ 14.54 | SL=13.10 TP=17.42 | timeout=2025-03-08 07:59
[trade:close] 2025-03-02 23:59 LINKUSDT LONG → take_profit @ 17.42 | PnL=+19.82% (net +19.72%) | cum=+5.97% 2025-03=+19.72% 2025-03-02=+19.72%
[predict] 2025-03-12 16:00 LINKUSDT → LONG (proba=0.88 TP=23.1%/SL=11.5%)
[trade:open] 2025-03-12 23:59 LINKUSDT LONG @ 13.48 | SL=11.92 TP=16.59 | timeout=2025-03-19 23:59
[trade:close] 2025-03-20 00:00 LINKUSDT LONG → timeout @ 15.01 | PnL=+11.38% (net +11.28%) | cum=+17.25% 2025-03=+31.00% 2025-03-20=+11.28%
[predict] 2025-03-25 00:00 LINKUSDT → SHORT (proba=0.77 TP=10.3%/SL=5.2%)
[trade:open] 2025-03-25 07:59 LINKUSDT SHORT @ 15.20 | SL=15.98 TP=13.63 | timeout=2025-04-01 07:59
[trade:close] 2025-03-26 15:59 LINKUSDT SHORT → stop_loss @ 15.98 | PnL=-5.15% (net -5.25%) | cum=+11.99% 2025-03=+25.75% 2025-03-26=-5.25%
[predict] 2025-03-27 16:00 LINKUSDT → SHORT (proba=0.77 TP=11.2%/SL=5.6%)
[trade:open] 2025-03-27 23:59 LINKUSDT SHORT @ 15.51 | SL=16.38 TP=13.78 | timeout=2025-04-03 23:59
[trade:close] 2025-03-29 15:59 LINKUSDT SHORT → take_profit @ 13.78 | PnL=+11.17% (net +11.07%) | cum=+23.07% 2025-03=+36.82% 2025-03-29=+11.07%
[lgbm] === Training for 2025-04 ===
  Train window: 2023-04-01 → 2025-03-24
  2171 training samples from 1 symbols
  Samples per month: 2023-04: 90, 2023-05: 93, 2023-06: 90, 2023-07: 93, 2023-08: 93, 2023-09: 90, 2023-10: 93, 2023-11: 90, 2023-12: 93, 2024-01: 93, 2024-02: 87, 2024-03: 93, 2024-04: 90, 2024-05: 93, 2024-06: 90, 2024-07: 93, 2024-08: 93, 2024-09: 90, 2024-10: 93, 2024-11: 90, 2024-12: 93, 2025-01: 93, 2025-02: 84, 2025-03: 71
  [label] 2023-06-01 16:00 LINKUSDT entry=6.3420 → SHORT | long=sl(-3.36%) short=tp(+6.42%) | scanned=12 | short_tp_only
  [label] 2023-06-04 00:00 LINKUSDT entry=6.4820 → SHORT | long=sl(-2.97%) short=tp(+5.65%) | scanned=4 | short_tp_only
  [label] 2023-06-07 16:00 LINKUSDT entry=5.9140 → SHORT | long=sl(-4.48%) short=tp(+8.66%) | scanned=7 | short_tp_only
  [label] 2023-07-02 08:00 LINKUSDT entry=6.4650 → SHORT | long=sl(-6.65%) short=timeout(+4.59%) | scanned=22 | no_tp→fwd_return=-4.6868
  [label] 2023-08-24 00:00 LINKUSDT entry=6.3090 → SHORT | long=sl(-4.82%) short=timeout(+5.16%) | scanned=22 | no_tp→fwd_return=-5.2623
  [label] 2024-02-06 00:00 LINKUSDT entry=19.0640 → LONG | long=timeout(+5.42%) short=sl(-6.92%) | scanned=22 | no_tp→fwd_return=+5.5235
  [label] 2024-02-10 00:00 LINKUSDT entry=18.3320 → LONG | long=tp(+12.06%) short=sl(-6.18%) | scanned=4 | long_tp_only
  [label] 2024-02-20 16:00 LINKUSDT entry=19.2960 → SHORT | long=sl(-5.98%) short=timeout(+1.19%) | scanned=22 | no_tp→fwd_return=-1.2904
  [label] 2024-04-05 16:00 LINKUSDT entry=17.3400 → SHORT | long=sl(-6.21%) short=sl(-6.21%) | scanned=21 | no_tp→fwd_return=-12.6240
  [label] 2024-04-14 08:00 LINKUSDT entry=13.5600 → LONG | long=timeout(+9.11%) short=timeout(-9.31%) | scanned=22 | no_tp→fwd_return=+9.2109
  [label] 2024-07-13 16:00 LINKUSDT entry=13.0110 → LONG | long=tp(+11.21%) short=sl(-5.76%) | scanned=6 | long_tp_only
  [label] 2024-08-14 16:00 LINKUSDT entry=10.3880 → LONG | long=timeout(+7.80%) short=sl(-7.02%) | scanned=22 | no_tp→fwd_return=+7.9034
  [label] 2024-08-31 00:00 LINKUSDT entry=11.1130 → SHORT | long=sl(-6.67%) short=tp(+13.03%) | scanned=19 | short_tp_only
  [label] 2024-09-12 16:00 LINKUSDT entry=10.7800 → LONG | long=timeout(+3.79%) short=sl(-4.86%) | scanned=22 | no_tp→fwd_return=+3.8868
  [label] 2024-10-01 00:00 LINKUSDT entry=12.2100 → SHORT | long=sl(-5.20%) short=tp(+10.11%) | scanned=2 | short_tp_only
  [label] 2024-10-07 08:00 LINKUSDT entry=11.5180 → SHORT | long=sl(-5.32%) short=tp(+10.34%) | scanned=10 | short_tp_only
  [label] 2024-10-19 16:00 LINKUSDT entry=11.4180 → SHORT | long=sl(-4.23%) short=sl(-4.23%) | scanned=18 | no_tp→fwd_return=-2.5398
  [label] 2024-11-28 08:00 LINKUSDT entry=17.5220 → LONG | long=tp(+20.94%) short=sl(-10.62%) | scanned=12 | long_tp_only
  [label] 2024-12-08 00:00 LINKUSDT entry=25.3740 → SHORT | long=sl(-10.20%) short=tp(+20.10%) | scanned=5 | short_tp_only
  [label] 2025-03-04 08:00 LINKUSDT entry=13.8230 → LONG | long=tp(+26.71%) short=sl(-13.51%) | scanned=6 | long_tp_only
  [sample_weight_mode=composite_inv_concurrency] cell=(C, 2025-04) weight_mean=1.0000 weight_std=0.5002 kish=0.7999
  Labels: 1094 long (50.4%), 1077 short (49.6%) | weights: min=0.98, mean=1.00, max=20.48
  Features: 2171/2171 matched, 43 columns
  CV gap: 22 rows
  [ensemble 1/5] seed=42
  [frozen_hp] Trained with baseline HP: n_est=249 depth=4 ct=0.740
  [ensemble 2/5] seed=123
  [frozen_hp] Trained with baseline HP: n_est=253 depth=4 ct=0.807
  [ensemble 3/5] seed=456
  [frozen_hp] Trained with baseline HP: n_est=500 depth=4 ct=0.848
  [ensemble 4/5] seed=789
  [frozen_hp] Trained with baseline HP: n_est=86 depth=5 ct=0.695
  [ensemble 5/5] seed=1001
  [frozen_hp] Trained with baseline HP: n_est=217 depth=3 ct=0.829
  OOD: 16 features, cutoff (q=0.7) = 13.52
  Model trained for 2025-04: 90 test candles with features, confidence_threshold=0.784
[lgbm] === Training for 2025-05 ===
  Train window: 2023-05-01 → 2025-04-23
  2171 training samples from 1 symbols
  Samples per month: 2023-05: 93, 2023-06: 90, 2023-07: 93, 2023-08: 93, 2023-09: 90, 2023-10: 93, 2023-11: 90, 2023-12: 93, 2024-01: 93, 2024-02: 87, 2024-03: 93, 2024-04: 90, 2024-05: 93, 2024-06: 90, 2024-07: 93, 2024-08: 93, 2024-09: 90, 2024-10: 93, 2024-11: 90, 2024-12: 93, 2025-01: 93, 2025-02: 84, 2025-03: 93, 2025-04: 68
  [label] 2023-07-01 16:00 LINKUSDT entry=6.5020 → SHORT | long=sl(-7.02%) short=timeout(+4.64%) | scanned=22 | no_tp→fwd_return=-4.7370
  [label] 2023-07-04 00:00 LINKUSDT entry=6.4650 → SHORT | long=sl(-5.76%) short=timeout(+4.06%) | scanned=22 | no_tp→fwd_return=-4.1609
  [label] 2023-07-07 16:00 LINKUSDT entry=6.1530 → LONG | long=tp(+10.78%) short=sl(-5.54%) | scanned=18 | long_tp_only
  [label] 2023-08-01 08:00 LINKUSDT entry=7.4610 → SHORT | long=sl(-5.18%) short=timeout(+1.25%) | scanned=22 | no_tp→fwd_return=-1.3537
  [label] 2023-09-23 00:00 LINKUSDT entry=7.0340 → LONG | long=tp(+9.65%) short=sl(-4.97%) | scanned=13 | long_tp_only
  [label] 2024-03-07 00:00 LINKUSDT entry=19.9610 → LONG | long=timeout(+2.47%) short=sl(-9.52%) | scanned=22 | no_tp→fwd_return=+2.5650
  [label] 2024-03-11 00:00 LINKUSDT entry=21.3710 → SHORT | long=sl(-8.73%) short=tp(+17.15%) | scanned=18 | short_tp_only
  [label] 2024-03-21 16:00 LINKUSDT entry=18.4680 → LONG | long=timeout(+3.71%) short=sl(-10.22%) | scanned=22 | no_tp→fwd_return=+3.8120
  [label] 2024-05-05 16:00 LINKUSDT entry=14.3620 → SHORT | long=sl(-5.00%) short=sl(-5.00%) | scanned=9 | no_tp→fwd_return=-3.2725
  [label] 2024-05-14 08:00 LINKUSDT entry=13.2600 → LONG | long=tp(+9.82%) short=sl(-5.06%) | scanned=7 | long_tp_only
  [label] 2024-08-12 16:00 LINKUSDT entry=10.5480 → SHORT | long=timeout(-3.62%) short=timeout(+3.42%) | scanned=22 | no_tp→fwd_return=-3.5173
  [label] 2024-09-13 16:00 LINKUSDT entry=11.4410 → SHORT | long=sl(-4.99%) short=tp(+9.68%) | scanned=14 | short_tp_only
  [label] 2024-09-30 00:00 LINKUSDT entry=12.2690 → SHORT | long=sl(-5.05%) short=tp(+9.80%) | scanned=5 | short_tp_only
  [label] 2024-10-12 16:00 LINKUSDT entry=10.9990 → LONG | long=timeout(+3.71%) short=sl(-4.34%) | scanned=22 | no_tp→fwd_return=+3.8094
  [label] 2024-10-31 00:00 LINKUSDT entry=12.1970 → SHORT | long=sl(-5.60%) short=tp(+10.90%) | scanned=9 | short_tp_only
  [label] 2024-11-06 08:00 LINKUSDT entry=11.8080 → LONG | long=tp(+12.66%) short=sl(-6.48%) | scanned=6 | long_tp_only
  [label] 2024-11-18 16:00 LINKUSDT entry=15.2810 → LONG | long=tp(+18.87%) short=sl(-9.59%) | scanned=15 | long_tp_only
  [label] 2024-12-28 08:00 LINKUSDT entry=21.4730 → LONG | long=timeout(+7.74%) short=sl(-9.96%) | scanned=22 | no_tp→fwd_return=+7.8424
  [label] 2025-01-07 00:00 LINKUSDT entry=23.3840 → SHORT | long=sl(-6.79%) short=tp(+13.28%) | scanned=5 | short_tp_only
  [label] 2025-04-03 08:00 LINKUSDT entry=12.5500 → SHORT | long=sl(-8.90%) short=tp(+17.50%) | scanned=11 | short_tp_only
  [sample_weight_mode=composite_inv_concurrency] cell=(C, 2025-05) weight_mean=1.0000 weight_std=0.5002 kish=0.7999
  Labels: 1094 long (50.4%), 1077 short (49.6%) | weights: min=0.98, mean=1.00, max=20.48
  Features: 2171/2171 matched, 43 columns
  CV gap: 22 rows
  [ensemble 1/5] seed=42
  [frozen_hp] Trained with baseline HP: n_est=145 depth=3 ct=0.839
  [ensemble 2/5] seed=123
  [frozen_hp] Trained with baseline HP: n_est=273 depth=4 ct=0.837
  [ensemble 3/5] seed=456
  [frozen_hp] Trained with baseline HP: n_est=301 depth=4 ct=0.793
  [ensemble 4/5] seed=789
  [frozen_hp] Trained with baseline HP: n_est=163 depth=4 ct=0.803
  [ensemble 5/5] seed=1001
  [frozen_hp] Trained with baseline HP: n_est=230 depth=3 ct=0.834
  OOD: 16 features, cutoff (q=0.7) = 13.60
  Model trained for 2025-05: 93 test candles with features, confidence_threshold=0.821
[lgbm] === Training for 2025-06 ===
  Train window: 2023-06-01 → 2025-05-24
  2171 training samples from 1 symbols
  Samples per month: 2023-06: 90, 2023-07: 93, 2023-08: 93, 2023-09: 90, 2023-10: 93, 2023-11: 90, 2023-12: 93, 2024-01: 93, 2024-02: 87, 2024-03: 93, 2024-04: 90, 2024-05: 93, 2024-06: 90, 2024-07: 93, 2024-08: 93, 2024-09: 90, 2024-10: 93, 2024-11: 90, 2024-12: 93, 2025-01: 93, 2025-02: 84, 2025-03: 93, 2025-04: 90, 2025-05: 71
  [label] 2023-08-01 16:00 LINKUSDT entry=7.6380 → SHORT | long=sl(-5.06%) short=timeout(+2.32%) | scanned=22 | no_tp→fwd_return=-2.4221
  [label] 2023-08-04 00:00 LINKUSDT entry=7.1420 → LONG | long=tp(+9.35%) short=sl(-4.83%) | scanned=16 | long_tp_only
  [label] 2023-08-07 16:00 LINKUSDT entry=7.3260 → LONG | long=timeout(+1.03%) short=sl(-4.56%) | scanned=22 | no_tp→fwd_return=+1.1330
  [label] 2023-09-01 08:00 LINKUSDT entry=5.9320 → LONG | long=timeout(+4.76%) short=sl(-4.69%) | scanned=22 | no_tp→fwd_return=+4.8550
  [label] 2023-10-24 00:00 LINKUSDT entry=10.1010 → LONG | long=timeout(+13.11%) short=sl(-10.58%) | scanned=22 | no_tp→fwd_return=+13.2066
  [label] 2024-04-07 00:00 LINKUSDT entry=17.6180 → SHORT | long=sl(-5.08%) short=sl(-5.08%) | scanned=17 | no_tp→fwd_return=-14.0027
  [label] 2024-04-11 00:00 LINKUSDT entry=17.5230 → SHORT | long=sl(-5.05%) short=tp(+9.80%) | scanned=5 | short_tp_only
  [label] 2024-04-21 16:00 LINKUSDT entry=15.0910 → SHORT | long=sl(-7.70%) short=timeout(+8.47%) | scanned=22 | no_tp→fwd_return=-8.5746
  [label] 2024-06-05 16:00 LINKUSDT entry=17.7620 → SHORT | long=sl(-4.33%) short=tp(+8.35%) | scanned=6 | short_tp_only
  [label] 2024-06-14 08:00 LINKUSDT entry=15.1950 → SHORT | long=sl(-6.15%) short=tp(+12.00%) | scanned=11 | short_tp_only
  [label] 2024-09-12 16:00 LINKUSDT entry=10.7800 → LONG | long=timeout(+3.79%) short=sl(-4.86%) | scanned=22 | no_tp→fwd_return=+3.8868
  [label] 2024-10-14 16:00 LINKUSDT entry=11.2800 → LONG | long=timeout(+3.72%) short=sl(-4.44%) | scanned=22 | no_tp→fwd_return=+3.8209
  [label] 2024-10-31 00:00 LINKUSDT entry=12.1970 → SHORT | long=sl(-5.60%) short=tp(+10.90%) | scanned=9 | short_tp_only
  [label] 2024-11-12 16:00 LINKUSDT entry=13.9600 → LONG | long=sl(-8.96%) short=sl(-8.96%) | scanned=17 | no_tp→fwd_return=+8.6748
  [label] 2024-12-01 00:00 LINKUSDT entry=18.6760 → LONG | long=tp(+16.48%) short=sl(-8.39%) | scanned=4 | long_tp_only
  [label] 2024-12-07 08:00 LINKUSDT entry=25.0030 → SHORT | long=sl(-11.41%) short=tp(+22.53%) | scanned=7 | short_tp_only
  [label] 2024-12-19 16:00 LINKUSDT entry=22.8060 → SHORT | long=timeout(-0.72%) short=timeout(+0.52%) | scanned=22 | no_tp→fwd_return=-0.6183
  [label] 2025-01-28 08:00 LINKUSDT entry=23.9200 → SHORT | long=sl(-9.80%) short=sl(-9.80%) | scanned=16 | no_tp→fwd_return=-14.5067
  [label] 2025-02-07 00:00 LINKUSDT entry=18.7730 → SHORT | long=timeout(-0.20%) short=timeout(+0.00%) | scanned=22 | no_tp→fwd_return=-0.1012
  [label] 2025-05-04 08:00 LINKUSDT entry=14.0950 → LONG | long=sl(-4.98%) short=sl(-4.98%) | scanned=12 | no_tp→fwd_return=+7.9816
  [sample_weight_mode=composite_inv_concurrency] cell=(C, 2025-06) weight_mean=1.0000 weight_std=0.5002 kish=0.7999
  Labels: 1104 long (50.9%), 1067 short (49.1%) | weights: min=0.98, mean=1.00, max=20.48
  Features: 2171/2171 matched, 43 columns
  CV gap: 22 rows
  [ensemble 1/5] seed=42
  [frozen_hp] Trained with baseline HP: n_est=77 depth=5 ct=0.782
  [ensemble 2/5] seed=123
  [frozen_hp] Trained with baseline HP: n_est=392 depth=3 ct=0.817
  [ensemble 3/5] seed=456
  [frozen_hp] Trained with baseline HP: n_est=99 depth=3 ct=0.706
  [ensemble 4/5] seed=789
  [frozen_hp] Trained with baseline HP: n_est=457 depth=3 ct=0.716
  [ensemble 5/5] seed=1001
  [frozen_hp] Trained with baseline HP: n_est=89 depth=5 ct=0.682
  OOD: 16 features, cutoff (q=0.7) = 13.72
  Model trained for 2025-06: 90 test candles with features, confidence_threshold=0.741
[predict] 2025-06-10 08:00 LINKUSDT → SHORT (proba=0.74 TP=10.1%/SL=5.1%)
[trade:open] 2025-06-10 15:59 LINKUSDT SHORT @ 15.09 | SL=15.86 TP=13.56 | timeout=2025-06-17 15:59
[trade:close] 2025-06-13 07:59 LINKUSDT SHORT → take_profit @ 13.56 | PnL=+10.15% (net +10.05%) | cum=+33.11% 2025-06=+10.05% 2025-06-13=+10.05%
[predict] 2025-06-18 08:00 LINKUSDT → SHORT (proba=0.77 TP=12.4%/SL=6.2%)
[trade:open] 2025-06-18 15:59 LINKUSDT SHORT @ 12.89 | SL=13.69 TP=11.28 | timeout=2025-06-25 15:59
[trade:close] 2025-06-22 23:59 LINKUSDT SHORT → take_profit @ 11.28 | PnL=+12.44% (net +12.34%) | cum=+45.45% 2025-06=+22.39% 2025-06-22=+12.34%
[lgbm] === Training for 2025-07 ===
  Train window: 2023-07-01 → 2025-06-23
  2171 training samples from 1 symbols
  Samples per month: 2023-07: 93, 2023-08: 93, 2023-09: 90, 2023-10: 93, 2023-11: 90, 2023-12: 93, 2024-01: 93, 2024-02: 87, 2024-03: 93, 2024-04: 90, 2024-05: 93, 2024-06: 90, 2024-07: 93, 2024-08: 93, 2024-09: 90, 2024-10: 93, 2024-11: 90, 2024-12: 93, 2025-01: 93, 2025-02: 84, 2025-03: 93, 2025-04: 90, 2025-05: 93, 2025-06: 68
  [label] 2023-08-31 16:00 LINKUSDT entry=5.8730 → LONG | long=tp(+9.42%) short=sl(-4.86%) | scanned=21 | long_tp_only
  [label] 2023-09-03 00:00 LINKUSDT entry=6.0100 → LONG | long=timeout(+1.56%) short=sl(-4.00%) | scanned=22 | no_tp→fwd_return=+1.6639
  [label] 2023-09-06 16:00 LINKUSDT entry=6.2970 → SHORT | long=sl(-4.07%) short=tp(+7.85%) | scanned=14 | short_tp_only
  [label] 2023-10-01 08:00 LINKUSDT entry=8.0100 → SHORT | long=sl(-5.25%) short=tp(+10.19%) | scanned=8 | short_tp_only
  [label] 2023-11-23 00:00 LINKUSDT entry=14.5330 → SHORT | long=timeout(-0.77%) short=timeout(+0.57%) | scanned=22 | no_tp→fwd_return=-0.6674
  [label] 2024-05-07 00:00 LINKUSDT entry=14.2640 → SHORT | long=sl(-5.37%) short=timeout(+5.09%) | scanned=22 | no_tp→fwd_return=-5.1879
  [label] 2024-05-11 00:00 LINKUSDT entry=13.6210 → LONG | long=sl(-5.20%) short=sl(-5.20%) | scanned=17 | no_tp→fwd_return=+13.8169
  [label] 2024-05-21 16:00 LINKUSDT entry=16.7480 → LONG | long=sl(-6.41%) short=sl(-6.41%) | scanned=13 | no_tp→fwd_return=+5.2185
  [label] 2024-07-05 16:00 LINKUSDT entry=12.3030 → LONG | long=timeout(+3.41%) short=sl(-9.07%) | scanned=22 | no_tp→fwd_return=+3.5113
  [label] 2024-07-14 08:00 LINKUSDT entry=13.2590 → LONG | long=tp(+10.37%) short=sl(-5.34%) | scanned=21 | long_tp_only
  [label] 2024-10-12 16:00 LINKUSDT entry=10.9990 → LONG | long=timeout(+3.71%) short=sl(-4.34%) | scanned=22 | no_tp→fwd_return=+3.8094
  [label] 2024-11-13 16:00 LINKUSDT entry=13.4910 → LONG | long=timeout(+5.46%) short=sl(-10.78%) | scanned=22 | no_tp→fwd_return=+5.5593
  [label] 2024-11-30 00:00 LINKUSDT entry=18.6490 → LONG | long=tp(+17.06%) short=sl(-8.68%) | scanned=7 | long_tp_only
  [label] 2024-12-12 16:00 LINKUSDT entry=29.1280 → SHORT | long=sl(-13.59%) short=timeout(+21.60%) | scanned=22 | no_tp→fwd_return=-21.7042
  [label] 2024-12-31 00:00 LINKUSDT entry=20.3120 → LONG | long=tp(+17.70%) short=sl(-9.00%) | scanned=14 | long_tp_only
  [label] 2025-01-06 08:00 LINKUSDT entry=24.3750 → SHORT | long=sl(-6.65%) short=tp(+13.00%) | scanned=4 | short_tp_only
  [label] 2025-01-18 16:00 LINKUSDT entry=24.0980 → LONG | long=timeout(+3.27%) short=sl(-8.11%) | scanned=22 | no_tp→fwd_return=+3.3737
  [label] 2025-02-27 08:00 LINKUSDT entry=15.3800 → LONG | long=sl(-9.07%) short=sl(-9.07%) | scanned=10 | no_tp→fwd_return=+13.1795
  [label] 2025-03-09 00:00 LINKUSDT entry=15.1190 → SHORT | long=sl(-10.40%) short=tp(+20.50%) | scanned=6 | short_tp_only
  [label] 2025-06-03 08:00 LINKUSDT entry=14.3210 → SHORT | long=sl(-5.69%) short=tp(+11.07%) | scanned=7 | short_tp_only
  [sample_weight_mode=composite_inv_concurrency] cell=(C, 2025-07) weight_mean=1.0000 weight_std=0.5002 kish=0.7999
  Labels: 1077 long (49.6%), 1094 short (50.4%) | weights: min=0.98, mean=1.00, max=20.48
  Features: 2171/2171 matched, 43 columns
  CV gap: 22 rows
  [ensemble 1/5] seed=42
  [frozen_hp] Trained with baseline HP: n_est=224 depth=4 ct=0.796
  [ensemble 2/5] seed=123
  [frozen_hp] Trained with baseline HP: n_est=211 depth=3 ct=0.720
  [ensemble 3/5] seed=456
  [frozen_hp] Trained with baseline HP: n_est=223 depth=4 ct=0.780
  [ensemble 4/5] seed=789
  [frozen_hp] Trained with baseline HP: n_est=126 depth=4 ct=0.709
  [ensemble 5/5] seed=1001
  [frozen_hp] Trained with baseline HP: n_est=73 depth=4 ct=0.848
  OOD: 16 features, cutoff (q=0.7) = 13.65
  Model trained for 2025-07: 93 test candles with features, confidence_threshold=0.771
[lgbm] === Training for 2025-08 ===
  Train window: 2023-08-01 → 2025-07-24
  2171 training samples from 1 symbols
  Samples per month: 2023-08: 93, 2023-09: 90, 2023-10: 93, 2023-11: 90, 2023-12: 93, 2024-01: 93, 2024-02: 87, 2024-03: 93, 2024-04: 90, 2024-05: 93, 2024-06: 90, 2024-07: 93, 2024-08: 93, 2024-09: 90, 2024-10: 93, 2024-11: 90, 2024-12: 93, 2025-01: 93, 2025-02: 84, 2025-03: 93, 2025-04: 90, 2025-05: 93, 2025-06: 90, 2025-07: 71
  [label] 2023-10-01 16:00 LINKUSDT entry=8.0490 → SHORT | long=sl(-5.50%) short=tp(+10.69%) | scanned=7 | short_tp_only
  [label] 2023-10-04 00:00 LINKUSDT entry=7.5910 → SHORT | long=timeout(-5.26%) short=timeout(+5.06%) | scanned=22 | no_tp→fwd_return=-5.1640
  [label] 2023-10-07 16:00 LINKUSDT entry=7.5210 → SHORT | long=sl(-4.92%) short=sl(-4.92%) | scanned=6 | no_tp→fwd_return=-3.2841
  [label] 2023-11-01 08:00 LINKUSDT entry=10.8310 → LONG | long=tp(+18.93%) short=sl(-9.62%) | scanned=16 | long_tp_only
  [label] 2023-12-24 00:00 LINKUSDT entry=15.5480 → LONG | long=sl(-6.61%) short=sl(-6.61%) | scanned=11 | no_tp→fwd_return=+7.5894
  [label] 2024-06-07 00:00 LINKUSDT entry=17.5140 → SHORT | long=sl(-4.23%) short=tp(+8.16%) | scanned=2 | short_tp_only
  [label] 2024-06-11 00:00 LINKUSDT entry=15.5040 → SHORT | long=sl(-5.71%) short=tp(+11.12%) | scanned=21 | short_tp_only
  [label] 2024-06-21 16:00 LINKUSDT entry=13.8410 → SHORT | long=sl(-6.79%) short=timeout(+0.41%) | scanned=22 | no_tp→fwd_return=-0.5057
  [label] 2024-08-05 16:00 LINKUSDT entry=9.4770 → LONG | long=timeout(+11.20%) short=sl(-14.42%) | scanned=22 | no_tp→fwd_return=+11.3010
  [label] 2024-08-14 08:00 LINKUSDT entry=10.4630 → SHORT | long=timeout(-0.62%) short=timeout(+0.42%) | scanned=22 | no_tp→fwd_return=-0.5161
  [label] 2024-11-12 16:00 LINKUSDT entry=13.9600 → LONG | long=sl(-8.96%) short=sl(-8.96%) | scanned=17 | no_tp→fwd_return=+8.6748
  [label] 2024-12-14 16:00 LINKUSDT entry=29.1170 → SHORT | long=sl(-12.62%) short=tp(+24.94%) | scanned=15 | short_tp_only
  [label] 2024-12-31 00:00 LINKUSDT entry=20.3120 → LONG | long=tp(+17.70%) short=sl(-9.00%) | scanned=14 | long_tp_only
  [label] 2025-01-12 16:00 LINKUSDT entry=19.8330 → LONG | long=sl(-7.02%) short=sl(-7.02%) | scanned=8 | no_tp→fwd_return=+8.8691
  [label] 2025-01-31 00:00 LINKUSDT entry=24.8900 → SHORT | long=sl(-9.04%) short=tp(+17.78%) | scanned=8 | short_tp_only
  [label] 2025-02-06 08:00 LINKUSDT entry=18.6910 → SHORT | long=timeout(-1.20%) short=timeout(+1.00%) | scanned=22 | no_tp→fwd_return=-1.0968
  [label] 2025-02-18 16:00 LINKUSDT entry=17.8560 → SHORT | long=sl(-7.76%) short=tp(+15.22%) | scanned=18 | short_tp_only
  [label] 2025-03-30 08:00 LINKUSDT entry=13.5950 → SHORT | long=sl(-6.35%) short=timeout(+9.36%) | scanned=22 | no_tp→fwd_return=-9.4594
  [label] 2025-04-09 00:00 LINKUSDT entry=11.3740 → LONG | long=timeout(+6.75%) short=sl(-11.40%) | scanned=22 | no_tp→fwd_return=+6.8490
  [label] 2025-07-04 08:00 LINKUSDT entry=13.0660 → LONG | long=tp(+10.51%) short=sl(-5.41%) | scanned=17 | long_tp_only
  [sample_weight_mode=composite_inv_concurrency] cell=(C, 2025-08) weight_mean=1.0000 weight_std=0.5002 kish=0.7999
  Labels: 1104 long (50.9%), 1067 short (49.1%) | weights: min=0.98, mean=1.00, max=20.48
  Features: 2171/2171 matched, 43 columns
  CV gap: 22 rows
  [ensemble 1/5] seed=42
  [frozen_hp] Trained with baseline HP: n_est=187 depth=3 ct=0.811
  [ensemble 2/5] seed=123
  [frozen_hp] Trained with baseline HP: n_est=103 depth=4 ct=0.727
  [ensemble 3/5] seed=456
  [frozen_hp] Trained with baseline HP: n_est=231 depth=5 ct=0.751
  [ensemble 4/5] seed=789
  [frozen_hp] Trained with baseline HP: n_est=104 depth=5 ct=0.752
  [ensemble 5/5] seed=1001
  [frozen_hp] Trained with baseline HP: n_est=83 depth=4 ct=0.653
  OOD: 16 features, cutoff (q=0.7) = 13.92
  Model trained for 2025-08: 93 test candles with features, confidence_threshold=0.739
[lgbm] === Training for 2025-09 ===
  Train window: 2023-09-01 → 2025-08-24
  2171 training samples from 1 symbols
  Samples per month: 2023-09: 90, 2023-10: 93, 2023-11: 90, 2023-12: 93, 2024-01: 93, 2024-02: 87, 2024-03: 93, 2024-04: 90, 2024-05: 93, 2024-06: 90, 2024-07: 93, 2024-08: 93, 2024-09: 90, 2024-10: 93, 2024-11: 90, 2024-12: 93, 2025-01: 93, 2025-02: 84, 2025-03: 93, 2025-04: 90, 2025-05: 93, 2025-06: 90, 2025-07: 93, 2025-08: 71
  [label] 2023-11-01 16:00 LINKUSDT entry=11.6520 → LONG | long=sl(-9.48%) short=sl(-9.48%) | scanned=13 | no_tp→fwd_return=+6.9258
  [label] 2023-11-04 00:00 LINKUSDT entry=11.2440 → LONG | long=tp(+17.16%) short=sl(-8.73%) | scanned=8 | long_tp_only
  [label] 2023-11-07 16:00 LINKUSDT entry=13.0530 → LONG | long=tp(+16.58%) short=sl(-8.44%) | scanned=5 | long_tp_only
  [label] 2023-12-02 08:00 LINKUSDT entry=15.8470 → LONG | long=sl(-5.34%) short=sl(-5.34%) | scanned=18 | no_tp→fwd_return=+5.4332
  [label] 2024-01-24 00:00 LINKUSDT entry=14.1500 → LONG | long=timeout(+11.74%) short=sl(-8.07%) | scanned=22 | no_tp→fwd_return=+11.8445
  [label] 2024-07-08 00:00 LINKUSDT entry=12.5860 → LONG | long=timeout(+9.71%) short=sl(-8.64%) | scanned=22 | no_tp→fwd_return=+9.8125
  [label] 2024-07-12 00:00 LINKUSDT entry=12.4370 → LONG | long=tp(+13.93%) short=sl(-7.11%) | scanned=11 | long_tp_only
  [label] 2024-07-22 16:00 LINKUSDT entry=13.9260 → SHORT | long=sl(-6.12%) short=timeout(+2.77%) | scanned=22 | no_tp→fwd_return=-2.8651
  [label] 2024-09-05 16:00 LINKUSDT entry=10.0210 → LONG | long=sl(-6.06%) short=sl(-6.06%) | scanned=10 | no_tp→fwd_return=+5.9475
  [label] 2024-09-14 08:00 LINKUSDT entry=11.3660 → SHORT | long=sl(-4.65%) short=tp(+8.99%) | scanned=12 | short_tp_only
  [label] 2024-12-13 16:00 LINKUSDT entry=28.9830 → SHORT | long=sl(-13.10%) short=tp(+25.90%) | scanned=20 | short_tp_only
  [label] 2025-01-14 16:00 LINKUSDT entry=20.3230 → LONG | long=tp(+14.80%) short=sl(-7.55%) | scanned=6 | long_tp_only
  [label] 2025-01-31 00:00 LINKUSDT entry=24.8900 → SHORT | long=sl(-9.04%) short=tp(+17.78%) | scanned=8 | short_tp_only
  [label] 2025-02-12 16:00 LINKUSDT entry=19.1900 → SHORT | long=sl(-9.62%) short=timeout(+6.29%) | scanned=22 | no_tp→fwd_return=-6.3940
  [label] 2025-03-03 00:00 LINKUSDT entry=16.4760 → SHORT | long=sl(-10.35%) short=tp(+20.40%) | scanned=5 | short_tp_only
  [label] 2025-03-09 08:00 LINKUSDT entry=14.2980 → SHORT | long=sl(-10.98%) short=timeout(+5.69%) | scanned=22 | no_tp→fwd_return=-5.7910
  [label] 2025-03-21 16:00 LINKUSDT entry=13.9490 → LONG | long=tp(+13.63%) short=sl(-6.97%) | scanned=13 | long_tp_only
  [label] 2025-04-30 08:00 LINKUSDT entry=14.1150 → SHORT | long=timeout(-3.85%) short=timeout(+3.65%) | scanned=22 | no_tp→fwd_return=-3.7549
  [label] 2025-05-10 00:00 LINKUSDT entry=16.3490 → SHORT | long=sl(-6.16%) short=sl(-6.16%) | scanned=21 | no_tp→fwd_return=-5.8169
  [label] 2025-08-04 08:00 LINKUSDT entry=16.9130 → LONG | long=tp(+11.53%) short=sl(-5.92%) | scanned=11 | long_tp_only
  [sample_weight_mode=composite_inv_concurrency] cell=(C, 2025-09) weight_mean=1.0000 weight_std=0.5002 kish=0.7999
  Labels: 1131 long (52.1%), 1040 short (47.9%) | weights: min=0.98, mean=1.00, max=20.48
  Features: 2171/2171 matched, 43 columns
  CV gap: 22 rows
  [ensemble 1/5] seed=42
  [frozen_hp] Trained with baseline HP: n_est=145 depth=3 ct=0.839
  [ensemble 2/5] seed=123
  [frozen_hp] Trained with baseline HP: n_est=340 depth=3 ct=0.807
  [ensemble 3/5] seed=456
  [frozen_hp] Trained with baseline HP: n_est=65 depth=4 ct=0.838
  [ensemble 4/5] seed=789
  [frozen_hp] Trained with baseline HP: n_est=83 depth=3 ct=0.829
  [ensemble 5/5] seed=1001
  [frozen_hp] Trained with baseline HP: n_est=195 depth=3 ct=0.801
  OOD: 16 features, cutoff (q=0.7) = 14.11
  Model trained for 2025-09: 90 test candles with features, confidence_threshold=0.823
[lgbm] === Training for 2025-10 ===
  Train window: 2023-10-01 → 2025-09-23
  2171 training samples from 1 symbols
  Samples per month: 2023-10: 93, 2023-11: 90, 2023-12: 93, 2024-01: 93, 2024-02: 87, 2024-03: 93, 2024-04: 90, 2024-05: 93, 2024-06: 90, 2024-07: 93, 2024-08: 93, 2024-09: 90, 2024-10: 93, 2024-11: 90, 2024-12: 93, 2025-01: 93, 2025-02: 84, 2025-03: 93, 2025-04: 90, 2025-05: 93, 2025-06: 90, 2025-07: 93, 2025-08: 93, 2025-09: 68
  [label] 2023-12-01 16:00 LINKUSDT entry=14.9910 → LONG | long=tp(+10.28%) short=sl(-5.29%) | scanned=20 | long_tp_only
  [label] 2023-12-04 00:00 LINKUSDT entry=16.0890 → LONG | long=sl(-5.69%) short=sl(-5.69%) | scanned=13 | no_tp→fwd_return=+3.8473
  [label] 2023-12-07 16:00 LINKUSDT entry=15.7100 → SHORT | long=sl(-7.29%) short=sl(-7.29%) | scanned=10 | no_tp→fwd_return=-5.3978
  [label] 2024-01-01 08:00 LINKUSDT entry=15.3160 → SHORT | long=sl(-6.46%) short=tp(+12.61%) | scanned=6 | short_tp_only
  [label] 2024-02-23 00:00 LINKUSDT entry=17.9590 → LONG | long=tp(+12.51%) short=sl(-6.40%) | scanned=16 | long_tp_only
  [label] 2024-08-07 00:00 LINKUSDT entry=10.3380 → LONG | long=timeout(+2.56%) short=timeout(-2.76%) | scanned=22 | no_tp→fwd_return=+2.6601
  [label] 2024-08-11 00:00 LINKUSDT entry=10.7300 → SHORT | long=sl(-7.70%) short=timeout(+6.04%) | scanned=22 | no_tp→fwd_return=-6.1417
  [label] 2024-08-21 16:00 LINKUSDT entry=11.2090 → LONG | long=tp(+11.77%) short=sl(-6.04%) | scanned=9 | long_tp_only
  [label] 2024-10-05 16:00 LINKUSDT entry=11.2600 → SHORT | long=sl(-5.53%) short=timeout(+2.22%) | scanned=22 | no_tp→fwd_return=-2.3179
  [label] 2024-10-14 08:00 LINKUSDT entry=11.2580 → LONG | long=timeout(+3.57%) short=sl(-4.62%) | scanned=22 | no_tp→fwd_return=+3.6685
  [label] 2025-01-12 16:00 LINKUSDT entry=19.8330 → LONG | long=sl(-7.02%) short=sl(-7.02%) | scanned=8 | no_tp→fwd_return=+8.8691
  [label] 2025-02-13 16:00 LINKUSDT entry=18.5400 → SHORT | long=timeout(-1.51%) short=timeout(+1.31%) | scanned=22 | no_tp→fwd_return=-1.4132
  [label] 2025-03-02 00:00 LINKUSDT entry=14.7470 → LONG | long=tp(+17.72%) short=sl(-9.01%) | scanned=2 | long_tp_only
  [label] 2025-03-14 16:00 LINKUSDT entry=13.6560 → LONG | long=timeout(+2.05%) short=sl(-10.96%) | scanned=22 | no_tp→fwd_return=+2.1456
  [label] 2025-04-02 00:00 LINKUSDT entry=13.3850 → SHORT | long=sl(-6.66%) short=sl(-6.66%) | scanned=4 | no_tp→fwd_return=-6.2383
  [label] 2025-04-08 08:00 LINKUSDT entry=11.4180 → LONG | long=timeout(+8.19%) short=sl(-10.92%) | scanned=22 | no_tp→fwd_return=+8.2939
  [label] 2025-04-20 16:00 LINKUSDT entry=13.2770 → LONG | long=tp(+10.16%) short=sl(-5.23%) | scanned=7 | long_tp_only
  [label] 2025-05-30 08:00 LINKUSDT entry=14.2350 → SHORT | long=sl(-7.16%) short=timeout(+4.85%) | scanned=22 | no_tp→fwd_return=-4.9526
  [label] 2025-06-09 00:00 LINKUSDT entry=13.6550 → LONG | long=tp(+9.63%) short=sl(-4.96%) | scanned=4 | long_tp_only
  [label] 2025-09-03 08:00 LINKUSDT entry=23.8030 → SHORT | long=sl(-6.29%) short=timeout(+0.48%) | scanned=22 | no_tp→fwd_return=-0.5756
  [sample_weight_mode=composite_inv_concurrency] cell=(C, 2025-10) weight_mean=1.0000 weight_std=0.5002 kish=0.7999
  Labels: 1100 long (50.7%), 1071 short (49.3%) | weights: min=0.98, mean=1.00, max=20.48
  Features: 2171/2171 matched, 43 columns
  CV gap: 22 rows
  [ensemble 1/5] seed=42
  [frozen_hp] Trained with baseline HP: n_est=148 depth=4 ct=0.604
  [ensemble 2/5] seed=123
  [frozen_hp] Trained with baseline HP: n_est=78 depth=5 ct=0.759
  [ensemble 3/5] seed=456
  [frozen_hp] Trained with baseline HP: n_est=350 depth=4 ct=0.792
  [ensemble 4/5] seed=789
  [frozen_hp] Trained with baseline HP: n_est=97 depth=4 ct=0.700
  [ensemble 5/5] seed=1001
  [frozen_hp] Trained with baseline HP: n_est=113 depth=3 ct=0.830
  OOD: 16 features, cutoff (q=0.7) = 14.03
  Model trained for 2025-10: 93 test candles with features, confidence_threshold=0.737
[predict] 2025-10-18 00:00 LINKUSDT → LONG (proba=0.83 TP=21.4%/SL=10.7%)
[trade:open] 2025-10-18 07:59 LINKUSDT LONG @ 16.70 | SL=14.91 TP=20.27 | timeout=2025-10-25 07:59
[trade:close] 2025-10-25 08:00 LINKUSDT LONG → timeout @ 17.87 | PnL=+7.01% (net +6.91%) | cum=+52.37% 2025-10=+6.91% 2025-10-25=+6.91%
[lgbm] === Training for 2025-11 ===
  Train window: 2023-11-01 → 2025-10-24
  2171 training samples from 1 symbols
  Samples per month: 2023-11: 90, 2023-12: 93, 2024-01: 93, 2024-02: 87, 2024-03: 93, 2024-04: 90, 2024-05: 93, 2024-06: 90, 2024-07: 93, 2024-08: 93, 2024-09: 90, 2024-10: 93, 2024-11: 90, 2024-12: 93, 2025-01: 93, 2025-02: 84, 2025-03: 93, 2025-04: 90, 2025-05: 93, 2025-06: 90, 2025-07: 93, 2025-08: 93, 2025-09: 90, 2025-10: 71
  [label] 2024-01-01 16:00 LINKUSDT entry=15.5630 → SHORT | long=sl(-6.19%) short=tp(+12.08%) | scanned=5 | short_tp_only
  [label] 2024-01-04 00:00 LINKUSDT entry=14.2940 → LONG | long=sl(-9.46%) short=timeout(-3.87%) | scanned=22 | no_tp→fwd_return=+3.7708
  [label] 2024-01-07 16:00 LINKUSDT entry=13.1500 → LONG | long=tp(+16.51%) short=sl(-8.40%) | scanned=9 | long_tp_only
  [label] 2024-02-01 08:00 LINKUSDT entry=16.6940 → LONG | long=tp(+12.81%) short=sl(-6.56%) | scanned=3 | long_tp_only
  [label] 2024-03-25 00:00 LINKUSDT entry=18.6340 → LONG | long=timeout(+0.03%) short=sl(-7.22%) | scanned=22 | no_tp→fwd_return=+0.1342
  [label] 2024-09-07 00:00 LINKUSDT entry=9.9400 → LONG | long=tp(+13.11%) short=sl(-6.70%) | scanned=19 | long_tp_only
  [label] 2024-09-11 00:00 LINKUSDT entry=10.4790 → LONG | long=timeout(+0.98%) short=sl(-5.58%) | scanned=22 | no_tp→fwd_return=+1.0783
  [label] 2024-09-21 16:00 LINKUSDT entry=11.4860 → LONG | long=sl(-4.48%) short=sl(-4.48%) | scanned=9 | no_tp→fwd_return=+5.7722
  [label] 2024-11-05 16:00 LINKUSDT entry=10.8290 → LONG | long=tp(+11.70%) short=sl(-6.00%) | scanned=3 | long_tp_only
  [label] 2024-11-14 08:00 LINKUSDT entry=12.9630 → LONG | long=tp(+21.65%) short=sl(-10.98%) | scanned=13 | long_tp_only
  [label] 2025-02-12 16:00 LINKUSDT entry=19.1900 → SHORT | long=sl(-9.62%) short=timeout(+6.29%) | scanned=22 | no_tp→fwd_return=-6.3940
  [label] 2025-03-16 16:00 LINKUSDT entry=13.3580 → LONG | long=timeout(+8.16%) short=sl(-9.37%) | scanned=22 | no_tp→fwd_return=+8.2572
  [label] 2025-04-02 00:00 LINKUSDT entry=13.3850 → SHORT | long=sl(-6.66%) short=sl(-6.66%) | scanned=4 | no_tp→fwd_return=-6.2383
  [label] 2025-04-14 16:00 LINKUSDT entry=12.6320 → LONG | long=timeout(+3.55%) short=sl(-8.15%) | scanned=22 | no_tp→fwd_return=+3.6495
  [label] 2025-05-03 00:00 LINKUSDT entry=14.3850 → LONG | long=sl(-5.63%) short=sl(-5.63%) | scanned=16 | no_tp→fwd_return=+5.8047
  [label] 2025-05-09 08:00 LINKUSDT entry=15.9570 → LONG | long=timeout(+1.72%) short=sl(-6.44%) | scanned=22 | no_tp→fwd_return=+1.8174
  [label] 2025-05-21 16:00 LINKUSDT entry=16.0940 → SHORT | long=timeout(-2.66%) short=timeout(+2.46%) | scanned=22 | no_tp→fwd_return=-2.5600
  [label] 2025-06-30 08:00 LINKUSDT entry=13.3690 → LONG | long=timeout(+1.08%) short=timeout(-1.28%) | scanned=22 | no_tp→fwd_return=+1.1818
  [label] 2025-07-10 00:00 LINKUSDT entry=14.3920 → LONG | long=tp(+8.57%) short=sl(-4.44%) | scanned=4 | long_tp_only
  [label] 2025-10-04 08:00 LINKUSDT entry=21.8340 → SHORT | long=sl(-5.13%) short=sl(-5.13%) | scanned=19 | no_tp→fwd_return=-20.8803
  [sample_weight_mode=composite_inv_concurrency] cell=(C, 2025-11) weight_mean=1.0000 weight_std=0.5002 kish=0.7999
  Labels: 1075 long (49.5%), 1096 short (50.5%) | weights: min=0.98, mean=1.00, max=20.48
  Features: 2171/2171 matched, 43 columns
  CV gap: 22 rows
  [ensemble 1/5] seed=42
  [frozen_hp] Trained with baseline HP: n_est=145 depth=3 ct=0.839
  [ensemble 2/5] seed=123
  [frozen_hp] Trained with baseline HP: n_est=124 depth=3 ct=0.753
  [ensemble 3/5] seed=456
  [frozen_hp] Trained with baseline HP: n_est=287 depth=4 ct=0.850
  [ensemble 4/5] seed=789
  [frozen_hp] Trained with baseline HP: n_est=234 depth=4 ct=0.841
  [ensemble 5/5] seed=1001
  [frozen_hp] Trained with baseline HP: n_est=459 depth=3 ct=0.817
  OOD: 16 features, cutoff (q=0.7) = 14.13
  Model trained for 2025-11: 90 test candles with features, confidence_threshold=0.820
[predict] 2025-11-21 08:00 LINKUSDT → LONG (proba=0.84 TP=21.1%/SL=10.5%)
[trade:open] 2025-11-21 15:59 LINKUSDT LONG @ 11.91 | SL=10.65 TP=14.41 | timeout=2025-11-28 15:59
[trade:close] 2025-11-28 16:00 LINKUSDT LONG → timeout @ 13.41 | PnL=+12.66% (net +12.56%) | cum=+64.93% 2025-11=+12.56% 2025-11-28=+12.56%
[lgbm] === Training for 2025-12 ===
  Train window: 2023-12-01 → 2025-11-23
  2171 training samples from 1 symbols
  Samples per month: 2023-12: 93, 2024-01: 93, 2024-02: 87, 2024-03: 93, 2024-04: 90, 2024-05: 93, 2024-06: 90, 2024-07: 93, 2024-08: 93, 2024-09: 90, 2024-10: 93, 2024-11: 90, 2024-12: 93, 2025-01: 93, 2025-02: 84, 2025-03: 93, 2025-04: 90, 2025-05: 93, 2025-06: 90, 2025-07: 93, 2025-08: 93, 2025-09: 90, 2025-10: 93, 2025-11: 68
  [label] 2024-01-31 16:00 LINKUSDT entry=15.4240 → LONG | long=tp(+11.51%) short=sl(-5.90%) | scanned=3 | long_tp_only
  [label] 2024-02-03 00:00 LINKUSDT entry=17.7160 → LONG | long=timeout(+3.38%) short=sl(-7.60%) | scanned=22 | no_tp→fwd_return=+3.4771
  [label] 2024-02-06 16:00 LINKUSDT entry=18.2890 → LONG | long=timeout(+8.59%) short=sl(-7.19%) | scanned=22 | no_tp→fwd_return=+8.6938
  [label] 2024-03-02 08:00 LINKUSDT entry=21.1390 → SHORT | long=sl(-6.85%) short=tp(+13.40%) | scanned=10 | short_tp_only
  [label] 2024-04-24 00:00 LINKUSDT entry=15.3810 → SHORT | long=sl(-6.35%) short=tp(+12.40%) | scanned=19 | short_tp_only
  [label] 2024-10-07 00:00 LINKUSDT entry=11.5440 → SHORT | long=sl(-5.04%) short=tp(+9.79%) | scanned=10 | short_tp_only
  [label] 2024-10-11 00:00 LINKUSDT entry=10.6500 → LONG | long=timeout(+7.14%) short=sl(-5.21%) | scanned=22 | no_tp→fwd_return=+7.2394
  [label] 2024-10-21 16:00 LINKUSDT entry=11.7110 → SHORT | long=sl(-4.44%) short=sl(-4.44%) | scanned=6 | no_tp→fwd_return=-3.3302
  [label] 2024-12-05 16:00 LINKUSDT entry=23.1720 → SHORT | long=sl(-13.10%) short=sl(-13.10%) | scanned=12 | no_tp→fwd_return=-4.0178
  [label] 2024-12-14 08:00 LINKUSDT entry=30.3610 → SHORT | long=sl(-12.36%) short=tp(+24.42%) | scanned=16 | short_tp_only
  [label] 2025-03-14 16:00 LINKUSDT entry=13.6560 → LONG | long=timeout(+2.05%) short=sl(-10.96%) | scanned=22 | no_tp→fwd_return=+2.1456
  [label] 2025-04-15 16:00 LINKUSDT entry=12.2290 → LONG | long=tp(+14.88%) short=sl(-7.59%) | scanned=20 | long_tp_only
  [label] 2025-05-02 00:00 LINKUSDT entry=14.5560 → LONG | long=sl(-5.88%) short=sl(-5.88%) | scanned=19 | no_tp→fwd_return=+4.5617
  [label] 2025-05-14 16:00 LINKUSDT entry=17.0050 → SHORT | long=sl(-7.09%) short=timeout(+5.26%) | scanned=22 | no_tp→fwd_return=-5.3572
  [label] 2025-06-02 00:00 LINKUSDT entry=13.8780 → SHORT | long=sl(-6.02%) short=timeout(+1.51%) | scanned=22 | no_tp→fwd_return=-1.6069
  [label] 2025-06-08 08:00 LINKUSDT entry=13.7450 → LONG | long=tp(+10.09%) short=sl(-5.19%) | scanned=6 | long_tp_only
  [label] 2025-06-20 16:00 LINKUSDT entry=12.4990 → SHORT | long=sl(-6.20%) short=tp(+12.10%) | scanned=6 | short_tp_only
  [label] 2025-07-30 08:00 LINKUSDT entry=17.5860 → SHORT | long=sl(-6.87%) short=timeout(+4.56%) | scanned=22 | no_tp→fwd_return=-4.6628
  [label] 2025-08-09 00:00 LINKUSDT entry=20.8000 → LONG | long=tp(+13.29%) short=sl(-6.80%) | scanned=10 | long_tp_only
  [label] 2025-11-03 08:00 LINKUSDT entry=15.2940 → LONG | long=sl(-9.55%) short=timeout(-5.26%) | scanned=22 | no_tp→fwd_return=+5.1589
  [sample_weight_mode=composite_inv_concurrency] cell=(C, 2025-12) weight_mean=1.0000 weight_std=0.5002 kish=0.7999
  Labels: 1030 long (47.4%), 1141 short (52.6%) | weights: min=0.98, mean=1.00, max=20.48
  Features: 2171/2171 matched, 43 columns
  CV gap: 22 rows
  [ensemble 1/5] seed=42
  [frozen_hp] Trained with baseline HP: n_est=180 depth=4 ct=0.771
  [ensemble 2/5] seed=123
  [frozen_hp] Trained with baseline HP: n_est=481 depth=3 ct=0.832
  [ensemble 3/5] seed=456
  [frozen_hp] Trained with baseline HP: n_est=231 depth=5 ct=0.813
  [ensemble 4/5] seed=789
  [frozen_hp] Trained with baseline HP: n_est=92 depth=5 ct=0.719
  [ensemble 5/5] seed=1001
  [frozen_hp] Trained with baseline HP: n_est=50 depth=3 ct=0.796
  OOD: 16 features, cutoff (q=0.7) = 13.95
  Model trained for 2025-12: 93 test candles with features, confidence_threshold=0.786
[predict] 2025-12-27 08:00 LINKUSDT → LONG (proba=0.80 TP=9.1%/SL=4.5%)
[trade:open] 2025-12-27 15:59 LINKUSDT LONG @ 12.31 | SL=11.76 TP=13.43 | timeout=2026-01-03 15:59
[lgbm] === Training for 2026-01 ===
  Train window: 2024-01-01 → 2025-12-24
  2171 training samples from 1 symbols
  Samples per month: 2024-01: 93, 2024-02: 87, 2024-03: 93, 2024-04: 90, 2024-05: 93, 2024-06: 90, 2024-07: 93, 2024-08: 93, 2024-09: 90, 2024-10: 93, 2024-11: 90, 2024-12: 93, 2025-01: 93, 2025-02: 84, 2025-03: 93, 2025-04: 90, 2025-05: 93, 2025-06: 90, 2025-07: 93, 2025-08: 93, 2025-09: 90, 2025-10: 93, 2025-11: 90, 2025-12: 71
  [label] 2024-03-02 16:00 LINKUSDT entry=21.4270 → SHORT | long=sl(-6.59%) short=tp(+12.88%) | scanned=9 | short_tp_only
  [label] 2024-03-05 00:00 LINKUSDT entry=20.4380 → SHORT | long=sl(-7.49%) short=tp(+14.67%) | scanned=2 | short_tp_only
  [label] 2024-03-08 16:00 LINKUSDT entry=19.7210 → SHORT | long=timeout(-0.47%) short=sl(-8.37%) | scanned=22 | no_tp→fwd_return=-0.3702
  [label] 2024-04-02 08:00 LINKUSDT entry=17.6270 → SHORT | long=timeout(-0.64%) short=timeout(+0.44%) | scanned=22 | no_tp→fwd_return=-0.5446
  [label] 2024-05-25 00:00 LINKUSDT entry=17.1040 → LONG | long=timeout(+8.22%) short=sl(-7.43%) | scanned=22 | no_tp→fwd_return=+8.3197
  [label] 2024-11-07 00:00 LINKUSDT entry=12.3080 → LONG | long=tp(+12.91%) short=sl(-6.61%) | scanned=9 | long_tp_only
  [label] 2024-11-11 00:00 LINKUSDT entry=13.8040 → SHORT | long=sl(-7.80%) short=sl(-7.80%) | scanned=12 | no_tp→fwd_return=-4.8609
  [label] 2024-11-21 16:00 LINKUSDT entry=14.9090 → LONG | long=tp(+18.41%) short=sl(-9.36%) | scanned=5 | long_tp_only
  [label] 2025-01-05 16:00 LINKUSDT entry=23.5740 → SHORT | long=sl(-6.47%) short=tp(+12.65%) | scanned=7 | short_tp_only
  [label] 2025-01-14 08:00 LINKUSDT entry=20.1400 → LONG | long=tp(+15.54%) short=sl(-7.92%) | scanned=6 | long_tp_only
  [label] 2025-04-14 16:00 LINKUSDT entry=12.6320 → LONG | long=timeout(+3.55%) short=sl(-8.15%) | scanned=22 | no_tp→fwd_return=+3.6495
  [label] 2025-05-16 16:00 LINKUSDT entry=15.7480 → SHORT | long=timeout(-1.50%) short=sl(-7.96%) | scanned=22 | no_tp→fwd_return=-1.3970
  [label] 2025-06-02 00:00 LINKUSDT entry=13.8780 → SHORT | long=sl(-6.02%) short=timeout(+1.51%) | scanned=22 | no_tp→fwd_return=-1.6069
  [label] 2025-06-14 16:00 LINKUSDT entry=13.1410 → SHORT | long=sl(-6.79%) short=sl(-6.79%) | scanned=21 | no_tp→fwd_return=-8.5762
  [label] 2025-07-03 00:00 LINKUSDT entry=13.8770 → LONG | long=sl(-5.17%) short=timeout(-3.81%) | scanned=22 | no_tp→fwd_return=+3.7112
  [label] 2025-07-09 08:00 LINKUSDT entry=14.0080 → LONG | long=tp(+8.64%) short=sl(-4.47%) | scanned=4 | long_tp_only
  [label] 2025-07-21 16:00 LINKUSDT entry=19.5020 → SHORT | long=sl(-6.99%) short=timeout(+7.01%) | scanned=22 | no_tp→fwd_return=-7.1121
  [label] 2025-08-30 08:00 LINKUSDT entry=23.4000 → SHORT | long=timeout(-5.84%) short=timeout(+5.64%) | scanned=22 | no_tp→fwd_return=-5.7393
  [label] 2025-09-09 00:00 LINKUSDT entry=23.6730 → SHORT | long=timeout(-0.92%) short=sl(-4.90%) | scanned=22 | no_tp→fwd_return=-0.8237
  [label] 2025-12-04 08:00 LINKUSDT entry=14.4700 → SHORT | long=sl(-6.46%) short=timeout(+6.53%) | scanned=22 | no_tp→fwd_return=-6.6344
  [sample_weight_mode=composite_inv_concurrency] cell=(C, 2026-01) weight_mean=1.0000 weight_std=0.5002 kish=0.7999
  Labels: 1009 long (46.5%), 1162 short (53.5%) | weights: min=0.98, mean=1.00, max=20.48
  Features: 2171/2171 matched, 43 columns
  CV gap: 22 rows
  [ensemble 1/5] seed=42
  [frozen_hp] Trained with baseline HP: n_est=166 depth=3 ct=0.807
  [ensemble 2/5] seed=123
  [frozen_hp] Trained with baseline HP: n_est=211 depth=3 ct=0.720
  [ensemble 3/5] seed=456
  [frozen_hp] Trained with baseline HP: n_est=471 depth=3 ct=0.845
  [ensemble 4/5] seed=789
  [frozen_hp] Trained with baseline HP: n_est=429 depth=4 ct=0.737
  [ensemble 5/5] seed=1001
  [frozen_hp] Trained with baseline HP: n_est=175 depth=3 ct=0.829
  OOD: 16 features, cutoff (q=0.7) = 13.87
  Model trained for 2026-01: 93 test candles with features, confidence_threshold=0.788
[trade:close] 2026-01-02 23:59 LINKUSDT LONG → take_profit @ 13.43 | PnL=+9.06% (net +8.96%) | cum=+73.89% 2026-01=+8.96% 2026-01-02=+8.96%
[predict] 2026-01-20 00:00 LINKUSDT → LONG (proba=0.82 TP=9.5%/SL=4.8%)
[trade:open] 2026-01-20 07:59 LINKUSDT LONG @ 12.61 | SL=12.01 TP=13.81 | timeout=2026-01-27 07:59
[trade:close] 2026-01-21 23:59 LINKUSDT LONG → stop_loss @ 12.01 | PnL=-4.77% (net -4.87%) | cum=+69.02% 2026-01=+4.09% 2026-01-21=-4.87%
[predict] 2026-01-26 00:00 LINKUSDT → LONG (proba=0.88 TP=8.9%/SL=4.5%)
[trade:open] 2026-01-26 07:59 LINKUSDT LONG @ 11.86 | SL=11.33 TP=12.91 | timeout=2026-02-02 07:59
[trade:close] 2026-01-29 15:59 LINKUSDT LONG → stop_loss @ 11.33 | PnL=-4.46% (net -4.56%) | cum=+64.47% 2026-01=-0.46% 2026-01-29=-4.56%
[lgbm] === Training for 2026-02 ===
  Train window: 2024-02-01 → 2026-01-24
  2171 training samples from 1 symbols
  Samples per month: 2024-02: 87, 2024-03: 93, 2024-04: 90, 2024-05: 93, 2024-06: 90, 2024-07: 93, 2024-08: 93, 2024-09: 90, 2024-10: 93, 2024-11: 90, 2024-12: 93, 2025-01: 93, 2025-02: 84, 2025-03: 93, 2025-04: 90, 2025-05: 93, 2025-06: 90, 2025-07: 93, 2025-08: 93, 2025-09: 90, 2025-10: 93, 2025-11: 90, 2025-12: 93, 2026-01: 71
  [label] 2024-04-02 16:00 LINKUSDT entry=17.9700 → SHORT | long=timeout(-3.43%) short=timeout(+3.23%) | scanned=22 | no_tp→fwd_return=-3.3278
  [label] 2024-04-05 00:00 LINKUSDT entry=17.2810 → LONG | long=timeout(+2.39%) short=sl(-6.55%) | scanned=22 | no_tp→fwd_return=+2.4883
  [label] 2024-04-08 16:00 LINKUSDT entry=18.1160 → SHORT | long=sl(-4.76%) short=tp(+9.22%) | scanned=12 | short_tp_only
  [label] 2024-05-03 08:00 LINKUSDT entry=13.9340 → SHORT | long=timeout(-0.94%) short=sl(-6.38%) | scanned=22 | no_tp→fwd_return=-0.8397
  [label] 2024-06-25 00:00 LINKUSDT entry=13.8780 → LONG | long=timeout(+4.73%) short=timeout(-4.93%) | scanned=22 | no_tp→fwd_return=+4.8350
  [label] 2024-12-08 00:00 LINKUSDT entry=25.3740 → SHORT | long=sl(-10.20%) short=tp(+20.10%) | scanned=5 | short_tp_only
  [label] 2024-12-12 00:00 LINKUSDT entry=28.8400 → SHORT | long=sl(-13.68%) short=timeout(+13.60%) | scanned=22 | no_tp→fwd_return=-13.6963
  [label] 2024-12-22 16:00 LINKUSDT entry=22.0840 → SHORT | long=timeout(-5.25%) short=sl(-13.48%) | scanned=22 | no_tp→fwd_return=-5.1531
  [label] 2025-02-05 16:00 LINKUSDT entry=19.1810 → LONG | long=timeout(-0.05%) short=timeout(-0.15%) | scanned=22 | no_tp→fwd_return=+0.0469
  [label] 2025-02-14 08:00 LINKUSDT entry=19.4960 → SHORT | long=sl(-8.17%) short=timeout(+5.63%) | scanned=22 | no_tp→fwd_return=-5.7345
  [label] 2025-05-15 16:00 LINKUSDT entry=16.0330 → LONG | long=timeout(+4.27%) short=timeout(-4.47%) | scanned=22 | no_tp→fwd_return=+4.3660
  [label] 2025-06-16 16:00 LINKUSDT entry=13.5580 → SHORT | long=sl(-6.09%) short=tp(+11.88%) | scanned=15 | short_tp_only
  [label] 2025-07-03 00:00 LINKUSDT entry=13.8770 → LONG | long=sl(-5.17%) short=timeout(-3.81%) | scanned=22 | no_tp→fwd_return=+3.7112
  [label] 2025-07-15 16:00 LINKUSDT entry=16.1060 → LONG | long=tp(+11.97%) short=sl(-6.13%) | scanned=6 | long_tp_only
  [label] 2025-08-03 00:00 LINKUSDT entry=16.0060 → LONG | long=tp(+14.60%) short=sl(-7.45%) | scanned=14 | long_tp_only
  [label] 2025-08-09 08:00 LINKUSDT entry=21.0660 → LONG | long=tp(+13.01%) short=sl(-6.66%) | scanned=9 | long_tp_only
  [label] 2025-08-21 16:00 LINKUSDT entry=24.8040 → LONG | long=timeout(+1.38%) short=sl(-9.56%) | scanned=22 | no_tp→fwd_return=+1.4796
  [label] 2025-09-30 08:00 LINKUSDT entry=21.0910 → LONG | long=tp(+9.81%) short=sl(-5.05%) | scanned=19 | long_tp_only
  [label] 2025-10-10 00:00 LINKUSDT entry=22.2960 → SHORT | long=sl(-5.65%) short=tp(+10.99%) | scanned=2 | short_tp_only
  [label] 2026-01-04 08:00 LINKUSDT entry=13.4860 → SHORT | long=timeout(-2.22%) short=sl(-3.83%) | scanned=22 | no_tp→fwd_return=-2.1207
  [sample_weight_mode=composite_inv_concurrency] cell=(C, 2026-02) weight_mean=1.0000 weight_std=0.5002 kish=0.7999
  Labels: 992 long (45.7%), 1179 short (54.3%) | weights: min=0.98, mean=1.00, max=20.48
  Features: 2171/2171 matched, 43 columns
  CV gap: 22 rows
  [ensemble 1/5] seed=42
  [frozen_hp] Trained with baseline HP: n_est=55 depth=4 ct=0.849
  [ensemble 2/5] seed=123
  [frozen_hp] Trained with baseline HP: n_est=493 depth=4 ct=0.845
  [ensemble 3/5] seed=456
  [frozen_hp] Trained with baseline HP: n_est=464 depth=4 ct=0.822
  [ensemble 4/5] seed=789
  [frozen_hp] Trained with baseline HP: n_est=218 depth=5 ct=0.758
  [ensemble 5/5] seed=1001
  [frozen_hp] Trained with baseline HP: n_est=85 depth=4 ct=0.552
  OOD: 16 features, cutoff (q=0.7) = 14.06
  Model trained for 2026-02: 84 test candles with features, confidence_threshold=0.765
[predict] 2026-02-08 00:00 LINKUSDT → LONG (proba=0.79 TP=19.8%/SL=9.9%)
[trade:open] 2026-02-08 07:59 LINKUSDT LONG @ 8.83 | SL=7.95 TP=10.58 | timeout=2026-02-15 07:59
[trade:close] 2026-02-15 08:00 LINKUSDT LONG → timeout @ 9.20 | PnL=+4.20% (net +4.10%) | cum=+68.57% 2026-02=+4.10% 2026-02-15=+4.10%
[predict] 2026-02-17 08:00 LINKUSDT → LONG (proba=0.79 TP=11.4%/SL=5.7%)
[trade:open] 2026-02-17 15:59 LINKUSDT LONG @ 8.77 | SL=8.27 TP=9.77 | timeout=2026-02-24 15:59
[trade:close] 2026-02-23 07:59 LINKUSDT LONG → stop_loss @ 8.27 | PnL=-5.71% (net -5.81%) | cum=+62.76% 2026-02=-1.71% 2026-02-23=-5.81%
[predict] 2026-02-24 00:00 LINKUSDT → LONG (proba=0.86 TP=10.8%/SL=5.4%)
[trade:open] 2026-02-24 07:59 LINKUSDT LONG @ 8.15 | SL=7.71 TP=9.02 | timeout=2026-03-03 07:59
[trade:close] 2026-02-25 15:59 LINKUSDT LONG → take_profit @ 9.02 | PnL=+10.75% (net +10.65%) | cum=+73.41% 2026-02=+8.94% 2026-02-25=+10.65%
[lgbm] === Training for 2026-03 ===
  Train window: 2024-03-01 → 2026-02-21
  2168 training samples from 1 symbols
  Samples per month: 2024-03: 93, 2024-04: 90, 2024-05: 93, 2024-06: 90, 2024-07: 93, 2024-08: 93, 2024-09: 90, 2024-10: 93, 2024-11: 90, 2024-12: 93, 2025-01: 93, 2025-02: 84, 2025-03: 93, 2025-04: 90, 2025-05: 93, 2025-06: 90, 2025-07: 93, 2025-08: 93, 2025-09: 90, 2025-10: 93, 2025-11: 90, 2025-12: 93, 2026-01: 93, 2026-02: 62
  [label] 2024-05-01 16:00 LINKUSDT entry=13.3400 → LONG | long=timeout(+4.04%) short=sl(-7.40%) | scanned=22 | no_tp→fwd_return=+4.1379
  [label] 2024-05-03 16:00 LINKUSDT entry=14.0840 → SHORT | long=timeout(-3.88%) short=sl(-6.12%) | scanned=22 | no_tp→fwd_return=-3.7773
  [label] 2024-05-07 16:00 LINKUSDT entry=13.9920 → SHORT | long=sl(-5.70%) short=timeout(+7.17%) | scanned=22 | no_tp→fwd_return=-7.2684
  [label] 2024-06-01 08:00 LINKUSDT entry=18.6100 → SHORT | long=sl(-6.12%) short=tp(+11.94%) | scanned=19 | short_tp_only
  [label] 2024-07-23 16:00 LINKUSDT entry=13.8990 → SHORT | long=sl(-6.20%) short=timeout(+5.44%) | scanned=22 | no_tp→fwd_return=-5.5400
  [label] 2025-01-05 16:00 LINKUSDT entry=23.5740 → SHORT | long=sl(-6.47%) short=tp(+12.65%) | scanned=7 | short_tp_only
  [label] 2025-01-09 16:00 LINKUSDT entry=19.6350 → LONG | long=sl(-9.15%) short=sl(-9.15%) | scanned=17 | no_tp→fwd_return=+9.9669
  [label] 2025-01-20 08:00 LINKUSDT entry=25.8590 → SHORT | long=sl(-11.90%) short=timeout(+8.36%) | scanned=22 | no_tp→fwd_return=-8.4613
  [label] 2025-03-06 08:00 LINKUSDT entry=17.2330 → SHORT | long=sl(-11.39%) short=tp(+22.48%) | scanned=12 | short_tp_only
  [label] 2025-03-14 16:00 LINKUSDT entry=13.6560 → LONG | long=timeout(+2.05%) short=sl(-10.96%) | scanned=22 | no_tp→fwd_return=+2.1456
  [label] 2025-06-13 00:00 LINKUSDT entry=13.2270 → SHORT | long=timeout(-0.53%) short=timeout(+0.33%) | scanned=22 | no_tp→fwd_return=-0.4309
  [label] 2025-07-15 00:00 LINKUSDT entry=15.4050 → LONG | long=tp(+12.34%) short=sl(-6.32%) | scanned=8 | long_tp_only
  [label] 2025-07-31 00:00 LINKUSDT entry=18.0200 → SHORT | long=sl(-6.81%) short=tp(+13.31%) | scanned=8 | short_tp_only
  [label] 2025-08-12 16:00 LINKUSDT entry=23.5920 → LONG | long=sl(-8.38%) short=sl(-8.38%) | scanned=14 | no_tp→fwd_return=+11.4361
  [label] 2025-08-31 08:00 LINKUSDT entry=23.7700 → SHORT | long=sl(-6.79%) short=timeout(+5.67%) | scanned=22 | no_tp→fwd_return=-5.7720
  [label] 2025-09-06 16:00 LINKUSDT entry=22.1910 → LONG | long=tp(+10.73%) short=sl(-5.51%) | scanned=16 | long_tp_only
  [label] 2025-09-19 00:00 LINKUSDT entry=24.7300 → SHORT | long=sl(-4.85%) short=tp(+9.40%) | scanned=9 | short_tp_only
  [label] 2025-10-28 08:00 LINKUSDT entry=18.3730 → SHORT | long=sl(-6.11%) short=tp(+11.92%) | scanned=17 | short_tp_only
  [label] 2025-11-07 08:00 LINKUSDT entry=15.0220 → SHORT | long=timeout(-5.00%) short=sl(-9.14%) | scanned=22 | no_tp→fwd_return=-4.8995
  [label] 2026-02-01 08:00 LINKUSDT entry=9.5310 → SHORT | long=sl(-8.53%) short=tp(+16.77%) | scanned=13 | short_tp_only
  [sample_weight_mode=composite_inv_concurrency] cell=(C, 2026-03) weight_mean=1.0000 weight_std=0.5005 kish=0.7997
  Labels: 969 long (44.7%), 1199 short (55.3%) | weights: min=0.98, mean=1.00, max=20.48
  Features: 2168/2168 matched, 43 columns
  CV gap: 22 rows
  [ensemble 1/5] seed=42
  [frozen_hp] Trained with baseline HP: n_est=152 depth=5 ct=0.788
  [ensemble 2/5] seed=123
  [frozen_hp] Trained with baseline HP: n_est=186 depth=3 ct=0.817
  [ensemble 3/5] seed=456
  [frozen_hp] Trained with baseline HP: n_est=254 depth=3 ct=0.769
  [ensemble 4/5] seed=789
  [frozen_hp] Trained with baseline HP: n_est=392 depth=4 ct=0.812
  [ensemble 5/5] seed=1001
  [frozen_hp] Trained with baseline HP: n_est=59 depth=4 ct=0.726
  OOD: 16 features, cutoff (q=0.7) = 14.18
  Model trained for 2026-03: 93 test candles with features, confidence_threshold=0.782
[predict] 2026-03-15 00:00 LINKUSDT → LONG (proba=0.79 TP=9.0%/SL=4.5%)
[trade:open] 2026-03-15 07:59 LINKUSDT LONG @ 9.21 | SL=8.80 TP=10.04 | timeout=2026-03-22 07:59
[trade:close] 2026-03-16 23:59 LINKUSDT LONG → take_profit @ 10.04 | PnL=+8.97% (net +8.87%) | cum=+82.28% 2026-03=+8.87% 2026-03-16=+8.87%
[lgbm] === Training for 2026-04 ===
  Train window: 2024-04-01 → 2026-03-24
  2168 training samples from 1 symbols
  Samples per month: 2024-04: 90, 2024-05: 93, 2024-06: 90, 2024-07: 93, 2024-08: 93, 2024-09: 90, 2024-10: 93, 2024-11: 90, 2024-12: 93, 2025-01: 93, 2025-02: 84, 2025-03: 93, 2025-04: 90, 2025-05: 93, 2025-06: 90, 2025-07: 93, 2025-08: 93, 2025-09: 90, 2025-10: 93, 2025-11: 90, 2025-12: 93, 2026-01: 93, 2026-02: 84, 2026-03: 71
  [label] 2024-06-01 16:00 LINKUSDT entry=18.4550 → SHORT | long=sl(-5.87%) short=tp(+11.44%) | scanned=18 | short_tp_only
  [label] 2024-06-03 16:00 LINKUSDT entry=17.6350 → SHORT | long=sl(-5.15%) short=tp(+10.00%) | scanned=12 | short_tp_only
  [label] 2024-06-07 16:00 LINKUSDT entry=16.3200 → SHORT | long=sl(-6.56%) short=timeout(+9.61%) | scanned=22 | no_tp→fwd_return=-9.7059
  [label] 2024-07-02 08:00 LINKUSDT entry=14.4910 → SHORT | long=sl(-4.82%) short=tp(+9.33%) | scanned=5 | short_tp_only
  [label] 2024-08-23 16:00 LINKUSDT entry=12.0470 → SHORT | long=sl(-5.48%) short=tp(+10.66%) | scanned=20 | short_tp_only
  [label] 2025-02-05 16:00 LINKUSDT entry=19.1810 → LONG | long=timeout(-0.05%) short=timeout(-0.15%) | scanned=22 | no_tp→fwd_return=+0.0469
  [label] 2025-02-09 16:00 LINKUSDT entry=18.2550 → LONG | long=timeout(+2.28%) short=timeout(-2.48%) | scanned=22 | no_tp→fwd_return=+2.3829
  [label] 2025-02-20 08:00 LINKUSDT entry=17.8750 → SHORT | long=sl(-6.81%) short=tp(+13.32%) | scanned=13 | short_tp_only
  [label] 2025-04-06 08:00 LINKUSDT entry=12.3090 → SHORT | long=sl(-7.72%) short=tp(+15.13%) | scanned=2 | short_tp_only
  [label] 2025-04-14 16:00 LINKUSDT entry=12.6320 → LONG | long=timeout(+3.55%) short=sl(-8.15%) | scanned=22 | no_tp→fwd_return=+3.6495
  [label] 2025-07-14 00:00 LINKUSDT entry=16.1550 → LONG | long=sl(-5.59%) short=sl(-5.59%) | scanned=10 | no_tp→fwd_return=+6.1096
  [label] 2025-08-15 00:00 LINKUSDT entry=22.5710 → LONG | long=tp(+17.70%) short=sl(-9.00%) | scanned=11 | long_tp_only
  [label] 2025-08-31 00:00 LINKUSDT entry=23.7120 → SHORT | long=sl(-7.10%) short=timeout(+5.88%) | scanned=22 | no_tp→fwd_return=-5.9801
  [label] 2025-09-12 16:00 LINKUSDT entry=25.1220 → SHORT | long=sl(-4.84%) short=tp(+9.37%) | scanned=15 | short_tp_only
  [label] 2025-10-01 08:00 LINKUSDT entry=22.3910 → SHORT | long=timeout(-1.91%) short=sl(-5.19%) | scanned=22 | no_tp→fwd_return=-1.8088
  [label] 2025-10-07 16:00 LINKUSDT entry=21.7910 → SHORT | long=sl(-5.98%) short=tp(+11.67%) | scanned=9 | short_tp_only
  [label] 2025-10-20 00:00 LINKUSDT entry=18.6160 → LONG | long=sl(-8.85%) short=timeout(-1.23%) | scanned=22 | no_tp→fwd_return=+1.1281
  [label] 2025-11-28 08:00 LINKUSDT entry=13.4150 → SHORT | long=sl(-5.40%) short=tp(+10.49%) | scanned=9 | short_tp_only
  [label] 2025-12-08 08:00 LINKUSDT entry=13.7310 → SHORT | long=sl(-6.61%) short=sl(-6.61%) | scanned=21 | no_tp→fwd_return=-6.9769
  [label] 2026-03-04 08:00 LINKUSDT entry=9.4970 → SHORT | long=sl(-6.76%) short=timeout(+5.22%) | scanned=22 | no_tp→fwd_return=-5.3175
  [sample_weight_mode=composite_inv_concurrency] cell=(C, 2026-04) weight_mean=1.0000 weight_std=0.5005 kish=0.7997
  Labels: 994 long (45.8%), 1174 short (54.2%) | weights: min=0.98, mean=1.00, max=20.48
  Features: 2168/2168 matched, 43 columns
  CV gap: 22 rows
  [ensemble 1/5] seed=42
  [frozen_hp] Trained with baseline HP: n_est=205 depth=3 ct=0.831
  [ensemble 2/5] seed=123
  [frozen_hp] Trained with baseline HP: n_est=481 depth=3 ct=0.832
  [ensemble 3/5] seed=456
  [frozen_hp] Trained with baseline HP: n_est=308 depth=4 ct=0.819
  [ensemble 4/5] seed=789
  [frozen_hp] Trained with baseline HP: n_est=180 depth=4 ct=0.830
  [ensemble 5/5] seed=1001
  [frozen_hp] Trained with baseline HP: n_est=397 depth=3 ct=0.770
  OOD: 16 features, cutoff (q=0.7) = 14.05
  Model trained for 2026-04: 90 test candles with features, confidence_threshold=0.817
[predict] 2026-04-13 08:00 LINKUSDT → LONG (proba=0.82 TP=8.6%/SL=4.3%)
[trade:open] 2026-04-13 15:59 LINKUSDT LONG @ 8.82 | SL=8.44 TP=9.58 | timeout=2026-04-20 15:59
[trade:close] 2026-04-16 23:59 LINKUSDT LONG → take_profit @ 9.58 | PnL=+8.65% (net +8.55%) | cum=+90.83% 2026-04=+8.55% 2026-04-16=+8.55%
[predict] 2026-04-28 00:00 LINKUSDT → LONG (proba=0.83 TP=6.4%/SL=3.2%)
[trade:open] 2026-04-28 07:59 LINKUSDT LONG @ 9.25 | SL=8.96 TP=9.85 | timeout=2026-05-05 07:59
[trade:close] 2026-04-29 23:59 LINKUSDT LONG → stop_loss @ 8.96 | PnL=-3.21% (net -3.31%) | cum=+87.52% 2026-04=+5.24% 2026-04-29=-3.31%
[lgbm] === Training for 2026-05 ===
  Train window: 2024-05-01 → 2026-04-23
  2168 training samples from 1 symbols
  Samples per month: 2024-05: 93, 2024-06: 90, 2024-07: 93, 2024-08: 93, 2024-09: 90, 2024-10: 93, 2024-11: 90, 2024-12: 93, 2025-01: 93, 2025-02: 84, 2025-03: 93, 2025-04: 90, 2025-05: 93, 2025-06: 90, 2025-07: 93, 2025-08: 93, 2025-09: 90, 2025-10: 93, 2025-11: 90, 2025-12: 93, 2026-01: 93, 2026-02: 84, 2026-03: 93, 2026-04: 68
  [label] 2024-07-01 16:00 LINKUSDT entry=14.3320 → SHORT | long=sl(-4.78%) short=tp(+9.25%) | scanned=7 | short_tp_only
  [label] 2024-07-03 16:00 LINKUSDT entry=13.5840 → SHORT | long=sl(-5.89%) short=tp(+11.47%) | scanned=4 | short_tp_only
  [label] 2024-07-07 16:00 LINKUSDT entry=12.3480 → LONG | long=timeout(+8.76%) short=sl(-8.30%) | scanned=22 | no_tp→fwd_return=+8.8597
  [label] 2024-08-01 08:00 LINKUSDT entry=12.5050 → SHORT | long=sl(-5.70%) short=tp(+11.11%) | scanned=9 | short_tp_only
  [label] 2024-09-22 16:00 LINKUSDT entry=11.1220 → LONG | long=tp(+9.17%) short=sl(-4.74%) | scanned=6 | long_tp_only
  [label] 2025-03-07 16:00 LINKUSDT entry=15.9280 → SHORT | long=sl(-12.14%) short=tp(+23.99%) | scanned=10 | short_tp_only
  [label] 2025-03-11 16:00 LINKUSDT entry=13.1320 → LONG | long=timeout(+5.82%) short=timeout(-6.02%) | scanned=22 | no_tp→fwd_return=+5.9168
  [label] 2025-03-22 08:00 LINKUSDT entry=14.2170 → LONG | long=tp(+12.18%) short=sl(-6.24%) | scanned=12 | long_tp_only
  [label] 2025-05-06 08:00 LINKUSDT entry=13.3750 → LONG | long=tp(+10.14%) short=sl(-5.22%) | scanned=6 | long_tp_only
  [label] 2025-05-14 16:00 LINKUSDT entry=17.0050 → SHORT | long=sl(-7.09%) short=timeout(+5.26%) | scanned=22 | no_tp→fwd_return=-5.3572
  [label] 2025-08-13 00:00 LINKUSDT entry=23.4020 → LONG | long=sl(-8.70%) short=sl(-8.70%) | scanned=13 | no_tp→fwd_return=+12.3408
  [label] 2025-09-14 00:00 LINKUSDT entry=24.6060 → SHORT | long=sl(-4.76%) short=timeout(+5.03%) | scanned=22 | no_tp→fwd_return=-5.1329
  [label] 2025-09-30 00:00 LINKUSDT entry=21.4090 → LONG | long=tp(+9.74%) short=sl(-5.02%) | scanned=20 | long_tp_only
  [label] 2025-10-12 16:00 LINKUSDT entry=18.9830 → SHORT | long=sl(-14.80%) short=timeout(+8.90%) | scanned=22 | no_tp→fwd_return=-9.0028
  [label] 2025-10-31 08:00 LINKUSDT entry=17.2790 → SHORT | long=sl(-7.45%) short=tp(+14.61%) | scanned=9 | short_tp_only
  [label] 2025-11-06 16:00 LINKUSDT entry=14.7330 → SHORT | long=timeout(-1.43%) short=sl(-9.39%) | scanned=22 | no_tp→fwd_return=-1.3303
  [label] 2025-11-19 00:00 LINKUSDT entry=13.4740 → SHORT | long=sl(-8.10%) short=timeout(+2.93%) | scanned=22 | no_tp→fwd_return=-3.0281
  [label] 2025-12-28 08:00 LINKUSDT entry=12.5180 → LONG | long=tp(+8.02%) short=sl(-4.16%) | scanned=21 | long_tp_only
  [label] 2026-01-07 08:00 LINKUSDT entry=13.3650 → LONG | long=timeout(+6.42%) short=sl(-5.40%) | scanned=22 | no_tp→fwd_return=+6.5170
  [label] 2026-04-03 08:00 LINKUSDT entry=8.6930 → LONG | long=timeout(+4.05%) short=sl(-5.08%) | scanned=22 | no_tp→fwd_return=+4.1528
  [sample_weight_mode=composite_inv_concurrency] cell=(C, 2026-05) weight_mean=1.0000 weight_std=0.5005 kish=0.7997
  Labels: 1023 long (47.2%), 1145 short (52.8%) | weights: min=0.98, mean=1.00, max=20.48
  Features: 2168/2168 matched, 43 columns
  CV gap: 22 rows
  [ensemble 1/5] seed=42
  [frozen_hp] Trained with baseline HP: n_est=78 depth=4 ct=0.832
  [ensemble 2/5] seed=123
  [frozen_hp] Trained with baseline HP: n_est=169 depth=5 ct=0.786
  [ensemble 3/5] seed=456
  [frozen_hp] Trained with baseline HP: n_est=466 depth=3 ct=0.835
  [ensemble 4/5] seed=789
  [frozen_hp] Trained with baseline HP: n_est=227 depth=3 ct=0.799
  [ensemble 5/5] seed=1001
  [frozen_hp] Trained with baseline HP: n_est=238 depth=3 ct=0.847
  OOD: 16 features, cutoff (q=0.7) = 14.11
  Model trained for 2026-05: 79 test candles with features, confidence_threshold=0.820
[predict] 2026-05-01 00:00 LINKUSDT → LONG (proba=0.84 TP=6.2%/SL=3.1%)
[trade:open] 2026-05-01 07:59 LINKUSDT LONG @ 9.15 | SL=8.86 TP=9.71 | timeout=2026-05-08 07:59
[trade:close] 2026-05-05 15:59 LINKUSDT LONG → take_profit @ 9.71 | PnL=+6.19% (net +6.09%) | cum=+93.61% 2026-05=+6.09% 2026-05-05=+6.09%

C (LINK + R1) complete: 118 trades in 61s
============================================================
MODEL D (LTC + R1): LTCUSDT (R1=True R2=False R3=on, n_trials=35, ENSEMBLE_SIZE=5, features=43, bounds=v1_pruned_axis016, sigma_source=natr)
============================================================
[lgbm] 43 feature columns, 53 walk-forward splits
[lgbm] ATR labeling: 6955/6975 rows with ATR values
[lgbm] No split for 2020-01 (insufficient training data)
[lgbm] No split for 2020-02 (insufficient training data)
[lgbm] No split for 2020-03 (insufficient training data)
[lgbm] No split for 2020-04 (insufficient training data)
[lgbm] No split for 2020-05 (insufficient training data)
[lgbm] No split for 2020-06 (insufficient training data)
[lgbm] No split for 2020-07 (insufficient training data)
[lgbm] No split for 2020-08 (insufficient training data)
[lgbm] No split for 2020-09 (insufficient training data)
[lgbm] No split for 2020-10 (insufficient training data)
[lgbm] No split for 2020-11 (insufficient training data)
[lgbm] No split for 2020-12 (insufficient training data)
[lgbm] No split for 2021-01 (insufficient training data)
[lgbm] No split for 2021-02 (insufficient training data)
[lgbm] No split for 2021-03 (insufficient training data)
[lgbm] No split for 2021-04 (insufficient training data)
[lgbm] No split for 2021-05 (insufficient training data)
[lgbm] No split for 2021-06 (insufficient training data)
[lgbm] No split for 2021-07 (insufficient training data)
[lgbm] No split for 2021-08 (insufficient training data)
[lgbm] No split for 2021-09 (insufficient training data)
[lgbm] No split for 2021-10 (insufficient training data)
[lgbm] No split for 2021-11 (insufficient training data)
[lgbm] No split for 2021-12 (insufficient training data)
[lgbm] === Training for 2022-01 ===
  Train window: 2020-01-01 → 2021-12-24
  2146 training samples from 1 symbols
  Samples per month: 2020-01: 68, 2020-02: 87, 2020-03: 93, 2020-04: 90, 2020-05: 93, 2020-06: 90, 2020-07: 93, 2020-08: 93, 2020-09: 90, 2020-10: 93, 2020-11: 90, 2020-12: 93, 2021-01: 93, 2021-02: 84, 2021-03: 93, 2021-04: 90, 2021-05: 93, 2021-06: 90, 2021-07: 93, 2021-08: 93, 2021-09: 90, 2021-10: 93, 2021-11: 90, 2021-12: 71
  [label] 2020-03-10 08:00 LTCUSDT entry=49.2300 → SHORT | long=sl(-10.57%) short=tp(+20.84%) | scanned=6 | short_tp_only
  [label] 2020-03-12 08:00 LTCUSDT entry=35.2200 → LONG | long=sl(-20.83%) short=timeout(-4.96%) | scanned=22 | no_tp→fwd_return=+4.8552
  [label] 2020-03-16 08:00 LTCUSDT entry=33.4700 → LONG | long=timeout(+13.94%) short=sl(-22.34%) | scanned=22 | no_tp→fwd_return=+14.0424
  [label] 2020-04-09 16:00 LTCUSDT entry=46.2800 → SHORT | long=sl(-6.33%) short=tp(+12.35%) | scanned=10 | short_tp_only
  [label] 2020-05-31 16:00 LTCUSDT entry=45.6500 → LONG | long=timeout(+2.05%) short=sl(-5.20%) | scanned=22 | no_tp→fwd_return=+2.1468
  [label] 2020-11-11 16:00 LTCUSDT entry=59.3500 → LONG | long=tp(+13.73%) short=sl(-7.02%) | scanned=13 | long_tp_only
  [label] 2020-11-15 16:00 LTCUSDT entry=62.3400 → LONG | long=tp(+13.93%) short=sl(-7.11%) | scanned=2 | long_tp_only
  [label] 2020-11-26 08:00 LTCUSDT entry=70.9000 → LONG | long=timeout(+27.49%) short=sl(-16.63%) | scanned=22 | no_tp→fwd_return=+27.5882
  [label] 2021-01-09 16:00 LTCUSDT entry=177.5600 → SHORT | long=sl(-13.11%) short=tp(+25.91%) | scanned=4 | short_tp_only
  [label] 2021-01-18 08:00 LTCUSDT entry=151.7000 → SHORT | long=sl(-13.24%) short=timeout(+3.86%) | scanned=22 | no_tp→fwd_return=-3.9618
  [label] 2021-04-17 16:00 LTCUSDT entry=301.4900 → SHORT | long=sl(-11.67%) short=tp(+23.03%) | scanned=1 | short_tp_only
  [label] 2021-05-19 08:00 LTCUSDT entry=206.4200 → SHORT | long=sl(-32.49%) short=timeout(+6.02%) | scanned=22 | no_tp→fwd_return=-6.1234
  [label] 2021-06-04 08:00 LTCUSDT entry=177.2000 → SHORT | long=sl(-12.31%) short=timeout(+6.05%) | scanned=22 | no_tp→fwd_return=-6.1512
  [label] 2021-06-16 16:00 LTCUSDT entry=166.5000 → SHORT | long=sl(-8.07%) short=tp(+15.83%) | scanned=13 | short_tp_only
  [label] 2021-07-05 00:00 LTCUSDT entry=140.5000 → SHORT | long=sl(-7.13%) short=timeout(+1.93%) | scanned=22 | no_tp→fwd_return=-2.0285
  [label] 2021-07-11 00:00 LTCUSDT entry=133.4800 → SHORT | long=sl(-6.59%) short=timeout(+9.18%) | scanned=22 | no_tp→fwd_return=-9.2823
  [label] 2021-07-23 08:00 LTCUSDT entry=118.6000 → LONG | long=tp(+13.19%) short=sl(-6.75%) | scanned=8 | long_tp_only
  [label] 2021-08-31 16:00 LTCUSDT entry=171.6800 → LONG | long=tp(+12.98%) short=sl(-6.64%) | scanned=8 | long_tp_only
  [label] 2021-09-10 08:00 LTCUSDT entry=175.8900 → LONG | long=tp(+24.94%) short=sl(-12.62%) | scanned=9 | long_tp_only
  [label] 2021-12-04 08:00 LTCUSDT entry=158.6400 → SHORT | long=timeout(-0.21%) short=timeout(+0.01%) | scanned=22 | no_tp→fwd_return=-0.1072
  [sample_weight_mode=composite_inv_concurrency] cell=(D, 2022-01) weight_mean=1.0000 weight_std=0.5030 kish=0.7981
  Labels: 1186 long (55.3%), 960 short (44.7%) | weights: min=0.97, mean=1.00, max=20.47
  Features: 2146/2146 matched, 43 columns
  CV gap: 22 rows
  [frozen_hp] Loaded 1025 rows from data/v1_baseline_frozen_hp.parquet
  [ensemble 1/5] seed=42
  [frozen_hp] Trained with baseline HP: n_est=103 depth=5 ct=0.811
  [ensemble 2/5] seed=123
  [frozen_hp] Trained with baseline HP: n_est=299 depth=5 ct=0.539
  [ensemble 3/5] seed=456
  [frozen_hp] Trained with baseline HP: n_est=168 depth=3 ct=0.776
  [ensemble 4/5] seed=789
  [frozen_hp] Trained with baseline HP: n_est=165 depth=5 ct=0.580
  [ensemble 5/5] seed=1001
  [frozen_hp] Trained with baseline HP: n_est=375 depth=4 ct=0.746
  OOD: 16 features, cutoff (q=0.7) = 14.10
  Model trained for 2022-01: 93 test candles with features, confidence_threshold=0.690
[predict] 2022-01-02 08:00 LTCUSDT → SHORT (proba=0.70 TP=9.9%/SL=5.0%)
[trade:open] 2022-01-02 15:59 LTCUSDT SHORT @ 151.33 | SL=158.82 TP=136.34 | timeout=2022-01-09 15:59
[trade:close] 2022-01-05 23:59 LTCUSDT SHORT → take_profit @ 136.34 | PnL=+9.90% (net +9.80%) | cum=+9.80% 2022-01=+9.80% 2022-01-05=+9.80%
[predict] 2022-01-06 16:00 LTCUSDT → LONG (proba=0.75 TP=12.8%/SL=6.4%)
[trade:open] 2022-01-06 23:59 LTCUSDT LONG @ 135.88 | SL=127.22 TP=153.21 | timeout=2022-01-13 23:59
[trade:close] 2022-01-07 07:59 LTCUSDT LONG → stop_loss @ 127.22 | PnL=-6.38% (net -6.48%) | cum=+3.33% 2022-01=+3.33% 2022-01-07=-6.48%
[predict] 2022-01-09 00:00 LTCUSDT → LONG (proba=0.72 TP=14.1%/SL=7.1%)
[trade:open] 2022-01-09 07:59 LTCUSDT LONG @ 130.11 | SL=120.91 TP=148.52 | timeout=2022-01-16 07:59
[trade:close] 2022-01-10 15:59 LTCUSDT LONG → stop_loss @ 120.91 | PnL=-7.07% (net -7.17%) | cum=-3.85% 2022-01=-3.85% 2022-01-10=-7.17%
[predict] 2022-01-11 08:00 LTCUSDT → LONG (proba=0.82 TP=13.6%/SL=6.8%)
[trade:open] 2022-01-11 15:59 LTCUSDT LONG @ 129.19 | SL=120.40 TP=146.76 | timeout=2022-01-18 15:59
[trade:close] 2022-01-15 07:59 LTCUSDT LONG → take_profit @ 146.76 | PnL=+13.60% (net +13.50%) | cum=+9.66% 2022-01=+9.66% 2022-01-15=+13.50%
[predict] 2022-01-21 08:00 LTCUSDT → LONG (proba=0.79 TP=19.1%/SL=9.6%)
[trade:open] 2022-01-21 15:59 LTCUSDT LONG @ 123.79 | SL=111.96 TP=147.46 | timeout=2022-01-28 15:59
[trade:close] 2022-01-21 23:59 LTCUSDT LONG → stop_loss @ 111.96 | PnL=-9.56% (net -9.66%) | cum=-0.00% 2022-01=-0.00% 2022-01-21=-9.66%
[predict] 2022-01-24 16:00 LTCUSDT → LONG (proba=0.96 TP=26.7%/SL=13.3%)
[trade:open] 2022-01-24 23:59 LTCUSDT LONG @ 109.48 | SL=94.89 TP=138.66 | timeout=2022-01-31 23:59
[trade:close] 2022-02-01 00:00 LTCUSDT LONG → timeout @ 109.43 | PnL=-0.05% (net -0.15%) | cum=-0.15% 2022-02=-0.15% 2022-02-01=-0.15%
[lgbm] === Training for 2022-02 ===
  Train window: 2020-02-01 → 2022-01-24
  2171 training samples from 1 symbols
  Samples per month: 2020-02: 87, 2020-03: 93, 2020-04: 90, 2020-05: 93, 2020-06: 90, 2020-07: 93, 2020-08: 93, 2020-09: 90, 2020-10: 93, 2020-11: 90, 2020-12: 93, 2021-01: 93, 2021-02: 84, 2021-03: 93, 2021-04: 90, 2021-05: 93, 2021-06: 90, 2021-07: 93, 2021-08: 93, 2021-09: 90, 2021-10: 93, 2021-11: 90, 2021-12: 93, 2022-01: 71
  [label] 2020-04-02 16:00 LTCUSDT entry=39.9200 → LONG | long=tp(+14.63%) short=sl(-7.46%) | scanned=13 | long_tp_only
  [label] 2020-04-05 00:00 LTCUSDT entry=40.6100 → LONG | long=tp(+11.56%) short=sl(-5.93%) | scanned=6 | long_tp_only
  [label] 2020-04-08 16:00 LTCUSDT entry=46.5900 → SHORT | long=sl(-6.44%) short=tp(+12.59%) | scanned=13 | short_tp_only
  [label] 2020-05-03 08:00 LTCUSDT entry=47.6600 → SHORT | long=sl(-6.46%) short=tp(+12.62%) | scanned=20 | short_tp_only
  [label] 2020-06-25 00:00 LTCUSDT entry=42.4700 → SHORT | long=sl(-3.80%) short=tp(+7.30%) | scanned=8 | short_tp_only
  [label] 2020-12-08 00:00 LTCUSDT entry=82.4000 → SHORT | long=sl(-8.78%) short=timeout(+0.70%) | scanned=22 | no_tp→fwd_return=-0.8010
  [label] 2020-12-12 00:00 LTCUSDT entry=75.5000 → LONG | long=tp(+16.90%) short=sl(-8.60%) | scanned=13 | long_tp_only
  [label] 2020-12-22 16:00 LTCUSDT entry=114.3700 → LONG | long=sl(-13.36%) short=sl(-13.36%) | scanned=10 | no_tp→fwd_return=+12.2759
  [label] 2021-02-05 16:00 LTCUSDT entry=155.2800 → LONG | long=tp(+17.63%) short=sl(-8.97%) | scanned=12 | long_tp_only
  [label] 2021-02-14 08:00 LTCUSDT entry=212.8400 → LONG | long=sl(-12.34%) short=sl(-12.34%) | scanned=11 | no_tp→fwd_return=+8.3020
  [label] 2021-05-15 16:00 LTCUSDT entry=300.4200 → SHORT | long=sl(-14.45%) short=tp(+28.59%) | scanned=11 | short_tp_only
  [label] 2021-06-16 16:00 LTCUSDT entry=166.5000 → SHORT | long=sl(-8.07%) short=tp(+15.83%) | scanned=13 | short_tp_only
  [label] 2021-07-03 00:00 LTCUSDT entry=139.0800 → SHORT | long=sl(-8.01%) short=timeout(+4.13%) | scanned=22 | no_tp→fwd_return=-4.2350
  [label] 2021-07-15 16:00 LTCUSDT entry=125.8100 → SHORT | long=sl(-7.35%) short=tp(+14.41%) | scanned=13 | short_tp_only
  [label] 2021-08-03 00:00 LTCUSDT entry=138.7900 → LONG | long=tp(+14.04%) short=sl(-7.17%) | scanned=19 | long_tp_only
  [label] 2021-08-09 08:00 LTCUSDT entry=164.3100 → LONG | long=tp(+14.10%) short=sl(-7.20%) | scanned=20 | long_tp_only
  [label] 2021-08-21 16:00 LTCUSDT entry=179.7900 → SHORT | long=sl(-7.23%) short=timeout(+2.12%) | scanned=22 | no_tp→fwd_return=-2.2248
  [label] 2021-09-30 08:00 LTCUSDT entry=152.5200 → LONG | long=tp(+15.27%) short=sl(-7.78%) | scanned=17 | long_tp_only
  [label] 2021-10-10 00:00 LTCUSDT entry=182.9900 → LONG | long=sl(-6.51%) short=timeout(-1.53%) | scanned=22 | no_tp→fwd_return=+1.4318
  [label] 2022-01-04 08:00 LTCUSDT entry=150.3700 → SHORT | long=sl(-4.39%) short=tp(+8.49%) | scanned=4 | short_tp_only
  [sample_weight_mode=composite_inv_concurrency] cell=(D, 2022-02) weight_mean=1.0000 weight_std=0.5002 kish=0.7999
  Labels: 1162 long (53.5%), 1009 short (46.5%) | weights: min=0.98, mean=1.00, max=20.48
  Features: 2171/2171 matched, 43 columns
  CV gap: 22 rows
  [ensemble 1/5] seed=42
  [frozen_hp] Trained with baseline HP: n_est=369 depth=4 ct=0.702
  [ensemble 2/5] seed=123
  [frozen_hp] Trained with baseline HP: n_est=329 depth=3 ct=0.586
  [ensemble 3/5] seed=456
  [frozen_hp] Trained with baseline HP: n_est=281 depth=4 ct=0.849
  [ensemble 4/5] seed=789
  [frozen_hp] Trained with baseline HP: n_est=500 depth=3 ct=0.848
  [ensemble 5/5] seed=1001
  [frozen_hp] Trained with baseline HP: n_est=182 depth=5 ct=0.794
  OOD: 16 features, cutoff (q=0.7) = 14.05
  Model trained for 2022-02: 75 test candles with features, confidence_threshold=0.756
[predict] 2022-02-13 00:00 LTCUSDT → SHORT (proba=0.78 TP=14.5%/SL=7.2%)
[trade:open] 2022-02-13 07:59 LTCUSDT SHORT @ 126.16 | SL=135.29 TP=107.91 | timeout=2022-02-20 07:59
[trade:close] 2022-02-20 08:00 LTCUSDT SHORT → timeout @ 110.24 | PnL=+12.62% (net +12.52%) | cum=+12.37% 2022-02=+12.37% 2022-02-20=+12.52%
[lgbm] === Training for 2022-03 ===
  Train window: 2020-03-01 → 2022-02-21
  2168 training samples from 1 symbols
  Samples per month: 2020-03: 93, 2020-04: 90, 2020-05: 93, 2020-06: 90, 2020-07: 93, 2020-08: 93, 2020-09: 90, 2020-10: 93, 2020-11: 90, 2020-12: 93, 2021-01: 93, 2021-02: 84, 2021-03: 93, 2021-04: 90, 2021-05: 93, 2021-06: 90, 2021-07: 93, 2021-08: 93, 2021-09: 90, 2021-10: 93, 2021-11: 90, 2021-12: 93, 2022-01: 93, 2022-02: 62
  [label] 2020-05-01 16:00 LTCUSDT entry=47.1100 → LONG | long=timeout(+1.26%) short=sl(-6.26%) | scanned=22 | no_tp→fwd_return=+1.3585
  [label] 2020-05-03 16:00 LTCUSDT entry=48.1100 → SHORT | long=sl(-6.22%) short=tp(+12.15%) | scanned=19 | short_tp_only
  [label] 2020-05-07 16:00 LTCUSDT entry=47.3900 → SHORT | long=sl(-6.33%) short=tp(+12.36%) | scanned=7 | short_tp_only
  [label] 2020-06-01 08:00 LTCUSDT entry=46.8900 → SHORT | long=sl(-5.16%) short=sl(-5.16%) | scanned=3 | no_tp→fwd_return=-2.4952
  [label] 2020-07-23 16:00 LTCUSDT entry=45.0000 → LONG | long=tp(+6.81%) short=sl(-3.55%) | scanned=5 | long_tp_only
  [label] 2021-01-05 16:00 LTCUSDT entry=158.6000 → SHORT | long=sl(-12.66%) short=sl(-12.66%) | scanned=16 | no_tp→fwd_return=-10.6747
  [label] 2021-01-09 16:00 LTCUSDT entry=177.5600 → SHORT | long=sl(-13.11%) short=tp(+25.91%) | scanned=4 | short_tp_only
  [label] 2021-01-20 08:00 LTCUSDT entry=141.3500 → SHORT | long=sl(-14.10%) short=timeout(+11.47%) | scanned=22 | no_tp→fwd_return=-11.5670
  [label] 2021-03-06 08:00 LTCUSDT entry=177.3000 → LONG | long=tp(+22.21%) short=sl(-11.26%) | scanned=19 | long_tp_only
  [label] 2021-03-14 16:00 LTCUSDT entry=214.0800 → SHORT | long=sl(-8.18%) short=timeout(+8.57%) | scanned=22 | no_tp→fwd_return=-8.6697
  [label] 2021-06-13 00:00 LTCUSDT entry=158.5800 → SHORT | long=timeout(-3.68%) short=sl(-9.63%) | scanned=22 | no_tp→fwd_return=-3.5818
  [label] 2021-07-15 00:00 LTCUSDT entry=128.1800 → SHORT | long=sl(-7.26%) short=tp(+14.22%) | scanned=15 | short_tp_only
  [label] 2021-07-31 00:00 LTCUSDT entry=143.3800 → LONG | long=timeout(+6.03%) short=sl(-6.64%) | scanned=22 | no_tp→fwd_return=+6.1306
  [label] 2021-08-12 16:00 LTCUSDT entry=165.4100 → LONG | long=timeout(+6.12%) short=sl(-8.47%) | scanned=22 | no_tp→fwd_return=+6.2209
  [label] 2021-08-31 08:00 LTCUSDT entry=171.1600 → LONG | long=tp(+13.18%) short=sl(-6.74%) | scanned=9 | long_tp_only
  [label] 2021-09-06 16:00 LTCUSDT entry=219.5700 → SHORT | long=sl(-7.94%) short=tp(+15.58%) | scanned=2 | short_tp_only
  [label] 2021-09-19 00:00 LTCUSDT entry=181.1300 → SHORT | long=sl(-8.13%) short=tp(+15.95%) | scanned=6 | short_tp_only
  [label] 2021-10-28 08:00 LTCUSDT entry=187.8900 → LONG | long=timeout(+5.80%) short=sl(-7.49%) | scanned=22 | no_tp→fwd_return=+5.8971
  [label] 2021-11-07 08:00 LTCUSDT entry=200.0300 → LONG | long=tp(+10.44%) short=sl(-5.37%) | scanned=3 | long_tp_only
  [label] 2022-02-01 08:00 LTCUSDT entry=111.2000 → LONG | long=tp(+14.08%) short=sl(-7.19%) | scanned=15 | long_tp_only
  [sample_weight_mode=composite_inv_concurrency] cell=(D, 2022-03) weight_mean=1.0000 weight_std=0.5005 kish=0.7997
  Labels: 1157 long (53.4%), 1011 short (46.6%) | weights: min=0.98, mean=1.00, max=20.48
  Features: 2168/2168 matched, 43 columns
  CV gap: 22 rows
  [ensemble 1/5] seed=42
  [frozen_hp] Trained with baseline HP: n_est=443 depth=4 ct=0.615
  [ensemble 2/5] seed=123
  [frozen_hp] Trained with baseline HP: n_est=357 depth=5 ct=0.606
  [ensemble 3/5] seed=456
  [frozen_hp] Trained with baseline HP: n_est=210 depth=5 ct=0.574
  [ensemble 4/5] seed=789
  [frozen_hp] Trained with baseline HP: n_est=339 depth=3 ct=0.722
  [ensemble 5/5] seed=1001
  [frozen_hp] Trained with baseline HP: n_est=341 depth=3 ct=0.630
  OOD: 16 features, cutoff (q=0.7) = 14.01
  Model trained for 2022-03: 93 test candles with features, confidence_threshold=0.630
[predict] 2022-03-01 08:00 LTCUSDT → SHORT (proba=0.88 TP=19.0%/SL=9.5%)
[trade:open] 2022-03-01 15:59 LTCUSDT SHORT @ 112.10 | SL=122.74 TP=90.81 | timeout=2022-03-08 15:59
[trade:close] 2022-03-08 16:00 LTCUSDT SHORT → timeout @ 100.11 | PnL=+10.70% (net +10.60%) | cum=+22.96% 2022-03=+10.60% 2022-03-08=+10.60%
[predict] 2022-03-09 08:00 LTCUSDT → SHORT (proba=0.85 TP=13.8%/SL=6.9%)
[trade:open] 2022-03-09 15:59 LTCUSDT SHORT @ 108.55 | SL=116.02 TP=93.60 | timeout=2022-03-16 15:59
[trade:close] 2022-03-16 16:00 LTCUSDT SHORT → timeout @ 108.39 | PnL=+0.15% (net +0.05%) | cum=+23.01% 2022-03=+10.64% 2022-03-16=+0.05%
[predict] 2022-03-18 00:00 LTCUSDT → SHORT (proba=0.75 TP=11.0%/SL=5.5%)
[trade:open] 2022-03-18 07:59 LTCUSDT SHORT @ 109.22 | SL=115.23 TP=97.20 | timeout=2022-03-25 07:59
[trade:close] 2022-03-19 23:59 LTCUSDT SHORT → stop_loss @ 115.23 | PnL=-5.50% (net -5.60%) | cum=+17.41% 2022-03=+5.04% 2022-03-19=-5.60%
[predict] 2022-03-20 16:00 LTCUSDT → SHORT (proba=0.94 TP=10.5%/SL=5.2%)
[trade:open] 2022-03-20 23:59 LTCUSDT SHORT @ 114.78 | SL=120.78 TP=102.77 | timeout=2022-03-27 23:59
[trade:close] 2022-03-22 07:59 LTCUSDT SHORT → stop_loss @ 120.78 | PnL=-5.23% (net -5.33%) | cum=+12.08% 2022-03=-0.29% 2022-03-22=-5.33%
[predict] 2022-03-23 00:00 LTCUSDT → SHORT (proba=0.97 TP=11.3%/SL=5.6%)
[trade:open] 2022-03-23 07:59 LTCUSDT SHORT @ 120.08 | SL=126.84 TP=106.56 | timeout=2022-03-30 07:59
[trade:close] 2022-03-24 23:59 LTCUSDT SHORT → stop_loss @ 126.84 | PnL=-5.63% (net -5.73%) | cum=+6.35% 2022-03=-6.02% 2022-03-24=-5.73%
[lgbm] === Training for 2022-04 ===
  Train window: 2020-04-01 → 2022-03-24
  2159 training samples from 1 symbols
  Samples per month: 2020-04: 90, 2020-05: 93, 2020-06: 90, 2020-07: 93, 2020-08: 93, 2020-09: 90, 2020-10: 93, 2020-11: 90, 2020-12: 93, 2021-01: 93, 2021-02: 84, 2021-03: 93, 2021-04: 90, 2021-05: 93, 2021-06: 90, 2021-07: 93, 2021-08: 93, 2021-09: 90, 2021-10: 93, 2021-11: 90, 2021-12: 93, 2022-01: 93, 2022-02: 75, 2022-03: 71
  [label] 2020-06-01 08:00 LTCUSDT entry=46.8900 → SHORT | long=sl(-5.16%) short=sl(-5.16%) | scanned=3 | no_tp→fwd_return=-2.4952
  [label] 2020-06-03 08:00 LTCUSDT entry=46.9200 → SHORT | long=timeout(-1.61%) short=timeout(+1.41%) | scanned=22 | no_tp→fwd_return=-1.5132
  [label] 2020-06-07 08:00 LTCUSDT entry=45.8300 → SHORT | long=sl(-4.87%) short=timeout(+3.04%) | scanned=22 | no_tp→fwd_return=-3.1420
  [label] 2020-07-02 00:00 LTCUSDT entry=41.5600 → LONG | long=tp(+7.34%) short=sl(-3.82%) | scanned=18 | long_tp_only
  [label] 2020-08-23 00:00 LTCUSDT entry=59.2600 → SHORT | long=sl(-7.92%) short=timeout(+1.45%) | scanned=22 | no_tp→fwd_return=-1.5525
  [label] 2021-02-04 08:00 LTCUSDT entry=144.0800 → LONG | long=tp(+20.36%) short=sl(-10.33%) | scanned=14 | long_tp_only
  [label] 2021-02-08 08:00 LTCUSDT entry=164.6100 → LONG | long=tp(+18.28%) short=sl(-9.29%) | scanned=5 | long_tp_only
  [label] 2021-02-19 00:00 LTCUSDT entry=232.6600 → SHORT | long=sl(-10.80%) short=tp(+21.29%) | scanned=10 | short_tp_only
  [label] 2021-04-04 16:00 LTCUSDT entry=202.6600 → LONG | long=tp(+14.39%) short=sl(-7.35%) | scanned=5 | long_tp_only
  [label] 2021-04-13 00:00 LTCUSDT entry=262.3600 → LONG | long=tp(+17.15%) short=sl(-8.72%) | scanned=11 | long_tp_only
  [label] 2021-07-12 08:00 LTCUSDT entry=138.3200 → SHORT | long=sl(-6.02%) short=tp(+11.74%) | scanned=10 | short_tp_only
  [label] 2021-08-13 00:00 LTCUSDT entry=176.8600 → SHORT | long=timeout(-0.90%) short=timeout(+0.70%) | scanned=22 | no_tp→fwd_return=-0.7972
  [label] 2021-08-29 00:00 LTCUSDT entry=179.2000 → LONG | long=sl(-6.36%) short=sl(-6.36%) | scanned=16 | no_tp→fwd_return=+15.4353
  [label] 2021-09-10 16:00 LTCUSDT entry=174.1600 → LONG | long=tp(+24.21%) short=sl(-12.25%) | scanned=8 | long_tp_only
  [label] 2021-09-29 00:00 LTCUSDT entry=145.8600 → LONG | long=tp(+16.49%) short=sl(-8.39%) | scanned=10 | long_tp_only
  [label] 2021-10-05 08:00 LTCUSDT entry=168.4100 → LONG | long=timeout(+1.92%) short=sl(-6.53%) | scanned=22 | no_tp→fwd_return=+2.0189
  [label] 2021-10-17 08:00 LTCUSDT entry=183.7500 → LONG | long=tp(+12.83%) short=sl(-6.56%) | scanned=10 | long_tp_only
  [label] 2021-11-26 00:00 LTCUSDT entry=211.6000 → SHORT | long=sl(-9.39%) short=timeout(+3.74%) | scanned=22 | no_tp→fwd_return=-3.8422
  [label] 2021-12-05 16:00 LTCUSDT entry=156.2500 → LONG | long=timeout(+1.56%) short=timeout(-1.76%) | scanned=22 | no_tp→fwd_return=+1.6576
  [label] 2022-03-04 08:00 LTCUSDT entry=104.8000 → SHORT | long=timeout(-1.18%) short=timeout(+0.98%) | scanned=22 | no_tp→fwd_return=-1.0782
  [sample_weight_mode=composite_inv_concurrency] cell=(D, 2022-04) weight_mean=1.0000 weight_std=0.5021 kish=0.7987
  Labels: 1177 long (54.5%), 982 short (45.5%) | weights: min=0.97, mean=1.00, max=20.37
  Features: 2159/2159 matched, 43 columns
  CV gap: 22 rows
  [ensemble 1/5] seed=42
  [frozen_hp] Trained with baseline HP: n_est=409 depth=3 ct=0.834
  [ensemble 2/5] seed=123
  [frozen_hp] Trained with baseline HP: n_est=363 depth=3 ct=0.556
  [ensemble 3/5] seed=456
  [frozen_hp] Trained with baseline HP: n_est=135 depth=5 ct=0.700
  [ensemble 4/5] seed=789
  [frozen_hp] Trained with baseline HP: n_est=380 depth=4 ct=0.774
  [ensemble 5/5] seed=1001
  [frozen_hp] Trained with baseline HP: n_est=470 depth=4 ct=0.769
  OOD: 16 features, cutoff (q=0.7) = 13.96
  Model trained for 2022-04: 84 test candles with features, confidence_threshold=0.727
[predict] 2022-04-06 00:00 LTCUSDT → LONG (proba=0.84 TP=11.6%/SL=5.8%)
[trade:open] 2022-04-06 07:59 LTCUSDT LONG @ 120.21 | SL=113.22 TP=134.19 | timeout=2022-04-13 07:59
[trade:close] 2022-04-06 23:59 LTCUSDT LONG → stop_loss @ 113.22 | PnL=-5.81% (net -5.91%) | cum=+0.44% 2022-04=-5.91% 2022-04-06=-5.91%
[predict] 2022-04-07 16:00 LTCUSDT → LONG (proba=0.92 TP=12.3%/SL=6.2%)
[trade:open] 2022-04-07 23:59 LTCUSDT LONG @ 113.99 | SL=106.97 TP=128.03 | timeout=2022-04-14 23:59
[trade:close] 2022-04-11 15:59 LTCUSDT LONG → stop_loss @ 106.97 | PnL=-6.16% (net -6.26%) | cum=-5.82% 2022-04=-12.17% 2022-04-11=-6.26%
[predict] 2022-04-12 16:00 LTCUSDT → LONG (proba=0.96 TP=11.2%/SL=5.6%)
[trade:open] 2022-04-12 23:59 LTCUSDT LONG @ 104.78 | SL=98.93 TP=116.48 | timeout=2022-04-19 23:59
[trade:close] 2022-04-20 00:00 LTCUSDT LONG → timeout @ 113.77 | PnL=+8.58% (net +8.48%) | cum=+2.66% 2022-04=-3.69% 2022-04-20=+8.48%
[predict] 2022-04-27 00:00 LTCUSDT → LONG (proba=0.90 TP=11.6%/SL=5.8%)
[trade:open] 2022-04-27 07:59 LTCUSDT LONG @ 100.89 | SL=95.06 TP=112.55 | timeout=2022-05-04 07:59
[trade:close] 2022-04-30 23:59 LTCUSDT LONG → stop_loss @ 95.06 | PnL=-5.78% (net -5.88%) | cum=-3.22% 2022-04=-9.57% 2022-04-30=-5.88%
[lgbm] === Training for 2022-05 ===
  Train window: 2020-05-01 → 2022-04-23
  2153 training samples from 1 symbols
  Samples per month: 2020-05: 93, 2020-06: 90, 2020-07: 93, 2020-08: 93, 2020-09: 90, 2020-10: 93, 2020-11: 90, 2020-12: 93, 2021-01: 93, 2021-02: 84, 2021-03: 93, 2021-04: 90, 2021-05: 93, 2021-06: 90, 2021-07: 93, 2021-08: 93, 2021-09: 90, 2021-10: 93, 2021-11: 90, 2021-12: 93, 2022-01: 93, 2022-02: 75, 2022-03: 93, 2022-04: 62
  [label] 2020-07-01 00:00 LTCUSDT entry=41.3200 → LONG | long=tp(+8.17%) short=sl(-4.24%) | scanned=21 | long_tp_only
  [label] 2020-07-03 08:00 LTCUSDT entry=41.4400 → LONG | long=tp(+7.39%) short=sl(-3.84%) | scanned=14 | long_tp_only
  [label] 2020-07-07 00:00 LTCUSDT entry=43.6000 → SHORT | long=timeout(-0.72%) short=sl(-4.04%) | scanned=22 | no_tp→fwd_return=-0.6193
  [label] 2020-07-31 16:00 LTCUSDT entry=58.2200 → LONG | long=sl(-6.90%) short=sl(-6.90%) | scanned=4 | no_tp→fwd_return=+1.0306
  [label] 2020-09-21 16:00 LTCUSDT entry=43.1500 → LONG | long=timeout(+4.72%) short=sl(-6.48%) | scanned=22 | no_tp→fwd_return=+4.8204
  [label] 2021-03-05 08:00 LTCUSDT entry=175.9500 → LONG | long=timeout(+19.54%) short=sl(-11.87%) | scanned=22 | no_tp→fwd_return=+19.6419
  [label] 2021-03-09 08:00 LTCUSDT entry=200.3200 → LONG | long=timeout(+1.77%) short=sl(-8.50%) | scanned=22 | no_tp→fwd_return=+1.8720
  [label] 2021-03-20 00:00 LTCUSDT entry=202.5100 → SHORT | long=sl(-6.90%) short=tp(+13.50%) | scanned=14 | short_tp_only
  [label] 2021-05-03 16:00 LTCUSDT entry=294.9500 → LONG | long=sl(-7.35%) short=sl(-7.35%) | scanned=2 | no_tp→fwd_return=+0.9493
  [label] 2021-05-12 00:00 LTCUSDT entry=382.5000 → SHORT | long=sl(-12.07%) short=tp(+23.84%) | scanned=14 | short_tp_only
  [label] 2021-08-10 00:00 LTCUSDT entry=166.1000 → LONG | long=timeout(+8.20%) short=sl(-7.27%) | scanned=22 | no_tp→fwd_return=+8.3022
  [label] 2021-09-10 16:00 LTCUSDT entry=174.1600 → LONG | long=tp(+24.21%) short=sl(-12.25%) | scanned=8 | long_tp_only
  [label] 2021-09-26 16:00 LTCUSDT entry=150.6100 → LONG | long=timeout(+13.13%) short=sl(-9.65%) | scanned=22 | no_tp→fwd_return=+13.2329
  [label] 2021-10-09 00:00 LTCUSDT entry=177.6200 → LONG | long=timeout(+6.08%) short=sl(-6.96%) | scanned=22 | no_tp→fwd_return=+6.1817
  [label] 2021-10-27 16:00 LTCUSDT entry=179.2100 → LONG | long=tp(+15.81%) short=sl(-8.06%) | scanned=19 | long_tp_only
  [label] 2021-11-02 16:00 LTCUSDT entry=201.1200 → LONG | long=tp(+11.71%) short=sl(-6.00%) | scanned=18 | long_tp_only
  [label] 2021-11-15 00:00 LTCUSDT entry=273.9100 → SHORT | long=sl(-10.21%) short=tp(+20.13%) | scanned=6 | short_tp_only
  [label] 2021-12-24 08:00 LTCUSDT entry=162.5500 → SHORT | long=sl(-6.15%) short=tp(+12.00%) | scanned=17 | short_tp_only
  [label] 2022-01-03 00:00 LTCUSDT entry=150.1300 → SHORT | long=sl(-4.77%) short=tp(+9.25%) | scanned=8 | short_tp_only
  [label] 2022-04-03 08:00 LTCUSDT entry=127.4800 → SHORT | long=sl(-5.73%) short=tp(+11.16%) | scanned=10 | short_tp_only
  [sample_weight_mode=composite_inv_concurrency] cell=(D, 2022-05) weight_mean=1.0000 weight_std=0.5021 kish=0.7987
  Labels: 1127 long (52.3%), 1026 short (47.7%) | weights: min=0.97, mean=1.00, max=20.30
  Features: 2153/2153 matched, 43 columns
  CV gap: 22 rows
  [ensemble 1/5] seed=42
  [frozen_hp] Trained with baseline HP: n_est=337 depth=3 ct=0.538
  [ensemble 2/5] seed=123
  [frozen_hp] Trained with baseline HP: n_est=247 depth=3 ct=0.544
  [ensemble 3/5] seed=456
  [frozen_hp] Trained with baseline HP: n_est=165 depth=3 ct=0.787
  [ensemble 4/5] seed=789
  [frozen_hp] Trained with baseline HP: n_est=465 depth=5 ct=0.850
  [ensemble 5/5] seed=1001
  [frozen_hp] Trained with baseline HP: n_est=301 depth=4 ct=0.808
  OOD: 16 features, cutoff (q=0.7) = 14.02
  Model trained for 2022-05: 93 test candles with features, confidence_threshold=0.705
[predict] 2022-05-02 16:00 LTCUSDT → SHORT (proba=0.73 TP=10.9%/SL=5.5%)
[trade:open] 2022-05-02 23:59 LTCUSDT SHORT @ 100.62 | SL=106.11 TP=89.63 | timeout=2022-05-09 23:59
[trade:close] 2022-05-04 23:59 LTCUSDT SHORT → stop_loss @ 106.11 | PnL=-5.46% (net -5.56%) | cum=-8.78% 2022-05=-5.56% 2022-05-04=-5.56%
[predict] 2022-05-05 16:00 LTCUSDT → SHORT (proba=0.73 TP=12.9%/SL=6.5%)
[trade:open] 2022-05-05 23:59 LTCUSDT SHORT @ 96.81 | SL=103.07 TP=84.28 | timeout=2022-05-12 23:59
[trade:close] 2022-05-09 15:59 LTCUSDT SHORT → take_profit @ 84.28 | PnL=+12.94% (net +12.84%) | cum=+4.06% 2022-05=+7.28% 2022-05-09=+12.84%
[predict] 2022-05-15 08:00 LTCUSDT → LONG (proba=0.86 TP=29.9%/SL=14.9%)
[trade:open] 2022-05-15 15:59 LTCUSDT LONG @ 67.96 | SL=57.81 TP=88.26 | timeout=2022-05-22 15:59
[trade:close] 2022-05-22 16:00 LTCUSDT LONG → timeout @ 70.86 | PnL=+4.27% (net +4.17%) | cum=+8.23% 2022-05=+11.45% 2022-05-22=+4.17%
[predict] 2022-05-27 00:00 LTCUSDT → LONG (proba=0.79 TP=17.0%/SL=8.5%)
[trade:open] 2022-05-27 07:59 LTCUSDT LONG @ 62.63 | SL=57.30 TP=73.29 | timeout=2022-06-03 07:59
[lgbm] === Training for 2022-06 ===
  Train window: 2020-06-01 → 2022-05-24
  2153 training samples from 1 symbols
  Samples per month: 2020-06: 90, 2020-07: 93, 2020-08: 93, 2020-09: 90, 2020-10: 93, 2020-11: 90, 2020-12: 93, 2021-01: 93, 2021-02: 84, 2021-03: 93, 2021-04: 90, 2021-05: 93, 2021-06: 90, 2021-07: 93, 2021-08: 93, 2021-09: 90, 2021-10: 93, 2021-11: 90, 2021-12: 93, 2022-01: 93, 2022-02: 75, 2022-03: 93, 2022-04: 84, 2022-05: 71
  [label] 2020-08-01 00:00 LTCUSDT entry=59.4900 → SHORT | long=sl(-7.01%) short=sl(-7.01%) | scanned=3 | no_tp→fwd_return=-1.1262
  [label] 2020-08-03 08:00 LTCUSDT entry=58.9500 → SHORT | long=timeout(-0.61%) short=timeout(+0.41%) | scanned=22 | no_tp→fwd_return=-0.5089
  [label] 2020-08-07 00:00 LTCUSDT entry=59.5700 → SHORT | long=sl(-7.34%) short=timeout(+5.46%) | scanned=22 | no_tp→fwd_return=-5.5565
  [label] 2020-08-31 16:00 LTCUSDT entry=61.0100 → SHORT | long=sl(-6.12%) short=tp(+11.94%) | scanned=8 | short_tp_only
  [label] 2020-10-22 16:00 LTCUSDT entry=54.4000 → LONG | long=timeout(+0.84%) short=sl(-5.91%) | scanned=22 | no_tp→fwd_return=+0.9375
  [label] 2021-04-05 08:00 LTCUSDT entry=209.8900 → LONG | long=tp(+14.58%) short=sl(-7.44%) | scanned=4 | long_tp_only
  [label] 2021-04-09 08:00 LTCUSDT entry=224.3100 → LONG | long=tp(+16.90%) short=sl(-8.60%) | scanned=5 | long_tp_only
  [label] 2021-04-20 00:00 LTCUSDT entry=245.9400 → LONG | long=timeout(+2.51%) short=sl(-17.57%) | scanned=22 | no_tp→fwd_return=+2.6104
  [label] 2021-06-03 16:00 LTCUSDT entry=193.5500 → SHORT | long=sl(-10.72%) short=tp(+21.15%) | scanned=13 | short_tp_only
  [label] 2021-06-12 00:00 LTCUSDT entry=157.1800 → LONG | long=timeout(+0.68%) short=sl(-10.51%) | scanned=22 | no_tp→fwd_return=+0.7762
  [label] 2021-09-10 00:00 LTCUSDT entry=180.0600 → LONG | long=tp(+24.33%) short=sl(-12.32%) | scanned=10 | long_tp_only
  [label] 2021-10-11 16:00 LTCUSDT entry=179.1500 → LONG | long=timeout(+3.57%) short=sl(-7.38%) | scanned=22 | no_tp→fwd_return=+3.6673
  [label] 2021-10-27 16:00 LTCUSDT entry=179.2100 → LONG | long=tp(+15.81%) short=sl(-8.06%) | scanned=19 | long_tp_only
  [label] 2021-11-09 00:00 LTCUSDT entry=247.0900 → LONG | long=tp(+12.42%) short=sl(-6.36%) | scanned=4 | long_tp_only
  [label] 2021-11-27 16:00 LTCUSDT entry=195.0900 → SHORT | long=sl(-9.36%) short=sl(-9.36%) | scanned=19 | no_tp→fwd_return=-22.3743
  [label] 2021-12-03 16:00 LTCUSDT entry=187.9400 → SHORT | long=sl(-9.97%) short=tp(+19.63%) | scanned=1 | short_tp_only
  [label] 2021-12-16 00:00 LTCUSDT entry=153.6400 → LONG | long=timeout(+0.34%) short=timeout(-0.54%) | scanned=22 | no_tp→fwd_return=+0.4361
  [label] 2022-01-24 08:00 LTCUSDT entry=102.7300 → LONG | long=timeout(+5.21%) short=timeout(-5.41%) | scanned=22 | no_tp→fwd_return=+5.3052
  [label] 2022-02-03 00:00 LTCUSDT entry=108.8700 → LONG | long=tp(+14.29%) short=sl(-7.29%) | scanned=10 | long_tp_only
  [label] 2022-05-04 08:00 LTCUSDT entry=102.1800 → SHORT | long=sl(-5.15%) short=tp(+10.00%) | scanned=11 | short_tp_only
  [sample_weight_mode=composite_inv_concurrency] cell=(D, 2022-06) weight_mean=1.0000 weight_std=0.5021 kish=0.7987
  Labels: 1105 long (51.3%), 1048 short (48.7%) | weights: min=0.97, mean=1.00, max=20.30
  Features: 2153/2153 matched, 43 columns
  CV gap: 22 rows
  [ensemble 1/5] seed=42
  [frozen_hp] Trained with baseline HP: n_est=413 depth=4 ct=0.547
  [ensemble 2/5] seed=123
  [frozen_hp] Trained with baseline HP: n_est=367 depth=5 ct=0.739
  [ensemble 3/5] seed=456
  [frozen_hp] Trained with baseline HP: n_est=455 depth=4 ct=0.819
  [ensemble 4/5] seed=789
  [frozen_hp] Trained with baseline HP: n_est=380 depth=3 ct=0.716
  [ensemble 5/5] seed=1001
  [frozen_hp] Trained with baseline HP: n_est=225 depth=5 ct=0.517
  OOD: 16 features, cutoff (q=0.7) = 14.12
  Model trained for 2022-06: 90 test candles with features, confidence_threshold=0.668
[trade:close] 2022-06-03 08:00 LTCUSDT LONG → timeout @ 63.98 | PnL=+2.16% (net +2.06%) | cum=+10.29% 2022-06=+2.06% 2022-06-03=+2.06%
[predict] 2022-06-04 08:00 LTCUSDT → SHORT (proba=0.81 TP=11.9%/SL=6.0%)
[trade:open] 2022-06-04 15:59 LTCUSDT SHORT @ 63.30 | SL=67.07 TP=55.77 | timeout=2022-06-11 15:59
[trade:close] 2022-06-10 23:59 LTCUSDT SHORT → take_profit @ 55.77 | PnL=+11.90% (net +11.80%) | cum=+22.09% 2022-06=+13.86% 2022-06-10=+11.80%
[predict] 2022-06-16 16:00 LTCUSDT → LONG (proba=0.75 TP=29.2%/SL=14.6%)
[trade:open] 2022-06-16 23:59 LTCUSDT LONG @ 44.76 | SL=38.23 TP=57.82 | timeout=2022-06-23 23:59
[trade:close] 2022-06-24 00:00 LTCUSDT LONG → timeout @ 55.70 | PnL=+24.44% (net +24.34%) | cum=+46.43% 2022-06=+38.20% 2022-06-24=+24.34%
[predict] 2022-06-24 16:00 LTCUSDT → SHORT (proba=0.89 TP=18.8%/SL=9.4%)
[trade:open] 2022-06-24 23:59 LTCUSDT SHORT @ 55.80 | SL=61.03 TP=45.34 | timeout=2022-07-01 23:59
[lgbm] === Training for 2022-07 ===
  Train window: 2020-07-01 → 2022-06-23
  2153 training samples from 1 symbols
  Samples per month: 2020-07: 93, 2020-08: 93, 2020-09: 90, 2020-10: 93, 2020-11: 90, 2020-12: 93, 2021-01: 93, 2021-02: 84, 2021-03: 93, 2021-04: 90, 2021-05: 93, 2021-06: 90, 2021-07: 93, 2021-08: 93, 2021-09: 90, 2021-10: 93, 2021-11: 90, 2021-12: 93, 2022-01: 93, 2022-02: 75, 2022-03: 93, 2022-04: 84, 2022-05: 93, 2022-06: 68
  [label] 2020-08-31 00:00 LTCUSDT entry=61.3000 → SHORT | long=sl(-6.34%) short=tp(+12.38%) | scanned=10 | short_tp_only
  [label] 2020-09-02 08:00 LTCUSDT entry=57.7000 → SHORT | long=sl(-7.89%) short=tp(+15.48%) | scanned=4 | short_tp_only
  [label] 2020-09-06 00:00 LTCUSDT entry=48.3000 → LONG | long=timeout(+4.97%) short=timeout(-5.17%) | scanned=22 | no_tp→fwd_return=+5.0725
  [label] 2020-09-30 16:00 LTCUSDT entry=46.2900 → SHORT | long=sl(-4.32%) short=sl(-4.32%) | scanned=5 | no_tp→fwd_return=-3.2188
  [label] 2020-11-21 16:00 LTCUSDT entry=87.3200 → SHORT | long=sl(-9.37%) short=tp(+18.45%) | scanned=13 | short_tp_only
  [label] 2021-05-05 08:00 LTCUSDT entry=352.6300 → LONG | long=timeout(+1.79%) short=sl(-10.48%) | scanned=22 | no_tp→fwd_return=+1.8858
  [label] 2021-05-09 08:00 LTCUSDT entry=366.8200 → SHORT | long=sl(-11.07%) short=sl(-11.07%) | scanned=10 | no_tp→fwd_return=-15.0701
  [label] 2021-05-20 00:00 LTCUSDT entry=210.0000 → SHORT | long=sl(-33.03%) short=timeout(+9.90%) | scanned=22 | no_tp→fwd_return=-10.0000
  [label] 2021-07-03 16:00 LTCUSDT entry=140.1500 → SHORT | long=sl(-7.33%) short=timeout(+4.33%) | scanned=22 | no_tp→fwd_return=-4.4310
  [label] 2021-07-12 00:00 LTCUSDT entry=137.6500 → SHORT | long=sl(-6.11%) short=tp(+11.91%) | scanned=13 | short_tp_only
  [label] 2021-10-10 00:00 LTCUSDT entry=182.9900 → LONG | long=sl(-6.51%) short=timeout(-1.53%) | scanned=22 | no_tp→fwd_return=+1.4318
  [label] 2021-11-10 16:00 LTCUSDT entry=260.3000 → SHORT | long=sl(-10.94%) short=timeout(+11.64%) | scanned=22 | no_tp→fwd_return=-11.7365
  [label] 2021-11-26 16:00 LTCUSDT entry=195.6700 → SHORT | long=timeout(-4.05%) short=sl(-10.51%) | scanned=22 | no_tp→fwd_return=-3.9505
  [label] 2021-12-09 00:00 LTCUSDT entry=161.7900 → SHORT | long=sl(-11.35%) short=timeout(+4.94%) | scanned=22 | no_tp→fwd_return=-5.0374
  [label] 2021-12-27 16:00 LTCUSDT entry=155.8900 → SHORT | long=sl(-5.49%) short=timeout(+4.69%) | scanned=22 | no_tp→fwd_return=-4.7854
  [label] 2022-01-02 16:00 LTCUSDT entry=151.1300 → SHORT | long=sl(-4.98%) short=tp(+9.65%) | scanned=9 | short_tp_only
  [label] 2022-01-15 00:00 LTCUSDT entry=150.1600 → SHORT | long=sl(-6.11%) short=tp(+11.92%) | scanned=17 | short_tp_only
  [label] 2022-02-23 08:00 LTCUSDT entry=109.0500 → SHORT | long=sl(-7.65%) short=tp(+15.00%) | scanned=2 | short_tp_only
  [label] 2022-03-08 00:00 LTCUSDT entry=99.6400 → LONG | long=timeout(+3.55%) short=sl(-7.86%) | scanned=22 | no_tp→fwd_return=+3.6532
  [label] 2022-06-03 08:00 LTCUSDT entry=61.8000 → SHORT | long=sl(-6.83%) short=sl(-6.83%) | scanned=21 | no_tp→fwd_return=-7.0550
  [sample_weight_mode=composite_inv_concurrency] cell=(D, 2022-07) weight_mean=1.0000 weight_std=0.5021 kish=0.7987
  Labels: 1123 long (52.2%), 1030 short (47.8%) | weights: min=0.97, mean=1.00, max=20.30
  Features: 2153/2153 matched, 43 columns
  CV gap: 22 rows
  [ensemble 1/5] seed=42
  [frozen_hp] Trained with baseline HP: n_est=145 depth=3 ct=0.839
  [ensemble 2/5] seed=123
  [frozen_hp] Trained with baseline HP: n_est=465 depth=3 ct=0.848
  [ensemble 3/5] seed=456
  [frozen_hp] Trained with baseline HP: n_est=268 depth=3 ct=0.804
  [ensemble 4/5] seed=789
  [frozen_hp] Trained with baseline HP: n_est=223 depth=5 ct=0.513
  [ensemble 5/5] seed=1001
  [frozen_hp] Trained with baseline HP: n_est=433 depth=3 ct=0.829
  OOD: 16 features, cutoff (q=0.7) = 14.21
  Model trained for 2022-07: 93 test candles with features, confidence_threshold=0.767
[trade:close] 2022-07-02 00:00 LTCUSDT SHORT → timeout @ 51.16 | PnL=+8.32% (net +8.22%) | cum=+54.65% 2022-07=+8.22% 2022-07-02=+8.22%
[predict] 2022-07-05 16:00 LTCUSDT → SHORT (proba=0.80 TP=16.2%/SL=8.1%)
[trade:open] 2022-07-05 23:59 LTCUSDT SHORT @ 49.67 | SL=53.70 TP=41.62 | timeout=2022-07-12 23:59
[trade:close] 2022-07-08 07:59 LTCUSDT SHORT → stop_loss @ 53.70 | PnL=-8.11% (net -8.21%) | cum=+46.44% 2022-07=+0.01% 2022-07-08=-8.21%
[predict] 2022-07-09 00:00 LTCUSDT → SHORT (proba=0.79 TP=12.3%/SL=6.1%)
[trade:open] 2022-07-09 07:59 LTCUSDT SHORT @ 52.34 | SL=55.56 TP=45.91 | timeout=2022-07-16 07:59
[trade:close] 2022-07-16 08:00 LTCUSDT SHORT → timeout @ 51.18 | PnL=+2.22% (net +2.12%) | cum=+48.56% 2022-07=+2.13% 2022-07-16=+2.12%
[predict] 2022-07-19 08:00 LTCUSDT → SHORT (proba=0.81 TP=14.0%/SL=7.0%)
[trade:open] 2022-07-19 15:59 LTCUSDT SHORT @ 57.95 | SL=62.00 TP=49.86 | timeout=2022-07-26 15:59
[trade:close] 2022-07-26 16:00 LTCUSDT SHORT → timeout @ 52.00 | PnL=+10.27% (net +10.17%) | cum=+58.72% 2022-07=+12.29% 2022-07-26=+10.17%
[lgbm] === Training for 2022-08 ===
  Train window: 2020-08-01 → 2022-07-24
  2153 training samples from 1 symbols
  Samples per month: 2020-08: 93, 2020-09: 90, 2020-10: 93, 2020-11: 90, 2020-12: 93, 2021-01: 93, 2021-02: 84, 2021-03: 93, 2021-04: 90, 2021-05: 93, 2021-06: 90, 2021-07: 93, 2021-08: 93, 2021-09: 90, 2021-10: 93, 2021-11: 90, 2021-12: 93, 2022-01: 93, 2022-02: 75, 2022-03: 93, 2022-04: 84, 2022-05: 93, 2022-06: 90, 2022-07: 71
  [label] 2020-10-01 00:00 LTCUSDT entry=46.6500 → SHORT | long=sl(-4.12%) short=timeout(+1.49%) | scanned=22 | no_tp→fwd_return=-1.5863
  [label] 2020-10-03 08:00 LTCUSDT entry=45.8000 → LONG | long=tp(+9.47%) short=sl(-4.88%) | scanned=20 | long_tp_only
  [label] 2020-10-07 00:00 LTCUSDT entry=45.9800 → LONG | long=tp(+9.85%) short=sl(-5.07%) | scanned=10 | long_tp_only
  [label] 2020-10-31 16:00 LTCUSDT entry=55.7100 → LONG | long=sl(-6.53%) short=sl(-6.53%) | scanned=14 | no_tp→fwd_return=+6.4979
  [label] 2020-12-22 16:00 LTCUSDT entry=114.3700 → LONG | long=sl(-13.36%) short=sl(-13.36%) | scanned=10 | no_tp→fwd_return=+12.2759
  [label] 2021-06-05 08:00 LTCUSDT entry=174.4100 → SHORT | long=sl(-11.79%) short=timeout(+7.54%) | scanned=22 | no_tp→fwd_return=-7.6372
  [label] 2021-06-09 08:00 LTCUSDT entry=168.4200 → SHORT | long=timeout(-0.97%) short=timeout(+0.77%) | scanned=22 | no_tp→fwd_return=-0.8669
  [label] 2021-06-20 00:00 LTCUSDT entry=152.9000 → SHORT | long=sl(-7.84%) short=tp(+15.39%) | scanned=4 | short_tp_only
  [label] 2021-08-03 16:00 LTCUSDT entry=138.4800 → LONG | long=tp(+13.49%) short=sl(-6.90%) | scanned=13 | long_tp_only
  [label] 2021-08-12 00:00 LTCUSDT entry=170.3700 → SHORT | long=timeout(-2.57%) short=sl(-8.16%) | scanned=22 | no_tp→fwd_return=-2.4711
  [label] 2021-11-10 00:00 LTCUSDT entry=269.2600 → SHORT | long=sl(-7.67%) short=sl(-7.67%) | scanned=8 | no_tp→fwd_return=-6.6813
  [label] 2021-12-11 16:00 LTCUSDT entry=157.9800 → SHORT | long=sl(-10.02%) short=timeout(+5.86%) | scanned=22 | no_tp→fwd_return=-5.9628
  [label] 2021-12-27 16:00 LTCUSDT entry=155.8900 → SHORT | long=sl(-5.49%) short=timeout(+4.69%) | scanned=22 | no_tp→fwd_return=-4.7854
  [label] 2022-01-09 00:00 LTCUSDT entry=130.1100 → LONG | long=sl(-7.17%) short=sl(-7.17%) | scanned=11 | no_tp→fwd_return=+9.0539
  [label] 2022-01-27 16:00 LTCUSDT entry=106.8400 → LONG | long=timeout(+3.69%) short=timeout(-3.89%) | scanned=22 | no_tp→fwd_return=+3.7907
  [label] 2022-02-02 16:00 LTCUSDT entry=108.1800 → LONG | long=tp(+15.03%) short=sl(-7.66%) | scanned=11 | long_tp_only
  [label] 2022-02-15 00:00 LTCUSDT entry=128.2900 → SHORT | long=sl(-6.82%) short=tp(+13.34%) | scanned=15 | short_tp_only
  [label] 2022-03-29 08:00 LTCUSDT entry=128.3500 → SHORT | long=sl(-5.08%) short=timeout(+3.20%) | scanned=16 | no_tp→fwd_return=-3.2957
  [label] 2022-04-10 00:00 LTCUSDT entry=112.1300 → LONG | long=sl(-5.18%) short=timeout(-1.03%) | scanned=22 | no_tp→fwd_return=+0.9275
  [label] 2022-07-04 08:00 LTCUSDT entry=51.1700 → SHORT | long=timeout(-1.45%) short=sl(-7.60%) | scanned=22 | no_tp→fwd_return=-1.3484
  [sample_weight_mode=composite_inv_concurrency] cell=(D, 2022-08) weight_mean=1.0000 weight_std=0.5021 kish=0.7987
  Labels: 1099 long (51.0%), 1054 short (49.0%) | weights: min=0.97, mean=1.00, max=20.30
  Features: 2153/2153 matched, 43 columns
  CV gap: 22 rows
  [ensemble 1/5] seed=42
  [frozen_hp] Trained with baseline HP: n_est=175 depth=5 ct=0.827
  [ensemble 2/5] seed=123
  [frozen_hp] Trained with baseline HP: n_est=493 depth=3 ct=0.525
  [ensemble 3/5] seed=456
  [frozen_hp] Trained with baseline HP: n_est=212 depth=3 ct=0.585
  [ensemble 4/5] seed=789
  [frozen_hp] Trained with baseline HP: n_est=293 depth=4 ct=0.746
  [ensemble 5/5] seed=1001
  [frozen_hp] Trained with baseline HP: n_est=50 depth=4 ct=0.703
  OOD: 16 features, cutoff (q=0.7) = 14.01
  Model trained for 2022-08: 93 test candles with features, confidence_threshold=0.677
[predict] 2022-08-13 08:00 LTCUSDT → SHORT (proba=0.72 TP=9.7%/SL=4.9%)
[trade:open] 2022-08-13 15:59 LTCUSDT SHORT @ 65.36 | SL=68.53 TP=59.01 | timeout=2022-08-20 15:59
[trade:close] 2022-08-19 07:59 LTCUSDT SHORT → take_profit @ 59.01 | PnL=+9.71% (net +9.61%) | cum=+68.34% 2022-08=+9.61% 2022-08-19=+9.61%
[lgbm] === Training for 2022-09 ===
  Train window: 2020-09-01 → 2022-08-24
  2153 training samples from 1 symbols
  Samples per month: 2020-09: 90, 2020-10: 93, 2020-11: 90, 2020-12: 93, 2021-01: 93, 2021-02: 84, 2021-03: 93, 2021-04: 90, 2021-05: 93, 2021-06: 90, 2021-07: 93, 2021-08: 93, 2021-09: 90, 2021-10: 93, 2021-11: 90, 2021-12: 93, 2022-01: 93, 2022-02: 75, 2022-03: 93, 2022-04: 84, 2022-05: 93, 2022-06: 90, 2022-07: 93, 2022-08: 71
  [label] 2020-11-01 00:00 LTCUSDT entry=55.4400 → LONG | long=sl(-6.41%) short=sl(-6.41%) | scanned=13 | no_tp→fwd_return=+7.0166
  [label] 2020-11-03 08:00 LTCUSDT entry=52.8100 → LONG | long=tp(+12.83%) short=sl(-6.56%) | scanned=7 | long_tp_only
  [label] 2020-11-07 00:00 LTCUSDT entry=63.1000 → LONG | long=sl(-7.10%) short=timeout(-1.57%) | scanned=22 | no_tp→fwd_return=+1.4739
  [label] 2020-12-01 16:00 LTCUSDT entry=85.1600 → SHORT | long=timeout(-9.99%) short=timeout(+9.79%) | scanned=22 | no_tp→fwd_return=-9.8873
  [label] 2021-01-22 16:00 LTCUSDT entry=137.7200 → SHORT | long=sl(-13.76%) short=timeout(+1.99%) | scanned=22 | no_tp→fwd_return=-2.0912
  [label] 2021-07-06 08:00 LTCUSDT entry=137.8100 → SHORT | long=sl(-7.57%) short=timeout(+3.16%) | scanned=22 | no_tp→fwd_return=-3.2581
  [label] 2021-07-10 08:00 LTCUSDT entry=132.8600 → SHORT | long=sl(-6.91%) short=timeout(+9.67%) | scanned=22 | no_tp→fwd_return=-9.7697
  [label] 2021-07-21 00:00 LTCUSDT entry=111.9400 → LONG | long=tp(+16.23%) short=sl(-8.27%) | scanned=15 | long_tp_only
  [label] 2021-09-03 16:00 LTCUSDT entry=213.2300 → SHORT | long=sl(-7.07%) short=sl(-7.07%) | scanned=11 | no_tp→fwd_return=-15.8796
  [label] 2021-09-12 00:00 LTCUSDT entry=178.5500 → LONG | long=tp(+20.83%) short=sl(-10.56%) | scanned=4 | long_tp_only
  [label] 2021-12-11 00:00 LTCUSDT entry=152.6100 → SHORT | long=timeout(-3.50%) short=timeout(+3.30%) | scanned=22 | no_tp→fwd_return=-3.4008
  [label] 2022-01-11 16:00 LTCUSDT entry=131.5200 → LONG | long=tp(+13.13%) short=sl(-6.71%) | scanned=10 | long_tp_only
  [label] 2022-01-27 16:00 LTCUSDT entry=106.8400 → LONG | long=timeout(+3.69%) short=timeout(-3.89%) | scanned=22 | no_tp→fwd_return=+3.7907
  [label] 2022-02-09 00:00 LTCUSDT entry=138.3400 → SHORT | long=sl(-7.29%) short=timeout(+6.04%) | scanned=22 | no_tp→fwd_return=-6.1371
  [label] 2022-03-02 16:00 LTCUSDT entry=110.2600 → SHORT | long=sl(-8.44%) short=timeout(+3.01%) | scanned=22 | no_tp→fwd_return=-3.1108
  [label] 2022-03-08 16:00 LTCUSDT entry=100.6100 → LONG | long=timeout(+6.06%) short=sl(-7.35%) | scanned=22 | no_tp→fwd_return=+6.1624
  [label] 2022-03-21 00:00 LTCUSDT entry=114.9400 → LONG | long=tp(+10.36%) short=sl(-5.33%) | scanned=11 | long_tp_only
  [label] 2022-05-01 08:00 LTCUSDT entry=98.6300 → SHORT | long=sl(-5.91%) short=sl(-5.91%) | scanned=15 | no_tp→fwd_return=-3.0214
  [label] 2022-05-11 00:00 LTCUSDT entry=76.7900 → SHORT | long=sl(-11.87%) short=tp(+23.43%) | scanned=3 | short_tp_only
  [label] 2022-08-04 08:00 LTCUSDT entry=59.6300 → LONG | long=timeout(+3.96%) short=sl(-6.82%) | scanned=22 | no_tp→fwd_return=+4.0584
  [sample_weight_mode=composite_inv_concurrency] cell=(D, 2022-09) weight_mean=1.0000 weight_std=0.5021 kish=0.7987
  Labels: 1103 long (51.2%), 1050 short (48.8%) | weights: min=0.97, mean=1.00, max=20.30
  Features: 2153/2153 matched, 43 columns
  CV gap: 22 rows
  [ensemble 1/5] seed=42
  [frozen_hp] Trained with baseline HP: n_est=472 depth=5 ct=0.563
  [ensemble 2/5] seed=123
  [frozen_hp] Trained with baseline HP: n_est=318 depth=3 ct=0.802
  [ensemble 3/5] seed=456
  [frozen_hp] Trained with baseline HP: n_est=131 depth=3 ct=0.770
  [ensemble 4/5] seed=789
  [frozen_hp] Trained with baseline HP: n_est=100 depth=3 ct=0.767
  [ensemble 5/5] seed=1001
  [frozen_hp] Trained with baseline HP: n_est=218 depth=3 ct=0.823
  OOD: 16 features, cutoff (q=0.7) = 13.97
  Model trained for 2022-09: 90 test candles with features, confidence_threshold=0.745
[predict] 2022-09-10 16:00 LTCUSDT → SHORT (proba=0.75 TP=12.6%/SL=6.3%)
[trade:open] 2022-09-10 23:59 LTCUSDT SHORT @ 63.26 | SL=67.25 TP=55.28 | timeout=2022-09-17 23:59
[trade:close] 2022-09-13 15:59 LTCUSDT SHORT → stop_loss @ 67.25 | PnL=-6.31% (net -6.41%) | cum=+61.93% 2022-09=-6.41% 2022-09-13=-6.41%
[predict] 2022-09-29 08:00 LTCUSDT → SHORT (proba=0.76 TP=11.9%/SL=6.0%)
[trade:open] 2022-09-29 15:59 LTCUSDT SHORT @ 53.32 | SL=56.50 TP=46.96 | timeout=2022-10-06 15:59
[lgbm] === Training for 2022-10 ===
  Train window: 2020-10-01 → 2022-09-23
  2153 training samples from 1 symbols
  Samples per month: 2020-10: 93, 2020-11: 90, 2020-12: 93, 2021-01: 93, 2021-02: 84, 2021-03: 93, 2021-04: 90, 2021-05: 93, 2021-06: 90, 2021-07: 93, 2021-08: 93, 2021-09: 90, 2021-10: 93, 2021-11: 90, 2021-12: 93, 2022-01: 93, 2022-02: 75, 2022-03: 93, 2022-04: 84, 2022-05: 93, 2022-06: 90, 2022-07: 93, 2022-08: 93, 2022-09: 68
  [label] 2020-12-01 00:00 LTCUSDT entry=89.0200 → SHORT | long=sl(-10.57%) short=timeout(+7.34%) | scanned=22 | no_tp→fwd_return=-7.4365
  [label] 2020-12-03 08:00 LTCUSDT entry=90.4600 → SHORT | long=sl(-11.51%) short=timeout(+17.49%) | scanned=22 | no_tp→fwd_return=-17.5879
  [label] 2020-12-07 00:00 LTCUSDT entry=84.7400 → SHORT | long=sl(-8.98%) short=timeout(+4.21%) | scanned=22 | no_tp→fwd_return=-4.3073
  [label] 2020-12-31 16:00 LTCUSDT entry=124.3600 → LONG | long=tp(+21.37%) short=sl(-10.83%) | scanned=8 | long_tp_only
  [label] 2021-02-21 16:00 LTCUSDT entry=227.4900 → SHORT | long=sl(-11.23%) short=tp(+22.16%) | scanned=2 | short_tp_only
  [label] 2021-08-05 08:00 LTCUSDT entry=140.2100 → LONG | long=tp(+12.93%) short=sl(-6.61%) | scanned=12 | long_tp_only
  [label] 2021-08-09 08:00 LTCUSDT entry=164.3100 → LONG | long=tp(+14.10%) short=sl(-7.20%) | scanned=20 | long_tp_only
  [label] 2021-08-20 00:00 LTCUSDT entry=175.4500 → SHORT | long=timeout(-3.35%) short=sl(-8.07%) | scanned=22 | no_tp→fwd_return=-3.2488
  [label] 2021-10-03 16:00 LTCUSDT entry=170.5400 → LONG | long=timeout(+2.38%) short=sl(-6.27%) | scanned=22 | no_tp→fwd_return=+2.4804
  [label] 2021-10-12 00:00 LTCUSDT entry=173.7300 → LONG | long=timeout(+8.59%) short=sl(-7.66%) | scanned=22 | no_tp→fwd_return=+8.6859
  [label] 2022-01-10 00:00 LTCUSDT entry=130.8000 → LONG | long=sl(-6.40%) short=sl(-6.40%) | scanned=8 | no_tp→fwd_return=+8.4786
  [label] 2022-02-10 16:00 LTCUSDT entry=134.4700 → SHORT | long=sl(-7.64%) short=timeout(+13.45%) | scanned=22 | no_tp→fwd_return=-13.5495
  [label] 2022-03-01 16:00 LTCUSDT entry=112.5700 → SHORT | long=sl(-9.14%) short=timeout(+10.52%) | scanned=22 | no_tp→fwd_return=-10.6245
  [label] 2022-03-14 00:00 LTCUSDT entry=103.6200 → LONG | long=tp(+12.28%) short=sl(-6.29%) | scanned=17 | long_tp_only
  [label] 2022-04-03 16:00 LTCUSDT entry=128.7700 → SHORT | long=sl(-5.59%) short=tp(+10.89%) | scanned=8 | short_tp_only
  [label] 2022-04-09 16:00 LTCUSDT entry=112.6200 → LONG | long=sl(-5.51%) short=timeout(-1.60%) | scanned=22 | no_tp→fwd_return=+1.5006
  [label] 2022-04-22 00:00 LTCUSDT entry=108.2000 → SHORT | long=sl(-5.66%) short=tp(+11.03%) | scanned=14 | short_tp_only
  [label] 2022-05-31 08:00 LTCUSDT entry=68.8200 → SHORT | long=sl(-6.33%) short=tp(+12.35%) | scanned=20 | short_tp_only
  [label] 2022-06-10 00:00 LTCUSDT entry=59.9000 → SHORT | long=sl(-6.43%) short=tp(+12.55%) | scanned=4 | short_tp_only
  [label] 2022-09-03 08:00 LTCUSDT entry=60.5100 → LONG | long=sl(-7.20%) short=timeout(-5.92%) | scanned=22 | no_tp→fwd_return=+5.8172
  [sample_weight_mode=composite_inv_concurrency] cell=(D, 2022-10) weight_mean=1.0000 weight_std=0.5021 kish=0.7987
  Labels: 1128 long (52.4%), 1025 short (47.6%) | weights: min=0.97, mean=1.00, max=20.30
  Features: 2153/2153 matched, 43 columns
  CV gap: 22 rows
  [ensemble 1/5] seed=42
  [frozen_hp] Trained with baseline HP: n_est=297 depth=5 ct=0.792
  [ensemble 2/5] seed=123
  [frozen_hp] Trained with baseline HP: n_est=200 depth=4 ct=0.590
  [ensemble 3/5] seed=456
  [frozen_hp] Trained with baseline HP: n_est=383 depth=5 ct=0.850
  [ensemble 4/5] seed=789
  [frozen_hp] Trained with baseline HP: n_est=429 depth=4 ct=0.598
  [ensemble 5/5] seed=1001
  [frozen_hp] Trained with baseline HP: n_est=386 depth=5 ct=0.788
  OOD: 16 features, cutoff (q=0.7) = 13.76
  Model trained for 2022-10: 93 test candles with features, confidence_threshold=0.724
[trade:close] 2022-10-06 16:00 LTCUSDT SHORT → timeout @ 54.33 | PnL=-1.89% (net -1.99%) | cum=+59.94% 2022-10=-1.99% 2022-10-06=-1.99%
[predict] 2022-10-07 08:00 LTCUSDT → LONG (proba=0.79 TP=8.2%/SL=4.1%)
[trade:open] 2022-10-07 15:59 LTCUSDT LONG @ 52.67 | SL=50.50 TP=57.01 | timeout=2022-10-14 15:59
[trade:close] 2022-10-13 07:59 LTCUSDT LONG → stop_loss @ 50.50 | PnL=-4.12% (net -4.22%) | cum=+55.72% 2022-10=-6.21% 2022-10-13=-4.22%
[predict] 2022-10-14 00:00 LTCUSDT → LONG (proba=0.83 TP=9.1%/SL=4.6%)
[trade:open] 2022-10-14 07:59 LTCUSDT LONG @ 51.87 | SL=49.51 TP=56.60 | timeout=2022-10-21 07:59
[trade:close] 2022-10-21 08:00 LTCUSDT LONG → timeout @ 50.86 | PnL=-1.95% (net -2.05%) | cum=+53.67% 2022-10=-8.26% 2022-10-21=-2.05%
[predict] 2022-10-24 00:00 LTCUSDT → SHORT (proba=0.80 TP=6.4%/SL=3.2%)
[trade:open] 2022-10-24 07:59 LTCUSDT SHORT @ 52.94 | SL=54.63 TP=49.56 | timeout=2022-10-31 07:59
[trade:close] 2022-10-25 23:59 LTCUSDT SHORT → stop_loss @ 54.63 | PnL=-3.19% (net -3.29%) | cum=+50.38% 2022-10=-11.55% 2022-10-25=-3.29%
[predict] 2022-10-27 00:00 LTCUSDT → SHORT (proba=0.78 TP=7.5%/SL=3.7%)
[trade:open] 2022-10-27 07:59 LTCUSDT SHORT @ 56.14 | SL=58.24 TP=51.95 | timeout=2022-11-03 07:59
[lgbm] === Training for 2022-11 ===
  Train window: 2020-11-01 → 2022-10-24
  2153 training samples from 1 symbols
  Samples per month: 2020-11: 90, 2020-12: 93, 2021-01: 93, 2021-02: 84, 2021-03: 93, 2021-04: 90, 2021-05: 93, 2021-06: 90, 2021-07: 93, 2021-08: 93, 2021-09: 90, 2021-10: 93, 2021-11: 90, 2021-12: 93, 2022-01: 93, 2022-02: 75, 2022-03: 93, 2022-04: 84, 2022-05: 93, 2022-06: 90, 2022-07: 93, 2022-08: 93, 2022-09: 90, 2022-10: 71
  [label] 2021-01-01 00:00 LTCUSDT entry=129.6200 → LONG | long=tp(+21.36%) short=sl(-10.83%) | scanned=8 | long_tp_only
  [label] 2021-01-03 08:00 LTCUSDT entry=151.1900 → LONG | long=tp(+20.24%) short=sl(-10.27%) | scanned=13 | long_tp_only
  [label] 2021-01-07 00:00 LTCUSDT entry=165.4900 → SHORT | long=sl(-11.66%) short=sl(-11.66%) | scanned=12 | no_tp→fwd_return=-14.3936
  [label] 2021-01-31 16:00 LTCUSDT entry=129.5300 → LONG | long=tp(+20.73%) short=sl(-10.52%) | scanned=9 | long_tp_only
  [label] 2021-03-24 16:00 LTCUSDT entry=176.1500 → LONG | long=timeout(+11.74%) short=sl(-8.80%) | scanned=22 | no_tp→fwd_return=+11.8422
  [label] 2021-09-05 08:00 LTCUSDT entry=225.3400 → SHORT | long=sl(-7.42%) short=tp(+14.55%) | scanned=6 | short_tp_only
  [label] 2021-09-09 08:00 LTCUSDT entry=186.5400 → LONG | long=tp(+24.90%) short=sl(-12.60%) | scanned=12 | long_tp_only
  [label] 2021-09-20 00:00 LTCUSDT entry=163.9000 → SHORT | long=sl(-9.17%) short=timeout(+6.76%) | scanned=22 | no_tp→fwd_return=-6.8578
  [label] 2021-11-03 16:00 LTCUSDT entry=207.4800 → LONG | long=sl(-6.68%) short=sl(-6.68%) | scanned=14 | no_tp→fwd_return=+5.7162
  [label] 2021-11-12 00:00 LTCUSDT entry=270.7900 → SHORT | long=sl(-10.48%) short=tp(+20.67%) | scanned=19 | short_tp_only
  [label] 2022-02-10 00:00 LTCUSDT entry=138.3500 → SHORT | long=sl(-6.66%) short=timeout(+7.97%) | scanned=22 | no_tp→fwd_return=-8.0737
  [label] 2022-03-16 16:00 LTCUSDT entry=111.2000 → LONG | long=timeout(+9.94%) short=sl(-6.27%) | scanned=22 | no_tp→fwd_return=+10.0450
  [label] 2022-04-03 16:00 LTCUSDT entry=128.7700 → SHORT | long=sl(-5.59%) short=tp(+10.89%) | scanned=8 | short_tp_only
  [label] 2022-04-16 00:00 LTCUSDT entry=111.5000 → SHORT | long=sl(-4.85%) short=timeout(+4.15%) | scanned=22 | no_tp→fwd_return=-4.2511
  [label] 2022-05-04 16:00 LTCUSDT entry=106.2200 → SHORT | long=sl(-5.32%) short=tp(+10.34%) | scanned=3 | short_tp_only
  [label] 2022-05-10 16:00 LTCUSDT entry=80.1300 → SHORT | long=sl(-11.22%) short=tp(+22.14%) | scanned=4 | short_tp_only
  [label] 2022-05-23 00:00 LTCUSDT entry=72.2100 → SHORT | long=sl(-7.72%) short=tp(+15.15%) | scanned=10 | short_tp_only
  [label] 2022-07-01 08:00 LTCUSDT entry=50.5600 → LONG | long=timeout(+2.95%) short=timeout(-3.15%) | scanned=22 | no_tp→fwd_return=+3.0459
  [label] 2022-07-11 00:00 LTCUSDT entry=50.9000 → LONG | long=sl(-6.80%) short=sl(-6.80%) | scanned=17 | no_tp→fwd_return=+8.1729
  [label] 2022-10-04 08:00 LTCUSDT entry=54.5600 → SHORT | long=sl(-4.38%) short=timeout(+3.84%) | scanned=22 | no_tp→fwd_return=-3.9406
  [sample_weight_mode=composite_inv_concurrency] cell=(D, 2022-11) weight_mean=1.0000 weight_std=0.5021 kish=0.7987
  Labels: 1122 long (52.1%), 1031 short (47.9%) | weights: min=0.97, mean=1.00, max=20.30
  Features: 2153/2153 matched, 43 columns
  CV gap: 22 rows
  [ensemble 1/5] seed=42
  [frozen_hp] Trained with baseline HP: n_est=207 depth=4 ct=0.662
  [ensemble 2/5] seed=123
  [frozen_hp] Trained with baseline HP: n_est=113 depth=3 ct=0.780
  [ensemble 3/5] seed=456
  [frozen_hp] Trained with baseline HP: n_est=149 depth=5 ct=0.758
  [ensemble 4/5] seed=789
  [frozen_hp] Trained with baseline HP: n_est=147 depth=3 ct=0.850
  [ensemble 5/5] seed=1001
  [frozen_hp] Trained with baseline HP: n_est=385 depth=4 ct=0.808
  OOD: 16 features, cutoff (q=0.7) = 13.79
  Model trained for 2022-11: 90 test candles with features, confidence_threshold=0.771
[trade:close] 2022-11-02 15:59 LTCUSDT SHORT → stop_loss @ 58.24 | PnL=-3.73% (net -3.83%) | cum=+46.54% 2022-11=-3.83% 2022-11-02=-3.83%
[lgbm] === Training for 2022-12 ===
  Train window: 2020-12-01 → 2022-11-23
  2153 training samples from 1 symbols
  Samples per month: 2020-12: 93, 2021-01: 93, 2021-02: 84, 2021-03: 93, 2021-04: 90, 2021-05: 93, 2021-06: 90, 2021-07: 93, 2021-08: 93, 2021-09: 90, 2021-10: 93, 2021-11: 90, 2021-12: 93, 2022-01: 93, 2022-02: 75, 2022-03: 93, 2022-04: 84, 2022-05: 93, 2022-06: 90, 2022-07: 93, 2022-08: 93, 2022-09: 90, 2022-10: 93, 2022-11: 68
  [label] 2021-01-31 00:00 LTCUSDT entry=130.9500 → LONG | long=tp(+21.30%) short=sl(-10.80%) | scanned=12 | long_tp_only
  [label] 2021-02-02 08:00 LTCUSDT entry=145.8200 → LONG | long=tp(+18.16%) short=sl(-9.23%) | scanned=20 | long_tp_only
  [label] 2021-02-06 00:00 LTCUSDT entry=159.6400 → LONG | long=tp(+18.52%) short=sl(-9.41%) | scanned=12 | long_tp_only
  [label] 2021-03-02 16:00 LTCUSDT entry=179.2700 → LONG | long=timeout(+13.68%) short=sl(-12.78%) | scanned=22 | no_tp→fwd_return=+13.7837
  [label] 2021-04-23 16:00 LTCUSDT entry=241.3800 → LONG | long=timeout(+12.35%) short=timeout(-12.55%) | scanned=22 | no_tp→fwd_return=+12.4493
  [label] 2021-10-05 08:00 LTCUSDT entry=168.4100 → LONG | long=timeout(+1.92%) short=sl(-6.53%) | scanned=22 | no_tp→fwd_return=+2.0189
  [label] 2021-10-09 08:00 LTCUSDT entry=179.9500 → LONG | long=sl(-6.74%) short=sl(-6.74%) | scanned=19 | no_tp→fwd_return=+5.5071
  [label] 2021-10-20 00:00 LTCUSDT entry=186.6600 → LONG | long=tp(+11.65%) short=sl(-5.97%) | scanned=2 | long_tp_only
  [label] 2021-12-03 16:00 LTCUSDT entry=187.9400 → SHORT | long=sl(-9.97%) short=tp(+19.63%) | scanned=1 | short_tp_only
  [label] 2021-12-12 00:00 LTCUSDT entry=155.9700 → SHORT | long=timeout(-1.90%) short=timeout(+1.70%) | scanned=22 | no_tp→fwd_return=-1.7952
  [label] 2022-03-15 00:00 LTCUSDT entry=103.2800 → LONG | long=tp(+12.33%) short=sl(-6.31%) | scanned=14 | long_tp_only
  [label] 2022-04-17 16:00 LTCUSDT entry=108.6900 → SHORT | long=timeout(-4.02%) short=sl(-5.22%) | scanned=22 | no_tp→fwd_return=-3.9194
  [label] 2022-05-03 16:00 LTCUSDT entry=99.3000 → SHORT | long=sl(-5.35%) short=sl(-5.35%) | scanned=8 | no_tp→fwd_return=-3.6757
  [label] 2022-05-16 00:00 LTCUSDT entry=66.1000 → LONG | long=timeout(+9.14%) short=timeout(-9.34%) | scanned=22 | no_tp→fwd_return=+9.2436
  [label] 2022-06-03 16:00 LTCUSDT entry=62.5800 → SHORT | long=sl(-6.51%) short=timeout(+9.41%) | scanned=22 | no_tp→fwd_return=-9.5078
  [label] 2022-06-09 16:00 LTCUSDT entry=60.1700 → SHORT | long=sl(-6.44%) short=tp(+12.58%) | scanned=5 | short_tp_only
  [label] 2022-06-22 00:00 LTCUSDT entry=50.7300 → LONG | long=timeout(+3.37%) short=sl(-11.81%) | scanned=22 | no_tp→fwd_return=+3.4693
  [label] 2022-07-31 08:00 LTCUSDT entry=61.4800 → SHORT | long=sl(-7.03%) short=timeout(+0.26%) | scanned=22 | no_tp→fwd_return=-0.3578
  [label] 2022-08-10 00:00 LTCUSDT entry=58.5500 → LONG | long=tp(+11.13%) short=sl(-5.72%) | scanned=10 | long_tp_only
  [label] 2022-11-03 08:00 LTCUSDT entry=61.2600 → LONG | long=tp(+13.14%) short=sl(-6.72%) | scanned=3 | long_tp_only
  [sample_weight_mode=composite_inv_concurrency] cell=(D, 2022-12) weight_mean=1.0000 weight_std=0.5021 kish=0.7987
  Labels: 1124 long (52.2%), 1029 short (47.8%) | weights: min=0.97, mean=1.00, max=20.30
  Features: 2153/2153 matched, 43 columns
  CV gap: 22 rows
  [ensemble 1/5] seed=42
  [frozen_hp] Trained with baseline HP: n_est=337 depth=3 ct=0.538
  [ensemble 2/5] seed=123
  [frozen_hp] Trained with baseline HP: n_est=51 depth=3 ct=0.508
  [ensemble 3/5] seed=456
  [frozen_hp] Trained with baseline HP: n_est=345 depth=5 ct=0.507
  [ensemble 4/5] seed=789
  [frozen_hp] Trained with baseline HP: n_est=125 depth=5 ct=0.844
  [ensemble 5/5] seed=1001
  [frozen_hp] Trained with baseline HP: n_est=136 depth=3 ct=0.684
  OOD: 16 features, cutoff (q=0.7) = 13.71
  Model trained for 2022-12: 93 test candles with features, confidence_threshold=0.616
[predict] 2022-12-01 00:00 LTCUSDT → LONG (proba=0.62 TP=16.9%/SL=8.4%)
[trade:open] 2022-12-01 07:59 LTCUSDT LONG @ 76.83 | SL=70.35 TP=89.79 | timeout=2022-12-08 07:59
[trade:close] 2022-12-08 08:00 LTCUSDT LONG → timeout @ 75.63 | PnL=-1.56% (net -1.66%) | cum=+44.88% 2022-12=-1.66% 2022-12-08=-1.66%
[predict] 2022-12-09 00:00 LTCUSDT → SHORT (proba=0.77 TP=11.8%/SL=5.9%)
[trade:open] 2022-12-09 07:59 LTCUSDT SHORT @ 77.88 | SL=82.46 TP=68.72 | timeout=2022-12-16 07:59
[trade:close] 2022-12-16 08:00 LTCUSDT SHORT → timeout @ 73.21 | PnL=+6.00% (net +5.90%) | cum=+50.78% 2022-12=+4.23% 2022-12-16=+5.90%
[predict] 2022-12-20 00:00 LTCUSDT → SHORT (proba=0.70 TP=13.7%/SL=6.9%)
[trade:open] 2022-12-20 07:59 LTCUSDT SHORT @ 64.86 | SL=69.32 TP=55.95 | timeout=2022-12-27 07:59
[trade:close] 2022-12-25 23:59 LTCUSDT SHORT → stop_loss @ 69.32 | PnL=-6.87% (net -6.97%) | cum=+43.81% 2022-12=-2.74% 2022-12-25=-6.97%
[predict] 2022-12-28 16:00 LTCUSDT → SHORT (proba=0.64 TP=9.5%/SL=4.7%)
[trade:open] 2022-12-28 23:59 LTCUSDT SHORT @ 66.27 | SL=69.40 TP=60.00 | timeout=2023-01-04 23:59
[trade:close] 2022-12-31 15:59 LTCUSDT SHORT → stop_loss @ 69.40 | PnL=-4.73% (net -4.83%) | cum=+38.98% 2022-12=-7.56% 2022-12-31=-4.83%
[lgbm] === Training for 2023-01 ===
  Train window: 2021-01-01 → 2022-12-24
  2153 training samples from 1 symbols
  Samples per month: 2021-01: 93, 2021-02: 84, 2021-03: 93, 2021-04: 90, 2021-05: 93, 2021-06: 90, 2021-07: 93, 2021-08: 93, 2021-09: 90, 2021-10: 93, 2021-11: 90, 2021-12: 93, 2022-01: 93, 2022-02: 75, 2022-03: 93, 2022-04: 84, 2022-05: 93, 2022-06: 90, 2022-07: 93, 2022-08: 93, 2022-09: 90, 2022-10: 93, 2022-11: 90, 2022-12: 71
  [label] 2021-03-03 00:00 LTCUSDT entry=193.7400 → LONG | long=sl(-12.22%) short=timeout(-2.23%) | scanned=22 | no_tp→fwd_return=+2.1266
  [label] 2021-03-05 08:00 LTCUSDT entry=175.9500 → LONG | long=timeout(+19.54%) short=sl(-11.87%) | scanned=22 | no_tp→fwd_return=+19.6419
  [label] 2021-03-09 00:00 LTCUSDT entry=196.9000 → LONG | long=timeout(+3.25%) short=sl(-9.05%) | scanned=22 | no_tp→fwd_return=+3.3520
  [label] 2021-04-02 16:00 LTCUSDT entry=211.9600 → LONG | long=sl(-6.66%) short=sl(-6.66%) | scanned=9 | no_tp→fwd_return=+4.6613
  [label] 2021-05-24 16:00 LTCUSDT entry=185.2200 → LONG | long=timeout(+1.37%) short=timeout(-1.57%) | scanned=22 | no_tp→fwd_return=+1.4739
  [label] 2021-11-05 08:00 LTCUSDT entry=197.9400 → LONG | long=tp(+12.85%) short=sl(-6.57%) | scanned=10 | long_tp_only
  [label] 2021-11-09 08:00 LTCUSDT entry=264.9900 → SHORT | long=sl(-7.06%) short=sl(-7.06%) | scanned=10 | no_tp→fwd_return=-5.1776
  [label] 2021-11-20 00:00 LTCUSDT entry=221.8000 → SHORT | long=sl(-10.99%) short=timeout(+11.53%) | scanned=22 | no_tp→fwd_return=-11.6321
  [label] 2022-01-03 16:00 LTCUSDT entry=148.4300 → SHORT | long=sl(-4.66%) short=tp(+9.01%) | scanned=6 | short_tp_only
  [label] 2022-01-12 00:00 LTCUSDT entry=131.7600 → LONG | long=tp(+12.35%) short=sl(-6.32%) | scanned=9 | long_tp_only
  [label] 2022-04-17 00:00 LTCUSDT entry=113.1700 → SHORT | long=sl(-4.90%) short=timeout(+6.79%) | scanned=22 | no_tp→fwd_return=-6.8923
  [label] 2022-05-18 16:00 LTCUSDT entry=65.9300 → LONG | long=timeout(+3.31%) short=timeout(-3.51%) | scanned=22 | no_tp→fwd_return=+3.4127
  [label] 2022-06-03 16:00 LTCUSDT entry=62.5800 → SHORT | long=sl(-6.51%) short=timeout(+9.41%) | scanned=22 | no_tp→fwd_return=-9.5078
  [label] 2022-06-16 00:00 LTCUSDT entry=47.2900 → LONG | long=timeout(+16.35%) short=sl(-14.32%) | scanned=22 | no_tp→fwd_return=+16.4517
  [label] 2022-07-04 16:00 LTCUSDT entry=52.2300 → SHORT | long=sl(-7.19%) short=timeout(+6.75%) | scanned=22 | no_tp→fwd_return=-6.8543
  [label] 2022-07-10 16:00 LTCUSDT entry=52.0900 → LONG | long=sl(-6.72%) short=sl(-6.72%) | scanned=18 | no_tp→fwd_return=+5.7017
  [label] 2022-07-23 00:00 LTCUSDT entry=56.6900 → LONG | long=sl(-7.33%) short=sl(-7.33%) | scanned=16 | no_tp→fwd_return=+9.3138
  [label] 2022-08-31 08:00 LTCUSDT entry=53.8000 → LONG | long=tp(+14.15%) short=sl(-7.23%) | scanned=6 | long_tp_only
  [label] 2022-09-10 00:00 LTCUSDT entry=60.8100 → SHORT | long=sl(-6.38%) short=sl(-6.38%) | scanned=16 | no_tp→fwd_return=-5.2458
  [label] 2022-12-04 08:00 LTCUSDT entry=76.3400 → LONG | long=tp(+10.93%) short=sl(-5.61%) | scanned=2 | long_tp_only
  [sample_weight_mode=composite_inv_concurrency] cell=(D, 2023-01) weight_mean=1.0000 weight_std=0.5021 kish=0.7987
  Labels: 1102 long (51.2%), 1051 short (48.8%) | weights: min=0.97, mean=1.00, max=20.30
  Features: 2153/2153 matched, 43 columns
  CV gap: 22 rows
  [ensemble 1/5] seed=42
  [frozen_hp] Trained with baseline HP: n_est=145 depth=3 ct=0.839
  [ensemble 2/5] seed=123
  [frozen_hp] Trained with baseline HP: n_est=136 depth=5 ct=0.749
  [ensemble 3/5] seed=456
  [frozen_hp] Trained with baseline HP: n_est=448 depth=3 ct=0.817
  [ensemble 4/5] seed=789
  [frozen_hp] Trained with baseline HP: n_est=245 depth=3 ct=0.823
  [ensemble 5/5] seed=1001
  [frozen_hp] Trained with baseline HP: n_est=311 depth=3 ct=0.697
  OOD: 16 features, cutoff (q=0.7) = 13.71
  Model trained for 2023-01: 93 test candles with features, confidence_threshold=0.785
[predict] 2023-01-25 08:00 LTCUSDT → SHORT (proba=0.81 TP=11.2%/SL=5.6%)
[trade:open] 2023-01-25 15:59 LTCUSDT SHORT @ 87.31 | SL=92.20 TP=77.53 | timeout=2023-02-01 15:59
[trade:close] 2023-01-29 07:59 LTCUSDT SHORT → stop_loss @ 92.20 | PnL=-5.60% (net -5.70%) | cum=+33.27% 2023-01=-5.70% 2023-01-29=-5.70%
[lgbm] === Training for 2023-02 ===
  Train window: 2021-02-01 → 2023-01-24
  2153 training samples from 1 symbols
  Samples per month: 2021-02: 84, 2021-03: 93, 2021-04: 90, 2021-05: 93, 2021-06: 90, 2021-07: 93, 2021-08: 93, 2021-09: 90, 2021-10: 93, 2021-11: 90, 2021-12: 93, 2022-01: 93, 2022-02: 75, 2022-03: 93, 2022-04: 84, 2022-05: 93, 2022-06: 90, 2022-07: 93, 2022-08: 93, 2022-09: 90, 2022-10: 93, 2022-11: 90, 2022-12: 93, 2023-01: 71
  [label] 2021-04-03 00:00 LTCUSDT entry=215.9100 → LONG | long=sl(-6.57%) short=sl(-6.57%) | scanned=10 | no_tp→fwd_return=+8.9111
  [label] 2021-04-05 08:00 LTCUSDT entry=209.8900 → LONG | long=tp(+14.58%) short=sl(-7.44%) | scanned=4 | long_tp_only
  [label] 2021-04-09 00:00 LTCUSDT entry=225.5900 → LONG | long=tp(+17.52%) short=sl(-8.91%) | scanned=13 | long_tp_only
  [label] 2021-05-03 16:00 LTCUSDT entry=294.9500 → LONG | long=sl(-7.35%) short=sl(-7.35%) | scanned=2 | no_tp→fwd_return=+0.9493
  [label] 2021-06-24 16:00 LTCUSDT entry=134.4900 → LONG | long=sl(-11.88%) short=timeout(-1.93%) | scanned=22 | no_tp→fwd_return=+1.8291
  [label] 2021-12-06 08:00 LTCUSDT entry=151.5600 → SHORT | long=timeout(-2.67%) short=timeout(+2.47%) | scanned=22 | no_tp→fwd_return=-2.5666
  [label] 2021-12-10 08:00 LTCUSDT entry=151.5200 → SHORT | long=timeout(-3.65%) short=timeout(+3.45%) | scanned=22 | no_tp→fwd_return=-3.5507
  [label] 2021-12-21 00:00 LTCUSDT entry=153.0800 → SHORT | long=timeout(-1.86%) short=sl(-7.75%) | scanned=22 | no_tp→fwd_return=-1.7573
  [label] 2022-02-03 16:00 LTCUSDT entry=110.8900 → LONG | long=tp(+13.93%) short=sl(-7.12%) | scanned=8 | long_tp_only
  [label] 2022-02-12 00:00 LTCUSDT entry=123.1400 → SHORT | long=timeout(-5.30%) short=timeout(+5.10%) | scanned=22 | no_tp→fwd_return=-5.1973
  [label] 2022-05-18 00:00 LTCUSDT entry=71.3200 → SHORT | long=timeout(-2.58%) short=timeout(+2.38%) | scanned=22 | no_tp→fwd_return=-2.4818
  [label] 2022-06-18 16:00 LTCUSDT entry=47.1100 → LONG | long=timeout(+24.86%) short=sl(-13.79%) | scanned=22 | no_tp→fwd_return=+24.9629
  [label] 2022-07-04 16:00 LTCUSDT entry=52.2300 → SHORT | long=sl(-7.19%) short=timeout(+6.75%) | scanned=22 | no_tp→fwd_return=-6.8543
  [label] 2022-07-17 00:00 LTCUSDT entry=55.7300 → LONG | long=timeout(+3.72%) short=sl(-6.07%) | scanned=22 | no_tp→fwd_return=+3.8220
  [label] 2022-08-04 16:00 LTCUSDT entry=59.6100 → LONG | long=timeout(+3.61%) short=sl(-6.63%) | scanned=22 | no_tp→fwd_return=+3.7074
  [label] 2022-08-10 16:00 LTCUSDT entry=61.5700 → SHORT | long=timeout(-1.85%) short=sl(-5.74%) | scanned=22 | no_tp→fwd_return=-1.7541
  [label] 2022-08-23 00:00 LTCUSDT entry=55.3700 → LONG | long=timeout(+0.23%) short=timeout(-0.43%) | scanned=22 | no_tp→fwd_return=+0.3251
  [label] 2022-10-01 08:00 LTCUSDT entry=53.4500 → SHORT | long=timeout(-0.64%) short=timeout(+0.44%) | scanned=22 | no_tp→fwd_return=-0.5426
  [label] 2022-10-11 00:00 LTCUSDT entry=51.9100 → LONG | long=sl(-3.69%) short=timeout(-0.50%) | scanned=22 | no_tp→fwd_return=+0.4045
  [label] 2023-01-04 08:00 LTCUSDT entry=76.1700 → LONG | long=sl(-5.10%) short=sl(-5.10%) | scanned=13 | no_tp→fwd_return=+3.3215
  [sample_weight_mode=composite_inv_concurrency] cell=(D, 2023-02) weight_mean=1.0000 weight_std=0.5021 kish=0.7987
  Labels: 1144 long (53.1%), 1009 short (46.9%) | weights: min=0.97, mean=1.00, max=20.30
  Features: 2153/2153 matched, 43 columns
  CV gap: 22 rows
  [ensemble 1/5] seed=42
  [frozen_hp] Trained with baseline HP: n_est=497 depth=5 ct=0.715
  [ensemble 2/5] seed=123
  [frozen_hp] Trained with baseline HP: n_est=77 depth=3 ct=0.817
  [ensemble 3/5] seed=456
  [frozen_hp] Trained with baseline HP: n_est=500 depth=5 ct=0.647
  [ensemble 4/5] seed=789
  [frozen_hp] Trained with baseline HP: n_est=425 depth=5 ct=0.561
  [ensemble 5/5] seed=1001
  [frozen_hp] Trained with baseline HP: n_est=91 depth=3 ct=0.647
  OOD: 16 features, cutoff (q=0.7) = 13.72
  Model trained for 2023-02: 84 test candles with features, confidence_threshold=0.677
[predict] 2023-02-07 16:00 LTCUSDT → SHORT (proba=0.72 TP=9.9%/SL=5.0%)
[trade:open] 2023-02-07 23:59 LTCUSDT SHORT @ 100.90 | SL=105.90 TP=90.91 | timeout=2023-02-14 23:59
[trade:close] 2023-02-09 23:59 LTCUSDT SHORT → take_profit @ 90.91 | PnL=+9.90% (net +9.80%) | cum=+43.08% 2023-02=+9.80% 2023-02-09=+9.80%
[predict] 2023-02-10 16:00 LTCUSDT → SHORT (proba=0.76 TP=11.3%/SL=5.6%)
[trade:open] 2023-02-10 23:59 LTCUSDT SHORT @ 93.31 | SL=98.57 TP=82.79 | timeout=2023-02-17 23:59
[trade:close] 2023-02-15 23:59 LTCUSDT SHORT → stop_loss @ 98.57 | PnL=-5.64% (net -5.74%) | cum=+37.34% 2023-02=+4.06% 2023-02-15=-5.74%
[predict] 2023-02-16 16:00 LTCUSDT → LONG (proba=0.80 TP=12.4%/SL=6.2%)
[trade:open] 2023-02-16 23:59 LTCUSDT LONG @ 98.60 | SL=92.47 TP=110.86 | timeout=2023-02-23 23:59
[trade:close] 2023-02-21 15:59 LTCUSDT LONG → stop_loss @ 92.47 | PnL=-6.22% (net -6.32%) | cum=+31.02% 2023-02=-2.25% 2023-02-21=-6.32%
[predict] 2023-02-28 08:00 LTCUSDT → SHORT (proba=0.72 TP=7.9%/SL=4.0%)
[trade:open] 2023-02-28 15:59 LTCUSDT SHORT @ 95.65 | SL=99.45 TP=88.06 | timeout=2023-03-07 15:59
[lgbm] === Training for 2023-03 ===
  Train window: 2021-03-01 → 2023-02-21
  2153 training samples from 1 symbols
  Samples per month: 2021-03: 93, 2021-04: 90, 2021-05: 93, 2021-06: 90, 2021-07: 93, 2021-08: 93, 2021-09: 90, 2021-10: 93, 2021-11: 90, 2021-12: 93, 2022-01: 93, 2022-02: 75, 2022-03: 93, 2022-04: 84, 2022-05: 93, 2022-06: 90, 2022-07: 93, 2022-08: 93, 2022-09: 90, 2022-10: 93, 2022-11: 90, 2022-12: 93, 2023-01: 93, 2023-02: 62
  [label] 2021-05-01 00:00 LTCUSDT entry=271.0800 → LONG | long=tp(+16.60%) short=sl(-8.45%) | scanned=10 | long_tp_only
  [label] 2021-05-03 08:00 LTCUSDT entry=283.0900 → LONG | long=tp(+14.00%) short=sl(-7.15%) | scanned=3 | long_tp_only
  [label] 2021-05-07 00:00 LTCUSDT entry=369.0100 → SHORT | long=sl(-12.01%) short=sl(-12.01%) | scanned=17 | no_tp→fwd_return=-15.5741
  [label] 2021-05-31 16:00 LTCUSDT entry=187.9500 → SHORT | long=sl(-14.83%) short=timeout(+13.76%) | scanned=22 | no_tp→fwd_return=-13.8601
  [label] 2021-07-22 16:00 LTCUSDT entry=120.5900 → LONG | long=tp(+14.16%) short=sl(-7.23%) | scanned=10 | long_tp_only
  [label] 2022-01-03 08:00 LTCUSDT entry=148.7800 → SHORT | long=sl(-4.71%) short=tp(+9.12%) | scanned=7 | short_tp_only
  [label] 2022-01-07 08:00 LTCUSDT entry=131.0600 → LONG | long=sl(-7.58%) short=sl(-7.58%) | scanned=16 | no_tp→fwd_return=+8.2634
  [label] 2022-01-18 00:00 LTCUSDT entry=146.0100 → SHORT | long=sl(-6.77%) short=tp(+13.24%) | scanned=9 | short_tp_only
  [label] 2022-03-06 16:00 LTCUSDT entry=101.0200 → LONG | long=timeout(+0.47%) short=sl(-7.30%) | scanned=22 | no_tp→fwd_return=+0.5741
  [label] 2022-03-15 00:00 LTCUSDT entry=103.2800 → LONG | long=tp(+12.33%) short=sl(-6.31%) | scanned=14 | long_tp_only
  [label] 2022-06-15 00:00 LTCUSDT entry=43.2000 → LONG | long=tp(+27.46%) short=sl(-13.88%) | scanned=14 | long_tp_only
  [label] 2022-07-16 16:00 LTCUSDT entry=55.0600 → LONG | long=timeout(+2.12%) short=sl(-6.18%) | scanned=22 | no_tp→fwd_return=+2.2158
  [label] 2022-08-01 16:00 LTCUSDT entry=59.4300 → LONG | long=timeout(+5.18%) short=sl(-6.94%) | scanned=22 | no_tp→fwd_return=+5.2835
  [label] 2022-08-14 00:00 LTCUSDT entry=65.3800 → SHORT | long=sl(-5.25%) short=tp(+10.20%) | scanned=15 | short_tp_only
  [label] 2022-09-01 16:00 LTCUSDT entry=57.5500 → SHORT | long=sl(-7.17%) short=sl(-7.17%) | scanned=16 | no_tp→fwd_return=-5.8732
  [label] 2022-09-07 16:00 LTCUSDT entry=57.2900 → LONG | long=tp(+14.93%) short=sl(-7.62%) | scanned=17 | long_tp_only
  [label] 2022-09-20 00:00 LTCUSDT entry=51.9500 → LONG | long=timeout(+5.39%) short=sl(-7.68%) | scanned=22 | no_tp→fwd_return=+5.4860
  [label] 2022-10-29 08:00 LTCUSDT entry=56.2000 → LONG | long=sl(-4.09%) short=sl(-4.09%) | scanned=12 | no_tp→fwd_return=+8.2206
  [label] 2022-11-08 00:00 LTCUSDT entry=64.4900 → SHORT | long=sl(-9.22%) short=tp(+18.14%) | scanned=5 | short_tp_only
  [label] 2023-02-01 08:00 LTCUSDT entry=94.2100 → LONG | long=timeout(+4.79%) short=sl(-6.01%) | scanned=22 | no_tp→fwd_return=+4.8933
  [sample_weight_mode=composite_inv_concurrency] cell=(D, 2023-03) weight_mean=1.0000 weight_std=0.5021 kish=0.7987
  Labels: 1131 long (52.5%), 1022 short (47.5%) | weights: min=0.97, mean=1.00, max=20.30
  Features: 2153/2153 matched, 43 columns
  CV gap: 22 rows
  [ensemble 1/5] seed=42
  [frozen_hp] Trained with baseline HP: n_est=198 depth=3 ct=0.812
  [ensemble 2/5] seed=123
  [frozen_hp] Trained with baseline HP: n_est=477 depth=3 ct=0.831
  [ensemble 3/5] seed=456
  [frozen_hp] Trained with baseline HP: n_est=138 depth=3 ct=0.770
  [ensemble 4/5] seed=789
  [frozen_hp] Trained with baseline HP: n_est=170 depth=3 ct=0.753
  [ensemble 5/5] seed=1001
  [frozen_hp] Trained with baseline HP: n_est=414 depth=3 ct=0.726
  OOD: 16 features, cutoff (q=0.7) = 13.30
  Model trained for 2023-03: 93 test candles with features, confidence_threshold=0.778
[trade:close] 2023-03-03 07:59 LTCUSDT SHORT → take_profit @ 88.06 | PnL=+7.94% (net +7.84%) | cum=+38.86% 2023-03=+7.84% 2023-03-03=+7.84%
[lgbm] === Training for 2023-04 ===
  Train window: 2021-04-01 → 2023-03-24
  2153 training samples from 1 symbols
  Samples per month: 2021-04: 90, 2021-05: 93, 2021-06: 90, 2021-07: 93, 2021-08: 93, 2021-09: 90, 2021-10: 93, 2021-11: 90, 2021-12: 93, 2022-01: 93, 2022-02: 75, 2022-03: 93, 2022-04: 84, 2022-05: 93, 2022-06: 90, 2022-07: 93, 2022-08: 93, 2022-09: 90, 2022-10: 93, 2022-11: 90, 2022-12: 93, 2023-01: 93, 2023-02: 84, 2023-03: 71
  [label] 2021-06-01 00:00 LTCUSDT entry=183.0900 → SHORT | long=sl(-14.90%) short=timeout(+13.78%) | scanned=22 | no_tp→fwd_return=-13.8839
  [label] 2021-06-03 08:00 LTCUSDT entry=188.7100 → SHORT | long=sl(-11.55%) short=tp(+22.80%) | scanned=15 | short_tp_only
  [label] 2021-06-07 00:00 LTCUSDT entry=177.9500 → SHORT | long=sl(-9.80%) short=timeout(+4.98%) | scanned=22 | no_tp→fwd_return=-5.0801
  [label] 2021-07-01 16:00 LTCUSDT entry=136.9500 → SHORT | long=timeout(-3.66%) short=timeout(+3.46%) | scanned=22 | no_tp→fwd_return=-3.5633
  [label] 2021-08-22 16:00 LTCUSDT entry=186.0500 → SHORT | long=sl(-7.52%) short=timeout(+6.13%) | scanned=22 | no_tp→fwd_return=-6.2295
  [label] 2022-02-03 08:00 LTCUSDT entry=108.6600 → LONG | long=tp(+14.21%) short=sl(-7.26%) | scanned=9 | long_tp_only
  [label] 2022-02-07 08:00 LTCUSDT entry=132.8100 → SHORT | long=sl(-6.50%) short=sl(-6.50%) | scanned=14 | no_tp→fwd_return=-7.2811
  [label] 2022-02-18 00:00 LTCUSDT entry=117.4200 → SHORT | long=sl(-7.40%) short=tp(+14.49%) | scanned=12 | short_tp_only
  [label] 2022-04-08 16:00 LTCUSDT entry=110.6000 → LONG | long=sl(-6.45%) short=timeout(-0.33%) | scanned=22 | no_tp→fwd_return=+0.2260
  [label] 2022-04-17 00:00 LTCUSDT entry=113.1700 → SHORT | long=sl(-4.90%) short=timeout(+6.79%) | scanned=22 | no_tp→fwd_return=-6.8923
  [label] 2022-07-16 00:00 LTCUSDT entry=51.1700 → LONG | long=tp(+12.40%) short=sl(-6.35%) | scanned=6 | long_tp_only
  [label] 2022-08-16 16:00 LTCUSDT entry=61.2800 → SHORT | long=sl(-5.93%) short=tp(+11.56%) | scanned=8 | short_tp_only
  [label] 2022-09-01 16:00 LTCUSDT entry=57.5500 → SHORT | long=sl(-7.17%) short=sl(-7.17%) | scanned=16 | no_tp→fwd_return=-5.8732
  [label] 2022-09-14 00:00 LTCUSDT entry=58.7800 → SHORT | long=sl(-8.13%) short=timeout(+11.94%) | scanned=22 | no_tp→fwd_return=-12.0449
  [label] 2022-10-02 16:00 LTCUSDT entry=51.7700 → LONG | long=timeout(+3.98%) short=sl(-4.87%) | scanned=22 | no_tp→fwd_return=+4.0757
  [label] 2022-10-08 16:00 LTCUSDT entry=52.7600 → SHORT | long=sl(-3.70%) short=tp(+7.11%) | scanned=14 | short_tp_only
  [label] 2022-10-21 00:00 LTCUSDT entry=50.8600 → LONG | long=tp(+6.36%) short=sl(-3.33%) | scanned=9 | long_tp_only
  [label] 2022-11-29 08:00 LTCUSDT entry=75.4400 → LONG | long=timeout(+5.18%) short=sl(-8.56%) | scanned=22 | no_tp→fwd_return=+5.2757
  [label] 2022-12-09 00:00 LTCUSDT entry=77.8800 → SHORT | long=sl(-5.98%) short=timeout(+5.90%) | scanned=22 | no_tp→fwd_return=-5.9964
  [label] 2023-03-04 08:00 LTCUSDT entry=89.5300 → SHORT | long=sl(-4.82%) short=tp(+9.35%) | scanned=16 | short_tp_only
  [sample_weight_mode=composite_inv_concurrency] cell=(D, 2023-04) weight_mean=1.0000 weight_std=0.5021 kish=0.7987
  Labels: 1116 long (51.8%), 1037 short (48.2%) | weights: min=0.97, mean=1.00, max=20.30
  Features: 2153/2153 matched, 43 columns
  CV gap: 22 rows
  [ensemble 1/5] seed=42
  [frozen_hp] Trained with baseline HP: n_est=260 depth=5 ct=0.569
  [ensemble 2/5] seed=123
  [frozen_hp] Trained with baseline HP: n_est=293 depth=3 ct=0.589
  [ensemble 3/5] seed=456
  [frozen_hp] Trained with baseline HP: n_est=326 depth=3 ct=0.502
  [ensemble 4/5] seed=789
  [frozen_hp] Trained with baseline HP: n_est=378 depth=3 ct=0.831
  [ensemble 5/5] seed=1001
  [frozen_hp] Trained with baseline HP: n_est=78 depth=5 ct=0.754
  OOD: 16 features, cutoff (q=0.7) = 13.44
  Model trained for 2023-04: 90 test candles with features, confidence_threshold=0.649
[predict] 2023-04-03 00:00 LTCUSDT → LONG (proba=0.74 TP=11.5%/SL=5.8%)
[trade:open] 2023-04-03 07:59 LTCUSDT LONG @ 91.72 | SL=86.44 TP=102.27 | timeout=2023-04-10 07:59
[trade:close] 2023-04-10 08:00 LTCUSDT LONG → timeout @ 90.45 | PnL=-1.38% (net -1.48%) | cum=+37.37% 2023-04=-1.48% 2023-04-10=-1.48%
[predict] 2023-04-11 08:00 LTCUSDT → SHORT (proba=0.80 TP=8.0%/SL=4.0%)
[trade:open] 2023-04-11 15:59 LTCUSDT SHORT @ 95.01 | SL=98.80 TP=87.44 | timeout=2023-04-18 15:59
[trade:close] 2023-04-14 07:59 LTCUSDT SHORT → stop_loss @ 98.80 | PnL=-3.99% (net -4.09%) | cum=+33.29% 2023-04=-5.57% 2023-04-14=-4.09%
[predict] 2023-04-16 00:00 LTCUSDT → SHORT (proba=0.67 TP=8.3%/SL=4.1%)
[trade:open] 2023-04-16 07:59 LTCUSDT SHORT @ 96.13 | SL=100.11 TP=88.16 | timeout=2023-04-23 07:59
[trade:close] 2023-04-16 15:59 LTCUSDT SHORT → stop_loss @ 100.11 | PnL=-4.14% (net -4.24%) | cum=+29.04% 2023-04=-9.81% 2023-04-16=-4.24%
[predict] 2023-04-17 16:00 LTCUSDT → SHORT (proba=0.65 TP=8.8%/SL=4.4%)
[trade:open] 2023-04-17 23:59 LTCUSDT SHORT @ 98.90 | SL=103.26 TP=90.18 | timeout=2023-04-24 23:59
[trade:close] 2023-04-18 15:59 LTCUSDT SHORT → stop_loss @ 103.26 | PnL=-4.41% (net -4.51%) | cum=+24.54% 2023-04=-14.32% 2023-04-18=-4.51%
[predict] 2023-04-29 00:00 LTCUSDT → SHORT (proba=0.66 TP=10.3%/SL=5.1%)
[trade:open] 2023-04-29 07:59 LTCUSDT SHORT @ 89.61 | SL=94.21 TP=80.41 | timeout=2023-05-06 07:59
[lgbm] === Training for 2023-05 ===
  Train window: 2021-05-01 → 2023-04-23
  2153 training samples from 1 symbols
  Samples per month: 2021-05: 93, 2021-06: 90, 2021-07: 93, 2021-08: 93, 2021-09: 90, 2021-10: 93, 2021-11: 90, 2021-12: 93, 2022-01: 93, 2022-02: 75, 2022-03: 93, 2022-04: 84, 2022-05: 93, 2022-06: 90, 2022-07: 93, 2022-08: 93, 2022-09: 90, 2022-10: 93, 2022-11: 90, 2022-12: 93, 2023-01: 93, 2023-02: 84, 2023-03: 93, 2023-04: 68
  [label] 2021-07-01 00:00 LTCUSDT entry=135.5700 → SHORT | long=timeout(-3.77%) short=timeout(+3.57%) | scanned=22 | no_tp→fwd_return=-3.6660
  [label] 2021-07-03 08:00 LTCUSDT entry=140.5600 → SHORT | long=sl(-7.55%) short=timeout(+5.38%) | scanned=22 | no_tp→fwd_return=-5.4781
  [label] 2021-07-07 00:00 LTCUSDT entry=141.2200 → SHORT | long=sl(-7.18%) short=timeout(+10.83%) | scanned=22 | no_tp→fwd_return=-10.9333
  [label] 2021-07-31 16:00 LTCUSDT entry=144.3600 → LONG | long=sl(-6.23%) short=sl(-6.23%) | scanned=19 | no_tp→fwd_return=+5.4101
  [label] 2021-09-21 16:00 LTCUSDT entry=148.4100 → SHORT | long=timeout(-5.52%) short=sl(-11.29%) | scanned=22 | no_tp→fwd_return=-5.4174
  [label] 2022-03-08 08:00 LTCUSDT entry=100.1000 → LONG | long=timeout(+4.48%) short=sl(-7.60%) | scanned=22 | no_tp→fwd_return=+4.5754
  [label] 2022-03-12 08:00 LTCUSDT entry=105.3000 → LONG | long=timeout(+7.51%) short=sl(-6.61%) | scanned=22 | no_tp→fwd_return=+7.6068
  [label] 2022-03-23 00:00 LTCUSDT entry=120.0800 → LONG | long=timeout(+8.28%) short=sl(-5.73%) | scanned=22 | no_tp→fwd_return=+8.3777
  [label] 2022-05-08 16:00 LTCUSDT entry=93.8400 → SHORT | long=sl(-6.31%) short=tp(+12.32%) | scanned=3 | short_tp_only
  [label] 2022-05-17 00:00 LTCUSDT entry=70.1200 → SHORT | long=timeout(-1.26%) short=timeout(+1.06%) | scanned=22 | no_tp→fwd_return=-1.1552
  [label] 2022-08-15 00:00 LTCUSDT entry=61.3000 → SHORT | long=sl(-6.68%) short=tp(+13.06%) | scanned=14 | short_tp_only
  [label] 2022-09-15 16:00 LTCUSDT entry=56.3100 → SHORT | long=sl(-8.38%) short=timeout(+4.85%) | scanned=22 | no_tp→fwd_return=-4.9547
  [label] 2022-10-01 16:00 LTCUSDT entry=52.8700 → SHORT | long=timeout(-0.31%) short=sl(-5.06%) | scanned=22 | no_tp→fwd_return=-0.2081
  [label] 2022-10-14 00:00 LTCUSDT entry=51.8700 → SHORT | long=timeout(-2.05%) short=timeout(+1.85%) | scanned=22 | no_tp→fwd_return=-1.9472
  [label] 2022-11-01 16:00 LTCUSDT entry=55.0600 → LONG | long=tp(+8.65%) short=sl(-4.48%) | scanned=2 | long_tp_only
  [label] 2022-11-07 16:00 LTCUSDT entry=67.3800 → SHORT | long=sl(-7.98%) short=tp(+15.66%) | scanned=3 | short_tp_only
  [label] 2022-11-20 00:00 LTCUSDT entry=63.3300 → LONG | long=tp(+13.53%) short=sl(-6.91%) | scanned=9 | long_tp_only
  [label] 2022-12-29 08:00 LTCUSDT entry=66.9700 → LONG | long=tp(+8.85%) short=sl(-4.58%) | scanned=11 | long_tp_only
  [label] 2023-01-08 00:00 LTCUSDT entry=75.7700 → LONG | long=tp(+8.59%) short=sl(-4.45%) | scanned=3 | long_tp_only
  [label] 2023-04-03 08:00 LTCUSDT entry=91.8500 → LONG | long=timeout(+0.26%) short=timeout(-0.46%) | scanned=22 | no_tp→fwd_return=+0.3593
  [sample_weight_mode=composite_inv_concurrency] cell=(D, 2023-05) weight_mean=1.0000 weight_std=0.5021 kish=0.7987
  Labels: 1098 long (51.0%), 1055 short (49.0%) | weights: min=0.97, mean=1.00, max=20.30
  Features: 2153/2153 matched, 43 columns
  CV gap: 22 rows
  [ensemble 1/5] seed=42
  [frozen_hp] Trained with baseline HP: n_est=145 depth=3 ct=0.839
  [ensemble 2/5] seed=123
  [frozen_hp] Trained with baseline HP: n_est=60 depth=4 ct=0.697
  [ensemble 3/5] seed=456
  [frozen_hp] Trained with baseline HP: n_est=335 depth=5 ct=0.744
  [ensemble 4/5] seed=789
  [frozen_hp] Trained with baseline HP: n_est=391 depth=3 ct=0.779
  [ensemble 5/5] seed=1001
  [frozen_hp] Trained with baseline HP: n_est=459 depth=5 ct=0.646
  OOD: 16 features, cutoff (q=0.7) = 12.90
  Model trained for 2023-05: 93 test candles with features, confidence_threshold=0.741
[trade:close] 2023-05-06 08:00 LTCUSDT SHORT → timeout @ 86.96 | PnL=+2.96% (net +2.86%) | cum=+27.40% 2023-05=+2.86% 2023-05-06=+2.86%
[predict] 2023-05-07 08:00 LTCUSDT → SHORT (proba=0.74 TP=9.2%/SL=4.6%)
[trade:open] 2023-05-07 15:59 LTCUSDT SHORT @ 83.82 | SL=87.68 TP=76.11 | timeout=2023-05-14 15:59
[trade:close] 2023-05-08 23:59 LTCUSDT SHORT → take_profit @ 76.11 | PnL=+9.20% (net +9.10%) | cum=+36.50% 2023-05=+11.96% 2023-05-08=+9.10%
[predict] 2023-05-09 16:00 LTCUSDT → LONG (proba=0.79 TP=10.8%/SL=5.4%)
[trade:open] 2023-05-09 23:59 LTCUSDT LONG @ 79.88 | SL=75.56 TP=88.53 | timeout=2023-05-16 23:59
[trade:close] 2023-05-16 07:59 LTCUSDT LONG → take_profit @ 88.53 | PnL=+10.83% (net +10.73%) | cum=+47.23% 2023-05=+22.69% 2023-05-16=+10.73%
[predict] 2023-05-23 16:00 LTCUSDT → LONG (proba=0.84 TP=7.3%/SL=3.6%)
[trade:open] 2023-05-23 23:59 LTCUSDT LONG @ 91.66 | SL=88.33 TP=98.32 | timeout=2023-05-30 23:59
[trade:close] 2023-05-24 07:59 LTCUSDT LONG → stop_loss @ 88.33 | PnL=-3.63% (net -3.73%) | cum=+43.49% 2023-05=+18.95% 2023-05-24=-3.73%
[lgbm] === Training for 2023-06 ===
  Train window: 2021-06-01 → 2023-05-24
  2153 training samples from 1 symbols
  Samples per month: 2021-06: 90, 2021-07: 93, 2021-08: 93, 2021-09: 90, 2021-10: 93, 2021-11: 90, 2021-12: 93, 2022-01: 93, 2022-02: 75, 2022-03: 93, 2022-04: 84, 2022-05: 93, 2022-06: 90, 2022-07: 93, 2022-08: 93, 2022-09: 90, 2022-10: 93, 2022-11: 90, 2022-12: 93, 2023-01: 93, 2023-02: 84, 2023-03: 93, 2023-04: 90, 2023-05: 71
  [label] 2021-08-01 00:00 LTCUSDT entry=147.9600 → LONG | long=sl(-6.26%) short=sl(-6.26%) | scanned=21 | no_tp→fwd_return=+4.9743
  [label] 2021-08-03 08:00 LTCUSDT entry=138.4700 → LONG | long=tp(+13.92%) short=sl(-7.11%) | scanned=18 | long_tp_only
  [label] 2021-08-07 00:00 LTCUSDT entry=152.1700 → LONG | long=tp(+12.44%) short=sl(-6.37%) | scanned=12 | long_tp_only
  [label] 2021-08-31 16:00 LTCUSDT entry=171.6800 → LONG | long=tp(+12.98%) short=sl(-6.64%) | scanned=8 | long_tp_only
  [label] 2021-10-22 16:00 LTCUSDT entry=191.1400 → SHORT | long=sl(-7.14%) short=sl(-7.14%) | scanned=14 | no_tp→fwd_return=-4.5202
  [label] 2022-04-10 08:00 LTCUSDT entry=112.2200 → LONG | long=sl(-5.00%) short=timeout(-1.07%) | scanned=22 | no_tp→fwd_return=+0.9713
  [label] 2022-04-14 08:00 LTCUSDT entry=106.8200 → LONG | long=timeout(+5.64%) short=sl(-5.50%) | scanned=22 | no_tp→fwd_return=+5.7386
  [label] 2022-04-25 00:00 LTCUSDT entry=99.3800 → SHORT | long=sl(-5.42%) short=sl(-5.42%) | scanned=17 | no_tp→fwd_return=-3.6828
  [label] 2022-06-08 16:00 LTCUSDT entry=61.3400 → SHORT | long=sl(-6.54%) short=tp(+12.78%) | scanned=8 | short_tp_only
  [label] 2022-06-17 00:00 LTCUSDT entry=47.3900 → LONG | long=timeout(+17.08%) short=sl(-13.76%) | scanned=22 | no_tp→fwd_return=+17.1766
  [label] 2022-09-15 00:00 LTCUSDT entry=60.2100 → SHORT | long=sl(-7.85%) short=tp(+15.41%) | scanned=12 | short_tp_only
  [label] 2022-10-16 16:00 LTCUSDT entry=51.3900 → LONG | long=sl(-3.72%) short=sl(-3.72%) | scanned=21 | no_tp→fwd_return=+5.0594
  [label] 2022-11-01 16:00 LTCUSDT entry=55.0600 → LONG | long=tp(+8.65%) short=sl(-4.48%) | scanned=2 | long_tp_only
  [label] 2022-11-14 00:00 LTCUSDT entry=57.4600 → LONG | long=timeout(+5.61%) short=sl(-11.59%) | scanned=22 | no_tp→fwd_return=+5.7083
  [label] 2022-12-02 16:00 LTCUSDT entry=77.8600 → SHORT | long=timeout(-2.12%) short=sl(-7.13%) | scanned=22 | no_tp→fwd_return=-2.0164
  [label] 2022-12-08 16:00 LTCUSDT entry=78.2200 → SHORT | long=sl(-6.25%) short=timeout(+7.33%) | scanned=22 | no_tp→fwd_return=-7.4278
  [label] 2022-12-21 00:00 LTCUSDT entry=64.9900 → LONG | long=timeout(+3.81%) short=sl(-6.51%) | scanned=22 | no_tp→fwd_return=+3.9083
  [label] 2023-01-29 08:00 LTCUSDT entry=95.3500 → LONG | long=sl(-5.15%) short=sl(-5.15%) | scanned=10 | no_tp→fwd_return=+5.3382
  [label] 2023-02-08 00:00 LTCUSDT entry=101.4900 → SHORT | long=sl(-4.86%) short=tp(+9.43%) | scanned=5 | short_tp_only
  [label] 2023-05-04 08:00 LTCUSDT entry=87.6900 → SHORT | long=sl(-4.39%) short=tp(+8.48%) | scanned=11 | short_tp_only
  [sample_weight_mode=composite_inv_concurrency] cell=(D, 2023-06) weight_mean=1.0000 weight_std=0.5021 kish=0.7987
  Labels: 1096 long (50.9%), 1057 short (49.1%) | weights: min=0.97, mean=1.00, max=20.30
  Features: 2153/2153 matched, 43 columns
  CV gap: 22 rows
  [ensemble 1/5] seed=42
  [frozen_hp] Trained with baseline HP: n_est=350 depth=3 ct=0.716
  [ensemble 2/5] seed=123
  [frozen_hp] Trained with baseline HP: n_est=340 depth=3 ct=0.500
  [ensemble 3/5] seed=456
  [frozen_hp] Trained with baseline HP: n_est=410 depth=4 ct=0.720
  [ensemble 4/5] seed=789
  [frozen_hp] Trained with baseline HP: n_est=145 depth=3 ct=0.757
  [ensemble 5/5] seed=1001
  [frozen_hp] Trained with baseline HP: n_est=421 depth=3 ct=0.817
  OOD: 16 features, cutoff (q=0.7) = 13.79
  Model trained for 2023-06: 90 test candles with features, confidence_threshold=0.702
[predict] 2023-06-09 16:00 LTCUSDT → SHORT (proba=0.79 TP=9.3%/SL=4.6%)
[trade:open] 2023-06-09 23:59 LTCUSDT SHORT @ 89.26 | SL=93.41 TP=80.96 | timeout=2023-06-16 23:59
[trade:close] 2023-06-10 07:59 LTCUSDT SHORT → take_profit @ 80.96 | PnL=+9.29% (net +9.19%) | cum=+52.69% 2023-06=+9.19% 2023-06-10=+9.19%
[predict] 2023-06-12 16:00 LTCUSDT → LONG (proba=0.87 TP=13.6%/SL=6.8%)
[trade:open] 2023-06-12 23:59 LTCUSDT LONG @ 77.45 | SL=72.18 TP=88.00 | timeout=2023-06-19 23:59
[trade:close] 2023-06-14 23:59 LTCUSDT LONG → stop_loss @ 72.18 | PnL=-6.81% (net -6.91%) | cum=+45.78% 2023-06=+2.29% 2023-06-14=-6.91%
[predict] 2023-06-15 16:00 LTCUSDT → LONG (proba=0.89 TP=13.0%/SL=6.5%)
[trade:open] 2023-06-15 23:59 LTCUSDT LONG @ 74.56 | SL=69.72 TP=84.25 | timeout=2023-06-22 23:59
[trade:close] 2023-06-21 07:59 LTCUSDT LONG → take_profit @ 84.25 | PnL=+12.99% (net +12.89%) | cum=+58.67% 2023-06=+15.18% 2023-06-21=+12.89%
[lgbm] === Training for 2023-07 ===
  Train window: 2021-07-01 → 2023-06-23
  2153 training samples from 1 symbols
  Samples per month: 2021-07: 93, 2021-08: 93, 2021-09: 90, 2021-10: 93, 2021-11: 90, 2021-12: 93, 2022-01: 93, 2022-02: 75, 2022-03: 93, 2022-04: 84, 2022-05: 93, 2022-06: 90, 2022-07: 93, 2022-08: 93, 2022-09: 90, 2022-10: 93, 2022-11: 90, 2022-12: 93, 2023-01: 93, 2023-02: 84, 2023-03: 93, 2023-04: 90, 2023-05: 93, 2023-06: 68
  [label] 2021-08-31 00:00 LTCUSDT entry=172.7600 → LONG | long=tp(+13.19%) short=sl(-6.74%) | scanned=10 | long_tp_only
  [label] 2021-09-02 08:00 LTCUSDT entry=182.4600 → LONG | long=tp(+12.18%) short=sl(-6.24%) | scanned=3 | long_tp_only
  [label] 2021-09-06 00:00 LTCUSDT entry=228.9900 → SHORT | long=sl(-7.29%) short=tp(+14.29%) | scanned=4 | short_tp_only
  [label] 2021-09-30 16:00 LTCUSDT entry=153.1700 → LONG | long=tp(+14.52%) short=sl(-7.41%) | scanned=15 | long_tp_only
  [label] 2021-11-21 16:00 LTCUSDT entry=221.3700 → SHORT | long=sl(-9.89%) short=timeout(+9.76%) | scanned=22 | no_tp→fwd_return=-9.8568
  [label] 2022-05-10 08:00 LTCUSDT entry=81.2000 → SHORT | long=sl(-11.09%) short=tp(+21.89%) | scanned=5 | short_tp_only
  [label] 2022-05-14 08:00 LTCUSDT entry=64.6600 → LONG | long=timeout(+8.11%) short=timeout(-8.31%) | scanned=22 | no_tp→fwd_return=+8.2122
  [label] 2022-05-25 00:00 LTCUSDT entry=69.5500 → SHORT | long=sl(-7.55%) short=timeout(+2.52%) | scanned=22 | no_tp→fwd_return=-2.6168
  [label] 2022-07-08 16:00 LTCUSDT entry=51.3000 → SHORT | long=sl(-6.60%) short=sl(-6.60%) | scanned=11 | no_tp→fwd_return=-5.4776
  [label] 2022-07-17 00:00 LTCUSDT entry=55.7300 → LONG | long=timeout(+3.72%) short=sl(-6.07%) | scanned=22 | no_tp→fwd_return=+3.8220
  [label] 2022-10-15 00:00 LTCUSDT entry=51.4200 → LONG | long=timeout(+0.50%) short=timeout(-0.70%) | scanned=22 | no_tp→fwd_return=+0.6029
  [label] 2022-11-15 16:00 LTCUSDT entry=57.9800 → LONG | long=tp(+18.75%) short=sl(-9.52%) | scanned=20 | long_tp_only
  [label] 2022-12-01 16:00 LTCUSDT entry=77.5500 → LONG | long=timeout(+0.76%) short=sl(-7.98%) | scanned=22 | no_tp→fwd_return=+0.8640
  [label] 2022-12-14 00:00 LTCUSDT entry=78.2700 → SHORT | long=sl(-5.17%) short=tp(+10.03%) | scanned=7 | short_tp_only
  [label] 2023-01-01 16:00 LTCUSDT entry=70.8800 → LONG | long=tp(+7.57%) short=sl(-3.93%) | scanned=1 | long_tp_only
  [label] 2023-01-07 16:00 LTCUSDT entry=76.3600 → LONG | long=tp(+8.72%) short=sl(-4.51%) | scanned=4 | long_tp_only
  [label] 2023-01-20 00:00 LTCUSDT entry=83.5700 → LONG | long=tp(+11.15%) short=sl(-5.73%) | scanned=10 | long_tp_only
  [label] 2023-02-28 08:00 LTCUSDT entry=95.6500 → SHORT | long=sl(-4.07%) short=tp(+7.84%) | scanned=8 | short_tp_only
  [label] 2023-03-10 00:00 LTCUSDT entry=73.5100 → LONG | long=sl(-7.68%) short=sl(-7.68%) | scanned=9 | no_tp→fwd_return=+5.9720
  [label] 2023-06-03 08:00 LTCUSDT entry=96.6800 → SHORT | long=sl(-4.35%) short=tp(+8.41%) | scanned=6 | short_tp_only
  [sample_weight_mode=composite_inv_concurrency] cell=(D, 2023-07) weight_mean=1.0000 weight_std=0.5021 kish=0.7987
  Labels: 1113 long (51.7%), 1040 short (48.3%) | weights: min=0.97, mean=1.00, max=20.30
  Features: 2153/2153 matched, 43 columns
  CV gap: 22 rows
  [ensemble 1/5] seed=42
  [frozen_hp] Trained with baseline HP: n_est=145 depth=3 ct=0.839
  [ensemble 2/5] seed=123
  [frozen_hp] Trained with baseline HP: n_est=50 depth=4 ct=0.850
  [ensemble 3/5] seed=456
  [frozen_hp] Trained with baseline HP: n_est=406 depth=3 ct=0.791
  [ensemble 4/5] seed=789
  [frozen_hp] Trained with baseline HP: n_est=284 depth=3 ct=0.510
  [ensemble 5/5] seed=1001
  [frozen_hp] Trained with baseline HP: n_est=209 depth=3 ct=0.695
  OOD: 16 features, cutoff (q=0.7) = 13.64
  Model trained for 2023-07: 93 test candles with features, confidence_threshold=0.737
[predict] 2023-07-14 16:00 LTCUSDT → SHORT (proba=0.77 TP=14.8%/SL=7.4%)
[trade:open] 2023-07-14 23:59 LTCUSDT SHORT @ 95.06 | SL=102.08 TP=81.02 | timeout=2023-07-21 23:59
[trade:close] 2023-07-22 00:00 LTCUSDT SHORT → timeout @ 94.03 | PnL=+1.08% (net +0.98%) | cum=+59.66% 2023-07=+0.98% 2023-07-22=+0.98%
[predict] 2023-07-30 08:00 LTCUSDT → SHORT (proba=0.77 TP=6.4%/SL=3.2%)
[trade:open] 2023-07-30 15:59 LTCUSDT SHORT @ 94.56 | SL=97.56 TP=88.55 | timeout=2023-08-06 15:59
[trade:close] 2023-08-01 07:59 LTCUSDT SHORT → take_profit @ 88.55 | PnL=+6.35% (net +6.25%) | cum=+65.91% 2023-08=+6.25% 2023-08-01=+6.25%
[lgbm] === Training for 2023-08 ===
  Train window: 2021-08-01 → 2023-07-24
  2153 training samples from 1 symbols
  Samples per month: 2021-08: 93, 2021-09: 90, 2021-10: 93, 2021-11: 90, 2021-12: 93, 2022-01: 93, 2022-02: 75, 2022-03: 93, 2022-04: 84, 2022-05: 93, 2022-06: 90, 2022-07: 93, 2022-08: 93, 2022-09: 90, 2022-10: 93, 2022-11: 90, 2022-12: 93, 2023-01: 93, 2023-02: 84, 2023-03: 93, 2023-04: 90, 2023-05: 93, 2023-06: 90, 2023-07: 71
  [label] 2021-10-01 00:00 LTCUSDT entry=158.6200 → LONG | long=tp(+14.30%) short=sl(-7.30%) | scanned=16 | long_tp_only
  [label] 2021-10-03 08:00 LTCUSDT entry=169.2300 → LONG | long=timeout(+6.68%) short=sl(-6.29%) | scanned=22 | no_tp→fwd_return=+6.7837
  [label] 2021-10-07 00:00 LTCUSDT entry=185.3400 → SHORT | long=sl(-7.43%) short=timeout(+3.45%) | scanned=22 | no_tp→fwd_return=-3.5502
  [label] 2021-10-31 16:00 LTCUSDT entry=192.0300 → LONG | long=timeout(+5.24%) short=sl(-6.21%) | scanned=22 | no_tp→fwd_return=+5.3429
  [label] 2021-12-22 16:00 LTCUSDT entry=155.3100 → SHORT | long=sl(-6.74%) short=sl(-6.74%) | scanned=18 | no_tp→fwd_return=-6.2713
  [label] 2022-06-10 08:00 LTCUSDT entry=57.4400 → SHORT | long=sl(-7.20%) short=tp(+14.10%) | scanned=5 | short_tp_only
  [label] 2022-06-14 08:00 LTCUSDT entry=45.5300 → LONG | long=timeout(+18.63%) short=sl(-13.23%) | scanned=22 | no_tp→fwd_return=+18.7349
  [label] 2022-06-25 00:00 LTCUSDT entry=56.9100 → SHORT | long=sl(-9.00%) short=timeout(+10.86%) | scanned=22 | no_tp→fwd_return=-10.9647
  [label] 2022-08-08 16:00 LTCUSDT entry=62.5700 → LONG | long=sl(-5.13%) short=sl(-5.13%) | scanned=16 | no_tp→fwd_return=+4.4910
  [label] 2022-08-17 00:00 LTCUSDT entry=61.8400 → SHORT | long=sl(-6.26%) short=tp(+12.22%) | scanned=7 | short_tp_only
  [label] 2022-11-15 00:00 LTCUSDT entry=58.1300 → LONG | long=timeout(+6.09%) short=sl(-10.40%) | scanned=22 | no_tp→fwd_return=+6.1930
  [label] 2022-12-16 16:00 LTCUSDT entry=66.2100 → SHORT | long=sl(-7.23%) short=timeout(+0.66%) | scanned=22 | no_tp→fwd_return=-0.7552
  [label] 2023-01-01 16:00 LTCUSDT entry=70.8800 → LONG | long=tp(+7.57%) short=sl(-3.93%) | scanned=1 | long_tp_only
  [label] 2023-01-14 00:00 LTCUSDT entry=89.9200 → LONG | long=sl(-6.78%) short=timeout(-0.39%) | scanned=22 | no_tp→fwd_return=+0.2891
  [label] 2023-02-01 16:00 LTCUSDT entry=100.4400 → SHORT | long=timeout(-1.34%) short=timeout(+1.14%) | scanned=22 | no_tp→fwd_return=-1.2445
  [label] 2023-02-07 16:00 LTCUSDT entry=100.9000 → SHORT | long=sl(-5.05%) short=tp(+9.80%) | scanned=6 | short_tp_only
  [label] 2023-02-20 00:00 LTCUSDT entry=97.8200 → SHORT | long=sl(-5.32%) short=timeout(+3.53%) | scanned=22 | no_tp→fwd_return=-3.6291
  [label] 2023-03-31 08:00 LTCUSDT entry=89.4900 → LONG | long=timeout(+1.03%) short=sl(-6.55%) | scanned=22 | no_tp→fwd_return=+1.1286
  [label] 2023-04-10 00:00 LTCUSDT entry=90.4600 → LONG | long=tp(+7.03%) short=sl(-3.67%) | scanned=3 | long_tp_only
  [label] 2023-07-04 08:00 LTCUSDT entry=106.9900 → SHORT | long=sl(-8.68%) short=timeout(+9.65%) | scanned=22 | no_tp→fwd_return=-9.7486
  [sample_weight_mode=composite_inv_concurrency] cell=(D, 2023-08) weight_mean=1.0000 weight_std=0.5021 kish=0.7987
  Labels: 1098 long (51.0%), 1055 short (49.0%) | weights: min=0.97, mean=1.00, max=20.30
  Features: 2153/2153 matched, 43 columns
  CV gap: 22 rows
  [ensemble 1/5] seed=42
  [frozen_hp] Trained with baseline HP: n_est=248 depth=5 ct=0.697
  [ensemble 2/5] seed=123
  [frozen_hp] Trained with baseline HP: n_est=289 depth=5 ct=0.535
  [ensemble 3/5] seed=456
  [frozen_hp] Trained with baseline HP: n_est=425 depth=4 ct=0.832
  [ensemble 4/5] seed=789
  [frozen_hp] Trained with baseline HP: n_est=308 depth=4 ct=0.822
  [ensemble 5/5] seed=1001
  [frozen_hp] Trained with baseline HP: n_est=459 depth=5 ct=0.646
  OOD: 16 features, cutoff (q=0.7) = 13.54
  Model trained for 2023-08: 93 test candles with features, confidence_threshold=0.706
[predict] 2023-08-02 16:00 LTCUSDT → SHORT (proba=0.71 TP=11.4%/SL=5.7%)
[trade:open] 2023-08-02 23:59 LTCUSDT SHORT @ 87.48 | SL=92.46 TP=77.51 | timeout=2023-08-09 23:59
[trade:close] 2023-08-10 00:00 LTCUSDT SHORT → timeout @ 84.05 | PnL=+3.92% (net +3.82%) | cum=+69.73% 2023-08=+10.07% 2023-08-10=+3.82%
[predict] 2023-08-11 00:00 LTCUSDT → LONG (proba=0.89 TP=6.4%/SL=3.2%)
[trade:open] 2023-08-11 07:59 LTCUSDT LONG @ 83.06 | SL=80.40 TP=88.38 | timeout=2023-08-18 07:59
[trade:close] 2023-08-15 23:59 LTCUSDT LONG → stop_loss @ 80.40 | PnL=-3.20% (net -3.30%) | cum=+66.43% 2023-08=+6.77% 2023-08-15=-3.30%
[predict] 2023-08-23 16:00 LTCUSDT → LONG (proba=0.90 TP=11.4%/SL=5.7%)
[trade:open] 2023-08-23 23:59 LTCUSDT LONG @ 65.59 | SL=61.85 TP=73.07 | timeout=2023-08-30 23:59
[trade:close] 2023-08-31 00:00 LTCUSDT LONG → timeout @ 67.60 | PnL=+3.06% (net +2.96%) | cum=+69.39% 2023-08=+9.73% 2023-08-31=+2.96%
[predict] 2023-08-31 16:00 LTCUSDT → LONG (proba=0.91 TP=9.9%/SL=5.0%)
[trade:open] 2023-08-31 23:59 LTCUSDT LONG @ 63.84 | SL=60.68 TP=70.17 | timeout=2023-09-07 23:59
[lgbm] === Training for 2023-09 ===
  Train window: 2021-09-01 → 2023-08-24
  2153 training samples from 1 symbols
  Samples per month: 2021-09: 90, 2021-10: 93, 2021-11: 90, 2021-12: 93, 2022-01: 93, 2022-02: 75, 2022-03: 93, 2022-04: 84, 2022-05: 93, 2022-06: 90, 2022-07: 93, 2022-08: 93, 2022-09: 90, 2022-10: 93, 2022-11: 90, 2022-12: 93, 2023-01: 93, 2023-02: 84, 2023-03: 93, 2023-04: 90, 2023-05: 93, 2023-06: 90, 2023-07: 93, 2023-08: 71
  [label] 2021-11-01 00:00 LTCUSDT entry=194.4000 → LONG | long=timeout(+7.17%) short=sl(-6.17%) | scanned=22 | no_tp→fwd_return=+7.2685
  [label] 2021-11-03 08:00 LTCUSDT entry=201.3000 → LONG | long=tp(+13.15%) short=sl(-6.72%) | scanned=16 | long_tp_only
  [label] 2021-11-07 00:00 LTCUSDT entry=198.2100 → LONG | long=tp(+11.08%) short=sl(-5.69%) | scanned=4 | long_tp_only
  [label] 2021-12-01 16:00 LTCUSDT entry=208.7800 → SHORT | long=sl(-9.17%) short=tp(+18.04%) | scanned=7 | short_tp_only
  [label] 2022-01-22 16:00 LTCUSDT entry=108.3500 → LONG | long=timeout(+2.12%) short=timeout(-2.32%) | scanned=22 | no_tp→fwd_return=+2.2150
  [label] 2022-07-11 08:00 LTCUSDT entry=50.4800 → LONG | long=sl(-6.64%) short=sl(-6.64%) | scanned=16 | no_tp→fwd_return=+9.0729
  [label] 2022-07-15 08:00 LTCUSDT entry=51.5800 → LONG | long=tp(+13.17%) short=sl(-6.73%) | scanned=8 | long_tp_only
  [label] 2022-07-26 00:00 LTCUSDT entry=53.1900 → LONG | long=tp(+14.16%) short=sl(-7.23%) | scanned=7 | long_tp_only
  [label] 2022-09-08 16:00 LTCUSDT entry=57.9300 → LONG | long=tp(+13.77%) short=sl(-7.04%) | scanned=14 | long_tp_only
  [label] 2022-09-17 00:00 LTCUSDT entry=56.0700 → SHORT | long=sl(-7.10%) short=timeout(+1.20%) | scanned=22 | no_tp→fwd_return=-1.3019
  [label] 2022-12-16 00:00 LTCUSDT entry=73.2100 → SHORT | long=sl(-5.47%) short=tp(+10.65%) | scanned=2 | short_tp_only
  [label] 2023-01-16 16:00 LTCUSDT entry=85.9500 → LONG | long=timeout(+4.61%) short=sl(-6.49%) | scanned=22 | no_tp→fwd_return=+4.7120
  [label] 2023-02-01 16:00 LTCUSDT entry=100.4400 → SHORT | long=timeout(-1.34%) short=timeout(+1.14%) | scanned=22 | no_tp→fwd_return=-1.2445
  [label] 2023-02-14 00:00 LTCUSDT entry=91.4300 → LONG | long=tp(+10.00%) short=sl(-5.15%) | scanned=5 | long_tp_only
  [label] 2023-03-04 16:00 LTCUSDT entry=89.2900 → SHORT | long=sl(-4.87%) short=tp(+9.44%) | scanned=15 | short_tp_only
  [label] 2023-03-10 16:00 LTCUSDT entry=71.3600 → LONG | long=sl(-8.16%) short=sl(-8.16%) | scanned=7 | no_tp→fwd_return=+9.1648
  [label] 2023-03-23 00:00 LTCUSDT entry=87.8700 → LONG | long=timeout(+3.00%) short=sl(-8.11%) | scanned=22 | no_tp→fwd_return=+3.0955
  [label] 2023-05-01 08:00 LTCUSDT entry=86.8200 → SHORT | long=sl(-4.92%) short=timeout(+6.59%) | scanned=22 | no_tp→fwd_return=-6.6920
  [label] 2023-05-11 00:00 LTCUSDT entry=80.2200 → LONG | long=tp(+11.18%) short=sl(-5.74%) | scanned=15 | long_tp_only
  [label] 2023-08-04 08:00 LTCUSDT entry=83.2900 → SHORT | long=timeout(-0.42%) short=timeout(+0.22%) | scanned=22 | no_tp→fwd_return=-0.3242
  [sample_weight_mode=composite_inv_concurrency] cell=(D, 2023-09) weight_mean=1.0000 weight_std=0.5021 kish=0.7987
  Labels: 1061 long (49.3%), 1092 short (50.7%) | weights: min=0.97, mean=1.00, max=20.30
  Features: 2153/2153 matched, 43 columns
  CV gap: 22 rows
  [ensemble 1/5] seed=42
  [frozen_hp] Trained with baseline HP: n_est=289 depth=4 ct=0.776
  [ensemble 2/5] seed=123
  [frozen_hp] Trained with baseline HP: n_est=50 depth=4 ct=0.797
  [ensemble 3/5] seed=456
  [frozen_hp] Trained with baseline HP: n_est=138 depth=4 ct=0.780
  [ensemble 4/5] seed=789
  [frozen_hp] Trained with baseline HP: n_est=338 depth=3 ct=0.736
  [ensemble 5/5] seed=1001
  [frozen_hp] Trained with baseline HP: n_est=431 depth=4 ct=0.823
  OOD: 16 features, cutoff (q=0.7) = 13.78
  Model trained for 2023-09: 90 test candles with features, confidence_threshold=0.783
[trade:close] 2023-09-08 00:00 LTCUSDT LONG → timeout @ 63.68 | PnL=-0.25% (net -0.35%) | cum=+69.04% 2023-09=-0.35% 2023-09-08=-0.35%
[lgbm] === Training for 2023-10 ===
  Train window: 2021-10-01 → 2023-09-23
  2153 training samples from 1 symbols
  Samples per month: 2021-10: 93, 2021-11: 90, 2021-12: 93, 2022-01: 93, 2022-02: 75, 2022-03: 93, 2022-04: 84, 2022-05: 93, 2022-06: 90, 2022-07: 93, 2022-08: 93, 2022-09: 90, 2022-10: 93, 2022-11: 90, 2022-12: 93, 2023-01: 93, 2023-02: 84, 2023-03: 93, 2023-04: 90, 2023-05: 93, 2023-06: 90, 2023-07: 93, 2023-08: 93, 2023-09: 68
  [label] 2021-12-01 00:00 LTCUSDT entry=215.7500 → SHORT | long=sl(-8.99%) short=tp(+17.67%) | scanned=9 | short_tp_only
  [label] 2021-12-03 08:00 LTCUSDT entry=198.3600 → SHORT | long=sl(-8.59%) short=tp(+16.88%) | scanned=2 | short_tp_only
  [label] 2021-12-07 00:00 LTCUSDT entry=158.8600 → SHORT | long=timeout(-7.65%) short=timeout(+7.45%) | scanned=22 | no_tp→fwd_return=-7.5538
  [label] 2021-12-31 16:00 LTCUSDT entry=146.1700 → SHORT | long=sl(-6.13%) short=tp(+11.95%) | scanned=19 | short_tp_only
  [label] 2022-02-21 16:00 LTCUSDT entry=102.6700 → LONG | long=sl(-9.01%) short=timeout(-6.43%) | scanned=13 | no_tp→fwd_return=+6.3310
  [label] 2022-08-10 08:00 LTCUSDT entry=61.7900 → SHORT | long=timeout(-2.59%) short=sl(-5.94%) | scanned=22 | no_tp→fwd_return=-2.4923
  [label] 2022-08-14 08:00 LTCUSDT entry=65.2400 → SHORT | long=sl(-5.33%) short=tp(+10.35%) | scanned=14 | short_tp_only
  [label] 2022-08-25 00:00 LTCUSDT entry=57.1200 → SHORT | long=sl(-6.31%) short=timeout(+4.33%) | scanned=22 | no_tp→fwd_return=-4.4293
  [label] 2022-10-08 16:00 LTCUSDT entry=52.7600 → SHORT | long=sl(-3.70%) short=tp(+7.11%) | scanned=14 | short_tp_only
  [label] 2022-10-17 00:00 LTCUSDT entry=51.4100 → LONG | long=sl(-3.57%) short=sl(-3.57%) | scanned=20 | no_tp→fwd_return=+5.0185
  [label] 2023-01-15 00:00 LTCUSDT entry=86.9700 → LONG | long=timeout(+1.96%) short=timeout(-2.16%) | scanned=22 | no_tp→fwd_return=+2.0582
  [label] 2023-02-15 16:00 LTCUSDT entry=102.8200 → SHORT | long=sl(-5.34%) short=tp(+10.38%) | scanned=18 | short_tp_only
  [label] 2023-03-03 16:00 LTCUSDT entry=90.5100 → SHORT | long=sl(-5.36%) short=tp(+10.41%) | scanned=18 | short_tp_only
  [label] 2023-03-16 00:00 LTCUSDT entry=78.8200 → LONG | long=timeout(+11.38%) short=sl(-10.13%) | scanned=22 | no_tp→fwd_return=+11.4819
  [label] 2023-04-03 16:00 LTCUSDT entry=92.9300 → LONG | long=timeout(+0.78%) short=timeout(-0.98%) | scanned=22 | no_tp→fwd_return=+0.8824
  [label] 2023-04-09 16:00 LTCUSDT entry=90.5200 → LONG | long=tp(+7.30%) short=sl(-3.80%) | scanned=13 | long_tp_only
  [label] 2023-04-22 00:00 LTCUSDT entry=85.4500 → LONG | long=timeout(+4.77%) short=sl(-7.10%) | scanned=22 | no_tp→fwd_return=+4.8683
  [label] 2023-05-31 08:00 LTCUSDT entry=88.6800 → LONG | long=tp(+8.12%) short=sl(-4.21%) | scanned=9 | long_tp_only
  [label] 2023-06-10 00:00 LTCUSDT entry=77.0900 → LONG | long=sl(-8.45%) short=timeout(-0.64%) | scanned=22 | no_tp→fwd_return=+0.5448
  [label] 2023-09-03 08:00 LTCUSDT entry=63.7600 → SHORT | long=sl(-4.06%) short=timeout(+4.43%) | scanned=22 | no_tp→fwd_return=-4.5326
  [sample_weight_mode=composite_inv_concurrency] cell=(D, 2023-10) weight_mean=1.0000 weight_std=0.5021 kish=0.7987
  Labels: 1055 long (49.0%), 1098 short (51.0%) | weights: min=0.97, mean=1.00, max=20.30
  Features: 2153/2153 matched, 43 columns
  CV gap: 22 rows
  [ensemble 1/5] seed=42
  [frozen_hp] Trained with baseline HP: n_est=91 depth=3 ct=0.815
  [ensemble 2/5] seed=123
  [frozen_hp] Trained with baseline HP: n_est=298 depth=3 ct=0.786
  [ensemble 3/5] seed=456
  [frozen_hp] Trained with baseline HP: n_est=445 depth=3 ct=0.822
  [ensemble 4/5] seed=789
  [frozen_hp] Trained with baseline HP: n_est=412 depth=3 ct=0.780
  [ensemble 5/5] seed=1001
  [frozen_hp] Trained with baseline HP: n_est=180 depth=3 ct=0.638
  OOD: 16 features, cutoff (q=0.7) = 13.68
  Model trained for 2023-10: 93 test candles with features, confidence_threshold=0.768
[predict] 2023-10-21 16:00 LTCUSDT → LONG (proba=0.78 TP=6.2%/SL=3.1%)
[trade:open] 2023-10-21 23:59 LTCUSDT LONG @ 64.71 | SL=62.70 TP=68.72 | timeout=2023-10-28 23:59
[trade:close] 2023-10-23 23:59 LTCUSDT LONG → take_profit @ 68.72 | PnL=+6.20% (net +6.10%) | cum=+75.14% 2023-10=+6.10% 2023-10-23=+6.10%
[predict] 2023-10-27 16:00 LTCUSDT → LONG (proba=0.77 TP=12.4%/SL=6.2%)
[trade:open] 2023-10-27 23:59 LTCUSDT LONG @ 67.01 | SL=62.86 TP=75.31 | timeout=2023-11-03 23:59
[lgbm] === Training for 2023-11 ===
  Train window: 2021-11-01 → 2023-10-24
  2153 training samples from 1 symbols
  Samples per month: 2021-11: 90, 2021-12: 93, 2022-01: 93, 2022-02: 75, 2022-03: 93, 2022-04: 84, 2022-05: 93, 2022-06: 90, 2022-07: 93, 2022-08: 93, 2022-09: 90, 2022-10: 93, 2022-11: 90, 2022-12: 93, 2023-01: 93, 2023-02: 84, 2023-03: 93, 2023-04: 90, 2023-05: 93, 2023-06: 90, 2023-07: 93, 2023-08: 93, 2023-09: 90, 2023-10: 71
  [label] 2022-01-01 00:00 LTCUSDT entry=147.9700 → SHORT | long=sl(-5.91%) short=tp(+11.51%) | scanned=14 | short_tp_only
  [label] 2022-01-03 08:00 LTCUSDT entry=148.7800 → SHORT | long=sl(-4.71%) short=tp(+9.12%) | scanned=7 | short_tp_only
  [label] 2022-01-07 00:00 LTCUSDT entry=130.1400 → LONG | long=sl(-7.47%) short=sl(-7.47%) | scanned=17 | no_tp→fwd_return=+9.0287
  [label] 2022-01-31 16:00 LTCUSDT entry=109.4200 → LONG | long=tp(+14.75%) short=sl(-7.52%) | scanned=17 | long_tp_only
  [label] 2022-03-27 16:00 LTCUSDT entry=129.5600 → SHORT | long=sl(-4.88%) short=timeout(+0.51%) | scanned=16 | no_tp→fwd_return=-0.6098
  [label] 2022-09-10 08:00 LTCUSDT entry=64.0300 → SHORT | long=sl(-6.47%) short=tp(+12.64%) | scanned=16 | short_tp_only
  [label] 2022-09-14 08:00 LTCUSDT entry=60.3600 → SHORT | long=sl(-7.94%) short=tp(+15.57%) | scanned=14 | short_tp_only
  [label] 2022-09-25 00:00 LTCUSDT entry=54.2000 → SHORT | long=timeout(-2.44%) short=timeout(+2.24%) | scanned=22 | no_tp→fwd_return=-2.3432
  [label] 2022-11-08 16:00 LTCUSDT entry=57.7400 → LONG | long=sl(-13.66%) short=timeout(-0.52%) | scanned=22 | no_tp→fwd_return=+0.4157
  [label] 2022-11-17 00:00 LTCUSDT entry=59.1400 → LONG | long=tp(+16.70%) short=sl(-8.50%) | scanned=16 | long_tp_only
  [label] 2023-02-15 00:00 LTCUSDT entry=95.9600 → LONG | long=tp(+9.88%) short=sl(-5.09%) | scanned=5 | long_tp_only
  [label] 2023-03-18 16:00 LTCUSDT entry=83.0100 → LONG | long=timeout(+10.04%) short=sl(-8.65%) | scanned=22 | no_tp→fwd_return=+10.1434
  [label] 2023-04-03 16:00 LTCUSDT entry=92.9300 → LONG | long=timeout(+0.78%) short=timeout(-0.98%) | scanned=22 | no_tp→fwd_return=+0.8824
  [label] 2023-04-16 00:00 LTCUSDT entry=96.1300 → SHORT | long=sl(-4.24%) short=sl(-4.24%) | scanned=11 | no_tp→fwd_return=-5.9295
  [label] 2023-05-04 16:00 LTCUSDT entry=88.3300 → SHORT | long=sl(-4.17%) short=tp(+8.03%) | scanned=5 | short_tp_only
  [label] 2023-05-10 16:00 LTCUSDT entry=80.8800 → LONG | long=tp(+11.66%) short=sl(-5.98%) | scanned=17 | long_tp_only
  [label] 2023-05-23 00:00 LTCUSDT entry=91.9100 → SHORT | long=sl(-4.08%) short=tp(+7.87%) | scanned=4 | short_tp_only
  [label] 2023-07-01 08:00 LTCUSDT entry=105.2500 → SHORT | long=sl(-10.21%) short=timeout(+6.97%) | scanned=22 | no_tp→fwd_return=-7.0689
  [label] 2023-07-11 00:00 LTCUSDT entry=97.9000 → SHORT | long=sl(-6.28%) short=sl(-6.28%) | scanned=11 | no_tp→fwd_return=-2.9009
  [label] 2023-10-04 08:00 LTCUSDT entry=63.9100 → SHORT | long=sl(-3.90%) short=timeout(+3.76%) | scanned=22 | no_tp→fwd_return=-3.8648
  [sample_weight_mode=composite_inv_concurrency] cell=(D, 2023-11) weight_mean=1.0000 weight_std=0.5021 kish=0.7987
  Labels: 1042 long (48.4%), 1111 short (51.6%) | weights: min=0.97, mean=1.00, max=20.30
  Features: 2153/2153 matched, 43 columns
  CV gap: 22 rows
  [ensemble 1/5] seed=42
  [frozen_hp] Trained with baseline HP: n_est=126 depth=4 ct=0.743
  [ensemble 2/5] seed=123
  [frozen_hp] Trained with baseline HP: n_est=51 depth=3 ct=0.824
  [ensemble 3/5] seed=456
  [frozen_hp] Trained with baseline HP: n_est=490 depth=4 ct=0.844
  [ensemble 4/5] seed=789
  [frozen_hp] Trained with baseline HP: n_est=79 depth=4 ct=0.788
  [ensemble 5/5] seed=1001
  [frozen_hp] Trained with baseline HP: n_est=188 depth=3 ct=0.665
  OOD: 16 features, cutoff (q=0.7) = 13.59
  Model trained for 2023-11: 90 test candles with features, confidence_threshold=0.773
[trade:close] 2023-11-04 00:00 LTCUSDT LONG → timeout @ 69.50 | PnL=+3.72% (net +3.62%) | cum=+78.75% 2023-11=+3.62% 2023-11-04=+3.62%
[lgbm] === Training for 2023-12 ===
  Train window: 2021-12-01 → 2023-11-23
  2153 training samples from 1 symbols
  Samples per month: 2021-12: 93, 2022-01: 93, 2022-02: 75, 2022-03: 93, 2022-04: 84, 2022-05: 93, 2022-06: 90, 2022-07: 93, 2022-08: 93, 2022-09: 90, 2022-10: 93, 2022-11: 90, 2022-12: 93, 2023-01: 93, 2023-02: 84, 2023-03: 93, 2023-04: 90, 2023-05: 93, 2023-06: 90, 2023-07: 93, 2023-08: 93, 2023-09: 90, 2023-10: 93, 2023-11: 68
  [label] 2022-01-31 00:00 LTCUSDT entry=105.2000 → LONG | long=tp(+15.86%) short=sl(-8.08%) | scanned=15 | long_tp_only
  [label] 2022-02-02 08:00 LTCUSDT entry=109.9800 → LONG | long=tp(+14.59%) short=sl(-7.45%) | scanned=12 | long_tp_only
  [label] 2022-02-06 00:00 LTCUSDT entry=122.8200 → LONG | long=tp(+12.25%) short=sl(-6.27%) | scanned=5 | long_tp_only
  [label] 2022-03-05 16:00 LTCUSDT entry=104.7900 → LONG | long=sl(-7.52%) short=timeout(-0.75%) | scanned=22 | no_tp→fwd_return=+0.6489
  [label] 2022-04-28 16:00 LTCUSDT entry=103.2500 → SHORT | long=sl(-5.36%) short=timeout(+6.14%) | scanned=22 | no_tp→fwd_return=-6.2373
  [label] 2022-10-10 08:00 LTCUSDT entry=53.3500 → SHORT | long=sl(-3.42%) short=tp(+6.54%) | scanned=9 | short_tp_only
  [label] 2022-10-14 08:00 LTCUSDT entry=51.2100 → LONG | long=timeout(+0.43%) short=timeout(-0.63%) | scanned=22 | no_tp→fwd_return=+0.5272
  [label] 2022-10-25 00:00 LTCUSDT entry=52.6800 → LONG | long=tp(+6.16%) short=sl(-3.23%) | scanned=2 | long_tp_only
  [label] 2022-12-08 16:00 LTCUSDT entry=78.2200 → SHORT | long=sl(-6.25%) short=timeout(+7.33%) | scanned=22 | no_tp→fwd_return=-7.4278
  [label] 2022-12-17 00:00 LTCUSDT entry=64.9400 → LONG | long=timeout(+0.75%) short=timeout(-0.95%) | scanned=22 | no_tp→fwd_return=+0.8469
  [label] 2023-03-17 00:00 LTCUSDT entry=81.7600 → LONG | long=timeout(+16.25%) short=sl(-9.05%) | scanned=22 | no_tp→fwd_return=+16.3527
  [label] 2023-04-17 16:00 LTCUSDT entry=98.9000 → SHORT | long=sl(-4.51%) short=sl(-4.51%) | scanned=5 | no_tp→fwd_return=-4.7624
  [label] 2023-05-03 16:00 LTCUSDT entry=88.8400 → SHORT | long=sl(-4.69%) short=tp(+9.09%) | scanned=8 | short_tp_only
  [label] 2023-05-16 00:00 LTCUSDT entry=88.7100 → LONG | long=timeout(+3.51%) short=sl(-5.26%) | scanned=22 | no_tp→fwd_return=+3.6073
  [label] 2023-06-03 16:00 LTCUSDT entry=96.0200 → SHORT | long=sl(-4.26%) short=tp(+8.22%) | scanned=5 | short_tp_only
  [label] 2023-06-09 16:00 LTCUSDT entry=89.2600 → SHORT | long=sl(-4.75%) short=tp(+9.19%) | scanned=1 | short_tp_only
  [label] 2023-06-22 00:00 LTCUSDT entry=87.0000 → SHORT | long=sl(-5.27%) short=sl(-5.27%) | scanned=20 | no_tp→fwd_return=-4.6322
  [label] 2023-07-31 08:00 LTCUSDT entry=92.0700 → SHORT | long=sl(-4.26%) short=tp(+8.22%) | scanned=10 | short_tp_only
  [label] 2023-08-10 00:00 LTCUSDT entry=83.9000 → SHORT | long=sl(-3.80%) short=tp(+7.31%) | scanned=17 | short_tp_only
  [label] 2023-11-03 08:00 LTCUSDT entry=69.3400 → LONG | long=timeout(+3.69%) short=sl(-5.20%) | scanned=22 | no_tp→fwd_return=+3.7929
  [sample_weight_mode=composite_inv_concurrency] cell=(D, 2023-12) weight_mean=1.0000 weight_std=0.5021 kish=0.7987
  Labels: 1062 long (49.3%), 1091 short (50.7%) | weights: min=0.97, mean=1.00, max=20.30
  Features: 2153/2153 matched, 43 columns
  CV gap: 22 rows
  [ensemble 1/5] seed=42
  [frozen_hp] Trained with baseline HP: n_est=145 depth=3 ct=0.839
  [ensemble 2/5] seed=123
  [frozen_hp] Trained with baseline HP: n_est=500 depth=3 ct=0.831
  [ensemble 3/5] seed=456
  [frozen_hp] Trained with baseline HP: n_est=317 depth=4 ct=0.504
  [ensemble 4/5] seed=789
  [frozen_hp] Trained with baseline HP: n_est=351 depth=4 ct=0.749
  [ensemble 5/5] seed=1001
  [frozen_hp] Trained with baseline HP: n_est=365 depth=4 ct=0.732
  OOD: 16 features, cutoff (q=0.7) = 13.89
  Model trained for 2023-12: 93 test candles with features, confidence_threshold=0.731
[predict] 2023-12-01 16:00 LTCUSDT → SHORT (proba=0.73 TP=5.9%/SL=2.9%)
[trade:open] 2023-12-01 23:59 LTCUSDT SHORT @ 71.60 | SL=73.70 TP=67.40 | timeout=2023-12-08 23:59
[trade:close] 2023-12-04 07:59 LTCUSDT SHORT → stop_loss @ 73.70 | PnL=-2.93% (net -3.03%) | cum=+75.72% 2023-12=-3.03% 2023-12-04=-3.03%
[predict] 2023-12-05 00:00 LTCUSDT → SHORT (proba=0.87 TP=7.7%/SL=3.9%)
[trade:open] 2023-12-05 07:59 LTCUSDT SHORT @ 71.88 | SL=74.65 TP=66.34 | timeout=2023-12-12 07:59
[trade:close] 2023-12-06 15:59 LTCUSDT SHORT → stop_loss @ 74.65 | PnL=-3.86% (net -3.96%) | cum=+71.77% 2023-12=-6.99% 2023-12-06=-3.96%
[predict] 2023-12-07 08:00 LTCUSDT → SHORT (proba=0.87 TP=8.7%/SL=4.4%)
[trade:open] 2023-12-07 15:59 LTCUSDT SHORT @ 73.56 | SL=76.78 TP=67.13 | timeout=2023-12-14 15:59
[trade:close] 2023-12-08 15:59 LTCUSDT SHORT → stop_loss @ 76.78 | PnL=-4.37% (net -4.47%) | cum=+67.30% 2023-12=-11.46% 2023-12-08=-4.47%
[predict] 2023-12-17 16:00 LTCUSDT → SHORT (proba=0.86 TP=8.8%/SL=4.4%)
[trade:open] 2023-12-17 23:59 LTCUSDT SHORT @ 71.23 | SL=74.35 TP=64.99 | timeout=2023-12-24 23:59
[trade:close] 2023-12-25 00:00 LTCUSDT SHORT → timeout @ 71.17 | PnL=+0.08% (net -0.02%) | cum=+67.28% 2023-12=-11.47% 2023-12-25=-0.02%
[predict] 2023-12-27 16:00 LTCUSDT → LONG (proba=0.75 TP=9.0%/SL=4.5%)
[trade:open] 2023-12-27 23:59 LTCUSDT LONG @ 76.02 | SL=72.59 TP=82.89 | timeout=2024-01-03 23:59
[trade:close] 2023-12-30 07:59 LTCUSDT LONG → stop_loss @ 72.59 | PnL=-4.52% (net -4.62%) | cum=+62.66% 2023-12=-16.09% 2023-12-30=-4.62%
[predict] 2023-12-31 00:00 LTCUSDT → LONG (proba=0.85 TP=9.4%/SL=4.7%)
[trade:open] 2023-12-31 07:59 LTCUSDT LONG @ 73.44 | SL=69.99 TP=80.33 | timeout=2024-01-07 07:59
[lgbm] === Training for 2024-01 ===
  Train window: 2022-01-01 → 2023-12-24
  2153 training samples from 1 symbols
  Samples per month: 2022-01: 93, 2022-02: 75, 2022-03: 93, 2022-04: 84, 2022-05: 93, 2022-06: 90, 2022-07: 93, 2022-08: 93, 2022-09: 90, 2022-10: 93, 2022-11: 90, 2022-12: 93, 2023-01: 93, 2023-02: 84, 2023-03: 93, 2023-04: 90, 2023-05: 93, 2023-06: 90, 2023-07: 93, 2023-08: 93, 2023-09: 90, 2023-10: 93, 2023-11: 90, 2023-12: 71
  [label] 2022-03-06 00:00 LTCUSDT entry=103.4600 → LONG | long=timeout(+2.27%) short=timeout(-2.47%) | scanned=22 | no_tp→fwd_return=+2.3681
  [label] 2022-03-08 08:00 LTCUSDT entry=100.1000 → LONG | long=timeout(+4.48%) short=sl(-7.60%) | scanned=22 | no_tp→fwd_return=+4.5754
  [label] 2022-03-12 00:00 LTCUSDT entry=106.7000 → LONG | long=timeout(+5.61%) short=timeout(-5.81%) | scanned=22 | no_tp→fwd_return=+5.7076
  [label] 2022-04-07 16:00 LTCUSDT entry=113.9900 → SHORT | long=sl(-6.26%) short=timeout(+5.75%) | scanned=22 | no_tp→fwd_return=-5.8514
  [label] 2022-05-29 16:00 LTCUSDT entry=63.6100 → SHORT | long=timeout(-0.90%) short=sl(-6.54%) | scanned=22 | no_tp→fwd_return=-0.8018
  [label] 2022-11-10 08:00 LTCUSDT entry=59.2600 → SHORT | long=timeout(-0.44%) short=timeout(+0.24%) | scanned=22 | no_tp→fwd_return=-0.3375
  [label] 2022-11-14 08:00 LTCUSDT entry=56.8900 → LONG | long=timeout(+8.11%) short=sl(-11.46%) | scanned=22 | no_tp→fwd_return=+8.2088
  [label] 2022-11-25 00:00 LTCUSDT entry=75.4300 → LONG | long=timeout(+1.28%) short=timeout(-1.48%) | scanned=22 | no_tp→fwd_return=+1.3788
  [label] 2023-01-08 16:00 LTCUSDT entry=78.7000 → LONG | long=tp(+9.74%) short=sl(-5.02%) | scanned=10 | long_tp_only
  [label] 2023-01-17 00:00 LTCUSDT entry=85.8900 → LONG | long=timeout(+5.45%) short=sl(-6.31%) | scanned=22 | no_tp→fwd_return=+5.5536
  [label] 2023-04-17 00:00 LTCUSDT entry=99.2000 → SHORT | long=sl(-4.80%) short=tp(+9.29%) | scanned=8 | short_tp_only
  [label] 2023-05-18 16:00 LTCUSDT entry=90.4100 → SHORT | long=sl(-5.26%) short=timeout(+4.19%) | scanned=22 | no_tp→fwd_return=-4.2916
  [label] 2023-06-03 16:00 LTCUSDT entry=96.0200 → SHORT | long=sl(-4.26%) short=tp(+8.22%) | scanned=5 | short_tp_only
  [label] 2023-06-16 00:00 LTCUSDT entry=75.2700 → LONG | long=tp(+12.22%) short=sl(-6.26%) | scanned=15 | long_tp_only
  [label] 2023-07-04 16:00 LTCUSDT entry=104.3100 → SHORT | long=sl(-8.85%) short=timeout(+7.19%) | scanned=22 | no_tp→fwd_return=-7.2860
  [label] 2023-07-10 16:00 LTCUSDT entry=96.6600 → SHORT | long=sl(-6.57%) short=sl(-6.57%) | scanned=20 | no_tp→fwd_return=-5.2762
  [label] 2023-07-23 00:00 LTCUSDT entry=92.4900 → LONG | long=sl(-4.45%) short=timeout(-2.18%) | scanned=22 | no_tp→fwd_return=+2.0759
  [label] 2023-08-31 08:00 LTCUSDT entry=66.0700 → SHORT | long=sl(-4.58%) short=timeout(+4.80%) | scanned=22 | no_tp→fwd_return=-4.9039
  [label] 2023-09-10 00:00 LTCUSDT entry=61.7600 → LONG | long=sl(-3.58%) short=sl(-3.58%) | scanned=16 | no_tp→fwd_return=+3.9670
  [label] 2023-12-04 08:00 LTCUSDT entry=72.5900 → LONG | long=tp(+7.14%) short=sl(-3.72%) | scanned=13 | long_tp_only
  [sample_weight_mode=composite_inv_concurrency] cell=(D, 2024-01) weight_mean=1.0000 weight_std=0.5021 kish=0.7987
  Labels: 1094 long (50.8%), 1059 short (49.2%) | weights: min=0.97, mean=1.00, max=20.30
  Features: 2153/2153 matched, 43 columns
  CV gap: 22 rows
  [ensemble 1/5] seed=42
  [frozen_hp] Trained with baseline HP: n_est=286 depth=4 ct=0.703
  [ensemble 2/5] seed=123
  [frozen_hp] Trained with baseline HP: n_est=485 depth=5 ct=0.520
  [ensemble 3/5] seed=456
  [frozen_hp] Trained with baseline HP: n_est=206 depth=5 ct=0.726
  [ensemble 4/5] seed=789
  [frozen_hp] Trained with baseline HP: n_est=440 depth=5 ct=0.695
  [ensemble 5/5] seed=1001
  [frozen_hp] Trained with baseline HP: n_est=407 depth=4 ct=0.500
  OOD: 16 features, cutoff (q=0.7) = 14.48
  Model trained for 2024-01: 93 test candles with features, confidence_threshold=0.629
[trade:close] 2024-01-03 15:59 LTCUSDT LONG → stop_loss @ 69.99 | PnL=-4.69% (net -4.79%) | cum=+57.87% 2024-01=-4.79% 2024-01-03=-4.79%
[predict] 2024-01-05 16:00 LTCUSDT → LONG (proba=0.81 TP=14.0%/SL=7.0%)
[trade:open] 2024-01-05 23:59 LTCUSDT LONG @ 65.99 | SL=61.36 TP=75.26 | timeout=2024-01-12 23:59
[trade:close] 2024-01-08 07:59 LTCUSDT LONG → stop_loss @ 61.36 | PnL=-7.02% (net -7.12%) | cum=+50.75% 2024-01=-11.91% 2024-01-08=-7.12%
[predict] 2024-01-17 16:00 LTCUSDT → LONG (proba=0.73 TP=9.6%/SL=4.8%)
[trade:open] 2024-01-17 23:59 LTCUSDT LONG @ 69.47 | SL=66.12 TP=76.16 | timeout=2024-01-24 23:59
[trade:close] 2024-01-18 23:59 LTCUSDT LONG → stop_loss @ 66.12 | PnL=-4.82% (net -4.92%) | cum=+45.83% 2024-01=-16.83% 2024-01-18=-4.92%
[predict] 2024-01-20 00:00 LTCUSDT → SHORT (proba=0.93 TP=11.1%/SL=5.5%)
[trade:open] 2024-01-20 07:59 LTCUSDT SHORT @ 72.18 | SL=76.19 TP=64.17 | timeout=2024-01-27 07:59
[trade:close] 2024-01-23 15:59 LTCUSDT SHORT → take_profit @ 64.17 | PnL=+11.10% (net +11.00%) | cum=+56.83% 2024-01=-5.83% 2024-01-23=+11.00%
[predict] 2024-01-25 00:00 LTCUSDT → LONG (proba=0.81 TP=10.0%/SL=5.0%)
[trade:open] 2024-01-25 07:59 LTCUSDT LONG @ 65.77 | SL=62.48 TP=72.34 | timeout=2024-02-01 07:59
[lgbm] === Training for 2024-02 ===
  Train window: 2022-02-01 → 2024-01-24
  2153 training samples from 1 symbols
  Samples per month: 2022-02: 75, 2022-03: 93, 2022-04: 84, 2022-05: 93, 2022-06: 90, 2022-07: 93, 2022-08: 93, 2022-09: 90, 2022-10: 93, 2022-11: 90, 2022-12: 93, 2023-01: 93, 2023-02: 84, 2023-03: 93, 2023-04: 90, 2023-05: 93, 2023-06: 90, 2023-07: 93, 2023-08: 93, 2023-09: 90, 2023-10: 93, 2023-11: 90, 2023-12: 93, 2024-01: 71
  [label] 2022-04-08 00:00 LTCUSDT entry=115.0000 → SHORT | long=sl(-5.90%) short=tp(+11.50%) | scanned=12 | short_tp_only
  [label] 2022-04-10 08:00 LTCUSDT entry=112.2200 → LONG | long=sl(-5.00%) short=timeout(-1.07%) | scanned=22 | no_tp→fwd_return=+0.9713
  [label] 2022-04-14 00:00 LTCUSDT entry=110.7700 → LONG | long=sl(-5.13%) short=timeout(-0.46%) | scanned=22 | no_tp→fwd_return=+0.3611
  [label] 2022-05-08 16:00 LTCUSDT entry=93.8400 → SHORT | long=sl(-6.31%) short=tp(+12.32%) | scanned=3 | short_tp_only
  [label] 2022-06-29 16:00 LTCUSDT entry=53.6500 → SHORT | long=sl(-8.59%) short=timeout(+6.11%) | scanned=22 | no_tp→fwd_return=-6.2069
  [label] 2022-12-11 08:00 LTCUSDT entry=77.3900 → SHORT | long=sl(-4.64%) short=tp(+8.97%) | scanned=15 | short_tp_only
  [label] 2022-12-15 08:00 LTCUSDT entry=73.9800 → SHORT | long=sl(-5.60%) short=tp(+10.90%) | scanned=4 | short_tp_only
  [label] 2022-12-26 00:00 LTCUSDT entry=68.8700 → SHORT | long=sl(-4.14%) short=sl(-4.14%) | scanned=8 | no_tp→fwd_return=-3.7752
  [label] 2023-02-08 16:00 LTCUSDT entry=99.1900 → SHORT | long=sl(-5.02%) short=tp(+9.74%) | scanned=15 | short_tp_only
  [label] 2023-02-17 00:00 LTCUSDT entry=99.5000 → SHORT | long=sl(-6.10%) short=timeout(+5.42%) | scanned=22 | no_tp→fwd_return=-5.5176
  [label] 2023-05-18 00:00 LTCUSDT entry=92.9200 → SHORT | long=sl(-5.09%) short=tp(+9.87%) | scanned=21 | short_tp_only
  [label] 2023-06-18 16:00 LTCUSDT entry=77.1400 → LONG | long=tp(+9.11%) short=sl(-4.71%) | scanned=7 | long_tp_only
  [label] 2023-07-04 16:00 LTCUSDT entry=104.3100 → SHORT | long=sl(-8.85%) short=timeout(+7.19%) | scanned=22 | no_tp→fwd_return=-7.2860
  [label] 2023-07-17 00:00 LTCUSDT entry=92.9700 → SHORT | long=timeout(-0.66%) short=timeout(+0.46%) | scanned=22 | no_tp→fwd_return=-0.5593
  [label] 2023-08-04 16:00 LTCUSDT entry=82.1800 → LONG | long=timeout(+1.55%) short=timeout(-1.75%) | scanned=22 | no_tp→fwd_return=+1.6549
  [label] 2023-08-10 16:00 LTCUSDT entry=83.0900 → SHORT | long=sl(-3.51%) short=tp(+6.72%) | scanned=15 | short_tp_only
  [label] 2023-08-23 00:00 LTCUSDT entry=64.9900 → LONG | long=timeout(+4.05%) short=sl(-6.16%) | scanned=22 | no_tp→fwd_return=+4.1545
  [label] 2023-10-01 08:00 LTCUSDT entry=66.8600 → SHORT | long=sl(-3.04%) short=sl(-3.04%) | scanned=4 | no_tp→fwd_return=-1.4059
  [label] 2023-10-11 00:00 LTCUSDT entry=62.7100 → LONG | long=sl(-3.14%) short=sl(-3.14%) | scanned=16 | no_tp→fwd_return=+1.2438
  [label] 2024-01-04 08:00 LTCUSDT entry=66.3100 → LONG | long=sl(-7.43%) short=sl(-7.43%) | scanned=19 | no_tp→fwd_return=+5.7307
  [sample_weight_mode=composite_inv_concurrency] cell=(D, 2024-02) weight_mean=1.0000 weight_std=0.5021 kish=0.7987
  Labels: 1082 long (50.3%), 1071 short (49.7%) | weights: min=0.97, mean=1.00, max=20.30
  Features: 2153/2153 matched, 43 columns
  CV gap: 22 rows
  [ensemble 1/5] seed=42
  [frozen_hp] Trained with baseline HP: n_est=233 depth=3 ct=0.800
  [ensemble 2/5] seed=123
  [frozen_hp] Trained with baseline HP: n_est=252 depth=4 ct=0.831
  [ensemble 3/5] seed=456
  [frozen_hp] Trained with baseline HP: n_est=172 depth=3 ct=0.677
  [ensemble 4/5] seed=789
  [frozen_hp] Trained with baseline HP: n_est=462 depth=4 ct=0.842
  [ensemble 5/5] seed=1001
  [frozen_hp] Trained with baseline HP: n_est=64 depth=4 ct=0.849
  OOD: 16 features, cutoff (q=0.7) = 14.27
  Model trained for 2024-02: 87 test candles with features, confidence_threshold=0.800
[trade:close] 2024-02-01 08:00 LTCUSDT LONG → timeout @ 66.54 | PnL=+1.17% (net +1.07%) | cum=+57.90% 2024-02=+1.07% 2024-02-01=+1.07%
[predict] 2024-02-17 16:00 LTCUSDT → SHORT (proba=0.85 TP=7.7%/SL=3.8%)
[trade:open] 2024-02-17 23:59 LTCUSDT SHORT @ 70.00 | SL=72.68 TP=64.64 | timeout=2024-02-24 23:59
[trade:close] 2024-02-25 00:00 LTCUSDT SHORT → timeout @ 70.48 | PnL=-0.69% (net -0.79%) | cum=+57.11% 2024-02=+0.29% 2024-02-25=-0.79%
[lgbm] === Training for 2024-03 ===
  Train window: 2022-03-01 → 2024-02-22
  2165 training samples from 1 symbols
  Samples per month: 2022-03: 93, 2022-04: 84, 2022-05: 93, 2022-06: 90, 2022-07: 93, 2022-08: 93, 2022-09: 90, 2022-10: 93, 2022-11: 90, 2022-12: 93, 2023-01: 93, 2023-02: 84, 2023-03: 93, 2023-04: 90, 2023-05: 93, 2023-06: 90, 2023-07: 93, 2023-08: 93, 2023-09: 90, 2023-10: 93, 2023-11: 90, 2023-12: 93, 2024-01: 93, 2024-02: 65
  [label] 2022-05-03 08:00 LTCUSDT entry=100.9600 → SHORT | long=sl(-5.10%) short=sl(-5.10%) | scanned=7 | no_tp→fwd_return=-4.1105
  [label] 2022-05-05 16:00 LTCUSDT entry=96.8100 → SHORT | long=sl(-6.57%) short=tp(+12.84%) | scanned=11 | short_tp_only
  [label] 2022-05-09 08:00 LTCUSDT entry=84.4700 → SHORT | long=sl(-8.13%) short=tp(+15.96%) | scanned=6 | short_tp_only
  [label] 2022-06-03 08:00 LTCUSDT entry=61.8000 → SHORT | long=sl(-6.83%) short=sl(-6.83%) | scanned=21 | no_tp→fwd_return=-7.0550
  [label] 2022-07-25 08:00 LTCUSDT entry=56.4200 → LONG | long=sl(-6.88%) short=sl(-6.88%) | scanned=8 | no_tp→fwd_return=+5.4236
  [label] 2023-01-07 00:00 LTCUSDT entry=76.0200 → LONG | long=tp(+9.41%) short=sl(-4.86%) | scanned=6 | long_tp_only
  [label] 2023-01-11 08:00 LTCUSDT entry=80.7900 → LONG | long=tp(+11.28%) short=sl(-5.79%) | scanned=8 | long_tp_only
  [label] 2023-01-22 00:00 LTCUSDT entry=88.7600 → LONG | long=timeout(+6.30%) short=sl(-5.93%) | scanned=22 | no_tp→fwd_return=+6.3993
  [label] 2023-03-07 16:00 LTCUSDT entry=86.2700 → SHORT | long=sl(-4.97%) short=tp(+9.63%) | scanned=6 | short_tp_only
  [label] 2023-03-16 08:00 LTCUSDT entry=79.0000 → LONG | long=tp(+19.11%) short=sl(-9.71%) | scanned=21 | long_tp_only
  [label] 2023-06-14 16:00 LTCUSDT entry=73.0900 → LONG | long=tp(+14.27%) short=sl(-7.29%) | scanned=19 | long_tp_only
  [label] 2023-07-16 08:00 LTCUSDT entry=94.8000 → SHORT | long=sl(-5.90%) short=timeout(+2.75%) | scanned=22 | no_tp→fwd_return=-2.8481
  [label] 2023-08-01 08:00 LTCUSDT entry=93.0700 → SHORT | long=sl(-5.06%) short=tp(+9.83%) | scanned=7 | short_tp_only
  [label] 2023-08-14 00:00 LTCUSDT entry=82.1900 → SHORT | long=sl(-2.69%) short=tp(+5.09%) | scanned=5 | short_tp_only
  [label] 2023-09-01 16:00 LTCUSDT entry=62.9400 → SHORT | long=timeout(-0.70%) short=timeout(+0.50%) | scanned=22 | no_tp→fwd_return=-0.6037
  [label] 2023-09-07 16:00 LTCUSDT entry=63.6800 → SHORT | long=sl(-3.47%) short=tp(+6.64%) | scanned=11 | short_tp_only
  [label] 2023-09-20 00:00 LTCUSDT entry=66.4700 → SHORT | long=sl(-4.64%) short=timeout(+3.87%) | scanned=22 | no_tp→fwd_return=-3.9717
  [label] 2023-10-29 16:00 LTCUSDT entry=68.8200 → LONG | long=timeout(+4.01%) short=sl(-4.71%) | scanned=22 | no_tp→fwd_return=+4.1122
  [label] 2023-11-08 08:00 LTCUSDT entry=73.2300 → LONG | long=sl(-4.91%) short=sl(-4.91%) | scanned=12 | no_tp→fwd_return=+2.5946
  [label] 2024-02-02 08:00 LTCUSDT entry=68.3700 → LONG | long=timeout(+3.56%) short=sl(-3.61%) | scanned=22 | no_tp→fwd_return=+3.6566
  [sample_weight_mode=composite_inv_concurrency] cell=(D, 2024-03) weight_mean=1.0000 weight_std=0.5003 kish=0.7998
  Labels: 1108 long (51.2%), 1057 short (48.8%) | weights: min=0.97, mean=1.00, max=20.41
  Features: 2165/2165 matched, 43 columns
  CV gap: 22 rows
  [ensemble 1/5] seed=42
  [frozen_hp] Trained with baseline HP: n_est=102 depth=5 ct=0.526
  [ensemble 2/5] seed=123
  [frozen_hp] Trained with baseline HP: n_est=494 depth=3 ct=0.845
  [ensemble 3/5] seed=456
  [frozen_hp] Trained with baseline HP: n_est=71 depth=4 ct=0.619
  [ensemble 4/5] seed=789
  [frozen_hp] Trained with baseline HP: n_est=325 depth=3 ct=0.826
  [ensemble 5/5] seed=1001
  [frozen_hp] Trained with baseline HP: n_est=310 depth=4 ct=0.585
  OOD: 16 features, cutoff (q=0.7) = 14.02
  Model trained for 2024-03: 93 test candles with features, confidence_threshold=0.680
[predict] 2024-03-29 00:00 LTCUSDT → LONG (proba=0.70 TP=13.4%/SL=6.7%)
[trade:open] 2024-03-29 07:59 LTCUSDT LONG @ 93.22 | SL=86.99 TP=105.67 | timeout=2024-04-05 07:59
[trade:close] 2024-03-29 15:59 LTCUSDT LONG → take_profit @ 105.67 | PnL=+13.36% (net +13.26%) | cum=+70.37% 2024-03=+13.26% 2024-03-29=+13.26%
[lgbm] === Training for 2024-04 ===
  Train window: 2022-04-01 → 2024-03-24
  2165 training samples from 1 symbols
  Samples per month: 2022-04: 84, 2022-05: 93, 2022-06: 90, 2022-07: 93, 2022-08: 93, 2022-09: 90, 2022-10: 93, 2022-11: 90, 2022-12: 93, 2023-01: 93, 2023-02: 84, 2023-03: 93, 2023-04: 90, 2023-05: 93, 2023-06: 90, 2023-07: 93, 2023-08: 93, 2023-09: 90, 2023-10: 93, 2023-11: 90, 2023-12: 93, 2024-01: 93, 2024-02: 87, 2024-03: 71
  [label] 2022-06-03 08:00 LTCUSDT entry=61.8000 → SHORT | long=sl(-6.83%) short=sl(-6.83%) | scanned=21 | no_tp→fwd_return=-7.0550
  [label] 2022-06-05 16:00 LTCUSDT entry=63.1000 → SHORT | long=sl(-5.50%) short=sl(-5.50%) | scanned=12 | no_tp→fwd_return=-4.6434
  [label] 2022-06-09 08:00 LTCUSDT entry=61.2700 → SHORT | long=sl(-6.16%) short=tp(+12.03%) | scanned=6 | short_tp_only
  [label] 2022-07-04 08:00 LTCUSDT entry=51.1700 → SHORT | long=timeout(-1.45%) short=sl(-7.60%) | scanned=22 | no_tp→fwd_return=-1.3484
  [label] 2022-08-25 08:00 LTCUSDT entry=56.2000 → SHORT | long=sl(-6.27%) short=timeout(+2.27%) | scanned=22 | no_tp→fwd_return=-2.3665
  [label] 2023-02-07 00:00 LTCUSDT entry=98.8700 → SHORT | long=sl(-5.07%) short=tp(+9.83%) | scanned=20 | short_tp_only
  [label] 2023-02-11 08:00 LTCUSDT entry=93.6700 → LONG | long=sl(-5.31%) short=sl(-5.31%) | scanned=13 | no_tp→fwd_return=+9.7683
  [label] 2023-02-22 00:00 LTCUSDT entry=95.0600 → LONG | long=sl(-5.46%) short=timeout(-2.51%) | scanned=22 | no_tp→fwd_return=+2.4090
  [label] 2023-04-07 16:00 LTCUSDT entry=90.5600 → LONG | long=tp(+8.95%) short=sl(-4.63%) | scanned=19 | long_tp_only
  [label] 2023-04-16 08:00 LTCUSDT entry=101.3400 → SHORT | long=sl(-4.59%) short=tp(+8.88%) | scanned=10 | short_tp_only
  [label] 2023-07-15 16:00 LTCUSDT entry=94.7400 → SHORT | long=timeout(-2.94%) short=timeout(+2.74%) | scanned=22 | no_tp→fwd_return=-2.8393
  [label] 2023-08-16 08:00 LTCUSDT entry=77.9500 → SHORT | long=sl(-3.54%) short=tp(+6.78%) | scanned=1 | short_tp_only
  [label] 2023-09-01 08:00 LTCUSDT entry=63.1800 → SHORT | long=timeout(-1.11%) short=timeout(+0.91%) | scanned=22 | no_tp→fwd_return=-1.0130
  [label] 2023-09-14 00:00 LTCUSDT entry=62.4600 → LONG | long=tp(+9.16%) short=sl(-4.73%) | scanned=16 | long_tp_only
  [label] 2023-10-02 16:00 LTCUSDT entry=65.9200 → SHORT | long=sl(-3.81%) short=timeout(+4.28%) | scanned=22 | no_tp→fwd_return=-4.3841
  [label] 2023-10-08 16:00 LTCUSDT entry=65.2900 → SHORT | long=sl(-2.67%) short=tp(+5.05%) | scanned=3 | short_tp_only
  [label] 2023-10-21 00:00 LTCUSDT entry=64.0800 → LONG | long=tp(+6.03%) short=sl(-3.17%) | scanned=8 | long_tp_only
  [label] 2023-11-29 16:00 LTCUSDT entry=70.0300 → LONG | long=tp(+6.77%) short=sl(-3.53%) | scanned=13 | long_tp_only
  [label] 2023-12-09 08:00 LTCUSDT entry=77.6100 → SHORT | long=sl(-4.69%) short=tp(+9.07%) | scanned=5 | short_tp_only
  [label] 2024-03-04 08:00 LTCUSDT entry=90.4500 → SHORT | long=sl(-8.59%) short=tp(+16.89%) | scanned=4 | short_tp_only
  [sample_weight_mode=composite_inv_concurrency] cell=(D, 2024-04) weight_mean=1.0000 weight_std=0.5009 kish=0.7994
  Labels: 1108 long (51.2%), 1057 short (48.8%) | weights: min=0.97, mean=1.00, max=20.47
  Features: 2165/2165 matched, 43 columns
  CV gap: 22 rows
  [ensemble 1/5] seed=42
  [frozen_hp] Trained with baseline HP: n_est=306 depth=4 ct=0.687
  [ensemble 2/5] seed=123
  [frozen_hp] Trained with baseline HP: n_est=494 depth=3 ct=0.845
  [ensemble 3/5] seed=456
  [frozen_hp] Trained with baseline HP: n_est=149 depth=5 ct=0.826
  [ensemble 4/5] seed=789
  [frozen_hp] Trained with baseline HP: n_est=329 depth=3 ct=0.676
  [ensemble 5/5] seed=1001
  [frozen_hp] Trained with baseline HP: n_est=223 depth=4 ct=0.769
  OOD: 16 features, cutoff (q=0.7) = 14.22
  Model trained for 2024-04: 90 test candles with features, confidence_threshold=0.760
[predict] 2024-04-08 00:00 LTCUSDT → SHORT (proba=0.77 TP=13.9%/SL=6.9%)
[trade:open] 2024-04-08 07:59 LTCUSDT SHORT @ 102.22 | SL=109.30 TP=88.06 | timeout=2024-04-15 07:59
[trade:close] 2024-04-12 23:59 LTCUSDT SHORT → take_profit @ 88.06 | PnL=+13.85% (net +13.75%) | cum=+84.13% 2024-04=+13.75% 2024-04-12=+13.75%
[predict] 2024-04-17 08:00 LTCUSDT → LONG (proba=0.83 TP=19.6%/SL=9.8%)
[trade:open] 2024-04-17 15:59 LTCUSDT LONG @ 77.36 | SL=69.78 TP=92.52 | timeout=2024-04-24 15:59
[trade:close] 2024-04-24 16:00 LTCUSDT LONG → timeout @ 84.87 | PnL=+9.71% (net +9.61%) | cum=+93.73% 2024-04=+23.36% 2024-04-24=+9.61%
[predict] 2024-04-25 16:00 LTCUSDT → SHORT (proba=0.77 TP=10.5%/SL=5.2%)
[trade:open] 2024-04-25 23:59 LTCUSDT SHORT @ 83.72 | SL=88.11 TP=74.94 | timeout=2024-05-02 23:59
[trade:close] 2024-04-26 15:59 LTCUSDT SHORT → stop_loss @ 88.11 | PnL=-5.24% (net -5.34%) | cum=+88.39% 2024-04=+18.02% 2024-04-26=-5.34%
[predict] 2024-04-29 00:00 LTCUSDT → SHORT (proba=0.81 TP=10.7%/SL=5.3%)
[trade:open] 2024-04-29 07:59 LTCUSDT SHORT @ 82.38 | SL=86.78 TP=73.58 | timeout=2024-05-06 07:59
[lgbm] === Training for 2024-05 ===
  Train window: 2022-05-01 → 2024-04-23
  2171 training samples from 1 symbols
  Samples per month: 2022-05: 93, 2022-06: 90, 2022-07: 93, 2022-08: 93, 2022-09: 90, 2022-10: 93, 2022-11: 90, 2022-12: 93, 2023-01: 93, 2023-02: 84, 2023-03: 93, 2023-04: 90, 2023-05: 93, 2023-06: 90, 2023-07: 93, 2023-08: 93, 2023-09: 90, 2023-10: 93, 2023-11: 90, 2023-12: 93, 2024-01: 93, 2024-02: 87, 2024-03: 93, 2024-04: 68
  [label] 2022-07-01 16:00 LTCUSDT entry=51.1600 → LONG | long=timeout(+0.17%) short=timeout(-0.37%) | scanned=22 | no_tp→fwd_return=+0.2737
  [label] 2022-07-04 00:00 LTCUSDT entry=49.8800 → LONG | long=timeout(+1.94%) short=sl(-7.74%) | scanned=22 | no_tp→fwd_return=+2.0449
  [label] 2022-07-07 16:00 LTCUSDT entry=52.1300 → SHORT | long=sl(-6.53%) short=timeout(+1.51%) | scanned=22 | no_tp→fwd_return=-1.6114
  [label] 2022-08-01 08:00 LTCUSDT entry=59.7300 → LONG | long=timeout(+5.22%) short=sl(-7.12%) | scanned=22 | no_tp→fwd_return=+5.3240
  [label] 2022-09-23 00:00 LTCUSDT entry=53.5400 → LONG | long=timeout(+0.63%) short=timeout(-0.83%) | scanned=22 | no_tp→fwd_return=+0.7284
  [label] 2023-03-08 00:00 LTCUSDT entry=84.6000 → SHORT | long=sl(-5.06%) short=tp(+9.82%) | scanned=5 | short_tp_only
  [label] 2023-03-12 00:00 LTCUSDT entry=68.5000 → LONG | long=tp(+17.64%) short=sl(-8.97%) | scanned=4 | long_tp_only
  [label] 2023-03-22 16:00 LTCUSDT entry=87.2400 → LONG | long=timeout(+4.50%) short=sl(-8.23%) | scanned=22 | no_tp→fwd_return=+4.5965
  [label] 2023-05-06 16:00 LTCUSDT entry=83.2200 → SHORT | long=sl(-5.21%) short=timeout(+3.52%) | scanned=22 | no_tp→fwd_return=-3.6169
  [label] 2023-05-15 08:00 LTCUSDT entry=88.1200 → LONG | long=timeout(+3.21%) short=sl(-5.26%) | scanned=22 | no_tp→fwd_return=+3.3137
  [label] 2023-08-13 16:00 LTCUSDT entry=81.8800 → SHORT | long=sl(-2.73%) short=tp(+5.16%) | scanned=6 | short_tp_only
  [label] 2023-09-14 16:00 LTCUSDT entry=62.7800 → LONG | long=tp(+8.56%) short=sl(-4.43%) | scanned=14 | long_tp_only
  [label] 2023-10-01 00:00 LTCUSDT entry=66.1600 → SHORT | long=sl(-2.92%) short=sl(-2.92%) | scanned=9 | no_tp→fwd_return=-2.6300
  [label] 2023-10-13 16:00 LTCUSDT entry=61.5400 → LONG | long=tp(+5.71%) short=sl(-3.00%) | scanned=8 | long_tp_only
  [label] 2023-11-01 00:00 LTCUSDT entry=68.1300 → LONG | long=tp(+9.40%) short=sl(-4.85%) | scanned=17 | long_tp_only
  [label] 2023-11-07 08:00 LTCUSDT entry=71.9600 → LONG | long=sl(-5.05%) short=sl(-5.05%) | scanned=7 | no_tp→fwd_return=+2.6681
  [label] 2023-11-19 16:00 LTCUSDT entry=70.5800 → SHORT | long=sl(-5.15%) short=timeout(+0.68%) | scanned=22 | no_tp→fwd_return=-0.7793
  [label] 2023-12-29 08:00 LTCUSDT entry=75.5600 → SHORT | long=sl(-5.13%) short=tp(+9.95%) | scanned=15 | short_tp_only
  [label] 2024-01-08 00:00 LTCUSDT entry=64.6300 → LONG | long=tp(+12.39%) short=sl(-6.35%) | scanned=10 | long_tp_only
  [label] 2024-04-03 08:00 LTCUSDT entry=98.6800 → SHORT | long=timeout(-3.03%) short=timeout(+2.83%) | scanned=22 | no_tp→fwd_return=-2.9287
  [sample_weight_mode=composite_inv_concurrency] cell=(D, 2024-05) weight_mean=1.0000 weight_std=0.5002 kish=0.7999
  Labels: 1120 long (51.6%), 1051 short (48.4%) | weights: min=0.98, mean=1.00, max=20.48
  Features: 2171/2171 matched, 43 columns
  CV gap: 22 rows
  [ensemble 1/5] seed=42
  [frozen_hp] Trained with baseline HP: n_est=427 depth=3 ct=0.808
  [ensemble 2/5] seed=123
  [frozen_hp] Trained with baseline HP: n_est=399 depth=3 ct=0.642
  [ensemble 3/5] seed=456
  [frozen_hp] Trained with baseline HP: n_est=127 depth=4 ct=0.634
  [ensemble 4/5] seed=789
  [frozen_hp] Trained with baseline HP: n_est=117 depth=3 ct=0.524
  [ensemble 5/5] seed=1001
  [frozen_hp] Trained with baseline HP: n_est=266 depth=3 ct=0.709
  OOD: 16 features, cutoff (q=0.7) = 14.30
  Model trained for 2024-05: 93 test candles with features, confidence_threshold=0.663
[trade:close] 2024-05-06 08:00 LTCUSDT SHORT → timeout @ 83.28 | PnL=-1.09% (net -1.19%) | cum=+87.20% 2024-05=-1.19% 2024-05-06=-1.19%
[predict] 2024-05-07 00:00 LTCUSDT → SHORT (proba=0.80 TP=9.3%/SL=4.6%)
[trade:open] 2024-05-07 07:59 LTCUSDT SHORT @ 80.39 | SL=84.11 TP=72.95 | timeout=2024-05-14 07:59
[trade:close] 2024-05-14 08:00 LTCUSDT SHORT → timeout @ 80.89 | PnL=-0.62% (net -0.72%) | cum=+86.48% 2024-05=-1.91% 2024-05-14=-0.72%
[predict] 2024-05-15 00:00 LTCUSDT → LONG (proba=0.88 TP=7.8%/SL=3.9%)
[trade:open] 2024-05-15 07:59 LTCUSDT LONG @ 78.76 | SL=75.70 TP=84.88 | timeout=2024-05-22 07:59
[trade:close] 2024-05-20 23:59 LTCUSDT LONG → take_profit @ 84.88 | PnL=+7.77% (net +7.67%) | cum=+94.15% 2024-05=+5.76% 2024-05-20=+7.67%
[predict] 2024-05-22 00:00 LTCUSDT → LONG (proba=0.79 TP=7.8%/SL=3.9%)
[trade:open] 2024-05-22 07:59 LTCUSDT LONG @ 87.18 | SL=83.77 TP=94.00 | timeout=2024-05-29 07:59
[trade:close] 2024-05-23 23:59 LTCUSDT LONG → stop_loss @ 83.77 | PnL=-3.91% (net -4.01%) | cum=+90.14% 2024-05=+1.75% 2024-05-23=-4.01%
[predict] 2024-05-24 16:00 LTCUSDT → LONG (proba=0.72 TP=9.4%/SL=4.7%)
[trade:open] 2024-05-24 23:59 LTCUSDT LONG @ 85.05 | SL=81.04 TP=93.08 | timeout=2024-05-31 23:59
[trade:close] 2024-06-01 00:00 LTCUSDT LONG → timeout @ 83.25 | PnL=-2.12% (net -2.22%) | cum=+87.92% 2024-06=-2.22% 2024-06-01=-2.22%
[lgbm] === Training for 2024-06 ===
  Train window: 2022-06-01 → 2024-05-24
  2171 training samples from 1 symbols
  Samples per month: 2022-06: 90, 2022-07: 93, 2022-08: 93, 2022-09: 90, 2022-10: 93, 2022-11: 90, 2022-12: 93, 2023-01: 93, 2023-02: 84, 2023-03: 93, 2023-04: 90, 2023-05: 93, 2023-06: 90, 2023-07: 93, 2023-08: 93, 2023-09: 90, 2023-10: 93, 2023-11: 90, 2023-12: 93, 2024-01: 93, 2024-02: 87, 2024-03: 93, 2024-04: 90, 2024-05: 71
  [label] 2022-08-01 16:00 LTCUSDT entry=59.4300 → LONG | long=timeout(+5.18%) short=sl(-6.94%) | scanned=22 | no_tp→fwd_return=+5.2835
  [label] 2022-08-04 00:00 LTCUSDT entry=58.5300 → LONG | long=timeout(+5.40%) short=sl(-6.80%) | scanned=22 | no_tp→fwd_return=+5.5015
  [label] 2022-08-07 16:00 LTCUSDT entry=61.0600 → LONG | long=sl(-5.28%) short=sl(-5.28%) | scanned=16 | no_tp→fwd_return=+4.3727
  [label] 2022-09-01 08:00 LTCUSDT entry=54.8700 → LONG | long=tp(+14.19%) short=sl(-7.24%) | scanned=14 | long_tp_only
  [label] 2022-10-24 00:00 LTCUSDT entry=52.9400 → LONG | long=tp(+6.29%) short=sl(-3.29%) | scanned=5 | long_tp_only
  [label] 2023-04-08 00:00 LTCUSDT entry=90.9500 → LONG | long=tp(+8.56%) short=sl(-4.43%) | scanned=18 | long_tp_only
  [label] 2023-04-12 00:00 LTCUSDT entry=92.0300 → LONG | long=tp(+8.61%) short=sl(-4.45%) | scanned=13 | long_tp_only
  [label] 2023-04-22 16:00 LTCUSDT entry=86.9500 → LONG | long=timeout(+4.60%) short=sl(-6.21%) | scanned=22 | no_tp→fwd_return=+4.7039
  [label] 2023-06-06 16:00 LTCUSDT entry=90.8800 → SHORT | long=sl(-5.68%) short=tp(+11.07%) | scanned=10 | short_tp_only
  [label] 2023-06-15 08:00 LTCUSDT entry=73.6600 → LONG | long=tp(+13.29%) short=sl(-6.79%) | scanned=17 | long_tp_only
  [label] 2023-09-13 16:00 LTCUSDT entry=61.9500 → LONG | long=tp(+9.51%) short=sl(-4.90%) | scanned=17 | long_tp_only
  [label] 2023-10-15 16:00 LTCUSDT entry=61.5800 → LONG | long=tp(+4.39%) short=sl(-2.34%) | scanned=2 | long_tp_only
  [label] 2023-11-01 00:00 LTCUSDT entry=68.1300 → LONG | long=tp(+9.40%) short=sl(-4.85%) | scanned=17 | long_tp_only
  [label] 2023-11-13 16:00 LTCUSDT entry=71.1400 → SHORT | long=timeout(-2.36%) short=timeout(+2.16%) | scanned=22 | no_tp→fwd_return=-2.2631
  [label] 2023-12-02 00:00 LTCUSDT entry=71.8500 → LONG | long=tp(+5.53%) short=sl(-2.92%) | scanned=19 | long_tp_only
  [label] 2023-12-08 08:00 LTCUSDT entry=76.0300 → SHORT | long=sl(-4.37%) short=sl(-4.37%) | scanned=8 | no_tp→fwd_return=-3.7748
  [label] 2023-12-20 16:00 LTCUSDT entry=69.8800 → LONG | long=tp(+8.19%) short=sl(-4.24%) | scanned=20 | long_tp_only
  [label] 2024-01-29 08:00 LTCUSDT entry=67.5300 → SHORT | long=timeout(-0.13%) short=sl(-3.46%) | scanned=22 | no_tp→fwd_return=-0.0296
  [label] 2024-02-08 00:00 LTCUSDT entry=68.7600 → LONG | long=tp(+4.59%) short=sl(-2.44%) | scanned=9 | long_tp_only
  [label] 2024-05-04 08:00 LTCUSDT entry=82.3000 → SHORT | long=timeout(-1.92%) short=timeout(+1.72%) | scanned=22 | no_tp→fwd_return=-1.8226
  [sample_weight_mode=composite_inv_concurrency] cell=(D, 2024-06) weight_mean=1.0000 weight_std=0.5002 kish=0.7999
  Labels: 1147 long (52.8%), 1024 short (47.2%) | weights: min=0.98, mean=1.00, max=20.48
  Features: 2171/2171 matched, 43 columns
  CV gap: 22 rows
  [ensemble 1/5] seed=42
  [frozen_hp] Trained with baseline HP: n_est=147 depth=4 ct=0.799
  [ensemble 2/5] seed=123
  [frozen_hp] Trained with baseline HP: n_est=321 depth=5 ct=0.790
  [ensemble 3/5] seed=456
  [frozen_hp] Trained with baseline HP: n_est=362 depth=4 ct=0.741
  [ensemble 4/5] seed=789
  [frozen_hp] Trained with baseline HP: n_est=56 depth=4 ct=0.806
  [ensemble 5/5] seed=1001
  [frozen_hp] Trained with baseline HP: n_est=177 depth=4 ct=0.790
  OOD: 16 features, cutoff (q=0.7) = 14.28
  Model trained for 2024-06: 90 test candles with features, confidence_threshold=0.785
[predict] 2024-06-12 08:00 LTCUSDT → LONG (proba=0.82 TP=8.1%/SL=4.1%)
[trade:open] 2024-06-12 15:59 LTCUSDT LONG @ 78.69 | SL=75.49 TP=85.10 | timeout=2024-06-19 15:59
[trade:close] 2024-06-17 23:59 LTCUSDT LONG → stop_loss @ 75.49 | PnL=-4.07% (net -4.17%) | cum=+83.75% 2024-06=-6.39% 2024-06-17=-4.17%
[predict] 2024-06-19 00:00 LTCUSDT → LONG (proba=0.80 TP=10.3%/SL=5.2%)
[trade:open] 2024-06-19 07:59 LTCUSDT LONG @ 73.98 | SL=70.16 TP=81.62 | timeout=2024-06-26 07:59
[trade:close] 2024-06-24 15:59 LTCUSDT LONG → stop_loss @ 70.16 | PnL=-5.16% (net -5.26%) | cum=+78.48% 2024-06=-11.65% 2024-06-24=-5.26%
[predict] 2024-06-26 00:00 LTCUSDT → LONG (proba=0.79 TP=8.2%/SL=4.1%)
[trade:open] 2024-06-26 07:59 LTCUSDT LONG @ 71.29 | SL=68.38 TP=77.11 | timeout=2024-07-03 07:59
[lgbm] === Training for 2024-07 ===
  Train window: 2022-07-01 → 2024-06-23
  2171 training samples from 1 symbols
  Samples per month: 2022-07: 93, 2022-08: 93, 2022-09: 90, 2022-10: 93, 2022-11: 90, 2022-12: 93, 2023-01: 93, 2023-02: 84, 2023-03: 93, 2023-04: 90, 2023-05: 93, 2023-06: 90, 2023-07: 93, 2023-08: 93, 2023-09: 90, 2023-10: 93, 2023-11: 90, 2023-12: 93, 2024-01: 93, 2024-02: 87, 2024-03: 93, 2024-04: 90, 2024-05: 93, 2024-06: 68
  [label] 2022-08-31 16:00 LTCUSDT entry=53.8000 → LONG | long=tp(+13.94%) short=sl(-7.12%) | scanned=5 | long_tp_only
  [label] 2022-09-03 00:00 LTCUSDT entry=59.9600 → LONG | long=sl(-7.49%) short=timeout(-1.52%) | scanned=22 | no_tp→fwd_return=+1.4176
  [label] 2022-09-06 16:00 LTCUSDT entry=54.0900 → LONG | long=tp(+16.30%) short=sl(-8.30%) | scanned=11 | long_tp_only
  [label] 2022-10-01 08:00 LTCUSDT entry=53.4500 → SHORT | long=timeout(-0.64%) short=timeout(+0.44%) | scanned=22 | no_tp→fwd_return=-0.5426
  [label] 2022-11-23 00:00 LTCUSDT entry=79.6400 → SHORT | long=sl(-9.52%) short=timeout(+1.90%) | scanned=22 | no_tp→fwd_return=-1.9965
  [label] 2023-05-08 00:00 LTCUSDT entry=81.0000 → LONG | long=sl(-5.40%) short=sl(-5.40%) | scanned=21 | no_tp→fwd_return=+7.6420
  [label] 2023-05-12 00:00 LTCUSDT entry=79.0000 → LONG | long=tp(+12.25%) short=sl(-6.28%) | scanned=12 | long_tp_only
  [label] 2023-05-22 16:00 LTCUSDT entry=90.7900 → SHORT | long=sl(-4.00%) short=tp(+7.70%) | scanned=7 | short_tp_only
  [label] 2023-07-06 16:00 LTCUSDT entry=95.2100 → LONG | long=timeout(+6.87%) short=timeout(-7.07%) | scanned=22 | no_tp→fwd_return=+6.9741
  [label] 2023-07-15 08:00 LTCUSDT entry=94.3600 → SHORT | long=timeout(-0.63%) short=timeout(+0.43%) | scanned=22 | no_tp→fwd_return=-0.5299
  [label] 2023-10-13 16:00 LTCUSDT entry=61.5400 → LONG | long=tp(+5.71%) short=sl(-3.00%) | scanned=8 | long_tp_only
  [label] 2023-11-14 16:00 LTCUSDT entry=70.6400 → SHORT | long=sl(-7.07%) short=timeout(+6.23%) | scanned=22 | no_tp→fwd_return=-6.3279
  [label] 2023-12-01 00:00 LTCUSDT entry=70.4000 → LONG | long=tp(+5.80%) short=sl(-3.05%) | scanned=9 | long_tp_only
  [label] 2023-12-13 16:00 LTCUSDT entry=73.1900 → SHORT | long=sl(-5.60%) short=timeout(+4.42%) | scanned=22 | no_tp→fwd_return=-4.5225
  [label] 2024-01-01 00:00 LTCUSDT entry=73.2700 → SHORT | long=sl(-4.70%) short=tp(+9.10%) | scanned=7 | short_tp_only
  [label] 2024-01-07 08:00 LTCUSDT entry=65.0100 → LONG | long=sl(-6.02%) short=sl(-6.02%) | scanned=10 | no_tp→fwd_return=+7.8449
  [label] 2024-01-19 16:00 LTCUSDT entry=71.3200 → SHORT | long=sl(-5.73%) short=tp(+11.16%) | scanned=11 | short_tp_only
  [label] 2024-02-28 08:00 LTCUSDT entry=75.0500 → LONG | long=sl(-4.45%) short=sl(-4.45%) | scanned=2 | no_tp→fwd_return=+9.7801
  [label] 2024-03-09 00:00 LTCUSDT entry=88.8100 → LONG | long=tp(+18.25%) short=sl(-9.28%) | scanned=8 | long_tp_only
  [label] 2024-06-03 08:00 LTCUSDT entry=83.3900 → SHORT | long=sl(-3.10%) short=sl(-3.10%) | scanned=13 | no_tp→fwd_return=-3.8973
  [sample_weight_mode=composite_inv_concurrency] cell=(D, 2024-07) weight_mean=1.0000 weight_std=0.5002 kish=0.7999
  Labels: 1125 long (51.8%), 1046 short (48.2%) | weights: min=0.98, mean=1.00, max=20.48
  Features: 2171/2171 matched, 43 columns
  CV gap: 22 rows
  [ensemble 1/5] seed=42
  [frozen_hp] Trained with baseline HP: n_est=145 depth=3 ct=0.839
  [ensemble 2/5] seed=123
  [frozen_hp] Trained with baseline HP: n_est=499 depth=3 ct=0.834
  [ensemble 3/5] seed=456
  [frozen_hp] Trained with baseline HP: n_est=182 depth=4 ct=0.764
  [ensemble 4/5] seed=789
  [frozen_hp] Trained with baseline HP: n_est=110 depth=4 ct=0.849
  [ensemble 5/5] seed=1001
  [frozen_hp] Trained with baseline HP: n_est=198 depth=3 ct=0.833
  OOD: 16 features, cutoff (q=0.7) = 14.20
  Model trained for 2024-07: 93 test candles with features, confidence_threshold=0.824
[trade:close] 2024-07-03 08:00 LTCUSDT LONG → timeout @ 74.81 | PnL=+4.94% (net +4.84%) | cum=+83.32% 2024-07=+4.84% 2024-07-03=+4.84%
[lgbm] === Training for 2024-08 ===
  Train window: 2022-08-01 → 2024-07-24
  2171 training samples from 1 symbols
  Samples per month: 2022-08: 93, 2022-09: 90, 2022-10: 93, 2022-11: 90, 2022-12: 93, 2023-01: 93, 2023-02: 84, 2023-03: 93, 2023-04: 90, 2023-05: 93, 2023-06: 90, 2023-07: 93, 2023-08: 93, 2023-09: 90, 2023-10: 93, 2023-11: 90, 2023-12: 93, 2024-01: 93, 2024-02: 87, 2024-03: 93, 2024-04: 90, 2024-05: 93, 2024-06: 90, 2024-07: 71
  [label] 2022-10-01 16:00 LTCUSDT entry=52.8700 → SHORT | long=timeout(-0.31%) short=sl(-5.06%) | scanned=22 | no_tp→fwd_return=-0.2081
  [label] 2022-10-04 00:00 LTCUSDT entry=54.6700 → SHORT | long=sl(-4.46%) short=timeout(+4.95%) | scanned=22 | no_tp→fwd_return=-5.0485
  [label] 2022-10-07 16:00 LTCUSDT entry=52.8200 → SHORT | long=sl(-4.06%) short=tp(+7.83%) | scanned=17 | short_tp_only
  [label] 2022-11-01 08:00 LTCUSDT entry=54.7900 → LONG | long=tp(+9.07%) short=sl(-4.68%) | scanned=3 | long_tp_only
  [label] 2022-12-24 00:00 LTCUSDT entry=65.4900 → LONG | long=tp(+9.12%) short=sl(-4.71%) | scanned=7 | long_tp_only
  [label] 2023-06-08 00:00 LTCUSDT entry=88.0200 → SHORT | long=sl(-5.46%) short=tp(+10.61%) | scanned=6 | short_tp_only
  [label] 2023-06-12 00:00 LTCUSDT entry=75.8400 → LONG | long=sl(-7.49%) short=timeout(-2.08%) | scanned=22 | no_tp→fwd_return=+1.9778
  [label] 2023-06-22 16:00 LTCUSDT entry=85.8900 → SHORT | long=sl(-5.26%) short=sl(-5.26%) | scanned=18 | no_tp→fwd_return=-3.3997
  [label] 2023-08-06 16:00 LTCUSDT entry=82.5300 → SHORT | long=sl(-4.58%) short=timeout(+0.69%) | scanned=22 | no_tp→fwd_return=-0.7876
  [label] 2023-08-15 08:00 LTCUSDT entry=81.3200 → SHORT | long=sl(-2.60%) short=tp(+4.89%) | scanned=1 | short_tp_only
  [label] 2023-11-13 16:00 LTCUSDT entry=71.1400 → SHORT | long=timeout(-2.36%) short=timeout(+2.16%) | scanned=22 | no_tp→fwd_return=-2.2631
  [label] 2023-12-15 16:00 LTCUSDT entry=70.9800 → LONG | long=timeout(+3.68%) short=timeout(-3.88%) | scanned=22 | no_tp→fwd_return=+3.7757
  [label] 2024-01-01 00:00 LTCUSDT entry=73.2700 → SHORT | long=sl(-4.70%) short=tp(+9.10%) | scanned=7 | short_tp_only
  [label] 2024-01-13 16:00 LTCUSDT entry=71.9900 → SHORT | long=sl(-6.80%) short=timeout(+0.76%) | scanned=22 | no_tp→fwd_return=-0.8612
  [label] 2024-02-01 00:00 LTCUSDT entry=66.5500 → LONG | long=timeout(+3.22%) short=timeout(-3.42%) | scanned=22 | no_tp→fwd_return=+3.3208
  [label] 2024-02-07 08:00 LTCUSDT entry=68.0300 → LONG | long=tp(+4.88%) short=sl(-2.59%) | scanned=5 | long_tp_only
  [label] 2024-02-19 16:00 LTCUSDT entry=71.3600 → LONG | long=sl(-3.26%) short=timeout(-1.04%) | scanned=22 | no_tp→fwd_return=+0.9389
  [label] 2024-03-30 08:00 LTCUSDT entry=102.4100 → SHORT | long=sl(-7.96%) short=sl(-7.96%) | scanned=8 | no_tp→fwd_return=-3.2809
  [label] 2024-04-09 00:00 LTCUSDT entry=100.1900 → SHORT | long=sl(-6.81%) short=tp(+13.32%) | scanned=11 | short_tp_only
  [label] 2024-07-04 08:00 LTCUSDT entry=68.9700 → SHORT | long=sl(-4.85%) short=tp(+9.40%) | scanned=2 | short_tp_only
  [sample_weight_mode=composite_inv_concurrency] cell=(D, 2024-08) weight_mean=1.0000 weight_std=0.5002 kish=0.7999
  Labels: 1116 long (51.4%), 1055 short (48.6%) | weights: min=0.98, mean=1.00, max=20.48
  Features: 2171/2171 matched, 43 columns
  CV gap: 22 rows
  [ensemble 1/5] seed=42
  [frozen_hp] Trained with baseline HP: n_est=138 depth=3 ct=0.823
  [ensemble 2/5] seed=123
  [frozen_hp] Trained with baseline HP: n_est=117 depth=3 ct=0.789
  [ensemble 3/5] seed=456
  [frozen_hp] Trained with baseline HP: n_est=497 depth=4 ct=0.808
  [ensemble 4/5] seed=789
  [frozen_hp] Trained with baseline HP: n_est=64 depth=4 ct=0.684
  [ensemble 5/5] seed=1001
  [frozen_hp] Trained with baseline HP: n_est=472 depth=4 ct=0.759
  OOD: 16 features, cutoff (q=0.7) = 14.02
  Model trained for 2024-08: 93 test candles with features, confidence_threshold=0.772
[predict] 2024-08-09 00:00 LTCUSDT → LONG (proba=0.78 TP=16.4%/SL=8.2%)
[trade:open] 2024-08-09 07:59 LTCUSDT LONG @ 60.62 | SL=55.65 TP=70.57 | timeout=2024-08-16 07:59
[trade:close] 2024-08-16 08:00 LTCUSDT LONG → timeout @ 65.41 | PnL=+7.90% (net +7.80%) | cum=+91.12% 2024-08=+7.80% 2024-08-16=+7.80%
[lgbm] === Training for 2024-09 ===
  Train window: 2022-09-01 → 2024-08-24
  2171 training samples from 1 symbols
  Samples per month: 2022-09: 90, 2022-10: 93, 2022-11: 90, 2022-12: 93, 2023-01: 93, 2023-02: 84, 2023-03: 93, 2023-04: 90, 2023-05: 93, 2023-06: 90, 2023-07: 93, 2023-08: 93, 2023-09: 90, 2023-10: 93, 2023-11: 90, 2023-12: 93, 2024-01: 93, 2024-02: 87, 2024-03: 93, 2024-04: 90, 2024-05: 93, 2024-06: 90, 2024-07: 93, 2024-08: 71
  [label] 2022-11-01 16:00 LTCUSDT entry=55.0600 → LONG | long=tp(+8.65%) short=sl(-4.48%) | scanned=2 | long_tp_only
  [label] 2022-11-04 00:00 LTCUSDT entry=64.1800 → LONG | long=tp(+13.14%) short=sl(-6.72%) | scanned=9 | long_tp_only
  [label] 2022-11-07 16:00 LTCUSDT entry=67.3800 → SHORT | long=sl(-7.98%) short=tp(+15.66%) | scanned=3 | short_tp_only
  [label] 2022-12-02 08:00 LTCUSDT entry=76.1900 → LONG | long=timeout(+0.70%) short=sl(-7.55%) | scanned=22 | no_tp→fwd_return=+0.8006
  [label] 2023-01-24 00:00 LTCUSDT entry=90.6600 → LONG | long=sl(-5.55%) short=sl(-5.55%) | scanned=15 | no_tp→fwd_return=+4.1694
  [label] 2023-07-09 00:00 LTCUSDT entry=96.6800 → SHORT | long=timeout(-2.10%) short=sl(-6.94%) | scanned=22 | no_tp→fwd_return=-1.9963
  [label] 2023-07-13 00:00 LTCUSDT entry=100.2300 → SHORT | long=sl(-5.57%) short=tp(+10.85%) | scanned=13 | short_tp_only
  [label] 2023-07-23 16:00 LTCUSDT entry=93.1100 → LONG | long=sl(-4.10%) short=timeout(-1.02%) | scanned=22 | no_tp→fwd_return=+0.9236
  [label] 2023-09-06 16:00 LTCUSDT entry=62.8400 → SHORT | long=sl(-3.63%) short=tp(+6.96%) | scanned=14 | short_tp_only
  [label] 2023-09-15 08:00 LTCUSDT entry=64.2100 → LONG | long=timeout(+0.34%) short=sl(-4.31%) | scanned=22 | no_tp→fwd_return=+0.4361
  [label] 2023-12-14 16:00 LTCUSDT entry=72.9900 → SHORT | long=sl(-5.32%) short=timeout(+2.64%) | scanned=22 | no_tp→fwd_return=-2.7401
  [label] 2024-01-15 16:00 LTCUSDT entry=69.1300 → SHORT | long=timeout(-2.66%) short=timeout(+2.46%) | scanned=22 | no_tp→fwd_return=-2.5604
  [label] 2024-02-01 00:00 LTCUSDT entry=66.5500 → LONG | long=timeout(+3.22%) short=timeout(-3.42%) | scanned=22 | no_tp→fwd_return=+3.3208
  [label] 2024-02-13 16:00 LTCUSDT entry=68.9700 → LONG | long=timeout(+0.94%) short=sl(-4.01%) | scanned=22 | no_tp→fwd_return=+1.0439
  [label] 2024-03-03 00:00 LTCUSDT entry=88.5800 → SHORT | long=sl(-9.43%) short=tp(+18.55%) | scanned=8 | short_tp_only
  [label] 2024-03-09 08:00 LTCUSDT entry=89.5600 → LONG | long=tp(+17.66%) short=sl(-8.98%) | scanned=7 | long_tp_only
  [label] 2024-03-21 16:00 LTCUSDT entry=85.8100 → LONG | long=timeout(+9.68%) short=sl(-9.13%) | scanned=22 | no_tp→fwd_return=+9.7774
  [label] 2024-04-30 08:00 LTCUSDT entry=78.7100 → LONG | long=timeout(+3.95%) short=sl(-6.03%) | scanned=22 | no_tp→fwd_return=+4.0529
  [label] 2024-05-10 00:00 LTCUSDT entry=83.0600 → LONG | long=sl(-4.12%) short=timeout(-0.62%) | scanned=22 | no_tp→fwd_return=+0.5177
  [label] 2024-08-04 08:00 LTCUSDT entry=63.0000 → SHORT | long=sl(-6.43%) short=tp(+12.55%) | scanned=2 | short_tp_only
  [sample_weight_mode=composite_inv_concurrency] cell=(D, 2024-09) weight_mean=1.0000 weight_std=0.5002 kish=0.7999
  Labels: 1101 long (50.7%), 1070 short (49.3%) | weights: min=0.98, mean=1.00, max=20.48
  Features: 2171/2171 matched, 43 columns
  CV gap: 22 rows
  [ensemble 1/5] seed=42
  [frozen_hp] Trained with baseline HP: n_est=286 depth=5 ct=0.834
  [ensemble 2/5] seed=123
  [frozen_hp] Trained with baseline HP: n_est=387 depth=4 ct=0.829
  [ensemble 3/5] seed=456
  [frozen_hp] Trained with baseline HP: n_est=244 depth=3 ct=0.779
  [ensemble 4/5] seed=789
  [frozen_hp] Trained with baseline HP: n_est=156 depth=5 ct=0.827
  [ensemble 5/5] seed=1001
  [frozen_hp] Trained with baseline HP: n_est=50 depth=3 ct=0.843
  OOD: 16 features, cutoff (q=0.7) = 13.93
  Model trained for 2024-09: 90 test candles with features, confidence_threshold=0.822
[lgbm] === Training for 2024-10 ===
  Train window: 2022-10-01 → 2024-09-23
  2171 training samples from 1 symbols
  Samples per month: 2022-10: 93, 2022-11: 90, 2022-12: 93, 2023-01: 93, 2023-02: 84, 2023-03: 93, 2023-04: 90, 2023-05: 93, 2023-06: 90, 2023-07: 93, 2023-08: 93, 2023-09: 90, 2023-10: 93, 2023-11: 90, 2023-12: 93, 2024-01: 93, 2024-02: 87, 2024-03: 93, 2024-04: 90, 2024-05: 93, 2024-06: 90, 2024-07: 93, 2024-08: 93, 2024-09: 68
  [label] 2022-12-01 16:00 LTCUSDT entry=77.5500 → LONG | long=timeout(+0.76%) short=sl(-7.98%) | scanned=22 | no_tp→fwd_return=+0.8640
  [label] 2022-12-04 00:00 LTCUSDT entry=76.3900 → LONG | long=timeout(+1.31%) short=sl(-5.94%) | scanned=22 | no_tp→fwd_return=+1.4138
  [label] 2022-12-07 16:00 LTCUSDT entry=76.8500 → SHORT | long=timeout(-2.09%) short=timeout(+1.89%) | scanned=22 | no_tp→fwd_return=-1.9909
  [label] 2023-01-01 08:00 LTCUSDT entry=70.3100 → LONG | long=tp(+7.69%) short=sl(-4.00%) | scanned=2 | long_tp_only
  [label] 2023-02-23 00:00 LTCUSDT entry=95.1600 → LONG | long=sl(-5.48%) short=timeout(-2.33%) | scanned=22 | no_tp→fwd_return=+2.2278
  [label] 2023-08-08 00:00 LTCUSDT entry=82.4000 → SHORT | long=timeout(-0.78%) short=timeout(+0.58%) | scanned=22 | no_tp→fwd_return=-0.6796
  [label] 2023-08-12 00:00 LTCUSDT entry=83.5500 → SHORT | long=sl(-2.93%) short=tp(+5.55%) | scanned=11 | short_tp_only
  [label] 2023-08-22 16:00 LTCUSDT entry=64.8100 → LONG | long=timeout(+6.09%) short=sl(-6.55%) | scanned=22 | no_tp→fwd_return=+6.1873
  [label] 2023-10-06 16:00 LTCUSDT entry=65.4500 → SHORT | long=sl(-3.27%) short=tp(+6.25%) | scanned=14 | short_tp_only
  [label] 2023-10-15 08:00 LTCUSDT entry=61.5800 → LONG | long=tp(+4.37%) short=sl(-2.33%) | scanned=3 | long_tp_only
  [label] 2024-01-13 16:00 LTCUSDT entry=71.9900 → SHORT | long=sl(-6.80%) short=timeout(+0.76%) | scanned=22 | no_tp→fwd_return=-0.8612
  [label] 2024-02-14 16:00 LTCUSDT entry=69.8800 → SHORT | long=sl(-3.83%) short=timeout(+1.22%) | scanned=22 | no_tp→fwd_return=-1.3165
  [label] 2024-03-02 00:00 LTCUSDT entry=90.2200 → SHORT | long=sl(-7.82%) short=tp(+15.34%) | scanned=11 | short_tp_only
  [label] 2024-03-14 16:00 LTCUSDT entry=94.1800 → SHORT | long=sl(-9.10%) short=tp(+17.91%) | scanned=15 | short_tp_only
  [label] 2024-04-02 00:00 LTCUSDT entry=99.0500 → LONG | long=timeout(+1.05%) short=sl(-9.12%) | scanned=22 | no_tp→fwd_return=+1.1509
  [label] 2024-04-08 08:00 LTCUSDT entry=102.9700 → SHORT | long=sl(-6.98%) short=tp(+13.67%) | scanned=13 | short_tp_only
  [label] 2024-04-20 16:00 LTCUSDT entry=84.9900 → SHORT | long=timeout(-1.46%) short=timeout(+1.26%) | scanned=22 | no_tp→fwd_return=-1.3649
  [label] 2024-05-30 08:00 LTCUSDT entry=85.3100 → LONG | long=sl(-3.90%) short=timeout(-0.48%) | scanned=22 | no_tp→fwd_return=+0.3751
  [label] 2024-06-09 00:00 LTCUSDT entry=79.8400 → SHORT | long=sl(-3.70%) short=timeout(+0.39%) | scanned=22 | no_tp→fwd_return=-0.4885
  [label] 2024-09-03 08:00 LTCUSDT entry=64.8400 → SHORT | long=sl(-4.67%) short=sl(-4.67%) | scanned=10 | no_tp→fwd_return=-2.8686
  [sample_weight_mode=composite_inv_concurrency] cell=(D, 2024-10) weight_mean=1.0000 weight_std=0.5002 kish=0.7999
  Labels: 1119 long (51.5%), 1052 short (48.5%) | weights: min=0.98, mean=1.00, max=20.48
  Features: 2171/2171 matched, 43 columns
  CV gap: 22 rows
  [ensemble 1/5] seed=42
  [frozen_hp] Trained with baseline HP: n_est=167 depth=4 ct=0.712
  [ensemble 2/5] seed=123
  [frozen_hp] Trained with baseline HP: n_est=485 depth=4 ct=0.811
  [ensemble 3/5] seed=456
  [frozen_hp] Trained with baseline HP: n_est=301 depth=3 ct=0.816
  [ensemble 4/5] seed=789
  [frozen_hp] Trained with baseline HP: n_est=93 depth=5 ct=0.683
  [ensemble 5/5] seed=1001
  [frozen_hp] Trained with baseline HP: n_est=175 depth=4 ct=0.819
  OOD: 16 features, cutoff (q=0.7) = 13.64
  Model trained for 2024-10: 93 test candles with features, confidence_threshold=0.768
[predict] 2024-10-12 08:00 LTCUSDT → LONG (proba=0.83 TP=5.6%/SL=2.8%)
[trade:open] 2024-10-12 15:59 LTCUSDT LONG @ 66.32 | SL=64.46 TP=70.04 | timeout=2024-10-19 15:59
[trade:close] 2024-10-13 15:59 LTCUSDT LONG → stop_loss @ 64.46 | PnL=-2.80% (net -2.90%) | cum=+88.22% 2024-10=-2.90% 2024-10-13=-2.90%
[predict] 2024-10-14 16:00 LTCUSDT → LONG (proba=0.81 TP=5.9%/SL=2.9%)
[trade:open] 2024-10-14 23:59 LTCUSDT LONG @ 66.81 | SL=64.85 TP=70.73 | timeout=2024-10-21 23:59
[trade:close] 2024-10-15 23:59 LTCUSDT LONG → take_profit @ 70.73 | PnL=+5.87% (net +5.77%) | cum=+93.99% 2024-10=+2.86% 2024-10-15=+5.77%
[lgbm] === Training for 2024-11 ===
  Train window: 2022-11-01 → 2024-10-24
  2171 training samples from 1 symbols
  Samples per month: 2022-11: 90, 2022-12: 93, 2023-01: 93, 2023-02: 84, 2023-03: 93, 2023-04: 90, 2023-05: 93, 2023-06: 90, 2023-07: 93, 2023-08: 93, 2023-09: 90, 2023-10: 93, 2023-11: 90, 2023-12: 93, 2024-01: 93, 2024-02: 87, 2024-03: 93, 2024-04: 90, 2024-05: 93, 2024-06: 90, 2024-07: 93, 2024-08: 93, 2024-09: 90, 2024-10: 71
  [label] 2023-01-01 16:00 LTCUSDT entry=70.8800 → LONG | long=tp(+7.57%) short=sl(-3.93%) | scanned=1 | long_tp_only
  [label] 2023-01-04 00:00 LTCUSDT entry=76.6400 → LONG | long=sl(-5.06%) short=sl(-5.06%) | scanned=14 | no_tp→fwd_return=+2.6879
  [label] 2023-01-07 16:00 LTCUSDT entry=76.3600 → LONG | long=tp(+8.72%) short=sl(-4.51%) | scanned=4 | long_tp_only
  [label] 2023-02-01 08:00 LTCUSDT entry=94.2100 → LONG | long=timeout(+4.79%) short=sl(-6.01%) | scanned=22 | no_tp→fwd_return=+4.8933
  [label] 2023-03-26 00:00 LTCUSDT entry=93.4300 → LONG | long=sl(-7.61%) short=timeout(-0.87%) | scanned=22 | no_tp→fwd_return=+0.7706
  [label] 2023-09-08 00:00 LTCUSDT entry=63.3300 → SHORT | long=sl(-3.46%) short=tp(+6.61%) | scanned=10 | short_tp_only
  [label] 2023-09-12 00:00 LTCUSDT entry=59.5900 → LONG | long=tp(+9.11%) short=sl(-4.70%) | scanned=11 | long_tp_only
  [label] 2023-09-22 16:00 LTCUSDT entry=64.3200 → LONG | long=timeout(+1.75%) short=timeout(-1.95%) | scanned=22 | no_tp→fwd_return=+1.8501
  [label] 2023-11-06 16:00 LTCUSDT entry=74.5100 → SHORT | long=sl(-4.59%) short=tp(+8.87%) | scanned=9 | short_tp_only
  [label] 2023-11-15 08:00 LTCUSDT entry=72.2400 → SHORT | long=sl(-6.22%) short=timeout(+6.56%) | scanned=22 | no_tp→fwd_return=-6.6584
  [label] 2024-02-13 16:00 LTCUSDT entry=68.9700 → LONG | long=timeout(+0.94%) short=sl(-4.01%) | scanned=22 | no_tp→fwd_return=+1.0439
  [label] 2024-03-16 16:00 LTCUSDT entry=84.1600 → LONG | long=timeout(+1.29%) short=timeout(-1.49%) | scanned=22 | no_tp→fwd_return=+1.3902
  [label] 2024-04-02 00:00 LTCUSDT entry=99.0500 → LONG | long=timeout(+1.05%) short=sl(-9.12%) | scanned=22 | no_tp→fwd_return=+1.1509
  [label] 2024-04-14 16:00 LTCUSDT entry=79.6800 → LONG | long=timeout(+5.47%) short=timeout(-5.67%) | scanned=22 | no_tp→fwd_return=+5.5723
  [label] 2024-05-03 00:00 LTCUSDT entry=79.5000 → LONG | long=timeout(+4.38%) short=sl(-5.75%) | scanned=22 | no_tp→fwd_return=+4.4780
  [label] 2024-05-09 08:00 LTCUSDT entry=81.6700 → LONG | long=timeout(+0.74%) short=timeout(-0.94%) | scanned=22 | no_tp→fwd_return=+0.8449
  [label] 2024-05-21 16:00 LTCUSDT entry=88.2900 → SHORT | long=sl(-3.84%) short=tp(+7.38%) | scanned=6 | short_tp_only
  [label] 2024-06-30 08:00 LTCUSDT entry=74.7000 → SHORT | long=sl(-3.79%) short=tp(+7.27%) | scanned=11 | short_tp_only
  [label] 2024-07-10 00:00 LTCUSDT entry=65.7400 → LONG | long=tp(+11.75%) short=sl(-6.02%) | scanned=19 | long_tp_only
  [label] 2024-10-04 08:00 LTCUSDT entry=64.5100 → LONG | long=timeout(+1.25%) short=sl(-4.68%) | scanned=22 | no_tp→fwd_return=+1.3486
  [sample_weight_mode=composite_inv_concurrency] cell=(D, 2024-11) weight_mean=1.0000 weight_std=0.5002 kish=0.7999
  Labels: 1111 long (51.2%), 1060 short (48.8%) | weights: min=0.98, mean=1.00, max=20.48
  Features: 2171/2171 matched, 43 columns
  CV gap: 22 rows
  [ensemble 1/5] seed=42
  [frozen_hp] Trained with baseline HP: n_est=276 depth=5 ct=0.834
  [ensemble 2/5] seed=123
  [frozen_hp] Trained with baseline HP: n_est=118 depth=5 ct=0.813
  [ensemble 3/5] seed=456
  [frozen_hp] Trained with baseline HP: n_est=319 depth=4 ct=0.848
  [ensemble 4/5] seed=789
  [frozen_hp] Trained with baseline HP: n_est=287 depth=3 ct=0.752
  [ensemble 5/5] seed=1001
  [frozen_hp] Trained with baseline HP: n_est=264 depth=4 ct=0.787
  OOD: 16 features, cutoff (q=0.7) = 13.68
  Model trained for 2024-11: 90 test candles with features, confidence_threshold=0.807
[lgbm] === Training for 2024-12 ===
  Train window: 2022-12-01 → 2024-11-23
  2171 training samples from 1 symbols
  Samples per month: 2022-12: 93, 2023-01: 93, 2023-02: 84, 2023-03: 93, 2023-04: 90, 2023-05: 93, 2023-06: 90, 2023-07: 93, 2023-08: 93, 2023-09: 90, 2023-10: 93, 2023-11: 90, 2023-12: 93, 2024-01: 93, 2024-02: 87, 2024-03: 93, 2024-04: 90, 2024-05: 93, 2024-06: 90, 2024-07: 93, 2024-08: 93, 2024-09: 90, 2024-10: 93, 2024-11: 68
  [label] 2023-01-31 16:00 LTCUSDT entry=94.1100 → LONG | long=timeout(+7.11%) short=sl(-5.88%) | scanned=22 | no_tp→fwd_return=+7.2150
  [label] 2023-02-03 00:00 LTCUSDT entry=98.1400 → SHORT | long=sl(-6.28%) short=timeout(+5.17%) | scanned=22 | no_tp→fwd_return=-5.2680
  [label] 2023-02-06 16:00 LTCUSDT entry=95.9700 → SHORT | long=sl(-5.02%) short=sl(-5.02%) | scanned=9 | no_tp→fwd_return=-4.1263
  [label] 2023-03-03 08:00 LTCUSDT entry=89.3400 → SHORT | long=sl(-5.63%) short=tp(+10.95%) | scanned=19 | short_tp_only
  [label] 2023-04-25 00:00 LTCUSDT entry=87.5600 → LONG | long=timeout(-0.08%) short=sl(-5.52%) | scanned=22 | no_tp→fwd_return=+0.0228
  [label] 2023-10-08 00:00 LTCUSDT entry=65.4900 → SHORT | long=sl(-2.86%) short=tp(+5.41%) | scanned=5 | short_tp_only
  [label] 2023-10-12 00:00 LTCUSDT entry=61.1800 → LONG | long=tp(+6.19%) short=sl(-3.24%) | scanned=13 | long_tp_only
  [label] 2023-10-22 16:00 LTCUSDT entry=65.2300 → LONG | long=tp(+7.14%) short=sl(-3.72%) | scanned=3 | long_tp_only
  [label] 2023-12-06 16:00 LTCUSDT entry=72.4400 → LONG | long=tp(+8.40%) short=sl(-4.35%) | scanned=6 | long_tp_only
  [label] 2023-12-15 08:00 LTCUSDT entry=71.3000 → LONG | long=timeout(+0.77%) short=timeout(-0.97%) | scanned=22 | no_tp→fwd_return=+0.8696
  [label] 2024-03-14 16:00 LTCUSDT entry=94.1800 → SHORT | long=sl(-9.10%) short=tp(+17.91%) | scanned=15 | short_tp_only
  [label] 2024-04-15 16:00 LTCUSDT entry=78.0600 → LONG | long=timeout(+9.23%) short=timeout(-9.43%) | scanned=22 | no_tp→fwd_return=+9.3262
  [label] 2024-05-02 00:00 LTCUSDT entry=78.8200 → LONG | long=timeout(+3.24%) short=sl(-6.43%) | scanned=22 | no_tp→fwd_return=+3.3367
  [label] 2024-05-14 16:00 LTCUSDT entry=78.7300 → LONG | long=tp(+8.11%) short=sl(-4.21%) | scanned=18 | long_tp_only
  [label] 2024-06-02 00:00 LTCUSDT entry=82.8900 → SHORT | long=sl(-3.16%) short=sl(-3.16%) | scanned=17 | no_tp→fwd_return=-3.3176
  [label] 2024-06-08 08:00 LTCUSDT entry=79.4500 → SHORT | long=sl(-4.13%) short=timeout(+1.11%) | scanned=22 | no_tp→fwd_return=-1.2083
  [label] 2024-06-20 16:00 LTCUSDT entry=74.6600 → SHORT | long=sl(-4.51%) short=tp(+8.73%) | scanned=12 | short_tp_only
  [label] 2024-07-30 08:00 LTCUSDT entry=73.2200 → SHORT | long=sl(-4.28%) short=tp(+8.26%) | scanned=7 | short_tp_only
  [label] 2024-08-09 00:00 LTCUSDT entry=60.6200 → LONG | long=timeout(+7.79%) short=sl(-8.31%) | scanned=22 | no_tp→fwd_return=+7.8852
  [label] 2024-11-03 08:00 LTCUSDT entry=65.9100 → LONG | long=tp(+9.56%) short=sl(-4.93%) | scanned=11 | long_tp_only
  [sample_weight_mode=composite_inv_concurrency] cell=(D, 2024-12) weight_mean=1.0000 weight_std=0.5002 kish=0.7999
  Labels: 1116 long (51.4%), 1055 short (48.6%) | weights: min=0.98, mean=1.00, max=20.48
  Features: 2171/2171 matched, 43 columns
  CV gap: 22 rows
  [ensemble 1/5] seed=42
  [frozen_hp] Trained with baseline HP: n_est=115 depth=5 ct=0.809
  [ensemble 2/5] seed=123
  [frozen_hp] Trained with baseline HP: n_est=380 depth=3 ct=0.784
  [ensemble 3/5] seed=456
  [frozen_hp] Trained with baseline HP: n_est=445 depth=4 ct=0.821
  [ensemble 4/5] seed=789
  [frozen_hp] Trained with baseline HP: n_est=206 depth=4 ct=0.763
  [ensemble 5/5] seed=1001
  [frozen_hp] Trained with baseline HP: n_est=216 depth=3 ct=0.850
  OOD: 16 features, cutoff (q=0.7) = 13.76
  Model trained for 2024-12: 93 test candles with features, confidence_threshold=0.805
[lgbm] === Training for 2025-01 ===
  Train window: 2023-01-01 → 2024-12-24
  2171 training samples from 1 symbols
  Samples per month: 2023-01: 93, 2023-02: 84, 2023-03: 93, 2023-04: 90, 2023-05: 93, 2023-06: 90, 2023-07: 93, 2023-08: 93, 2023-09: 90, 2023-10: 93, 2023-11: 90, 2023-12: 93, 2024-01: 93, 2024-02: 87, 2024-03: 93, 2024-04: 90, 2024-05: 93, 2024-06: 90, 2024-07: 93, 2024-08: 93, 2024-09: 90, 2024-10: 93, 2024-11: 90, 2024-12: 71
  [label] 2023-03-03 16:00 LTCUSDT entry=90.5100 → SHORT | long=sl(-5.36%) short=tp(+10.41%) | scanned=18 | short_tp_only
  [label] 2023-03-06 00:00 LTCUSDT entry=88.0000 → SHORT | long=sl(-4.67%) short=tp(+9.04%) | scanned=11 | short_tp_only
  [label] 2023-03-09 16:00 LTCUSDT entry=76.6200 → SHORT | long=sl(-7.17%) short=tp(+14.04%) | scanned=4 | short_tp_only
  [label] 2023-04-03 08:00 LTCUSDT entry=91.8500 → LONG | long=timeout(+0.26%) short=timeout(-0.46%) | scanned=22 | no_tp→fwd_return=+0.3593
  [label] 2023-05-26 00:00 LTCUSDT entry=87.1100 → LONG | long=tp(+9.26%) short=sl(-4.78%) | scanned=19 | long_tp_only
  [label] 2023-11-08 00:00 LTCUSDT entry=73.6700 → SHORT | long=sl(-5.00%) short=timeout(+2.63%) | scanned=22 | no_tp→fwd_return=-2.7284
  [label] 2023-11-12 00:00 LTCUSDT entry=75.6900 → SHORT | long=sl(-6.26%) short=timeout(+7.47%) | scanned=22 | no_tp→fwd_return=-7.5704
  [label] 2023-11-22 16:00 LTCUSDT entry=68.7300 → LONG | long=timeout(+1.79%) short=timeout(-1.99%) | scanned=22 | no_tp→fwd_return=+1.8915
  [label] 2024-01-06 16:00 LTCUSDT entry=65.6500 → LONG | long=sl(-6.50%) short=sl(-6.50%) | scanned=12 | no_tp→fwd_return=+6.7936
  [label] 2024-01-15 08:00 LTCUSDT entry=69.5200 → SHORT | long=timeout(-1.21%) short=timeout(+1.01%) | scanned=22 | no_tp→fwd_return=-1.1076
  [label] 2024-04-14 16:00 LTCUSDT entry=79.6800 → LONG | long=timeout(+5.47%) short=timeout(-5.67%) | scanned=22 | no_tp→fwd_return=+5.5723
  [label] 2024-05-16 16:00 LTCUSDT entry=82.3900 → LONG | long=tp(+7.21%) short=sl(-3.76%) | scanned=12 | long_tp_only
  [label] 2024-06-02 00:00 LTCUSDT entry=82.8900 → SHORT | long=sl(-3.16%) short=sl(-3.16%) | scanned=17 | no_tp→fwd_return=-3.3176
  [label] 2024-06-14 16:00 LTCUSDT entry=77.5600 → SHORT | long=sl(-4.29%) short=tp(+8.28%) | scanned=10 | short_tp_only
  [label] 2024-07-03 00:00 LTCUSDT entry=74.8200 → SHORT | long=sl(-3.40%) short=tp(+6.49%) | scanned=3 | short_tp_only
  [label] 2024-07-09 08:00 LTCUSDT entry=65.8800 → LONG | long=timeout(+11.85%) short=sl(-6.51%) | scanned=22 | no_tp→fwd_return=+11.9460
  [label] 2024-07-21 16:00 LTCUSDT entry=73.9500 → SHORT | long=sl(-3.82%) short=tp(+7.33%) | scanned=10 | short_tp_only
  [label] 2024-08-30 08:00 LTCUSDT entry=61.7500 → LONG | long=timeout(+3.41%) short=sl(-5.65%) | scanned=22 | no_tp→fwd_return=+3.5142
  [label] 2024-09-09 00:00 LTCUSDT entry=60.6500 → LONG | long=timeout(+4.17%) short=sl(-5.25%) | scanned=22 | no_tp→fwd_return=+4.2704
  [label] 2024-12-04 08:00 LTCUSDT entry=128.7200 → SHORT | long=sl(-11.52%) short=sl(-11.52%) | scanned=16 | no_tp→fwd_return=-14.1936
  [sample_weight_mode=composite_inv_concurrency] cell=(D, 2025-01) weight_mean=1.0000 weight_std=0.5002 kish=0.7999
  Labels: 1104 long (50.9%), 1067 short (49.1%) | weights: min=0.98, mean=1.00, max=20.48
  Features: 2171/2171 matched, 43 columns
  CV gap: 22 rows
  [ensemble 1/5] seed=42
  [frozen_hp] Trained with baseline HP: n_est=162 depth=5 ct=0.837
  [ensemble 2/5] seed=123
  [frozen_hp] Trained with baseline HP: n_est=459 depth=3 ct=0.846
  [ensemble 3/5] seed=456
  [frozen_hp] Trained with baseline HP: n_est=93 depth=5 ct=0.794
  [ensemble 4/5] seed=789
  [frozen_hp] Trained with baseline HP: n_est=145 depth=4 ct=0.831
  [ensemble 5/5] seed=1001
  [frozen_hp] Trained with baseline HP: n_est=252 depth=3 ct=0.848
  OOD: 16 features, cutoff (q=0.7) = 13.59
  Model trained for 2025-01: 93 test candles with features, confidence_threshold=0.831
[predict] 2025-01-04 00:00 LTCUSDT → SHORT (proba=0.83 TP=11.7%/SL=5.8%)
[trade:open] 2025-01-04 07:59 LTCUSDT SHORT @ 111.76 | SL=118.27 TP=98.74 | timeout=2025-01-11 07:59
[trade:close] 2025-01-08 23:59 LTCUSDT SHORT → take_profit @ 98.74 | PnL=+11.65% (net +11.55%) | cum=+105.54% 2025-01=+11.55% 2025-01-08=+11.55%
[lgbm] === Training for 2025-02 ===
  Train window: 2023-02-01 → 2025-01-24
  2171 training samples from 1 symbols
  Samples per month: 2023-02: 84, 2023-03: 93, 2023-04: 90, 2023-05: 93, 2023-06: 90, 2023-07: 93, 2023-08: 93, 2023-09: 90, 2023-10: 93, 2023-11: 90, 2023-12: 93, 2024-01: 93, 2024-02: 87, 2024-03: 93, 2024-04: 90, 2024-05: 93, 2024-06: 90, 2024-07: 93, 2024-08: 93, 2024-09: 90, 2024-10: 93, 2024-11: 90, 2024-12: 93, 2025-01: 71
  [label] 2023-04-03 16:00 LTCUSDT entry=92.9300 → LONG | long=timeout(+0.78%) short=timeout(-0.98%) | scanned=22 | no_tp→fwd_return=+0.8824
  [label] 2023-04-06 00:00 LTCUSDT entry=90.9300 → LONG | long=timeout(+1.78%) short=sl(-5.54%) | scanned=22 | no_tp→fwd_return=+1.8806
  [label] 2023-04-09 16:00 LTCUSDT entry=90.5200 → LONG | long=tp(+7.30%) short=sl(-3.80%) | scanned=13 | long_tp_only
  [label] 2023-05-04 08:00 LTCUSDT entry=87.6900 → SHORT | long=sl(-4.39%) short=tp(+8.48%) | scanned=11 | short_tp_only
  [label] 2023-06-26 00:00 LTCUSDT entry=87.6000 → LONG | long=sl(-5.94%) short=sl(-5.94%) | scanned=12 | no_tp→fwd_return=+8.6073
  [label] 2023-12-09 00:00 LTCUSDT entry=79.4200 → SHORT | long=sl(-4.37%) short=tp(+8.43%) | scanned=6 | short_tp_only
  [label] 2023-12-13 00:00 LTCUSDT entry=71.4900 → SHORT | long=timeout(-0.20%) short=timeout(-0.00%) | scanned=22 | no_tp→fwd_return=-0.0979
  [label] 2023-12-23 16:00 LTCUSDT entry=72.5200 → LONG | long=tp(+7.22%) short=sl(-3.76%) | scanned=16 | long_tp_only
  [label] 2024-02-06 16:00 LTCUSDT entry=68.2800 → LONG | long=tp(+5.19%) short=sl(-2.75%) | scanned=7 | long_tp_only
  [label] 2024-02-15 08:00 LTCUSDT entry=69.4100 → LONG | long=timeout(+0.16%) short=timeout(-0.36%) | scanned=22 | no_tp→fwd_return=+0.2593
  [label] 2024-05-15 16:00 LTCUSDT entry=82.4200 → LONG | long=tp(+8.00%) short=sl(-4.15%) | scanned=15 | long_tp_only
  [label] 2024-06-16 16:00 LTCUSDT entry=78.9600 → SHORT | long=sl(-3.41%) short=tp(+6.53%) | scanned=4 | short_tp_only
  [label] 2024-07-03 00:00 LTCUSDT entry=74.8200 → SHORT | long=sl(-3.40%) short=tp(+6.49%) | scanned=3 | short_tp_only
  [label] 2024-07-15 16:00 LTCUSDT entry=72.2500 → SHORT | long=timeout(-1.55%) short=timeout(+1.35%) | scanned=22 | no_tp→fwd_return=-1.4533
  [label] 2024-08-03 00:00 LTCUSDT entry=65.6600 → SHORT | long=sl(-6.54%) short=tp(+12.77%) | scanned=6 | short_tp_only
  [label] 2024-08-09 08:00 LTCUSDT entry=59.6500 → LONG | long=timeout(+9.98%) short=sl(-8.16%) | scanned=22 | no_tp→fwd_return=+10.0754
  [label] 2024-08-21 16:00 LTCUSDT entry=64.2300 → SHORT | long=sl(-4.86%) short=sl(-4.86%) | scanned=18 | no_tp→fwd_return=-6.0564
  [label] 2024-09-30 08:00 LTCUSDT entry=66.5700 → SHORT | long=sl(-3.95%) short=timeout(+0.97%) | scanned=22 | no_tp→fwd_return=-1.0665
  [label] 2024-10-10 00:00 LTCUSDT entry=64.6400 → LONG | long=tp(+6.40%) short=sl(-3.35%) | scanned=17 | long_tp_only
  [label] 2025-01-04 08:00 LTCUSDT entry=110.6700 → SHORT | long=sl(-5.84%) short=sl(-5.84%) | scanned=9 | no_tp→fwd_return=-4.1294
  [sample_weight_mode=composite_inv_concurrency] cell=(D, 2025-02) weight_mean=1.0000 weight_std=0.5002 kish=0.7999
  Labels: 1070 long (49.3%), 1101 short (50.7%) | weights: min=0.98, mean=1.00, max=20.48
  Features: 2171/2171 matched, 43 columns
  CV gap: 22 rows
  [ensemble 1/5] seed=42
  [frozen_hp] Trained with baseline HP: n_est=464 depth=4 ct=0.847
  [ensemble 2/5] seed=123
  [frozen_hp] Trained with baseline HP: n_est=459 depth=5 ct=0.847
  [ensemble 3/5] seed=456
  [frozen_hp] Trained with baseline HP: n_est=241 depth=4 ct=0.808
  [ensemble 4/5] seed=789
  [frozen_hp] Trained with baseline HP: n_est=318 depth=3 ct=0.776
  [ensemble 5/5] seed=1001
  [frozen_hp] Trained with baseline HP: n_est=391 depth=5 ct=0.848
  OOD: 16 features, cutoff (q=0.7) = 13.34
  Model trained for 2025-02: 84 test candles with features, confidence_threshold=0.825
[predict] 2025-02-16 00:00 LTCUSDT → SHORT (proba=0.84 TP=17.1%/SL=8.6%)
[trade:open] 2025-02-16 07:59 LTCUSDT SHORT @ 132.38 | SL=143.72 TP=109.70 | timeout=2025-02-23 07:59
[trade:close] 2025-02-23 08:00 LTCUSDT SHORT → timeout @ 128.08 | PnL=+3.25% (net +3.15%) | cum=+108.69% 2025-02=+3.15% 2025-02-23=+3.15%
[lgbm] === Training for 2025-03 ===
  Train window: 2023-03-01 → 2025-02-21
  2171 training samples from 1 symbols
  Samples per month: 2023-03: 93, 2023-04: 90, 2023-05: 93, 2023-06: 90, 2023-07: 93, 2023-08: 93, 2023-09: 90, 2023-10: 93, 2023-11: 90, 2023-12: 93, 2024-01: 93, 2024-02: 87, 2024-03: 93, 2024-04: 90, 2024-05: 93, 2024-06: 90, 2024-07: 93, 2024-08: 93, 2024-09: 90, 2024-10: 93, 2024-11: 90, 2024-12: 93, 2025-01: 93, 2025-02: 62
  [label] 2023-05-01 16:00 LTCUSDT entry=86.7100 → SHORT | long=sl(-4.87%) short=tp(+9.44%) | scanned=21 | short_tp_only
  [label] 2023-05-04 00:00 LTCUSDT entry=88.0900 → SHORT | long=sl(-4.52%) short=tp(+8.74%) | scanned=12 | short_tp_only
  [label] 2023-05-07 16:00 LTCUSDT entry=83.3700 → SHORT | long=sl(-4.65%) short=tp(+9.00%) | scanned=3 | short_tp_only
  [label] 2023-06-01 08:00 LTCUSDT entry=94.9000 → SHORT | long=sl(-4.50%) short=tp(+8.71%) | scanned=12 | short_tp_only
  [label] 2023-07-24 00:00 LTCUSDT entry=92.4500 → LONG | long=sl(-4.14%) short=sl(-4.14%) | scanned=20 | no_tp→fwd_return=+1.6441
  [label] 2024-01-06 00:00 LTCUSDT entry=64.4700 → LONG | long=tp(+14.39%) short=sl(-7.35%) | scanned=16 | long_tp_only
  [label] 2024-01-10 00:00 LTCUSDT entry=66.6600 → LONG | long=tp(+11.90%) short=sl(-6.10%) | scanned=4 | long_tp_only
  [label] 2024-01-20 16:00 LTCUSDT entry=71.3700 → SHORT | long=sl(-5.30%) short=tp(+10.30%) | scanned=8 | short_tp_only
  [label] 2024-03-05 16:00 LTCUSDT entry=81.9600 → LONG | long=tp(+24.30%) short=sl(-12.30%) | scanned=17 | long_tp_only
  [label] 2024-03-14 08:00 LTCUSDT entry=94.0000 → SHORT | long=sl(-8.92%) short=tp(+17.54%) | scanned=16 | short_tp_only
  [label] 2024-06-12 16:00 LTCUSDT entry=78.4900 → SHORT | long=sl(-4.27%) short=tp(+8.23%) | scanned=16 | short_tp_only
  [label] 2024-07-14 16:00 LTCUSDT entry=69.8800 → LONG | long=timeout(+5.72%) short=sl(-3.96%) | scanned=22 | no_tp→fwd_return=+5.8243
  [label] 2024-07-31 00:00 LTCUSDT entry=71.9400 → SHORT | long=sl(-4.46%) short=tp(+8.62%) | scanned=7 | short_tp_only
  [label] 2024-08-12 16:00 LTCUSDT entry=61.4500 → LONG | long=timeout(+7.74%) short=sl(-6.19%) | scanned=22 | no_tp→fwd_return=+7.8438
  [label] 2024-08-31 00:00 LTCUSDT entry=65.6300 → SHORT | long=sl(-5.64%) short=timeout(+2.63%) | scanned=22 | no_tp→fwd_return=-2.7274
  [label] 2024-09-06 08:00 LTCUSDT entry=63.9200 → LONG | long=sl(-6.09%) short=timeout(-1.62%) | scanned=22 | no_tp→fwd_return=+1.5175
  [label] 2024-09-18 16:00 LTCUSDT entry=64.8100 → LONG | long=timeout(+2.55%) short=sl(-3.90%) | scanned=22 | no_tp→fwd_return=+2.6539
  [label] 2024-10-28 08:00 LTCUSDT entry=69.8900 → SHORT | long=sl(-3.95%) short=sl(-3.95%) | scanned=17 | no_tp→fwd_return=-2.4753
  [label] 2024-11-07 00:00 LTCUSDT entry=70.5700 → LONG | long=tp(+11.01%) short=sl(-5.66%) | scanned=13 | long_tp_only
  [label] 2025-02-01 08:00 LTCUSDT entry=122.3900 → SHORT | long=sl(-9.43%) short=tp(+18.56%) | scanned=5 | short_tp_only
  [sample_weight_mode=composite_inv_concurrency] cell=(D, 2025-03) weight_mean=1.0000 weight_std=0.5002 kish=0.7999
  Labels: 1092 long (50.3%), 1079 short (49.7%) | weights: min=0.98, mean=1.00, max=20.48
  Features: 2171/2171 matched, 43 columns
  CV gap: 22 rows
  [ensemble 1/5] seed=42
  [frozen_hp] Trained with baseline HP: n_est=304 depth=4 ct=0.850
  [ensemble 2/5] seed=123
  [frozen_hp] Trained with baseline HP: n_est=449 depth=4 ct=0.791
  [ensemble 3/5] seed=456
  [frozen_hp] Trained with baseline HP: n_est=297 depth=5 ct=0.826
  [ensemble 4/5] seed=789
  [frozen_hp] Trained with baseline HP: n_est=170 depth=5 ct=0.699
  [ensemble 5/5] seed=1001
  [frozen_hp] Trained with baseline HP: n_est=210 depth=3 ct=0.817
  OOD: 16 features, cutoff (q=0.7) = 13.65
  Model trained for 2025-03: 93 test candles with features, confidence_threshold=0.796
[predict] 2025-03-12 16:00 LTCUSDT → LONG (proba=0.83 TP=19.7%/SL=9.8%)
[trade:open] 2025-03-12 23:59 LTCUSDT LONG @ 91.46 | SL=82.46 TP=109.45 | timeout=2025-03-19 23:59
[trade:close] 2025-03-20 00:00 LTCUSDT LONG → timeout @ 94.05 | PnL=+2.83% (net +2.73%) | cum=+111.42% 2025-03=+2.73% 2025-03-20=+2.73%
[lgbm] === Training for 2025-04 ===
  Train window: 2023-04-01 → 2025-03-24
  2171 training samples from 1 symbols
  Samples per month: 2023-04: 90, 2023-05: 93, 2023-06: 90, 2023-07: 93, 2023-08: 93, 2023-09: 90, 2023-10: 93, 2023-11: 90, 2023-12: 93, 2024-01: 93, 2024-02: 87, 2024-03: 93, 2024-04: 90, 2024-05: 93, 2024-06: 90, 2024-07: 93, 2024-08: 93, 2024-09: 90, 2024-10: 93, 2024-11: 90, 2024-12: 93, 2025-01: 93, 2025-02: 84, 2025-03: 71
  [label] 2023-06-01 16:00 LTCUSDT entry=94.1400 → SHORT | long=sl(-4.61%) short=tp(+8.93%) | scanned=12 | short_tp_only
  [label] 2023-06-04 00:00 LTCUSDT entry=95.7700 → SHORT | long=sl(-4.14%) short=tp(+7.97%) | scanned=4 | short_tp_only
  [label] 2023-06-07 16:00 LTCUSDT entry=88.8000 → SHORT | long=sl(-5.53%) short=tp(+10.76%) | scanned=7 | short_tp_only
  [label] 2023-07-02 08:00 LTCUSDT entry=111.9200 → SHORT | long=sl(-9.83%) short=timeout(+13.32%) | scanned=22 | no_tp→fwd_return=-13.4203
  [label] 2023-08-24 00:00 LTCUSDT entry=65.5900 → LONG | long=timeout(+3.33%) short=sl(-5.43%) | scanned=22 | no_tp→fwd_return=+3.4304
  [label] 2024-02-06 00:00 LTCUSDT entry=67.9800 → LONG | long=tp(+5.52%) short=sl(-2.91%) | scanned=9 | long_tp_only
  [label] 2024-02-10 00:00 LTCUSDT entry=70.6600 → SHORT | long=sl(-2.71%) short=sl(-2.71%) | scanned=10 | no_tp→fwd_return=-2.4625
  [label] 2024-02-20 16:00 LTCUSDT entry=69.6900 → LONG | long=tp(+7.96%) short=sl(-4.13%) | scanned=19 | long_tp_only
  [label] 2024-04-05 16:00 LTCUSDT entry=97.9000 → SHORT | long=sl(-9.12%) short=tp(+17.94%) | scanned=21 | short_tp_only
  [label] 2024-04-14 08:00 LTCUSDT entry=77.7800 → LONG | long=timeout(+8.37%) short=timeout(-8.57%) | scanned=22 | no_tp→fwd_return=+8.4726
  [label] 2024-07-13 16:00 LTCUSDT entry=69.7800 → LONG | long=timeout(+4.50%) short=sl(-4.35%) | scanned=22 | no_tp→fwd_return=+4.6002
  [label] 2024-08-14 16:00 LTCUSDT entry=64.0300 → LONG | long=timeout(+0.21%) short=sl(-5.06%) | scanned=22 | no_tp→fwd_return=+0.3124
  [label] 2024-08-31 00:00 LTCUSDT entry=65.6300 → SHORT | long=sl(-5.64%) short=timeout(+2.63%) | scanned=22 | no_tp→fwd_return=-2.7274
  [label] 2024-09-12 16:00 LTCUSDT entry=62.7900 → LONG | long=timeout(+4.02%) short=sl(-3.94%) | scanned=22 | no_tp→fwd_return=+4.1249
  [label] 2024-10-01 00:00 LTCUSDT entry=68.1800 → SHORT | long=sl(-3.92%) short=tp(+7.55%) | scanned=2 | short_tp_only
  [label] 2024-10-07 08:00 LTCUSDT entry=65.8600 → LONG | long=sl(-3.70%) short=timeout(-1.72%) | scanned=22 | no_tp→fwd_return=+1.6247
  [label] 2024-10-19 16:00 LTCUSDT entry=74.8700 → SHORT | long=sl(-4.39%) short=tp(+8.49%) | scanned=12 | short_tp_only
  [label] 2024-11-28 08:00 LTCUSDT entry=93.9600 → LONG | long=tp(+17.52%) short=sl(-8.91%) | scanned=9 | long_tp_only
  [label] 2024-12-08 00:00 LTCUSDT entry=132.6000 → SHORT | long=sl(-10.26%) short=tp(+20.23%) | scanned=5 | short_tp_only
  [label] 2025-03-04 08:00 LTCUSDT entry=99.9700 → SHORT | long=sl(-14.08%) short=timeout(+9.96%) | scanned=22 | no_tp→fwd_return=-10.0630
  [sample_weight_mode=composite_inv_concurrency] cell=(D, 2025-04) weight_mean=1.0000 weight_std=0.5002 kish=0.7999
  Labels: 1062 long (48.9%), 1109 short (51.1%) | weights: min=0.98, mean=1.00, max=20.48
  Features: 2171/2171 matched, 43 columns
  CV gap: 22 rows
  [ensemble 1/5] seed=42
  [frozen_hp] Trained with baseline HP: n_est=98 depth=3 ct=0.803
  [ensemble 2/5] seed=123
  [frozen_hp] Trained with baseline HP: n_est=188 depth=3 ct=0.827
  [ensemble 3/5] seed=456
  [frozen_hp] Trained with baseline HP: n_est=406 depth=4 ct=0.850
  [ensemble 4/5] seed=789
  [frozen_hp] Trained with baseline HP: n_est=178 depth=3 ct=0.785
  [ensemble 5/5] seed=1001
  [frozen_hp] Trained with baseline HP: n_est=499 depth=5 ct=0.809
  OOD: 16 features, cutoff (q=0.7) = 13.81
  Model trained for 2025-04: 90 test candles with features, confidence_threshold=0.815
[predict] 2025-04-22 16:00 LTCUSDT → SHORT (proba=0.83 TP=9.7%/SL=4.9%)
[trade:open] 2025-04-22 23:59 LTCUSDT SHORT @ 83.45 | SL=87.51 TP=75.33 | timeout=2025-04-29 23:59
[trade:close] 2025-04-26 07:59 LTCUSDT SHORT → stop_loss @ 87.51 | PnL=-4.86% (net -4.96%) | cum=+106.46% 2025-04=-4.96% 2025-04-26=-4.96%
[lgbm] === Training for 2025-05 ===
  Train window: 2023-05-01 → 2025-04-23
  2171 training samples from 1 symbols
  Samples per month: 2023-05: 93, 2023-06: 90, 2023-07: 93, 2023-08: 93, 2023-09: 90, 2023-10: 93, 2023-11: 90, 2023-12: 93, 2024-01: 93, 2024-02: 87, 2024-03: 93, 2024-04: 90, 2024-05: 93, 2024-06: 90, 2024-07: 93, 2024-08: 93, 2024-09: 90, 2024-10: 93, 2024-11: 90, 2024-12: 93, 2025-01: 93, 2025-02: 84, 2025-03: 93, 2025-04: 68
  [label] 2023-07-01 16:00 LTCUSDT entry=107.0900 → SHORT | long=sl(-9.66%) short=timeout(+8.62%) | scanned=22 | no_tp→fwd_return=-8.7216
  [label] 2023-07-04 00:00 LTCUSDT entry=106.9600 → SHORT | long=sl(-9.13%) short=timeout(+8.37%) | scanned=22 | no_tp→fwd_return=-8.4705
  [label] 2023-07-07 16:00 LTCUSDT entry=98.1500 → SHORT | long=timeout(-3.25%) short=timeout(+3.05%) | scanned=22 | no_tp→fwd_return=-3.1482
  [label] 2023-08-01 08:00 LTCUSDT entry=93.0700 → SHORT | long=sl(-5.06%) short=tp(+9.83%) | scanned=7 | short_tp_only
  [label] 2023-09-23 00:00 LTCUSDT entry=64.7900 → LONG | long=timeout(+1.00%) short=timeout(-1.20%) | scanned=22 | no_tp→fwd_return=+1.0958
  [label] 2024-03-07 00:00 LTCUSDT entry=84.9300 → LONG | long=tp(+21.87%) short=sl(-11.09%) | scanned=13 | long_tp_only
  [label] 2024-03-11 00:00 LTCUSDT entry=90.2400 → LONG | long=tp(+17.10%) short=sl(-8.70%) | scanned=2 | long_tp_only
  [label] 2024-03-21 16:00 LTCUSDT entry=85.8100 → LONG | long=timeout(+9.68%) short=sl(-9.13%) | scanned=22 | no_tp→fwd_return=+9.7774
  [label] 2024-05-05 16:00 LTCUSDT entry=81.2800 → LONG | long=timeout(+0.04%) short=timeout(-0.24%) | scanned=22 | no_tp→fwd_return=+0.1353
  [label] 2024-05-14 08:00 LTCUSDT entry=79.6200 → LONG | long=tp(+8.33%) short=sl(-4.31%) | scanned=19 | long_tp_only
  [label] 2024-08-12 16:00 LTCUSDT entry=61.4500 → LONG | long=timeout(+7.74%) short=sl(-6.19%) | scanned=22 | no_tp→fwd_return=+7.8438
  [label] 2024-09-13 16:00 LTCUSDT entry=64.8800 → LONG | long=sl(-3.66%) short=timeout(-0.73%) | scanned=22 | no_tp→fwd_return=+0.6319
  [label] 2024-09-30 00:00 LTCUSDT entry=68.2200 → SHORT | long=sl(-3.78%) short=tp(+7.26%) | scanned=5 | short_tp_only
  [label] 2024-10-12 16:00 LTCUSDT entry=66.1600 → LONG | long=sl(-2.77%) short=sl(-2.77%) | scanned=8 | no_tp→fwd_return=+0.1209
  [label] 2024-10-31 00:00 LTCUSDT entry=71.0000 → SHORT | long=sl(-3.80%) short=tp(+7.30%) | scanned=10 | short_tp_only
  [label] 2024-11-06 08:00 LTCUSDT entry=69.7700 → LONG | long=tp(+10.83%) short=sl(-5.57%) | scanned=11 | long_tp_only
  [label] 2024-11-18 16:00 LTCUSDT entry=89.2900 → LONG | long=timeout(+3.34%) short=sl(-11.37%) | scanned=22 | no_tp→fwd_return=+3.4382
  [label] 2024-12-28 08:00 LTCUSDT entry=99.7000 → LONG | long=tp(+15.00%) short=sl(-7.65%) | scanned=19 | long_tp_only
  [label] 2025-01-07 00:00 LTCUSDT entry=112.9100 → SHORT | long=sl(-5.40%) short=tp(+10.50%) | scanned=3 | short_tp_only
  [label] 2025-04-03 08:00 LTCUSDT entry=81.8100 → SHORT | long=sl(-7.45%) short=tp(+14.60%) | scanned=10 | short_tp_only
  [sample_weight_mode=composite_inv_concurrency] cell=(D, 2025-05) weight_mean=1.0000 weight_std=0.5002 kish=0.7999
  Labels: 1063 long (49.0%), 1108 short (51.0%) | weights: min=0.98, mean=1.00, max=20.48
  Features: 2171/2171 matched, 43 columns
  CV gap: 22 rows
  [ensemble 1/5] seed=42
  [frozen_hp] Trained with baseline HP: n_est=145 depth=3 ct=0.839
  [ensemble 2/5] seed=123
  [frozen_hp] Trained with baseline HP: n_est=494 depth=3 ct=0.845
  [ensemble 3/5] seed=456
  [frozen_hp] Trained with baseline HP: n_est=275 depth=5 ct=0.850
  [ensemble 4/5] seed=789
  [frozen_hp] Trained with baseline HP: n_est=97 depth=4 ct=0.845
  [ensemble 5/5] seed=1001
  [frozen_hp] Trained with baseline HP: n_est=246 depth=3 ct=0.849
  OOD: 16 features, cutoff (q=0.7) = 13.74
  Model trained for 2025-05: 93 test candles with features, confidence_threshold=0.846
[predict] 2025-05-08 08:00 LTCUSDT → SHORT (proba=0.86 TP=13.1%/SL=6.6%)
[trade:open] 2025-05-08 15:59 LTCUSDT SHORT @ 93.12 | SL=99.22 TP=80.91 | timeout=2025-05-15 15:59
[trade:close] 2025-05-09 15:59 LTCUSDT SHORT → stop_loss @ 99.22 | PnL=-6.55% (net -6.65%) | cum=+99.80% 2025-05=-6.65% 2025-05-09=-6.65%
[lgbm] === Training for 2025-06 ===
  Train window: 2023-06-01 → 2025-05-24
  2171 training samples from 1 symbols
  Samples per month: 2023-06: 90, 2023-07: 93, 2023-08: 93, 2023-09: 90, 2023-10: 93, 2023-11: 90, 2023-12: 93, 2024-01: 93, 2024-02: 87, 2024-03: 93, 2024-04: 90, 2024-05: 93, 2024-06: 90, 2024-07: 93, 2024-08: 93, 2024-09: 90, 2024-10: 93, 2024-11: 90, 2024-12: 93, 2025-01: 93, 2025-02: 84, 2025-03: 93, 2025-04: 90, 2025-05: 71
  [label] 2023-08-01 16:00 LTCUSDT entry=93.9100 → SHORT | long=sl(-4.83%) short=tp(+9.36%) | scanned=6 | short_tp_only
  [label] 2023-08-04 00:00 LTCUSDT entry=82.8400 → LONG | long=timeout(+0.17%) short=timeout(-0.37%) | scanned=22 | no_tp→fwd_return=+0.2656
  [label] 2023-08-07 16:00 LTCUSDT entry=82.4600 → SHORT | long=timeout(-0.59%) short=timeout(+0.39%) | scanned=22 | no_tp→fwd_return=-0.4851
  [label] 2023-09-01 08:00 LTCUSDT entry=63.1800 → SHORT | long=timeout(-1.11%) short=timeout(+0.91%) | scanned=22 | no_tp→fwd_return=-1.0130
  [label] 2023-10-24 00:00 LTCUSDT entry=69.1700 → SHORT | long=sl(-5.02%) short=timeout(+0.71%) | scanned=22 | no_tp→fwd_return=-0.8096
  [label] 2024-04-07 00:00 LTCUSDT entry=103.6400 → SHORT | long=sl(-7.73%) short=tp(+15.15%) | scanned=17 | short_tp_only
  [label] 2024-04-11 00:00 LTCUSDT entry=98.0300 → SHORT | long=sl(-6.19%) short=tp(+12.08%) | scanned=5 | short_tp_only
  [label] 2024-04-21 16:00 LTCUSDT entry=84.1200 → SHORT | long=timeout(-0.31%) short=timeout(+0.11%) | scanned=22 | no_tp→fwd_return=-0.2140
  [label] 2024-06-05 16:00 LTCUSDT entry=85.4800 → SHORT | long=sl(-2.71%) short=tp(+5.12%) | scanned=6 | short_tp_only
  [label] 2024-06-14 08:00 LTCUSDT entry=78.8300 → SHORT | long=sl(-4.00%) short=tp(+7.71%) | scanned=11 | short_tp_only
  [label] 2024-09-12 16:00 LTCUSDT entry=62.7900 → LONG | long=timeout(+4.02%) short=sl(-3.94%) | scanned=22 | no_tp→fwd_return=+4.1249
  [label] 2024-10-14 16:00 LTCUSDT entry=66.8100 → LONG | long=tp(+5.77%) short=sl(-3.03%) | scanned=3 | long_tp_only
  [label] 2024-10-31 00:00 LTCUSDT entry=71.0000 → SHORT | long=sl(-3.80%) short=tp(+7.30%) | scanned=10 | short_tp_only
  [label] 2024-11-12 16:00 LTCUSDT entry=76.7600 → LONG | long=tp(+15.31%) short=sl(-7.81%) | scanned=11 | long_tp_only
  [label] 2024-12-01 00:00 LTCUSDT entry=101.4200 → LONG | long=tp(+14.81%) short=sl(-7.56%) | scanned=2 | long_tp_only
  [label] 2024-12-07 08:00 LTCUSDT entry=137.3700 → SHORT | long=sl(-10.64%) short=tp(+20.98%) | scanned=7 | short_tp_only
  [label] 2024-12-19 16:00 LTCUSDT entry=99.3000 → LONG | long=timeout(+2.83%) short=timeout(-3.03%) | scanned=22 | no_tp→fwd_return=+2.9305
  [label] 2025-01-28 08:00 LTCUSDT entry=114.2200 → LONG | long=tp(+18.23%) short=sl(-9.26%) | scanned=9 | long_tp_only
  [label] 2025-02-07 00:00 LTCUSDT entry=105.0200 → LONG | long=tp(+23.95%) short=sl(-12.12%) | scanned=12 | long_tp_only
  [label] 2025-05-04 08:00 LTCUSDT entry=86.5900 → LONG | long=sl(-4.34%) short=sl(-4.34%) | scanned=7 | no_tp→fwd_return=+5.7628
  [sample_weight_mode=composite_inv_concurrency] cell=(D, 2025-06) weight_mean=1.0000 weight_std=0.5002 kish=0.7999
  Labels: 1068 long (49.2%), 1103 short (50.8%) | weights: min=0.98, mean=1.00, max=20.48
  Features: 2171/2171 matched, 43 columns
  CV gap: 22 rows
  [ensemble 1/5] seed=42
  [frozen_hp] Trained with baseline HP: n_est=145 depth=3 ct=0.839
  [ensemble 2/5] seed=123
  [frozen_hp] Trained with baseline HP: n_est=476 depth=3 ct=0.832
  [ensemble 3/5] seed=456
  [frozen_hp] Trained with baseline HP: n_est=190 depth=4 ct=0.605
  [ensemble 4/5] seed=789
  [frozen_hp] Trained with baseline HP: n_est=137 depth=4 ct=0.780
  [ensemble 5/5] seed=1001
  [frozen_hp] Trained with baseline HP: n_est=326 depth=5 ct=0.780
  OOD: 16 features, cutoff (q=0.7) = 13.74
  Model trained for 2025-06: 90 test candles with features, confidence_threshold=0.767
[lgbm] === Training for 2025-07 ===
  Train window: 2023-07-01 → 2025-06-23
  2171 training samples from 1 symbols
  Samples per month: 2023-07: 93, 2023-08: 93, 2023-09: 90, 2023-10: 93, 2023-11: 90, 2023-12: 93, 2024-01: 93, 2024-02: 87, 2024-03: 93, 2024-04: 90, 2024-05: 93, 2024-06: 90, 2024-07: 93, 2024-08: 93, 2024-09: 90, 2024-10: 93, 2024-11: 90, 2024-12: 93, 2025-01: 93, 2025-02: 84, 2025-03: 93, 2025-04: 90, 2025-05: 93, 2025-06: 68
  [label] 2023-08-31 16:00 LTCUSDT entry=63.8400 → SHORT | long=timeout(-0.35%) short=timeout(+0.15%) | scanned=22 | no_tp→fwd_return=-0.2506
  [label] 2023-09-03 00:00 LTCUSDT entry=64.2000 → SHORT | long=sl(-4.19%) short=timeout(+3.70%) | scanned=22 | no_tp→fwd_return=-3.8006
  [label] 2023-09-06 16:00 LTCUSDT entry=62.8400 → SHORT | long=sl(-3.63%) short=tp(+6.96%) | scanned=14 | short_tp_only
  [label] 2023-10-01 08:00 LTCUSDT entry=66.8600 → SHORT | long=sl(-3.04%) short=sl(-3.04%) | scanned=4 | no_tp→fwd_return=-1.4059
  [label] 2023-11-23 00:00 LTCUSDT entry=70.3500 → SHORT | long=timeout(-1.11%) short=timeout(+0.91%) | scanned=22 | no_tp→fwd_return=-1.0092
  [label] 2024-05-07 00:00 LTCUSDT entry=80.3900 → LONG | long=timeout(+0.53%) short=timeout(-0.73%) | scanned=22 | no_tp→fwd_return=+0.6344
  [label] 2024-05-11 00:00 LTCUSDT entry=80.7000 → LONG | long=timeout(+4.35%) short=sl(-4.27%) | scanned=22 | no_tp→fwd_return=+4.4486
  [label] 2024-05-21 16:00 LTCUSDT entry=88.2900 → SHORT | long=sl(-3.84%) short=tp(+7.38%) | scanned=6 | short_tp_only
  [label] 2024-07-05 16:00 LTCUSDT entry=61.8000 → LONG | long=timeout(+11.91%) short=sl(-7.77%) | scanned=22 | no_tp→fwd_return=+12.0065
  [label] 2024-07-14 08:00 LTCUSDT entry=69.4300 → LONG | long=timeout(+5.53%) short=sl(-4.11%) | scanned=22 | no_tp→fwd_return=+5.6316
  [label] 2024-10-12 16:00 LTCUSDT entry=66.1600 → LONG | long=sl(-2.77%) short=sl(-2.77%) | scanned=8 | no_tp→fwd_return=+0.1209
  [label] 2024-11-13 16:00 LTCUSDT entry=75.4700 → LONG | long=tp(+17.43%) short=sl(-8.87%) | scanned=8 | long_tp_only
  [label] 2024-11-30 00:00 LTCUSDT entry=102.1800 → LONG | long=tp(+15.62%) short=sl(-7.96%) | scanned=5 | long_tp_only
  [label] 2024-12-12 16:00 LTCUSDT entry=119.2400 → SHORT | long=sl(-11.93%) short=timeout(+16.62%) | scanned=22 | no_tp→fwd_return=-16.7226
  [label] 2024-12-31 00:00 LTCUSDT entry=98.7300 → LONG | long=tp(+13.56%) short=sl(-6.93%) | scanned=11 | long_tp_only
  [label] 2025-01-06 08:00 LTCUSDT entry=114.3800 → SHORT | long=sl(-5.33%) short=tp(+10.36%) | scanned=4 | short_tp_only
  [label] 2025-01-18 16:00 LTCUSDT entry=125.3400 → SHORT | long=sl(-9.69%) short=timeout(+1.06%) | scanned=22 | no_tp→fwd_return=-1.1648
  [label] 2025-02-27 08:00 LTCUSDT entry=128.6600 → SHORT | long=sl(-10.44%) short=tp(+20.58%) | scanned=14 | short_tp_only
  [label] 2025-03-09 00:00 LTCUSDT entry=101.3300 → SHORT | long=sl(-9.72%) short=timeout(+9.01%) | scanned=22 | no_tp→fwd_return=-9.1089
  [label] 2025-06-03 08:00 LTCUSDT entry=89.8400 → LONG | long=sl(-4.79%) short=timeout(-1.30%) | scanned=22 | no_tp→fwd_return=+1.2021
  [sample_weight_mode=composite_inv_concurrency] cell=(D, 2025-07) weight_mean=1.0000 weight_std=0.5002 kish=0.7999
  Labels: 1046 long (48.2%), 1125 short (51.8%) | weights: min=0.98, mean=1.00, max=20.48
  Features: 2171/2171 matched, 43 columns
  CV gap: 22 rows
  [ensemble 1/5] seed=42
  [frozen_hp] Trained with baseline HP: n_est=138 depth=3 ct=0.682
  [ensemble 2/5] seed=123
  [frozen_hp] Trained with baseline HP: n_est=51 depth=3 ct=0.684
  [ensemble 3/5] seed=456
  [frozen_hp] Trained with baseline HP: n_est=121 depth=3 ct=0.643
  [ensemble 4/5] seed=789
  [frozen_hp] Trained with baseline HP: n_est=304 depth=4 ct=0.834
  [ensemble 5/5] seed=1001
  [frozen_hp] Trained with baseline HP: n_est=210 depth=5 ct=0.787
  OOD: 16 features, cutoff (q=0.7) = 13.69
  Model trained for 2025-07: 93 test candles with features, confidence_threshold=0.726
[predict] 2025-07-17 08:00 LTCUSDT → SHORT (proba=0.74 TP=10.2%/SL=5.1%)
[trade:open] 2025-07-17 15:59 LTCUSDT SHORT @ 101.28 | SL=106.44 TP=90.96 | timeout=2025-07-24 15:59
[trade:close] 2025-07-18 07:59 LTCUSDT SHORT → stop_loss @ 106.44 | PnL=-5.09% (net -5.19%) | cum=+94.61% 2025-07=-5.19% 2025-07-18=-5.19%
[lgbm] === Training for 2025-08 ===
  Train window: 2023-08-01 → 2025-07-24
  2171 training samples from 1 symbols
  Samples per month: 2023-08: 93, 2023-09: 90, 2023-10: 93, 2023-11: 90, 2023-12: 93, 2024-01: 93, 2024-02: 87, 2024-03: 93, 2024-04: 90, 2024-05: 93, 2024-06: 90, 2024-07: 93, 2024-08: 93, 2024-09: 90, 2024-10: 93, 2024-11: 90, 2024-12: 93, 2025-01: 93, 2025-02: 84, 2025-03: 93, 2025-04: 90, 2025-05: 93, 2025-06: 90, 2025-07: 71
  [label] 2023-10-01 16:00 LTCUSDT entry=68.1500 → SHORT | long=sl(-3.34%) short=tp(+6.39%) | scanned=7 | short_tp_only
  [label] 2023-10-04 00:00 LTCUSDT entry=64.4200 → SHORT | long=sl(-4.01%) short=timeout(+2.55%) | scanned=22 | no_tp→fwd_return=-2.6545
  [label] 2023-10-07 16:00 LTCUSDT entry=65.4000 → SHORT | long=sl(-2.98%) short=tp(+5.66%) | scanned=6 | short_tp_only
  [label] 2023-11-01 08:00 LTCUSDT entry=66.8400 → LONG | long=tp(+9.83%) short=sl(-5.07%) | scanned=15 | long_tp_only
  [label] 2023-12-24 00:00 LTCUSDT entry=72.6700 → LONG | long=sl(-3.75%) short=sl(-3.75%) | scanned=10 | no_tp→fwd_return=+4.1007
  [label] 2024-06-07 00:00 LTCUSDT entry=84.0900 → SHORT | long=sl(-2.70%) short=tp(+5.10%) | scanned=2 | short_tp_only
  [label] 2024-06-11 00:00 LTCUSDT entry=78.6200 → SHORT | long=sl(-3.66%) short=tp(+7.03%) | scanned=21 | short_tp_only
  [label] 2024-06-21 16:00 LTCUSDT entry=74.1200 → SHORT | long=sl(-4.41%) short=tp(+8.52%) | scanned=9 | short_tp_only
  [label] 2024-08-05 16:00 LTCUSDT entry=56.0400 → LONG | long=timeout(+9.55%) short=timeout(-9.75%) | scanned=22 | no_tp→fwd_return=+9.6538
  [label] 2024-08-14 08:00 LTCUSDT entry=64.0900 → SHORT | long=timeout(-2.53%) short=sl(-5.21%) | scanned=22 | no_tp→fwd_return=-2.4341
  [label] 2024-11-12 16:00 LTCUSDT entry=76.7600 → LONG | long=tp(+15.31%) short=sl(-7.81%) | scanned=11 | long_tp_only
  [label] 2024-12-14 16:00 LTCUSDT entry=118.1900 → SHORT | long=sl(-10.25%) short=sl(-10.25%) | scanned=12 | no_tp→fwd_return=-8.3763
  [label] 2024-12-31 00:00 LTCUSDT entry=98.7300 → LONG | long=tp(+13.56%) short=sl(-6.93%) | scanned=11 | long_tp_only
  [label] 2025-01-12 16:00 LTCUSDT entry=102.3000 → LONG | long=sl(-5.64%) short=sl(-5.64%) | scanned=9 | no_tp→fwd_return=+14.3109
  [label] 2025-01-31 00:00 LTCUSDT entry=129.2300 → SHORT | long=sl(-9.31%) short=tp(+18.32%) | scanned=8 | short_tp_only
  [label] 2025-02-06 08:00 LTCUSDT entry=101.9400 → LONG | long=tp(+27.01%) short=sl(-13.65%) | scanned=14 | long_tp_only
  [label] 2025-02-18 16:00 LTCUSDT entry=129.6700 → SHORT | long=sl(-8.49%) short=tp(+16.68%) | scanned=19 | short_tp_only
  [label] 2025-03-30 08:00 LTCUSDT entry=86.3900 → SHORT | long=sl(-4.97%) short=timeout(+8.64%) | scanned=22 | no_tp→fwd_return=-8.7394
  [label] 2025-04-09 00:00 LTCUSDT entry=70.5200 → LONG | long=timeout(+7.02%) short=sl(-10.02%) | scanned=22 | no_tp→fwd_return=+7.1185
  [label] 2025-07-04 08:00 LTCUSDT entry=86.5800 → LONG | long=tp(+8.76%) short=sl(-4.53%) | scanned=19 | long_tp_only
  [sample_weight_mode=composite_inv_concurrency] cell=(D, 2025-08) weight_mean=1.0000 weight_std=0.5002 kish=0.7999
  Labels: 1103 long (50.8%), 1068 short (49.2%) | weights: min=0.98, mean=1.00, max=20.48
  Features: 2171/2171 matched, 43 columns
  CV gap: 22 rows
  [ensemble 1/5] seed=42
  [frozen_hp] Trained with baseline HP: n_est=348 depth=3 ct=0.850
  [ensemble 2/5] seed=123
  [frozen_hp] Trained with baseline HP: n_est=204 depth=3 ct=0.808
  [ensemble 3/5] seed=456
  [frozen_hp] Trained with baseline HP: n_est=181 depth=4 ct=0.840
  [ensemble 4/5] seed=789
  [frozen_hp] Trained with baseline HP: n_est=143 depth=5 ct=0.822
  [ensemble 5/5] seed=1001
  [frozen_hp] Trained with baseline HP: n_est=272 depth=3 ct=0.829
  OOD: 16 features, cutoff (q=0.7) = 13.77
  Model trained for 2025-08: 93 test candles with features, confidence_threshold=0.830
[lgbm] === Training for 2025-09 ===
  Train window: 2023-09-01 → 2025-08-24
  2171 training samples from 1 symbols
  Samples per month: 2023-09: 90, 2023-10: 93, 2023-11: 90, 2023-12: 93, 2024-01: 93, 2024-02: 87, 2024-03: 93, 2024-04: 90, 2024-05: 93, 2024-06: 90, 2024-07: 93, 2024-08: 93, 2024-09: 90, 2024-10: 93, 2024-11: 90, 2024-12: 93, 2025-01: 93, 2025-02: 84, 2025-03: 93, 2025-04: 90, 2025-05: 93, 2025-06: 90, 2025-07: 93, 2025-08: 71
  [label] 2023-11-01 16:00 LTCUSDT entry=70.0400 → LONG | long=timeout(+4.27%) short=sl(-5.30%) | scanned=22 | no_tp→fwd_return=+4.3689
  [label] 2023-11-04 00:00 LTCUSDT entry=69.4500 → LONG | long=tp(+9.10%) short=sl(-4.70%) | scanned=16 | long_tp_only
  [label] 2023-11-07 16:00 LTCUSDT entry=73.4600 → SHORT | long=sl(-5.21%) short=timeout(+3.74%) | scanned=22 | no_tp→fwd_return=-3.8388
  [label] 2023-12-02 08:00 LTCUSDT entry=71.8300 → LONG | long=tp(+5.42%) short=sl(-2.86%) | scanned=18 | long_tp_only
  [label] 2024-01-24 00:00 LTCUSDT entry=65.3800 → LONG | long=timeout(+4.26%) short=timeout(-4.46%) | scanned=22 | no_tp→fwd_return=+4.3591
  [label] 2024-07-08 00:00 LTCUSDT entry=62.8500 → LONG | long=timeout(+11.71%) short=sl(-7.24%) | scanned=22 | no_tp→fwd_return=+11.8059
  [label] 2024-07-12 00:00 LTCUSDT entry=68.9200 → LONG | long=timeout(+2.60%) short=sl(-5.10%) | scanned=22 | no_tp→fwd_return=+2.6988
  [label] 2024-07-22 16:00 LTCUSDT entry=71.2000 → LONG | long=sl(-4.34%) short=sl(-4.34%) | scanned=19 | no_tp→fwd_return=+5.1826
  [label] 2024-09-05 16:00 LTCUSDT entry=66.0100 → SHORT | long=sl(-5.80%) short=timeout(+4.78%) | scanned=22 | no_tp→fwd_return=-4.8780
  [label] 2024-09-14 08:00 LTCUSDT entry=66.5100 → SHORT | long=sl(-3.47%) short=tp(+6.63%) | scanned=8 | short_tp_only
  [label] 2024-12-13 16:00 LTCUSDT entry=124.4900 → SHORT | long=sl(-10.78%) short=tp(+21.25%) | scanned=18 | short_tp_only
  [label] 2025-01-14 16:00 LTCUSDT entry=102.4000 → LONG | long=tp(+12.25%) short=sl(-6.27%) | scanned=3 | long_tp_only
  [label] 2025-01-31 00:00 LTCUSDT entry=129.2300 → SHORT | long=sl(-9.31%) short=tp(+18.32%) | scanned=8 | short_tp_only
  [label] 2025-02-12 16:00 LTCUSDT entry=122.0100 → LONG | long=timeout(+10.40%) short=sl(-9.89%) | scanned=22 | no_tp→fwd_return=+10.4991
  [label] 2025-03-03 00:00 LTCUSDT entry=118.6300 → SHORT | long=sl(-11.57%) short=timeout(+18.75%) | scanned=22 | no_tp→fwd_return=-18.8485
  [label] 2025-03-09 08:00 LTCUSDT entry=99.8500 → SHORT | long=sl(-9.65%) short=timeout(+10.61%) | scanned=22 | no_tp→fwd_return=-10.7061
  [label] 2025-03-21 16:00 LTCUSDT entry=90.7900 → SHORT | long=sl(-5.51%) short=sl(-5.51%) | scanned=21 | no_tp→fwd_return=-3.8440
  [label] 2025-04-30 08:00 LTCUSDT entry=82.8000 → LONG | long=tp(+10.86%) short=sl(-5.58%) | scanned=19 | long_tp_only
  [label] 2025-05-10 00:00 LTCUSDT entry=103.9200 → SHORT | long=sl(-6.71%) short=timeout(+3.20%) | scanned=22 | no_tp→fwd_return=-3.3006
  [label] 2025-08-04 08:00 LTCUSDT entry=117.8000 → LONG | long=timeout(+6.17%) short=sl(-6.03%) | scanned=22 | no_tp→fwd_return=+6.2733
  [sample_weight_mode=composite_inv_concurrency] cell=(D, 2025-09) weight_mean=1.0000 weight_std=0.5002 kish=0.7999
  Labels: 1106 long (50.9%), 1065 short (49.1%) | weights: min=0.98, mean=1.00, max=20.48
  Features: 2171/2171 matched, 43 columns
  CV gap: 22 rows
  [ensemble 1/5] seed=42
  [frozen_hp] Trained with baseline HP: n_est=66 depth=5 ct=0.767
  [ensemble 2/5] seed=123
  [frozen_hp] Trained with baseline HP: n_est=76 depth=4 ct=0.755
  [ensemble 3/5] seed=456
  [frozen_hp] Trained with baseline HP: n_est=368 depth=4 ct=0.758
  [ensemble 4/5] seed=789
  [frozen_hp] Trained with baseline HP: n_est=148 depth=4 ct=0.776
  [ensemble 5/5] seed=1001
  [frozen_hp] Trained with baseline HP: n_est=223 depth=3 ct=0.776
  OOD: 16 features, cutoff (q=0.7) = 13.67
  Model trained for 2025-09: 90 test candles with features, confidence_threshold=0.766
[predict] 2025-09-08 16:00 LTCUSDT → LONG (proba=0.79 TP=6.2%/SL=3.1%)
[trade:open] 2025-09-08 23:59 LTCUSDT LONG @ 112.69 | SL=109.19 TP=119.68 | timeout=2025-09-15 23:59
[trade:close] 2025-09-13 15:59 LTCUSDT LONG → take_profit @ 119.68 | PnL=+6.20% (net +6.10%) | cum=+100.71% 2025-09=+6.10% 2025-09-13=+6.10%
[predict] 2025-09-20 16:00 LTCUSDT → LONG (proba=0.78 TP=7.3%/SL=3.6%)
[trade:open] 2025-09-20 23:59 LTCUSDT LONG @ 113.85 | SL=109.71 TP=122.12 | timeout=2025-09-27 23:59
[trade:close] 2025-09-22 07:59 LTCUSDT LONG → stop_loss @ 109.71 | PnL=-3.63% (net -3.73%) | cum=+96.98% 2025-09=+2.37% 2025-09-22=-3.73%
[lgbm] === Training for 2025-10 ===
  Train window: 2023-10-01 → 2025-09-23
  2171 training samples from 1 symbols
  Samples per month: 2023-10: 93, 2023-11: 90, 2023-12: 93, 2024-01: 93, 2024-02: 87, 2024-03: 93, 2024-04: 90, 2024-05: 93, 2024-06: 90, 2024-07: 93, 2024-08: 93, 2024-09: 90, 2024-10: 93, 2024-11: 90, 2024-12: 93, 2025-01: 93, 2025-02: 84, 2025-03: 93, 2025-04: 90, 2025-05: 93, 2025-06: 90, 2025-07: 93, 2025-08: 93, 2025-09: 68
  [label] 2023-12-01 16:00 LTCUSDT entry=71.6000 → LONG | long=tp(+5.76%) short=sl(-3.03%) | scanned=20 | long_tp_only
  [label] 2023-12-04 00:00 LTCUSDT entry=73.6700 → LONG | long=sl(-3.22%) short=sl(-3.22%) | scanned=13 | no_tp→fwd_return=+3.2035
  [label] 2023-12-07 16:00 LTCUSDT entry=74.0800 → SHORT | long=sl(-4.31%) short=sl(-4.31%) | scanned=10 | no_tp→fwd_return=-1.2419
  [label] 2024-01-01 08:00 LTCUSDT entry=73.7600 → SHORT | long=sl(-4.42%) short=tp(+8.53%) | scanned=6 | short_tp_only
  [label] 2024-02-23 00:00 LTCUSDT entry=68.3900 → LONG | long=tp(+7.26%) short=sl(-3.78%) | scanned=12 | long_tp_only
  [label] 2024-08-07 00:00 LTCUSDT entry=58.5600 → LONG | long=timeout(+8.39%) short=timeout(-8.59%) | scanned=22 | no_tp→fwd_return=+8.4870
  [label] 2024-08-11 00:00 LTCUSDT entry=61.6200 → LONG | long=timeout(+9.12%) short=sl(-6.03%) | scanned=22 | no_tp→fwd_return=+9.2178
  [label] 2024-08-21 16:00 LTCUSDT entry=64.2300 → SHORT | long=sl(-4.86%) short=sl(-4.86%) | scanned=18 | no_tp→fwd_return=-6.0564
  [label] 2024-10-05 16:00 LTCUSDT entry=66.2600 → SHORT | long=sl(-3.99%) short=timeout(+0.05%) | scanned=22 | no_tp→fwd_return=-0.1509
  [label] 2024-10-14 08:00 LTCUSDT entry=66.9300 → LONG | long=tp(+5.80%) short=sl(-3.05%) | scanned=4 | long_tp_only
  [label] 2025-01-12 16:00 LTCUSDT entry=102.3000 → LONG | long=sl(-5.64%) short=sl(-5.64%) | scanned=9 | no_tp→fwd_return=+14.3109
  [label] 2025-02-13 16:00 LTCUSDT entry=126.5300 → LONG | long=timeout(+3.24%) short=sl(-9.69%) | scanned=22 | no_tp→fwd_return=+3.3352
  [label] 2025-03-02 00:00 LTCUSDT entry=122.1500 → SHORT | long=sl(-9.80%) short=tp(+19.30%) | scanned=8 | short_tp_only
  [label] 2025-03-14 16:00 LTCUSDT entry=91.2700 → SHORT | long=timeout(-0.63%) short=timeout(+0.43%) | scanned=22 | no_tp→fwd_return=-0.5259
  [label] 2025-04-02 00:00 LTCUSDT entry=81.7100 → SHORT | long=sl(-5.42%) short=sl(-5.42%) | scanned=14 | no_tp→fwd_return=-13.6458
  [label] 2025-04-08 08:00 LTCUSDT entry=71.4900 → LONG | long=timeout(+5.69%) short=sl(-9.92%) | scanned=22 | no_tp→fwd_return=+5.7910
  [label] 2025-04-20 16:00 LTCUSDT entry=77.7700 → LONG | long=tp(+8.55%) short=sl(-4.42%) | scanned=6 | long_tp_only
  [label] 2025-05-30 08:00 LTCUSDT entry=89.5600 → SHORT | long=sl(-5.72%) short=timeout(+3.28%) | scanned=22 | no_tp→fwd_return=-3.3832
  [label] 2025-06-09 00:00 LTCUSDT entry=86.9500 → LONG | long=tp(+7.79%) short=sl(-4.05%) | scanned=8 | long_tp_only
  [label] 2025-09-03 08:00 LTCUSDT entry=112.7900 → LONG | long=timeout(+1.25%) short=timeout(-1.45%) | scanned=22 | no_tp→fwd_return=+1.3476
  [sample_weight_mode=composite_inv_concurrency] cell=(D, 2025-10) weight_mean=1.0000 weight_std=0.5002 kish=0.7999
  Labels: 1107 long (51.0%), 1064 short (49.0%) | weights: min=0.98, mean=1.00, max=20.48
  Features: 2171/2171 matched, 43 columns
  CV gap: 22 rows
  [ensemble 1/5] seed=42
  [frozen_hp] Trained with baseline HP: n_est=350 depth=3 ct=0.818
  [ensemble 2/5] seed=123
  [frozen_hp] Trained with baseline HP: n_est=226 depth=4 ct=0.785
  [ensemble 3/5] seed=456
  [frozen_hp] Trained with baseline HP: n_est=131 depth=5 ct=0.849
  [ensemble 4/5] seed=789
  [frozen_hp] Trained with baseline HP: n_est=187 depth=3 ct=0.753
  [ensemble 5/5] seed=1001
  [frozen_hp] Trained with baseline HP: n_est=186 depth=3 ct=0.759
  OOD: 16 features, cutoff (q=0.7) = 13.74
  Model trained for 2025-10: 93 test candles with features, confidence_threshold=0.793
[predict] 2025-10-18 00:00 LTCUSDT → LONG (proba=0.86 TP=20.4%/SL=10.2%)
[trade:open] 2025-10-18 07:59 LTCUSDT LONG @ 90.90 | SL=81.62 TP=109.47 | timeout=2025-10-25 07:59
[trade:close] 2025-10-25 08:00 LTCUSDT LONG → timeout @ 96.49 | PnL=+6.15% (net +6.05%) | cum=+103.03% 2025-10=+6.05% 2025-10-25=+6.05%
[lgbm] === Training for 2025-11 ===
  Train window: 2023-11-01 → 2025-10-24
  2171 training samples from 1 symbols
  Samples per month: 2023-11: 90, 2023-12: 93, 2024-01: 93, 2024-02: 87, 2024-03: 93, 2024-04: 90, 2024-05: 93, 2024-06: 90, 2024-07: 93, 2024-08: 93, 2024-09: 90, 2024-10: 93, 2024-11: 90, 2024-12: 93, 2025-01: 93, 2025-02: 84, 2025-03: 93, 2025-04: 90, 2025-05: 93, 2025-06: 90, 2025-07: 93, 2025-08: 93, 2025-09: 90, 2025-10: 71
  [label] 2024-01-01 16:00 LTCUSDT entry=74.8100 → SHORT | long=sl(-4.28%) short=tp(+8.25%) | scanned=5 | short_tp_only
  [label] 2024-01-04 00:00 LTCUSDT entry=65.0100 → LONG | long=timeout(+9.30%) short=sl(-7.75%) | scanned=22 | no_tp→fwd_return=+9.3986
  [label] 2024-01-07 16:00 LTCUSDT entry=64.2400 → LONG | long=tp(+11.64%) short=sl(-5.97%) | scanned=11 | long_tp_only
  [label] 2024-02-01 08:00 LTCUSDT entry=66.6700 → LONG | long=timeout(+3.65%) short=sl(-3.95%) | scanned=22 | no_tp→fwd_return=+3.7498
  [label] 2024-03-25 00:00 LTCUSDT entry=89.3700 → LONG | long=tp(+13.66%) short=sl(-6.98%) | scanned=13 | long_tp_only
  [label] 2024-09-07 00:00 LTCUSDT entry=63.8400 → LONG | long=sl(-6.10%) short=timeout(-2.40%) | scanned=22 | no_tp→fwd_return=+2.3026
  [label] 2024-09-11 00:00 LTCUSDT entry=61.4400 → LONG | long=timeout(+4.21%) short=sl(-4.59%) | scanned=22 | no_tp→fwd_return=+4.3132
  [label] 2024-09-21 16:00 LTCUSDT entry=66.8100 → LONG | long=tp(+6.58%) short=sl(-3.44%) | scanned=19 | long_tp_only
  [label] 2024-11-05 16:00 LTCUSDT entry=65.3700 → LONG | long=tp(+9.91%) short=sl(-5.10%) | scanned=4 | long_tp_only
  [label] 2024-11-14 08:00 LTCUSDT entry=78.6800 → LONG | long=tp(+20.05%) short=sl(-10.17%) | scanned=6 | long_tp_only
  [label] 2025-02-12 16:00 LTCUSDT entry=122.0100 → LONG | long=timeout(+10.40%) short=sl(-9.89%) | scanned=22 | no_tp→fwd_return=+10.4991
  [label] 2025-03-16 16:00 LTCUSDT entry=90.1600 → LONG | long=timeout(+1.32%) short=timeout(-1.52%) | scanned=22 | no_tp→fwd_return=+1.4197
  [label] 2025-04-02 00:00 LTCUSDT entry=81.7100 → SHORT | long=sl(-5.42%) short=sl(-5.42%) | scanned=14 | no_tp→fwd_return=-13.6458
  [label] 2025-04-14 16:00 LTCUSDT entry=77.1300 → LONG | long=timeout(+1.14%) short=timeout(-1.34%) | scanned=22 | no_tp→fwd_return=+1.2447
  [label] 2025-05-03 00:00 LTCUSDT entry=86.8000 → LONG | long=sl(-5.00%) short=sl(-5.00%) | scanned=11 | no_tp→fwd_return=+5.5069
  [label] 2025-05-09 08:00 LTCUSDT entry=98.3300 → LONG | long=timeout(+3.14%) short=sl(-6.65%) | scanned=22 | no_tp→fwd_return=+3.2442
  [label] 2025-05-21 16:00 LTCUSDT entry=97.0500 → SHORT | long=timeout(-1.86%) short=timeout(+1.66%) | scanned=22 | no_tp→fwd_return=-1.7620
  [label] 2025-06-30 08:00 LTCUSDT entry=85.9000 → LONG | long=sl(-3.75%) short=sl(-3.75%) | scanned=8 | no_tp→fwd_return=+5.9721
  [label] 2025-07-10 00:00 LTCUSDT entry=90.9300 → LONG | long=tp(+6.48%) short=sl(-3.39%) | scanned=4 | long_tp_only
  [label] 2025-10-04 08:00 LTCUSDT entry=117.7600 → LONG | long=tp(+9.96%) short=sl(-5.13%) | scanned=17 | long_tp_only
  [sample_weight_mode=composite_inv_concurrency] cell=(D, 2025-11) weight_mean=1.0000 weight_std=0.5002 kish=0.7999
  Labels: 1116 long (51.4%), 1055 short (48.6%) | weights: min=0.98, mean=1.00, max=20.48
  Features: 2171/2171 matched, 43 columns
  CV gap: 22 rows
  [ensemble 1/5] seed=42
  [frozen_hp] Trained with baseline HP: n_est=166 depth=3 ct=0.838
  [ensemble 2/5] seed=123
  [frozen_hp] Trained with baseline HP: n_est=108 depth=5 ct=0.824
  [ensemble 3/5] seed=456
  [frozen_hp] Trained with baseline HP: n_est=199 depth=3 ct=0.786
  [ensemble 4/5] seed=789
  [frozen_hp] Trained with baseline HP: n_est=154 depth=5 ct=0.605
  [ensemble 5/5] seed=1001
  [frozen_hp] Trained with baseline HP: n_est=393 depth=4 ct=0.592
  OOD: 16 features, cutoff (q=0.7) = 13.49
  Model trained for 2025-11: 90 test candles with features, confidence_threshold=0.729
[predict] 2025-11-05 08:00 LTCUSDT → LONG (proba=0.78 TP=17.7%/SL=8.8%)
[trade:open] 2025-11-05 15:59 LTCUSDT LONG @ 87.71 | SL=79.95 TP=103.22 | timeout=2025-11-12 15:59
[trade:close] 2025-11-07 23:59 LTCUSDT LONG → take_profit @ 103.22 | PnL=+17.68% (net +17.58%) | cum=+120.61% 2025-11=+17.58% 2025-11-07=+17.58%
[predict] 2025-11-19 08:00 LTCUSDT → LONG (proba=0.76 TP=16.9%/SL=8.4%)
[trade:open] 2025-11-19 15:59 LTCUSDT LONG @ 91.67 | SL=83.94 TP=107.13 | timeout=2025-11-26 15:59
[trade:close] 2025-11-21 07:59 LTCUSDT LONG → stop_loss @ 83.94 | PnL=-8.43% (net -8.53%) | cum=+112.08% 2025-11=+9.05% 2025-11-21=-8.53%
[predict] 2025-11-29 08:00 LTCUSDT → LONG (proba=0.75 TP=9.6%/SL=4.8%)
[trade:open] 2025-11-29 15:59 LTCUSDT LONG @ 84.36 | SL=80.31 TP=92.46 | timeout=2025-12-06 15:59
[trade:close] 2025-12-01 07:59 LTCUSDT LONG → stop_loss @ 80.31 | PnL=-4.80% (net -4.90%) | cum=+107.18% 2025-12=-4.90% 2025-12-01=-4.90%
[lgbm] === Training for 2025-12 ===
  Train window: 2023-12-01 → 2025-11-23
  2171 training samples from 1 symbols
  Samples per month: 2023-12: 93, 2024-01: 93, 2024-02: 87, 2024-03: 93, 2024-04: 90, 2024-05: 93, 2024-06: 90, 2024-07: 93, 2024-08: 93, 2024-09: 90, 2024-10: 93, 2024-11: 90, 2024-12: 93, 2025-01: 93, 2025-02: 84, 2025-03: 93, 2025-04: 90, 2025-05: 93, 2025-06: 90, 2025-07: 93, 2025-08: 93, 2025-09: 90, 2025-10: 93, 2025-11: 68
  [label] 2024-01-31 16:00 LTCUSDT entry=66.7200 → LONG | long=timeout(+2.73%) short=timeout(-2.93%) | scanned=22 | no_tp→fwd_return=+2.8327
  [label] 2024-02-03 00:00 LTCUSDT entry=68.1800 → LONG | long=timeout(+3.54%) short=sl(-3.30%) | scanned=22 | no_tp→fwd_return=+3.6374
  [label] 2024-02-06 16:00 LTCUSDT entry=68.2800 → LONG | long=tp(+5.19%) short=sl(-2.75%) | scanned=7 | long_tp_only
  [label] 2024-03-02 08:00 LTCUSDT entry=91.0200 → SHORT | long=sl(-7.88%) short=tp(+15.45%) | scanned=10 | short_tp_only
  [label] 2024-04-24 00:00 LTCUSDT entry=86.8500 → SHORT | long=sl(-5.14%) short=tp(+9.97%) | scanned=19 | short_tp_only
  [label] 2024-10-07 00:00 LTCUSDT entry=67.3600 → SHORT | long=sl(-3.47%) short=timeout(+2.62%) | scanned=22 | no_tp→fwd_return=-2.7167
  [label] 2024-10-11 00:00 LTCUSDT entry=64.5700 → LONG | long=tp(+6.31%) short=sl(-3.30%) | scanned=14 | long_tp_only
  [label] 2024-10-21 16:00 LTCUSDT entry=70.7400 → LONG | long=sl(-4.39%) short=timeout(-0.17%) | scanned=22 | no_tp→fwd_return=+0.0707
  [label] 2024-12-05 16:00 LTCUSDT entry=135.8900 → SHORT | long=sl(-13.70%) short=tp(+27.10%) | scanned=12 | short_tp_only
  [label] 2024-12-14 08:00 LTCUSDT entry=119.9100 → SHORT | long=sl(-10.44%) short=tp(+20.58%) | scanned=16 | short_tp_only
  [label] 2025-03-14 16:00 LTCUSDT entry=91.2700 → SHORT | long=timeout(-0.63%) short=timeout(+0.43%) | scanned=22 | no_tp→fwd_return=-0.5259
  [label] 2025-04-15 16:00 LTCUSDT entry=75.2500 → LONG | long=timeout(+10.80%) short=sl(-6.55%) | scanned=22 | no_tp→fwd_return=+10.8970
  [label] 2025-05-02 00:00 LTCUSDT entry=87.9000 → LONG | long=sl(-5.45%) short=sl(-5.45%) | scanned=14 | no_tp→fwd_return=+4.1866
  [label] 2025-05-14 16:00 LTCUSDT entry=100.9100 → SHORT | long=sl(-7.66%) short=timeout(+3.73%) | scanned=22 | no_tp→fwd_return=-3.8252
  [label] 2025-06-02 00:00 LTCUSDT entry=89.0000 → SHORT | long=sl(-5.32%) short=timeout(+2.20%) | scanned=22 | no_tp→fwd_return=-2.3034
  [label] 2025-06-08 08:00 LTCUSDT entry=88.0000 → SHORT | long=sl(-4.24%) short=sl(-4.24%) | scanned=14 | no_tp→fwd_return=-4.8182
  [label] 2025-06-20 16:00 LTCUSDT entry=82.8800 → LONG | long=sl(-4.42%) short=timeout(-2.40%) | scanned=22 | no_tp→fwd_return=+2.3045
  [label] 2025-07-30 08:00 LTCUSDT entry=109.3300 → LONG | long=tp(+11.49%) short=sl(-5.90%) | scanned=17 | long_tp_only
  [label] 2025-08-09 00:00 LTCUSDT entry=125.1500 → SHORT | long=sl(-5.98%) short=sl(-5.98%) | scanned=19 | no_tp→fwd_return=-6.0727
  [label] 2025-11-03 08:00 LTCUSDT entry=87.6400 → LONG | long=sl(-8.09%) short=sl(-8.09%) | scanned=13 | no_tp→fwd_return=+16.2141
  [sample_weight_mode=composite_inv_concurrency] cell=(D, 2025-12) weight_mean=1.0000 weight_std=0.5002 kish=0.7999
  Labels: 1092 long (50.3%), 1079 short (49.7%) | weights: min=0.98, mean=1.00, max=20.48
  Features: 2171/2171 matched, 43 columns
  CV gap: 22 rows
  [ensemble 1/5] seed=42
  [frozen_hp] Trained with baseline HP: n_est=255 depth=3 ct=0.820
  [ensemble 2/5] seed=123
  [frozen_hp] Trained with baseline HP: n_est=68 depth=4 ct=0.810
  [ensemble 3/5] seed=456
  [frozen_hp] Trained with baseline HP: n_est=215 depth=3 ct=0.818
  [ensemble 4/5] seed=789
  [frozen_hp] Trained with baseline HP: n_est=305 depth=3 ct=0.815
  [ensemble 5/5] seed=1001
  [frozen_hp] Trained with baseline HP: n_est=349 depth=3 ct=0.822
  OOD: 16 features, cutoff (q=0.7) = 13.52
  Model trained for 2025-12: 93 test candles with features, confidence_threshold=0.817
[lgbm] === Training for 2026-01 ===
  Train window: 2024-01-01 → 2025-12-24
  2171 training samples from 1 symbols
  Samples per month: 2024-01: 93, 2024-02: 87, 2024-03: 93, 2024-04: 90, 2024-05: 93, 2024-06: 90, 2024-07: 93, 2024-08: 93, 2024-09: 90, 2024-10: 93, 2024-11: 90, 2024-12: 93, 2025-01: 93, 2025-02: 84, 2025-03: 93, 2025-04: 90, 2025-05: 93, 2025-06: 90, 2025-07: 93, 2025-08: 93, 2025-09: 90, 2025-10: 93, 2025-11: 90, 2025-12: 71
  [label] 2024-03-02 16:00 LTCUSDT entry=94.5900 → SHORT | long=sl(-7.55%) short=tp(+14.80%) | scanned=9 | short_tp_only
  [label] 2024-03-05 00:00 LTCUSDT entry=88.9900 → SHORT | long=sl(-9.01%) short=tp(+17.72%) | scanned=2 | short_tp_only
  [label] 2024-03-08 16:00 LTCUSDT entry=88.4200 → LONG | long=tp(+19.31%) short=sl(-9.80%) | scanned=9 | long_tp_only
  [label] 2024-04-02 08:00 LTCUSDT entry=105.9000 → SHORT | long=sl(-9.52%) short=timeout(+7.30%) | scanned=22 | no_tp→fwd_return=-7.4032
  [label] 2024-05-25 00:00 LTCUSDT entry=85.4800 → SHORT | long=timeout(-2.64%) short=timeout(+2.44%) | scanned=22 | no_tp→fwd_return=-2.5386
  [label] 2024-11-07 00:00 LTCUSDT entry=70.5700 → LONG | long=tp(+11.01%) short=sl(-5.66%) | scanned=13 | long_tp_only
  [label] 2024-11-11 00:00 LTCUSDT entry=75.6100 → LONG | long=tp(+11.60%) short=sl(-5.95%) | scanned=9 | long_tp_only
  [label] 2024-11-21 16:00 LTCUSDT entry=89.6000 → LONG | long=timeout(+6.59%) short=sl(-9.65%) | scanned=22 | no_tp→fwd_return=+6.6853
  [label] 2025-01-05 16:00 LTCUSDT entry=115.7000 → SHORT | long=sl(-5.16%) short=tp(+10.03%) | scanned=5 | short_tp_only
  [label] 2025-01-14 08:00 LTCUSDT entry=100.5400 → LONG | long=tp(+12.74%) short=sl(-6.52%) | scanned=4 | long_tp_only
  [label] 2025-04-14 16:00 LTCUSDT entry=77.1300 → LONG | long=timeout(+1.14%) short=timeout(-1.34%) | scanned=22 | no_tp→fwd_return=+1.2447
  [label] 2025-05-16 16:00 LTCUSDT entry=99.4000 → SHORT | long=sl(-7.21%) short=timeout(+4.15%) | scanned=22 | no_tp→fwd_return=-4.2455
  [label] 2025-06-02 00:00 LTCUSDT entry=89.0000 → SHORT | long=sl(-5.32%) short=timeout(+2.20%) | scanned=22 | no_tp→fwd_return=-2.3034
  [label] 2025-06-14 16:00 LTCUSDT entry=85.1300 → SHORT | long=sl(-4.98%) short=timeout(+5.69%) | scanned=22 | no_tp→fwd_return=-5.7911
  [label] 2025-07-03 00:00 LTCUSDT entry=91.0300 → SHORT | long=sl(-4.17%) short=timeout(+0.01%) | scanned=22 | no_tp→fwd_return=-0.1099
  [label] 2025-07-09 08:00 LTCUSDT entry=88.4800 → LONG | long=tp(+6.28%) short=sl(-3.29%) | scanned=4 | long_tp_only
  [label] 2025-07-21 16:00 LTCUSDT entry=115.5100 → SHORT | long=timeout(-5.77%) short=timeout(+5.57%) | scanned=22 | no_tp→fwd_return=-5.6705
  [label] 2025-08-30 08:00 LTCUSDT entry=110.5600 → LONG | long=timeout(+0.65%) short=timeout(-0.85%) | scanned=22 | no_tp→fwd_return=+0.7507
  [label] 2025-09-09 00:00 LTCUSDT entry=113.9800 → LONG | long=timeout(+0.57%) short=sl(-3.27%) | scanned=22 | no_tp→fwd_return=+0.6668
  [label] 2025-12-04 08:00 LTCUSDT entry=84.4300 → SHORT | long=sl(-5.28%) short=timeout(+3.99%) | scanned=22 | no_tp→fwd_return=-4.0862
  [sample_weight_mode=composite_inv_concurrency] cell=(D, 2026-01) weight_mean=1.0000 weight_std=0.5002 kish=0.7999
  Labels: 1074 long (49.5%), 1097 short (50.5%) | weights: min=0.98, mean=1.00, max=20.48
  Features: 2171/2171 matched, 43 columns
  CV gap: 22 rows
  [ensemble 1/5] seed=42
  [frozen_hp] Trained with baseline HP: n_est=72 depth=4 ct=0.816
  [ensemble 2/5] seed=123
  [frozen_hp] Trained with baseline HP: n_est=162 depth=3 ct=0.848
  [ensemble 3/5] seed=456
  [frozen_hp] Trained with baseline HP: n_est=459 depth=4 ct=0.794
  [ensemble 4/5] seed=789
  [frozen_hp] Trained with baseline HP: n_est=111 depth=4 ct=0.834
  [ensemble 5/5] seed=1001
  [frozen_hp] Trained with baseline HP: n_est=98 depth=3 ct=0.841
  OOD: 16 features, cutoff (q=0.7) = 13.57
  Model trained for 2026-01: 93 test candles with features, confidence_threshold=0.827
[lgbm] === Training for 2026-02 ===
  Train window: 2024-02-01 → 2026-01-24
  2171 training samples from 1 symbols
  Samples per month: 2024-02: 87, 2024-03: 93, 2024-04: 90, 2024-05: 93, 2024-06: 90, 2024-07: 93, 2024-08: 93, 2024-09: 90, 2024-10: 93, 2024-11: 90, 2024-12: 93, 2025-01: 93, 2025-02: 84, 2025-03: 93, 2025-04: 90, 2025-05: 93, 2025-06: 90, 2025-07: 93, 2025-08: 93, 2025-09: 90, 2025-10: 93, 2025-11: 90, 2025-12: 93, 2026-01: 71
  [label] 2024-04-02 16:00 LTCUSDT entry=106.8600 → SHORT | long=sl(-9.29%) short=timeout(+8.57%) | scanned=22 | no_tp→fwd_return=-8.6655
  [label] 2024-04-05 00:00 LTCUSDT entry=99.0200 → SHORT | long=timeout(-0.59%) short=timeout(+0.39%) | scanned=22 | no_tp→fwd_return=-0.4948
  [label] 2024-04-08 16:00 LTCUSDT entry=103.3500 → SHORT | long=sl(-6.60%) short=tp(+12.89%) | scanned=12 | short_tp_only
  [label] 2024-05-03 08:00 LTCUSDT entry=81.8800 → SHORT | long=timeout(-1.43%) short=timeout(+1.23%) | scanned=22 | no_tp→fwd_return=-1.3312
  [label] 2024-06-25 00:00 LTCUSDT entry=70.5600 → LONG | long=timeout(+6.55%) short=sl(-4.67%) | scanned=22 | no_tp→fwd_return=+6.6468
  [label] 2024-12-08 00:00 LTCUSDT entry=132.6000 → SHORT | long=sl(-10.26%) short=tp(+20.23%) | scanned=5 | short_tp_only
  [label] 2024-12-12 00:00 LTCUSDT entry=121.5400 → SHORT | long=sl(-12.28%) short=timeout(+10.12%) | scanned=22 | no_tp→fwd_return=-10.2189
  [label] 2024-12-22 16:00 LTCUSDT entry=99.7400 → SHORT | long=timeout(-1.40%) short=timeout(+1.20%) | scanned=22 | no_tp→fwd_return=-1.3034
  [label] 2025-02-05 16:00 LTCUSDT entry=103.3100 → LONG | long=tp(+27.23%) short=sl(-13.77%) | scanned=16 | long_tp_only
  [label] 2025-02-14 08:00 LTCUSDT entry=127.8500 → LONG | long=timeout(+3.76%) short=sl(-9.30%) | scanned=22 | no_tp→fwd_return=+3.8561
  [label] 2025-05-15 16:00 LTCUSDT entry=99.2100 → LONG | long=timeout(+0.92%) short=timeout(-1.12%) | scanned=22 | no_tp→fwd_return=+1.0180
  [label] 2025-06-16 16:00 LTCUSDT entry=86.6400 → SHORT | long=sl(-4.54%) short=tp(+8.77%) | scanned=15 | short_tp_only
  [label] 2025-07-03 00:00 LTCUSDT entry=91.0300 → SHORT | long=sl(-4.17%) short=timeout(+0.01%) | scanned=22 | no_tp→fwd_return=-0.1099
  [label] 2025-07-15 16:00 LTCUSDT entry=96.3600 → LONG | long=tp(+10.24%) short=sl(-5.27%) | scanned=7 | long_tp_only
  [label] 2025-08-03 00:00 LTCUSDT entry=108.1000 → LONG | long=tp(+12.31%) short=sl(-6.31%) | scanned=6 | long_tp_only
  [label] 2025-08-09 08:00 LTCUSDT entry=121.1000 → SHORT | long=timeout(-1.98%) short=sl(-6.34%) | scanned=22 | no_tp→fwd_return=-1.8827
  [label] 2025-08-21 16:00 LTCUSDT entry=114.6900 → SHORT | long=sl(-5.14%) short=sl(-5.14%) | scanned=12 | no_tp→fwd_return=-4.8914
  [label] 2025-09-30 08:00 LTCUSDT entry=104.4600 → LONG | long=tp(+6.92%) short=sl(-3.61%) | scanned=4 | long_tp_only
  [label] 2025-10-10 00:00 LTCUSDT entry=128.2400 → SHORT | long=sl(-5.82%) short=sl(-5.82%) | scanned=2 | no_tp→fwd_return=-24.5399
  [label] 2026-01-04 08:00 LTCUSDT entry=82.6300 → SHORT | long=sl(-3.19%) short=timeout(+2.48%) | scanned=22 | no_tp→fwd_return=-2.5778
  [sample_weight_mode=composite_inv_concurrency] cell=(D, 2026-02) weight_mean=1.0000 weight_std=0.5002 kish=0.7999
  Labels: 1063 long (49.0%), 1108 short (51.0%) | weights: min=0.98, mean=1.00, max=20.48
  Features: 2171/2171 matched, 43 columns
  CV gap: 22 rows
  [ensemble 1/5] seed=42
  [frozen_hp] Trained with baseline HP: n_est=70 depth=5 ct=0.589
  [ensemble 2/5] seed=123
  [frozen_hp] Trained with baseline HP: n_est=92 depth=5 ct=0.785
  [ensemble 3/5] seed=456
  [frozen_hp] Trained with baseline HP: n_est=279 depth=5 ct=0.767
  [ensemble 4/5] seed=789
  [frozen_hp] Trained with baseline HP: n_est=176 depth=5 ct=0.813
  [ensemble 5/5] seed=1001
  [frozen_hp] Trained with baseline HP: n_est=138 depth=4 ct=0.612
  OOD: 16 features, cutoff (q=0.7) = 13.61
  Model trained for 2026-02: 84 test candles with features, confidence_threshold=0.713
[predict] 2026-02-02 08:00 LTCUSDT → LONG (proba=0.83 TP=15.0%/SL=7.5%)
[trade:open] 2026-02-02 15:59 LTCUSDT LONG @ 61.01 | SL=56.43 TP=70.18 | timeout=2026-02-09 15:59
[trade:close] 2026-02-05 15:59 LTCUSDT LONG → stop_loss @ 56.43 | PnL=-7.51% (net -7.61%) | cum=+99.57% 2026-02=-7.61% 2026-02-05=-7.61%
[predict] 2026-02-27 16:00 LTCUSDT → SHORT (proba=0.79 TP=10.7%/SL=5.3%)
[trade:open] 2026-02-27 23:59 LTCUSDT SHORT @ 54.51 | SL=57.42 TP=48.68 | timeout=2026-03-06 23:59
[lgbm] === Training for 2026-03 ===
  Train window: 2024-03-01 → 2026-02-21
  2168 training samples from 1 symbols
  Samples per month: 2024-03: 93, 2024-04: 90, 2024-05: 93, 2024-06: 90, 2024-07: 93, 2024-08: 93, 2024-09: 90, 2024-10: 93, 2024-11: 90, 2024-12: 93, 2025-01: 93, 2025-02: 84, 2025-03: 93, 2025-04: 90, 2025-05: 93, 2025-06: 90, 2025-07: 93, 2025-08: 93, 2025-09: 90, 2025-10: 93, 2025-11: 90, 2025-12: 93, 2026-01: 93, 2026-02: 62
  [label] 2024-05-01 16:00 LTCUSDT entry=80.1100 → LONG | long=timeout(+1.83%) short=timeout(-2.03%) | scanned=22 | no_tp→fwd_return=+1.9348
  [label] 2024-05-03 16:00 LTCUSDT entry=81.8300 → SHORT | long=timeout(-2.12%) short=timeout(+1.92%) | scanned=22 | no_tp→fwd_return=-2.0164
  [label] 2024-05-07 16:00 LTCUSDT entry=80.7900 → SHORT | long=timeout(-2.65%) short=timeout(+2.45%) | scanned=22 | no_tp→fwd_return=-2.5498
  [label] 2024-06-01 08:00 LTCUSDT entry=83.5600 → SHORT | long=sl(-3.49%) short=tp(+6.68%) | scanned=19 | short_tp_only
  [label] 2024-07-23 16:00 LTCUSDT entry=72.8600 → LONG | long=sl(-4.63%) short=sl(-4.63%) | scanned=17 | no_tp→fwd_return=+2.3058
  [label] 2025-01-05 16:00 LTCUSDT entry=115.7000 → SHORT | long=sl(-5.16%) short=tp(+10.03%) | scanned=5 | short_tp_only
  [label] 2025-01-09 16:00 LTCUSDT entry=102.1800 → LONG | long=sl(-7.33%) short=sl(-7.33%) | scanned=18 | no_tp→fwd_return=+14.4451
  [label] 2025-01-20 08:00 LTCUSDT entry=119.2800 → SHORT | long=timeout(-6.03%) short=timeout(+5.83%) | scanned=22 | no_tp→fwd_return=-5.9272
  [label] 2025-03-06 08:00 LTCUSDT entry=105.3800 → SHORT | long=sl(-12.35%) short=timeout(+15.88%) | scanned=22 | no_tp→fwd_return=-15.9803
  [label] 2025-03-14 16:00 LTCUSDT entry=91.2700 → SHORT | long=timeout(-0.63%) short=timeout(+0.43%) | scanned=22 | no_tp→fwd_return=-0.5259
  [label] 2025-06-13 00:00 LTCUSDT entry=83.7600 → LONG | long=timeout(+1.97%) short=sl(-5.91%) | scanned=22 | no_tp→fwd_return=+2.0654
  [label] 2025-07-15 00:00 LTCUSDT entry=92.4500 → LONG | long=tp(+10.64%) short=sl(-5.47%) | scanned=8 | long_tp_only
  [label] 2025-07-31 00:00 LTCUSDT entry=110.6200 → LONG | long=sl(-5.89%) short=sl(-5.89%) | scanned=13 | no_tp→fwd_return=+6.4907
  [label] 2025-08-12 16:00 LTCUSDT entry=130.4600 → SHORT | long=sl(-7.01%) short=tp(+13.73%) | scanned=21 | short_tp_only
  [label] 2025-08-31 08:00 LTCUSDT entry=110.6700 → LONG | long=timeout(+3.51%) short=sl(-4.20%) | scanned=22 | no_tp→fwd_return=+3.6053
  [label] 2025-09-06 16:00 LTCUSDT entry=112.0900 → LONG | long=tp(+6.37%) short=sl(-3.34%) | scanned=19 | long_tp_only
  [label] 2025-09-19 00:00 LTCUSDT entry=117.4900 → SHORT | long=sl(-3.93%) short=tp(+7.56%) | scanned=9 | short_tp_only
  [label] 2025-10-28 08:00 LTCUSDT entry=99.0200 → SHORT | long=sl(-6.18%) short=tp(+12.05%) | scanned=18 | short_tp_only
  [label] 2025-11-07 08:00 LTCUSDT entry=93.0500 → LONG | long=tp(+16.15%) short=sl(-8.22%) | scanned=5 | long_tp_only
  [label] 2026-02-01 08:00 LTCUSDT entry=58.4000 → SHORT | long=sl(-7.69%) short=tp(+15.07%) | scanned=14 | short_tp_only
  [sample_weight_mode=composite_inv_concurrency] cell=(D, 2026-03) weight_mean=1.0000 weight_std=0.5005 kish=0.7997
  Labels: 1035 long (47.7%), 1133 short (52.3%) | weights: min=0.98, mean=1.00, max=20.48
  Features: 2168/2168 matched, 43 columns
  CV gap: 22 rows
  [ensemble 1/5] seed=42
  [frozen_hp] Trained with baseline HP: n_est=169 depth=5 ct=0.554
  [ensemble 2/5] seed=123
  [frozen_hp] Trained with baseline HP: n_est=145 depth=3 ct=0.737
  [ensemble 3/5] seed=456
  [frozen_hp] Trained with baseline HP: n_est=92 depth=5 ct=0.526
  [ensemble 4/5] seed=789
  [frozen_hp] Trained with baseline HP: n_est=500 depth=5 ct=0.573
  [ensemble 5/5] seed=1001
  [frozen_hp] Trained with baseline HP: n_est=321 depth=4 ct=0.520
  OOD: 16 features, cutoff (q=0.7) = 13.54
  Model trained for 2026-03: 93 test candles with features, confidence_threshold=0.582
[trade:close] 2026-03-04 23:59 LTCUSDT SHORT → stop_loss @ 57.42 | PnL=-5.35% (net -5.45%) | cum=+94.12% 2026-03=-5.45% 2026-03-04=-5.45%
[predict] 2026-03-08 08:00 LTCUSDT → LONG (proba=0.69 TP=8.6%/SL=4.3%)
[trade:open] 2026-03-08 15:59 LTCUSDT LONG @ 52.66 | SL=50.38 TP=57.21 | timeout=2026-03-15 15:59
[trade:close] 2026-03-15 16:00 LTCUSDT LONG → timeout @ 55.06 | PnL=+4.56% (net +4.46%) | cum=+98.58% 2026-03=-0.99% 2026-03-15=+4.46%
[predict] 2026-03-17 00:00 LTCUSDT → SHORT (proba=0.73 TP=7.4%/SL=3.7%)
[trade:open] 2026-03-17 07:59 LTCUSDT SHORT @ 57.86 | SL=59.99 TP=53.60 | timeout=2026-03-24 07:59
[trade:close] 2026-03-22 23:59 LTCUSDT SHORT → take_profit @ 53.60 | PnL=+7.36% (net +7.26%) | cum=+105.84% 2026-03=+6.27% 2026-03-22=+7.26%
[predict] 2026-03-23 16:00 LTCUSDT → SHORT (proba=0.74 TP=7.7%/SL=3.9%)
[trade:open] 2026-03-23 23:59 LTCUSDT SHORT @ 55.68 | SL=57.83 TP=51.39 | timeout=2026-03-30 23:59
[trade:close] 2026-03-31 00:00 LTCUSDT SHORT → timeout @ 53.31 | PnL=+4.26% (net +4.16%) | cum=+109.99% 2026-03=+10.43% 2026-03-31=+4.16%
[predict] 2026-03-31 16:00 LTCUSDT → SHORT (proba=0.63 TP=6.8%/SL=3.4%)
[trade:open] 2026-03-31 23:59 LTCUSDT SHORT @ 53.91 | SL=55.74 TP=50.25 | timeout=2026-04-07 23:59
[lgbm] === Training for 2026-04 ===
  Train window: 2024-04-01 → 2026-03-24
  2168 training samples from 1 symbols
  Samples per month: 2024-04: 90, 2024-05: 93, 2024-06: 90, 2024-07: 93, 2024-08: 93, 2024-09: 90, 2024-10: 93, 2024-11: 90, 2024-12: 93, 2025-01: 93, 2025-02: 84, 2025-03: 93, 2025-04: 90, 2025-05: 93, 2025-06: 90, 2025-07: 93, 2025-08: 93, 2025-09: 90, 2025-10: 93, 2025-11: 90, 2025-12: 93, 2026-01: 93, 2026-02: 84, 2026-03: 71
  [label] 2024-06-01 16:00 LTCUSDT entry=83.5200 → SHORT | long=sl(-3.27%) short=tp(+6.24%) | scanned=18 | short_tp_only
  [label] 2024-06-03 16:00 LTCUSDT entry=82.8900 → SHORT | long=sl(-2.98%) short=sl(-2.98%) | scanned=12 | no_tp→fwd_return=-3.3176
  [label] 2024-06-07 16:00 LTCUSDT entry=80.1400 → SHORT | long=sl(-4.48%) short=timeout(+3.12%) | scanned=22 | no_tp→fwd_return=-3.2194
  [label] 2024-07-02 08:00 LTCUSDT entry=74.8900 → SHORT | long=sl(-3.33%) short=tp(+6.35%) | scanned=5 | short_tp_only
  [label] 2024-08-23 16:00 LTCUSDT entry=66.0700 → SHORT | long=sl(-4.42%) short=tp(+8.53%) | scanned=12 | short_tp_only
  [label] 2025-02-05 16:00 LTCUSDT entry=103.3100 → LONG | long=tp(+27.23%) short=sl(-13.77%) | scanned=16 | long_tp_only
  [label] 2025-02-09 16:00 LTCUSDT entry=107.1400 → LONG | long=tp(+18.24%) short=sl(-9.27%) | scanned=4 | long_tp_only
  [label] 2025-02-20 08:00 LTCUSDT entry=127.8600 → SHORT | long=sl(-8.35%) short=sl(-8.35%) | scanned=13 | no_tp→fwd_return=-10.3003
  [label] 2025-04-06 08:00 LTCUSDT entry=78.8400 → SHORT | long=sl(-6.16%) short=tp(+12.03%) | scanned=1 | short_tp_only
  [label] 2025-04-14 16:00 LTCUSDT entry=77.1300 → LONG | long=timeout(+1.14%) short=timeout(-1.34%) | scanned=22 | no_tp→fwd_return=+1.2447
  [label] 2025-07-14 00:00 LTCUSDT entry=97.1300 → LONG | long=sl(-4.81%) short=sl(-4.81%) | scanned=10 | no_tp→fwd_return=+4.2726
  [label] 2025-08-15 00:00 LTCUSDT entry=121.4000 → SHORT | long=sl(-7.13%) short=timeout(+4.13%) | scanned=22 | no_tp→fwd_return=-4.2339
  [label] 2025-08-31 00:00 LTCUSDT entry=111.0800 → LONG | long=sl(-4.33%) short=timeout(-2.47%) | scanned=22 | no_tp→fwd_return=+2.3677
  [label] 2025-09-12 16:00 LTCUSDT entry=117.9700 → SHORT | long=sl(-3.65%) short=timeout(+3.31%) | scanned=22 | no_tp→fwd_return=-3.4076
  [label] 2025-10-01 08:00 LTCUSDT entry=111.2700 → LONG | long=tp(+7.81%) short=sl(-4.06%) | scanned=2 | long_tp_only
  [label] 2025-10-07 16:00 LTCUSDT entry=116.8500 → LONG | long=tp(+8.83%) short=sl(-4.56%) | scanned=6 | long_tp_only
  [label] 2025-10-20 00:00 LTCUSDT entry=95.0700 → LONG | long=timeout(+4.82%) short=timeout(-5.02%) | scanned=22 | no_tp→fwd_return=+4.9227
  [label] 2025-11-28 08:00 LTCUSDT entry=85.9400 → SHORT | long=sl(-5.19%) short=tp(+10.08%) | scanned=8 | short_tp_only
  [label] 2025-12-08 08:00 LTCUSDT entry=83.2900 → SHORT | long=sl(-4.81%) short=sl(-4.81%) | scanned=18 | no_tp→fwd_return=-5.2948
  [label] 2026-03-04 08:00 LTCUSDT entry=56.9200 → SHORT | long=sl(-5.20%) short=timeout(+4.12%) | scanned=22 | no_tp→fwd_return=-4.2164
  [sample_weight_mode=composite_inv_concurrency] cell=(D, 2026-04) weight_mean=1.0000 weight_std=0.5005 kish=0.7997
  Labels: 1027 long (47.4%), 1141 short (52.6%) | weights: min=0.98, mean=1.00, max=20.48
  Features: 2168/2168 matched, 43 columns
  CV gap: 22 rows
  [ensemble 1/5] seed=42
  [frozen_hp] Trained with baseline HP: n_est=286 depth=5 ct=0.848
  [ensemble 2/5] seed=123
  [frozen_hp] Trained with baseline HP: n_est=324 depth=3 ct=0.526
  [ensemble 3/5] seed=456
  [frozen_hp] Trained with baseline HP: n_est=357 depth=4 ct=0.819
  [ensemble 4/5] seed=789
  [frozen_hp] Trained with baseline HP: n_est=243 depth=3 ct=0.791
  [ensemble 5/5] seed=1001
  [frozen_hp] Trained with baseline HP: n_est=295 depth=3 ct=0.849
  OOD: 16 features, cutoff (q=0.7) = 13.36
  Model trained for 2026-04: 90 test candles with features, confidence_threshold=0.767
[trade:close] 2026-04-08 00:00 LTCUSDT SHORT → timeout @ 55.35 | PnL=-2.67% (net -2.77%) | cum=+107.22% 2026-04=-2.77% 2026-04-08=-2.77%
[lgbm] === Training for 2026-05 ===
  Train window: 2024-05-01 → 2026-04-23
  2168 training samples from 1 symbols
  Samples per month: 2024-05: 93, 2024-06: 90, 2024-07: 93, 2024-08: 93, 2024-09: 90, 2024-10: 93, 2024-11: 90, 2024-12: 93, 2025-01: 93, 2025-02: 84, 2025-03: 93, 2025-04: 90, 2025-05: 93, 2025-06: 90, 2025-07: 93, 2025-08: 93, 2025-09: 90, 2025-10: 93, 2025-11: 90, 2025-12: 93, 2026-01: 93, 2026-02: 84, 2026-03: 93, 2026-04: 68
  [label] 2024-07-01 16:00 LTCUSDT entry=74.3700 → SHORT | long=sl(-3.54%) short=tp(+6.78%) | scanned=7 | short_tp_only
  [label] 2024-07-03 16:00 LTCUSDT entry=72.0500 → SHORT | long=sl(-3.99%) short=tp(+7.68%) | scanned=3 | short_tp_only
  [label] 2024-07-07 16:00 LTCUSDT entry=62.0200 → LONG | long=tp(+13.65%) short=sl(-6.98%) | scanned=17 | long_tp_only
  [label] 2024-08-01 08:00 LTCUSDT entry=68.3400 → SHORT | long=sl(-4.94%) short=tp(+9.58%) | scanned=10 | short_tp_only
  [label] 2024-09-22 16:00 LTCUSDT entry=68.6500 → LONG | long=sl(-3.49%) short=sl(-3.49%) | scanned=15 | no_tp→fwd_return=+3.5688
  [label] 2025-03-07 16:00 LTCUSDT entry=103.6300 → SHORT | long=sl(-11.21%) short=timeout(+11.83%) | scanned=22 | no_tp→fwd_return=-11.9270
  [label] 2025-03-11 16:00 LTCUSDT entry=90.4100 → SHORT | long=timeout(-0.58%) short=timeout(+0.38%) | scanned=22 | no_tp→fwd_return=-0.4756
  [label] 2025-03-22 08:00 LTCUSDT entry=90.8500 → SHORT | long=sl(-4.98%) short=sl(-4.98%) | scanned=19 | no_tp→fwd_return=-3.9075
  [label] 2025-05-06 08:00 LTCUSDT entry=82.2500 → LONG | long=tp(+10.90%) short=sl(-5.60%) | scanned=1 | long_tp_only
  [label] 2025-05-14 16:00 LTCUSDT entry=100.9100 → SHORT | long=sl(-7.66%) short=timeout(+3.73%) | scanned=22 | no_tp→fwd_return=-3.8252
  [label] 2025-08-13 00:00 LTCUSDT entry=131.6800 → SHORT | long=sl(-7.00%) short=tp(+13.70%) | scanned=18 | short_tp_only
  [label] 2025-09-14 00:00 LTCUSDT entry=116.7200 → SHORT | long=sl(-3.89%) short=timeout(+1.10%) | scanned=22 | no_tp→fwd_return=-1.1995
  [label] 2025-09-30 00:00 LTCUSDT entry=105.7900 → LONG | long=tp(+6.81%) short=sl(-3.55%) | scanned=5 | long_tp_only
  [label] 2025-10-12 16:00 LTCUSDT entry=98.8900 → SHORT | long=timeout(-5.78%) short=timeout(+5.58%) | scanned=22 | no_tp→fwd_return=-5.6831
  [label] 2025-10-31 08:00 LTCUSDT entry=95.5800 → SHORT | long=sl(-6.56%) short=sl(-6.56%) | scanned=9 | no_tp→fwd_return=-8.3072
  [label] 2025-11-06 16:00 LTCUSDT entry=86.9500 → LONG | long=tp(+15.57%) short=sl(-7.94%) | scanned=3 | long_tp_only
  [label] 2025-11-19 00:00 LTCUSDT entry=94.4200 → SHORT | long=sl(-8.47%) short=timeout(+9.51%) | scanned=22 | no_tp→fwd_return=-9.6060
  [label] 2025-12-28 08:00 LTCUSDT entry=79.3300 → LONG | long=sl(-3.87%) short=sl(-3.87%) | scanned=17 | no_tp→fwd_return=+2.5211
  [label] 2026-01-07 08:00 LTCUSDT entry=81.5100 → SHORT | long=sl(-4.04%) short=timeout(+2.13%) | scanned=22 | no_tp→fwd_return=-2.2329
  [label] 2026-04-03 08:00 LTCUSDT entry=52.8900 → LONG | long=timeout(+3.68%) short=sl(-3.45%) | scanned=22 | no_tp→fwd_return=+3.7814
  [sample_weight_mode=composite_inv_concurrency] cell=(D, 2026-05) weight_mean=1.0000 weight_std=0.5005 kish=0.7997
  Labels: 1056 long (48.7%), 1112 short (51.3%) | weights: min=0.98, mean=1.00, max=20.48
  Features: 2168/2168 matched, 43 columns
  CV gap: 22 rows
  [ensemble 1/5] seed=42
  [frozen_hp] Trained with baseline HP: n_est=94 depth=3 ct=0.637
  [ensemble 2/5] seed=123
  [frozen_hp] Trained with baseline HP: n_est=136 depth=5 ct=0.644
  [ensemble 3/5] seed=456
  [frozen_hp] Trained with baseline HP: n_est=200 depth=3 ct=0.848
  [ensemble 4/5] seed=789
  [frozen_hp] Trained with baseline HP: n_est=237 depth=5 ct=0.687
  [ensemble 5/5] seed=1001
  [frozen_hp] Trained with baseline HP: n_est=138 depth=4 ct=0.607
  OOD: 16 features, cutoff (q=0.7) = 13.21
  Model trained for 2026-05: 79 test candles with features, confidence_threshold=0.685
[predict] 2026-05-04 08:00 LTCUSDT → LONG (proba=0.69 TP=5.0%/SL=2.5%)
[trade:open] 2026-05-04 15:59 LTCUSDT LONG @ 55.22 | SL=53.85 TP=57.97 | timeout=2026-05-11 15:59
[trade:close] 2026-05-08 23:59 LTCUSDT LONG → take_profit @ 57.97 | PnL=+4.98% (net +4.88%) | cum=+112.10% 2026-05=+4.88% 2026-05-08=+4.88%
[predict] 2026-05-09 16:00 LTCUSDT → SHORT (proba=0.69 TP=5.9%/SL=3.0%)
[trade:open] 2026-05-09 23:59 LTCUSDT SHORT @ 57.97 | SL=59.68 TP=54.55 | timeout=2026-05-16 23:59
[trade:close] 2026-05-10 23:59 LTCUSDT SHORT → stop_loss @ 59.68 | PnL=-2.95% (net -3.05%) | cum=+109.05% 2026-05=+1.82% 2026-05-10=-3.05%
[predict] 2026-05-17 16:00 LTCUSDT → LONG (proba=0.70 TP=8.2%/SL=4.1%)
[trade:open] 2026-05-17 23:59 LTCUSDT LONG @ 54.52 | SL=52.29 TP=58.98 | timeout=2026-05-24 23:59
[trade:close] 2026-05-22 23:59 LTCUSDT LONG → stop_loss @ 52.29 | PnL=-4.09% (net -4.19%) | cum=+104.86% 2026-05=-2.36% 2026-05-22=-4.19%

D (LTC + R1) complete: 108 trades in 66s
============================================================
MODEL E (DOT + R1 + R2): DOTUSDT (R1=True R2=True R3=on, n_trials=35, ENSEMBLE_SIZE=5, features=43, bounds=v1_pruned_axis016, sigma_source=natr)
============================================================
[lgbm] 43 feature columns, 46 walk-forward splits
[lgbm] ATR labeling: 6293/6313 rows with ATR values
[lgbm] No split for 2020-08 (insufficient training data)
[lgbm] No split for 2020-09 (insufficient training data)
[lgbm] No split for 2020-10 (insufficient training data)
[lgbm] No split for 2020-11 (insufficient training data)
[lgbm] No split for 2020-12 (insufficient training data)
[lgbm] No split for 2021-01 (insufficient training data)
[lgbm] No split for 2021-02 (insufficient training data)
[lgbm] No split for 2021-03 (insufficient training data)
[lgbm] No split for 2021-04 (insufficient training data)
[lgbm] No split for 2021-05 (insufficient training data)
[lgbm] No split for 2021-06 (insufficient training data)
[lgbm] No split for 2021-07 (insufficient training data)
[lgbm] No split for 2021-08 (insufficient training data)
[lgbm] No split for 2021-09 (insufficient training data)
[lgbm] No split for 2021-10 (insufficient training data)
[lgbm] No split for 2021-11 (insufficient training data)
[lgbm] No split for 2021-12 (insufficient training data)
[lgbm] No split for 2022-01 (insufficient training data)
[lgbm] No split for 2022-02 (insufficient training data)
[lgbm] No split for 2022-03 (insufficient training data)
[lgbm] No split for 2022-04 (insufficient training data)
[lgbm] No split for 2022-05 (insufficient training data)
[lgbm] No split for 2022-06 (insufficient training data)
[lgbm] No split for 2022-07 (insufficient training data)
[lgbm] === Training for 2022-08 ===
  Train window: 2020-08-01 → 2022-07-24
  2105 training samples from 1 symbols
  Samples per month: 2020-08: 30, 2020-09: 90, 2020-10: 93, 2020-11: 90, 2020-12: 93, 2021-01: 93, 2021-02: 84, 2021-03: 93, 2021-04: 90, 2021-05: 93, 2021-06: 90, 2021-07: 93, 2021-08: 93, 2021-09: 90, 2021-10: 93, 2021-11: 90, 2021-12: 93, 2022-01: 93, 2022-02: 84, 2022-03: 93, 2022-04: 90, 2022-05: 93, 2022-06: 90, 2022-07: 71
  [label] 2020-10-20 16:00 DOTUSDT entry=3.9030 → LONG | long=tp(+11.79%) short=sl(-6.05%) | scanned=8 | long_tp_only
  [label] 2020-10-23 00:00 DOTUSDT entry=4.2840 → LONG | long=tp(+10.77%) short=sl(-5.53%) | scanned=10 | long_tp_only
  [label] 2020-10-26 16:00 DOTUSDT entry=4.7020 → SHORT | long=sl(-6.74%) short=tp(+13.18%) | scanned=8 | short_tp_only
  [label] 2020-11-19 16:00 DOTUSDT entry=4.7590 → LONG | long=tp(+14.82%) short=sl(-7.56%) | scanned=2 | long_tp_only
  [label] 2021-01-09 08:00 DOTUSDT entry=9.4020 → LONG | long=sl(-13.81%) short=sl(-13.81%) | scanned=13 | no_tp→fwd_return=+16.5178
  [label] 2021-06-19 16:00 DOTUSDT entry=20.2130 → SHORT | long=sl(-11.01%) short=tp(+21.71%) | scanned=6 | short_tp_only
  [label] 2021-06-23 08:00 DOTUSDT entry=15.8130 → SHORT | long=timeout(-4.19%) short=timeout(+3.99%) | scanned=22 | no_tp→fwd_return=-4.0916
  [label] 2021-07-04 00:00 DOTUSDT entry=15.9310 → SHORT | long=timeout(-3.58%) short=sl(-8.89%) | scanned=22 | no_tp→fwd_return=-3.4775
  [label] 2021-08-16 08:00 DOTUSDT entry=24.7770 → SHORT | long=sl(-8.88%) short=sl(-8.88%) | scanned=5 | no_tp→fwd_return=-4.5970
  [label] 2021-08-24 16:00 DOTUSDT entry=25.0900 → LONG | long=tp(+21.24%) short=sl(-10.77%) | scanned=20 | long_tp_only
  [label] 2021-11-20 08:00 DOTUSDT entry=40.1700 → SHORT | long=sl(-9.99%) short=timeout(+11.30%) | scanned=22 | no_tp→fwd_return=-11.3966
  [label] 2021-12-21 08:00 DOTUSDT entry=24.7960 → LONG | long=tp(+16.38%) short=sl(-8.34%) | scanned=7 | long_tp_only
  [label] 2022-01-06 00:00 DOTUSDT entry=26.3760 → LONG | long=sl(-11.19%) short=timeout(-1.75%) | scanned=22 | no_tp→fwd_return=+1.6454
  [label] 2022-01-18 08:00 DOTUSDT entry=24.5740 → SHORT | long=sl(-8.29%) short=tp(+16.28%) | scanned=10 | short_tp_only
  [label] 2022-02-05 08:00 DOTUSDT entry=21.7980 → SHORT | long=sl(-7.93%) short=tp(+15.56%) | scanned=20 | short_tp_only
  [label] 2022-02-11 08:00 DOTUSDT entry=20.5070 → SHORT | long=sl(-8.23%) short=timeout(+12.86%) | scanned=22 | no_tp→fwd_return=-12.9566
  [label] 2022-02-23 08:00 DOTUSDT entry=16.9640 → SHORT | long=sl(-8.67%) short=tp(+17.05%) | scanned=3 | short_tp_only
  [label] 2022-04-02 16:00 DOTUSDT entry=22.5950 → SHORT | long=sl(-7.13%) short=tp(+13.95%) | scanned=18 | short_tp_only
  [label] 2022-04-12 08:00 DOTUSDT entry=17.7160 → LONG | long=timeout(+4.66%) short=timeout(-4.86%) | scanned=22 | no_tp→fwd_return=+4.7641
  [label] 2022-07-04 16:00 DOTUSDT entry=7.1600 → SHORT | long=sl(-7.72%) short=timeout(+8.82%) | scanned=22 | no_tp→fwd_return=-8.9246
  [sample_weight_mode=composite_inv_concurrency] cell=(E, 2022-08) weight_mean=1.0000 weight_std=0.5076 kish=0.7951
  Labels: 1087 long (51.6%), 1018 short (48.4%) | weights: min=0.97, mean=1.00, max=20.46
  Features: 2105/2105 matched, 43 columns
  CV gap: 22 rows
  [frozen_hp] Loaded 1025 rows from data/v1_baseline_frozen_hp.parquet
  [ensemble 1/5] seed=42
  [frozen_hp] Trained with baseline HP: n_est=332 depth=4 ct=0.505
  [ensemble 2/5] seed=123
  [frozen_hp] Trained with baseline HP: n_est=259 depth=3 ct=0.533
  [ensemble 3/5] seed=456
  [frozen_hp] Trained with baseline HP: n_est=223 depth=4 ct=0.580
  [ensemble 4/5] seed=789
  [frozen_hp] Trained with baseline HP: n_est=217 depth=5 ct=0.801
  [ensemble 5/5] seed=1001
  [frozen_hp] Trained with baseline HP: n_est=430 depth=4 ct=0.614
  OOD: 16 features, cutoff (q=0.7) = 13.92
  Model trained for 2022-08: 93 test candles with features, confidence_threshold=0.606
[predict] 2022-08-01 16:00 DOTUSDT → LONG (proba=0.62 TP=19.1%/SL=9.6%)
[trade:open] 2022-08-01 23:59 DOTUSDT LONG @ 8.17 | SL=7.39 TP=9.74 | timeout=2022-08-08 23:59
[trade:close] 2022-08-09 00:00 DOTUSDT LONG → timeout @ 9.26 | PnL=+13.32% (net +13.22%) | cum=+13.22% 2022-08=+13.22% 2022-08-09=+13.22%
[predict] 2022-08-09 16:00 DOTUSDT → SHORT (proba=0.67 TP=14.4%/SL=7.2%)
[trade:open] 2022-08-09 23:59 DOTUSDT SHORT @ 8.89 | SL=9.54 TP=7.61 | timeout=2022-08-16 23:59
[trade:close] 2022-08-10 15:59 DOTUSDT SHORT → stop_loss @ 9.54 | PnL=-7.21% (net -7.31%) | cum=+5.92% 2022-08=+5.92% 2022-08-10=-7.31%
[predict] 2022-08-11 16:00 DOTUSDT → LONG (proba=0.73 TP=14.4%/SL=7.2%)
[trade:open] 2022-08-11 23:59 DOTUSDT LONG @ 9.19 | SL=8.53 TP=10.51 | timeout=2022-08-18 23:59
[trade:close] 2022-08-17 15:59 DOTUSDT LONG → stop_loss @ 8.53 | PnL=-7.18% (net -7.28%) | cum=-1.36% 2022-08=-1.36% 2022-08-17=-7.28%
[predict] 2022-08-18 08:00 DOTUSDT → LONG (proba=0.66 TP=13.6%/SL=6.8%)
[trade:open] 2022-08-18 15:59 DOTUSDT LONG @ 8.48 | SL=7.91 TP=9.64 | timeout=2022-08-25 15:59
[trade:close] 2022-08-19 07:59 DOTUSDT LONG → stop_loss @ 7.91 | PnL=-6.79% (net -6.89%) | cum=-8.25% 2022-08=-8.25% 2022-08-19=-6.89%
[predict] 2022-08-30 00:00 DOTUSDT → SHORT (proba=0.70 TP=12.3%/SL=6.1%)
[trade:open] 2022-08-30 07:59 DOTUSDT SHORT @ 7.30 | SL=7.75 TP=6.41 | timeout=2022-09-06 07:59
[lgbm] === Training for 2022-09 ===
  Train window: 2020-09-01 → 2022-08-24
  2168 training samples from 1 symbols
  Samples per month: 2020-09: 90, 2020-10: 93, 2020-11: 90, 2020-12: 93, 2021-01: 93, 2021-02: 84, 2021-03: 93, 2021-04: 90, 2021-05: 93, 2021-06: 90, 2021-07: 93, 2021-08: 93, 2021-09: 90, 2021-10: 93, 2021-11: 90, 2021-12: 93, 2022-01: 93, 2022-02: 84, 2022-03: 93, 2022-04: 90, 2022-05: 93, 2022-06: 90, 2022-07: 93, 2022-08: 71
  [label] 2020-11-01 16:00 DOTUSDT entry=4.2180 → LONG | long=sl(-7.10%) short=sl(-7.10%) | scanned=14 | no_tp→fwd_return=+6.2115
  [label] 2020-11-03 16:00 DOTUSDT entry=4.0330 → LONG | long=tp(+13.56%) short=sl(-6.93%) | scanned=9 | long_tp_only
  [label] 2020-11-07 16:00 DOTUSDT entry=4.2350 → LONG | long=timeout(+5.33%) short=timeout(-5.53%) | scanned=22 | no_tp→fwd_return=+5.4309
  [label] 2020-12-02 08:00 DOTUSDT entry=5.3830 → SHORT | long=sl(-9.79%) short=timeout(+9.41%) | scanned=22 | no_tp→fwd_return=-9.5114
  [label] 2021-01-23 16:00 DOTUSDT entry=18.7710 → SHORT | long=sl(-14.92%) short=timeout(+11.73%) | scanned=22 | no_tp→fwd_return=-11.8321
  [label] 2021-07-08 16:00 DOTUSDT entry=15.3110 → SHORT | long=sl(-9.56%) short=timeout(+14.40%) | scanned=22 | no_tp→fwd_return=-14.4994
  [label] 2021-07-12 16:00 DOTUSDT entry=14.8360 → SHORT | long=sl(-7.27%) short=tp(+14.25%) | scanned=10 | short_tp_only
  [label] 2021-07-23 08:00 DOTUSDT entry=12.6320 → LONG | long=tp(+19.27%) short=sl(-9.78%) | scanned=8 | long_tp_only
  [label] 2021-09-06 08:00 DOTUSDT entry=33.9690 → SHORT | long=sl(-8.47%) short=tp(+16.64%) | scanned=3 | short_tp_only
  [label] 2021-09-14 16:00 DOTUSDT entry=37.3790 → SHORT | long=sl(-14.33%) short=tp(+28.36%) | scanned=17 | short_tp_only
  [label] 2021-12-14 00:00 DOTUSDT entry=26.0370 → SHORT | long=timeout(-6.06%) short=timeout(+5.86%) | scanned=22 | no_tp→fwd_return=-5.9646
  [label] 2022-01-15 00:00 DOTUSDT entry=27.2630 → SHORT | long=sl(-8.36%) short=tp(+16.41%) | scanned=18 | short_tp_only
  [label] 2022-01-31 00:00 DOTUSDT entry=17.4950 → LONG | long=tp(+20.08%) short=sl(-10.19%) | scanned=15 | long_tp_only
  [label] 2022-02-12 16:00 DOTUSDT entry=18.8060 → SHORT | long=timeout(-5.27%) short=timeout(+5.07%) | scanned=22 | no_tp→fwd_return=-5.1739
  [label] 2022-03-03 08:00 DOTUSDT entry=18.1130 → SHORT | long=sl(-9.13%) short=timeout(+6.53%) | scanned=22 | no_tp→fwd_return=-6.6251
  [label] 2022-03-09 16:00 DOTUSDT entry=17.8480 → LONG | long=timeout(+6.55%) short=sl(-7.15%) | scanned=22 | no_tp→fwd_return=+6.6450
  [label] 2022-03-22 00:00 DOTUSDT entry=19.7410 → LONG | long=tp(+11.58%) short=sl(-5.94%) | scanned=17 | long_tp_only
  [label] 2022-04-30 08:00 DOTUSDT entry=15.7690 → SHORT | long=sl(-6.83%) short=timeout(+10.02%) | scanned=22 | no_tp→fwd_return=-10.1211
  [label] 2022-05-10 08:00 DOTUSDT entry=11.6790 → SHORT | long=sl(-13.63%) short=tp(+26.95%) | scanned=3 | short_tp_only
  [label] 2022-08-04 08:00 DOTUSDT entry=8.1350 → LONG | long=tp(+17.70%) short=sl(-9.00%) | scanned=18 | long_tp_only
  [sample_weight_mode=composite_inv_concurrency] cell=(E, 2022-09) weight_mean=1.0000 weight_std=0.5005 kish=0.7997
  Labels: 1117 long (51.5%), 1051 short (48.5%) | weights: min=0.98, mean=1.00, max=20.48
  Features: 2168/2168 matched, 43 columns
  CV gap: 22 rows
  [ensemble 1/5] seed=42
  [frozen_hp] Trained with baseline HP: n_est=337 depth=3 ct=0.538
  [ensemble 2/5] seed=123
  [frozen_hp] Trained with baseline HP: n_est=334 depth=3 ct=0.803
  [ensemble 3/5] seed=456
  [frozen_hp] Trained with baseline HP: n_est=178 depth=3 ct=0.604
  [ensemble 4/5] seed=789
  [frozen_hp] Trained with baseline HP: n_est=300 depth=4 ct=0.741
  [ensemble 5/5] seed=1001
  [frozen_hp] Trained with baseline HP: n_est=274 depth=5 ct=0.533
  OOD: 16 features, cutoff (q=0.7) = 13.79
  Model trained for 2022-09: 90 test candles with features, confidence_threshold=0.644
[trade:close] 2022-09-06 08:00 DOTUSDT SHORT → timeout @ 7.58 | PnL=-3.77% (net -3.87%) | cum=-12.12% 2022-09=-3.87% 2022-09-06=-3.87%
[predict] 2022-09-08 16:00 DOTUSDT → LONG (proba=0.65 TP=12.8%/SL=6.4%)
[trade:open] 2022-09-08 23:59 DOTUSDT LONG @ 7.38 | SL=6.91 TP=8.33 | timeout=2022-09-15 23:59
[trade:close] 2022-09-15 15:59 DOTUSDT LONG → stop_loss @ 6.91 | PnL=-6.42% (net -6.52%) | cum=-18.64% 2022-09=-10.39% 2022-09-15=-6.52%
[predict] 2022-09-16 08:00 DOTUSDT → LONG (proba=0.72 TP=13.1%/SL=6.5%)
[trade:open] 2022-09-16 15:59 DOTUSDT LONG @ 6.84 | SL=6.39 TP=7.73 | timeout=2022-09-23 15:59
[trade:close] 2022-09-18 23:59 DOTUSDT LONG → stop_loss @ 6.39 | PnL=-6.54% (net -6.64%) | cum=-25.28% 2022-09=-17.03% 2022-09-18=-6.64%
[predict] 2022-09-19 16:00 DOTUSDT → LONG (proba=0.71 TP=14.6%/SL=7.3%)
[trade:open] 2022-09-19 23:59 DOTUSDT LONG @ 6.38 | SL=5.92 TP=7.31 | timeout=2022-09-26 23:59
[trade:close] 2022-09-27 00:00 DOTUSDT LONG → timeout @ 6.55 | PnL=+2.68% (net +2.58%) | cum=-22.70% 2022-09=-14.45% 2022-09-27=+2.58%
[predict] 2022-09-28 00:00 DOTUSDT → LONG (proba=0.65 TP=13.2%/SL=6.6%)
[trade:open] 2022-09-28 07:59 DOTUSDT LONG @ 6.30 | SL=5.88 TP=7.14 | timeout=2022-10-05 07:59
[lgbm] === Training for 2022-10 ===
  Train window: 2020-10-01 → 2022-09-23
  2168 training samples from 1 symbols
  Samples per month: 2020-10: 93, 2020-11: 90, 2020-12: 93, 2021-01: 93, 2021-02: 84, 2021-03: 93, 2021-04: 90, 2021-05: 93, 2021-06: 90, 2021-07: 93, 2021-08: 93, 2021-09: 90, 2021-10: 93, 2021-11: 90, 2021-12: 93, 2022-01: 93, 2022-02: 84, 2022-03: 93, 2022-04: 90, 2022-05: 93, 2022-06: 90, 2022-07: 93, 2022-08: 93, 2022-09: 68
  [label] 2020-12-01 16:00 DOTUSDT entry=5.0810 → SHORT | long=timeout(-6.81%) short=timeout(+6.61%) | scanned=22 | no_tp→fwd_return=-6.7113
  [label] 2020-12-03 16:00 DOTUSDT entry=5.4030 → SHORT | long=sl(-8.79%) short=timeout(+11.06%) | scanned=22 | no_tp→fwd_return=-11.1605
  [label] 2020-12-07 16:00 DOTUSDT entry=5.0600 → SHORT | long=sl(-6.59%) short=timeout(+3.14%) | scanned=22 | no_tp→fwd_return=-3.2411
  [label] 2021-01-01 08:00 DOTUSDT entry=8.5130 → LONG | long=timeout(+8.48%) short=sl(-13.59%) | scanned=22 | no_tp→fwd_return=+8.5751
  [label] 2021-02-22 16:00 DOTUSDT entry=37.6630 → SHORT | long=sl(-14.88%) short=tp(+29.47%) | scanned=2 | short_tp_only
  [label] 2021-08-07 16:00 DOTUSDT entry=20.9850 → LONG | long=sl(-8.87%) short=sl(-8.87%) | scanned=19 | no_tp→fwd_return=+9.0398
  [label] 2021-08-11 16:00 DOTUSDT entry=21.3620 → LONG | long=tp(+17.92%) short=sl(-9.11%) | scanned=14 | long_tp_only
  [label] 2021-08-22 08:00 DOTUSDT entry=27.1510 → SHORT | long=sl(-10.52%) short=timeout(+5.14%) | scanned=22 | no_tp→fwd_return=-5.2374
  [label] 2021-10-06 08:00 DOTUSDT entry=31.8850 → LONG | long=tp(+16.29%) short=sl(-8.29%) | scanned=11 | long_tp_only
  [label] 2021-10-14 16:00 DOTUSDT entry=40.6990 → LONG | long=timeout(+5.24%) short=sl(-9.66%) | scanned=22 | no_tp→fwd_return=+5.3417
  [label] 2022-01-13 00:00 DOTUSDT entry=26.8100 → SHORT | long=sl(-8.48%) short=timeout(+8.13%) | scanned=22 | no_tp→fwd_return=-8.2283
  [label] 2022-02-14 00:00 DOTUSDT entry=18.4090 → SHORT | long=sl(-8.54%) short=sl(-8.54%) | scanned=18 | no_tp→fwd_return=-7.7897
  [label] 2022-03-02 00:00 DOTUSDT entry=18.7310 → SHORT | long=sl(-10.13%) short=timeout(+4.76%) | scanned=22 | no_tp→fwd_return=-4.8583
  [label] 2022-03-14 16:00 DOTUSDT entry=17.6800 → LONG | long=timeout(+5.84%) short=sl(-7.14%) | scanned=22 | no_tp→fwd_return=+5.9446
  [label] 2022-04-02 08:00 DOTUSDT entry=22.7500 → SHORT | long=sl(-7.01%) short=tp(+13.72%) | scanned=14 | short_tp_only
  [label] 2022-04-08 16:00 DOTUSDT entry=19.4070 → SHORT | long=sl(-7.88%) short=timeout(+5.45%) | scanned=22 | no_tp→fwd_return=-5.5547
  [label] 2022-04-21 00:00 DOTUSDT entry=19.3000 → SHORT | long=sl(-5.61%) short=tp(+10.92%) | scanned=12 | short_tp_only
  [label] 2022-05-30 08:00 DOTUSDT entry=10.2910 → SHORT | long=sl(-9.44%) short=timeout(+5.68%) | scanned=22 | no_tp→fwd_return=-5.7818
  [label] 2022-06-09 08:00 DOTUSDT entry=9.2560 → SHORT | long=sl(-7.34%) short=tp(+14.39%) | scanned=6 | short_tp_only
  [label] 2022-09-03 08:00 DOTUSDT entry=7.2450 → SHORT | long=sl(-5.81%) short=sl(-5.81%) | scanned=10 | no_tp→fwd_return=-5.1484
  [sample_weight_mode=composite_inv_concurrency] cell=(E, 2022-10) weight_mean=1.0000 weight_std=0.5005 kish=0.7997
  Labels: 1126 long (51.9%), 1042 short (48.1%) | weights: min=0.98, mean=1.00, max=20.48
  Features: 2168/2168 matched, 43 columns
  CV gap: 22 rows
  [ensemble 1/5] seed=42
  [frozen_hp] Trained with baseline HP: n_est=53 depth=5 ct=0.829
  [ensemble 2/5] seed=123
  [frozen_hp] Trained with baseline HP: n_est=77 depth=3 ct=0.634
  [ensemble 3/5] seed=456
  [frozen_hp] Trained with baseline HP: n_est=434 depth=4 ct=0.622
  [ensemble 4/5] seed=789
  [frozen_hp] Trained with baseline HP: n_est=221 depth=4 ct=0.642
  [ensemble 5/5] seed=1001
  [frozen_hp] Trained with baseline HP: n_est=451 depth=4 ct=0.824
  OOD: 16 features, cutoff (q=0.7) = 13.75
  Model trained for 2022-10: 93 test candles with features, confidence_threshold=0.710
[trade:close] 2022-10-05 08:00 DOTUSDT LONG → timeout @ 6.42 | PnL=+1.84% (net +1.74%) | cum=-20.96% 2022-10=+1.74% 2022-10-05=+1.74%
[predict] 2022-10-06 00:00 DOTUSDT → LONG (proba=0.77 TP=7.9%/SL=4.0%)
[trade:open] 2022-10-06 07:59 DOTUSDT LONG @ 6.45 | SL=6.19 TP=6.95 | timeout=2022-10-13 07:59
[trade:close] 2022-10-11 07:59 DOTUSDT LONG → stop_loss @ 6.19 | PnL=-3.95% (net -4.05%) | cum=-25.02% 2022-10=-2.31% 2022-10-11=-4.05%
[predict] 2022-10-12 00:00 DOTUSDT → LONG (proba=0.80 TP=6.4%/SL=3.2%)
[trade:open] 2022-10-12 07:59 DOTUSDT LONG @ 6.20 | SL=6.00 TP=6.60 | timeout=2022-10-19 07:59
[trade:close] 2022-10-13 07:59 DOTUSDT LONG → stop_loss @ 6.00 | PnL=-3.19% (net -3.29%) | cum=-28.31% 2022-10=-5.61% 2022-10-13=-3.29%
[predict] 2022-10-19 16:00 DOTUSDT → LONG (proba=0.73 TP=7.8%/SL=3.9%)
[trade:open] 2022-10-19 23:59 DOTUSDT LONG @ 6.10 | SL=5.86 TP=6.57 | timeout=2022-10-26 23:59
[trade:close] 2022-10-20 23:59 DOTUSDT LONG → stop_loss @ 5.86 | PnL=-3.90% (net -4.00%) | cum=-32.31% 2022-10=-9.61% 2022-10-20=-4.00%
[lgbm] === Training for 2022-11 ===
  Train window: 2020-11-01 → 2022-10-24
  2168 training samples from 1 symbols
  Samples per month: 2020-11: 90, 2020-12: 93, 2021-01: 93, 2021-02: 84, 2021-03: 93, 2021-04: 90, 2021-05: 93, 2021-06: 90, 2021-07: 93, 2021-08: 93, 2021-09: 90, 2021-10: 93, 2021-11: 90, 2021-12: 93, 2022-01: 93, 2022-02: 84, 2022-03: 93, 2022-04: 90, 2022-05: 93, 2022-06: 90, 2022-07: 93, 2022-08: 93, 2022-09: 90, 2022-10: 71
  [label] 2021-01-01 16:00 DOTUSDT entry=8.2870 → LONG | long=tp(+27.38%) short=sl(-13.84%) | scanned=7 | long_tp_only
  [label] 2021-01-03 16:00 DOTUSDT entry=10.1870 → SHORT | long=sl(-14.61%) short=timeout(+8.55%) | scanned=22 | no_tp→fwd_return=-8.6483
  [label] 2021-01-07 16:00 DOTUSDT entry=9.6600 → LONG | long=sl(-14.99%) short=sl(-14.99%) | scanned=18 | no_tp→fwd_return=+13.4058
  [label] 2021-02-01 08:00 DOTUSDT entry=15.8830 → LONG | long=tp(+21.69%) short=sl(-11.00%) | scanned=6 | long_tp_only
  [label] 2021-03-25 16:00 DOTUSDT entry=29.8070 → LONG | long=tp(+27.16%) short=sl(-13.73%) | scanned=18 | long_tp_only
  [label] 2021-09-07 16:00 DOTUSDT entry=27.9820 → LONG | long=tp(+37.04%) short=sl(-18.67%) | scanned=20 | long_tp_only
  [label] 2021-09-11 16:00 DOTUSDT entry=31.5930 → LONG | long=timeout(+10.37%) short=sl(-14.86%) | scanned=22 | no_tp→fwd_return=+10.4738
  [label] 2021-09-22 08:00 DOTUSDT entry=30.3620 → SHORT | long=timeout(-9.14%) short=timeout(+8.94%) | scanned=22 | no_tp→fwd_return=-9.0442
  [label] 2021-11-06 08:00 DOTUSDT entry=50.4060 → SHORT | long=sl(-7.89%) short=tp(+15.48%) | scanned=13 | short_tp_only
  [label] 2021-11-14 16:00 DOTUSDT entry=46.4090 → SHORT | long=sl(-7.48%) short=tp(+14.67%) | scanned=5 | short_tp_only
  [label] 2022-02-13 00:00 DOTUSDT entry=19.0740 → SHORT | long=sl(-8.85%) short=timeout(+10.90%) | scanned=22 | no_tp→fwd_return=-11.0045
  [label] 2022-03-17 00:00 DOTUSDT entry=18.9640 → LONG | long=timeout(+10.34%) short=sl(-7.00%) | scanned=22 | no_tp→fwd_return=+10.4356
  [label] 2022-04-02 00:00 DOTUSDT entry=22.3780 → SHORT | long=sl(-6.62%) short=sl(-6.62%) | scanned=12 | no_tp→fwd_return=-3.9503
  [label] 2022-04-14 16:00 DOTUSDT entry=17.8970 → LONG | long=timeout(+1.36%) short=sl(-6.60%) | scanned=22 | no_tp→fwd_return=+1.4583
  [label] 2022-05-03 08:00 DOTUSDT entry=14.9990 → SHORT | long=sl(-7.26%) short=sl(-7.26%) | scanned=9 | no_tp→fwd_return=-5.2804
  [label] 2022-05-09 16:00 DOTUSDT entry=10.6130 → SHORT | long=sl(-12.64%) short=sl(-12.64%) | scanned=5 | no_tp→fwd_return=-7.3118
  [label] 2022-05-22 00:00 DOTUSDT entry=10.0630 → SHORT | long=sl(-11.45%) short=timeout(+6.14%) | scanned=22 | no_tp→fwd_return=-6.2407
  [label] 2022-06-30 08:00 DOTUSDT entry=6.8250 → LONG | long=timeout(+4.15%) short=timeout(-4.35%) | scanned=22 | no_tp→fwd_return=+4.2491
  [label] 2022-07-10 08:00 DOTUSDT entry=6.8120 → LONG | long=sl(-6.97%) short=sl(-6.97%) | scanned=20 | no_tp→fwd_return=+5.7692
  [label] 2022-10-04 08:00 DOTUSDT entry=6.4700 → SHORT | long=sl(-4.33%) short=timeout(+3.73%) | scanned=22 | no_tp→fwd_return=-3.8331
  [sample_weight_mode=composite_inv_concurrency] cell=(E, 2022-11) weight_mean=1.0000 weight_std=0.5005 kish=0.7997
  Labels: 1104 long (50.9%), 1064 short (49.1%) | weights: min=0.98, mean=1.00, max=20.48
  Features: 2168/2168 matched, 43 columns
  CV gap: 22 rows
  [ensemble 1/5] seed=42
  [frozen_hp] Trained with baseline HP: n_est=235 depth=4 ct=0.850
  [ensemble 2/5] seed=123
  [frozen_hp] Trained with baseline HP: n_est=431 depth=4 ct=0.847
  [ensemble 3/5] seed=456
  [frozen_hp] Trained with baseline HP: n_est=349 depth=4 ct=0.810
  [ensemble 4/5] seed=789
  [frozen_hp] Trained with baseline HP: n_est=155 depth=3 ct=0.719
  [ensemble 5/5] seed=1001
  [frozen_hp] Trained with baseline HP: n_est=252 depth=3 ct=0.848
  OOD: 16 features, cutoff (q=0.7) = 13.83
  Model trained for 2022-11: 90 test candles with features, confidence_threshold=0.814
[lgbm] === Training for 2022-12 ===
  Train window: 2020-12-01 → 2022-11-23
  2168 training samples from 1 symbols
  Samples per month: 2020-12: 93, 2021-01: 93, 2021-02: 84, 2021-03: 93, 2021-04: 90, 2021-05: 93, 2021-06: 90, 2021-07: 93, 2021-08: 93, 2021-09: 90, 2021-10: 93, 2021-11: 90, 2021-12: 93, 2022-01: 93, 2022-02: 84, 2022-03: 93, 2022-04: 90, 2022-05: 93, 2022-06: 90, 2022-07: 93, 2022-08: 93, 2022-09: 90, 2022-10: 93, 2022-11: 68
  [label] 2021-01-31 16:00 DOTUSDT entry=16.1440 → LONG | long=tp(+22.84%) short=sl(-11.57%) | scanned=8 | long_tp_only
  [label] 2021-02-02 16:00 DOTUSDT entry=17.2130 → LONG | long=tp(+19.45%) short=sl(-9.88%) | scanned=3 | long_tp_only
  [label] 2021-02-06 16:00 DOTUSDT entry=20.4050 → LONG | long=tp(+21.60%) short=sl(-10.95%) | scanned=11 | long_tp_only
  [label] 2021-03-03 08:00 DOTUSDT entry=37.3860 → LONG | long=sl(-13.25%) short=timeout(-4.73%) | scanned=22 | no_tp→fwd_return=+4.6301
  [label] 2021-04-24 16:00 DOTUSDT entry=29.0000 → LONG | long=timeout(+27.34%) short=sl(-18.11%) | scanned=22 | no_tp→fwd_return=+27.4448
  [label] 2021-10-07 16:00 DOTUSDT entry=34.0250 → LONG | long=tp(+16.53%) short=sl(-8.42%) | scanned=18 | long_tp_only
  [label] 2021-10-11 16:00 DOTUSDT entry=34.1350 → LONG | long=tp(+16.43%) short=sl(-8.37%) | scanned=6 | long_tp_only
  [label] 2021-10-22 08:00 DOTUSDT entry=44.3860 → SHORT | long=sl(-8.33%) short=timeout(+2.24%) | scanned=22 | no_tp→fwd_return=-2.3363
  [label] 2021-12-06 08:00 DOTUSDT entry=27.0670 → SHORT | long=timeout(-2.17%) short=sl(-15.56%) | scanned=22 | no_tp→fwd_return=-2.0726
  [label] 2021-12-14 16:00 DOTUSDT entry=26.1190 → SHORT | long=sl(-10.90%) short=timeout(+3.64%) | scanned=22 | no_tp→fwd_return=-3.7444
  [label] 2022-03-15 00:00 DOTUSDT entry=17.1830 → LONG | long=tp(+14.45%) short=sl(-7.37%) | scanned=13 | long_tp_only
  [label] 2022-04-16 00:00 DOTUSDT entry=18.3270 → LONG | long=sl(-5.77%) short=sl(-5.77%) | scanned=13 | no_tp→fwd_return=+4.1141
  [label] 2022-05-02 00:00 DOTUSDT entry=15.3240 → SHORT | long=sl(-7.55%) short=tp(+14.79%) | scanned=20 | short_tp_only
  [label] 2022-05-14 16:00 DOTUSDT entry=11.2940 → SHORT | long=timeout(-11.72%) short=timeout(+11.52%) | scanned=22 | no_tp→fwd_return=-11.6168
  [label] 2022-06-02 08:00 DOTUSDT entry=9.5890 → SHORT | long=timeout(-3.57%) short=timeout(+3.37%) | scanned=22 | no_tp→fwd_return=-3.4727
  [label] 2022-06-08 16:00 DOTUSDT entry=8.9950 → SHORT | long=sl(-7.68%) short=tp(+15.07%) | scanned=10 | short_tp_only
  [label] 2022-06-21 00:00 DOTUSDT entry=8.0870 → SHORT | long=timeout(-4.77%) short=timeout(+4.57%) | scanned=22 | no_tp→fwd_return=-4.6742
  [label] 2022-07-30 08:00 DOTUSDT entry=8.6510 → LONG | long=sl(-8.03%) short=timeout(-0.57%) | scanned=22 | no_tp→fwd_return=+0.4739
  [label] 2022-08-09 08:00 DOTUSDT entry=8.6900 → LONG | long=timeout(+1.06%) short=sl(-7.62%) | scanned=22 | no_tp→fwd_return=+1.1623
  [label] 2022-11-03 08:00 DOTUSDT entry=6.4400 → LONG | long=tp(+10.68%) short=sl(-5.49%) | scanned=5 | long_tp_only
  [sample_weight_mode=composite_inv_concurrency] cell=(E, 2022-12) weight_mean=1.0000 weight_std=0.5005 kish=0.7997
  Labels: 1069 long (49.3%), 1099 short (50.7%) | weights: min=0.98, mean=1.00, max=20.48
  Features: 2168/2168 matched, 43 columns
  CV gap: 22 rows
  [ensemble 1/5] seed=42
  [frozen_hp] Trained with baseline HP: n_est=324 depth=4 ct=0.695
  [ensemble 2/5] seed=123
  [frozen_hp] Trained with baseline HP: n_est=391 depth=3 ct=0.634
  [ensemble 3/5] seed=456
  [frozen_hp] Trained with baseline HP: n_est=324 depth=3 ct=0.842
  [ensemble 4/5] seed=789
  [frozen_hp] Trained with baseline HP: n_est=497 depth=3 ct=0.709
  [ensemble 5/5] seed=1001
  [frozen_hp] Trained with baseline HP: n_est=389 depth=5 ct=0.816
  OOD: 16 features, cutoff (q=0.7) = 13.79
  Model trained for 2022-12: 93 test candles with features, confidence_threshold=0.739
[predict] 2022-12-01 00:00 DOTUSDT → SHORT (proba=0.86 TP=9.6%/SL=4.8%)
[trade:open] 2022-12-01 07:59 DOTUSDT SHORT @ 5.37 | SL=5.63 TP=4.85 | timeout=2022-12-08 07:59
[trade:close] 2022-12-02 15:59 DOTUSDT SHORT → stop_loss @ 5.63 | PnL=-4.81% (net -4.91%) | cum=-37.22% 2022-12=-4.91% 2022-12-02=-4.91%
[predict] 2022-12-03 16:00 DOTUSDT → LONG (proba=0.76 TP=8.4%/SL=4.2%)
[trade:open] 2022-12-03 23:59 DOTUSDT LONG @ 5.49 | SL=5.26 TP=5.95 | timeout=2022-12-10 23:59
[trade:close] 2022-12-07 07:59 DOTUSDT LONG → stop_loss @ 5.26 | PnL=-4.22% (net -4.32%) | cum=-41.54% 2022-12=-9.23% 2022-12-07=-4.32%
[predict] 2022-12-08 00:00 DOTUSDT → SHORT (proba=0.88 TP=8.0%/SL=4.0%)
[trade:open] 2022-12-08 07:59 DOTUSDT SHORT @ 5.29 | SL=5.51 TP=4.87 | timeout=2022-12-15 07:59
[trade:close] 2022-12-15 08:00 DOTUSDT SHORT → timeout @ 5.18 | PnL=+2.19% (net +2.09%) | cum=-39.45% 2022-12=-7.14% 2022-12-15=+2.09%
[predict] 2022-12-16 00:00 DOTUSDT → SHORT (proba=0.93 TP=7.4%/SL=3.7%)
[trade:open] 2022-12-16 07:59 DOTUSDT SHORT @ 5.23 | SL=5.42 TP=4.84 | timeout=2022-12-23 07:59
[trade:close] 2022-12-16 23:59 DOTUSDT SHORT → take_profit @ 4.84 | PnL=+7.45% (net +7.35%) | cum=-32.10% 2022-12=+0.21% 2022-12-16=+7.35%
[predict] 2022-12-20 00:00 DOTUSDT → SHORT (proba=0.84 TP=9.9%/SL=5.0%)
[trade:open] 2022-12-20 07:59 DOTUSDT SHORT @ 4.60 | SL=4.83 TP=4.15 | timeout=2022-12-27 07:59
[trade:close] 2022-12-27 08:00 DOTUSDT SHORT → timeout @ 4.52 | PnL=+1.74% (net +1.64%) | cum=-30.46% 2022-12=+1.85% 2022-12-27=+1.64%
[predict] 2022-12-29 00:00 DOTUSDT → SHORT (proba=0.77 TP=7.6%/SL=3.8%)
[trade:open] 2022-12-29 07:59 DOTUSDT SHORT @ 4.32 | SL=4.48 TP=3.99 | timeout=2023-01-05 07:59
[lgbm] === Training for 2023-01 ===
  Train window: 2021-01-01 → 2022-12-24
  2168 training samples from 1 symbols
  Samples per month: 2021-01: 93, 2021-02: 84, 2021-03: 93, 2021-04: 90, 2021-05: 93, 2021-06: 90, 2021-07: 93, 2021-08: 93, 2021-09: 90, 2021-10: 93, 2021-11: 90, 2021-12: 93, 2022-01: 93, 2022-02: 84, 2022-03: 93, 2022-04: 90, 2022-05: 93, 2022-06: 90, 2022-07: 93, 2022-08: 93, 2022-09: 90, 2022-10: 93, 2022-11: 90, 2022-12: 71
  [label] 2021-03-03 16:00 DOTUSDT entry=37.0430 → LONG | long=sl(-12.74%) short=timeout(-1.56%) | scanned=22 | no_tp→fwd_return=+1.4605
  [label] 2021-03-05 16:00 DOTUSDT entry=33.6400 → LONG | long=timeout(+6.79%) short=sl(-13.57%) | scanned=22 | no_tp→fwd_return=+6.8876
  [label] 2021-03-09 16:00 DOTUSDT entry=38.2910 → SHORT | long=sl(-9.22%) short=timeout(+7.35%) | scanned=22 | no_tp→fwd_return=-7.4456
  [label] 2021-04-03 08:00 DOTUSDT entry=43.1230 → SHORT | long=sl(-9.93%) short=timeout(+4.19%) | scanned=22 | no_tp→fwd_return=-4.2947
  [label] 2021-05-25 16:00 DOTUSDT entry=22.1410 → LONG | long=timeout(+2.95%) short=timeout(-3.15%) | scanned=22 | no_tp→fwd_return=+3.0532
  [label] 2021-11-07 16:00 DOTUSDT entry=52.2670 → SHORT | long=sl(-6.79%) short=tp(+13.29%) | scanned=9 | short_tp_only
  [label] 2021-11-11 16:00 DOTUSDT entry=47.4370 → SHORT | long=sl(-9.20%) short=tp(+18.10%) | scanned=14 | short_tp_only
  [label] 2021-11-22 08:00 DOTUSDT entry=40.1980 → SHORT | long=sl(-9.72%) short=tp(+19.14%) | scanned=19 | short_tp_only
  [label] 2022-01-06 08:00 DOTUSDT entry=26.1020 → LONG | long=sl(-10.82%) short=timeout(-1.36%) | scanned=22 | no_tp→fwd_return=+1.2604
  [label] 2022-01-14 16:00 DOTUSDT entry=27.7300 → SHORT | long=sl(-8.51%) short=tp(+16.72%) | scanned=18 | short_tp_only
  [label] 2022-04-15 00:00 DOTUSDT entry=18.1490 → LONG | long=timeout(+0.89%) short=sl(-6.38%) | scanned=22 | no_tp→fwd_return=+0.9863
  [label] 2022-05-17 00:00 DOTUSDT entry=11.0510 → SHORT | long=timeout(-9.78%) short=timeout(+9.58%) | scanned=22 | no_tp→fwd_return=-9.6824
  [label] 2022-06-02 00:00 DOTUSDT entry=9.4790 → SHORT | long=timeout(-2.65%) short=timeout(+2.45%) | scanned=22 | no_tp→fwd_return=-2.5530
  [label] 2022-06-14 16:00 DOTUSDT entry=7.3550 → LONG | long=timeout(+5.35%) short=sl(-12.91%) | scanned=22 | no_tp→fwd_return=+5.4521
  [label] 2022-07-03 08:00 DOTUSDT entry=6.6710 → LONG | long=timeout(+2.01%) short=sl(-8.18%) | scanned=22 | no_tp→fwd_return=+2.1136
  [label] 2022-07-09 16:00 DOTUSDT entry=7.2500 → SHORT | long=sl(-6.22%) short=tp(+12.15%) | scanned=8 | short_tp_only
  [label] 2022-07-22 00:00 DOTUSDT entry=7.6730 → LONG | long=sl(-8.10%) short=timeout(-4.23%) | scanned=22 | no_tp→fwd_return=+4.1314
  [label] 2022-08-30 08:00 DOTUSDT entry=7.0260 → LONG | long=timeout(+7.64%) short=sl(-6.86%) | scanned=22 | no_tp→fwd_return=+7.7427
  [label] 2022-09-09 08:00 DOTUSDT entry=7.7880 → SHORT | long=sl(-6.37%) short=tp(+12.44%) | scanned=21 | short_tp_only
  [label] 2022-12-04 08:00 DOTUSDT entry=5.5380 → SHORT | long=sl(-4.10%) short=timeout(+4.31%) | scanned=22 | no_tp→fwd_return=-4.4059
  [sample_weight_mode=composite_inv_concurrency] cell=(E, 2023-01) weight_mean=1.0000 weight_std=0.5005 kish=0.7997
  Labels: 1037 long (47.8%), 1131 short (52.2%) | weights: min=0.98, mean=1.00, max=20.48
  Features: 2168/2168 matched, 43 columns
  CV gap: 22 rows
  [ensemble 1/5] seed=42
  [frozen_hp] Trained with baseline HP: n_est=288 depth=4 ct=0.747
  [ensemble 2/5] seed=123
  [frozen_hp] Trained with baseline HP: n_est=187 depth=3 ct=0.724
  [ensemble 3/5] seed=456
  [frozen_hp] Trained with baseline HP: n_est=201 depth=3 ct=0.734
  [ensemble 4/5] seed=789
  [frozen_hp] Trained with baseline HP: n_est=268 depth=4 ct=0.671
  [ensemble 5/5] seed=1001
  [frozen_hp] Trained with baseline HP: n_est=51 depth=3 ct=0.642
  OOD: 16 features, cutoff (q=0.7) = 14.02
  Model trained for 2023-01: 93 test candles with features, confidence_threshold=0.704
[trade:close] 2023-01-02 07:59 DOTUSDT SHORT → stop_loss @ 4.48 | PnL=-3.82% (net -3.92%) | cum=-34.38% 2023-01=-3.92% 2023-01-02=-3.92%
[predict] 2023-01-05 08:00 DOTUSDT → SHORT (proba=0.71 TP=6.1%/SL=3.0%)
[trade:open] 2023-01-05 15:59 DOTUSDT SHORT @ 4.57 | SL=4.71 TP=4.29 | timeout=2023-01-12 15:59
[trade:close] 2023-01-08 15:59 DOTUSDT SHORT → stop_loss @ 4.71 | PnL=-3.04% (net -3.14%) | cum=-37.52% 2023-01=-7.05% 2023-01-08=-3.14%
[predict] 2023-01-10 08:00 DOTUSDT → SHORT (proba=0.70 TP=7.6%/SL=3.8%)
[trade:open] 2023-01-10 15:59 DOTUSDT SHORT @ 4.92 | SL=5.11 TP=4.54 | timeout=2023-01-17 15:59
[trade:close] 2023-01-11 23:59 DOTUSDT SHORT → stop_loss @ 5.11 | PnL=-3.80% (net -3.90%) | cum=-41.42% 2023-01=-10.96% 2023-01-11=-3.90%
[predict] 2023-01-30 00:00 DOTUSDT → SHORT (proba=0.75 TP=11.8%/SL=5.9%)
[trade:open] 2023-01-30 07:59 DOTUSDT SHORT @ 6.47 | SL=6.86 TP=5.71 | timeout=2023-02-06 07:59
[lgbm] === Training for 2023-02 ===
  Train window: 2021-02-01 → 2023-01-24
  2168 training samples from 1 symbols
  Samples per month: 2021-02: 84, 2021-03: 93, 2021-04: 90, 2021-05: 93, 2021-06: 90, 2021-07: 93, 2021-08: 93, 2021-09: 90, 2021-10: 93, 2021-11: 90, 2021-12: 93, 2022-01: 93, 2022-02: 84, 2022-03: 93, 2022-04: 90, 2022-05: 93, 2022-06: 90, 2022-07: 93, 2022-08: 93, 2022-09: 90, 2022-10: 93, 2022-11: 90, 2022-12: 93, 2023-01: 71
  [label] 2021-04-03 16:00 DOTUSDT entry=41.4210 → LONG | long=timeout(+0.47%) short=sl(-10.91%) | scanned=22 | no_tp→fwd_return=+0.5698
  [label] 2021-04-05 16:00 DOTUSDT entry=45.9300 → SHORT | long=sl(-9.92%) short=timeout(+11.64%) | scanned=22 | no_tp→fwd_return=-11.7374
  [label] 2021-04-09 16:00 DOTUSDT entry=40.8470 → LONG | long=timeout(+1.38%) short=sl(-9.18%) | scanned=22 | no_tp→fwd_return=+1.4787
  [label] 2021-05-04 08:00 DOTUSDT entry=35.4230 → LONG | long=tp(+17.39%) short=sl(-8.84%) | scanned=7 | long_tp_only
  [label] 2021-06-25 16:00 DOTUSDT entry=14.4060 → LONG | long=timeout(+5.93%) short=sl(-16.83%) | scanned=22 | no_tp→fwd_return=+6.0322
  [label] 2021-12-08 16:00 DOTUSDT entry=29.8130 → SHORT | long=sl(-12.45%) short=timeout(+8.95%) | scanned=22 | no_tp→fwd_return=-9.0464
  [label] 2021-12-12 16:00 DOTUSDT entry=29.5200 → SHORT | long=sl(-9.98%) short=timeout(+16.00%) | scanned=22 | no_tp→fwd_return=-16.1009
  [label] 2021-12-23 08:00 DOTUSDT entry=28.0360 → LONG | long=tp(+15.50%) short=sl(-7.90%) | scanned=12 | long_tp_only
  [label] 2022-02-06 08:00 DOTUSDT entry=21.0940 → SHORT | long=sl(-8.08%) short=sl(-8.08%) | scanned=16 | no_tp→fwd_return=-10.1403
  [label] 2022-02-14 16:00 DOTUSDT entry=18.6870 → SHORT | long=sl(-8.11%) short=sl(-8.11%) | scanned=16 | no_tp→fwd_return=-9.1614
  [label] 2022-05-16 00:00 DOTUSDT entry=10.8590 → SHORT | long=timeout(-4.98%) short=timeout(+4.78%) | scanned=22 | no_tp→fwd_return=-4.8807
  [label] 2022-06-17 00:00 DOTUSDT entry=7.3240 → LONG | long=timeout(+7.82%) short=timeout(-8.02%) | scanned=22 | no_tp→fwd_return=+7.9192
  [label] 2022-07-03 00:00 DOTUSDT entry=6.7070 → LONG | long=timeout(+5.54%) short=sl(-8.59%) | scanned=22 | no_tp→fwd_return=+5.6359
  [label] 2022-07-15 16:00 DOTUSDT entry=6.7920 → LONG | long=tp(+13.02%) short=sl(-6.66%) | scanned=8 | long_tp_only
  [label] 2022-08-03 08:00 DOTUSDT entry=8.2690 → LONG | long=timeout(+15.14%) short=sl(-9.20%) | scanned=22 | no_tp→fwd_return=+15.2376
  [label] 2022-08-09 16:00 DOTUSDT entry=8.8950 → SHORT | long=timeout(-0.84%) short=sl(-7.31%) | scanned=22 | no_tp→fwd_return=-0.7420
  [label] 2022-08-22 00:00 DOTUSDT entry=7.1270 → SHORT | long=timeout(-2.40%) short=sl(-8.08%) | scanned=22 | no_tp→fwd_return=-2.3011
  [label] 2022-09-30 08:00 DOTUSDT entry=6.4440 → SHORT | long=sl(-5.72%) short=timeout(+2.12%) | scanned=22 | no_tp→fwd_return=-2.2191
  [label] 2022-10-10 08:00 DOTUSDT entry=6.3440 → SHORT | long=sl(-3.33%) short=tp(+6.36%) | scanned=8 | short_tp_only
  [label] 2023-01-04 08:00 DOTUSDT entry=4.6540 → LONG | long=tp(+6.04%) short=sl(-3.17%) | scanned=14 | long_tp_only
  [sample_weight_mode=composite_inv_concurrency] cell=(E, 2023-02) weight_mean=1.0000 weight_std=0.5005 kish=0.7997
  Labels: 1053 long (48.6%), 1115 short (51.4%) | weights: min=0.98, mean=1.00, max=20.48
  Features: 2168/2168 matched, 43 columns
  CV gap: 22 rows
  [ensemble 1/5] seed=42
  [frozen_hp] Trained with baseline HP: n_est=138 depth=3 ct=0.823
  [ensemble 2/5] seed=123
  [frozen_hp] Trained with baseline HP: n_est=226 depth=4 ct=0.739
  [ensemble 3/5] seed=456
  [frozen_hp] Trained with baseline HP: n_est=236 depth=3 ct=0.620
  [ensemble 4/5] seed=789
  [frozen_hp] Trained with baseline HP: n_est=346 depth=4 ct=0.796
  [ensemble 5/5] seed=1001
  [frozen_hp] Trained with baseline HP: n_est=116 depth=3 ct=0.807
  OOD: 16 features, cutoff (q=0.7) = 14.45
  Model trained for 2023-02: 84 test candles with features, confidence_threshold=0.757
[trade:close] 2023-02-02 23:59 DOTUSDT SHORT → stop_loss @ 6.86 | PnL=-5.92% (net -6.02%) | cum=-47.44% 2023-02=-6.02% 2023-02-02=-6.02%
[predict] 2023-02-11 00:00 DOTUSDT → SHORT (proba=0.78 TP=14.0%/SL=7.0%)
[trade:open] 2023-02-11 07:59 DOTUSDT SHORT @ 6.20 | SL=6.64 TP=5.34 | timeout=2023-02-18 07:59
[trade:close] 2023-02-16 07:59 DOTUSDT SHORT → stop_loss @ 6.64 | PnL=-6.98% (net -7.08%) | cum=-54.52% 2023-02=-13.10% 2023-02-16=-7.08%
[predict] 2023-02-23 16:00 DOTUSDT → LONG (proba=0.80 TP=12.7%/SL=6.3%)
[trade:open] 2023-02-23 23:59 DOTUSDT LONG @ 7.10 | SL=6.65 TP=8.00 | timeout=2023-03-02 23:59
[trade:close] 2023-02-24 23:59 DOTUSDT LONG → stop_loss @ 6.65 | PnL=-6.34% (net -6.44%) | cum=-60.96% 2023-02=-19.54% 2023-02-24=-6.44%
[lgbm] === Training for 2023-03 ===
  Train window: 2021-03-01 → 2023-02-21
  2168 training samples from 1 symbols
  Samples per month: 2021-03: 93, 2021-04: 90, 2021-05: 93, 2021-06: 90, 2021-07: 93, 2021-08: 93, 2021-09: 90, 2021-10: 93, 2021-11: 90, 2021-12: 93, 2022-01: 93, 2022-02: 84, 2022-03: 93, 2022-04: 90, 2022-05: 93, 2022-06: 90, 2022-07: 93, 2022-08: 93, 2022-09: 90, 2022-10: 93, 2022-11: 90, 2022-12: 93, 2023-01: 93, 2023-02: 62
  [label] 2021-05-01 16:00 DOTUSDT entry=36.9590 → LONG | long=tp(+16.32%) short=sl(-8.31%) | scanned=15 | long_tp_only
  [label] 2021-05-03 16:00 DOTUSDT entry=37.2960 → LONG | long=sl(-7.67%) short=sl(-7.67%) | scanned=6 | no_tp→fwd_return=+8.5291
  [label] 2021-05-07 16:00 DOTUSDT entry=39.8650 → LONG | long=sl(-11.68%) short=sl(-11.68%) | scanned=20 | no_tp→fwd_return=+11.4035
  [label] 2021-06-01 08:00 DOTUSDT entry=22.2200 → SHORT | long=timeout(-8.75%) short=sl(-18.02%) | scanned=22 | no_tp→fwd_return=-8.6544
  [label] 2021-07-23 16:00 DOTUSDT entry=13.3860 → LONG | long=timeout(+17.78%) short=sl(-9.71%) | scanned=22 | no_tp→fwd_return=+17.8769
  [label] 2022-01-05 16:00 DOTUSDT entry=26.6840 → LONG | long=sl(-11.21%) short=timeout(-2.42%) | scanned=22 | no_tp→fwd_return=+2.3197
  [label] 2022-01-09 16:00 DOTUSDT entry=24.6250 → LONG | long=timeout(+12.29%) short=sl(-10.07%) | scanned=22 | no_tp→fwd_return=+12.3858
  [label] 2022-01-20 08:00 DOTUSDT entry=25.3840 → SHORT | long=sl(-7.68%) short=tp(+15.07%) | scanned=3 | short_tp_only
  [label] 2022-03-06 08:00 DOTUSDT entry=16.9450 → LONG | long=timeout(+4.61%) short=sl(-8.30%) | scanned=22 | no_tp→fwd_return=+4.7094
  [label] 2022-03-14 16:00 DOTUSDT entry=17.6800 → LONG | long=timeout(+5.84%) short=sl(-7.14%) | scanned=22 | no_tp→fwd_return=+5.9446
  [label] 2022-06-13 00:00 DOTUSDT entry=6.7580 → LONG | long=tp(+26.27%) short=sl(-13.28%) | scanned=8 | long_tp_only
  [label] 2022-07-15 00:00 DOTUSDT entry=6.7760 → LONG | long=tp(+13.55%) short=sl(-6.93%) | scanned=10 | long_tp_only
  [label] 2022-07-31 00:00 DOTUSDT entry=8.2450 → LONG | long=timeout(+2.70%) short=sl(-8.50%) | scanned=22 | no_tp→fwd_return=+2.8017
  [label] 2022-08-12 16:00 DOTUSDT entry=9.4710 → SHORT | long=sl(-6.67%) short=tp(+13.05%) | scanned=18 | short_tp_only
  [label] 2022-08-31 08:00 DOTUSDT entry=7.0960 → LONG | long=timeout(+0.04%) short=sl(-6.71%) | scanned=22 | no_tp→fwd_return=+0.1409
  [label] 2022-09-06 16:00 DOTUSDT entry=6.8720 → LONG | long=tp(+14.35%) short=sl(-7.33%) | scanned=8 | long_tp_only
  [label] 2022-09-19 00:00 DOTUSDT entry=6.1930 → LONG | long=timeout(+1.00%) short=timeout(-1.20%) | scanned=22 | no_tp→fwd_return=+1.0980
  [label] 2022-10-28 08:00 DOTUSDT entry=6.4430 → SHORT | long=sl(-4.49%) short=sl(-4.49%) | scanned=16 | no_tp→fwd_return=-2.9800
  [label] 2022-11-07 08:00 DOTUSDT entry=7.1320 → SHORT | long=sl(-6.51%) short=tp(+12.72%) | scanned=4 | short_tp_only
  [label] 2023-02-01 08:00 DOTUSDT entry=6.0570 → LONG | long=tp(+11.57%) short=sl(-5.93%) | scanned=4 | long_tp_only
  [sample_weight_mode=composite_inv_concurrency] cell=(E, 2023-03) weight_mean=1.0000 weight_std=0.5005 kish=0.7997
  Labels: 1029 long (47.5%), 1139 short (52.5%) | weights: min=0.98, mean=1.00, max=20.48
  Features: 2168/2168 matched, 43 columns
  CV gap: 22 rows
  [ensemble 1/5] seed=42
  [frozen_hp] Trained with baseline HP: n_est=461 depth=3 ct=0.723
  [ensemble 2/5] seed=123
  [frozen_hp] Trained with baseline HP: n_est=493 depth=4 ct=0.845
  [ensemble 3/5] seed=456
  [frozen_hp] Trained with baseline HP: n_est=281 depth=4 ct=0.590
  [ensemble 4/5] seed=789
  [frozen_hp] Trained with baseline HP: n_est=407 depth=4 ct=0.613
  [ensemble 5/5] seed=1001
  [frozen_hp] Trained with baseline HP: n_est=90 depth=4 ct=0.709
  OOD: 16 features, cutoff (q=0.7) = 14.17
  Model trained for 2023-03: 93 test candles with features, confidence_threshold=0.696
[predict] 2023-03-14 00:00 DOTUSDT → LONG (proba=0.77 TP=14.2%/SL=7.1%)
[trade:open] 2023-03-14 07:59 DOTUSDT LONG @ 6.04 | SL=5.61 TP=6.90 | timeout=2023-03-21 07:59
[trade:close] 2023-03-21 08:00 DOTUSDT LONG → timeout @ 6.04 | PnL=+0.02% (net -0.08%) | cum=-61.04% 2023-03=-0.08% 2023-03-21=-0.08%
[predict] 2023-03-22 00:00 DOTUSDT → LONG (proba=0.70 TP=13.6%/SL=6.8%)
[trade:open] 2023-03-22 07:59 DOTUSDT LONG @ 6.30 | SL=5.87 TP=7.16 | timeout=2023-03-29 07:59
[trade:close] 2023-03-25 23:59 DOTUSDT LONG → stop_loss @ 5.87 | PnL=-6.82% (net -6.92%) | cum=-67.96% 2023-03=-7.01% 2023-03-25=-6.92%
[predict] 2023-03-27 16:00 DOTUSDT → LONG (proba=0.74 TP=11.4%/SL=5.7%)
[trade:open] 2023-03-27 23:59 DOTUSDT LONG @ 5.86 | SL=5.53 TP=6.53 | timeout=2023-04-03 23:59
[lgbm] === Training for 2023-04 ===
  Train window: 2021-04-01 → 2023-03-24
  2168 training samples from 1 symbols
  Samples per month: 2021-04: 90, 2021-05: 93, 2021-06: 90, 2021-07: 93, 2021-08: 93, 2021-09: 90, 2021-10: 93, 2021-11: 90, 2021-12: 93, 2022-01: 93, 2022-02: 84, 2022-03: 93, 2022-04: 90, 2022-05: 93, 2022-06: 90, 2022-07: 93, 2022-08: 93, 2022-09: 90, 2022-10: 93, 2022-11: 90, 2022-12: 93, 2023-01: 93, 2023-02: 84, 2023-03: 71
  [label] 2021-06-01 16:00 DOTUSDT entry=22.8170 → SHORT | long=timeout(-5.28%) short=sl(-16.71%) | scanned=22 | no_tp→fwd_return=-5.1803
  [label] 2021-06-03 16:00 DOTUSDT entry=26.9870 → SHORT | long=sl(-13.39%) short=tp(+26.48%) | scanned=14 | short_tp_only
  [label] 2021-06-07 16:00 DOTUSDT entry=21.6870 → LONG | long=timeout(+19.05%) short=sl(-14.36%) | scanned=22 | no_tp→fwd_return=+19.1497
  [label] 2021-07-02 08:00 DOTUSDT entry=15.2600 → LONG | long=timeout(+2.78%) short=sl(-10.96%) | scanned=22 | no_tp→fwd_return=+2.8834
  [label] 2021-08-23 16:00 DOTUSDT entry=27.9010 → SHORT | long=sl(-9.18%) short=timeout(+6.45%) | scanned=22 | no_tp→fwd_return=-6.5517
  [label] 2022-02-05 16:00 DOTUSDT entry=21.3120 → SHORT | long=sl(-8.13%) short=sl(-8.13%) | scanned=18 | no_tp→fwd_return=-11.0595
  [label] 2022-02-09 16:00 DOTUSDT entry=21.9290 → SHORT | long=sl(-7.46%) short=tp(+14.62%) | scanned=6 | short_tp_only
  [label] 2022-02-20 08:00 DOTUSDT entry=16.9620 → SHORT | long=sl(-8.47%) short=tp(+16.64%) | scanned=11 | short_tp_only
  [label] 2022-04-06 08:00 DOTUSDT entry=20.3170 → SHORT | long=sl(-8.05%) short=tp(+15.79%) | scanned=16 | short_tp_only
  [label] 2022-04-14 16:00 DOTUSDT entry=17.8970 → LONG | long=timeout(+1.36%) short=sl(-6.60%) | scanned=22 | no_tp→fwd_return=+1.4583
  [label] 2022-07-14 00:00 DOTUSDT entry=6.4310 → LONG | long=tp(+14.96%) short=sl(-7.63%) | scanned=12 | long_tp_only
  [label] 2022-08-15 00:00 DOTUSDT entry=8.7400 → SHORT | long=sl(-7.57%) short=tp(+14.84%) | scanned=12 | short_tp_only
  [label] 2022-08-31 00:00 DOTUSDT entry=7.1660 → SHORT | long=timeout(-2.89%) short=sl(-6.66%) | scanned=22 | no_tp→fwd_return=-2.7910
  [label] 2022-09-12 16:00 DOTUSDT entry=7.6540 → SHORT | long=sl(-6.22%) short=tp(+12.14%) | scanned=12 | short_tp_only
  [label] 2022-10-01 08:00 DOTUSDT entry=6.2890 → LONG | long=timeout(+0.57%) short=timeout(-0.77%) | scanned=22 | no_tp→fwd_return=+0.6678
  [label] 2022-10-07 16:00 DOTUSDT entry=6.3250 → SHORT | long=sl(-3.71%) short=tp(+7.11%) | scanned=16 | short_tp_only
  [label] 2022-10-20 00:00 DOTUSDT entry=6.1090 → LONG | long=sl(-4.07%) short=sl(-4.07%) | scanned=17 | no_tp→fwd_return=+5.2873
  [label] 2022-11-28 08:00 DOTUSDT entry=5.1200 → LONG | long=tp(+10.28%) short=sl(-5.29%) | scanned=12 | long_tp_only
  [label] 2022-12-08 08:00 DOTUSDT entry=5.3140 → SHORT | long=sl(-4.00%) short=timeout(+1.74%) | scanned=22 | no_tp→fwd_return=-1.8442
  [label] 2023-03-04 08:00 DOTUSDT entry=5.9660 → SHORT | long=sl(-5.48%) short=tp(+10.66%) | scanned=16 | short_tp_only
  [sample_weight_mode=composite_inv_concurrency] cell=(E, 2023-04) weight_mean=1.0000 weight_std=0.5005 kish=0.7997
  Labels: 1004 long (46.3%), 1164 short (53.7%) | weights: min=0.98, mean=1.00, max=20.48
  Features: 2168/2168 matched, 43 columns
  CV gap: 22 rows
  [ensemble 1/5] seed=42
  [frozen_hp] Trained with baseline HP: n_est=53 depth=3 ct=0.699
  [ensemble 2/5] seed=123
  [frozen_hp] Trained with baseline HP: n_est=300 depth=3 ct=0.677
  [ensemble 3/5] seed=456
  [frozen_hp] Trained with baseline HP: n_est=212 depth=3 ct=0.585
  [ensemble 4/5] seed=789
  [frozen_hp] Trained with baseline HP: n_est=65 depth=5 ct=0.585
  [ensemble 5/5] seed=1001
  [frozen_hp] Trained with baseline HP: n_est=433 depth=3 ct=0.808
  OOD: 16 features, cutoff (q=0.7) = 14.46
  Model trained for 2023-04: 90 test candles with features, confidence_threshold=0.671
[trade:close] 2023-04-04 00:00 DOTUSDT LONG → timeout @ 6.42 | PnL=+9.40% (net +9.30%) | cum=-58.67% 2023-04=+9.30% 2023-04-04=+9.30%
[predict] 2023-04-04 16:00 DOTUSDT → SHORT (proba=0.75 TP=9.1%/SL=4.6%)
[trade:open] 2023-04-04 23:59 DOTUSDT SHORT @ 6.44 | SL=6.73 TP=5.85 | timeout=2023-04-11 23:59
[trade:close] 2023-04-12 00:00 DOTUSDT SHORT → timeout @ 6.41 | PnL=+0.36% (net +0.26%) | cum=-58.41% 2023-04=+9.55% 2023-04-12=+0.26%
[predict] 2023-04-15 08:00 DOTUSDT → SHORT (proba=0.75 TP=8.1%/SL=4.1%)
[trade:open] 2023-04-15 15:59 DOTUSDT SHORT @ 6.77 | SL=7.04 TP=6.22 | timeout=2023-04-22 15:59
[trade:close] 2023-04-19 15:59 DOTUSDT SHORT → take_profit @ 6.22 | PnL=+8.10% (net +8.00%) | cum=-50.41% 2023-04=+17.56% 2023-04-19=+8.00%
[predict] 2023-04-20 16:00 DOTUSDT → SHORT (proba=0.73 TP=11.4%/SL=5.7%)
[trade:open] 2023-04-20 23:59 DOTUSDT SHORT @ 6.11 | SL=6.45 TP=5.41 | timeout=2023-04-27 23:59
[trade:close] 2023-04-28 00:00 DOTUSDT SHORT → timeout @ 5.97 | PnL=+2.29% (net +2.19%) | cum=-48.21% 2023-04=+19.75% 2023-04-28=+2.19%
[predict] 2023-04-28 16:00 DOTUSDT → SHORT (proba=0.69 TP=10.2%/SL=5.1%)
[trade:open] 2023-04-28 23:59 DOTUSDT SHORT @ 5.94 | SL=6.25 TP=5.34 | timeout=2023-05-05 23:59
[lgbm] === Training for 2023-05 ===
  Train window: 2021-05-01 → 2023-04-23
  2168 training samples from 1 symbols
  Samples per month: 2021-05: 93, 2021-06: 90, 2021-07: 93, 2021-08: 93, 2021-09: 90, 2021-10: 93, 2021-11: 90, 2021-12: 93, 2022-01: 93, 2022-02: 84, 2022-03: 93, 2022-04: 90, 2022-05: 93, 2022-06: 90, 2022-07: 93, 2022-08: 93, 2022-09: 90, 2022-10: 93, 2022-11: 90, 2022-12: 93, 2023-01: 93, 2023-02: 84, 2023-03: 93, 2023-04: 68
  [label] 2021-07-01 16:00 DOTUSDT entry=15.1620 → LONG | long=timeout(+0.88%) short=sl(-11.50%) | scanned=22 | no_tp→fwd_return=+0.9827
  [label] 2021-07-03 16:00 DOTUSDT entry=15.5190 → SHORT | long=timeout(-1.69%) short=sl(-9.07%) | scanned=22 | no_tp→fwd_return=-1.5916
  [label] 2021-07-07 16:00 DOTUSDT entry=16.8620 → SHORT | long=sl(-8.55%) short=tp(+16.81%) | scanned=18 | short_tp_only
  [label] 2021-08-01 08:00 DOTUSDT entry=19.0910 → LONG | long=sl(-9.98%) short=sl(-9.98%) | scanned=17 | no_tp→fwd_return=+9.2766
  [label] 2021-09-22 16:00 DOTUSDT entry=31.5640 → SHORT | long=sl(-14.21%) short=timeout(+13.56%) | scanned=22 | no_tp→fwd_return=-13.6580
  [label] 2022-03-07 16:00 DOTUSDT entry=16.3820 → LONG | long=timeout(+7.82%) short=sl(-8.96%) | scanned=22 | no_tp→fwd_return=+7.9233
  [label] 2022-03-11 16:00 DOTUSDT entry=17.6780 → LONG | long=timeout(+7.02%) short=sl(-7.91%) | scanned=22 | no_tp→fwd_return=+7.1162
  [label] 2022-03-22 08:00 DOTUSDT entry=19.9180 → LONG | long=tp(+11.27%) short=sl(-5.78%) | scanned=16 | long_tp_only
  [label] 2022-05-06 08:00 DOTUSDT entry=14.2070 → SHORT | long=sl(-9.32%) short=tp(+18.34%) | scanned=9 | short_tp_only
  [label] 2022-05-14 16:00 DOTUSDT entry=11.2940 → SHORT | long=timeout(-11.72%) short=timeout(+11.52%) | scanned=22 | no_tp→fwd_return=-11.6168
  [label] 2022-08-13 00:00 DOTUSDT entry=9.4700 → SHORT | long=sl(-6.56%) short=tp(+12.83%) | scanned=17 | short_tp_only
  [label] 2022-09-14 00:00 DOTUSDT entry=7.1420 → SHORT | long=sl(-7.37%) short=tp(+14.44%) | scanned=15 | short_tp_only
  [label] 2022-09-30 00:00 DOTUSDT entry=6.5070 → SHORT | long=sl(-5.59%) short=timeout(+2.14%) | scanned=22 | no_tp→fwd_return=-2.2437
  [label] 2022-10-12 16:00 DOTUSDT entry=6.1680 → SHORT | long=sl(-3.24%) short=tp(+6.18%) | scanned=2 | short_tp_only
  [label] 2022-10-31 08:00 DOTUSDT entry=6.6430 → LONG | long=sl(-5.01%) short=sl(-5.01%) | scanned=13 | no_tp→fwd_return=+6.1569
  [label] 2022-11-06 16:00 DOTUSDT entry=6.8090 → SHORT | long=sl(-6.12%) short=sl(-6.12%) | scanned=4 | no_tp→fwd_return=-2.5554
  [label] 2022-11-19 00:00 DOTUSDT entry=5.5480 → SHORT | long=sl(-5.90%) short=timeout(+3.67%) | scanned=22 | no_tp→fwd_return=-3.7671
  [label] 2022-12-28 08:00 DOTUSDT entry=4.3190 → LONG | long=tp(+7.15%) short=sl(-3.73%) | scanned=20 | long_tp_only
  [label] 2023-01-07 08:00 DOTUSDT entry=4.6580 → LONG | long=tp(+5.69%) short=sl(-2.99%) | scanned=5 | long_tp_only
  [label] 2023-04-03 08:00 DOTUSDT entry=6.3200 → SHORT | long=timeout(-2.87%) short=timeout(+2.67%) | scanned=22 | no_tp→fwd_return=-2.7690
  [sample_weight_mode=composite_inv_concurrency] cell=(E, 2023-05) weight_mean=1.0000 weight_std=0.5005 kish=0.7997
  Labels: 1002 long (46.2%), 1166 short (53.8%) | weights: min=0.98, mean=1.00, max=20.48
  Features: 2168/2168 matched, 43 columns
  CV gap: 22 rows
  [ensemble 1/5] seed=42
  [frozen_hp] Trained with baseline HP: n_est=258 depth=4 ct=0.715
  [ensemble 2/5] seed=123
  [frozen_hp] Trained with baseline HP: n_est=314 depth=5 ct=0.724
  [ensemble 3/5] seed=456
  [frozen_hp] Trained with baseline HP: n_est=212 depth=3 ct=0.585
  [ensemble 4/5] seed=789
  [frozen_hp] Trained with baseline HP: n_est=293 depth=4 ct=0.508
  [ensemble 5/5] seed=1001
  [frozen_hp] Trained with baseline HP: n_est=289 depth=4 ct=0.530
  OOD: 16 features, cutoff (q=0.7) = 14.15
  Model trained for 2023-05: 93 test candles with features, confidence_threshold=0.612
[trade:close] 2023-05-06 00:00 DOTUSDT SHORT → timeout @ 5.84 | PnL=+1.68% (net +1.58%) | cum=-46.63% 2023-05=+1.58% 2023-05-06=+1.58%
[predict] 2023-05-07 00:00 DOTUSDT → LONG (proba=0.69 TP=8.3%/SL=4.2%)
[trade:open] 2023-05-07 07:59 DOTUSDT LONG @ 5.65 | SL=5.41 TP=6.12 | timeout=2023-05-14 07:59
[trade:close] 2023-05-08 07:59 DOTUSDT LONG → stop_loss @ 5.41 | PnL=-4.17% (net -4.27%) | cum=-50.91% 2023-05=-2.69% 2023-05-08=-4.27%
[predict] 2023-05-09 00:00 DOTUSDT → SHORT (proba=0.67 TP=9.4%/SL=4.7%)
[trade:open] 2023-05-09 07:59 DOTUSDT SHORT @ 5.37 | SL=5.63 TP=4.86 | timeout=2023-05-16 07:59
[trade:close] 2023-05-16 08:00 DOTUSDT SHORT → timeout @ 5.30 | PnL=+1.38% (net +1.28%) | cum=-49.63% 2023-05=-1.41% 2023-05-16=+1.28%
[predict] 2023-05-17 08:00 DOTUSDT → LONG (proba=0.67 TP=7.5%/SL=3.7%)
[trade:open] 2023-05-17 15:59 DOTUSDT LONG @ 5.26 | SL=5.06 TP=5.65 | timeout=2023-05-24 15:59
[trade:close] 2023-05-24 16:00 DOTUSDT LONG → timeout @ 5.24 | PnL=-0.38% (net -0.48%) | cum=-50.11% 2023-05=-1.89% 2023-05-24=-0.48%
[predict] 2023-05-26 08:00 DOTUSDT → SHORT (proba=0.63 TP=5.9%/SL=2.9%)
[trade:open] 2023-05-26 15:59 DOTUSDT SHORT @ 5.26 | SL=5.42 TP=4.95 | timeout=2023-06-02 15:59
[trade:close] 2023-05-28 23:59 DOTUSDT SHORT → stop_loss @ 5.42 | PnL=-2.93% (net -3.03%) | cum=-53.14% 2023-05=-4.92% 2023-05-28=-3.03%
[predict] 2023-05-29 16:00 DOTUSDT → SHORT (proba=0.77 TP=5.5%/SL=2.7%)
[trade:open] 2023-05-29 23:59 DOTUSDT SHORT @ 5.46 | SL=5.61 TP=5.16 | timeout=2023-06-05 23:59
[lgbm] === Training for 2023-06 ===
  Train window: 2021-06-01 → 2023-05-24
  2168 training samples from 1 symbols
  Samples per month: 2021-06: 90, 2021-07: 93, 2021-08: 93, 2021-09: 90, 2021-10: 93, 2021-11: 90, 2021-12: 93, 2022-01: 93, 2022-02: 84, 2022-03: 93, 2022-04: 90, 2022-05: 93, 2022-06: 90, 2022-07: 93, 2022-08: 93, 2022-09: 90, 2022-10: 93, 2022-11: 90, 2022-12: 93, 2023-01: 93, 2023-02: 84, 2023-03: 93, 2023-04: 90, 2023-05: 71
  [label] 2021-08-01 16:00 DOTUSDT entry=18.4220 → LONG | long=timeout(+6.65%) short=sl(-11.09%) | scanned=22 | no_tp→fwd_return=+6.7528
  [label] 2021-08-03 16:00 DOTUSDT entry=17.4280 → LONG | long=tp(+21.27%) short=sl(-10.78%) | scanned=10 | long_tp_only
  [label] 2021-08-07 16:00 DOTUSDT entry=20.9850 → LONG | long=sl(-8.87%) short=sl(-8.87%) | scanned=19 | no_tp→fwd_return=+9.0398
  [label] 2021-09-01 08:00 DOTUSDT entry=30.1690 → SHORT | long=sl(-9.76%) short=sl(-9.76%) | scanned=18 | no_tp→fwd_return=-5.9366
  [label] 2021-10-23 16:00 DOTUSDT entry=43.9750 → SHORT | long=sl(-7.62%) short=timeout(+2.62%) | scanned=22 | no_tp→fwd_return=-2.7220
  [label] 2022-04-07 16:00 DOTUSDT entry=20.3760 → SHORT | long=sl(-7.60%) short=tp(+14.89%) | scanned=12 | short_tp_only
  [label] 2022-04-11 16:00 DOTUSDT entry=17.1910 → LONG | long=timeout(+5.43%) short=sl(-8.11%) | scanned=22 | no_tp→fwd_return=+5.5320
  [label] 2022-04-22 08:00 DOTUSDT entry=18.1950 → SHORT | long=sl(-6.17%) short=timeout(+8.86%) | scanned=22 | no_tp→fwd_return=-8.9585
  [label] 2022-06-06 08:00 DOTUSDT entry=9.6960 → SHORT | long=sl(-7.16%) short=tp(+14.02%) | scanned=15 | short_tp_only
  [label] 2022-06-14 16:00 DOTUSDT entry=7.3550 → LONG | long=timeout(+5.35%) short=sl(-12.91%) | scanned=22 | no_tp→fwd_return=+5.4521
  [label] 2022-09-13 00:00 DOTUSDT entry=7.6570 → SHORT | long=sl(-6.19%) short=tp(+12.08%) | scanned=11 | short_tp_only
  [label] 2022-10-15 00:00 DOTUSDT entry=6.0730 → SHORT | long=sl(-4.47%) short=timeout(+4.25%) | scanned=22 | no_tp→fwd_return=-4.3471
  [label] 2022-10-31 00:00 DOTUSDT entry=6.7320 → LONG | long=sl(-4.77%) short=sl(-4.77%) | scanned=14 | no_tp→fwd_return=+4.7534
  [label] 2022-11-12 16:00 DOTUSDT entry=5.7760 → SHORT | long=timeout(-3.20%) short=timeout(+3.00%) | scanned=22 | no_tp→fwd_return=-3.0990
  [label] 2022-12-01 08:00 DOTUSDT entry=5.3740 → SHORT | long=timeout(-1.22%) short=sl(-4.85%) | scanned=22 | no_tp→fwd_return=-1.1165
  [label] 2022-12-07 16:00 DOTUSDT entry=5.2900 → SHORT | long=sl(-4.29%) short=timeout(+1.36%) | scanned=22 | no_tp→fwd_return=-1.4556
  [label] 2022-12-20 00:00 DOTUSDT entry=4.6020 → SHORT | long=sl(-5.06%) short=timeout(+1.64%) | scanned=22 | no_tp→fwd_return=-1.7384
  [label] 2023-01-28 08:00 DOTUSDT entry=6.4350 → LONG | long=sl(-6.74%) short=sl(-6.74%) | scanned=16 | no_tp→fwd_return=+1.6472
  [label] 2023-02-07 08:00 DOTUSDT entry=6.6800 → SHORT | long=sl(-6.00%) short=tp(+11.70%) | scanned=19 | short_tp_only
  [label] 2023-05-04 08:00 DOTUSDT entry=5.6610 → SHORT | long=sl(-4.29%) short=sl(-4.29%) | scanned=11 | no_tp→fwd_return=-4.8931
  [sample_weight_mode=composite_inv_concurrency] cell=(E, 2023-06) weight_mean=1.0000 weight_std=0.5005 kish=0.7997
  Labels: 975 long (45.0%), 1193 short (55.0%) | weights: min=0.98, mean=1.00, max=20.48
  Features: 2168/2168 matched, 43 columns
  CV gap: 22 rows
  [ensemble 1/5] seed=42
  [frozen_hp] Trained with baseline HP: n_est=365 depth=3 ct=0.798
  [ensemble 2/5] seed=123
  [frozen_hp] Trained with baseline HP: n_est=263 depth=4 ct=0.769
  [ensemble 3/5] seed=456
  [frozen_hp] Trained with baseline HP: n_est=50 depth=3 ct=0.645
  [ensemble 4/5] seed=789
  [frozen_hp] Trained with baseline HP: n_est=397 depth=4 ct=0.821
  [ensemble 5/5] seed=1001
  [frozen_hp] Trained with baseline HP: n_est=451 depth=4 ct=0.824
  OOD: 16 features, cutoff (q=0.7) = 14.69
  Model trained for 2023-06: 90 test candles with features, confidence_threshold=0.772
[trade:close] 2023-06-02 07:59 DOTUSDT SHORT → take_profit @ 5.16 | PnL=+5.50% (net +5.40%) | cum=-47.74% 2023-06=+5.40% 2023-06-02=+5.40%
[predict] 2023-06-05 16:00 DOTUSDT → SHORT (proba=0.80 TP=7.8%/SL=3.9%)
[trade:open] 2023-06-05 23:59 DOTUSDT SHORT @ 5.06 | SL=5.26 TP=4.67 | timeout=2023-06-12 23:59
[trade:close] 2023-06-06 23:59 DOTUSDT SHORT → stop_loss @ 5.26 | PnL=-3.90% (net -4.00%) | cum=-51.74% 2023-06=+1.40% 2023-06-06=-4.00%
[predict] 2023-06-07 16:00 DOTUSDT → SHORT (proba=0.84 TP=8.1%/SL=4.1%)
[trade:open] 2023-06-07 23:59 DOTUSDT SHORT @ 5.02 | SL=5.22 TP=4.61 | timeout=2023-06-14 23:59
[trade:close] 2023-06-10 07:59 DOTUSDT SHORT → take_profit @ 4.61 | PnL=+8.12% (net +8.02%) | cum=-43.72% 2023-06=+9.41% 2023-06-10=+8.02%
[predict] 2023-06-12 16:00 DOTUSDT → SHORT (proba=0.77 TP=10.9%/SL=5.4%)
[trade:open] 2023-06-12 23:59 DOTUSDT SHORT @ 4.53 | SL=4.78 TP=4.04 | timeout=2023-06-19 23:59
[trade:close] 2023-06-14 23:59 DOTUSDT SHORT → stop_loss @ 4.78 | PnL=-5.45% (net -5.55%) | cum=-49.27% 2023-06=+3.86% 2023-06-14=-5.55%
[predict] 2023-06-19 00:00 DOTUSDT → SHORT (proba=0.79 TP=9.2%/SL=4.6%)
[trade:open] 2023-06-19 07:59 DOTUSDT SHORT @ 4.54 | SL=4.75 TP=4.12 | timeout=2023-06-26 07:59
[trade:close] 2023-06-21 07:59 DOTUSDT SHORT → stop_loss @ 4.75 | PnL=-4.60% (net -4.70%) | cum=-53.97% 2023-06=-0.83% 2023-06-21=-4.70%
[lgbm] === Training for 2023-07 ===
  Train window: 2021-07-01 → 2023-06-23
  2168 training samples from 1 symbols
  Samples per month: 2021-07: 93, 2021-08: 93, 2021-09: 90, 2021-10: 93, 2021-11: 90, 2021-12: 93, 2022-01: 93, 2022-02: 84, 2022-03: 93, 2022-04: 90, 2022-05: 93, 2022-06: 90, 2022-07: 93, 2022-08: 93, 2022-09: 90, 2022-10: 93, 2022-11: 90, 2022-12: 93, 2023-01: 93, 2023-02: 84, 2023-03: 93, 2023-04: 90, 2023-05: 93, 2023-06: 68
  [label] 2021-08-31 16:00 DOTUSDT entry=31.3590 → SHORT | long=sl(-9.44%) short=sl(-9.44%) | scanned=20 | no_tp→fwd_return=-9.5060
  [label] 2021-09-02 16:00 DOTUSDT entry=31.8170 → SHORT | long=sl(-9.65%) short=sl(-9.65%) | scanned=14 | no_tp→fwd_return=-10.8087
  [label] 2021-09-06 16:00 DOTUSDT entry=34.3710 → SHORT | long=sl(-8.29%) short=tp(+16.29%) | scanned=2 | short_tp_only
  [label] 2021-10-01 08:00 DOTUSDT entry=31.3550 → LONG | long=timeout(+7.97%) short=sl(-9.01%) | scanned=22 | no_tp→fwd_return=+8.0689
  [label] 2021-11-22 16:00 DOTUSDT entry=39.4870 → SHORT | long=sl(-9.69%) short=timeout(+5.99%) | scanned=22 | no_tp→fwd_return=-6.0855
  [label] 2022-05-07 16:00 DOTUSDT entry=13.7370 → SHORT | long=sl(-8.64%) short=tp(+16.98%) | scanned=5 | short_tp_only
  [label] 2022-05-11 16:00 DOTUSDT entry=9.0680 → LONG | long=timeout(+4.45%) short=sl(-24.47%) | scanned=22 | no_tp→fwd_return=+4.5545
  [label] 2022-05-22 08:00 DOTUSDT entry=10.0670 → SHORT | long=sl(-10.93%) short=timeout(+2.49%) | scanned=22 | no_tp→fwd_return=-2.5926
  [label] 2022-07-06 08:00 DOTUSDT entry=6.8980 → SHORT | long=sl(-8.10%) short=sl(-8.10%) | scanned=18 | no_tp→fwd_return=-5.6248
  [label] 2022-07-14 16:00 DOTUSDT entry=6.7170 → LONG | long=tp(+14.26%) short=sl(-7.28%) | scanned=11 | long_tp_only
  [label] 2022-10-13 00:00 DOTUSDT entry=5.8790 → LONG | long=sl(-4.13%) short=sl(-4.13%) | scanned=2 | no_tp→fwd_return=+3.8272
  [label] 2022-11-14 00:00 DOTUSDT entry=5.7900 → SHORT | long=sl(-10.06%) short=timeout(+9.93%) | scanned=22 | no_tp→fwd_return=-10.0345
  [label] 2022-11-30 00:00 DOTUSDT entry=5.4190 → SHORT | long=timeout(-3.20%) short=sl(-5.03%) | scanned=22 | no_tp→fwd_return=-3.1002
  [label] 2022-12-12 16:00 DOTUSDT entry=5.1740 → LONG | long=sl(-3.40%) short=sl(-3.40%) | scanned=2 | no_tp→fwd_return=+1.6622
  [label] 2022-12-31 08:00 DOTUSDT entry=4.3650 → LONG | long=tp(+6.40%) short=sl(-3.35%) | scanned=11 | long_tp_only
  [label] 2023-01-06 16:00 DOTUSDT entry=4.6830 → LONG | long=tp(+6.14%) short=sl(-3.22%) | scanned=8 | long_tp_only
  [label] 2023-01-19 00:00 DOTUSDT entry=5.7390 → LONG | long=tp(+16.58%) short=sl(-8.44%) | scanned=14 | long_tp_only
  [label] 2023-02-27 08:00 DOTUSDT entry=6.6890 → SHORT | long=sl(-5.48%) short=tp(+10.65%) | scanned=11 | short_tp_only
  [label] 2023-03-09 08:00 DOTUSDT entry=5.7370 → LONG | long=sl(-5.86%) short=sl(-5.86%) | scanned=12 | no_tp→fwd_return=+4.9503
  [label] 2023-06-03 08:00 DOTUSDT entry=5.2870 → SHORT | long=sl(-2.85%) short=tp(+5.40%) | scanned=7 | short_tp_only
  [sample_weight_mode=composite_inv_concurrency] cell=(E, 2023-07) weight_mean=1.0000 weight_std=0.5005 kish=0.7997
  Labels: 986 long (45.5%), 1182 short (54.5%) | weights: min=0.98, mean=1.00, max=20.48
  Features: 2168/2168 matched, 43 columns
  CV gap: 22 rows
  [ensemble 1/5] seed=42
  [frozen_hp] Trained with baseline HP: n_est=269 depth=4 ct=0.665
  [ensemble 2/5] seed=123
  [frozen_hp] Trained with baseline HP: n_est=129 depth=4 ct=0.743
  [ensemble 3/5] seed=456
  [frozen_hp] Trained with baseline HP: n_est=212 depth=3 ct=0.585
  [ensemble 4/5] seed=789
  [frozen_hp] Trained with baseline HP: n_est=182 depth=4 ct=0.749
  [ensemble 5/5] seed=1001
  [frozen_hp] Trained with baseline HP: n_est=225 depth=4 ct=0.827
  OOD: 16 features, cutoff (q=0.7) = 14.52
  Model trained for 2023-07: 93 test candles with features, confidence_threshold=0.714
[predict] 2023-07-02 00:00 DOTUSDT → SHORT (proba=0.74 TP=11.8%/SL=5.9%)
[trade:open] 2023-07-02 07:59 DOTUSDT SHORT @ 5.27 | SL=5.58 TP=4.65 | timeout=2023-07-09 07:59
[trade:close] 2023-07-03 07:59 DOTUSDT SHORT → stop_loss @ 5.58 | PnL=-5.88% (net -5.98%) | cum=-59.95% 2023-07=-5.98% 2023-07-03=-5.98%
[predict] 2023-07-12 08:00 DOTUSDT → SHORT (proba=0.75 TP=7.6%/SL=3.8%)
[trade:open] 2023-07-12 15:59 DOTUSDT SHORT @ 5.18 | SL=5.37 TP=4.78 | timeout=2023-07-19 15:59
[trade:close] 2023-07-13 15:59 DOTUSDT SHORT → stop_loss @ 5.37 | PnL=-3.81% (net -3.91%) | cum=-63.87% 2023-07=-9.90% 2023-07-13=-3.91%
[predict] 2023-07-19 16:00 DOTUSDT → SHORT (proba=0.72 TP=9.4%/SL=4.7%)
[trade:open] 2023-07-19 23:59 DOTUSDT SHORT @ 5.19 | SL=5.43 TP=4.70 | timeout=2023-07-26 23:59
[trade:close] 2023-07-20 15:59 DOTUSDT SHORT → stop_loss @ 5.43 | PnL=-4.72% (net -4.82%) | cum=-68.68% 2023-07=-14.71% 2023-07-20=-4.82%
[predict] 2023-07-21 16:00 DOTUSDT → SHORT (proba=0.73 TP=10.0%/SL=5.0%)
[trade:open] 2023-07-21 23:59 DOTUSDT SHORT @ 5.48 | SL=5.76 TP=4.94 | timeout=2023-07-28 23:59
[trade:close] 2023-07-29 00:00 DOTUSDT SHORT → timeout @ 5.21 | PnL=+4.91% (net +4.81%) | cum=-63.88% 2023-07=-9.91% 2023-07-29=+4.81%
[predict] 2023-07-29 16:00 DOTUSDT → SHORT (proba=0.77 TP=6.2%/SL=3.1%)
[trade:open] 2023-07-29 23:59 DOTUSDT SHORT @ 5.25 | SL=5.41 TP=4.92 | timeout=2023-08-05 23:59
[lgbm] === Training for 2023-08 ===
  Train window: 2021-08-01 → 2023-07-24
  2168 training samples from 1 symbols
  Samples per month: 2021-08: 93, 2021-09: 90, 2021-10: 93, 2021-11: 90, 2021-12: 93, 2022-01: 93, 2022-02: 84, 2022-03: 93, 2022-04: 90, 2022-05: 93, 2022-06: 90, 2022-07: 93, 2022-08: 93, 2022-09: 90, 2022-10: 93, 2022-11: 90, 2022-12: 93, 2023-01: 93, 2023-02: 84, 2023-03: 93, 2023-04: 90, 2023-05: 93, 2023-06: 90, 2023-07: 71
  [label] 2021-10-01 16:00 DOTUSDT entry=31.9370 → LONG | long=sl(-8.67%) short=sl(-8.67%) | scanned=17 | no_tp→fwd_return=+9.7191
  [label] 2021-10-03 16:00 DOTUSDT entry=32.1310 → LONG | long=sl(-7.93%) short=sl(-7.93%) | scanned=11 | no_tp→fwd_return=+9.0567
  [label] 2021-10-07 16:00 DOTUSDT entry=34.0250 → LONG | long=tp(+16.53%) short=sl(-8.42%) | scanned=18 | long_tp_only
  [label] 2021-11-01 08:00 DOTUSDT entry=48.8380 → LONG | long=timeout(+8.92%) short=sl(-7.43%) | scanned=22 | no_tp→fwd_return=+9.0237
  [label] 2021-12-23 16:00 DOTUSDT entry=29.1440 → SHORT | long=sl(-8.18%) short=sl(-8.18%) | scanned=18 | no_tp→fwd_return=-8.0771
  [label] 2022-06-07 16:00 DOTUSDT entry=9.2160 → SHORT | long=sl(-7.93%) short=tp(+15.56%) | scanned=13 | short_tp_only
  [label] 2022-06-11 16:00 DOTUSDT entry=8.0320 → SHORT | long=sl(-9.32%) short=tp(+18.34%) | scanned=5 | short_tp_only
  [label] 2022-06-22 08:00 DOTUSDT entry=7.5160 → SHORT | long=timeout(-4.50%) short=sl(-11.84%) | scanned=22 | no_tp→fwd_return=-4.4039
  [label] 2022-08-06 08:00 DOTUSDT entry=8.6920 → LONG | long=timeout(+8.87%) short=sl(-7.74%) | scanned=22 | no_tp→fwd_return=+8.9738
  [label] 2022-08-14 16:00 DOTUSDT entry=8.9490 → SHORT | long=sl(-6.81%) short=tp(+13.32%) | scanned=13 | short_tp_only
  [label] 2022-11-13 00:00 DOTUSDT entry=5.8800 → SHORT | long=timeout(-4.73%) short=timeout(+4.53%) | scanned=22 | no_tp→fwd_return=-4.6259
  [label] 2022-12-15 00:00 DOTUSDT entry=5.1760 → SHORT | long=sl(-4.16%) short=tp(+8.02%) | scanned=5 | short_tp_only
  [label] 2022-12-31 00:00 DOTUSDT entry=4.3370 → LONG | long=tp(+6.65%) short=sl(-3.47%) | scanned=12 | long_tp_only
  [label] 2023-01-12 16:00 DOTUSDT entry=5.2290 → LONG | long=tp(+8.70%) short=sl(-4.50%) | scanned=4 | long_tp_only
  [label] 2023-01-31 08:00 DOTUSDT entry=6.2720 → LONG | long=tp(+12.07%) short=sl(-6.18%) | scanned=9 | long_tp_only
  [label] 2023-02-06 16:00 DOTUSDT entry=6.4890 → SHORT | long=sl(-6.47%) short=sl(-6.47%) | scanned=9 | no_tp→fwd_return=-3.9914
  [label] 2023-02-19 00:00 DOTUSDT entry=7.3990 → SHORT | long=sl(-6.49%) short=sl(-6.49%) | scanned=10 | no_tp→fwd_return=-6.3792
  [label] 2023-03-30 08:00 DOTUSDT entry=6.1090 → LONG | long=timeout(+3.91%) short=sl(-5.14%) | scanned=22 | no_tp→fwd_return=+4.0105
  [label] 2023-04-09 08:00 DOTUSDT entry=6.1290 → LONG | long=tp(+7.37%) short=sl(-3.84%) | scanned=13 | long_tp_only
  [label] 2023-07-04 08:00 DOTUSDT entry=5.4240 → SHORT | long=sl(-5.25%) short=timeout(+4.99%) | scanned=22 | no_tp→fwd_return=-5.0885
  [sample_weight_mode=composite_inv_concurrency] cell=(E, 2023-08) weight_mean=1.0000 weight_std=0.5005 kish=0.7997
  Labels: 980 long (45.2%), 1188 short (54.8%) | weights: min=0.98, mean=1.00, max=20.48
  Features: 2168/2168 matched, 43 columns
  CV gap: 22 rows
  [ensemble 1/5] seed=42
  [frozen_hp] Trained with baseline HP: n_est=408 depth=4 ct=0.823
  [ensemble 2/5] seed=123
  [frozen_hp] Trained with baseline HP: n_est=175 depth=5 ct=0.823
  [ensemble 3/5] seed=456
  [frozen_hp] Trained with baseline HP: n_est=281 depth=4 ct=0.834
  [ensemble 4/5] seed=789
  [frozen_hp] Trained with baseline HP: n_est=223 depth=3 ct=0.824
  [ensemble 5/5] seed=1001
  [frozen_hp] Trained with baseline HP: n_est=268 depth=3 ct=0.848
  OOD: 16 features, cutoff (q=0.7) = 14.25
  Model trained for 2023-08: 93 test candles with features, confidence_threshold=0.830
[trade:close] 2023-08-06 00:00 DOTUSDT SHORT → timeout @ 4.97 | PnL=+5.24% (net +5.14%) | cum=-58.73% 2023-08=+5.14% 2023-08-06=+5.14%
[lgbm] === Training for 2023-09 ===
  Train window: 2021-09-01 → 2023-08-24
  2168 training samples from 1 symbols
  Samples per month: 2021-09: 90, 2021-10: 93, 2021-11: 90, 2021-12: 93, 2022-01: 93, 2022-02: 84, 2022-03: 93, 2022-04: 90, 2022-05: 93, 2022-06: 90, 2022-07: 93, 2022-08: 93, 2022-09: 90, 2022-10: 93, 2022-11: 90, 2022-12: 93, 2023-01: 93, 2023-02: 84, 2023-03: 93, 2023-04: 90, 2023-05: 93, 2023-06: 90, 2023-07: 93, 2023-08: 71
  [label] 2021-11-01 16:00 DOTUSDT entry=50.0370 → LONG | long=timeout(+6.67%) short=sl(-7.85%) | scanned=22 | no_tp→fwd_return=+6.7690
  [label] 2021-11-03 16:00 DOTUSDT entry=53.4060 → SHORT | long=sl(-8.58%) short=tp(+16.86%) | scanned=21 | short_tp_only
  [label] 2021-11-07 16:00 DOTUSDT entry=52.2670 → SHORT | long=sl(-6.79%) short=tp(+13.29%) | scanned=9 | short_tp_only
  [label] 2021-12-02 08:00 DOTUSDT entry=36.1200 → SHORT | long=sl(-9.02%) short=tp(+17.73%) | scanned=5 | short_tp_only
  [label] 2022-01-23 16:00 DOTUSDT entry=18.7910 → SHORT | long=sl(-15.43%) short=timeout(+3.48%) | scanned=22 | no_tp→fwd_return=-3.5815
  [label] 2022-07-08 16:00 DOTUSDT entry=7.0320 → SHORT | long=sl(-6.89%) short=tp(+13.47%) | scanned=14 | short_tp_only
  [label] 2022-07-12 16:00 DOTUSDT entry=6.2740 → LONG | long=tp(+14.39%) short=sl(-7.34%) | scanned=12 | long_tp_only
  [label] 2022-07-23 08:00 DOTUSDT entry=7.2440 → LONG | long=sl(-8.40%) short=sl(-8.40%) | scanned=14 | no_tp→fwd_return=+4.4174
  [label] 2022-09-06 08:00 DOTUSDT entry=7.5700 → SHORT | long=sl(-5.49%) short=tp(+10.68%) | scanned=2 | short_tp_only
  [label] 2022-09-14 16:00 DOTUSDT entry=7.2030 → SHORT | long=sl(-7.00%) short=tp(+13.71%) | scanned=13 | short_tp_only
  [label] 2022-12-14 00:00 DOTUSDT entry=5.2920 → SHORT | long=sl(-3.86%) short=tp(+7.42%) | scanned=8 | short_tp_only
  [label] 2023-01-15 00:00 DOTUSDT entry=5.8740 → LONG | long=timeout(+6.42%) short=sl(-7.91%) | scanned=22 | no_tp→fwd_return=+6.5203
  [label] 2023-01-31 00:00 DOTUSDT entry=6.2510 → LONG | long=tp(+12.52%) short=sl(-6.41%) | scanned=10 | long_tp_only
  [label] 2023-02-12 16:00 DOTUSDT entry=6.1750 → LONG | long=tp(+11.69%) short=sl(-5.99%) | scanned=15 | long_tp_only
  [label] 2023-03-03 08:00 DOTUSDT entry=6.0410 → SHORT | long=sl(-6.18%) short=tp(+12.06%) | scanned=19 | short_tp_only
  [label] 2023-03-09 16:00 DOTUSDT entry=5.3800 → LONG | long=tp(+14.46%) short=sl(-7.38%) | scanned=13 | long_tp_only
  [label] 2023-03-22 00:00 DOTUSDT entry=6.3030 → SHORT | long=sl(-6.92%) short=timeout(+1.19%) | scanned=22 | no_tp→fwd_return=-1.2851
  [label] 2023-04-30 08:00 DOTUSDT entry=6.0290 → SHORT | long=sl(-4.40%) short=timeout(+5.94%) | scanned=22 | no_tp→fwd_return=-6.0375
  [label] 2023-05-10 08:00 DOTUSDT entry=5.4810 → SHORT | long=sl(-4.38%) short=timeout(+4.01%) | scanned=22 | no_tp→fwd_return=-4.1051
  [label] 2023-08-04 08:00 DOTUSDT entry=5.0230 → SHORT | long=sl(-3.41%) short=timeout(+0.98%) | scanned=22 | no_tp→fwd_return=-1.0751
  [sample_weight_mode=composite_inv_concurrency] cell=(E, 2023-09) weight_mean=1.0000 weight_std=0.5005 kish=0.7997
  Labels: 931 long (42.9%), 1237 short (57.1%) | weights: min=0.98, mean=1.00, max=20.48
  Features: 2168/2168 matched, 43 columns
  CV gap: 22 rows
  [ensemble 1/5] seed=42
  [frozen_hp] Trained with baseline HP: n_est=359 depth=3 ct=0.850
  [ensemble 2/5] seed=123
  [frozen_hp] Trained with baseline HP: n_est=484 depth=3 ct=0.678
  [ensemble 3/5] seed=456
  [frozen_hp] Trained with baseline HP: n_est=212 depth=3 ct=0.585
  [ensemble 4/5] seed=789
  [frozen_hp] Trained with baseline HP: n_est=428 depth=3 ct=0.780
  [ensemble 5/5] seed=1001
  [frozen_hp] Trained with baseline HP: n_est=112 depth=5 ct=0.716
  OOD: 16 features, cutoff (q=0.7) = 14.21
  Model trained for 2023-09: 90 test candles with features, confidence_threshold=0.722
[predict] 2023-09-02 00:00 DOTUSDT → LONG (proba=0.80 TP=7.8%/SL=3.9%)
[trade:open] 2023-09-02 07:59 DOTUSDT LONG @ 4.23 | SL=4.06 TP=4.56 | timeout=2023-09-09 07:59
[trade:close] 2023-09-09 08:00 DOTUSDT LONG → timeout @ 4.27 | PnL=+0.92% (net +0.82%) | cum=-57.91% 2023-09=+0.82% 2023-09-09=+0.82%
[predict] 2023-09-13 08:00 DOTUSDT → LONG (proba=0.96 TP=8.4%/SL=4.2%)
[trade:open] 2023-09-13 15:59 DOTUSDT LONG @ 4.03 | SL=3.86 TP=4.36 | timeout=2023-09-20 15:59
[trade:close] 2023-09-20 16:00 DOTUSDT LONG → timeout @ 4.11 | PnL=+1.91% (net +1.81%) | cum=-56.10% 2023-09=+2.63% 2023-09-20=+1.81%
[predict] 2023-09-21 16:00 DOTUSDT → SHORT (proba=0.77 TP=7.0%/SL=3.5%)
[trade:open] 2023-09-21 23:59 DOTUSDT SHORT @ 4.01 | SL=4.15 TP=3.73 | timeout=2023-09-28 23:59
[trade:close] 2023-09-29 00:00 DOTUSDT SHORT → timeout @ 4.07 | PnL=-1.60% (net -1.70%) | cum=-57.80% 2023-09=+0.94% 2023-09-29=-1.70%
[predict] 2023-09-29 16:00 DOTUSDT → SHORT (proba=0.97 TP=5.0%/SL=2.5%)
[trade:open] 2023-09-29 23:59 DOTUSDT SHORT @ 4.07 | SL=4.17 TP=3.86 | timeout=2023-10-06 23:59
[lgbm] === Training for 2023-10 ===
  Train window: 2021-10-01 → 2023-09-23
  2168 training samples from 1 symbols
  Samples per month: 2021-10: 93, 2021-11: 90, 2021-12: 93, 2022-01: 93, 2022-02: 84, 2022-03: 93, 2022-04: 90, 2022-05: 93, 2022-06: 90, 2022-07: 93, 2022-08: 93, 2022-09: 90, 2022-10: 93, 2022-11: 90, 2022-12: 93, 2023-01: 93, 2023-02: 84, 2023-03: 93, 2023-04: 90, 2023-05: 93, 2023-06: 90, 2023-07: 93, 2023-08: 93, 2023-09: 68
  [label] 2021-12-01 16:00 DOTUSDT entry=36.7550 → SHORT | long=sl(-9.24%) short=tp(+18.19%) | scanned=7 | short_tp_only
  [label] 2021-12-03 16:00 DOTUSDT entry=33.6890 → SHORT | long=sl(-9.50%) short=tp(+18.70%) | scanned=1 | short_tp_only
  [label] 2021-12-07 16:00 DOTUSDT entry=30.4540 → SHORT | long=sl(-13.13%) short=timeout(+14.13%) | scanned=22 | no_tp→fwd_return=-14.2346
  [label] 2022-01-01 08:00 DOTUSDT entry=27.5640 → SHORT | long=sl(-8.94%) short=sl(-8.94%) | scanned=13 | no_tp→fwd_return=-3.1926
  [label] 2022-02-22 16:00 DOTUSDT entry=16.5840 → LONG | long=sl(-9.05%) short=sl(-9.05%) | scanned=10 | no_tp→fwd_return=+8.6710
  [label] 2022-08-07 16:00 DOTUSDT entry=8.6460 → LONG | long=timeout(+3.40%) short=sl(-7.22%) | scanned=22 | no_tp→fwd_return=+3.5045
  [label] 2022-08-11 16:00 DOTUSDT entry=9.1890 → SHORT | long=sl(-7.28%) short=timeout(+12.03%) | scanned=22 | no_tp→fwd_return=-12.1341
  [label] 2022-08-22 08:00 DOTUSDT entry=7.2550 → SHORT | long=timeout(-0.65%) short=timeout(+0.45%) | scanned=22 | no_tp→fwd_return=-0.5513
  [label] 2022-10-06 08:00 DOTUSDT entry=6.3720 → SHORT | long=sl(-4.10%) short=tp(+7.89%) | scanned=20 | short_tp_only
  [label] 2022-10-14 16:00 DOTUSDT entry=6.0370 → SHORT | long=sl(-4.76%) short=timeout(+3.30%) | scanned=22 | no_tp→fwd_return=-3.3957
  [label] 2023-01-13 00:00 DOTUSDT entry=5.2180 → LONG | long=tp(+8.56%) short=sl(-4.43%) | scanned=3 | long_tp_only
  [label] 2023-02-14 00:00 DOTUSDT entry=6.1170 → LONG | long=tp(+11.71%) short=sl(-6.01%) | scanned=10 | long_tp_only
  [label] 2023-03-02 00:00 DOTUSDT entry=6.3850 → SHORT | long=sl(-5.49%) short=tp(+10.67%) | scanned=18 | short_tp_only
  [label] 2023-03-14 16:00 DOTUSDT entry=6.2190 → LONG | long=timeout(+2.17%) short=timeout(-2.37%) | scanned=22 | no_tp→fwd_return=+2.2672
  [label] 2023-04-02 08:00 DOTUSDT entry=6.3400 → SHORT | long=timeout(-3.43%) short=timeout(+3.23%) | scanned=22 | no_tp→fwd_return=-3.3281
  [label] 2023-04-08 16:00 DOTUSDT entry=6.1240 → LONG | long=tp(+7.76%) short=sl(-4.03%) | scanned=15 | long_tp_only
  [label] 2023-04-21 00:00 DOTUSDT entry=6.1180 → SHORT | long=sl(-5.74%) short=timeout(+2.92%) | scanned=22 | no_tp→fwd_return=-3.0239
  [label] 2023-05-30 08:00 DOTUSDT entry=5.4350 → SHORT | long=sl(-2.87%) short=tp(+5.43%) | scanned=18 | short_tp_only
  [label] 2023-06-09 08:00 DOTUSDT entry=5.0290 → SHORT | long=sl(-3.63%) short=tp(+6.96%) | scanned=2 | short_tp_only
  [label] 2023-09-03 08:00 DOTUSDT entry=4.2490 → SHORT | long=sl(-3.50%) short=timeout(+2.65%) | scanned=22 | no_tp→fwd_return=-2.7536
  [sample_weight_mode=composite_inv_concurrency] cell=(E, 2023-10) weight_mean=1.0000 weight_std=0.5005 kish=0.7997
  Labels: 929 long (42.9%), 1239 short (57.1%) | weights: min=0.98, mean=1.00, max=20.48
  Features: 2168/2168 matched, 43 columns
  CV gap: 22 rows
  [ensemble 1/5] seed=42
  [frozen_hp] Trained with baseline HP: n_est=369 depth=3 ct=0.789
  [ensemble 2/5] seed=123
  [frozen_hp] Trained with baseline HP: n_est=147 depth=4 ct=0.822
  [ensemble 3/5] seed=456
  [frozen_hp] Trained with baseline HP: n_est=83 depth=3 ct=0.686
  [ensemble 4/5] seed=789
  [frozen_hp] Trained with baseline HP: n_est=228 depth=4 ct=0.727
  [ensemble 5/5] seed=1001
  [frozen_hp] Trained with baseline HP: n_est=196 depth=4 ct=0.757
  OOD: 16 features, cutoff (q=0.7) = 14.36
  Model trained for 2023-10: 93 test candles with features, confidence_threshold=0.756
[trade:close] 2023-10-01 15:59 DOTUSDT SHORT → stop_loss @ 4.17 | PnL=-2.52% (net -2.62%) | cum=-60.42% 2023-10=-2.62% 2023-10-01=-2.62%
[predict] 2023-10-03 16:00 DOTUSDT → SHORT (proba=0.77 TP=6.4%/SL=3.2%)
[trade:open] 2023-10-03 23:59 DOTUSDT SHORT @ 4.07 | SL=4.20 TP=3.81 | timeout=2023-10-10 23:59
[trade:close] 2023-10-09 15:59 DOTUSDT SHORT → take_profit @ 3.81 | PnL=+6.41% (net +6.31%) | cum=-54.11% 2023-10=+3.69% 2023-10-09=+6.31%
[lgbm] === Training for 2023-11 ===
  Train window: 2021-11-01 → 2023-10-24
  2168 training samples from 1 symbols
  Samples per month: 2021-11: 90, 2021-12: 93, 2022-01: 93, 2022-02: 84, 2022-03: 93, 2022-04: 90, 2022-05: 93, 2022-06: 90, 2022-07: 93, 2022-08: 93, 2022-09: 90, 2022-10: 93, 2022-11: 90, 2022-12: 93, 2023-01: 93, 2023-02: 84, 2023-03: 93, 2023-04: 90, 2023-05: 93, 2023-06: 90, 2023-07: 93, 2023-08: 93, 2023-09: 90, 2023-10: 71
  [label] 2022-01-01 16:00 DOTUSDT entry=28.5790 → SHORT | long=sl(-8.51%) short=tp(+16.72%) | scanned=21 | short_tp_only
  [label] 2022-01-03 16:00 DOTUSDT entry=30.0890 → SHORT | long=sl(-8.55%) short=tp(+16.79%) | scanned=6 | short_tp_only
  [label] 2022-01-07 16:00 DOTUSDT entry=24.8970 → LONG | long=timeout(+11.28%) short=sl(-11.69%) | scanned=22 | no_tp→fwd_return=+11.3789
  [label] 2022-02-01 08:00 DOTUSDT entry=19.6680 → LONG | long=tp(+17.61%) short=sl(-8.95%) | scanned=20 | long_tp_only
  [label] 2022-03-25 16:00 DOTUSDT entry=20.5200 → LONG | long=tp(+11.62%) short=sl(-5.96%) | scanned=7 | long_tp_only
  [label] 2022-09-07 16:00 DOTUSDT entry=7.1950 → LONG | long=timeout(+0.01%) short=sl(-6.76%) | scanned=22 | no_tp→fwd_return=+0.1112
  [label] 2022-09-11 16:00 DOTUSDT entry=7.6940 → SHORT | long=sl(-5.98%) short=tp(+11.66%) | scanned=14 | short_tp_only
  [label] 2022-09-22 08:00 DOTUSDT entry=6.3660 → SHORT | long=timeout(-0.23%) short=timeout(+0.03%) | scanned=22 | no_tp→fwd_return=-0.1257
  [label] 2022-11-06 08:00 DOTUSDT entry=7.0920 → SHORT | long=sl(-5.56%) short=tp(+10.81%) | scanned=7 | short_tp_only
  [label] 2022-11-14 16:00 DOTUSDT entry=5.8640 → SHORT | long=sl(-9.33%) short=timeout(+11.50%) | scanned=22 | no_tp→fwd_return=-11.5962
  [label] 2023-02-13 00:00 DOTUSDT entry=6.2140 → LONG | long=tp(+11.62%) short=sl(-5.96%) | scanned=14 | long_tp_only
  [label] 2023-03-17 00:00 DOTUSDT entry=6.2580 → LONG | long=timeout(+0.86%) short=timeout(-1.06%) | scanned=22 | no_tp→fwd_return=+0.9588
  [label] 2023-04-02 00:00 DOTUSDT entry=6.4000 → SHORT | long=sl(-4.43%) short=timeout(+4.15%) | scanned=22 | no_tp→fwd_return=-4.2500
  [label] 2023-04-14 16:00 DOTUSDT entry=6.7320 → SHORT | long=sl(-4.37%) short=tp(+8.43%) | scanned=18 | short_tp_only
  [label] 2023-05-03 08:00 DOTUSDT entry=5.6000 → SHORT | long=sl(-4.32%) short=sl(-4.32%) | scanned=14 | no_tp→fwd_return=-3.8571
  [label] 2023-05-09 16:00 DOTUSDT entry=5.3180 → SHORT | long=timeout(-0.59%) short=timeout(+0.39%) | scanned=22 | no_tp→fwd_return=-0.4889
  [label] 2023-05-22 00:00 DOTUSDT entry=5.2880 → LONG | long=timeout(+3.36%) short=sl(-3.14%) | scanned=22 | no_tp→fwd_return=+3.4607
  [label] 2023-06-30 08:00 DOTUSDT entry=4.9690 → LONG | long=timeout(+3.44%) short=sl(-6.90%) | scanned=22 | no_tp→fwd_return=+3.5420
  [label] 2023-07-10 08:00 DOTUSDT entry=5.1070 → LONG | long=tp(+7.94%) short=sl(-4.12%) | scanned=10 | long_tp_only
  [label] 2023-10-04 08:00 DOTUSDT entry=4.0060 → SHORT | long=sl(-3.53%) short=tp(+6.77%) | scanned=20 | short_tp_only
  [sample_weight_mode=composite_inv_concurrency] cell=(E, 2023-11) weight_mean=1.0000 weight_std=0.5005 kish=0.7997
  Labels: 901 long (41.6%), 1267 short (58.4%) | weights: min=0.98, mean=1.00, max=20.48
  Features: 2168/2168 matched, 43 columns
  CV gap: 22 rows
  [ensemble 1/5] seed=42
  [frozen_hp] Trained with baseline HP: n_est=141 depth=5 ct=0.814
  [ensemble 2/5] seed=123
  [frozen_hp] Trained with baseline HP: n_est=57 depth=4 ct=0.645
  [ensemble 3/5] seed=456
  [frozen_hp] Trained with baseline HP: n_est=343 depth=3 ct=0.787
  [ensemble 4/5] seed=789
  [frozen_hp] Trained with baseline HP: n_est=327 depth=3 ct=0.847
  [ensemble 5/5] seed=1001
  [frozen_hp] Trained with baseline HP: n_est=362 depth=4 ct=0.795
  OOD: 16 features, cutoff (q=0.7) = 14.31
  Model trained for 2023-11: 90 test candles with features, confidence_threshold=0.778
[lgbm] === Training for 2023-12 ===
  Train window: 2021-12-01 → 2023-11-23
  2168 training samples from 1 symbols
  Samples per month: 2021-12: 93, 2022-01: 93, 2022-02: 84, 2022-03: 93, 2022-04: 90, 2022-05: 93, 2022-06: 90, 2022-07: 93, 2022-08: 93, 2022-09: 90, 2022-10: 93, 2022-11: 90, 2022-12: 93, 2023-01: 93, 2023-02: 84, 2023-03: 93, 2023-04: 90, 2023-05: 93, 2023-06: 90, 2023-07: 93, 2023-08: 93, 2023-09: 90, 2023-10: 93, 2023-11: 68
  [label] 2022-01-31 16:00 DOTUSDT entry=19.3680 → LONG | long=timeout(+15.28%) short=sl(-9.53%) | scanned=22 | no_tp→fwd_return=+15.3759
  [label] 2022-02-02 16:00 DOTUSDT entry=18.7530 → LONG | long=tp(+18.74%) short=sl(-9.52%) | scanned=13 | long_tp_only
  [label] 2022-02-06 16:00 DOTUSDT entry=21.8940 → SHORT | long=sl(-7.78%) short=tp(+15.26%) | scanned=16 | short_tp_only
  [label] 2022-03-03 08:00 DOTUSDT entry=18.1130 → SHORT | long=sl(-9.13%) short=timeout(+6.53%) | scanned=22 | no_tp→fwd_return=-6.6251
  [label] 2022-04-24 16:00 DOTUSDT entry=18.1490 → SHORT | long=sl(-5.66%) short=tp(+11.02%) | scanned=15 | short_tp_only
  [label] 2022-10-07 16:00 DOTUSDT entry=6.3250 → SHORT | long=sl(-3.71%) short=tp(+7.11%) | scanned=16 | short_tp_only
  [label] 2022-10-11 16:00 DOTUSDT entry=6.1760 → SHORT | long=sl(-3.43%) short=tp(+6.57%) | scanned=5 | short_tp_only
  [label] 2022-10-22 08:00 DOTUSDT entry=5.8300 → LONG | long=tp(+7.79%) short=sl(-4.04%) | scanned=10 | long_tp_only
  [label] 2022-12-06 08:00 DOTUSDT entry=5.4730 → SHORT | long=sl(-4.00%) short=tp(+7.69%) | scanned=17 | short_tp_only
  [label] 2022-12-14 16:00 DOTUSDT entry=5.2130 → SHORT | long=sl(-4.18%) short=tp(+8.05%) | scanned=6 | short_tp_only
  [label] 2023-03-15 00:00 DOTUSDT entry=6.3120 → SHORT | long=sl(-7.96%) short=timeout(+0.04%) | scanned=22 | no_tp→fwd_return=-0.1426
  [label] 2023-04-16 00:00 DOTUSDT entry=6.7880 → SHORT | long=sl(-4.03%) short=tp(+7.75%) | scanned=10 | short_tp_only
  [label] 2023-05-02 00:00 DOTUSDT entry=5.6950 → SHORT | long=sl(-4.67%) short=tp(+9.04%) | scanned=20 | short_tp_only
  [label] 2023-05-14 16:00 DOTUSDT entry=5.3450 → SHORT | long=timeout(-1.48%) short=timeout(+1.28%) | scanned=22 | no_tp→fwd_return=-1.3845
  [label] 2023-06-02 08:00 DOTUSDT entry=5.2430 → SHORT | long=sl(-3.13%) short=tp(+5.97%) | scanned=10 | short_tp_only
  [label] 2023-06-08 16:00 DOTUSDT entry=5.0190 → SHORT | long=sl(-3.78%) short=tp(+7.26%) | scanned=4 | short_tp_only
  [label] 2023-06-21 00:00 DOTUSDT entry=4.7080 → LONG | long=tp(+9.60%) short=sl(-4.95%) | scanned=12 | long_tp_only
  [label] 2023-07-30 08:00 DOTUSDT entry=5.2450 → SHORT | long=sl(-2.94%) short=tp(+5.57%) | scanned=5 | short_tp_only
  [label] 2023-08-09 08:00 DOTUSDT entry=5.0490 → SHORT | long=sl(-2.95%) short=tp(+5.61%) | scanned=19 | short_tp_only
  [label] 2023-11-03 08:00 DOTUSDT entry=4.6240 → LONG | long=tp(+13.25%) short=sl(-6.78%) | scanned=18 | long_tp_only
  [sample_weight_mode=composite_inv_concurrency] cell=(E, 2023-12) weight_mean=1.0000 weight_std=0.5005 kish=0.7997
  Labels: 952 long (43.9%), 1216 short (56.1%) | weights: min=0.98, mean=1.00, max=20.48
  Features: 2168/2168 matched, 43 columns
  CV gap: 22 rows
  [ensemble 1/5] seed=42
  [frozen_hp] Trained with baseline HP: n_est=141 depth=5 ct=0.814
  [ensemble 2/5] seed=123
  [frozen_hp] Trained with baseline HP: n_est=76 depth=4 ct=0.755
  [ensemble 3/5] seed=456
  [frozen_hp] Trained with baseline HP: n_est=410 depth=4 ct=0.670
  [ensemble 4/5] seed=789
  [frozen_hp] Trained with baseline HP: n_est=156 depth=5 ct=0.831
  [ensemble 5/5] seed=1001
  [frozen_hp] Trained with baseline HP: n_est=290 depth=4 ct=0.796
  OOD: 16 features, cutoff (q=0.7) = 14.36
  Model trained for 2023-12: 93 test candles with features, confidence_threshold=0.773
[predict] 2023-12-12 16:00 DOTUSDT → SHORT (proba=0.80 TP=18.3%/SL=9.2%)
[trade:open] 2023-12-12 23:59 DOTUSDT SHORT @ 7.13 | SL=7.79 TP=5.83 | timeout=2023-12-19 23:59
[trade:close] 2023-12-20 00:00 DOTUSDT SHORT → timeout @ 6.71 | PnL=+6.00% (net +5.90%) | cum=-48.21% 2023-12=+5.90% 2023-12-20=+5.90%
[predict] 2023-12-28 00:00 DOTUSDT → LONG (proba=0.78 TP=19.6%/SL=9.8%)
[trade:open] 2023-12-28 07:59 DOTUSDT LONG @ 8.58 | SL=7.74 TP=10.26 | timeout=2024-01-04 07:59
[lgbm] === Training for 2024-01 ===
  Train window: 2022-01-01 → 2023-12-24
  2168 training samples from 1 symbols
  Samples per month: 2022-01: 93, 2022-02: 84, 2022-03: 93, 2022-04: 90, 2022-05: 93, 2022-06: 90, 2022-07: 93, 2022-08: 93, 2022-09: 90, 2022-10: 93, 2022-11: 90, 2022-12: 93, 2023-01: 93, 2023-02: 84, 2023-03: 93, 2023-04: 90, 2023-05: 93, 2023-06: 90, 2023-07: 93, 2023-08: 93, 2023-09: 90, 2023-10: 93, 2023-11: 90, 2023-12: 71
  [label] 2022-03-03 16:00 DOTUSDT entry=18.0110 → SHORT | long=sl(-8.78%) short=timeout(+5.76%) | scanned=22 | no_tp→fwd_return=-5.8575
  [label] 2022-03-05 16:00 DOTUSDT entry=17.3060 → LONG | long=timeout(+4.68%) short=timeout(-4.88%) | scanned=22 | no_tp→fwd_return=+4.7787
  [label] 2022-03-09 16:00 DOTUSDT entry=17.8480 → LONG | long=timeout(+6.55%) short=sl(-7.15%) | scanned=22 | no_tp→fwd_return=+6.6450
  [label] 2022-04-03 08:00 DOTUSDT entry=23.0690 → SHORT | long=sl(-6.72%) short=tp(+13.15%) | scanned=10 | short_tp_only
  [label] 2022-05-25 16:00 DOTUSDT entry=9.8640 → LONG | long=sl(-8.99%) short=sl(-8.99%) | scanned=15 | no_tp→fwd_return=+6.0320
  [label] 2022-11-07 16:00 DOTUSDT entry=7.1190 → SHORT | long=sl(-6.79%) short=tp(+13.28%) | scanned=3 | short_tp_only
  [label] 2022-11-11 16:00 DOTUSDT entry=5.7460 → SHORT | long=timeout(-1.98%) short=timeout(+1.78%) | scanned=22 | no_tp→fwd_return=-1.8796
  [label] 2022-11-22 08:00 DOTUSDT entry=5.2920 → SHORT | long=timeout(-0.50%) short=timeout(+0.30%) | scanned=22 | no_tp→fwd_return=-0.3968
  [label] 2023-01-06 08:00 DOTUSDT entry=4.6680 → LONG | long=tp(+6.33%) short=sl(-3.32%) | scanned=9 | long_tp_only
  [label] 2023-01-14 16:00 DOTUSDT entry=6.0280 → LONG | long=sl(-7.62%) short=timeout(-3.60%) | scanned=22 | no_tp→fwd_return=+3.5003
  [label] 2023-04-15 00:00 DOTUSDT entry=6.7000 → SHORT | long=sl(-4.24%) short=sl(-4.24%) | scanned=13 | no_tp→fwd_return=-3.5224
  [label] 2023-05-17 00:00 DOTUSDT entry=5.2960 → SHORT | long=timeout(-0.36%) short=timeout(+0.16%) | scanned=22 | no_tp→fwd_return=-0.2644
  [label] 2023-06-02 00:00 DOTUSDT entry=5.2590 → SHORT | long=sl(-3.13%) short=tp(+5.96%) | scanned=11 | short_tp_only
  [label] 2023-06-14 16:00 DOTUSDT entry=4.5670 → LONG | long=sl(-5.59%) short=sl(-5.59%) | scanned=21 | no_tp→fwd_return=+5.4959
  [label] 2023-07-03 08:00 DOTUSDT entry=5.4860 → SHORT | long=sl(-5.67%) short=timeout(+6.81%) | scanned=22 | no_tp→fwd_return=-6.9085
  [label] 2023-07-09 16:00 DOTUSDT entry=5.0770 → LONG | long=tp(+7.97%) short=sl(-4.13%) | scanned=12 | long_tp_only
  [label] 2023-07-22 00:00 DOTUSDT entry=5.4150 → SHORT | long=sl(-5.15%) short=timeout(+3.33%) | scanned=22 | no_tp→fwd_return=-3.4349
  [label] 2023-08-30 08:00 DOTUSDT entry=4.5440 → SHORT | long=sl(-3.91%) short=tp(+7.52%) | scanned=6 | short_tp_only
  [label] 2023-09-09 08:00 DOTUSDT entry=4.2590 → SHORT | long=sl(-2.63%) short=tp(+4.96%) | scanned=6 | short_tp_only
  [label] 2023-12-04 08:00 DOTUSDT entry=5.4890 → LONG | long=tp(+9.99%) short=sl(-5.14%) | scanned=6 | long_tp_only
  [sample_weight_mode=composite_inv_concurrency] cell=(E, 2024-01) weight_mean=1.0000 weight_std=0.5005 kish=0.7997
  Labels: 998 long (46.0%), 1170 short (54.0%) | weights: min=0.98, mean=1.00, max=20.48
  Features: 2168/2168 matched, 43 columns
  CV gap: 22 rows
  [ensemble 1/5] seed=42
  [frozen_hp] Trained with baseline HP: n_est=364 depth=4 ct=0.587
  [ensemble 2/5] seed=123
  [frozen_hp] Trained with baseline HP: n_est=245 depth=3 ct=0.508
  [ensemble 3/5] seed=456
  [frozen_hp] Trained with baseline HP: n_est=212 depth=3 ct=0.585
  [ensemble 4/5] seed=789
  [frozen_hp] Trained with baseline HP: n_est=51 depth=3 ct=0.695
  [ensemble 5/5] seed=1001
  [frozen_hp] Trained with baseline HP: n_est=88 depth=3 ct=0.649
  OOD: 16 features, cutoff (q=0.7) = 14.29
  Model trained for 2024-01: 93 test candles with features, confidence_threshold=0.605
[trade:close] 2024-01-03 15:59 DOTUSDT LONG → stop_loss @ 7.74 | PnL=-9.80% (net -9.90%) | cum=-58.11% 2024-01=-9.90% 2024-01-03=-9.90%
[predict] 2024-01-06 16:00 DOTUSDT → SHORT (proba=0.80 TP=19.7%/SL=9.8%)
[trade:open] 2024-01-06 23:59 DOTUSDT SHORT @ 7.13 | SL=7.84 TP=5.73 | timeout=2024-01-13 23:59
[trade:close] 2024-01-10 23:59 DOTUSDT SHORT → stop_loss @ 7.84 | PnL=-9.83% (net -9.93%) | cum=-68.04% 2024-01=-19.83% 2024-01-10=-9.93%
[predict] 2024-01-14 00:00 DOTUSDT → LONG (proba=0.76 TP=16.5%/SL=8.3%)
[trade:open] 2024-01-14 07:59 DOTUSDT LONG @ 7.61 | SL=6.98 TP=8.87 | timeout=2024-01-21 07:59
[trade:close] 2024-01-18 23:59 DOTUSDT LONG → stop_loss @ 6.98 | PnL=-8.25% (net -8.35%) | cum=-76.40% 2024-01=-28.19% 2024-01-18=-8.35%
[predict] 2024-01-28 00:00 DOTUSDT → LONG (proba=0.77 TP=9.6%/SL=4.8%)
[trade:open] 2024-01-28 07:59 DOTUSDT LONG @ 6.70 | SL=6.37 TP=7.34 | timeout=2024-02-04 07:59
[lgbm] === Training for 2024-02 ===
  Train window: 2022-02-01 → 2024-01-24
  2168 training samples from 1 symbols
  Samples per month: 2022-02: 84, 2022-03: 93, 2022-04: 90, 2022-05: 93, 2022-06: 90, 2022-07: 93, 2022-08: 93, 2022-09: 90, 2022-10: 93, 2022-11: 90, 2022-12: 93, 2023-01: 93, 2023-02: 84, 2023-03: 93, 2023-04: 90, 2023-05: 93, 2023-06: 90, 2023-07: 93, 2023-08: 93, 2023-09: 90, 2023-10: 93, 2023-11: 90, 2023-12: 93, 2024-01: 71
  [label] 2022-04-03 16:00 DOTUSDT entry=23.1940 → SHORT | long=sl(-6.54%) short=tp(+12.79%) | scanned=8 | short_tp_only
  [label] 2022-04-05 16:00 DOTUSDT entry=21.7600 → SHORT | long=sl(-6.86%) short=tp(+13.42%) | scanned=16 | short_tp_only
  [label] 2022-04-09 16:00 DOTUSDT entry=19.7470 → SHORT | long=sl(-6.79%) short=tp(+13.27%) | scanned=6 | short_tp_only
  [label] 2022-05-04 08:00 DOTUSDT entry=15.1030 → SHORT | long=sl(-7.14%) short=sl(-7.14%) | scanned=4 | no_tp→fwd_return=-3.5357
  [label] 2022-06-25 16:00 DOTUSDT entry=8.1270 → SHORT | long=sl(-9.17%) short=tp(+18.05%) | scanned=14 | short_tp_only
  [label] 2022-12-08 16:00 DOTUSDT entry=5.4260 → SHORT | long=sl(-4.03%) short=tp(+7.75%) | scanned=13 | short_tp_only
  [label] 2022-12-12 16:00 DOTUSDT entry=5.1740 → LONG | long=sl(-3.40%) short=sl(-3.40%) | scanned=2 | no_tp→fwd_return=+1.6622
  [label] 2022-12-23 08:00 DOTUSDT entry=4.4860 → SHORT | long=sl(-4.39%) short=timeout(+4.27%) | scanned=22 | no_tp→fwd_return=-4.3691
  [label] 2023-02-06 08:00 DOTUSDT entry=6.7550 → SHORT | long=sl(-5.88%) short=tp(+11.45%) | scanned=21 | short_tp_only
  [label] 2023-02-14 16:00 DOTUSDT entry=6.2240 → LONG | long=tp(+11.29%) short=sl(-5.80%) | scanned=9 | long_tp_only
  [label] 2023-05-16 00:00 DOTUSDT entry=5.2990 → LONG | long=timeout(+1.47%) short=timeout(-1.67%) | scanned=22 | no_tp→fwd_return=+1.5663
  [label] 2023-06-17 00:00 DOTUSDT entry=4.5040 → LONG | long=tp(+10.77%) short=sl(-5.53%) | scanned=19 | long_tp_only
  [label] 2023-07-03 00:00 DOTUSDT entry=5.4940 → SHORT | long=sl(-5.84%) short=timeout(+7.85%) | scanned=22 | no_tp→fwd_return=-7.9541
  [label] 2023-07-15 16:00 DOTUSDT entry=5.4290 → SHORT | long=sl(-5.11%) short=sl(-5.11%) | scanned=16 | no_tp→fwd_return=-0.0368
  [label] 2023-08-03 08:00 DOTUSDT entry=5.0210 → SHORT | long=sl(-3.61%) short=timeout(+0.16%) | scanned=22 | no_tp→fwd_return=-0.2589
  [label] 2023-08-09 16:00 DOTUSDT entry=5.0570 → SHORT | long=sl(-2.91%) short=tp(+5.53%) | scanned=18 | short_tp_only
  [label] 2023-08-22 00:00 DOTUSDT entry=4.4280 → LONG | long=sl(-4.24%) short=sl(-4.24%) | scanned=20 | no_tp→fwd_return=+4.0425
  [label] 2023-09-30 08:00 DOTUSDT entry=4.0960 → LONG | long=tp(+4.50%) short=sl(-2.40%) | scanned=4 | long_tp_only
  [label] 2023-10-10 08:00 DOTUSDT entry=3.8070 → SHORT | long=sl(-3.55%) short=timeout(+2.87%) | scanned=22 | no_tp→fwd_return=-2.9682
  [label] 2024-01-04 08:00 DOTUSDT entry=7.8830 → LONG | long=sl(-10.31%) short=timeout(-4.60%) | scanned=22 | no_tp→fwd_return=+4.5034
  [sample_weight_mode=composite_inv_concurrency] cell=(E, 2024-02) weight_mean=1.0000 weight_std=0.5005 kish=0.7997
  Labels: 981 long (45.2%), 1187 short (54.8%) | weights: min=0.98, mean=1.00, max=20.48
  Features: 2168/2168 matched, 43 columns
  CV gap: 22 rows
  [ensemble 1/5] seed=42
  [frozen_hp] Trained with baseline HP: n_est=364 depth=5 ct=0.731
  [ensemble 2/5] seed=123
  [frozen_hp] Trained with baseline HP: n_est=224 depth=4 ct=0.688
  [ensemble 3/5] seed=456
  [frozen_hp] Trained with baseline HP: n_est=256 depth=3 ct=0.850
  [ensemble 4/5] seed=789
  [frozen_hp] Trained with baseline HP: n_est=388 depth=3 ct=0.850
  [ensemble 5/5] seed=1001
  [frozen_hp] Trained with baseline HP: n_est=279 depth=5 ct=0.777
  OOD: 16 features, cutoff (q=0.7) = 14.53
  Model trained for 2024-02: 87 test candles with features, confidence_threshold=0.779
[trade:close] 2024-02-04 08:00 DOTUSDT LONG → timeout @ 6.74 | PnL=+0.63% (net +0.53%) | cum=-75.87% 2024-02=+0.53% 2024-02-04=+0.53%
[predict] 2024-02-09 08:00 DOTUSDT → SHORT (proba=0.79 TP=8.7%/SL=4.3%)
[trade:open] 2024-02-09 15:59 DOTUSDT SHORT @ 7.21 | SL=7.52 TP=6.58 | timeout=2024-02-16 15:59
[trade:close] 2024-02-14 07:59 DOTUSDT SHORT → stop_loss @ 7.52 | PnL=-4.33% (net -4.43%) | cum=-80.30% 2024-02=-3.90% 2024-02-14=-4.43%
[predict] 2024-02-16 16:00 DOTUSDT → LONG (proba=0.80 TP=9.8%/SL=4.9%)
[trade:open] 2024-02-16 23:59 DOTUSDT LONG @ 7.66 | SL=7.28 TP=8.41 | timeout=2024-02-23 23:59
[trade:close] 2024-02-21 15:59 DOTUSDT LONG → stop_loss @ 7.28 | PnL=-4.92% (net -5.02%) | cum=-85.32% 2024-02=-8.92% 2024-02-21=-5.02%
[predict] 2024-02-25 08:00 DOTUSDT → LONG (proba=0.80 TP=11.0%/SL=5.5%)
[trade:open] 2024-02-25 15:59 DOTUSDT LONG @ 7.74 | SL=7.31 TP=8.58 | timeout=2024-03-03 15:59
[trade:close] 2024-02-28 15:59 DOTUSDT LONG → take_profit @ 8.58 | PnL=+10.95% (net +10.85%) | cum=-74.46% 2024-02=+1.93% 2024-02-28=+10.85%
[lgbm] === Training for 2024-03 ===
  Train window: 2022-03-01 → 2024-02-22
  2171 training samples from 1 symbols
  Samples per month: 2022-03: 93, 2022-04: 90, 2022-05: 93, 2022-06: 90, 2022-07: 93, 2022-08: 93, 2022-09: 90, 2022-10: 93, 2022-11: 90, 2022-12: 93, 2023-01: 93, 2023-02: 84, 2023-03: 93, 2023-04: 90, 2023-05: 93, 2023-06: 90, 2023-07: 93, 2023-08: 93, 2023-09: 90, 2023-10: 93, 2023-11: 90, 2023-12: 93, 2024-01: 93, 2024-02: 65
  [label] 2022-05-01 16:00 DOTUSDT entry=15.3320 → SHORT | long=sl(-7.90%) short=timeout(+13.51%) | scanned=22 | no_tp→fwd_return=-13.6055
  [label] 2022-05-04 00:00 DOTUSDT entry=15.2510 → SHORT | long=sl(-7.15%) short=sl(-7.15%) | scanned=5 | no_tp→fwd_return=-4.4718
  [label] 2022-05-07 16:00 DOTUSDT entry=13.7370 → SHORT | long=sl(-8.64%) short=tp(+16.98%) | scanned=5 | short_tp_only
  [label] 2022-06-01 08:00 DOTUSDT entry=10.0210 → SHORT | long=sl(-9.68%) short=timeout(+8.75%) | scanned=22 | no_tp→fwd_return=-8.8514
  [label] 2022-07-24 00:00 DOTUSDT entry=7.4570 → LONG | long=sl(-7.84%) short=sl(-7.84%) | scanned=14 | no_tp→fwd_return=+5.2702
  [label] 2023-01-06 00:00 DOTUSDT entry=4.5750 → LONG | long=tp(+6.20%) short=sl(-3.25%) | scanned=9 | long_tp_only
  [label] 2023-01-10 00:00 DOTUSDT entry=4.8850 → LONG | long=tp(+7.79%) short=sl(-4.04%) | scanned=10 | long_tp_only
  [label] 2023-01-20 16:00 DOTUSDT entry=6.2450 → LONG | long=timeout(+5.28%) short=sl(-7.16%) | scanned=22 | no_tp→fwd_return=+5.3803
  [label] 2023-03-06 16:00 DOTUSDT entry=5.9160 → SHORT | long=sl(-5.07%) short=tp(+9.84%) | scanned=9 | short_tp_only
  [label] 2023-03-15 08:00 DOTUSDT entry=5.9670 → LONG | long=timeout(+5.43%) short=sl(-8.76%) | scanned=22 | no_tp→fwd_return=+5.5304
  [label] 2023-06-13 16:00 DOTUSDT entry=4.6240 → LONG | long=sl(-5.40%) short=timeout(-0.86%) | scanned=22 | no_tp→fwd_return=+0.7569
  [label] 2023-07-15 16:00 DOTUSDT entry=5.4290 → SHORT | long=sl(-5.11%) short=sl(-5.11%) | scanned=16 | no_tp→fwd_return=-0.0368
  [label] 2023-08-01 00:00 DOTUSDT entry=5.0600 → SHORT | long=sl(-3.72%) short=timeout(+1.84%) | scanned=22 | no_tp→fwd_return=-1.9368
  [label] 2023-08-13 16:00 DOTUSDT entry=4.9820 → SHORT | long=sl(-2.06%) short=tp(+3.82%) | scanned=6 | short_tp_only
  [label] 2023-09-01 00:00 DOTUSDT entry=4.2570 → LONG | long=timeout(+0.72%) short=timeout(-0.92%) | scanned=22 | no_tp→fwd_return=+0.8222
  [label] 2023-09-07 08:00 DOTUSDT entry=4.2510 → SHORT | long=sl(-3.02%) short=tp(+5.73%) | scanned=12 | short_tp_only
  [label] 2023-09-19 16:00 DOTUSDT entry=4.1480 → SHORT | long=sl(-3.56%) short=timeout(+3.23%) | scanned=22 | no_tp→fwd_return=-3.3269
  [label] 2023-10-29 08:00 DOTUSDT entry=4.2640 → LONG | long=tp(+9.77%) short=sl(-5.04%) | scanned=10 | long_tp_only
  [label] 2023-11-08 00:00 DOTUSDT entry=4.9080 → LONG | long=sl(-6.34%) short=sl(-6.34%) | scanned=5 | no_tp→fwd_return=+3.7694
  [label] 2024-02-02 08:00 DOTUSDT entry=6.9910 → LONG | long=sl(-5.05%) short=timeout(-3.19%) | scanned=22 | no_tp→fwd_return=+3.0897
  [sample_weight_mode=composite_inv_concurrency] cell=(E, 2024-03) weight_mean=1.0000 weight_std=0.5002 kish=0.7999
  Labels: 1026 long (47.3%), 1145 short (52.7%) | weights: min=0.98, mean=1.00, max=20.48
  Features: 2171/2171 matched, 43 columns
  CV gap: 22 rows
  [ensemble 1/5] seed=42
  [frozen_hp] Trained with baseline HP: n_est=50 depth=3 ct=0.850
  [ensemble 2/5] seed=123
  [frozen_hp] Trained with baseline HP: n_est=330 depth=5 ct=0.721
  [ensemble 3/5] seed=456
  [frozen_hp] Trained with baseline HP: n_est=102 depth=4 ct=0.801
  [ensemble 4/5] seed=789
  [frozen_hp] Trained with baseline HP: n_est=462 depth=3 ct=0.764
  [ensemble 5/5] seed=1001
  [frozen_hp] Trained with baseline HP: n_est=102 depth=5 ct=0.693
  OOD: 16 features, cutoff (q=0.7) = 14.36
  Model trained for 2024-03: 93 test candles with features, confidence_threshold=0.766
[predict] 2024-03-07 16:00 DOTUSDT → SHORT (proba=0.84 TP=21.9%/SL=10.9%)
[trade:open] 2024-03-07 23:59 DOTUSDT SHORT @ 10.41 | SL=11.55 TP=8.14 | timeout=2024-03-14 23:59
[trade:close] 2024-03-14 15:59 DOTUSDT SHORT → stop_loss @ 11.55 | PnL=-10.94% (net -11.04%) | cum=-85.50% 2024-03=-11.04% 2024-03-14=-11.04%
[predict] 2024-03-27 00:00 DOTUSDT → LONG (proba=0.77 TP=13.9%/SL=6.9%)
[trade:open] 2024-03-27 07:59 DOTUSDT LONG @ 9.53 | SL=8.87 TP=10.85 | timeout=2024-04-03 07:59
[lgbm] === Training for 2024-04 ===
  Train window: 2022-04-01 → 2024-03-24
  2171 training samples from 1 symbols
  Samples per month: 2022-04: 90, 2022-05: 93, 2022-06: 90, 2022-07: 93, 2022-08: 93, 2022-09: 90, 2022-10: 93, 2022-11: 90, 2022-12: 93, 2023-01: 93, 2023-02: 84, 2023-03: 93, 2023-04: 90, 2023-05: 93, 2023-06: 90, 2023-07: 93, 2023-08: 93, 2023-09: 90, 2023-10: 93, 2023-11: 90, 2023-12: 93, 2024-01: 93, 2024-02: 87, 2024-03: 71
  [label] 2022-06-01 16:00 DOTUSDT entry=9.4500 → SHORT | long=timeout(-4.91%) short=timeout(+4.71%) | scanned=22 | no_tp→fwd_return=-4.8148
  [label] 2022-06-04 00:00 DOTUSDT entry=9.3760 → SHORT | long=sl(-8.86%) short=timeout(+5.78%) | scanned=22 | no_tp→fwd_return=-5.8767
  [label] 2022-06-07 16:00 DOTUSDT entry=9.2160 → SHORT | long=sl(-7.93%) short=tp(+15.56%) | scanned=13 | short_tp_only
  [label] 2022-07-02 08:00 DOTUSDT entry=6.7490 → LONG | long=timeout(+6.75%) short=sl(-9.08%) | scanned=22 | no_tp→fwd_return=+6.8455
  [label] 2022-08-24 00:00 DOTUSDT entry=7.4760 → SHORT | long=sl(-7.13%) short=timeout(+4.05%) | scanned=22 | no_tp→fwd_return=-4.1466
  [label] 2023-02-06 00:00 DOTUSDT entry=6.7430 → SHORT | long=sl(-6.01%) short=timeout(+7.75%) | scanned=22 | no_tp→fwd_return=-7.8452
  [label] 2023-02-10 00:00 DOTUSDT entry=6.2850 → LONG | long=timeout(+5.61%) short=sl(-7.88%) | scanned=22 | no_tp→fwd_return=+5.7120
  [label] 2023-02-20 16:00 DOTUSDT entry=7.5540 → SHORT | long=sl(-6.65%) short=tp(+13.00%) | scanned=12 | short_tp_only
  [label] 2023-04-06 16:00 DOTUSDT entry=6.2760 → LONG | long=timeout(+5.62%) short=sl(-4.60%) | scanned=22 | no_tp→fwd_return=+5.7202
  [label] 2023-04-15 08:00 DOTUSDT entry=6.7670 → SHORT | long=sl(-4.15%) short=tp(+8.00%) | scanned=12 | short_tp_only
  [label] 2023-07-14 16:00 DOTUSDT entry=5.4500 → LONG | long=sl(-5.37%) short=timeout(-0.72%) | scanned=22 | no_tp→fwd_return=+0.6239
  [label] 2023-08-15 16:00 DOTUSDT entry=4.8120 → SHORT | long=sl(-3.23%) short=tp(+6.16%) | scanned=3 | short_tp_only
  [label] 2023-09-01 00:00 DOTUSDT entry=4.2570 → LONG | long=timeout(+0.72%) short=timeout(-0.92%) | scanned=22 | no_tp→fwd_return=+0.8222
  [label] 2023-09-13 16:00 DOTUSDT entry=3.9950 → LONG | long=timeout(+3.43%) short=sl(-4.14%) | scanned=22 | no_tp→fwd_return=+3.5294
  [label] 2023-10-02 00:00 DOTUSDT entry=4.2750 → SHORT | long=sl(-2.61%) short=tp(+4.93%) | scanned=2 | short_tp_only
  [label] 2023-10-08 08:00 DOTUSDT entry=4.0180 → SHORT | long=sl(-2.59%) short=tp(+4.88%) | scanned=3 | short_tp_only
  [label] 2023-10-20 16:00 DOTUSDT entry=3.7140 → LONG | long=tp(+6.90%) short=sl(-3.60%) | scanned=3 | long_tp_only
  [label] 2023-11-29 08:00 DOTUSDT entry=5.2330 → LONG | long=tp(+9.60%) short=sl(-4.95%) | scanned=19 | long_tp_only
  [label] 2023-12-09 00:00 DOTUSDT entry=7.5680 → SHORT | long=sl(-6.63%) short=tp(+12.96%) | scanned=6 | short_tp_only
  [label] 2024-03-04 08:00 DOTUSDT entry=10.1710 → SHORT | long=sl(-8.07%) short=tp(+15.85%) | scanned=4 | short_tp_only
  [sample_weight_mode=composite_inv_concurrency] cell=(E, 2024-04) weight_mean=1.0000 weight_std=0.5002 kish=0.7999
  Labels: 1002 long (46.2%), 1169 short (53.8%) | weights: min=0.98, mean=1.00, max=20.48
  Features: 2171/2171 matched, 43 columns
  CV gap: 22 rows
  [ensemble 1/5] seed=42
  [frozen_hp] Trained with baseline HP: n_est=72 depth=4 ct=0.712
  [ensemble 2/5] seed=123
  [frozen_hp] Trained with baseline HP: n_est=76 depth=4 ct=0.755
  [ensemble 3/5] seed=456
  [frozen_hp] Trained with baseline HP: n_est=347 depth=4 ct=0.811
  [ensemble 4/5] seed=789
  [frozen_hp] Trained with baseline HP: n_est=443 depth=4 ct=0.828
  [ensemble 5/5] seed=1001
  [frozen_hp] Trained with baseline HP: n_est=317 depth=3 ct=0.706
  OOD: 16 features, cutoff (q=0.7) = 14.36
  Model trained for 2024-04: 90 test candles with features, confidence_threshold=0.762
[trade:close] 2024-04-02 07:59 DOTUSDT LONG → stop_loss @ 8.87 | PnL=-6.93% (net -7.03%) | cum=-92.54% 2024-04=-7.03% 2024-04-02=-7.03%
[predict] 2024-04-17 08:00 DOTUSDT → LONG (proba=0.78 TP=23.8%/SL=11.9%)
[trade:open] 2024-04-17 15:59 DOTUSDT LONG @ 6.39 | SL=5.63 TP=7.91 | timeout=2024-04-24 15:59
[trade:close] 2024-04-24 16:00 DOTUSDT LONG → timeout @ 7.03 | PnL=+9.90% (net +9.80%) | cum=-82.74% 2024-04=+2.77% 2024-04-24=+9.80%
[lgbm] === Training for 2024-05 ===
  Train window: 2022-05-01 → 2024-04-23
  2171 training samples from 1 symbols
  Samples per month: 2022-05: 93, 2022-06: 90, 2022-07: 93, 2022-08: 93, 2022-09: 90, 2022-10: 93, 2022-11: 90, 2022-12: 93, 2023-01: 93, 2023-02: 84, 2023-03: 93, 2023-04: 90, 2023-05: 93, 2023-06: 90, 2023-07: 93, 2023-08: 93, 2023-09: 90, 2023-10: 93, 2023-11: 90, 2023-12: 93, 2024-01: 93, 2024-02: 87, 2024-03: 93, 2024-04: 68
  [label] 2022-07-01 16:00 DOTUSDT entry=6.7490 → LONG | long=timeout(+4.09%) short=sl(-9.79%) | scanned=22 | no_tp→fwd_return=+4.1932
  [label] 2022-07-04 00:00 DOTUSDT entry=6.7150 → LONG | long=timeout(+0.56%) short=sl(-8.00%) | scanned=22 | no_tp→fwd_return=+0.6552
  [label] 2022-07-07 16:00 DOTUSDT entry=7.2980 → SHORT | long=sl(-6.78%) short=tp(+13.26%) | scanned=14 | short_tp_only
  [label] 2022-08-01 08:00 DOTUSDT entry=8.4560 → LONG | long=sl(-9.29%) short=sl(-9.29%) | scanned=21 | no_tp→fwd_return=+8.6329
  [label] 2022-09-23 00:00 DOTUSDT entry=6.4740 → LONG | long=timeout(+0.41%) short=timeout(-0.61%) | scanned=22 | no_tp→fwd_return=+0.5097
  [label] 2023-03-08 00:00 DOTUSDT entry=5.6900 → LONG | long=sl(-5.71%) short=sl(-5.71%) | scanned=15 | no_tp→fwd_return=+3.7083
  [label] 2023-03-12 00:00 DOTUSDT entry=5.4520 → LONG | long=tp(+14.65%) short=sl(-7.48%) | scanned=7 | long_tp_only
  [label] 2023-03-22 16:00 DOTUSDT entry=6.0480 → LONG | long=timeout(+2.07%) short=timeout(-2.27%) | scanned=22 | no_tp→fwd_return=+2.1660
  [label] 2023-05-06 16:00 DOTUSDT entry=5.6290 → SHORT | long=sl(-4.45%) short=tp(+8.61%) | scanned=16 | short_tp_only
  [label] 2023-05-15 08:00 DOTUSDT entry=5.3730 → SHORT | long=timeout(-1.38%) short=timeout(+1.18%) | scanned=22 | no_tp→fwd_return=-1.2842
  [label] 2023-08-13 16:00 DOTUSDT entry=4.9820 → SHORT | long=sl(-2.06%) short=tp(+3.82%) | scanned=6 | short_tp_only
  [label] 2023-09-14 16:00 DOTUSDT entry=4.0550 → SHORT | long=timeout(-1.28%) short=sl(-3.93%) | scanned=22 | no_tp→fwd_return=-1.1837
  [label] 2023-10-01 00:00 DOTUSDT entry=4.1350 → SHORT | long=sl(-2.31%) short=sl(-2.31%) | scanned=5 | no_tp→fwd_return=-0.4353
  [label] 2023-10-13 16:00 DOTUSDT entry=3.7180 → SHORT | long=sl(-3.48%) short=sl(-3.48%) | scanned=16 | no_tp→fwd_return=-2.7972
  [label] 2023-11-01 00:00 DOTUSDT entry=4.3670 → LONG | long=tp(+11.66%) short=sl(-5.98%) | scanned=13 | long_tp_only
  [label] 2023-11-07 08:00 DOTUSDT entry=4.7880 → LONG | long=sl(-6.45%) short=sl(-6.45%) | scanned=7 | no_tp→fwd_return=+6.3701
  [label] 2023-11-19 16:00 DOTUSDT entry=5.4360 → SHORT | long=sl(-7.28%) short=timeout(+1.87%) | scanned=22 | no_tp→fwd_return=-1.9684
  [label] 2023-12-29 08:00 DOTUSDT entry=8.3690 → SHORT | long=sl(-9.36%) short=tp(+18.42%) | scanned=15 | short_tp_only
  [label] 2024-01-08 00:00 DOTUSDT entry=6.9370 → LONG | long=tp(+19.34%) short=sl(-9.82%) | scanned=9 | long_tp_only
  [label] 2024-04-03 08:00 DOTUSDT entry=8.5460 → SHORT | long=timeout(-2.79%) short=timeout(+2.59%) | scanned=22 | no_tp→fwd_return=-2.6913
  [sample_weight_mode=composite_inv_concurrency] cell=(E, 2024-05) weight_mean=1.0000 weight_std=0.5002 kish=0.7999
  Labels: 1007 long (46.4%), 1164 short (53.6%) | weights: min=0.98, mean=1.00, max=20.48
  Features: 2171/2171 matched, 43 columns
  CV gap: 22 rows
  [ensemble 1/5] seed=42
  [frozen_hp] Trained with baseline HP: n_est=241 depth=3 ct=0.842
  [ensemble 2/5] seed=123
  [frozen_hp] Trained with baseline HP: n_est=102 depth=4 ct=0.848
  [ensemble 3/5] seed=456
  [frozen_hp] Trained with baseline HP: n_est=392 depth=4 ct=0.802
  [ensemble 4/5] seed=789
  [frozen_hp] Trained with baseline HP: n_est=444 depth=4 ct=0.827
  [ensemble 5/5] seed=1001
  [frozen_hp] Trained with baseline HP: n_est=496 depth=5 ct=0.783
  OOD: 16 features, cutoff (q=0.7) = 13.86
  Model trained for 2024-05: 93 test candles with features, confidence_threshold=0.820
[predict] 2024-05-02 08:00 DOTUSDT → SHORT (proba=0.86 TP=14.9%/SL=7.5%)
[trade:open] 2024-05-02 15:59 DOTUSDT SHORT @ 7.00 | SL=7.52 TP=5.96 | timeout=2024-05-09 15:59
[trade:close] 2024-05-09 16:00 DOTUSDT SHORT → timeout @ 6.96 | PnL=+0.61% (net +0.51%) | cum=-82.22% 2024-05=+0.51% 2024-05-09=+0.51%
[predict] 2024-05-26 00:00 DOTUSDT → LONG (proba=0.83 TP=9.7%/SL=4.8%)
[trade:open] 2024-05-26 07:59 DOTUSDT LONG @ 7.44 | SL=7.08 TP=8.16 | timeout=2024-06-02 07:59
[trade:close] 2024-05-30 07:59 DOTUSDT LONG → stop_loss @ 7.08 | PnL=-4.83% (net -4.93%) | cum=-87.15% 2024-05=-4.42% 2024-05-30=-4.93%
[lgbm] === Training for 2024-06 ===
  Train window: 2022-06-01 → 2024-05-24
  2171 training samples from 1 symbols
  Samples per month: 2022-06: 90, 2022-07: 93, 2022-08: 93, 2022-09: 90, 2022-10: 93, 2022-11: 90, 2022-12: 93, 2023-01: 93, 2023-02: 84, 2023-03: 93, 2023-04: 90, 2023-05: 93, 2023-06: 90, 2023-07: 93, 2023-08: 93, 2023-09: 90, 2023-10: 93, 2023-11: 90, 2023-12: 93, 2024-01: 93, 2024-02: 87, 2024-03: 93, 2024-04: 90, 2024-05: 71
  [label] 2022-08-01 16:00 DOTUSDT entry=8.1730 → LONG | long=timeout(+13.24%) short=sl(-9.67%) | scanned=22 | no_tp→fwd_return=+13.3366
  [label] 2022-08-04 00:00 DOTUSDT entry=8.0860 → LONG | long=tp(+18.42%) short=sl(-9.36%) | scanned=19 | long_tp_only
  [label] 2022-08-07 16:00 DOTUSDT entry=8.6460 → LONG | long=timeout(+3.40%) short=sl(-7.22%) | scanned=22 | no_tp→fwd_return=+3.5045
  [label] 2022-09-01 08:00 DOTUSDT entry=6.9540 → LONG | long=timeout(+4.10%) short=sl(-6.38%) | scanned=22 | no_tp→fwd_return=+4.1990
  [label] 2022-10-24 00:00 DOTUSDT entry=5.8330 → LONG | long=tp(+7.71%) short=sl(-4.01%) | scanned=5 | long_tp_only
  [label] 2023-04-08 00:00 DOTUSDT entry=6.1990 → LONG | long=tp(+8.21%) short=sl(-4.25%) | scanned=18 | long_tp_only
  [label] 2023-04-12 00:00 DOTUSDT entry=6.2930 → LONG | long=tp(+7.94%) short=sl(-4.12%) | scanned=6 | long_tp_only
  [label] 2023-04-22 16:00 DOTUSDT entry=5.9420 → LONG | long=sl(-5.14%) short=timeout(-1.72%) | scanned=22 | no_tp→fwd_return=+1.6156
  [label] 2023-06-06 16:00 DOTUSDT entry=5.1990 → SHORT | long=sl(-4.07%) short=tp(+7.83%) | scanned=10 | short_tp_only
  [label] 2023-06-15 08:00 DOTUSDT entry=4.3300 → LONG | long=tp(+11.87%) short=sl(-6.08%) | scanned=19 | long_tp_only
  [label] 2023-09-13 16:00 DOTUSDT entry=3.9950 → LONG | long=timeout(+3.43%) short=sl(-4.14%) | scanned=22 | no_tp→fwd_return=+3.5294
  [label] 2023-10-15 16:00 DOTUSDT entry=3.7510 → SHORT | long=sl(-2.84%) short=sl(-2.84%) | scanned=5 | no_tp→fwd_return=-1.5196
  [label] 2023-11-01 00:00 DOTUSDT entry=4.3670 → LONG | long=tp(+11.66%) short=sl(-5.98%) | scanned=13 | long_tp_only
  [label] 2023-11-13 16:00 DOTUSDT entry=5.3520 → SHORT | long=timeout(-1.03%) short=timeout(+0.83%) | scanned=22 | no_tp→fwd_return=-0.9342
  [label] 2023-12-02 00:00 DOTUSDT entry=5.4950 → LONG | long=tp(+8.54%) short=sl(-4.42%) | scanned=12 | long_tp_only
  [label] 2023-12-08 08:00 DOTUSDT entry=6.6850 → LONG | long=tp(+11.65%) short=sl(-5.98%) | scanned=2 | long_tp_only
  [label] 2023-12-20 16:00 DOTUSDT entry=6.9590 → LONG | long=tp(+15.16%) short=sl(-7.73%) | scanned=3 | long_tp_only
  [label] 2024-01-29 08:00 DOTUSDT entry=6.8200 → SHORT | long=timeout(-0.47%) short=sl(-5.11%) | scanned=22 | no_tp→fwd_return=-0.3666
  [label] 2024-02-08 00:00 DOTUSDT entry=6.9490 → LONG | long=tp(+8.07%) short=sl(-4.18%) | scanned=18 | long_tp_only
  [label] 2024-05-04 08:00 DOTUSDT entry=7.1860 → SHORT | long=sl(-6.53%) short=timeout(+6.30%) | scanned=22 | no_tp→fwd_return=-6.4013
  [sample_weight_mode=composite_inv_concurrency] cell=(E, 2024-06) weight_mean=1.0000 weight_std=0.5002 kish=0.7999
  Labels: 1037 long (47.8%), 1134 short (52.2%) | weights: min=0.98, mean=1.00, max=20.48
  Features: 2171/2171 matched, 43 columns
  CV gap: 22 rows
  [ensemble 1/5] seed=42
  [frozen_hp] Trained with baseline HP: n_est=253 depth=3 ct=0.826
  [ensemble 2/5] seed=123
  [frozen_hp] Trained with baseline HP: n_est=384 depth=5 ct=0.769
  [ensemble 3/5] seed=456
  [frozen_hp] Trained with baseline HP: n_est=238 depth=3 ct=0.710
  [ensemble 4/5] seed=789
  [frozen_hp] Trained with baseline HP: n_est=137 depth=3 ct=0.698
  [ensemble 5/5] seed=1001
  [frozen_hp] Trained with baseline HP: n_est=206 depth=4 ct=0.700
  OOD: 16 features, cutoff (q=0.7) = 14.15
  Model trained for 2024-06: 90 test candles with features, confidence_threshold=0.741
[lgbm] === Training for 2024-07 ===
  Train window: 2022-07-01 → 2024-06-23
  2171 training samples from 1 symbols
  Samples per month: 2022-07: 93, 2022-08: 93, 2022-09: 90, 2022-10: 93, 2022-11: 90, 2022-12: 93, 2023-01: 93, 2023-02: 84, 2023-03: 93, 2023-04: 90, 2023-05: 93, 2023-06: 90, 2023-07: 93, 2023-08: 93, 2023-09: 90, 2023-10: 93, 2023-11: 90, 2023-12: 93, 2024-01: 93, 2024-02: 87, 2024-03: 93, 2024-04: 90, 2024-05: 93, 2024-06: 68
  [label] 2022-08-31 16:00 DOTUSDT entry=7.0240 → LONG | long=timeout(+2.33%) short=sl(-6.55%) | scanned=22 | no_tp→fwd_return=+2.4345
  [label] 2022-09-03 00:00 DOTUSDT entry=7.2300 → SHORT | long=sl(-6.18%) short=sl(-6.18%) | scanned=12 | no_tp→fwd_return=-3.6515
  [label] 2022-09-06 16:00 DOTUSDT entry=6.8720 → LONG | long=tp(+14.35%) short=sl(-7.33%) | scanned=8 | long_tp_only
  [label] 2022-10-01 08:00 DOTUSDT entry=6.2890 → LONG | long=timeout(+0.57%) short=timeout(-0.77%) | scanned=22 | no_tp→fwd_return=+0.6678
  [label] 2022-11-23 00:00 DOTUSDT entry=5.4420 → SHORT | long=sl(-5.98%) short=timeout(+0.32%) | scanned=22 | no_tp→fwd_return=-0.4226
  [label] 2023-05-08 00:00 DOTUSDT entry=5.3840 → LONG | long=sl(-4.74%) short=timeout(-0.64%) | scanned=22 | no_tp→fwd_return=+0.5386
  [label] 2023-05-12 00:00 DOTUSDT entry=5.2150 → LONG | long=timeout(+2.51%) short=timeout(-2.71%) | scanned=22 | no_tp→fwd_return=+2.6079
  [label] 2023-05-22 16:00 DOTUSDT entry=5.3070 → LONG | long=sl(-2.91%) short=sl(-2.91%) | scanned=18 | no_tp→fwd_return=+3.6367
  [label] 2023-07-06 16:00 DOTUSDT entry=5.0070 → LONG | long=timeout(+10.64%) short=sl(-5.90%) | scanned=22 | no_tp→fwd_return=+10.7450
  [label] 2023-07-15 08:00 DOTUSDT entry=5.4840 → SHORT | long=sl(-5.22%) short=timeout(+1.98%) | scanned=22 | no_tp→fwd_return=-2.0788
  [label] 2023-10-13 16:00 DOTUSDT entry=3.7180 → SHORT | long=sl(-3.48%) short=sl(-3.48%) | scanned=16 | no_tp→fwd_return=-2.7972
  [label] 2023-11-14 16:00 DOTUSDT entry=5.2000 → SHORT | long=timeout(-6.73%) short=sl(-9.68%) | scanned=22 | no_tp→fwd_return=-6.6346
  [label] 2023-12-01 00:00 DOTUSDT entry=5.4530 → LONG | long=tp(+9.78%) short=sl(-5.04%) | scanned=15 | long_tp_only
  [label] 2023-12-13 16:00 DOTUSDT entry=7.6070 → SHORT | long=sl(-9.84%) short=timeout(+8.42%) | scanned=22 | no_tp→fwd_return=-8.5185
  [label] 2024-01-01 00:00 DOTUSDT entry=8.1760 → SHORT | long=sl(-8.22%) short=tp(+16.15%) | scanned=7 | short_tp_only
  [label] 2024-01-07 08:00 DOTUSDT entry=7.1470 → LONG | long=tp(+18.09%) short=sl(-9.20%) | scanned=12 | long_tp_only
  [label] 2024-01-19 16:00 DOTUSDT entry=6.8900 → SHORT | long=sl(-7.23%) short=timeout(+3.11%) | scanned=22 | no_tp→fwd_return=-3.2075
  [label] 2024-02-28 08:00 DOTUSDT entry=8.4280 → LONG | long=sl(-5.49%) short=sl(-5.49%) | scanned=3 | no_tp→fwd_return=+4.7935
  [label] 2024-03-09 00:00 DOTUSDT entry=10.7120 → SHORT | long=timeout(-0.45%) short=sl(-9.94%) | scanned=22 | no_tp→fwd_return=-0.3547
  [label] 2024-06-03 08:00 DOTUSDT entry=7.1400 → SHORT | long=sl(-4.47%) short=tp(+8.63%) | scanned=13 | short_tp_only
  [sample_weight_mode=composite_inv_concurrency] cell=(E, 2024-07) weight_mean=1.0000 weight_std=0.5002 kish=0.7999
  Labels: 1034 long (47.6%), 1137 short (52.4%) | weights: min=0.98, mean=1.00, max=20.48
  Features: 2171/2171 matched, 43 columns
  CV gap: 22 rows
  [ensemble 1/5] seed=42
  [frozen_hp] Trained with baseline HP: n_est=103 depth=5 ct=0.811
  [ensemble 2/5] seed=123
  [frozen_hp] Trained with baseline HP: n_est=155 depth=4 ct=0.820
  [ensemble 3/5] seed=456
  [frozen_hp] Trained with baseline HP: n_est=200 depth=4 ct=0.806
  [ensemble 4/5] seed=789
  [frozen_hp] Trained with baseline HP: n_est=136 depth=5 ct=0.596
  [ensemble 5/5] seed=1001
  [frozen_hp] Trained with baseline HP: n_est=451 depth=4 ct=0.824
  OOD: 16 features, cutoff (q=0.7) = 14.06
  Model trained for 2024-07: 93 test candles with features, confidence_threshold=0.771
[predict] 2024-07-03 00:00 DOTUSDT → LONG (proba=0.80 TP=10.2%/SL=5.1%)
[trade:open] 2024-07-03 07:59 DOTUSDT LONG @ 6.30 | SL=5.98 TP=6.94 | timeout=2024-07-10 07:59
[trade:close] 2024-07-04 07:59 DOTUSDT LONG → stop_loss @ 5.98 | PnL=-5.09% (net -5.19%) | cum=-92.34% 2024-07=-5.19% 2024-07-04=-5.19%
[lgbm] === Training for 2024-08 ===
  Train window: 2022-08-01 → 2024-07-24
  2171 training samples from 1 symbols
  Samples per month: 2022-08: 93, 2022-09: 90, 2022-10: 93, 2022-11: 90, 2022-12: 93, 2023-01: 93, 2023-02: 84, 2023-03: 93, 2023-04: 90, 2023-05: 93, 2023-06: 90, 2023-07: 93, 2023-08: 93, 2023-09: 90, 2023-10: 93, 2023-11: 90, 2023-12: 93, 2024-01: 93, 2024-02: 87, 2024-03: 93, 2024-04: 90, 2024-05: 93, 2024-06: 90, 2024-07: 71
  [label] 2022-10-01 16:00 DOTUSDT entry=6.2670 → LONG | long=timeout(+0.54%) short=timeout(-0.74%) | scanned=22 | no_tp→fwd_return=+0.6383
  [label] 2022-10-04 00:00 DOTUSDT entry=6.4330 → SHORT | long=sl(-4.46%) short=timeout(+3.58%) | scanned=22 | no_tp→fwd_return=-3.6841
  [label] 2022-10-07 16:00 DOTUSDT entry=6.3250 → SHORT | long=sl(-3.71%) short=tp(+7.11%) | scanned=16 | short_tp_only
  [label] 2022-11-01 08:00 DOTUSDT entry=6.5100 → LONG | long=sl(-5.00%) short=sl(-5.00%) | scanned=9 | no_tp→fwd_return=+3.5791
  [label] 2022-12-24 00:00 DOTUSDT entry=4.4660 → SHORT | long=sl(-3.95%) short=timeout(+2.79%) | scanned=22 | no_tp→fwd_return=-2.8885
  [label] 2023-06-08 00:00 DOTUSDT entry=5.0210 → SHORT | long=sl(-4.05%) short=tp(+7.81%) | scanned=6 | short_tp_only
  [label] 2023-06-12 00:00 DOTUSDT entry=4.4590 → LONG | long=timeout(+1.67%) short=sl(-5.97%) | scanned=22 | no_tp→fwd_return=+1.7717
  [label] 2023-06-22 16:00 DOTUSDT entry=4.8220 → LONG | long=timeout(+3.22%) short=sl(-5.10%) | scanned=22 | no_tp→fwd_return=+3.3181
  [label] 2023-08-06 16:00 DOTUSDT entry=5.0020 → SHORT | long=sl(-2.96%) short=timeout(+0.30%) | scanned=22 | no_tp→fwd_return=-0.3998
  [label] 2023-08-15 08:00 DOTUSDT entry=4.9480 → SHORT | long=sl(-2.20%) short=tp(+4.09%) | scanned=1 | short_tp_only
  [label] 2023-11-13 16:00 DOTUSDT entry=5.3520 → SHORT | long=timeout(-1.03%) short=timeout(+0.83%) | scanned=22 | no_tp→fwd_return=-0.9342
  [label] 2023-12-15 16:00 DOTUSDT entry=6.9530 → LONG | long=tp(+20.75%) short=sl(-10.53%) | scanned=18 | long_tp_only
  [label] 2024-01-01 00:00 DOTUSDT entry=8.1760 → SHORT | long=sl(-8.22%) short=tp(+16.15%) | scanned=7 | short_tp_only
  [label] 2024-01-13 16:00 DOTUSDT entry=7.6140 → SHORT | long=sl(-8.70%) short=timeout(+9.15%) | scanned=22 | no_tp→fwd_return=-9.2461
  [label] 2024-02-01 00:00 DOTUSDT entry=6.6510 → LONG | long=timeout(+4.38%) short=sl(-5.71%) | scanned=22 | no_tp→fwd_return=+4.4805
  [label] 2024-02-07 08:00 DOTUSDT entry=6.8010 → LONG | long=tp(+8.55%) short=sl(-4.42%) | scanned=17 | long_tp_only
  [label] 2024-02-19 16:00 DOTUSDT entry=8.0370 → LONG | long=sl(-5.32%) short=timeout(-1.12%) | scanned=22 | no_tp→fwd_return=+1.0203
  [label] 2024-03-30 08:00 DOTUSDT entry=9.5320 → SHORT | long=sl(-5.85%) short=tp(+11.41%) | scanned=9 | short_tp_only
  [label] 2024-04-09 00:00 DOTUSDT entry=8.8580 → SHORT | long=sl(-5.09%) short=tp(+9.87%) | scanned=11 | short_tp_only
  [label] 2024-07-04 08:00 DOTUSDT entry=5.8350 → SHORT | long=sl(-6.62%) short=tp(+12.95%) | scanned=2 | short_tp_only
  [sample_weight_mode=composite_inv_concurrency] cell=(E, 2024-08) weight_mean=1.0000 weight_std=0.5002 kish=0.7999
  Labels: 1010 long (46.5%), 1161 short (53.5%) | weights: min=0.98, mean=1.00, max=20.48
  Features: 2171/2171 matched, 43 columns
  CV gap: 22 rows
  [ensemble 1/5] seed=42
  [frozen_hp] Trained with baseline HP: n_est=227 depth=3 ct=0.828
  [ensemble 2/5] seed=123
  [frozen_hp] Trained with baseline HP: n_est=463 depth=3 ct=0.841
  [ensemble 3/5] seed=456
  [frozen_hp] Trained with baseline HP: n_est=112 depth=3 ct=0.765
  [ensemble 4/5] seed=789
  [frozen_hp] Trained with baseline HP: n_est=231 depth=3 ct=0.799
  [ensemble 5/5] seed=1001
  [frozen_hp] Trained with baseline HP: n_est=134 depth=4 ct=0.604
  OOD: 16 features, cutoff (q=0.7) = 14.10
  Model trained for 2024-08: 93 test candles with features, confidence_threshold=0.767
[lgbm] === Training for 2024-09 ===
  Train window: 2022-09-01 → 2024-08-24
  2171 training samples from 1 symbols
  Samples per month: 2022-09: 90, 2022-10: 93, 2022-11: 90, 2022-12: 93, 2023-01: 93, 2023-02: 84, 2023-03: 93, 2023-04: 90, 2023-05: 93, 2023-06: 90, 2023-07: 93, 2023-08: 93, 2023-09: 90, 2023-10: 93, 2023-11: 90, 2023-12: 93, 2024-01: 93, 2024-02: 87, 2024-03: 93, 2024-04: 90, 2024-05: 93, 2024-06: 90, 2024-07: 93, 2024-08: 71
  [label] 2022-11-01 16:00 DOTUSDT entry=6.4500 → LONG | long=tp(+9.30%) short=sl(-4.80%) | scanned=9 | long_tp_only
  [label] 2022-11-04 00:00 DOTUSDT entry=6.6870 → LONG | long=tp(+10.63%) short=sl(-5.47%) | scanned=11 | long_tp_only
  [label] 2022-11-07 16:00 DOTUSDT entry=7.1190 → SHORT | long=sl(-6.79%) short=tp(+13.28%) | scanned=3 | short_tp_only
  [label] 2022-12-02 08:00 DOTUSDT entry=5.6410 → SHORT | long=sl(-4.69%) short=timeout(+5.06%) | scanned=22 | no_tp→fwd_return=-5.1587
  [label] 2023-01-24 00:00 DOTUSDT entry=6.6020 → SHORT | long=sl(-7.00%) short=timeout(+5.22%) | scanned=22 | no_tp→fwd_return=-5.3166
  [label] 2023-07-09 00:00 DOTUSDT entry=5.1120 → LONG | long=tp(+8.77%) short=sl(-4.53%) | scanned=15 | long_tp_only
  [label] 2023-07-13 00:00 DOTUSDT entry=5.1590 → LONG | long=tp(+7.37%) short=sl(-3.83%) | scanned=2 | long_tp_only
  [label] 2023-07-23 16:00 DOTUSDT entry=5.3870 → SHORT | long=sl(-4.96%) short=timeout(+3.74%) | scanned=22 | no_tp→fwd_return=-3.8426
  [label] 2023-09-06 16:00 DOTUSDT entry=4.2690 → SHORT | long=sl(-3.30%) short=tp(+6.29%) | scanned=14 | short_tp_only
  [label] 2023-09-15 08:00 DOTUSDT entry=4.1120 → SHORT | long=timeout(-2.70%) short=timeout(+2.50%) | scanned=22 | no_tp→fwd_return=-2.6021
  [label] 2023-12-14 16:00 DOTUSDT entry=7.5130 → LONG | long=sl(-10.40%) short=sl(-10.40%) | scanned=21 | no_tp→fwd_return=+12.2321
  [label] 2024-01-15 16:00 DOTUSDT entry=7.5070 → SHORT | long=sl(-7.97%) short=tp(+15.63%) | scanned=21 | short_tp_only
  [label] 2024-02-01 00:00 DOTUSDT entry=6.6510 → LONG | long=timeout(+4.38%) short=sl(-5.71%) | scanned=22 | no_tp→fwd_return=+4.4805
  [label] 2024-02-13 16:00 DOTUSDT entry=7.3600 → LONG | long=tp(+9.16%) short=sl(-4.73%) | scanned=18 | long_tp_only
  [label] 2024-03-03 00:00 DOTUSDT entry=8.9480 → LONG | long=tp(+16.78%) short=sl(-8.54%) | scanned=6 | long_tp_only
  [label] 2024-03-09 08:00 DOTUSDT entry=10.7700 → SHORT | long=timeout(-4.57%) short=sl(-9.54%) | scanned=22 | no_tp→fwd_return=-4.4661
  [label] 2024-03-21 16:00 DOTUSDT entry=9.1850 → LONG | long=timeout(+3.69%) short=timeout(-3.89%) | scanned=22 | no_tp→fwd_return=+3.7888
  [label] 2024-04-30 08:00 DOTUSDT entry=6.1490 → LONG | long=tp(+13.80%) short=sl(-7.05%) | scanned=6 | long_tp_only
  [label] 2024-05-10 00:00 DOTUSDT entry=7.1230 → LONG | long=sl(-5.29%) short=timeout(-2.18%) | scanned=22 | no_tp→fwd_return=+2.0778
  [label] 2024-08-04 08:00 DOTUSDT entry=4.7190 → SHORT | long=sl(-7.15%) short=tp(+14.00%) | scanned=2 | short_tp_only
  [sample_weight_mode=composite_inv_concurrency] cell=(E, 2024-09) weight_mean=1.0000 weight_std=0.5002 kish=0.7999
  Labels: 1004 long (46.2%), 1167 short (53.8%) | weights: min=0.98, mean=1.00, max=20.48
  Features: 2171/2171 matched, 43 columns
  CV gap: 22 rows
  [ensemble 1/5] seed=42
  [frozen_hp] Trained with baseline HP: n_est=139 depth=4 ct=0.760
  [ensemble 2/5] seed=123
  [frozen_hp] Trained with baseline HP: n_est=493 depth=4 ct=0.845
  [ensemble 3/5] seed=456
  [frozen_hp] Trained with baseline HP: n_est=212 depth=3 ct=0.585
  [ensemble 4/5] seed=789
  [frozen_hp] Trained with baseline HP: n_est=52 depth=5 ct=0.677
  [ensemble 5/5] seed=1001
  [frozen_hp] Trained with baseline HP: n_est=50 depth=3 ct=0.579
  OOD: 16 features, cutoff (q=0.7) = 14.06
  Model trained for 2024-09: 90 test candles with features, confidence_threshold=0.689
[predict] 2024-09-06 16:00 DOTUSDT → LONG (proba=0.70 TP=12.0%/SL=6.0%)
[trade:open] 2024-09-06 23:59 DOTUSDT LONG @ 3.96 | SL=3.72 TP=4.43 | timeout=2024-09-13 23:59
[trade:close] 2024-09-13 23:59 DOTUSDT LONG → take_profit @ 4.43 | PnL=+12.04% (net +11.94%) | cum=-80.40% 2024-09=+11.94% 2024-09-13=+11.94%
[predict] 2024-09-16 08:00 DOTUSDT → LONG (proba=0.69 TP=8.9%/SL=4.5%)
[trade:open] 2024-09-16 15:59 DOTUSDT LONG @ 4.23 | SL=4.04 TP=4.61 | timeout=2024-09-23 15:59
[trade:close] 2024-09-18 15:59 DOTUSDT LONG → stop_loss @ 4.04 | PnL=-4.47% (net -4.57%) | cum=-84.97% 2024-09=+7.37% 2024-09-18=-4.57%
[predict] 2024-09-19 08:00 DOTUSDT → LONG (proba=0.75 TP=9.6%/SL=4.8%)
[trade:open] 2024-09-19 15:59 DOTUSDT LONG @ 4.28 | SL=4.07 TP=4.68 | timeout=2024-09-26 15:59
[trade:close] 2024-09-24 23:59 DOTUSDT LONG → take_profit @ 4.68 | PnL=+9.56% (net +9.46%) | cum=-75.50% 2024-09=+16.84% 2024-09-24=+9.46%
[predict] 2024-09-25 16:00 DOTUSDT → SHORT (proba=0.69 TP=9.9%/SL=5.0%)
[trade:open] 2024-09-25 23:59 DOTUSDT SHORT @ 4.63 | SL=4.86 TP=4.18 | timeout=2024-10-02 23:59
[trade:close] 2024-09-26 23:59 DOTUSDT SHORT → stop_loss @ 4.86 | PnL=-4.96% (net -5.06%) | cum=-80.56% 2024-09=+11.78% 2024-09-26=-5.06%
[predict] 2024-09-29 08:00 DOTUSDT → SHORT (proba=0.71 TP=8.8%/SL=4.4%)
[trade:open] 2024-09-29 15:59 DOTUSDT SHORT @ 4.78 | SL=4.99 TP=4.36 | timeout=2024-10-06 15:59
[lgbm] === Training for 2024-10 ===
  Train window: 2022-10-01 → 2024-09-23
  2171 training samples from 1 symbols
  Samples per month: 2022-10: 93, 2022-11: 90, 2022-12: 93, 2023-01: 93, 2023-02: 84, 2023-03: 93, 2023-04: 90, 2023-05: 93, 2023-06: 90, 2023-07: 93, 2023-08: 93, 2023-09: 90, 2023-10: 93, 2023-11: 90, 2023-12: 93, 2024-01: 93, 2024-02: 87, 2024-03: 93, 2024-04: 90, 2024-05: 93, 2024-06: 90, 2024-07: 93, 2024-08: 93, 2024-09: 68
  [label] 2022-12-01 16:00 DOTUSDT entry=5.4060 → LONG | long=timeout(+0.27%) short=sl(-4.57%) | scanned=22 | no_tp→fwd_return=+0.3700
  [label] 2022-12-04 00:00 DOTUSDT entry=5.5750 → SHORT | long=sl(-4.20%) short=timeout(+5.32%) | scanned=22 | no_tp→fwd_return=-5.4170
  [label] 2022-12-07 16:00 DOTUSDT entry=5.2900 → SHORT | long=sl(-4.29%) short=timeout(+1.36%) | scanned=22 | no_tp→fwd_return=-1.4556
  [label] 2023-01-01 08:00 DOTUSDT entry=4.3350 → LONG | long=tp(+5.95%) short=sl(-3.13%) | scanned=8 | long_tp_only
  [label] 2023-02-23 00:00 DOTUSDT entry=7.3190 → SHORT | long=sl(-6.50%) short=tp(+12.70%) | scanned=8 | short_tp_only
  [label] 2023-08-08 00:00 DOTUSDT entry=4.9620 → LONG | long=timeout(-0.04%) short=timeout(-0.16%) | scanned=22 | no_tp→fwd_return=+0.0605
  [label] 2023-08-12 00:00 DOTUSDT entry=5.0070 → SHORT | long=sl(-2.36%) short=tp(+4.42%) | scanned=11 | short_tp_only
  [label] 2023-08-22 16:00 DOTUSDT entry=4.4210 → LONG | long=timeout(+5.62%) short=sl(-4.61%) | scanned=22 | no_tp→fwd_return=+5.7227
  [label] 2023-10-06 16:00 DOTUSDT entry=4.0650 → SHORT | long=sl(-2.98%) short=tp(+5.66%) | scanned=8 | short_tp_only
  [label] 2023-10-15 08:00 DOTUSDT entry=3.7360 → SHORT | long=sl(-2.95%) short=sl(-2.95%) | scanned=6 | no_tp→fwd_return=-1.1242
  [label] 2024-01-13 16:00 DOTUSDT entry=7.6140 → SHORT | long=sl(-8.70%) short=timeout(+9.15%) | scanned=22 | no_tp→fwd_return=-9.2461
  [label] 2024-02-14 16:00 DOTUSDT entry=7.6530 → SHORT | long=sl(-4.74%) short=sl(-4.74%) | scanned=20 | no_tp→fwd_return=-3.5280
  [label] 2024-03-02 00:00 DOTUSDT entry=8.9380 → LONG | long=tp(+14.37%) short=sl(-7.33%) | scanned=7 | long_tp_only
  [label] 2024-03-14 16:00 DOTUSDT entry=11.5670 → SHORT | long=sl(-9.36%) short=tp(+18.42%) | scanned=7 | short_tp_only
  [label] 2024-04-02 00:00 DOTUSDT entry=8.7490 → LONG | long=sl(-6.61%) short=timeout(-1.35%) | scanned=22 | no_tp→fwd_return=+1.2459
  [label] 2024-04-08 08:00 DOTUSDT entry=9.0280 → SHORT | long=sl(-5.08%) short=tp(+9.85%) | scanned=6 | short_tp_only
  [label] 2024-04-20 16:00 DOTUSDT entry=7.2360 → SHORT | long=sl(-8.71%) short=timeout(+5.86%) | scanned=22 | no_tp→fwd_return=-5.9563
  [label] 2024-05-30 08:00 DOTUSDT entry=7.0750 → LONG | long=timeout(+2.49%) short=timeout(-2.69%) | scanned=22 | no_tp→fwd_return=+2.5866
  [label] 2024-06-09 00:00 DOTUSDT entry=6.4180 → SHORT | long=sl(-6.14%) short=sl(-6.14%) | scanned=17 | no_tp→fwd_return=-4.0199
  [label] 2024-09-03 08:00 DOTUSDT entry=4.1030 → LONG | long=sl(-5.58%) short=sl(-5.58%) | scanned=19 | no_tp→fwd_return=+4.4358
  [sample_weight_mode=composite_inv_concurrency] cell=(E, 2024-10) weight_mean=1.0000 weight_std=0.5002 kish=0.7999
  Labels: 1021 long (47.0%), 1150 short (53.0%) | weights: min=0.98, mean=1.00, max=20.48
  Features: 2171/2171 matched, 43 columns
  CV gap: 22 rows
  [ensemble 1/5] seed=42
  [frozen_hp] Trained with baseline HP: n_est=133 depth=5 ct=0.850
  [ensemble 2/5] seed=123
  [frozen_hp] Trained with baseline HP: n_est=169 depth=4 ct=0.820
  [ensemble 3/5] seed=456
  [frozen_hp] Trained with baseline HP: n_est=88 depth=3 ct=0.661
  [ensemble 4/5] seed=789
  [frozen_hp] Trained with baseline HP: n_est=357 depth=4 ct=0.842
  [ensemble 5/5] seed=1001
  [frozen_hp] Trained with baseline HP: n_est=52 depth=5 ct=0.619
  OOD: 16 features, cutoff (q=0.7) = 14.03
  Model trained for 2024-10: 93 test candles with features, confidence_threshold=0.758
[trade:close] 2024-10-01 15:59 DOTUSDT SHORT → take_profit @ 4.36 | PnL=+8.83% (net +8.73%) | cum=-71.83% 2024-10=+8.73% 2024-10-01=+8.73%
[lgbm] === Training for 2024-11 ===
  Train window: 2022-11-01 → 2024-10-24
  2171 training samples from 1 symbols
  Samples per month: 2022-11: 90, 2022-12: 93, 2023-01: 93, 2023-02: 84, 2023-03: 93, 2023-04: 90, 2023-05: 93, 2023-06: 90, 2023-07: 93, 2023-08: 93, 2023-09: 90, 2023-10: 93, 2023-11: 90, 2023-12: 93, 2024-01: 93, 2024-02: 87, 2024-03: 93, 2024-04: 90, 2024-05: 93, 2024-06: 90, 2024-07: 93, 2024-08: 93, 2024-09: 90, 2024-10: 71
  [label] 2023-01-01 16:00 DOTUSDT entry=4.3670 → LONG | long=tp(+5.75%) short=sl(-3.02%) | scanned=7 | long_tp_only
  [label] 2023-01-04 00:00 DOTUSDT entry=4.6600 → LONG | long=tp(+6.14%) short=sl(-3.22%) | scanned=15 | long_tp_only
  [label] 2023-01-07 16:00 DOTUSDT entry=4.6630 → LONG | long=tp(+5.45%) short=sl(-2.87%) | scanned=4 | long_tp_only
  [label] 2023-02-01 08:00 DOTUSDT entry=6.0570 → LONG | long=tp(+11.57%) short=sl(-5.93%) | scanned=4 | long_tp_only
  [label] 2023-03-26 00:00 DOTUSDT entry=5.9970 → LONG | long=timeout(+6.62%) short=sl(-6.00%) | scanned=22 | no_tp→fwd_return=+6.7200
  [label] 2023-09-08 00:00 DOTUSDT entry=4.2920 → SHORT | long=sl(-2.87%) short=tp(+5.45%) | scanned=10 | short_tp_only
  [label] 2023-09-12 00:00 DOTUSDT entry=4.0090 → LONG | long=timeout(+2.05%) short=sl(-3.93%) | scanned=22 | no_tp→fwd_return=+2.1452
  [label] 2023-09-22 16:00 DOTUSDT entry=4.0150 → LONG | long=timeout(+1.27%) short=timeout(-1.47%) | scanned=22 | no_tp→fwd_return=+1.3699
  [label] 2023-11-06 16:00 DOTUSDT entry=4.9700 → LONG | long=sl(-6.01%) short=sl(-6.01%) | scanned=9 | no_tp→fwd_return=+2.4748
  [label] 2023-11-15 08:00 DOTUSDT entry=5.4510 → SHORT | long=sl(-8.50%) short=timeout(+6.58%) | scanned=22 | no_tp→fwd_return=-6.6777
  [label] 2024-02-13 16:00 DOTUSDT entry=7.3600 → LONG | long=tp(+9.16%) short=sl(-4.73%) | scanned=18 | long_tp_only
  [label] 2024-03-16 16:00 DOTUSDT entry=9.6890 → SHORT | long=timeout(-7.46%) short=timeout(+7.26%) | scanned=22 | no_tp→fwd_return=-7.3589
  [label] 2024-04-02 00:00 DOTUSDT entry=8.7490 → LONG | long=sl(-6.61%) short=timeout(-1.35%) | scanned=22 | no_tp→fwd_return=+1.2459
  [label] 2024-04-14 16:00 DOTUSDT entry=6.8490 → LONG | long=timeout(+4.06%) short=timeout(-4.26%) | scanned=22 | no_tp→fwd_return=+4.1612
  [label] 2024-05-03 00:00 DOTUSDT entry=7.0470 → LONG | long=timeout(+0.98%) short=timeout(-1.18%) | scanned=22 | no_tp→fwd_return=+1.0785
  [label] 2024-05-09 08:00 DOTUSDT entry=6.9570 → SHORT | long=sl(-5.74%) short=timeout(+0.33%) | scanned=22 | no_tp→fwd_return=-0.4312
  [label] 2024-05-21 16:00 DOTUSDT entry=7.6130 → SHORT | long=sl(-4.58%) short=tp(+8.85%) | scanned=6 | short_tp_only
  [label] 2024-06-30 08:00 DOTUSDT entry=6.1340 → SHORT | long=sl(-4.79%) short=sl(-4.79%) | scanned=11 | no_tp→fwd_return=-4.8256
  [label] 2024-07-10 00:00 DOTUSDT entry=6.1540 → LONG | long=timeout(+4.99%) short=timeout(-5.19%) | scanned=22 | no_tp→fwd_return=+5.0861
  [label] 2024-10-04 08:00 DOTUSDT entry=4.1720 → SHORT | long=timeout(-0.22%) short=timeout(+0.02%) | scanned=22 | no_tp→fwd_return=-0.1198
  [sample_weight_mode=composite_inv_concurrency] cell=(E, 2024-11) weight_mean=1.0000 weight_std=0.5002 kish=0.7999
  Labels: 1017 long (46.8%), 1154 short (53.2%) | weights: min=0.98, mean=1.00, max=20.48
  Features: 2171/2171 matched, 43 columns
  CV gap: 22 rows
  [ensemble 1/5] seed=42
  [frozen_hp] Trained with baseline HP: n_est=95 depth=4 ct=0.833
  [ensemble 2/5] seed=123
  [frozen_hp] Trained with baseline HP: n_est=108 depth=5 ct=0.779
  [ensemble 3/5] seed=456
  [frozen_hp] Trained with baseline HP: n_est=306 depth=5 ct=0.819
  [ensemble 4/5] seed=789
  [frozen_hp] Trained with baseline HP: n_est=281 depth=3 ct=0.841
  [ensemble 5/5] seed=1001
  [frozen_hp] Trained with baseline HP: n_est=148 depth=5 ct=0.623
  OOD: 16 features, cutoff (q=0.7) = 13.92
  Model trained for 2024-11: 90 test candles with features, confidence_threshold=0.779
[predict] 2024-11-06 08:00 DOTUSDT → LONG (proba=0.80 TP=10.4%/SL=5.2%)
[trade:open] 2024-11-06 15:59 DOTUSDT LONG @ 4.05 | SL=3.84 TP=4.47 | timeout=2024-11-13 15:59
[trade:close] 2024-11-09 23:59 DOTUSDT LONG → take_profit @ 4.47 | PnL=+10.35% (net +10.25%) | cum=-61.57% 2024-11=+10.25% 2024-11-09=+10.25%
[lgbm] === Training for 2024-12 ===
  Train window: 2022-12-01 → 2024-11-23
  2171 training samples from 1 symbols
  Samples per month: 2022-12: 93, 2023-01: 93, 2023-02: 84, 2023-03: 93, 2023-04: 90, 2023-05: 93, 2023-06: 90, 2023-07: 93, 2023-08: 93, 2023-09: 90, 2023-10: 93, 2023-11: 90, 2023-12: 93, 2024-01: 93, 2024-02: 87, 2024-03: 93, 2024-04: 90, 2024-05: 93, 2024-06: 90, 2024-07: 93, 2024-08: 93, 2024-09: 90, 2024-10: 93, 2024-11: 68
  [label] 2023-01-31 16:00 DOTUSDT entry=6.2570 → LONG | long=tp(+11.67%) short=sl(-5.99%) | scanned=8 | long_tp_only
  [label] 2023-02-03 00:00 DOTUSDT entry=6.6800 → SHORT | long=sl(-6.41%) short=sl(-6.41%) | scanned=20 | no_tp→fwd_return=-6.7365
  [label] 2023-02-06 16:00 DOTUSDT entry=6.4890 → SHORT | long=sl(-6.47%) short=sl(-6.47%) | scanned=9 | no_tp→fwd_return=-3.9914
  [label] 2023-03-03 08:00 DOTUSDT entry=6.0410 → SHORT | long=sl(-6.18%) short=tp(+12.06%) | scanned=19 | short_tp_only
  [label] 2023-04-25 00:00 DOTUSDT entry=5.8290 → SHORT | long=timeout(-2.40%) short=sl(-4.92%) | scanned=22 | no_tp→fwd_return=-2.2989
  [label] 2023-10-08 00:00 DOTUSDT entry=4.0300 → SHORT | long=sl(-2.66%) short=tp(+5.03%) | scanned=4 | short_tp_only
  [label] 2023-10-12 00:00 DOTUSDT entry=3.7090 → SHORT | long=sl(-3.51%) short=sl(-3.51%) | scanned=21 | no_tp→fwd_return=-2.5613
  [label] 2023-10-22 16:00 DOTUSDT entry=3.9650 → LONG | long=tp(+8.17%) short=sl(-4.23%) | scanned=3 | long_tp_only
  [label] 2023-12-06 16:00 DOTUSDT entry=6.0500 → LONG | long=tp(+11.62%) short=sl(-5.96%) | scanned=6 | long_tp_only
  [label] 2023-12-15 08:00 DOTUSDT entry=7.1020 → LONG | long=timeout(+13.66%) short=sl(-10.65%) | scanned=22 | no_tp→fwd_return=+13.7567
  [label] 2024-03-14 16:00 DOTUSDT entry=11.5670 → SHORT | long=sl(-9.36%) short=tp(+18.42%) | scanned=7 | short_tp_only
  [label] 2024-04-15 16:00 DOTUSDT entry=6.7040 → LONG | long=timeout(+11.18%) short=sl(-12.95%) | scanned=22 | no_tp→fwd_return=+11.2768
  [label] 2024-05-02 00:00 DOTUSDT entry=6.8700 → LONG | long=timeout(+0.60%) short=sl(-7.84%) | scanned=22 | no_tp→fwd_return=+0.6987
  [label] 2024-05-14 16:00 DOTUSDT entry=6.4820 → LONG | long=tp(+9.76%) short=sl(-5.03%) | scanned=7 | long_tp_only
  [label] 2024-06-02 00:00 DOTUSDT entry=7.0440 → SHORT | long=sl(-4.43%) short=tp(+8.56%) | scanned=17 | short_tp_only
  [label] 2024-06-08 08:00 DOTUSDT entry=6.4600 → SHORT | long=sl(-6.74%) short=sl(-6.74%) | scanned=19 | no_tp→fwd_return=-4.6440
  [label] 2024-06-20 16:00 DOTUSDT entry=5.6390 → LONG | long=timeout(+11.36%) short=sl(-7.19%) | scanned=22 | no_tp→fwd_return=+11.4559
  [label] 2024-07-30 08:00 DOTUSDT entry=5.6430 → SHORT | long=sl(-4.44%) short=tp(+8.57%) | scanned=6 | short_tp_only
  [label] 2024-08-09 00:00 DOTUSDT entry=4.8100 → SHORT | long=sl(-8.85%) short=timeout(+9.11%) | scanned=22 | no_tp→fwd_return=-9.2100
  [label] 2024-11-03 08:00 DOTUSDT entry=3.7320 → LONG | long=tp(+10.52%) short=sl(-5.41%) | scanned=8 | long_tp_only
  [sample_weight_mode=composite_inv_concurrency] cell=(E, 2024-12) weight_mean=1.0000 weight_std=0.5002 kish=0.7999
  Labels: 1048 long (48.3%), 1123 short (51.7%) | weights: min=0.98, mean=1.00, max=20.48
  Features: 2171/2171 matched, 43 columns
  CV gap: 22 rows
  [ensemble 1/5] seed=42
  [frozen_hp] Trained with baseline HP: n_est=133 depth=3 ct=0.807
  [ensemble 2/5] seed=123
  [frozen_hp] Trained with baseline HP: n_est=326 depth=5 ct=0.810
  [ensemble 3/5] seed=456
  [frozen_hp] Trained with baseline HP: n_est=240 depth=3 ct=0.828
  [ensemble 4/5] seed=789
  [frozen_hp] Trained with baseline HP: n_est=166 depth=5 ct=0.843
  [ensemble 5/5] seed=1001
  [frozen_hp] Trained with baseline HP: n_est=318 depth=4 ct=0.799
  OOD: 16 features, cutoff (q=0.7) = 13.79
  Model trained for 2024-12: 93 test candles with features, confidence_threshold=0.818
[lgbm] === Training for 2025-01 ===
  Train window: 2023-01-01 → 2024-12-24
  2171 training samples from 1 symbols
  Samples per month: 2023-01: 93, 2023-02: 84, 2023-03: 93, 2023-04: 90, 2023-05: 93, 2023-06: 90, 2023-07: 93, 2023-08: 93, 2023-09: 90, 2023-10: 93, 2023-11: 90, 2023-12: 93, 2024-01: 93, 2024-02: 87, 2024-03: 93, 2024-04: 90, 2024-05: 93, 2024-06: 90, 2024-07: 93, 2024-08: 93, 2024-09: 90, 2024-10: 93, 2024-11: 90, 2024-12: 71
  [label] 2023-03-03 16:00 DOTUSDT entry=6.0340 → SHORT | long=sl(-5.89%) short=tp(+11.49%) | scanned=18 | short_tp_only
  [label] 2023-03-06 00:00 DOTUSDT entry=5.9230 → SHORT | long=sl(-5.18%) short=tp(+10.05%) | scanned=11 | short_tp_only
  [label] 2023-03-09 16:00 DOTUSDT entry=5.3800 → LONG | long=tp(+14.46%) short=sl(-7.38%) | scanned=13 | long_tp_only
  [label] 2023-04-03 08:00 DOTUSDT entry=6.3200 → SHORT | long=timeout(-2.87%) short=timeout(+2.67%) | scanned=22 | no_tp→fwd_return=-2.7690
  [label] 2023-05-26 00:00 DOTUSDT entry=5.2390 → LONG | long=tp(+5.92%) short=sl(-3.11%) | scanned=8 | long_tp_only
  [label] 2023-11-08 00:00 DOTUSDT entry=4.9080 → LONG | long=sl(-6.34%) short=sl(-6.34%) | scanned=5 | no_tp→fwd_return=+3.7694
  [label] 2023-11-12 00:00 DOTUSDT entry=5.7190 → SHORT | long=sl(-7.89%) short=timeout(+7.38%) | scanned=22 | no_tp→fwd_return=-7.4838
  [label] 2023-11-22 16:00 DOTUSDT entry=5.1740 → SHORT | long=timeout(-0.37%) short=timeout(+0.17%) | scanned=22 | no_tp→fwd_return=-0.2706
  [label] 2024-01-06 16:00 DOTUSDT entry=7.1340 → LONG | long=tp(+19.57%) short=sl(-9.93%) | scanned=14 | long_tp_only
  [label] 2024-01-15 08:00 DOTUSDT entry=7.4150 → SHORT | long=sl(-8.19%) short=timeout(+12.01%) | scanned=22 | no_tp→fwd_return=-12.1106
  [label] 2024-04-14 16:00 DOTUSDT entry=6.8490 → LONG | long=timeout(+4.06%) short=timeout(-4.26%) | scanned=22 | no_tp→fwd_return=+4.1612
  [label] 2024-05-16 16:00 DOTUSDT entry=7.0220 → LONG | long=tp(+9.14%) short=sl(-4.72%) | scanned=14 | long_tp_only
  [label] 2024-06-02 00:00 DOTUSDT entry=7.0440 → SHORT | long=sl(-4.43%) short=tp(+8.56%) | scanned=17 | short_tp_only
  [label] 2024-06-14 16:00 DOTUSDT entry=6.1600 → SHORT | long=sl(-6.51%) short=timeout(+8.86%) | scanned=22 | no_tp→fwd_return=-8.9610
  [label] 2024-07-03 00:00 DOTUSDT entry=6.3000 → SHORT | long=sl(-5.19%) short=tp(+10.08%) | scanned=4 | short_tp_only
  [label] 2024-07-09 08:00 DOTUSDT entry=6.1470 → LONG | long=timeout(+4.94%) short=timeout(-5.14%) | scanned=22 | no_tp→fwd_return=+5.0431
  [label] 2024-07-21 16:00 DOTUSDT entry=6.4270 → SHORT | long=sl(-4.98%) short=tp(+9.66%) | scanned=6 | short_tp_only
  [label] 2024-08-30 08:00 DOTUSDT entry=4.1150 → SHORT | long=timeout(-2.75%) short=timeout(+2.55%) | scanned=22 | no_tp→fwd_return=-2.6488
  [label] 2024-09-09 00:00 DOTUSDT entry=4.1880 → LONG | long=timeout(+3.53%) short=sl(-4.98%) | scanned=22 | no_tp→fwd_return=+3.6294
  [label] 2024-12-04 08:00 DOTUSDT entry=10.9950 → SHORT | long=sl(-11.67%) short=tp(+23.04%) | scanned=16 | short_tp_only
  [sample_weight_mode=composite_inv_concurrency] cell=(E, 2025-01) weight_mean=1.0000 weight_std=0.5002 kish=0.7999
  Labels: 1063 long (49.0%), 1108 short (51.0%) | weights: min=0.98, mean=1.00, max=20.48
  Features: 2171/2171 matched, 43 columns
  CV gap: 22 rows
  [ensemble 1/5] seed=42
  [frozen_hp] Trained with baseline HP: n_est=50 depth=4 ct=0.636
  [ensemble 2/5] seed=123
  [frozen_hp] Trained with baseline HP: n_est=352 depth=4 ct=0.803
  [ensemble 3/5] seed=456
  [frozen_hp] Trained with baseline HP: n_est=279 depth=3 ct=0.635
  [ensemble 4/5] seed=789
  [frozen_hp] Trained with baseline HP: n_est=309 depth=3 ct=0.816
  [ensemble 5/5] seed=1001
  [frozen_hp] Trained with baseline HP: n_est=131 depth=4 ct=0.782
  OOD: 16 features, cutoff (q=0.7) = 13.71
  Model trained for 2025-01: 93 test candles with features, confidence_threshold=0.734
[lgbm] === Training for 2025-02 ===
  Train window: 2023-02-01 → 2025-01-24
  2171 training samples from 1 symbols
  Samples per month: 2023-02: 84, 2023-03: 93, 2023-04: 90, 2023-05: 93, 2023-06: 90, 2023-07: 93, 2023-08: 93, 2023-09: 90, 2023-10: 93, 2023-11: 90, 2023-12: 93, 2024-01: 93, 2024-02: 87, 2024-03: 93, 2024-04: 90, 2024-05: 93, 2024-06: 90, 2024-07: 93, 2024-08: 93, 2024-09: 90, 2024-10: 93, 2024-11: 90, 2024-12: 93, 2025-01: 71
  [label] 2023-04-03 16:00 DOTUSDT entry=6.4150 → SHORT | long=sl(-5.08%) short=timeout(+1.93%) | scanned=22 | no_tp→fwd_return=-2.0265
  [label] 2023-04-06 00:00 DOTUSDT entry=6.3030 → LONG | long=timeout(+1.61%) short=timeout(-1.81%) | scanned=22 | no_tp→fwd_return=+1.7135
  [label] 2023-04-09 16:00 DOTUSDT entry=6.2070 → LONG | long=tp(+7.43%) short=sl(-3.86%) | scanned=13 | long_tp_only
  [label] 2023-05-04 08:00 DOTUSDT entry=5.6610 → SHORT | long=sl(-4.29%) short=sl(-4.29%) | scanned=11 | no_tp→fwd_return=-4.8931
  [label] 2023-06-26 00:00 DOTUSDT entry=5.1820 → LONG | long=sl(-4.97%) short=sl(-4.97%) | scanned=20 | no_tp→fwd_return=+6.0208
  [label] 2023-12-09 00:00 DOTUSDT entry=7.5680 → SHORT | long=sl(-6.63%) short=tp(+12.96%) | scanned=6 | short_tp_only
  [label] 2023-12-13 00:00 DOTUSDT entry=6.7700 → LONG | long=timeout(+1.88%) short=sl(-10.39%) | scanned=22 | no_tp→fwd_return=+1.9793
  [label] 2023-12-23 16:00 DOTUSDT entry=8.3330 → LONG | long=timeout(+0.16%) short=sl(-8.52%) | scanned=22 | no_tp→fwd_return=+0.2640
  [label] 2024-02-06 16:00 DOTUSDT entry=6.8080 → LONG | long=tp(+8.57%) short=sl(-4.44%) | scanned=19 | long_tp_only
  [label] 2024-02-15 08:00 DOTUSDT entry=7.8010 → SHORT | long=sl(-4.94%) short=timeout(+2.77%) | scanned=22 | no_tp→fwd_return=-2.8714
  [label] 2024-05-15 16:00 DOTUSDT entry=6.9570 → LONG | long=tp(+9.88%) short=sl(-5.09%) | scanned=16 | long_tp_only
  [label] 2024-06-16 16:00 DOTUSDT entry=6.3930 → SHORT | long=sl(-5.02%) short=tp(+9.75%) | scanned=4 | short_tp_only
  [label] 2024-07-03 00:00 DOTUSDT entry=6.3000 → SHORT | long=sl(-5.19%) short=tp(+10.08%) | scanned=4 | short_tp_only
  [label] 2024-07-15 16:00 DOTUSDT entry=6.4830 → SHORT | long=sl(-5.15%) short=timeout(+5.93%) | scanned=22 | no_tp→fwd_return=-6.0312
  [label] 2024-08-03 00:00 DOTUSDT entry=5.1780 → SHORT | long=sl(-6.27%) short=tp(+12.23%) | scanned=5 | short_tp_only
  [label] 2024-08-09 08:00 DOTUSDT entry=4.7550 → SHORT | long=sl(-8.52%) short=timeout(+10.54%) | scanned=22 | no_tp→fwd_return=-10.6414
  [label] 2024-08-21 16:00 DOTUSDT entry=4.6610 → SHORT | long=sl(-4.89%) short=sl(-4.89%) | scanned=18 | no_tp→fwd_return=-6.1575
  [label] 2024-09-30 08:00 DOTUSDT entry=4.5130 → SHORT | long=sl(-5.12%) short=tp(+9.93%) | scanned=4 | short_tp_only
  [label] 2024-10-10 00:00 DOTUSDT entry=4.0370 → LONG | long=tp(+8.82%) short=sl(-4.56%) | scanned=14 | long_tp_only
  [label] 2025-01-04 08:00 DOTUSDT entry=7.6850 → SHORT | long=sl(-6.88%) short=tp(+13.47%) | scanned=13 | short_tp_only
  [sample_weight_mode=composite_inv_concurrency] cell=(E, 2025-02) weight_mean=1.0000 weight_std=0.5002 kish=0.7999
  Labels: 1016 long (46.8%), 1155 short (53.2%) | weights: min=0.98, mean=1.00, max=20.48
  Features: 2171/2171 matched, 43 columns
  CV gap: 22 rows
  [ensemble 1/5] seed=42
  [frozen_hp] Trained with baseline HP: n_est=113 depth=4 ct=0.817
  [ensemble 2/5] seed=123
  [frozen_hp] Trained with baseline HP: n_est=494 depth=3 ct=0.845
  [ensemble 3/5] seed=456
  [frozen_hp] Trained with baseline HP: n_est=378 depth=3 ct=0.808
  [ensemble 4/5] seed=789
  [frozen_hp] Trained with baseline HP: n_est=288 depth=4 ct=0.826
  [ensemble 5/5] seed=1001
  [frozen_hp] Trained with baseline HP: n_est=306 depth=4 ct=0.730
  OOD: 16 features, cutoff (q=0.7) = 13.71
  Model trained for 2025-02: 84 test candles with features, confidence_threshold=0.805
[lgbm] === Training for 2025-03 ===
  Train window: 2023-03-01 → 2025-02-21
  2171 training samples from 1 symbols
  Samples per month: 2023-03: 93, 2023-04: 90, 2023-05: 93, 2023-06: 90, 2023-07: 93, 2023-08: 93, 2023-09: 90, 2023-10: 93, 2023-11: 90, 2023-12: 93, 2024-01: 93, 2024-02: 87, 2024-03: 93, 2024-04: 90, 2024-05: 93, 2024-06: 90, 2024-07: 93, 2024-08: 93, 2024-09: 90, 2024-10: 93, 2024-11: 90, 2024-12: 93, 2025-01: 93, 2025-02: 62
  [label] 2023-05-01 16:00 DOTUSDT entry=5.6610 → SHORT | long=sl(-4.87%) short=timeout(+5.13%) | scanned=22 | no_tp→fwd_return=-5.2288
  [label] 2023-05-04 00:00 DOTUSDT entry=5.7410 → SHORT | long=sl(-4.26%) short=tp(+8.23%) | scanned=14 | short_tp_only
  [label] 2023-05-07 16:00 DOTUSDT entry=5.6270 → SHORT | long=sl(-3.99%) short=tp(+7.68%) | scanned=3 | short_tp_only
  [label] 2023-06-01 08:00 DOTUSDT entry=5.2260 → SHORT | long=sl(-2.98%) short=sl(-2.98%) | scanned=12 | no_tp→fwd_return=-3.9610
  [label] 2023-07-24 00:00 DOTUSDT entry=5.3290 → SHORT | long=timeout(-3.05%) short=timeout(+2.85%) | scanned=22 | no_tp→fwd_return=-2.9461
  [label] 2024-01-06 00:00 DOTUSDT entry=7.1140 → LONG | long=timeout(+8.01%) short=sl(-10.77%) | scanned=22 | no_tp→fwd_return=+8.1108
  [label] 2024-01-10 00:00 DOTUSDT entry=7.0710 → LONG | long=tp(+17.38%) short=sl(-8.84%) | scanned=3 | long_tp_only
  [label] 2024-01-20 16:00 DOTUSDT entry=6.9100 → SHORT | long=sl(-6.36%) short=tp(+12.42%) | scanned=8 | short_tp_only
  [label] 2024-03-05 16:00 DOTUSDT entry=9.3200 → LONG | long=timeout(+15.21%) short=sl(-13.21%) | scanned=22 | no_tp→fwd_return=+15.3112
  [label] 2024-03-14 08:00 DOTUSDT entry=11.1760 → SHORT | long=sl(-9.11%) short=tp(+17.92%) | scanned=14 | short_tp_only
  [label] 2024-06-12 16:00 DOTUSDT entry=6.7340 → SHORT | long=sl(-5.81%) short=tp(+11.31%) | scanned=6 | short_tp_only
  [label] 2024-07-14 16:00 DOTUSDT entry=6.3160 → LONG | long=sl(-4.98%) short=timeout(-1.86%) | scanned=22 | no_tp→fwd_return=+1.7574
  [label] 2024-07-31 00:00 DOTUSDT entry=5.5210 → SHORT | long=sl(-4.56%) short=tp(+8.82%) | scanned=5 | short_tp_only
  [label] 2024-08-12 16:00 DOTUSDT entry=4.5840 → SHORT | long=sl(-6.76%) short=timeout(+2.19%) | scanned=22 | no_tp→fwd_return=-2.2906
  [label] 2024-08-31 00:00 DOTUSDT entry=4.2870 → SHORT | long=sl(-6.12%) short=timeout(+5.75%) | scanned=22 | no_tp→fwd_return=-5.8549
  [label] 2024-09-06 08:00 DOTUSDT entry=4.0060 → LONG | long=timeout(+10.21%) short=sl(-5.79%) | scanned=22 | no_tp→fwd_return=+10.3095
  [label] 2024-09-18 16:00 DOTUSDT entry=4.1740 → LONG | long=tp(+9.87%) short=sl(-5.09%) | scanned=17 | long_tp_only
  [label] 2024-10-28 08:00 DOTUSDT entry=4.0150 → SHORT | long=sl(-4.81%) short=sl(-4.81%) | scanned=15 | no_tp→fwd_return=-3.9352
  [label] 2024-11-07 00:00 DOTUSDT entry=4.0860 → LONG | long=tp(+10.22%) short=sl(-5.26%) | scanned=8 | long_tp_only
  [label] 2025-02-01 08:00 DOTUSDT entry=6.2290 → SHORT | long=sl(-7.70%) short=tp(+15.10%) | scanned=4 | short_tp_only
  [sample_weight_mode=composite_inv_concurrency] cell=(E, 2025-03) weight_mean=1.0000 weight_std=0.5002 kish=0.7999
  Labels: 1018 long (46.9%), 1153 short (53.1%) | weights: min=0.98, mean=1.00, max=20.48
  Features: 2171/2171 matched, 43 columns
  CV gap: 22 rows
  [ensemble 1/5] seed=42
  [frozen_hp] Trained with baseline HP: n_est=163 depth=4 ct=0.742
  [ensemble 2/5] seed=123
  [frozen_hp] Trained with baseline HP: n_est=311 depth=3 ct=0.760
  [ensemble 3/5] seed=456
  [frozen_hp] Trained with baseline HP: n_est=456 depth=4 ct=0.821
  [ensemble 4/5] seed=789
  [frozen_hp] Trained with baseline HP: n_est=231 depth=4 ct=0.746
  [ensemble 5/5] seed=1001
  [frozen_hp] Trained with baseline HP: n_est=269 depth=4 ct=0.783
  OOD: 16 features, cutoff (q=0.7) = 13.60
  Model trained for 2025-03: 93 test candles with features, confidence_threshold=0.770
[predict] 2025-03-24 08:00 DOTUSDT → LONG (proba=0.85 TP=10.1%/SL=5.1%)
[trade:open] 2025-03-24 15:59 DOTUSDT LONG @ 4.72 | SL=4.48 TP=5.20 | timeout=2025-03-31 15:59
[trade:close] 2025-03-28 07:59 DOTUSDT LONG → stop_loss @ 4.48 | PnL=-5.06% (net -5.16%) | cum=-66.73% 2025-03=-5.16% 2025-03-28=-5.16%
[lgbm] === Training for 2025-04 ===
  Train window: 2023-04-01 → 2025-03-24
  2171 training samples from 1 symbols
  Samples per month: 2023-04: 90, 2023-05: 93, 2023-06: 90, 2023-07: 93, 2023-08: 93, 2023-09: 90, 2023-10: 93, 2023-11: 90, 2023-12: 93, 2024-01: 93, 2024-02: 87, 2024-03: 93, 2024-04: 90, 2024-05: 93, 2024-06: 90, 2024-07: 93, 2024-08: 93, 2024-09: 90, 2024-10: 93, 2024-11: 90, 2024-12: 93, 2025-01: 93, 2025-02: 84, 2025-03: 71
  [label] 2023-06-01 16:00 DOTUSDT entry=5.2030 → SHORT | long=sl(-2.97%) short=sl(-2.97%) | scanned=11 | no_tp→fwd_return=-3.5364
  [label] 2023-06-04 00:00 DOTUSDT entry=5.3530 → SHORT | long=sl(-2.86%) short=tp(+5.41%) | scanned=4 | short_tp_only
  [label] 2023-06-07 16:00 DOTUSDT entry=5.0210 → SHORT | long=sl(-4.16%) short=tp(+8.02%) | scanned=7 | short_tp_only
  [label] 2023-07-02 08:00 DOTUSDT entry=5.3400 → SHORT | long=sl(-5.89%) short=timeout(+4.64%) | scanned=22 | no_tp→fwd_return=-4.7378
  [label] 2023-08-24 00:00 DOTUSDT entry=4.4930 → SHORT | long=timeout(-0.26%) short=sl(-3.91%) | scanned=22 | no_tp→fwd_return=-0.1558
  [label] 2024-02-06 00:00 DOTUSDT entry=6.7430 → LONG | long=tp(+8.96%) short=sl(-4.63%) | scanned=20 | long_tp_only
  [label] 2024-02-10 00:00 DOTUSDT entry=7.1760 → LONG | long=tp(+8.01%) short=sl(-4.16%) | scanned=16 | long_tp_only
  [label] 2024-02-20 16:00 DOTUSDT entry=7.7350 → LONG | long=timeout(+8.19%) short=sl(-6.67%) | scanned=22 | no_tp→fwd_return=+8.2870
  [label] 2024-04-05 16:00 DOTUSDT entry=8.3860 → SHORT | long=sl(-6.37%) short=sl(-6.37%) | scanned=21 | no_tp→fwd_return=-13.7372
  [label] 2024-04-14 08:00 DOTUSDT entry=6.5580 → LONG | long=timeout(+8.36%) short=timeout(-8.56%) | scanned=22 | no_tp→fwd_return=+8.4629
  [label] 2024-07-13 16:00 DOTUSDT entry=6.2310 → LONG | long=timeout(+1.47%) short=timeout(-1.67%) | scanned=22 | no_tp→fwd_return=+1.5728
  [label] 2024-08-14 16:00 DOTUSDT entry=4.3800 → LONG | long=timeout(+6.32%) short=sl(-6.09%) | scanned=22 | no_tp→fwd_return=+6.4155
  [label] 2024-08-31 00:00 DOTUSDT entry=4.2870 → SHORT | long=sl(-6.12%) short=timeout(+5.75%) | scanned=22 | no_tp→fwd_return=-5.8549
  [label] 2024-09-12 16:00 DOTUSDT entry=4.2930 → SHORT | long=sl(-4.16%) short=sl(-4.16%) | scanned=16 | no_tp→fwd_return=-3.8668
  [label] 2024-10-01 00:00 DOTUSDT entry=4.5340 → SHORT | long=sl(-5.35%) short=tp(+10.40%) | scanned=2 | short_tp_only
  [label] 2024-10-07 08:00 DOTUSDT entry=4.1990 → LONG | long=sl(-4.56%) short=timeout(-3.51%) | scanned=22 | no_tp→fwd_return=+3.4056
  [label] 2024-10-19 16:00 DOTUSDT entry=4.4290 → SHORT | long=sl(-3.95%) short=sl(-3.95%) | scanned=10 | no_tp→fwd_return=-4.1544
  [label] 2024-11-28 08:00 DOTUSDT entry=8.0340 → LONG | long=tp(+24.41%) short=sl(-12.35%) | scanned=13 | long_tp_only
  [label] 2024-12-08 00:00 DOTUSDT entry=10.4770 → SHORT | long=sl(-10.66%) short=tp(+21.03%) | scanned=5 | short_tp_only
  [label] 2025-03-04 08:00 DOTUSDT entry=4.2180 → SHORT | long=sl(-11.82%) short=timeout(+5.71%) | scanned=22 | no_tp→fwd_return=-5.8084
  [sample_weight_mode=composite_inv_concurrency] cell=(E, 2025-04) weight_mean=1.0000 weight_std=0.5002 kish=0.7999
  Labels: 1012 long (46.6%), 1159 short (53.4%) | weights: min=0.98, mean=1.00, max=20.48
  Features: 2171/2171 matched, 43 columns
  CV gap: 22 rows
  [ensemble 1/5] seed=42
  [frozen_hp] Trained with baseline HP: n_est=343 depth=3 ct=0.850
  [ensemble 2/5] seed=123
  [frozen_hp] Trained with baseline HP: n_est=292 depth=5 ct=0.800
  [ensemble 3/5] seed=456
  [frozen_hp] Trained with baseline HP: n_est=68 depth=3 ct=0.811
  [ensemble 4/5] seed=789
  [frozen_hp] Trained with baseline HP: n_est=60 depth=4 ct=0.803
  [ensemble 5/5] seed=1001
  [frozen_hp] Trained with baseline HP: n_est=127 depth=3 ct=0.593
  OOD: 16 features, cutoff (q=0.7) = 13.57
  Model trained for 2025-04: 90 test candles with features, confidence_threshold=0.771
[lgbm] === Training for 2025-05 ===
  Train window: 2023-05-01 → 2025-04-23
  2171 training samples from 1 symbols
  Samples per month: 2023-05: 93, 2023-06: 90, 2023-07: 93, 2023-08: 93, 2023-09: 90, 2023-10: 93, 2023-11: 90, 2023-12: 93, 2024-01: 93, 2024-02: 87, 2024-03: 93, 2024-04: 90, 2024-05: 93, 2024-06: 90, 2024-07: 93, 2024-08: 93, 2024-09: 90, 2024-10: 93, 2024-11: 90, 2024-12: 93, 2025-01: 93, 2025-02: 84, 2025-03: 93, 2025-04: 68
  [label] 2023-07-01 16:00 DOTUSDT entry=5.3480 → SHORT | long=sl(-6.05%) short=timeout(+4.07%) | scanned=22 | no_tp→fwd_return=-4.1698
  [label] 2023-07-04 00:00 DOTUSDT entry=5.4370 → SHORT | long=sl(-5.35%) short=timeout(+5.29%) | scanned=22 | no_tp→fwd_return=-5.3890
  [label] 2023-07-07 16:00 DOTUSDT entry=5.1140 → LONG | long=tp(+10.36%) short=sl(-5.33%) | scanned=19 | long_tp_only
  [label] 2023-08-01 08:00 DOTUSDT entry=5.0960 → SHORT | long=sl(-3.63%) short=timeout(+1.27%) | scanned=22 | no_tp→fwd_return=-1.3736
  [label] 2023-09-23 00:00 DOTUSDT entry=4.0120 → LONG | long=timeout(+1.45%) short=timeout(-1.65%) | scanned=22 | no_tp→fwd_return=+1.5454
  [label] 2024-03-07 00:00 DOTUSDT entry=10.4190 → LONG | long=timeout(+8.80%) short=timeout(-9.00%) | scanned=22 | no_tp→fwd_return=+8.8972
  [label] 2024-03-11 00:00 DOTUSDT entry=10.5460 → SHORT | long=sl(-9.02%) short=sl(-9.02%) | scanned=17 | no_tp→fwd_return=-8.1263
  [label] 2024-03-21 16:00 DOTUSDT entry=9.1850 → LONG | long=timeout(+3.69%) short=timeout(-3.89%) | scanned=22 | no_tp→fwd_return=+3.7888
  [label] 2024-05-05 16:00 DOTUSDT entry=7.2980 → SHORT | long=sl(-5.72%) short=timeout(+9.29%) | scanned=22 | no_tp→fwd_return=-9.3861
  [label] 2024-05-14 08:00 DOTUSDT entry=6.6450 → LONG | long=tp(+9.52%) short=sl(-4.91%) | scanned=8 | long_tp_only
  [label] 2024-08-12 16:00 DOTUSDT entry=4.5840 → SHORT | long=sl(-6.76%) short=timeout(+2.19%) | scanned=22 | no_tp→fwd_return=-2.2906
  [label] 2024-09-13 16:00 DOTUSDT entry=4.4180 → SHORT | long=sl(-3.94%) short=tp(+7.58%) | scanned=14 | short_tp_only
  [label] 2024-09-30 00:00 DOTUSDT entry=4.7100 → SHORT | long=sl(-4.64%) short=tp(+8.97%) | scanned=4 | short_tp_only
  [label] 2024-10-12 16:00 DOTUSDT entry=4.2040 → LONG | long=tp(+6.99%) short=sl(-3.64%) | scanned=8 | long_tp_only
  [label] 2024-10-31 00:00 DOTUSDT entry=4.1540 → SHORT | long=sl(-4.28%) short=tp(+8.25%) | scanned=9 | short_tp_only
  [label] 2024-11-06 08:00 DOTUSDT entry=4.0470 → LONG | long=tp(+10.25%) short=sl(-5.28%) | scanned=10 | long_tp_only
  [label] 2024-11-18 16:00 DOTUSDT entry=6.0090 → LONG | long=tp(+20.54%) short=sl(-10.42%) | scanned=13 | long_tp_only
  [label] 2024-12-28 08:00 DOTUSDT entry=6.9430 → LONG | long=timeout(+10.59%) short=sl(-8.55%) | scanned=22 | no_tp→fwd_return=+10.6870
  [label] 2025-01-07 00:00 DOTUSDT entry=7.7680 → SHORT | long=sl(-6.02%) short=tp(+11.74%) | scanned=3 | short_tp_only
  [label] 2025-04-03 08:00 DOTUSDT entry=3.9550 → SHORT | long=sl(-7.26%) short=tp(+14.23%) | scanned=11 | short_tp_only
  [sample_weight_mode=composite_inv_concurrency] cell=(E, 2025-05) weight_mean=1.0000 weight_std=0.5002 kish=0.7999
  Labels: 1029 long (47.4%), 1142 short (52.6%) | weights: min=0.98, mean=1.00, max=20.48
  Features: 2171/2171 matched, 43 columns
  CV gap: 22 rows
  [ensemble 1/5] seed=42
  [frozen_hp] Trained with baseline HP: n_est=201 depth=3 ct=0.774
  [ensemble 2/5] seed=123
  [frozen_hp] Trained with baseline HP: n_est=451 depth=4 ct=0.820
  [ensemble 3/5] seed=456
  [frozen_hp] Trained with baseline HP: n_est=302 depth=4 ct=0.624
  [ensemble 4/5] seed=789
  [frozen_hp] Trained with baseline HP: n_est=432 depth=3 ct=0.715
  [ensemble 5/5] seed=1001
  [frozen_hp] Trained with baseline HP: n_est=451 depth=4 ct=0.824
  OOD: 16 features, cutoff (q=0.7) = 13.57
  Model trained for 2025-05: 93 test candles with features, confidence_threshold=0.751
[lgbm] === Training for 2025-06 ===
  Train window: 2023-06-01 → 2025-05-24
  2171 training samples from 1 symbols
  Samples per month: 2023-06: 90, 2023-07: 93, 2023-08: 93, 2023-09: 90, 2023-10: 93, 2023-11: 90, 2023-12: 93, 2024-01: 93, 2024-02: 87, 2024-03: 93, 2024-04: 90, 2024-05: 93, 2024-06: 90, 2024-07: 93, 2024-08: 93, 2024-09: 90, 2024-10: 93, 2024-11: 90, 2024-12: 93, 2025-01: 93, 2025-02: 84, 2025-03: 93, 2025-04: 90, 2025-05: 71
  [label] 2023-08-01 16:00 DOTUSDT entry=5.2040 → SHORT | long=sl(-3.62%) short=tp(+6.93%) | scanned=18 | short_tp_only
  [label] 2023-08-04 00:00 DOTUSDT entry=4.9860 → LONG | long=sl(-3.53%) short=timeout(-0.36%) | scanned=22 | no_tp→fwd_return=+0.2607
  [label] 2023-08-07 16:00 DOTUSDT entry=4.9670 → LONG | long=timeout(+0.28%) short=timeout(-0.48%) | scanned=22 | no_tp→fwd_return=+0.3825
  [label] 2023-09-01 08:00 DOTUSDT entry=4.2160 → LONG | long=timeout(+0.02%) short=timeout(-0.22%) | scanned=22 | no_tp→fwd_return=+0.1186
  [label] 2023-10-24 00:00 DOTUSDT entry=4.2530 → LONG | long=sl(-5.50%) short=sl(-5.50%) | scanned=20 | no_tp→fwd_return=+6.3014
  [label] 2024-04-07 00:00 DOTUSDT entry=8.6180 → SHORT | long=sl(-5.40%) short=sl(-5.40%) | scanned=10 | no_tp→fwd_return=-3.5043
  [label] 2024-04-11 00:00 DOTUSDT entry=8.4710 → SHORT | long=sl(-5.86%) short=tp(+11.42%) | scanned=5 | short_tp_only
  [label] 2024-04-21 16:00 DOTUSDT entry=7.1340 → SHORT | long=sl(-7.84%) short=timeout(+5.66%) | scanned=22 | no_tp→fwd_return=-5.7611
  [label] 2024-06-05 16:00 DOTUSDT entry=7.2570 → SHORT | long=sl(-3.82%) short=tp(+7.35%) | scanned=6 | short_tp_only
  [label] 2024-06-14 08:00 DOTUSDT entry=6.2160 → SHORT | long=sl(-6.32%) short=tp(+12.33%) | scanned=11 | short_tp_only
  [label] 2024-09-12 16:00 DOTUSDT entry=4.2930 → SHORT | long=sl(-4.16%) short=sl(-4.16%) | scanned=16 | no_tp→fwd_return=-3.8668
  [label] 2024-10-14 16:00 DOTUSDT entry=4.3770 → LONG | long=sl(-3.77%) short=sl(-3.77%) | scanned=17 | no_tp→fwd_return=+3.8839
  [label] 2024-10-31 00:00 DOTUSDT entry=4.1540 → SHORT | long=sl(-4.28%) short=tp(+8.25%) | scanned=9 | short_tp_only
  [label] 2024-11-12 16:00 DOTUSDT entry=5.3120 → LONG | long=sl(-10.68%) short=sl(-10.68%) | scanned=13 | no_tp→fwd_return=+6.7771
  [label] 2024-12-01 00:00 DOTUSDT entry=8.8100 → LONG | long=tp(+20.35%) short=sl(-10.33%) | scanned=10 | long_tp_only
  [label] 2024-12-07 08:00 DOTUSDT entry=10.7710 → SHORT | long=sl(-11.01%) short=tp(+21.71%) | scanned=7 | short_tp_only
  [label] 2024-12-19 16:00 DOTUSDT entry=6.9370 → SHORT | long=timeout(-0.20%) short=timeout(+0.00%) | scanned=22 | no_tp→fwd_return=-0.1009
  [label] 2025-01-28 08:00 DOTUSDT entry=5.8960 → SHORT | long=sl(-8.08%) short=sl(-8.08%) | scanned=16 | no_tp→fwd_return=-12.6526
  [label] 2025-02-07 00:00 DOTUSDT entry=4.5820 → LONG | long=timeout(+12.78%) short=sl(-11.94%) | scanned=22 | no_tp→fwd_return=+12.8765
  [label] 2025-05-04 08:00 DOTUSDT entry=3.9610 → LONG | long=tp(+9.19%) short=sl(-4.74%) | scanned=12 | long_tp_only
  [sample_weight_mode=composite_inv_concurrency] cell=(E, 2025-06) weight_mean=1.0000 weight_std=0.5002 kish=0.7999
  Labels: 1036 long (47.7%), 1135 short (52.3%) | weights: min=0.98, mean=1.00, max=20.48
  Features: 2171/2171 matched, 43 columns
  CV gap: 22 rows
  [ensemble 1/5] seed=42
  [frozen_hp] Trained with baseline HP: n_est=145 depth=3 ct=0.839
  [ensemble 2/5] seed=123
  [frozen_hp] Trained with baseline HP: n_est=96 depth=3 ct=0.754
  [ensemble 3/5] seed=456
  [frozen_hp] Trained with baseline HP: n_est=57 depth=4 ct=0.783
  [ensemble 4/5] seed=789
  [frozen_hp] Trained with baseline HP: n_est=135 depth=5 ct=0.794
  [ensemble 5/5] seed=1001
  [frozen_hp] Trained with baseline HP: n_est=360 depth=3 ct=0.834
  OOD: 16 features, cutoff (q=0.7) = 13.68
  Model trained for 2025-06: 90 test candles with features, confidence_threshold=0.801
[lgbm] === Training for 2025-07 ===
  Train window: 2023-07-01 → 2025-06-23
  2171 training samples from 1 symbols
  Samples per month: 2023-07: 93, 2023-08: 93, 2023-09: 90, 2023-10: 93, 2023-11: 90, 2023-12: 93, 2024-01: 93, 2024-02: 87, 2024-03: 93, 2024-04: 90, 2024-05: 93, 2024-06: 90, 2024-07: 93, 2024-08: 93, 2024-09: 90, 2024-10: 93, 2024-11: 90, 2024-12: 93, 2025-01: 93, 2025-02: 84, 2025-03: 93, 2025-04: 90, 2025-05: 93, 2025-06: 68
  [label] 2023-08-31 16:00 DOTUSDT entry=4.2680 → LONG | long=timeout(+0.42%) short=timeout(-0.62%) | scanned=22 | no_tp→fwd_return=+0.5155
  [label] 2023-09-03 00:00 DOTUSDT entry=4.2910 → SHORT | long=sl(-3.59%) short=timeout(+2.56%) | scanned=22 | no_tp→fwd_return=-2.6567
  [label] 2023-09-06 16:00 DOTUSDT entry=4.2690 → SHORT | long=sl(-3.30%) short=tp(+6.29%) | scanned=14 | short_tp_only
  [label] 2023-10-01 08:00 DOTUSDT entry=4.1880 → SHORT | long=sl(-2.40%) short=sl(-2.40%) | scanned=4 | no_tp→fwd_return=-1.6953
  [label] 2023-11-23 00:00 DOTUSDT entry=5.1730 → SHORT | long=timeout(-0.12%) short=timeout(-0.08%) | scanned=22 | no_tp→fwd_return=-0.0193
  [label] 2024-05-07 00:00 DOTUSDT entry=7.1650 → SHORT | long=sl(-5.72%) short=timeout(+7.70%) | scanned=22 | no_tp→fwd_return=-7.8018
  [label] 2024-05-11 00:00 DOTUSDT entry=6.7610 → LONG | long=timeout(+6.29%) short=sl(-5.50%) | scanned=22 | no_tp→fwd_return=+6.3896
  [label] 2024-05-21 16:00 DOTUSDT entry=7.6130 → SHORT | long=sl(-4.58%) short=tp(+8.85%) | scanned=6 | short_tp_only
  [label] 2024-07-05 16:00 DOTUSDT entry=5.6830 → LONG | long=timeout(+7.24%) short=sl(-9.32%) | scanned=22 | no_tp→fwd_return=+7.3377
  [label] 2024-07-14 08:00 DOTUSDT entry=6.2870 → SHORT | long=sl(-5.09%) short=timeout(-0.05%) | scanned=22 | no_tp→fwd_return=-0.0477
  [label] 2024-10-12 16:00 DOTUSDT entry=4.2040 → LONG | long=tp(+6.99%) short=sl(-3.64%) | scanned=8 | long_tp_only
  [label] 2024-11-13 16:00 DOTUSDT entry=5.0780 → LONG | long=timeout(+12.64%) short=sl(-12.35%) | scanned=22 | no_tp→fwd_return=+12.7412
  [label] 2024-11-30 00:00 DOTUSDT entry=8.8770 → LONG | long=tp(+21.17%) short=sl(-10.74%) | scanned=13 | long_tp_only
  [label] 2024-12-12 16:00 DOTUSDT entry=9.0600 → SHORT | long=sl(-12.81%) short=timeout(+23.33%) | scanned=22 | no_tp→fwd_return=-23.4327
  [label] 2024-12-31 00:00 DOTUSDT entry=6.6050 → LONG | long=tp(+15.69%) short=sl(-8.00%) | scanned=10 | long_tp_only
  [label] 2025-01-06 08:00 DOTUSDT entry=7.8790 → SHORT | long=sl(-5.99%) short=tp(+11.68%) | scanned=5 | short_tp_only
  [label] 2025-01-18 16:00 DOTUSDT entry=7.0390 → SHORT | long=sl(-7.42%) short=timeout(+10.10%) | scanned=22 | no_tp→fwd_return=-10.2003
  [label] 2025-02-27 08:00 DOTUSDT entry=5.0830 → SHORT | long=sl(-8.39%) short=tp(+16.48%) | scanned=14 | short_tp_only
  [label] 2025-03-09 00:00 DOTUSDT entry=4.3160 → SHORT | long=sl(-8.37%) short=timeout(-0.03%) | scanned=22 | no_tp→fwd_return=-0.0695
  [label] 2025-06-03 08:00 DOTUSDT entry=4.1820 → SHORT | long=sl(-5.29%) short=tp(+10.28%) | scanned=7 | short_tp_only
  [sample_weight_mode=composite_inv_concurrency] cell=(E, 2025-07) weight_mean=1.0000 weight_std=0.5002 kish=0.7999
  Labels: 996 long (45.9%), 1175 short (54.1%) | weights: min=0.98, mean=1.00, max=20.48
  Features: 2171/2171 matched, 43 columns
  CV gap: 22 rows
  [ensemble 1/5] seed=42
  [frozen_hp] Trained with baseline HP: n_est=118 depth=5 ct=0.825
  [ensemble 2/5] seed=123
  [frozen_hp] Trained with baseline HP: n_est=433 depth=4 ct=0.845
  [ensemble 3/5] seed=456
  [frozen_hp] Trained with baseline HP: n_est=195 depth=3 ct=0.824
  [ensemble 4/5] seed=789
  [frozen_hp] Trained with baseline HP: n_est=496 depth=4 ct=0.846
  [ensemble 5/5] seed=1001
  [frozen_hp] Trained with baseline HP: n_est=442 depth=3 ct=0.830
  OOD: 16 features, cutoff (q=0.7) = 13.96
  Model trained for 2025-07: 93 test candles with features, confidence_threshold=0.834
[predict] 2025-07-14 08:00 DOTUSDT → SHORT (proba=0.83 TP=13.5%/SL=6.7%)
[trade:open] 2025-07-14 15:59 DOTUSDT SHORT @ 4.00 | SL=4.27 TP=3.46 | timeout=2025-07-21 15:59
[trade:close] 2025-07-17 15:59 DOTUSDT SHORT → stop_loss @ 4.27 | PnL=-6.74% (net -6.84%) | cum=-73.57% 2025-07=-6.84% 2025-07-17=-6.84%
[lgbm] === Training for 2025-08 ===
  Train window: 2023-08-01 → 2025-07-24
  2171 training samples from 1 symbols
  Samples per month: 2023-08: 93, 2023-09: 90, 2023-10: 93, 2023-11: 90, 2023-12: 93, 2024-01: 93, 2024-02: 87, 2024-03: 93, 2024-04: 90, 2024-05: 93, 2024-06: 90, 2024-07: 93, 2024-08: 93, 2024-09: 90, 2024-10: 93, 2024-11: 90, 2024-12: 93, 2025-01: 93, 2025-02: 84, 2025-03: 93, 2025-04: 90, 2025-05: 93, 2025-06: 90, 2025-07: 71
  [label] 2023-10-01 16:00 DOTUSDT entry=4.2610 → SHORT | long=sl(-2.66%) short=tp(+5.01%) | scanned=3 | short_tp_only
  [label] 2023-10-04 00:00 DOTUSDT entry=4.0450 → SHORT | long=sl(-3.53%) short=tp(+6.76%) | scanned=16 | short_tp_only
  [label] 2023-10-07 16:00 DOTUSDT entry=4.0480 → SHORT | long=sl(-2.71%) short=tp(+5.12%) | scanned=5 | short_tp_only
  [label] 2023-11-01 08:00 DOTUSDT entry=4.3610 → LONG | long=tp(+11.57%) short=sl(-5.93%) | scanned=12 | long_tp_only
  [label] 2023-12-24 00:00 DOTUSDT entry=8.5940 → SHORT | long=timeout(-0.36%) short=sl(-8.71%) | scanned=22 | no_tp→fwd_return=-0.2560
  [label] 2024-06-07 00:00 DOTUSDT entry=7.1600 → SHORT | long=sl(-3.83%) short=tp(+7.36%) | scanned=2 | short_tp_only
  [label] 2024-06-11 00:00 DOTUSDT entry=6.3620 → SHORT | long=sl(-5.45%) short=sl(-5.45%) | scanned=11 | no_tp→fwd_return=-3.1751
  [label] 2024-06-21 16:00 DOTUSDT entry=5.6080 → LONG | long=tp(+12.97%) short=sl(-6.64%) | scanned=17 | long_tp_only
  [label] 2024-08-05 16:00 DOTUSDT entry=4.1950 → LONG | long=timeout(+9.17%) short=sl(-12.59%) | scanned=22 | no_tp→fwd_return=+9.2729
  [label] 2024-08-14 08:00 DOTUSDT entry=4.4390 → LONG | long=timeout(+2.36%) short=timeout(-2.56%) | scanned=22 | no_tp→fwd_return=+2.4555
  [label] 2024-11-12 16:00 DOTUSDT entry=5.3120 → LONG | long=sl(-10.68%) short=sl(-10.68%) | scanned=13 | no_tp→fwd_return=+6.7771
  [label] 2024-12-14 16:00 DOTUSDT entry=8.5500 → SHORT | long=sl(-11.13%) short=tp(+21.96%) | scanned=17 | short_tp_only
  [label] 2024-12-31 00:00 DOTUSDT entry=6.6050 → LONG | long=tp(+15.69%) short=sl(-8.00%) | scanned=10 | long_tp_only
  [label] 2025-01-12 16:00 DOTUSDT entry=6.6290 → LONG | long=sl(-7.01%) short=sl(-7.01%) | scanned=9 | no_tp→fwd_return=+8.0253
  [label] 2025-01-31 00:00 DOTUSDT entry=6.2110 → SHORT | long=sl(-7.68%) short=tp(+15.07%) | scanned=8 | short_tp_only
  [label] 2025-02-06 08:00 DOTUSDT entry=4.5290 → LONG | long=timeout(+13.83%) short=sl(-13.35%) | scanned=22 | no_tp→fwd_return=+13.9324
  [label] 2025-02-18 16:00 DOTUSDT entry=4.7660 → SHORT | long=sl(-7.32%) short=sl(-7.32%) | scanned=18 | no_tp→fwd_return=-7.4276
  [label] 2025-03-30 08:00 DOTUSDT entry=4.0600 → SHORT | long=timeout(-4.29%) short=timeout(+4.09%) | scanned=22 | no_tp→fwd_return=-4.1872
  [label] 2025-04-09 00:00 DOTUSDT entry=3.4770 → LONG | long=timeout(+1.02%) short=sl(-9.66%) | scanned=22 | no_tp→fwd_return=+1.1217
  [label] 2025-07-04 08:00 DOTUSDT entry=3.3500 → LONG | long=tp(+11.64%) short=sl(-5.97%) | scanned=19 | long_tp_only
  [sample_weight_mode=composite_inv_concurrency] cell=(E, 2025-08) weight_mean=1.0000 weight_std=0.5002 kish=0.7999
  Labels: 1021 long (47.0%), 1150 short (53.0%) | weights: min=0.98, mean=1.00, max=20.48
  Features: 2171/2171 matched, 43 columns
  CV gap: 22 rows
  [ensemble 1/5] seed=42
  [frozen_hp] Trained with baseline HP: n_est=465 depth=4 ct=0.821
  [ensemble 2/5] seed=123
  [frozen_hp] Trained with baseline HP: n_est=185 depth=3 ct=0.822
  [ensemble 3/5] seed=456
  [frozen_hp] Trained with baseline HP: n_est=313 depth=4 ct=0.750
  [ensemble 4/5] seed=789
  [frozen_hp] Trained with baseline HP: n_est=187 depth=4 ct=0.673
  [ensemble 5/5] seed=1001
  [frozen_hp] Trained with baseline HP: n_est=372 depth=5 ct=0.792
  OOD: 16 features, cutoff (q=0.7) = 14.04
  Model trained for 2025-08: 93 test candles with features, confidence_threshold=0.772
[predict] 2025-08-02 16:00 DOTUSDT → LONG (proba=0.85 TP=15.1%/SL=7.5%)
[trade:open] 2025-08-02 23:59 DOTUSDT LONG @ 3.51 | SL=3.24 TP=4.03 | timeout=2025-08-09 23:59
[trade:close] 2025-08-09 07:59 DOTUSDT LONG → take_profit @ 4.03 | PnL=+15.07% (net +14.97%) | cum=-58.60% 2025-08=+14.97% 2025-08-09=+14.97%
[predict] 2025-08-11 00:00 DOTUSDT → SHORT (proba=0.79 TP=10.1%/SL=5.0%)
[trade:open] 2025-08-11 07:59 DOTUSDT SHORT @ 4.04 | SL=4.25 TP=3.64 | timeout=2025-08-18 07:59
[trade:close] 2025-08-13 15:59 DOTUSDT SHORT → stop_loss @ 4.25 | PnL=-5.05% (net -5.15%) | cum=-63.75% 2025-08=+9.82% 2025-08-13=-5.15%
[lgbm] === Training for 2025-09 ===
  Train window: 2023-09-01 → 2025-08-24
  2171 training samples from 1 symbols
  Samples per month: 2023-09: 90, 2023-10: 93, 2023-11: 90, 2023-12: 93, 2024-01: 93, 2024-02: 87, 2024-03: 93, 2024-04: 90, 2024-05: 93, 2024-06: 90, 2024-07: 93, 2024-08: 93, 2024-09: 90, 2024-10: 93, 2024-11: 90, 2024-12: 93, 2025-01: 93, 2025-02: 84, 2025-03: 93, 2025-04: 90, 2025-05: 93, 2025-06: 90, 2025-07: 93, 2025-08: 71
  [label] 2023-11-01 16:00 DOTUSDT entry=4.7320 → LONG | long=timeout(+6.26%) short=sl(-6.51%) | scanned=22 | no_tp→fwd_return=+6.3609
  [label] 2023-11-04 00:00 DOTUSDT entry=4.6490 → LONG | long=tp(+12.06%) short=sl(-6.18%) | scanned=16 | long_tp_only
  [label] 2023-11-07 16:00 DOTUSDT entry=4.9290 → LONG | long=sl(-6.59%) short=sl(-6.59%) | scanned=6 | no_tp→fwd_return=+3.3272
  [label] 2023-12-02 08:00 DOTUSDT entry=5.4850 → LONG | long=tp(+8.26%) short=sl(-4.28%) | scanned=10 | long_tp_only
  [label] 2024-01-24 00:00 DOTUSDT entry=6.3750 → LONG | long=tp(+12.67%) short=sl(-6.49%) | scanned=17 | long_tp_only
  [label] 2024-07-08 00:00 DOTUSDT entry=5.9330 → LONG | long=timeout(+9.42%) short=sl(-8.63%) | scanned=22 | no_tp→fwd_return=+9.5230
  [label] 2024-07-12 00:00 DOTUSDT entry=5.8620 → LONG | long=timeout(+3.74%) short=sl(-6.43%) | scanned=22 | no_tp→fwd_return=+3.8383
  [label] 2024-07-22 16:00 DOTUSDT entry=6.0920 → SHORT | long=sl(-5.30%) short=timeout(+7.20%) | scanned=22 | no_tp→fwd_return=-7.3047
  [label] 2024-09-05 16:00 DOTUSDT entry=4.0190 → LONG | long=timeout(+6.72%) short=sl(-5.62%) | scanned=22 | no_tp→fwd_return=+6.8176
  [label] 2024-09-14 08:00 DOTUSDT entry=4.3990 → SHORT | long=sl(-3.73%) short=tp(+7.16%) | scanned=12 | short_tp_only
  [label] 2024-12-13 16:00 DOTUSDT entry=9.0880 → SHORT | long=sl(-11.50%) short=tp(+22.69%) | scanned=18 | short_tp_only
  [label] 2025-01-14 16:00 DOTUSDT entry=6.6650 → SHORT | long=sl(-7.26%) short=sl(-7.26%) | scanned=15 | no_tp→fwd_return=-6.3466
  [label] 2025-01-31 00:00 DOTUSDT entry=6.2110 → SHORT | long=sl(-7.68%) short=tp(+15.07%) | scanned=8 | short_tp_only
  [label] 2025-02-12 16:00 DOTUSDT entry=5.2250 → SHORT | long=sl(-9.11%) short=timeout(+6.48%) | scanned=22 | no_tp→fwd_return=-6.5837
  [label] 2025-03-03 00:00 DOTUSDT entry=4.9640 → SHORT | long=sl(-9.24%) short=tp(+18.19%) | scanned=5 | short_tp_only
  [label] 2025-03-09 08:00 DOTUSDT entry=4.1590 → LONG | long=sl(-8.62%) short=timeout(-1.88%) | scanned=22 | no_tp→fwd_return=+1.7793
  [label] 2025-03-21 16:00 DOTUSDT entry=4.4970 → SHORT | long=sl(-5.71%) short=sl(-5.71%) | scanned=20 | no_tp→fwd_return=-4.7365
  [label] 2025-04-30 08:00 DOTUSDT entry=4.0720 → SHORT | long=sl(-5.96%) short=timeout(+3.66%) | scanned=22 | no_tp→fwd_return=-3.7574
  [label] 2025-05-10 00:00 DOTUSDT entry=5.0610 → SHORT | long=sl(-5.74%) short=sl(-5.74%) | scanned=15 | no_tp→fwd_return=-5.9474
  [label] 2025-08-04 08:00 DOTUSDT entry=3.6900 → LONG | long=tp(+11.65%) short=sl(-5.97%) | scanned=15 | long_tp_only
  [sample_weight_mode=composite_inv_concurrency] cell=(E, 2025-09) weight_mean=1.0000 weight_std=0.5002 kish=0.7999
  Labels: 1034 long (47.6%), 1137 short (52.4%) | weights: min=0.98, mean=1.00, max=20.48
  Features: 2171/2171 matched, 43 columns
  CV gap: 22 rows
  [ensemble 1/5] seed=42
  [frozen_hp] Trained with baseline HP: n_est=101 depth=4 ct=0.849
  [ensemble 2/5] seed=123
  [frozen_hp] Trained with baseline HP: n_est=450 depth=5 ct=0.825
  [ensemble 3/5] seed=456
  [frozen_hp] Trained with baseline HP: n_est=391 depth=4 ct=0.850
  [ensemble 4/5] seed=789
  [frozen_hp] Trained with baseline HP: n_est=494 depth=3 ct=0.590
  [ensemble 5/5] seed=1001
  [frozen_hp] Trained with baseline HP: n_est=500 depth=5 ct=0.831
  OOD: 16 features, cutoff (q=0.7) = 13.62
  Model trained for 2025-09: 90 test candles with features, confidence_threshold=0.789
[predict] 2025-09-02 00:00 DOTUSDT → LONG (proba=0.84 TP=11.2%/SL=5.6%)
[trade:open] 2025-09-02 07:59 DOTUSDT LONG @ 3.75 | SL=3.54 TP=4.18 | timeout=2025-09-09 07:59
[trade:close] 2025-09-09 08:00 DOTUSDT LONG → timeout @ 4.13 | PnL=+9.91% (net +9.81%) | cum=-53.94% 2025-09=+9.81% 2025-09-09=+9.81%
[predict] 2025-09-10 00:00 DOTUSDT → SHORT (proba=0.85 TP=8.7%/SL=4.4%)
[trade:open] 2025-09-10 07:59 DOTUSDT SHORT @ 4.11 | SL=4.29 TP=3.76 | timeout=2025-09-17 07:59
[trade:close] 2025-09-12 23:59 DOTUSDT SHORT → stop_loss @ 4.29 | PnL=-4.36% (net -4.46%) | cum=-58.40% 2025-09=+5.35% 2025-09-12=-4.46%
[predict] 2025-09-14 00:00 DOTUSDT → SHORT (proba=0.88 TP=9.5%/SL=4.7%)
[trade:open] 2025-09-14 07:59 DOTUSDT SHORT @ 4.42 | SL=4.63 TP=4.00 | timeout=2025-09-21 07:59
[trade:close] 2025-09-19 07:59 DOTUSDT SHORT → stop_loss @ 4.63 | PnL=-4.74% (net -4.84%) | cum=-63.24% 2025-09=+0.51% 2025-09-19=-4.84%
[predict] 2025-09-24 08:00 DOTUSDT → SHORT (proba=0.86 TP=11.5%/SL=5.8%)
[trade:open] 2025-09-24 15:59 DOTUSDT SHORT @ 4.06 | SL=4.30 TP=3.59 | timeout=2025-10-01 15:59
[lgbm] === Training for 2025-10 ===
  Train window: 2023-10-01 → 2025-09-23
  2171 training samples from 1 symbols
  Samples per month: 2023-10: 93, 2023-11: 90, 2023-12: 93, 2024-01: 93, 2024-02: 87, 2024-03: 93, 2024-04: 90, 2024-05: 93, 2024-06: 90, 2024-07: 93, 2024-08: 93, 2024-09: 90, 2024-10: 93, 2024-11: 90, 2024-12: 93, 2025-01: 93, 2025-02: 84, 2025-03: 93, 2025-04: 90, 2025-05: 93, 2025-06: 90, 2025-07: 93, 2025-08: 93, 2025-09: 68
  [label] 2023-12-01 16:00 DOTUSDT entry=5.4710 → LONG | long=tp(+9.07%) short=sl(-4.69%) | scanned=13 | long_tp_only
  [label] 2023-12-04 00:00 DOTUSDT entry=5.6520 → LONG | long=sl(-4.40%) short=sl(-4.40%) | scanned=5 | no_tp→fwd_return=+4.5294
  [label] 2023-12-07 16:00 DOTUSDT entry=6.2470 → LONG | long=tp(+11.36%) short=sl(-5.83%) | scanned=4 | long_tp_only
  [label] 2024-01-01 08:00 DOTUSDT entry=8.3910 → SHORT | long=sl(-7.76%) short=tp(+15.21%) | scanned=6 | short_tp_only
  [label] 2024-02-23 00:00 DOTUSDT entry=7.3500 → LONG | long=tp(+12.85%) short=sl(-6.58%) | scanned=14 | long_tp_only
  [label] 2024-08-07 00:00 DOTUSDT entry=4.5670 → SHORT | long=timeout(-1.41%) short=timeout(+1.21%) | scanned=22 | no_tp→fwd_return=-1.3138
  [label] 2024-08-11 00:00 DOTUSDT entry=4.7820 → SHORT | long=sl(-6.34%) short=timeout(+8.47%) | scanned=22 | no_tp→fwd_return=-8.5738
  [label] 2024-08-21 16:00 DOTUSDT entry=4.6610 → SHORT | long=sl(-4.89%) short=sl(-4.89%) | scanned=18 | no_tp→fwd_return=-6.1575
  [label] 2024-10-05 16:00 DOTUSDT entry=4.1350 → LONG | long=timeout(+1.57%) short=timeout(-1.77%) | scanned=22 | no_tp→fwd_return=+1.6687
  [label] 2024-10-14 08:00 DOTUSDT entry=4.3420 → SHORT | long=sl(-3.87%) short=sl(-3.87%) | scanned=10 | no_tp→fwd_return=-3.5007
  [label] 2025-01-12 16:00 DOTUSDT entry=6.6290 → LONG | long=sl(-7.01%) short=sl(-7.01%) | scanned=9 | no_tp→fwd_return=+8.0253
  [label] 2025-02-13 16:00 DOTUSDT entry=5.1280 → SHORT | long=sl(-8.32%) short=timeout(+1.54%) | scanned=22 | no_tp→fwd_return=-1.6381
  [label] 2025-03-02 00:00 DOTUSDT entry=4.6270 → SHORT | long=sl(-8.43%) short=sl(-8.43%) | scanned=6 | no_tp→fwd_return=-8.2559
  [label] 2025-03-14 16:00 DOTUSDT entry=4.1840 → LONG | long=timeout(+7.38%) short=sl(-7.64%) | scanned=22 | no_tp→fwd_return=+7.4809
  [label] 2025-04-02 00:00 DOTUSDT entry=4.0630 → SHORT | long=sl(-5.99%) short=tp(+11.68%) | scanned=15 | short_tp_only
  [label] 2025-04-08 08:00 DOTUSDT entry=3.5910 → LONG | long=sl(-8.75%) short=timeout(-0.41%) | scanned=22 | no_tp→fwd_return=+0.3063
  [label] 2025-04-20 16:00 DOTUSDT entry=3.8780 → LONG | long=sl(-4.79%) short=sl(-4.79%) | scanned=7 | no_tp→fwd_return=+5.5957
  [label] 2025-05-30 08:00 DOTUSDT entry=4.1720 → SHORT | long=sl(-6.67%) short=timeout(+4.81%) | scanned=22 | no_tp→fwd_return=-4.9137
  [label] 2025-06-09 00:00 DOTUSDT entry=3.9850 → SHORT | long=sl(-4.91%) short=sl(-4.91%) | scanned=12 | no_tp→fwd_return=-4.1154
  [label] 2025-09-03 08:00 DOTUSDT entry=3.8910 → LONG | long=timeout(+7.15%) short=sl(-5.14%) | scanned=22 | no_tp→fwd_return=+7.2475
  [sample_weight_mode=composite_inv_concurrency] cell=(E, 2025-10) weight_mean=1.0000 weight_std=0.5002 kish=0.7999
  Labels: 1052 long (48.5%), 1119 short (51.5%) | weights: min=0.98, mean=1.00, max=20.48
  Features: 2171/2171 matched, 43 columns
  CV gap: 22 rows
  [ensemble 1/5] seed=42
  [frozen_hp] Trained with baseline HP: n_est=79 depth=5 ct=0.706
  [ensemble 2/5] seed=123
  [frozen_hp] Trained with baseline HP: n_est=250 depth=5 ct=0.766
  [ensemble 3/5] seed=456
  [frozen_hp] Trained with baseline HP: n_est=124 depth=3 ct=0.770
  [ensemble 4/5] seed=789
  [frozen_hp] Trained with baseline HP: n_est=90 depth=5 ct=0.671
  [ensemble 5/5] seed=1001
  [frozen_hp] Trained with baseline HP: n_est=389 depth=3 ct=0.807
  OOD: 16 features, cutoff (q=0.7) = 13.66
  Model trained for 2025-10: 93 test candles with features, confidence_threshold=0.744
[trade:close] 2025-10-01 16:00 DOTUSDT SHORT → timeout @ 4.07 | PnL=-0.25% (net -0.35%) | cum=-63.59% 2025-10=-0.35% 2025-10-01=-0.35%
[lgbm] === Training for 2025-11 ===
  Train window: 2023-11-01 → 2025-10-24
  2171 training samples from 1 symbols
  Samples per month: 2023-11: 90, 2023-12: 93, 2024-01: 93, 2024-02: 87, 2024-03: 93, 2024-04: 90, 2024-05: 93, 2024-06: 90, 2024-07: 93, 2024-08: 93, 2024-09: 90, 2024-10: 93, 2024-11: 90, 2024-12: 93, 2025-01: 93, 2025-02: 84, 2025-03: 93, 2025-04: 90, 2025-05: 93, 2025-06: 90, 2025-07: 93, 2025-08: 93, 2025-09: 90, 2025-10: 71
  [label] 2024-01-01 16:00 DOTUSDT entry=8.6070 → SHORT | long=sl(-7.55%) short=tp(+14.80%) | scanned=5 | short_tp_only
  [label] 2024-01-04 00:00 DOTUSDT entry=7.6000 → LONG | long=sl(-10.70%) short=timeout(-9.72%) | scanned=22 | no_tp→fwd_return=+9.6184
  [label] 2024-01-07 16:00 DOTUSDT entry=6.8970 → LONG | long=tp(+18.96%) short=sl(-9.63%) | scanned=10 | long_tp_only
  [label] 2024-02-01 08:00 DOTUSDT entry=6.7280 → LONG | long=timeout(+4.58%) short=timeout(-4.78%) | scanned=22 | no_tp→fwd_return=+4.6819
  [label] 2024-03-25 00:00 DOTUSDT entry=9.3570 → SHORT | long=timeout(-0.19%) short=timeout(-0.01%) | scanned=22 | no_tp→fwd_return=-0.0855
  [label] 2024-09-07 00:00 DOTUSDT entry=4.0360 → LONG | long=timeout(+8.72%) short=sl(-5.94%) | scanned=22 | no_tp→fwd_return=+8.8206
  [label] 2024-09-11 00:00 DOTUSDT entry=4.1470 → LONG | long=tp(+8.89%) short=sl(-4.59%) | scanned=12 | long_tp_only
  [label] 2024-09-21 16:00 DOTUSDT entry=4.4600 → LONG | long=sl(-4.72%) short=sl(-4.72%) | scanned=9 | no_tp→fwd_return=+3.9013
  [label] 2024-11-05 16:00 DOTUSDT entry=3.8550 → LONG | long=tp(+9.58%) short=sl(-4.94%) | scanned=7 | long_tp_only
  [label] 2024-11-14 08:00 DOTUSDT entry=4.8300 → LONG | long=tp(+25.10%) short=sl(-12.70%) | scanned=8 | long_tp_only
  [label] 2025-02-12 16:00 DOTUSDT entry=5.2250 → SHORT | long=sl(-9.11%) short=timeout(+6.48%) | scanned=22 | no_tp→fwd_return=-6.5837
  [label] 2025-03-16 16:00 DOTUSDT entry=4.2960 → LONG | long=timeout(+4.65%) short=sl(-6.49%) | scanned=22 | no_tp→fwd_return=+4.7486
  [label] 2025-04-02 00:00 DOTUSDT entry=4.0630 → SHORT | long=sl(-5.99%) short=tp(+11.68%) | scanned=15 | short_tp_only
  [label] 2025-04-14 16:00 DOTUSDT entry=3.6730 → LONG | long=timeout(+2.70%) short=sl(-7.03%) | scanned=22 | no_tp→fwd_return=+2.8042
  [label] 2025-05-03 00:00 DOTUSDT entry=4.1400 → LONG | long=sl(-4.88%) short=sl(-4.88%) | scanned=16 | no_tp→fwd_return=+3.7681
  [label] 2025-05-09 08:00 DOTUSDT entry=4.7300 → LONG | long=tp(+10.53%) short=sl(-5.42%) | scanned=4 | long_tp_only
  [label] 2025-05-21 16:00 DOTUSDT entry=4.7360 → SHORT | long=sl(-7.34%) short=sl(-7.34%) | scanned=11 | no_tp→fwd_return=-6.9046
  [label] 2025-06-30 08:00 DOTUSDT entry=3.3930 → SHORT | long=timeout(-0.16%) short=sl(-5.38%) | scanned=22 | no_tp→fwd_return=-0.0589
  [label] 2025-07-10 00:00 DOTUSDT entry=3.6580 → LONG | long=tp(+8.74%) short=sl(-4.52%) | scanned=3 | long_tp_only
  [label] 2025-10-04 08:00 DOTUSDT entry=4.1500 → SHORT | long=sl(-5.21%) short=sl(-5.21%) | scanned=19 | no_tp→fwd_return=-29.2289
  [sample_weight_mode=composite_inv_concurrency] cell=(E, 2025-11) weight_mean=1.0000 weight_std=0.5002 kish=0.7999
  Labels: 1044 long (48.1%), 1127 short (51.9%) | weights: min=0.98, mean=1.00, max=20.48
  Features: 2171/2171 matched, 43 columns
  CV gap: 22 rows
  [ensemble 1/5] seed=42
  [frozen_hp] Trained with baseline HP: n_est=292 depth=3 ct=0.798
  [ensemble 2/5] seed=123
  [frozen_hp] Trained with baseline HP: n_est=325 depth=4 ct=0.713
  [ensemble 3/5] seed=456
  [frozen_hp] Trained with baseline HP: n_est=244 depth=5 ct=0.850
  [ensemble 4/5] seed=789
  [frozen_hp] Trained with baseline HP: n_est=346 depth=4 ct=0.793
  [ensemble 5/5] seed=1001
  [frozen_hp] Trained with baseline HP: n_est=50 depth=4 ct=0.843
  OOD: 16 features, cutoff (q=0.7) = 13.22
  Model trained for 2025-11: 90 test candles with features, confidence_threshold=0.800
[predict] 2025-11-11 08:00 DOTUSDT → SHORT (proba=0.84 TP=19.0%/SL=9.5%)
[trade:open] 2025-11-11 15:59 DOTUSDT SHORT @ 3.19 | SL=3.49 TP=2.58 | timeout=2025-11-18 15:59
[trade:close] 2025-11-18 16:00 DOTUSDT SHORT → timeout @ 2.75 | PnL=+13.78% (net +13.68%) | cum=-49.91% 2025-11=+13.68% 2025-11-18=+13.68%
[predict] 2025-11-24 08:00 DOTUSDT → LONG (proba=0.83 TP=16.7%/SL=8.3%)
[trade:open] 2025-11-24 15:59 DOTUSDT LONG @ 2.30 | SL=2.11 TP=2.68 | timeout=2025-12-01 15:59
[trade:close] 2025-12-01 07:59 DOTUSDT LONG → stop_loss @ 2.11 | PnL=-8.33% (net -8.43%) | cum=-58.34% 2025-12=-8.43% 2025-12-01=-8.43%
[lgbm] === Training for 2025-12 ===
  Train window: 2023-12-01 → 2025-11-23
  2171 training samples from 1 symbols
  Samples per month: 2023-12: 93, 2024-01: 93, 2024-02: 87, 2024-03: 93, 2024-04: 90, 2024-05: 93, 2024-06: 90, 2024-07: 93, 2024-08: 93, 2024-09: 90, 2024-10: 93, 2024-11: 90, 2024-12: 93, 2025-01: 93, 2025-02: 84, 2025-03: 93, 2025-04: 90, 2025-05: 93, 2025-06: 90, 2025-07: 93, 2025-08: 93, 2025-09: 90, 2025-10: 93, 2025-11: 68
  [label] 2024-01-31 16:00 DOTUSDT entry=6.6510 → LONG | long=timeout(+4.23%) short=timeout(-4.43%) | scanned=22 | no_tp→fwd_return=+4.3302
  [label] 2024-02-03 00:00 DOTUSDT entry=6.8700 → LONG | long=timeout(+4.35%) short=sl(-4.94%) | scanned=22 | no_tp→fwd_return=+4.4541
  [label] 2024-02-06 16:00 DOTUSDT entry=6.8080 → LONG | long=tp(+8.57%) short=sl(-4.44%) | scanned=19 | long_tp_only
  [label] 2024-03-02 08:00 DOTUSDT entry=9.0280 → LONG | long=tp(+14.28%) short=sl(-7.29%) | scanned=8 | long_tp_only
  [label] 2024-04-24 00:00 DOTUSDT entry=7.4180 → SHORT | long=sl(-6.80%) short=tp(+13.30%) | scanned=19 | short_tp_only
  [label] 2024-10-07 00:00 DOTUSDT entry=4.2400 → LONG | long=sl(-4.43%) short=timeout(-0.81%) | scanned=22 | no_tp→fwd_return=+0.7075
  [label] 2024-10-11 00:00 DOTUSDT entry=4.1010 → LONG | long=tp(+8.36%) short=sl(-4.33%) | scanned=13 | long_tp_only
  [label] 2024-10-21 16:00 DOTUSDT entry=4.3760 → SHORT | long=sl(-4.32%) short=tp(+8.34%) | scanned=12 | short_tp_only
  [label] 2024-12-05 16:00 DOTUSDT entry=10.3810 → SHORT | long=sl(-13.23%) short=tp(+26.15%) | scanned=12 | short_tp_only
  [label] 2024-12-14 08:00 DOTUSDT entry=8.6390 → SHORT | long=sl(-11.49%) short=tp(+22.68%) | scanned=18 | short_tp_only
  [label] 2025-03-14 16:00 DOTUSDT entry=4.1840 → LONG | long=timeout(+7.38%) short=sl(-7.64%) | scanned=22 | no_tp→fwd_return=+7.4809
  [label] 2025-04-15 16:00 DOTUSDT entry=3.5170 → LONG | long=tp(+13.54%) short=sl(-6.92%) | scanned=21 | long_tp_only
  [label] 2025-05-02 00:00 DOTUSDT entry=4.1840 → LONG | long=sl(-5.17%) short=sl(-5.17%) | scanned=20 | no_tp→fwd_return=+6.4771
  [label] 2025-05-14 16:00 DOTUSDT entry=4.9780 → SHORT | long=sl(-7.26%) short=timeout(+4.76%) | scanned=22 | no_tp→fwd_return=-4.8614
  [label] 2025-06-02 00:00 DOTUSDT entry=4.0120 → SHORT | long=sl(-5.82%) short=timeout(+0.57%) | scanned=22 | no_tp→fwd_return=-0.6730
  [label] 2025-06-08 08:00 DOTUSDT entry=4.0740 → SHORT | long=sl(-5.02%) short=sl(-5.02%) | scanned=14 | no_tp→fwd_return=-6.2101
  [label] 2025-06-20 16:00 DOTUSDT entry=3.4370 → SHORT | long=sl(-5.78%) short=tp(+11.25%) | scanned=6 | short_tp_only
  [label] 2025-07-30 08:00 DOTUSDT entry=3.8180 → SHORT | long=sl(-6.93%) short=timeout(+3.59%) | scanned=22 | no_tp→fwd_return=-3.6930
  [label] 2025-08-09 00:00 DOTUSDT entry=4.0720 → LONG | long=sl(-5.17%) short=sl(-5.17%) | scanned=13 | no_tp→fwd_return=+3.6591
  [label] 2025-11-03 08:00 DOTUSDT entry=2.5800 → LONG | long=sl(-9.10%) short=sl(-9.10%) | scanned=11 | no_tp→fwd_return=+10.5426
  [sample_weight_mode=composite_inv_concurrency] cell=(E, 2025-12) weight_mean=1.0000 weight_std=0.5002 kish=0.7999
  Labels: 999 long (46.0%), 1172 short (54.0%) | weights: min=0.98, mean=1.00, max=20.48
  Features: 2171/2171 matched, 43 columns
  CV gap: 22 rows
  [ensemble 1/5] seed=42
  [frozen_hp] Trained with baseline HP: n_est=145 depth=3 ct=0.839
  [ensemble 2/5] seed=123
  [frozen_hp] Trained with baseline HP: n_est=323 depth=4 ct=0.781
  [ensemble 3/5] seed=456
  [frozen_hp] Trained with baseline HP: n_est=212 depth=3 ct=0.585
  [ensemble 4/5] seed=789
  [frozen_hp] Trained with baseline HP: n_est=442 depth=3 ct=0.524
  [ensemble 5/5] seed=1001
  [frozen_hp] Trained with baseline HP: n_est=402 depth=4 ct=0.761
  OOD: 16 features, cutoff (q=0.7) = 13.30
  Model trained for 2025-12: 93 test candles with features, confidence_threshold=0.698
[predict] 2025-12-06 16:00 DOTUSDT → SHORT (proba=0.81 TP=12.5%/SL=6.3%)
[trade:open] 2025-12-06 23:59 DOTUSDT SHORT @ 2.13 | SL=2.26 TP=1.86 | timeout=2025-12-13 23:59
[trade:close] 2025-12-09 23:59 DOTUSDT SHORT → stop_loss @ 2.26 | PnL=-6.27% (net -6.37%) | cum=-64.71% 2025-12=-14.80% 2025-12-09=-6.37%
[predict] 2025-12-10 16:00 DOTUSDT → SHORT (proba=0.74 TP=14.1%/SL=7.1%)
[trade:open] 2025-12-10 23:59 DOTUSDT SHORT @ 2.19 | SL=2.34 TP=1.88 | timeout=2025-12-17 23:59
[trade:close] 2025-12-15 15:59 DOTUSDT SHORT → take_profit @ 1.88 | PnL=+14.10% (net +14.00%) | cum=-50.71% 2025-12=-0.80% 2025-12-15=+14.00%
[predict] 2025-12-17 16:00 DOTUSDT → SHORT (proba=0.83 TP=14.0%/SL=7.0%)
[trade:open] 2025-12-17 23:59 DOTUSDT SHORT @ 1.81 | SL=1.94 TP=1.56 | timeout=2025-12-24 23:59
[trade:close] 2025-12-25 00:00 DOTUSDT SHORT → timeout @ 1.74 | PnL=+4.24% (net +4.14%) | cum=-46.56% 2025-12=+3.35% 2025-12-25=+4.14%
[predict] 2025-12-26 08:00 DOTUSDT → LONG (proba=0.77 TP=11.8%/SL=5.9%)
[trade:open] 2025-12-26 15:59 DOTUSDT LONG @ 1.71 | SL=1.61 TP=1.91 | timeout=2026-01-02 15:59
[trade:close] 2025-12-27 23:59 DOTUSDT LONG → take_profit @ 1.91 | PnL=+11.75% (net +11.65%) | cum=-34.91% 2025-12=+15.00% 2025-12-27=+11.65%
[predict] 2025-12-28 16:00 DOTUSDT → LONG (proba=0.91 TP=11.4%/SL=5.7%)
[trade:open] 2025-12-28 23:59 DOTUSDT LONG @ 1.85 | SL=1.74 TP=2.06 | timeout=2026-01-04 23:59
[lgbm] === Training for 2026-01 ===
  Train window: 2024-01-01 → 2025-12-24
  2171 training samples from 1 symbols
  Samples per month: 2024-01: 93, 2024-02: 87, 2024-03: 93, 2024-04: 90, 2024-05: 93, 2024-06: 90, 2024-07: 93, 2024-08: 93, 2024-09: 90, 2024-10: 93, 2024-11: 90, 2024-12: 93, 2025-01: 93, 2025-02: 84, 2025-03: 93, 2025-04: 90, 2025-05: 93, 2025-06: 90, 2025-07: 93, 2025-08: 93, 2025-09: 90, 2025-10: 93, 2025-11: 90, 2025-12: 71
  [label] 2024-03-02 16:00 DOTUSDT entry=9.4760 → LONG | long=sl(-7.09%) short=sl(-7.09%) | scanned=5 | no_tp→fwd_return=+7.3343
  [label] 2024-03-05 00:00 DOTUSDT entry=10.5430 → SHORT | long=sl(-8.79%) short=tp(+17.28%) | scanned=2 | short_tp_only
  [label] 2024-03-08 16:00 DOTUSDT entry=10.6480 → LONG | long=timeout(+1.52%) short=sl(-10.54%) | scanned=22 | no_tp→fwd_return=+1.6247
  [label] 2024-04-02 08:00 DOTUSDT entry=8.4630 → LONG | long=timeout(+4.80%) short=sl(-6.97%) | scanned=22 | no_tp→fwd_return=+4.9037
  [label] 2024-05-25 00:00 DOTUSDT entry=7.2990 → SHORT | long=sl(-5.76%) short=sl(-5.76%) | scanned=19 | no_tp→fwd_return=-5.9734
  [label] 2024-11-07 00:00 DOTUSDT entry=4.0860 → LONG | long=tp(+10.22%) short=sl(-5.26%) | scanned=8 | long_tp_only
  [label] 2024-11-11 00:00 DOTUSDT entry=5.0820 → LONG | long=tp(+17.57%) short=sl(-8.93%) | scanned=18 | long_tp_only
  [label] 2024-11-21 16:00 DOTUSDT entry=5.9390 → LONG | long=tp(+18.84%) short=sl(-9.57%) | scanned=4 | long_tp_only
  [label] 2025-01-05 16:00 DOTUSDT entry=7.6700 → SHORT | long=sl(-5.99%) short=tp(+11.68%) | scanned=7 | short_tp_only
  [label] 2025-01-14 08:00 DOTUSDT entry=6.5180 → LONG | long=tp(+14.81%) short=sl(-7.55%) | scanned=10 | long_tp_only
  [label] 2025-04-14 16:00 DOTUSDT entry=3.6730 → LONG | long=timeout(+2.70%) short=sl(-7.03%) | scanned=22 | no_tp→fwd_return=+2.8042
  [label] 2025-05-16 16:00 DOTUSDT entry=4.7520 → SHORT | long=timeout(-4.18%) short=sl(-7.66%) | scanned=22 | no_tp→fwd_return=-4.0825
  [label] 2025-06-02 00:00 DOTUSDT entry=4.0120 → SHORT | long=sl(-5.82%) short=timeout(+0.57%) | scanned=22 | no_tp→fwd_return=-0.6730
  [label] 2025-06-14 16:00 DOTUSDT entry=3.7790 → SHORT | long=sl(-5.56%) short=sl(-5.56%) | scanned=12 | no_tp→fwd_return=-4.1810
  [label] 2025-07-03 00:00 DOTUSDT entry=3.6540 → LONG | long=sl(-5.45%) short=timeout(-0.21%) | scanned=22 | no_tp→fwd_return=+0.1095
  [label] 2025-07-09 08:00 DOTUSDT entry=3.5210 → LONG | long=tp(+8.40%) short=sl(-4.35%) | scanned=4 | long_tp_only
  [label] 2025-07-21 16:00 DOTUSDT entry=4.5000 → SHORT | long=sl(-7.21%) short=timeout(+11.83%) | scanned=22 | no_tp→fwd_return=-11.9333
  [label] 2025-08-30 08:00 DOTUSDT entry=3.7860 → LONG | long=timeout(+0.03%) short=timeout(-0.23%) | scanned=22 | no_tp→fwd_return=+0.1321
  [label] 2025-09-09 00:00 DOTUSDT entry=4.1260 → LONG | long=tp(+8.40%) short=sl(-4.35%) | scanned=12 | long_tp_only
  [label] 2025-12-04 08:00 DOTUSDT entry=2.3270 → SHORT | long=sl(-6.27%) short=tp(+12.24%) | scanned=9 | short_tp_only
  [sample_weight_mode=composite_inv_concurrency] cell=(E, 2026-01) weight_mean=1.0000 weight_std=0.5002 kish=0.7999
  Labels: 967 long (44.5%), 1204 short (55.5%) | weights: min=0.98, mean=1.00, max=20.48
  Features: 2171/2171 matched, 43 columns
  CV gap: 22 rows
  [ensemble 1/5] seed=42
  [frozen_hp] Trained with baseline HP: n_est=450 depth=3 ct=0.844
  [ensemble 2/5] seed=123
  [frozen_hp] Trained with baseline HP: n_est=494 depth=3 ct=0.845
  [ensemble 3/5] seed=456
  [frozen_hp] Trained with baseline HP: n_est=143 depth=3 ct=0.794
  [ensemble 4/5] seed=789
  [frozen_hp] Trained with baseline HP: n_est=238 depth=4 ct=0.793
  [ensemble 5/5] seed=1001
  [frozen_hp] Trained with baseline HP: n_est=216 depth=3 ct=0.795
  OOD: 16 features, cutoff (q=0.7) = 13.05
  Model trained for 2026-01: 93 test candles with features, confidence_threshold=0.814
[trade:close] 2026-01-02 23:59 DOTUSDT LONG → take_profit @ 2.06 | PnL=+11.39% (net +11.29%) | cum=-23.62% 2026-01=+11.29% 2026-01-02=+11.29%
[predict] 2026-01-14 16:00 DOTUSDT → SHORT (proba=0.84 TP=12.5%/SL=6.2%)
[trade:open] 2026-01-14 23:59 DOTUSDT SHORT @ 2.22 | SL=2.36 TP=1.95 | timeout=2026-01-21 23:59
[trade:close] 2026-01-19 07:59 DOTUSDT SHORT → take_profit @ 1.95 | PnL=+12.49% (net +12.39%) | cum=-11.24% 2026-01=+23.67% 2026-01-19=+12.39%
[lgbm] === Training for 2026-02 ===
  Train window: 2024-02-01 → 2026-01-24
  2171 training samples from 1 symbols
  Samples per month: 2024-02: 87, 2024-03: 93, 2024-04: 90, 2024-05: 93, 2024-06: 90, 2024-07: 93, 2024-08: 93, 2024-09: 90, 2024-10: 93, 2024-11: 90, 2024-12: 93, 2025-01: 93, 2025-02: 84, 2025-03: 93, 2025-04: 90, 2025-05: 93, 2025-06: 90, 2025-07: 93, 2025-08: 93, 2025-09: 90, 2025-10: 93, 2025-11: 90, 2025-12: 93, 2026-01: 71
  [label] 2024-04-02 16:00 DOTUSDT entry=8.5880 → LONG | long=timeout(+0.80%) short=timeout(-1.00%) | scanned=22 | no_tp→fwd_return=+0.8966
  [label] 2024-04-05 00:00 DOTUSDT entry=8.2840 → LONG | long=timeout(+1.29%) short=sl(-6.79%) | scanned=22 | no_tp→fwd_return=+1.3882
  [label] 2024-04-08 16:00 DOTUSDT entry=9.0500 → SHORT | long=sl(-4.87%) short=tp(+9.43%) | scanned=5 | short_tp_only
  [label] 2024-05-03 08:00 DOTUSDT entry=7.2520 → SHORT | long=timeout(-5.53%) short=timeout(+5.33%) | scanned=22 | no_tp→fwd_return=-5.4330
  [label] 2024-06-25 00:00 DOTUSDT entry=5.8050 → LONG | long=tp(+11.09%) short=sl(-5.69%) | scanned=21 | long_tp_only
  [label] 2024-12-08 00:00 DOTUSDT entry=10.4770 → SHORT | long=sl(-10.66%) short=tp(+21.03%) | scanned=5 | short_tp_only
  [label] 2024-12-12 00:00 DOTUSDT entry=9.3150 → SHORT | long=sl(-13.35%) short=timeout(+17.92%) | scanned=22 | no_tp→fwd_return=-18.0247
  [label] 2024-12-22 16:00 DOTUSDT entry=6.8390 → LONG | long=timeout(+0.24%) short=timeout(-0.44%) | scanned=22 | no_tp→fwd_return=+0.3363
  [label] 2025-02-05 16:00 DOTUSDT entry=4.6860 → LONG | long=timeout(+11.40%) short=sl(-13.58%) | scanned=22 | no_tp→fwd_return=+11.5023
  [label] 2025-02-14 08:00 DOTUSDT entry=5.2230 → SHORT | long=sl(-7.60%) short=timeout(+0.26%) | scanned=22 | no_tp→fwd_return=-0.3638
  [label] 2025-05-15 16:00 DOTUSDT entry=4.7760 → LONG | long=timeout(+3.46%) short=timeout(-3.66%) | scanned=22 | no_tp→fwd_return=+3.5595
  [label] 2025-06-16 16:00 DOTUSDT entry=3.8460 → SHORT | long=sl(-5.16%) short=tp(+10.03%) | scanned=10 | short_tp_only
  [label] 2025-07-03 00:00 DOTUSDT entry=3.6540 → LONG | long=sl(-5.45%) short=timeout(-0.21%) | scanned=22 | no_tp→fwd_return=+0.1095
  [label] 2025-07-15 16:00 DOTUSDT entry=4.0820 → LONG | long=tp(+13.13%) short=sl(-6.71%) | scanned=7 | long_tp_only
  [label] 2025-08-03 00:00 DOTUSDT entry=3.5730 → LONG | long=tp(+14.44%) short=sl(-7.37%) | scanned=19 | long_tp_only
  [label] 2025-08-09 08:00 DOTUSDT entry=4.0740 → LONG | long=sl(-5.07%) short=sl(-5.07%) | scanned=12 | no_tp→fwd_return=+3.6082
  [label] 2025-08-21 16:00 DOTUSDT entry=3.7960 → LONG | long=tp(+11.03%) short=sl(-5.66%) | scanned=6 | long_tp_only
  [label] 2025-09-30 08:00 DOTUSDT entry=3.8350 → LONG | long=tp(+9.82%) short=sl(-5.06%) | scanned=5 | long_tp_only
  [label] 2025-10-10 00:00 DOTUSDT entry=4.0800 → SHORT | long=sl(-5.64%) short=tp(+10.99%) | scanned=2 | short_tp_only
  [label] 2026-01-04 08:00 DOTUSDT entry=2.1650 → SHORT | long=sl(-5.28%) short=timeout(+3.96%) | scanned=22 | no_tp→fwd_return=-4.0647
  [sample_weight_mode=composite_inv_concurrency] cell=(E, 2026-02) weight_mean=1.0000 weight_std=0.5002 kish=0.7999
  Labels: 971 long (44.7%), 1200 short (55.3%) | weights: min=0.98, mean=1.00, max=20.48
  Features: 2171/2171 matched, 43 columns
  CV gap: 22 rows
  [ensemble 1/5] seed=42
  [frozen_hp] Trained with baseline HP: n_est=138 depth=3 ct=0.823
  [ensemble 2/5] seed=123
  [frozen_hp] Trained with baseline HP: n_est=231 depth=5 ct=0.824
  [ensemble 3/5] seed=456
  [frozen_hp] Trained with baseline HP: n_est=312 depth=3 ct=0.752
  [ensemble 4/5] seed=789
  [frozen_hp] Trained with baseline HP: n_est=197 depth=5 ct=0.822
  [ensemble 5/5] seed=1001
  [frozen_hp] Trained with baseline HP: n_est=459 depth=5 ct=0.646
  OOD: 16 features, cutoff (q=0.7) = 12.78
  Model trained for 2026-02: 84 test candles with features, confidence_threshold=0.774
[predict] 2026-02-10 16:00 DOTUSDT → LONG (proba=0.83 TP=15.7%/SL=7.9%)
[trade:open] 2026-02-10 23:59 DOTUSDT LONG @ 1.28 | SL=1.18 TP=1.48 | timeout=2026-02-17 23:59
[trade:close] 2026-02-18 00:00 DOTUSDT LONG → timeout @ 1.35 | PnL=+4.99% (net +4.89%) | cum=-6.34% 2026-02=+4.89% 2026-02-18=+4.89%
[lgbm] === Training for 2026-03 ===
  Train window: 2024-03-01 → 2026-02-21
  2168 training samples from 1 symbols
  Samples per month: 2024-03: 93, 2024-04: 90, 2024-05: 93, 2024-06: 90, 2024-07: 93, 2024-08: 93, 2024-09: 90, 2024-10: 93, 2024-11: 90, 2024-12: 93, 2025-01: 93, 2025-02: 84, 2025-03: 93, 2025-04: 90, 2025-05: 93, 2025-06: 90, 2025-07: 93, 2025-08: 93, 2025-09: 90, 2025-10: 93, 2025-11: 90, 2025-12: 93, 2026-01: 93, 2026-02: 62
  [label] 2024-05-01 16:00 DOTUSDT entry=6.8940 → LONG | long=timeout(+1.13%) short=sl(-7.91%) | scanned=22 | no_tp→fwd_return=+1.2330
  [label] 2024-05-03 16:00 DOTUSDT entry=7.2420 → SHORT | long=sl(-7.18%) short=timeout(+6.80%) | scanned=22 | no_tp→fwd_return=-6.9042
  [label] 2024-05-07 16:00 DOTUSDT entry=6.9870 → SHORT | long=sl(-5.77%) short=timeout(+7.13%) | scanned=22 | no_tp→fwd_return=-7.2277
  [label] 2024-06-01 08:00 DOTUSDT entry=7.0960 → SHORT | long=sl(-4.92%) short=tp(+9.54%) | scanned=19 | short_tp_only
  [label] 2024-07-23 16:00 DOTUSDT entry=5.9130 → SHORT | long=sl(-5.47%) short=timeout(+6.61%) | scanned=22 | no_tp→fwd_return=-6.7140
  [label] 2025-01-05 16:00 DOTUSDT entry=7.6700 → SHORT | long=sl(-5.99%) short=tp(+11.68%) | scanned=7 | short_tp_only
  [label] 2025-01-09 16:00 DOTUSDT entry=6.5530 → LONG | long=sl(-8.96%) short=sl(-8.96%) | scanned=18 | no_tp→fwd_return=+9.2782
  [label] 2025-01-20 08:00 DOTUSDT entry=6.5020 → SHORT | long=sl(-11.89%) short=timeout(+10.10%) | scanned=22 | no_tp→fwd_return=-10.1969
  [label] 2025-03-06 08:00 DOTUSDT entry=4.4950 → SHORT | long=sl(-9.94%) short=timeout(+11.80%) | scanned=22 | no_tp→fwd_return=-11.9021
  [label] 2025-03-14 16:00 DOTUSDT entry=4.1840 → LONG | long=timeout(+7.38%) short=sl(-7.64%) | scanned=22 | no_tp→fwd_return=+7.4809
  [label] 2025-06-13 00:00 DOTUSDT entry=3.8210 → SHORT | long=sl(-6.64%) short=timeout(+7.28%) | scanned=22 | no_tp→fwd_return=-7.3803
  [label] 2025-07-15 00:00 DOTUSDT entry=3.8630 → LONG | long=tp(+13.99%) short=sl(-7.15%) | scanned=9 | long_tp_only
  [label] 2025-07-31 00:00 DOTUSDT entry=3.8850 → SHORT | long=sl(-6.96%) short=timeout(+5.13%) | scanned=22 | no_tp→fwd_return=-5.2252
  [label] 2025-08-12 16:00 DOTUSDT entry=4.1550 → SHORT | long=sl(-6.06%) short=timeout(+10.44%) | scanned=22 | no_tp→fwd_return=-10.5415
  [label] 2025-08-31 08:00 DOTUSDT entry=3.8150 → LONG | long=sl(-5.17%) short=sl(-5.17%) | scanned=21 | no_tp→fwd_return=+3.9843
  [label] 2025-09-06 16:00 DOTUSDT entry=3.8220 → LONG | long=tp(+7.90%) short=sl(-4.10%) | scanned=7 | long_tp_only
  [label] 2025-09-19 00:00 DOTUSDT entry=4.6010 → SHORT | long=sl(-5.58%) short=tp(+10.87%) | scanned=9 | short_tp_only
  [label] 2025-10-28 08:00 DOTUSDT entry=3.1330 → SHORT | long=sl(-5.25%) short=tp(+10.20%) | scanned=7 | short_tp_only
  [label] 2025-11-07 08:00 DOTUSDT entry=2.8880 → LONG | long=tp(+17.64%) short=sl(-8.97%) | scanned=2 | long_tp_only
  [label] 2026-02-01 08:00 DOTUSDT entry=1.4990 → SHORT | long=sl(-9.01%) short=tp(+17.72%) | scanned=13 | short_tp_only
  [sample_weight_mode=composite_inv_concurrency] cell=(E, 2026-03) weight_mean=1.0000 weight_std=0.5005 kish=0.7997
  Labels: 927 long (42.8%), 1241 short (57.2%) | weights: min=0.98, mean=1.00, max=20.48
  Features: 2168/2168 matched, 43 columns
  CV gap: 22 rows
  [ensemble 1/5] seed=42
  [frozen_hp] Trained with baseline HP: n_est=139 depth=4 ct=0.802
  [ensemble 2/5] seed=123
  [frozen_hp] Trained with baseline HP: n_est=235 depth=5 ct=0.671
  [ensemble 3/5] seed=456
  [frozen_hp] Trained with baseline HP: n_est=112 depth=4 ct=0.800
  [ensemble 4/5] seed=789
  [frozen_hp] Trained with baseline HP: n_est=318 depth=3 ct=0.569
  [ensemble 5/5] seed=1001
  [frozen_hp] Trained with baseline HP: n_est=500 depth=4 ct=0.641
  OOD: 16 features, cutoff (q=0.7) = 13.03
  Model trained for 2026-03: 93 test candles with features, confidence_threshold=0.697
[predict] 2026-03-02 00:00 DOTUSDT → SHORT (proba=0.89 TP=21.6%/SL=10.8%)
[trade:open] 2026-03-02 07:59 DOTUSDT SHORT @ 1.51 | SL=1.67 TP=1.18 | timeout=2026-03-09 07:59
[trade:close] 2026-03-09 08:00 DOTUSDT SHORT → timeout @ 1.49 | PnL=+1.59% (net +1.49%) | cum=-4.85% 2026-03=+1.49% 2026-03-09=+1.49%
[predict] 2026-03-10 16:00 DOTUSDT → LONG (proba=0.84 TP=13.3%/SL=6.6%)
[trade:open] 2026-03-10 23:59 DOTUSDT LONG @ 1.48 | SL=1.39 TP=1.68 | timeout=2026-03-17 23:59
[trade:close] 2026-03-18 00:00 DOTUSDT LONG → timeout @ 1.62 | PnL=+9.16% (net +9.06%) | cum=+4.21% 2026-03=+10.55% 2026-03-18=+9.06%
[predict] 2026-03-18 16:00 DOTUSDT → SHORT (proba=0.84 TP=13.1%/SL=6.5%)
[trade:open] 2026-03-18 23:59 DOTUSDT SHORT @ 1.58 | SL=1.68 TP=1.37 | timeout=2026-03-25 23:59
[trade:close] 2026-03-24 23:59 DOTUSDT SHORT → take_profit @ 1.37 | PnL=+13.08% (net +12.98%) | cum=+17.20% 2026-03=+23.54% 2026-03-24=+12.98%
[lgbm] === Training for 2026-04 ===
  Train window: 2024-04-01 → 2026-03-24
  2168 training samples from 1 symbols
  Samples per month: 2024-04: 90, 2024-05: 93, 2024-06: 90, 2024-07: 93, 2024-08: 93, 2024-09: 90, 2024-10: 93, 2024-11: 90, 2024-12: 93, 2025-01: 93, 2025-02: 84, 2025-03: 93, 2025-04: 90, 2025-05: 93, 2025-06: 90, 2025-07: 93, 2025-08: 93, 2025-09: 90, 2025-10: 93, 2025-11: 90, 2025-12: 93, 2026-01: 93, 2026-02: 84, 2026-03: 71
  [label] 2024-06-01 16:00 DOTUSDT entry=7.0670 → SHORT | long=sl(-4.64%) short=tp(+8.98%) | scanned=18 | short_tp_only
  [label] 2024-06-03 16:00 DOTUSDT entry=7.0120 → SHORT | long=sl(-4.47%) short=tp(+8.65%) | scanned=12 | short_tp_only
  [label] 2024-06-07 16:00 DOTUSDT entry=6.6540 → SHORT | long=sl(-6.88%) short=timeout(+7.32%) | scanned=22 | no_tp→fwd_return=-7.4241
  [label] 2024-07-02 08:00 DOTUSDT entry=6.3760 → SHORT | long=sl(-4.56%) short=tp(+8.82%) | scanned=5 | short_tp_only
  [label] 2024-08-23 16:00 DOTUSDT entry=4.8900 → SHORT | long=sl(-4.54%) short=tp(+8.78%) | scanned=12 | short_tp_only
  [label] 2025-02-05 16:00 DOTUSDT entry=4.6860 → LONG | long=timeout(+11.40%) short=sl(-13.58%) | scanned=22 | no_tp→fwd_return=+11.5023
  [label] 2025-02-09 16:00 DOTUSDT entry=4.7590 → LONG | long=timeout(+2.34%) short=sl(-9.98%) | scanned=22 | no_tp→fwd_return=+2.4375
  [label] 2025-02-20 08:00 DOTUSDT entry=4.9240 → SHORT | long=sl(-6.19%) short=sl(-6.19%) | scanned=12 | no_tp→fwd_return=-5.2803
  [label] 2025-04-06 08:00 DOTUSDT entry=3.8900 → SHORT | long=sl(-5.85%) short=tp(+11.41%) | scanned=2 | short_tp_only
  [label] 2025-04-14 16:00 DOTUSDT entry=3.6730 → LONG | long=timeout(+2.70%) short=sl(-7.03%) | scanned=22 | no_tp→fwd_return=+2.8042
  [label] 2025-07-14 00:00 DOTUSDT entry=4.1500 → LONG | long=sl(-6.47%) short=sl(-6.47%) | scanned=12 | no_tp→fwd_return=+8.1205
  [label] 2025-08-15 00:00 DOTUSDT entry=4.0310 → SHORT | long=sl(-6.82%) short=timeout(+4.66%) | scanned=22 | no_tp→fwd_return=-4.7631
  [label] 2025-08-31 00:00 DOTUSDT entry=3.8020 → LONG | long=timeout(+1.19%) short=timeout(-1.39%) | scanned=22 | no_tp→fwd_return=+1.2888
  [label] 2025-09-12 16:00 DOTUSDT entry=4.3180 → SHORT | long=sl(-4.26%) short=sl(-4.26%) | scanned=8 | no_tp→fwd_return=-4.1223
  [label] 2025-10-01 08:00 DOTUSDT entry=4.0720 → LONG | long=timeout(+1.45%) short=sl(-5.01%) | scanned=22 | no_tp→fwd_return=+1.5472
  [label] 2025-10-07 16:00 DOTUSDT entry=4.1360 → SHORT | long=sl(-6.07%) short=tp(+11.83%) | scanned=9 | short_tp_only
  [label] 2025-10-20 00:00 DOTUSDT entry=3.0910 → LONG | long=sl(-8.43%) short=timeout(-3.63%) | scanned=22 | no_tp→fwd_return=+3.5264
  [label] 2025-11-28 08:00 DOTUSDT entry=2.3500 → SHORT | long=sl(-6.32%) short=tp(+12.34%) | scanned=8 | short_tp_only
  [label] 2025-12-08 08:00 DOTUSDT entry=2.1300 → SHORT | long=sl(-6.26%) short=sl(-6.26%) | scanned=12 | no_tp→fwd_return=-7.6995
  [label] 2026-03-04 08:00 DOTUSDT entry=1.5540 → SHORT | long=timeout(-2.55%) short=timeout(+2.35%) | scanned=22 | no_tp→fwd_return=-2.4453
  [sample_weight_mode=composite_inv_concurrency] cell=(E, 2026-04) weight_mean=1.0000 weight_std=0.5005 kish=0.7997
  Labels: 928 long (42.8%), 1240 short (57.2%) | weights: min=0.98, mean=1.00, max=20.48
  Features: 2168/2168 matched, 43 columns
  CV gap: 22 rows
  [ensemble 1/5] seed=42
  [frozen_hp] Trained with baseline HP: n_est=145 depth=3 ct=0.839
  [ensemble 2/5] seed=123
  [frozen_hp] Trained with baseline HP: n_est=233 depth=5 ct=0.831
  [ensemble 3/5] seed=456
  [frozen_hp] Trained with baseline HP: n_est=212 depth=3 ct=0.585
  [ensemble 4/5] seed=789
  [frozen_hp] Trained with baseline HP: n_est=419 depth=4 ct=0.632
  [ensemble 5/5] seed=1001
  [frozen_hp] Trained with baseline HP: n_est=499 depth=5 ct=0.501
  OOD: 16 features, cutoff (q=0.7) = 12.38
  Model trained for 2026-04: 90 test candles with features, confidence_threshold=0.678
[predict] 2026-04-03 00:00 DOTUSDT → LONG (proba=0.69 TP=10.2%/SL=5.1%)
[trade:open] 2026-04-03 07:59 DOTUSDT LONG @ 1.25 | SL=1.19 TP=1.38 | timeout=2026-04-10 07:59
[trade:close] 2026-04-10 08:00 DOTUSDT LONG → timeout @ 1.29 | PnL=+2.96% (net +2.86%) | cum=+20.06% 2026-04=+2.86% 2026-04-10=+2.86%
[predict] 2026-04-11 16:00 DOTUSDT → SHORT (proba=0.70 TP=10.7%/SL=5.3%)
[trade:open] 2026-04-11 23:59 DOTUSDT SHORT @ 1.29 | SL=1.35 TP=1.15 | timeout=2026-04-18 23:59
[trade:close] 2026-04-13 07:59 DOTUSDT SHORT → take_profit @ 1.15 | PnL=+10.67% (net +10.57%) | cum=+30.62% 2026-04=+13.43% 2026-04-13=+10.57%
[predict] 2026-04-14 16:00 DOTUSDT → SHORT (proba=0.85 TP=13.9%/SL=6.9%)
[trade:open] 2026-04-14 23:59 DOTUSDT SHORT @ 1.16 | SL=1.24 TP=1.00 | timeout=2026-04-21 23:59
[trade:close] 2026-04-16 07:59 DOTUSDT SHORT → stop_loss @ 1.24 | PnL=-6.95% (net -7.05%) | cum=+23.57% 2026-04=+6.38% 2026-04-16=-7.05%
[predict] 2026-04-21 16:00 DOTUSDT → LONG (proba=0.69 TP=10.3%/SL=5.1%)
[trade:open] 2026-04-21 23:59 DOTUSDT LONG @ 1.28 | SL=1.21 TP=1.41 | timeout=2026-04-28 23:59
[trade:close] 2026-04-23 23:59 DOTUSDT LONG → stop_loss @ 1.21 | PnL=-5.14% (net -5.24%) | cum=+18.33% 2026-04=+1.14% 2026-04-23=-5.24%
[predict] 2026-04-24 16:00 DOTUSDT → LONG (proba=0.88 TP=9.3%/SL=4.7%)
[trade:open] 2026-04-24 23:59 DOTUSDT LONG @ 1.25 | SL=1.19 TP=1.37 | timeout=2026-05-01 23:59
[trade:close] 2026-04-29 23:59 DOTUSDT LONG → stop_loss @ 1.19 | PnL=-4.65% (net -4.75%) | cum=+13.58% 2026-04=-3.61% 2026-04-29=-4.75%
[lgbm] === Training for 2026-05 ===
  Train window: 2024-05-01 → 2026-04-23
  2168 training samples from 1 symbols
  Samples per month: 2024-05: 93, 2024-06: 90, 2024-07: 93, 2024-08: 93, 2024-09: 90, 2024-10: 93, 2024-11: 90, 2024-12: 93, 2025-01: 93, 2025-02: 84, 2025-03: 93, 2025-04: 90, 2025-05: 93, 2025-06: 90, 2025-07: 93, 2025-08: 93, 2025-09: 90, 2025-10: 93, 2025-11: 90, 2025-12: 93, 2026-01: 93, 2026-02: 84, 2026-03: 93, 2026-04: 68
  [label] 2024-07-01 16:00 DOTUSDT entry=6.3270 → SHORT | long=sl(-4.44%) short=sl(-4.44%) | scanned=6 | no_tp→fwd_return=-3.9829
  [label] 2024-07-03 16:00 DOTUSDT entry=6.0750 → SHORT | long=sl(-5.71%) short=tp(+11.11%) | scanned=4 | short_tp_only
  [label] 2024-07-07 16:00 DOTUSDT entry=5.9070 → LONG | long=timeout(+6.82%) short=timeout(-7.02%) | scanned=22 | no_tp→fwd_return=+6.9240
  [label] 2024-08-01 08:00 DOTUSDT entry=5.1580 → SHORT | long=sl(-5.34%) short=tp(+10.38%) | scanned=10 | short_tp_only
  [label] 2024-09-22 16:00 DOTUSDT entry=4.3070 → LONG | long=tp(+9.50%) short=sl(-4.90%) | scanned=8 | long_tp_only
  [label] 2025-03-07 16:00 DOTUSDT entry=4.4100 → SHORT | long=sl(-9.89%) short=timeout(+5.02%) | scanned=22 | no_tp→fwd_return=-5.1247
  [label] 2025-03-11 16:00 DOTUSDT entry=4.0410 → LONG | long=timeout(+9.97%) short=sl(-10.05%) | scanned=22 | no_tp→fwd_return=+10.0718
  [label] 2025-03-22 08:00 DOTUSDT entry=4.4610 → SHORT | long=sl(-5.41%) short=sl(-5.41%) | scanned=20 | no_tp→fwd_return=-7.2405
  [label] 2025-05-06 08:00 DOTUSDT entry=3.9060 → LONG | long=tp(+8.98%) short=sl(-4.64%) | scanned=5 | long_tp_only
  [label] 2025-05-14 16:00 DOTUSDT entry=4.9780 → SHORT | long=sl(-7.26%) short=timeout(+4.76%) | scanned=22 | no_tp→fwd_return=-4.8614
  [label] 2025-08-13 00:00 DOTUSDT entry=4.2000 → SHORT | long=sl(-5.95%) short=tp(+11.60%) | scanned=21 | short_tp_only
  [label] 2025-09-14 00:00 DOTUSDT entry=4.4180 → LONG | long=sl(-4.84%) short=sl(-4.84%) | scanned=15 | no_tp→fwd_return=+4.1421
  [label] 2025-09-30 00:00 DOTUSDT entry=3.9010 → LONG | long=tp(+9.73%) short=sl(-5.01%) | scanned=7 | long_tp_only
  [label] 2025-10-12 16:00 DOTUSDT entry=3.2380 → SHORT | long=timeout(-7.23%) short=timeout(+7.03%) | scanned=22 | no_tp→fwd_return=-7.1340
  [label] 2025-10-31 08:00 DOTUSDT entry=2.8990 → SHORT | long=sl(-6.50%) short=tp(+12.70%) | scanned=9 | short_tp_only
  [label] 2025-11-06 16:00 DOTUSDT entry=2.6640 → LONG | long=tp(+17.59%) short=sl(-8.95%) | scanned=3 | long_tp_only
  [label] 2025-11-19 00:00 DOTUSDT entry=2.7070 → SHORT | long=sl(-8.19%) short=tp(+16.09%) | scanned=6 | short_tp_only
  [label] 2025-12-28 08:00 DOTUSDT entry=1.8780 → LONG | long=sl(-5.77%) short=sl(-5.77%) | scanned=13 | no_tp→fwd_return=+6.3365
  [label] 2026-01-07 08:00 DOTUSDT entry=2.1340 → LONG | long=timeout(+6.04%) short=sl(-6.61%) | scanned=22 | no_tp→fwd_return=+6.1387
  [label] 2026-04-03 08:00 DOTUSDT entry=1.2480 → LONG | long=timeout(+4.79%) short=sl(-5.03%) | scanned=22 | no_tp→fwd_return=+4.8878
  [sample_weight_mode=composite_inv_concurrency] cell=(E, 2026-05) weight_mean=1.0000 weight_std=0.5005 kish=0.7997
  Labels: 927 long (42.8%), 1241 short (57.2%) | weights: min=0.98, mean=1.00, max=20.48
  Features: 2168/2168 matched, 43 columns
  CV gap: 22 rows
  [ensemble 1/5] seed=42
  [frozen_hp] Trained with baseline HP: n_est=121 depth=4 ct=0.684
  [ensemble 2/5] seed=123
  [frozen_hp] Trained with baseline HP: n_est=222 depth=3 ct=0.849
  [ensemble 3/5] seed=456
  [frozen_hp] Trained with baseline HP: n_est=98 depth=5 ct=0.710
  [ensemble 4/5] seed=789
  [frozen_hp] Trained with baseline HP: n_est=132 depth=5 ct=0.591
  [ensemble 5/5] seed=1001
  [frozen_hp] Trained with baseline HP: n_est=247 depth=4 ct=0.599
  OOD: 16 features, cutoff (q=0.7) = 12.59
  Model trained for 2026-05: 79 test candles with features, confidence_threshold=0.687
[predict] 2026-05-12 08:00 DOTUSDT → LONG (proba=0.71 TP=10.0%/SL=5.0%)
[trade:open] 2026-05-12 15:59 DOTUSDT LONG @ 1.31 | SL=1.24 TP=1.44 | timeout=2026-05-19 15:59
[trade:close] 2026-05-17 23:59 DOTUSDT LONG → stop_loss @ 1.24 | PnL=-4.99% (net -5.09%) | cum=+8.50% 2026-05=-5.09% 2026-05-17=-5.09%
[predict] 2026-05-25 00:00 DOTUSDT → LONG (proba=0.69 TP=12.6%/SL=6.3%)
[trade:open] 2026-05-25 07:59 DOTUSDT LONG @ 1.26 | SL=1.18 TP=1.42 | timeout=2026-06-01 07:59
[trade:close] 2026-05-27 07:59 DOTUSDT LONG → end_of_data @ 1.27 | PnL=+0.48% (net +0.38%) | cum=+8.87% 2026-05=-4.71% 2026-05-27=+0.38%

E (DOT + R1 + R2) complete: 96 trades in 55s

Combined: 583 trades
[report] Splitting 583 trades: 465 IS, 118 OOS
[report] Generating in-sample reports (465 trades)...
findfont: Font family 'Arial' not found.
findfont: Font family 'Arial' not found.
findfont: Font family 'Arial' not found.
findfont: Font family 'Arial' not found.
findfont: Font family 'Arial' not found.
findfont: Font family 'Arial' not found.
findfont: Font family 'Arial' not found.
findfont: Font family 'Arial' not found.
findfont: Font family 'Arial' not found.
findfont: Font family 'Arial' not found.
findfont: Font family 'Arial' not found.
findfont: Font family 'Arial' not found.
findfont: Font family 'Arial' not found.
findfont: Font family 'Arial' not found.
findfont: Font family 'Arial' not found.
findfont: Font family 'Arial' not found.
findfont: Font family 'Arial' not found.
findfont: Font family 'Arial' not found.
findfont: Font family 'Arial' not found.
findfont: Font family 'Arial' not found.
findfont: Font family 'Arial' not found.
findfont: Font family 'Arial' not found.
findfont: Font family 'Arial' not found.
findfont: Font family 'Arial' not found.
findfont: Font family 'Arial' not found.
findfont: Font family 'Arial' not found.
findfont: Font family 'Arial' not found.
findfont: Font family 'Arial' not found.
findfont: Font family 'Arial' not found.
findfont: Font family 'Arial' not found.
findfont: Font family 'Arial' not found.
findfont: Font family 'Arial' not found.
findfont: Font family 'Arial' not found.
findfont: Font family 'Arial' not found.
findfont: Font family 'Arial' not found.
findfont: Font family 'Arial' not found.
findfont: Font family 'Arial' not found.
findfont: Font family 'Arial' not found.
findfont: Font family 'Arial' not found.
findfont: Font family 'Arial' not found.
findfont: Font family 'Arial' not found.
findfont: Font family 'Arial' not found.
findfont: Font family 'Arial' not found.
findfont: Font family 'Arial' not found.
findfont: Font family 'Arial' not found.
findfont: Font family 'Arial' not found.
findfont: Font family 'Arial' not found.
findfont: Font family 'Arial' not found.
findfont: Font family 'Arial' not found.
findfont: Font family 'Arial' not found.
findfont: Font family 'Arial' not found.
findfont: Font family 'Arial' not found.
findfont: Font family 'Arial' not found.
findfont: Font family 'Arial' not found.
findfont: Font family 'Arial' not found.
findfont: Font family 'Arial' not found.
findfont: Font family 'Arial' not found.
findfont: Font family 'Arial' not found.
findfont: Font family 'Arial' not found.
findfont: Font family 'Arial' not found.
findfont: Font family 'Arial' not found.
findfont: Font family 'Arial' not found.
findfont: Font family 'Arial' not found.
findfont: Font family 'Arial' not found.
findfont: Font family 'Arial' not found.
findfont: Font family 'Arial' not found.
findfont: Font family 'Arial' not found.
findfont: Font family 'Arial' not found.
findfont: Font family 'Arial' not found.
findfont: Font family 'Arial' not found.
findfont: Font family 'Arial' not found.
findfont: Font family 'Arial' not found.
findfont: Font family 'Arial' not found.
findfont: Font family 'Arial' not found.
findfont: Font family 'Arial' not found.
findfont: Font family 'Arial' not found.
findfont: Font family 'Arial' not found.
findfont: Font family 'Arial' not found.
findfont: Font family 'Arial' not found.
findfont: Font family 'Arial' not found.
findfont: Font family 'Arial' not found.
findfont: Font family 'Arial' not found.
findfont: Font family 'Arial' not found.
findfont: Font family 'Arial' not found.
findfont: Font family 'Arial' not found.
findfont: Font family 'Arial' not found.
findfont: Font family 'Arial' not found.
[report] Generating out-of-sample reports (118 trades)...
findfont: Font family 'Arial' not found.
findfont: Font family 'Arial' not found.
findfont: Font family 'Arial' not found.
findfont: Font family 'Arial' not found.
findfont: Font family 'Arial' not found.
findfont: Font family 'Arial' not found.
findfont: Font family 'Arial' not found.
findfont: Font family 'Arial' not found.
findfont: Font family 'Arial' not found.
findfont: Font family 'Arial' not found.
findfont: Font family 'Arial' not found.
findfont: Font family 'Arial' not found.
findfont: Font family 'Arial' not found.
findfont: Font family 'Arial' not found.
findfont: Font family 'Arial' not found.
findfont: Font family 'Arial' not found.
findfont: Font family 'Arial' not found.
findfont: Font family 'Arial' not found.
findfont: Font family 'Arial' not found.
findfont: Font family 'Arial' not found.
findfont: Font family 'Arial' not found.
findfont: Font family 'Arial' not found.
findfont: Font family 'Arial' not found.
findfont: Font family 'Arial' not found.
findfont: Font family 'Arial' not found.
findfont: Font family 'Arial' not found.
findfont: Font family 'Arial' not found.
findfont: Font family 'Arial' not found.
findfont: Font family 'Arial' not found.
findfont: Font family 'Arial' not found.
findfont: Font family 'Arial' not found.
findfont: Font family 'Arial' not found.
findfont: Font family 'Arial' not found.
findfont: Font family 'Arial' not found.
findfont: Font family 'Arial' not found.
findfont: Font family 'Arial' not found.
findfont: Font family 'Arial' not found.
findfont: Font family 'Arial' not found.
findfont: Font family 'Arial' not found.
findfont: Font family 'Arial' not found.
findfont: Font family 'Arial' not found.
findfont: Font family 'Arial' not found.
findfont: Font family 'Arial' not found.
findfont: Font family 'Arial' not found.
findfont: Font family 'Arial' not found.
findfont: Font family 'Arial' not found.
findfont: Font family 'Arial' not found.
findfont: Font family 'Arial' not found.
findfont: Font family 'Arial' not found.
findfont: Font family 'Arial' not found.
findfont: Font family 'Arial' not found.
findfont: Font family 'Arial' not found.
findfont: Font family 'Arial' not found.
findfont: Font family 'Arial' not found.
findfont: Font family 'Arial' not found.
findfont: Font family 'Arial' not found.
findfont: Font family 'Arial' not found.
findfont: Font family 'Arial' not found.
findfont: Font family 'Arial' not found.
findfont: Font family 'Arial' not found.
findfont: Font family 'Arial' not found.
findfont: Font family 'Arial' not found.
findfont: Font family 'Arial' not found.
findfont: Font family 'Arial' not found.
findfont: Font family 'Arial' not found.
findfont: Font family 'Arial' not found.
findfont: Font family 'Arial' not found.
findfont: Font family 'Arial' not found.
findfont: Font family 'Arial' not found.
findfont: Font family 'Arial' not found.
findfont: Font family 'Arial' not found.
findfont: Font family 'Arial' not found.
findfont: Font family 'Arial' not found.
findfont: Font family 'Arial' not found.
findfont: Font family 'Arial' not found.
findfont: Font family 'Arial' not found.
findfont: Font family 'Arial' not found.
findfont: Font family 'Arial' not found.
findfont: Font family 'Arial' not found.
findfont: Font family 'Arial' not found.
findfont: Font family 'Arial' not found.
findfont: Font family 'Arial' not found.
findfont: Font family 'Arial' not found.
findfont: Font family 'Arial' not found.
findfont: Font family 'Arial' not found.
findfont: Font family 'Arial' not found.
findfont: Font family 'Arial' not found.
[report] comparison.csv written
[report] IS:  Sharpe=-0.2033  DSR=-81.132  Trades=465  WR=35.7%  PF=0.9533  MaxDD=125.91%
[report] OOS: Sharpe=0.8751  DSR=-25.960  Trades=118  WR=41.5%  PF=1.2658  MaxDD=38.25%
[report] OOS/IS Sharpe ratio: -4.3049
Reports: reports-v1/iteration_v1-032
Traceback (most recent call last):
  File "/home/roberto/crypto-trade/.worktrees/quant-research/run_baseline_v1.py", line 3893, in <module>
    main()
    ~~~~^^
  File "/home/roberto/crypto-trade/.worktrees/quant-research/run_baseline_v1.py", line 3789, in main
    _write_feature_importance(
    ~~~~~~~~~~~~~~~~~~~~~~~~~^
        _post_dispatch_fi_strategies,
        ^^^^^^^^^^^^^^^^^^^^^^^^^^^^^
        feature_columns=active_feature_columns,
        ^^^^^^^^^^^^^^^^^^^^^^^^^^^^^^^^^^^^^^^
        report_dir=report_dir,
        ^^^^^^^^^^^^^^^^^^^^^^
    )
    ^
  File "/home/roberto/crypto-trade/.worktrees/quant-research/run_baseline_v1.py", line 1103, in _write_feature_importance
    with open(out_path, "w", newline="") as fh:
         ~~~~^^^^^^^^^^^^^^^^^^^^^^^^^^^
FileNotFoundError: [Errno 2] No such file or directory: 'reports-v1/iteration_v1-032/in_sample/feature_importance_A (BTC/ETH).csv'
