date,net
2020-01-01 00:00:00,0
2020-01-01 08:00:00,0
2020-01-01 16:00:00,0
2020-01-02 00:00:00,0
2020-01-02 08:00:00,0
2020-01-02 16:00:00,0
2020-01-03 00:00:00,0
2020-01-03 08:00:00,0
2020-01-03 16:00:00,0
2020-01-04 00:00:00,0
2020-01-04 08:00:00,0
2020-01-04 16:00:00,0
2020-01-05 00:00:00,0
2020-01-05 08:00:00,0
2020-01-05 16:00:00,0
2020-01-06 00:00:00,0
2020-01-06 08:00:00,0
2020-01-06 16:00:00,0
2020-01-07 00:00:00,0
2020-01-07 08:00:00,0
2020-01-07 16:00:00,0
2020-01-08 00:00:00,0
2020-01-08 08:00:00,0
2020-01-08 16:00:00,0
2020-01-09 00:00:00,0
2020-01-09 08:00:00,0
2020-01-09 16:00:00,0
2020-01-10 00:00:00,0
2020-01-10 08:00:00,0
2020-01-10 16:00:00,0
2020-01-11 00:00:00,0
2020-01-11 08:00:00,0
2020-01-11 16:00:00,0
2020-01-12 00:00:00,0
2020-01-12 08:00:00,0
2020-01-12 16:00:00,0
2020-01-13 00:00:00,0
2020-01-13 08:00:00,0
2020-01-13 16:00:00,0
2020-01-14 00:00:00,0
2020-01-14 08:00:00,0
2020-01-14 16:00:00,0
2020-01-15 00:00:00,0
2020-01-15 08:00:00,0
2020-01-15 16:00:00,0
2020-01-16 00:00:00,0
2020-01-16 08:00:00,0
2020-01-16 16:00:00,0
2020-01-17 00:00:00,0
2020-01-17 08:00:00,0
2020-01-17 16:00:00,0
2020-01-18 00:00:00,0
2020-01-18 08:00:00,0
2020-01-18 16:00:00,0
2020-01-19 00:00:00,0
2020-01-19 08:00:00,0
2020-01-19 16:00:00,0
2020-01-20 00:00:00,0
2020-01-20 08:00:00,0
2020-01-20 16:00:00,0
2020-01-21 00:00:00,-0
2020-01-21 08:00:00,0
2020-01-21 16:00:00,0
2020-01-22 00:00:00,0
2020-01-22 08:00:00,-0
2020-01-22 16:00:00,0
2020-01-23 00:00:00,-0
2020-01-23 08:00:00,-0
2020-01-23 16:00:00,-0
2020-01-24 00:00:00,-0
2020-01-24 08:00:00,0
2020-01-24 16:00:00,-0
2020-01-25 00:00:00,-0
2020-01-25 08:00:00,0
2020-01-25 16:00:00,-0
2020-01-26 00:00:00,0
2020-01-26 08:00:00,0
2020-01-26 16:00:00,0
2020-01-27 00:00:00,0
2020-01-27 08:00:00,0
2020-01-27 16:00:00,-0
2020-01-28 00:00:00,0
2020-01-28 08:00:00,-0
2020-01-28 16:00:00,0
2020-01-29 00:00:00,0.0097296052415446477
2020-01-29 08:00:00,-0.018255436476600249
2020-01-29 16:00:00,-0.00023494164958524054
2020-01-30 00:00:00,0.016408269054198097
2020-01-30 08:00:00,0.010260274488326605
2020-01-30 16:00:00,0.018722739692461521
2020-01-31 00:00:00,-0.012790976203544639
2020-01-31 08:00:00,-0.0078749780860853345
2020-01-31 16:00:00,0.00061524788858345494
2020-02-01 00:00:00,0.016241492298020285
2020-02-01 08:00:00,-0.012137555666533937
2020-02-01 16:00:00,0.0063111540939008934
2020-02-02 00:00:00,0.0033135816898398249
2020-02-02 08:00:00,0.017114408290052903
2020-02-02 16:00:00,-0.013680789844286969
2020-02-03 00:00:00,0.0062648924378677501
2020-02-03 08:00:00,-0.013048740051315025
2020-02-03 16:00:00,0.0095116938531335776
2020-02-04 00:00:00,-0.0059630793437596662
2020-02-04 08:00:00,0.0040440537755243571
2020-02-04 16:00:00,0.0022465554521297606
2020-02-05 00:00:00,0.011521718018539077
2020-02-05 08:00:00,0.037224099205850181
2020-02-05 16:00:00,0.0083188585051673127
2020-02-06 00:00:00,0.0079553265544832011
2020-02-06 08:00:00,-0.0041798598273892745
2020-02-06 16:00:00,0.00495744550724908
2020-02-07 00:00:00,0.010587278539337689
2020-02-07 08:00:00,-0.0053603861307423032
2020-02-07 16:00:00,0.0058968741916680459
2020-02-08 00:00:00,-0.0019675449471918825
2020-02-08 08:00:00,0.0084375638289658755
2020-02-08 16:00:00,0.0031658161999613818
2020-02-09 00:00:00,0.017461882613533194
2020-02-09 08:00:00,-0.015243434073797647
2020-02-09 16:00:00,0.010763152366923667
2020-02-10 00:00:00,-0.014163111490065314
2020-02-10 08:00:00,-0.0038323249115581408
2020-02-10 16:00:00,-0.0017659079198981665
2020-02-11 00:00:00,-0.010344701452761253
2020-02-11 08:00:00,0.036889942168857569
2020-02-11 16:00:00,0.0095429037817871126
2020-02-12 00:00:00,0.019635131663051617
2020-02-12 08:00:00,-0.0034017107140233115
2020-02-12 16:00:00,0.010080574800878364
2020-02-13 00:00:00,0.0030947756337205185
2020-02-13 08:00:00,0.0029239426667150596
2020-02-13 16:00:00,-0.0031022244515828646
2020-02-14 00:00:00,-0.012113559395732087
2020-02-14 08:00:00,0.02354005088213211
2020-02-14 16:00:00,0.011831698630285785
2020-02-15 00:00:00,-0.013043336514444313
2020-02-15 08:00:00,-0.018071350072521624
2020-02-15 16:00:00,-0.02430301930785277
2020-02-16 00:00:00,0.0065286179057570748
2020-02-16 08:00:00,-0.022972485072575786
2020-02-16 16:00:00,0.0022695192026515065
2020-02-17 00:00:00,-0.026031677020896819
2020-02-17 08:00:00,-0.015664608142364454
2020-02-17 16:00:00,0.01414787882508772
2020-02-18 00:00:00,0.01445637666670567
2020-02-18 08:00:00,0.0034667941970863308
2020-02-18 16:00:00,0.019119629364622196
2020-02-19 00:00:00,0.0031645990105202324
2020-02-19 08:00:00,0.0096427435367517234
2020-02-19 16:00:00,-0.023782628780407659
2020-02-20 00:00:00,-0.0053010709171170027
2020-02-20 08:00:00,0.011662539435799214
2020-02-20 16:00:00,-0.010428455132282332
2020-02-21 00:00:00,-0.019109023288144227
2020-02-21 08:00:00,-0.0029404165247975704
2020-02-21 16:00:00,0.0034247493196305238
2020-02-22 00:00:00,0.00038889174213010031
2020-02-22 08:00:00,-0.011946964872093046
2020-02-22 16:00:00,-0.0016929187152168552
2020-02-23 00:00:00,-0.015056449259640054
2020-02-23 08:00:00,-0.0045793841809246734
2020-02-23 16:00:00,-0.0092313671490703089
2020-02-24 00:00:00,0.018864315765678933
2020-02-24 08:00:00,0.0077158443897792769
2020-02-24 16:00:00,-0.0051873981806875146
2020-02-25 00:00:00,0.011264246300487661
2020-02-25 08:00:00,0.00035351426028182309
2020-02-25 16:00:00,-0.0030736608757445777
2020-02-26 00:00:00,0.038870412986764025
2020-02-26 08:00:00,0.013433180638542873
2020-02-26 16:00:00,0.007652967648109456
2020-02-27 00:00:00,-0.0071041181667969308
2020-02-27 08:00:00,-0.0066008416997442301
2020-02-27 16:00:00,0.0028113321695090849
2020-02-28 00:00:00,0.011796796180186767
2020-02-28 08:00:00,-0.0058029472192820258
2020-02-28 16:00:00,0.0055080560190423613
2020-02-29 00:00:00,-0.0067586220769594073
2020-02-29 08:00:00,0.012237981199289193
2020-02-29 16:00:00,0.0053337078081368162
2020-03-01 00:00:00,-0.0086643396211134524
2020-03-01 08:00:00,-0.0011975280287981817
2020-03-01 16:00:00,0.0048358476916096757
2020-03-02 00:00:00,-0.0084433323201081496
2020-03-02 08:00:00,-0.016079597336834221
2020-03-02 16:00:00,-0.010695876002475253
2020-03-03 00:00:00,0.0143714887828313
2020-03-03 08:00:00,0.0072527191348521706
2020-03-03 16:00:00,0.0056706892471853577
2020-03-04 00:00:00,-0.0026646573681501054
2020-03-04 08:00:00,0.017723761785515293
2020-03-04 16:00:00,-0.013776893851510711
2020-03-05 00:00:00,-0.0097256189313927512
2020-03-05 08:00:00,-0.0089002705082557535
2020-03-05 16:00:00,0.0032121133064317155
2020-03-06 00:00:00,-0.0080479560950249326
2020-03-06 08:00:00,0.004712088398281784
2020-03-06 16:00:00,-0.013016224815959865
2020-03-07 00:00:00,0.0062618390501594286
2020-03-07 08:00:00,-0.0060085732149488882
2020-03-07 16:00:00,0.016315328123047975
2020-03-08 00:00:00,0.012979321253397328
2020-03-08 08:00:00,0.033893377325721542
2020-03-08 16:00:00,0.030528436936169995
2020-03-09 00:00:00,0.0035549435273409505
2020-03-09 08:00:00,0.011036466927517091
2020-03-09 16:00:00,-0.0137444211090336
2020-03-10 00:00:00,0.0032454867775863123
2020-03-10 08:00:00,0.0017578747045969656
2020-03-10 16:00:00,-0.006295599845394924
2020-03-11 00:00:00,0.0023451597329918012
2020-03-11 08:00:00,0.0047555591172278693
2020-03-11 16:00:00,-0.0059683835813042103
2020-03-12 00:00:00,0.04256594022046898
2020-03-12 08:00:00,0.058533740281574181
2020-03-12 16:00:00,0.058028578840976036
2020-03-13 00:00:00,-0.032119758242941887
2020-03-13 08:00:00,0.0055039168025975286
2020-03-13 16:00:00,-0.020708207026242712
2020-03-14 00:00:00,0.003047269815454951
2020-03-14 08:00:00,0.0073091270939447854
2020-03-14 16:00:00,0.0052477549008598271
2020-03-15 00:00:00,-0.0042093824815288197
2020-03-15 08:00:00,-0.0023556763073257852
2020-03-15 16:00:00,-0.00066240659557128601
2020-03-16 00:00:00,0.031726483022682869
2020-03-16 08:00:00,-0.015526487634871057
2020-03-16 16:00:00,0.0033016735392405977
2020-03-17 00:00:00,-0.014477984225075171
2020-03-17 08:00:00,0.00072417166187250517
2020-03-17 16:00:00,0.0028839221631733599
2020-03-18 00:00:00,0.0056311659838930396
2020-03-18 08:00:00,-0.0058811311502177067
2020-03-18 16:00:00,-0.010210824374467183
2020-03-19 00:00:00,-0.0018128375080003645
2020-03-19 08:00:00,-0.013721919869779395
2020-03-19 16:00:00,-0.011337254297081283
2020-03-20 00:00:00,-0.0075697179142202647
2020-03-20 08:00:00,-0.0037158979621793034
2020-03-20 16:00:00,0.012533496341189714
2020-03-21 00:00:00,0.0028186988545822835
2020-03-21 08:00:00,-0.0041613211424060903
2020-03-21 16:00:00,0.00046890631040638869
2020-03-22 00:00:00,-0.002201830722965733
2020-03-22 08:00:00,0.01033014551332276
2020-03-22 16:00:00,0.0089603645228958466
2020-03-23 00:00:00,-0.0026625504102049239
2020-03-23 08:00:00,-0.01054669288521168
2020-03-23 16:00:00,-0.0072899337739874559
2020-03-24 00:00:00,-8.0636891319360026e-05
2020-03-24 08:00:00,-0.00096766686131014783
2020-03-24 16:00:00,-0.0046563103686650485
2020-03-25 00:00:00,0.0021872758759864377
2020-03-25 08:00:00,0.0028479884977882213
2020-03-25 16:00:00,-0.0020401474229473733
2020-03-26 00:00:00,0.0010804010733431639
2020-03-26 08:00:00,8.7169977381556038e-05
2020-03-26 16:00:00,-0.0075779587530484587
2020-03-27 00:00:00,0.0012133123589003262
2020-03-27 08:00:00,0.0031001033766269726
2020-03-27 16:00:00,0.0090319154482129699
2020-03-28 00:00:00,0.004304623487964114
2020-03-28 08:00:00,-0.0011505055111216875
2020-03-28 16:00:00,-0.0048799381126393227
2020-03-29 00:00:00,-0.00022514013107397722
2020-03-29 08:00:00,0.0019760832158537997
2020-03-29 16:00:00,0.006801071537586246
2020-03-30 00:00:00,-0.010666203322859736
2020-03-30 08:00:00,-0.0011833735506857732
2020-03-30 16:00:00,-0.00038444069961439045
2020-03-31 00:00:00,0.0010406004530803337
2020-03-31 08:00:00,-0.0026684656257919552
2020-03-31 16:00:00,-0.00373702015863511
2020-04-01 00:00:00,-0.00022503874325906483
2020-04-01 08:00:00,0.00052123318834053876
2020-04-01 16:00:00,0.0073587749995752648
2020-04-02 00:00:00,-0.00046830877222524947
2020-04-02 08:00:00,3.3298013270372423e-05
2020-04-02 16:00:00,0.00063041042580518612
2020-04-03 00:00:00,0.0050626600957933421
2020-04-03 08:00:00,-0.0035903909666933371
2020-04-03 16:00:00,0.0014249683993666411
2020-04-04 00:00:00,-0.002283416540638994
2020-04-04 08:00:00,0.0018297572749114371
2020-04-04 16:00:00,0.0021921067715784544
2020-04-05 00:00:00,-0.0026837375807810069
2020-04-05 08:00:00,-0.0013817463331225392
2020-04-05 16:00:00,-0.0016034357817448393
2020-04-06 00:00:00,0.0071131045371481041
2020-04-06 08:00:00,0.0079743467394994688
2020-04-06 16:00:00,0.0083799763289125976
2020-04-07 00:00:00,0.0033478561826607348
2020-04-07 08:00:00,-0.0011353156486501783
2020-04-07 16:00:00,-0.006222604281230097
2020-04-08 00:00:00,0.0076041091451604067
2020-04-08 08:00:00,-0.00070885405540379654
2020-04-08 16:00:00,0.0049513568321970184
2020-04-09 00:00:00,0.0002946712843708308
2020-04-09 08:00:00,-0.00039269865685249191
2020-04-09 16:00:00,0.0018754158391859198
2020-04-10 00:00:00,-0.021729876748344316
2020-04-10 08:00:00,-0.012115237682980435
2020-04-10 16:00:00,0.011097369481748068
2020-04-11 00:00:00,0.0047821501608359294
2020-04-11 08:00:00,-0.004103203176619781
2020-04-11 16:00:00,0.002023044009687051
2020-04-12 00:00:00,-0.0038488656444976934
2020-04-12 08:00:00,0.011703832771827035
2020-04-12 16:00:00,-0.0062295855187825362
2020-04-13 00:00:00,-0.010221860174056236
2020-04-13 08:00:00,0.002673006157614264
2020-04-13 16:00:00,0.0025259887995406145
2020-04-14 00:00:00,-0.0027085373424167842
2020-04-14 08:00:00,0.0068915588314546203
2020-04-14 16:00:00,-0.0083216116484989902
2020-04-15 00:00:00,0.0018357311072545316
2020-04-15 08:00:00,-0.013364424817002131
2020-04-15 16:00:00,-0.00049573782256722939
2020-04-16 00:00:00,0.013263466999440896
2020-04-16 08:00:00,0.012344741370833332
2020-04-16 16:00:00,0.0033010149280914159
2020-04-17 00:00:00,-0.0018491450741293645
2020-04-17 08:00:00,-0.0011802537155034465
2020-04-17 16:00:00,0.0037286921986693661
2020-04-18 00:00:00,0.0094324212604300628
2020-04-18 08:00:00,0.021665557416541706
2020-04-18 16:00:00,0.00066301456668240604
2020-04-19 00:00:00,-0.0041750086305839419
2020-04-19 08:00:00,-0.0018180572850685988
2020-04-19 16:00:00,0.0026422668014240104
2020-04-20 00:00:00,0.012340429158638189
2020-04-20 08:00:00,-0.0081825216287401466
2020-04-20 16:00:00,-0.025268842971232046
2020-04-21 00:00:00,0.0059015388322810631
2020-04-21 08:00:00,-0.0072933912009591814
2020-04-21 16:00:00,0.0030959196532239228
2020-04-22 00:00:00,0.024768347062654607
2020-04-22 08:00:00,0.013443677343283366
2020-04-22 16:00:00,0.0089440764216162684
2020-04-23 00:00:00,0.0081558237831452253
2020-04-23 08:00:00,0.036763480108774199
2020-04-23 16:00:00,-0.0050571438334745828
2020-04-24 00:00:00,0.0152325388123435
2020-04-24 08:00:00,-7.6936763090522869e-05
2020-04-24 16:00:00,-0.0082850088096861046
2020-04-25 00:00:00,0.0068072842326919276
2020-04-25 08:00:00,0.0022741408952848155
2020-04-25 16:00:00,0.002531950788792228
2020-04-26 00:00:00,-0.0034319321525436335
2020-04-26 08:00:00,-2.7858735897428884e-05
2020-04-26 16:00:00,0.0045101154292785982
2020-04-27 00:00:00,-0.0041045700946196013
2020-04-27 08:00:00,-0.0075815796231397002
2020-04-27 16:00:00,0.012411905731608304
2020-04-28 00:00:00,0.001868068963184115
2020-04-28 08:00:00,0.00033791018061944108
2020-04-28 16:00:00,0.002532203360813742
2020-04-29 00:00:00,0.0067928248250712503
2020-04-29 08:00:00,0.013950249098441225
2020-04-29 16:00:00,0.0085314578445175576
2020-04-30 00:00:00,0.0046382876701075394
2020-04-30 08:00:00,-0.019387668399940695
2020-04-30 16:00:00,-0.0065505862646327885
2020-05-01 00:00:00,0.015942603131217242
2020-05-01 08:00:00,-0.0067726826240322047
2020-05-01 16:00:00,0.0025310830990471567
2020-05-02 00:00:00,-0.0024526834975584842
2020-05-02 08:00:00,0.0076786616042026547
2020-05-02 16:00:00,0.0057721731599435352
2020-05-03 00:00:00,-0.0046553341809892129
2020-05-03 08:00:00,-0.010162965787698533
2020-05-03 16:00:00,0.002771679654189947
2020-05-04 00:00:00,-0.01573678007217225
2020-05-04 08:00:00,0.016802397084456858
2020-05-04 16:00:00,-0.003096948544246152
2020-05-05 00:00:00,0.0027393952184519349
2020-05-05 08:00:00,-0.0072770106420044509
2020-05-05 16:00:00,0.0036520007968220561
2020-05-06 00:00:00,0.0029525547369991969
2020-05-06 08:00:00,-0.00037946522762275555
2020-05-06 16:00:00,-0.01262617952000423
2020-05-07 00:00:00,0.010257446708804874
2020-05-07 08:00:00,-0.0010643066547132804
2020-05-07 16:00:00,0.0060187322692992345
2020-05-08 00:00:00,-0.0020164822061679395
2020-05-08 08:00:00,0.00227924104398605
2020-05-08 16:00:00,0.0087831326093950387
2020-05-09 00:00:00,-0.00084255358475123301
2020-05-09 08:00:00,0.0097667712317775664
2020-05-09 16:00:00,-0.014476744375242578
2020-05-10 00:00:00,-0.028945839547541447
2020-05-10 08:00:00,-0.0045495268779809101
2020-05-10 16:00:00,-0.0015766405171881181
2020-05-11 00:00:00,-0.0077283706294387425
2020-05-11 08:00:00,0.011395420402528377
2020-05-11 16:00:00,-0.0046832127627168992
2020-05-12 00:00:00,-0.0025875198125082668
2020-05-12 08:00:00,-0.0011530812224183787
2020-05-12 16:00:00,0.0038998470053726998
2020-05-13 00:00:00,-0.0023545086969999885
2020-05-13 08:00:00,-0.012876912703589309
2020-05-13 16:00:00,0.001918960135402231
2020-05-14 00:00:00,0.00058563395577501958
2020-05-14 08:00:00,-0.003360196543636367
2020-05-14 16:00:00,-0.00173580713798045
2020-05-15 00:00:00,0.00080369959108341404
2020-05-15 08:00:00,0.0020794998924203206
2020-05-15 16:00:00,-0.0033657210960639579
2020-05-16 00:00:00,-0.0073849692942913499
2020-05-16 08:00:00,-0.0065618333399541347
2020-05-16 16:00:00,-0.0025881605598065214
2020-05-17 00:00:00,-0.013868894733894594
2020-05-17 08:00:00,0.0062375598731135391
2020-05-17 16:00:00,-0.00058973936438899016
2020-05-18 00:00:00,0.0015717270142336368
2020-05-18 08:00:00,-0.00063740038342315736
2020-05-18 16:00:00,0.0016906201916910277
2020-05-19 00:00:00,-0.010217505251151879
2020-05-19 08:00:00,0.0070045388498126701
2020-05-19 16:00:00,0.010194951131944154
2020-05-20 00:00:00,-0.00014116270004183867
2020-05-20 08:00:00,-0.0190802673003986
2020-05-20 16:00:00,0.010698997179815088
2020-05-21 00:00:00,-0.0096377626706661574
2020-05-21 08:00:00,-0.022240091302638432
2020-05-21 16:00:00,-0.003778805447624981
2020-05-22 00:00:00,-0.0095101639370942879
2020-05-22 08:00:00,-0.0064658686566904733
2020-05-22 16:00:00,0.014018719360238749
2020-05-23 00:00:00,-0.0042320922231774494
2020-05-23 08:00:00,-0.012226906622410563
2020-05-23 16:00:00,-0.0063057475698350025
2020-05-24 00:00:00,0.01181078486393625
2020-05-24 08:00:00,-0.019705392754677711
2020-05-24 16:00:00,-0.023117573415742367
2020-05-25 00:00:00,-0.003090842999345045
2020-05-25 08:00:00,0.0015714146345542795
2020-05-25 16:00:00,-0.00078430393313482362
2020-05-26 00:00:00,-0.0019940133086615536
2020-05-26 08:00:00,0.0067189179139105796
2020-05-26 16:00:00,0.00064952625534279637
2020-05-27 00:00:00,-0.0028345607164970144
2020-05-27 08:00:00,-0.014471973093762016
2020-05-27 16:00:00,-0.0017808147793828275
2020-05-28 00:00:00,0.0055061925741715454
2020-05-28 08:00:00,3.0008471507823811e-05
2020-05-28 16:00:00,0.020172958043767893
2020-05-29 00:00:00,0.0014473234832619024
2020-05-29 08:00:00,0.00079077902134332275
2020-05-29 16:00:00,0.0012515879705283439
2020-05-30 00:00:00,0.017051904487150465
2020-05-30 08:00:00,0.010708876359574144
2020-05-30 16:00:00,0.013222989161119473
2020-05-31 00:00:00,0.0015061294337907602
2020-05-31 08:00:00,-0.006339749228728527
2020-05-31 16:00:00,-0.012341615202524366
2020-06-01 00:00:00,0.013685933357729838
2020-06-01 08:00:00,0.0045014519446319977
2020-06-01 16:00:00,0.013347842114425225
2020-06-02 00:00:00,0.0045573623698506368
2020-06-02 08:00:00,-0.026801596267903207
2020-06-02 16:00:00,0.0086216892942216922
2020-06-03 00:00:00,-0.002553195661544595
2020-06-03 08:00:00,0.013210247605093099
2020-06-03 16:00:00,0.0046567153220975375
2020-06-04 00:00:00,0.0034009822882237325
2020-06-04 08:00:00,0.00040703032294357364
2020-06-04 16:00:00,-0.0022225265646910095
2020-06-05 00:00:00,0.00021117870164162234
2020-06-05 08:00:00,-0.0049761144778760836
2020-06-05 16:00:00,-0.0044817083648460388
2020-06-06 00:00:00,0.00025330008147587979
2020-06-06 08:00:00,0.0040348243571805553
2020-06-06 16:00:00,-0.0033720356084104737
2020-06-07 00:00:00,0.00066744907098726487
2020-06-07 08:00:00,-0.014353541013056822
2020-06-07 16:00:00,0.010495302671380042
2020-06-08 00:00:00,0.0007073212795543171
2020-06-08 08:00:00,-0.0010600875658242504
2020-06-08 16:00:00,0.0054794364391676387
2020-06-09 00:00:00,-0.0023866326497726078
2020-06-09 08:00:00,-0.0014274723542551516
2020-06-09 16:00:00,-0.0013530448496799493
2020-06-10 00:00:00,-0.0023041686294953214
2020-06-10 08:00:00,-0.00046880188295761552
2020-06-10 16:00:00,0.0092621195767108328
2020-06-11 00:00:00,-0.0055707114819846795
2020-06-11 08:00:00,-0.023296199735841305
2020-06-11 16:00:00,-0.028244509959538366
2020-06-12 00:00:00,0.018212418377265803
2020-06-12 08:00:00,-0.0017433205925715095
2020-06-12 16:00:00,0.0032634562014879388
2020-06-13 00:00:00,-0.005472380826933851
2020-06-13 08:00:00,0.0012314394950088008
2020-06-13 16:00:00,0.0043889509887025651
2020-06-14 00:00:00,-0.0060968406436740213
2020-06-14 08:00:00,0.0022122724855031355
2020-06-14 16:00:00,0.00059509021651113286
2020-06-15 00:00:00,0.0093461909733935332
2020-06-15 08:00:00,0.0041267450028646922
2020-06-15 16:00:00,-0.0051699911068585815
2020-06-16 00:00:00,-0.0030091543746560423
2020-06-16 08:00:00,0.0041983729115796786
2020-06-16 16:00:00,-0.0033313204694561389
2020-06-17 00:00:00,-0.011994689222744137
2020-06-17 08:00:00,0.013261726735885384
2020-06-17 16:00:00,0.0016713117047472631
2020-06-18 00:00:00,0.0043814922679047486
2020-06-18 08:00:00,0.0036557823730826227
2020-06-18 16:00:00,-0.0002306282994096469
2020-06-19 00:00:00,0.0025005606378673143
2020-06-19 08:00:00,-0.0078956035609736453
2020-06-19 16:00:00,0.0056779918510499322
2020-06-20 00:00:00,-0.0011191387269384144
2020-06-20 08:00:00,0.0042785705319557093
2020-06-20 16:00:00,-0.0064821788762209412
2020-06-21 00:00:00,0.0012171218482568361
2020-06-21 08:00:00,-0.0043246523461069252
2020-06-21 16:00:00,0.0041445395317378378
2020-06-22 00:00:00,-0.01036728256143812
2020-06-22 08:00:00,-0.0072198484586080041
2020-06-22 16:00:00,0.002322828312368218
2020-06-23 00:00:00,-0.0026094530567140587
2020-06-23 08:00:00,-0.0061901904865340751
2020-06-23 16:00:00,0.0091514533214923643
2020-06-24 00:00:00,0.013026927100194111
2020-06-24 08:00:00,-0.00068025938800533447
2020-06-24 16:00:00,0.0035613163754760328
2020-06-25 00:00:00,0.0082397407532875111
2020-06-25 08:00:00,0.0074522922370523137
2020-06-25 16:00:00,0.0041289680418552894
2020-06-26 00:00:00,0.012508677110851987
2020-06-26 08:00:00,-0.0092827505675018782
2020-06-26 16:00:00,-0.00438542631659885
2020-06-27 00:00:00,-0.0026404537868530273
2020-06-27 08:00:00,-0.00096493384003816811
2020-06-27 16:00:00,0.0359216700649687
2020-06-28 00:00:00,-0.011122469303084836
2020-06-28 08:00:00,-0.0054865111416230201
2020-06-28 16:00:00,0.0078396800891355235
2020-06-29 00:00:00,0.0066901771831802785
2020-06-29 08:00:00,-0.005832744205420343
2020-06-29 16:00:00,-0.004971345879382973
2020-06-30 00:00:00,0.0043988158661966851
2020-06-30 08:00:00,-0.00070529742192647826
2020-06-30 16:00:00,-0.001654355674683506
2020-07-01 00:00:00,0.0039150238099961657
2020-07-01 08:00:00,0.0076726122562505222
2020-07-01 16:00:00,0.024932455133657858
2020-07-02 00:00:00,0.0028823183230527369
2020-07-02 08:00:00,0.0086265904203407327
2020-07-02 16:00:00,0.0014506790562876573
2020-07-03 00:00:00,0.0016247403967264039
2020-07-03 08:00:00,0.0099609506892735147
2020-07-03 16:00:00,-0.0081183648436743954
2020-07-04 00:00:00,0.0068091612570252025
2020-07-04 08:00:00,0.003014450121729666
2020-07-04 16:00:00,-0.0016328384665087689
2020-07-05 00:00:00,0.0054463871038596028
2020-07-05 08:00:00,-0.001012063653265256
2020-07-05 16:00:00,0.0061479220365625847
2020-07-06 00:00:00,-0.0072451376373282549
2020-07-06 08:00:00,-0.036033947508760288
2020-07-06 16:00:00,0.017004527641494901
2020-07-07 00:00:00,0.00019666685734265235
2020-07-07 08:00:00,0.012491268023596097
2020-07-07 16:00:00,0.02377852842844471
2020-07-08 00:00:00,0.048386263303785662
2020-07-08 08:00:00,-0.0050429392504872704
2020-07-08 16:00:00,0.01326974946902796
2020-07-09 00:00:00,0.002158790411260767
2020-07-09 08:00:00,-0.019195384813095139
2020-07-09 16:00:00,0.015905970158456722
2020-07-10 00:00:00,-0.02522295304700593
2020-07-10 08:00:00,0.014417399142274648
2020-07-10 16:00:00,0.0056237351786569568
2020-07-11 00:00:00,0.01907939942418695
2020-07-11 08:00:00,-0.0030872588395743955
2020-07-11 16:00:00,-0.0038373719132035323
2020-07-12 00:00:00,0.0057307291377240634
2020-07-12 08:00:00,-0.0059857767932516631
2020-07-12 16:00:00,0.013843416372000194
2020-07-13 00:00:00,0.011079478456523821
2020-07-13 08:00:00,-0.0068688659433524396
2020-07-13 16:00:00,-0.01674237727850391
2020-07-14 00:00:00,-0.0090030400764672929
2020-07-14 08:00:00,0.014042651984561564
2020-07-14 16:00:00,0.011431757966622515
2020-07-15 00:00:00,-0.0015682310614781557
2020-07-15 08:00:00,0.00026634799947277392
2020-07-15 16:00:00,0.010491049405478844
2020-07-16 00:00:00,-0.023781151677067743
2020-07-16 08:00:00,0.018423150036101493
2020-07-16 16:00:00,0.023873381965962875
2020-07-17 00:00:00,-0.0044794899063731429
2020-07-17 08:00:00,0.011779191064042592
2020-07-17 16:00:00,-0.0022437692104307393
2020-07-18 00:00:00,-0.0065867373969310675
2020-07-18 08:00:00,0.00076745211994071422
2020-07-18 16:00:00,0.0047126404635824543
2020-07-19 00:00:00,-0.0073167118183889096
2020-07-19 08:00:00,-0.025038849842663181
2020-07-19 16:00:00,0.025721158414157883
2020-07-20 00:00:00,0.0029625480478161202
2020-07-20 08:00:00,-0.016407043167641015
2020-07-20 16:00:00,-0.028676978942347744
2020-07-21 00:00:00,0.0020078473137785931
2020-07-21 08:00:00,0.0065953907502642557
2020-07-21 16:00:00,-0.00064384191259072969
2020-07-22 00:00:00,-0.0075376534050694858
2020-07-22 08:00:00,0.0083852243223252639
2020-07-22 16:00:00,0.0057937697020909885
2020-07-23 00:00:00,-0.0049157393906058885
2020-07-23 08:00:00,-3.7275489295043766e-06
2020-07-23 16:00:00,-0.00060175633938943794
2020-07-24 00:00:00,-0.011573612114561538
2020-07-24 08:00:00,0.0049489402468065064
2020-07-24 16:00:00,-0.0010755668226070389
2020-07-25 00:00:00,0.014759975077568193
2020-07-25 08:00:00,0.0041569143359935249
2020-07-25 16:00:00,0.02443114206161771
2020-07-26 00:00:00,0.0083825353421081855
2020-07-26 08:00:00,-0.00032672451655784356
2020-07-26 16:00:00,-0.0016588589133358315
2020-07-27 00:00:00,0.029731690684227693
2020-07-27 08:00:00,0.006725400895429212
2020-07-27 16:00:00,0.030946789139836155
2020-07-28 00:00:00,-0.02183197698501007
2020-07-28 08:00:00,0.030370974133783958
2020-07-28 16:00:00,-0.013711143689748255
2020-07-29 00:00:00,0.013466157693284202
2020-07-29 08:00:00,0.0014336552191384867
2020-07-29 16:00:00,0.000593717060624227
2020-07-30 00:00:00,-0.010872430934656244
2020-07-30 08:00:00,0.0047938243103246318
2020-07-30 16:00:00,0.0080573098439371341
2020-07-31 00:00:00,-0.0085025888231495487
2020-07-31 08:00:00,0.019163976197234724
2020-07-31 16:00:00,0.0034480082504102132
2020-08-01 00:00:00,0.0052201190468676986
2020-08-01 08:00:00,0.0048385099003287147
2020-08-01 16:00:00,0.032406270846965929
2020-08-02 00:00:00,-0.01358656147497795
2020-08-02 08:00:00,-0.021041346600867112
2020-08-02 16:00:00,0.003767629082833989
2020-08-03 00:00:00,0.011731043989379526
2020-08-03 08:00:00,0.007652186827817516
2020-08-03 16:00:00,0.0069890849286283674
2020-08-04 00:00:00,0.00096672270128220705
2020-08-04 08:00:00,-0.0015326092947565437
2020-08-04 16:00:00,-0.006941901740413748
2020-08-05 00:00:00,-0.014089440027245905
2020-08-05 08:00:00,0.0023288723077924713
2020-08-05 16:00:00,0.0021121597053342521
2020-08-06 00:00:00,-0.010453277863791537
2020-08-06 08:00:00,0.012720403204841814
2020-08-06 16:00:00,-0.0038770081199529607
2020-08-07 00:00:00,0.00016260549518074715
2020-08-07 08:00:00,-0.013890179548639595
2020-08-07 16:00:00,-0.0040916527421302066
2020-08-08 00:00:00,0.0033113590365930262
2020-08-08 08:00:00,0.01213808368618086
2020-08-08 16:00:00,0.013998368643390947
2020-08-09 00:00:00,-0.0057093893230357714
2020-08-09 08:00:00,-0.0050492963318665421
2020-08-09 16:00:00,0.00096512847138770621
2020-08-10 00:00:00,0.0013213657825521463
2020-08-10 08:00:00,0.0081809144101707507
2020-08-10 16:00:00,-0.00049794669359381474
2020-08-11 00:00:00,-0.0021452794639878581
2020-08-11 08:00:00,-0.012544840053104444
2020-08-11 16:00:00,0.0065088526517583728
2020-08-12 00:00:00,0.0034234815576208054
2020-08-12 08:00:00,0.021949499396742168
2020-08-12 16:00:00,0.0066276715338843715
2020-08-13 00:00:00,0.0095333194636794578
2020-08-13 08:00:00,0.0027677391629562409
2020-08-13 16:00:00,-0.0038780126099495259
2020-08-14 00:00:00,0.0066624978948656424
2020-08-14 08:00:00,-0.0027587857348278229
2020-08-14 16:00:00,-0.002939942119997993
2020-08-15 00:00:00,0.0026186393432421173
2020-08-15 08:00:00,0.0012009533269795856
2020-08-15 16:00:00,-0.0057134511031255086
2020-08-16 00:00:00,0.0057524552727113033
2020-08-16 08:00:00,0.0068509293104895754
2020-08-16 16:00:00,0.0094487375002008274
2020-08-17 00:00:00,0.0047381406546641476
2020-08-17 08:00:00,-0.012804535158489373
2020-08-17 16:00:00,-0.00052574069361944055
2020-08-18 00:00:00,0.00030951681039625794
2020-08-18 08:00:00,-0.014749168846338822
2020-08-18 16:00:00,0.0016441327156678934
2020-08-19 00:00:00,-0.0059976279368988495
2020-08-19 08:00:00,0.0087659976077270451
2020-08-19 16:00:00,-0.0016446700212548666
2020-08-20 00:00:00,0.019542733202806212
2020-08-20 08:00:00,0.019958627765626489
2020-08-20 16:00:00,0.051114382209446696
2020-08-21 00:00:00,0.01201390640747353
2020-08-21 08:00:00,0.0013986414100916882
2020-08-21 16:00:00,-0.039994786144102741
2020-08-22 00:00:00,0.007085471763606908
2020-08-22 08:00:00,0.007744705612874314
2020-08-22 16:00:00,0.0057633677578649489
2020-08-23 00:00:00,0.015141380161868818
2020-08-23 08:00:00,-0.011055553309583438
2020-08-23 16:00:00,0.014586213100436294
2020-08-24 00:00:00,-0.002815140881148287
2020-08-24 08:00:00,0.011217562531763486
2020-08-24 16:00:00,0.0024271604346327606
2020-08-25 00:00:00,-0.0059940417709314292
2020-08-25 08:00:00,0.0041262430239150097
2020-08-25 16:00:00,0.01750478785885053
2020-08-26 00:00:00,0.0043117812081955248
2020-08-26 08:00:00,-0.0033603770910745762
2020-08-26 16:00:00,-0.0083198791491343703
2020-08-27 00:00:00,-0.00030487323507416548
2020-08-27 08:00:00,-0.0020549921654102778
2020-08-27 16:00:00,0.004041979439208635
2020-08-28 00:00:00,-0.0030773604369513986
2020-08-28 08:00:00,0.0049783928054451714
2020-08-28 16:00:00,-0.0039027109850095563
2020-08-29 00:00:00,-0.0046511693597919941
2020-08-29 08:00:00,0.0034055765062585863
2020-08-29 16:00:00,-2.2082436143866404e-05
2020-08-30 00:00:00,0.0042123961698161448
2020-08-30 08:00:00,-0.011108088908904778
2020-08-30 16:00:00,-0.013305070007688298
2020-08-31 00:00:00,0.004465982395981203
2020-08-31 08:00:00,-0.0047932821518793002
2020-08-31 16:00:00,0.0039919395507880704
2020-09-01 00:00:00,-0.00052507837156219248
2020-09-01 08:00:00,0.0070574216464543496
2020-09-01 16:00:00,0.005167534580185657
2020-09-02 00:00:00,-0.0049936984782264736
2020-09-02 08:00:00,0.022735688295558117
2020-09-02 16:00:00,-0.0024474061884951956
2020-09-03 00:00:00,0.013144059378717736
2020-09-03 08:00:00,0.0094759555828193183
2020-09-03 16:00:00,0.034632487136861713
2020-09-04 00:00:00,0.00038934382737132749
2020-09-04 08:00:00,-0.0094094713372301717
2020-09-04 16:00:00,-0.0057020053427950593
2020-09-05 00:00:00,-0.0035228778400530503
2020-09-05 08:00:00,0.015505804268898044
2020-09-05 16:00:00,0.0090205885291159901
2020-09-06 00:00:00,-0.0020241698029265193
2020-09-06 08:00:00,-0.0039811888941825649
2020-09-06 16:00:00,-0.006401730334025013
2020-09-07 00:00:00,0.0067970984896553671
2020-09-07 08:00:00,-0.00056942038557537974
2020-09-07 16:00:00,-0.0069862123625513564
2020-09-08 00:00:00,-0.0012461845735016776
2020-09-08 08:00:00,0.0074000700482428627
2020-09-08 16:00:00,0.00083909013303535467
2020-09-09 00:00:00,-0.0028368391632427534
2020-09-09 08:00:00,-0.0081963280716033943
2020-09-09 16:00:00,0.0004525581240316467
2020-09-10 00:00:00,-0.0026495425917570869
2020-09-10 08:00:00,-0.0057792012074380722
2020-09-10 16:00:00,0.0028325037533292953
2020-09-11 00:00:00,0.0046221652677614303
2020-09-11 08:00:00,-0.0041238288724875843
2020-09-11 16:00:00,-0.0024682956283010372
2020-09-12 00:00:00,-0.00013669706787172614
2020-09-12 08:00:00,-7.4243917980759808e-05
2020-09-12 16:00:00,-0.0042272673381093485
2020-09-13 00:00:00,-0.012365504883418194
2020-09-13 08:00:00,0.0090661704978611951
2020-09-13 16:00:00,0.0045853582826989219
2020-09-14 00:00:00,0.0030772778175396738
2020-09-14 08:00:00,-0.0054982723222322567
2020-09-14 16:00:00,0.004258215243304597
2020-09-15 00:00:00,0.0017967951321784703
2020-09-15 08:00:00,0.0076088483347206155
2020-09-15 16:00:00,0.0094753364650300691
2020-09-16 00:00:00,0.0029889790741965097
2020-09-16 08:00:00,-0.006168360159704042
2020-09-16 16:00:00,-0.0010188997885450691
2020-09-17 00:00:00,0.0029725521353554485
2020-09-17 08:00:00,0.015709519664243981
2020-09-17 16:00:00,0.0016871323519103958
2020-09-18 00:00:00,0.0026077402684810342
2020-09-18 08:00:00,0.012486219080771398
2020-09-18 16:00:00,0.0062999235397164502
2020-09-19 00:00:00,0.0015934111496762337
2020-09-19 08:00:00,-0.00091846809296639216
2020-09-19 16:00:00,-0.0070998517997220619
2020-09-20 00:00:00,-0.00049572429638901089
2020-09-20 08:00:00,0.01415089524646501
2020-09-20 16:00:00,-0.0010828474746864131
2020-09-21 00:00:00,0.012224836328931329
2020-09-21 08:00:00,0.030963707571211207
2020-09-21 16:00:00,0.0071528259750449604
2020-09-22 00:00:00,-0.0059567778339402267
2020-09-22 08:00:00,-0.016555203908158064
2020-09-22 16:00:00,0.0057890142092166218
2020-09-23 00:00:00,0.010339113059499111
2020-09-23 08:00:00,-0.0044298150723777914
2020-09-23 16:00:00,0.02618142064999816
2020-09-24 00:00:00,-0.011964840025792846
2020-09-24 08:00:00,-0.0078082097605932706
2020-09-24 16:00:00,-0.0062496017086159771
2020-09-25 00:00:00,0.0097645475219600257
2020-09-25 08:00:00,-0.019299172867823199
2020-09-25 16:00:00,-0.019020627659957136
2020-09-26 00:00:00,-0.0061528525016053123
2020-09-26 08:00:00,-0.0081014458423612004
2020-09-26 16:00:00,-0.0065651160160191758
2020-09-27 00:00:00,0.013112122902390846
2020-09-27 08:00:00,0.010995069637721538
2020-09-27 16:00:00,-0.0045977924369064284
2020-09-28 00:00:00,0.0086063809001293168
2020-09-28 08:00:00,-0.024185071502670182
2020-09-28 16:00:00,0.015309221959652551
2020-09-29 00:00:00,0.010488817577523034
2020-09-29 08:00:00,0.0053424090955872822
2020-09-29 16:00:00,-0.0017152503292341362
2020-09-30 00:00:00,0.002742844834030359
2020-09-30 08:00:00,-0.0026506145647106718
2020-09-30 16:00:00,0.0071520600723211933
2020-10-01 00:00:00,-0.015179069790875204
2020-10-01 08:00:00,0.0086056156500394793
2020-10-01 16:00:00,0.0016114248854993051
2020-10-02 00:00:00,0.013402384369407761
2020-10-02 08:00:00,0.015006756434643732
2020-10-02 16:00:00,-0.0012021621011213421
2020-10-03 00:00:00,-0.00060287603591612784
2020-10-03 08:00:00,0.0039822758908100563
2020-10-03 16:00:00,0.017901299216676114
2020-10-04 00:00:00,0.012430441680722543
2020-10-04 08:00:00,0.022331786995942092
2020-10-04 16:00:00,-0.0082351305649543856
2020-10-05 00:00:00,0.01001789039366863
2020-10-05 08:00:00,-0.018731726761426155
2020-10-05 16:00:00,0.016440712104806458
2020-10-06 00:00:00,0.01931052053299125
2020-10-06 08:00:00,0.0049407433908486989
2020-10-06 16:00:00,0.034048037140458232
2020-10-07 00:00:00,0.010819542925632563
2020-10-07 08:00:00,0.0054593146986029063
2020-10-07 16:00:00,-0.020446580805635776
2020-10-08 00:00:00,0.026789116100853719
2020-10-08 08:00:00,-0.057595947642874873
2020-10-08 16:00:00,-0.0069999715118485564
2020-10-09 00:00:00,-0.0041830350608769301
2020-10-09 08:00:00,-0.027603688289874244
2020-10-09 16:00:00,0.0045617352761060919
2020-10-10 00:00:00,0.0056599313251507926
2020-10-10 08:00:00,0.0083631071321728107
2020-10-10 16:00:00,0.0080907649501738444
2020-10-11 00:00:00,0.00027003908705260608
2020-10-11 08:00:00,0.0023237194955708146
2020-10-11 16:00:00,0.00052448263464740467
2020-10-12 00:00:00,-0.0012711029573147031
2020-10-12 08:00:00,0.0026679554980807178
2020-10-12 16:00:00,-0.0021299324512075095
2020-10-13 00:00:00,0.002270280310721007
2020-10-13 08:00:00,0.0013105764166941108
2020-10-13 16:00:00,0.001187949749825996
2020-10-14 00:00:00,0.0023848369269928067
2020-10-14 08:00:00,-0.0012734711242349522
2020-10-14 16:00:00,-0.00067480683942440023
2020-10-15 00:00:00,-0.0026131038334057479
2020-10-15 08:00:00,-0.006151639592023769
2020-10-15 16:00:00,0.0025129209663153464
2020-10-16 00:00:00,-0.0037958365329550264
2020-10-16 08:00:00,0.0046557943639812215
2020-10-16 16:00:00,0.0070501584510606619
2020-10-17 00:00:00,-0.0020711618219280813
2020-10-17 08:00:00,-0.00033096924741578905
2020-10-17 16:00:00,0.0015463401435165706
2020-10-18 00:00:00,-0.008849312526854218
2020-10-18 08:00:00,-0.0053526979194906156
2020-10-18 16:00:00,-0.0029230126225577792
2020-10-19 00:00:00,0.013279535743208861
2020-10-19 08:00:00,-6.0615387605353848e-05
2020-10-19 16:00:00,0.008499339690378702
2020-10-20 00:00:00,0.010671571815608242
2020-10-20 08:00:00,0.0068678914832779455
2020-10-20 16:00:00,0.0028965805344742007
2020-10-21 00:00:00,-0.0045936526592071352
2020-10-21 08:00:00,-0.0029631588799710804
2020-10-21 16:00:00,0.0064049806260161836
2020-10-22 00:00:00,-0.0065019572148679958
2020-10-22 08:00:00,-0.0055307901914808484
2020-10-22 16:00:00,0.0046841364222155648
2020-10-23 00:00:00,0.0041874470766477111
2020-10-23 08:00:00,-0.0029726078873386656
2020-10-23 16:00:00,0.0030788470475269221
2020-10-24 00:00:00,0.002878721310862148
2020-10-24 08:00:00,0.0017236201654206231
2020-10-24 16:00:00,0.0029896387197906413
2020-10-25 00:00:00,-0.0047092512347346816
2020-10-25 08:00:00,0.007148218157567483
2020-10-25 16:00:00,-0.0022846681613903886
2020-10-26 00:00:00,0.00065672513743059613
2020-10-26 08:00:00,0.00034441333829413301
2020-10-26 16:00:00,-0.0077926801543549773
2020-10-27 00:00:00,0.0018147276797798565
2020-10-27 08:00:00,-0.0077119599817299924
2020-10-27 16:00:00,-0.0072048782301833347
2020-10-28 00:00:00,0.015272893989961494
2020-10-28 08:00:00,-0.00057731953676902318
2020-10-28 16:00:00,0.0076133799741137115
2020-10-29 00:00:00,-0.00093477871242638236
2020-10-29 08:00:00,0.0099708534159475525
2020-10-29 16:00:00,0.0099457186522495956
2020-10-30 00:00:00,0.016308364776741243
2020-10-30 08:00:00,-0.015712173495230231
2020-10-30 16:00:00,-0.0017864174846732004
2020-10-31 00:00:00,-0.0019867431890340306
2020-10-31 08:00:00,0.00082197869684266756
2020-10-31 16:00:00,0.0069542364015789939
2020-11-01 00:00:00,-0.0042339964566195116
2020-11-01 08:00:00,0.0010054886599345357
2020-11-01 16:00:00,-0.0092108685949937579
2020-11-02 00:00:00,-0.0087409143959695807
2020-11-02 08:00:00,0.012007975189995388
2020-11-02 16:00:00,0.0063260303885498597
2020-11-03 00:00:00,0.013466419291849026
2020-11-03 08:00:00,0.0046009902503077616
2020-11-03 16:00:00,-0.00082314004749651126
2020-11-04 00:00:00,0.0057216183192108638
2020-11-04 08:00:00,0.018759787554709938
2020-11-04 16:00:00,-0.0094102472589494852
2020-11-05 00:00:00,0.0033445799278617777
2020-11-05 08:00:00,-0.015861794368078774
2020-11-05 16:00:00,0.0088644480216594126
2020-11-06 00:00:00,-0.037011182845265868
2020-11-06 08:00:00,-0.018046610270678751
2020-11-06 16:00:00,-0.025557520380061781
2020-11-07 00:00:00,-0.040706242481747111
2020-11-07 08:00:00,7.4818678788314254e-05
2020-11-07 16:00:00,-0.0044795068241618961
2020-11-08 00:00:00,0.0017545966792119473
2020-11-08 08:00:00,0.0048422961511343805
2020-11-08 16:00:00,0.0021014657248446373
2020-11-09 00:00:00,-0.0064685935429168962
2020-11-09 08:00:00,-0.0028569655477065194
2020-11-09 16:00:00,0.016607013827583134
2020-11-10 00:00:00,0.0097896536573777743
2020-11-10 08:00:00,0.0070845768594529025
2020-11-10 16:00:00,0.0042484733831798134
2020-11-11 00:00:00,-0.0033901688299871678
2020-11-11 08:00:00,-0.011579272565787942
2020-11-11 16:00:00,-0.004163756741252799
2020-11-12 00:00:00,0.0068337361934996815
2020-11-12 08:00:00,-0.0081169754064245002
2020-11-12 16:00:00,0.00023562100536639186
2020-11-13 00:00:00,0.011018838724314273
2020-11-13 08:00:00,0.0062868930811001587
2020-11-13 16:00:00,0.012851966198716798
2020-11-14 00:00:00,-0.01240384254099895
2020-11-14 08:00:00,-0.003078602239158271
2020-11-14 16:00:00,0.01021011303873021
2020-11-15 00:00:00,0.014295214774624412
2020-11-15 08:00:00,0.0039414564006663537
2020-11-15 16:00:00,-0.010243787108123277
2020-11-16 00:00:00,0.0092712394189105735
2020-11-16 08:00:00,0.01027904800648506
2020-11-16 16:00:00,0.0033693842450017259
2020-11-17 00:00:00,0.012361754997905941
2020-11-17 08:00:00,-0.011443464039849839
2020-11-17 16:00:00,0.018485874787998634
2020-11-18 00:00:00,-0.015083351600972192
2020-11-18 08:00:00,-0.0075185027351690765
2020-11-18 16:00:00,0.01024522571980851
2020-11-19 00:00:00,-0.0089104359629044276
2020-11-19 08:00:00,0.02515885681757208
2020-11-19 16:00:00,-0.00022321924088912197
2020-11-20 00:00:00,0.011259690526766992
2020-11-20 08:00:00,0.0055421192441511401
2020-11-20 16:00:00,-0.0012874475126217881
2020-11-21 00:00:00,0.0058926183366239384
2020-11-21 08:00:00,0.010646463768144371
2020-11-21 16:00:00,0.0005348779305633742
2020-11-22 00:00:00,-0.010977382462604473
2020-11-22 08:00:00,0.00049766335726989061
2020-11-22 16:00:00,0.002141121711918572
2020-11-23 00:00:00,0.011515683811079728
2020-11-23 08:00:00,-0.0030496544513614705
2020-11-23 16:00:00,0.013648377339318733
2020-11-24 00:00:00,0.0073174540104605224
2020-11-24 08:00:00,-0.00040428140566483401
2020-11-24 16:00:00,0.0014712052022901514
2020-11-25 00:00:00,-0.0037695739767311751
2020-11-25 08:00:00,0.0058239594959785994
2020-11-25 16:00:00,-0.016375097602994958
2020-11-26 00:00:00,-0.024340354207846665
2020-11-26 08:00:00,-0.002992036220696795
2020-11-26 16:00:00,-0.00044235454147345738
2020-11-27 00:00:00,-0.0013082211495698622
2020-11-27 08:00:00,-0.010064008422323941
2020-11-27 16:00:00,-0.0018682718216463531
2020-11-28 00:00:00,0.0024045257516342677
2020-11-28 08:00:00,-0.0066721603909071754
2020-11-28 16:00:00,-0.0028801638269720163
2020-11-29 00:00:00,-0.0018352049150644595
2020-11-29 08:00:00,-0.0020207471984805213
2020-11-29 16:00:00,-0.0034186367709323085
2020-11-30 00:00:00,0.0039229334296943443
2020-11-30 08:00:00,-0.0011354571681871024
2020-11-30 16:00:00,0.0040316744817116201
2020-12-01 00:00:00,0.00080908730456951967
2020-12-01 08:00:00,-0.0023898740752933498
2020-12-01 16:00:00,-0.0055116032356517519
2020-12-02 00:00:00,0.018053584684866158
2020-12-02 08:00:00,0.0033917080066307522
2020-12-02 16:00:00,-0.0031558866821994633
2020-12-03 00:00:00,-0.0095151612952002144
2020-12-03 08:00:00,0.0065465153308835776
2020-12-03 16:00:00,-0.0032163053598669817
2020-12-04 00:00:00,-0.013487852708583549
2020-12-04 08:00:00,-0.0046139815903199349
2020-12-04 16:00:00,-0.01041280293877527
2020-12-05 00:00:00,0.017024419458723742
2020-12-05 08:00:00,0.013100715220053826
2020-12-05 16:00:00,0.0060484676043790105
2020-12-06 00:00:00,-0.0025141580727590764
2020-12-06 08:00:00,-0.0042434858617882692
2020-12-06 16:00:00,0.0056779016332390818
2020-12-07 00:00:00,0.0039529210911005523
2020-12-07 08:00:00,0.010428677561652611
2020-12-07 16:00:00,-0.0034558414353269202
2020-12-08 00:00:00,-0.00018080784816025395
2020-12-08 08:00:00,-0.0041919801681112893
2020-12-08 16:00:00,-0.01292026493620169
2020-12-09 00:00:00,0.0030505465137532846
2020-12-09 08:00:00,-0.0076172988701187884
2020-12-09 16:00:00,-0.0033911667363888667
2020-12-10 00:00:00,0.0041172430665040432
2020-12-10 08:00:00,-0.00049401305940196692
2020-12-10 16:00:00,-0.0016595792803794714
2020-12-11 00:00:00,0.0083083983509428198
2020-12-11 08:00:00,0.0038351645660224956
2020-12-11 16:00:00,0.0061048940928554495
2020-12-12 00:00:00,-0.012436415505985326
2020-12-12 08:00:00,0.014117207759609483
2020-12-12 16:00:00,-0.0025963079771506052
2020-12-13 00:00:00,-0.0094155209005771894
2020-12-13 08:00:00,-0.0011915299472345956
2020-12-13 16:00:00,0.0024988073883325671
2020-12-14 00:00:00,0.004575096795902036
2020-12-14 08:00:00,0.018710908789924052
2020-12-14 16:00:00,-0.0066883751023845842
2020-12-15 00:00:00,-0.0010010368417055027
2020-12-15 08:00:00,0.0090280810287534288
2020-12-15 16:00:00,0.012477909450539044
2020-12-16 00:00:00,0.011262541137836314
2020-12-16 08:00:00,-0.013919496914178838
2020-12-16 16:00:00,-0.0061799520435311733
2020-12-17 00:00:00,-0.004016890511493741
2020-12-17 08:00:00,0.011158146668951612
2020-12-17 16:00:00,-0.010897025168930425
2020-12-18 00:00:00,0.0040246493100871677
2020-12-18 08:00:00,0.001003611307513466
2020-12-18 16:00:00,0.01661322580725837
2020-12-19 00:00:00,-0.002646928677844516
2020-12-19 08:00:00,0.017833511007696277
2020-12-19 16:00:00,-0.0052660770717381285
2020-12-20 00:00:00,-0.00018971449357280441
2020-12-20 08:00:00,0.00061797783316300638
2020-12-20 16:00:00,-0.0050992175586863191
2020-12-21 00:00:00,0.016025325529039073
2020-12-21 08:00:00,-0.013392531260558825
2020-12-21 16:00:00,0.0015192163440392525
2020-12-22 00:00:00,-0.0017085774304595436
2020-12-22 08:00:00,0.0016493641765786633
2020-12-22 16:00:00,0.0099314199132095899
2020-12-23 00:00:00,0.035537282147734696
2020-12-23 08:00:00,0.029009448100411575
2020-12-23 16:00:00,0.033279130403482286
2020-12-24 00:00:00,-0.0096933008851945029
2020-12-24 08:00:00,-0.019771815462318883
2020-12-24 16:00:00,-0.018366217893397041
2020-12-25 00:00:00,0.0053363216711898682
2020-12-25 08:00:00,0.00052147777871286145
2020-12-25 16:00:00,0.0081302318118964059
2020-12-26 00:00:00,0.028716921583422352
2020-12-26 08:00:00,0.022479261454776418
2020-12-26 16:00:00,0.015375886961572365
2020-12-27 00:00:00,-0.0026530010689741969
2020-12-27 08:00:00,-0.032249195478538939
2020-12-27 16:00:00,0.001107687852155889
2020-12-28 00:00:00,0.00053087009279208664
2020-12-28 08:00:00,-0.0012581031882690102
2020-12-28 16:00:00,0.0081387849939687264
2020-12-29 00:00:00,-0.0035334600622318503
2020-12-29 08:00:00,0.013115769576803495
2020-12-29 16:00:00,-0.0094664767566586851
2020-12-30 00:00:00,5.1259304749144192e-05
2020-12-30 08:00:00,-0.015684441933155636
2020-12-30 16:00:00,0.0067038403334215525
2020-12-31 00:00:00,0.011623592033537728
2020-12-31 08:00:00,-0.0048555821735594617
2020-12-31 16:00:00,0.0048647973583882502
2021-01-01 00:00:00,-0.001473292579196385
2021-01-01 08:00:00,-0.005181235065474802
2021-01-01 16:00:00,0.00431208764149514
2021-01-02 00:00:00,0.0077143959787322686
2021-01-02 08:00:00,0.023997306096902149
2021-01-02 16:00:00,0.01232682187684765
2021-01-03 00:00:00,0.027085307955155812
2021-01-03 08:00:00,0.0012131019055004525
2021-01-03 16:00:00,-0.006416919023891134
2021-01-04 00:00:00,-0.0064651745861906938
2021-01-04 08:00:00,0.0029743839651545788
2021-01-04 16:00:00,0.0044463619306392066
2021-01-05 00:00:00,-0.011891233167448298
2021-01-05 08:00:00,0.029346632882002264
2021-01-05 16:00:00,0.0061233152935941358
2021-01-06 00:00:00,0.0047354218848866701
2021-01-06 08:00:00,0.010713132192219631
2021-01-06 16:00:00,0.012646784870969605
2021-01-07 00:00:00,-0.02318547091273675
2021-01-07 08:00:00,-0.00029988620519992402
2021-01-07 16:00:00,-0.012977775437224566
2021-01-08 00:00:00,4.1846839321526796e-05
2021-01-08 08:00:00,0.0086568597825649948
2021-01-08 16:00:00,0.00083234087692132407
2021-01-09 00:00:00,0.004649613401215693
2021-01-09 08:00:00,0.011209897081123367
2021-01-09 16:00:00,0.0064337912420365934
2021-01-10 00:00:00,0.010015668434000959
2021-01-10 08:00:00,-0.021099753042131925
2021-01-10 16:00:00,-0.0027257750749857834
2021-01-11 00:00:00,-0.02597587546806282
2021-01-11 08:00:00,-0.017045763454979372
2021-01-11 16:00:00,0.016310403538750219
2021-01-12 00:00:00,0.014396861631575221
2021-01-12 08:00:00,-0.022472166573776334
2021-01-12 16:00:00,0.0075082842993584786
2021-01-13 00:00:00,0.0036222736978120279
2021-01-13 08:00:00,0.0074190516238600689
2021-01-13 16:00:00,0.0070354231480849556
2021-01-14 00:00:00,0.0002834407003661611
2021-01-14 08:00:00,0.0041365104429748577
2021-01-14 16:00:00,5.8298700009270543e-05
2021-01-15 00:00:00,0.0077502149073869573
2021-01-15 08:00:00,-0.014331426277078918
2021-01-15 16:00:00,0.021167647597802451
2021-01-16 00:00:00,0.012696302189634315
2021-01-16 08:00:00,0.01263741818590397
2021-01-16 16:00:00,-0.015670838601343912
2021-01-17 00:00:00,-0.003911774773562973
2021-01-17 08:00:00,0.014526055832501678
2021-01-17 16:00:00,0.0063444884139537651
2021-01-18 00:00:00,0.0083552551007291028
2021-01-18 08:00:00,-0.011516305615696552
2021-01-18 16:00:00,0.0023078473201928323
2021-01-19 00:00:00,-0.0085676747147724105
2021-01-19 08:00:00,-0.00073466823473770817
2021-01-19 16:00:00,-0.0076697067911161076
2021-01-20 00:00:00,0.0028025095145017844
2021-01-20 08:00:00,-0.011205012864243162
2021-01-20 16:00:00,0.020094275026205193
2021-01-21 00:00:00,-0.012601739499399288
2021-01-21 08:00:00,-0.0071253030039223767
2021-01-21 16:00:00,-0.016875910431052916
2021-01-22 00:00:00,0.009677928638611645
2021-01-22 08:00:00,0.01939682891023908
2021-01-22 16:00:00,-0.0031010038024137554
2021-01-23 00:00:00,0.020881502678382818
2021-01-23 08:00:00,-0.0022482472106957621
2021-01-23 16:00:00,-8.7727442864195642e-05
2021-01-24 00:00:00,0.0099349464786201973
2021-01-24 08:00:00,0.0083074580577409667
2021-01-24 16:00:00,0.012830890848292973
2021-01-25 00:00:00,7.1097430914511851e-05
2021-01-25 08:00:00,-0.0086640275765894927
2021-01-25 16:00:00,-0.0064100775294815681
2021-01-26 00:00:00,0.0064597213841146679
2021-01-26 08:00:00,0.0025011895523739587
2021-01-26 16:00:00,0.031665649157398036
2021-01-27 00:00:00,-0.0017199158026522097
2021-01-27 08:00:00,0.00039318496916867786
2021-01-27 16:00:00,0.0057691949689023655
2021-01-28 00:00:00,0.0013253273242475596
2021-01-28 08:00:00,0.0061628140839514794
2021-01-28 16:00:00,-0.003642099360174459
2021-01-29 00:00:00,0.0026929950459221781
2021-01-29 08:00:00,-0.0099329190620015533
2021-01-29 16:00:00,0.020336296334726781
2021-01-30 00:00:00,0.0015400041415135771
2021-01-30 08:00:00,0.019869050401122624
2021-01-30 16:00:00,0.009517193905868828
2021-01-31 00:00:00,-0.0020077273684879966
2021-01-31 08:00:00,-0.0034362303888317543
2021-01-31 16:00:00,0.00404464451382222
2021-02-01 00:00:00,-0.002757725540042132
2021-02-01 08:00:00,-0.0049519548236875372
2021-02-01 16:00:00,0.010276962970968933
2021-02-02 00:00:00,-0.0071563350011946128
2021-02-02 08:00:00,-0.0026596444995174539
2021-02-02 16:00:00,-0.0037321007304557301
2021-02-03 00:00:00,-0.00248705324273347
2021-02-03 08:00:00,0.011472434177544304
2021-02-03 16:00:00,0.0058092879886860096
2021-02-04 00:00:00,0.0038907568098556266
2021-02-04 08:00:00,0.0071031122744102133
2021-02-04 16:00:00,0.013078090646606758
2021-02-05 00:00:00,0.013716433325851762
2021-02-05 08:00:00,0.0078022241730290312
2021-02-05 16:00:00,-0.0021970837536788826
2021-02-06 00:00:00,-0.015821043242516389
2021-02-06 08:00:00,-0.0043735236666427391
2021-02-06 16:00:00,0.0083421418414579077
2021-02-07 00:00:00,-0.0019515688497080286
2021-02-07 08:00:00,0.001407904650032163
2021-02-07 16:00:00,0.015945225075436959
2021-02-08 00:00:00,0.0075551245181103687
2021-02-08 08:00:00,0.0024658188174640802
2021-02-08 16:00:00,-3.8075840994305088e-07
2021-02-09 00:00:00,0.0010478874315260353
2021-02-09 08:00:00,0.0033931006546255339
2021-02-09 16:00:00,0.0057888577735504569
2021-02-10 00:00:00,0.00472765079738842
2021-02-10 08:00:00,-0.011668555096678827
2021-02-10 16:00:00,0.0083844574300719205
2021-02-11 00:00:00,0.0055103735856532124
2021-02-11 08:00:00,0.0061625614082202436
2021-02-11 16:00:00,-0.00028536825877161523
2021-02-12 00:00:00,0.0025256286070064011
2021-02-12 08:00:00,0.0032189539936975983
2021-02-12 16:00:00,0.0037914513904534547
2021-02-13 00:00:00,-0.00075849098292950852
2021-02-13 08:00:00,0.0036390310137623845
2021-02-13 16:00:00,0.0033035267550786175
2021-02-14 00:00:00,-0.0039834928075260139
2021-02-14 08:00:00,-0.0071875089311672618
2021-02-14 16:00:00,0.00058592419176385982
2021-02-15 00:00:00,-0.0076951363271834904
2021-02-15 08:00:00,0.0053800435827551039
2021-02-15 16:00:00,-0.0002829057584216437
2021-02-16 00:00:00,0.0033766525946508719
2021-02-16 08:00:00,-0.0033843936694131246
2021-02-16 16:00:00,-0.0017632282925198227
2021-02-17 00:00:00,0.0018158638470558146
2021-02-17 08:00:00,0.0023706668357987236
2021-02-17 16:00:00,-0.0011141155120899437
2021-02-18 00:00:00,0.0014537235261526302
2021-02-18 08:00:00,0.0046077302482832845
2021-02-18 16:00:00,-0.00058196754827890206
2021-02-19 00:00:00,0.0062707222738408036
2021-02-19 08:00:00,0.0023927004063853791
2021-02-19 16:00:00,0.012965887073796714
2021-02-20 00:00:00,-0.010111025332557833
2021-02-20 08:00:00,-0.010392643796564105
2021-02-20 16:00:00,-0.012986817070206113
2021-02-21 00:00:00,0.0059760764946311159
2021-02-21 08:00:00,0.0082174217808766593
2021-02-21 16:00:00,-0.003031934175664362
2021-02-22 00:00:00,-0.011515211294837189
2021-02-22 08:00:00,-0.0056026859984329783
2021-02-22 16:00:00,0.023246657427537034
2021-02-23 00:00:00,-0.0088120002759214285
2021-02-23 08:00:00,0.0019518911470090834
2021-02-23 16:00:00,-0.0014812678579952192
2021-02-24 00:00:00,0.0050612715453226074
2021-02-24 08:00:00,0.011297854494983186
2021-02-24 16:00:00,0.0044009713642801642
2021-02-25 00:00:00,0.0060378676549586556
2021-02-25 08:00:00,-0.0058773156536028864
2021-02-25 16:00:00,-0.010091412453715294
2021-02-26 00:00:00,0.0071664949002031297
2021-02-26 08:00:00,-0.014519282328310137
2021-02-26 16:00:00,0.014124781025667669
2021-02-27 00:00:00,0.0033820514918834789
2021-02-27 08:00:00,-0.00525590905854655
2021-02-27 16:00:00,-0.0051375946026115185
2021-02-28 00:00:00,0.014948545239715725
2021-02-28 08:00:00,0.014991426112109874
2021-02-28 16:00:00,-0.00082294308679863926
2021-03-01 00:00:00,0.00094737756444078535
2021-03-01 08:00:00,-0.031303898101830908
2021-03-01 16:00:00,0.0030674484895314366
2021-03-02 00:00:00,-0.01126902830727515
2021-03-02 08:00:00,-0.0098824773066219004
2021-03-02 16:00:00,0.0010635917862542321
2021-03-03 00:00:00,-0.013718956836662043
2021-03-03 08:00:00,-0.0065266103503865639
2021-03-03 16:00:00,-0.0017662232348438086
2021-03-04 00:00:00,-0.0042090800514569034
2021-03-04 08:00:00,0.0096034071387355001
2021-03-04 16:00:00,-0.007522830948042558
2021-03-05 00:00:00,0.011241763263594886
2021-03-05 08:00:00,0.0071580812721785516
2021-03-05 16:00:00,0.0024014283298606953
2021-03-06 00:00:00,-0.0058136152971538721
2021-03-06 08:00:00,0.0022142206050356278
2021-03-06 16:00:00,-0.013725402200248206
2021-03-07 00:00:00,-0.0018563778542261614
2021-03-07 08:00:00,-0.0061190320745455233
2021-03-07 16:00:00,0.0050033820385705051
2021-03-08 00:00:00,-0.011456109050475675
2021-03-08 08:00:00,0.033514628203366321
2021-03-08 16:00:00,0.029625996078341897
2021-03-09 00:00:00,0.025705761901550484
2021-03-09 08:00:00,-0.01194408266958048
2021-03-09 16:00:00,0.0089151798291945642
2021-03-10 00:00:00,-0.0011757534306297646
2021-03-10 08:00:00,-0.0013951913945739608
2021-03-10 16:00:00,-0.0047288252633541743
2021-03-11 00:00:00,-0.0022108204484346228
2021-03-11 08:00:00,0.033256882927826172
2021-03-11 16:00:00,0.011191029732506567
2021-03-12 00:00:00,0.032575862633226704
2021-03-12 08:00:00,0.0012784586124709714
2021-03-12 16:00:00,0.025059607670887205
2021-03-13 00:00:00,0.010465182231039986
2021-03-13 08:00:00,-0.023709141203440531
2021-03-13 16:00:00,0.0082826238782055771
2021-03-14 00:00:00,0.0017769282118638105
2021-03-14 08:00:00,0.0088790574101245689
2021-03-14 16:00:00,-0.0015686801815899684
2021-03-15 00:00:00,0.00013075814149765617
2021-03-15 08:00:00,-0.0013776794220968001
2021-03-15 16:00:00,-0.0049021533895024453
2021-03-16 00:00:00,-0.0078984645553534585
2021-03-16 08:00:00,0.01467161616896227
2021-03-16 16:00:00,-0.020944766725762082
2021-03-17 00:00:00,-0.0035629925775655046
2021-03-17 08:00:00,-0.0053667337830949234
2021-03-17 16:00:00,0.0060709703654465343
2021-03-18 00:00:00,0.00021527553780673482
2021-03-18 08:00:00,0.0060580147802590627
2021-03-18 16:00:00,-0.0055785713763554443
2021-03-19 00:00:00,0.0067002539565932905
2021-03-19 08:00:00,-0.00053944561136931286
2021-03-19 16:00:00,-0.00059749396442803195
2021-03-20 00:00:00,-0.003760486802400671
2021-03-20 08:00:00,-0.0022445428158254215
2021-03-20 16:00:00,-0.0079812046584009002
2021-03-21 00:00:00,0.0028448101716324384
2021-03-21 08:00:00,0.00080674221017611549
2021-03-21 16:00:00,0.0031663453987372608
2021-03-22 00:00:00,0.00487788867892052
2021-03-22 08:00:00,0.0019617579640168119
2021-03-22 16:00:00,-0.0078298278971900021
2021-03-23 00:00:00,0.0038087157537321256
2021-03-23 08:00:00,0.010350901684986242
2021-03-23 16:00:00,0.0004072396746913669
2021-03-24 00:00:00,0.0036118533811575811
2021-03-24 08:00:00,0.00088113559281445682
2021-03-24 16:00:00,-0.019093891501671366
2021-03-25 00:00:00,0.0057374109399245159
2021-03-25 08:00:00,0.0033897787479556106
2021-03-25 16:00:00,0.0089928620989915067
2021-03-26 00:00:00,-0.012641721389006204
2021-03-26 08:00:00,0.0013966366408373284
2021-03-26 16:00:00,0.010228585041740781
2021-03-27 00:00:00,0.0077987408706010784
2021-03-27 08:00:00,0.0038742862325225262
2021-03-27 16:00:00,0.013110418113007073
2021-03-28 00:00:00,-0.0054493015309133863
2021-03-28 08:00:00,-0.0050254739031176084
2021-03-28 16:00:00,-0.001823809890209272
2021-03-29 00:00:00,0.0091042728278284274
2021-03-29 08:00:00,-0.0035811111341072402
2021-03-29 16:00:00,-0.0014825663229744328
2021-03-30 00:00:00,0.0026932518168134132
2021-03-30 08:00:00,-0.0046526527942763038
2021-03-30 16:00:00,0.0032945734096598255
2021-03-31 00:00:00,-0.0065653376762520015
2021-03-31 08:00:00,0.018423253739958744
2021-03-31 16:00:00,0.0050045217582276296
2021-04-01 00:00:00,0.0094335275836263978
2021-04-01 08:00:00,0.0043493010342135147
2021-04-01 16:00:00,-0.0023041396819288096
2021-04-02 00:00:00,-0.00020098913199499064
2021-04-02 08:00:00,0.0036179703092650596
2021-04-02 16:00:00,0.0017081139631004601
2021-04-03 00:00:00,0.0020967930519357634
2021-04-03 08:00:00,-0.0013665227967788642
2021-04-03 16:00:00,-0.010827448496665941
2021-04-04 00:00:00,0.0093623599016737155
2021-04-04 08:00:00,-0.0059084953963348223
2021-04-04 16:00:00,0.011775070654662935
2021-04-05 00:00:00,0.0036184803289567038
2021-04-05 08:00:00,0.02186803328706621
2021-04-05 16:00:00,0.015588789190732743
2021-04-06 00:00:00,0.00080713673715252529
2021-04-06 08:00:00,0.0027201281359673646
2021-04-06 16:00:00,0.016584084232093593
2021-04-07 00:00:00,0.0076163209381693662
2021-04-07 08:00:00,-0.014530416951354725
2021-04-07 16:00:00,-0.02039387254471009
2021-04-08 00:00:00,0.0060798395270676153
2021-04-08 08:00:00,-0.0037489943780115841
2021-04-08 16:00:00,0.010080934210457231
2021-04-09 00:00:00,-0.0089672084338192869
2021-04-09 08:00:00,0.0026169576308771032
2021-04-09 16:00:00,0.0064551343168059404
2021-04-10 00:00:00,0.0069876111319209016
2021-04-10 08:00:00,0.0095733498346450441
2021-04-10 16:00:00,0.0024395872506527204
2021-04-11 00:00:00,0.0083643945571105077
2021-04-11 08:00:00,0.0019584160977114229
2021-04-11 16:00:00,0.0067097397590175452
2021-04-12 00:00:00,0.001399573161265699
2021-04-12 08:00:00,-0.020323180100960406
2021-04-12 16:00:00,0.0037913115721431791
2021-04-13 00:00:00,0.0043061103339879035
2021-04-13 08:00:00,0.011108220606222926
2021-04-13 16:00:00,0.0071437755281829121
2021-04-14 00:00:00,0.01876677565082108
2021-04-14 08:00:00,-0.015099419018973582
2021-04-14 16:00:00,0.017045176932641858
2021-04-15 00:00:00,0.0019279427073039819
2021-04-15 08:00:00,0.0096135425469892309
2021-04-15 16:00:00,0.0093693909917355375
2021-04-16 00:00:00,0.0086317481353412953
2021-04-16 08:00:00,0.021632757225621971
2021-04-16 16:00:00,0.0042622431182741463
2021-04-17 00:00:00,0.0057349543654351652
2021-04-17 08:00:00,-0.023838198738104759
2021-04-17 16:00:00,-0.0020415508835514556
2021-04-18 00:00:00,-0.01363434732908839
2021-04-18 08:00:00,0.010746678369205434
2021-04-18 16:00:00,0.031016347917088877
2021-04-19 00:00:00,0.0068970723728202527
2021-04-19 08:00:00,-0.025597614653969626
2021-04-19 16:00:00,0.0067593602727549287
2021-04-20 00:00:00,0.0078847506821401389
2021-04-20 08:00:00,-0.025665727469311492
2021-04-20 16:00:00,-0.014435171135551286
2021-04-21 00:00:00,-0.0033034056909883214
2021-04-21 08:00:00,-0.0078350306238560759
2021-04-21 16:00:00,0.018877914738677008
2021-04-22 00:00:00,0.0045549399953440182
2021-04-22 08:00:00,-0.015830459582089593
2021-04-22 16:00:00,0.023963159938178269
2021-04-23 00:00:00,0.01890938577961206
2021-04-23 08:00:00,-0.0028576729958001827
2021-04-23 16:00:00,-0.011721723734367511
2021-04-24 00:00:00,0.0049318007628109334
2021-04-24 08:00:00,0.0081327989403307179
2021-04-24 16:00:00,0.017036645812210292
2021-04-25 00:00:00,-0.0074350837763837926
2021-04-25 08:00:00,-0.0089242449747296455
2021-04-25 16:00:00,0.021069747710390899
2021-04-26 00:00:00,-0.03653161785703684
2021-04-26 08:00:00,-0.0098924304078812364
2021-04-26 16:00:00,-0.01032727500313721
2021-04-27 00:00:00,-0.0026617101737870128
2021-04-27 08:00:00,-0.0078683330365165449
2021-04-27 16:00:00,0.010959005914760473
2021-04-28 00:00:00,-0.0060314371009452424
2021-04-28 08:00:00,0.0086838629210271804
2021-04-28 16:00:00,-0.0028707442245600582
2021-04-29 00:00:00,-0.0067248943364933405
2021-04-29 08:00:00,0.0025144403855193475
2021-04-29 16:00:00,-0.0016309895567616659
2021-04-30 00:00:00,-0.0096930951929913699
2021-04-30 08:00:00,-0.0037938818125943358
2021-04-30 16:00:00,0.0033450377022993904
2021-05-01 00:00:00,0.0020459714083050588
2021-05-01 08:00:00,0.0096352057239193489
2021-05-01 16:00:00,0.0018079228986103042
2021-05-02 00:00:00,-0.00069437434740851525
2021-05-02 08:00:00,0.0067281783653281727
2021-05-02 16:00:00,-0.0039500491162243285
2021-05-03 00:00:00,0.013520059311397339
2021-05-03 08:00:00,0.0048348124890603937
2021-05-03 16:00:00,-0.00025296440880509454
2021-05-04 00:00:00,0.005475042782220948
2021-05-04 08:00:00,-0.0063824409437310218
2021-05-04 16:00:00,0.009146994081891709
2021-05-05 00:00:00,0.014559453460753375
2021-05-05 08:00:00,-0.0027119376984016635
2021-05-05 16:00:00,0.010168457523870985
2021-05-06 00:00:00,-0.013455365248558651
2021-05-06 08:00:00,0.015707247581318404
2021-05-06 16:00:00,0.0010004378582941379
2021-05-07 00:00:00,2.9505143948417361e-05
2021-05-07 08:00:00,-0.0046933331732618667
2021-05-07 16:00:00,-0.0041868176627675559
2021-05-08 00:00:00,0.0045225947592021304
2021-05-08 08:00:00,-0.0056141978058693899
2021-05-08 16:00:00,0.0096000448502780132
2021-05-09 00:00:00,-0.0071842408613668664
2021-05-09 08:00:00,0.00023709891926246778
2021-05-09 16:00:00,-0.00017124894127830997
2021-05-10 00:00:00,0.0028371494569728274
2021-05-10 08:00:00,3.0551309052891927e-05
2021-05-10 16:00:00,-0.013940305235291406
2021-05-11 00:00:00,-0.00026251264550025981
2021-05-11 08:00:00,0.010542950505046779
2021-05-11 16:00:00,0.0077439102366287484
2021-05-12 00:00:00,0.0015134375649389037
2021-05-12 08:00:00,-0.0067331135202502237
2021-05-12 16:00:00,-0.021266116169398573
2021-05-13 00:00:00,0.013608015991906674
2021-05-13 08:00:00,-0.0080555965016468108
2021-05-13 16:00:00,-0.0042798843376502804
2021-05-14 00:00:00,0.010466574526819549
2021-05-14 08:00:00,0.027067194567757025
2021-05-14 16:00:00,0.00078563595453977645
2021-05-15 00:00:00,0.00096460284847982249
2021-05-15 08:00:00,0.0065244977784933893
2021-05-15 16:00:00,-0.015039963399250011
2021-05-16 00:00:00,-0.00013199526363329603
2021-05-16 08:00:00,-0.011164647853232072
2021-05-16 16:00:00,0.0075829543634152955
2021-05-17 00:00:00,0.0011275629035432347
2021-05-17 08:00:00,0.0070049699180748234
2021-05-17 16:00:00,0.00018984601750328587
2021-05-18 00:00:00,0.0025855022195235911
2021-05-18 08:00:00,0.013160828950820602
2021-05-18 16:00:00,5.3852642073704201e-05
2021-05-19 00:00:00,0.024906024347378
2021-05-19 08:00:00,0.033954198020089282
2021-05-19 16:00:00,-0.00076294182875168983
2021-05-20 00:00:00,-0.018970300529199069
2021-05-20 08:00:00,-0.013826821450079595
2021-05-20 16:00:00,-0.00015011681842721857
2021-05-21 00:00:00,0.0050982948943223286
2021-05-21 08:00:00,0.017469494434376103
2021-05-21 16:00:00,-0.0028724087693095535
2021-05-22 00:00:00,0.012343411651420539
2021-05-22 08:00:00,-0.010030451744373042
2021-05-22 16:00:00,0.003337966753480475
2021-05-23 00:00:00,0.0091917078196655164
2021-05-23 08:00:00,0.024673558733304329
2021-05-23 16:00:00,-0.0148753026169026
2021-05-24 00:00:00,-0.019982992053703783
2021-05-24 08:00:00,-0.0069118460810228708
2021-05-24 16:00:00,-0.01122988667362384
2021-05-25 00:00:00,-0.0010583473101573382
2021-05-25 08:00:00,0.0052859041649934409
2021-05-25 16:00:00,-0.0037564004444066734
2021-05-26 00:00:00,-0.012483250576432845
2021-05-26 08:00:00,0.010962295894691887
2021-05-26 16:00:00,-0.012421706210277772
2021-05-27 00:00:00,0.010562681587180012
2021-05-27 08:00:00,-0.011266804967806911
2021-05-27 16:00:00,0.0032046547487606463
2021-05-28 00:00:00,0.0091073624677808201
2021-05-28 08:00:00,0.0012166193223235604
2021-05-28 16:00:00,0.002090316964181126
2021-05-29 00:00:00,-0.004742128725040924
2021-05-29 08:00:00,0.010344318070060048
2021-05-29 16:00:00,-0.00085257639921119716
2021-05-30 00:00:00,-0.005815616674989703
2021-05-30 08:00:00,0.0027957210333151537
2021-05-30 16:00:00,-0.00071476214983142491
2021-05-31 00:00:00,-0.0031098673333634641
2021-05-31 08:00:00,-0.014663711479298182
2021-05-31 16:00:00,-0.0080743501647883957
2021-06-01 00:00:00,0.0023937434056095935
2021-06-01 08:00:00,1.8611376087172027e-05
2021-06-01 16:00:00,-0.011301998742166535
2021-06-02 00:00:00,-0.004205509120172298
2021-06-02 08:00:00,-0.0089704731799966232
2021-06-02 16:00:00,-0.0021427087386400121
2021-06-03 00:00:00,-0.0062888132443632621
2021-06-03 08:00:00,-0.0058928405321940595
2021-06-03 16:00:00,-0.0057461456356225028
2021-06-04 00:00:00,0.012256974532723805
2021-06-04 08:00:00,0.0043456359545766161
2021-06-04 16:00:00,-0.0031208975778773862
2021-06-05 00:00:00,-0.0022306299803856685
2021-06-05 08:00:00,0.0056483999646843291
2021-06-05 16:00:00,0.002933259864093654
2021-06-06 00:00:00,-0.0049552950307679327
2021-06-06 08:00:00,-0.0026928687647421404
2021-06-06 16:00:00,-0.0022605649737200586
2021-06-07 00:00:00,0.0047556232686516422
2021-06-07 08:00:00,0.0035498485964346048
2021-06-07 16:00:00,0.01258119023866852
2021-06-08 00:00:00,0.0027544298634506947
2021-06-08 08:00:00,0.011540536362739211
2021-06-08 16:00:00,-0.011382773122676616
2021-06-09 00:00:00,0.0064967623482466482
2021-06-09 08:00:00,-0.01025100357743104
2021-06-09 16:00:00,0.0022735968134168197
2021-06-10 00:00:00,0.0033770696506047067
2021-06-10 08:00:00,0.0036153901202202188
2021-06-10 16:00:00,0.0046816867448544307
2021-06-11 00:00:00,-0.0081308254755916853
2021-06-11 08:00:00,0.0018630148751942767
2021-06-11 16:00:00,0.0075821745714227491
2021-06-12 00:00:00,0.0059010468711112466
2021-06-12 08:00:00,-0.0047969569072138576
2021-06-12 16:00:00,-0.0051370223825724301
2021-06-13 00:00:00,0.0044442425663622394
2021-06-13 08:00:00,-0.0041235005334001977
2021-06-13 16:00:00,-0.015359758441702313
2021-06-14 00:00:00,-3.9294178278818127e-05
2021-06-14 08:00:00,-0.011811061852139777
2021-06-14 16:00:00,-0.0021790568678105695
2021-06-15 00:00:00,-0.0037201592405615687
2021-06-15 08:00:00,0.0083066109680098709
2021-06-15 16:00:00,-0.00022491081618361059
2021-06-16 00:00:00,0.0031176814616593572
2021-06-16 08:00:00,0.010768142046825821
2021-06-16 16:00:00,0.0042527914334730124
2021-06-17 00:00:00,-0.0068502868924412543
2021-06-17 08:00:00,0.0025369169241762886
2021-06-17 16:00:00,0.0016262557440679111
2021-06-18 00:00:00,0.0025412458489889453
2021-06-18 08:00:00,0.0071430434861006423
2021-06-18 16:00:00,-0.00028735663119168849
2021-06-19 00:00:00,0.0011925279984329542
2021-06-19 08:00:00,-0.0024287603151426627
2021-06-19 16:00:00,0.0073804274956929218
2021-06-20 00:00:00,-0.00071858504142904649
2021-06-20 08:00:00,0.014595351871190175
2021-06-20 16:00:00,-0.014412103983779337
2021-06-21 00:00:00,0.028292425497264476
2021-06-21 08:00:00,0.012277310562134538
2021-06-21 16:00:00,0.015815550170906259
2021-06-22 00:00:00,-0.0073357200355585279
2021-06-22 08:00:00,0.011386287507683774
2021-06-22 16:00:00,0.00024322252683974332
2021-06-23 00:00:00,-0.021618228141212073
2021-06-23 08:00:00,0.0039024489609195824
2021-06-23 16:00:00,-0.0028429027584270061
2021-06-24 00:00:00,0.0022905474526461753
2021-06-24 08:00:00,-0.005815181615319724
2021-06-24 16:00:00,-0.0030608962130209321
2021-06-25 00:00:00,0.00606502562821309
2021-06-25 08:00:00,0.011302470737824774
2021-06-25 16:00:00,0.0057204302932859219
2021-06-26 00:00:00,0.0065270430654093027
2021-06-26 08:00:00,-0.0047114990880135323
2021-06-26 16:00:00,-0.0060475716852895307
2021-06-27 00:00:00,-0.0027641835224939803
2021-06-27 08:00:00,0.0013046783619783369
2021-06-27 16:00:00,-0.012584296130056139
2021-06-28 00:00:00,-0.0048724809853785793
2021-06-28 08:00:00,-0.0045720239734721542
2021-06-28 16:00:00,0.0010707642314770473
2021-06-29 00:00:00,-0.0054394505847143188
2021-06-29 08:00:00,-0.011254705464219186
2021-06-29 16:00:00,0.0018335392650006335
2021-06-30 00:00:00,0.012110807064883653
2021-06-30 08:00:00,0.0083193760617280982
2021-06-30 16:00:00,-0.013453802167717972
2021-07-01 00:00:00,0.011966010258492555
2021-07-01 08:00:00,-0.010747156682697259
2021-07-01 16:00:00,0.005402511754327737
2021-07-02 00:00:00,0.0031839803595295015
2021-07-02 08:00:00,-0.0037031322639702034
2021-07-02 16:00:00,-0.0039464395044617731
2021-07-03 00:00:00,-0.0051034128197010413
2021-07-03 08:00:00,-0.0015362331744767606
2021-07-03 16:00:00,0.0013937291343365072
2021-07-04 00:00:00,-0.015098522831929022
2021-07-04 08:00:00,-0.0036046744809537976
2021-07-04 16:00:00,0.0016328834441442606
2021-07-05 00:00:00,0.013873622599809709
2021-07-05 08:00:00,0.0032129828030199366
2021-07-05 16:00:00,0.014457442733777571
2021-07-06 00:00:00,0.0010778520171600301
2021-07-06 08:00:00,-0.0088865054583932897
2021-07-06 16:00:00,-0.0057514870604440686
2021-07-07 00:00:00,0.013063472827731423
2021-07-07 08:00:00,0.0035399337482200917
2021-07-07 16:00:00,-0.014061081899977831
2021-07-08 00:00:00,-0.025173740901693522
2021-07-08 08:00:00,0.0040320270125390658
2021-07-08 16:00:00,-0.0028205976051620366
2021-07-09 00:00:00,0.0053722181668967662
2021-07-09 08:00:00,0.015167614851866235
2021-07-09 16:00:00,0.0086943994278730029
2021-07-10 00:00:00,0.0182116852424359
2021-07-10 08:00:00,-0.0077611987617395095
2021-07-10 16:00:00,-0.0040105110699700771
2021-07-11 00:00:00,0.0054418510585462938
2021-07-11 08:00:00,0.012375797574246616
2021-07-11 16:00:00,0.00059733080640257674
2021-07-12 00:00:00,-0.010233255797043782
2021-07-12 08:00:00,-0.0083626830355987853
2021-07-12 16:00:00,-0.0053162158083675777
2021-07-13 00:00:00,0.02422480419068938
2021-07-13 08:00:00,0.00012130580685985606
2021-07-13 16:00:00,-0.0051590543378704423
2021-07-14 00:00:00,-0.0065857044526967338
2021-07-14 08:00:00,0.001921941352428611
2021-07-14 16:00:00,0.023498794465399913
2021-07-15 00:00:00,0.038235956816217734
2021-07-15 08:00:00,-0.0043635277734423439
2021-07-15 16:00:00,-0.017926841897121785
2021-07-16 00:00:00,-0.0056295646426581082
2021-07-16 08:00:00,-0.0017049629533055178
2021-07-16 16:00:00,0.0030354721271872078
2021-07-17 00:00:00,-0.0081987460102946642
2021-07-17 08:00:00,-0.011699542535747223
2021-07-17 16:00:00,-0.0019242010510265722
2021-07-18 00:00:00,0.0088431885384163671
2021-07-18 08:00:00,0.0014788529291312553
2021-07-18 16:00:00,0.014083320208105463
2021-07-19 00:00:00,-0.0085156534224131719
2021-07-19 08:00:00,0.0047428694009845444
2021-07-19 16:00:00,-0.00080681968011232341
2021-07-20 00:00:00,0.0066251301604417154
2021-07-20 08:00:00,-0.0030181406194729025
2021-07-20 16:00:00,0.0071079291959616027
2021-07-21 00:00:00,-0.0068179604838292324
2021-07-21 08:00:00,-0.014570104884774903
2021-07-21 16:00:00,0.011952050140184561
2021-07-22 00:00:00,0.0077543847525754156
2021-07-22 08:00:00,-0.0080727143626009613
2021-07-22 16:00:00,-0.0011970641067211177
2021-07-23 00:00:00,0.028468095586534906
2021-07-23 08:00:00,0.0097185084157103471
2021-07-23 16:00:00,0.023891848780358476
2021-07-24 00:00:00,-0.0054916350989589425
2021-07-24 08:00:00,0.0092782097737270971
2021-07-24 16:00:00,-0.0067961548229313416
2021-07-25 00:00:00,0.014119490535363785
2021-07-25 08:00:00,-0.0038599895574279626
2021-07-25 16:00:00,0.0058213083868129505
2021-07-26 00:00:00,-0.0315000785397778
2021-07-26 08:00:00,-0.016638444360693495
2021-07-26 16:00:00,-0.0019183809149124398
2021-07-27 00:00:00,0.005299457954384551
2021-07-27 08:00:00,0.018757115320651885
2021-07-27 16:00:00,-0.00087283663110019651
2021-07-28 00:00:00,0.0010967009887662667
2021-07-28 08:00:00,-0.0039362340347888153
2021-07-28 16:00:00,-0.0038906742227874714
2021-07-29 00:00:00,-0.010439225580452941
2021-07-29 08:00:00,-0.005766908327769894
2021-07-29 16:00:00,0.0070763444524799129
2021-07-30 00:00:00,-0.0004044386253161634
2021-07-30 08:00:00,-0.004031721856634138
2021-07-30 16:00:00,0.0095198143753882133
2021-07-31 00:00:00,-0.0011803816165468341
2021-07-31 08:00:00,-0.00094651326976409448
2021-07-31 16:00:00,0.0024604059560206703
2021-08-01 00:00:00,0.00029719975922546667
2021-08-01 08:00:00,-0.0012346996735298091
2021-08-01 16:00:00,-0.0064465379388761821
2021-08-02 00:00:00,0.0051250462747815181
2021-08-02 08:00:00,0.00020235926678106834
2021-08-02 16:00:00,-0.0020041429673288368
2021-08-03 00:00:00,-0.002517738308682846
2021-08-03 08:00:00,0.00037703250149854952
2021-08-03 16:00:00,0.0033881535084581112
2021-08-04 00:00:00,-0.0028544234691134486
2021-08-04 08:00:00,0.0093196521080022073
2021-08-04 16:00:00,0.00022708205805592439
2021-08-05 00:00:00,-0.0013936246658429977
2021-08-05 08:00:00,0.0015311357804524007
2021-08-05 16:00:00,0.0046514828115714769
2021-08-06 00:00:00,-0.00110304093485461
2021-08-06 08:00:00,0.0046639025253805864
2021-08-06 16:00:00,0.001449738247308789
2021-08-07 00:00:00,0.0050612824752086305
2021-08-07 08:00:00,0.0015955369583577498
2021-08-07 16:00:00,0.0022683995304899332
2021-08-08 00:00:00,-0.0017987110475641509
2021-08-08 08:00:00,-0.0076815705797107902
2021-08-08 16:00:00,-0.003422870740435281
2021-08-09 00:00:00,0.0023241082378150698
2021-08-09 08:00:00,0.011971030142320522
2021-08-09 16:00:00,-0.0016215737386385772
2021-08-10 00:00:00,0.0040548277446306501
2021-08-10 08:00:00,-0.00018671864754774302
2021-08-10 16:00:00,0.0046775879351303416
2021-08-11 00:00:00,0.010218664672792597
2021-08-11 08:00:00,0.0023972906709118277
2021-08-11 16:00:00,-0.0046160053266038441
2021-08-12 00:00:00,-0.00053786221280114743
2021-08-12 08:00:00,-0.011017882423047291
2021-08-12 16:00:00,0.011987156581343474
2021-08-13 00:00:00,0.013848622267053497
2021-08-13 08:00:00,0.00050631544824551082
2021-08-13 16:00:00,0.018022012498864228
2021-08-14 00:00:00,0.0027961627748013425
2021-08-14 08:00:00,-0.0012491915459808664
2021-08-14 16:00:00,0.0028790809091837608
2021-08-15 00:00:00,-0.025520760465500312
2021-08-15 08:00:00,-0.0027389370719245899
2021-08-15 16:00:00,0.010303741041888591
2021-08-16 00:00:00,0.005999711795543065
2021-08-16 08:00:00,-0.0032203561823573447
2021-08-16 16:00:00,-0.0079753990680860691
2021-08-17 00:00:00,0.010003191860186037
2021-08-17 08:00:00,-0.0049479073316179992
2021-08-17 16:00:00,-0.01739465343640572
2021-08-18 00:00:00,0.0039283591288613732
2021-08-18 08:00:00,0.017245346009365548
2021-08-18 16:00:00,-0.0040216377746013403
2021-08-19 00:00:00,0.0010163358057898998
2021-08-19 08:00:00,0.0083146581557475754
2021-08-19 16:00:00,0.010955210432973836
2021-08-20 00:00:00,-0.0034520146793241492
2021-08-20 08:00:00,0.0061364275159112493
2021-08-20 16:00:00,0.0053643557008384085
2021-08-21 00:00:00,-0.02889182686954548
2021-08-21 08:00:00,-0.010585830474386625
2021-08-21 16:00:00,-0.0010629480490601862
2021-08-22 00:00:00,0.0059630297077029101
2021-08-22 08:00:00,-0.0024249230122898825
2021-08-22 16:00:00,0.0053373556846873314
2021-08-23 00:00:00,0.0013142239710183707
2021-08-23 08:00:00,-0.0035559441852468744
2021-08-23 16:00:00,0.0020526707504597893
2021-08-24 00:00:00,0.0013550122487120426
2021-08-24 08:00:00,-0.019610923090136685
2021-08-24 16:00:00,-0.0057748795718510649
2021-08-25 00:00:00,0.0065122879379316293
2021-08-25 08:00:00,-0.022437798076633292
2021-08-25 16:00:00,-0.0025808993904404992
2021-08-26 00:00:00,-0.014338345396131987
2021-08-26 08:00:00,0.00042444870892541312
2021-08-26 16:00:00,-0.0058059437608042287
2021-08-27 00:00:00,0.012778462913077165
2021-08-27 08:00:00,0.0013462983948840455
2021-08-27 16:00:00,0.011696026496455474
2021-08-28 00:00:00,-0.0046053302692145078
2021-08-28 08:00:00,0.021994988362318061
2021-08-28 16:00:00,0.0048161312781043611
2021-08-29 00:00:00,0.0078208340428082019
2021-08-29 08:00:00,0.0014095883824918225
2021-08-29 16:00:00,-0.0040528776645458496
2021-08-30 00:00:00,0.021731976689586874
2021-08-30 08:00:00,0.009055642479396572
2021-08-30 16:00:00,-0.026028122007056953
2021-08-31 00:00:00,0.0086408978440332476
2021-08-31 08:00:00,-0.020850852495560335
2021-08-31 16:00:00,-0.016930915874769067
2021-09-01 00:00:00,0.005802364088177376
2021-09-01 08:00:00,0.0058721262547400286
2021-09-01 16:00:00,-0.0049915602486405681
2021-09-02 00:00:00,-0.0022155074267594449
2021-09-02 08:00:00,-0.00020239398747082417
2021-09-02 16:00:00,0.0070075628461662163
2021-09-03 00:00:00,0.014179913861731487
2021-09-03 08:00:00,-0.0035907642050916535
2021-09-03 16:00:00,0.0021050196812613386
2021-09-04 00:00:00,0.00036458297169181042
2021-09-04 08:00:00,-0.014660024127064934
2021-09-04 16:00:00,-0.000405792131610788
2021-09-05 00:00:00,-0.0014712252033413538
2021-09-05 08:00:00,0.0065524890627964389
2021-09-05 16:00:00,0.0049318475032176312
2021-09-06 00:00:00,0.0031635939617863517
2021-09-06 08:00:00,-0.0024811240599454873
2021-09-06 16:00:00,0.0025420247575249555
2021-09-07 00:00:00,0.00082688710850582444
2021-09-07 08:00:00,-0.039818503208820834
2021-09-07 16:00:00,0.014856834566096232
2021-09-08 00:00:00,-0.01389279293338018
2021-09-08 08:00:00,-0.014100707189628857
2021-09-08 16:00:00,0.022525938288072575
2021-09-09 00:00:00,0.0188741894927342
2021-09-09 08:00:00,-0.0076685473819757257
2021-09-09 16:00:00,-0.0077152444911393996
2021-09-10 00:00:00,-0.0067420905975187906
2021-09-10 08:00:00,0.013847511866827526
2021-09-10 16:00:00,0.019478690249515263
2021-09-11 00:00:00,0.00052161685198615386
2021-09-11 08:00:00,-0.017081462371737723
2021-09-11 16:00:00,0.001588429345137553
2021-09-12 00:00:00,0.0020274489318395923
2021-09-12 08:00:00,-0.0011452349636138079
2021-09-12 16:00:00,0.0039543695878930321
2021-09-13 00:00:00,0.0048188686333314416
2021-09-13 08:00:00,0.011121106823500935
2021-09-13 16:00:00,-0.0083219464726532848
2021-09-14 00:00:00,-0.00547206249604345
2021-09-14 08:00:00,-0.015787308744592814
2021-09-14 16:00:00,-0.0064865313835817343
2021-09-15 00:00:00,-0.0040646426898056174
2021-09-15 08:00:00,-0.018713952167054054
2021-09-15 16:00:00,-0.0078210080768354902
2021-09-16 00:00:00,-0.0024410830078143938
2021-09-16 08:00:00,0.0154283050808963
2021-09-16 16:00:00,-0.0010839812825473678
2021-09-17 00:00:00,-0.0007993723649622938
2021-09-17 08:00:00,0.0014983097953145074
2021-09-17 16:00:00,0.0034611916540244736
2021-09-18 00:00:00,0.0023743199917932996
2021-09-18 08:00:00,0.0027570354580814757
2021-09-18 16:00:00,0.0023160252746511718
2021-09-19 00:00:00,-0.00028672609060053403
2021-09-19 08:00:00,0.010727513243961383
2021-09-19 16:00:00,0.0057843030242335104
2021-09-20 00:00:00,0.0091402729700684644
2021-09-20 08:00:00,0.011822861221498339
2021-09-20 16:00:00,-0.0010876527324487292
2021-09-21 00:00:00,0.0096300824236255338
2021-09-21 08:00:00,-0.010030400728475308
2021-09-21 16:00:00,0.0024557322724313504
2021-09-22 00:00:00,-0.0095515267571546006
2021-09-22 08:00:00,-0.0078354481607547707
2021-09-22 16:00:00,0.014489087827712433
2021-09-23 00:00:00,0.0067852567567561889
2021-09-23 08:00:00,0.022017441445609579
2021-09-23 16:00:00,0.0037739582328815448
2021-09-24 00:00:00,-0.0046616319488625019
2021-09-24 08:00:00,0.046293465740551494
2021-09-24 16:00:00,0.012363714201869746
2021-09-25 00:00:00,0.0086339885294161051
2021-09-25 08:00:00,-0.0064296227577225178
2021-09-25 16:00:00,-0.0079959422637649012
2021-09-26 00:00:00,0.028128781476511357
2021-09-26 08:00:00,-0.035074176905389498
2021-09-26 16:00:00,0.0044550753940149554
2021-09-27 00:00:00,-0.0086965897026956493
2021-09-27 08:00:00,0.0024577873055549506
2021-09-27 16:00:00,0.0050978840636038639
2021-09-28 00:00:00,-0.0020237244388364101
2021-09-28 08:00:00,-0.00025010915816432218
2021-09-28 16:00:00,0.0032090366737993455
2021-09-29 00:00:00,-0.0064871047315567306
2021-09-29 08:00:00,0.0017532623990745078
2021-09-29 16:00:00,0.00054626622495183819
2021-09-30 00:00:00,-0.0041442548303067669
2021-09-30 08:00:00,-0.0065511369845148298
2021-09-30 16:00:00,0.0007582872728266293
2021-10-01 00:00:00,-0.0067165541163926208
2021-10-01 08:00:00,-0.0084422933011800826
2021-10-01 16:00:00,-0.0013725776045551096
2021-10-02 00:00:00,0.0051088353637347012
2021-10-02 08:00:00,-0.0045418326355250995
2021-10-02 16:00:00,0.00052365678949966026
2021-10-03 00:00:00,0.0074117574567838431
2021-10-03 08:00:00,-0.0022214527202357318
2021-10-03 16:00:00,0.0089211113189383105
2021-10-04 00:00:00,0.0073053459261725271
2021-10-04 08:00:00,-0.003432855497277358
2021-10-04 16:00:00,-0.0045503173186221364
2021-10-05 00:00:00,-0.00038213531734404679
2021-10-05 08:00:00,-0.010643873447900288
2021-10-05 16:00:00,-0.0031920167208689962
2021-10-06 00:00:00,-0.0071109861060104284
2021-10-06 08:00:00,0.0068038521803751809
2021-10-06 16:00:00,-0.0032105042241467041
2021-10-07 00:00:00,0.0070177333377421103
2021-10-07 08:00:00,-0.0057201111893656394
2021-10-07 16:00:00,0.0030476535346391407
2021-10-08 00:00:00,0.0054335263217189893
2021-10-08 08:00:00,0.0040822773353909438
2021-10-08 16:00:00,-0.0010306448100757088
2021-10-09 00:00:00,-0.0017747915351717849
2021-10-09 08:00:00,0.0025822460995615242
2021-10-09 16:00:00,0.0012956701571652613
2021-10-10 00:00:00,0.0027513489063106214
2021-10-10 08:00:00,-0.001110086123561485
2021-10-10 16:00:00,-0.0066119670658921371
2021-10-11 00:00:00,0.0054299652239506689
2021-10-11 08:00:00,0.0012369200782637701
2021-10-11 16:00:00,0.0003490292933048961
2021-10-12 00:00:00,-0.0057886741483569558
2021-10-12 08:00:00,-0.010605128337924322
2021-10-12 16:00:00,0.0019475780481267664
2021-10-13 00:00:00,-0.00095532927627526329
2021-10-13 08:00:00,0.0031325581615361683
2021-10-13 16:00:00,-0.0025744650164736776
2021-10-14 00:00:00,-0.00087258162363792915
2021-10-14 08:00:00,-0.00026369117848393958
2021-10-14 16:00:00,0.00055923425970456821
2021-10-15 00:00:00,0.0012318285279543878
2021-10-15 08:00:00,-0.002467892874712419
2021-10-15 16:00:00,0.0096387806350472505
2021-10-16 00:00:00,-0.0019468281602539892
2021-10-16 08:00:00,0.0057776531229193654
2021-10-16 16:00:00,-0.0021426584341702358
2021-10-17 00:00:00,-0.0028650768050179007
2021-10-17 08:00:00,-0.0013776825197542432
2021-10-17 16:00:00,0.0037394151577056201
2021-10-18 00:00:00,-1.3922834619829898e-05
2021-10-18 08:00:00,-0.0048015095824208917
2021-10-18 16:00:00,-4.9552532379613764e-05
2021-10-19 00:00:00,0.0071165830114179951
2021-10-19 08:00:00,-0.016667302421698831
2021-10-19 16:00:00,0.0029788746142609666
2021-10-20 00:00:00,-0.0018184014754668691
2021-10-20 08:00:00,0.0067802719012468428
2021-10-20 16:00:00,0.0057558825942293848
2021-10-21 00:00:00,0.0015432229363189554
2021-10-21 08:00:00,-0.0037410729200626509
2021-10-21 16:00:00,-0.001745213987953803
2021-10-22 00:00:00,0.0017033847599294083
2021-10-22 08:00:00,-0.0071475969749359367
2021-10-22 16:00:00,0.00049452891551208438
2021-10-23 00:00:00,0.0057257096754866369
2021-10-23 08:00:00,0.0064500115112478221
2021-10-23 16:00:00,0.0035400274942917732
2021-10-24 00:00:00,0.0077907293687425466
2021-10-24 08:00:00,-0.0077880188055053558
2021-10-24 16:00:00,0.0037395357204435377
2021-10-25 00:00:00,0.027672371558070143
2021-10-25 08:00:00,0.018640115278040718
2021-10-25 16:00:00,0.011532603131503562
2021-10-26 00:00:00,-0.0017753448223437433
2021-10-26 08:00:00,0.0025912096573363834
2021-10-26 16:00:00,-0.013595085313892778
2021-10-27 00:00:00,0.0018270769664254639
2021-10-27 08:00:00,0.013633769856897045
2021-10-27 16:00:00,-0.0097262381593297958
2021-10-28 00:00:00,-0.0021388138835598679
2021-10-28 08:00:00,-0.004511819607495712
2021-10-28 16:00:00,-0.0010155462349587874
2021-10-29 00:00:00,-0.010321765009764767
2021-10-29 08:00:00,-0.0090049605727135495
2021-10-29 16:00:00,-0.0077300541667260384
2021-10-30 00:00:00,-0.0049445109769426397
2021-10-30 08:00:00,0.0032396064118799151
2021-10-30 16:00:00,-0.011815518630651674
2021-10-31 00:00:00,-0.020522779898951862
2021-10-31 08:00:00,-0.020881699683987391
2021-10-31 16:00:00,0.0098296744918604101
2021-11-01 00:00:00,0.0077468626227782337
2021-11-01 08:00:00,0.031011690690179103
2021-11-01 16:00:00,0.0025739105592152097
2021-11-02 00:00:00,0.042170737867303285
2021-11-02 08:00:00,-0.0077047529188227944
2021-11-02 16:00:00,0.01327246347223063
2021-11-03 00:00:00,-0.015592844927987229
2021-11-03 08:00:00,-0.007824051341808403
2021-11-03 16:00:00,0.0083731089929607126
2021-11-04 00:00:00,-0.012725068792563101
2021-11-04 08:00:00,-0.0041721201394401214
2021-11-04 16:00:00,0.00082722007839571216
2021-11-05 00:00:00,-0.0066846192897113904
2021-11-05 08:00:00,-0.018162757733059962
2021-11-05 16:00:00,0.0019808708712497161
2021-11-06 00:00:00,0.0091404080677871223
2021-11-06 08:00:00,0.0010686945109183511
2021-11-06 16:00:00,0.012846796469731407
2021-11-07 00:00:00,-0.0014920245155765858
2021-11-07 08:00:00,-0.0050750182720952523
2021-11-07 16:00:00,0.0029148625925874603
2021-11-08 00:00:00,-0.011693159540487561
2021-11-08 08:00:00,0.0042875690969320351
2021-11-08 16:00:00,0.0065881933965051655
2021-11-09 00:00:00,-0.0078567907737421422
2021-11-09 08:00:00,-0.0081366623573075978
2021-11-09 16:00:00,0.0068903205003531531
2021-11-10 00:00:00,0.0071518684027986733
2021-11-10 08:00:00,0.034469783790727751
2021-11-10 16:00:00,-0.024865658414260177
2021-11-11 00:00:00,0.013511475057171065
2021-11-11 08:00:00,-0.045927848132701996
2021-11-11 16:00:00,0.0042714623643427627
2021-11-12 00:00:00,-0.0056514386619792205
2021-11-12 08:00:00,-0.011573494850739063
2021-11-12 16:00:00,0.024593882426095819
2021-11-13 00:00:00,0.0054005818639171598
2021-11-13 08:00:00,-0.014107723416199508
2021-11-13 16:00:00,-0.012560539458075552
2021-11-14 00:00:00,0.012775093743830195
2021-11-14 08:00:00,0.005338870407912805
2021-11-14 16:00:00,0.0048573294045806915
2021-11-15 00:00:00,0.0012246476026022681
2021-11-15 08:00:00,-0.0070784710312212394
2021-11-15 16:00:00,0.0061823816952534232
2021-11-16 00:00:00,-0.0052656193407931611
2021-11-16 08:00:00,0.011247719662973315
2021-11-16 16:00:00,0.006815638019694069
2021-11-17 00:00:00,0.0066502576310827483
2021-11-17 08:00:00,-0.0085474713892078388
2021-11-17 16:00:00,0.0031736610158335128
2021-11-18 00:00:00,0.0142925905928611
2021-11-18 08:00:00,0.041894867939573109
2021-11-18 16:00:00,0.003943144817958385
2021-11-19 00:00:00,-0.014767694452920503
2021-11-19 08:00:00,-0.016435731257449963
2021-11-19 16:00:00,0.01093892988702868
2021-11-20 00:00:00,0.0032946043643486429
2021-11-20 08:00:00,0.0059195674688848022
2021-11-20 16:00:00,-0.018279886356812752
2021-11-21 00:00:00,-0.0017203833067478632
2021-11-21 08:00:00,-0.012474279509320006
2021-11-21 16:00:00,-0.0081151194049502873
2021-11-22 00:00:00,0.0060173258738523191
2021-11-22 08:00:00,0.0075335015765213044
2021-11-22 16:00:00,0.015383961718488659
2021-11-23 00:00:00,0.01517320791150277
2021-11-23 08:00:00,-0.022256233646207508
2021-11-23 16:00:00,-0.0067132795674955739
2021-11-24 00:00:00,0.029830814802596434
2021-11-24 08:00:00,0.009076861141046947
2021-11-24 16:00:00,0.016323262944983024
2021-11-25 00:00:00,0.011038100239612247
2021-11-25 08:00:00,-0.028516441961675413
2021-11-25 16:00:00,0.0032494357487566107
2021-11-26 00:00:00,-0.0019682210901555081
2021-11-26 08:00:00,0.010945584491929596
2021-11-26 16:00:00,-0.001391900641274036
2021-11-27 00:00:00,-0.011468948902798575
2021-11-27 08:00:00,0.001741180295133682
2021-11-27 16:00:00,-0.0029511306389207255
2021-11-28 00:00:00,-0.0053334451008080408
2021-11-28 08:00:00,0.011268910278971346
2021-11-28 16:00:00,-0.0078066162897328295
2021-11-29 00:00:00,0.00141274604821841
2021-11-29 08:00:00,-0.0087682623552021322
2021-11-29 16:00:00,-0.0047209192607468083
2021-11-30 00:00:00,-0.0054178781858664612
2021-11-30 08:00:00,-0.01114684903483076
2021-11-30 16:00:00,0.0045044085403303747
2021-12-01 00:00:00,-0.0079621261588063968
2021-12-01 08:00:00,0.002907981658735492
2021-12-01 16:00:00,0.011387654745168325
2021-12-02 00:00:00,0.0055547511506756613
2021-12-02 08:00:00,-0.0080765529549050447
2021-12-02 16:00:00,0.00049122590580231139
2021-12-03 00:00:00,0.0021414782640620409
2021-12-03 08:00:00,-0.0011800274566673788
2021-12-03 16:00:00,0.0071074913523141792
2021-12-04 00:00:00,0.047350532415096583
2021-12-04 08:00:00,-0.0058121532289816171
2021-12-04 16:00:00,0.012182940987350468
2021-12-05 00:00:00,-0.0021116032671905458
2021-12-05 08:00:00,0.016540520153121036
2021-12-05 16:00:00,-0.0089240986966075599
2021-12-06 00:00:00,0.0012137958366154776
2021-12-06 08:00:00,-0.0011887182955154067
2021-12-06 16:00:00,-0.0030159604338745394
2021-12-07 00:00:00,-0.0008014298967210404
2021-12-07 08:00:00,-0.002832594828942602
2021-12-07 16:00:00,-0.00072929095138118852
2021-12-08 00:00:00,-0.0060019993193764377
2021-12-08 08:00:00,0.0032464177063027655
2021-12-08 16:00:00,-0.0033607645982708921
2021-12-09 00:00:00,-0.00053993906537739623
2021-12-09 08:00:00,0.0024599752488475607
2021-12-09 16:00:00,0.0078151004076569344
2021-12-10 00:00:00,0.00044858566426029796
2021-12-10 08:00:00,-0.0083522182258909308
2021-12-10 16:00:00,0.012846144091001835
2021-12-11 00:00:00,-0.0097083859955061445
2021-12-11 08:00:00,0.0023666474600443667
2021-12-11 16:00:00,-0.0027709547758756697
2021-12-12 00:00:00,-0.0076608181066608362
2021-12-12 08:00:00,0.0011702271845747433
2021-12-12 16:00:00,-0.005515827385666563
2021-12-13 00:00:00,0.0021562175951114235
2021-12-13 08:00:00,0.0042168501786507776
2021-12-13 16:00:00,0.0023363412355290616
2021-12-14 00:00:00,0.0059102510736060449
2021-12-14 08:00:00,-0.0030793692756418433
2021-12-14 16:00:00,-0.0032782502440974067
2021-12-15 00:00:00,0.0035482029596716805
2021-12-15 08:00:00,0.0082161567069989477
2021-12-15 16:00:00,-0.020061706869389236
2021-12-16 00:00:00,0.00020678517040527859
2021-12-16 08:00:00,-0.00061372894727838205
2021-12-16 16:00:00,0.0066374799991274283
2021-12-17 00:00:00,-0.00025599513882534685
2021-12-17 08:00:00,7.055087840992922e-05
2021-12-17 16:00:00,0.0014831645846726518
2021-12-18 00:00:00,-0.0047628905211127871
2021-12-18 08:00:00,0.0022557002437487636
2021-12-18 16:00:00,0.0040869899242751192
2021-12-19 00:00:00,-0.0044795721363783585
2021-12-19 08:00:00,0.0051074067859409357
2021-12-19 16:00:00,0.0089097516051870867
2021-12-20 00:00:00,-0.0053136377369555595
2021-12-20 08:00:00,0.01126924750886657
2021-12-20 16:00:00,0.00025820393295632313
2021-12-21 00:00:00,-0.012242494150028243
2021-12-21 08:00:00,-0.0035102490041743154
2021-12-21 16:00:00,-0.0048121639765609332
2021-12-22 00:00:00,0.0018992056127305843
2021-12-22 08:00:00,-0.0074178963896891041
2021-12-22 16:00:00,-0.0097954004025840678
2021-12-23 00:00:00,0.00028694632787626097
2021-12-23 08:00:00,-0.0077529696929436722
2021-12-23 16:00:00,-0.011556470353717121
2021-12-24 00:00:00,0.0047842686789594654
2021-12-24 08:00:00,0.0065447861392289282
2021-12-24 16:00:00,-0.0057376822835119067
2021-12-25 00:00:00,-0.001571800377042914
2021-12-25 08:00:00,0.00097652099531145731
2021-12-25 16:00:00,0.0068419831069841189
2021-12-26 00:00:00,0.0020183867943476715
2021-12-26 08:00:00,0.0076791191069365628
2021-12-26 16:00:00,0.0023182450781472123
2021-12-27 00:00:00,0.0005359876048284275
2021-12-27 08:00:00,-0.0041404231220855577
2021-12-27 16:00:00,-0.017073468830437987
2021-12-28 00:00:00,-0.0033240935211402258
2021-12-28 08:00:00,-0.00021252938475850621
2021-12-28 16:00:00,-0.0083490617085627498
2021-12-29 00:00:00,0.001649624062566514
2021-12-29 08:00:00,0.0032016819786892373
2021-12-29 16:00:00,-0.011879589154113714
2021-12-30 00:00:00,-0.0036983321268170876
2021-12-30 08:00:00,0.0035447966731986034
2021-12-30 16:00:00,0.010940792051386547
2021-12-31 00:00:00,-0.0033725760980840213
2021-12-31 08:00:00,0.0081725721632721886
2021-12-31 16:00:00,-0.01184881890511193
2022-01-01 00:00:00,0.0060299617456770907
2022-01-01 08:00:00,0.0065842887287555808
2022-01-01 16:00:00,0.014684374533287465
2022-01-02 00:00:00,-0.0026313503986062142
2022-01-02 08:00:00,-0.010335379278994201
2022-01-02 16:00:00,0.00099649366594815967
2022-01-03 00:00:00,-0.0013153004636649672
2022-01-03 08:00:00,0.023924014248066432
2022-01-03 16:00:00,0.012090606801271588
2022-01-04 00:00:00,0.0011417067661317415
2022-01-04 08:00:00,0.012912202689228346
2022-01-04 16:00:00,-0.015849190441595346
2022-01-05 00:00:00,0.016790881352105907
2022-01-05 08:00:00,-0.0017688559632407642
2022-01-05 16:00:00,-0.02999375887794755
2022-01-06 00:00:00,-0.0021640170785094137
2022-01-06 08:00:00,-0.0058136137015224413
2022-01-06 16:00:00,0.0022664282853868132
2022-01-07 00:00:00,0.016397700720721019
2022-01-07 08:00:00,0.012963694144098977
2022-01-07 16:00:00,-0.015701771941047486
2022-01-08 00:00:00,-0.0027932928611920844
2022-01-08 08:00:00,-0.0022011002509585353
2022-01-08 16:00:00,0.0090084344242476657
2022-01-09 00:00:00,0.0019586346255294025
2022-01-09 08:00:00,-0.0048065135963521726
2022-01-09 16:00:00,-0.0022934276568616369
2022-01-10 00:00:00,0.004511037509819028
2022-01-10 08:00:00,0.020668307455155997
2022-01-10 16:00:00,-0.00023029848030049578
2022-01-11 00:00:00,-0.0023126976700468759
2022-01-11 08:00:00,-0.012330342048872067
2022-01-11 16:00:00,-0.0047239013718237376
2022-01-12 00:00:00,-0.0039246234802920868
2022-01-12 08:00:00,-0.023804555334248276
2022-01-12 16:00:00,-0.0055450826855884582
2022-01-13 00:00:00,0.0015785805981853559
2022-01-13 08:00:00,0.012878211844094023
2022-01-13 16:00:00,0.0099908256502161067
2022-01-14 00:00:00,-0.0067688016632328424
2022-01-14 08:00:00,0.0095759814283064813
2022-01-14 16:00:00,-0.0058478907188987119
2022-01-15 00:00:00,-0.0048557448179299195
2022-01-15 08:00:00,-0.0078910700402869474
2022-01-15 16:00:00,0.0037089081653238153
2022-01-16 00:00:00,0.0056291790801293569
2022-01-16 08:00:00,-0.0039668323996414658
2022-01-16 16:00:00,0.0038811164751827235
2022-01-17 00:00:00,0.010314356488818986
2022-01-17 08:00:00,-0.0016903578492138359
2022-01-17 16:00:00,0.00472528658348478
2022-01-18 00:00:00,0.0029431156272967615
2022-01-18 08:00:00,0.0046770242849834233
2022-01-18 16:00:00,-0.011237218337999197
2022-01-19 00:00:00,0.0060587719630022414
2022-01-19 08:00:00,-0.0092576213537537647
2022-01-19 16:00:00,0.00021210627804853297
2022-01-20 00:00:00,-0.0042606203429972518
2022-01-20 08:00:00,-0.011353353826696238
2022-01-20 16:00:00,0.033668041458628777
2022-01-21 00:00:00,0.0029240131276367506
2022-01-21 08:00:00,0.0022216615392279572
2022-01-21 16:00:00,0.026449597765400203
2022-01-22 00:00:00,0.026051920986912943
2022-01-22 08:00:00,0.006311192371961984
2022-01-22 16:00:00,-0.0071477222647803127
2022-01-23 00:00:00,-0.010835721319052109
2022-01-23 08:00:00,0.0051458055646266647
2022-01-23 16:00:00,-0.0073527894623496258
2022-01-24 00:00:00,0.019467568040884623
2022-01-24 08:00:00,0.0037586844516688373
2022-01-24 16:00:00,-0.014240573342482122
2022-01-25 00:00:00,0.008698552279830905
2022-01-25 08:00:00,-0.001279484575730992
2022-01-25 16:00:00,-0.006716568619719655
2022-01-26 00:00:00,-0.0030011975454357779
2022-01-26 08:00:00,-0.013823699095620213
2022-01-26 16:00:00,0.01787205960676742
2022-01-27 00:00:00,0.009093673225173949
2022-01-27 08:00:00,-0.0078288872004232228
2022-01-27 16:00:00,0.0053107716024495093
2022-01-28 00:00:00,-0.00042705022809278283
2022-01-28 08:00:00,-0.0040303157559380565
2022-01-28 16:00:00,-0.0031469883121999056
2022-01-29 00:00:00,-0.0097126155985366846
2022-01-29 08:00:00,0.0010299362796824948
2022-01-29 16:00:00,-0.0021689727517286545
2022-01-30 00:00:00,-0.016602477273150944
2022-01-30 08:00:00,0.0048085670962577064
2022-01-30 16:00:00,0.0066907946498352975
2022-01-31 00:00:00,0.015744443440301563
2022-01-31 08:00:00,-0.0039361068824919042
2022-01-31 16:00:00,0.0034286343414400918
2022-02-01 00:00:00,-0.010061811211107791
2022-02-01 08:00:00,-0.0099353416076502776
2022-02-01 16:00:00,-0.0049580167389082497
2022-02-02 00:00:00,0.0070544876771075384
2022-02-02 08:00:00,0.00038739959265556327
2022-02-02 16:00:00,0.0042125811712625692
2022-02-03 00:00:00,-0.00056980169600772529
2022-02-03 08:00:00,0.015877324316461255
2022-02-03 16:00:00,-0.012976980158979072
2022-02-04 00:00:00,-0.0059773936515797607
2022-02-04 08:00:00,-0.01184085471240656
2022-02-04 16:00:00,-0.016653496625796921
2022-02-05 00:00:00,-0.0058973430356080445
2022-02-05 08:00:00,-0.0068847967335659808
2022-02-05 16:00:00,0.017020520283802569
2022-02-06 00:00:00,-0.018905779066446922
2022-02-06 08:00:00,-0.00014493694750140985
2022-02-06 16:00:00,-0.010131561109895989
2022-02-07 00:00:00,-0.010328301846201888
2022-02-07 08:00:00,-0.00115052653170345
2022-02-07 16:00:00,0.002167297016102182
2022-02-08 00:00:00,-0.0014453880710519815
2022-02-08 08:00:00,-0.0057058557415336003
2022-02-08 16:00:00,0.02068764991719536
2022-02-09 00:00:00,-0.002457303582800613
2022-02-09 08:00:00,-0.00069310760222159875
2022-02-09 16:00:00,-0.00099170363611499469
2022-02-10 00:00:00,0.0011439415565270158
2022-02-10 08:00:00,0.0026392596934703611
2022-02-10 16:00:00,-0.0064636351869474373
2022-02-11 00:00:00,0.0043036331812175872
2022-02-11 08:00:00,0.0026283781127842097
2022-02-11 16:00:00,-0.012398203728110402
2022-02-12 00:00:00,-0.0094755228194920143
2022-02-12 08:00:00,-0.0056824908096446327
2022-02-12 16:00:00,0.0068515266241044219
2022-02-13 00:00:00,-0.0021253839095283643
2022-02-13 08:00:00,0.0009782580154484564
2022-02-13 16:00:00,0.0059050122946688322
2022-02-14 00:00:00,-0.0024852421277846031
2022-02-14 08:00:00,-0.002843252816051617
2022-02-14 16:00:00,-0.0054135814047210655
2022-02-15 00:00:00,-0.010677413184307269
2022-02-15 08:00:00,-0.0080167579207332754
2022-02-15 16:00:00,-0.0025064176650814126
2022-02-16 00:00:00,0.0012416864824168128
2022-02-16 08:00:00,-0.0054500133073393754
2022-02-16 16:00:00,0.0077079490234627877
2022-02-17 00:00:00,-0.0042984638318081967
2022-02-17 08:00:00,-0.0088614902350577507
2022-02-17 16:00:00,-0.016146922934489074
2022-02-18 00:00:00,-0.0085438085270841749
2022-02-18 08:00:00,0.012248852268658282
2022-02-18 16:00:00,-0.0011586256519918508
2022-02-19 00:00:00,-0.0047867509754299011
2022-02-19 08:00:00,0.011908606025588251
2022-02-19 16:00:00,-0.0019556753616717056
2022-02-20 00:00:00,0.021539507424694574
2022-02-20 08:00:00,-0.0037975197807497648
2022-02-20 16:00:00,-0.0030964356054747934
2022-02-21 00:00:00,-0.016277955512102111
2022-02-21 08:00:00,0.0032972187128451165
2022-02-21 16:00:00,0.01958341678946135
2022-02-22 00:00:00,0.00043329931342998449
2022-02-22 08:00:00,-0.012008105644860633
2022-02-22 16:00:00,-0.0039495712469788773
2022-02-23 00:00:00,-0.0032881037374781113
2022-02-23 08:00:00,-0.0018165700181154132
2022-02-23 16:00:00,0.021265375779180105
2022-02-24 00:00:00,0.026137944384481047
2022-02-24 08:00:00,-0.0036994515630220061
2022-02-24 16:00:00,-0.013489028385520432
2022-02-25 00:00:00,0.0016562373001215924
2022-02-25 08:00:00,-0.014970675610743474
2022-02-25 16:00:00,-0.0044115541829984018
2022-02-26 00:00:00,-0.0017535324714037588
2022-02-26 08:00:00,0.00095688662584425121
2022-02-26 16:00:00,0.0011596430846978162
2022-02-27 00:00:00,0.0049647615701535778
2022-02-27 08:00:00,-0.0077368623942782088
2022-02-27 16:00:00,0.013200260503704132
2022-02-28 00:00:00,-0.0015773466566975781
2022-02-28 08:00:00,-0.013507774968456352
2022-02-28 16:00:00,-0.014936392950104953
2022-03-01 00:00:00,-0.0078625264352131519
2022-03-01 08:00:00,-0.0028774243971611763
2022-03-01 16:00:00,0.0021502287460209049
2022-03-02 00:00:00,0.0029898001056468367
2022-03-02 08:00:00,-0.008362663274881563
2022-03-02 16:00:00,0.015400066373999315
2022-03-03 00:00:00,0.0057247284589614228
2022-03-03 08:00:00,0.0048071291364401251
2022-03-03 16:00:00,0.0014838015087344724
2022-03-04 00:00:00,0.01189425346938728
2022-03-04 08:00:00,0.0081280189811690686
2022-03-04 16:00:00,-0.018861080214886403
2022-03-05 00:00:00,-0.018013168812641339
2022-03-05 08:00:00,-0.0072693261834063548
2022-03-05 16:00:00,-0.0016546029179627026
2022-03-06 00:00:00,-0.001775765385564336
2022-03-06 08:00:00,0.0046184558595874486
2022-03-06 16:00:00,0.0036018134493548612
2022-03-07 00:00:00,-0.00012822769053006796
2022-03-07 08:00:00,-0.011734956359248377
2022-03-07 16:00:00,0.010696468332854276
2022-03-08 00:00:00,-0.013070545175067252
2022-03-08 08:00:00,-0.0047245805166842968
2022-03-08 16:00:00,0.00077463402007629638
2022-03-09 00:00:00,-0.0068571432464335181
2022-03-09 08:00:00,0.0020163134741717518
2022-03-09 16:00:00,0.0038240726960063962
2022-03-10 00:00:00,0.013598812320433877
2022-03-10 08:00:00,0.0066720618528136079
2022-03-10 16:00:00,-0.002131187436012857
2022-03-11 00:00:00,0.0027166401177118257
2022-03-11 08:00:00,0.0072160642751923606
2022-03-11 16:00:00,-0.00061807442759973452
2022-03-12 00:00:00,-0.0054566443957074391
2022-03-12 08:00:00,0.002319236490562628
2022-03-12 16:00:00,0.014517692763415959
2022-03-13 00:00:00,-0.006619441933500868
2022-03-13 08:00:00,0.0067733668611633406
2022-03-13 16:00:00,0.010066943132987847
2022-03-14 00:00:00,-0.0043520241409814213
2022-03-14 08:00:00,0.013254624619339012
2022-03-14 16:00:00,-0.0065477082869222283
2022-03-15 00:00:00,0.015652879366835095
2022-03-15 08:00:00,-0.0054620066231399712
2022-03-15 16:00:00,-0.0098629769205635012
2022-03-16 00:00:00,0.00099124246717239173
2022-03-16 08:00:00,-0.016283000157562739
2022-03-16 16:00:00,-0.010666413998928821
2022-03-17 00:00:00,0.011082608699307056
2022-03-17 08:00:00,-0.013753284367308907
2022-03-17 16:00:00,0.0093559031871455391
2022-03-18 00:00:00,0.0082570685495187285
2022-03-18 08:00:00,-0.012242142331237719
2022-03-18 16:00:00,0.0068523364061627108
2022-03-19 00:00:00,-0.0069650480285201426
2022-03-19 08:00:00,-0.0099195854585955104
2022-03-19 16:00:00,0.0013489590181924535
2022-03-20 00:00:00,0.014423040548674836
2022-03-20 08:00:00,0.0026343957128994121
2022-03-20 16:00:00,-0.0013147837396628465
2022-03-21 00:00:00,-0.0089501877422823711
2022-03-21 08:00:00,0.00097884371988914468
2022-03-21 16:00:00,5.9475147516459648e-05
2022-03-22 00:00:00,0.013989971603163905
2022-03-22 08:00:00,-0.00084038063221490602
2022-03-22 16:00:00,0.0065640626751293672
2022-03-23 00:00:00,-0.0093008821306764973
2022-03-23 08:00:00,0.0097978585478826104
2022-03-23 16:00:00,0.0023155601061576056
2022-03-24 00:00:00,-0.0035347870358861666
2022-03-24 08:00:00,0.0057754331114005389
2022-03-24 16:00:00,0.0053793734683766749
2022-03-25 00:00:00,-0.00064197537079396208
2022-03-25 08:00:00,-0.0052721972917283595
2022-03-25 16:00:00,-0.000247783837381752
2022-03-26 00:00:00,0.0016997974657705672
2022-03-26 08:00:00,-0.0010572799085893465
2022-03-26 16:00:00,0.0017822090063041953
2022-03-27 00:00:00,0.0011323487250674326
2022-03-27 08:00:00,0.0013289337017262973
2022-03-27 16:00:00,0.014718093612364282
2022-03-28 00:00:00,0.0051591484590639263
2022-03-28 08:00:00,0.0022926395344874226
2022-03-28 16:00:00,-0.0092866710061540667
2022-03-29 00:00:00,0.012176740165885675
2022-03-29 08:00:00,0.0023070453991707375
2022-03-29 16:00:00,0.00194544617222007
2022-03-30 00:00:00,0.0085875349744924528
2022-03-30 08:00:00,-0.00066119273448010825
2022-03-30 16:00:00,0.0010551699918421244
2022-03-31 00:00:00,0.0083992185458218044
2022-03-31 08:00:00,-0.012494991628363457
2022-03-31 16:00:00,-0.0033862363752039312
2022-04-01 00:00:00,-0.00062433036441291345
2022-04-01 08:00:00,0.0055870366505212654
2022-04-01 16:00:00,0.0024846898461746481
2022-04-02 00:00:00,0.0038277351613977542
2022-04-02 08:00:00,-0.0074181728347872825
2022-04-02 16:00:00,-0.0034644112775366778
2022-04-03 00:00:00,0.0077512813620806793
2022-04-03 08:00:00,-0.0010159850577928162
2022-04-03 16:00:00,0.0012830839071189158
2022-04-04 00:00:00,-0.0015557209831226953
2022-04-04 08:00:00,-0.0089147540173280335
2022-04-04 16:00:00,0.01251332747249465
2022-04-05 00:00:00,-0.0037233683409439817
2022-04-05 08:00:00,-0.010592660433183429
2022-04-05 16:00:00,-0.0086640757394935552
2022-04-06 00:00:00,-0.025111237074003954
2022-04-06 08:00:00,-0.020228062758814076
2022-04-06 16:00:00,-0.018378356514289099
2022-04-07 00:00:00,0.011498926183250329
2022-04-07 08:00:00,-0.0030149157143005275
2022-04-07 16:00:00,-0.012600847598649984
2022-04-08 00:00:00,-0.0055170176294568754
2022-04-08 08:00:00,0.0050044287975357536
2022-04-08 16:00:00,0.012279559778959477
2022-04-09 00:00:00,0.0034316504012399693
2022-04-09 08:00:00,-0.010288028926753878
2022-04-09 16:00:00,-0.011256652661053218
2022-04-10 00:00:00,0.0023516778383174007
2022-04-10 08:00:00,-0.0065011838582872137
2022-04-10 16:00:00,0.020846930614796314
2022-04-11 00:00:00,4.4079881362246019e-06
2022-04-11 08:00:00,0.020004790918057538
2022-04-11 16:00:00,-0.013017605241182747
2022-04-12 00:00:00,-0.020593712150727857
2022-04-12 08:00:00,-0.0023580784835828335
2022-04-12 16:00:00,0.0024898252178594356
2022-04-13 00:00:00,-0.0085113869468711224
2022-04-13 08:00:00,-0.0084241318396909935
2022-04-13 16:00:00,-0.0041500843611453411
2022-04-14 00:00:00,-0.0067261864206063487
2022-04-14 08:00:00,0.026508335946725491
2022-04-14 16:00:00,-0.0059857878687151053
2022-04-15 00:00:00,-0.006619208517964408
2022-04-15 08:00:00,0.00089555956563387967
2022-04-15 16:00:00,-0.0032521381834501903
2022-04-16 00:00:00,-0.0012980343801488761
2022-04-16 08:00:00,0.0079533265929274712
2022-04-16 16:00:00,-0.0063247547276851892
2022-04-17 00:00:00,0.0013781199736654227
2022-04-17 08:00:00,-0.0048615509203250645
2022-04-17 16:00:00,0.019944059976054373
2022-04-18 00:00:00,0.011876604100165654
2022-04-18 08:00:00,0.028347567098686417
2022-04-18 16:00:00,-0.02480931399565918
2022-04-19 00:00:00,0.016277527203714143
2022-04-19 08:00:00,-0.030922838110212132
2022-04-19 16:00:00,-0.0059144057194066542
2022-04-20 00:00:00,0.031081524786841296
2022-04-20 08:00:00,0.0042380566145914719
2022-04-20 16:00:00,-0.0001373834107064354
2022-04-21 00:00:00,-0.02668813484262331
2022-04-21 08:00:00,-0.009366055919635019
2022-04-21 16:00:00,0.019637999031510027
2022-04-22 00:00:00,-0.017012306289186371
2022-04-22 08:00:00,0.013015843666076127
2022-04-22 16:00:00,-0.0022194826377322902
2022-04-23 00:00:00,0.031994548553709923
2022-04-23 08:00:00,0.00276337473553463
2022-04-23 16:00:00,0.0020169106831231195
2022-04-24 00:00:00,-0.0063422754441010108
2022-04-24 08:00:00,-0.001647202903220082
2022-04-24 16:00:00,-0.0028974674231433614
2022-04-25 00:00:00,0.037429554064810203
2022-04-25 08:00:00,-0.0048997544634738367
2022-04-25 16:00:00,-0.0084366221933759554
2022-04-26 00:00:00,0.0035172572397358859
2022-04-26 08:00:00,0.02364052209291095
2022-04-26 16:00:00,0.0050032089736139363
2022-04-27 00:00:00,-0.010305112602527712
2022-04-27 08:00:00,0.0064675219830900863
2022-04-27 16:00:00,0.0048087915423805326
2022-04-28 00:00:00,0.0024758700336525983
2022-04-28 08:00:00,0.019378860809366686
2022-04-28 16:00:00,0.010728574953423539
2022-04-29 00:00:00,-0.0079950695829045654
2022-04-29 08:00:00,0.016977578726040634
2022-04-29 16:00:00,0.00084350410957516548
2022-04-30 00:00:00,0.013519914762919458
2022-04-30 08:00:00,-0.0010755223280480499
2022-04-30 16:00:00,0.029497113593682091
2022-05-01 00:00:00,-0.03194365113819958
2022-05-01 08:00:00,-0.017751984752316048
2022-05-01 16:00:00,-0.005195550521898038
2022-05-02 00:00:00,0.0011113921751892961
2022-05-02 08:00:00,-0.0093396274336462921
2022-05-02 16:00:00,0.013377165306491181
2022-05-03 00:00:00,-0.0051977004678073974
2022-05-03 08:00:00,-0.0058297138609770547
2022-05-03 16:00:00,0.0015696044751907334
2022-05-04 00:00:00,-0.0085017141777890617
2022-05-04 08:00:00,-0.0029150752930328758
2022-05-04 16:00:00,-0.025552212126890843
2022-05-05 00:00:00,0.0084329767727989967
2022-05-05 08:00:00,0.017283750471672764
2022-05-05 16:00:00,-0.0010669635630231144
2022-05-06 00:00:00,0.0028048714666378659
2022-05-06 08:00:00,-0.0083654196634780648
2022-05-06 16:00:00,0.00080984746313897469
2022-05-07 00:00:00,0.0054846147617213523
2022-05-07 08:00:00,0.0028851443230241327
2022-05-07 16:00:00,0.0052370810647276445
2022-05-08 00:00:00,0.0051116969195741683
2022-05-08 08:00:00,-0.0035430188604069855
2022-05-08 16:00:00,0.00093611436989151969
2022-05-09 00:00:00,0.0065771742344524183
2022-05-09 08:00:00,0.006911381042837862
2022-05-09 16:00:00,0.028015046585672988
2022-05-10 00:00:00,-0.019036953361874186
2022-05-10 08:00:00,0.00074424629602555612
2022-05-10 16:00:00,0.01343140140322396
2022-05-11 00:00:00,0.023224462579392865
2022-05-11 08:00:00,0.015495350237997694
2022-05-11 16:00:00,0.018747266229866597
2022-05-12 00:00:00,0.022573992310931316
2022-05-12 08:00:00,-0.0026423730198811856
2022-05-12 16:00:00,0.0016956850037571052
2022-05-13 00:00:00,-0.021451156818423793
2022-05-13 08:00:00,-0.0061441861663570256
2022-05-13 16:00:00,0.0091712177422115949
2022-05-14 00:00:00,-0.0029074543582815961
2022-05-14 08:00:00,0.011379932344022386
2022-05-14 16:00:00,-0.017985896711417218
2022-05-15 00:00:00,0.0018499641587652743
2022-05-15 08:00:00,1.1179731117617811e-05
2022-05-15 16:00:00,-0.013748589764814606
2022-05-16 00:00:00,0.014106318671530759
2022-05-16 08:00:00,0.0037385009666572712
2022-05-16 16:00:00,-0.0025787357091915631
2022-05-17 00:00:00,-0.0053932250175847754
2022-05-17 08:00:00,-0.0023184343761177072
2022-05-17 16:00:00,-0.0079555375180956813
2022-05-18 00:00:00,0.0027215277552379859
2022-05-18 08:00:00,0.013368625820534821
2022-05-18 16:00:00,0.0019964864310934825
2022-05-19 00:00:00,-0.0019654983010657448
2022-05-19 08:00:00,-0.012265449272395043
2022-05-19 16:00:00,-0.00050744476979337489
2022-05-20 00:00:00,0.001250499915667924
2022-05-20 08:00:00,0.006630889939229211
2022-05-20 16:00:00,-0.0043659496586752047
2022-05-21 00:00:00,-0.0035466067429075448
2022-05-21 08:00:00,-0.0044332658378669317
2022-05-21 16:00:00,-0.0012471252679593179
2022-05-22 00:00:00,-0.0017743475676565809
2022-05-22 08:00:00,-0.0015650960419487702
2022-05-22 16:00:00,-0.0027761995463583145
2022-05-23 00:00:00,-0.0064560653699874014
2022-05-23 08:00:00,-0.0028292290684325079
2022-05-23 16:00:00,0.014196591284129123
2022-05-24 00:00:00,-0.0032128484926422706
2022-05-24 08:00:00,0.0079848371516032298
2022-05-24 16:00:00,-0.0054435420957483919
2022-05-25 00:00:00,0.0036964749526948977
2022-05-25 08:00:00,0.004374608860350751
2022-05-25 16:00:00,0.00082782212705160012
2022-05-26 00:00:00,0.0031471732042090547
2022-05-26 08:00:00,0.0068473676973561286
2022-05-26 16:00:00,0.0049854497982353332
2022-05-27 00:00:00,0.0037876289634502171
2022-05-27 08:00:00,0.00083483825276717727
2022-05-27 16:00:00,0.0022423977931187679
2022-05-28 00:00:00,-0.0044234931187735124
2022-05-28 08:00:00,-0.0036710063619880282
2022-05-28 16:00:00,-0.0019522575266124561
2022-05-29 00:00:00,0.0018445263031130297
2022-05-29 08:00:00,-0.0033144513078613943
2022-05-29 16:00:00,-0.0011058829635287792
2022-05-30 00:00:00,-0.025776731140926837
2022-05-30 08:00:00,0.018235203656434506
2022-05-30 16:00:00,-0.03312806028036263
2022-05-31 00:00:00,-0.0094004370982188386
2022-05-31 08:00:00,-0.001356779564140429
2022-05-31 16:00:00,-0.0041581446216136389
2022-06-01 00:00:00,-0.0060753144873416194
2022-06-01 08:00:00,0.0029943459409328063
2022-06-01 16:00:00,-0.0084774774377880356
2022-06-02 00:00:00,0.0050525945142779524
2022-06-02 08:00:00,-0.0046604126667690272
2022-06-02 16:00:00,-0.0054807737610804829
2022-06-03 00:00:00,0.0095674283273828025
2022-06-03 08:00:00,0.0052206030657216511
2022-06-03 16:00:00,0.0028264914107084976
2022-06-04 00:00:00,-0.0083608829906770665
2022-06-04 08:00:00,-0.0080482496965853002
2022-06-04 16:00:00,-0.0061302572245436615
2022-06-05 00:00:00,-0.00032122808194821493
2022-06-05 08:00:00,-0.0045256696618161179
2022-06-05 16:00:00,-0.0031284112739097866
2022-06-06 00:00:00,-0.0058502812530765299
2022-06-06 08:00:00,0.00045298013277322982
2022-06-06 16:00:00,-0.0016083718801256678
2022-06-07 00:00:00,0.0088686945429130547
2022-06-07 08:00:00,0.0065419554432183348
2022-06-07 16:00:00,0.047612769167101415
2022-06-08 00:00:00,0.013942039062343346
2022-06-08 08:00:00,-0.0016034779270896284
2022-06-08 16:00:00,-0.00045308194050016617
2022-06-09 00:00:00,0.00087395125259999418
2022-06-09 08:00:00,0.015137091528580596
2022-06-09 16:00:00,-0.0020667424911574423
2022-06-10 00:00:00,0.0022964748895796844
2022-06-10 08:00:00,0.019304711360124141
2022-06-10 16:00:00,-0.0076675568075354316
2022-06-11 00:00:00,0.0018144367720039788
2022-06-11 08:00:00,0.016739121483608732
2022-06-11 16:00:00,-0.001472482742294663
2022-06-12 00:00:00,0.0021780560941832634
2022-06-12 08:00:00,-0.008348192453309599
2022-06-12 16:00:00,0.011450733281637027
2022-06-13 00:00:00,0.0076224436239483396
2022-06-13 08:00:00,-0.0079098586764916028
2022-06-13 16:00:00,-0.015555108384524747
2022-06-14 00:00:00,-0.020076247271200207
2022-06-14 08:00:00,0.0022010248286735714
2022-06-14 16:00:00,-0.00010722298059782779
2022-06-15 00:00:00,0.01369925605012124
2022-06-15 08:00:00,-0.0076474180352423737
2022-06-15 16:00:00,-0.031902737796646971
2022-06-16 00:00:00,0.013103764266483998
2022-06-16 08:00:00,0.0038810865526020893
2022-06-16 16:00:00,-0.0050747370982821022
2022-06-17 00:00:00,-0.0042251081073686825
2022-06-17 08:00:00,-0.00016473639801160264
2022-06-17 16:00:00,-0.0015112710640206902
2022-06-18 00:00:00,0.012711905548746049
2022-06-18 08:00:00,0.0015849859673728929
2022-06-18 16:00:00,0.0094745632907149331
2022-06-19 00:00:00,0.006404523373517601
2022-06-19 08:00:00,-0.016871919554000803
2022-06-19 16:00:00,-0.0033411804236577218
2022-06-20 00:00:00,0.0017466157499532702
2022-06-20 08:00:00,-0.026526506528544824
2022-06-20 16:00:00,0.003970774144051302
2022-06-21 00:00:00,0.0058931926410997187
2022-06-21 08:00:00,-0.016033583849839664
2022-06-21 16:00:00,0.00042839117829745674
2022-06-22 00:00:00,0.0052250434944519815
2022-06-22 08:00:00,-0.0065340659144697815
2022-06-22 16:00:00,0.0062313555736705105
2022-06-23 00:00:00,-0.0087228074061032265
2022-06-23 08:00:00,-0.0067372797642833359
2022-06-23 16:00:00,0.015397253920072289
2022-06-24 00:00:00,-0.0082950399813592392
2022-06-24 08:00:00,-0.0057146209863201706
2022-06-24 16:00:00,0.0080531287615075806
2022-06-25 00:00:00,-0.012301239873767746
2022-06-25 08:00:00,0.0087831065450337965
2022-06-25 16:00:00,-0.0081961538418548457
2022-06-26 00:00:00,-0.011417780095384598
2022-06-26 08:00:00,0.0027043668061885089
2022-06-26 16:00:00,-0.0037940407095619052
2022-06-27 00:00:00,-0.00052526775164514819
2022-06-27 08:00:00,-0.0087429020034905085
2022-06-27 16:00:00,-0.0022757430434421403
2022-06-28 00:00:00,0.0018542008499860126
2022-06-28 08:00:00,-0.010650215946936773
2022-06-28 16:00:00,-0.0085374798243985778
2022-06-29 00:00:00,0.0018954073340476281
2022-06-29 08:00:00,-0.0032692478593620987
2022-06-29 16:00:00,0.00099194185679381893
2022-06-30 00:00:00,0.0038080640906118552
2022-06-30 08:00:00,-0.0043381221765682997
2022-06-30 16:00:00,-0.0059584605568334132
2022-07-01 00:00:00,0.001947746059851443
2022-07-01 08:00:00,-0.00023445014316102192
2022-07-01 16:00:00,-0.0029672129115699132
2022-07-02 00:00:00,-0.00063713381312224761
2022-07-02 08:00:00,-0.0058258169295942906
2022-07-02 16:00:00,-0.008735167540793471
2022-07-03 00:00:00,0.0047112090683017792
2022-07-03 08:00:00,0.0048453089925623366
2022-07-03 16:00:00,-0.0061714409062494629
2022-07-04 00:00:00,0.0037179360254443903
2022-07-04 08:00:00,-0.0064009168517307011
2022-07-04 16:00:00,-0.0069155677122369275
2022-07-05 00:00:00,0.0011119489793400288
2022-07-05 08:00:00,0.0048932417372600043
2022-07-05 16:00:00,0.0019064663804436307
2022-07-06 00:00:00,0.0016215779319261633
2022-07-06 08:00:00,0.001534372196970989
2022-07-06 16:00:00,-0.0029014586287889792
2022-07-07 00:00:00,-0.0063018808229367814
2022-07-07 08:00:00,0.0064470242651432294
2022-07-07 16:00:00,0.005302469600127163
2022-07-08 00:00:00,-0.0015840566302781696
2022-07-08 08:00:00,0.0018480352887220546
2022-07-08 16:00:00,0.0045529697920753216
2022-07-09 00:00:00,0.0042349219263317023
2022-07-09 08:00:00,-0.0014058165533139448
2022-07-09 16:00:00,0.0030301862534697905
2022-07-10 00:00:00,-0.0085560926102134852
2022-07-10 08:00:00,-0.0083054589633256848
2022-07-10 16:00:00,0.0070733697953771811
2022-07-11 00:00:00,-0.0042915922884679252
2022-07-11 08:00:00,0.0084987776352562511
2022-07-11 16:00:00,-0.00491351406629048
2022-07-12 00:00:00,0.0012344462045090817
2022-07-12 08:00:00,-0.0063319768690883122
2022-07-12 16:00:00,0.006831331827222841
2022-07-13 00:00:00,-0.0027185956214061187
2022-07-13 08:00:00,0.012428394885324471
2022-07-13 16:00:00,0.0034511414824659665
2022-07-14 00:00:00,0.00032502458647016392
2022-07-14 08:00:00,0.0030908290255795418
2022-07-14 16:00:00,0.0082186267033089976
2022-07-15 00:00:00,-0.0021693555293525926
2022-07-15 08:00:00,-0.0072049750715195357
2022-07-15 16:00:00,0.001128588197499893
2022-07-16 00:00:00,0.0078390650782616585
2022-07-16 08:00:00,-0.0025132748396682002
2022-07-16 16:00:00,-0.0016414364011585925
2022-07-17 00:00:00,-0.0054889609970498179
2022-07-17 08:00:00,-0.0078750309620238129
2022-07-17 16:00:00,-0.0023674224732469391
2022-07-18 00:00:00,0.042949860364919185
2022-07-18 08:00:00,0.0036360531653057576
2022-07-18 16:00:00,0.0053878946590599141
2022-07-19 00:00:00,-0.0079790075299995787
2022-07-19 08:00:00,0.007548572477779225
2022-07-19 16:00:00,0.002566051330689584
2022-07-20 00:00:00,-0.0001251029090779108
2022-07-20 08:00:00,0.0020307484567121132
2022-07-20 16:00:00,-0.018749414035882084
2022-07-21 00:00:00,0.00050670026007946264
2022-07-21 08:00:00,0.0062882142849151361
2022-07-21 16:00:00,0.010946657527394522
2022-07-22 00:00:00,0.0018799048057143543
2022-07-22 08:00:00,-0.0011928893743871733
2022-07-22 16:00:00,-0.009634398288786445
2022-07-23 00:00:00,0.0073810729906417455
2022-07-23 08:00:00,-0.0074228832257116116
2022-07-23 16:00:00,-0.0082927501573233538
2022-07-24 00:00:00,0.0057491680868279197
2022-07-24 08:00:00,0.0033692431784997372
2022-07-24 16:00:00,0.0021323449857135689
2022-07-25 00:00:00,-0.021476066909068219
2022-07-25 08:00:00,-0.00011119606749661714
2022-07-25 16:00:00,-0.017254153227286451
2022-07-26 00:00:00,-0.010092615928256013
2022-07-26 08:00:00,-0.006905188104047188
2022-07-26 16:00:00,0.0038103054254016353
2022-07-27 00:00:00,0.0095942591103518292
2022-07-27 08:00:00,0.00021996973595247093
2022-07-27 16:00:00,0.035265342452923745
2022-07-28 00:00:00,-0.0075629327081327335
2022-07-28 08:00:00,0.044559410301705828
2022-07-28 16:00:00,0.0059960636226385738
2022-07-29 00:00:00,0.0020056951060842265
2022-07-29 08:00:00,-0.0075310446029107298
2022-07-29 16:00:00,0.0050478301269584868
2022-07-30 00:00:00,-0.033985271167088112
2022-07-30 08:00:00,0.0065639836298003107
2022-07-30 16:00:00,-0.010399671627598807
2022-07-31 00:00:00,0.0032352653170304078
2022-07-31 08:00:00,0.0036973087404633545
2022-07-31 16:00:00,-0.010197935504841884
2022-08-01 00:00:00,0.0043774142982633771
2022-08-01 08:00:00,-0.0020635678256760953
2022-08-01 16:00:00,-0.0029317226309530831
2022-08-02 00:00:00,-0.011168791186628313
2022-08-02 08:00:00,0.0076738007684616057
2022-08-02 16:00:00,-0.0011042495736954244
2022-08-03 00:00:00,2.9373882715542677e-05
2022-08-03 08:00:00,0.003774104439421735
2022-08-03 16:00:00,-0.00070864504789192495
2022-08-04 00:00:00,0.0031249457348968544
2022-08-04 08:00:00,-0.0045707232551690452
2022-08-04 16:00:00,0.0012125132097026638
2022-08-05 00:00:00,0.0071705149823225378
2022-08-05 08:00:00,-0.0010136052903261534
2022-08-05 16:00:00,0.0083927918003276515
2022-08-06 00:00:00,-0.00015544322661698414
2022-08-06 08:00:00,-0.0021290191890518009
2022-08-06 16:00:00,-0.00486077112527631
2022-08-07 00:00:00,0.00035110031568531607
2022-08-07 08:00:00,0.0009978293048085419
2022-08-07 16:00:00,0.002566344783185015
2022-08-08 00:00:00,0.0024916657076540635
2022-08-08 08:00:00,-0.000758793412775025
2022-08-08 16:00:00,-0.0004504952269541403
2022-08-09 00:00:00,-0.00013633569544603972
2022-08-09 08:00:00,-0.015148319706550659
2022-08-09 16:00:00,0.0028538524853668201
2022-08-10 00:00:00,-0.0036867193315352413
2022-08-10 08:00:00,0.017884968826173332
2022-08-10 16:00:00,-2.6692137485951885e-05
2022-08-11 00:00:00,0.0001096232244664923
2022-08-11 08:00:00,-0.0014495221625535632
2022-08-11 16:00:00,-0.0025755985811266044
2022-08-12 00:00:00,0.00073621325430434971
2022-08-12 08:00:00,0.0021621724970427966
2022-08-12 16:00:00,0.0060175651564655401
2022-08-13 00:00:00,0.0011846591209279092
2022-08-13 08:00:00,-0.0011839476501831134
2022-08-13 16:00:00,-0.0010548054752321421
2022-08-14 00:00:00,0.0069656218040667446
2022-08-14 08:00:00,-0.0047567159145966466
2022-08-14 16:00:00,-0.0050342842579226563
2022-08-15 00:00:00,-0.011785536409793407
2022-08-15 08:00:00,0.0046297466003828299
2022-08-15 16:00:00,-0.0050086916448556186
2022-08-16 00:00:00,0.0062742185215210215
2022-08-16 08:00:00,0.0032266302984294867
2022-08-16 16:00:00,0.0064856181338200057
2022-08-17 00:00:00,-0.0060626510145733092
2022-08-17 08:00:00,-0.0040051205801962817
2022-08-17 16:00:00,-0.00066352660651510117
2022-08-18 00:00:00,-0.0069877396286869564
2022-08-18 08:00:00,-0.0038693557512530464
2022-08-18 16:00:00,0.029967480610299056
2022-08-19 00:00:00,0.015409108636093587
2022-08-19 08:00:00,-0.0057349192844611194
2022-08-19 16:00:00,0.010368706543162593
2022-08-20 00:00:00,-0.016516443226192036
2022-08-20 08:00:00,0.011943192999237764
2022-08-20 16:00:00,0.011659849036944066
2022-08-21 00:00:00,-0.011503687507773445
2022-08-21 08:00:00,-0.0048276555336158088
2022-08-21 16:00:00,0.0034101483098932734
2022-08-22 00:00:00,0.018702581084110305
2022-08-22 08:00:00,0.0078714827641455706
2022-08-22 16:00:00,0.016289728689240821
2022-08-23 00:00:00,-0.0015693048168345033
2022-08-23 08:00:00,-0.0090234700928926055
2022-08-23 16:00:00,0.0048171310210447429
2022-08-24 00:00:00,0.001157852587490129
2022-08-24 08:00:00,-0.026293555599761605
2022-08-24 16:00:00,0.021910193553218906
2022-08-25 00:00:00,-0.025558496318996489
2022-08-25 08:00:00,0.0056418472107295043
2022-08-25 16:00:00,-0.0038710923832376795
2022-08-26 00:00:00,0.0065551535528552011
2022-08-26 08:00:00,0.021327711516053276
2022-08-26 16:00:00,0.0011981609337511773
2022-08-27 00:00:00,-0.0081835540915381547
2022-08-27 08:00:00,0.0096631069088387485
2022-08-27 16:00:00,0.00043737998860600695
2022-08-28 00:00:00,-0.0062196024970271272
2022-08-28 08:00:00,-0.0071323686485861605
2022-08-28 16:00:00,0.0096221294227834108
2022-08-29 00:00:00,-0.012501108963534773
2022-08-29 08:00:00,-0.012007631106744488
2022-08-29 16:00:00,0.0002764716757024298
2022-08-30 00:00:00,-0.011169706319253001
2022-08-30 08:00:00,0.00953958852774805
2022-08-30 16:00:00,-0.0059431518991736295
2022-08-31 00:00:00,-0.007700437827394005
2022-08-31 08:00:00,0.005995813389301035
2022-08-31 16:00:00,0.0080368608555017318
2022-09-01 00:00:00,0.010014181280084824
2022-09-01 08:00:00,-0.0058640922685268262
2022-09-01 16:00:00,-0.0092734687359845702
2022-09-02 00:00:00,0.0026102355172246561
2022-09-02 08:00:00,-0.010395242126735961
2022-09-02 16:00:00,0.014745373388363587
2022-09-03 00:00:00,-0.010172090383267145
2022-09-03 08:00:00,-0.0081991027758345839
2022-09-03 16:00:00,0.0008611142747874678
2022-09-04 00:00:00,-0.0022302943825706096
2022-09-04 08:00:00,-0.0073749707681329338
2022-09-04 16:00:00,0.00068156330534120961
2022-09-05 00:00:00,0.0036571775266572956
2022-09-05 08:00:00,-0.0022440828764124275
2022-09-05 16:00:00,-0.0053673412523801397
2022-09-06 00:00:00,-0.013035645526761801
2022-09-06 08:00:00,0.0050971109193737769
2022-09-06 16:00:00,0.019627378855239647
2022-09-07 00:00:00,-0.0040283230566671834
2022-09-07 08:00:00,-0.0010248088324018394
2022-09-07 16:00:00,-0.0068970135062060975
2022-09-08 00:00:00,0.002808805328630213
2022-09-08 08:00:00,0.0011245603040228244
2022-09-08 16:00:00,-0.0012025357491432542
2022-09-09 00:00:00,-0.022051495029633376
2022-09-09 08:00:00,0.0024303386169461576
2022-09-09 16:00:00,0.0079359414628690575
2022-09-10 00:00:00,-0.011847503277417855
2022-09-10 08:00:00,0.0042117639124635746
2022-09-10 16:00:00,0.010090290854201068
2022-09-11 00:00:00,-0.014259916959600695
2022-09-11 08:00:00,0.002197505505312797
2022-09-11 16:00:00,0.001704899545364806
2022-09-12 00:00:00,-0.0028887380097538493
2022-09-12 08:00:00,0.0010931523722874888
2022-09-12 16:00:00,0.0028160090611100089
2022-09-13 00:00:00,-0.0032386557341514055
2022-09-13 08:00:00,-0.025748444889257795
2022-09-13 16:00:00,-0.0050004130477089631
2022-09-14 00:00:00,0.0076572664730301873
2022-09-14 08:00:00,0.0057618838293069866
2022-09-14 16:00:00,-0.0038374922443831952
2022-09-15 00:00:00,0.002187497130201708
2022-09-15 08:00:00,-0.0038730330582338159
2022-09-15 16:00:00,-0.0022474863335955678
2022-09-16 00:00:00,-0.015205203279226547
2022-09-16 08:00:00,-0.00037779533878913617
2022-09-16 16:00:00,-0.0072168803989932813
2022-09-17 00:00:00,-0.0025384550489317161
2022-09-17 08:00:00,-0.0080835636618998372
2022-09-17 16:00:00,-0.0044267893030581146
2022-09-18 00:00:00,0.0042789973092953295
2022-09-18 08:00:00,0.0048388328591156184
2022-09-18 16:00:00,0.033540701071635003
2022-09-19 00:00:00,0.0061237323160955219
2022-09-19 08:00:00,-0.0080111300007560306
2022-09-19 16:00:00,-0.0023137257177597995
2022-09-20 00:00:00,0.00039987048950915812
2022-09-20 08:00:00,-0.00014961214046064304
2022-09-20 16:00:00,0.0068487569145957413
2022-09-21 00:00:00,-0.0090269373503509154
2022-09-21 08:00:00,0.0039128452982991882
2022-09-21 16:00:00,0.017872930182870388
2022-09-22 00:00:00,-0.014431619458093559
2022-09-22 08:00:00,0.0083397356506557073
2022-09-22 16:00:00,0.019253020155411905
2022-09-23 00:00:00,0.0059885490729930475
2022-09-23 08:00:00,0.0026724698914001588
2022-09-23 16:00:00,-0.012777708848896018
2022-09-24 00:00:00,-0.0066712695509486622
2022-09-24 08:00:00,-0.0061253808776881189
2022-09-24 16:00:00,0.0054962077150363976
2022-09-25 00:00:00,-0.0037505267602438931
2022-09-25 08:00:00,0.0053629157409367436
2022-09-25 16:00:00,0.0052994482865187835
2022-09-26 00:00:00,0.00011351750239802245
2022-09-26 08:00:00,-0.015261409508277266
2022-09-26 16:00:00,-0.004379752264312556
2022-09-27 00:00:00,-0.014063503102278935
2022-09-27 08:00:00,0.0062517032202222197
2022-09-27 16:00:00,0.015463407115365485
2022-09-28 00:00:00,0.0080652981146058962
2022-09-28 08:00:00,-0.00014125979445481007
2022-09-28 16:00:00,-0.0090042865736383575
2022-09-29 00:00:00,-0.0087713221139699114
2022-09-29 08:00:00,0.00076461167653771485
2022-09-29 16:00:00,-0.0064573448780466539
2022-09-30 00:00:00,-0.0052652129635297699
2022-09-30 08:00:00,-0.0047457019061328135
2022-09-30 16:00:00,0.0070882566149271034
2022-10-01 00:00:00,0.0021693478365858165
2022-10-01 08:00:00,0.020060548492505895
2022-10-01 16:00:00,-0.0037933957736237776
2022-10-02 00:00:00,-0.00074357284418850086
2022-10-02 08:00:00,0.0066006763258049704
2022-10-02 16:00:00,0.0050492914147643557
2022-10-03 00:00:00,-0.0019102320251209092
2022-10-03 08:00:00,-0.012478669705298458
2022-10-03 16:00:00,-0.0043967456573609084
2022-10-04 00:00:00,-0.0098120009281729738
2022-10-04 08:00:00,0.00032256545076277267
2022-10-04 16:00:00,-0.0064467369213178586
2022-10-05 00:00:00,0.0032388599753291531
2022-10-05 08:00:00,0.010418934211131754
2022-10-05 16:00:00,-0.0014641602007411066
2022-10-06 00:00:00,-0.0041547277955910457
2022-10-06 08:00:00,-0.0078792514097303264
2022-10-06 16:00:00,0.0026663749663943378
2022-10-07 00:00:00,-0.0025780589601180725
2022-10-07 08:00:00,0.0063457904202544133
2022-10-07 16:00:00,-0.0051770143550810841
2022-10-08 00:00:00,-0.004892261371499655
2022-10-08 08:00:00,0.00087902677816663289
2022-10-08 16:00:00,0.0058928627232400204
2022-10-09 00:00:00,-0.0035503079217035719
2022-10-09 08:00:00,0.0009902482811933093
2022-10-09 16:00:00,0.0071226620348614246
2022-10-10 00:00:00,-0.0037620901958797361
2022-10-10 08:00:00,0.008728063955954447
2022-10-10 16:00:00,0.022315165908454629
2022-10-11 00:00:00,1.9591739811946268e-05
2022-10-11 08:00:00,0.0016105347844912127
2022-10-11 16:00:00,0.0044642879743416932
2022-10-12 00:00:00,-0.0060540149711219666
2022-10-12 08:00:00,-0.00097308426921843176
2022-10-12 16:00:00,0.00087150341981047125
2022-10-13 00:00:00,0.025677939939832872
2022-10-13 08:00:00,0.0029032145632920661
2022-10-13 16:00:00,-0.006466256018633423
2022-10-14 00:00:00,-0.0069849801823500387
2022-10-14 08:00:00,0.015415683591749061
2022-10-14 16:00:00,0.015042988649399361
2022-10-15 00:00:00,-0.0076658219596445285
2022-10-15 08:00:00,0.0038984475991440627
2022-10-15 16:00:00,0.0086121951700077956
2022-10-16 00:00:00,-0.016614296180454118
2022-10-16 08:00:00,0.0055191424805448447
2022-10-16 16:00:00,0.012198430399714261
2022-10-17 00:00:00,-0.012494336684992943
2022-10-17 08:00:00,-0.0032160878942220023
2022-10-17 16:00:00,-0.013599123070938891
2022-10-18 00:00:00,0.0040603296561723982
2022-10-18 08:00:00,0.019479051580423266
2022-10-18 16:00:00,0.012162714410324096
2022-10-19 00:00:00,0.012673888842960121
2022-10-19 08:00:00,-0.0013259323487642125
2022-10-19 16:00:00,0.010190422222047201
2022-10-20 00:00:00,-0.013569592908409984
2022-10-20 08:00:00,-0.0048001894760393146
2022-10-20 16:00:00,0.013278672913618417
2022-10-21 00:00:00,0.00081413453055360463
2022-10-21 08:00:00,-0.0071517970797306766
2022-10-21 16:00:00,-0.014247984013908074
2022-10-22 00:00:00,-0.003502280964561625
2022-10-22 08:00:00,-0.0055752253331190832
2022-10-22 16:00:00,-0.0043443476577642182
2022-10-23 00:00:00,0.0010250733212838932
2022-10-23 08:00:00,-0.0040476864495236726
2022-10-23 16:00:00,0.00058500381785954046
2022-10-24 00:00:00,0.012639012843990893
2022-10-24 08:00:00,0.0085175538790390002
2022-10-24 16:00:00,0.0039101162227473006
2022-10-25 00:00:00,-0.019192249517301588
2022-10-25 08:00:00,-0.00066531137261391111
2022-10-25 16:00:00,-0.0041427996339843788
2022-10-26 00:00:00,-0.0043794850611708772
2022-10-26 08:00:00,0.016080641567353386
2022-10-26 16:00:00,0.0072615964805498234
2022-10-27 00:00:00,0.0043493355524232558
2022-10-27 08:00:00,0.001558032520840602
2022-10-27 16:00:00,-0.0024127534342327098
2022-10-28 00:00:00,0.0015573312444980567
2022-10-28 08:00:00,0.018551254828378036
2022-10-28 16:00:00,-0.00043486440970574809
2022-10-29 00:00:00,0.0046418706546704526
2022-10-29 08:00:00,0.036644106437896486
2022-10-29 16:00:00,-0.0032944207134331686
2022-10-30 00:00:00,-0.010744031653052351
2022-10-30 08:00:00,-0.030106406021327855
2022-10-30 16:00:00,0.00024957452136253021
2022-10-31 00:00:00,0.0059920709824605395
2022-10-31 08:00:00,0.0043831390804758251
2022-10-31 16:00:00,-0.0065205366537427487
2022-11-01 00:00:00,0.0074704420631948347
2022-11-01 08:00:00,0.0028558891064788773
2022-11-01 16:00:00,0.0056156777066511806
2022-11-02 00:00:00,0.025579862113994597
2022-11-02 08:00:00,-0.0044778789467610674
2022-11-02 16:00:00,0.011228999407665653
2022-11-03 00:00:00,0.026472208763761964
2022-11-03 08:00:00,0.0046116696240509503
2022-11-03 16:00:00,-0.0039773168075390919
2022-11-04 00:00:00,0.012602909486503349
2022-11-04 08:00:00,0.00092786449834392616
2022-11-04 16:00:00,-0.0048617282198389379
2022-11-05 00:00:00,-0.0033823172835523055
2022-11-05 08:00:00,0.00041097491833655316
2022-11-05 16:00:00,-0.0032423202274989957
2022-11-06 00:00:00,-0.0027257369406103386
2022-11-06 08:00:00,0.003617047507966098
2022-11-06 16:00:00,-0.013034310694865273
2022-11-07 00:00:00,-0.015158493241112131
2022-11-07 08:00:00,0.015178204962830221
2022-11-07 16:00:00,-0.0034353675646925054
2022-11-08 00:00:00,-0.025878533097979908
2022-11-08 08:00:00,-0.0082819819031848957
2022-11-08 16:00:00,-0.04540095740730643
2022-11-09 00:00:00,0.012535243589411873
2022-11-09 08:00:00,0.028044657332349364
2022-11-09 16:00:00,0.017108092256816011
2022-11-10 00:00:00,-0.012562031043037481
2022-11-10 08:00:00,-0.02744796732217377
2022-11-10 16:00:00,0.0037798854249340512
2022-11-11 00:00:00,0.008136771628288365
2022-11-11 08:00:00,0.00341633007989648
2022-11-11 16:00:00,-0.02262992613133517
2022-11-12 00:00:00,0.0089519145563566657
2022-11-12 08:00:00,0.0049744717137303884
2022-11-12 16:00:00,0.0050274792136897895
2022-11-13 00:00:00,-0.007468095481668117
2022-11-13 08:00:00,-0.0094367720551507394
2022-11-13 16:00:00,-0.0007740211454680836
2022-11-14 00:00:00,-0.0035406871838873219
2022-11-14 08:00:00,0.027589041403687491
2022-11-14 16:00:00,-0.010079302462800775
2022-11-15 00:00:00,-0.01217577585017577
2022-11-15 08:00:00,-0.014387155453315819
2022-11-15 16:00:00,0.0024423257070580462
2022-11-16 00:00:00,-0.0036433917990534512
2022-11-16 08:00:00,0.019170439491916293
2022-11-16 16:00:00,-0.0052653690289491423
2022-11-17 00:00:00,0.0072973515160985394
2022-11-17 08:00:00,0.00912431620245799
2022-11-17 16:00:00,0.0024282576243082024
2022-11-18 00:00:00,0.0044174986324749567
2022-11-18 08:00:00,0.01374499688748137
2022-11-18 16:00:00,-0.0017050058444797089
2022-11-19 00:00:00,-0.012642960962551205
2022-11-19 08:00:00,-0.014461297274489616
2022-11-19 16:00:00,-0.0082226016572588909
2022-11-20 00:00:00,-0.01324087056313957
2022-11-20 08:00:00,0.0073546636657828152
2022-11-20 16:00:00,0.0019283983678152227
2022-11-21 00:00:00,-0.0013538888874972906
2022-11-21 08:00:00,-0.0019613428522136027
2022-11-21 16:00:00,-0.0056395785373238661
2022-11-22 00:00:00,0.0062395022196543902
2022-11-22 08:00:00,-0.018793391344196796
2022-11-22 16:00:00,-0.0073494762083496923
2022-11-23 00:00:00,0.0080242136451308625
2022-11-23 08:00:00,0.00092297419662319886
2022-11-23 16:00:00,-0.012118353326810953
2022-11-24 00:00:00,0.012316220682738636
2022-11-24 08:00:00,0.0017123719313647165
2022-11-24 16:00:00,-0.0052818310868188011
2022-11-25 00:00:00,0.0016958224864032944
2022-11-25 08:00:00,-0.0075385120206890492
2022-11-25 16:00:00,-0.0070335870321277787
2022-11-26 00:00:00,0.00040274221409016176
2022-11-26 08:00:00,-0.0027382505553982832
2022-11-26 16:00:00,0.0053368410310517742
2022-11-27 00:00:00,-0.0093009249761778628
2022-11-27 08:00:00,-0.0074130854233626824
2022-11-27 16:00:00,0.0066654232957037143
2022-11-28 00:00:00,0.0012730559726645988
2022-11-28 08:00:00,-0.003598901979657823
2022-11-28 16:00:00,-0.00019747550849185229
2022-11-29 00:00:00,-0.0039008318012730392
2022-11-29 08:00:00,0.0015366306003997013
2022-11-29 16:00:00,-0.0027138498477587004
2022-11-30 00:00:00,0.00017961534996079116
2022-11-30 08:00:00,-0.0038300708669025607
2022-11-30 16:00:00,0.0085926162916789631
2022-12-01 00:00:00,-0.0077515710227686234
2022-12-01 08:00:00,0.0050857634403748894
2022-12-01 16:00:00,-0.0021331907249248273
2022-12-02 00:00:00,-0.008112371982816665
2022-12-02 08:00:00,-0.0079408992795487465
2022-12-02 16:00:00,0.0030331060127690955
2022-12-03 00:00:00,-0.0023737413871107189
2022-12-03 08:00:00,0.0016915095895336627
2022-12-03 16:00:00,-0.0072998618822038789
2022-12-04 00:00:00,0.0040402173269051666
2022-12-04 08:00:00,-0.00051416465647462749
2022-12-04 16:00:00,0.007017571202416268
2022-12-05 00:00:00,0.008228724669796161
2022-12-05 08:00:00,0.00045928182239477161
2022-12-05 16:00:00,-0.0010165364153432144
2022-12-06 00:00:00,-0.00031798833033451712
2022-12-06 08:00:00,-0.00038692203034836525
2022-12-06 16:00:00,-0.0012372413445870599
2022-12-07 00:00:00,-0.0099081153589852221
2022-12-07 08:00:00,0.0043731760231225198
2022-12-07 16:00:00,-0.006283289177091065
2022-12-08 00:00:00,-0.0018999008845589026
2022-12-08 08:00:00,-0.0031734390326237584
2022-12-08 16:00:00,0.0055623121735039706
2022-12-09 00:00:00,0.0052855321605713946
2022-12-09 08:00:00,0.0026626210631872814
2022-12-09 16:00:00,-0.0086743679861593283
2022-12-10 00:00:00,0.0026380146035449403
2022-12-10 08:00:00,0.0022903408928313476
2022-12-10 16:00:00,-0.0055662634590879674
2022-12-11 00:00:00,0.0030927924474653374
2022-12-11 08:00:00,7.8460062089583398e-05
2022-12-11 16:00:00,0.0021893299414197059
2022-12-12 00:00:00,0.0057567352132051764
2022-12-12 08:00:00,0.0075735251421651557
2022-12-12 16:00:00,-0.0047844072571266803
2022-12-13 00:00:00,0.0070553404112592491
2022-12-13 08:00:00,-0.017711196284545365
2022-12-13 16:00:00,-0.012616385207032088
2022-12-14 00:00:00,0.0066461565126224335
2022-12-14 08:00:00,0.0023141248907111583
2022-12-14 16:00:00,-0.0028021899680891133
2022-12-15 00:00:00,-0.0025681259491950356
2022-12-15 08:00:00,-0.0072930170020500985
2022-12-15 16:00:00,0.0021644572237642396
2022-12-16 00:00:00,-0.0007673075177577032
2022-12-16 08:00:00,0.028578092601330537
2022-12-16 16:00:00,0.030590817838710309
2022-12-17 00:00:00,-0.014503608093352969
2022-12-17 08:00:00,0.010180923034757729
2022-12-17 16:00:00,-0.0050898450421107671
2022-12-18 00:00:00,-0.0011004701620608856
2022-12-18 08:00:00,0.0047039148727834896
2022-12-18 16:00:00,-0.0023188216205657771
2022-12-19 00:00:00,-0.0023423594974035654
2022-12-19 08:00:00,0.0038077056452238038
2022-12-19 16:00:00,0.031546827473886152
2022-12-20 00:00:00,-0.01530828800987769
2022-12-20 08:00:00,-0.0024769351822021431
2022-12-20 16:00:00,-0.00054300449642530346
2022-12-21 00:00:00,0.0080046557358986817
2022-12-21 08:00:00,0.0005737989302721354
2022-12-21 16:00:00,0.0029684401034448514
2022-12-22 00:00:00,0.0072317429665298399
2022-12-22 08:00:00,0.0035169976291565225
2022-12-22 16:00:00,-0.01541264006729399
2022-12-23 00:00:00,-0.0039535917321220212
2022-12-23 08:00:00,-0.0017509895591002033
2022-12-23 16:00:00,-0.0021093707940768283
2022-12-24 00:00:00,-0.0022078341820589245
2022-12-24 08:00:00,0.012152157296062657
2022-12-24 16:00:00,0.0026184904255572789
2022-12-25 00:00:00,-0.00072431955072663299
2022-12-25 08:00:00,0.014368152655575027
2022-12-25 16:00:00,-0.0062674365761228477
2022-12-26 00:00:00,0.0073029330285428132
2022-12-26 08:00:00,-0.013797128058811316
2022-12-26 16:00:00,-0.0034521148739177689
2022-12-27 00:00:00,0.015282554916931819
2022-12-27 08:00:00,0.021563871685031242
2022-12-27 16:00:00,-0.011374118566340543
2022-12-28 00:00:00,0.029139723955822407
2022-12-28 08:00:00,-0.0025298085090865782
2022-12-28 16:00:00,-0.011924056609030738
2022-12-29 00:00:00,-0.00070850334032991006
2022-12-29 08:00:00,-0.013168878340801731
2022-12-29 16:00:00,0.0079375343677600806
2022-12-30 00:00:00,0.010642329232722939
2022-12-30 08:00:00,-0.012152098105411145
2022-12-30 16:00:00,-0.0046458222745809612
2022-12-31 00:00:00,-0.00026679623854855615
2022-12-31 08:00:00,-0.0075449810012441065
2022-12-31 16:00:00,0.001127550363725866
2023-01-01 00:00:00,0.0013187323172223864
2023-01-01 08:00:00,-0.0056639077572736909
2023-01-01 16:00:00,-0.0096393707942503317
2023-01-02 00:00:00,-0.0061007475410721239
2023-01-02 08:00:00,-0.0061207031836062508
2023-01-02 16:00:00,-0.0060171324367522001
2023-01-03 00:00:00,0.002011250806653939
2023-01-03 08:00:00,0.0024005501248342957
2023-01-03 16:00:00,-0.0059424833673872328
2023-01-04 00:00:00,-0.0094775368555323793
2023-01-04 08:00:00,-0.0072880122276766579
2023-01-04 16:00:00,-0.0022089681325556374
2023-01-05 00:00:00,-0.011408104550062978
2023-01-05 08:00:00,0.005264597005140789
2023-01-05 16:00:00,0.00060621667047531397
2023-01-06 00:00:00,-0.0017592139116685314
2023-01-06 08:00:00,0.006419278800478794
2023-01-06 16:00:00,0.01224752630829031
2023-01-07 00:00:00,0.0021243585792450489
2023-01-07 08:00:00,-0.0023716965480153774
2023-01-07 16:00:00,-9.4991725311995075e-05
2023-01-08 00:00:00,0.0026502842162968812
2023-01-08 08:00:00,0.016395820732481445
2023-01-08 16:00:00,0.024515508572636579
2023-01-09 00:00:00,0.020448535796739994
2023-01-09 08:00:00,0.0033838531744939506
2023-01-09 16:00:00,-0.0069571853068659427
2023-01-10 00:00:00,7.1440184772568238e-05
2023-01-10 08:00:00,0.001573669331602001
2023-01-10 16:00:00,0.0026237582501914842
2023-01-11 00:00:00,-0.0084769958554620026
2023-01-11 08:00:00,-0.0092794041243721391
2023-01-11 16:00:00,0.016349297654142426
2023-01-12 00:00:00,0.002211546479386965
2023-01-12 08:00:00,-0.0030820986320935178
2023-01-12 16:00:00,0.013111092801690837
2023-01-13 00:00:00,0.0016420235950520142
2023-01-13 08:00:00,0.0027241330776298731
2023-01-13 16:00:00,0.018397125912115942
2023-01-14 00:00:00,0.027699042474994436
2023-01-14 08:00:00,-0.0081667019986943305
2023-01-14 16:00:00,0.0037446460046899766
2023-01-15 00:00:00,-0.0064248955389263002
2023-01-15 08:00:00,0.0092369306136666635
2023-01-15 16:00:00,-0.00024285782966092486
2023-01-16 00:00:00,0.005084428232330465
2023-01-16 08:00:00,-0.01195454041458951
2023-01-16 16:00:00,0.0032755739118504579
2023-01-17 00:00:00,0.0031384554882441977
2023-01-17 08:00:00,0.0012561560369583153
2023-01-17 16:00:00,-0.0059685962928403566
2023-01-18 00:00:00,0.0028594336351816523
2023-01-18 08:00:00,-0.016211515587731592
2023-01-18 16:00:00,-0.0082903612157310888
2023-01-19 00:00:00,0.0068316610013256342
2023-01-19 08:00:00,-0.0039976629267828388
2023-01-19 16:00:00,0.00620268516033668
2023-01-20 00:00:00,-0.0029740821736814168
2023-01-20 08:00:00,0.0038045375520574841
2023-01-20 16:00:00,0.034428890581388774
2023-01-21 00:00:00,0.00640120815864043
2023-01-21 08:00:00,-0.0049209435014258007
2023-01-21 16:00:00,-0.0025390588011923731
2023-01-22 00:00:00,0.0047012692181466632
2023-01-22 08:00:00,0.010908606497990856
2023-01-22 16:00:00,-0.0067034730518462596
2023-01-23 00:00:00,0.005831425622965198
2023-01-23 08:00:00,0.00024399009495754099
2023-01-23 16:00:00,0.001278869935412389
2023-01-24 00:00:00,0.005922576505318875
2023-01-24 08:00:00,-0.0028602362124047751
2023-01-24 16:00:00,-0.022684702481930243
2023-01-25 00:00:00,0.0044678637516775387
2023-01-25 08:00:00,-0.00059970100995059841
2023-01-25 16:00:00,0.014374170165218093
2023-01-26 00:00:00,0.00059394723059756182
2023-01-26 08:00:00,-0.0018896721160302386
2023-01-26 16:00:00,0.0040814516184892484
2023-01-27 00:00:00,-0.00084501952532720309
2023-01-27 08:00:00,0.0017871987530749442
2023-01-27 16:00:00,0.0070871131241498917
2023-01-28 00:00:00,0.00090414156335761285
2023-01-28 08:00:00,-0.0044917751604246423
2023-01-28 16:00:00,-0.0018299841583842499
2023-01-29 00:00:00,0.0041401415215689364
2023-01-29 08:00:00,0.0060448189265739629
2023-01-29 16:00:00,0.0036961407576648355
2023-01-30 00:00:00,-0.0073279334350727253
2023-01-30 08:00:00,-0.011328040003590566
2023-01-30 16:00:00,-0.0079613235147584747
2023-01-31 00:00:00,0.0037480916898604026
2023-01-31 08:00:00,0.0051112522546877476
2023-01-31 16:00:00,0.00014483966483822626
2023-02-01 00:00:00,-0.0028300345121909953
2023-02-01 08:00:00,-0.0059866250186535316
2023-02-01 16:00:00,0.053537853257853187
2023-02-02 00:00:00,-0.0048842791198156028
2023-02-02 08:00:00,0.0036650427598297675
2023-02-02 16:00:00,-0.011570415863509646
2023-02-03 00:00:00,0.006254955972206295
2023-02-03 08:00:00,0.003615174840660471
2023-02-03 16:00:00,0.00074855027031352575
2023-02-04 00:00:00,0.0012790250169256489
2023-02-04 08:00:00,0.0065523443023471377
2023-02-04 16:00:00,-0.0026228796875187631
2023-02-05 00:00:00,0.0015282803806102258
2023-02-05 08:00:00,-0.009685423164645485
2023-02-05 16:00:00,-0.00089150002751224437
2023-02-06 00:00:00,-0.0035702486336273991
2023-02-06 08:00:00,-0.0011914680423823212
2023-02-06 16:00:00,-0.01540872174985297
2023-02-07 00:00:00,0.026725720864941082
2023-02-07 08:00:00,-0.008744160256121708
2023-02-07 16:00:00,-0.019900585764483947
2023-02-08 00:00:00,0.0071444903870006128
2023-02-08 08:00:00,-0.014453976608803477
2023-02-08 16:00:00,-0.0011055409468063242
2023-02-09 00:00:00,-0.010828291571603773
2023-02-09 08:00:00,-0.0073150023037044038
2023-02-09 16:00:00,-0.036802933592362565
2023-02-10 00:00:00,0.0021812327898099392
2023-02-10 08:00:00,-0.0017097218610914071
2023-02-10 16:00:00,-0.0091991220149910281
2023-02-11 00:00:00,0.0007431992390290581
2023-02-11 08:00:00,0.0010245712245509429
2023-02-11 16:00:00,0.0021193072398057594
2023-02-12 00:00:00,0.0032667846759463492
2023-02-12 08:00:00,-0.0036628460608865215
2023-02-12 16:00:00,0.011540733345249828
2023-02-13 00:00:00,-0.0052094312256827247
2023-02-13 08:00:00,-0.012924149522028821
2023-02-13 16:00:00,-0.0097402401206421966
2023-02-14 00:00:00,-0.0078287547339040125
2023-02-14 08:00:00,0.0043657295889230575
2023-02-14 16:00:00,0.0013407079425492179
2023-02-15 00:00:00,0.0025508599430344894
2023-02-15 08:00:00,-0.01392402797663877
2023-02-15 16:00:00,-0.016772464012030183
2023-02-16 00:00:00,-0.0071159470607569239
2023-02-16 08:00:00,0.026593719731804997
2023-02-16 16:00:00,-0.01751929988209679
2023-02-17 00:00:00,0.011879619499021488
2023-02-17 08:00:00,0.0058317925359326521
2023-02-17 16:00:00,-0.0028008950985001558
2023-02-18 00:00:00,-0.0037339786595869144
2023-02-18 08:00:00,0.012616624424483389
2023-02-18 16:00:00,-0.0069443209117409175
2023-02-19 00:00:00,0.0099577890443193467
2023-02-19 08:00:00,-5.9896162865491293e-05
2023-02-19 16:00:00,-0.0086295803610174672
2023-02-20 00:00:00,0.011983734314891853
2023-02-20 08:00:00,-0.010541346760019318
2023-02-20 16:00:00,-4.4901305644109688e-05
2023-02-21 00:00:00,-0.0030389786192600342
2023-02-21 08:00:00,-0.0098066281758312883
2023-02-21 16:00:00,-0.0033285381413598989
2023-02-22 00:00:00,-0.011364052884721041
2023-02-22 08:00:00,-0.0098436520467882968
2023-02-22 16:00:00,0.0065699989887268821
2023-02-23 00:00:00,0.0014616128603664046
2023-02-23 08:00:00,-0.0099195724905196386
2023-02-23 16:00:00,0.0029965421250840053
2023-02-24 00:00:00,0.0083474891928944014
2023-02-24 08:00:00,-0.012655074148330359
2023-02-24 16:00:00,-0.0042034188789398406
2023-02-25 00:00:00,0.00032906865585221809
2023-02-25 08:00:00,-0.0010328955883119925
2023-02-25 16:00:00,-0.0020652217578795221
2023-02-26 00:00:00,-0.0064906215141537294
2023-02-26 08:00:00,0.0045439696922413304
2023-02-26 16:00:00,-0.0035187892305798556
2023-02-27 00:00:00,0.003872148221932287
2023-02-27 08:00:00,-0.0022228180874339816
2023-02-27 16:00:00,0.00036429612591529269
2023-02-28 00:00:00,-0.0033327333820565401
2023-02-28 08:00:00,-0.009296290280487814
2023-02-28 16:00:00,0.0080733467881758531
2023-03-01 00:00:00,-0.012546385300065955
2023-03-01 08:00:00,-0.0075790280988401121
2023-03-01 16:00:00,0.0074488070541587573
2023-03-02 00:00:00,0.0082488679630651571
2023-03-02 08:00:00,0.012072557662203491
2023-03-02 16:00:00,-0.0019470481100808991
2023-03-03 00:00:00,0.043548093700970666
2023-03-03 08:00:00,0.004895415797776235
2023-03-03 16:00:00,-0.0095547558908862969
2023-03-04 00:00:00,0.0011546618038179644
2023-03-04 08:00:00,0.0021129291810016598
2023-03-04 16:00:00,-0.0041267835846940963
2023-03-05 00:00:00,-0.0058944995754609646
2023-03-05 08:00:00,-0.0053661388877292949
2023-03-05 16:00:00,0.0081690751453153201
2023-03-06 00:00:00,-0.0013965209349712357
2023-03-06 08:00:00,-0.0024660979307461039
2023-03-06 16:00:00,-0.00036756944376723936
2023-03-07 00:00:00,0.0020195880238467641
2023-03-07 08:00:00,0.0019451154165283115
2023-03-07 16:00:00,-0.0084030965690761444
2023-03-08 00:00:00,0.003229705055471239
2023-03-08 08:00:00,0.0051542120643237382
2023-03-08 16:00:00,-0.0027952209521316888
2023-03-09 00:00:00,-0.0030292567596058423
2023-03-09 08:00:00,-0.0088036458090186825
2023-03-09 16:00:00,0.021686073694534378
2023-03-10 00:00:00,0.00086625591973190101
2023-03-10 08:00:00,0.00029609988146324395
2023-03-10 16:00:00,-0.004751695443562411
2023-03-11 00:00:00,0.021324722110808502
2023-03-11 08:00:00,0.0029731293816386692
2023-03-11 16:00:00,-0.015550616519548444
2023-03-12 00:00:00,0.0030366895570839996
2023-03-12 08:00:00,0.0032436182079345756
2023-03-12 16:00:00,-0.044749766844685755
2023-03-13 00:00:00,-0.004366790067449812
2023-03-13 08:00:00,-0.0073366633076879014
2023-03-13 16:00:00,-0.0017605078359109821
2023-03-14 00:00:00,0.0069985546161549905
2023-03-14 08:00:00,-0.044911581643027755
2023-03-14 16:00:00,-0.0043620173801736713
2023-03-15 00:00:00,-0.00063558436087280431
2023-03-15 08:00:00,-0.014469257805879448
2023-03-15 16:00:00,0.0014477191806635391
2023-03-16 00:00:00,0.002469394342540301
2023-03-16 08:00:00,-0.01466626352422222
2023-03-16 16:00:00,-0.0081527752844450189
2023-03-17 00:00:00,0.012081395197779976
2023-03-17 08:00:00,0.0063001612677593462
2023-03-17 16:00:00,0.03233720544521225
2023-03-18 00:00:00,0.020138105566663306
2023-03-18 08:00:00,-0.0099286596952788495
2023-03-18 16:00:00,-0.0024607671434112659
2023-03-19 00:00:00,0.0043070215648738632
2023-03-19 08:00:00,0.0088566061061196369
2023-03-19 16:00:00,-0.0051257842375120105
2023-03-20 00:00:00,0.0023686922917969082
2023-03-20 08:00:00,-0.010521629640259142
2023-03-20 16:00:00,-0.010938852837973667
2023-03-21 00:00:00,-0.0050177051909155177
2023-03-21 08:00:00,0.0053954339916425327
2023-03-21 16:00:00,-0.00065417152840149915
2023-03-22 00:00:00,-0.0042440072216659783
2023-03-22 08:00:00,0.0048416074185689585
2023-03-22 16:00:00,-0.022914426726907251
2023-03-23 00:00:00,0.0073308273177953454
2023-03-23 08:00:00,0.011103526634693982
2023-03-23 16:00:00,-0.00066761642887616093
2023-03-24 00:00:00,-0.0024873785637302627
2023-03-24 08:00:00,-0.0069296794742379052
2023-03-24 16:00:00,-0.0091680968842724735
2023-03-25 00:00:00,-0.0048985350021019799
2023-03-25 08:00:00,0.002534144881045372
2023-03-25 16:00:00,-0.0046662209923945012
2023-03-26 00:00:00,0.0035239048533890482
2023-03-26 08:00:00,-4.2501722741775077e-05
2023-03-26 16:00:00,0.0042217334787920374
2023-03-27 00:00:00,0.00097604350300604904
2023-03-27 08:00:00,-0.010703945129481718
2023-03-27 16:00:00,0.0015625322934650163
2023-03-28 00:00:00,-0.015243414628058824
2023-03-28 08:00:00,-0.00023520142843943417
2023-03-28 16:00:00,0.0051996776119710639
2023-03-29 00:00:00,0.016142525822792426
2023-03-29 08:00:00,-0.0067890010195357786
2023-03-29 16:00:00,-0.0038019187791085212
2023-03-30 00:00:00,0.00063601454742902384
2023-03-30 08:00:00,0.00068415570917751856
2023-03-30 16:00:00,-2.0614781124693735e-05
2023-03-31 00:00:00,0.0046090706745591627
2023-03-31 08:00:00,0.0038297262669099541
2023-03-31 16:00:00,0.0003300740121416782
2023-04-01 00:00:00,-0.010370467109434988
2023-04-01 08:00:00,-0.0053636049846801613
2023-04-01 16:00:00,0.0047899922531133149
2023-04-02 00:00:00,-0.00088688383226877038
2023-04-02 08:00:00,0.0010342133436869849
2023-04-02 16:00:00,-0.00070540405557992572
2023-04-03 00:00:00,0.0010314441193249634
2023-04-03 08:00:00,0.017156916656873886
2023-04-03 16:00:00,0.010440906194862782
2023-04-04 00:00:00,-0.016237128455687748
2023-04-04 08:00:00,-0.0046239777826998108
2023-04-04 16:00:00,0.0002897172100882698
2023-04-05 00:00:00,-0.0034403214122578057
2023-04-05 08:00:00,-0.00074938715202258366
2023-04-05 16:00:00,-0.0092677191425643846
2023-04-06 00:00:00,0.010905011871537286
2023-04-06 08:00:00,-0.0029746951202059557
2023-04-06 16:00:00,-0.0041264470238618466
2023-04-07 00:00:00,0.0048885570139002689
2023-04-07 08:00:00,-0.010952255131656017
2023-04-07 16:00:00,0.0010076897243223902
2023-04-08 00:00:00,-0.0055601081900403214
2023-04-08 08:00:00,-0.0020945810503533208
2023-04-08 16:00:00,-0.0020655478603835262
2023-04-09 00:00:00,0.00087300989772765296
2023-04-09 08:00:00,-0.00032993464301110209
2023-04-09 16:00:00,-0.0079298835575433851
2023-04-10 00:00:00,0.00037398290519942689
2023-04-10 08:00:00,-0.0018485438516047713
2023-04-10 16:00:00,0.011403548512123197
2023-04-11 00:00:00,-0.0055183518180315248
2023-04-11 08:00:00,-0.0013525813736770663
2023-04-11 16:00:00,-0.0022072980195000048
2023-04-12 00:00:00,-0.0005865707971166572
2023-04-12 08:00:00,0.013295815540319693
2023-04-12 16:00:00,-0.0041620611656464895
2023-04-13 00:00:00,0.0013529393488558633
2023-04-13 08:00:00,-0.0050410343797126188
2023-04-13 16:00:00,-0.00081784600725460501
2023-04-14 00:00:00,0.0060000808934074302
2023-04-14 08:00:00,-0.0059970069233841027
2023-04-14 16:00:00,-0.0010559323465407547
2023-04-15 00:00:00,9.2431302882673881e-05
2023-04-15 08:00:00,0.001064055917457048
2023-04-15 16:00:00,0.0061127385333440299
2023-04-16 00:00:00,0.0019886459997360594
2023-04-16 08:00:00,0.0016975343577890973
2023-04-16 16:00:00,0.0047469648340456539
2023-04-17 00:00:00,-0.0026828191508910209
2023-04-17 08:00:00,-0.0004219975500126001
2023-04-17 16:00:00,0.0099865988916837747
2023-04-18 00:00:00,0.0092884321536575616
2023-04-18 08:00:00,0.0031775081786127616
2023-04-18 16:00:00,-0.0048222578152371737
2023-04-19 00:00:00,-0.0056189487178948967
2023-04-19 08:00:00,-0.0070208535243882686
2023-04-19 16:00:00,-0.017552594287575687
2023-04-20 00:00:00,0.0063532299298868708
2023-04-20 08:00:00,0.01356053147688315
2023-04-20 16:00:00,-0.019671152157687204
2023-04-21 00:00:00,-0.017630167342085001
2023-04-21 08:00:00,0.0010042023295615704
2023-04-21 16:00:00,0.0088051571411396461
2023-04-22 00:00:00,-0.0059953632499523488
2023-04-22 08:00:00,0.007606923694514183
2023-04-22 16:00:00,-0.0058697793378822624
2023-04-23 00:00:00,-0.019243794297228764
2023-04-23 08:00:00,0.0023609730523091194
2023-04-23 16:00:00,-0.009374270013997623
2023-04-24 00:00:00,0.006078036909229808
2023-04-24 08:00:00,-0.0023524279555709104
2023-04-24 16:00:00,-0.0027559496379799442
2023-04-25 00:00:00,0.0067115745729014846
2023-04-25 08:00:00,-0.0079626348751303758
2023-04-25 16:00:00,-0.011755131896685714
2023-04-26 00:00:00,0.015754612954529703
2023-04-26 08:00:00,0.02111418605472069
2023-04-26 16:00:00,0.031644384512952609
2023-04-27 00:00:00,-0.0045835714373332554
2023-04-27 08:00:00,-0.00059510914026918139
2023-04-27 16:00:00,-0.0030166651755783877
2023-04-28 00:00:00,0.01927980464175905
2023-04-28 08:00:00,-0.0062895420486117817
2023-04-28 16:00:00,-0.0166398833896024
2023-04-29 00:00:00,-0.0029977976321264033
2023-04-29 08:00:00,-0.015347918451785557
2023-04-29 16:00:00,-0.0072476128628922295
2023-04-30 00:00:00,0.0023724852391540691
2023-04-30 08:00:00,0.0086440354636374232
2023-04-30 16:00:00,0.00061038145618184513
2023-05-01 00:00:00,0.0061017383953693534
2023-05-01 08:00:00,0.011603654682001748
2023-05-01 16:00:00,-0.01811099527412605
2023-05-02 00:00:00,-0.014573544549847725
2023-05-02 08:00:00,0.010165807928708977
2023-05-02 16:00:00,-0.024121605489047373
2023-05-03 00:00:00,0.0043363797848505756
2023-05-03 08:00:00,0.00078216764649220987
2023-05-03 16:00:00,-0.017080768312730883
2023-05-04 00:00:00,-0.0083277574676686675
2023-05-04 08:00:00,0.013587467437705744
2023-05-04 16:00:00,-0.0072183592615272822
2023-05-05 00:00:00,0.0025224179126482767
2023-05-05 08:00:00,0.0042529050970760724
2023-05-05 16:00:00,-0.013711462871394499
2023-05-06 00:00:00,0.0098079585920199022
2023-05-06 08:00:00,0.021474478811265872
2023-05-06 16:00:00,-0.014966242130141982
2023-05-07 00:00:00,-0.0032212659594903692
2023-05-07 08:00:00,0.011609012420104025
2023-05-07 16:00:00,-0.00041031642686689722
2023-05-08 00:00:00,0.029853020877773327
2023-05-08 08:00:00,0.0087457604413570793
2023-05-08 16:00:00,0.0059747219903553929
2023-05-09 00:00:00,-0.0062246759661627538
2023-05-09 08:00:00,-0.0026630854604907843
2023-05-09 16:00:00,0.005087658407039842
2023-05-10 00:00:00,-0.00020755489911313826
2023-05-10 08:00:00,-0.0066493868422364232
2023-05-10 16:00:00,0.0048847350890378347
2023-05-11 00:00:00,0.015543167610530146
2023-05-11 08:00:00,0.0039240397795836362
2023-05-11 16:00:00,0.00078637020237282607
2023-05-12 00:00:00,0.004649651738971348
2023-05-12 08:00:00,-0.0032421835590058547
2023-05-12 16:00:00,-0.022392757819287245
2023-05-13 00:00:00,-0.00062133488426088096
2023-05-13 08:00:00,0.0063972101153964307
2023-05-13 16:00:00,0.00098049262018349475
2023-05-14 00:00:00,-0.0033275505534905371
2023-05-14 08:00:00,-0.014419368093569009
2023-05-14 16:00:00,0.0050818709669528542
2023-05-15 00:00:00,-0.0064696715165562342
2023-05-15 08:00:00,-0.0099352576773900324
2023-05-15 16:00:00,0.0068614456267380511
2023-05-16 00:00:00,-0.0040950352790019209
2023-05-16 08:00:00,0.0032578784483788489
2023-05-16 16:00:00,-0.013803315058532337
2023-05-17 00:00:00,-0.00039578677343242067
2023-05-17 08:00:00,-0.0032533348137800139
2023-05-17 16:00:00,-0.01114104379502062
2023-05-18 00:00:00,-0.0023025514188269817
2023-05-18 08:00:00,0.0062555054417135231
2023-05-18 16:00:00,-0.0080304834425889877
2023-05-19 00:00:00,0.0053688791811204745
2023-05-19 08:00:00,0.0026537980284424083
2023-05-19 16:00:00,-0.0080278712922547124
2023-05-20 00:00:00,0.0056445385274567685
2023-05-20 08:00:00,0.0037225077091240341
2023-05-20 16:00:00,-0.0015239671695612726
2023-05-21 00:00:00,0.0040624818739688614
2023-05-21 08:00:00,0.020463115390939098
2023-05-21 16:00:00,-0.0062198053846707277
2023-05-22 00:00:00,0.012057106758650153
2023-05-22 08:00:00,0.00043986182895084741
2023-05-22 16:00:00,-0.0016183548360044998
2023-05-23 00:00:00,0.025934708006018225
2023-05-23 08:00:00,-0.0036452005139270475
2023-05-23 16:00:00,0.0056816955037032072
2023-05-24 00:00:00,0.058715824380447673
2023-05-24 08:00:00,0.014442206103388717
2023-05-24 16:00:00,0.0011788590430503998
2023-05-25 00:00:00,-0.011405366877615338
2023-05-25 08:00:00,0.015049370265550947
2023-05-25 16:00:00,-0.0051455355284264915
2023-05-26 00:00:00,-0.012444646024631538
2023-05-26 08:00:00,0.0047020139110082538
2023-05-26 16:00:00,-0.0050392167122373759
2023-05-27 00:00:00,0.010211628518730215
2023-05-27 08:00:00,-0.030088740184566174
2023-05-27 16:00:00,-0.0055191704849041848
2023-05-28 00:00:00,-0.0032143773549815555
2023-05-28 08:00:00,-0.00062365429531451553
2023-05-28 16:00:00,0.025680579784516717
2023-05-29 00:00:00,0.01459347671103811
2023-05-29 08:00:00,-0.012181883932488567
2023-05-29 16:00:00,0.0050135946733851139
2023-05-30 00:00:00,0.0047682546348842315
2023-05-30 08:00:00,0.014809412015824527
2023-05-30 16:00:00,0.010082902095993664
2023-05-31 00:00:00,-0.013868046125278114
2023-05-31 08:00:00,-0.0031150814563461054
2023-05-31 16:00:00,0.010156442347141978
2023-06-01 00:00:00,-0.0082730673130321074
2023-06-01 08:00:00,0.0080171419759352946
2023-06-01 16:00:00,0.0026865840962367132
2023-06-02 00:00:00,0.010290550298708357
2023-06-02 08:00:00,-0.00045365679514017748
2023-06-02 16:00:00,-0.0072592505821825358
2023-06-03 00:00:00,-0.01331185826421788
2023-06-03 08:00:00,-0.0010357908294498141
2023-06-03 16:00:00,-0.00026408634331118484
2023-06-04 00:00:00,0.0016870721327232703
2023-06-04 08:00:00,-0.0010666288540272495
2023-06-04 16:00:00,-0.0067831413983294531
2023-06-05 00:00:00,0.0028270504239383725
2023-06-05 08:00:00,0.0074139732544410411
2023-06-05 16:00:00,-0.0089366769224994477
2023-06-06 00:00:00,0.0052984738390943545
2023-06-06 08:00:00,-0.017989693345602985
2023-06-06 16:00:00,-0.003092679850706491
2023-06-07 00:00:00,0.04683933203067743
2023-06-07 08:00:00,-0.0044928785008936283
2023-06-07 16:00:00,-0.01008412413791247
2023-06-08 00:00:00,-0.011214346112049989
2023-06-08 08:00:00,-0.0049925730065623541
2023-06-08 16:00:00,0.0014176632361782477
2023-06-09 00:00:00,0.0048328496624932228
2023-06-09 08:00:00,-0.0039134452088822377
2023-06-09 16:00:00,0.0082052188403754795
2023-06-10 00:00:00,0.058739106142690713
2023-06-10 08:00:00,0.00076763690326124459
2023-06-10 16:00:00,-0.007049040188946816
2023-06-11 00:00:00,0.0014195446120883067
2023-06-11 08:00:00,-0.0013677780443150918
2023-06-11 16:00:00,-0.0020805195115804866
2023-06-12 00:00:00,0.0031567374728348665
2023-06-12 08:00:00,-0.0054543566791739381
2023-06-12 16:00:00,-0.0038953478657662785
2023-06-13 00:00:00,-0.0092006460243377695
2023-06-13 08:00:00,0.0031545791249234156
2023-06-13 16:00:00,-0.0012553904210423461
2023-06-14 00:00:00,0.003675498219716329
2023-06-14 08:00:00,-9.2085477930428316e-05
2023-06-14 16:00:00,0.0097649587649474741
2023-06-15 00:00:00,-0.0026418349593629068
2023-06-15 08:00:00,0.00073247919512131566
2023-06-15 16:00:00,-0.0028350882325450071
2023-06-16 00:00:00,-0.0053797754020340474
2023-06-16 08:00:00,0.0013734845512293396
2023-06-16 16:00:00,-0.0093601554824314596
2023-06-17 00:00:00,-0.0084300804833080216
2023-06-17 08:00:00,0.0012536598165609901
2023-06-17 16:00:00,-0.0047341108060061244
2023-06-18 00:00:00,-0.0042471575552940153
2023-06-18 08:00:00,-0.0016472161832097349
2023-06-18 16:00:00,0.0056350985540487269
2023-06-19 00:00:00,-5.0248607819400975e-05
2023-06-19 08:00:00,0.010649996897661647
2023-06-19 16:00:00,-0.0014642329545931196
2023-06-20 00:00:00,0.00020562910896182202
2023-06-20 08:00:00,0.0036831467167125482
2023-06-20 16:00:00,-0.011975228285586319
2023-06-21 00:00:00,-0.007859022966949715
2023-06-21 08:00:00,-0.0011329560182652808
2023-06-21 16:00:00,-0.0060002373196026033
2023-06-22 00:00:00,-0.014993150743831885
2023-06-22 08:00:00,0.015525278210117363
2023-06-22 16:00:00,0.0036516489991947035
2023-06-23 00:00:00,-0.0085228405812821512
2023-06-23 08:00:00,0.0077807911629988449
2023-06-23 16:00:00,-0.01098422504088868
2023-06-24 00:00:00,-0.0059795259389714096
2023-06-24 08:00:00,-0.0010494636006897432
2023-06-24 16:00:00,0.0026016435900222015
2023-06-25 00:00:00,0.00085594908618667461
2023-06-25 08:00:00,-0.0078957411740008428
2023-06-25 16:00:00,0.003027875646533913
2023-06-26 00:00:00,-0.0050176647198986969
2023-06-26 08:00:00,0.013757515867962361
2023-06-26 16:00:00,-0.0092205604856821863
2023-06-27 00:00:00,0.0061534096804010049
2023-06-27 08:00:00,0.0039778280907928985
2023-06-27 16:00:00,-0.00108021672995688
2023-06-28 00:00:00,-0.002667795897042846
2023-06-28 08:00:00,0.0043944646606124639
2023-06-28 16:00:00,-0.010586898124389075
2023-06-29 00:00:00,0.007211305651603701
2023-06-29 08:00:00,0.013010763323985593
2023-06-29 16:00:00,0.0023372025416796395
2023-06-30 00:00:00,0.032585787914452519
2023-06-30 08:00:00,-0.0012797870776680219
2023-06-30 16:00:00,0.012841656194584661
2023-07-01 00:00:00,-0.00077431324471226206
2023-07-01 08:00:00,-0.0020667945119956115
2023-07-01 16:00:00,0.0017840042321433703
2023-07-02 00:00:00,-0.0072216362694998816
2023-07-02 08:00:00,0.0030483319400969209
2023-07-02 16:00:00,0.0069502929825085357
2023-07-03 00:00:00,0.0066852671952387019
2023-07-03 08:00:00,-0.0010999032629623567
2023-07-03 16:00:00,0.0011301989571228708
2023-07-04 00:00:00,-0.0071138396985998319
2023-07-04 08:00:00,0.013294731925107909
2023-07-04 16:00:00,0.0040971429049676275
2023-07-05 00:00:00,0.0061897189739802752
2023-07-05 08:00:00,-0.014452159663125986
2023-07-05 16:00:00,-0.003214705966002989
2023-07-06 00:00:00,0.0020616273765967827
2023-07-06 08:00:00,-0.0064533754023719751
2023-07-06 16:00:00,-0.0076449038810086876
2023-07-07 00:00:00,0.0046956263629918124
2023-07-07 08:00:00,0.0019968873712809857
2023-07-07 16:00:00,-0.0031032182741498561
2023-07-08 00:00:00,-0.0038180039533629129
2023-07-08 08:00:00,-0.012149365263972266
2023-07-08 16:00:00,-0.0034715028953423415
2023-07-09 00:00:00,-0.0029877359458152565
2023-07-09 08:00:00,-0.00047502923706223542
2023-07-09 16:00:00,-0.0019221969409133114
2023-07-10 00:00:00,0.001768225761689918
2023-07-10 08:00:00,0.00031323910490291935
2023-07-10 16:00:00,-0.0030691026586964869
2023-07-11 00:00:00,0.00023607030577176488
2023-07-11 08:00:00,0.0077116814350381311
2023-07-11 16:00:00,-0.0040073678036148816
2023-07-12 00:00:00,-0.0017881616810785513
2023-07-12 08:00:00,-0.00058973940258488702
2023-07-12 16:00:00,0.0049280063796246047
2023-07-13 00:00:00,-0.0021688014061781637
2023-07-13 08:00:00,-0.011196821319588934
2023-07-13 16:00:00,-0.0031341887955303764
2023-07-14 00:00:00,-0.0072666414532817471
2023-07-14 08:00:00,0.0020942081387342014
2023-07-14 16:00:00,-0.0074702642918721036
2023-07-15 00:00:00,0.010828808056249979
2023-07-15 08:00:00,-0.0016655687554070458
2023-07-15 16:00:00,-0.003851408831856569
2023-07-16 00:00:00,-0.0019093098807734378
2023-07-16 08:00:00,0.0059776760340151131
2023-07-16 16:00:00,-0.0054028488825005379
2023-07-17 00:00:00,-0.0028208655970424837
2023-07-17 08:00:00,-0.021768134772468972
2023-07-17 16:00:00,-0.0053051860169493004
2023-07-18 00:00:00,-0.013789784678682799
2023-07-18 08:00:00,-0.0064894639678001239
2023-07-18 16:00:00,0.00036316510425296161
2023-07-19 00:00:00,0.00013788776257813424
2023-07-19 08:00:00,0.0044149807669605096
2023-07-19 16:00:00,0.0053811803233122695
2023-07-20 00:00:00,0.0028311605540629176
2023-07-20 08:00:00,0.001743442755342071
2023-07-20 16:00:00,0.0017505026978787202
2023-07-21 00:00:00,0.0058927899286887152
2023-07-21 08:00:00,-0.0036892729345019966
2023-07-21 16:00:00,-0.0060602591006764257
2023-07-22 00:00:00,-0.0032207939834936854
2023-07-22 08:00:00,0.0039963584871506447
2023-07-22 16:00:00,-0.0031337822356209914
2023-07-23 00:00:00,-0.0015885804339003241
2023-07-23 08:00:00,-0.0013761821882376658
2023-07-23 16:00:00,-0.0091113426003634479
2023-07-24 00:00:00,0.0043588888593840865
2023-07-24 08:00:00,0.019302083049640401
2023-07-24 16:00:00,-0.0050549723818922223
2023-07-25 00:00:00,0.001770982216131657
2023-07-25 08:00:00,0.0036431255550351768
2023-07-25 16:00:00,0.0056996839371427702
2023-07-26 00:00:00,0.0077930863865344592
2023-07-26 08:00:00,-0.0037945839143331286
2023-07-26 16:00:00,-0.0093962659216394306
2023-07-27 00:00:00,0.0025691825127516295
2023-07-27 08:00:00,-0.005950998113177829
2023-07-27 16:00:00,-0.0059488105543148021
2023-07-28 00:00:00,0.0016187918856869243
2023-07-28 08:00:00,-0.0070150418156394931
2023-07-28 16:00:00,0.00093107751362924991
2023-07-29 00:00:00,0.016061181692292002
2023-07-29 08:00:00,0.0019722157859975525
2023-07-29 16:00:00,0.0034223037737866413
2023-07-30 00:00:00,-0.0014651335834425987
2023-07-30 08:00:00,0.0050922879718505549
2023-07-30 16:00:00,0.0079004122317176441
2023-07-31 00:00:00,0.012845465310732841
2023-07-31 08:00:00,-0.0067450308573337638
2023-07-31 16:00:00,0.0049579359493078755
2023-08-01 00:00:00,0.0041030991696386146
2023-08-01 08:00:00,0.0012658351733349771
2023-08-01 16:00:00,-0.017364278283298239
2023-08-02 00:00:00,0.0076122615616260854
2023-08-02 08:00:00,-0.0044876701904389936
2023-08-02 16:00:00,0.0015489755720345438
2023-08-03 00:00:00,0.0092341175904006225
2023-08-03 08:00:00,0.0033698398256113526
2023-08-03 16:00:00,0.007650120026079405
2023-08-04 00:00:00,0.0040867219063817229
2023-08-04 08:00:00,-0.00098922508659572174
2023-08-04 16:00:00,0.0025275101278336284
2023-08-05 00:00:00,0.0044000666972973225
2023-08-05 08:00:00,-0.017195172723176229
2023-08-05 16:00:00,-0.0053904661610765427
2023-08-06 00:00:00,-0.0077870097333980195
2023-08-06 08:00:00,0.012143375576056024
2023-08-06 16:00:00,-0.0023210791217779148
2023-08-07 00:00:00,0.0014109955555950038
2023-08-07 08:00:00,0.013832349666869925
2023-08-07 16:00:00,0.00056125772458775417
2023-08-08 00:00:00,-0.028540591218172935
2023-08-08 08:00:00,-0.040144494961453635
2023-08-08 16:00:00,-0.023236859549127343
2023-08-09 00:00:00,0.0050087448629964259
2023-08-09 08:00:00,-0.0053209935243207322
2023-08-09 16:00:00,-0.013176711410801303
2023-08-10 00:00:00,0.0057509268973800539
2023-08-10 08:00:00,0.0012370267562071741
2023-08-10 16:00:00,0.0032581262978275179
2023-08-11 00:00:00,0.0058646108716279019
2023-08-11 08:00:00,0.0043615026745520381
2023-08-11 16:00:00,0.0017197049191903235
2023-08-12 00:00:00,-0.0040434439557590655
2023-08-12 08:00:00,-0.0016454366802095206
2023-08-12 16:00:00,0.00067374310344587478
2023-08-13 00:00:00,0.0028693665860400033
2023-08-13 08:00:00,0.010188907113828144
2023-08-13 16:00:00,0.00072715037343634215
2023-08-14 00:00:00,-0.007860775092985918
2023-08-14 08:00:00,-0.0055706626540424284
2023-08-14 16:00:00,0.0084495798547722014
2023-08-15 00:00:00,0.0032903243371655037
2023-08-15 08:00:00,-0.004029896929222114
2023-08-15 16:00:00,0.023552904835921415
2023-08-16 00:00:00,0.018476066159785566
2023-08-16 08:00:00,-0.01173382476138814
2023-08-16 16:00:00,0.037819632355019381
2023-08-17 00:00:00,-0.034101654898651856
2023-08-17 08:00:00,0.026216860445087507
2023-08-17 16:00:00,0.044929729756827338
2023-08-18 00:00:00,-0.024721959709016791
2023-08-18 08:00:00,0.044243840378093875
2023-08-18 16:00:00,0.015823763100995689
2023-08-19 00:00:00,0.011926413826648876
2023-08-19 08:00:00,0.017458840167647677
2023-08-19 16:00:00,-0.0096938080005882846
2023-08-20 00:00:00,0.0012354219046384353
2023-08-20 08:00:00,-0.0010568754744593655
2023-08-20 16:00:00,-0.0094291915806917117
2023-08-21 00:00:00,0.012067785191882563
2023-08-21 08:00:00,0.019421356417873709
2023-08-21 16:00:00,0.0032519832364806323
2023-08-22 00:00:00,-0.0012022440686727187
2023-08-22 08:00:00,0.0095945266228701746
2023-08-22 16:00:00,-0.0037525692086970057
2023-08-23 00:00:00,0.010478574557244822
2023-08-23 08:00:00,0.0095993400968291433
2023-08-23 16:00:00,-0.0071044513825769462
2023-08-24 00:00:00,-0.0052391293135706065
2023-08-24 08:00:00,0.011994911874533805
2023-08-24 16:00:00,0.0094453466556296706
2023-08-25 00:00:00,-0.0035806218361460417
2023-08-25 08:00:00,0.0036891373876693041
2023-08-25 16:00:00,-0.012508381218742219
2023-08-26 00:00:00,0.0085601035706663279
2023-08-26 08:00:00,0.0013452944369230831
2023-08-26 16:00:00,-0.0035512011821427505
2023-08-27 00:00:00,-0.0079793663797479656
2023-08-27 08:00:00,-0.0096033006958755416
2023-08-27 16:00:00,-0.0034541559564485427
2023-08-28 00:00:00,0.01740367149534287
2023-08-28 08:00:00,-0.0080089779105162757
2023-08-28 16:00:00,0.0031727813343821396
2023-08-29 00:00:00,0.0047791755341661446
2023-08-29 08:00:00,-0.017654930372463812
2023-08-29 16:00:00,-0.0075171742632561787
2023-08-30 00:00:00,0.013542508935107795
2023-08-30 08:00:00,0.013968244872178733
2023-08-30 16:00:00,-0.0023681276660251506
2023-08-31 00:00:00,0.0082278599948954253
2023-08-31 08:00:00,0.01764176430963205
2023-08-31 16:00:00,0.0058589250097970383
2023-09-01 00:00:00,0.017792035241247898
2023-09-01 08:00:00,-0.00015415038465759525
2023-09-01 16:00:00,0.017129797021318532
2023-09-02 00:00:00,-0.0074714233196951918
2023-09-02 08:00:00,-0.0030116879581206409
2023-09-02 16:00:00,-0.0040694346143012872
2023-09-03 00:00:00,0.022289014602890258
2023-09-03 08:00:00,0.013869636830176566
2023-09-03 16:00:00,0.0066630862824258955
2023-09-04 00:00:00,0.0091752627442494763
2023-09-04 08:00:00,-0.012361749308987079
2023-09-04 16:00:00,-0.00012679523772849205
2023-09-05 00:00:00,-0.013729774897924896
2023-09-05 08:00:00,0.018243349057161653
2023-09-05 16:00:00,-0.0096811085382947255
2023-09-06 00:00:00,0.0095438076708210667
2023-09-06 08:00:00,0.010192695644669941
2023-09-06 16:00:00,-0.0040157270892401727
2023-09-07 00:00:00,-0.0010636289223361389
2023-09-07 08:00:00,0.014386293704519375
2023-09-07 16:00:00,-0.010617194503560502
2023-09-08 00:00:00,-0.010826920511823277
2023-09-08 08:00:00,0.0030796415793860211
2023-09-08 16:00:00,0.0085115260185992612
2023-09-09 00:00:00,0.00044336743742299221
2023-09-09 08:00:00,-0.011634925921605383
2023-09-09 16:00:00,0.0012377219584314239
2023-09-10 00:00:00,0.015802170739520654
2023-09-10 08:00:00,0.0057229032663322658
2023-09-10 16:00:00,-0.00054946168918622762
2023-09-11 00:00:00,0.0088577392412777806
2023-09-11 08:00:00,0.010029552110029431
2023-09-11 16:00:00,0.0047485521828488286
2023-09-12 00:00:00,-0.01731407698114773
2023-09-12 08:00:00,-0.0067968160790022316
2023-09-12 16:00:00,0.0068441754685730737
2023-09-13 00:00:00,0.0064354658806590618
2023-09-13 08:00:00,0.0017529190050567486
2023-09-13 16:00:00,-0.00031353615252027517
2023-09-14 00:00:00,-0.00050902257810270788
2023-09-14 08:00:00,-0.0020593298894765275
2023-09-14 16:00:00,-0.0014764981053624615
2023-09-15 00:00:00,0.0097379939706652863
2023-09-15 08:00:00,0.0033458429955058404
2023-09-15 16:00:00,0.0011075489180911856
2023-09-16 00:00:00,-0.0074793819299216286
2023-09-16 08:00:00,-0.010095753224557817
2023-09-16 16:00:00,-0.00098570106705628876
2023-09-17 00:00:00,0.011339788489368376
2023-09-17 08:00:00,-0.0059735813790275337
2023-09-17 16:00:00,0.0083952421390492658
2023-09-18 00:00:00,-0.0066558836509738994
2023-09-18 08:00:00,0.0026901930642384926
2023-09-18 16:00:00,0.007368155194725402
2023-09-19 00:00:00,0.0062604257790563689
2023-09-19 08:00:00,0.014351653998709543
2023-09-19 16:00:00,0.0057924304742731098
2023-09-20 00:00:00,-0.013189583836392113
2023-09-20 08:00:00,-8.718168093964399e-05
2023-09-20 16:00:00,-0.00018161829743043001
2023-09-21 00:00:00,-0.0087796659118168346
2023-09-21 08:00:00,-0.0030243033549951976
2023-09-21 16:00:00,0.0014057599520159124
2023-09-22 00:00:00,0.0042061095638228681
2023-09-22 08:00:00,-0.0058638234921589974
2023-09-22 16:00:00,0.012694245547115306
2023-09-23 00:00:00,-0.023870967752810425
2023-09-23 08:00:00,-0.0044794486794891416
2023-09-23 16:00:00,-0.0026716169751025004
2023-09-24 00:00:00,0.0035940677631301808
2023-09-24 08:00:00,0.0026823366195075403
2023-09-24 16:00:00,0.0055495277426797513
2023-09-25 00:00:00,-0.0032111511666514229
2023-09-25 08:00:00,0.0056596751625304764
2023-09-25 16:00:00,0.0047977635382705584
2023-09-26 00:00:00,0.0015992847175182597
2023-09-26 08:00:00,-0.0047956897480322261
2023-09-26 16:00:00,0.01042409992348022
2023-09-27 00:00:00,0.0017375846177408278
2023-09-27 08:00:00,0.0044692348346786178
2023-09-27 16:00:00,0.013718631748526628
2023-09-28 00:00:00,0.011867048391758924
2023-09-28 08:00:00,0.00085232178776405067
2023-09-28 16:00:00,-0.011685767067192359
2023-09-29 00:00:00,-0.0080114501400273645
2023-09-29 08:00:00,-0.006706037610086606
2023-09-29 16:00:00,0.0069315643486407407
2023-09-30 00:00:00,0.0039669213016013689
2023-09-30 08:00:00,0.010013716591512708
2023-09-30 16:00:00,-0.00044054341506705267
2023-10-01 00:00:00,0.00094400287719296919
2023-10-01 08:00:00,0.0075844791276575502
2023-10-01 16:00:00,0.011001903576686435
2023-10-02 00:00:00,0.006866284455068007
2023-10-02 08:00:00,-0.0030913781785740411
2023-10-02 16:00:00,-0.0098914705218932832
2023-10-03 00:00:00,0.0015467780116307237
2023-10-03 08:00:00,-0.0099231847139243812
2023-10-03 16:00:00,-0.010778296409807485
2023-10-04 00:00:00,0.0018808931191695805
2023-10-04 08:00:00,-0.015806050359201351
2023-10-04 16:00:00,0.0041387260726451413
2023-10-05 00:00:00,-0.0050357315247220921
2023-10-05 08:00:00,0.0015692232671565534
2023-10-05 16:00:00,0.0004854647187481013
2023-10-06 00:00:00,-0.0030385128881648621
2023-10-06 08:00:00,-0.0056308853734495876
2023-10-06 16:00:00,-5.8270745682031553e-05
2023-10-07 00:00:00,-0.0028024703701486852
2023-10-07 08:00:00,-0.00061293437144614119
2023-10-07 16:00:00,0.00017248522851683883
2023-10-08 00:00:00,-0.0028574905987657803
2023-10-08 08:00:00,0.0025035223656521121
2023-10-08 16:00:00,-0.0027244538622684523
2023-10-09 00:00:00,0.018628887989486493
2023-10-09 08:00:00,0.023423896728541043
2023-10-09 16:00:00,-0.0014664443756965714
2023-10-10 00:00:00,-0.014107405516056382
2023-10-10 08:00:00,0.0085590228878772035
2023-10-10 16:00:00,-0.0012278611398621312
2023-10-11 00:00:00,4.5514692810977592e-05
2023-10-11 08:00:00,0.0099599129084554771
2023-10-11 16:00:00,-0.0051553472678056633
2023-10-12 00:00:00,0.0028517217771372974
2023-10-12 08:00:00,-0.0019486857928051188
2023-10-12 16:00:00,-0.014179271467621017
2023-10-13 00:00:00,0.0007222430803223098
2023-10-13 08:00:00,-0.023381986089154795
2023-10-13 16:00:00,-0.0011275424191074992
2023-10-14 00:00:00,0.0072979555575805339
2023-10-14 08:00:00,-0.0035953208958196953
2023-10-14 16:00:00,0.0067680473385490136
2023-10-15 00:00:00,0.014050068634104664
2023-10-15 08:00:00,0.0095370161614103666
2023-10-15 16:00:00,-0.0071372755044067995
2023-10-16 00:00:00,-0.012308734161517142
2023-10-16 08:00:00,-0.0034117527489411115
2023-10-16 16:00:00,-0.0045495288185145068
2023-10-17 00:00:00,0.007923930661653757
2023-10-17 08:00:00,0.014537423882658393
2023-10-17 16:00:00,0.0051648803737114092
2023-10-18 00:00:00,0.0018474814827645482
2023-10-18 08:00:00,0.0071540567184422404
2023-10-18 16:00:00,0.0086875902222082919
2023-10-19 00:00:00,0.009812471155405747
2023-10-19 08:00:00,0.0050389410530037133
2023-10-19 16:00:00,-0.0051088497908481694
2023-10-20 00:00:00,-0.0078338240711336906
2023-10-20 08:00:00,0.003502110008335647
2023-10-20 16:00:00,-0.0076337883521935121
2023-10-21 00:00:00,-0.015246043788116021
2023-10-21 08:00:00,-0.0086259406365972839
2023-10-21 16:00:00,-0.0034431759765450503
2023-10-22 00:00:00,-0.00034559087470366595
2023-10-22 08:00:00,-0.0055398768067491336
2023-10-22 16:00:00,0.002770742598521629
2023-10-23 00:00:00,0.027681559355432692
2023-10-23 08:00:00,0.005725630790437912
2023-10-23 16:00:00,0.056743571775621816
2023-10-24 00:00:00,-0.0039845738007522379
2023-10-24 08:00:00,-0.0097711241921642922
2023-10-24 16:00:00,0.0057590004941399445
2023-10-25 00:00:00,-0.008231689951939139
2023-10-25 08:00:00,0.034077118178807715
2023-10-25 16:00:00,-0.0094987007961182621
2023-10-26 00:00:00,0.016566902213830892
2023-10-26 08:00:00,-0.010857019456697795
2023-10-26 16:00:00,0.019928445003629412
2023-10-27 00:00:00,-0.011870705341378308
2023-10-27 08:00:00,0.0046154099838645081
2023-10-27 16:00:00,-0.0043809380803499871
2023-10-28 00:00:00,0.0070169556903555913
2023-10-28 08:00:00,-0.0028154708559701763
2023-10-28 16:00:00,-0.0054274240810057309
2023-10-29 00:00:00,0.0014443264535870222
2023-10-29 08:00:00,0.00037016851716429141
2023-10-29 16:00:00,0.0050279109105306388
2023-10-30 00:00:00,-0.0088942395794729557
2023-10-30 08:00:00,0.012454361806227558
2023-10-30 16:00:00,0.00367575867777556
2023-10-31 00:00:00,-0.0068947463767959436
2023-10-31 08:00:00,0.006638348392831896
2023-10-31 16:00:00,0.010123029802491756
2023-11-01 00:00:00,-0.0061904251077425435
2023-11-01 08:00:00,0.0015021632646851418
2023-11-01 16:00:00,0.020375810645030662
2023-11-02 00:00:00,-0.0046266674699636775
2023-11-02 08:00:00,-0.010271946993277789
2023-11-02 16:00:00,0.0043825441232447889
2023-11-03 00:00:00,7.1422401346803402e-05
2023-11-03 08:00:00,0.0068683073084071589
2023-11-03 16:00:00,0.00078428101481617298
2023-11-04 00:00:00,0.011493916086947126
2023-11-04 08:00:00,0.00081034136326415206
2023-11-04 16:00:00,0.012874937334484561
2023-11-05 00:00:00,0.0098817820775068312
2023-11-05 08:00:00,-0.0011236117706880954
2023-11-05 16:00:00,0.0081347259139259252
2023-11-06 00:00:00,0.0079757022095965843
2023-11-06 08:00:00,0.014131631038109379
2023-11-06 16:00:00,0.0054693602829225928
2023-11-07 00:00:00,-0.0053229733175046371
2023-11-07 08:00:00,-0.013012483438795134
2023-11-07 16:00:00,0.010441669804335313
2023-11-08 00:00:00,-0.0027027666739653476
2023-11-08 08:00:00,0.00035042832920928311
2023-11-08 16:00:00,0.0018823197881009674
2023-11-09 00:00:00,0.011535484908061092
2023-11-09 08:00:00,0.0063973439016313076
2023-11-09 16:00:00,0.01324627468100055
2023-11-10 00:00:00,-0.028770443991085092
2023-11-10 08:00:00,0.011826496449075513
2023-11-10 16:00:00,0.0074961946106124108
2023-11-11 00:00:00,-0.015263582111004025
2023-11-11 08:00:00,0.017474978737149118
2023-11-11 16:00:00,-0.0023549197930886577
2023-11-12 00:00:00,0.015239440199510334
2023-11-12 08:00:00,-0.0022509229068047205
2023-11-12 16:00:00,0.0039783102184022387
2023-11-13 00:00:00,-0.0045234996228206356
2023-11-13 08:00:00,-0.003947422302770438
2023-11-13 16:00:00,-0.018659320953436812
2023-11-14 00:00:00,0.011011953920198705
2023-11-14 08:00:00,-0.0080735950980326387
2023-11-14 16:00:00,-0.0082353102379702503
2023-11-15 00:00:00,0.0052803555265443242
2023-11-15 08:00:00,0.017611757639582792
2023-11-15 16:00:00,0.0037174252929463021
2023-11-16 00:00:00,0.012868726161132349
2023-11-16 08:00:00,-0.0067564323491541263
2023-11-16 16:00:00,-0.019914518369868153
2023-11-17 00:00:00,0.007558660979108481
2023-11-17 08:00:00,-0.022358556350816027
2023-11-17 16:00:00,0.024411622514295517
2023-11-18 00:00:00,-0.01621515870612197
2023-11-18 08:00:00,-0.0053543515712206448
2023-11-18 16:00:00,-0.0085383684334958271
2023-11-19 00:00:00,0.0019980473814592268
2023-11-19 08:00:00,-0.0058834657474145608
2023-11-19 16:00:00,0.013021753290507509
2023-11-20 00:00:00,0.0075290365691730405
2023-11-20 08:00:00,0.00027205096177703993
2023-11-20 16:00:00,-0.016958815855978925
2023-11-21 00:00:00,-0.011150114538947094
2023-11-21 08:00:00,-0.0026750496622260363
2023-11-21 16:00:00,-0.022764993040308646
2023-11-22 00:00:00,0.013419344155005326
2023-11-22 08:00:00,0.0065385759858060388
2023-11-22 16:00:00,-0.0030971016356890939
2023-11-23 00:00:00,0.00093817809156878751
2023-11-23 08:00:00,-0.013684726006282396
2023-11-23 16:00:00,-0.0051972899321973591
2023-11-24 00:00:00,0.021835963195916467
2023-11-24 08:00:00,0.010844588757665346
2023-11-24 16:00:00,-0.0023081979250171021
2023-11-25 00:00:00,0.0052939827166137449
2023-11-25 08:00:00,-0.0056775046907016555
2023-11-25 16:00:00,-0.0075605841153129271
2023-11-26 00:00:00,-0.0022390556843571116
2023-11-26 08:00:00,-0.0096466921919856827
2023-11-26 16:00:00,0.011730914190802853
2023-11-27 00:00:00,-0.00021886726617594061
2023-11-27 08:00:00,-0.012447403549390973
2023-11-27 16:00:00,0.0054495850005895734
2023-11-28 00:00:00,-0.016350844690618888
2023-11-28 08:00:00,0.014951192753964169
2023-11-28 16:00:00,0.0090646578363277747
2023-11-29 00:00:00,0.0046873607540110409
2023-11-29 08:00:00,-0.013695164284462937
2023-11-29 16:00:00,-0.0057098119300093867
2023-11-30 00:00:00,0.0013799143544212546
2023-11-30 08:00:00,0.0042207592923594866
2023-11-30 16:00:00,-0.0026790354865373002
2023-12-01 00:00:00,0.0025635640481764779
2023-12-01 08:00:00,0.015773317688427692
2023-12-01 16:00:00,0.0020734888022073692
2023-12-02 00:00:00,0.0099924504222967895
2023-12-02 08:00:00,0.01684791651957239
2023-12-02 16:00:00,0.019958513709348969
2023-12-03 00:00:00,0.0052627562603350204
2023-12-03 08:00:00,0.0046703926569554915
2023-12-03 16:00:00,0.015885059465552482
2023-12-04 00:00:00,0.043283373546149119
2023-12-04 08:00:00,-0.017348664709490685
2023-12-04 16:00:00,0.040272581191666199
2023-12-05 00:00:00,-0.0072953795950293976
2023-12-05 08:00:00,0.01194743540240023
2023-12-05 16:00:00,0.006668133531173924
2023-12-06 00:00:00,-0.0071363275510718067
2023-12-06 08:00:00,-0.0012270126374813082
2023-12-06 16:00:00,-0.0059147643503449547
2023-12-07 00:00:00,0.0028730424433411725
2023-12-07 08:00:00,0.0064520743393558806
2023-12-07 16:00:00,0.0012291322455261161
2023-12-08 00:00:00,-0.002773080674645051
2023-12-08 08:00:00,0.0066624530034327389
2023-12-08 16:00:00,0.0062524053884614383
2023-12-09 00:00:00,0.0088748044147287861
2023-12-09 08:00:00,-0.00027664640613526877
2023-12-09 16:00:00,-0.005307584883189928
2023-12-10 00:00:00,0.0056181591698343308
2023-12-10 08:00:00,0.0017050037949269139
2023-12-10 16:00:00,0.0033364465505935255
2023-12-11 00:00:00,-0.0088675442194704763
2023-12-11 08:00:00,-0.0001317955901322698
2023-12-11 16:00:00,0.00064031681970956047
2023-12-12 00:00:00,0.01569942336126947
2023-12-12 08:00:00,-0.00034149493806452007
2023-12-12 16:00:00,-0.00049599658497904238
2023-12-13 00:00:00,-0.020730232538386358
2023-12-13 08:00:00,0.0181585346368036
2023-12-13 16:00:00,0.019688070144594731
2023-12-14 00:00:00,0.011050564340621795
2023-12-14 08:00:00,0.0077068444484626629
2023-12-14 16:00:00,0.027657738232223887
2023-12-15 00:00:00,0.0029222477816039198
2023-12-15 08:00:00,-0.0013366326608391936
2023-12-15 16:00:00,-0.01972367041344842
2023-12-16 00:00:00,0.0061571112590853693
2023-12-16 08:00:00,0.010698824163364037
2023-12-16 16:00:00,-0.0175843947224377
2023-12-17 00:00:00,-0.0032536512659200418
2023-12-17 08:00:00,-0.0027913610788961171
2023-12-17 16:00:00,-0.0062123866802534797
2023-12-18 00:00:00,-0.0023253164876842858
2023-12-18 08:00:00,0.0085525522760309339
2023-12-18 16:00:00,0.0071531306366395724
2023-12-19 00:00:00,0.0066912424012836218
2023-12-19 08:00:00,-0.016444036696604009
2023-12-19 16:00:00,-0.01186180061269255
2023-12-20 00:00:00,0.013316901988512299
2023-12-20 08:00:00,0.0034304635363788145
2023-12-20 16:00:00,0.0038414947766854477
2023-12-21 00:00:00,0.0088695297322709983
2023-12-21 08:00:00,-0.00088239020511500044
2023-12-21 16:00:00,0.01214691278288544
2023-12-22 00:00:00,-0.0063077804998813601
2023-12-22 08:00:00,-0.0067029404862670927
2023-12-22 16:00:00,0.00066530620896166411
2023-12-23 00:00:00,0.001324389035518
2023-12-23 08:00:00,-0.0021161269031396653
2023-12-23 16:00:00,0.025439296691878683
2023-12-24 00:00:00,0.0051097824302536662
2023-12-24 08:00:00,0.0033240786111639912
2023-12-24 16:00:00,0.0020492985505703816
2023-12-25 00:00:00,4.3259842999281106e-05
2023-12-25 08:00:00,0.0043524196811035327
2023-12-25 16:00:00,0.0037910075019339079
2023-12-26 00:00:00,-0.0025750978920230485
2023-12-26 08:00:00,0.0061386709541921287
2023-12-26 16:00:00,0.019756868000070781
2023-12-27 00:00:00,-0.016174805097249657
2023-12-27 08:00:00,0.0042379791658862251
2023-12-27 16:00:00,-0.0026564531402569571
2023-12-28 00:00:00,6.134262283028459e-05
2023-12-28 08:00:00,-0.0074370694941831936
2023-12-28 16:00:00,-0.0049522402387907486
2023-12-29 00:00:00,0.0011411185199637589
2023-12-29 08:00:00,0.0064278515218565754
2023-12-29 16:00:00,-0.0021853016313936281
2023-12-30 00:00:00,0.0016532913874094317
2023-12-30 08:00:00,0.0032740755344020166
2023-12-30 16:00:00,0.010530730404727465
2023-12-31 00:00:00,0.0093232099308442166
2023-12-31 08:00:00,-0.0019202571523320847
2023-12-31 16:00:00,0.0056070447712089208
2024-01-01 00:00:00,0.010329739678333586
2024-01-01 08:00:00,0.011854897590824179
2024-01-01 16:00:00,-0.0063055009947663139
2024-01-02 00:00:00,0.011528399270075573
2024-01-02 08:00:00,0.0021671515404707358
2024-01-02 16:00:00,0.0023520804643445861
2024-01-03 00:00:00,0.01056047599621235
2024-01-03 08:00:00,0.012285193006974936
2024-01-03 16:00:00,-0.0088449029942811556
2024-01-04 00:00:00,-0.013179177035574788
2024-01-04 08:00:00,0.0033698214609942903
2024-01-04 16:00:00,-0.014627519577746485
2024-01-05 00:00:00,0.0034192365218054599
2024-01-05 08:00:00,0.0041748455068609169
2024-01-05 16:00:00,-0.0019818441712751282
2024-01-06 00:00:00,0.0051814301825355196
2024-01-06 08:00:00,-0.018612275267760808
2024-01-06 16:00:00,-0.0031227187403936449
2024-01-07 00:00:00,-0.002567327110626105
2024-01-07 08:00:00,0.013054623070513104
2024-01-07 16:00:00,0.0073118829644442558
2024-01-08 00:00:00,-0.0061487162624957459
2024-01-08 08:00:00,-0.017569599585507092
2024-01-08 16:00:00,-0.025279976625777311
2024-01-09 00:00:00,0.0019072027614881312
2024-01-09 08:00:00,0.015610108990212212
2024-01-09 16:00:00,-0.013889324605075293
2024-01-10 00:00:00,0.0031783847573842623
2024-01-10 08:00:00,0.0057825484542483492
2024-01-10 16:00:00,-0.040925448746658835
2024-01-11 00:00:00,0.0020585426026992291
2024-01-11 08:00:00,-0.0015191579449066136
2024-01-11 16:00:00,-0.004973455506338478
2024-01-12 00:00:00,-0.0054509349366232635
2024-01-12 08:00:00,0.017908679941039285
2024-01-12 16:00:00,-0.013038328177298483
2024-01-13 00:00:00,0.004598661063005903
2024-01-13 08:00:00,-0.0019389621488329234
2024-01-13 16:00:00,3.3734770543478916e-05
2024-01-14 00:00:00,0.0013980790904794737
2024-01-14 08:00:00,-0.010782661585595581
2024-01-14 16:00:00,-0.0019572120098302554
2024-01-15 00:00:00,0.012764924779115675
2024-01-15 08:00:00,0.0013420798830967263
2024-01-15 16:00:00,-0.0058776397599831819
2024-01-16 00:00:00,-0.0040752083887930909
2024-01-16 08:00:00,-0.0016594978440033466
2024-01-16 16:00:00,0.000686481883085696
2024-01-17 00:00:00,0.0028255060315575402
2024-01-17 08:00:00,-0.0054956726186340512
2024-01-17 16:00:00,-0.00036825078756859295
2024-01-18 00:00:00,-0.0058632018106654906
2024-01-18 08:00:00,-0.0017700049609618181
2024-01-18 16:00:00,0.0069471330477732527
2024-01-19 00:00:00,-0.00011293260428334435
2024-01-19 08:00:00,0.010089344903569743
2024-01-19 16:00:00,0.0063449917695343836
2024-01-20 00:00:00,-0.0040786736933769076
2024-01-20 08:00:00,-0.0084960775176706176
2024-01-20 16:00:00,-0.0054888668045190011
2024-01-21 00:00:00,-0.005841902666182717
2024-01-21 08:00:00,-0.00011828510795598975
2024-01-21 16:00:00,0.0017891745063882739
2024-01-22 00:00:00,0.013302554436471182
2024-01-22 08:00:00,0.0053617561252248796
2024-01-22 16:00:00,0.020678390166653789
2024-01-23 00:00:00,0.02149275079621147
2024-01-23 08:00:00,-0.00168717309185665
2024-01-23 16:00:00,-0.0097554559247094268
2024-01-24 00:00:00,0.0059961829482353471
2024-01-24 08:00:00,-0.010799451911594838
2024-01-24 16:00:00,-0.0050715841730059955
2024-01-25 00:00:00,-0.0011908809658733909
2024-01-25 08:00:00,0.0055440719677256698
2024-01-25 16:00:00,-0.0062590509542535949
2024-01-26 00:00:00,0.0087006503638499735
2024-01-26 08:00:00,-0.021495307437176911
2024-01-26 16:00:00,-0.0048634901023353388
2024-01-27 00:00:00,-0.00025039375913391059
2024-01-27 08:00:00,-0.0040985504026449671
2024-01-27 16:00:00,0.0011464824236962141
2024-01-28 00:00:00,-0.0059171695422908536
2024-01-28 08:00:00,0.0059483257758918325
2024-01-28 16:00:00,-0.0038138714955430345
2024-01-29 00:00:00,0.0025817500526109081
2024-01-29 08:00:00,-0.001356262733192297
2024-01-29 16:00:00,-0.00063074378812822546
2024-01-30 00:00:00,-0.0043743335367872139
2024-01-30 08:00:00,-0.0072719850988358517
2024-01-30 16:00:00,0.0041227440979738524
2024-01-31 00:00:00,-0.0018361482168998387
2024-01-31 08:00:00,-8.1897471521271144e-05
2024-01-31 16:00:00,-0.0081498664374938818
2024-02-01 00:00:00,0.0032292622563240732
2024-02-01 08:00:00,-0.0033162094150958293
2024-02-01 16:00:00,-0.00068132969650205866
2024-02-02 00:00:00,0.00099386317406797943
2024-02-02 08:00:00,0.0045699577383128739
2024-02-02 16:00:00,-0.0041680697844173886
2024-02-03 00:00:00,0.0052940063508574936
2024-02-03 08:00:00,0.0027543631009137597
2024-02-03 16:00:00,-0.0096742156842659268
2024-02-04 00:00:00,0.0072828465119800772
2024-02-04 08:00:00,-0.0083454755791399059
2024-02-04 16:00:00,0.005612171561278397
2024-02-05 00:00:00,-0.0007900250229659465
2024-02-05 08:00:00,-0.0004717458860157409
2024-02-05 16:00:00,-0.010981457880150087
2024-02-06 00:00:00,-0.0089570130336543499
2024-02-06 08:00:00,-0.0016639993593413347
2024-02-06 16:00:00,-0.0021680723028720825
2024-02-07 00:00:00,0.0064829562749128006
2024-02-07 08:00:00,-0.016060557321960191
2024-02-07 16:00:00,-0.018229464200525455
2024-02-08 00:00:00,-0.0071557851178108197
2024-02-08 08:00:00,-0.00068564222007920083
2024-02-08 16:00:00,-0.00084279779642180248
2024-02-09 00:00:00,-0.0017636303264879189
2024-02-09 08:00:00,0.0029833468067688492
2024-02-09 16:00:00,-0.0023457904642437259
2024-02-10 00:00:00,-0.0081981500351620395
2024-02-10 08:00:00,-0.0015196251270266786
2024-02-10 16:00:00,-0.0038322073632511577
2024-02-11 00:00:00,0.0069550570224850145
2024-02-11 08:00:00,-0.00028115384839042331
2024-02-11 16:00:00,-0.0091429728591095136
2024-02-12 00:00:00,0.006556293802491584
2024-02-12 08:00:00,0.020796538541163728
2024-02-12 16:00:00,-0.0086308150318435573
2024-02-13 00:00:00,0.0030602640674176856
2024-02-13 08:00:00,-0.0054489972132396505
2024-02-13 16:00:00,0.0028858354436514747
2024-02-14 00:00:00,-1.1348880852566884e-05
2024-02-14 08:00:00,0.0122435014132042
2024-02-14 16:00:00,0.00023793117715847304
2024-02-15 00:00:00,-0.0008331104559890541
2024-02-15 08:00:00,0.0032484031546671835
2024-02-15 16:00:00,0.00099649037023809457
2024-02-16 00:00:00,-0.0052048588300674182
2024-02-16 08:00:00,-0.010589582002637758
2024-02-16 16:00:00,0.0033753400922045583
2024-02-17 00:00:00,0.0033641518750956068
2024-02-17 08:00:00,-0.0090908552763537438
2024-02-17 16:00:00,0.0060709114812156646
2024-02-18 00:00:00,0.0039011516794240724
2024-02-18 08:00:00,0.0091268934847654262
2024-02-18 16:00:00,0.0042735838844600209
2024-02-19 00:00:00,0.0087738168482550116
2024-02-19 08:00:00,-0.011906307346216109
2024-02-19 16:00:00,0.001332738094555633
2024-02-20 00:00:00,-0.0096309281840058457
2024-02-20 08:00:00,-0.001055932248542067
2024-02-20 16:00:00,0.022630903750512982
2024-02-21 00:00:00,-0.019893692902479828
2024-02-21 08:00:00,-0.0099161706505479039
2024-02-21 16:00:00,0.019288323137520224
2024-02-22 00:00:00,0.011470714618991247
2024-02-22 08:00:00,0.0075603712975965739
2024-02-22 16:00:00,-0.0044072002074008699
2024-02-23 00:00:00,-0.0055533462445112557
2024-02-23 08:00:00,-0.015353686516291118
2024-02-23 16:00:00,0.0054509637637460582
2024-02-24 00:00:00,-0.021194968531937756
2024-02-24 08:00:00,0.0072978995702545259
2024-02-24 16:00:00,0.010941381858708066
2024-02-25 00:00:00,0.016685896882707274
2024-02-25 08:00:00,-0.0061090284268160407
2024-02-25 16:00:00,-0.00015531089933997158
2024-02-26 00:00:00,0.0041076523119432783
2024-02-26 08:00:00,0.011902317070284916
2024-02-26 16:00:00,0.0063586479486909325
2024-02-27 00:00:00,-0.0076200426191438955
2024-02-27 08:00:00,0.0055732517238239439
2024-02-27 16:00:00,0.017477112516226183
2024-02-28 00:00:00,0.015891125861238184
2024-02-28 08:00:00,0.018702701482011003
2024-02-28 16:00:00,0.02658637210633687
2024-02-29 00:00:00,0.0078309496899511295
2024-02-29 08:00:00,-0.0095682696684557342
2024-02-29 16:00:00,-0.0067802586607378654
2024-03-01 00:00:00,0.018648018188232279
2024-03-01 08:00:00,0.020123458501126758
2024-03-01 16:00:00,0.0067539458304564197
2024-03-02 00:00:00,0.028739449415419449
2024-03-02 08:00:00,0.0032088707802829567
2024-03-02 16:00:00,0.011723697527923762
2024-03-03 00:00:00,-0.015198517350528531
2024-03-03 08:00:00,0.022952442150934657
2024-03-03 16:00:00,0.011578505663952986
2024-03-04 00:00:00,0.018252343101419252
2024-03-04 08:00:00,0.012292360158318747
2024-03-04 16:00:00,-0.0061776207007070384
2024-03-05 00:00:00,-0.022552494853397862
2024-03-05 08:00:00,-0.0022227004804436842
2024-03-05 16:00:00,-0.020101908855268764
2024-03-06 00:00:00,0.037390879054849335
2024-03-06 08:00:00,0.0053961296902194705
2024-03-06 16:00:00,-0.0077149544548633028
2024-03-07 00:00:00,-0.020107950390878669
2024-03-07 08:00:00,0.015669975574631831
2024-03-07 16:00:00,-0.022173978408560689
2024-03-08 00:00:00,0.015103124525422737
2024-03-08 08:00:00,0.0084745228387105975
2024-03-08 16:00:00,0.012258772949833074
2024-03-09 00:00:00,0.0079560895149122773
2024-03-09 08:00:00,-0.0098427231506451156
2024-03-09 16:00:00,0.011153772223646287
2024-03-10 00:00:00,-0.0015854092064770907
2024-03-10 08:00:00,-0.0066789376522609573
2024-03-10 16:00:00,0.01040660531475948
2024-03-11 00:00:00,0.011273959885557452
2024-03-11 08:00:00,-0.0036546877859893528
2024-03-11 16:00:00,0.0024239850755365458
2024-03-12 00:00:00,-0.017726680137130132
2024-03-12 08:00:00,0.00070257974314083657
2024-03-12 16:00:00,-0.00010264592422387655
2024-03-13 00:00:00,0.0029568948225917931
2024-03-13 08:00:00,-0.0037146990423631674
2024-03-13 16:00:00,0.0051398685590137586
2024-03-14 00:00:00,0.0037653230509479851
2024-03-14 08:00:00,-0.0079891588348001211
2024-03-14 16:00:00,0.0054336639904190367
2024-03-15 00:00:00,-0.013792292388289742
2024-03-15 08:00:00,-0.0038928288734820272
2024-03-15 16:00:00,0.0043012191423806795
2024-03-16 00:00:00,-0.007404650221414389
2024-03-16 08:00:00,-0.0055307761157346452
2024-03-16 16:00:00,-0.025093161027663451
2024-03-17 00:00:00,0.0031835748466759978
2024-03-17 08:00:00,0.014129128122998868
2024-03-17 16:00:00,0.0046926081074833391
2024-03-18 00:00:00,-0.014625920159569428
2024-03-18 08:00:00,0.016828083158198514
2024-03-18 16:00:00,-0.014611313197575807
2024-03-19 00:00:00,-0.011963326108914688
2024-03-19 08:00:00,-0.0034553326188281742
2024-03-19 16:00:00,0.0058541057935270159
2024-03-20 00:00:00,-0.017402253464760712
2024-03-20 08:00:00,-0.0036711518745704374
2024-03-20 16:00:00,-0.00026887220557491839
2024-03-21 00:00:00,-0.014515389935060906
2024-03-21 08:00:00,-0.01861943997208361
2024-03-21 16:00:00,0.0021777311861937132
2024-03-22 00:00:00,0.00078097819715327959
2024-03-22 08:00:00,0.012570319298012148
2024-03-22 16:00:00,-0.00017338236561272673
2024-03-23 00:00:00,-0.011099000841147606
2024-03-23 08:00:00,-0.012934179551181948
2024-03-23 16:00:00,0.0029674719998312969
2024-03-24 00:00:00,-0.00526945083791405
2024-03-24 08:00:00,0.00046797386743270596
2024-03-24 16:00:00,-0.0053501555662701407
2024-03-25 00:00:00,0.0036046822757648529
2024-03-25 08:00:00,0.0066671415529526113
2024-03-25 16:00:00,-0.0042792999562033885
2024-03-26 00:00:00,-0.0054412368651363882
2024-03-26 08:00:00,0.01893426261071279
2024-03-26 16:00:00,0.002930423162371082
2024-03-27 00:00:00,-0.0035411218303933365
2024-03-27 08:00:00,-0.0044940417218766772
2024-03-27 16:00:00,-0.004194783730329733
2024-03-28 00:00:00,0.011472139931338972
2024-03-28 08:00:00,-0.0064137297487391375
2024-03-28 16:00:00,0.0081235089204834982
2024-03-29 00:00:00,-0.0010350481914731429
2024-03-29 08:00:00,0.0050863333642093408
2024-03-29 16:00:00,0.0011870507861087667
2024-03-30 00:00:00,0.01175868779828013
2024-03-30 08:00:00,-0.0068781117300157719
2024-03-30 16:00:00,-0.0055355437313823154
2024-03-31 00:00:00,0.0016399205868939291
2024-03-31 08:00:00,0.0094667298838030951
2024-03-31 16:00:00,0.024977897080588798
2024-04-01 00:00:00,0.0061337999406659068
2024-04-01 08:00:00,-0.016164109205083016
2024-04-01 16:00:00,0.0097852388855302064
2024-04-02 00:00:00,-0.018546181983017357
2024-04-02 08:00:00,-0.0012120956676455747
2024-04-02 16:00:00,-0.0029253704474489039
2024-04-03 00:00:00,-0.010696498450771818
2024-04-03 08:00:00,0.0020526026756007123
2024-04-03 16:00:00,-0.00035700013545151427
2024-04-04 00:00:00,0.0012144495539599318
2024-04-04 08:00:00,-0.012413953969333582
2024-04-04 16:00:00,-0.00075403201227294272
2024-04-05 00:00:00,0.013712486129749429
2024-04-05 08:00:00,-0.0076883185962825498
2024-04-05 16:00:00,0.0013339295941872293
2024-04-06 00:00:00,-0.013281802693923662
2024-04-06 08:00:00,-0.00029003632667261764
2024-04-06 16:00:00,-0.0032310898340760122
2024-04-07 00:00:00,-0.0053119217670589431
2024-04-07 08:00:00,-0.0070455433766282794
2024-04-07 16:00:00,-0.0038949487433527982
2024-04-08 00:00:00,-0.0013824436228201502
2024-04-08 08:00:00,-0.0057816910603734461
2024-04-08 16:00:00,-0.0088752920221988763
2024-04-09 00:00:00,-0.011149345073215298
2024-04-09 08:00:00,-0.0012002860193304258
2024-04-09 16:00:00,0.00018585933873974922
2024-04-10 00:00:00,0.009612570281048673
2024-04-10 08:00:00,-0.0013928915720283269
2024-04-10 16:00:00,-0.0081518735645679328
2024-04-11 00:00:00,-0.0041865599789312376
2024-04-11 08:00:00,0.0064636524623035265
2024-04-11 16:00:00,-0.013853082942739084
2024-04-12 00:00:00,0.0080627658636364397
2024-04-12 08:00:00,0.0065835754546123169
2024-04-12 16:00:00,0.046185114892957777
2024-04-13 00:00:00,0.0045079289360862316
2024-04-13 08:00:00,0.0041877692755706852
2024-04-13 16:00:00,0.039416705312078991
2024-04-14 00:00:00,-0.021421467333078977
2024-04-14 08:00:00,0.01041789546889107
2024-04-14 16:00:00,-0.0024641439357169274
2024-04-15 00:00:00,-0.0081430983415235209
2024-04-15 08:00:00,0.016090580767542433
2024-04-15 16:00:00,-0.0021865953814930068
2024-04-16 00:00:00,-0.011575770833073699
2024-04-16 08:00:00,0.0018352691325174073
2024-04-16 16:00:00,-0.018976827209839696
2024-04-17 00:00:00,0.0034778530517637009
2024-04-17 08:00:00,0.0066649240910197664
2024-04-17 16:00:00,-0.018209997826595142
2024-04-18 00:00:00,-0.0012399511391206924
2024-04-18 08:00:00,0.013357394232983098
2024-04-18 16:00:00,0.0046124864452262541
2024-04-19 00:00:00,0.0031199569106090345
2024-04-19 08:00:00,-0.020747501626091847
2024-04-19 16:00:00,0.0017352537869724175
2024-04-20 00:00:00,-0.0048049959356782461
2024-04-20 08:00:00,-0.013338392871140577
2024-04-20 16:00:00,-0.011646848751964908
2024-04-21 00:00:00,-0.0033725013698253847
2024-04-21 08:00:00,0.019031316955570941
2024-04-21 16:00:00,-0.0021768624685971423
2024-04-22 00:00:00,-0.0065803555371714562
2024-04-22 08:00:00,0.0016014170396867066
2024-04-22 16:00:00,-0.0046387041271207692
2024-04-23 00:00:00,0.004161320840170262
2024-04-23 08:00:00,-0.0024707852762565403
2024-04-23 16:00:00,0.007690508389447976
2024-04-24 00:00:00,-0.0089605207666403203
2024-04-24 08:00:00,0.016898207178655398
2024-04-24 16:00:00,0.00089659406361580068
2024-04-25 00:00:00,0.0031538956027262251
2024-04-25 08:00:00,0.0097168232439540734
2024-04-25 16:00:00,-0.0013696756242159505
2024-04-26 00:00:00,0.00065552538393646824
2024-04-26 08:00:00,-0.00053012889527685259
2024-04-26 16:00:00,0.00052106946631634023
2024-04-27 00:00:00,-0.0035882548505366961
2024-04-27 08:00:00,0.00063846099165151165
2024-04-27 16:00:00,-0.013941622786251233
2024-04-28 00:00:00,0.0049193590111281495
2024-04-28 08:00:00,-0.0038663010078350698
2024-04-28 16:00:00,0.0013603541129795704
2024-04-29 00:00:00,0.0074890217445946032
2024-04-29 08:00:00,-0.014144870985714167
2024-04-29 16:00:00,-0.011393026295181647
2024-04-30 00:00:00,0.0014987179122611962
2024-04-30 08:00:00,0.01600137706411742
2024-04-30 16:00:00,-0.0076628575353223398
2024-05-01 00:00:00,0.0084103721324161277
2024-05-01 08:00:00,-0.0074509430308666103
2024-05-01 16:00:00,-0.0099584735341526672
2024-05-02 00:00:00,-0.0013998432004884718
2024-05-02 08:00:00,0.0013113291182508947
2024-05-02 16:00:00,0.0044217170712355222
2024-05-03 00:00:00,0.0012932323073897116
2024-05-03 08:00:00,-0.015526832795853443
2024-05-03 16:00:00,-0.0042301903925968621
2024-05-04 00:00:00,0.011028164873078398
2024-05-04 08:00:00,-0.0076153199129190222
2024-05-04 16:00:00,0.0045357037472163672
2024-05-05 00:00:00,-0.0040774966064818681
2024-05-05 08:00:00,-0.0070056446069708799
2024-05-05 16:00:00,-0.00057560625602608249
2024-05-06 00:00:00,-0.0060271091989138959
2024-05-06 08:00:00,-0.00016416840470357891
2024-05-06 16:00:00,-0.0071909273780819917
2024-05-07 00:00:00,-0.0034951510912654927
2024-05-07 08:00:00,-0.0077706840663210527
2024-05-07 16:00:00,-0.0058675623075367909
2024-05-08 00:00:00,-0.0025178736342509819
2024-05-08 08:00:00,-0.0067767507855236008
2024-05-08 16:00:00,0.0034575231353685151
2024-05-09 00:00:00,0.012450922758138467
2024-05-09 08:00:00,-0.0039441667484370717
2024-05-09 16:00:00,0.0039919117157240303
2024-05-10 00:00:00,0.010687854454865805
2024-05-10 08:00:00,-0.0076294430642247285
2024-05-10 16:00:00,0.0038225729221316464
2024-05-11 00:00:00,-0.00059275929042167975
2024-05-11 08:00:00,3.0793592661553969e-05
2024-05-11 16:00:00,0.0024854281649801875
2024-05-12 00:00:00,0.0028371232767222558
2024-05-12 08:00:00,-0.0015388736341910537
2024-05-12 16:00:00,-0.00018594523894912838
2024-05-13 00:00:00,-0.0028569613939191173
2024-05-13 08:00:00,0.011568547888601552
2024-05-13 16:00:00,0.0061579263121044709
2024-05-14 00:00:00,0.0068793653146939993
2024-05-14 08:00:00,-0.0058744619469687726
2024-05-14 16:00:00,0.0058189407045723431
2024-05-15 00:00:00,0.0134174513367792
2024-05-15 08:00:00,-0.0061534090776187468
2024-05-15 16:00:00,-0.0073493550797610772
2024-05-16 00:00:00,0.0035293074736015887
2024-05-16 08:00:00,-0.0095834264729635875
2024-05-16 16:00:00,0.0044651231983756784
2024-05-17 00:00:00,0.016241271200532783
2024-05-17 08:00:00,-0.023553405986902014
2024-05-17 16:00:00,0.0069706816207247193
2024-05-18 00:00:00,0.0035534088482761035
2024-05-18 08:00:00,-0.011750489925094389
2024-05-18 16:00:00,-0.0017654145797803206
2024-05-19 00:00:00,0.0052807781162775213
2024-05-19 08:00:00,-0.00021822646711062508
2024-05-19 16:00:00,-0.0023797505699312384
2024-05-20 00:00:00,0.0030121700983174208
2024-05-20 08:00:00,-0.0062551197847198307
2024-05-20 16:00:00,-0.0062705741075504686
2024-05-21 00:00:00,-0.017480839451414223
2024-05-21 08:00:00,-0.0034532008058295589
2024-05-21 16:00:00,-0.00072625354749397252
2024-05-22 00:00:00,-0.006085317784939849
2024-05-22 08:00:00,-0.010266583240516505
2024-05-22 16:00:00,-0.0068734414760890034
2024-05-23 00:00:00,0.011724946585652311
2024-05-23 08:00:00,0.0049139053786591089
2024-05-23 16:00:00,0.010388226527282714
2024-05-24 00:00:00,-0.017302160749915866
2024-05-24 08:00:00,0.019547700294233739
2024-05-24 16:00:00,-0.0040002131237885262
2024-05-25 00:00:00,0.020722172297624537
2024-05-25 08:00:00,-0.023227112928048792
2024-05-25 16:00:00,0.0057502312509644399
2024-05-26 00:00:00,0.0050648051755447969
2024-05-26 08:00:00,0.0053366836785278433
2024-05-26 16:00:00,-0.0057788038916838699
2024-05-27 00:00:00,0.018764103171156673
2024-05-27 08:00:00,-0.0050166258199193323
2024-05-27 16:00:00,-0.0081512698432323356
2024-05-28 00:00:00,-0.0014736591977662816
2024-05-28 08:00:00,-0.00092146890911394162
2024-05-28 16:00:00,0.002797607462916366
2024-05-29 00:00:00,-0.012311710325397289
2024-05-29 08:00:00,-0.023251249880653475
2024-05-29 16:00:00,-0.010514659631767884
2024-05-30 00:00:00,-0.013091505362393724
2024-05-30 08:00:00,0.0046089924961250908
2024-05-30 16:00:00,0.0032950745377320232
2024-05-31 00:00:00,0.0010889935928861173
2024-05-31 08:00:00,0.0017634244998816955
2024-05-31 16:00:00,0.0041833365932304276
2024-06-01 00:00:00,0.00809648084987891
2024-06-01 08:00:00,0.016621104616277881
2024-06-01 16:00:00,0.0059154588548448721
2024-06-02 00:00:00,-0.0047805777327925916
2024-06-02 08:00:00,-0.013738711466721006
2024-06-02 16:00:00,0.005853554005223317
2024-06-03 00:00:00,-0.0086916467664159124
2024-06-03 08:00:00,0.0037958634493732218
2024-06-03 16:00:00,-0.0047494464330813729
2024-06-04 00:00:00,-0.0016464635511124347
2024-06-04 08:00:00,0.00092842772285456864
2024-06-04 16:00:00,-0.001757842300060021
2024-06-05 00:00:00,-0.0030247679101327528
2024-06-05 08:00:00,-0.0007568183039994282
2024-06-05 16:00:00,0.0027175299873350377
2024-06-06 00:00:00,0.0033454293240584676
2024-06-06 08:00:00,0.0030167707246648951
2024-06-06 16:00:00,-0.0031405621299367341
2024-06-07 00:00:00,0.0088913925909511922
2024-06-07 08:00:00,-0.006152806727989105
2024-06-07 16:00:00,-0.011305851070347775
2024-06-08 00:00:00,0.0016951971923337226
2024-06-08 08:00:00,0.0036045461550585547
2024-06-08 16:00:00,-0.0018033717308766233
2024-06-09 00:00:00,0.0039176763020392722
2024-06-09 08:00:00,-0.0097848932981015706
2024-06-09 16:00:00,-0.0034884247727275043
2024-06-10 00:00:00,0.010543487306344615
2024-06-10 08:00:00,-0.0010082620470983619
2024-06-10 16:00:00,0.0060799061684623729
2024-06-11 00:00:00,0.01709546670646411
2024-06-11 08:00:00,-0.013302222587314757
2024-06-11 16:00:00,0.0022441994473208788
2024-06-12 00:00:00,-0.0034037113075351751
2024-06-12 08:00:00,-0.010726274596345736
2024-06-12 16:00:00,0.0077272500791021178
2024-06-13 00:00:00,0.01502143053181693
2024-06-13 08:00:00,0.0033357336464807201
2024-06-13 16:00:00,0.00433688264878702
2024-06-14 00:00:00,-0.0019335108789695842
2024-06-14 08:00:00,0.0050014832492514616
2024-06-14 16:00:00,0.012046571553223348
2024-06-15 00:00:00,-0.020499607534874412
2024-06-15 08:00:00,0.0055231706268052344
2024-06-15 16:00:00,0.0027663260981100812
2024-06-16 00:00:00,-0.00057179801602887711
2024-06-16 08:00:00,-0.0032949564300488315
2024-06-16 16:00:00,0.0076961994732942718
2024-06-17 00:00:00,0.010703114657127944
2024-06-17 08:00:00,0.01879304252412297
2024-06-17 16:00:00,-0.012439523398706459
2024-06-18 00:00:00,0.023530772918478209
2024-06-18 08:00:00,-0.00059774604009664651
2024-06-18 16:00:00,-0.011830483163064823
2024-06-19 00:00:00,-0.030679690797626089
2024-06-19 08:00:00,0.0097176183677550061
2024-06-19 16:00:00,-0.0029870611989319031
2024-06-20 00:00:00,-0.03114863870319079
2024-06-20 08:00:00,0.017859868998221277
2024-06-20 16:00:00,0.0092849697446801913
2024-06-21 00:00:00,0.005061711572086576
2024-06-21 08:00:00,-0.005836930475390344
2024-06-21 16:00:00,0.0067020117653580217
2024-06-22 00:00:00,-0.0057553916844449663
2024-06-22 08:00:00,-0.010078300707257213
2024-06-22 16:00:00,0.0027294913252401448
2024-06-23 00:00:00,-0.0095335342962802258
2024-06-23 08:00:00,-0.005123805615149208
2024-06-23 16:00:00,-0.00653463347612017
2024-06-24 00:00:00,0.010851930452072263
2024-06-24 08:00:00,-0.013408823514421443
2024-06-24 16:00:00,0.011457464796220951
2024-06-25 00:00:00,-0.0088237926748339027
2024-06-25 08:00:00,-0.040195086938613039
2024-06-25 16:00:00,0.0079712691460784666
2024-06-26 00:00:00,0.0047362090972217653
2024-06-26 08:00:00,-0.0036974782977818449
2024-06-26 16:00:00,0.0074665383860761615
2024-06-27 00:00:00,0.0088125273158715239
2024-06-27 08:00:00,-0.020800826201454188
2024-06-27 16:00:00,-0.0044672598355862628
2024-06-28 00:00:00,-0.0027730445787070104
2024-06-28 08:00:00,0.00020070488065181493
2024-06-28 16:00:00,0.00029224486617375966
2024-06-29 00:00:00,0.014230201389612179
2024-06-29 08:00:00,-0.0049665039970556791
2024-06-29 16:00:00,-0.0020108934164613408
2024-06-30 00:00:00,-0.0086807638832228917
2024-06-30 08:00:00,0.023178184449290994
2024-06-30 16:00:00,-5.15983543076627e-05
