G,G_eff,compliance,sh1,sh2,sh3,worst,median,dd2,dd1,cal2,posq2,vol,turn,edge,costsh,trades,L,S,fund,folds,fails,ks,kl,n,hold,dg,off
-20.07494929101318,-10.554368296959442,0.5257481921353717,0.1930687637275054,-0.3174955736470657,-0.8255276803920376,-0.5659432440134154,-0.47430077570881446,0.18732301551738761,0.11529373844611246,-0.21774361959517916,0.29411764705882354,0.11135331213793521,75.88775021707713,10.402288390684706,0.046957114274435344,2664,0.11318160712307825,0.19933676278051551,0.09255906880593738,"[-0.45, 0.25, -0.57, -0.5]","['net_sharpe', 'dbl_sharpe', 'tri_sharpe', 'ret_2x', 'pos_folds', 'turnover', 'gross_edge']",2,21,1,6,0.0,0
-35.20338153687361,-14.000315560005284,0.397698032086512,-0.04640597384433544,-0.547073825671165,-1.0444065438625811,-1.1225093219346283,-0.47833144609370937,0.2972394143348869,0.21078580878308495,-0.22829857678687376,0.4117647058823529,0.11588154636626143,77.5570077700802,6.802976684986252,0.048802667838223006,2665,0.10581309221465848,0.10306601876254337,0.054703218902206224,"[-0.29, -0.01, -0.67, -1.12]","['net_sharpe', 'dbl_sharpe', 'tri_sharpe', 'ret_1x', 'ret_2x', 'pos_folds', 'turnover', 'gross_edge']",2,21,1,6,0.0,2
-34.40360586123785,-17.027640362006032,0.4949376652751066,0.3535328054688691,-0.12633977490857784,-0.604840599385023,-1.2210777099594872,-0.3906417087679035,0.28892602793838995,0.19310026768790445,-0.07483175709258935,0.35294117647058826,0.11784591265730075,75.40058088070151,13.024279002945281,0.04766646150173936,2678,0.39179508501030696,-0.0030155774949630343,0.06939680867185942,"[1.3, 0.42, -1.22, -1.21]","['net_sharpe', 'dbl_sharpe', 'tri_sharpe', 'ret_2x', 'pos_folds', 'turnover', 'gross_edge', 'short_pnl']",2,21,1,6,0.0,4
-19.49861809579665,-10.338009345613512,0.5301918984629015,0.22882813309157576,-0.2812418922290795,-0.7888965310042588,-0.5659432440134272,-0.4142507095451593,0.1874717053358268,0.1154479962053967,-0.19648371852057647,0.29411764705882354,0.11118938411956993,75.68854476620858,10.925047212796681,0.04699186820711417,2660,0.1252773331134272,0.20208481392244315,0.0919436255934808,"[-0.33, 0.25, -0.57, -0.5]","['net_sharpe', 'dbl_sharpe', 'tri_sharpe', 'ret_2x', 'pos_folds', 'turnover', 'gross_edge']",2,21,1,6,0.0,6
14.806314464616449,13.203592673599115,0.8917541705028988,0.9840057329248587,0.5288679984500287,0.07399688253347633,-0.22767724205874734,0.5821874831588588,0.19686034932791252,0.15726068577087315,0.29773258113544965,0.5882352941176471,0.12155452613614194,73.70855142972395,23.712168661507402,0.04784269087584402,2403,0.48401924806922103,0.2079138962497311,0.07489434762571603,"[0.8, -0.23, 0.36, 1.09]","['turnover', 'gross_edge']",2,21,1,6,0.3,0
5.896535447941864,4.666815239893684,0.7914503832114834,0.8497161939037501,0.38074769815148485,-0.08722732254982525,-0.2276772420587536,0.2858216243454792,0.19686034932791296,0.1572606857708736,0.19706363630369492,0.5882352941176471,0.11809162784912182,73.75753110650938,21.094383417852598,0.048446656116269,2400,0.4059302534088246,0.2100236182106351,0.07029203169484519,"[0.21, -0.23, 0.36, 1.09]","['dbl_sharpe', 'tri_sharpe', 'turnover', 'gross_edge']",2,21,1,6,0.3,2
13.951174739076723,12.430122913827153,0.8909732080848246,0.9746540513251851,0.5123574299514163,0.050079254284256254,-0.22767724205873702,0.5554715102375581,0.1968603493279132,0.15726068577087426,0.28346120303825695,0.5882352941176471,0.11993360258565501,73.8821541756408,23.30606820410878,0.04822770042156823,2406,0.47546982760404166,0.20621487036591127,0.06694461982096897,"[0.75, -0.23, 0.36, 1.09]","['turnover', 'gross_edge']",2,21,1,6,0.3,4
18.103912779554037,16.16443786775649,0.8928698488876987,1.0181131947038573,0.5636401498298688,0.10933975381190689,-0.22767724205874604,0.6503953238641672,0.19686034932791274,0.15726068577087315,0.32011464133662054,0.6470588235294118,0.12139440786967107,73.50670781623059,24.292321421603344,0.04788144967801186,2399,0.49608574617827317,0.2108354011815262,0.07427391453956841,"[0.94, -0.23, 0.36, 1.09]","['turnover', 'gross_edge']",2,21,1,6,0.3,6
-19.8473183649543,-9.151657688065304,0.4611029822661071,0.28273555575003056,-0.16299453904382585,-0.6073425732166171,-0.49416317569480783,-0.14526623524356552,0.23494600604368265,0.18468511434668922,-0.10998698425609398,0.35294117647058826,0.11792293544749628,70.10034572179083,12.303439657540824,0.04907234060586857,2112,0.4885884269093591,-0.14714269682843842,0.09124021874409907,"[-0.09, -0.49, -0.2, 0.13]","['net_sharpe', 'dbl_sharpe', 'tri_sharpe', 'ret_2x', 'pos_folds', 'turnover', 'gross_edge', 'short_pnl']",2,21,1,6,0.45,0
-28.34851588212012,-12.57476783734026,0.4435776422874883,0.14754454770065786,-0.3098524189869018,-0.7650841259770502,-0.6860672749002859,-0.34659200393548234,0.2766392988225369,0.18468511434668933,-0.14974211676591462,0.35294117647058826,0.11500072434393122,70.20877269899765,9.949813271127677,0.0498966398394866,2109,0.4410806253636961,-0.16452576571551633,0.08702656812339857,"[-0.69, -0.49, -0.2, 0.13]","['net_sharpe', 'dbl_sharpe', 'tri_sharpe', 'ret_2x', 'pos_folds', 'turnover', 'gross_edge', 'short_pnl']",2,21,1,6,0.45,2
-23.377520924219784,-10.52666996267071,0.4502902594673662,0.19936079262937378,-0.25188715384040294,-0.701626365592191,-0.49416317569481233,-0.31841973958328545,0.2545616788771742,0.1846851143466891,-0.13986433832771875,0.35294117647058826,0.11677268670779474,70.28424293038158,10.849561958228422,0.04972800270222948,2114,0.46593711999122983,-0.1640496011198024,0.08500102137760979,"[-0.44, -0.49, -0.2, 0.13]","['net_sharpe', 'dbl_sharpe', 'tri_sharpe', 'ret_2x', 'pos_folds', 'turnover', 'gross_edge', 'short_pnl']",2,21,1,6,0.45,4
-18.149187457736325,-8.91393909379605,0.49114810867173936,0.3169793287885795,-0.1281140097978661,-0.5719230807770624,-0.49416317569480406,-0.07803703971803426,0.23494600604368254,0.18468511434668933,-0.09270609622217463,0.4117647058823529,0.11776582873117798,69.89833122745357,12.881383403208831,0.04911884245942839,2108,0.5006487662061478,-0.14419410607744132,0.09061892970404975,"[0.04, -0.49, -0.2, 0.13]","['net_sharpe', 'dbl_sharpe', 'tri_sharpe', 'ret_2x', 'pos_folds', 'turnover', 'gross_edge', 'short_pnl']",2,21,1,6,0.45,6
-37.63449998256253,-14.026425384947135,0.3727012552696622,-0.030747989597271295,-0.45986173094385197,-0.8881304187867082,-1.7497941979497185,-0.32842758129466704,0.25993620450986477,0.17307693439989424,-0.21844187697368908,0.23529411764705882,0.1132284096578861,64.76235056233826,7.137986073557684,0.05019826255708861,1853,0.2903824174619405,-0.10737306595372666,0.09889127535741221,"[0.48, -0.74, 0.08, -1.75]","['net_sharpe', 'dbl_sharpe', 'tri_sharpe', 'ret_1x', 'ret_2x', 'pos_folds', 'turnover', 'gross_edge', 'short_pnl']",2,21,1,6,0.6,0
-41.083450923433,-13.986701881512818,0.3404461301846273,-0.2337550953053287,-0.6752853936958958,-1.1148885454637436,-1.7497941979497185,-0.5248930668438571,0.2867901128254122,0.17307693439989558,-0.2689092637275899,0.23529411764705882,0.10981355665556505,64.72816178139357,3.698654362672898,0.05136023988399712,1848,0.23365526555448496,-0.13887629115640493,0.09617851466427332,"[-0.31, -0.74, 0.08, -1.75]","['net_sharpe', 'dbl_sharpe', 'tri_sharpe', 'ret_1x', 'ret_2x', 'pos_folds', 'turnover', 'gross_edge', 'short_pnl']",2,21,1,6,0.6,2
-36.85487636279295,-16.912011476013102,0.4588812430011764,0.06369832836670249,-0.37017237045653095,-0.8033319765993453,-1.749794197949716,-0.328427581294668,0.259936204509864,0.17307693439989458,-0.17935786391329137,0.29411764705882354,0.112095866373451,64.81879401604405,8.766663275609911,0.05032830331732922,1853,0.3368360490605994,-0.11187348417133161,0.09262507698850303,"[0.88, -0.74, 0.08, -1.75]","['net_sharpe', 'dbl_sharpe', 'tri_sharpe', 'ret_2x', 'pos_folds', 'turnover', 'gross_edge', 'short_pnl']",2,21,1,6,0.6,4
-37.04334605058909,-13.86548943610718,0.3743044544942419,0.004481978501764847,-0.4239511033736965,-0.8516452850848959,-1.749794197949717,-0.32842758129466654,0.25993620450986643,0.17307693439989436,-0.20331848687973628,0.29411764705882354,0.11306834108112036,64.56033324813997,7.747550745250892,0.05025456151240485,1849,0.3024428437411469,-0.10442461312003898,0.09826998537346676,"[0.63, -0.74, 0.08, -1.75]","['net_sharpe', 'dbl_sharpe', 'tri_sharpe', 'ret_1x', 'ret_2x', 'pos_folds', 'turnover', 'gross_edge', 'short_pnl']",2,21,1,6,0.6,6
-42.73459211574111,-14.291863870600768,0.3344331409995234,-0.34691230542322016,-0.7187386870442155,-1.0894319593562087,-1.90644080538964,-0.529344373621469,0.30534226578733026,0.21086002457810604,-0.2681193142135698,0.23529411764705882,0.11030513120208447,54.69084458433468,0.5718999864188276,0.03471427494841806,1794,-0.0015734696665569148,0.013956008511049223,0.0517065693799782,"[0.01, -1.91, -0.34, -0.72]","['net_sharpe', 'dbl_sharpe', 'tri_sharpe', 'ret_1x', 'ret_2x', 'pos_folds', 'turnover', 'gross_edge', 'long_pnl']",2,21,1,9,0.0,0
-42.04700722714467,-14.06383391779858,0.3344788332216725,-0.29168187110372384,-0.6117008765840958,-0.9298423121744688,-1.7786591731975914,-0.8286171513235628,0.30725786408974287,0.22593164536561916,-0.2649223473712012,0.4117647058823529,0.12552578292340386,53.769601879788155,0.5956599419363627,0.0342265749299784,1789,0.1144195038046695,-0.10173976818435923,0.05233533221079307,"[-1.14, 1.2, -0.51, -1.78]","['net_sharpe', 'dbl_sharpe', 'tri_sharpe', 'ret_1x', 'ret_2x', 'pos_folds', 'turnover', 'gross_edge', 'short_pnl']",2,21,1,9,0.0,2
19.092488130593093,17.29102239833183,0.9056453134898295,1.0599065144606916,0.7210994042552769,0.3825304726168939,-0.49045826513414786,0.543532652137764,0.13885318249710832,0.12212909353739043,0.5790176324826611,0.6470588235294118,0.11653057777539229,52.554457928289864,30.935563014711306,0.03134024374248928,1773,0.3766501119082125,0.2669892090356107,0.04432202910509965,"[0.16, 2.21, -0.49, 0.92]","['turnover', 'gross_edge']",2,21,1,9,0.0,4
29.55042751241807,27.06289813657947,0.9158208667271138,1.2495364383368868,0.9234488790351274,0.5967965990488215,-0.6865387149019463,1.188054436832715,0.12877551765896567,0.0843503565339182,0.8542848433254139,0.5294117647058824,0.12087969714853161,52.576657342414165,36.22685069809918,0.031402563699301146,1796,0.48779756593542295,0.2662496407103183,0.07873028810783311,"[1.74, -0.69, 1.23, 1.15]","['turnover', 'gross_edge']",2,21,1,9,0.0,6
-6.85858946321327,-4.935975132882499,0.7196778811965776,0.5783322273205982,0.23302497406327657,-0.11123043076440652,-0.7218346829222912,0.08222616018181714,0.1659661474149181,0.1322076774145463,0.12494928301016137,0.5294117647058824,0.11739610830101337,54.00447237630128,20.007222264461674,0.034585183556861,1671,0.21766707461357715,0.2100843915906804,0.04185453619508903,"[0.64, 1.46, -0.48, -0.72]","['net_sharpe', 'dbl_sharpe', 'tri_sharpe', 'pos_folds', 'turnover', 'gross_edge']",2,21,1,9,0.3,0
-13.875181424193102,-7.735732106790942,0.5575229519739996,0.35465304117900465,0.03861299183164955,-0.27637401916939497,-0.7218346829223009,-0.253497790863507,0.1750276377983755,0.16917859729996798,-0.018374305653732454,0.5294117647058824,0.12743638517430955,53.6910655523594,15.756910287664269,0.03410998126798698,1671,0.2287002452206564,0.1062251419198294,0.0386583691758159,"[-0.03, 1.46, -0.48, -0.72]","['net_sharpe', 'dbl_sharpe', 'tri_sharpe', 'ret_2x', 'pos_folds', 'turnover', 'gross_edge']",2,21,1,9,0.3,2
-6.309265359389266,-4.5682685247907155,0.7240571230677991,0.5872859628448885,0.25010823931916415,-0.0860382723138427,-0.7218346829222921,0.10485214776608856,0.16596614741492,0.13220767741454698,0.13857044158320533,0.5294117647058824,0.11892029405556864,53.408560651666825,20.47008004081132,0.033915514425623905,1663,0.19161266138371472,0.2412054218982006,0.036990590753127474,"[0.69, 1.46, -0.48, -0.72]","['net_sharpe', 'dbl_sharpe', 'tri_sharpe', 'pos_folds', 'turnover', 'gross_edge']",2,21,1,9,0.3,4
0.7792805282703705,0.6528773832932265,0.8377950681538285,0.7090382837547341,0.3766707279900967,0.04457128827455218,-0.721834682922316,0.3109825736029893,0.16596614741492166,0.1322076774145463,0.2350154691567643,0.5882352941176471,0.12074504330106181,53.476328633233805,23.401196346379752,0.033853803625774795,1668,0.32813558058791026,0.16728566480992793,0.04572009757596118,"[1.1, 1.46, -0.48, -0.72]","['net_sharpe', 'dbl_sharpe', 'pos_folds', 'turnover', 'gross_edge']",2,21,1,9,0.3,6
-34.691413102543066,-15.838515553538885,0.45655434982490917,0.045038511106256424,-0.2756443963308094,-0.5959821477514757,-1.4605031501495123,-0.2498476960008681,0.3106423443437256,0.23721963531747214,-0.12956726244792566,0.47058823529411764,0.12217282093556577,52.223242336281864,8.489669686973299,0.0360245384715368,1543,0.14959005076992504,0.02593116070095447,0.05199050883591569,"[0.66, -0.67, 0.17, -1.46]","['net_sharpe', 'dbl_sharpe', 'tri_sharpe', 'ret_1x', 'ret_2x', 'pos_folds', 'turnover', 'gross_edge']",2,21,1,9,0.45,0
-36.90481806436357,-13.545392550433359,0.36703588476739324,-0.12408242847285429,-0.4195152504401236,-0.7144424075934745,-1.4605031501495156,-0.327629977836443,0.31064234434372495,0.23721963531747614,-0.19951559816193273,0.4117647058823529,0.1317929494033624,51.911191830619615,4.191993412377832,0.03546818204519485,1543,0.16865436750809,-0.08250411115359306,0.04899931145092857,"[0.02, -0.67, 0.17, -1.46]","['net_sharpe', 'dbl_sharpe', 'tri_sharpe', 'ret_1x', 'ret_2x', 'pos_folds', 'turnover', 'gross_edge', 'short_pnl']",2,21,1,9,0.45,2
-34.81169861905787,-15.700927008815334,0.45102444384083484,0.006448859109501346,-0.3089208062812284,-0.6236886849620892,-1.4605031501495034,-0.24984769600086665,0.3106423443437235,0.2372196353174737,-0.14388833098626186,0.47058823529411764,0.12347110099487124,51.92583371042297,7.543601175092369,0.03566987081105286,1538,0.10606195225956937,0.049011401817865924,0.04998344050625785,"[0.51, -0.67, 0.17, -1.46]","['net_sharpe', 'dbl_sharpe', 'tri_sharpe', 'ret_1x', 'ret_2x', 'pos_folds', 'turnover', 'gross_edge']",2,21,1,9,0.45,4
-32.92305556845887,-15.789432171306556,0.4795858676748472,0.20656677440356552,-0.10393279406204194,-0.41456751459634744,-1.460503150149502,-0.2498476960008721,0.3106423443437236,0.23721963531747503,-0.0661505477633828,0.5294117647058824,0.12522416706466594,51.81538606050897,12.389645804075611,0.035268374573611025,1541,0.2716794028256223,-0.017527941096937012,0.055144036963742,"[1.18, -0.67, 0.17, -1.46]","['net_sharpe', 'dbl_sharpe', 'tri_sharpe', 'ret_2x', 'pos_folds', 'turnover', 'gross_edge', 'short_pnl']",2,21,1,9,0.45,6
2.6641086069128836,1.7325555050022738,0.6503321600728301,0.46231220330916023,0.1588231387849152,-0.14432763546577604,-0.27078089196039085,0.227045287688301,0.17181458522788917,0.15020437499078165,0.06925537708021835,0.47058823529411764,0.11838400129018328,47.889597583229076,18.974618102786955,0.03382944743831885,1379,0.45626227923099993,-0.09652187855461754,0.04532794312527667,"[0.41, 0.26, -0.27, 0.2]","['net_sharpe', 'dbl_sharpe', 'tri_sharpe', 'turnover', 'gross_edge', 'short_pnl']",2,21,1,9,0.6,0
-12.491838590708298,-6.107608468902128,0.4889279047717684,0.21047823100213625,-0.068553851183545,-0.3471405147876684,-0.3873966948901963,-0.036240639391473164,0.20834247830887698,0.19511354354217303,-0.08069191392582019,0.4117647058823529,0.12779513722020422,47.53956727260964,13.115239900721514,0.03349168378776022,1376,0.42818429095892724,-0.18134945843576983,0.038952061156466246,"[-0.39, 0.26, -0.27, 0.2]","['net_sharpe', 'dbl_sharpe', 'tri_sharpe', 'ret_2x', 'pos_folds', 'turnover', 'gross_edge', 'short_pnl']",2,21,1,9,0.6,2
4.975742216881209,3.849534501178732,0.7736603572665822,0.6104215964491546,0.3127489845003528,0.015473001955290153,-0.27078089196040794,0.22704528768830287,0.17181458522789117,0.15020437499078243,0.1794918218560882,0.5294117647058824,0.11994432630618579,47.57623898924857,22.88436957893451,0.03309927476986681,1374,0.4988312833237297,-0.06780471309983802,0.042688764505403265,"[0.97, 0.26, -0.27, 0.2]","['net_sharpe', 'dbl_sharpe', 'turnover', 'gross_edge', 'short_pnl']",2,21,1,9,0.6,4
5.990955304900344,4.874193013862086,0.8135919508321495,0.7366513924146056,0.4460370265505399,0.1551260322106778,-0.2707808919603933,0.22704528768830262,0.17181458522789128,0.15020437499078165,0.2810131306579615,0.5294117647058824,0.1224371734560794,47.46455186613795,26.49556567376496,0.03273758646417616,1377,0.6226224656439394,-0.12475062498513341,0.04856907725029294,"[1.41, 0.26, -0.27, 0.2]","['net_sharpe', 'dbl_sharpe', 'turnover', 'gross_edge', 'short_pnl']",2,21,1,9,0.6,6
11.644335783139637,10.059074810868808,0.8638599056404573,0.5420012962556763,0.2855861580452065,0.029494621485067325,0.016274078651683472,0.31445538261460637,0.1916667322815152,0.15940517278558008,0.14080190398865036,0.47058823529411764,0.11716735601283537,40.033605152883645,23.313961721251367,0.024730811081399903,1360,0.2941220471727397,0.07537907626606564,0.04904983176429001,"[0.43, 0.2, 0.02, 0.45]","['net_sharpe', 'dbl_sharpe', 'turnover', 'gross_edge']",2,21,1,12,0.0,0
-27.494313420517916,-12.280030240563146,0.4466389122995538,-0.10531161140110326,-0.36789652559204855,-0.6296612397548702,-0.7067049992588923,-0.3974889309034553,0.2477684285678583,0.17868202315229342,-0.19657796803578292,0.35294117647058826,0.1170225331121619,41.00642323258334,4.529178234567978,0.025858033276459892,1355,0.0129027751949259,0.06062412957129629,0.021639087486031876,"[-0.42, -0.71, -0.37, 0.0]","['net_sharpe', 'dbl_sharpe', 'tri_sharpe', 'ret_1x', 'ret_2x', 'pos_folds', 'turnover', 'gross_edge']",2,21,1,12,0.0,2
9.372099542656914,8.647232377183053,0.9226569071130069,0.8647467898192758,0.627599541109007,0.39046017422995377,-0.6185838810034568,0.6284297949206578,0.18755099922636964,0.16468552271676906,0.38179500264737926,0.5882352941176471,0.12198601859212782,38.54059667175316,34.779879706901944,0.023830871100572405,1328,0.524319622968585,0.006346656957313887,0.09379393483173334,"[1.77, 1.42, -0.16, -0.62]","['pos_folds', 'turnover', 'gross_edge']",2,21,1,12,0.0,4
-23.153902266747284,-13.572197207517414,0.5861732096454975,0.16438597396522028,-0.09139945525243515,-0.34616200487755766,-1.030294188216921,0.07542092913852119,0.22312710043686712,0.1818143817034953,-0.07579746265500051,0.29411764705882354,0.11449128786243477,39.07702439851162,12.447342688349577,0.02479810930097894,1340,0.03898617631771498,0.15357694412825695,0.08138519229284935,"[-1.03, -0.31, 0.68, 0.46]","['net_sharpe', 'dbl_sharpe', 'tri_sharpe', 'ret_2x', 'pos_folds', 'turnover', 'gross_edge']",2,21,1,12,0.0,6
7.900658875718539,5.888932455697351,0.7453723225281982,0.4279126866401883,0.15903772721872847,-0.10902061131777724,-0.39624542951168945,0.2273810957840025,0.1376088618433502,0.11686763700344749,0.08576927884180154,0.6470588235294118,0.11502207268358758,41.21105204319136,19.41263847426157,0.026776990485831917,1264,0.060669656984608314,0.2560487108763408,0.10920327675458695,"[0.51, -0.4, 0.2, 0.25]","['net_sharpe', 'dbl_sharpe', 'tri_sharpe', 'turnover', 'gross_edge']",2,21,1,12,0.3,0
-3.5840467616900566,-2.0811270686032297,0.5806640389987195,0.18060093042513262,-0.0860240163426255,-0.35144480397499006,-0.4412963665448969,-0.09650031279069278,0.14970267704984708,0.11686763700344738,-0.11119923004399195,0.5882352941176471,0.1163726746556978,41.40294094438021,12.493292602419215,0.027143856775686283,1264,0.0384797306329773,0.16629816954735213,0.10824680237653667,"[-0.44, -0.4, 0.2, 0.25]","['net_sharpe', 'dbl_sharpe', 'tri_sharpe', 'ret_2x', 'pos_folds', 'turnover', 'gross_edge']",2,21,1,12,0.3,2
8.421976841753377,6.4296292285399925,0.7634346839644602,0.48586310292099266,0.21938049953436436,-0.046578431182923506,-0.3962454295116686,0.22738109578400634,0.1376088618433532,0.11686763700344693,0.13790107544526828,0.6470588235294118,0.11617794377311244,41.253815529336016,21.148545399658122,0.026700773429357907,1264,0.08113312334289143,0.26426470829058935,0.11161302399026987,"[0.73, -0.4, 0.2, 0.25]","['net_sharpe', 'dbl_sharpe', 'tri_sharpe', 'turnover', 'gross_edge']",2,21,1,12,0.3,4
-10.84094405603924,-6.203869818264336,0.5722628754650112,0.12396986803076658,-0.14466183385696194,-0.4120965445084924,-0.682365266114745,-0.09650031279068906,0.1608687821421807,0.12366947666411099,-0.14355412124226746,0.5294117647058824,0.11539208135082596,41.37455106428271,10.910816876453216,0.027502173587762052,1265,0.0025715718680021926,0.17614529573784582,0.1071222692851564,"[-0.68, -0.4, 0.2, 0.25]","['net_sharpe', 'dbl_sharpe', 'tri_sharpe', 'ret_2x', 'pos_folds', 'turnover', 'gross_edge']",2,21,1,12,0.3,6
-9.079938356238745,-6.766603321039844,0.7452256893782292,0.36706617691915694,0.1275048730444053,-0.11162593314565541,-1.0959759018988329,0.2971670370721524,0.17359514951481336,0.1452833838234283,0.04718790078197342,0.47058823529411764,0.1183764598921595,37.79470294822655,19.435184504331392,0.026217081184138416,1180,0.231388510723019,0.05941161290659355,0.0720606748841692,"[0.17, -1.1, 0.89, 0.42]","['net_sharpe', 'dbl_sharpe', 'tri_sharpe', 'turnover', 'gross_edge']",2,21,1,12,0.45,0
-25.938330198428822,-13.220568154411216,0.5096923376822473,0.13832937329841846,-0.09994914650521197,-0.33747532208807474,-1.0959759018988116,-0.09573856089186586,0.23277195342729717,0.18884779123049578,-0.08109775606660667,0.4117647058823529,0.11951691650849293,37.98741082904656,12.236737589655506,0.026579277209854014,1180,0.21108204822800536,-0.027055566516548002,0.0711651344633363,"[-0.62, -1.1, 0.89, 0.42]","['net_sharpe', 'dbl_sharpe', 'tri_sharpe', 'ret_2x', 'pos_folds', 'turnover', 'gross_edge', 'short_pnl']",2,21,1,12,0.45,2
-9.111969205778102,-6.823804861796801,0.7488836614449569,0.3798837907523226,0.1409513255191208,-0.09770182982406667,-1.095975901898817,0.32035604772466,0.1790463926507152,0.14528338382343076,0.05483069590002827,0.47058823529411764,0.11915531741181047,37.94696065403353,19.86434541868543,0.026312223614651527,1182,0.24275161920106367,0.055667220979847595,0.06839573293081544,"[0.22, -1.1, 0.89, 0.42]","['net_sharpe', 'dbl_sharpe', 'tri_sharpe', 'turnover', 'gross_edge']",2,21,1,12,0.45,4
-23.274906711914706,-13.75505227980152,0.5909820584913512,0.16881664668870172,-0.07319794912317427,-0.31446029881827975,-1.0959759018988167,-0.05779915870736496,0.21206023465423907,0.16518593659600334,-0.07284196044764595,0.4117647058823529,0.11802239338757911,38.09737730626861,13.158975104430684,0.027030051975555254,1181,0.16465951974955942,0.033809226853861216,0.06859219799495021,"[-0.54, -1.1, 0.89, 0.42]","['net_sharpe', 'dbl_sharpe', 'tri_sharpe', 'ret_2x', 'pos_folds', 'turnover', 'gross_edge']",2,21,1,12,0.45,6
-24.89074661226669,-8.786415477372888,0.3529992737559248,-0.08670930493142862,-0.32567871059310605,-0.5638943747589713,-0.5258889373282419,-0.2715540714702602,0.2851879717183522,0.21789878254991535,-0.15835012830907583,0.4117647058823529,0.11974558240592795,38.19998063514705,4.679591369316173,0.028167017088416756,1080,0.28362208339511225,-0.2128525948883826,0.07915455447880268,"[-0.53, -0.32, -0.22, -0.22]","['net_sharpe', 'dbl_sharpe', 'tri_sharpe', 'ret_1x', 'ret_2x', 'pos_folds', 'turnover', 'gross_edge', 'short_pnl']",2,21,1,12,0.6,0
-39.49355322530915,-13.555750834506616,0.34323958538679966,-0.3881931010063811,-0.6253150044278885,-0.8613673844077379,-1.624100796151102,-0.2715540714702551,0.33954381974588543,0.27078265298884463,-0.2353224128111454,0.35294117647058826,0.12121813128614856,38.447134749290115,-4.907780601348961,0.028799510120319664,1081,0.2797711895256842,-0.35447179158993697,0.07449411546544714,"[-1.62, -0.32, -0.22, -0.22]","['net_sharpe', 'dbl_sharpe', 'tri_sharpe', 'ret_1x', 'ret_2x', 'pos_folds', 'turnover', 'gross_edge', 'short_pnl']",2,21,1,12,0.6,2
-25.19795121123238,-8.873449529152536,0.3521496432296074,-0.09364455001989348,-0.33129356836563784,-0.5683451359031776,-0.5417112554174346,-0.2715540714702625,0.2849355251253183,0.21760900622440826,-0.16238088717296903,0.4117647058823529,0.1208629467650669,38.32477953219557,4.437461730908756,0.028287647709171106,1081,0.29082850261862453,-0.22350150181290696,0.07509180172594648,"[-0.54, -0.32, -0.22, -0.22]","['net_sharpe', 'dbl_sharpe', 'tri_sharpe', 'ret_1x', 'ret_2x', 'pos_folds', 'turnover', 'gross_edge', 'short_pnl']",2,21,1,12,0.6,4
-37.87001676636697,-13.006805148302698,0.3434591864203839,-0.3457217474843557,-0.5846286566605233,-0.8224771101933649,-1.4993308645884929,-0.2715540714702722,0.31568518741589036,0.2432528561845615,-0.2363714205373166,0.35294117647058826,0.12010999029920803,38.37576441337523,-3.4350635167887464,0.02892881912495958,1081,0.20482933018312413,-0.2570168663593729,0.0784961262668662,"[-1.5, -0.32, -0.22, -0.22]","['net_sharpe', 'dbl_sharpe', 'tri_sharpe', 'ret_1x', 'ret_2x', 'pos_folds', 'turnover', 'gross_edge', 'short_pnl']",2,21,1,12,0.6,6
-24.690959364988185,-12.951852849378797,0.5245585097736033,0.08545478925656119,-0.09238137309710209,-0.27008394000883634,-1.0363090396647703,-0.16681464785246974,0.21615546916690276,0.19149453626568447,-0.09263257492941428,0.4117647058823529,0.1292499583704027,30.636197069739357,10.848934264361956,0.019553935129367303,1059,0.24931029680562317,-0.11772816602949138,0.10710018814411898,"[0.76, 0.12, -0.45, -1.04]","['net_sharpe', 'dbl_sharpe', 'tri_sharpe', 'ret_2x', 'pos_folds', 'turnover', 'gross_edge', 'short_pnl']",2,21,1,15,0.0,0
-9.226929490946533,-4.508957492537936,0.4886736694977595,0.09434287170626103,-0.10889969396816812,-0.31148285750333776,-0.2442092162385977,-0.14500945222309486,0.20747928543999272,0.1853023836563238,-0.10362495032438951,0.47058823529411764,0.12606032614991078,34.202535342206936,10.78388776771963,0.02135684173132062,1072,0.2594336436290837,-0.11341488825507423,0.03439965862667608,"[-0.16, -0.13, 0.14, -0.24]","['net_sharpe', 'dbl_sharpe', 'tri_sharpe', 'ret_2x', 'pos_folds', 'turnover', 'gross_edge', 'short_pnl']",2,21,1,15,0.0,2
33.45189587423495,32.55953166510454,0.9733239571088788,0.9237316682625663,0.7082030723460933,0.4932105454032022,-0.20683755126969572,0.8615258084509041,0.15299052533272894,0.13358393743949626,0.5189580701920476,0.7058823529411765,0.11738066688153152,33.544330902013996,39.79938713983937,0.020407388113557374,1073,0.2805742219341088,0.2479568214135106,0.02428683944270378,"[1.09, 0.73, -0.21, 0.99]","['turnover', 'gross_edge']",2,21,1,15,0.0,4
13.63428732157405,12.17384157657258,0.8928843356050924,0.5549016719395773,0.329387709421484,0.10412342809505906,-0.15011914813548968,0.34031386269466013,0.16679395117220897,0.1485937188832167,0.19196659755658593,0.5882352941176471,0.11595984795738869,34.83873780474697,25.945734651545557,0.021162427463048184,1096,0.21404851126403907,0.14380342146140762,0.009533586549360401,"[-0.15, 0.86, 0.27, 0.41]","['net_sharpe', 'dbl_sharpe', 'turnover', 'gross_edge']",2,21,1,15,0.0,6
-18.016362255074448,-7.380293057204849,0.40964390883770846,0.014288283695960366,-0.18440084507481427,-0.3825538141034889,-0.8439901130581859,-0.4368112113402744,0.18334903863035779,0.1716687591558742,-0.1519001705731637,0.5882352941176471,0.11626258369504257,30.8219991371588,8.282283696931144,0.020089214674341768,1045,0.23331787261343015,-0.13225633790440383,0.058076799324876936,"[-0.44, 1.22, -0.44, -0.84]","['net_sharpe', 'dbl_sharpe', 'tri_sharpe', 'ret_1x', 'ret_2x', 'pos_folds', 'turnover', 'gross_edge', 'short_pnl']",2,21,1,15,0.3,0
-16.04920417488199,-8.046805612341648,0.5013834657880049,0.09792070646332664,-0.08660395165814504,-0.27064144565841897,-0.84399011305818,-0.2528852905305833,0.18334903863035557,0.1716687591558752,-0.100824653697007,0.5882352941176471,0.12471234519057392,30.699668935508964,11.609503850077186,0.01976361197942227,1042,0.22002086492261602,-0.07892238514298018,0.05383207012875969,"[-0.07, 1.22, -0.44, -0.84]","['net_sharpe', 'dbl_sharpe', 'tri_sharpe', 'ret_2x', 'pos_folds', 'turnover', 'gross_edge', 'short_pnl']",2,21,1,15,0.3,2
-11.303406454213528,-6.260113515135685,0.55382539241541,0.2305581183310506,0.03225871700491003,-0.16572392368152247,-0.8439901130581873,-0.021657708072021553,0.18334903863035767,0.17166875915587354,-0.016530640358992682,0.6470588235294118,0.11638776855131786,30.76548466242717,16.43870957228465,0.019922665387230237,1043,0.23640489420030114,-0.03618535087771624,0.05045994855035886,"[0.39, 1.22, -0.44, -0.84]","['net_sharpe', 'dbl_sharpe', 'tri_sharpe', 'ret_2x', 'pos_folds', 'turnover', 'gross_edge', 'short_pnl']",2,21,1,15,0.3,4
-13.346073457656532,-7.304839564096804,0.5473399788539361,0.20505516021559486,0.011315881123992408,-0.18222979895642705,-0.8439901130581826,-0.06900488260312923,0.18334903863035723,0.17166875915587487,-0.030715315081642942,0.5882352941176471,0.11811837539367655,30.510384410965578,15.608708894225952,0.019850000575127702,1044,0.28865021243554867,-0.10011622919887911,0.055836837138086765,"[0.3, 1.22, -0.44, -0.84]","['net_sharpe', 'dbl_sharpe', 'tri_sharpe', 'ret_2x', 'pos_folds', 'turnover', 'gross_edge', 'short_pnl']",2,21,1,15,0.3,6
-15.280670279521953,-8.931700861160046,0.5845097562984305,0.19868292921318761,-0.001755561643315158,-0.20198246390784805,-0.5255638273761255,-0.09406447713358887,0.2126199371428622,0.18627498237763152,-0.03858036931967314,0.47058823529411764,0.12700738082151236,33.92183621757319,14.952531429308213,0.02232602931272419,979,0.07821086128391266,0.12259161284063312,0.0433869082507673,"[-0.09, 0.92, -0.09, -0.53]","['net_sharpe', 'dbl_sharpe', 'tri_sharpe', 'ret_2x', 'pos_folds', 'turnover', 'gross_edge']",2,21,1,15,0.45,0
-5.806515349346666,-4.86708565696928,0.8382111066867173,0.4161853624884709,0.2288250599158413,0.04164447305731665,-0.5255638273761247,0.27106613762352993,0.21261993714285865,0.18627498237763407,0.10373362389281883,0.5294117647058824,0.1351052428365247,33.727205926470894,24.051365375088857,0.02190456966194604,978,0.135495277269155,0.1856452254219705,0.03261983137773759,"[0.64, 0.92, -0.09, -0.53]","['net_sharpe', 'dbl_sharpe', 'pos_folds', 'turnover', 'gross_edge']",2,21,1,15,0.45,2
-4.958770775692649,-4.1602356158177,0.8389650992158619,0.43003756080944705,0.23067085961356862,0.03134282891029767,-0.5255638273761192,0.3037813051789977,0.2126199371428602,0.18627498237763274,0.10126763444364718,0.5294117647058824,0.12708602011307155,33.762790752841525,23.660103320570144,0.02222160772292751,979,0.11715793378155238,0.19909164565306817,0.028414817918392957,"[0.7, 0.92, -0.09, -0.53]","['net_sharpe', 'dbl_sharpe', 'pos_folds', 'turnover', 'gross_edge']",2,21,1,15,0.45,4
-2.963963698095283,-2.5263428235499177,0.8523528223957022,0.4691630393912824,0.27188301818275856,0.07443287096528081,-0.5255638273761286,0.3688438557044521,0.2126199371428621,0.18627498237763118,0.12724820746887763,0.5294117647058824,0.1281501011003049,33.70930763050294,25.282899763718383,0.022112345098575903,978,0.1704854574843001,0.16691968535503687,0.03937297149761945,"[0.83, 0.92, -0.09, -0.53]","['net_sharpe', 'dbl_sharpe', 'pos_folds', 'turnover', 'gross_edge']",2,21,1,15,0.45,6
-33.45932781766184,-13.919071788662823,0.41599974346512436,-0.2735886232708838,-0.44020338687439337,-0.606567863510396,-1.1705509424246057,-0.3731204405083931,0.2864964273587801,0.23734838223991017,-0.24516441074931883,0.47058823529411764,0.14166384367381546,31.46675004050125,-5.557367942822819,0.022514067227608417,898,0.1580048435669552,-0.22723511342261427,0.054700965994852954,"[-0.92, 0.3, -1.17, 0.17]","['net_sharpe', 'dbl_sharpe', 'tri_sharpe', 'ret_1x', 'ret_2x', 'pos_folds', 'turnover', 'gross_edge', 'short_pnl']",2,21,1,15,0.6,0
-31.85056443407992,-13.256376969277266,0.41620540184503035,-0.17992833619111928,-0.3365634215274793,-0.49291472562162936,-1.1705509424246046,-0.21809003776380054,0.2873181675307537,0.23815284307982676,-0.21036091604214638,0.47058823529411764,0.15022062495553168,31.399911067031812,-2.020321274259519,0.022216392098505417,900,0.1954584230778737,-0.22057288268040792,0.04875395683857443,"[-0.61, 0.3, -1.17, 0.17]","['net_sharpe', 'dbl_sharpe', 'tri_sharpe', 'ret_1x', 'ret_2x', 'pos_folds', 'turnover', 'gross_edge', 'short_pnl']",2,21,1,15,0.6,2
-31.233378421420966,-13.025902652239385,0.41705071018848716,-0.13675347177040348,-0.30218170841034525,-0.46741282874110424,-1.1705509424246079,-0.17483103066856442,0.28855151247683675,0.2393768089620958,-0.18108308618302432,0.47058823529411764,0.14254219238596913,31.43729335275266,0.4993719957508905,0.02251026642417147,901,0.2059783191298554,-0.1997632736043448,0.04454063461744588,"[-0.52, 0.3, -1.17, 0.17]","['net_sharpe', 'dbl_sharpe', 'tri_sharpe', 'ret_1x', 'ret_2x', 'pos_folds', 'turnover', 'gross_edge', 'short_pnl']",2,21,1,15,0.6,4
-29.054529899318563,-12.148351060671406,0.4181224443406441,-0.1293043643800192,-0.29251631968850705,-0.455592079239627,-1.170550942424601,-0.16057717320101408,0.2731523140346842,0.22595072971825114,-0.18802768005778667,0.5294117647058824,0.1436205528376195,31.238299038154654,0.7382828515157389,0.022187192846974697,895,0.25464271002826677,-0.24551240805330407,0.05083390902081497,"[-0.5, 0.3, -1.17, 0.17]","['net_sharpe', 'dbl_sharpe', 'tri_sharpe', 'ret_1x', 'ret_2x', 'pos_folds', 'turnover', 'gross_edge', 'short_pnl']",2,21,1,15,0.6,6
-28.434126079903393,-15.941746482303468,0.560655405321943,0.5006528859027715,-0.15925481267549363,-0.8155148897517306,-1.4369826147409226,-0.1942738740803398,0.2411908803236925,0.1876652238780464,-0.11061319390029442,0.5294117647058824,0.12231683176007477,107.65199721716347,13.17483313893847,0.05954145818597105,5008,0.32913324186144477,0.23235698008153235,0.08944426615582307,"[-0.18, 1.39, -0.21, -1.44]","['net_sharpe', 'dbl_sharpe', 'tri_sharpe', 'ret_2x', 'pos_folds', 'turnover', 'gross_edge']",2,21,2,6,0.0,0
-33.72849759077677,-17.901971320484396,0.5307669359509147,0.24992332651217222,-0.45895467979043875,-1.1599138533973177,-1.0455207713496097,-0.546448052985124,0.29644619881884926,0.2132261192918553,-0.1952489439889238,0.47058823529411764,0.11490769164868272,108.85030308121833,10.169307035533745,0.06157484687258301,5031,0.14921287286914514,0.2890109520634059,0.06143350285772027,"[-0.74, 0.5, -0.35, -1.05]","['net_sharpe', 'dbl_sharpe', 'tri_sharpe', 'ret_2x', 'pos_folds', 'turnover', 'gross_edge']",2,21,2,6,0.0,2
-42.02162548067126,-17.8177648615801,0.42401417502937283,-0.0299183955752228,-0.6670238757073473,-1.30051099465141,-1.2661682510890233,-0.995419198797445,0.330982588118536,0.2000620887914898,-0.2660811534010423,0.29411764705882354,0.12603187922123352,107.1490567414686,7.154037681940516,0.06227646778431658,5068,0.27578177398019116,0.027687382963936552,0.07863465336089911,"[0.13, -0.91, -1.08, -1.27]","['net_sharpe', 'dbl_sharpe', 'tri_sharpe', 'ret_1x', 'ret_2x', 'pos_folds', 'turnover', 'gross_edge']",2,21,2,6,0.0,4
-27.997660987778183,-15.759196781234351,0.5628754769233656,0.5193296744601121,-0.13847959183866954,-0.7927280480604584,-1.436982614740926,-0.1622445102072061,0.24119088032369218,0.1876652238780454,-0.1002650755210318,0.5294117647058824,0.12226313699142616,107.25027655227231,13.395430943811212,0.05966270572541755,5000,0.33846745759135777,0.2302939144255169,0.08884569265648277,"[-0.11, 1.39, -0.21, -1.44]","['net_sharpe', 'dbl_sharpe', 'tri_sharpe', 'ret_2x', 'pos_folds', 'turnover', 'gross_edge']",2,21,2,6,0.0,6
-8.291703970557338,-6.201882176867503,0.7479623246186194,0.7789252421201024,0.16246530994040015,-0.4526807190662225,-1.2160234087446804,0.48152429220042997,0.21836503470698798,0.165214714901729,0.057430715864704954,0.5882352941176471,0.12372966886134593,101.64047656412518,16.996921900444995,0.06009122036315028,4585,0.6608262666541814,0.023104205897057972,0.08030337677442352,"[0.71, -1.22, 0.32, 0.64]","['net_sharpe', 'dbl_sharpe', 'tri_sharpe', 'turnover', 'gross_edge']",2,21,2,6,0.3,0
-27.41360400983862,-15.857729680187829,0.5784620538947218,0.4306176283324862,-0.20161596691166056,-0.8296795323886684,-1.2160234087446746,-0.09526739343519758,0.2849073648271869,0.1905129589383069,-0.10961047304489553,0.5882352941176471,0.12076225960633803,101.82659365754753,12.60271994196438,0.06209340231660866,4579,0.46861951909399624,0.03942349499568899,0.07522531653177862,"[-0.51, -1.22, 0.32, 0.64]","['net_sharpe', 'dbl_sharpe', 'tri_sharpe', 'ret_2x', 'pos_folds', 'turnover', 'gross_edge']",2,21,2,6,0.3,2
-13.755799399282013,-7.68515690786001,0.5586848633646939,0.6325014184632057,0.04219738386581382,-0.5474036977718618,-1.216023408744659,0.3030870227024809,0.21836503470698787,0.16521471490173156,-0.01326234045629436,0.5882352941176471,0.1291546615100611,101.58863178710271,15.515267317215448,0.06037470265254071,4579,0.6742148081070356,-0.050222327277058956,0.08195749441150299,"[0.28, -1.22, 0.32, 0.64]","['net_sharpe', 'dbl_sharpe', 'tri_sharpe', 'ret_2x', 'turnover', 'gross_edge', 'short_pnl']",2,21,2,6,0.3,4
-6.917156329728673,-5.21172561179019,0.7534491579135122,0.7976333290653197,0.18330679578370643,-0.42978266995905295,-1.2160234087446737,0.4815242922004279,0.21836503470698843,0.16521471490173034,0.06939528386914517,0.6470588235294118,0.12367484674268608,101.23677725608954,17.247351999063874,0.06022594942855167,4577,0.6700622227161362,0.021188695253079353,0.07966538339772923,"[0.78, -1.22, 0.32, 0.64]","['net_sharpe', 'dbl_sharpe', 'tri_sharpe', 'turnover', 'gross_edge']",2,21,2,6,0.3,6
-25.863267570028622,-13.42814826366148,0.519197670105016,0.5734357656032979,-0.02696173456391147,-0.6253796433428106,-0.9647297396706798,-0.00045037256186741814,0.28773859954521674,0.24990109781726189,-0.039942713804892956,0.47058823529411764,0.12737387696342495,101.93767711692374,14.644333507776784,0.06336807611657054,4103,0.8373820035346198,-0.24639310015832136,0.09685692381639296,"[0.55, -0.96, 0.85, -0.55]","['net_sharpe', 'dbl_sharpe', 'tri_sharpe', 'ret_2x', 'pos_folds', 'turnover', 'gross_edge', 'short_pnl']",2,21,2,6,0.45,0
-32.50609926301014,-15.070777681906442,0.46362922724031735,0.3261943497864416,-0.28851802553077444,-0.8994237507061295,-0.9647297396706803,-0.44484102098051925,0.31192203962121723,0.24990109781726155,-0.13699514623169437,0.47058823529411764,0.12424333878641294,101.88984611166998,11.444147342309607,0.06492719627048023,4098,0.6821031391604067,-0.22047812964163715,0.0904320155150843,"[-0.34, -0.96, 0.85, -0.55]","['net_sharpe', 'dbl_sharpe', 'tri_sharpe', 'ret_2x', 'pos_folds', 'turnover', 'gross_edge', 'short_pnl']",2,21,2,6,0.45,2
-30.299122478361102,-14.249868808084237,0.4703063205299476,0.37780112159423224,-0.20318036464795503,-0.7820913181713135,-0.9647297396706885,-0.30846415727832943,0.2913522957583289,0.24990109781726422,-0.11946899704122883,0.47058823529411764,0.13150739157423913,101.85829796564299,12.335897262527808,0.06373863952781217,4098,0.8209470553790312,-0.32350540986862886,0.09907556953325845,"[-0.06, -0.96, 0.85, -0.55]","['net_sharpe', 'dbl_sharpe', 'tri_sharpe', 'ret_2x', 'pos_folds', 'turnover', 'gross_edge', 'short_pnl']",2,21,2,6,0.45,4
-24.028193986595554,-12.528492476233053,0.5214079960908522,0.5915946606957645,-0.006723699098871965,-0.6031376320503675,-0.964729739670679,0.03438214429469433,0.28773859954521797,0.24990109781726355,-0.031040365392592865,0.5294117647058824,0.12732128886781088,101.53383163121207,14.885758265788276,0.06353115955441081,4095,0.8466020634815224,-0.24825010015225557,0.09621746387511274,"[0.62, -0.96, 0.85, -0.55]","['net_sharpe', 'dbl_sharpe', 'tri_sharpe', 'ret_2x', 'pos_folds', 'turnover', 'gross_edge', 'short_pnl']",2,21,2,6,0.45,6
-28.681536564967416,-14.531499547265863,0.506649966759979,0.47069241551730745,-0.1472651309602017,-0.7646114488619139,-0.9948632773693146,-0.13922152979042784,0.2626899907150617,0.1748979562041657,-0.09498245280725486,0.35294117647058826,0.12159462295318875,100.11231132154599,13.256695272657016,0.06601580775963206,3614,0.5532930168848946,-0.027883730826278874,0.1005959535277269,"[0.52, -0.99, 0.24, -0.52]","['net_sharpe', 'dbl_sharpe', 'tri_sharpe', 'ret_2x', 'pos_folds', 'turnover', 'gross_edge', 'short_pnl']",2,21,2,6,0.6,0
-33.7975905534821,-15.322006554998472,0.4533461203618219,0.24049957303689884,-0.38837824174933644,-1.0142669167871141,-0.9948632773693239,-0.4083878238312948,0.2962686020911641,0.17489795620416437,-0.175315014415753,0.35294117647058826,0.11896966618938455,99.7508013311449,10.381670602969121,0.06779121075579035,3604,0.41809517828485093,-0.008119001626187422,0.09540168563326117,"[-0.3, -0.99, 0.24, -0.52]","['net_sharpe', 'dbl_sharpe', 'tri_sharpe', 'ret_2x', 'pos_folds', 'turnover', 'gross_edge', 'short_pnl']",2,21,2,6,0.6,2
-28.892433371989448,-14.417318710121851,0.49899980816773676,0.4034739941874285,-0.18721835986707636,-0.7774892909258142,-0.994863277369329,-0.13922152979043056,0.26268999071506494,0.17489795620416593,-0.11918945801488702,0.35294117647058826,0.1269626301003836,99.90888587730805,12.639533871185023,0.06579670091582206,3607,0.6324836832121317,-0.13255258060156483,0.1034051696264734,"[0.32, -0.99, 0.24, -0.52]","['net_sharpe', 'dbl_sharpe', 'tri_sharpe', 'ret_2x', 'pos_folds', 'turnover', 'gross_edge', 'short_pnl']",2,21,2,6,0.6,4
-27.866118550959193,-14.182199840981184,0.5089406267703189,0.4897037467358596,-0.12606205054450084,-0.7412998241389276,-0.9948632773693361,-0.13922152979043714,0.2626899907150654,0.1748979562041666,-0.08535055183145673,0.4117647058823529,0.12154032096033304,99.70796466251497,13.497271917106218,0.06620708107838678,3606,0.5625238785886385,-0.02974029943728003,0.09995787704659495,"[0.6, -0.99, 0.24, -0.52]","['net_sharpe', 'dbl_sharpe', 'tri_sharpe', 'ret_2x', 'pos_folds', 'turnover', 'gross_edge', 'short_pnl']",2,21,2,6,0.6,6
-34.80523586974429,-18.232275711973006,0.5238371542777583,0.17809471168712002,-0.3313720182457639,-0.8390562518813804,-1.3815524672223516,-0.5187773965639328,0.24864881338958567,0.15073587626427365,-0.17965061497245916,0.35294117647058826,0.11713707775785874,79.54744088684188,10.157251306744996,0.04448354341542013,3394,0.12133305644212633,0.1985398032044099,0.05359360915041948,"[0.68, -1.38, -0.27, -0.77]","['net_sharpe', 'dbl_sharpe', 'tri_sharpe', 'ret_2x', 'pos_folds', 'turnover', 'gross_edge']",2,21,2,9,0.0,0
-39.33831221528719,-15.417832263061324,0.39192917527025545,-0.2192450770379696,-0.6712930402281692,-1.1196574686139813,-1.0686072486538922,-0.8128932318070743,0.3633138447225055,0.21745944350303303,-0.25230552530319994,0.4117647058823529,0.13012752652407578,78.67335000860861,3.803171140532821,0.04496768753973894,3349,0.05637616225005017,0.062077500664242474,0.06148771152052078,"[-0.67, -0.1, -0.96, -1.07]","['net_sharpe', 'dbl_sharpe', 'tri_sharpe', 'ret_1x', 'ret_2x', 'pos_folds', 'turnover', 'gross_edge']",2,21,2,9,0.0,2
14.115183053614142,11.339890092515711,0.803382432196809,0.8881898568385375,0.4421800293323181,-0.0011946401515730933,0.03822192316653684,0.3368515561119005,0.19113863495838213,0.1567015974458288,0.25527867052364894,0.47058823529411764,0.12511853293550987,74.1810895185004,22.384462395755264,0.04087493610934868,3374,0.29762757157209263,0.35974996369376305,0.0733747178426344,"[0.51, 1.1, 0.04, 0.16]","['dbl_sharpe', 'tri_sharpe', 'turnover', 'gross_edge']",2,21,2,9,0.0,4
47.2765872869087,42.611646175047824,0.9013266104943104,1.2425347421566768,0.804522647530273,0.36604635153831155,-0.15704752622527174,0.9399163525275531,0.09635446643481527,0.08858859021702281,1.0388486256397669,0.5882352941176471,0.12881542655765682,75.20549540774985,28.689837457041385,0.040894528376822226,3409,0.6123365895730017,0.24184979934071582,0.08379468789358464,"[1.26, -0.16, 0.85, 1.03]","['turnover', 'gross_edge']",2,21,2,9,0.0,6
-46.1775772192304,-14.28017647220878,0.30924481820284583,-0.40364263165497244,-0.8612709783512466,-1.3162442671327388,-2.0181854289348613,-0.5834162920179111,0.39661008348501325,0.2682332492585362,-0.27277097577430387,0.29411764705882354,0.12384911693280798,75.64163350456855,0.8073054654798297,0.04714095616723627,3204,0.20624467186466822,-0.1820692659767073,0.06218538547160586,"[-0.33, -0.83, -0.23, -2.02]","['net_sharpe', 'dbl_sharpe', 'tri_sharpe', 'ret_1x', 'ret_2x', 'pos_folds', 'turnover', 'gross_edge', 'short_pnl']",2,21,2,9,0.3,0
-49.68263617753812,-15.286964977704038,0.3076923076923077,-0.647336473578666,-1.0726071677731357,-1.4948560504024744,-2.018185428934849,-0.9598782133918574,0.469628053596844,0.3402797879462799,-0.29817917538578526,0.29411764705882354,0.13217824612852952,75.13493791449348,-4.023921503474648,0.047037951772574846,3196,0.13180104817016589,-0.2514934039033288,0.06181924767709634,"[-1.08, -0.83, -0.23, -2.02]","['net_sharpe', 'dbl_sharpe', 'tri_sharpe', 'ret_1x', 'ret_2x', 'pos_folds', 'turnover', 'gross_edge', 'short_pnl']",2,21,2,9,0.3,2
-47.44551456529218,-14.598619866243748,0.3076923076923077,-0.46022055858643696,-0.8909206905816341,-1.3182744217289872,-2.018185428934851,-0.6704335359413748,0.4315537642273156,0.29692429105567153,-0.2702301757601167,0.29411764705882354,0.129416583497434,74.57711005787307,-0.6683396272963511,0.046814678933407614,3185,0.16311764393960393,-0.18284994553539202,0.06370296657544594,"[-0.51, -0.83, -0.23, -2.02]","['net_sharpe', 'dbl_sharpe', 'tri_sharpe', 'ret_1x', 'ret_2x', 'pos_folds', 'turnover', 'gross_edge', 'short_pnl']",2,21,2,9,0.3,4
-46.253915761382096,-14.279093774642773,0.308711025641737,-0.3895351111034362,-0.8179594353534719,-1.2447648450325555,-2.0181854289348555,-0.5672986161613764,0.40442727747697094,0.2612354153297918,-0.2703800381576086,0.29411764705882354,0.13101076527347846,74.79225969146974,0.5297333337032281,0.046464480719822315,3195,0.24536727476042122,-0.22968211526070773,0.06751726648592757,"[-0.3, -0.83, -0.23, -2.02]","['net_sharpe', 'dbl_sharpe', 'tri_sharpe', 'ret_1x', 'ret_2x', 'pos_folds', 'turnover', 'gross_edge', 'short_pnl']",2,21,2,9,0.3,6
-33.28503384517232,-15.901165430539713,0.4777271822677154,0.21410192201305528,-0.23094477675596758,-0.6744336102351317,-1.1974175122064985,-0.33796280613604146,0.2707942627135327,0.20523185540075994,-0.13457016615003792,0.35294117647058826,0.1261612895855639,74.88909193696324,11.04637201189258,0.04640954849678187,2989,0.36484683258196876,-0.03734539382895152,0.05915239420505192,"[0.51, -1.19, 1.02, -1.2]","['net_sharpe', 'dbl_sharpe', 'tri_sharpe', 'ret_2x', 'pos_folds', 'turnover', 'gross_edge', 'short_pnl']",2,21,2,9,0.45,0
-40.4944903466855,-13.932731191069307,0.34406486096718364,-0.09885808931863162,-0.5106471598600829,-0.9202449597609805,-1.1974175122064985,-0.838461082141992,0.32861956039886075,0.20523185540075928,-0.22949639905984373,0.29411764705882354,0.13527926111841984,74.36359623481736,5.580394369602176,0.04632712997759157,2981,0.2948826395940457,-0.13059675193844344,0.058891055969344804,"[-0.49, -1.19, 1.02, -1.2]","['net_sharpe', 'dbl_sharpe', 'tri_sharpe', 'ret_1x', 'ret_2x', 'pos_folds', 'turnover', 'gross_edge', 'short_pnl']",2,21,2,9,0.45,2
-34.148401709232765,-16.09918345451762,0.47144764172564047,0.16446947296088912,-0.2570059038093214,-0.6758367743306164,-1.197417512206493,-0.4267310743202175,0.2707942627135347,0.2052318554007616,-0.15450316027204095,0.35294117647058826,0.131977005842895,74.27474844197833,10.262633382621937,0.04613325379891617,2977,0.34388064633714965,-0.042111393991072166,0.05910224808039394,"[0.34, -1.19, 1.02, -1.2]","['net_sharpe', 'dbl_sharpe', 'tri_sharpe', 'ret_2x', 'pos_folds', 'turnover', 'gross_edge', 'short_pnl']",2,21,2,9,0.45,4
-33.015494739690276,-15.861786555521519,0.48043461655151076,0.23192572807447814,-0.1850736778940519,-0.6008989105400312,-1.1974175122064952,-0.31899221079923556,0.2707942627135347,0.2052318554007605,-0.12181087532355686,0.35294117647058826,0.1332246204391327,74.08825932710842,11.563047536395029,0.04539636609384405,2982,0.439030611901192,-0.09987681376822505,0.06305599501206113,"[0.55, -1.19, 1.02, -1.2]","['net_sharpe', 'dbl_sharpe', 'tri_sharpe', 'ret_2x', 'pos_folds', 'turnover', 'gross_edge', 'short_pnl']",2,21,2,9,0.45,6
-9.303060847978818,-5.6899956653809705,0.6116261903862725,0.5449927544005727,0.09365133277256726,-0.35657199135408785,-0.7008037862932314,0.21100690376730896,0.18270345915795083,0.13798789487818297,0.02247775156182014,0.4117647058823529,0.11818392870247786,71.07949204645419,16.63720799236106,0.04576081480708338,2709,0.5840715068247657,-0.11590564281706858,0.05861394332597422,"[0.59, -0.7, 0.63, -0.16]","['net_sharpe', 'dbl_sharpe', 'tri_sharpe', 'pos_folds', 'turnover', 'gross_edge', 'short_pnl']",2,21,2,9,0.6,0
-25.379024532678788,-11.480116847080584,0.45234665470686014,0.21114602807109178,-0.20423879123457078,-0.6178883528501149,-0.7008037862932285,-0.2866644751730494,0.2494056028916558,0.22612497683648514,-0.13471954134084457,0.4117647058823529,0.1272254530125498,70.44863963868248,11.329625710679348,0.04571079821123281,2697,0.5058410305445551,-0.18985843907663782,0.05977797277935421,"[-0.41, -0.7, 0.63, -0.16]","['net_sharpe', 'dbl_sharpe', 'tri_sharpe', 'ret_2x', 'pos_folds', 'turnover', 'gross_edge', 'short_pnl']",2,21,2,9,0.6,2
-7.000162184024677,-4.494546315454875,0.6420631690094326,0.6364695161232473,0.2089301768974406,-0.21655717004212605,-0.7008037862932307,0.2342662142781447,0.1827034591579504,0.13798789487818441,0.10082046577773458,0.47058823529411764,0.12391070573832773,70.55401486767964,18.668291260280725,0.04499964734257964,2697,0.6336572251098064,-0.11222089928904794,0.05946336749579783,"[0.9, -0.7, 0.63, -0.16]","['net_sharpe', 'dbl_sharpe', 'tri_sharpe', 'pos_folds', 'turnover', 'gross_edge', 'short_pnl']",2,21,2,9,0.6,4
-7.279762478599183,-4.587738749076909,0.6302044555112614,0.591342005310258,0.16810075298347676,-0.2540882373948116,-0.7008037862932315,0.23426621427814076,0.18270345915795072,0.13798789487818353,0.0728604363202992,0.47058823529411764,0.12486876315864427,70.42416780064603,18.02448969499818,0.044686464895881906,2702,0.6772222290131712,-0.17469490095063311,0.06380050873129006,"[0.76, -0.7, 0.63, -0.16]","['net_sharpe', 'dbl_sharpe', 'tri_sharpe', 'pos_folds', 'turnover', 'gross_edge', 'short_pnl']",2,21,2,9,0.6,6
11.37103728264597,8.53495121803852,0.7505868643192497,0.6065827831681334,0.24807672000603276,-0.10883481046535798,-0.027137215554185124,0.113568256402547,0.16640022414377942,0.14547749945939836,0.1401054022076329,0.5882352941176471,0.12335152809867767,58.89396710758463,20.129892687120527,0.033052630964796874,2549,0.38920526145060463,0.08013439570365027,0.04648173682316434,"[-0.03, 0.14, 0.09, 0.82]","['net_sharpe', 'dbl_sharpe', 'tri_sharpe', 'turnover', 'gross_edge']",2,21,2,12,0.0,0
-39.8151508734842,-15.596872778995289,0.391732102901119,-0.17350211769582166,-0.5235675743558852,-0.8709214190829875,-1.2655113785946348,-0.5019771716391601,0.35166488711469235,0.2426028245739189,-0.20401799209848687,0.29411764705882354,0.1264770379032512,59.21967577509574,3.7006935085818737,0.033967667998762656,2563,0.0009921123429473544,0.08576880320422045,0.0317705195261262,"[-0.06, -1.27, -0.3, -0.71]","['net_sharpe', 'dbl_sharpe', 'tri_sharpe', 'ret_1x', 'ret_2x', 'pos_folds', 'turnover', 'gross_edge']",2,21,2,12,0.0,2
0.4562042978822647,0.295732146948617,0.6482449821744957,0.4841223593767377,0.17251839024383392,-0.13853390373305796,0.046347701855544446,0.10868555298723406,0.2414027301726911,0.2133499616216481,0.05867475429525449,0.4117647058823529,0.13220618562290523,54.91945000327217,19.079801542394144,0.031116923421527987,2539,0.4398500839793444,-0.02501544317347791,0.08530912007402329,"[0.11, 0.11, 0.05, 0.42]","['net_sharpe', 'dbl_sharpe', 'tri_sharpe', 'turnover', 'gross_edge', 'short_pnl']",2,21,2,12,0.0,4
-4.255326475776338,-2.9937253525043857,0.7035242465052493,0.4335184433998212,0.09019299596804727,-0.2521620701039184,-0.39046658489637165,0.12805186994314463,0.18932857725665764,0.17551887394973975,0.018648480058291384,0.5294117647058824,0.12256458182907524,56.06380257759673,16.94124633529482,0.031988461228707576,2532,0.22278946885551412,0.15322355771785098,0.07997001808553397,"[0.47, 0.03, 0.23, -0.39]","['net_sharpe', 'dbl_sharpe', 'tri_sharpe', 'turnover', 'gross_edge']",2,21,2,12,0.0,6
17.21933752633806,15.037832966761407,0.8733107730631389,0.9329784661748649,0.5814958333161057,0.2308467107919171,-0.3644104259775569,0.4406183396205895,0.13610676889647333,0.11562585704748396,0.4814667372128185,0.5882352941176471,0.12167613312145346,56.88818205706283,27.45493532616555,0.033009593222269956,2438,0.35165014539339046,0.26667578996104746,0.09046542059507756,"[1.03, -0.36, -0.15, 1.56]","['pos_folds', 'turnover', 'gross_edge']",2,21,2,12,0.3,0
4.028594339375012,3.3818578260568994,0.8394634805999242,0.7182466092897665,0.38157224649316096,0.046121963709046906,-0.3644104259775672,0.10754912423817792,0.1567218365919647,0.14759885261133543,0.2648107799551592,0.5882352941176471,0.12771079142030275,57.20431099872934,23.416233061352738,0.033218953470855954,2435,0.3052627637759247,0.22503619413509085,0.09033386334183485,"[0.36, -0.36, -0.15, 1.56]","['net_sharpe', 'dbl_sharpe', 'pos_folds', 'turnover', 'gross_edge']",2,21,2,12,0.3,2
13.05111967350867,11.37113122551659,0.8712762973584449,0.8390797034742575,0.5062114717908083,0.17353817339506494,-0.3644104259775637,0.3034588682475177,0.13610676889647177,0.1156258570474844,0.43040354225806643,0.5882352941176471,0.12873634154815564,57.08341358084677,26.397007959724714,0.03281863728037795,2437,0.3872311978832479,0.209308873691109,0.10128127063584626,"[0.76, -0.36, -0.15, 1.56]","['pos_folds', 'turnover', 'gross_edge']",2,21,2,12,0.3,4
6.016244928188318,5.089025533679899,0.845880710380647,0.747049052050335,0.40172297554525144,0.05732121847323295,-0.3644104259775635,0.13543550897779985,0.14781489451938545,0.13714830444028103,0.2906038210598255,0.5882352941176471,0.1234624101997221,56.7464732690643,23.70101208513293,0.03348253613019432,2435,0.37702353489475193,0.15542881755114296,0.09628481203650774,"[0.42, -0.36, -0.15, 1.56]","['net_sharpe', 'dbl_sharpe', 'pos_folds', 'turnover', 'gross_edge']",2,21,2,12,0.3,6
8.987031807733802,8.027625840146872,0.8932455133004745,0.8253397660740568,0.4831631618709817,0.14190824101465097,-0.6196883791293579,0.6343378427553208,0.1677704131162664,0.14202991022742917,0.3119770359423021,0.47058823529411764,0.12036473757361234,54.77825485694577,25.83461396656821,0.033558183096900944,2294,0.4302639704565435,0.12999026878940023,0.05715575424529833,"[1.11, -0.62, 0.74, 0.53]","['dbl_sharpe', 'turnover', 'gross_edge']",2,21,2,12,0.45,0
3.7242631907007677,2.8358539718834708,0.7614536961201898,0.6183353108634404,0.2908852974215177,-0.035292209188170665,-0.6196883791293614,0.4885368809944861,0.16777041311626595,0.14759885261133543,0.17450273893455734,0.47058823529411764,0.1264488010115172,55.08407475832979,21.76833264560527,0.03376500141052039,2291,0.38408797628820873,0.09061964803158792,0.05708833456771349,"[0.45, -0.62, 0.74, 0.53]","['net_sharpe', 'dbl_sharpe', 'tri_sharpe', 'turnover', 'gross_edge']",2,21,2,12,0.45,2
5.7256672503148796,4.901244816485473,0.8560128631673334,0.6728026089791581,0.35143287716539273,0.030456895950153152,-0.619688379129352,0.5800794629285527,0.16777041311626684,0.14202991022742928,0.2247287272709218,0.4117647058823529,0.12880841670850177,55.120015151757244,23.37192822482402,0.033415436493767554,2294,0.4688406192112192,0.04116957249667924,0.061270100115384994,"[0.63, -0.62, 0.74, 0.53]","['net_sharpe', 'dbl_sharpe', 'turnover', 'gross_edge']",2,21,2,12,0.45,4
8.350493033716772,7.268322916898461,0.8704064403803662,0.7384311252561435,0.39705775716383446,0.05666698669087279,-0.6196883791293563,0.6343378427553255,0.16777041311626706,0.1420299102274295,0.24832315854059267,0.47058823529411764,0.12101126048047157,54.9517352859582,23.92517216187648,0.0341792202265611,2293,0.4588497403660202,0.061639151678787016,0.0630117192486501,"[0.81, -0.62, 0.74, 0.53]","['net_sharpe', 'dbl_sharpe', 'turnover', 'gross_edge']",2,21,2,12,0.45,6
-22.98954281835178,-13.984476795429304,0.6082972987294887,0.45420176287207187,0.1169422309823207,-0.21972301190485818,-1.075697779922311,0.2273741764657734,0.29092339353464847,0.2220397311661524,0.02357887926478904,0.4117647058823529,0.12161409396467969,54.65090615990037,17.582462050478163,0.03541007507678762,2118,0.5523179161553868,-0.17190781649125003,0.07496102077303929,"[0.87, -1.08, -0.2, 0.65]","['net_sharpe', 'dbl_sharpe', 'tri_sharpe', 'pos_folds', 'turnover', 'gross_edge', 'short_pnl']",2,21,2,12,0.6,0
-30.47414559848793,-14.5769652803489,0.47833876862070845,0.2005744844240899,-0.11914891261025068,-0.4380831997387378,-1.0756977799223137,-0.09337075614641817,0.3081103666605969,0.22203973116615372,-0.07611446318566764,0.4117647058823529,0.12906953970336718,54.96802592852229,12.040768794897245,0.035777442533222105,2117,0.5381824427334554,-0.2761594876777208,0.07382633324919571,"[0.01, -1.08, -0.2, 0.65]","['net_sharpe', 'dbl_sharpe', 'tri_sharpe', 'ret_2x', 'pos_folds', 'turnover', 'gross_edge', 'short_pnl']",2,21,2,12,0.6,2
-24.78660136950485,-12.601639915657872,0.5084053165579113,0.36204681656332033,0.044889505891804134,-0.27241559639281987,-1.0756977799223155,0.16398553481155992,0.2909233935346496,0.22203973116615172,-0.0089763451145832,0.4117647058823529,0.1299780760087712,54.912516028299294,16.010596643936836,0.03512184870327029,2120,0.6143862716133306,-0.26632649098773603,0.08150982052922526,"[0.53, -1.08, -0.2, 0.65]","['net_sharpe', 'dbl_sharpe', 'tri_sharpe', 'ret_2x', 'pos_folds', 'turnover', 'gross_edge', 'short_pnl']",2,21,2,12,0.6,4
-26.174196058617166,-12.961934129078402,0.49521804222945853,0.3223948136672006,-0.009007933742241599,-0.3398215162880894,-1.0756977799223055,0.1049164176731046,0.29092339353464647,0.22203973116615305,-0.02985901415471755,0.4117647058823529,0.12342590555640731,54.49177572837777,14.726974609291743,0.03580779725638088,2115,0.5610223566902612,-0.24332069874933765,0.08275507500135806,"[0.41, -1.08, -0.2, 0.65]","['net_sharpe', 'dbl_sharpe', 'tri_sharpe', 'ret_2x', 'pos_folds', 'turnover', 'gross_edge', 'short_pnl']",2,21,2,12,0.6,6
-26.91374332222211,-13.340617186662142,0.4956804791865231,0.21023274944773518,-0.04726030047805637,-0.3038804053442544,-1.1457689072265158,-0.22223738540504295,0.25089315446555394,0.21560220797763407,-0.05944545205381379,0.5294117647058824,0.1325868314303014,45.50220625143596,13.379075040236101,0.025937705877437475,2013,0.3538981203523621,-0.11288897264140087,0.0899902821582044,"[0.83, 0.18, -1.15, -0.62]","['net_sharpe', 'dbl_sharpe', 'tri_sharpe', 'ret_2x', 'pos_folds', 'turnover', 'gross_edge', 'short_pnl']",2,21,2,15,0.0,0
-22.149146634265918,-10.125963433867641,0.457171718670291,0.13437047498070606,-0.12005260800875091,-0.37313687684286023,-0.6420018730995757,-0.16790511633959204,0.2502622709221355,0.2150966821860344,-0.10061328566302186,0.47058823529411764,0.13521321784411072,45.9386314179219,11.179246894857714,0.026437329818925125,2019,0.3263861454603071,-0.12307294208923318,0.044100685996159315,"[0.33, -0.13, -0.2, -0.64]","['net_sharpe', 'dbl_sharpe', 'tri_sharpe', 'ret_2x', 'pos_folds', 'turnover', 'gross_edge', 'short_pnl']",2,21,2,15,0.0,2
-24.55042805051884,-9.686492173427402,0.3945549199180945,0.04507178369332798,-0.2057062440388552,-0.45507101955893803,-0.9099162417058098,-0.08502915848264019,0.2613195430727494,0.18999937923422094,-0.13899835223407755,0.5294117647058824,0.13496508929358295,45.23339018465937,8.621726801531077,0.026477038781542672,2017,0.237472405324334,-0.08307913068531189,0.027240900543581026,"[0.15, 0.14, -0.91, -0.31]","['net_sharpe', 'dbl_sharpe', 'tri_sharpe', 'ret_1x', 'ret_2x', 'pos_folds', 'turnover', 'gross_edge', 'short_pnl']",2,21,2,15,0.0,4
-3.407940079525514,-2.8999869081297693,0.8509500872836746,0.6333106689096809,0.3262265235659138,0.018959408396106624,-0.44491713878571004,0.3794860620031893,0.22467646598894053,0.1743651212080004,0.14399640941980846,0.47058823529411764,0.119466616138846,48.90053663708875,22.97124867609565,0.02747775126656854,2035,0.23669556079006948,0.20801066658416556,0.018170577027709914,"[0.85, 0.75, -0.44, 0.0]","['net_sharpe', 'dbl_sharpe', 'turnover', 'gross_edge']",2,21,2,15,0.0,6
-14.821823757567815,-7.4565147562291125,0.5030767386113278,0.23625321626276571,-0.025904340489218376,-0.28690469987703227,-0.696245303840843,0.09806717781886648,0.208646579679862,0.1710220300884755,-0.054327039889719264,0.47058823529411764,0.1270435687172575,44.41564055081834,14.185601479394876,0.026108311036921215,2009,0.3497080456606426,-0.10027231339705037,0.062106336879821006,"[-0.7, 0.65, 0.33, -0.14]","['net_sharpe', 'dbl_sharpe', 'tri_sharpe', 'ret_2x', 'pos_folds', 'turnover', 'gross_edge', 'short_pnl']",2,21,2,15,0.3,0
3.0658407440696673,2.270070784212483,0.7404398902987828,0.4222215966723424,0.1775565089668848,-0.06607633466368676,-0.13614119602662958,0.18331987300091954,0.19186057903916287,0.15746992472822507,0.07795944661513113,0.47058823529411764,0.13541899866352142,44.13669819490997,20.331859516255108,0.025400491636471165,2005,0.33460034977686104,0.020664241378981582,0.06330620455513766,"[0.03, 0.65, 0.33, -0.14]","['net_sharpe', 'dbl_sharpe', 'tri_sharpe', 'turnover', 'gross_edge']",2,21,2,15,0.3,2
16.816620872006084,14.499952285103177,0.8622393520948453,0.5797698819720565,0.3236663890230921,0.06839644670189131,-0.1361411960266359,0.4130102629234489,0.1535442598514717,0.1350325984761288,0.22323667413172552,0.5294117647058824,0.13010118081883676,44.347774103786236,24.43909643492733,0.0253503314088567,2006,0.40396973671998204,0.02510402162395846,0.058258586517994315,"[0.49, 0.65, 0.33, -0.14]","['net_sharpe', 'dbl_sharpe', 'turnover', 'gross_edge']",2,21,2,15,0.3,4
16.460169717969688,14.406760153954433,0.8752497939451054,0.6145949332338456,0.3579123338225775,0.10130128724633938,-0.1361411960266231,0.47492785630084466,0.16060772251295286,0.13401915612480786,0.2375843947624417,0.47058823529411764,0.12714667301878843,43.51936584680622,25.398144838846306,0.025355500663993575,2004,0.37475516298789946,0.06282692522276688,0.0648723906380767,"[0.62, 0.65, 0.33, -0.14]","['net_sharpe', 'dbl_sharpe', 'turnover', 'gross_edge']",2,21,2,15,0.3,6
-21.115164162322408,-7.619662641401921,0.3608621075747228,0.01878103673774709,-0.2527539582771614,-0.5230728702705324,-0.6884034316382556,-0.41155887955058,0.18862371631315955,0.16996636756011863,-0.21252264661042258,0.35294117647058826,0.12874546920979915,46.64188751183095,8.002930787564697,0.028330140780248567,1912,0.26708871495265685,-0.11931398961782916,0.04669810280604684,"[-0.68, 0.78, -0.15, -0.69]","['net_sharpe', 'dbl_sharpe', 'tri_sharpe', 'ret_1x', 'ret_2x', 'pos_folds', 'turnover', 'gross_edge', 'short_pnl']",2,21,2,15,0.45,0
-9.957087863675843,-6.843169930115897,0.6872661990942414,0.35999478473984836,0.10695248972205855,-0.14532128448531467,-0.6884034316382625,0.14423281716374875,0.18531668836504112,0.16996636756011851,0.028236612712156436,0.47058823529411764,0.13694647490785913,46.19676429747834,18.070641323547086,0.027599738508229655,1913,0.3209776071591415,0.009513749883657274,0.04338410230239852,"[0.44, 0.78, -0.15, -0.69]","['net_sharpe', 'dbl_sharpe', 'tri_sharpe', 'pos_folds', 'turnover', 'gross_edge']",2,21,2,15,0.45,2
-8.60167818972548,-5.321561257087742,0.6186654673322042,0.3963898001699409,0.1322351034137718,-0.13124690996851238,-0.6884034316382479,0.1975102759382752,0.18531668836504023,0.16996636756011785,0.04740795029358541,0.47058823529411764,0.13151854716646147,46.2987504046672,18.71907871194823,0.02760287732766592,1915,0.34981908151944074,-0.006712757624981663,0.03729770261883432,"[0.54, 0.78, -0.15, -0.69]","['net_sharpe', 'dbl_sharpe', 'tri_sharpe', 'pos_folds', 'turnover', 'gross_edge', 'short_pnl']",2,21,2,15,0.45,4
-4.434407580653376,-3.6393517969918068,0.8207075535568104,0.5505617715608473,0.28562708234312095,0.020644859463347157,-0.6884034316382576,0.3161976326758984,0.18531668836504256,0.16996636756011796,0.15679080394949024,0.47058823529411764,0.12969549336874997,45.8264553802734,23.04533462582011,0.02747823631805739,1909,0.39511879863005855,0.022975521503632745,0.051999863746095776,"[1.05, 0.78, -0.15, -0.69]","['net_sharpe', 'dbl_sharpe', 'pos_folds', 'turnover', 'gross_edge']",2,21,2,15,0.45,6
-41.87877870627628,-14.870683862009214,0.3550887662294836,-0.1307729877737014,-0.38199083249818233,-0.631545219008089,-1.7734328972992253,-0.6377970610556549,0.34652193504563344,0.27442003514871616,-0.1690744597006036,0.4117647058823529,0.1339018731083449,45.03336273769063,3.366205486303154,0.028676597127350597,1761,0.30543204599616847,-0.24541840389420816,0.057425896542188284,"[-0.98, -0.29, -1.77, 1.24]","['net_sharpe', 'dbl_sharpe', 'tri_sharpe', 'ret_1x', 'ret_2x', 'pos_folds', 'turnover', 'gross_edge', 'short_pnl']",2,21,2,15,0.6,0
-35.694873973748685,-16.47002083476014,0.46141137371357,0.1374179295390357,-0.09902628635082457,-0.3341303413688928,-1.7734328972992257,-0.20762502973357158,0.3154234262077391,0.25401639766002104,-0.07622535041604744,0.47058823529411764,0.14193928075628898,44.84904051182072,11.48814933968443,0.02824047110418647,1760,0.3562190480366684,-0.1522434517135846,0.06092731577466878,"[-0.12, -0.29, -1.77, 1.24]","['net_sharpe', 'dbl_sharpe', 'tri_sharpe', 'ret_2x', 'pos_folds', 'turnover', 'gross_edge', 'short_pnl']",2,21,2,15,0.6,2
-31.534262749139675,-19.029986170172315,0.6034701467910961,0.3195866851122726,0.07400777043744178,-0.17037085570534585,-1.7734328972992248,0.05000938498725721,0.3143688411572534,0.252887453188696,0.0021577100775992566,0.47058823529411764,0.13679994128744374,44.82729833342622,16.961531107576306,0.027827045262509422,1763,0.4359158936632934,-0.13490473095282413,0.05432742962599676,"[0.39, -0.29, -1.77, 1.24]","['net_sharpe', 'dbl_sharpe', 'tri_sharpe', 'pos_folds', 'turnover', 'gross_edge', 'short_pnl']",2,21,2,15,0.6,4
-24.150229776407784,-15.702259020385634,0.6501908746112668,0.4652908782334729,0.21934543807543325,-0.026243946197855004,-1.773432897299218,0.27518447927557244,0.2785036119545834,0.21660683352301635,0.07425404022148958,0.47058823529411764,0.13486234420128546,44.236110962591034,21.398186713629457,0.027663875290266055,1753,0.5654744210041054,-0.19073542048599526,0.06415497137358368,"[0.84, -0.29, -1.77, 1.24]","['net_sharpe', 'dbl_sharpe', 'tri_sharpe', 'pos_folds', 'turnover', 'gross_edge', 'short_pnl']",2,21,2,15,0.6,6
-29.20270766836425,-14.887555310620739,0.5098005116405236,0.06652204712703279,-0.4446697052627081,-0.9541888928666281,-0.7631627826012741,-0.6813833917651715,0.24231695586238688,0.1552045789576887,-0.23415682649190234,0.4117647058823529,0.11607644680468213,79.1500988699868,8.43683036338732,0.04862416706090918,2690,0.14184075329987805,0.12252534490820194,0.09070841808975615,"[-0.68, 0.37, -0.76, -0.68]","['net_sharpe', 'dbl_sharpe', 'tri_sharpe', 'ret_2x', 'pos_folds', 'turnover', 'gross_edge']",3,21,1,6,0.0,0
-24.080634320188675,-13.809394278540264,0.5734647225203188,0.3685214854290123,-0.122049164242864,-0.6100127476774238,-1.3749572140097834,-0.033049851947301034,0.23481277781316612,0.21010720636877334,-0.08827358343199342,0.5882352941176471,0.11612493986510115,75.9778140876726,13.108914772448482,0.04711657556873075,2663,0.3770413641491516,0.0172602156556102,0.06024702492333578,"[-1.37, 1.21, 0.53, -0.6]","['net_sharpe', 'dbl_sharpe', 'tri_sharpe', 'ret_2x', 'pos_folds', 'turnover', 'gross_edge']",3,21,1,6,0.0,2
-14.18353758350376,-10.617525460105902,0.7485809092122879,0.9581117609817641,0.43351942474838945,-0.0889352911877643,-0.5664584567436421,-0.10080988421728679,0.241212646263938,0.16552343255787694,0.18300257352438257,0.5882352941176471,0.11456339058562434,79.99039503467661,21.247185477185205,0.04758869227257434,2682,0.45504500866462805,0.21779875784479755,0.06837138917645975,"[2.23, -0.06, -0.57, -0.14]","['dbl_sharpe', 'tri_sharpe', 'pos_folds', 'turnover', 'gross_edge']",3,21,1,6,0.0,4
-28.99686123245663,-14.838812382640569,0.5117385727952948,0.08212098903381106,-0.42804724571607755,-0.9365989788159189,-0.7631627826012765,-0.6538622582856246,0.24231695586238644,0.15527744211151828,-0.22651964493672644,0.4117647058823529,0.11602841479409892,78.95233406065323,8.664675068529416,0.04861877116385504,2686,0.15396112314179144,0.1168660503312926,0.09126333419977559,"[-0.63, 0.37, -0.76, -0.68]","['net_sharpe', 'dbl_sharpe', 'tri_sharpe', 'ret_2x', 'pos_folds', 'turnover', 'gross_edge']",3,21,1,6,0.0,6
-48.38916450211692,-14.939095099342921,0.3087281058281006,-0.47895717408687916,-0.9935175435459969,-1.504548178777395,-1.8580856944379505,-1.0504334443088597,0.38528312809761767,0.23344684643429636,-0.29279710940729775,0.17647058823529413,0.11368535637537801,78.27523451922585,0.538615030612312,0.0539797300569965,2319,0.13874772181620426,-0.12205689585069293,0.06924452175757505,"[-1.09, -0.18, -1.86, -1.02]","['net_sharpe', 'dbl_sharpe', 'tri_sharpe', 'ret_1x', 'ret_2x', 'pos_folds', 'turnover', 'gross_edge', 'short_pnl']",3,21,1,6,0.3,0
-51.396423438856395,-15.814284135032738,0.3076923076923077,-0.7163435114666914,-1.2377329385086997,-1.7549968785254564,-1.98173815797875,-1.4369639924676005,0.43789812617187096,0.29708191435473574,-0.30902606273907757,0.17647058823529413,0.11208211838660148,78.30363027588385,-2.7646886186517894,0.054696722760418044,2318,0.09260216897397916,-0.17830656612083495,0.06536327241050265,"[-1.98, -0.18, -1.86, -1.02]","['net_sharpe', 'dbl_sharpe', 'tri_sharpe', 'ret_1x', 'ret_2x', 'pos_folds', 'turnover', 'gross_edge', 'short_pnl']",3,21,1,6,0.3,2
-44.03944220452533,-13.936706828435327,0.3164596582243551,-0.20734460185622205,-0.7305389588877231,-1.2508455466992028,-1.8580856944379447,-0.5996975390701751,0.33419476803952386,0.19870660483780855,-0.25297815860949796,0.23529411764705882,0.1120908493987388,78.34160536789622,4.559022276664681,0.05297257059286328,2321,0.23343637563500674,-0.0920397114515922,0.07059656833195121,"[-0.12, -0.18, -1.86, -1.02]","['net_sharpe', 'dbl_sharpe', 'tri_sharpe', 'ret_1x', 'ret_2x', 'pos_folds', 'turnover', 'gross_edge', 'short_pnl']",3,21,1,6,0.3,4
-48.24772934971081,-14.915199131079016,0.3091378461143771,-0.4630650239747882,-0.9766084925545288,-1.4866827381434409,-1.858085694437941,-1.020231209404963,0.38528320654936665,0.23344693979304332,-0.28822745953664575,0.17647058823529413,0.11363847125841865,78.07653575095243,0.751679979476109,0.0539887311819185,2315,0.15082328864177802,-0.12758904702458176,0.06977894726635778,"[-1.02, -0.18, -1.86, -1.02]","['net_sharpe', 'dbl_sharpe', 'tri_sharpe', 'ret_1x', 'ret_2x', 'pos_folds', 'turnover', 'gross_edge', 'short_pnl']",3,21,1,6,0.3,6
-34.67117656680051,-15.076100400492415,0.43483094297205305,0.08006341024867915,-0.38964174404584156,-0.8570150356041817,-1.3909974354905619,-0.4599370663863651,0.249368380157296,0.17809992864723434,-0.19833791772536472,0.35294117647058826,0.11342618706034138,71.12019687391413,8.775586499700285,0.05134278780046192,2069,0.3659044537248055,-0.1188207605359644,0.06150812627968572,"[-0.25, 0.54, -1.39, -0.67]","['net_sharpe', 'dbl_sharpe', 'tri_sharpe', 'ret_2x', 'pos_folds', 'turnover', 'gross_edge', 'short_pnl']",3,21,1,6,0.45,0
-41.005569946053384,-14.056878697301821,0.3428041291901306,-0.16339250261698607,-0.6397162943610748,-1.113139877014232,-1.390997435490535,-0.921328080150564,0.3107256719519714,0.2256499535495814,-0.24117018052131087,0.35294117647058826,0.11172871366827039,71.1266055270278,4.924813845534558,0.052145970855310995,2068,0.31888389538643286,-0.1802093073082476,0.05753280285564403,"[-1.17, 0.54, -1.39, -0.67]","['net_sharpe', 'dbl_sharpe', 'tri_sharpe', 'ret_1x', 'ret_2x', 'pos_folds', 'turnover', 'gross_edge', 'short_pnl']",3,21,1,6,0.45,2
-32.223670589353624,-15.229089356931421,0.47260566777153434,0.17572141013087372,-0.2973896873772524,-0.7685838520470657,-1.3909974354905468,-0.28686051428188436,0.2493683801572949,0.178099928647235,-0.1563382616669696,0.4117647058823529,0.1123275465269309,70.90046827604614,10.302210067987504,0.05094584412760016,2065,0.4317208252231271,-0.14254999134577148,0.06287875606320256,"[0.09, 0.54, -1.39, -0.67]","['net_sharpe', 'dbl_sharpe', 'tri_sharpe', 'ret_2x', 'pos_folds', 'turnover', 'gross_edge', 'short_pnl']",3,21,1,6,0.45,4
-34.38768840397301,-15.023309501874046,0.4368804708646341,0.09622569464726015,-0.3724297563373509,-0.8388117368497993,-1.3909974354905692,-0.42875757876106735,0.24936838015729634,0.17809992864723523,-0.19077352261699565,0.35294117647058826,0.11337638471787019,70.92149711385858,9.033226783913403,0.05134472469152301,2065,0.37798006489088654,-0.12435288606195812,0.06204254508701472,"[-0.19, 0.54, -1.39, -0.67]","['net_sharpe', 'dbl_sharpe', 'tri_sharpe', 'ret_2x', 'pos_folds', 'turnover', 'gross_edge', 'short_pnl']",3,21,1,6,0.45,6
-37.430764312005934,-20.009051176193278,0.534561651197044,0.05547892754629129,-0.4025534077177969,-0.8586716058475351,-1.7422516210974084,-0.3423905068570967,0.2929177932269853,0.2063645752571528,-0.1627518475952807,0.4117647058823529,0.10696895375792372,65.38298039346522,8.531445578481618,0.05255291140790073,1748,0.20972999586096985,0.011102164367646827,0.08028539323030165,"[0.31, 0.74, -1.0, -1.74]","['net_sharpe', 'dbl_sharpe', 'tri_sharpe', 'ret_2x', 'pos_folds', 'turnover', 'gross_edge']",3,21,1,6,0.6,0
-41.00568547218789,-14.008135808941104,0.34161447730076655,-0.20388969072382632,-0.665667597217065,-1.1246730638979843,-1.7422516210974137,-0.8118433605954783,0.29291779322698364,0.2063645752571529,-0.2506869478315575,0.4117647058823529,0.1059055266745504,65.36416287192048,4.306194863065286,0.05333328122588695,1747,0.17878241935113423,-0.0673508198031561,0.07701311602239835,"[-0.62, 0.74, -1.0, -1.74]","['net_sharpe', 'dbl_sharpe', 'tri_sharpe', 'ret_1x', 'ret_2x', 'pos_folds', 'turnover', 'gross_edge', 'short_pnl']",3,21,1,6,0.6,2
-33.71594375956713,-16.42187495808192,0.4870655579208604,0.28617244719829354,-0.17492375441013028,-0.6346656329528222,-1.742251621097405,-0.13186983210257175,0.2929177932269861,0.20636457525715068,-0.08157752257368694,0.47058823529411764,0.10604687665580577,65.20640091651855,12.298801092266096,0.0516217705839134,1745,0.3199492041101446,-0.002460710491675025,0.0813728645854781,"[1.17, 0.74, -1.0, -1.74]","['net_sharpe', 'dbl_sharpe', 'tri_sharpe', 'ret_2x', 'pos_folds', 'turnover', 'gross_edge', 'short_pnl']",3,21,1,6,0.6,4
-37.092798898248844,-19.90942240061312,0.5367462955607011,0.07260778649149292,-0.3843118997300863,-0.8393833325023904,-1.742251621097418,-0.3089747488078851,0.2929177932269851,0.20636457525715135,-0.1562999890706257,0.4117647058823529,0.10691629124334345,65.18428075906616,8.81101770032323,0.052558895684572005,1744,0.22180560703736857,0.00557003282322123,0.08081981214852232,"[0.38, 0.74, -1.0, -1.74]","['net_sharpe', 'dbl_sharpe', 'tri_sharpe', 'ret_2x', 'pos_folds', 'turnover', 'gross_edge']",3,21,1,6,0.6,6
-40.88401209883774,-17.183042309814656,0.42028757520847965,-0.11083845561594748,-0.4729389077559498,-0.8339422205910952,-1.7349618488297485,-0.6002966836627186,0.32790344263005644,0.24241200885820002,-0.17925496265423932,0.4117647058823529,0.11421369197223577,55.16802421472416,5.216205775076072,0.034990036404927684,1804,0.10949489852459826,0.004429600819130457,0.05967105717331151,"[-0.53, -1.73, -0.67, 0.83]","['net_sharpe', 'dbl_sharpe', 'tri_sharpe', 'ret_1x', 'ret_2x', 'pos_folds', 'turnover', 'gross_edge']",3,21,1,9,0.0,0
-45.89032743248237,-15.296775810827457,0.3333333333333333,-0.5276971252358453,-0.8747069208940945,-1.2191024543614741,-2.532579124693898,-0.8257637876243041,0.35601709189201514,0.2792476576145393,-0.29522872755475593,0.47058823529411764,0.11857732146351048,55.17876612025992,-3.950473955173501,0.0361917703349948,1800,0.06725699906965045,-0.15355409286171282,0.06522828344738042,"[-1.32, 0.81, -0.33, -2.53]","['net_sharpe', 'dbl_sharpe', 'tri_sharpe', 'ret_1x', 'ret_2x', 'pos_folds', 'turnover', 'gross_edge', 'short_pnl']",3,21,1,9,0.0,2
8.416006390467592,6.941951933679298,0.8248510768173982,0.7845684293654179,0.41234524210493156,0.04118918005093483,-0.07076754644226037,-0.021256677597470634,0.16106988712277848,0.12644602838468655,0.25331136277519345,0.5294117647058824,0.11200866883572425,55.51016940768962,23.37318577504838,0.033261229238029925,1793,0.32744397700220346,0.18620383953125866,0.04738513072255547,"[-0.0, 2.01, -0.07, -0.04]","['net_sharpe', 'dbl_sharpe', 'pos_folds', 'turnover', 'gross_edge']",3,21,1,9,0.0,4
26.535657999342213,23.096124227718384,0.8703806865573451,0.7143956697245096,0.4037784070097919,0.09291098106944286,-0.04001645682258039,0.4445937364906526,0.12733546247272864,0.12150308837250245,0.34760274527895735,0.5882352941176471,0.1271077197446508,52.648426460306624,24.575900962810643,0.03247101596172903,1804,0.40542655336226185,0.10680912705005997,0.048836126102178606,"[0.72, 0.33, 0.56, -0.04]","['net_sharpe', 'dbl_sharpe', 'turnover', 'gross_edge']",3,21,1,9,0.0,6
-3.193393207480171,-2.3254452562507035,0.728205111354156,0.5242450083153218,0.17150470969835882,-0.18092080101268,-0.8756898523703376,0.4464672288909018,0.1709917563118779,0.15224819099712672,0.07698199762457043,0.4117647058823529,0.11346850158388694,53.33692271901142,18.734030712526344,0.034465912908731924,1635,0.373384929921552,0.02219492414318157,0.048027737124571576,"[0.63, 0.37, 0.52, -0.88]","['net_sharpe', 'dbl_sharpe', 'tri_sharpe', 'turnover', 'gross_edge']",3,21,1,9,0.3,0
-20.0241157588315,-9.90776559904826,0.4947916661278043,0.32372299796507686,-0.02798313995697908,-0.3791094781742774,-0.8756898523703538,0.15897711657743752,0.24235303941905972,0.2250029523386472,-0.03959397317890397,0.4117647058823529,0.11396682740996922,53.41998647789563,14.438849821537694,0.0350096622046841,1636,0.31924027126967214,-0.013880827595123185,0.04823000162406681,"[-0.05, 0.37, 0.52, -0.88]","['net_sharpe', 'dbl_sharpe', 'tri_sharpe', 'ret_2x', 'pos_folds', 'turnover', 'gross_edge', 'short_pnl']",3,21,1,9,0.3,2
4.230014467196085,3.756682051776598,0.8881014665339334,0.8090195674760277,0.46042167910808235,0.11163199729449848,-0.8756898523703527,0.4464672288909075,0.14154561698902124,0.10593035573920528,0.33250843992164164,0.47058823529411764,0.11385184073950659,52.90967939326264,24.979028268998782,0.03348915156416747,1628,0.40105479466287314,0.1221667903103369,0.04757791280796249,"[1.61, 0.37, 0.52, -0.88]","['dbl_sharpe', 'turnover', 'gross_edge']",3,21,1,9,0.3,4
4.21919251201488,3.728896669789971,0.8837939153454821,0.7792255846969003,0.4451340828171664,0.11020077059422126,-0.8756898523703404,0.4464672288909036,0.14154561698901968,0.11156419003972817,0.3314262444034965,0.47058823529411764,0.11878165820706596,52.95676795100509,25.00083011943239,0.03346816368458461,1632,0.4596453117892082,0.0644990074077696,0.05636338311441698,"[1.45, 0.37, 0.52, -0.88]","['net_sharpe', 'dbl_sharpe', 'turnover', 'gross_edge']",3,21,1,9,0.3,6
-5.317080221515908,-3.744676861895868,0.7042731547932627,0.43994184261792335,0.0896136111647286,-0.2600070369073499,-0.6621231378711325,0.2857952348028911,0.17158234561485497,0.12808651785708802,0.021856290160544543,0.4117647058823529,0.11388272756463141,53.181954688954974,17.05585946842213,0.035714941268465035,1499,0.2302600218338683,0.12883789628873976,0.05176032989807142,"[0.21, 0.37, 0.44, -0.66]","['net_sharpe', 'dbl_sharpe', 'tri_sharpe', 'turnover', 'gross_edge']",3,21,1,9,0.45,0
-20.046378137766812,-11.215313363732971,0.5594683132612188,0.23322717612473529,-0.11568136162428093,-0.46361199418817584,-0.6621231378711313,-0.09764396335449513,0.22242192392802929,0.20549456985167713,-0.08808444905133776,0.4117647058823529,0.11441765418177087,53.240940745985185,12.595497422930409,0.036321442666337196,1501,0.17809148856356727,0.08739108970570553,0.05199873742664769,"[-0.56, 0.37, 0.44, -0.66]","['net_sharpe', 'dbl_sharpe', 'tri_sharpe', 'ret_2x', 'pos_folds', 'turnover', 'gross_edge']",3,21,1,9,0.45,2
0.28861076383657414,0.22193934586503095,0.768991921558075,0.6579860627486012,0.3132400680015968,-0.03116101905787369,-0.662123137871131,0.40345493663702225,0.17158234561485441,0.11009938972593825,0.17446704960563217,0.47058823529411764,0.11522985021934065,52.94548095318653,21.917290632641187,0.0349372687397835,1494,0.2808216051019946,0.178578136938679,0.05336543451209997,"[1.02, 0.37, 0.44, -0.66]","['net_sharpe', 'dbl_sharpe', 'tri_sharpe', 'turnover', 'gross_edge']",3,21,1,9,0.45,4
0.8808550900422915,0.7637881075110187,0.867098477542257,0.7198827104266492,0.38817133693537803,0.0562083717541855,-0.6621231378711315,0.4034549366370186,0.17158234561485453,0.11009938972593858,0.23369148222621608,0.47058823529411764,0.11963387892026152,52.92130839081585,23.843365845810954,0.03460526581426506,1497,0.35502410491573255,0.1445191715409098,0.059550356245599276,"[1.21, 0.37, 0.44, -0.66]","['net_sharpe', 'dbl_sharpe', 'turnover', 'gross_edge']",3,21,1,9,0.45,6
6.300440860144567,4.429625560752513,0.703065969363114,0.4910203273683118,0.16818797951544526,-0.15344046667354763,-0.5058439681621253,0.22891672357702259,0.1335068860141031,0.1243339300673717,0.09559677169652694,0.6470588235294118,0.11344515598203807,48.79354778979308,18.991259136170353,0.035740374294251157,1335,0.27629419030315894,0.09055801937078893,0.04923219984480089,"[-0.17, 0.62, 0.87, -0.51]","['net_sharpe', 'dbl_sharpe', 'tri_sharpe', 'pos_folds', 'turnover', 'gross_edge']",3,21,1,9,0.6,0
-12.973218479951507,-7.444584419611651,0.5738425226643896,0.30421098359719473,-0.017121049103871612,-0.3369919872220329,-0.8876132856027611,0.05943634845285356,0.1997614904056335,0.19342730365765093,-0.04209951924138143,0.6470588235294118,0.11391564299241401,48.81492316304965,14.624772999835619,0.03621657331923806,1337,0.263914389088859,0.018714613933471725,0.0514040090505488,"[-0.89, 0.62, 0.87, -0.51]","['net_sharpe', 'dbl_sharpe', 'tri_sharpe', 'ret_2x', 'pos_folds', 'turnover', 'gross_edge']",3,21,1,9,0.6,2
24.0640685482407,21.597403344061235,0.8974959201419079,0.7973890271479046,0.4787758390327934,0.1608898187559317,-0.5058439681621237,0.7450705264787169,0.13350688601410277,0.11831950620149712,0.3715964503554478,0.7058823529411765,0.11468564774341672,48.63434433573755,26.34131093095347,0.03462883433071636,1333,0.36607589059389295,0.1410963006039668,0.05455506443986357,"[1.04, 0.62, 0.87, -0.51]","['net_sharpe', 'dbl_sharpe', 'turnover', 'gross_edge']",3,21,1,9,0.6,4
24.629301167206336,22.280777036982492,0.9046451170384453,0.8332808247200387,0.5269943441943942,0.22083129666084153,-0.5058439681621182,0.7450705264787061,0.133506886014103,0.11831950620149612,0.4281197122520322,0.7058823529411765,0.11872185473381325,48.44734436970269,27.931211851515915,0.03434232782541847,1332,0.43714188234625484,0.09857426606262884,0.05743301035920555,"[1.16, 0.62, 0.87, -0.51]","['turnover', 'gross_edge']",3,21,1,9,0.6,6
4.984695718339172,3.7532190486315384,0.7529484768394362,0.47615007697180145,0.20011803004283746,-0.07517319790735504,-0.2533114683669503,0.17160183065985998,0.16020185040590085,0.14529499544900404,0.10426063474902289,0.5294117647058824,0.11659313744600519,42.88750954405277,20.3362769749742,0.02647586753192915,1358,0.17135262909076587,0.1739320104366455,0.04541464180110154,"[-0.25, 0.09, 0.25, 0.76]","['net_sharpe', 'dbl_sharpe', 'tri_sharpe', 'turnover', 'gross_edge']",3,21,1,12,0.0,0
-34.66055842155429,-15.65552953146917,0.45168139938950025,-0.009644305016949205,-0.27238775065524634,-0.5343818366622675,-1.4291633093080691,-0.2456242199789338,0.2696960071141127,0.23452131057648373,-0.14104859680534912,0.29411764705882354,0.11709527369029005,41.03198976875675,7.19217797921759,0.02582934234112294,1361,0.09543367734445682,0.02139729371260953,0.02555705386279592,"[-1.43, -0.28, -0.21, 1.06]","['net_sharpe', 'dbl_sharpe', 'tri_sharpe', 'ret_1x', 'ret_2x', 'pos_folds', 'turnover', 'gross_edge']",3,21,1,12,0.0,2
25.47346249823072,24.201087251891604,0.9500509502221188,1.187238328770164,0.919311565651098,0.6513275168915443,-0.4341240489751344,0.7229391680842306,0.16005988305146057,0.1258778122370926,0.6554160156361283,0.7647058823529411,0.11569243117233982,41.233441177811386,40.79477256997633,0.02455841425968659,1332,0.45433889663751614,0.21159186929605128,0.07380740255492774,"[2.4, 1.05, -0.43, 0.4]",['turnover'],3,21,1,12,0.0,4
-31.26517448351821,-12.863538752941205,0.411433454808396,0.027486961523656123,-0.21464814530104176,-0.45617085867295387,-1.310958984457298,-0.09496024067893077,0.2501169511855599,0.2354705954892755,-0.13061455588978288,0.23529411764705882,0.12067021876957089,38.97620396292283,8.266308098192981,0.025219787343177338,1333,0.22200284929949593,-0.09445119077668998,0.0837188691150528,"[-1.31, 0.8, -0.19, 0.0]","['net_sharpe', 'dbl_sharpe', 'tri_sharpe', 'ret_1x', 'ret_2x', 'pos_folds', 'turnover', 'gross_edge', 'short_pnl']",3,21,1,12,0.0,6
-17.78269574104875,-10.341986454070325,0.5815758535528087,0.20692068212869363,-0.05713617112887403,-0.3200812401924504,-0.65767696822727,0.015974327885440592,0.22821411570254324,0.18908531815701934,-0.0613911235315663,0.47058823529411764,0.12011483113043589,42.32971818853376,13.1342921760132,0.026963658205280117,1249,0.041777807804840555,0.17832573489977493,0.0502725271077369,"[0.44, 0.05, -0.01, -0.66]","['net_sharpe', 'dbl_sharpe', 'tri_sharpe', 'ret_2x', 'pos_folds', 'turnover', 'gross_edge']",3,21,1,12,0.3,0
-23.723726944243435,-10.55559473985086,0.44493830015237873,-0.055589394395497885,-0.3135056717279654,-0.5702431215347995,-0.6576769682272673,-0.26667757540348447,0.24561257637231637,0.18908531815702012,-0.18313104418361076,0.47058823529411764,0.12254376259690046,42.23136818318306,5.604771838996505,0.02705346996924972,1246,0.024236690482721826,0.06946945461364774,0.04405496940913238,"[-0.52, 0.05, -0.01, -0.66]","['net_sharpe', 'dbl_sharpe', 'tri_sharpe', 'ret_1x', 'ret_2x', 'pos_folds', 'turnover', 'gross_edge']",3,21,1,12,0.3,2
-14.968574715462106,-11.144601974540192,0.7445332763064034,0.5078878672402333,0.24927473745111725,-0.008882084301807109,-0.6576769682272668,0.015974327885438608,0.22821411570254224,0.18908531815701912,0.10150785265772297,0.5294117647058824,0.12123259505757251,41.78880419461022,22.016351365938405,0.02606483636038767,1244,0.11070726768155897,0.2535265568853744,0.057210665285981815,"[1.56, 0.05, -0.01, -0.66]","['net_sharpe', 'dbl_sharpe', 'tri_sharpe', 'pos_folds', 'turnover', 'gross_edge']",3,21,1,12,0.3,4
-18.189600978084894,-10.34309084434649,0.5686265936678876,0.11841364575530333,-0.14346796944991086,-0.40441094246499887,-0.6576769682272611,0.015974327885444603,0.22821411570254324,0.18908531815702057,-0.10676166141266788,0.47058823529411764,0.1207972765814775,42.221581950729245,10.653010874036525,0.027117854812540018,1246,0.03409622966236742,0.14397011938420978,0.050465912075954765,"[0.11, 0.05, -0.01, -0.66]","['net_sharpe', 'dbl_sharpe', 'tri_sharpe', 'ret_2x', 'pos_folds', 'turnover', 'gross_edge']",3,21,1,12,0.3,6
18.113957642290764,15.476904383641308,0.8544187134183912,0.604943060394,0.33867232665376734,0.072963202846194,-0.201132750929844,0.29061864269258614,0.11009886092729027,0.10686627568518003,0.29505068416303315,0.5294117647058824,0.11316386910832209,40.12531420151773,24.490627881323725,0.026692040206612574,1153,0.15561106957328258,0.23342811685566706,0.041811154435269615,"[0.6, 0.9, -0.2, -0.02]","['net_sharpe', 'dbl_sharpe', 'pos_folds', 'turnover', 'gross_edge']",3,21,1,12,0.45,0
-7.985510467467997,-4.700803530479004,0.5886666293444244,0.3155078587489144,0.05652785339351552,-0.20176293933977607,-0.36189943946389813,-0.111795328728796,0.19307501905623037,0.1798719504869245,-0.0008846529505144207,0.5294117647058824,0.1159701336311891,40.02715343046407,16.519138205582877,0.02678079550210406,1150,0.13821941474274227,0.12354889891991391,0.03556035945585828,"[-0.36, 0.9, -0.2, -0.02]","['net_sharpe', 'dbl_sharpe', 'tri_sharpe', 'ret_2x', 'pos_folds', 'turnover', 'gross_edge']",3,21,1,12,0.45,2
26.066036776739494,23.683448515469834,0.9085941494797626,0.7939165700774655,0.5316592137383463,0.2693723768854513,-0.2011327509298291,0.4373497512185879,0.10645094879334094,0.10317843424730211,0.5248466170074346,0.5882352941176471,0.11452796985836718,40.029481043258485,30.153632228150187,0.026292227167213616,1152,0.23618175001099517,0.24167153512921638,0.041538541215624815,"[1.27, 0.9, -0.2, -0.02]","['net_sharpe', 'pos_folds', 'turnover', 'gross_edge']",3,21,1,12,0.45,4
6.7795215171858905,5.039742138754691,0.743377261356733,0.492975197701989,0.22705144284873752,-0.038380001277242774,-0.2011327509298413,0.09355369881373334,0.14880909957768773,0.13480589148917654,0.13124599999562744,0.5294117647058824,0.11339293634499785,40.17359439270473,21.354384954163585,0.027033469282265566,1151,0.15197816055178925,0.1876492552017404,0.040729727529878294,"[0.21, 0.9, -0.2, -0.02]","['net_sharpe', 'dbl_sharpe', 'tri_sharpe', 'pos_folds', 'turnover', 'gross_edge']",3,21,1,12,0.45,6
-33.85005237376976,-16.56009324406858,0.4892191321068949,0.16960560799401017,-0.07654815837667965,-0.32192728543398524,-1.2194570429315124,-0.4498925411367374,0.3390494426995184,0.2790255661216722,-0.044753523135070056,0.5294117647058824,0.1142715584957343,37.51401685829069,12.602761935816588,0.027677437221749937,1032,0.32833506598084516,-0.14116590891859773,0.046993045627846036,"[-0.27, -0.63, -1.22, 1.19]","['net_sharpe', 'dbl_sharpe', 'tri_sharpe', 'ret_2x', 'pos_folds', 'turnover', 'gross_edge', 'short_pnl']",3,21,1,12,0.6,0
-41.27106327960699,-15.56423385825963,0.3771221921958644,-0.1479507424858516,-0.38768058353936535,-0.6264387389618279,-1.3860815362242809,-0.9257752086128728,0.396326315664709,0.3356397240691741,-0.1286732885674171,0.47058823529411764,0.11711674119051933,37.49480679305508,2.761897477404272,0.027877748003698667,1030,0.3011628559334748,-0.2601657069554236,0.042050584350351417,"[-1.39, -0.63, -1.22, 1.19]","['net_sharpe', 'dbl_sharpe', 'tri_sharpe', 'ret_1x', 'ret_2x', 'pos_folds', 'turnover', 'gross_edge', 'short_pnl']",3,21,1,12,0.6,2
-31.485086229680693,-19.906723448402055,0.6322588194037142,0.3344553484529319,0.09231165021174668,-0.14954227845870094,-1.2194570429315117,-0.13059102718196286,0.33632844244743987,0.27594454137183677,0.011923210113057175,0.47058823529411764,0.11581638249413302,37.38071476107548,17.80936360139913,0.02717084227609895,1031,0.3647428126082539,-0.101187979582785,0.042643590077758295,"[0.37, -0.63, -1.22, 1.19]","['net_sharpe', 'dbl_sharpe', 'tri_sharpe', 'pos_folds', 'turnover', 'gross_edge', 'short_pnl']",3,21,1,12,0.6,4
-38.60392557965623,-15.095884522046758,0.3910453223441632,0.03234611539578678,-0.21296971255284447,-0.4575146390324981,-1.219457042931513,-0.7097210434523562,0.3586446983112419,0.2943512745647685,-0.08517862746045068,0.4117647058823529,0.11466432469477111,37.52722606540529,8.436490220490686,0.028016592902936514,1030,0.2810980421047705,-0.15575989980593738,0.04182892113178863,"[-0.79, -0.63, -1.22, 1.19]","['net_sharpe', 'dbl_sharpe', 'tri_sharpe', 'ret_1x', 'ret_2x', 'pos_folds', 'turnover', 'gross_edge', 'short_pnl']",3,21,1,12,0.6,6
24.343100660526723,19.995063111945477,0.8213852208387012,0.507765987814008,0.3176651600000409,0.12752773293545053,0.11921540057599866,0.27533116746556974,0.1213566770270369,0.11248072201624593,0.26871826295880014,0.47058823529411764,0.1257505829051695,31.86389182372234,27.301029563376744,0.019718738253560894,1066,0.3545401198820487,-0.010148300394947025,0.05520804064320873,"[0.12, 0.32, 0.23, 0.65]","['net_sharpe', 'dbl_sharpe', 'turnover', 'gross_edge', 'short_pnl']",3,21,1,15,0.0,0
-7.340659957504501,-4.817605070636702,0.6562904559707291,0.35053531231801754,0.13935483906907864,-0.07131107709106049,-0.7454279148000593,0.13060102848363275,0.16887915711425427,0.15093165241127426,0.05679972937326622,0.5294117647058824,0.11948840780658501,33.633311992383305,19.742516884498603,0.021121396137268662,1065,0.3754923151779916,-0.1126186159470774,0.05741395750425405,"[0.29, -0.03, -0.75, 0.86]","['net_sharpe', 'dbl_sharpe', 'tri_sharpe', 'pos_folds', 'turnover', 'gross_edge', 'short_pnl']",3,21,1,15,0.0,2
23.13810806700734,22.18974559375482,0.9590129637865772,0.7598377443048084,0.5453341928689269,0.33144152774366836,-0.08390265024144995,0.5684384067846842,0.17612858507336338,0.15493803386147942,0.33433865011469255,0.6470588235294118,0.11730087339656645,33.420270305908275,34.16728644323299,0.020230607506023165,1059,0.4187218060856634,0.0333375160124158,0.03689224749858697,"[0.47, -0.08, 0.66, 1.07]","['net_sharpe', 'turnover', 'gross_edge']",3,21,1,15,0.0,4
11.708154069752943,9.983676656183485,0.8527114177610197,0.4889431139981938,0.2842981213992642,0.07958170068363186,-0.07974034856601693,0.0572039448108734,0.13982740673908312,0.1258965907632552,0.20397793864556654,0.5294117647058824,0.12721763746349898,34.69952925425051,25.071511964013535,0.02128771425596994,1083,0.28875873738828617,0.05565390995663769,0.03059601763739363,"[0.88, 0.14, -0.08, -0.02]","['net_sharpe', 'dbl_sharpe', 'pos_folds', 'turnover', 'gross_edge']",3,21,1,15,0.0,6
-30.309686681495375,-11.661806900554357,0.38475511222206416,-0.19290020800142768,-0.42506480496816323,-0.6559277627075345,-1.1353848493477336,-0.35161746332745325,0.22111872942669986,0.16479827873888153,-0.23285077595421924,0.29411764705882354,0.10984525852799501,34.13005100897637,1.3474066365022426,0.022401873086375777,1031,0.08795888992793514,-0.06975305494091291,0.046172431287959025,"[-0.39, -0.32, -1.14, 0.02]","['net_sharpe', 'dbl_sharpe', 'tri_sharpe', 'ret_1x', 'ret_2x', 'pos_folds', 'turnover', 'gross_edge', 'short_pnl']",3,21,1,15,0.3,0
-24.130762726452467,-10.312976505466693,0.427378803661331,0.03502780562733965,-0.20374352925325262,-0.4412385453354898,-1.1353848493477312,-0.14772395531759727,0.19690080821148048,0.14944225080672202,-0.1389481214888618,0.35294117647058826,0.10743621680556537,34.28587422741421,8.676319719721214,0.022355508116476363,1030,0.17852311623862993,-0.06075553442106911,0.05634433186530621,"[0.45, -0.32, -1.14, 0.02]","['net_sharpe', 'dbl_sharpe', 'tri_sharpe', 'ret_1x', 'ret_2x', 'pos_folds', 'turnover', 'gross_edge', 'short_pnl']",3,21,1,15,0.3,2
-23.031102983214673,-13.986367109104124,0.6072816885625298,0.20128864372614474,-0.03442013151410532,-0.26904072344586805,-1.1353848493477334,-0.14772395531760452,0.2001463484958328,0.15285056314588696,-0.04841531143936099,0.4117647058823529,0.10906029638943547,34.30508691204267,13.943518258809856,0.022240951746121337,1031,0.14771189277084304,0.04165579497631911,0.05206524283958535,"[1.03, -0.32, -1.14, 0.02]","['net_sharpe', 'dbl_sharpe', 'tri_sharpe', 'ret_2x', 'pos_folds', 'turnover', 'gross_edge']",3,21,1,15,0.3,4
-22.471452380719278,-14.316731515831021,0.6371075297347009,0.29848609069925214,0.08108552122450302,-0.1356789268027202,-1.1353848493477334,-0.14772395531759167,0.20046114737293663,0.15318015528883644,0.013243957347174321,0.4117647058823529,0.11749894133939102,34.058885294710876,17.71231903399235,0.021818862139840745,1030,0.26743039551953,-0.028604816862655952,0.058167948166583786,"[1.2, -0.32, -1.14, 0.02]","['net_sharpe', 'dbl_sharpe', 'tri_sharpe', 'pos_folds', 'turnover', 'gross_edge', 'short_pnl']",3,21,1,15,0.3,6
-40.21866634965926,-15.5002892298803,0.38540037839945984,-0.4724012095656842,-0.6522242140186755,-0.8319059198078709,-1.3497336300485365,-0.587028069441784,0.35467467722577906,0.298576443389417,-0.26894862448629214,0.4117647058823529,0.13836890438973187,33.0782103535089,-12.817453891331239,0.022989192025981185,957,0.0038178732394414383,-0.17166687051068025,0.045435834452784554,"[-1.35, 0.4, -0.77, -0.41]","['net_sharpe', 'dbl_sharpe', 'tri_sharpe', 'ret_1x', 'ret_2x', 'pos_folds', 'turnover', 'gross_edge', 'short_pnl']",3,21,1,15,0.45,0
-41.95186459929787,-16.151613094568468,0.38500346167781035,-0.5171936566860422,-0.6980440324615321,-0.8786511254942228,-1.4756525016966184,-0.5870280694417801,0.38889869122795917,0.33673421419227934,-0.25933540847524317,0.4117647058823529,0.1379717798127145,33.20720828804495,-14.571745667295462,0.023200576921850336,954,0.012191836842643786,-0.20375805755476967,0.04795092142713865,"[-1.48, 0.4, -0.77, -0.41]","['net_sharpe', 'dbl_sharpe', 'tri_sharpe', 'ret_1x', 'ret_2x', 'pos_folds', 'turnover', 'gross_edge', 'short_pnl']",3,21,1,15,0.45,2
-33.34272887253968,-10.29302484449336,0.3087037321942315,-0.26498486515309105,-0.44185824264500767,-0.6186970335650004,-0.7792749035990311,-0.5870280694417829,0.35245900277942466,0.3021182831212623,-0.19790549543760283,0.47058823529411764,0.14026912655377288,33.00462037020812,-4.419146286272696,0.022882279745927075,953,-0.006497765258328417,-0.051243740167324005,0.05042865462013822,"[-0.78, 0.4, -0.77, -0.41]","['net_sharpe', 'dbl_sharpe', 'tri_sharpe', 'ret_1x', 'ret_2x', 'pos_folds', 'turnover', 'gross_edge', 'long_pnl', 'short_pnl']",3,21,1,15,0.45,4
-32.151784217028506,-12.419407495598668,0.3862742861101,-0.1669484187662332,-0.3341303504359348,-0.501382776144451,-0.7680436960245353,-0.4503262592386391,0.35567079037011706,0.3056903469330077,-0.1653373503294029,0.47058823529411764,0.147479412719475,32.79419034755083,-0.8191423183228608,0.022426416965280794,952,0.11664067161298092,-0.12727551891770322,0.05626847526429356,"[-0.49, 0.4, -0.77, -0.41]","['net_sharpe', 'dbl_sharpe', 'tri_sharpe', 'ret_1x', 'ret_2x', 'pos_folds', 'turnover', 'gross_edge', 'short_pnl']",3,21,1,15,0.45,6
-40.70397286731517,-17.265510761237767,0.42417261866597245,-0.043269902341159634,-0.21961341968085799,-0.3958317368320984,-1.6595036124592109,-0.5207796104828861,0.3659925325590948,0.3206398695619842,-0.10578000282286837,0.4117647058823529,0.1360940408104247,31.981910905649112,5.074152488677588,0.022758191808310277,895,0.31049640825075703,-0.24625087972553916,0.05782837185265237,"[-1.2, 0.15, -1.66, 2.01]","['net_sharpe', 'dbl_sharpe', 'tri_sharpe', 'ret_1x', 'ret_2x', 'pos_folds', 'turnover', 'gross_edge', 'short_pnl']",3,21,1,15,0.6,0
-38.23304807517002,-16.29938597091948,0.4263166760566212,-0.014170504646175029,-0.19233346079410013,-0.3703493829152571,-1.659503612459216,-0.4886695670823442,0.3655363913320421,0.32015532583986916,-0.09517077081923832,0.5294117647058824,0.13498626218647403,32.057245834145995,6.309598217409976,0.022850325401436576,895,0.29335363437340345,-0.21327753766355706,0.06428657465785734,"[-1.13, 0.15, -1.66, 2.01]","['net_sharpe', 'dbl_sharpe', 'tri_sharpe', 'ret_1x', 'ret_2x', 'pos_folds', 'turnover', 'gross_edge', 'short_pnl']",3,21,1,15,0.6,2
-36.14384416819111,-19.045010645078168,0.526922663689409,0.12646965881433592,-0.05052222367580778,-0.22745228045079982,-1.6595036124592164,-0.28199703865430936,0.3654642248983747,0.32007866533991003,-0.044510962814645824,0.5294117647058824,0.13575676374491083,32.027695065638746,12.25394761613124,0.022583830545659246,896,0.27725752558686506,-0.12188411927682216,0.06571869212794298,"[-0.72, 0.15, -1.66, 2.01]","['net_sharpe', 'dbl_sharpe', 'tri_sharpe', 'ret_2x', 'pos_folds', 'turnover', 'gross_edge', 'short_pnl']",3,21,1,15,0.6,4
-34.00431465291844,-18.80444101891342,0.5530016179079063,0.2195408048569601,0.05253883210407095,-0.11454283143160941,-1.6595036124592024,-0.11263091432988818,0.36521912027224546,0.3198185417831795,-0.008165375682339476,0.5294117647058824,0.14288856659711516,31.80689153704647,16.60505429354525,0.022086933883377267,894,0.4047495376636946,-0.19565797397222706,0.07092302189179951,"[-0.38, 0.15, -1.66, 2.01]","['net_sharpe', 'dbl_sharpe', 'tri_sharpe', 'ret_2x', 'pos_folds', 'turnover', 'gross_edge', 'short_pnl']",3,21,1,15,0.6,6
-40.72898048722769,-17.45896788447974,0.4286620405329013,0.034430044091558566,-0.6051373290159214,-1.2403099737269174,-1.992512514629326,-0.5904603783569845,0.3050399242147632,0.20084572456387728,-0.2688863418908768,0.47058823529411764,0.12755006961132156,108.93896239434189,7.849425539197423,0.060861280438076315,5026,0.1668507455111383,0.17167842035131975,0.08075540861466027,"[-0.62, 0.71, -0.56, -1.99]","['net_sharpe', 'dbl_sharpe', 'tri_sharpe', 'ret_1x', 'ret_2x', 'pos_folds', 'turnover', 'gross_edge']",3,21,2,6,0.0,0
-47.20096392089467,-18.518210181149406,0.39232694934333456,-0.3178282836585523,-0.9954258384588857,-1.6658658628365697,-1.9872909274287958,-0.661402510283351,0.46568500128633605,0.29390686199999017,-0.2513412515266258,0.35294117647058826,0.11764463040759857,106.68362620010437,4.010013658533947,0.062244842242310486,5031,0.15059533069441663,0.018767694896071982,0.07367891562374468,"[-1.99, -0.35, -0.31, -0.98]","['net_sharpe', 'dbl_sharpe', 'tri_sharpe', 'ret_1x', 'ret_2x', 'pos_folds', 'turnover', 'gross_edge']",3,21,2,6,0.0,2
-47.403097379180494,-20.045552870019087,0.42287432632668265,-0.08848459106535214,-0.7795425598665603,-1.4619336612878457,-1.4981992769664914,-1.4172957856950528,0.4079845475259375,0.28403496212012724,-0.23374280401383737,0.23529411764705882,0.11886278595986749,110.02289037085521,6.561316356541647,0.06307026097630279,5041,0.2743486911795657,0.01144261315366324,0.08137060888287029,"[0.81, -1.5, -1.49, -1.35]","['net_sharpe', 'dbl_sharpe', 'tri_sharpe', 'ret_1x', 'ret_2x', 'pos_folds', 'turnover', 'gross_edge']",3,21,2,6,0.0,4
-40.52002660584901,-17.448009127168547,0.4306021142802002,0.050870963578904055,-0.5867696424133438,-1.2202472474611203,-1.992512514629334,-0.5641259722582139,0.30509216788648474,0.2008457245638745,-0.2616052374335923,0.47058823529411764,0.127493652108048,108.5375825952167,8.036217913425565,0.06094674726559128,5019,0.17613305251486105,0.16917510000380828,0.08088247735752521,"[-0.56, 0.71, -0.56, -1.99]","['net_sharpe', 'dbl_sharpe', 'tri_sharpe', 'ret_1x', 'ret_2x', 'pos_folds', 'turnover', 'gross_edge']",3,21,2,6,0.0,6
-52.698177537016036,-16.267466019497128,0.3086912447412551,-0.5852330673402422,-1.212124687296089,-1.8326662280418529,-2.7554543892019194,-0.887375315759098,0.5097337751966171,0.36596970946871576,-0.28840896561286655,0.23529411764705882,0.12434454868417885,104.44864773446822,0.519447265452664,0.06594696581079225,4408,0.21316223020877356,-0.19168297250347957,0.10268315319785096,"[-1.02, -2.76, -0.65, -0.75]","['net_sharpe', 'dbl_sharpe', 'tri_sharpe', 'ret_1x', 'ret_2x', 'pos_folds', 'turnover', 'gross_edge', 'short_pnl']",3,21,2,6,0.3,0
-56.14627860351017,-17.275778031849285,0.3076923076923077,-1.0482983720815826,-1.7126854567497924,-2.3680931708743604,-2.7554543892019168,-1.6442603987196855,0.5884337652914619,0.4646462054364897,-0.3201534828405664,0.23529411764705882,0.11735517333016557,104.83796280948012,-4.2208889470363475,0.06845587464396564,4413,0.04079526409847506,-0.21598049170495018,0.09564802856600535,"[-2.54, -2.76, -0.65, -0.75]","['net_sharpe', 'dbl_sharpe', 'tri_sharpe', 'ret_1x', 'ret_2x', 'pos_folds', 'turnover', 'gross_edge', 'short_pnl']",3,21,2,6,0.3,2
-52.729854434988994,-16.334639994099316,0.30977972856417435,-0.5947152545825174,-1.2796243285128948,-1.9573508933283472,-2.755454389201921,-0.9368624024811405,0.4994928048850692,0.35459787678034094,-0.2851864487111437,0.23529411764705882,0.11461627197815033,105.10037836672453,1.0854588533706635,0.06637130277965458,4415,0.24613494068348776,-0.20097091690385505,0.10681769139945045,"[-1.12, -2.76, -0.65, -0.75]","['net_sharpe', 'dbl_sharpe', 'tri_sharpe', 'ret_1x', 'ret_2x', 'pos_folds', 'turnover', 'gross_edge', 'short_pnl']",3,21,2,6,0.3,4
-52.55012905770382,-16.238723004798462,0.30901395098320644,-0.5685215252521479,-1.1935091354596736,-1.812392238981142,-2.7554543892019225,-0.8594076730808549,0.5097391180549153,0.3659762101540973,-0.2843549141253131,0.23529411764705882,0.1242904399385944,104.0450691717196,0.6872545112673492,0.06607336461664054,4401,0.22238147534820915,-0.19407315606845693,0.10278812147217577,"[-0.97, -2.76, -0.65, -0.75]","['net_sharpe', 'dbl_sharpe', 'tri_sharpe', 'ret_1x', 'ret_2x', 'pos_folds', 'turnover', 'gross_edge', 'short_pnl']",3,21,2,6,0.3,6
-33.317898189132706,-15.829145340399004,0.47509435470818484,0.20569330261295893,-0.380302211641897,-0.9621160930532684,-1.0272630041820727,-0.39375569768732877,0.3187520203447559,0.19969438081521862,-0.17173914096692297,0.47058823529411764,0.1264540862135794,98.93173911724475,10.097732650941492,0.06319974972100903,3998,0.5557455539418397,-0.16025647597704035,0.10116901920036081,"[0.04, -1.03, 0.09, -0.83]","['net_sharpe', 'dbl_sharpe', 'tri_sharpe', 'ret_2x', 'pos_folds', 'turnover', 'gross_edge', 'short_pnl']",3,21,2,6,0.45,0
-42.00637555079767,-14.406655378385496,0.3429635427832555,-0.20714041732026758,-0.8284836287423623,-1.4435111315896465,-1.3306394846101819,-0.9297057506948193,0.4013661816115597,0.2429471335364386,-0.25158729653296036,0.47058823529411764,0.1193983199348075,99.28419371226454,5.007708913959531,0.06571639766200972,4003,0.38704139953754596,-0.19021009433219327,0.0941292609152775,"[-1.33, -1.03, 0.09, -0.83]","['net_sharpe', 'dbl_sharpe', 'tri_sharpe', 'ret_1x', 'ret_2x', 'pos_folds', 'turnover', 'gross_edge', 'short_pnl']",3,21,2,6,0.45,2
-38.78603983994162,-13.462474275297605,0.347095870855937,-0.03361740045009798,-0.6678181674906267,-1.2952854660363589,-1.0272630041820745,-0.8197816437978793,0.363437609426585,0.1996943808152185,-0.22495057865433163,0.4117647058823529,0.11695435499319844,99.24225648909012,7.156519511753931,0.06467210860578304,3998,0.5243278033446128,-0.24315489527352077,0.1054971031218062,"[-0.81, -1.03, 0.09, -0.83]","['net_sharpe', 'dbl_sharpe', 'tri_sharpe', 'ret_1x', 'ret_2x', 'pos_folds', 'turnover', 'gross_edge', 'short_pnl']",3,21,2,6,0.45,4
-33.094435729374695,-15.790225180876535,0.47712628521600975,0.22249139117185435,-0.36150828782556604,-0.9415490091343086,-1.0272630041820696,-0.37266581023075024,0.3187521294431841,0.1996943808152173,-0.16455196219745177,0.47058823529411764,0.12639592921944565,98.52794880474622,10.314432087065681,0.06331156464768971,3991,0.5649683651069958,-0.16264084074471782,0.10127334682706107,"[0.1, -1.03, 0.09, -0.83]","['net_sharpe', 'dbl_sharpe', 'tri_sharpe', 'ret_2x', 'pos_folds', 'turnover', 'gross_edge', 'short_pnl']",3,21,2,6,0.45,6
-50.39137664584457,-15.505038967952178,0.3076923076923077,-0.6184449963383297,-1.2016301461508287,-1.7792505738000082,-2.018062165822748,-1.3665810229989215,0.46576240321977835,0.3035141087190599,-0.3042840334338325,0.35294117647058826,0.12072066757774812,94.26012155638806,-0.3834387884228967,0.06893115256353903,3401,0.2180565791172399,-0.23236524101721917,0.0748312487274085,"[-0.35, -1.92, -0.81, -2.02]","['net_sharpe', 'dbl_sharpe', 'tri_sharpe', 'ret_1x', 'ret_2x', 'pos_folds', 'turnover', 'gross_edge', 'short_pnl']",3,21,2,6,0.6,0
-52.61568377116992,-16.189441160359976,0.3076923076923077,-1.0167455721492673,-1.6257343075043689,-2.227274459352929,-2.0180621658227533,-1.7999085631930636,0.5382951778659236,0.38844606530807746,-0.32944857296900026,0.35294117647058826,0.11555553880829081,94.45708822448408,-4.88430752058465,0.07128371995334326,3405,0.0829299516859531,-0.26557694865300985,0.06958321592841982,"[-1.68, -1.92, -0.81, -2.02]","['net_sharpe', 'dbl_sharpe', 'tri_sharpe', 'ret_1x', 'ret_2x', 'pos_folds', 'turnover', 'gross_edge', 'short_pnl']",3,21,2,6,0.6,2
-50.166677069634076,-15.454322602102955,0.3080595228711584,-0.6221577619431532,-1.2477103367624414,-1.8661892605608301,-2.0180621658227484,-1.3665810229989233,0.4542261103174775,0.3035141087190594,-0.3015723009414551,0.35294117647058826,0.11259492788244087,94.39434032277589,0.19095189300237417,0.06924076996297315,3401,0.2994184984619861,-0.2922826617026757,0.07919893794265369,"[-0.28, -1.92, -0.81, -2.02]","['net_sharpe', 'dbl_sharpe', 'tri_sharpe', 'ret_1x', 'ret_2x', 'pos_folds', 'turnover', 'gross_edge', 'short_pnl']",3,21,2,6,0.6,4
-50.36043469044092,-15.495518366289515,0.3076923076923077,-0.6012357327222966,-1.1824474068362538,-1.7583447245960842,-2.018062165822754,-1.3665810229989286,0.465762511398395,0.3035141087190609,-0.29981796804120164,0.35294117647058826,0.12066457716336643,93.85633182133157,-0.2010466396000685,0.06909783783433392,3394,0.22727939680905382,-0.23474965096530556,0.07493557699969626,"[-0.28, -1.92, -0.81, -2.02]","['net_sharpe', 'dbl_sharpe', 'tri_sharpe', 'ret_1x', 'ret_2x', 'pos_folds', 'turnover', 'gross_edge', 'short_pnl']",3,21,2,6,0.6,6
-39.076397738384955,-17.69137969569878,0.45273824404547003,0.019166196487114467,-0.46585835131489167,-0.948946132105938,-2.0277146017672063,-0.2093597000810319,0.29240752421102356,0.19597664653014868,-0.2071723654691364,0.29411764705882354,0.11885009099103247,76.85000291954297,7.798910412621996,0.04400442842350264,3382,0.17507111785264648,0.06220433040215425,0.06353736359769169,"[0.36, -2.03, 0.45, -0.78]","['net_sharpe', 'dbl_sharpe', 'tri_sharpe', 'ret_1x', 'ret_2x', 'pos_folds', 'turnover', 'gross_edge']",3,21,2,9,0.0,0
-43.468315178093164,-14.59306478939743,0.3357172857887055,-0.3981702849382102,-0.873649851437997,-1.3443238088853944,-1.5347864260595319,-0.959330978373599,0.4001076782497818,0.2711838540396798,-0.2635017027985717,0.47058823529411764,0.1189815744156554,75.7835828906261,1.2396552767935667,0.04448196273906267,3399,0.04752124349544061,-0.010329113598543785,0.0777898821783605,"[-1.48, -0.44, 0.3, -1.53]","['net_sharpe', 'dbl_sharpe', 'tri_sharpe', 'ret_1x', 'ret_2x', 'pos_folds', 'turnover', 'gross_edge', 'short_pnl']",3,21,2,9,0.0,2
-43.530783456594826,-14.747778171116595,0.3387896334515049,-0.2877225759997856,-0.7552649201196248,-1.2184114267918433,-1.3878123272403828,-0.7891680358967256,0.4086442142975176,0.281270424820096,-0.23864937727421137,0.35294117647058826,0.1250494018216963,78.2622525181435,2.837276061449246,0.04501013200175807,3372,0.10967695364886089,-0.021768848300896038,0.05410875686599109,"[-0.79, 0.05, -0.79, -1.39]","['net_sharpe', 'dbl_sharpe', 'tri_sharpe', 'ret_1x', 'ret_2x', 'pos_folds', 'turnover', 'gross_edge', 'short_pnl']",3,21,2,9,0.0,4
2.7910962830490127,1.980392880759176,0.709539435377622,0.7013065912426512,0.26398682494060066,-0.1729864136250259,-0.18693720006012451,-0.07450707635441325,0.15606716466862336,0.11447925257912228,0.1663429638363279,0.47058823529411764,0.1278443544377326,74.4831486851979,19.44289750564945,0.04214527257998775,3390,0.4565988520784938,0.1167170619649001,0.08228192528319786,"[1.02, -0.04, -0.11, -0.19]","['net_sharpe', 'dbl_sharpe', 'tri_sharpe', 'pos_folds', 'turnover', 'gross_edge']",3,21,2,9,0.0,6
-34.10293992455164,-11.852765480289166,0.34755846582470257,-0.01095006967638264,-0.48204162767086156,-0.9506599554630356,-1.4822327466597882,-0.35161061255851067,0.26515139479874883,0.18541131935674415,-0.23105167683305325,0.47058823529411764,0.1168362464613499,73.42880037126497,7.397068895512003,0.044713050269662075,3126,0.28826886137715063,-0.07323785900668225,0.06198455920075022,"[0.15, -0.32, -0.38, -1.48]","['net_sharpe', 'dbl_sharpe', 'tri_sharpe', 'ret_1x', 'ret_2x', 'pos_folds', 'turnover', 'gross_edge', 'short_pnl']",3,21,2,9,0.3,0
-37.955122848503294,-11.932256459199506,0.3143780223509417,-0.254842335498319,-0.7238428081138062,-1.1898717132143763,-1.4822327466598144,-0.5111668027240174,0.3074036288989498,0.20246563069985524,-0.2848240776121122,0.47058823529411764,0.11695631659589381,73.21098832023567,3.4765716224896672,0.04494064733472053,3125,0.16357050788483846,-0.06280719604150692,0.067571351981375,"[-0.64, -0.32, -0.38, -1.48]","['net_sharpe', 'dbl_sharpe', 'tri_sharpe', 'ret_1x', 'ret_2x', 'pos_folds', 'turnover', 'gross_edge', 'short_pnl']",3,21,2,9,0.3,2
-36.756885252753776,-11.71156187881079,0.31862226078944966,-0.10788137289835198,-0.5543157482395882,-0.9985709542954114,-1.4822327466597733,-0.3516106125585086,0.31597460230072094,0.207149182305014,-0.2296608014028945,0.47058823529411764,0.12226366065093364,72.79721179693799,5.68357561051381,0.04411411947568204,3112,0.25712357651777706,-0.09332452965142347,0.06423600998377738,"[-0.15, -0.32, -0.38, -1.48]","['net_sharpe', 'dbl_sharpe', 'tri_sharpe', 'ret_1x', 'ret_2x', 'pos_folds', 'turnover', 'gross_edge', 'short_pnl']",3,21,2,9,0.3,4
-35.223983713217294,-11.25959413904561,0.3196570334212541,-0.07725428561122898,-0.5267338996150541,-0.9751867368073591,-1.4822327466597782,-0.3516106125585077,0.2820666546759576,0.1854113193567425,-0.2451080531410421,0.47058823529411764,0.12195727444136764,72.98795761037901,6.221657379052122,0.044376397318224056,3120,0.26661476576624166,-0.08683852905523723,0.06825481225139157,"[-0.06, -0.32, -0.38, -1.48]","['net_sharpe', 'dbl_sharpe', 'tri_sharpe', 'ret_1x', 'ret_2x', 'pos_folds', 'turnover', 'gross_edge', 'short_pnl']",3,21,2,9,0.3,6
-38.80454768226731,-13.309885697532406,0.34299808894859724,-0.15908737663543127,-0.626809264200436,-1.0916360045588651,-1.7499215246206277,-0.3859988351323186,0.28213084744059247,0.18409444967662036,-0.2713283844507672,0.35294117647058826,0.11609487680368444,72.49731808525206,5.025672919937251,0.046674787459930055,2863,0.31138441427727426,-0.16714261072963296,0.05451548005589021,"[-0.67, -0.1, 0.23, -1.75]","['net_sharpe', 'dbl_sharpe', 'tri_sharpe', 'ret_1x', 'ret_2x', 'pos_folds', 'turnover', 'gross_edge', 'short_pnl']",3,21,2,9,0.45,0
-44.56944107127492,-14.946541522949218,0.33535402651890756,-0.4034824793070263,-0.8683745367935588,-1.3298184283611334,-1.7499215246206135,-0.7973130132205575,0.3580506578221653,0.24375790914557494,-0.28582006184282266,0.35294117647058826,0.11630200782532908,72.2477739977624,1.05076045649858,0.046936425991676335,2863,0.18891174775954842,-0.15885768604418854,0.06002281460314902,"[-1.49, -0.1, 0.23, -1.75]","['net_sharpe', 'dbl_sharpe', 'tri_sharpe', 'ret_1x', 'ret_2x', 'pos_folds', 'turnover', 'gross_edge', 'short_pnl']",3,21,2,9,0.45,2
-42.64275586861483,-14.496396919433742,0.33994981384641526,-0.23954221367741446,-0.6828853361330739,-1.1235468302150777,-1.7499215246206226,-0.48174024081145805,0.3642452666753937,0.2523400153754516,-0.23873080696604446,0.35294117647058826,0.12207491117731846,72.25412710725902,3.440569866802601,0.0462204720347077,2854,0.3271380126307467,-0.2287214884582028,0.055033903277345746,"[-0.86, -0.1, 0.23, -1.75]","['net_sharpe', 'dbl_sharpe', 'tri_sharpe', 'ret_1x', 'ret_2x', 'pos_folds', 'turnover', 'gross_edge', 'short_pnl']",3,21,2,9,0.45,4
-39.21458395105892,-13.471560890620864,0.34353445920614156,-0.13167072351603445,-0.5777332417367339,-1.0214872673245239,-1.7499215246206248,-0.31389013898775747,0.306070944054576,0.18409444967662192,-0.2432971650498725,0.35294117647058826,0.12109066234650032,72.07531175909482,5.304585453860289,0.04608069694736388,2860,0.33854681430637257,-0.18718617191159898,0.06177158672359753,"[-0.53, -0.1, 0.23, -1.75]","['net_sharpe', 'dbl_sharpe', 'tri_sharpe', 'ret_1x', 'ret_2x', 'pos_folds', 'turnover', 'gross_edge', 'short_pnl']",3,21,2,9,0.45,6
-33.73339961190319,-11.735073381265874,0.34787698590346133,-0.002308575982663827,-0.46392374144701554,-0.9212041065091067,-1.7162070230963271,-0.6416150602468678,0.2183277503637624,0.18099435015557142,-0.268273868943285,0.47058823529411764,0.11528583051430354,71.2033762850168,7.5626993364665624,0.04706999697205929,2594,0.34560101703415663,-0.1324180978793223,0.04408377918164759,"[-0.8, -0.49, 1.61, -1.72]","['net_sharpe', 'dbl_sharpe', 'tri_sharpe', 'ret_1x', 'ret_2x', 'pos_folds', 'turnover', 'gross_edge', 'short_pnl']",3,21,2,9,0.6,0
-40.46093893799159,-13.825206597027115,0.34169267841794115,-0.19905806607167753,-0.6605414328034024,-1.117594030503304,-1.7162070230963271,-0.9872770166101426,0.28504583973004216,0.20246563069985524,-0.2793642259483843,0.47058823529411764,0.11515583991942846,71.14744451714162,4.346859443996043,0.04763604314418362,2595,0.3008606478388755,-0.17842443553423737,0.04693242884227284,"[-1.49, -0.49, 1.61, -1.72]","['net_sharpe', 'dbl_sharpe', 'tri_sharpe', 'ret_1x', 'ret_2x', 'pos_folds', 'turnover', 'gross_edge', 'short_pnl']",3,21,2,9,0.6,2
-36.146528793066956,-12.786580504499542,0.3537429714952894,0.04615058538807415,-0.39680703133501766,-0.8363933878995493,-1.7162070230963455,-0.5203682831245047,0.26105844844519466,0.18099435015557142,-0.2057397563568052,0.47058823529411764,0.12041009307512959,71.27980261583551,8.30548257481345,0.046455119099988625,2590,0.4348062973399823,-0.20043396470380756,0.04939985212575995,"[-0.55, -0.49, 1.61, -1.72]","['net_sharpe', 'dbl_sharpe', 'tri_sharpe', 'ret_1x', 'ret_2x', 'pos_folds', 'turnover', 'gross_edge', 'short_pnl']",3,21,2,9,0.6,4
-28.531025773763158,-13.748756709385274,0.48188792153517634,0.2446738506953421,-0.19848768699199457,-0.639361385895627,-1.7162070230963278,-0.19488182120870665,0.21086605268617065,0.1809943501555734,-0.14428431203595218,0.47058823529411764,0.11943061825643109,70.64137016311126,11.681359996857916,0.04611199087434538,2589,0.4885788867235635,-0.16189515708936145,0.05035582661555749,"[0.1, -0.49, 1.61, -1.72]","['net_sharpe', 'dbl_sharpe', 'tri_sharpe', 'ret_2x', 'pos_folds', 'turnover', 'gross_edge', 'short_pnl']",3,21,2,9,0.6,6
-3.9672927616588187,-2.8510974718897573,0.7186506373927509,0.49406026134105063,0.1391813444149294,-0.21402816410657174,-0.5521253200060402,0.29794382382470336,0.18664794878616986,0.16511798994245452,0.051649287478456034,0.47058823529411764,0.1273819860804005,60.221962851810915,17.86081082398362,0.034197930032029346,2567,0.2796789134523219,0.14614599317528396,0.014641793911801346,"[0.11, 0.49, 0.61, -0.55]","['net_sharpe', 'dbl_sharpe', 'tri_sharpe', 'turnover', 'gross_edge']",3,21,2,12,0.0,0
-24.894082919171016,-13.013060176431303,0.5227370784729692,0.15442834113645917,-0.19059423403386946,-0.5345150722345902,-0.8312264485594434,-0.33750310171641396,0.24352721146825562,0.17977707872440696,-0.13170843281694605,0.5294117647058824,0.12787694321196205,58.80101077618076,10.768530415787723,0.03278923474793023,2578,0.1600109039146057,0.09066709156959042,0.030298530591901397,"[-0.83, -0.21, -0.47, 0.89]","['net_sharpe', 'dbl_sharpe', 'tri_sharpe', 'ret_2x', 'pos_folds', 'turnover', 'gross_edge']",3,21,2,12,0.0,2
-28.9819613568664,-20.677780002373687,0.7134706912261723,0.5620577183624974,0.21000126936678856,-0.14105279105228663,-1.3630583010695652,-0.0401304090534918,0.31810233019523837,0.2533600078483136,0.05821305239738938,0.5294117647058824,0.12356788135675703,57.98245775804517,19.43510530347501,0.032453776701210246,2536,0.42176093519277463,0.024366057669511422,0.07061103069938383,"[1.68, -1.02, -1.36, 0.94]","['net_sharpe', 'dbl_sharpe', 'tri_sharpe', 'pos_folds', 'turnover', 'gross_edge']",3,21,2,12,0.0,4
-16.36289921768654,-8.775335944034266,0.5362946888134023,0.25071495629926194,-0.08940802450601439,-0.42815347737442544,-0.39306091072078597,-0.09347341323417477,0.22355192662769674,0.18001479134032994,-0.08188069453233413,0.29411764705882354,0.12238442945553774,55.53375290069798,13.004157034672728,0.03210514610848489,2522,0.1619610551866563,0.12393898173898393,0.084900568333825,"[0.17, -0.18, -0.0, -0.39]","['net_sharpe', 'dbl_sharpe', 'tri_sharpe', 'ret_2x', 'pos_folds', 'turnover', 'gross_edge']",3,21,2,12,0.0,6
-39.65712685936278,-12.461827974617924,0.31423930479915163,-0.17722686038160923,-0.5111849134980812,-0.8427926805012586,-1.2560844332476786,-0.483011664782956,0.37505876549721606,0.27945506906450546,-0.19195376615376625,0.35294117647058826,0.12932778362527728,57.80944702575879,3.4044384955588587,0.034924438441518935,2389,-0.13359644529054862,0.21151112513022385,0.06032327320832425,"[-0.01, -0.81, -0.16, -1.26]","['net_sharpe', 'dbl_sharpe', 'tri_sharpe', 'ret_1x', 'ret_2x', 'pos_folds', 'turnover', 'gross_edge', 'long_pnl']",3,21,2,12,0.3,0
-41.84066314929361,-12.87405019978265,0.3076923076923077,-0.4066706419105994,-0.7427358426963596,-1.0761018571574301,-1.2560844332476693,-0.7666924871849325,0.3753903563028209,0.279848151771398,-0.2649529222544746,0.35294117647058826,0.12936967572577757,58.25095536676692,-1.6925936318831831,0.035145924055919604,2391,-0.1548329792751495,0.11580008657060632,0.05628727453501729,"[-0.73, -0.81, -0.16, -1.26]","['net_sharpe', 'dbl_sharpe', 'tri_sharpe', 'ret_1x', 'ret_2x', 'pos_folds', 'turnover', 'gross_edge', 'long_pnl']",3,21,2,12,0.3,2
-38.37627491393199,-13.51128499219249,0.3520739056225439,0.031738423918084235,-0.3204950958568697,-0.6714163042864268,-1.2560844332476642,-0.48301166478295476,0.375975260565793,0.2804982723404036,-0.12158374200571405,0.4117647058823529,0.1224660029663203,57.57122872013081,8.158176394485285,0.034265517527864345,2383,-0.03164574223649179,0.21758606156966756,0.07159557958409579,"[0.73, -0.81, -0.16, -1.26]","['net_sharpe', 'dbl_sharpe', 'tri_sharpe', 'ret_1x', 'ret_2x', 'pos_folds', 'turnover', 'gross_edge', 'long_pnl']",3,21,2,12,0.3,4
-40.43330942075372,-12.557393683941745,0.3105705138619262,-0.2802820872156055,-0.632814777126316,-0.9823751917351882,-1.256084433247671,-0.5676973590470233,0.3760552170885054,0.28052193235256295,-0.21799820089272634,0.35294117647058826,0.12283672013894009,58.01664514481379,1.4966672082016188,0.03552169571084913,2385,-0.11351000084601351,0.14788580273907442,0.0649952317431105,"[-0.33, -0.81, -0.16, -1.26]","['net_sharpe', 'dbl_sharpe', 'tri_sharpe', 'ret_1x', 'ret_2x', 'pos_folds', 'turnover', 'gross_edge', 'long_pnl']",3,21,2,12,0.3,6
-28.483069332074695,-15.788182790733828,0.5543006129944993,0.19499818445097172,-0.13440183716192283,-0.46315711121808695,-1.0108611256785118,-0.2773626402376035,0.2608445503543497,0.19671040464519984,-0.09685539640713754,0.47058823529411764,0.12845078820515646,56.41648117052394,11.819742867924369,0.03533329199515629,2248,0.00641212027466001,0.2575788098269445,0.02730342412221051,"[0.22, 0.76, -1.01, -0.78]","['net_sharpe', 'dbl_sharpe', 'tri_sharpe', 'ret_2x', 'pos_folds', 'turnover', 'gross_edge']",3,21,2,12,0.45,0
-31.94479458393582,-11.04683734940953,0.34581024837657554,-0.038204545538914905,-0.37035494093358334,-0.701545185810633,-1.0108611256784978,-0.6304985469266396,0.2608445503543487,0.1967104046451955,-0.20819832252311452,0.47058823529411764,0.12833839454291154,56.815714561150436,6.487995822485933,0.03556813389077923,2250,-0.01290777928790672,0.15884094957738865,0.023237136650907063,"[-0.48, 0.76, -1.01, -0.78]","['net_sharpe', 'dbl_sharpe', 'tri_sharpe', 'ret_1x', 'ret_2x', 'pos_folds', 'turnover', 'gross_edge', 'long_pnl']",3,21,2,12,0.45,2
-24.645379194210438,-14.077092381296675,0.571185871005125,0.32082998917580363,-0.03317930478674943,-0.38776199451365995,-1.010861125678513,-0.08065627651717899,0.26084455035435206,0.19671040464520084,-0.043092940316916704,0.5294117647058824,0.1208895834669163,57.03130622656904,14.308486797208127,0.03530887546658369,2254,0.17119030539452273,0.15186881657430573,0.028032923383518323,"[0.62, 0.76, -1.01, -0.78]","['net_sharpe', 'dbl_sharpe', 'tri_sharpe', 'ret_2x', 'pos_folds', 'turnover', 'gross_edge']",3,21,2,12,0.45,4
-30.305109641667105,-15.594485516446401,0.5145827123161181,0.09535728949435564,-0.2614006099439457,-0.617074207058181,-1.010861125678511,-0.45122969449263617,0.26084455035434995,0.1967104046451994,-0.14533388838171016,0.47058823529411764,0.1200776738592507,57.11736958965751,9.481812596330279,0.036283998314772664,2250,0.08672344716556755,0.1276813750186118,0.029720102597717825,"[-0.13, 0.76, -1.01, -0.78]","['net_sharpe', 'dbl_sharpe', 'tri_sharpe', 'ret_2x', 'pos_folds', 'turnover', 'gross_edge']",3,21,2,12,0.45,6
-18.774075856886572,-10.64305840059104,0.5669018534772261,0.39019343663003203,0.06785465610857774,-0.2541488291203943,-0.37702693013497085,-0.2828755492919196,0.29449611006773857,0.2053042248875755,0.0017149402983983608,0.5294117647058824,0.1269658564392917,54.55201733989421,16.51758615463643,0.03583289068852754,2039,0.37065165004039546,-0.013927609236632665,0.06526644712470528,"[-0.38, -0.22, -0.35, 1.2]","['net_sharpe', 'dbl_sharpe', 'tri_sharpe', 'pos_folds', 'turnover', 'gross_edge', 'short_pnl']",3,21,2,12,0.6,0
-33.717103700731286,-14.825609845892432,0.43970591239041923,0.10829288477733141,-0.21584433790501437,-0.5391599599570247,-1.2626337843430206,-0.2828755492919251,0.3155049797379669,0.2109757019653986,-0.11092076499232023,0.47058823529411764,0.12726849020031425,54.96668866838872,9.899096870818113,0.03631637716501384,2041,0.33701265128756985,-0.12160053292430592,0.06450570888696805,"[-1.26, -0.22, -0.35, 1.2]","['net_sharpe', 'dbl_sharpe', 'tri_sharpe', 'ret_2x', 'pos_folds', 'turnover', 'gross_edge', 'short_pnl']",3,21,2,12,0.6,2
-17.290442323420486,-10.164503159283115,0.587868312976294,0.47536014725050457,0.1328589163708129,-0.2102134065546108,-0.34811626873287965,-0.22343181715537414,0.29579620474539925,0.20681395099907196,0.02967686708909596,0.5294117647058824,0.11990988926262838,54.756297528179665,17.961468742149318,0.03575401329742212,2044,0.4271694813735726,-0.03780986609261701,0.06625432589314548,"[-0.23, -0.22, -0.35, 1.2]","['net_sharpe', 'dbl_sharpe', 'tri_sharpe', 'pos_folds', 'turnover', 'gross_edge', 'short_pnl']",3,21,2,12,0.6,4
-30.49874725755111,-14.001283196211972,0.4590773213724517,0.24911625859105624,-0.09624450919997599,-0.44055834330935195,-1.0313423547495706,-0.28287554929191816,0.2970141727486231,0.207977264842511,-0.06203310727794361,0.47058823529411764,0.11913572942481454,54.84635906653407,12.931060850788755,0.03678837624659696,2040,0.3437447051957498,-0.06297067192424381,0.06793542415490385,"[-1.03, -0.22, -0.35, 1.2]","['net_sharpe', 'dbl_sharpe', 'tri_sharpe', 'ret_2x', 'pos_folds', 'turnover', 'gross_edge', 'short_pnl']",3,21,2,12,0.6,6
-17.560927728599463,-8.170726890460372,0.46527877209776614,0.1994061242498827,-0.06792502907291292,-0.33431741255993896,-0.8784855886550346,-0.15015281654756985,0.1910313094175855,0.15106123273847594,-0.08987825279931863,0.5294117647058824,0.13020570662131883,46.414925323186914,12.905202462109996,0.02671071745253163,2024,0.2618803354301718,-0.024744351219652558,0.08407205112347473,"[0.62, -0.21, -0.88, -0.09]","['net_sharpe', 'dbl_sharpe', 'tri_sharpe', 'ret_2x', 'pos_folds', 'turnover', 'gross_edge', 'short_pnl']",3,21,2,15,0.0,0
-35.604190815339905,-12.470765230721057,0.3502611615413566,-0.08477265863250918,-0.3597919679525945,-0.6333892065845107,-1.2095087816106016,-0.579949767936469,0.33848876836240616,0.2523417174699383,-0.15863058163422167,0.5294117647058824,0.12968862874433207,47.603983394044015,4.968844098642534,0.027452778005305573,2034,0.19532171890349487,-0.10167907904560639,0.06185104720899179,"[-0.24, -0.92, -1.21, 0.56]","['net_sharpe', 'dbl_sharpe', 'tri_sharpe', 'ret_1x', 'ret_2x', 'pos_folds', 'turnover', 'gross_edge', 'short_pnl']",3,21,2,15,0.0,2
-21.49932835311039,-10.445267306046434,0.48584156372193266,0.16706185202546348,-0.09721194151636504,-0.35949340592458795,-0.618223331925983,-0.1559924125322626,0.2685543373146716,0.19539982859936145,-0.07955165540760792,0.5294117647058824,0.13177960723678603,46.51013968203286,12.034077358717724,0.02675542329577961,2035,0.3045866147432822,-0.08300413137119547,0.04633668531375742,"[0.28, -0.56, -0.62, 0.25]","['net_sharpe', 'dbl_sharpe', 'tri_sharpe', 'ret_2x', 'pos_folds', 'turnover', 'gross_edge', 'short_pnl']",3,21,2,15,0.0,4
39.64469116065816,36.26192527633115,0.9146729162142159,1.022888551811523,0.725559659201228,0.4274222141168259,0.01695386905457889,0.7751193205812887,0.13052664215860021,0.10776755762810741,0.6487425886823317,0.5882352941176471,0.12227518218719839,48.506578515454436,33.24044205611938,0.02685175973346215,2043,0.4225829232525787,0.21574290210050517,0.0321402248393395,"[1.14, 0.86, 0.02, 0.69]","['turnover', 'gross_edge']",3,21,2,15,0.0,6
-41.15238280374289,-12.85987096860745,0.3124939576387742,-0.47609461147235577,-0.7703561891950966,-1.0621541123462048,-1.078732392015112,-0.9331047923657503,0.35499041368703854,0.2877689887514102,-0.2741203234137629,0.29411764705882354,0.12273881881409894,48.439463767398394,-4.641110995198675,0.0292025202552154,1976,0.08525385382463405,-0.17425513623683106,0.05148650906159224,"[-0.84, -1.03, -1.08, -0.25]","['net_sharpe', 'dbl_sharpe', 'tri_sharpe', 'ret_1x', 'ret_2x', 'pos_folds', 'turnover', 'gross_edge', 'short_pnl']",3,21,2,15,0.3,0
-40.7879341140919,-12.734861521450954,0.3122212928418741,-0.4806484528836213,-0.7692413004266416,-1.055896914852775,-1.0787323920151264,-0.9359685754224061,0.3611943957612056,0.29440859395215035,-0.27550583264146317,0.35294117647058826,0.12569735577689334,48.528079826390915,-5.078650591439397,0.0292298506466817,1977,0.08378787732800158,-0.18135790420346276,0.051300455897347455,"[-0.84, -1.03, -1.08, -0.25]","['net_sharpe', 'dbl_sharpe', 'tri_sharpe', 'ret_1x', 'ret_2x', 'pos_folds', 'turnover', 'gross_edge', 'short_pnl']",3,21,2,15,0.3,2
-37.15252507559529,-12.747981639950487,0.3431255779792035,-0.16920531642705314,-0.46406769365993183,-0.7567000301842053,-1.0787323920151282,-0.6371542328218257,0.3155132194279763,0.26106554731542064,-0.20002780267721165,0.35294117647058826,0.12358677288758417,48.77698043547638,3.1351359126147162,0.028858953861645092,1981,0.17814563619955082,-0.11760509944906278,0.058753614064881554,"[0.13, -1.03, -1.08, -0.25]","['net_sharpe', 'dbl_sharpe', 'tri_sharpe', 'ret_1x', 'ret_2x', 'pos_folds', 'turnover', 'gross_edge', 'short_pnl']",3,21,2,15,0.3,4
-36.52299406710098,-13.097868984403393,0.35861980428931023,0.04749704968207067,-0.24419538310808891,-0.5343992981543763,-1.0787323920151224,-0.6371542328218298,0.3163128894702806,0.261900431977125,-0.11887550469818411,0.35294117647058826,0.12486235504620896,48.645364929945536,8.606696300917323,0.02877448206209661,1983,0.29276134087848693,-0.12701157373683214,0.05556736028432791,"[0.81, -1.03, -1.08, -0.25]","['net_sharpe', 'dbl_sharpe', 'tri_sharpe', 'ret_1x', 'ret_2x', 'pos_folds', 'turnover', 'gross_edge', 'short_pnl']",3,21,2,15,0.3,6
-41.378202894328865,-13.120620473441297,0.3170901478478554,-0.3718373278613415,-0.6215144946195492,-0.8701449153794221,-1.2193454803093138,-0.4834256557144908,0.42356560779212593,0.36067326699872326,-0.22001195084945085,0.29411764705882354,0.14089171248369287,46.94570194944701,-4.021959977260886,0.02934820860927516,1862,0.02577794758149765,-0.10052749446606221,0.05118568256856275,"[-1.22, -0.01, -0.9, -0.07]","['net_sharpe', 'dbl_sharpe', 'tri_sharpe', 'ret_1x', 'ret_2x', 'pos_folds', 'turnover', 'gross_edge', 'short_pnl']",3,21,2,15,0.45,0
-47.65621231516931,-11.416864781047645,0.239567188125305,-0.6436675789337646,-0.8908664951794844,-1.1367801754394216,-1.9716528588770155,-0.48342565571448204,0.4954995533568357,0.4294123751032414,-0.25978191289612224,0.23529411764705882,0.14280139708400102,47.140663859275875,-12.40529420703448,0.02976085324774614,1859,-0.04483024464960986,-0.18668401485667613,0.0459078020234754,"[-1.97, -0.01, -0.9, -0.07]","['net_sharpe', 'dbl_sharpe', 'tri_sharpe', 'ret_1x', 'ret_2x', 'pos_folds', 'turnover', 'gross_edge', 'long_pnl', 'short_pnl']",3,21,2,15,0.45,2
-37.24280511864935,-11.854298004710461,0.31829766761511785,-0.24080089926575274,-0.48759172077038665,-0.7333006283347947,-0.9009981381262515,-0.45167179476972585,0.4191488491049724,0.3552942343015302,-0.18159263928775585,0.35294117647058826,0.14125641483423032,46.5532580250867,-0.1840306698392778,0.029037491982169483,1851,0.014617954995879479,-0.018009638115652052,0.06100357107225085,"[-0.84, -0.01, -0.9, -0.07]","['net_sharpe', 'dbl_sharpe', 'tri_sharpe', 'ret_1x', 'ret_2x', 'pos_folds', 'turnover', 'gross_edge', 'short_pnl']",3,21,2,15,0.45,4
-34.98576520521997,-11.516573641154773,0.32917884098291694,-0.05274705827153262,-0.2969739241743262,-0.5405874660102934,-0.9009981381262805,-0.18281750858071585,0.41902216684207294,0.3550251806344856,-0.12247823287083925,0.29411764705882354,0.1425517102696126,46.431044869898386,5.4626691029542505,0.028961871943910977,1853,0.1281358523471657,-0.0277232242758131,0.057740826419794444,"[-0.3, -0.01, -0.9, -0.07]","['net_sharpe', 'dbl_sharpe', 'tri_sharpe', 'ret_1x', 'ret_2x', 'pos_folds', 'turnover', 'gross_edge', 'short_pnl']",3,21,2,15,0.45,6
-34.70303583740624,-13.176439257255778,0.37969125580226487,-0.1028598331659461,-0.355136263695833,-0.6066585729333374,-1.063786455937209,-0.3769714535007801,0.3534672710324226,0.3063049606410271,-0.1593433158547346,0.47058823529411764,0.1364449731257885,45.894387487324416,4.203806330230111,0.02982153035074669,1759,0.45220103369379927,-0.3758214546399352,0.058106246199055474,"[-1.06, -0.82, 0.06, 0.71]","['net_sharpe', 'dbl_sharpe', 'tri_sharpe', 'ret_1x', 'ret_2x', 'pos_folds', 'turnover', 'gross_edge', 'short_pnl']",3,21,2,15,0.6,0
-39.586223530408574,-14.722490278404392,0.37190944135136195,-0.2706973391535197,-0.5176919529216416,-0.7638454318684365,-1.5228146029659688,-0.37697145350078304,0.39664820169795945,0.339827211712858,-0.19832819577724253,0.47058823529411764,0.13911179652070058,45.79609822747404,-1.0265930585937,0.030017145793680602,1757,0.3148904062080742,-0.33350278078785384,0.059010508845473146,"[-1.52, -0.82, 0.06, 0.71]","['net_sharpe', 'dbl_sharpe', 'tri_sharpe', 'ret_1x', 'ret_2x', 'pos_folds', 'turnover', 'gross_edge', 'short_pnl']",3,21,2,15,0.6,2
-29.100311725117134,-11.496836627580539,0.3950760643452957,0.05821737665947553,-0.18801052344434163,-0.433519247890003,-0.8164853482895473,-0.2413775597152902,0.35046263102134967,0.3031609158725018,-0.10106662867997754,0.5294117647058824,0.13921761001891977,45.70527793003922,8.990462647976047,0.029221374883671374,1757,0.4210519427258704,-0.2583759828914659,0.0686982792320923,"[-0.55, -0.82, 0.06, 0.71]","['net_sharpe', 'dbl_sharpe', 'tri_sharpe', 'ret_1x', 'ret_2x', 'pos_folds', 'turnover', 'gross_edge', 'short_pnl']",3,21,2,15,0.6,4
-22.476225055305502,-14.131094333572964,0.6287129755464576,0.3237954940652445,0.08111551140769757,-0.16147231224735176,-0.816485348289548,0.15405972036310192,0.350802413150921,0.3033952278512453,0.004009892433631234,0.5294117647058824,0.14087540322835054,45.5750498817907,17.17181147914498,0.029003041107472583,1756,0.5656007742401064,-0.25577449806904956,0.06743168646109102,"[0.25, -0.82, 0.06, 0.71]","['net_sharpe', 'dbl_sharpe', 'tri_sharpe', 'turnover', 'gross_edge', 'short_pnl']",3,21,2,15,0.6,6
-42.03449984448294,-16.49735302334017,0.39247173356115145,-0.2295188883788117,-0.7346621375615329,-1.2373706389107693,-1.440739297319836,-0.6532508113733518,0.3443786780561693,0.21456457499538595,-0.25193436510482836,0.29411764705882354,0.11442814899856249,77.20434964523254,4.085301451798731,0.04820990774568915,2656,0.0836531598588692,0.04121187993380794,0.09462254663415098,"[-1.44, -0.07, -0.84, -0.47]","['net_sharpe', 'dbl_sharpe', 'tri_sharpe', 'ret_1x', 'ret_2x', 'pos_folds', 'turnover', 'gross_edge']",3,27,1,6,0.0,0
-35.52970355983271,-13.199701766496206,0.3715117336756737,-0.060344958967115066,-0.5471777126451774,-1.0320016303060993,-1.4240203043759612,-0.49204451610467187,0.30130343764392054,0.23914505069549363,-0.22381463692371167,0.5294117647058824,0.11530638613425245,74.89839820324441,6.519434844683654,0.047330838808038435,2651,0.2481070427591317,-0.05479564465017632,0.09593934636300414,"[-1.42, 0.44, 0.34, -1.33]","['net_sharpe', 'dbl_sharpe', 'tri_sharpe', 'ret_1x', 'ret_2x', 'pos_folds', 'turnover', 'gross_edge', 'short_pnl']",3,27,1,6,0.0,2
-5.603343785235387,-4.3751104054331655,0.7808034939711226,0.9683777344480622,0.4665339945717968,-0.03323829181133754,-0.5638049305309754,0.14353762703835077,0.21116489510492364,0.13907800587989516,0.22965813939711271,0.6470588235294118,0.11559757893443859,77.18665602294313,22.028430632573397,0.046248114957443194,2651,0.5061890723356934,0.16694374891216016,0.08515118865079435,"[1.9, -0.35, -0.56, 0.63]","['dbl_sharpe', 'tri_sharpe', 'pos_folds', 'turnover', 'gross_edge']",3,27,1,6,0.0,4
-41.17911323191209,-16.201061220108258,0.39342909423200284,-0.19527350310588443,-0.6998521628611682,-1.202063411957464,-1.322988165878229,-0.6532508113733698,0.3444857606108296,0.21468879502017035,-0.24092230586781305,0.29411764705882354,0.11427760177363429,77.00404675876202,4.583129000641473,0.048247557979624295,2652,0.09579041700427418,0.04392702091560946,0.0940388830742685,"[-1.32, -0.07, -0.84, -0.47]","['net_sharpe', 'dbl_sharpe', 'tri_sharpe', 'ret_1x', 'ret_2x', 'pos_folds', 'turnover', 'gross_edge']",3,27,1,6,0.0,6
-22.003954751130113,-9.9036000720142,0.45008273212821237,0.19651021461189055,-0.2406552949285061,-0.676206764805062,-0.7387038910435101,-0.4375519681704383,0.21448171222588797,0.16370637304092317,-0.1613354405266197,0.5294117647058824,0.11757914255479067,68.57796735060259,10.884176642742561,0.046586807286388525,2271,0.36844429085050534,-0.0729458643869834,0.11236578975848763,"[-0.45, -0.74, 0.57, -0.43]","['net_sharpe', 'dbl_sharpe', 'tri_sharpe', 'ret_2x', 'pos_folds', 'turnover', 'gross_edge', 'short_pnl']",3,27,1,6,0.3,0
-34.89198875250621,-12.095827636584174,0.34666489555472413,-0.03282174269630186,-0.4754681832652434,-0.9163200265539259,-1.3264316028387062,-0.5843870372801387,0.2921767004590292,0.17843841737262944,-0.20743462926074685,0.5294117647058824,0.11699515819237603,69.11971806814121,6.932412355123178,0.04774056765072571,2277,0.32086309073514263,-0.13116571266286384,0.10594646731928647,"[-1.33, -0.74, 0.57, -0.43]","['net_sharpe', 'dbl_sharpe', 'tri_sharpe', 'ret_1x', 'ret_2x', 'pos_folds', 'turnover', 'gross_edge', 'short_pnl']",3,27,1,6,0.3,2
-13.660136430781217,-6.8948028687099665,0.504738946323661,0.4224482814181596,-0.020400621645108478,-0.46245942116381905,-0.7387038910434894,-0.026294002793474658,0.19898994308561535,0.16370637304092073,-0.045819760861193694,0.5882352941176471,0.11680549143324791,68.95623230403703,14.675171350729114,0.046387790207104644,2277,0.45224222784834034,-0.05162309407253076,0.10952348299845893,"[0.38, -0.74, 0.57, -0.43]","['net_sharpe', 'dbl_sharpe', 'tri_sharpe', 'ret_2x', 'pos_folds', 'turnover', 'gross_edge', 'short_pnl']",3,27,1,6,0.3,4
-21.36194678712749,-9.709012053876988,0.45450033887957947,0.23072490945322174,-0.20578288615440624,-0.640739130893124,-0.7387038910435191,-0.37339717721073185,0.21448178868786816,0.16370637304092206,-0.14258503476658288,0.5294117647058824,0.11742705799583437,68.37595035393954,11.470597411386896,0.046622682121768746,2267,0.3804994218998862,-0.06999742635349689,0.11174453278894561,"[-0.32, -0.74, 0.57, -0.43]","['net_sharpe', 'dbl_sharpe', 'tri_sharpe', 'ret_2x', 'pos_folds', 'turnover', 'gross_edge', 'short_pnl']",3,27,1,6,0.3,6
-15.413545312074985,-7.143484613174226,0.46345499809041424,0.29931419099038126,-0.1331784986558143,-0.5638087810704583,-0.45956458271399436,-0.20855173237926775,0.2084229380816306,0.18511488968202439,-0.10510690962528822,0.47058823529411764,0.11575675615364235,66.77662162948349,12.697556124162992,0.04756805249598531,1989,0.4974021679075823,-0.16172672767941398,0.09608009300114594,"[-0.46, 0.37, -0.39, -0.02]","['net_sharpe', 'dbl_sharpe', 'tri_sharpe', 'ret_2x', 'pos_folds', 'turnover', 'gross_edge', 'short_pnl']",3,27,1,6,0.45,0
-28.601221689974423,-12.689337059659781,0.44366416222380356,0.1473020088134463,-0.29255484583657476,-0.7305013476469386,-1.0826887657428688,-0.20855173237926936,0.25562278013811834,0.23412587970680387,-0.15321658768324556,0.47058823529411764,0.11410691292050029,66.96555919883973,10.006930582372197,0.048452054838037675,1990,0.46308714404677287,-0.19779317970660887,0.0905036922241239,"[-1.08, 0.37, -0.39, -0.02]","['net_sharpe', 'dbl_sharpe', 'tri_sharpe', 'ret_2x', 'pos_folds', 'turnover', 'gross_edge', 'short_pnl']",3,27,1,6,0.45,2
-5.574350215022427,-3.4926397153641404,0.6265554873017767,0.5904319142171077,0.15033540495480283,-0.28887660920135266,-0.39373649232487773,0.17206360060164438,0.20842293808163048,0.17088629850805326,0.05143954689409662,0.5294117647058824,0.11390947582348544,66.80861401718514,17.593758623017617,0.047181759034799105,1990,0.58805070813102,-0.12271532762624159,0.09401702025837999,"[0.61, 0.37, -0.39, -0.02]","['net_sharpe', 'dbl_sharpe', 'tri_sharpe', 'pos_folds', 'turnover', 'gross_edge', 'short_pnl']",3,27,1,6,0.45,4
-13.476337095705818,-6.306650285922867,0.46797955862446156,0.33421374958345895,-0.09762712599637491,-0.5276713476960226,-0.39373649232487884,-0.1766163765072634,0.20842293808163093,0.1851149013633252,-0.08555761949727321,0.47058823529411764,0.11560118153383106,66.57460339184745,13.3053496722137,0.04760951335933852,1985,0.5094573293300138,-0.15877824566747947,0.09545883118881901,"[-0.33, 0.37, -0.39, -0.02]","['net_sharpe', 'dbl_sharpe', 'tri_sharpe', 'ret_2x', 'pos_folds', 'turnover', 'gross_edge', 'short_pnl']",3,27,1,6,0.45,6
-37.43577751957149,-15.720194247169148,0.4199243421336876,-0.14536171017466362,-0.5726672629309675,-0.9981061513934257,-1.605950643558108,-0.44510204689475485,0.24926812992090575,0.17385915871423385,-0.27083472495349564,0.23529411764705882,0.11111009713290966,63.38784040083123,5.0273245761842364,0.05113650085399357,1724,0.06114475340402384,0.06501413787932005,0.1117765970293018,"[0.11, -0.64, -0.25, -1.61]","['net_sharpe', 'dbl_sharpe', 'tri_sharpe', 'ret_1x', 'ret_2x', 'pos_folds', 'turnover', 'gross_edge']",3,27,1,6,0.6,0
-41.360945355277764,-16.078655625024336,0.38874004176920146,-0.3150926174569308,-0.7507860545868702,-1.1845072169541349,-1.6059506435580964,-0.5868725237412331,0.29685791732035227,0.19278764088587097,-0.28424279245551953,0.23529411764705882,0.10931007740925876,63.58598590301596,2.144821719984766,0.05226723594651749,1725,0.03041238327502231,0.023579389951367286,0.10613163362175705,"[-0.53, -0.64, -0.25, -1.61]","['net_sharpe', 'dbl_sharpe', 'tri_sharpe', 'ret_1x', 'ret_2x', 'pos_folds', 'turnover', 'gross_edge']",3,27,1,6,0.6,2
-36.61523865262108,-18.88685957719847,0.5158196497470178,0.10861818838971624,-0.3236760036499588,-0.7549067007585903,-1.6059506435581081,-0.4451020468947431,0.24926812992090197,0.17385915871423274,-0.1634123870151331,0.23529411764705882,0.10980935462625438,63.29359626737645,9.461975115630088,0.050886492929861166,1721,0.16570804751495444,0.07138376494631812,0.11026301979432607,"[1.08, -0.64, -0.25, -1.61]","['net_sharpe', 'dbl_sharpe', 'tri_sharpe', 'ret_2x', 'pos_folds', 'turnover', 'gross_edge']",3,27,1,6,0.6,4
-37.32297012124678,-15.717027410218003,0.42110869952632196,-0.10962567727946526,-0.5362532427559179,-0.9610875411648321,-1.6059506435581028,-0.44510204689475114,0.24926812992090264,0.17385915871423363,-0.2552509626763515,0.23529411764705882,0.11095301310577828,63.185822980561646,5.643190420354118,0.05119928384658434,1720,0.0731999178871411,0.06796257984357379,0.11115533524082147,"[0.24, -0.64, -0.25, -1.61]","['net_sharpe', 'dbl_sharpe', 'tri_sharpe', 'ret_1x', 'ret_2x', 'pos_folds', 'turnover', 'gross_edge']",3,27,1,6,0.6,6
-38.09189687192915,-12.86159403590362,0.3376464574380816,-0.25185783190696076,-0.6074137080119133,-0.961666039347864,-1.1554650097128107,-0.7546905202457044,0.30187968354573047,0.22392353283491384,-0.23631590558802681,0.35294117647058826,0.1114958736010194,52.91028435693981,2.2428245344690896,0.03367661489842504,1782,0.08337575894915167,-0.0363960440974422,0.06407609384106805,"[-1.0, -1.16, -0.51, 0.22]","['net_sharpe', 'dbl_sharpe', 'tri_sharpe', 'ret_1x', 'ret_2x', 'pos_folds', 'turnover', 'gross_edge', 'short_pnl']",3,27,1,9,0.0,0
-50.303073514771334,-15.477868773775796,0.3076923076923077,-0.8971379187575426,-1.238526003857702,-1.5773262920869844,-2.571820373395301,-1.0419960795078516,0.45395035755381574,0.3657852594800488,-0.31201225474154276,0.4117647058823529,0.11742852504934241,53.799021958513066,-12.202073640873419,0.03563394376524748,1792,0.012823120290396537,-0.27270919209619193,0.08244570906188967,"[-1.74, -0.34, -0.22, -2.57]","['net_sharpe', 'dbl_sharpe', 'tri_sharpe', 'ret_1x', 'ret_2x', 'pos_folds', 'turnover', 'gross_edge', 'short_pnl']",3,27,1,9,0.0,2
-13.712036885477003,-9.270340134877383,0.6760731620184008,0.4371491183106035,0.07927618378346628,-0.277288974899362,-0.6413079943087375,0.15062927990213468,0.21244123097040812,0.15631442318633437,0.0120978418830838,0.4117647058823529,0.1137164555872935,54.25147765069132,16.69182696469424,0.03320146179047664,1794,0.1901311986665502,0.16836984818896675,0.06121487788740959,"[-0.17, 0.65, -0.64, 0.47]","['net_sharpe', 'dbl_sharpe', 'tri_sharpe', 'pos_folds', 'turnover', 'gross_edge']",3,27,1,9,0.0,4
36.12744271819023,32.269679311983026,0.8932179220018578,0.7733362522988466,0.4824827366036447,0.19147923559066984,0.17062707945346453,0.45036138171991996,0.11447758005935671,0.09711201360825261,0.4880317888792856,0.5882352941176471,0.1299805338750858,50.39989762763308,27.207887897732114,0.030984528809912263,1775,0.44533777801245966,0.09753675212608375,0.08615255858849591,"[0.79, 0.17, 0.71, 0.19]","['net_sharpe', 'dbl_sharpe', 'turnover', 'gross_edge']",3,27,1,9,0.0,6
31.50601625212178,28.705938045501842,0.9111256026717955,0.9261902134303887,0.6201967245057459,0.3140703064268385,-0.15049827899644136,0.6747705315758592,0.13299828693883897,0.1104812710879548,0.5122933803209848,0.6470588235294118,0.11723252713194998,47.80173681384783,30.268092291490202,0.03121706551517298,1573,0.46841678491952815,0.10438413737526014,0.07284261431327166,"[-0.15, 0.45, 0.9, 1.4]","['turnover', 'gross_edge']",3,27,1,9,0.3,0
15.120981553326885,13.667861652779294,0.9039004250204988,0.8033176351382976,0.49765850155614944,0.19191463129126846,-0.5505521970557821,0.6747705315758573,0.17528189927402482,0.15970386199688136,0.3038738827507254,0.7058823529411765,0.11815911171782693,48.12108406419564,27.20927538888044,0.03185133634858442,1577,0.40450783270214774,0.11384725001400797,0.07468740282324914,"[-0.55, 0.45, 0.9, 1.4]","['dbl_sharpe', 'turnover', 'gross_edge']",3,27,1,9,0.3,2
40.210292907325375,36.7876107208468,0.9148804462984889,1.0115616642843648,0.7050330649212583,0.3981836423156315,0.141047167977509,0.6747705315758573,0.1377431069842262,0.12436412454554158,0.5713489721913283,0.6470588235294118,0.1170794667636478,47.8462438056013,32.291822164176295,0.03106957849481626,1574,0.41933088400306506,0.19233658517522573,0.07848346369595308,"[0.14, 0.45, 0.9, 1.4]","['turnover', 'gross_edge']",3,27,1,9,0.3,4
52.52999042308013,48.27196048281671,0.9189409724622267,1.058706983968248,0.7693107911507616,0.4791042344860507,0.4451464443388477,0.6786594843786127,0.1329982869388383,0.10721195608715417,0.6918958905251699,0.7058823529411765,0.1244621187933278,48.11214916064498,34.82874433738985,0.030985526772011822,1578,0.5239982025690901,0.13938971472203013,0.0794211031596379,"[0.45, 0.45, 0.9, 1.4]","['turnover', 'gross_edge']",3,27,1,9,0.3,6
5.281139560799989,4.657079796172201,0.8818323663968358,0.7464650815924346,0.42966211695524054,0.11281409001496925,-0.73392564379694,0.700088327607435,0.20744514011838533,0.19013386154403666,0.21255288699502412,0.5882352941176471,0.11600224269315018,48.996942232129925,25.251714661721554,0.033017014083294834,1452,0.4840504169317231,0.005767687880347011,0.08640673338211297,"[-0.73, 0.88, 0.52, 1.07]","['net_sharpe', 'dbl_sharpe', 'turnover', 'gross_edge']",3,27,1,9,0.45,0
-3.463667639657201,-2.940193750890235,0.8488671710953265,0.6377311172102463,0.3213525696571993,0.004949976197834865,-1.1214704821965757,0.7000883276074406,0.2454449557588808,0.22833443075181659,0.1271858347169591,0.5882352941176471,0.11679037386046053,49.25860233243879,22.629931268383555,0.03366447289519242,1455,0.41673279371668354,0.024573684243811414,0.08691101090565842,"[-1.12, 0.88, 0.52, 1.07]","['net_sharpe', 'dbl_sharpe', 'turnover', 'gross_edge']",3,27,1,9,0.45,2
21.042802952936714,19.070524340108996,0.9062730085322369,0.8915308193437421,0.578381772329358,0.26477518333511235,-0.1531194784069631,0.700088327607458,0.1923967196777301,0.18028453865455296,0.3237908251467603,0.5882352941176471,0.11612414097432057,48.52348142823322,28.89953472193638,0.032332990973831736,1445,0.4605582197439272,0.09460129328255117,0.08885315399961846,"[-0.15, 0.88, 0.52, 1.07]","['turnover', 'gross_edge']",3,27,1,9,0.45,4
33.69795706333897,30.63573645611235,0.9091274108554759,0.9236517315299123,0.6281322222739844,0.33186057739997693,0.16192577588334695,0.7000883276074559,0.18319960969896942,0.16855085871043374,0.39605214418748697,0.6470588235294118,0.12368335455662582,48.820934298039546,30.85974852171074,0.032355671472694705,1450,0.5614505091740567,0.034998678777151224,0.09307060235478715,"[0.16, 0.88, 0.52, 1.07]","['turnover', 'gross_edge']",3,27,1,9,0.45,6
-35.97880944426146,-12.540613322072813,0.34855553910144776,-0.1901182643255375,-0.4954360023831422,-0.7995383956191339,-1.7062933092830188,-0.49005429536927947,0.2278521168878005,0.18111855672303112,-0.2704804699318856,0.29411764705882354,0.1149144297036971,46.855789336735704,2.8848099381966112,0.03563498812230959,1269,0.1822455310707733,-0.12873300571727822,0.06752960708469227,"[-0.81, -0.17, 0.69, -1.71]","['net_sharpe', 'dbl_sharpe', 'tri_sharpe', 'ret_1x', 'ret_2x', 'pos_folds', 'turnover', 'gross_edge', 'short_pnl']",3,27,1,9,0.6,0
-42.172373171353144,-14.441354976953459,0.3424363840819654,-0.3672424240284746,-0.6727594683361924,-0.977047902551341,-1.7062933092830228,-0.8209777616954878,0.2886091518074396,0.24509440917158154,-0.2801548882752786,0.29411764705882354,0.11530645083352115,47.041508506694576,-1.5251682086826526,0.03671437055272202,1269,0.11380361669675851,-0.14220725455014716,0.0652970898219564,"[-1.47, -0.17, 0.69, -1.71]","['net_sharpe', 'dbl_sharpe', 'tri_sharpe', 'ret_1x', 'ret_2x', 'pos_folds', 'turnover', 'gross_edge', 'short_pnl']",3,27,1,9,0.6,2
-30.77341339812776,-10.995632355798104,0.3573094805422876,-0.010853339859670205,-0.31558361041071076,-0.6195583505836167,-1.7062933092830173,-0.15120569357414682,0.21152919892047317,0.1591467910971247,-0.19860117455025486,0.29411764705882354,0.11499001922433093,46.73815848043629,7.248650117354304,0.03517755012634276,1265,0.18252128949617583,-0.048398148059537474,0.06917495446888586,"[-0.13, -0.17, 0.69, -1.71]","['net_sharpe', 'dbl_sharpe', 'tri_sharpe', 'ret_1x', 'ret_2x', 'pos_folds', 'turnover', 'gross_edge', 'short_pnl']",3,27,1,9,0.6,4
-27.43057780079903,-12.983459045706406,0.4733206547814027,0.08871219575974083,-0.19779510882245213,-0.48410978993339,-1.7062933092830526,0.02453797920343266,0.2115291989204825,0.15287094919968924,-0.14719364912208227,0.35294117647058826,0.12232496116289246,46.705257976108854,9.752876793449902,0.034786875135803516,1267,0.2604739442006656,-0.08014165502112489,0.07379691459716858,"[0.22, -0.17, 0.69, -1.71]","['net_sharpe', 'dbl_sharpe', 'tri_sharpe', 'ret_2x', 'pos_folds', 'turnover', 'gross_edge', 'short_pnl']",3,27,1,9,0.6,6
15.185418781436294,11.43211822141658,0.7528352287124273,0.46266255199469347,0.1935972542093178,-0.07449521587845805,-0.045225881154113336,0.20695762434782156,0.1553060707107491,0.14457280746392887,0.10312497601967235,0.6470588235294118,0.11753012317854702,42.13004092501322,20.261476474003228,0.02602065167018828,1352,0.23562621427051955,0.10231250456745872,0.046783937071292435,"[0.2, 0.22, -0.05, 0.38]","['net_sharpe', 'dbl_sharpe', 'tri_sharpe', 'turnover', 'gross_edge']",3,27,1,12,0.0,0
-13.597177456672691,-8.664962457226425,0.6372618497358931,0.3051204695639996,0.045334191764827295,-0.21434648568999762,-0.851571669289935,0.1394259738242924,0.20242030291132496,0.1891434225366767,-0.0069189720890466605,0.5294117647058824,0.11525137045913313,39.898186721443565,16.33050179758794,0.024830401387729028,1348,0.20328395742663677,0.0546613733716984,0.03784732758226938,"[-0.85, 0.16, 0.12, 0.85]","['net_sharpe', 'dbl_sharpe', 'tri_sharpe', 'ret_2x', 'turnover', 'gross_edge']",3,27,1,12,0.0,2
59.463309344434876,56.58743749018669,0.9516361957322287,1.2329842546126146,0.9753958408329377,0.7175520664928425,0.4407034058205057,0.6978162981114068,0.1158037487326482,0.09834573687856907,0.9927213561005874,0.7647058823529411,0.11871486579068523,40.71823638702568,43.383301062168094,0.023943181326567996,1337,0.515129251666421,0.18420779735107373,0.07381435559035551,"[1.95, 0.68, 0.44, 0.71]",['turnover'],3,27,1,12,0.0,4
-35.728144230266174,-14.381613746060605,0.4025289881660742,-0.13811948607183966,-0.3783939646323188,-0.6182434755161379,-1.5309485193882053,-0.08190546759330111,0.29827660495526453,0.28250534956452833,-0.168885327158187,0.23529411764705882,0.11812073466868621,37.83669016527684,3.1871114441348514,0.024643422460388996,1336,0.23538742609961777,-0.18764710111385324,0.08612943443230095,"[-1.53, 0.21, -0.38, 0.27]","['net_sharpe', 'dbl_sharpe', 'tri_sharpe', 'ret_1x', 'ret_2x', 'pos_folds', 'turnover', 'gross_edge', 'short_pnl']",3,27,1,12,0.0,6
-1.925874919635251,-1.6050168520520358,0.8333962064140782,0.48974655932990285,0.24773447495466558,0.005911999449611354,-0.4642169696537043,0.08936429578312591,0.15479111524203382,0.12975027622045376,0.1448801317325037,0.47058823529411764,0.11687106357183166,37.68476041185631,22.688891364755747,0.02479051140786204,1231,0.27497457130515945,0.0635217995735129,0.10143095033519212,"[-0.46, 1.41, 0.34, -0.16]","['net_sharpe', 'dbl_sharpe', 'pos_folds', 'turnover', 'gross_edge']",3,27,1,12,0.3,0
-15.709779844861925,-9.885531694300692,0.6292597217734961,0.3245881885449703,0.08716608712933571,-0.1500110897857731,-0.984909689447047,0.08936429578313682,0.19298333379003263,0.18027619718277832,0.017250694316505232,0.47058823529411764,0.11924629799692117,37.725409410084644,17.706347314091392,0.024908155716546608,1228,0.2863390852129849,-0.02189252458698316,0.0953829954767755,"[-0.98, 1.41, 0.34, -0.16]","['net_sharpe', 'dbl_sharpe', 'tri_sharpe', 'pos_folds', 'turnover', 'gross_edge', 'short_pnl']",3,27,1,12,0.3,2
17.36599924758903,16.329971109063212,0.9403415764474565,0.7443950590068622,0.5089131197932962,0.2731591534065248,-0.1603454388573512,0.4182631716891497,0.15479111524203237,0.129750276220453,0.3534042220144397,0.5294117647058824,0.11832412321286333,37.16473027274318,31.22143523872339,0.024000753820064474,1225,0.3456623070283631,0.11370367571053586,0.10496196373404723,"[0.5, 1.41, 0.34, -0.16]","['net_sharpe', 'turnover', 'gross_edge']",3,27,1,12,0.3,4
-1.1309118684885946,-0.9443144985705347,0.8350027308781915,0.4898726111999769,0.25149845489672396,0.013181585827487307,-0.42816895681288664,0.0893642957831311,0.15479111524203448,0.13978353311221636,0.14878045533441445,0.47058823529411764,0.11802828678371234,37.49736047861958,22.917023204047478,0.024713659993055123,1226,0.2909268587313546,0.04927280890117662,0.10078728850974837,"[-0.43, 1.41, 0.34, -0.16]","['net_sharpe', 'dbl_sharpe', 'pos_folds', 'turnover', 'gross_edge']",3,27,1,12,0.3,6
-27.800801738098706,-10.749582933717566,0.3866644938871007,-0.00981564355780976,-0.25692098605308017,-0.503511512261952,-1.1335532730656959,-0.4543883977862879,0.21676035618025358,0.20341608776846898,-0.1604955165023714,0.47058823529411764,0.1129332255759787,37.21032991689652,7.268731354993472,0.025751323288690602,1141,0.1958839854877642,-0.08880675709157702,0.08114624354891128,"[-1.13, 1.13, -0.41, -0.5]","['net_sharpe', 'dbl_sharpe', 'tri_sharpe', 'ret_1x', 'ret_2x', 'pos_folds', 'turnover', 'gross_edge', 'short_pnl']",3,27,1,12,0.45,0
-30.01874375338343,-11.545472823534823,0.3846087937052171,-0.039060811388742976,-0.2830429267588247,-0.5267116960924735,-1.1872416116849187,-0.45438839778629214,0.2347877905679926,0.22316705236735201,-0.1631327241406773,0.47058823529411764,0.11471580524221785,37.2907313913427,6.3284096195278945,0.025640280421561672,1140,0.21025220290686564,-0.11682561972735477,0.07231493313301862,"[-1.19, 1.13, -0.41, -0.5]","['net_sharpe', 'dbl_sharpe', 'tri_sharpe', 'ret_1x', 'ret_2x', 'pos_folds', 'turnover', 'gross_edge', 'short_pnl']",3,27,1,12,0.45,2
-7.495098926032083,-5.358614541494901,0.7149491413493271,0.34732787052294267,0.1043506058545424,-0.1389404812371759,-0.5008764833756121,-0.11023568011827449,0.1695259702724271,0.15837265758150731,0.032041794554238064,0.5294117647058824,0.11372341877108892,36.83566111073264,18.329502617645094,0.024872240577545852,1138,0.2626411224047637,0.004655906651794987,0.08116305055666088,"[0.19, 1.13, -0.41, -0.5]","['net_sharpe', 'dbl_sharpe', 'tri_sharpe', 'pos_folds', 'turnover', 'gross_edge']",3,27,1,12,0.45,4
-11.125635959760812,-5.576508057361513,0.5012304984210001,0.24352866242694957,-0.005051488857646177,-0.25364899667762164,-0.5008764833756173,-0.31005813420726136,0.16680697792793253,0.16125528416175594,-0.04137153519672837,0.47058823529411764,0.11285373514598768,37.381741706044686,14.94087945391072,0.02550792980800692,1141,0.24170734659288043,-0.020596179579877114,0.0719639119461387,"[-0.21, 1.13, -0.41, -0.5]","['net_sharpe', 'dbl_sharpe', 'tri_sharpe', 'ret_2x', 'pos_folds', 'turnover', 'gross_edge', 'short_pnl']",3,27,1,12,0.45,6
-45.72756288166722,-16.004773492274744,0.3500027660273858,-0.6959680276977839,-0.9450438617815204,-1.1930494499687831,-1.4953686599099845,-1.0652260490803185,0.3567450765982212,0.28364707007234247,-0.289459391780924,0.17647058823529413,0.10892345012107359,36.249101041099614,-13.329862924613854,0.02805897446113338,1031,0.02086043041092954,-0.2121529144894211,0.08279131462401501,"[-1.5, -0.04, -0.69, -1.44]","['net_sharpe', 'dbl_sharpe', 'tri_sharpe', 'ret_1x', 'ret_2x', 'pos_folds', 'turnover', 'gross_edge', 'short_pnl']",3,27,1,12,0.6,0
-46.55975728569579,-16.284731804881538,0.349759808775562,-0.7217509747773536,-0.9675505052074087,-1.2125003875844376,-1.5539594282145741,-1.06522604908032,0.37358550258129464,0.30367205653264917,-0.2871048408902266,0.17647058823529413,0.11082967401904854,36.32806214794236,-14.476364143504506,0.027927732651033377,1030,0.03282877667501515,-0.24102685347686004,0.07393079176443318,"[-1.55, -0.04, -0.69, -1.44]","['net_sharpe', 'dbl_sharpe', 'tri_sharpe', 'ret_1x', 'ret_2x', 'pos_folds', 'turnover', 'gross_edge', 'short_pnl']",3,27,1,12,0.6,2
-40.88582153198099,-14.337671669130083,0.3506758854757296,-0.3706868392717812,-0.6157668331530846,-0.8606258292265183,-1.4448731898909706,-0.4910486588540445,0.3338470310245325,0.260476925366684,-0.21399831218446824,0.23529411764705882,0.1104934621028057,36.030337220387885,-3.7851432659045643,0.027456397090374868,1027,0.09614228675766895,-0.15013381637154333,0.07627192242475916,"[-0.3, -0.04, -0.69, -1.44]","['net_sharpe', 'dbl_sharpe', 'tri_sharpe', 'ret_1x', 'ret_2x', 'pos_folds', 'turnover', 'gross_edge', 'short_pnl']",3,27,1,12,0.6,4
-44.67689624482307,-15.649931662031666,0.3502913804994925,-0.6056051380325617,-0.8540177244024092,-1.1017548653255782,-1.444873189890967,-0.9214283628078838,0.3557965316690884,0.2842913263234267,-0.2656733073436292,0.17647058823529413,0.10923412246623074,36.15530133766494,-10.703745104504009,0.02801201013034874,1026,0.022612330519502427,-0.1758207832343321,0.07650149205967091,"[-1.16, -0.04, -0.69, -1.44]","['net_sharpe', 'dbl_sharpe', 'tri_sharpe', 'ret_1x', 'ret_2x', 'pos_folds', 'turnover', 'gross_edge', 'short_pnl']",3,27,1,12,0.6,6
-32.6504957829734,-13.615629504453413,0.4170114167624278,-0.179370498029203,-0.36553976690282003,-0.5512942421021104,-1.4527351507127353,-0.050968402274292765,0.27375517245121006,0.25212014877304856,-0.1912801932361878,0.35294117647058826,0.12554541628827495,31.190841634619023,0.08461666518622746,0.019762684109950784,1072,0.19184437086029033,-0.19079951115343594,0.09583398697764667,"[-1.45, 0.17, 0.28, -0.27]","['net_sharpe', 'dbl_sharpe', 'tri_sharpe', 'ret_1x', 'ret_2x', 'pos_folds', 'turnover', 'gross_edge', 'short_pnl']",3,27,1,15,0.0,0
-22.93687644580299,-11.760284403049036,0.5127238850868442,0.19007246078639536,-0.011901195728830482,-0.21338414361683647,-0.7723636462206879,-0.20814223921563996,0.2391474000623871,0.22405357262231884,-0.03454354607282521,0.47058823529411764,0.11751607086856339,31.6733454029713,14.456816517259938,0.019622518773322262,1060,0.2780678258166534,-0.09679129195254074,0.07574570881215463,"[-0.23, -0.77, -0.18, 1.09]","['net_sharpe', 'dbl_sharpe', 'tri_sharpe', 'ret_2x', 'pos_folds', 'turnover', 'gross_edge', 'short_pnl']",3,27,1,15,0.0,2
19.02425180315619,18.450806506049112,0.9698571432379832,0.8846406690855232,0.6678109917165939,0.4514862249473237,-0.49613357838024685,0.8187446937896194,0.17290837516032131,0.16281982579875187,0.42886914214570765,0.5882352941176471,0.11716464688599454,33.70948220875092,38.260886017752725,0.020277793486552037,1073,0.4159063211639589,0.09469517983655235,0.0404746370137718,"[0.94, -0.5, 0.69, 1.4]","['turnover', 'gross_edge']",3,27,1,15,0.0,4
2.2377521894132983,1.8100107797826495,0.8088521992496427,0.4291852490498628,0.22411017588872134,0.019103024042618343,-0.32929774804768747,-0.12844227067771471,0.12441009680266779,0.10205520343100927,0.1652404544019545,0.47058823529411764,0.12580087114126806,34.37965690647908,22.88918480325655,0.02106450507808627,1081,0.23716897233540943,0.07436602848244267,0.03634700767381904,"[1.1, -0.33, -0.02, -0.24]","['net_sharpe', 'dbl_sharpe', 'pos_folds', 'turnover', 'gross_edge']",3,27,1,15,0.0,6
-31.882874038752956,-13.381530735090232,0.41970904877726095,-0.297595572438927,-0.4859005554064062,-0.6736157266044237,-1.1561894512499942,-0.39803022708114383,0.2449524674281831,0.20509690152572435,-0.25987725950365864,0.4117647058823529,0.1203402619854251,30.261225814056857,-4.179534976732884,0.020479953532642682,1016,0.09490439328697738,-0.144975761985037,0.045828977354247936,"[-1.16, 0.29, 0.1, -0.89]","['net_sharpe', 'dbl_sharpe', 'tri_sharpe', 'ret_1x', 'ret_2x', 'pos_folds', 'turnover', 'gross_edge', 'short_pnl']",3,27,1,15,0.3,0
-13.40901822161533,-6.291872613894757,0.4692269418914102,0.05501198821373162,-0.13708440918381132,-0.3287835320045336,-0.89242114453487,0.07084475503944448,0.17949479333732443,0.15458968641067283,-0.12806465893885127,0.5294117647058824,0.11844095613718564,30.355594702448336,9.816361896764045,0.020287848204237537,1016,0.2079585691438473,-0.08999054938751871,0.05086272326010198,"[0.05, 0.29, 0.1, -0.89]","['net_sharpe', 'dbl_sharpe', 'tri_sharpe', 'ret_1x', 'ret_2x', 'turnover', 'gross_edge', 'short_pnl']",3,27,1,15,0.3,2
-15.236975783878416,-8.3654602553372,0.5490236628313299,0.06811983895618946,-0.1216499559689297,-0.3109076593642619,-0.8924211445348631,0.0962189037106902,0.18848794424109716,0.1545896864106735,-0.11322179765793641,0.47058823529411764,0.11899380001526152,30.12787437862554,10.290911730282946,0.020288933815027384,1017,0.18534662144852615,-0.06260345363882733,0.04012276455829551,"[0.1, 0.29, 0.1, -0.89]","['net_sharpe', 'dbl_sharpe', 'tri_sharpe', 'ret_2x', 'turnover', 'gross_edge', 'short_pnl']",3,27,1,15,0.3,4
-9.54409053121421,-6.662282843047051,0.6980531902183736,0.3311052894001094,0.15757523246099,-0.015881592745351943,-0.8924211445348711,0.19442531016117992,0.18291697369608106,0.15458968641067006,0.06647571685826839,0.5294117647058824,0.12926945169983858,29.904743443143516,21.67396535569924,0.019705254807093862,1015,0.3438518540575109,-0.08725375282409369,0.04761302622540929,"[0.91, 0.29, 0.1, -0.89]","['net_sharpe', 'dbl_sharpe', 'tri_sharpe', 'turnover', 'gross_edge', 'short_pnl']",3,27,1,15,0.3,6
-35.0242688799341,-13.622439834658998,0.3889428750492344,-0.25943799654115607,-0.466313013379615,-0.6729629911361223,-1.4441054245272773,-0.3731739824798441,0.26695494376197537,0.20695186650745112,-0.22081645777605646,0.4117647058823529,0.11587842373190485,31.92689894233214,-1.7992225619252697,0.02165812176986637,957,0.16526856304845575,-0.1880099322358567,0.05491873565317037,"[0.19, -1.44, -0.17, -0.58]","['net_sharpe', 'dbl_sharpe', 'tri_sharpe', 'ret_1x', 'ret_2x', 'pos_folds', 'turnover', 'gross_edge', 'short_pnl']",3,27,1,15,0.45,0
-33.473361506173006,-13.325579698599036,0.3980950552618264,-0.0764682209744928,-0.28672375125812827,-0.49681259551464335,-1.4441054245272829,-0.37317398247984634,0.2669549437619745,0.20695186650745145,-0.1442434743681081,0.47058823529411764,0.1141877251370443,32.00068834959656,4.8771967621708985,0.021642156952927673,955,0.20195466276741453,-0.14016659990152025,0.05829953133892436,"[0.88, -1.44, -0.17, -0.58]","['net_sharpe', 'dbl_sharpe', 'tri_sharpe', 'ret_1x', 'ret_2x', 'pos_folds', 'turnover', 'gross_edge', 'short_pnl']",3,27,1,15,0.45,2
-34.61757982501921,-13.648544354076396,0.39426627808949727,-0.1374732841177529,-0.34686605155810735,-0.5560473370546885,-1.4441054245272942,-0.3731739824798514,0.26695494376197615,0.20695186650745423,-0.16890698131393753,0.4117647058823529,0.11418968598381087,31.861436142406752,2.6634291010560545,0.021843188878243464,953,0.14735106314184043,-0.11375553515761691,0.05339235819819779,"[0.66, -1.44, -0.17, -0.58]","['net_sharpe', 'dbl_sharpe', 'tri_sharpe', 'ret_1x', 'ret_2x', 'pos_folds', 'turnover', 'gross_edge', 'short_pnl']",3,27,1,15,0.45,4
-32.618859224633184,-16.526784604185735,0.5066634761924783,0.14964192135535415,-0.03971302538872169,-0.2292599870117593,-1.444105424527287,-0.37317398247985156,0.26695494376197515,0.20695186650745134,-0.047603556008091304,0.47058823529411764,0.1254155939504805,31.65106565452477,13.291283266227323,0.021197964217002766,951,0.3075012537710021,-0.140956777448455,0.06093387172532114,"[1.37, -1.44, -0.17, -0.58]","['net_sharpe', 'dbl_sharpe', 'tri_sharpe', 'ret_2x', 'pos_folds', 'turnover', 'gross_edge', 'short_pnl']",3,27,1,15,0.45,6
-44.887258859018864,-17.508673336281067,0.3900588670667552,-0.28693688700431436,-0.4914598269884247,-0.6955382812695635,-2.2244875658596928,-0.7543571242506771,0.3399532762136481,0.2911839591146329,-0.18112982776454806,0.35294117647058826,0.11566297108104191,31.56420153663788,-3.079960987435983,0.022344399804644356,885,0.06816490981956355,-0.10665199365116207,0.06448136486607838,"[-1.04, -0.47, -2.22, 1.29]","['net_sharpe', 'dbl_sharpe', 'tri_sharpe', 'ret_1x', 'ret_2x', 'pos_folds', 'turnover', 'gross_edge', 'short_pnl']",3,27,1,15,0.6,0
-42.731789322547314,-16.876890981516148,0.3949493164006381,-0.1383865073801836,-0.3456132402459011,-0.5523392297911586,-2.2244875658596985,-0.49957690225580764,0.33105826083008794,0.28717240369878094,-0.13526996914944908,0.35294117647058826,0.1137694505554755,31.481765510752123,2.4111360122018914,0.02245286861946961,879,0.0844686643122802,-0.05441788272167245,0.06386862303647722,"[-0.53, -0.47, -2.22, 1.29]","['net_sharpe', 'dbl_sharpe', 'tri_sharpe', 'ret_1x', 'ret_2x', 'pos_folds', 'turnover', 'gross_edge', 'short_pnl']",3,27,1,15,0.6,2
-44.26637876371454,-17.358413834300727,0.39213539302495504,-0.17850913271007587,-0.3855221629101304,-0.5920890772775983,-2.2244875658596914,-0.5721353176545374,0.34261877582360856,0.2946499494216972,-0.14354948872650683,0.29411764705882354,0.11393711475162485,31.477539904875503,0.9411348874440667,0.022602462765411672,881,0.04001686754498117,-0.028288768131435972,0.06425362521785345,"[-0.68, -0.47, -2.22, 1.29]","['net_sharpe', 'dbl_sharpe', 'tri_sharpe', 'ret_1x', 'ret_2x', 'pos_folds', 'turnover', 'gross_edge', 'short_pnl']",3,27,1,15,0.6,4
-37.80034428866772,-19.902510012349467,0.5265166332973348,0.11056972095782992,-0.0766474575915434,-0.2638783407802145,-2.224487565859689,-0.06951180775454391,0.3264585893594394,0.2871724036987823,-0.052711384364042435,0.35294117647058826,0.12517593958180467,31.252791908754244,11.597963654062752,0.021909218604935936,879,0.1996318317728784,-0.05613393149532693,0.071770143926059,"[0.33, -0.47, -2.22, 1.29]","['net_sharpe', 'dbl_sharpe', 'tri_sharpe', 'ret_2x', 'pos_folds', 'turnover', 'gross_edge', 'short_pnl']",3,27,1,15,0.6,6
-35.46367660291472,-18.764364961407132,0.5291150483778355,0.23231171538217343,-0.42034337039383635,-1.0695853867242824,-1.684919544696292,-0.19003984293565457,0.30371379163352297,0.15305553490721657,-0.1830686571597768,0.47058823529411764,0.11901543381621131,103.63728237826868,10.190906054032451,0.05789783984723757,4967,0.21692288685580535,0.2011998619539439,0.0940855970040978,"[-0.13, 0.12, -1.68, -0.25]","['net_sharpe', 'dbl_sharpe', 'tri_sharpe', 'ret_2x', 'pos_folds', 'turnover', 'gross_edge']",3,27,2,6,0.0,0
-45.726299128884165,-18.019540886885395,0.39407389686393623,-0.22712968604729208,-0.8852396692589418,-1.5358725205052277,-1.743492913300669,-0.6683737317233611,0.44618003865671085,0.28089143260970273,-0.23976242182747512,0.35294117647058826,0.11924150976601224,105.05724769936575,4.918426369246844,0.06071377731430172,4980,0.16965663077031312,0.034906412378319346,0.07918869283838431,"[-1.74, -0.07, -0.05, -1.27]","['net_sharpe', 'dbl_sharpe', 'tri_sharpe', 'ret_1x', 'ret_2x', 'pos_folds', 'turnover', 'gross_edge']",3,27,2,6,0.0,2
-34.08764114698035,-19.02867794341931,0.5582280645753912,0.2614892882593849,-0.3853379805806177,-1.0256766278720852,-1.4070858205511987,-0.46506700740150814,0.28437733805116117,0.1503940760824375,-0.1867902610373481,0.5294117647058824,0.12177918678362973,105.22961496802962,10.537462499567544,0.05865305284083793,4956,0.26154324441501847,0.17744107357621178,0.09586498966623527,"[0.43, -1.41, -1.02, 0.09]","['net_sharpe', 'dbl_sharpe', 'tri_sharpe', 'ret_2x', 'pos_folds', 'turnover', 'gross_edge']",3,27,2,6,0.0,4
-34.73740819246491,-18.523301826575253,0.5332378778504623,0.2671406540982603,-0.3850205722085936,-1.0342185429156006,-1.6849195446962868,-0.13438615721700964,0.3037577992012348,0.15310477698127012,-0.16934167117621532,0.47058823529411764,0.11868249720987686,103.23571951636848,10.593330443994034,0.05782077151457362,4959,0.23445669077169262,0.19849305736946965,0.0938753676113529,"[-0.02, 0.12, -1.68, -0.25]","['net_sharpe', 'dbl_sharpe', 'tri_sharpe', 'ret_2x', 'pos_folds', 'turnover', 'gross_edge']",3,27,2,6,0.0,6
-44.80870133919006,-16.684643478107667,0.3723527569301621,-0.04764879903799951,-0.6717398704172253,-1.2901333938866504,-2.620637106962977,-0.3001760102218012,0.3858969884507225,0.23024824234491248,-0.2206812548749111,0.35294117647058826,0.1211409199957579,101.11092965233107,6.956766937017638,0.06288404743058312,4384,0.3403782657280344,-0.06190690296530158,0.11173770692116346,"[0.16, -2.62, 0.14, -0.74]","['net_sharpe', 'dbl_sharpe', 'tri_sharpe', 'ret_1x', 'ret_2x', 'pos_folds', 'turnover', 'gross_edge', 'short_pnl']",3,27,2,6,0.3,0
-49.569894663793065,-16.79293372721014,0.3387728346228677,-0.39907399585312964,-1.0363546942237294,-1.6670180494037812,-2.6206371069629766,-0.8901091761135876,0.45474763096143433,0.2908650829483489,-0.27089432431038135,0.4117647058823529,0.11952514002793316,102.00267736537428,2.828540670557913,0.06461768570696175,4391,0.22732805240376433,-0.11310625720601628,0.10357365386001001,"[-1.04, -2.62, 0.14, -0.74]","['net_sharpe', 'dbl_sharpe', 'tri_sharpe', 'ret_1x', 'ret_2x', 'pos_folds', 'turnover', 'gross_edge', 'short_pnl']",3,27,2,6,0.3,2
-43.68054686813439,-16.280668397681353,0.37272125843182474,-0.03070181337819759,-0.6550901695529419,-1.2755238294130453,-2.620637106962981,-0.3001760102218067,0.36979750709217696,0.23024824234491237,-0.22744291300820071,0.4117647058823529,0.12244911637273052,102.0422680462827,7.148387717882197,0.06269021658724414,4393,0.3896335256345081,-0.10085613655178027,0.11032306006658285,"[0.19, -2.62, 0.14, -0.74]","['net_sharpe', 'dbl_sharpe', 'tri_sharpe', 'ret_1x', 'ret_2x', 'pos_folds', 'turnover', 'gross_edge', 'short_pnl']",3,27,2,6,0.3,4
-44.72853752501917,-16.689292360606654,0.3731240340972785,-0.01408214325123374,-0.6376762250508513,-1.2559781996636736,-2.6206371069629752,-0.3001760102217981,0.38589708604074857,0.23024824234491525,-0.2101965462735463,0.35294117647058826,0.1208166464807906,100.70769487457916,7.357831063918144,0.06281219191749865,4376,0.35788151260840284,-0.06453059554789715,0.11151085458010129,"[0.28, -2.62, 0.14, -0.74]","['net_sharpe', 'dbl_sharpe', 'tri_sharpe', 'ret_1x', 'ret_2x', 'pos_folds', 'turnover', 'gross_edge', 'short_pnl']",3,27,2,6,0.3,6
-23.03308863411973,-11.764786639656233,0.5107776393578688,0.5028490422768004,-0.0968104503573163,-0.6935951372555651,-1.0480120431624473,-0.013396732066272017,0.24224307653620436,0.19256382395298366,-0.07923357549572498,0.5294117647058824,0.12239177264313437,97.85615008052172,13.795253685585063,0.06327069081538106,3877,0.7014628560564511,-0.16703043146599295,0.10126249604651114,"[0.51, -1.05, -0.1, 0.07]","['net_sharpe', 'dbl_sharpe', 'tri_sharpe', 'ret_2x', 'pos_folds', 'turnover', 'gross_edge', 'short_pnl']",3,27,2,6,0.45,0
-38.41823011218476,-13.353778105848463,0.34758962260505505,-0.006672756024575708,-0.6189814633052034,-1.2260738218526737,-1.2419846485834258,-0.5735745455738158,0.3676978227990064,0.2404877147107134,-0.21391239641125875,0.47058823529411764,0.12024975858973531,98.3739554396277,7.413270421295274,0.06545541586213874,3881,0.5380294153293756,-0.2493173329307828,0.09576972346316003,"[-1.24, -1.05, -0.1, 0.07]","['net_sharpe', 'dbl_sharpe', 'tri_sharpe', 'ret_1x', 'ret_2x', 'pos_folds', 'turnover', 'gross_edge', 'short_pnl']",3,27,2,6,0.45,2
-28.072539185112813,-12.996544951329117,0.46296292849138965,0.3181170782275638,-0.2790630437794216,-0.8734978343098974,-1.0480120431624542,-0.09742839595361602,0.2716671130761851,0.1925638239529831,-0.15173256808608593,0.47058823529411764,0.12337311049815544,98.22091356815636,11.501535570811116,0.06334506920665813,3881,0.702055776600084,-0.25482181123392583,0.10304652477852087,"[-0.1, -1.05, -0.1, 0.07]","['net_sharpe', 'dbl_sharpe', 'tri_sharpe', 'ret_2x', 'pos_folds', 'turnover', 'gross_edge', 'short_pnl']",3,27,2,6,0.45,4
-22.86968778465461,-11.777097747177693,0.5149653925350061,0.5375465828724224,-0.06136346143756015,-0.6578012989548734,-1.048012043162444,-0.013396732066269464,0.24224307653620358,0.19256382395298455,-0.06132702068459542,0.5294117647058824,0.1220646681555426,97.4529161651205,14.238008307915361,0.06319712885297472,3869,0.7189661129459156,-0.16965414134730725,0.10103564600102635,"[0.64, -1.05, -0.1, 0.07]","['net_sharpe', 'dbl_sharpe', 'tri_sharpe', 'ret_2x', 'pos_folds', 'turnover', 'gross_edge', 'short_pnl']",3,27,2,6,0.45,6
-39.54357702688493,-21.837907881921065,0.5522491773334993,0.20706649832152485,-0.3935812351648157,-0.9908657728987528,-1.736003977960672,-0.5676029908441562,0.3264063716811305,0.20807911900084797,-0.16071908806493523,0.47058823529411764,0.11872824595634279,95.12290824408234,10.14958063067673,0.06666728102140299,3360,0.17565198548880845,0.20656343124654475,0.10606684676369053,"[1.01, -1.74, 0.25, -1.39]","['net_sharpe', 'dbl_sharpe', 'tri_sharpe', 'ret_2x', 'pos_folds', 'turnover', 'gross_edge']",3,27,2,6,0.6,0
-46.01841655643262,-19.201042380567415,0.41724691585207146,-0.3220991164505631,-0.9367703444343661,-1.5453957187275422,-1.73600397796067,-1.117624726897583,0.3949560688298379,0.225352822044793,-0.27757886944901816,0.4117647058823529,0.11633821149780278,95.63886437653626,3.6350629097438367,0.06916719399901923,3364,0.01574761905957814,0.12188498424545417,0.10054422994826138,"[-0.85, -1.74, 0.25, -1.39]","['net_sharpe', 'dbl_sharpe', 'tri_sharpe', 'ret_1x', 'ret_2x', 'pos_folds', 'turnover', 'gross_edge']",3,27,2,6,0.6,2
-42.69572631595633,-18.030843688056944,0.4223102695249951,-0.10713651741357487,-0.7173610130992435,-1.3233191663487371,-1.7360039779606768,-0.7302744177824546,0.34231164399851877,0.20807911900084752,-0.25392648083713387,0.4117647058823529,0.11696229231416017,95.24329722386013,6.2680068196641345,0.06765770081619608,3360,0.14404890418661628,0.0922919847944043,0.10827978506233528,"[-0.07, -1.74, 0.25, -1.39]","['net_sharpe', 'dbl_sharpe', 'tri_sharpe', 'ret_1x', 'ret_2x', 'pos_folds', 'turnover', 'gross_edge']",3,27,2,6,0.6,4
-39.43802150839166,-21.945587782928367,0.5564576249916281,0.24203412277228234,-0.35796139757525125,-0.9550270950563304,-1.7360039779606649,-0.5676029908441614,0.3264063716811312,0.20807911900084708,-0.14788041045004416,0.47058823529411764,0.11839449316306663,94.71966936514568,10.589592190365831,0.06659846205781604,3352,0.19315522611415237,0.2039397491106957,0.10583996785929015,"[1.15, -1.74, 0.25, -1.39]","['net_sharpe', 'dbl_sharpe', 'tri_sharpe', 'ret_2x', 'pos_folds', 'turnover', 'gross_edge']",3,27,2,6,0.6,6
-37.499315555656295,-19.75394572614896,0.526781500767134,0.19801797046630099,-0.26851191598629703,-0.7334129085011256,-1.4386841815269267,-0.3142828248968538,0.31444807960026533,0.24407663324545992,-0.12199437004278448,0.29411764705882354,0.11914505848633503,74.13668297251816,10.692148542261341,0.04187655118089101,3369,0.28856337242989505,0.025251207484229182,0.0735616577447682,"[-0.37, -1.44, -0.26, 0.87]","['net_sharpe', 'dbl_sharpe', 'tri_sharpe', 'ret_2x', 'pos_folds', 'turnover', 'gross_edge']",3,27,2,9,0.0,0
-49.38332796620692,-12.662391786206902,0.2564102564102564,-0.7765472534473697,-1.2287358623836182,-1.6751327519568835,-2.3332446472637,-1.1362935723072178,0.4800969111187656,0.363927426559566,-0.3040697519243951,0.47058823529411764,0.12182213165004041,74.15455469822007,-5.2917534018703005,0.04425460282291122,3384,-0.052147927116647744,-0.10320248567591608,0.08129225092609836,"[-2.15, 0.24, -0.12, -2.33]","['net_sharpe', 'dbl_sharpe', 'tri_sharpe', 'ret_1x', 'ret_2x', 'pos_folds', 'turnover', 'gross_edge', 'long_pnl', 'short_pnl']",3,27,2,9,0.0,2
-34.28082676145157,-18.06734309248655,0.5270393044546722,0.19915411336730793,-0.24954219976441874,-0.6952820637569681,-1.244991406795286,-0.5045657172149722,0.31783283435873155,0.2452725409232983,-0.1206413249602178,0.5294117647058824,0.12497127913104268,74.84785054142982,10.769399314730794,0.04210233034554653,3345,0.18635432135255703,0.13275963317532624,0.06453261504746681,"[0.72, -0.05, -1.24, -0.96]","['net_sharpe', 'dbl_sharpe', 'tri_sharpe', 'ret_2x', 'pos_folds', 'turnover', 'gross_edge']",3,27,2,9,0.0,4
-28.645193995674692,-16.687677990155937,0.5825646701040219,0.42621501433311515,0.0005633183638976939,-0.4247134330713167,-1.0496936633824971,-0.17572957700802735,0.2846566184281406,0.21616821111458395,-0.028071023402481438,0.47058823529411764,0.1275676060692966,72.34668959068466,14.911145601657154,0.041293263416268065,3358,0.34836410576715127,0.07871139346606429,0.08185743664128639,"[0.83, -0.79, -1.05, 0.44]","['net_sharpe', 'dbl_sharpe', 'tri_sharpe', 'ret_2x', 'pos_folds', 'turnover', 'gross_edge']",3,27,2,9,0.0,6
-16.984439307333318,-10.94133255822407,0.6441974539306673,0.6589627801144636,0.21000483724787514,-0.23771269006328502,-0.6450911882304429,0.14993085498349254,0.2544651014618631,0.1454465903293477,0.07173455936959437,0.4117647058823529,0.12047307274736659,72.0911543506411,18.567483391727144,0.04289360032846672,3027,0.5813543169176489,-0.0514346882782866,0.09040194839777857,"[0.65, -0.65, -0.35, 0.87]","['net_sharpe', 'dbl_sharpe', 'tri_sharpe', 'pos_folds', 'turnover', 'gross_edge', 'short_pnl']",3,27,2,9,0.3,0
-25.29630873279553,-11.804415775259695,0.4666457821949255,0.32636136425162815,-0.1201250010993274,-0.5644621593359412,-0.6450911882304251,-0.38207391902106724,0.25446510146186074,0.20663249099609726,-0.08474753795197477,0.4117647058823529,0.12066954187383121,71.8470288039399,13.0044051954465,0.04327811100162785,3022,0.41114730442157055,-0.041255858153904354,0.09064000418254348,"[-0.41, -0.65, -0.35, 0.87]","['net_sharpe', 'dbl_sharpe', 'tri_sharpe', 'ret_2x', 'pos_folds', 'turnover', 'gross_edge', 'short_pnl']",3,27,2,9,0.3,2
-12.664917938784056,-9.627506217578214,0.7601712276473336,0.7777456944528862,0.3560504667395343,-0.06530079405399428,-0.6450911882304141,0.25875092226955326,0.2544651014618604,0.16071537884493792,0.15071410966868767,0.47058823529411764,0.12884829456387087,72.41588098709926,21.25104964813978,0.04232449049061996,3028,0.5739149703380304,0.03532612054869774,0.08674228786398584,"[1.03, -0.65, -0.35, 0.87]","['net_sharpe', 'dbl_sharpe', 'tri_sharpe', 'pos_folds', 'turnover', 'gross_edge']",3,27,2,9,0.3,4
-20.619785265847824,-12.621233464526437,0.6120933512062687,0.5367213891825977,0.10094636181780031,-0.334381191312807,-0.6450911882304461,-0.03191167799751585,0.25446510146186385,0.1454465903293496,0.01914952675696346,0.4117647058823529,0.12429699221965043,72.20636260543188,16.71009755603917,0.043238729158030786,3030,0.48983630908783227,-0.012164692656718481,0.09069614858660971,"[0.29, -0.65, -0.35, 0.87]","['net_sharpe', 'dbl_sharpe', 'tri_sharpe', 'pos_folds', 'turnover', 'gross_edge', 'short_pnl']",3,27,2,9,0.3,6
9.262089548346033,5.900065156156302,0.6370123205308352,0.539223816591232,0.09532771734972979,-0.34740942471416253,-0.017978244948585412,0.08513596435684684,0.1410700472853733,0.12292521562604997,0.030175202758252577,0.35294117647058826,0.12019673945092911,71.13332139913427,16.65899845849434,0.04439512280835828,2820,0.7434718447857684,-0.27433779183530993,0.09022595112736022,"[-0.02, 0.06, 0.11, 0.25]","['net_sharpe', 'dbl_sharpe', 'tri_sharpe', 'turnover', 'gross_edge', 'short_pnl']",3,27,2,9,0.45,0
-23.07329917040278,-11.597336261815245,0.5026301690176886,0.20662337201939848,-0.23477132470068912,-0.6740316994470241,-1.1407787874530135,0.08513596435685147,0.21309802435469638,0.20663249099609726,-0.16370666671051914,0.35294117647058826,0.12021538186267103,70.78070416547013,11.036519288228162,0.04462640160832891,2812,0.5822892732452976,-0.27303052892659574,0.09008075549857306,"[-1.14, 0.06, 0.11, 0.25]","['net_sharpe', 'dbl_sharpe', 'tri_sharpe', 'ret_2x', 'turnover', 'gross_edge', 'short_pnl']",3,27,2,9,0.45,2
11.482270043115975,7.579214465296115,0.6600797957926552,0.5998013641850555,0.18664590690439534,-0.22610684738989226,0.0649936395771345,0.17856756495030413,0.1673953746296406,0.16071537884493792,0.09482033219832903,0.4117647058823529,0.12840862691363877,70.71484113818451,18.31975305057632,0.04334341954639812,2806,0.7330267230880387,-0.2201592363683159,0.08835983873187174,"[0.28, 0.06, 0.11, 0.25]","['net_sharpe', 'dbl_sharpe', 'tri_sharpe', 'turnover', 'gross_edge', 'short_pnl']",3,27,2,9,0.45,4
-11.307605407273641,-5.912477679169725,0.5228761940495829,0.3612280399073848,-0.0651871621865608,-0.4906718618435878,-0.5232427821695803,0.08513596435685081,0.18661240518127298,0.1652802746534452,-0.08415684118829268,0.35294117647058826,0.12433782747302706,70.68714728468157,13.83421891041384,0.04437599371359724,2812,0.6500639116531509,-0.26292209694067614,0.09133925871349949,"[-0.52, 0.06, 0.11, 0.25]","['net_sharpe', 'dbl_sharpe', 'tri_sharpe', 'ret_2x', 'turnover', 'gross_edge', 'short_pnl']",3,27,2,9,0.45,6
-23.814844443986363,-8.459510840256906,0.35522007545143003,0.05691025139652706,-0.3718672623194108,-0.797581726471005,-0.7906788353107428,-0.38846032715397083,0.20334752901121378,0.13716417552368376,-0.2482124719124335,0.4117647058823529,0.11964991220350961,68.53919695951342,8.535593331583948,0.04632412133342519,2490,0.2625431180958181,-0.030938236016084683,0.07946998586791248,"[-0.41, -0.36, 0.12, -0.79]","['net_sharpe', 'dbl_sharpe', 'tri_sharpe', 'ret_1x', 'ret_2x', 'pos_folds', 'turnover', 'gross_edge', 'short_pnl']",3,27,2,9,0.6,0
-41.44450927039552,-13.941910713909436,0.33639946423176414,-0.3378740644494423,-0.7648925556689388,-1.1879839308305307,-1.73639973482793,-0.5766433029605437,0.3245121039374531,0.24757192485052681,-0.2897911763866476,0.4117647058823529,0.11938757534794227,68.2658161703361,1.594388067184029,0.04736493070480503,2481,0.12894905515787575,-0.08585947080186954,0.07396868963011494,"[-1.74, -0.36, 0.12, -0.79]","['net_sharpe', 'dbl_sharpe', 'tri_sharpe', 'ret_1x', 'ret_2x', 'pos_folds', 'turnover', 'gross_edge', 'short_pnl']",3,27,2,9,0.6,2
-32.2794218390511,-11.217130307490557,0.3475009671307142,-0.0036794769806122356,-0.41244517172708056,-0.8192324982372285,-0.7906788353107438,-0.4551501535672582,0.32076583059684827,0.2444939329783039,-0.18104240231304297,0.4117647058823529,0.12567948505315385,68.5422835396557,7.3671695746380434,0.046199153611442,2482,0.21267864231189226,-0.012768780837502686,0.0755731106030914,"[-0.55, -0.36, 0.12, -0.79]","['net_sharpe', 'dbl_sharpe', 'tri_sharpe', 'ret_1x', 'ret_2x', 'pos_folds', 'turnover', 'gross_edge', 'short_pnl']",3,27,2,9,0.6,4
-25.68197162512312,-11.10164046266441,0.43227368306116914,0.05843214237960656,-0.35296614999805,-0.7624082428108113,-0.7906788353107443,-0.3614784930428066,0.2232449943777427,0.1371641755236852,-0.22599623451264905,0.4117647058823529,0.12450085365377314,68.34257644288475,8.52737473949429,0.046131540255421905,2484,0.2293579919116404,0.0013601144409659816,0.07944474741460508,"[-0.36, -0.36, 0.12, -0.79]","['net_sharpe', 'dbl_sharpe', 'tri_sharpe', 'ret_1x', 'ret_2x', 'pos_folds', 'turnover', 'gross_edge']",3,27,2,9,0.6,6
-12.220551056954722,-6.863885912011923,0.5616674632774176,0.25392363201808865,-0.1069141001382473,-0.46607256274894043,-0.4810146900629667,-0.08914407581748936,0.1910007636004427,0.17644589748828055,-0.10497080229652325,0.47058823529411764,0.12084408611816957,58.17234343102141,12.704232636686028,0.033244051722792003,2544,0.26617440124957387,0.02640246226687741,0.04666992295751419,"[0.06, -0.24, -0.48, 0.13]","['net_sharpe', 'dbl_sharpe', 'tri_sharpe', 'ret_2x', 'pos_folds', 'turnover', 'gross_edge']",3,27,2,12,0.0,0
-10.4284237482501,-6.254740916514287,0.5997781704606929,0.3445189627735244,-0.016487253418656683,-0.3763334818940074,-0.9358982346600722,0.19360301916554715,0.21713775004419722,0.19867057336932958,-0.04328158516346967,0.7647058823529411,0.12175781172353531,58.57650640336238,14.658700500884086,0.03244879815922572,2578,0.16849606673994522,0.17143739767813337,0.0358046440497381,"[-0.94, 0.27, 0.12, 0.88]","['net_sharpe', 'dbl_sharpe', 'tri_sharpe', 'ret_2x', 'turnover', 'gross_edge']",3,27,2,12,0.0,2
-15.908797672717212,-13.312807628237572,0.8368204751933181,0.703455425727891,0.3735143471844688,0.04446498721764775,-1.05242640745113,0.2336047623707186,0.2760416533526381,0.2136375275156016,0.146568039466619,0.6470588235294118,0.12780743185871485,56.16961028116008,23.42606137270675,0.03107938090657057,2527,0.3864922300120072,0.13443333328010326,0.0873286565885225,"[1.38, -0.91, -1.05, 1.41]","['net_sharpe', 'dbl_sharpe', 'pos_folds', 'turnover', 'gross_edge']",3,27,2,12,0.0,4
-33.33491037294629,-11.708787203211227,0.3512469981834348,0.025127586921798287,-0.30765598035668973,-0.6393068311389758,-1.2099886060388818,-0.35602473843539545,0.27619058286543174,0.1949713954958895,-0.15956238890368263,0.4117647058823529,0.1221116855843277,54.20580876572608,8.058726375962829,0.03175699359067149,2511,0.27266755538596055,-0.09973083393378541,0.08929970475586338,"[-0.05, -0.66, -1.21, 0.42]","['net_sharpe', 'dbl_sharpe', 'tri_sharpe', 'ret_1x', 'ret_2x', 'pos_folds', 'turnover', 'gross_edge', 'short_pnl']",3,27,2,12,0.0,6
-23.8903535012525,-10.47353087506679,0.4383999958191366,0.09952407016624615,-0.25039464807540285,-0.5993827129036238,-0.6342275208119806,-0.2763494592391032,0.2560500485284237,0.20054593699934864,-0.1415101966473238,0.47058823529411764,0.11908062930027001,55.53783051260133,9.65846098430536,0.03405827128106486,2346,0.22742461797103514,-0.015065054838255737,0.0984412805662405,"[-0.63, 0.27, -0.48, -0.07]","['net_sharpe', 'dbl_sharpe', 'tri_sharpe', 'ret_2x', 'pos_folds', 'turnover', 'gross_edge', 'short_pnl']",3,27,2,12,0.3,0
-25.377971716651214,-8.815792503333126,0.3473797118919804,-0.00717322678130386,-0.345843061861815,-0.6834229095244653,-0.9081734505475352,-0.27634945923910265,0.22362507136229215,0.19867057336932958,-0.2200819638728717,0.47058823529411764,0.1236931898093471,55.844606002418345,7.3041168504964595,0.033821107520524994,2350,0.16158952858508785,-0.00010760049104356628,0.0956478840801248,"[-0.91, 0.27, -0.48, -0.07]","['net_sharpe', 'dbl_sharpe', 'tri_sharpe', 'ret_1x', 'ret_2x', 'pos_folds', 'turnover', 'gross_edge', 'short_pnl']",3,27,2,12,0.3,2
-6.59201773727538,-4.712902021380308,0.7149407372996921,0.5511928321485454,0.2196704134019693,-0.11193348476347911,-0.4822885032612875,0.10166886659433994,0.1946257821243914,0.13434599632306188,0.10213915028942787,0.5294117647058824,0.1250031802720128,55.27186635472076,19.969242049588477,0.0323266656719007,2343,0.2871505155137406,0.14980848897325671,0.1033562741744017,"[0.88, 0.27, -0.48, -0.07]","['net_sharpe', 'dbl_sharpe', 'tri_sharpe', 'pos_folds', 'turnover', 'gross_edge']",3,27,2,12,0.3,4
-13.96627291952459,-7.377778338472921,0.5282567783820782,0.19228430076319553,-0.14846210483029249,-0.48834325598521927,-0.48228850326128203,-0.17681970386731294,0.19462578212439074,0.13434599632306043,-0.12951175653065738,0.47058823529411764,0.12187868666609422,55.36896828607322,11.745976387187532,0.03362562631074341,2342,0.24665617822913652,0.010816136409990462,0.10094969550145666,"[-0.28, 0.27, -0.48, -0.07]","['net_sharpe', 'dbl_sharpe', 'tri_sharpe', 'ret_2x', 'pos_folds', 'turnover', 'gross_edge']",3,27,2,12,0.3,6
-1.1124894295476726,-0.7228030326069885,0.6497167644108521,0.5969485716900034,0.25786193105444516,-0.08143158887228466,-0.39586642523774024,0.02253381425219997,0.1521761535784899,0.12949739187783504,0.15659544356805163,0.47058823529411764,0.11853944822693115,53.60040204618589,20.709667758120695,0.03382538304119853,2205,0.4560327874717175,-0.016576015246237308,0.07857303203304428,"[0.25, 1.3, -0.4, -0.2]","['net_sharpe', 'dbl_sharpe', 'tri_sharpe', 'pos_folds', 'turnover', 'gross_edge', 'short_pnl']",3,27,2,12,0.45,0
-30.89431142262227,-13.496574417996847,0.43686276846791994,0.08753006290252405,-0.24285462898989635,-0.5727887557289137,-1.3168190912700537,-0.299890128432653,0.2378322314868968,0.2162257847968615,-0.15401005031763285,0.4117647058823529,0.12265383067178177,53.960792151011766,9.458803124858804,0.034276913449303746,2209,0.30880232583639344,-0.10673807484768427,0.07031551477106451,"[-1.32, 1.3, -0.4, -0.2]","['net_sharpe', 'dbl_sharpe', 'tri_sharpe', 'ret_2x', 'pos_folds', 'turnover', 'gross_edge', 'short_pnl']",3,27,2,12,0.45,2
1.009701073214905,0.7396822961538702,0.7325755273278154,0.6046565221757374,0.2813593350075205,-0.04276758041199628,-0.39586642523775023,0.06324312182460072,0.15217615357849268,0.12949739187783305,0.18119824958190495,0.5294117647058824,0.12396834084056992,53.47599026728837,21.531034634408847,0.03279326576627536,2203,0.44534009652529105,0.010485509203738447,0.07960945842864314,"[0.33, 1.3, -0.4, -0.2]","['net_sharpe', 'dbl_sharpe', 'tri_sharpe', 'pos_folds', 'turnover', 'gross_edge']",3,27,2,12,0.45,4
-4.654221348125176,-2.7481653937378097,0.5904672743690697,0.486980202283264,0.1404881912351394,-0.20624282459549437,-0.3958664252377464,-0.17770964280002605,0.1521761535784909,0.12949739187783504,0.06334360363145582,0.47058823529411764,0.11677868645336754,53.932772032508744,18.121583925608526,0.03407423138327639,2204,0.41683098081484504,-0.02990857449109191,0.07885214415611344,"[-0.15, 1.3, -0.4, -0.2]","['net_sharpe', 'dbl_sharpe', 'tri_sharpe', 'pos_folds', 'turnover', 'gross_edge', 'short_pnl']",3,27,2,12,0.45,6
-43.45090049659089,-13.36950784510489,0.3076923076923077,-0.40657873534665806,-0.7384416009410995,-1.0687803012653212,-1.3895681543054046,-0.5787492353299325,0.4398967077790603,0.3707644055038297,-0.20875473278112877,0.29411764705882354,0.12049640341691481,53.34714566605575,-1.6849186185375686,0.03715435631378118,2006,0.12515922385162562,-0.1607440705705402,0.07685663395570405,"[-0.71, -1.39, -0.45, -0.43]","['net_sharpe', 'dbl_sharpe', 'tri_sharpe', 'ret_1x', 'ret_2x', 'pos_folds', 'turnover', 'gross_edge', 'short_pnl']",3,27,2,12,0.6,0
-51.153612682170824,-11.804679849731729,0.23076923076923078,-0.8696773303942678,-1.1929657414456398,-1.5141992074999797,-2.2032299876820995,-0.9194753818464074,0.5052322855509721,0.4322559130081075,-0.28660963089831104,0.23529411764705882,0.12447049077808077,53.69826652537929,-12.699663231461155,0.03765558145537045,2010,-0.025746685067354724,-0.24423074148720283,0.06855896564997227,"[-2.2, -1.39, -0.45, -0.43]","['net_sharpe', 'dbl_sharpe', 'tri_sharpe', 'ret_1x', 'ret_2x', 'pos_folds', 'turnover', 'gross_edge', 'long_pnl', 'short_pnl']",3,27,2,12,0.6,2
-45.11222433428786,-13.880684410550112,0.3076923076923077,-0.5155342175560649,-0.8420832531483998,-1.1677283178231053,-1.3895681543054048,-0.7553436258932871,0.473060299432119,0.3988208506293258,-0.2221354361519969,0.29411764705882354,0.12290427596919874,53.377611270166206,-4.338915170370833,0.03687928082801498,2001,0.07678722642343833,-0.16847581271001832,0.0726003880215494,"[-1.06, -1.39, -0.45, -0.43]","['net_sharpe', 'dbl_sharpe', 'tri_sharpe', 'ret_1x', 'ret_2x', 'pos_folds', 'turnover', 'gross_edge', 'short_pnl']",3,27,2,12,0.6,4
-47.79572686531891,-14.706377497021204,0.3076923076923077,-0.6733613378223003,-1.003086975344493,-1.3310679251661197,-1.6106173352363506,-0.9194753818464299,0.46674112749158236,0.3905480721506879,-0.25881157600783,0.23529411764705882,0.12094066657642519,53.17486103138771,-7.786607019304856,0.03751940108871305,1997,0.03731639866280184,-0.2012355146073717,0.07829057733873622,"[-1.61, -1.39, -0.45, -0.43]","['net_sharpe', 'dbl_sharpe', 'tri_sharpe', 'ret_1x', 'ret_2x', 'pos_folds', 'turnover', 'gross_edge', 'short_pnl']",3,27,2,12,0.6,6
-28.887036192496822,-10.41227502391297,0.3604480208536408,-0.0676642001846469,-0.3254502358963839,-0.5822209828346834,-1.1256227898746176,-0.26438389955142516,0.24195142952106452,0.19037677392968577,-0.20355744686405913,0.47058823529411764,0.12936315822754962,44.52071959360521,5.332788860328233,0.026271238176328624,2015,0.26177124470363317,-0.16777910267864118,0.08280842800965757,"[0.17, -0.05, -1.13, -0.48]","['net_sharpe', 'dbl_sharpe', 'tri_sharpe', 'ret_1x', 'ret_2x', 'pos_folds', 'turnover', 'gross_edge', 'short_pnl']",3,27,2,15,0.0,0
-40.79379507381544,-14.170652055038829,0.34737273228434273,-0.19834909109854268,-0.47387838378352976,-0.7479134555585484,-1.7305823102106976,-0.682217090069479,0.33524582152701543,0.25260594016099913,-0.1968274204235748,0.47058823529411764,0.12682119328812258,46.66293113202293,1.9611772657615525,0.027099251569654596,2027,0.27935929043673463,-0.2431296646416839,0.07309944071304655,"[-0.26, -1.11, -1.73, 0.73]","['net_sharpe', 'dbl_sharpe', 'tri_sharpe', 'ret_1x', 'ret_2x', 'pos_folds', 'turnover', 'gross_edge', 'short_pnl']",3,27,2,15,0.0,2
-19.99481672492138,-10.823928820179148,0.5413367358695661,0.19401976416552683,-0.0765499263720516,-0.34507869735688196,-0.5698124722748563,-0.10351123853741052,0.25067812290756586,0.2339205010268156,-0.07186433169855386,0.47058823529411764,0.12855399820583605,46.42680966826536,12.743676579789268,0.026498274542763295,2050,0.21959115534019405,0.0146367123250941,0.039555778754164564,"[0.28, -0.57, -0.18, -0.03]","['net_sharpe', 'dbl_sharpe', 'tri_sharpe', 'ret_2x', 'pos_folds', 'turnover', 'gross_edge']",3,27,2,15,0.0,4
28.244396009008753,25.556140141670706,0.9048216196062182,0.7943411044269741,0.5021499085847915,0.20990041404262028,-0.07316253813845333,0.6262065589014874,0.1540364367171302,0.13051104413814274,0.3641367242779259,0.6470588235294118,0.12377758741565703,48.167090745840916,27.85753216723024,0.026821910753406283,2044,0.36649429452880217,0.16471790393400937,0.04753856277574915,"[0.67, 0.58, -0.07, 0.72]","['net_sharpe', 'turnover', 'gross_edge']",3,27,2,15,0.0,6
-21.417876270934865,-8.280421814531572,0.3866126458937724,-0.0433830433148825,-0.3153434390483898,-0.5862527573652063,-1.0904523485226398,-0.08681748365043104,0.18397573458664063,0.16444657211226144,-0.24862422379681481,0.4117647058823529,0.12394425079108277,44.993082585251116,6.360841334496805,0.027258327414110866,1955,0.25756772408240636,-0.144266319441055,0.06312224506799163,"[-0.33, 0.16, 0.19, -1.09]","['net_sharpe', 'dbl_sharpe', 'tri_sharpe', 'ret_1x', 'ret_2x', 'pos_folds', 'turnover', 'gross_edge', 'short_pnl']",3,27,2,15,0.3,0
-18.543643886227063,-7.184309279383619,0.38742705174141245,-0.020455144583296923,-0.2932138605306309,-0.5652520654029468,-1.090452348522644,-0.052592458341391174,0.17277753452011846,0.16444657211226132,-0.24993205119469875,0.47058823529411764,0.12412635659029574,45.13614053093444,7.013225088362929,0.02727973710853834,1952,0.300111679440902,-0.17479260422962858,0.07033437817675733,"[-0.26, 0.16, 0.19, -1.09]","['net_sharpe', 'dbl_sharpe', 'tri_sharpe', 'ret_1x', 'ret_2x', 'pos_folds', 'turnover', 'gross_edge', 'short_pnl']",3,27,2,15,0.3,2
-13.805130715040404,-7.062400579822071,0.5115779579057322,0.13371793527705939,-0.13703126867345736,-0.40700197989750103,-1.0904523485226443,0.1733182457366915,0.17277753452011813,0.16444657211226188,-0.14211345164429656,0.47058823529411764,0.12456829600348995,44.955759209748265,11.263856082725011,0.026971963737055363,1956,0.2819731648157975,-0.08150407806461599,0.059330047352939334,"[0.22, 0.16, 0.19, -1.09]","['net_sharpe', 'dbl_sharpe', 'tri_sharpe', 'ret_2x', 'turnover', 'gross_edge', 'short_pnl']",3,27,2,15,0.3,4
-10.44492381592735,-6.933906518778776,0.6638541975964762,0.44065212520758823,0.17823400910813147,-0.08438864673400963,-1.0904523485226392,0.17331824573669402,0.17277753452011857,0.164446572112261,0.08527924884547619,0.5294117647058824,0.12718332711112124,44.50288040763685,20.117464413356686,0.026352921638774448,1953,0.4314620395314973,-0.07702724826309554,0.07091264394328814,"[1.15, 0.16, 0.19, -1.09]","['net_sharpe', 'dbl_sharpe', 'tri_sharpe', 'turnover', 'gross_edge', 'short_pnl']",3,27,2,15,0.3,6
-24.625117448161046,-9.16179461142187,0.3720507985681122,0.050922425403018924,-0.22500655469170422,-0.5000719090062982,-0.7654445311510754,-0.40896972038613383,0.21787458432906115,0.15598534491826122,-0.15612146659951054,0.4117647058823529,0.12106228945195939,44.58039676943608,8.915595483031758,0.027533739029592823,1852,0.22852778311241925,-0.071176869967157,0.05951379319274531,"[0.41, -0.77, -0.4, -0.41]","['net_sharpe', 'dbl_sharpe', 'tri_sharpe', 'ret_1x', 'ret_2x', 'pos_folds', 'turnover', 'gross_edge', 'short_pnl']",3,27,2,15,0.45,0
-25.178601666228882,-8.396427077164788,0.3334747174791125,-0.07517409729007288,-0.35041391263221433,-0.6251378684019978,-0.7654445311510693,-0.40896972038613,0.2178745843290596,0.15598534491826688,-0.22645630629688007,0.4117647058823529,0.12279830372495233,45.03535387035495,5.463419281706438,0.027920013805933477,1850,0.19358610169380042,-0.09617844555612999,0.0594737452490376,"[-0.01, -0.77, -0.4, -0.41]","['net_sharpe', 'dbl_sharpe', 'tri_sharpe', 'ret_1x', 'ret_2x', 'pos_folds', 'turnover', 'gross_edge', 'short_pnl']",3,27,2,15,0.45,2
-26.65660175495946,-9.692882537309387,0.3636203378964472,-0.015907314803596532,-0.28653186927904606,-0.556461623497378,-0.7654445311510771,-0.4089697203861352,0.22860618327055682,0.15598534491826288,-0.18439146245543034,0.35294117647058826,0.12352856241176864,44.570219333781345,7.061593306869363,0.02760848283888164,1845,0.14561004379455444,-0.021008777531438858,0.05774354043756939,"[0.18, -0.77, -0.4, -0.41]","['net_sharpe', 'dbl_sharpe', 'tri_sharpe', 'ret_1x', 'ret_2x', 'pos_folds', 'turnover', 'gross_edge', 'short_pnl']",3,27,2,15,0.45,4
-23.369396423233553,-11.522119312457098,0.49304308522927687,0.2972076820422921,0.035103900735667944,-0.22729546306850248,-0.7654445311510752,-0.40896972038613966,0.21787458432905782,0.1559853449182662,-0.016000779328298836,0.4117647058823529,0.12623145442927108,44.11912491120777,15.970974682855037,0.02695474828723233,1842,0.2950999630785944,-0.01614551321676866,0.0693514761679505,"[1.14, -0.77, -0.4, -0.41]","['net_sharpe', 'dbl_sharpe', 'tri_sharpe', 'ret_2x', 'pos_folds', 'turnover', 'gross_edge', 'short_pnl']",3,27,2,15,0.45,6
-43.69473555033012,-15.512177089417241,0.3550124950761956,-0.06973143329433101,-0.32286257756622166,-0.5751305916011228,-1.325362841465855,-0.9819465531445557,0.39008619709025005,0.33577998492545236,-0.13390439997006187,0.23529411764705882,0.1365805483589883,46.163785101276574,5.135220268330896,0.02986999141420319,1733,0.30469442040703226,-0.2108441625708409,0.06602975900011863,"[-0.67, -1.29, -1.33, 1.65]","['net_sharpe', 'dbl_sharpe', 'tri_sharpe', 'ret_1x', 'ret_2x', 'pos_folds', 'turnover', 'gross_edge', 'short_pnl']",3,27,2,15,0.6,0
-47.40413127555705,-16.366793914797125,0.34526091870892106,-0.36099883397825483,-0.6098608702563173,-0.8577708884233833,-1.4710318932961304,-1.3087892929326106,0.4390383404442574,0.3768773206724948,-0.20574146622940745,0.23529411764705882,0.13892592035739385,46.123534752933985,-3.7063967878984694,0.030382326024855404,1723,0.18446276900037034,-0.2521410744590506,0.06486847170195004,"[-1.47, -1.29, -1.33, 1.65]","['net_sharpe', 'dbl_sharpe', 'tri_sharpe', 'ret_1x', 'ret_2x', 'pos_folds', 'turnover', 'gross_edge', 'short_pnl']",3,27,2,15,0.6,2
-45.502215043194674,-15.837201287108343,0.34805341392884476,-0.19834970875878427,-0.44646457220839014,-0.6937673207872075,-1.3253628414658485,-1.1521672868591057,0.43312316997448785,0.371720584762224,-0.16018239344137905,0.23529411764705882,0.13886934901293832,45.955140487307666,1.1826666893581919,0.02988994461793988,1724,0.17326244993167295,-0.15174595896553028,0.06807667827209082,"[-1.01, -1.29, -1.33, 1.65]","['net_sharpe', 'dbl_sharpe', 'tri_sharpe', 'ret_1x', 'ret_2x', 'pos_folds', 'turnover', 'gross_edge', 'short_pnl']",3,27,2,15,0.6,4
-41.86965518331665,-18.87717163523924,0.4508556746548279,0.08370080143948505,-0.15800165261531604,-0.3996389827672967,-1.3253628414658172,-0.7485119421100664,0.3948764178167743,0.34089814175540123,-0.08083406799610342,0.29411764705882354,0.1412844984802407,45.506988843853065,9.737759565367842,0.029174699634766096,1721,0.32187671881358104,-0.146443379777092,0.0797005465335463,"[-0.2, -1.29, -1.33, 1.65]","['net_sharpe', 'dbl_sharpe', 'tri_sharpe', 'ret_2x', 'pos_folds', 'turnover', 'gross_edge', 'short_pnl']",3,27,2,15,0.6,6
-42.31313434025531,-13.157549028440288,0.3109566150934518,-0.3844932451572027,-0.8807304647119856,-1.3747111128322598,-1.2065449074964418,-0.8296442182857133,0.3730911460940074,0.2427645356551862,-0.27088157508944405,0.29411764705882354,0.11349909674810044,75.22022843242442,1.6974398485949327,0.04766421101437123,2636,0.09706012669646252,-0.04651212121193439,0.09794026757285335,"[-0.91, -0.75, -1.21, -0.71]","['net_sharpe', 'dbl_sharpe', 'tri_sharpe', 'ret_1x', 'ret_2x', 'pos_folds', 'turnover', 'gross_edge', 'short_pnl']",3,30,1,6,0.0,0
-39.698997692931776,-13.594250508757415,0.34243309148275575,-0.17820777712273148,-0.6685293123564794,-1.1574264247835524,-1.5702905111125935,-0.59168335511952,0.3329460965242951,0.22454139554389108,-0.24058427317272071,0.47058823529411764,0.11496691311859059,75.14965651854264,4.731874237699686,0.047501540405456705,2646,0.2128186913486525,-0.07204056650557185,0.09899223888133021,"[-1.57, -0.19, 0.24, -0.99]","['net_sharpe', 'dbl_sharpe', 'tri_sharpe', 'ret_1x', 'ret_2x', 'pos_folds', 'turnover', 'gross_edge', 'short_pnl']",3,30,1,6,0.0,2
-16.459511562884867,-11.11094664709402,0.6750471667791458,0.6216529985284256,0.12205440043142206,-0.37485546826439703,-0.44182232883430617,-0.25599206393216406,0.22035416733769375,0.12286130332747747,0.03396397311317144,0.4117647058823529,0.11634215988922965,77.44971760995314,16.844191430887488,0.04685751707714001,2650,0.43427665520685166,0.08219321375270447,0.08831360144998084,"[1.25, -0.32, -0.44, -0.19]","['net_sharpe', 'dbl_sharpe', 'tri_sharpe', 'pos_folds', 'turnover', 'gross_edge']",3,30,1,6,0.0,4
-41.96590817254672,-13.090267538911357,0.3119262303365272,-0.35020003606910677,-0.8458506965286693,-1.339313718570272,-1.2065449074964336,-0.7695939263737999,0.3732019060457884,0.24289408066076246,-0.2608749547969696,0.29411764705882354,0.11334908524592092,75.02006596901794,2.2016397749941428,0.047700474155405695,2632,0.10920409592461774,-0.043816000616040254,0.09735967464179632,"[-0.79, -0.75, -1.21, -0.71]","['net_sharpe', 'dbl_sharpe', 'tri_sharpe', 'ret_1x', 'ret_2x', 'pos_folds', 'turnover', 'gross_edge', 'short_pnl']",3,30,1,6,0.0,6
-32.771989966609326,-12.400071887689785,0.37837409020092927,0.038694935080983824,-0.3942335658061006,-0.8249974557907933,-1.0842883714306208,-0.3951433651139847,0.2748866249824924,0.180965815517233,-0.19108536335432488,0.4117647058823529,0.11875797530747528,68.66609179884803,8.153113483767351,0.04677656673453247,2269,0.388020294749367,-0.16638404153198677,0.10411591583774463,"[0.1, -1.08, 0.16, -0.89]","['net_sharpe', 'dbl_sharpe', 'tri_sharpe', 'ret_1x', 'ret_2x', 'pos_folds', 'turnover', 'gross_edge', 'short_pnl']",3,30,1,6,0.3,0
-36.95736147475109,-12.670637442668516,0.3428447523594176,-0.15091977819571184,-0.5960536271428339,-1.0385811741389126,-1.0842883714306322,-0.7533893959512588,0.30566633365181994,0.18446971624171404,-0.24115885319284439,0.4117647058823529,0.1167719330067022,69.48770946621835,4.945937893563805,0.04801518408920646,2274,0.34213083681206935,-0.2060704700086017,0.09964191966449608,"[-0.62, -1.08, 0.16, -0.89]","['net_sharpe', 'dbl_sharpe', 'tri_sharpe', 'ret_1x', 'ret_2x', 'pos_folds', 'turnover', 'gross_edge', 'short_pnl']",3,30,1,6,0.3,2
-32.04930745745506,-15.20551493726377,0.4744412951028301,0.1875271555621803,-0.2572609237730636,-0.7002576890071086,-1.0842883714306235,-0.3648207445419698,0.2748866249824945,0.18096581551723645,-0.13175010958490127,0.4117647058823529,0.11677580013818116,69.30920046504984,10.666449008695981,0.04712527021881551,2273,0.44875610691853823,-0.1560810354121696,0.10201141447954709,"[0.64, -1.08, 0.16, -0.89]","['net_sharpe', 'dbl_sharpe', 'tri_sharpe', 'ret_2x', 'pos_folds', 'turnover', 'gross_edge', 'short_pnl']",3,30,1,6,0.3,4
-32.419182639793256,-14.901330809638711,0.4596454813560883,0.07236525248748654,-0.3599186262657304,-0.7900972005218481,-1.0842883714306186,-0.3648207445419617,0.2748866249824913,0.18096581551723412,-0.17672692085581584,0.4117647058823529,0.11860911075208264,68.46407656477321,8.730721014124919,0.046813251950439796,2265,0.4000754195707915,-0.1634355876238423,0.10349466525934681,"[0.22, -1.08, 0.16, -0.89]","['net_sharpe', 'dbl_sharpe', 'tri_sharpe', 'ret_2x', 'pos_folds', 'turnover', 'gross_edge', 'short_pnl']",3,30,1,6,0.3,6
-5.423149227246541,-3.51054022771897,0.647325028432115,0.6434414289188597,0.23180093799599086,-0.17895097284883965,-0.4088800605242854,0.21326392888874995,0.2163023418004174,0.19697260234063008,0.09567900047445423,0.5294117647058824,0.1184182027504538,64.93992337181317,19.22620163241086,0.04570552570801304,1992,0.503175983501289,-0.008887778633070637,0.096894541329817,"[-0.16, 1.1, 0.59, -0.41]","['net_sharpe', 'dbl_sharpe', 'tri_sharpe', 'pos_folds', 'turnover', 'gross_edge', 'short_pnl']",3,30,1,6,0.45,0
-10.016445291742412,-6.32403805291943,0.6313655062972277,0.5931805479174002,0.17358332739500407,-0.24528754711352482,-0.40888006052428283,0.09631554633890149,0.23415040220695071,0.21178134011556582,0.05792959955699153,0.5294117647058824,0.1164689166936735,65.11120089562647,18.09770302042136,0.04619931788779945,1994,0.4826680438899894,-0.016165361444263712,0.09275814115862063,"[-0.39, 1.1, 0.59, -0.41]","['net_sharpe', 'dbl_sharpe', 'tri_sharpe', 'pos_folds', 'turnover', 'gross_edge', 'short_pnl']",3,30,1,6,0.45,2
16.17678258860255,14.394794632061563,0.8898428691378657,0.9048235899293847,0.48698745335198246,0.06910976163170722,-0.40888006052426956,0.6640053019401924,0.15947556443023314,0.12255781228547458,0.32188701276297116,0.5294117647058824,0.11668495641501275,64.97702317925709,23.7592956835316,0.04544711946495224,1993,0.580099010924004,0.031079893919322782,0.0951813992997684,"[0.74, 1.1, 0.59, -0.41]","['dbl_sharpe', 'turnover', 'gross_edge']",3,30,1,6,0.45,4
-3.6449827581910497,-2.3959073236477297,0.65731650397073,0.6780101547649053,0.2670724650960521,-0.14303835152275907,-0.4088800605242774,0.27428912631280783,0.21630238517341938,0.1969726443220634,0.11533656269863433,0.5294117647058824,0.11826228853361377,64.73790591773496,19.87161045218353,0.04573929582997792,1988,0.5152311479819496,-0.005939335051209679,0.09627327951152599,"[-0.04, 1.1, 0.59, -0.41]","['net_sharpe', 'dbl_sharpe', 'tri_sharpe', 'pos_folds', 'turnover', 'gross_edge', 'short_pnl']",3,30,1,6,0.45,6
-44.880263768906744,-13.809311928894383,0.3076923076923077,-0.5282669437445252,-0.9330178902879207,-1.3357724298461575,-1.3802100210280535,-0.9873540429561027,0.3619699642081958,0.24283489175290562,-0.28885948385695004,0.17647058823529413,0.11152897043685582,60.330468882218824,-2.1892231571834486,0.04870493540721001,1727,0.08967675652008153,-0.14196471872972416,0.10802182432785164,"[-0.52, -0.62, -1.35, -1.38]","['net_sharpe', 'dbl_sharpe', 'tri_sharpe', 'ret_1x', 'ret_2x', 'pos_folds', 'turnover', 'gross_edge', 'short_pnl']",3,30,1,6,0.6,0
-46.18115059530264,-14.209584798554658,0.3076923076923077,-0.6438742993742166,-1.056914358173489,-1.4678542259070158,-1.3802100210280503,-1.141131434784681,0.38675866299757433,0.2694115872805205,-0.2961353657130168,0.17647058823529413,0.10928236992239224,60.32186080785837,-4.094609535312791,0.049419114632065754,1725,0.059130505736514835,-0.15691324656464084,0.10524319987411146,"[-0.93, -0.62, -1.35, -1.38]","['net_sharpe', 'dbl_sharpe', 'tri_sharpe', 'ret_1x', 'ret_2x', 'pos_folds', 'turnover', 'gross_edge', 'short_pnl']",3,30,1,6,0.6,2
-43.13196142906924,-14.556266348892992,0.337482133123736,-0.29573081824151126,-0.7050417692898877,-1.1131655707133674,-1.3802100210280512,-0.9873540429561019,0.3204651475040925,0.23541618719145496,-0.2509104866574077,0.17647058823529413,0.11022079876993701,60.1628545934076,2.157375891009379,0.048622682868549545,1723,0.1812891813840092,-0.1299050241266656,0.10734301407379343,"[0.33, -0.62, -1.35, -1.38]","['net_sharpe', 'dbl_sharpe', 'tri_sharpe', 'ret_1x', 'ret_2x', 'pos_folds', 'turnover', 'gross_edge', 'short_pnl']",3,30,1,6,0.6,4
-44.807386313790936,-13.786888096551058,0.3076923076923077,-0.4931841804393509,-0.8972263896600255,-1.2993416195163336,-1.3802100210280526,-0.9873540429561047,0.36197000215795794,0.24283493429395653,-0.2785541758197243,0.17647058823529413,0.11137667538480962,60.12845150444758,-1.5662881593325324,0.04875698677918477,1723,0.10173192100712516,-0.1390162788032765,0.10740056257691014,"[-0.39, -0.62, -1.35, -1.38]","['net_sharpe', 'dbl_sharpe', 'tri_sharpe', 'ret_1x', 'ret_2x', 'pos_folds', 'turnover', 'gross_edge', 'short_pnl']",3,30,1,6,0.6,6
-42.5027941484836,-13.077782814918033,0.3076923076923077,-0.4256677768744183,-0.7759667951405782,-1.12481368510597,-1.6156098568080783,-0.6887982951469855,0.320246291453283,0.23277874095994844,-0.27614433866916943,0.29411764705882354,0.11122768031119985,52.025751235946736,-1.5409102495039084,0.03349749340599148,1773,0.14056440329576614,-0.17230175514342308,0.06228988911733166,"[-1.09, -1.62, -0.1, -0.29]","['net_sharpe', 'dbl_sharpe', 'tri_sharpe', 'ret_1x', 'ret_2x', 'pos_folds', 'turnover', 'gross_edge', 'short_pnl']",3,30,1,9,0.0,0
-48.10950857758297,-16.03650285919432,0.3333333333333333,-0.752392606062682,-1.0975439693378646,-1.4405662693176329,-2.5580817052200295,-0.8782400110742421,0.4316002231777565,0.3405746211011086,-0.29200345671421823,0.47058823529411764,0.11633283202118767,53.73674699492089,-8.878510229263307,0.034782255521130755,1784,0.010416199060281212,-0.19929640800250398,0.09303447918994978,"[-1.52, -0.23, 0.11, -2.56]","['net_sharpe', 'dbl_sharpe', 'tri_sharpe', 'ret_1x', 'ret_2x', 'pos_folds', 'turnover', 'gross_edge', 'short_pnl']",3,30,1,9,0.0,2
-15.076981083357968,-10.558316742996693,0.7002938243817926,0.42944398944550033,0.07604679004422178,-0.2760615069267816,-0.7099572941185649,0.2292646362616041,0.22572631574365443,0.16984459239010974,0.009405887195617302,0.35294117647058826,0.11569234821382332,54.501490890582375,16.596846002719342,0.03299092708777126,1780,0.14566818614010524,0.21243561386723225,0.06243059637644144,"[0.21, 0.47, -0.71, 0.24]","['net_sharpe', 'dbl_sharpe', 'tri_sharpe', 'turnover', 'gross_edge']",3,30,1,9,0.0,4
3.4971969424663176,2.584970850354872,0.7391550698691509,0.5216833970003762,0.22291471676474725,-0.07571385607077448,-0.3665229658430596,0.17893126113956825,0.13708752883296849,0.10382118033952714,0.14946752463461788,0.4117647058823529,0.12652881079501732,50.3876531305799,20.443289140759884,0.031306661500946964,1767,0.3612317488604496,0.046570752014930605,0.08610345615060795,"[0.73, -0.37, 0.22, 0.14]","['net_sharpe', 'dbl_sharpe', 'tri_sharpe', 'turnover', 'gross_edge']",3,30,1,9,0.0,6
45.942208408465554,41.31715859638597,0.899328961921923,0.8854923727799356,0.5549887957216215,0.22397184062375364,0.28281984996619924,0.6304740783262126,0.11420159706995137,0.1104812710879548,0.5234595528146636,0.6470588235294118,0.11689217605892528,51.53966329113184,27.651060199399996,0.03305691288173188,1599,0.3847794918430757,0.17941435752740226,0.07871272866289059,"[0.28, 0.57, 0.69, 0.71]","['turnover', 'gross_edge']",3,30,1,9,0.3,0
38.699581211710985,34.72685291335402,0.8973444111288015,0.8435042060317883,0.5125496852607021,0.18109280754914922,0.12205011795475051,0.6304740783262113,0.12561783856902375,0.11899507972855383,0.43372258249452156,0.6470588235294118,0.11676027528541567,51.5472351075838,26.61909378697681,0.03347130798559019,1599,0.32708681582260746,0.21613052416748277,0.08429241982150416,"[0.12, 0.57, 0.69, 0.71]","['turnover', 'gross_edge']",3,30,1,9,0.3,2
57.062064635904434,51.52500767338541,0.902964307410724,0.9636901131145262,0.6352694036446273,0.3062489336932738,0.570073634218013,0.6371434480599445,0.10658120050343445,0.09804136117171613,0.6542935492929332,0.6470588235294118,0.11683770623984387,51.20372637411793,29.541439853576442,0.032637716976253645,1593,0.33546505540749505,0.2633713706958436,0.08040630111942888,"[0.58, 0.57, 0.69, 0.71]","['turnover', 'gross_edge']",3,30,1,9,0.3,4
62.30168027871797,56.613433846781206,0.9086983463930772,1.0292160814422244,0.7219635694603111,0.41371647314041526,0.5700736342180226,0.6989031843299216,0.10259592583976906,0.09433599435560514,0.8349352919270158,0.7058823529411765,0.12461440325289494,51.169808496990576,32.523140124400165,0.03228082077809568,1596,0.45171426077991317,0.20712769017235305,0.08216943457392052,"[0.9, 0.57, 0.69, 0.71]","['turnover', 'gross_edge']",3,30,1,9,0.3,6
30.333047157145913,27.903946848030262,0.9199190145147221,1.0788436087316313,0.7732494070407345,0.46717951045171824,-0.05451472975631957,0.8064481190872291,0.1783246084819442,0.16057830185175237,0.48574673972588067,0.5882352941176471,0.11612469442471256,47.34280923236738,34.10638231944335,0.03156617602415745,1452,0.5981463386606869,0.041094721691870284,0.08112882948994973,"[-0.05, 1.32, 1.73, 0.29]","['turnover', 'gross_edge']",3,30,1,9,0.45,0
29.55467737891319,27.18939311804804,0.919969207224277,1.0764510857176188,0.7708568962991283,0.4646501175776906,-0.07123499451551352,0.8064481190872098,0.1798719153295073,0.1623823681644676,0.47870131414775025,0.5882352941176471,0.11584840477295245,47.2507497256808,33.98518731771332,0.03183790106582071,1451,0.5407260947177444,0.09500485420728286,0.08604144322316375,"[-0.07, 1.32, 1.73, 0.29]","['turnover', 'gross_edge']",3,30,1,9,0.45,2
44.70408935928073,41.43352429037076,0.9268396892591889,1.1922645428835008,0.8891908055572346,0.5853481238407114,0.29440885457465477,0.8426932662063613,0.16568141001195313,0.14927292999618047,0.61085050169554,0.5882352941176471,0.11600380425947102,46.95704068410529,37.08790350934669,0.03102100527285823,1446,0.5557171160228979,0.13374115529111136,0.08323439465430338,"[0.37, 1.32, 1.73, 0.29]","['turnover', 'gross_edge']",3,30,1,9,0.45,4
53.144644726331265,49.55714848652532,0.9324956209928623,1.2490638297538752,0.9661709625738906,0.6823256216651646,0.2944088545746547,1.0284618674620518,0.15488882296021023,0.14051683568218165,0.7660300581825532,0.6470588235294118,0.12404768471894803,46.938923177319786,40.53444909431192,0.030687397696121818,1449,0.6688215108620692,0.08441676353390926,0.08795364555228972,"[0.74, 1.32, 1.73, 0.29]",['turnover'],3,30,1,9,0.45,6
-38.981183719971355,-12.589696135758963,0.3229685436491464,-0.42170817580954917,-0.7241471408641478,-1.0250122207267574,-1.3814989261921462,-0.6184665481470227,0.293607689563372,0.1925893709665203,-0.28361632654016833,0.35294117647058826,0.11129043984399903,45.03522331402744,-2.8433309418254353,0.035096228561555684,1262,0.13863107914157338,-0.1893248636526816,0.06142513410245119,"[-1.38, -0.31, -0.23, -0.93]","['net_sharpe', 'dbl_sharpe', 'tri_sharpe', 'ret_1x', 'ret_2x', 'pos_folds', 'turnover', 'gross_edge', 'short_pnl']",3,30,1,9,0.6,0
-43.64286134737953,-14.120456457322405,0.32354561596979814,-0.5564665261138209,-0.8590450474080509,-1.1600247999242217,-1.9352736728338076,-0.6184665481470248,0.3330572832608609,0.23807836759901846,-0.28968844679731204,0.35294117647058826,0.11076298244555005,44.8476748098156,-6.2247936367744785,0.035848969443257696,1258,0.07217779719646136,-0.18269754172454128,0.06400214546760316,"[-1.94, -0.31, -0.23, -0.93]","['net_sharpe', 'dbl_sharpe', 'tri_sharpe', 'ret_1x', 'ret_2x', 'pos_folds', 'turnover', 'gross_edge', 'short_pnl']",3,30,1,9,0.6,2
-33.68871897436788,-10.920738201479748,0.32416602749985274,-0.2815780685502871,-0.5833568919841152,-0.8838442535423429,-0.927336171371475,-0.5666666421171844,0.27654840847534645,0.17380550904676018,-0.2492536409022217,0.35294117647058826,0.11157719126160393,44.996016647884204,0.5599609365381606,0.03482549240373565,1259,0.11038425305081923,-0.10040939365500852,0.06338614035395913,"[-0.82, -0.31, -0.23, -0.93]","['net_sharpe', 'dbl_sharpe', 'tri_sharpe', 'ret_1x', 'ret_2x', 'pos_folds', 'turnover', 'gross_edge', 'short_pnl']",3,30,1,9,0.6,4
-30.684789401166704,-10.134077408500216,0.3302638736088212,-0.15343883024713864,-0.4341501859898915,-0.7142064755009634,-0.9273361713714745,-0.2993532503122267,0.2767643521558514,0.17673634910506308,-0.20716823468652146,0.4117647058823529,0.11951848561972696,44.75857703072224,3.3509375257426135,0.034163180153159306,1260,0.20489947955039028,-0.1455225706980004,0.06756940632377818,"[-0.29, -0.31, -0.23, -0.93]","['net_sharpe', 'dbl_sharpe', 'tri_sharpe', 'ret_1x', 'ret_2x', 'pos_folds', 'turnover', 'gross_edge', 'short_pnl']",3,30,1,9,0.6,6
3.817971937975083,2.651505241606999,0.6944800236046951,0.3595593035560643,0.08245957214763878,-0.19357491219842538,-0.24307893494738575,0.0067233624009511855,0.14242859292100685,0.12379570975071374,0.02051683157672679,0.5294117647058824,0.11378190539533545,42.04616373597559,17.16207663572143,0.026208876947999983,1347,0.20377338574078682,0.08190093063653839,0.04919441184632784,"[-0.24, -0.23, 0.24, 0.57]","['net_sharpe', 'dbl_sharpe', 'tri_sharpe', 'pos_folds', 'turnover', 'gross_edge']",3,30,1,12,0.0,0
-3.53254087058264,-2.4907931412630244,0.7050995961590121,0.35550362000722724,0.09423663108694968,-0.16686823362362427,-0.42060011142582965,0.11409422242007744,0.16823998753248715,0.1619341744775319,0.025490508238424036,0.47058823529411764,0.11323350033719135,39.43308594794743,17.763949365418203,0.02457278727840341,1345,0.12753395849065702,0.14978226324542504,0.043470764164422734,"[-0.42, -0.3, 0.65, 0.53]","['net_sharpe', 'dbl_sharpe', 'tri_sharpe', 'pos_folds', 'turnover', 'gross_edge']",3,30,1,12,0.0,2
36.432539928456954,34.21743493023541,0.9391998196510216,0.912728719089108,0.654353423995125,0.39570227942835867,0.11489839912523278,0.46493375284838445,0.12087876378790507,0.10480819684056819,0.6067268148502942,0.6470588235294118,0.11891299783892828,40.96087465982209,33.92130567424655,0.0245504850479439,1337,0.37641475828004967,0.17365372823484598,0.07503873041540535,"[1.43, 0.67, 0.26, 0.11]","['turnover', 'gross_edge']",3,30,1,12,0.0,4
-33.35327505681519,-12.501821264926335,0.3748303950250845,-0.1475437343216525,-0.39106192647848254,-0.6340336408120358,-0.8888075705417151,-0.42595470732288326,0.2852525515110983,0.2154466506902163,-0.1816701841253098,0.23529411764705882,0.1181574964831847,38.372596429403686,2.9746263667564716,0.024558263691109004,1335,0.1857346407351305,-0.1405460713901375,0.08904977335479825,"[-0.67, -0.18, -0.89, 0.08]","['net_sharpe', 'dbl_sharpe', 'tri_sharpe', 'ret_1x', 'ret_2x', 'pos_folds', 'turnover', 'gross_edge', 'short_pnl']",3,30,1,12,0.0,6
-9.10353918892006,-5.70904529018247,0.6271237121855819,0.3198805338406965,0.08134347428504961,-0.1565351913157766,-0.8811751387972776,-0.0181149418724057,0.14777015631951496,0.1331360606434564,0.01802714887978368,0.5294117647058824,0.11899620597495396,37.835173728643724,17.472437000827114,0.024889631512076422,1225,0.3167367011657944,-0.05502436248984491,0.13077330495391215,"[-0.63, 1.34, 0.59, -0.88]","['net_sharpe', 'dbl_sharpe', 'tri_sharpe', 'pos_folds', 'turnover', 'gross_edge', 'short_pnl']",3,30,1,12,0.3,0
-7.0027151859240435,-4.449609076953767,0.6354119736152911,0.3442333364866319,0.10761056482110543,-0.12846979798082456,-0.8811751387972876,0.03864688551410361,0.1402835583230465,0.12746275854660782,0.04129853338905427,0.5294117647058824,0.1195956942208613,37.71797141184316,18.275801862213786,0.024766592178549214,1227,0.33596948284625133,-0.06307186126213571,0.12118787207865941,"[-0.52, 1.34, 0.59, -0.88]","['net_sharpe', 'dbl_sharpe', 'tri_sharpe', 'pos_folds', 'turnover', 'gross_edge', 'short_pnl']",3,30,1,12,0.3,2
5.040681060840757,4.427827016493699,0.8784184047849999,0.5396583326384441,0.3068011706208623,0.0740756210375371,-0.8811751387972836,0.4217005054496721,0.13975689821171156,0.11782075194392827,0.215558577670671,0.5882352941176471,0.11993051643445807,37.218452599974704,24.800084366568267,0.024176340263836273,1223,0.3590343269443781,0.006380742826239766,0.12690855123143027,"[0.25, 1.34, 0.59, -0.88]","['net_sharpe', 'dbl_sharpe', 'turnover', 'gross_edge']",3,30,1,12,0.3,4
-2.0438319271859915,-1.3648847222479024,0.667806733074728,0.44042332429345216,0.2078701764319878,-0.024175217083547165,-0.8811751387972856,0.23531270184226474,0.13975689821171233,0.11782075194392905,0.1288793566717229,0.5294117647058824,0.12035058121922317,37.291274885176705,21.608094019242994,0.02432438006424409,1220,0.33337840394096363,-0.014372534032853768,0.12337064225283523,"[-0.12, 1.34, 0.59, -0.88]","['net_sharpe', 'dbl_sharpe', 'tri_sharpe', 'pos_folds', 'turnover', 'gross_edge', 'short_pnl']",3,30,1,12,0.3,6
-31.61923106112753,-16.15386637182266,0.5108873881402547,0.12563148116748396,-0.11792494824612001,-0.36112869137527914,-2.568578294241893,0.15284940396094143,0.2829889233929167,0.2585326773261658,-0.06903680249612912,0.47058823529411764,0.1130944240613965,36.70351284715888,11.438821663345793,0.02552691977046016,1125,0.1724021032585916,-0.0061895182634617366,0.09600317729400398,"[-0.1, 1.53, -2.57, 0.41]","['net_sharpe', 'dbl_sharpe', 'tri_sharpe', 'ret_2x', 'pos_folds', 'turnover', 'gross_edge', 'short_pnl']",3,30,1,12,0.45,0
-27.362398898430147,-17.16180297331285,0.6272038879711481,0.21656823936942893,-0.02768302555426714,-0.2718219941814858,-2.5685782942418776,0.3111520483651659,0.28298892339291526,0.2585326773261668,-0.03347748426083435,0.47058823529411764,0.11313178675975565,36.81163993121225,14.216233666465174,0.025384488563616355,1126,0.18848959975296398,0.01868890825851694,0.09016801443253766,"[0.21, 1.53, -2.57, 0.41]","['net_sharpe', 'dbl_sharpe', 'tri_sharpe', 'ret_2x', 'turnover', 'gross_edge']",3,30,1,12,0.45,2
-18.767083519221085,-14.009764837227186,0.7465072994894761,0.3606107631594927,0.12029306318673676,-0.12034034346579527,-2.568578294241879,0.5662317761797768,0.2829889233929167,0.25853267732616614,0.025645379889766222,0.5294117647058824,0.113834783703565,36.45588507663097,18.859228644223556,0.024975495714205136,1123,0.1992884022459079,0.07289808136142266,0.0950202822950511,"[0.72, 1.53, -2.57, 0.41]","['net_sharpe', 'dbl_sharpe', 'tri_sharpe', 'turnover', 'gross_edge']",3,30,1,12,0.45,4
-20.778118199653573,-15.387964248051231,0.7405850760974009,0.3476833311955194,0.1046847835620725,-0.13836275200485496,-2.568578294241874,0.5385381362096407,0.28298892339291615,0.25853267732616636,0.019318534654576905,0.47058823529411764,0.1138542281471651,36.86160873556048,18.323864302803436,0.02519243180534362,1124,0.2106201673539571,0.05678286915980373,0.0872940280354299,"[0.67, 1.53, -2.57, 0.41]","['net_sharpe', 'dbl_sharpe', 'tri_sharpe', 'turnover', 'gross_edge']",3,30,1,12,0.45,6
-40.54596221070186,-14.335680953181512,0.35356617950474234,-0.4752012386138893,-0.7162149341528697,-0.955975597902719,-1.450014728282326,-0.6083112125554041,0.3099325709468681,0.24271192725321922,-0.2598472399865309,0.29411764705882354,0.10876410575635592,35.09099166095874,-7.101652683701557,0.026388982944022813,1031,0.017745009583425897,-0.11640249745288922,0.08769890928378096,"[-0.45, -0.42, -1.45, -0.77]","['net_sharpe', 'dbl_sharpe', 'tri_sharpe', 'ret_1x', 'ret_2x', 'pos_folds', 'turnover', 'gross_edge', 'short_pnl']",3,30,1,12,0.6,0
-40.10877210970001,-14.168718604130726,0.35325735141874676,-0.43223567065735863,-0.6745081874132299,-0.9157621075244249,-1.4500147282823197,-0.5955070800782453,0.3033324045436129,0.2435923711631608,-0.25140208551708304,0.29411764705882354,0.1086905582787875,35.191360788907296,-5.727751072717114,0.0263361030190657,1032,0.010694127900743734,-0.09049271071322618,0.08411641937431144,"[-0.3, -0.42, -1.45, -0.77]","['net_sharpe', 'dbl_sharpe', 'tri_sharpe', 'ret_1x', 'ret_2x', 'pos_folds', 'turnover', 'gross_edge', 'short_pnl']",3,30,1,12,0.6,2
-39.35797532958485,-14.937960722788446,0.37954088333298447,-0.2702914090093976,-0.5090122572640482,-0.7472143823526044,-1.45001472828232,-0.595507080078248,0.3090660538268851,0.24383013387351404,-0.19455587533838165,0.35294117647058826,0.10991976368302334,34.98254625011336,-0.865973451816458,0.02621394260462673,1027,0.05673376871785962,-0.06872685553873217,0.08038540973092786,"[0.26, -0.42, -1.45, -0.77]","['net_sharpe', 'dbl_sharpe', 'tri_sharpe', 'ret_1x', 'ret_2x', 'pos_folds', 'turnover', 'gross_edge', 'short_pnl']",3,30,1,12,0.6,4
-40.2573127230158,-14.249408495679715,0.3539582632780425,-0.3856647422348436,-0.6243204367718604,-0.8620590171840687,-1.4500147282823217,-0.5955070800782467,0.3097485037985894,0.24438137829655882,-0.23199165520652426,0.29411764705882354,0.10967092932110457,34.96356443463619,-4.461292187188131,0.026235220367699173,1025,0.018361491001996064,-0.0801135370420153,0.08034010430945501,"[-0.14, -0.42, -1.45, -0.77]","['net_sharpe', 'dbl_sharpe', 'tri_sharpe', 'ret_1x', 'ret_2x', 'pos_folds', 'turnover', 'gross_edge', 'short_pnl']",3,30,1,12,0.6,6
-31.89336017299535,-13.521415752960554,0.42395707694698676,-0.094328723972313,-0.28524217185512085,-0.4756156687939445,-1.5799925037226854,-0.05588567445967954,0.2533114726273996,0.24163060786141666,-0.1638547725013997,0.35294117647058826,0.1222949053640526,31.179061140183475,3.677511170059976,0.019677262651440715,1077,0.21073389883120278,-0.16534057159457644,0.09624541925138619,"[-1.58, 0.47, 0.76, -0.58]","['net_sharpe', 'dbl_sharpe', 'tri_sharpe', 'ret_1x', 'ret_2x', 'pos_folds', 'turnover', 'gross_edge', 'short_pnl']",3,30,1,15,0.0,0
-27.52712517007076,-11.323065573935988,0.41134210361520585,0.04327345153377761,-0.15735465134248477,-0.35715672190960285,-0.8010126707812223,-0.37970903449107807,0.268588721433489,0.21742631636095744,-0.09391005467417794,0.47058823529411764,0.11794821063664575,31.623849078349583,8.999046495244144,0.01980161547480783,1056,0.2858002689478737,-0.173135998956046,0.08454729142847278,"[-0.34, -0.8, -0.42, 0.85]","['net_sharpe', 'dbl_sharpe', 'tri_sharpe', 'ret_1x', 'ret_2x', 'pos_folds', 'turnover', 'gross_edge', 'short_pnl']",3,30,1,15,0.0,2
5.815307375683638,5.595845909400631,0.9622614159312246,0.776823323299563,0.5650797178853303,0.3540070539731072,-0.8421165902568192,0.5568402349424384,0.1748797639989753,0.16479935675993174,0.35583422208021015,0.5882352941176471,0.11912208826524022,33.48491430963396,35.11063301467299,0.020070178581557182,1071,0.44690620905484457,0.01853285867065199,0.059423785925497984,"[0.85, -0.84, 0.27, 1.82]","['net_sharpe', 'turnover', 'gross_edge']",3,30,1,15,0.0,4
3.1974370849067975,2.332431298516701,0.7294690205248211,0.4232433079189018,0.2178487974855146,0.012570584295100239,-0.3032018441351664,-0.11235960845361408,0.1317624488237341,0.11146242820408792,0.15022297345151436,0.5294117647058824,0.12618331936973787,34.53784367482694,22.661038024510503,0.021063860049813782,1077,0.3131868929511166,-0.0033379623166543554,0.04238579295003335,"[1.03, -0.1, -0.12, -0.3]","['net_sharpe', 'dbl_sharpe', 'pos_folds', 'turnover', 'gross_edge', 'short_pnl']",3,30,1,15,0.0,6
-27.758366933653836,-11.811548799196823,0.42551310123639424,-0.08983069104498453,-0.2812028502185914,-0.4720665515609414,-0.9587866444388812,-0.2969987934730183,0.22679151668524267,0.18568470763120948,-0.17853627027054414,0.35294117647058826,0.12091317103499474,30.891823813509586,4.027064077873692,0.020585886445272046,1013,0.23987508003221597,-0.19062498510065018,0.0763852410957308,"[-0.96, 0.58, 0.01, -0.61]","['net_sharpe', 'dbl_sharpe', 'tri_sharpe', 'ret_1x', 'ret_2x', 'pos_folds', 'turnover', 'gross_edge', 'short_pnl']",3,30,1,15,0.3,0
-15.055017910681464,-8.064730589922753,0.535683892092939,0.15632682017388555,-0.03477704807201778,-0.22561265098592248,-0.6061173614288166,0.00552888024486922,0.2091240392510546,0.1810846723157462,-0.05513362363136403,0.47058823529411764,0.12153976903179069,30.979123807755958,13.639214305376896,0.020374376483086844,1012,0.3053213096576611,-0.13804537460648103,0.07520414033293814,"[-0.0, 0.58, 0.01, -0.61]","['net_sharpe', 'dbl_sharpe', 'tri_sharpe', 'ret_2x', 'pos_folds', 'turnover', 'gross_edge', 'short_pnl']",3,30,1,15,0.3,2
-15.272990570065991,-8.628229808379013,0.5649338791113869,0.17598175307675365,-0.014226247603610583,-0.20404201549197454,-0.6061173614288217,0.04450478736973041,0.20912403925105782,0.1810846723157471,-0.04353199828437713,0.4117647058823529,0.12183067379578863,30.90123555390977,14.408506370339174,0.020480793959024853,1016,0.26527392636043845,-0.0890074227216307,0.06069196925750209,"[0.08, 0.58, 0.01, -0.61]","['net_sharpe', 'dbl_sharpe', 'tri_sharpe', 'ret_2x', 'turnover', 'gross_edge', 'short_pnl']",3,30,1,15,0.3,4
-6.797866758691422,-5.579929492225907,0.8208353723749705,0.4775934805006164,0.3031418904673874,0.1286361400333457,-0.6061173614288295,0.2982089154865666,0.20912403925105494,0.18108467231574743,0.1523184452836973,0.47058823529411764,0.13183712026143404,30.669471458599812,27.774522706322568,0.01978617438614737,1014,0.44935865926991947,-0.11212735765383444,0.06828202600058178,"[1.09, 0.58, 0.01, -0.61]","['net_sharpe', 'dbl_sharpe', 'turnover', 'gross_edge', 'short_pnl']",3,30,1,15,0.3,6
-2.2148668513678573,-1.4955802954437039,0.6752461415547681,0.3713462914948947,0.1721337354987885,-0.026804390303349104,-0.4738846536330601,0.09011236635526254,0.16005927249676621,0.13807593804991325,0.0834585847811133,0.5294117647058824,0.11646876923572053,30.93026036084761,21.61173010452111,0.02055186159020787,951,0.3622372775940932,-0.09760178325769783,0.06966323892073517,"[-0.47, 1.05, -0.42, 0.6]","['net_sharpe', 'dbl_sharpe', 'tri_sharpe', 'pos_folds', 'turnover', 'gross_edge', 'short_pnl']",3,30,1,15,0.45,0
9.070245012232267,7.488767994218537,0.8256412019872753,0.5210537013814456,0.3219007486773209,0.12297902156073628,-0.4201266944203395,0.334252870309701,0.14628895527874985,0.1319343530756164,0.21414268513688445,0.5882352941176471,0.1170390978850933,31.060288785185737,27.225142126422377,0.020532683193468536,949,0.39406607690868317,-0.05929292011962442,0.06717442628618847,"[0.07, 1.05, -0.42, 0.6]","['net_sharpe', 'dbl_sharpe', 'turnover', 'gross_edge', 'short_pnl']",3,30,1,15,0.45,2
-3.496976735734911,-2.6744416427664626,0.7647867986758031,0.4107449756975167,0.21239586706338584,0.014339080129464414,-0.420126694420354,0.14205001691171396,0.18666340365308753,0.16316685555587085,0.09755733744421917,0.5294117647058824,0.11733346900548233,31.01427171934671,23.116385245759023,0.02081434417162976,948,0.31472073025892733,-0.030891908931079987,0.06287732424651661,"[-0.32, 1.05, -0.42, 0.6]","['net_sharpe', 'dbl_sharpe', 'pos_folds', 'turnover', 'gross_edge', 'short_pnl']",3,30,1,15,0.45,4
18.35605033282762,16.27094804098701,0.886407900717528,0.6850450503344756,0.5054502031345055,0.32572265676837603,-0.42012669442035183,0.6512396183321878,0.1526722358004936,0.13839843544646369,0.38253562942639874,0.5882352941176471,0.12853209722416253,30.790288662550623,35.94431771647176,0.020084577561069385,946,0.49861998573936384,-0.06047384823302841,0.07050997728968025,"[0.7, 1.05, -0.42, 0.6]","['net_sharpe', 'turnover', 'gross_edge', 'short_pnl']",3,30,1,15,0.45,6
-38.62045855840849,-15.39983239189993,0.398748046158221,-0.144744296833713,-0.35110268744365564,-0.5571051550958029,-2.225249964733276,-0.1773177501997601,0.2970215564039719,0.26385713378652265,-0.14661918932726464,0.35294117647058826,0.10965760797195644,30.18060672016776,2.3046214212099927,0.02173319441426062,866,0.1770975770424525,-0.14956146988430546,0.07635787157885432,"[-0.28, -0.07, -2.23, 0.64]","['net_sharpe', 'dbl_sharpe', 'tri_sharpe', 'ret_1x', 'ret_2x', 'pos_folds', 'turnover', 'gross_edge', 'short_pnl']",3,30,1,15,0.6,0
-37.536783452921846,-15.088981912753193,0.401978553428202,-0.09810352696216981,-0.3036622865194589,-0.5087976026763592,-2.2252499647332438,-0.09590756928781341,0.2970215564039692,0.263857133786523,-0.1302485464156763,0.35294117647058826,0.10995475554481793,30.161208734545244,3.9534484246041037,0.021876938051444333,860,0.14889779919013402,-0.10169151654354522,0.07379222839005492,"[-0.12, -0.07, -2.23, 0.64]","['net_sharpe', 'dbl_sharpe', 'tri_sharpe', 'ret_1x', 'ret_2x', 'pos_folds', 'turnover', 'gross_edge', 'short_pnl']",3,30,1,15,0.6,2
-38.02837069344524,-15.232065943998496,0.40054479501074103,-0.11861853154122796,-0.3244544535756898,-0.5298981184776879,-2.2252499647332353,-0.13151640591668037,0.29702155640396954,0.2638571337865222,-0.13746778873980764,0.35294117647058826,0.10984073361659305,30.157394522524843,3.201791308291762,0.021982788437236684,862,0.12408338261095708,-0.08585712154439368,0.07217050430420599,"[-0.19, -0.07, -2.23, 0.64]","['net_sharpe', 'dbl_sharpe', 'tri_sharpe', 'ret_1x', 'ret_2x', 'pos_folds', 'turnover', 'gross_edge', 'short_pnl']",3,30,1,15,0.6,4
-28.525905925628603,-15.797441457962533,0.5537928050085027,0.2153318345443355,0.030703367260993777,-0.15404267102529345,-2.2252499647332353,0.28338865282758824,0.2970215564039679,0.26385713378652254,-0.012130915969550083,0.4117647058823529,0.12173934584219205,29.97136413735982,16.036913449434152,0.021153172568004187,860,0.3050336873571894,-0.11474968476713626,0.07960304168868565,"[0.82, -0.07, -2.23, 0.64]","['net_sharpe', 'dbl_sharpe', 'tri_sharpe', 'ret_2x', 'pos_folds', 'turnover', 'gross_edge', 'short_pnl']",3,30,1,15,0.6,6
-40.01592958380256,-16.198300438528435,0.4047963050466057,0.04830904271535359,-0.5869708509436968,-1.2181639261854715,-1.454098007959195,-0.545376006393138,0.3479827869223018,0.18976209342678485,-0.21457327884633765,0.4117647058823529,0.11970788603806456,101.55367085975794,8.078626488467282,0.05722681271138164,4930,0.1481949926262538,0.17659911243281814,0.09740370518785453,"[-0.24, -0.03, -1.45, -0.85]","['net_sharpe', 'dbl_sharpe', 'tri_sharpe', 'ret_1x', 'ret_2x', 'pos_folds', 'turnover', 'gross_edge']",3,30,2,6,0.0,0
-45.68652635466137,-17.996049491529405,0.39390277456918715,-0.23808806646097708,-0.904748730576204,-1.5646756977796612,-1.5237953617038427,-0.9250314704714804,0.44087415634541693,0.2673542481313059,-0.24337376888020798,0.35294117647058826,0.11739350202855342,104.70802532502012,4.829442775977291,0.06008420880156076,4978,0.17262033052636724,0.027574093263234442,0.08902320374925571,"[-1.52, -0.07, -0.78, -1.07]","['net_sharpe', 'dbl_sharpe', 'tri_sharpe', 'ret_1x', 'ret_2x', 'pos_folds', 'turnover', 'gross_edge']",3,30,2,6,0.0,2
-47.08985941129199,-19.870784593209773,0.42197587424618277,-0.11434425620296408,-0.7276963448589339,-1.336841321124705,-1.572960884851317,-1.2921572795275442,0.38954208551494696,0.23949914277980344,-0.2406170452792042,0.23529411764705882,0.12433912335763249,101.84959792635016,6.094121274681693,0.05805255906009179,4942,0.22274137131882016,0.022981393948681123,0.10375023349871262,"[0.63, -1.37, -1.22, -1.57]","['net_sharpe', 'dbl_sharpe', 'tri_sharpe', 'ret_1x', 'ret_2x', 'pos_folds', 'turnover', 'gross_edge']",3,30,2,6,0.0,4
-39.56215986493319,-19.21828786231835,0.4857744857189384,0.08243299469307927,-0.552255373853708,-1.1832034251011867,-1.4540980079592014,-0.48943892878619044,0.34802054242974245,0.18976209342678263,-0.2028280329807883,0.4117647058823529,0.1193868838273073,101.15152236105212,8.481082839194015,0.057147010059303914,4923,0.16572802551592353,0.17389623926681508,0.09719295581862145,"[-0.12, -0.03, -1.45, -0.85]","['net_sharpe', 'dbl_sharpe', 'tri_sharpe', 'ret_2x', 'pos_folds', 'turnover', 'gross_edge']",3,30,2,6,0.0,6
-43.84794816854683,-19.643998016565256,0.44800267371818236,0.19492246591578669,-0.43163766764763467,-1.0534830688187535,-2.284895801726359,-0.5136615921070805,0.3473798226818985,0.21333341297485287,-0.1638687399110203,0.35294117647058826,0.11900939959109207,99.57445515842817,9.88193370433217,0.06083050866397672,4346,0.42336145191540936,-0.0338099730846578,0.1138876212678886,"[1.05, -2.28, -0.02, -1.01]","['net_sharpe', 'dbl_sharpe', 'tri_sharpe', 'ret_2x', 'pos_folds', 'turnover', 'gross_edge', 'short_pnl']",3,30,2,6,0.3,0
-44.95597561124706,-14.336614029171788,0.31890341237717595,-0.1447786665387491,-0.7819853375449832,-1.4133351463551385,-2.2848958017263397,-0.5418502406863523,0.3510294817480354,0.2133334129748531,-0.2691245595380153,0.35294117647058826,0.11765897788374358,100.25312998399026,5.829774436131486,0.06262698646831884,4351,0.29948641946358584,-0.0681070279302996,0.10905247798991086,"[-0.08, -2.28, -0.02, -1.01]","['net_sharpe', 'dbl_sharpe', 'tri_sharpe', 'ret_1x', 'ret_2x', 'pos_folds', 'turnover', 'gross_edge', 'short_pnl']",3,30,2,6,0.3,2
-42.45038739656826,-20.21445836158458,0.47619019757682446,0.4303109666923744,-0.18597015052054935,-0.8008589566916164,-2.284895801726342,-0.5136615921070593,0.34737982268189516,0.21333341297484987,-0.08556216847546462,0.4117647058823529,0.12220011000638295,100.37972066317097,12.770021071996664,0.06026201301352114,4357,0.5105003888897286,-0.003027811092219737,0.11950540177646288,"[1.74, -2.28, -0.02, -1.01]","['net_sharpe', 'dbl_sharpe', 'tri_sharpe', 'ret_2x', 'pos_folds', 'turnover', 'gross_edge', 'short_pnl']",3,30,2,6,0.3,4
-43.74964275179801,-19.781804357510726,0.4521592203560963,0.22976647342606896,-0.396177231409015,-1.0177532036754748,-2.2848958017263516,-0.513661592107071,0.3473798226818958,0.21333341297485198,-0.15186028025066303,0.35294117647058826,0.11868462438038577,99.17121554405782,10.301137580533311,0.0607541353984289,4339,0.44086474588699687,-0.03643247066016092,0.11366077987266243,"[1.18, -2.28, -0.02, -1.01]","['net_sharpe', 'dbl_sharpe', 'tri_sharpe', 'ret_2x', 'pos_folds', 'turnover', 'gross_edge', 'short_pnl']",3,30,2,6,0.3,6
-24.622193146909577,-15.419504096385966,0.6262441369208951,0.689918184533504,0.10189136743363866,-0.4835663620119247,-0.8518894021260571,-0.2699456192228942,0.2471544023563741,0.14789977289806389,0.020371077931968653,0.47058823529411764,0.12021873111933387,94.1876885158461,16.333065910832502,0.06088326651838346,3857,0.6233213259436015,-0.014293919935681396,0.10867304004820905,"[1.33, -0.76, -0.85, 0.22]","['net_sharpe', 'dbl_sharpe', 'tri_sharpe', 'pos_folds', 'turnover', 'gross_edge', 'short_pnl']",3,30,2,6,0.45,0
-31.97161404278648,-14.251228988963902,0.4457463101453679,0.17480543931225326,-0.4159026033366579,-1.0025080647197977,-0.8518894021260593,-0.5588966348615853,0.2818122230393585,0.2231117323429329,-0.19675434152012058,0.4117647058823529,0.11958486915563174,94.25437149361123,9.714475976645334,0.06281103012143634,3861,0.42141362643663466,-0.05892376593349234,0.10139147411448263,"[-0.36, -0.76, -0.85, 0.22]","['net_sharpe', 'dbl_sharpe', 'tri_sharpe', 'ret_2x', 'pos_folds', 'turnover', 'gross_edge', 'short_pnl']",3,30,2,6,0.45,2
-24.488075443289173,-15.472509902356464,0.6318385427302586,0.6973740877728317,0.12893452184172313,-0.4393272943581361,-0.8518894021260602,-0.26994561922289567,0.2471544023563752,0.14789977289806544,0.0337828482940227,0.47058823529411764,0.12434893605600646,94.18445262156223,16.705909417088453,0.06016613956073789,3865,0.6273474728536468,-0.004438878436892377,0.11175848314886588,"[1.32, -0.76, -0.85, 0.22]","['net_sharpe', 'dbl_sharpe', 'tri_sharpe', 'pos_folds', 'turnover', 'gross_edge', 'short_pnl']",3,30,2,6,0.45,4
-24.442320986481306,-15.551257329408271,0.6362430694699348,0.7257659750350686,0.13859173873141833,-0.44634770177516675,-0.8518894021260586,-0.26994561922290555,0.2471544023563773,0.14789977289806533,0.03835829397483243,0.47058823529411764,0.1198916569262328,93.7844468284173,16.804091607432586,0.06080260050587525,3850,0.6408247863719567,-0.01691636998468808,0.10844618749212437,"[1.46, -0.76, -0.85, 0.22]","['net_sharpe', 'dbl_sharpe', 'tri_sharpe', 'pos_folds', 'turnover', 'gross_edge', 'short_pnl']",3,30,2,6,0.45,6
-46.113157781819574,-15.874275902641907,0.3442461255364396,-0.14981571770261592,-0.7388071670417705,-1.3226765149826443,-1.6429145696107046,-1.1818187025054943,0.36960301396361706,0.25323490812941474,-0.24099699266992994,0.29411764705882354,0.11667714361454162,91.88064497572503,5.674651945615228,0.06567630769753949,3370,0.2078273558989161,-0.0014137850164102142,0.10631493448089462,"[0.59, -1.64, -0.96, -1.41]","['net_sharpe', 'dbl_sharpe', 'tri_sharpe', 'ret_1x', 'ret_2x', 'pos_folds', 'turnover', 'gross_edge', 'short_pnl']",3,30,2,6,0.6,0
-50.06990307725268,-15.406124023770056,0.3076923076923077,-0.753825018558399,-1.3458151976488515,-1.9306966896275182,-1.642914569610705,-1.399904229649084,0.47468113643957355,0.3353598669910983,-0.3161189602310239,0.23529411764705882,0.11539814824834492,91.67858515003829,-1.9367705438351983,0.0680963312394891,3367,0.00046737185504393264,-0.07076182493766647,0.09928633439253964,"[-1.39, -1.64, -0.96, -1.41]","['net_sharpe', 'dbl_sharpe', 'tri_sharpe', 'ret_1x', 'ret_2x', 'pos_folds', 'turnover', 'gross_edge', 'short_pnl']",3,30,2,6,0.6,2
-47.4108413762752,-16.13261393339995,0.34027267741071665,-0.30309830802727816,-0.8784631138437538,-1.450651720457759,-1.6429145696107004,-1.1818187025054974,0.3917878616144931,0.2532349081294125,-0.27024317297047634,0.23529411764705882,0.11915998037946678,91.44776841323451,3.608458920239323,0.06578096777677624,3370,0.16911016564717413,-0.0384720642393921,0.10898407618515646,"[0.07, -1.64, -0.96, -1.41]","['net_sharpe', 'dbl_sharpe', 'tri_sharpe', 'ret_1x', 'ret_2x', 'pos_folds', 'turnover', 'gross_edge', 'short_pnl']",3,30,2,6,0.6,4
-46.03172234589435,-15.884830931448642,0.34508443573077463,-0.11523768217437913,-0.7035859504469515,-1.2871594193817149,-1.6429145696107121,-1.1818187025054978,0.3696030139636184,0.2532349081294123,-0.23009517477596847,0.29411764705882354,0.11634974959344263,91.47740391012032,6.110573246669482,0.06560281986024581,3363,0.22533082980008373,-0.004036254518850452,0.10608808291789593,"[0.72, -1.64, -0.96, -1.41]","['net_sharpe', 'dbl_sharpe', 'tri_sharpe', 'ret_1x', 'ret_2x', 'pos_folds', 'turnover', 'gross_edge', 'short_pnl']",3,30,2,6,0.6,6
-35.05957358360886,-15.712220410179729,0.44815777273245405,0.1835688890693128,-0.27598014273376276,-0.7332411401124633,-1.2838101414452925,-0.34492219200151364,0.2783024449163566,0.21455341548417173,-0.1385438227641152,0.29411764705882354,0.11731110932790732,71.95191060528444,10.530264034077142,0.04093003270140922,3341,0.34442477482098555,-0.044469451330220414,0.0795472846772429,"[-0.55, -1.28, -0.14, 0.77]","['net_sharpe', 'dbl_sharpe', 'tri_sharpe', 'ret_2x', 'pos_folds', 'turnover', 'gross_edge', 'short_pnl']",3,30,2,9,0.0,0
-50.1010140811609,-16.700338027053633,0.3333333333333333,-0.6772278403600365,-1.112537371535305,-1.5429623009320854,-2.376746620401046,-1.0632731488049771,0.4813807339679862,0.36771461603049505,-0.2851840402118744,0.4117647058823529,0.12517772490436113,73.21720426847628,-4.159957531726691,0.04354106808774309,3380,0.009869835093336936,-0.13045031871080418,0.08507930396703026,"[-1.88, 0.47, -0.25, -2.38]","['net_sharpe', 'dbl_sharpe', 'tri_sharpe', 'ret_1x', 'ret_2x', 'pos_folds', 'turnover', 'gross_edge', 'short_pnl']",3,30,2,9,0.0,2
-39.70794515119115,-16.858485786374015,0.4245620296437903,-0.003468921024029956,-0.4654406695771023,-0.9238816326547337,-1.6524949256952979,-0.6955685524831556,0.3532208765392707,0.24499719352457705,-0.17445389625772728,0.5294117647058824,0.12065285370045009,74.48872559097889,7.43892208143761,0.04260121947101002,3358,0.13064359891319077,0.08872554300910822,0.07154492006235341,"[0.68, -0.12, -1.28, -1.65]","['net_sharpe', 'dbl_sharpe', 'tri_sharpe', 'ret_1x', 'ret_2x', 'pos_folds', 'turnover', 'gross_edge']",3,30,2,9,0.0,4
-28.04171972358856,-15.343776411271383,0.5471767267670203,0.15419675167654223,-0.2689748227572562,-0.6916277976544563,-1.1469739797357634,-0.19871325105159826,0.22908914298889194,0.1758088270273498,-0.17878165457148307,0.4117647058823529,0.12609321633227946,71.07755478964144,10.155393668356782,0.04122479973746364,3355,0.2832294234899712,0.002532410637835554,0.08285511083917438,"[0.17, -1.15, 0.16, -0.56]","['net_sharpe', 'dbl_sharpe', 'tri_sharpe', 'ret_2x', 'pos_folds', 'turnover', 'gross_edge']",3,30,2,9,0.0,6
-14.94127822632888,-10.98412307121834,0.7351528366470407,0.622493702267013,0.1663838320552168,-0.2879949144371506,-0.9759493608374186,0.2977339861667195,0.2466001631798599,0.20107983077473968,0.05172289546906883,0.5294117647058824,0.11744403247050827,71.37962390956663,17.84408337869316,0.04263272882018716,3061,0.44173367393801755,0.06251351045680069,0.09027727244646139,"[0.37, 0.95, -0.98, 0.23]","['net_sharpe', 'dbl_sharpe', 'tri_sharpe', 'turnover', 'gross_edge']",3,30,2,9,0.3,0
-18.62129979728732,-11.142845433350345,0.5983924621080207,0.49347416895220425,0.0494287656214149,-0.3928094328935913,-0.9759493608374123,0.11286524912846593,0.24660016317986078,0.20423898505480897,-0.005334437582477405,0.5882352941176471,0.12078259112942595,71.4771149452028,15.869403932180658,0.042686819379999186,3058,0.3534513206185571,0.09560685937185852,0.0886455873465575,"[-0.0, 0.95, -0.98, 0.23]","['net_sharpe', 'dbl_sharpe', 'tri_sharpe', 'ret_2x', 'pos_folds', 'turnover', 'gross_edge']",3,30,2,9,0.3,2
-4.952906003087408,-3.90732948601595,0.7888963536922172,0.7972091356068697,0.36342104397628583,-0.06947559284101418,-0.9759493608374142,0.5869193007450015,0.24660016317986,0.20107983077474012,0.15390908283936236,0.5882352941176471,0.12318439317187274,71.18320611157002,21.291963621506564,0.04197537758025121,3052,0.4553960811390824,0.1446273954527511,0.08747122688048228,"[0.94, 0.95, -0.98, 0.23]","['net_sharpe', 'dbl_sharpe', 'tri_sharpe', 'turnover', 'gross_edge']",3,30,2,9,0.3,4
-21.88873178252339,-12.729876614468024,0.5815721413623394,0.4201984630451148,-0.016124716025229528,-0.45139265203183254,-0.9759493608374165,0.014036422952888913,0.24660016317986122,0.20107983077473968,-0.038026373033265795,0.5294117647058824,0.12214853095265478,71.03451828304857,14.740923689494073,0.04294621572001309,3053,0.38169124340112115,0.03285131201323881,0.08791184244006686,"[-0.2, 0.95, -0.98, 0.23]","['net_sharpe', 'dbl_sharpe', 'tri_sharpe', 'ret_2x', 'pos_folds', 'turnover', 'gross_edge']",3,30,2,9,0.3,6
22.521502899238985,16.189955616198006,0.7188665733646521,0.8135330726922704,0.3955834219488147,-0.0214923147782862,-0.01898990651127285,0.46271644771528814,0.15082659777174212,0.13380920992044554,0.273485687800961,0.5294117647058824,0.12037421188572145,67.01437932138946,22.163944393713884,0.04166337368426043,2826,0.7485821284715414,-0.16056492256453608,0.08936321313424234,"[0.66, 0.43, 0.49, -0.02]","['dbl_sharpe', 'tri_sharpe', 'turnover', 'gross_edge', 'short_pnl']",3,30,2,9,0.45,0
9.637464428208196,6.562820301238427,0.680969600471832,0.6679408625713663,0.2611753784610744,-0.1444100455261667,-0.018989906511255036,0.330214580293603,0.209967179623762,0.20423898505480897,0.11868082417072794,0.5294117647058824,0.12314432540911861,66.72211118406373,19.813118839898305,0.041517914844810405,2818,0.6414758834304648,-0.11811940241388624,0.08751470620128489,"[0.23, 0.43, 0.49, -0.02]","['net_sharpe', 'dbl_sharpe', 'tri_sharpe', 'turnover', 'gross_edge', 'short_pnl']",3,30,2,9,0.45,2
25.067778822522204,20.487350947399303,0.8172782715392556,0.9301096543803127,0.5318269400727004,0.13384674800068255,-0.018989906511252267,0.46271644771527626,0.15082659777173868,0.13380920992044332,0.4026230840507754,0.5882352941176471,0.12555507483290057,66.6138742246712,24.984701200412943,0.04091494693476826,2813,0.7377129058786802,-0.07882151161123976,0.08952970639520012,"[1.06, 0.43, 0.49, -0.02]","['turnover', 'gross_edge', 'short_pnl']",3,30,2,9,0.45,4
13.684917425033825,9.226739626337984,0.6742269127221407,0.6398665311387701,0.2393131833874733,-0.16056890125377987,-0.018989906511270936,0.29850800156365964,0.17341575202887827,0.15083683741142118,0.12890505354659748,0.5294117647058824,0.12489007371234287,66.6629934937218,19.459613387576805,0.04178581689056246,2818,0.7018992701720213,-0.18833594509421026,0.09098000338918971,"[0.16, 0.43, 0.49, -0.02]","['net_sharpe', 'dbl_sharpe', 'tri_sharpe', 'turnover', 'gross_edge', 'short_pnl']",3,30,2,9,0.45,6
-0.12541381641844618,-0.0584467268975143,0.4660310049293565,0.31597083557756656,-0.1027045370365814,-0.5194690663849503,-0.2789728767969819,-0.1269434036428439,0.12248809125410454,0.10918852025248815,-0.15467371766510274,0.4117647058823529,0.11801861754592693,65.91160216402015,13.204247451053705,0.0445317823187459,2490,0.4884482211780706,-0.1438996084285113,0.07457643433345404,"[-0.28, 0.16, -0.04, -0.21]","['net_sharpe', 'dbl_sharpe', 'tri_sharpe', 'ret_2x', 'pos_folds', 'turnover', 'gross_edge', 'short_pnl']",3,30,2,9,0.6,0
-30.410136005649306,-10.661995976335357,0.35060665214896347,0.02216960745660124,-0.3843149491304297,-0.788362388260118,-1.2089966244960686,-0.1269434036428434,0.26029901286761514,0.238937450193225,-0.2014558772170945,0.4117647058823529,0.12083380753888563,65.58385226339378,7.873645411297602,0.045147789983309095,2480,0.3785596990697967,-0.17412822611507173,0.06766483936981457,"[-1.21, 0.16, -0.04, -0.21]","['net_sharpe', 'dbl_sharpe', 'tri_sharpe', 'ret_1x', 'ret_2x', 'pos_folds', 'turnover', 'gross_edge', 'short_pnl']",3,30,2,9,0.6,2
-9.652986650271993,-4.505962269390167,0.4667946235337643,0.32052086069000885,-0.08669673193854707,-0.4925473891622207,-0.21417616382728955,-0.12694340364285076,0.21417773633970305,0.1933148411342609,-0.08307022512486584,0.4117647058823529,0.1215573217081163,66.00429345171617,13.373827869723634,0.04440871087166393,2484,0.44518475608643704,-0.09572039014993308,0.07335869375362751,"[-0.21, 0.16, -0.04, -0.21]","['net_sharpe', 'dbl_sharpe', 'tri_sharpe', 'ret_2x', 'pos_folds', 'turnover', 'gross_edge', 'short_pnl']",3,30,2,9,0.6,4
-4.095857669398104,-1.889329499167859,0.4612781135643077,0.2770576639416725,-0.12121453591232541,-0.5183997534427306,-0.320658172676952,-0.12694340364283907,0.1436696433576682,0.11954289867295975,-0.15602517891789744,0.4117647058823529,0.12371581227049444,65.7030489599544,12.678402523023067,0.044342741210579746,2483,0.48911928633219887,-0.1593387331917714,0.07470897617528109,"[-0.32, 0.16, -0.04, -0.21]","['net_sharpe', 'dbl_sharpe', 'tri_sharpe', 'ret_2x', 'pos_folds', 'turnover', 'gross_edge', 'short_pnl']",3,30,2,9,0.6,6
-26.586389955886773,-8.525689189695008,0.3206787083105747,-0.03581839946734587,-0.4041019871153762,-0.7698606899444859,-0.6752432440368236,-0.3922044959037384,0.2879251964491589,0.18424428873533583,-0.18490908648334228,0.5294117647058824,0.11786480885028586,58.0211380874173,6.752928321498871,0.03363975190206297,2543,0.1643369343132207,-0.009222088370977044,0.04722407561425216,"[-0.26, -0.68, -0.5, -0.29]","['net_sharpe', 'dbl_sharpe', 'tri_sharpe', 'ret_1x', 'ret_2x', 'pos_folds', 'turnover', 'gross_edge', 'short_pnl']",3,30,2,12,0.0,0
-15.74270879314528,-8.139523542595795,0.5170344982904036,0.11219114931021286,-0.22218988786382154,-0.5551528070921969,-0.6146046473459635,-0.2862391738927569,0.19738891914790213,0.17110321330578138,-0.18155164032111878,0.5882352941176471,0.12743303055219887,56.838929826006286,9.915048312165938,0.031544640114876406,2551,0.15625164324515983,0.06685664782798442,0.0411287492047216,"[-0.47, -0.1, -0.61, 0.32]","['net_sharpe', 'dbl_sharpe', 'tri_sharpe', 'ret_2x', 'pos_folds', 'turnover', 'gross_edge']",3,30,2,12,0.0,2
-30.63587304467186,-14.95328235703996,0.48809715118076613,0.38664388441404557,0.06064696850903417,-0.26392070524369143,-0.9594782329113392,-0.4591418653976748,0.27947260642361993,0.20460998945232534,-0.001476314202866223,0.4117647058823529,0.12786355762363583,55.59549523542403,16.293233579240063,0.031260766118322736,2522,0.3787320921501698,-0.020122526863566775,0.09993762866422036,"[1.45, -0.85, -0.96, -0.07]","['net_sharpe', 'dbl_sharpe', 'tri_sharpe', 'ret_2x', 'pos_folds', 'turnover', 'gross_edge', 'short_pnl']",3,30,2,12,0.0,4
-36.3146995748897,-12.471162518148965,0.34341912955745124,-0.09540099976863266,-0.4193438874323457,-0.7417710584866151,-1.3493814499719854,-0.39871383276368905,0.32662717844370837,0.2347341194967063,-0.17808560381565797,0.47058823529411764,0.12426497545555573,53.757343282970915,5.244614036541296,0.03133184602116866,2511,0.19420294112258718,-0.08258697748413228,0.0920806788637508,"[-0.43, -0.37, -1.35, 0.3]","['net_sharpe', 'dbl_sharpe', 'tri_sharpe', 'ret_1x', 'ret_2x', 'pos_folds', 'turnover', 'gross_edge', 'short_pnl']",3,30,2,12,0.0,6
-27.63779443671038,-8.875542543226363,0.321137873847027,-0.019446999285012548,-0.35339610031354485,-0.6854716217210711,-0.5571473331451205,-0.4055131174516018,0.30614776494074425,0.2239043667358479,-0.1603909721633409,0.4117647058823529,0.12137093172614645,54.16025867903345,6.991694400454052,0.03368785913453964,2325,0.2734087541919546,-0.12349614946683733,0.12027224964651559,"[-0.47, -0.56, -0.03, -0.35]","['net_sharpe', 'dbl_sharpe', 'tri_sharpe', 'ret_1x', 'ret_2x', 'pos_folds', 'turnover', 'gross_edge', 'short_pnl']",3,30,2,12,0.3,0
-29.112924830892567,-9.226227414782128,0.3169117314173776,-0.10906631768613696,-0.42761689718363083,-0.744657607535713,-0.6924038892887324,-0.4515335097548671,0.263958472573974,0.16323301567514703,-0.2325454266799235,0.35294117647058826,0.12859955715861976,54.7022752035461,4.7941003370363715,0.0330828503328472,2337,0.20431184492740553,-0.1004902988437025,0.10751670619010668,"[-0.69, -0.56, -0.03, -0.35]","['net_sharpe', 'dbl_sharpe', 'tri_sharpe', 'ret_1x', 'ret_2x', 'pos_folds', 'turnover', 'gross_edge', 'short_pnl']",3,30,2,12,0.3,2
-18.628055228205106,-10.469615578150497,0.5620348152231289,0.3749034314397794,0.0506380115782329,-0.2731562279240921,-0.5571473331451336,-0.1904533878423583,0.23220374487409157,0.16132430665713549,-0.006256353436846833,0.47058823529411764,0.12508242193551394,54.10486156757469,16.128558084446123,0.03217968145914008,2330,0.3016906322572557,0.04377656405258609,0.1244236814411575,"[0.83, -0.56, -0.03, -0.35]","['net_sharpe', 'dbl_sharpe', 'tri_sharpe', 'ret_2x', 'pos_folds', 'turnover', 'gross_edge']",3,30,2,12,0.3,4
-25.095262083668317,-8.03569661512939,0.3202077184266158,-0.0407497855470347,-0.3667492784668835,-0.6912963277035465,-0.5571473331451295,-0.4264790050982326,0.25314972473788633,0.1613243066571357,-0.20519507768390663,0.4117647058823529,0.124229446175514,54.0662771751128,6.508013581840192,0.03303216220919805,2327,0.25202257072747913,-0.11272296096772001,0.11523481393993296,"[-0.51, -0.56, -0.03, -0.35]","['net_sharpe', 'dbl_sharpe', 'tri_sharpe', 'ret_1x', 'ret_2x', 'pos_folds', 'turnover', 'gross_edge', 'short_pnl']",3,30,2,12,0.3,6
-34.963693220138836,-14.057930342056544,0.4020722368642474,0.02241640974506719,-0.2925172811650009,-0.607247428539729,-2.2844998269147108,0.11623198883898228,0.3537739501165569,0.277991182094787,-0.12065536798112088,0.47058823529411764,0.123243247180402,51.693985357876095,7.9567426821553,0.03391874364938383,2182,0.3703025582780419,-0.20746660105128553,0.07871897489244858,"[0.14, 0.56, -2.28, 0.09]","['net_sharpe', 'dbl_sharpe', 'tri_sharpe', 'ret_1x', 'ret_2x', 'turnover', 'gross_edge', 'short_pnl']",3,30,2,12,0.45,0
-42.05990857178168,-15.231242656200276,0.3621320914239703,-0.22461338337451167,-0.5217833835629506,-0.818385985291579,-2.2844998269147134,-0.2674612488080881,0.3644689131914406,0.27799118209478435,-0.20415583694615094,0.4117647058823529,0.13157949106857333,52.05877182151005,1.6420208737978752,0.03363553528090363,2187,0.2688179263387108,-0.23497658454609055,0.06914052618598157,"[-0.63, 0.56, -2.28, 0.09]","['net_sharpe', 'dbl_sharpe', 'tri_sharpe', 'ret_1x', 'ret_2x', 'pos_folds', 'turnover', 'gross_edge', 'short_pnl']",3,30,2,12,0.45,2
-29.092369265937283,-14.713945637317186,0.5057664950838145,0.20797192394385175,-0.09427726541198102,-0.397077614586894,-2.284499826914715,0.32577775788811103,0.3458635009405935,0.2779911820947827,-0.057892358694364585,0.47058823529411764,0.12807686777243923,51.562091520895095,12.599981246390945,0.03273675461820478,2183,0.37506133995571944,-0.11785870898541297,0.08659121488317523,"[0.71, 0.56, -2.28, 0.09]","['net_sharpe', 'dbl_sharpe', 'tri_sharpe', 'ret_2x', 'turnover', 'gross_edge', 'short_pnl']",3,30,2,12,0.45,4
-41.38598052775682,-15.101025947418128,0.36488264274154736,-0.1836712582202503,-0.49860430679347917,-0.8132159945996478,-2.284499826914717,-0.2247105389194816,0.3605818260628013,0.27799118209478524,-0.18609564879052523,0.4117647058823529,0.12395868606550155,51.93623144699907,3.072307558937969,0.03420776625289155,2181,0.296899646369099,-0.23372975856611386,0.076897507499119,"[-0.54, 0.56, -2.28, 0.09]","['net_sharpe', 'dbl_sharpe', 'tri_sharpe', 'ret_1x', 'ret_2x', 'pos_folds', 'turnover', 'gross_edge', 'short_pnl']",3,30,2,12,0.45,6
-41.63967082280675,-14.370862889947093,0.34512431548992767,-0.06325365303181767,-0.39898441193304585,-0.7331933031593918,-1.5814634894462871,-0.41141622784636445,0.3857160804405563,0.31243457275600184,-0.13463126896832148,0.29411764705882354,0.11648141224970872,52.19678781901214,6.13131072142905,0.035740370848975696,2003,0.21548712679368998,-0.0887884480798647,0.08562749880246331,"[0.35, -0.43, -1.58, -0.39]","['net_sharpe', 'dbl_sharpe', 'tri_sharpe', 'ret_1x', 'ret_2x', 'pos_folds', 'turnover', 'gross_edge', 'short_pnl']",3,30,2,12,0.6,0
-42.34026649268138,-13.047492106784718,0.3081580062572353,-0.3036695254262779,-0.61944849872665,-0.9335024607299933,-1.58146348944629,-0.44378004626076695,0.37875373121993683,0.3049171777276587,-0.21586021173153652,0.29411764705882354,0.12487460742982,52.67330506329952,0.2421632537623292,0.0355887482776202,2009,0.11840256986549837,-0.11335277431232384,0.08118292961555357,"[-0.45, -0.43, -1.58, -0.39]","['net_sharpe', 'dbl_sharpe', 'tri_sharpe', 'ret_1x', 'ret_2x', 'pos_folds', 'turnover', 'gross_edge', 'short_pnl']",3,30,2,12,0.6,2
-41.63645033000858,-14.327508606471376,0.34410975222220447,-0.08716962976873502,-0.4181720732629411,-0.7486478243972892,-1.581463489446296,-0.41141622784636384,0.38277766151179304,0.30922890125359914,-0.1436690739417688,0.29411764705882354,0.11850979207389463,52.23931977136532,5.603737822212988,0.035477048631723566,2001,0.15640511836935828,-0.04051395997108516,0.08505050851266047,"[0.25, -0.43, -1.58, -0.39]","['net_sharpe', 'dbl_sharpe', 'tri_sharpe', 'ret_1x', 'ret_2x', 'pos_folds', 'turnover', 'gross_edge', 'short_pnl']",3,30,2,12,0.6,4
-44.10950085334449,-13.572154108721383,0.3076923076923077,-0.38251727231315147,-0.7101753015189914,-1.0360835676911206,-1.5814634894463093,-0.5672466494518573,0.3950836219244789,0.31141085672677693,-0.22164191845116374,0.23529411764705882,0.11890427698672712,52.01608658850108,-1.2010217632061917,0.036014604915542626,1995,0.11935978738874937,-0.14409203209636107,0.08253582200862677,"[-0.7, -0.43, -1.58, -0.39]","['net_sharpe', 'dbl_sharpe', 'tri_sharpe', 'ret_1x', 'ret_2x', 'pos_folds', 'turnover', 'gross_edge', 'short_pnl']",3,30,2,12,0.6,6
-36.91659460162258,-12.057595101392765,0.32661720918491227,-0.40439912414861956,-0.6613366208678392,-0.9166094012960553,-0.8754064825150184,-0.7073435818907134,0.32289489686411355,0.23164949071142626,-0.27401344810832007,0.29411764705882354,0.12750642011689226,43.84940701490353,-4.388219834029733,0.02609801348882088,2031,0.2515145715554925,-0.32769213601941977,0.08584754296122615,"[-0.69, -0.36, -0.88, -0.72]","['net_sharpe', 'dbl_sharpe', 'tri_sharpe', 'ret_1x', 'ret_2x', 'pos_folds', 'turnover', 'gross_edge', 'short_pnl']",3,30,2,15,0.0,0
-39.0512119601755,-13.766147543776643,0.3525152447974057,-0.16079582235060175,-0.42819415810240474,-0.6942504392143457,-2.2810935676896507,-0.27754151614446454,0.30769669120556087,0.2371107571057498,-0.19807555336188307,0.47058823529411764,0.12757915649094967,45.53833510784799,2.835930133874396,0.026254960286558365,2020,0.3283095875048164,-0.2771828996567643,0.07262598278157431,"[-0.07, -0.48, -2.28, 0.67]","['net_sharpe', 'dbl_sharpe', 'tri_sharpe', 'ret_1x', 'ret_2x', 'pos_folds', 'turnover', 'gross_edge', 'short_pnl']",3,30,2,15,0.0,2
-33.53847965115865,-12.087129620683749,0.3603958720372757,-0.03666004255550362,-0.297005569362619,-0.5554933422910324,-0.9481447740777567,-0.5500899046923082,0.322721525992708,0.23342372799106914,-0.14234650651856762,0.47058823529411764,0.12959642424613774,45.13058374161012,6.281454112626207,0.026202534459074417,2045,0.36192868672897927,-0.24969942007781643,0.04975885925858914,"[0.5, -0.95, -0.53, -0.57]","['net_sharpe', 'dbl_sharpe', 'tri_sharpe', 'ret_1x', 'ret_2x', 'pos_folds', 'turnover', 'gross_edge', 'short_pnl']",3,30,2,15,0.0,4
37.96558760522064,34.134319328089205,0.8990857637455716,0.7745966765539721,0.4845857117386102,0.19444337778506016,0.38162785592606,0.41856859737649427,0.13532173345551524,0.11133133586583177,0.4015467516957884,0.5882352941176471,0.12523953008712838,48.39243563427206,27.455803395745065,0.026701566205474467,2048,0.3467476585789734,0.17925340224290653,0.04741168437781608,"[0.45, 0.38, 0.38, 0.75]","['net_sharpe', 'dbl_sharpe', 'turnover', 'gross_edge']",3,30,2,15,0.0,6
-41.44208639368012,-14.566123074102778,0.35148141277761774,-0.366868173969704,-0.6315761794567799,-0.8940538593599405,-1.5311123261777864,-0.5799263567680948,0.342816399974899,0.2552647097875035,-0.24141666558962155,0.35294117647058826,0.1241221625916239,44.101874180607574,-2.8159724848048304,0.027307381985355223,1934,0.14295871428058815,-0.19212421148585485,0.09097617173926924,"[-1.53, 0.58, -0.53, -0.63]","['net_sharpe', 'dbl_sharpe', 'tri_sharpe', 'ret_1x', 'ret_2x', 'pos_folds', 'turnover', 'gross_edge', 'short_pnl']",3,30,2,15,0.3,0
-38.2571104204468,-13.44842768206546,0.35152753394772457,-0.3009276946458395,-0.5642003547269431,-0.8262333881868661,-1.3030624301930915,-0.5799263567681012,0.3174051101038756,0.22639785642875154,-0.23861502657367417,0.4117647058823529,0.12541529137250754,44.08688480032284,-1.0682515197429803,0.027056295090662007,1934,0.12946581863340373,-0.14811062658960664,0.08584669223137117,"[-1.3, 0.58, -0.53, -0.63]","['net_sharpe', 'dbl_sharpe', 'tri_sharpe', 'ret_1x', 'ret_2x', 'pos_folds', 'turnover', 'gross_edge', 'short_pnl']",3,30,2,15,0.3,2
-23.692350397771737,-11.593538742450448,0.4893367921631287,0.1479934248000032,-0.118442639508581,-0.3837914700096758,-0.633463122119734,-0.21170625763540124,0.2703778110670554,0.18277136347568868,-0.0831099247260896,0.47058823529411764,0.12531211373842957,44.54866126668218,11.666652044851622,0.026781719892540374,1939,0.2566495442365099,-0.05089194425292584,0.08126847434287365,"[0.1, 0.58, -0.53, -0.63]","['net_sharpe', 'dbl_sharpe', 'tri_sharpe', 'ret_2x', 'pos_folds', 'turnover', 'gross_edge', 'short_pnl']",3,30,2,15,0.3,4
-20.083228565108215,-10.429940905496663,0.5193358663266532,0.2974473800879515,0.038585978147731584,-0.2200067392732356,-0.6334631221197279,0.023597689859968796,0.2710961570851631,0.18355809175422222,-0.011832578605464062,0.47058823529411764,0.1279552366945982,44.16072400029099,16.085894967442478,0.026340305256311716,1937,0.30750788023234665,-0.026281280315955835,0.08810635541039963,"[0.57, 0.58, -0.53, -0.63]","['net_sharpe', 'dbl_sharpe', 'tri_sharpe', 'ret_2x', 'pos_folds', 'turnover', 'gross_edge', 'short_pnl']",3,30,2,15,0.3,6
-29.734474120985507,-10.829538238069443,0.36420816436858894,-0.05573873587991216,-0.31942589875522814,-0.581185891718625,-1.2450447720890572,-0.1443032209812387,0.2458803611467355,0.18033127541080196,-0.18815067808111505,0.4117647058823529,0.12374409799909762,43.6760984195553,5.936669609621415,0.027273899854773326,1856,0.3077145144144221,-0.2050638656218658,0.0822072498560801,"[-0.01, 0.09, -1.25, -0.28]","['net_sharpe', 'dbl_sharpe', 'tri_sharpe', 'ret_1x', 'ret_2x', 'pos_folds', 'turnover', 'gross_edge', 'short_pnl']",3,30,2,15,0.45,0
-31.832844608466253,-11.448596948311657,0.3596473104783979,-0.1186261003522845,-0.381025428574605,-0.6421929623375131,-1.2450447720890623,-0.246349102202096,0.25733008373358335,0.18033127541080152,-0.2111727554730028,0.4117647058823529,0.12558240757329567,44.00496549465917,4.091212906888253,0.027448333311551668,1857,0.2475503744472152,-0.17627676577750512,0.07377994249578645,"[-0.21, 0.09, -1.25, -0.28]","['net_sharpe', 'dbl_sharpe', 'tri_sharpe', 'ret_1x', 'ret_2x', 'pos_folds', 'turnover', 'gross_edge', 'short_pnl']",3,30,2,15,0.45,2
-29.01494508782821,-14.251026121903928,0.4911615747941651,0.14769711390650128,-0.11429472560728343,-0.3750201420165739,-1.245044772089048,-0.09529309776510739,0.2555689876839593,0.18033127541080207,-0.08640597730539029,0.4117647058823529,0.12569670295722296,43.96466083408711,11.695953865513491,0.027276966721245473,1853,0.3331025990412776,-0.12953232732152886,0.08124852740620822,"[0.61, 0.09, -1.25, -0.28]","['net_sharpe', 'dbl_sharpe', 'tri_sharpe', 'ret_2x', 'pos_folds', 'turnover', 'gross_edge', 'short_pnl']",3,30,2,15,0.45,4
-27.580153839889057,-14.406182415844688,0.5223387258634173,0.2985540904292929,0.04397534758686952,-0.21014424761875386,-1.2450447720890605,-0.095293097765108,0.24588036114673362,0.1803312754108004,-0.01047629071961355,0.4117647058823529,0.1283514240137749,43.5786555311617,16.2295873037549,0.02681312339100791,1851,0.384733257461698,-0.10473438236961671,0.08811141864729116,"[1.06, 0.09, -1.25, -0.28]","['net_sharpe', 'dbl_sharpe', 'tri_sharpe', 'ret_2x', 'pos_folds', 'turnover', 'gross_edge', 'short_pnl']",3,30,2,15,0.45,6
-26.596332815741007,-13.322347872067832,0.500909202947822,0.23066976724027313,-0.0385097179297558,-0.306768452474373,-1.4284582680083449,-0.02736644283166672,0.23603149050179473,0.19014270703986824,-0.05305888093536912,0.47058823529411764,0.12467447741290257,44.76024404331153,13.889020973485557,0.028474716254823076,1700,0.4397480457212256,-0.19363249114929285,0.07060882615603903,"[0.0, -0.06, -1.43, 0.92]","['net_sharpe', 'dbl_sharpe', 'tri_sharpe', 'ret_2x', 'pos_folds', 'turnover', 'gross_edge', 'short_pnl']",3,30,2,15,0.6,0
-35.32496783259024,-12.795219694392705,0.3622146170105792,-0.02598828130990938,-0.29081524453851654,-0.5548435315488018,-1.4284582680083378,-0.42800152697655375,0.2929682778739846,0.23310119783480687,-0.1502664516533808,0.47058823529411764,0.12689322971600167,44.785418798595515,6.67493758992069,0.028948234190781068,1696,0.2762167026561655,-0.15786927252449987,0.06384336899754567,"[-0.8, -0.06, -1.43, 0.92]","['net_sharpe', 'dbl_sharpe', 'tri_sharpe', 'ret_1x', 'ret_2x', 'pos_folds', 'turnover', 'gross_edge', 'short_pnl']",3,30,2,15,0.6,2
-21.648952592078523,-13.254339811419522,0.6122393106569674,0.3632968031749526,0.09695671654987259,-0.16882526615056712,-1.4284582680083493,0.18687572597626284,0.24568612292874337,0.1901427070398678,0.01743514506905982,0.5294117647058824,0.12658113578059046,44.93158428925753,17.66693225503096,0.028468886900711834,1696,0.4110334886515135,-0.09677439151231754,0.06991301245927668,"[0.43, -0.06, -1.43, 0.92]","['net_sharpe', 'dbl_sharpe', 'tri_sharpe', 'pos_folds', 'turnover', 'gross_edge', 'short_pnl']",3,30,2,15,0.6,4
-14.451710044161052,-9.503317444017204,0.6575912065061702,0.5021722010279162,0.24365780464543577,-0.015051471332361758,-1.428458268008337,0.40706232822227867,0.23779016000873499,0.1901427070398679,0.09860251707685072,0.5294117647058824,0.12924267212652973,44.551914759976334,21.96258990947329,0.02799680110642854,1694,0.46036007433060605,-0.07299103282725772,0.07673735187410766,"[0.87, -0.06, -1.43, 0.92]","['net_sharpe', 'dbl_sharpe', 'tri_sharpe', 'pos_folds', 'turnover', 'gross_edge', 'short_pnl']",3,30,2,15,0.6,6
-48.96010763845453,-11.298486378104892,0.23076923076923078,-0.578179809661921,-1.0733825810424267,-1.5645324119787685,-1.9911645149763475,-0.945627088739124,0.4414084553962716,0.3152820517482676,-0.2918495815769981,0.29411764705882354,0.12120367546319488,80.49822795487147,-1.2640241188597112,0.05137067107041954,2676,-0.03400621418642118,-0.006276308799692022,0.08914978240830851,"[-0.7, -0.64, -1.99, -1.19]","['net_sharpe', 'dbl_sharpe', 'tri_sharpe', 'ret_1x', 'ret_2x', 'pos_folds', 'turnover', 'gross_edge', 'long_pnl', 'short_pnl']",4,21,1,6,0.0,0
-35.53595344467969,-18.29990681313387,0.514968786235667,0.10860109892334638,-0.4283387563831622,-0.9636402819617366,-1.5712485267458247,-0.6063314314345906,0.24220400403489006,0.18268649861678266,-0.21529030977703262,0.4117647058823529,0.11064118114380257,79.20869791552656,9.020380563046187,0.04901008869710435,2661,0.18266437079400455,0.10019639789134924,0.06229868883538588,"[-1.57, 1.34, -0.16, -1.06]","['net_sharpe', 'dbl_sharpe', 'tri_sharpe', 'ret_2x', 'pos_folds', 'turnover', 'gross_edge']",4,21,1,6,0.0,2
-42.25517069040109,-13.284459123559726,0.31438659237453975,-0.2864170774299118,-0.8127385896751007,-1.3364715396653684,-1.2299200223981097,-0.9132619538497291,0.3552487543236833,0.22026567847881362,-0.2633116230094541,0.29411764705882354,0.11283315144193044,79.29467373820168,3.481028034760674,0.050535062090477416,2644,0.21031678844296775,-0.10104035298848069,0.0679022696569565,"[-0.31, -1.12, -1.23, -0.7]","['net_sharpe', 'dbl_sharpe', 'tri_sharpe', 'ret_1x', 'ret_2x', 'pos_folds', 'turnover', 'gross_edge', 'short_pnl']",4,21,1,6,0.0,4
-48.826346571078176,-11.26761843947958,0.23076923076923078,-0.5634123705606824,-1.0576533681800462,-1.5478922265546642,-1.991164514976352,-0.9190061309665527,0.4414410715674476,0.3153209398509167,-0.28794101904506597,0.29411764705882354,0.12116063772886214,80.3001440725295,-1.063019703364256,0.051372084594966706,2672,-0.021901092024903493,-0.011892364976429697,0.08969772151133237,"[-0.65, -0.64, -1.99, -1.19]","['net_sharpe', 'dbl_sharpe', 'tri_sharpe', 'ret_1x', 'ret_2x', 'pos_folds', 'turnover', 'gross_edge', 'long_pnl', 'short_pnl']",4,21,1,6,0.0,6
-36.29619693339882,-11.600204973113117,0.31959835886935334,-0.07739253496466014,-0.5417433474183598,-1.003356246454012,-1.3159312119628481,-0.45325197234982584,0.31403401767159167,0.25014381393966945,-0.22012121071284174,0.47058823529411764,0.11880163880252263,73.72862069741475,6.191146612063737,0.0501343839413611,2262,0.22051573350601109,-0.039805735738603965,0.06143321751565858,"[-0.13, -0.09, -0.77, -1.32]","['net_sharpe', 'dbl_sharpe', 'tri_sharpe', 'ret_1x', 'ret_2x', 'pos_folds', 'turnover', 'gross_edge', 'short_pnl']",4,21,1,6,0.3,0
-40.61066531134558,-12.702532958584042,0.31278810285915903,-0.31530813410750536,-0.805498798951946,-1.2929436653589133,-1.3159312119628428,-0.8654450756194372,0.36269043382284294,0.25014381393967056,-0.25579247630028645,0.47058823529411764,0.11273208245796852,73.85096553484152,2.649813486762691,0.05146151044579148,2262,0.14945985422950708,-0.0719875511937954,0.06284017879204719,"[-0.96, -0.09, -0.77, -1.32]","['net_sharpe', 'dbl_sharpe', 'tri_sharpe', 'ret_1x', 'ret_2x', 'pos_folds', 'turnover', 'gross_edge', 'short_pnl']",4,21,1,6,0.3,2
-38.455152976606996,-12.185971943508513,0.31688788108375154,-0.17635274259513756,-0.6623348387428233,-1.1466072795412665,-1.3159312119628495,-0.6209635346292605,0.3399567593505387,0.25014381393967133,-0.23007149315394188,0.47058823529411764,0.1131599317745855,73.35922033792481,4.781698163550805,0.0503557849268889,2256,0.2682082294075656,-0.1293371381610601,0.06558298816524269,"[-0.47, -0.09, -0.77, -1.32]","['net_sharpe', 'dbl_sharpe', 'tri_sharpe', 'ret_1x', 'ret_2x', 'pos_folds', 'turnover', 'gross_edge', 'short_pnl']",4,21,1,6,0.3,4
-36.110946096613304,-11.557771026074596,0.3200628140606527,-0.06202631240124611,-0.5253713003457546,-0.9860305303472598,-1.3159312119628532,-0.4337543056477322,0.314034017671592,0.250143813939672,-0.21423875052849273,0.47058823529411764,0.11875486350977855,73.52992183583984,6.432663311539383,0.05013297665350112,2258,0.23259132227623072,-0.04533783787527408,0.06196764229795113,"[-0.08, -0.09, -0.77, -1.32]","['net_sharpe', 'dbl_sharpe', 'tri_sharpe', 'ret_1x', 'ret_2x', 'pos_folds', 'turnover', 'gross_edge', 'short_pnl']",4,21,1,6,0.3,6
-34.41730988443557,-12.768679575276739,0.37099586278389174,-0.07654017280732807,-0.5114938021327505,-0.9442122439727028,-1.6663878576132571,-0.2473647715622708,0.25173437881348615,0.17358280527076775,-0.2585155429112792,0.4117647058823529,0.11775335466174555,68.4297000519153,6.2511819809570115,0.05056935036555355,2004,0.22670407898311923,-0.05735542036551279,0.06887407513723386,"[-0.53, 0.04, 0.16, -1.67]","['net_sharpe', 'dbl_sharpe', 'tri_sharpe', 'ret_1x', 'ret_2x', 'pos_folds', 'turnover', 'gross_edge', 'short_pnl']",4,21,1,6,0.45,0
-35.785147770678904,-13.233883005183237,0.36981496038495104,-0.1187158843256914,-0.5751606703389994,-1.0298482478836146,-1.6663878576132627,-0.36551786887418114,0.25530509406867363,0.17358280527076775,-0.2680070441072844,0.4117647058823529,0.11219546843456092,68.3478544617511,5.637112733507861,0.05133754719598297,2004,0.2044977589747372,-0.05196729590535824,0.06792141570490114,"[-0.77, 0.04, 0.16, -1.67]","['net_sharpe', 'dbl_sharpe', 'tri_sharpe', 'ret_1x', 'ret_2x', 'pos_folds', 'turnover', 'gross_edge', 'short_pnl']",4,21,1,6,0.45,2
-33.957742493303584,-12.64019804199208,0.37223316728091416,-0.044612889146490094,-0.4986727004611667,-0.9513382658998094,-1.6663878576132605,-0.21858320364473113,0.2511142912875014,0.17358280527076764,-0.24086983118914146,0.4117647058823529,0.11241177589320085,68.08384947839849,6.894580319408695,0.050517401496221685,1998,0.31488356983715404,-0.1290488227830605,0.07197003879183578,"[-0.47, 0.04, 0.16, -1.67]","['net_sharpe', 'dbl_sharpe', 'tri_sharpe', 'ret_1x', 'ret_2x', 'pos_folds', 'turnover', 'gross_edge', 'short_pnl']",4,21,1,6,0.45,4
-34.08112135122627,-12.661024931191923,0.37149672396962863,-0.06103699638787054,-0.49495996649240165,-0.9266989945354197,-1.6663878576132611,-0.21875169917452342,0.25173416324475206,0.17358280527076797,-0.2511455908649739,0.4117647058823529,0.11770615531504382,68.23100146498614,6.511629797540214,0.05056908506708149,2000,0.23877966434279027,-0.06288752539509912,0.06940850094640706,"[-0.47, 0.04, 0.16, -1.67]","['net_sharpe', 'dbl_sharpe', 'tri_sharpe', 'ret_1x', 'ret_2x', 'pos_folds', 'turnover', 'gross_edge', 'short_pnl']",4,21,1,6,0.45,6
-44.61130422383704,-13.726555145796013,0.3076923076923077,-0.4586568713799855,-0.876043653538311,-1.2902945164410635,-2.1352860564781775,-0.6632472714563659,0.3535225826653401,0.26249703466859686,-0.28394779090657923,0.4117647058823529,0.11306955152920609,63.25505518600457,-0.6045178376866268,0.05213788305361157,1701,-0.021035143739702226,0.005896765857351757,0.057583279224615036,"[-0.56, -0.19, -0.77, -2.14]","['net_sharpe', 'dbl_sharpe', 'tri_sharpe', 'ret_1x', 'ret_2x', 'pos_folds', 'turnover', 'gross_edge', 'long_pnl']",4,21,1,6,0.6,0
-45.59397965623337,-10.521687612976933,0.23076923076923078,-0.5363955033546202,-0.9785929912529356,-1.4180444777414671,-2.1352860564781837,-0.8136500601452605,0.359318636373789,0.26249703466859686,-0.29098826243709075,0.4117647058823529,0.10679237857041717,63.1727801108662,-1.4512047185429442,0.05321348589177232,1701,-0.03293159754101297,-0.00336230379011776,0.056952568395815854,"[-0.86, -0.19, -0.77, -2.14]","['net_sharpe', 'dbl_sharpe', 'tri_sharpe', 'ret_1x', 'ret_2x', 'pos_folds', 'turnover', 'gross_edge', 'long_pnl', 'short_pnl']",4,21,1,6,0.6,2
-44.16001143052323,-13.608182461487461,0.3081562259760091,-0.435103367705333,-0.8737655566222773,-1.310034933697294,-2.135286056478185,-0.6178470745672281,0.3503327546139622,0.26249703466859653,-0.27085677207641,0.4117647058823529,0.10731154682641939,62.91644701184454,0.2412375075247366,0.05219552610390068,1695,0.058459279438045395,-0.05245053124300303,0.061037434813708116,"[-0.46, -0.19, -0.77, -2.14]","['net_sharpe', 'dbl_sharpe', 'tri_sharpe', 'ret_1x', 'ret_2x', 'pos_folds', 'turnover', 'gross_edge', 'short_pnl']",4,21,1,6,0.6,4
-44.416511610559624,-13.66661895709527,0.3076923076923077,-0.4427482926441755,-0.859083417197847,-1.2723387253734961,-2.1352860564781877,-0.634289185843267,0.35354637514655174,0.2624970346685971,-0.2789029824448441,0.4117647058823529,0.11302283122826981,63.056797077244205,-0.3456624101369332,0.05214233362536633,1697,-0.008923288689274424,0.0002943170084729191,0.05812323768595161,"[-0.5, -0.19, -0.77, -2.14]","['net_sharpe', 'dbl_sharpe', 'tri_sharpe', 'ret_1x', 'ret_2x', 'pos_folds', 'turnover', 'gross_edge', 'long_pnl']",4,21,1,6,0.6,6
-41.752116800504155,-12.846805169385894,0.3076923076923077,-0.37898104448221426,-0.7140263407752694,-1.0475700104006354,-1.337913308124595,-0.6460401887072171,0.3393791616208893,0.250504042854806,-0.27025753215169396,0.23529411764705882,0.12371648015609617,55.37647222729071,-1.0921954535040592,0.03575717435980546,1795,0.07868200505476017,-0.1026262216522219,0.05030956371849979,"[-1.34, -0.53, -0.76, -0.1]","['net_sharpe', 'dbl_sharpe', 'tri_sharpe', 'ret_1x', 'ret_2x', 'pos_folds', 'turnover', 'gross_edge', 'short_pnl']",4,21,1,9,0.0,0
-25.38651774724996,-13.65668723147225,0.5379503942777514,0.08014016584055712,-0.3003356950614829,-0.6799919927789237,-1.3209050441621453,-0.0714853673975684,0.21360477019895496,0.182245708577902,-0.18252615849964485,0.47058823529411764,0.11165334088822454,56.62184506744453,9.060530065736204,0.03624701792024222,1802,0.05490191190342518,0.1481993424220407,0.06354385550535463,"[0.0, -0.14, 0.22, -1.32]","['net_sharpe', 'dbl_sharpe', 'tri_sharpe', 'ret_2x', 'pos_folds', 'turnover', 'gross_edge']",4,21,1,9,0.0,2
-47.531452063041655,-15.843817354347218,0.3333333333333333,-0.5546103690841067,-0.9243486445643944,-1.2917667742869816,-1.4496120647108566,-1.3064172666954588,0.4142353510470975,0.3134319225041614,-0.25849717296493924,0.17647058823529413,0.11511708551023118,56.97775667486736,-3.772450000890565,0.03639988644047943,1785,0.09825915274876615,-0.18335410938608995,0.036359483106690876,"[-1.19, -1.43, 0.44, -1.45]","['net_sharpe', 'dbl_sharpe', 'tri_sharpe', 'ret_1x', 'ret_2x', 'pos_folds', 'turnover', 'gross_edge', 'short_pnl']",4,21,1,9,0.0,4
32.18047473958754,29.041556013542763,0.9024589055492285,0.941478466499128,0.6190650820890781,0.2972392196111108,0.1315740424829655,0.5462921619999445,0.16825508940443534,0.13163227414069234,0.42073175362796694,0.7058823529411765,0.12235163368084942,52.490949110929144,29.27863088559883,0.032331740127675784,1794,0.4717771348457228,0.13665223884428263,0.06237513164315432,"[0.45, 1.27, 0.13, 0.64]","['turnover', 'gross_edge']",4,21,1,9,0.0,6
-6.341420675011457,-4.149511101222896,0.6543503914783889,0.5080769060422866,0.19112805871800173,-0.12511927469490072,-0.6051459641144911,0.273891400423547,0.20410188329789736,0.1866019121460588,0.07885475942837225,0.5294117647058824,0.12276768000385518,51.85060887255611,19.568113569207743,0.0337965001058715,1606,0.42511305315341724,-0.02343527742510712,0.05981520016983552,"[-0.61, 1.3, 0.32, 0.23]","['net_sharpe', 'dbl_sharpe', 'tri_sharpe', 'turnover', 'gross_edge', 'short_pnl']",4,21,1,9,0.3,0
10.463082256438097,8.92124938448611,0.8526406622672518,0.6740836320435668,0.3380704136698964,0.002355828289101708,-0.24056414908330553,0.27389140042353743,0.14975596397628432,0.13033574114494162,0.22162469340886823,0.5294117647058824,0.11642442379718353,52.13071906969727,22.623329683200858,0.03430232812361078,1609,0.37515412602424875,0.09174732377757205,0.06625168977446598,"[-0.24, 1.3, 0.32, 0.23]","['net_sharpe', 'dbl_sharpe', 'turnover', 'gross_edge']",4,21,1,9,0.3,2
11.450452875835959,9.848468063267966,0.8600941962785871,0.6953147884821452,0.36437853755266625,0.033650262695745475,-0.13364013537349373,0.2738914004235474,0.16635768448121846,0.15139008840909962,0.22094598761831435,0.5294117647058824,0.11799326425292629,52.03370195749179,23.332959636544768,0.0338661879815471,1605,0.42580678954086865,0.05484386431062606,0.060383521263320375,"[-0.13, 1.3, 0.32, 0.23]","['net_sharpe', 'dbl_sharpe', 'turnover', 'gross_edge']",4,21,1,9,0.3,4
32.05880378971277,28.721109573428343,0.8958883731851702,0.8216520642052144,0.4937603529534826,0.16598629894155686,0.22927534308482045,0.30224994063386534,0.11659748257425995,0.09760302957457423,0.4539425109774251,0.5294117647058824,0.11853153544042498,51.79196254006131,26.361125820009885,0.033536313272246134,1603,0.4597519948612124,0.08075498245976948,0.06649792732066973,"[0.29, 1.3, 0.32, 0.23]","['dbl_sharpe', 'turnover', 'gross_edge']",4,21,1,9,0.3,6
-14.656777330359674,-8.4103332072779,0.5738187200167768,0.3360917535257171,-0.004491418966554333,-0.3425595077470295,-1.2299995655537161,0.15250780932257446,0.19277633563696328,0.17493698372887168,-0.036159361382726386,0.5882352941176471,0.11333809760166785,51.51611592489884,14.914480065771405,0.03509745419525182,1453,0.108511514567797,0.19566537349255245,0.05192131834307646,"[-1.23, 0.65, -0.34, 1.08]","['net_sharpe', 'dbl_sharpe', 'tri_sharpe', 'ret_2x', 'pos_folds', 'turnover', 'gross_edge']",4,21,1,9,0.45,0
-8.537802935383139,-5.792372830223083,0.6784383375982835,0.4475347559706214,0.08633026855096254,-0.27256386090623175,-1.1102052442977421,0.1525078093225724,0.15851174983269323,0.13937315201149814,0.022154662566931285,0.5882352941176471,0.1074230516559237,51.74133806777526,16.838109601832723,0.035602666313201824,1456,0.06768853927907205,0.27722160711074484,0.05751535605843595,"[-1.11, 0.65, -0.34, 1.08]","['net_sharpe', 'dbl_sharpe', 'tri_sharpe', 'pos_folds', 'turnover', 'gross_edge']",4,21,1,9,0.45,2
-11.890006666207917,-8.051257387905935,0.6771449010863948,0.43866780029072605,0.08381433050781699,-0.2689335506549801,-1.0524750138114911,0.15250780932256142,0.18714519601543345,0.17252586078793863,0.017060705343833422,0.5882352941176471,0.10917322431510144,51.660348453579395,16.810145443096943,0.03530015638960872,1451,0.10767964058669488,0.23611870689428893,0.05157145188994164,"[-1.05, 0.65, -0.34, 1.08]","['net_sharpe', 'dbl_sharpe', 'tri_sharpe', 'pos_folds', 'turnover', 'gross_edge']",4,21,1,9,0.45,4
8.562316349207572,6.351895748766673,0.7418431519824108,0.6556662224224337,0.3078621176462568,-0.038062525539745755,-0.34087846680981854,0.23610195777434118,0.15190786413973978,0.12730871754488637,0.18758763162296477,0.6470588235294118,0.11107560146107953,51.43736606632997,21.67949183136478,0.03450650660018715,1451,0.19467615805247468,0.24679547442217611,0.060161040425241896,"[-0.17, 0.65, -0.34, 1.08]","['net_sharpe', 'dbl_sharpe', 'tri_sharpe', 'pos_folds', 'turnover', 'gross_edge']",4,21,1,9,0.45,6
-44.14820425941195,-14.954668107567631,0.3387378571435201,-0.5332484982208764,-0.8430327481379324,-1.1498439468023451,-1.8072746748177064,-0.9819956545510318,0.36850722672595737,0.28131240157581394,-0.2695207960812396,0.47058823529411764,0.11560289055997798,48.2435297616893,-5.306296043524419,0.03679606993293166,1282,0.20344806638194146,-0.30479381483116097,0.021797283391428557,"[-1.34, 0.58, -0.63, -1.81]","['net_sharpe', 'dbl_sharpe', 'tri_sharpe', 'ret_1x', 'ret_2x', 'pos_folds', 'turnover', 'gross_edge', 'short_pnl']",4,21,1,9,0.6,0
-42.374484379113085,-14.318677408248865,0.3379080033197223,-0.39061251616392106,-0.7214840672013559,-1.04960747436184,-1.8072746748177009,-0.7800635300910133,0.34768845865113485,0.28131240157581294,-0.23453453920911058,0.47058823529411764,0.10921086748277022,48.51323225442357,-1.2859436073829655,0.03731059833612112,1285,0.16496971036179595,-0.18966744485154485,0.027009585170636424,"[-0.93, 0.58, -0.63, -1.81]","['net_sharpe', 'dbl_sharpe', 'tri_sharpe', 'ret_1x', 'ret_2x', 'pos_folds', 'turnover', 'gross_edge', 'short_pnl']",4,21,1,9,0.6,2
-41.56697051278295,-14.052923459800786,0.3380790874687184,-0.3291149066798572,-0.655305400162936,-0.9790033288458603,-1.8072746748177029,-0.6460589428766648,0.34768845865113507,0.28131240157581394,-0.21843821346240622,0.47058823529411764,0.11076470689188299,48.45762990599985,-0.021163724183678557,0.03674141349826323,1282,0.24473920787924658,-0.2451452108807869,0.024628116204363202,"[-0.67, 0.58, -0.63, -1.81]","['net_sharpe', 'dbl_sharpe', 'tri_sharpe', 'ret_1x', 'ret_2x', 'pos_folds', 'turnover', 'gross_edge', 'short_pnl']",4,21,1,9,0.6,4
-39.39061844001443,-13.595449425573683,0.34514435071075017,-0.1880341785268941,-0.5087916250851867,-0.8270327286939293,-1.8072746748177104,-0.3682119391787019,0.34768845865113784,0.28131240157581217,-0.17671485519860752,0.47058823529411764,0.11186229764302627,48.10307297556879,3.106645797166808,0.03621911525439428,1278,0.29949255924852985,-0.24033100919001782,0.028445448532306572,"[-0.11, 0.58, -0.63, -1.81]","['net_sharpe', 'dbl_sharpe', 'tri_sharpe', 'ret_1x', 'ret_2x', 'pos_folds', 'turnover', 'gross_edge', 'short_pnl']",4,21,1,9,0.6,6
-31.554783020912243,-14.818542200300486,0.4696131863901527,0.014695526332421808,-0.2632987507705931,-0.5399307621153322,-1.4446587959571047,-0.21786974595630804,0.23559385554524215,0.1901660566813259,-0.16072852405660695,0.35294117647058826,0.11932972987768757,44.30966061205905,7.692870918886129,0.028423789223631233,1347,0.030270957719830044,0.10467561264926101,0.04714473586310283,"[-0.86, 0.42, -1.44, 0.75]","['net_sharpe', 'dbl_sharpe', 'tri_sharpe', 'ret_1x', 'ret_2x', 'pos_folds', 'turnover', 'gross_edge']",4,21,1,12,0.0,0
-29.46144372001146,-12.970894069958876,0.44026674976381064,-0.133600871626164,-0.4275868367488866,-0.7199771412304992,-0.8330839902896207,-0.5508905705482119,0.2367720547568133,0.1743408874024993,-0.21657417714787064,0.35294117647058826,0.10897168326872173,42.831890006206,4.136400553777807,0.0268362595181828,1358,0.0059075216257036545,0.06423232450217975,0.039480508330067034,"[-0.83, -0.42, -0.68, 0.27]","['net_sharpe', 'dbl_sharpe', 'tri_sharpe', 'ret_1x', 'ret_2x', 'pos_folds', 'turnover', 'gross_edge']",4,21,1,12,0.0,2
-28.615909449387676,-13.545866939189926,0.4733683884186243,0.1659364657556865,-0.09815516652506738,-0.36158125555742,-0.8061825504495425,-0.42516493830030405,0.28444872299330093,0.22397216818208054,-0.06610070320441244,0.47058823529411764,0.11996826525037041,42.25794496950293,12.134117307771685,0.026362636735174184,1344,0.23681778388158287,-0.033819883939535784,0.07306141466365826,"[0.97, -0.81, -0.68, -0.17]","['net_sharpe', 'dbl_sharpe', 'tri_sharpe', 'ret_2x', 'pos_folds', 'turnover', 'gross_edge', 'short_pnl']",4,21,1,12,0.0,4
-43.427204850687886,-15.998199368639712,0.368391182984145,-0.2985409589762413,-0.52854194757788,-0.7574569839798836,-1.5762853182340832,-0.5811325602464146,0.39748308514524855,0.34269917984916276,-0.1801379759204829,0.29411764705882354,0.12539218107310987,38.60619886348621,-2.343346826920087,0.025418394720432648,1333,0.17244878196902028,-0.20826408228708979,0.08061767947680432,"[-0.22, -0.94, -1.58, 0.29]","['net_sharpe', 'dbl_sharpe', 'tri_sharpe', 'ret_1x', 'ret_2x', 'pos_folds', 'turnover', 'gross_edge', 'short_pnl']",4,21,1,12,0.0,6
-25.969175075912684,-13.365582593343058,0.5146710495914097,0.20523732765440567,-0.042348924471917,-0.2888962514719405,-1.4599362846895299,0.03643829377848584,0.22724589054365485,0.18514906671264553,-0.05314881487257506,0.4117647058823529,0.11908149147187523,39.344392917020386,13.65144140537876,0.02682550214753161,1209,0.24716287339804371,-0.03452709539644805,0.04498312980657619,"[0.56, 1.14, -0.49, -1.46]","['net_sharpe', 'dbl_sharpe', 'tri_sharpe', 'ret_2x', 'pos_folds', 'turnover', 'gross_edge', 'short_pnl']",4,21,1,12,0.3,0
-27.425364040182274,-13.915404483877982,0.5073917875252203,0.15189134524331965,-0.0931552958471019,-0.33702771233152967,-1.4599362846895243,-0.04495267764033087,0.22724589054365363,0.18514906671264741,-0.07971924660262548,0.4117647058823529,0.11936920496690737,39.05682495397124,12.073415510635861,0.02667005057782325,1207,0.2172869423616092,-0.03060510562121238,0.04701158183174971,"[0.4, 1.14, -0.49, -1.46]","['net_sharpe', 'dbl_sharpe', 'tri_sharpe', 'ret_2x', 'pos_folds', 'turnover', 'gross_edge', 'short_pnl']",4,21,1,12,0.3,2
-22.87055000748944,-12.176998251613414,0.5324313690587152,0.27270782098858704,0.034182780214173064,-0.2036831664891004,-1.4599362846895294,0.1356137668135055,0.22724589054365363,0.18514906671264564,-0.014414880259910279,0.47058823529411764,0.12215952762506584,38.862135600999665,16.00704873890153,0.026264717785690374,1204,0.3169059421272161,-0.07063514690309611,0.04767586875781096,"[0.76, 1.14, -0.49, -1.46]","['net_sharpe', 'dbl_sharpe', 'tri_sharpe', 'ret_2x', 'pos_folds', 'turnover', 'gross_edge', 'short_pnl']",4,21,1,12,0.3,4
-27.351177421548662,-13.926076509744474,0.5091582089907689,0.1578056869691962,-0.0773339048094302,-0.3111303011560865,-1.459936284689532,-0.042309111537868316,0.2272458905436534,0.18514906671264642,-0.07554016184129339,0.4117647058823529,0.12381635485927799,38.887870441263836,12.425910366095504,0.02643384999009408,1205,0.2494314931803534,-0.05813044028624717,0.04937829269150196,"[0.4, 1.14, -0.49, -1.46]","['net_sharpe', 'dbl_sharpe', 'tri_sharpe', 'ret_2x', 'pos_folds', 'turnover', 'gross_edge', 'short_pnl']",4,21,1,12,0.3,6
-26.69029573188636,-10.098929825111659,0.3783745945177622,0.0130542803587774,-0.2616003975510644,-0.5353130043015879,-0.8540631149495191,-0.24252441298010255,0.23605245344231707,0.1671877058779766,-0.14665830739070557,0.35294117647058826,0.1109821389252442,40.66106753593163,7.826449855454743,0.027958333786598358,1138,-0.05209874026857732,0.17808366078123045,0.06003701607456445,"[-0.48, -0.01, -0.85, 0.2]","['net_sharpe', 'dbl_sharpe', 'tri_sharpe', 'ret_1x', 'ret_2x', 'pos_folds', 'turnover', 'gross_edge', 'long_pnl']",4,21,1,12,0.45,0
-27.41375901461183,-10.309761803616983,0.37607982904211595,-0.00514278924109201,-0.2784889761985875,-0.5507640725204916,-0.8540631149494927,-0.27064682420553143,0.240922189947666,0.16718770587797804,-0.1520991469959337,0.35294117647058826,0.11152339847924014,40.67990306197495,7.316022667726875,0.027912604567325524,1138,-0.05646150296700522,0.174284464411603,0.05762621076476921,"[-0.53, -0.01, -0.85, 0.2]","['net_sharpe', 'dbl_sharpe', 'tri_sharpe', 'ret_1x', 'ret_2x', 'pos_folds', 'turnover', 'gross_edge', 'long_pnl']",4,21,1,12,0.45,2
-23.004405858834424,-13.32369977921495,0.5791803474940964,0.15125312453385195,-0.1131872338721305,-0.37718029907491074,-0.8540631149495146,0.009680914888838293,0.24449442237630903,0.16718770587797693,-0.07942867126111985,0.4117647058823529,0.11490541704071004,40.49884211852444,11.742605193209982,0.027431415548230004,1135,0.04230730741419539,0.14596309406856242,0.058624954226216996,"[0.03, -0.01, -0.85, 0.2]","['net_sharpe', 'dbl_sharpe', 'tri_sharpe', 'ret_2x', 'pos_folds', 'turnover', 'gross_edge']",4,21,1,12,0.45,4
-22.78256555393805,-12.422085542152246,0.5452452452180059,0.09975529635827206,-0.15851937878070674,-0.4157332604488302,-0.8540631149494987,-0.06795183371123559,0.21851519561981203,0.16718770587797804,-0.11634174835481328,0.35294117647058826,0.11804772722376915,40.68200741337549,10.297641223516866,0.02747416070163411,1137,0.009453082108356742,0.15639677966708027,0.058984600107565725,"[-0.13, -0.01, -0.85, 0.2]","['net_sharpe', 'dbl_sharpe', 'tri_sharpe', 'ret_2x', 'pos_folds', 'turnover', 'gross_edge']",4,21,1,12,0.45,6
-38.48077264982035,-14.478948119480602,0.37626448541563257,-0.1864550889778479,-0.44905981388102956,-0.7102364679051911,-1.507111202719884,-0.3967425069165407,0.3172129333922278,0.2687401019526803,-0.16479867589845051,0.35294117647058826,0.10663303532434373,37.45630044657422,2.254279797314337,0.028485168021928332,1008,-0.04291818607571065,0.07634597733391238,0.07159530121235572,"[0.29, -0.66, -1.51, -0.14]","['net_sharpe', 'dbl_sharpe', 'tri_sharpe', 'ret_1x', 'ret_2x', 'pos_folds', 'turnover', 'gross_edge', 'long_pnl']",4,21,1,12,0.6,0
-38.593862551412485,-14.428052245604116,0.37384317846869847,-0.22803769635348045,-0.48925800417138904,-0.7489173463868399,-1.5071112027198894,-0.3967425069165391,0.31726413618046057,0.2687401019526803,-0.1785772685991116,0.35294117647058826,0.10716855380085197,37.4764158541845,1.0273848370850853,0.028490661458607333,1008,-0.05311809947134019,0.06836094975038069,0.0689697980900654,"[0.12, -0.66, -1.51, -0.14]","['net_sharpe', 'dbl_sharpe', 'tri_sharpe', 'ret_1x', 'ret_2x', 'pos_folds', 'turnover', 'gross_edge', 'long_pnl']",4,21,1,12,0.6,2
-38.70190070980189,-14.601718962345798,0.3772868694959902,-0.16966529821605142,-0.4203492414475073,-0.670231562883173,-1.5071112027198739,-0.39674250691653223,0.323605473368068,0.26874010195267983,-0.15974146356216912,0.35294117647058826,0.11137291074073297,37.26818200196656,2.484930007728066,0.028022831177423352,1003,-0.0045870288309436125,0.04124997413964984,0.0647813315791691,"[0.29, -0.66, -1.51, -0.14]","['net_sharpe', 'dbl_sharpe', 'tri_sharpe', 'ret_1x', 'ret_2x', 'pos_folds', 'turnover', 'gross_edge', 'long_pnl']",4,21,1,12,0.6,4
-40.60379414334584,-14.080723770029016,0.3467834488648783,-0.33250680732483207,-0.5784621524215625,-0.8225763640052528,-1.5071112027198788,-0.4665303677046644,0.33478496817193837,0.26874010195267983,-0.20741233684669694,0.29411764705882354,0.11293082580234531,37.29537911891455,-2.554807439577936,0.028350919238862144,1004,-0.08732670738503351,0.049605274538347115,0.0669579519009283,"[-0.28, -0.66, -1.51, -0.14]","['net_sharpe', 'dbl_sharpe', 'tri_sharpe', 'ret_1x', 'ret_2x', 'pos_folds', 'turnover', 'gross_edge', 'long_pnl']",4,21,1,12,0.6,6
-9.3105552578173,-4.647368959313662,0.4991505695013894,0.1307310568447104,-0.06269338759966298,-0.25550901177706986,-0.29490202658152387,-0.12677393718672883,0.19269277665223705,0.1741656579971106,-0.08274706232804781,0.4117647058823529,0.12727242262286143,32.862213951668025,12.2679522878225,0.020754491270187577,1080,0.3017078409037907,-0.14210380111168186,0.08262190923671378,"[-0.1, -0.29, -0.15, 0.28]","['net_sharpe', 'dbl_sharpe', 'tri_sharpe', 'ret_2x', 'pos_folds', 'turnover', 'gross_edge', 'short_pnl']",4,21,1,15,0.0,0
-16.769676253093575,-8.95966857511296,0.5342779693472097,0.20723135241617965,-0.0069373847723976255,-0.22075882859045423,-0.7919008602425899,0.10277498199589814,0.21681297054452642,0.2058294350190999,-0.035499636256641445,0.47058823529411764,0.11769663098529676,33.619376680679444,14.587312462160476,0.021469421233247812,1059,0.2399157038507903,-0.045764572548629784,0.0749274383628625,"[-0.16, 0.36, -0.79, 0.5]","['net_sharpe', 'dbl_sharpe', 'tri_sharpe', 'ret_2x', 'pos_folds', 'turnover', 'gross_edge', 'short_pnl']",4,21,1,15,0.0,2
-17.392933652048818,-9.15263570262646,0.5262272533045808,0.13927703253902682,-0.055074918054716045,-0.2484481890410415,-0.6940020485513273,-0.02031251400525591,0.23930091887871052,0.21888436038478365,-0.06250456306086961,0.5882352941176471,0.126721473602742,32.90248767453538,12.651633704020611,0.02091829874974528,1073,0.4088653015445766,-0.2440679122833707,0.04087360535349063,"[0.62, -0.1, 0.06, -0.69]","['net_sharpe', 'dbl_sharpe', 'tri_sharpe', 'ret_2x', 'pos_folds', 'turnover', 'gross_edge', 'short_pnl']",4,21,1,15,0.0,4
18.058855724531238,15.858934884401837,0.8781804963898672,0.5800596545590565,0.3633597058532627,0.1472209023153757,-0.18173565046764445,0.31645100496626366,0.12098281370638075,0.11734091668824165,0.3075822619918815,0.5294117647058824,0.12020927106790105,34.672662967226685,27.391693007413117,0.021505000017347106,1068,0.20190533573242828,0.17408878698963612,0.04479075381824267,"[0.65, 0.93, -0.18, -0.02]","['net_sharpe', 'dbl_sharpe', 'pos_folds', 'turnover', 'gross_edge']",4,21,1,15,0.0,6
-38.16672538179564,-15.31069592516631,0.40115298789738574,0.0034719952982357675,-0.19617243962072675,-0.3950859279437073,-1.5282291159873518,-0.5034001067802357,0.3195220150961592,0.2800958449405212,-0.0979249263363083,0.4117647058823529,0.12306176005529396,32.80778139035328,7.585070832960684,0.021573195350481102,1004,0.28528965769094117,-0.1867725879477407,0.035836013566270454,"[1.3, -0.02, -0.98, -1.53]","['net_sharpe', 'dbl_sharpe', 'tri_sharpe', 'ret_1x', 'ret_2x', 'pos_folds', 'turnover', 'gross_edge', 'short_pnl']",4,21,1,15,0.3,0
-38.155532665173496,-15.299788907761418,0.40098480715815865,0.0052473466315835346,-0.20015933973689398,-0.40507627159181747,-1.5282291159873638,-0.5034001067802482,0.3195220150961582,0.2800958449405201,-0.09665575383996451,0.4117647058823529,0.12033375053119279,32.97163249955184,7.671011056612951,0.021809395909584774,1002,0.2511823002987752,-0.15105141823638174,0.044570670970851066,"[1.39, -0.02, -0.98, -1.53]","['net_sharpe', 'dbl_sharpe', 'tri_sharpe', 'ret_1x', 'ret_2x', 'pos_folds', 'turnover', 'gross_edge', 'short_pnl']",4,21,1,15,0.3,2
-38.12288047756112,-15.359756780595111,0.4029012652817713,0.01567927659085399,-0.1877709658090461,-0.3907823608131486,-1.528229115987361,-0.5034001067802428,0.3195220150961593,0.28009584494052175,-0.09296472690210449,0.4117647058823529,0.12123956375648434,32.8918741335686,8.018359397354802,0.02179683297714419,1003,0.3010573751079882,-0.1966456862476556,0.03639564669361742,"[1.4, -0.02, -0.98, -1.53]","['net_sharpe', 'dbl_sharpe', 'tri_sharpe', 'ret_1x', 'ret_2x', 'pos_folds', 'turnover', 'gross_edge', 'short_pnl']",4,21,1,15,0.3,4
-36.34828444241844,-19.164510843837636,0.5272466400497476,0.24750310451856578,0.05208117772249871,-0.14280323230808722,-1.528229115987362,-0.5034001067802477,0.3195220150961595,0.28009584494052076,-0.004291117433993539,0.47058823529411764,0.12598405340961033,32.82435879230894,16.812244116501574,0.021445559776110287,1003,0.3436937932793864,-0.12522122145424042,0.03308567925376124,"[2.01, -0.02, -0.98, -1.53]","['net_sharpe', 'dbl_sharpe', 'tri_sharpe', 'ret_2x', 'pos_folds', 'turnover', 'gross_edge', 'short_pnl']",4,21,1,15,0.3,6
-35.95559757938119,-13.822290385186573,0.3844266627656605,-0.25511727104059345,-0.47377921327465194,-0.6915315971023005,-1.397972934634233,-0.29986172485144585,0.30477040845640524,0.24934078870517395,-0.19344075986908751,0.4117647058823529,0.11424195265821993,33.394667934493675,-1.2492381069851135,0.023201379984556916,948,0.017057061961995246,-0.03357277527277923,0.04595179529060875,"[-0.1, 0.0, -1.4, -0.5]","['net_sharpe', 'dbl_sharpe', 'tri_sharpe', 'ret_1x', 'ret_2x', 'pos_folds', 'turnover', 'gross_edge', 'short_pnl']",4,21,1,15,0.45,0
-34.55470970724934,-16.94927817962229,0.49050558731987987,-0.17183156544911724,-0.396273998262187,-0.6199146925253544,-1.3979729346342353,-0.25025752701356097,0.3110748022557185,0.255756576035993,-0.15782930491299607,0.47058823529411764,0.11122328239217628,33.344047722887574,1.7467150962909823,0.023477619638271118,942,0.0034523112279555845,0.01960535643216118,0.04983491217106952,"[0.23, 0.0, -1.4, -0.5]","['net_sharpe', 'dbl_sharpe', 'tri_sharpe', 'ret_1x', 'ret_2x', 'pos_folds', 'turnover', 'gross_edge']",4,21,1,15,0.45,2
-34.333104059545725,-16.966900402765443,0.49418486523498856,-0.11239789591799496,-0.3346160250459075,-0.5563235895282835,-1.3979729346342362,-0.25025752701355125,0.30957875291033154,0.2541592916386961,-0.13906443685581316,0.47058823529411764,0.11247160221574183,33.33803824470909,3.650324447061928,0.023470380633159836,943,0.023556445251268043,0.02462130213268389,0.049104559970208315,"[0.42, 0.0, -1.4, -0.5]","['net_sharpe', 'dbl_sharpe', 'tri_sharpe', 'ret_1x', 'ret_2x', 'pos_folds', 'turnover', 'gross_edge']",4,21,1,15,0.45,4
-33.87059857964174,-16.975222269105018,0.5011786912826556,-0.003565262025008809,-0.21530245941616266,-0.4262259852169572,-1.3979729346342353,-0.2502575270135473,0.30600254306572794,0.25030007559599,-0.10388910083093314,0.47058823529411764,0.11766392748248734,33.27713803624539,7.189673658306883,0.023215196339067965,943,0.08723897053595145,0.007478508146948962,0.04846433594841977,"[0.71, 0.0, -1.4, -0.5]","['net_sharpe', 'dbl_sharpe', 'tri_sharpe', 'ret_1x', 'ret_2x', 'pos_folds', 'turnover', 'gross_edge']",4,21,1,15,0.45,6
-31.95541899976727,-16.419644355189874,0.5138297312048844,0.21686257689184582,0.0005760136018556817,-0.21511881026283092,-1.6887067457551295,-0.17543167090593909,0.2674789909006491,0.2237532697500061,-0.02345181697509362,0.47058823529411764,0.11265349778811293,32.51874003066703,14.998901009533062,0.022470856001732646,883,0.31070260986307463,-0.11760889779048192,0.08188087269126876,"[-0.22, -0.13, -1.69, 1.82]","['net_sharpe', 'dbl_sharpe', 'tri_sharpe', 'ret_2x', 'pos_folds', 'turnover', 'gross_edge', 'short_pnl']",4,21,1,15,0.6,0
-31.960575323745843,-16.51030617201743,0.5165835096763955,0.22948494772962527,0.00799172209325857,-0.21295287284729686,-1.6887067457551321,-0.16989228453303995,0.26917188901850264,0.22375326975000498,-0.019237521838483415,0.47058823529411764,0.11014919480362206,32.55777694154304,15.26894965091928,0.02261067005722573,881,0.24349712269155044,-0.04669087141161168,0.08548997557704172,"[-0.21, -0.13, -1.69, 1.82]","['net_sharpe', 'dbl_sharpe', 'tri_sharpe', 'ret_2x', 'pos_folds', 'turnover', 'gross_edge', 'short_pnl']",4,21,1,15,0.6,2
-30.52804449412029,-18.639826592444482,0.6105804319053098,0.28194150681836333,0.06299351253000895,-0.15568552031145455,-1.6887067457551488,-0.07183502637424995,0.26854506973255043,0.2237532697500063,0.0030334960311078915,0.47058823529411764,0.11146508467084058,32.555851426606175,17.12129719667873,0.022603120926214956,882,0.263596325950729,-0.04292764123247121,0.08481998262086053,"[-0.02, -0.13, -1.69, 1.82]","['net_sharpe', 'dbl_sharpe', 'tri_sharpe', 'pos_folds', 'turnover', 'gross_edge', 'short_pnl']",4,21,1,15,0.6,4
-26.19538060741201,-17.773986651095175,0.6785160680607178,0.40650295694632405,0.19805131262187317,-0.009865222085133086,-1.6887067457551472,0.14819918913524033,0.26651231243950324,0.22375326975000553,0.061905976152804736,0.47058823529411764,0.11688145930338727,32.48250664347497,21.964446497400466,0.022264706722288436,882,0.3407629096956295,-0.0583108265317586,0.08396614537019396,"[0.42, -0.13, -1.69, 1.82]","['net_sharpe', 'dbl_sharpe', 'tri_sharpe', 'pos_folds', 'turnover', 'gross_edge', 'short_pnl']",4,21,1,15,0.6,6
-37.56592956266423,-15.033942254690368,0.4002015238199296,0.010237317796309193,-0.6089912818720014,-1.2240418910548672,-1.155685979348445,-0.5028268023502003,0.302962516376289,0.17521314595845683,-0.2735393539865612,0.29411764705882354,0.12819368666580833,106.03091718224552,7.59292649654794,0.060412310376170335,5028,0.24689819178987504,0.07182722408973573,0.08049723313982574,"[-0.62, -0.38, -0.28, -1.16]","['net_sharpe', 'dbl_sharpe', 'tri_sharpe', 'ret_1x', 'ret_2x', 'pos_folds', 'turnover', 'gross_edge']",4,21,2,6,0.0,0
-32.519162326469505,-17.07350048151051,0.5250289140324275,0.19956360956212899,-0.47663451083125097,-1.147358888949335,-1.0818675125553023,-0.4570769989715171,0.27445682306533725,0.17442147314947132,-0.2273486493923201,0.47058823529411764,0.11972674216757287,108.11017327842309,9.703521485422524,0.06136094249644968,5043,0.255661149686172,0.15964744412037565,0.0831284265599113,"[-0.85, 0.28, -0.07, -1.08]","['net_sharpe', 'dbl_sharpe', 'tri_sharpe', 'ret_2x', 'pos_folds', 'turnover', 'gross_edge']",4,21,2,6,0.0,2
-49.21513713768711,-15.429978506159673,0.3135209897514229,-0.42266469311927274,-1.1273583660706463,-1.8246115271861678,-1.8381343433278345,-1.4448163789287898,0.4326216619986798,0.2817669383388981,-0.3041930434667285,0.35294117647058826,0.11852292308536869,111.79922876830659,3.0309146707398877,0.06591597770777405,5060,0.26266119552898026,-0.12851217683553423,0.09199165024264211,"[-0.02, -1.84, -1.22, -1.67]","['net_sharpe', 'dbl_sharpe', 'tri_sharpe', 'ret_1x', 'ret_2x', 'pos_folds', 'turnover', 'gross_edge', 'short_pnl']",4,21,2,6,0.0,4
-37.01605183201528,-14.996444612500524,0.4051335534258697,0.051542116763997704,-0.5682506642136212,-1.184113267820536,-1.1556859793484424,-0.44083687124082316,0.3029967064155663,0.17521314595845938,-0.25663910091667314,0.29411764705882354,0.12775244332010544,105.72709317203736,8.092341943252354,0.06034063070375129,5021,0.27347631126568783,0.06523952364871181,0.08039308713672835,"[-0.5, -0.38, -0.28, -1.16]","['net_sharpe', 'dbl_sharpe', 'tri_sharpe', 'ret_1x', 'ret_2x', 'pos_folds', 'turnover', 'gross_edge']",4,21,2,6,0.0,6
-34.51559517167299,-14.12010080375199,0.4090933600745318,0.08463820517657314,-0.5281482943783382,-1.1356980388703681,-0.9373212252697389,-0.5414389714800143,0.33720501994940844,0.181474651860437,-0.216260911143193,0.47058823529411764,0.12744949032289138,104.3772627402325,8.496636979927864,0.06347720979967704,4354,0.4231045624013774,-0.07200689072520411,0.0849137368213575,"[-0.49, -0.94, -0.17, -0.59]","['net_sharpe', 'dbl_sharpe', 'tri_sharpe', 'ret_2x', 'pos_folds', 'turnover', 'gross_edge', 'short_pnl']",4,21,2,6,0.3,0
-38.818999171193035,-12.429926320989162,0.32020213262513,-0.08471404462113402,-0.7311491243310893,-1.371314429360788,-1.0919544876533365,-0.7653662742449556,0.38181589833204843,0.22497282314611766,-0.23909101865878038,0.47058823529411764,0.12050208207319181,104.19467563104102,6.505108965067576,0.06511246428923806,4352,0.31231516015536886,-0.04398154280772493,0.08564431395632485,"[-1.09, -0.94, -0.17, -0.59]","['net_sharpe', 'dbl_sharpe', 'tri_sharpe', 'ret_1x', 'ret_2x', 'pos_folds', 'turnover', 'gross_edge', 'short_pnl']",4,21,2,6,0.3,2
-35.14130206891074,-11.551507984991115,0.3287159924336057,0.055521108702597535,-0.6109073176697181,-1.2732919946377244,-0.9373212252697336,-0.6523084717558854,0.33436258406101926,0.18147465186043765,-0.22642189112530367,0.47058823529411764,0.11736734614537501,104.3495478764002,8.156260630345082,0.06456223883099677,4351,0.46103789000435486,-0.12409472624948761,0.08679115793695263,"[-0.71, -0.94, -0.17, -0.59]","['net_sharpe', 'dbl_sharpe', 'tri_sharpe', 'ret_1x', 'ret_2x', 'pos_folds', 'turnover', 'gross_edge', 'short_pnl']",4,21,2,6,0.3,4
-33.99348020606472,-14.076840091268972,0.4141041166110891,0.12653008094737409,-0.486840891611141,-1.0952166084609385,-0.9373212252697355,-0.48001302808784907,0.3372082119601296,0.18147465186043787,-0.20090565727543974,0.47058823529411764,0.12700457803174264,104.07259419370718,9.007636590397624,0.06340656514830093,4347,0.4496480614640505,-0.07852134492656174,0.0847983026541138,"[-0.37, -0.94, -0.17, -0.59]","['net_sharpe', 'dbl_sharpe', 'tri_sharpe', 'ret_2x', 'pos_folds', 'turnover', 'gross_edge', 'short_pnl']",4,21,2,6,0.3,6
-41.21979996152905,-17.957733422875872,0.43565794690018017,0.09133645027329074,-0.49869538404052066,-1.083163911847707,-1.4357961333730078,-0.7191433708556549,0.3637888719509662,0.2568879323666574,-0.19259610238442165,0.4117647058823529,0.1285389035127269,101.39840462049014,8.641976541095845,0.06581048220483493,3887,0.34779400693812335,-0.0008821148339272639,0.07358589187019905,"[0.46, -0.9, -0.54, -1.44]","['net_sharpe', 'dbl_sharpe', 'tri_sharpe', 'ret_2x', 'pos_folds', 'turnover', 'gross_edge', 'short_pnl']",4,21,2,6,0.45,0
-41.437339594967824,-17.596810738187138,0.42466072653766856,-0.0008559086684783066,-0.6219800468301427,-1.2368040209577629,-1.4357961333729954,-0.7191433708556579,0.36378887195096377,0.25688793236665375,-0.2207558307095588,0.4117647058823529,0.12210291473657622,101.44885890337703,7.490244466254319,0.06719212767117169,3887,0.2382428528506279,0.06258506757204779,0.07311417969461156,"[0.2, -0.9, -0.54, -1.44]","['net_sharpe', 'dbl_sharpe', 'tri_sharpe', 'ret_1x', 'ret_2x', 'pos_folds', 'turnover', 'gross_edge']",4,21,2,6,0.45,2
-41.25976930100939,-17.87704536792191,0.4332803035688461,0.07174299067100773,-0.5638534486572953,-1.1934925824123541,-1.4357961333730147,-0.7191433708556534,0.363788871950966,0.2568879323666565,-0.19770066939677017,0.4117647058823529,0.1193251186192229,101.36180264632219,8.385274988916256,0.067101175767375,3882,0.3952268095095145,-0.05874110527071623,0.07269601489746894,"[0.46, -0.9, -0.54, -1.44]","['net_sharpe', 'dbl_sharpe', 'tri_sharpe', 'ret_2x', 'pos_folds', 'turnover', 'gross_edge', 'short_pnl']",4,21,2,6,0.45,4
-41.106731659139065,-18.11434426322869,0.440666127714423,0.13289160497182237,-0.4576376270726777,-1.0428337905983587,-1.4357961333730231,-0.7191433708556518,0.36378887195096643,0.25688793236665675,-0.17832075597853767,0.4117647058823529,0.1280976678913153,101.09373552499697,9.168472829575514,0.06573959155108847,3880,0.37433752716051727,-0.007396536230442299,0.07347045411454464,"[0.6, -0.9, -0.54, -1.44]","['net_sharpe', 'dbl_sharpe', 'tri_sharpe', 'ret_2x', 'pos_folds', 'turnover', 'gross_edge', 'short_pnl']",4,21,2,6,0.45,6
-48.7258908884175,-15.152797909578705,0.31098041787021763,-0.4376471130148055,-0.9979264984352766,-1.5514075783076335,-1.7536874520740002,-1.2961960374059183,0.42319735795043756,0.27174624289659,-0.291966192616772,0.29411764705882354,0.1238658980237114,93.17107057843943,1.7098172925131607,0.06869668103047075,3326,-0.02048650736776357,0.08355403025418441,0.06494041792120088,"[-0.13, -1.75, -0.95, -1.65]","['net_sharpe', 'dbl_sharpe', 'tri_sharpe', 'ret_1x', 'ret_2x', 'pos_folds', 'turnover', 'gross_edge', 'long_pnl']",4,21,2,6,0.6,0
-48.864787242665486,-15.146973001249696,0.30997726289135186,-0.5053116270111768,-1.0972932033085296,-1.6818124478666248,-1.7536874520740073,-1.2961960374059136,0.4277841907894593,0.27174624289658966,-0.2978792866524375,0.29411764705882354,0.11739272064468424,93.30330130368225,1.1881767035029813,0.07007960060750447,3328,-0.11176924763014567,0.1556579788521016,0.06525489179991406,"[-0.29, -1.75, -0.95, -1.65]","['net_sharpe', 'dbl_sharpe', 'tri_sharpe', 'ret_1x', 'ret_2x', 'pos_folds', 'turnover', 'gross_edge', 'long_pnl']",4,21,2,6,0.6,2
-48.490114741381284,-15.087530222041021,0.31114651517137737,-0.4713190778580667,-1.0776231721704255,-1.6764427836157505,-1.753687452074,-1.2961960374059078,0.4107202809318493,0.2717462428965908,-0.2980199831269128,0.29411764705882354,0.1145735278284315,93.19187618881861,1.7961878891162248,0.0699220531223012,3322,-0.006320830719628728,0.07258897386921001,0.06507755243779013,"[-0.15, -1.75, -0.95, -1.65]","['net_sharpe', 'dbl_sharpe', 'tri_sharpe', 'ret_1x', 'ret_2x', 'pos_folds', 'turnover', 'gross_edge', 'long_pnl']",4,21,2,6,0.6,4
-48.64488779686258,-20.168231626708675,0.4146012569898343,-0.39650997952316025,-0.9573539603825151,-1.5116279206068501,-1.7536874520740027,-1.2961960374059138,0.4232221775345574,0.27174624289659177,-0.28040442477111616,0.29411764705882354,0.12341594303587829,92.86734180884471,2.2593203013805114,0.06862185891832907,3319,0.0061229897139711,0.07694157662529769,0.06483352872742262,"[0.0, -1.75, -0.95, -1.65]","['net_sharpe', 'dbl_sharpe', 'tri_sharpe', 'ret_1x', 'ret_2x', 'pos_folds', 'turnover', 'gross_edge']",4,21,2,6,0.6,6
-38.99715537012189,-12.441007552544258,0.31902346297997103,-0.09394577972800443,-0.5483486937254197,-0.9995574244860007,-1.1345609354918267,-0.6845095406035033,0.3091195706045725,0.17065921161654074,-0.24256147689766105,0.23529411764705882,0.12700422343728168,77.13293124697694,5.8922007495849344,0.044208086024504156,3380,0.21052558059815088,-0.030600231659912616,0.05828295468727497,"[-0.01, -1.13, -0.42, -0.95]","['net_sharpe', 'dbl_sharpe', 'tri_sharpe', 'ret_1x', 'ret_2x', 'pos_folds', 'turnover', 'gross_edge', 'short_pnl']",4,21,2,9,0.0,0
-47.479413488128266,-14.66524098048653,0.3088757822198756,-0.4811064279884943,-0.9995864168052615,-1.5119651460669095,-1.6464630923531258,-0.8584801319348835,0.41109604289950585,0.25973886387038203,-0.2769953595620944,0.11764705882352941,0.11400316189936861,79.25878186185632,0.6154067543353153,0.04712707077901758,3394,-0.02581670966939656,0.045126814632099,0.0792452406722268,"[-1.65, -0.8, -0.41, -0.92]","['net_sharpe', 'dbl_sharpe', 'tri_sharpe', 'ret_1x', 'ret_2x', 'pos_folds', 'turnover', 'gross_edge', 'long_pnl']",4,21,2,9,0.0,2
-44.24492173623954,-15.037931587568282,0.3398792674380801,-0.25951266478349955,-0.7389939469899834,-1.214707777895109,-1.7238826067058621,-0.5795564013866819,0.38099952112984636,0.24783146628684327,-0.2436399716282239,0.29411764705882354,0.12151451972988676,77.8933134676013,3.4038857344683047,0.044797917431229455,3382,0.13780278198997298,-0.032836422766548815,0.05015143783616052,"[-0.79, -0.37, 0.16, -1.72]","['net_sharpe', 'dbl_sharpe', 'tri_sharpe', 'ret_1x', 'ret_2x', 'pos_folds', 'turnover', 'gross_edge', 'short_pnl']",4,21,2,9,0.0,4
25.569333697730677,22.84464071105355,0.8934390305634382,0.9866145857346064,0.5545431571458694,0.12441457954199889,-0.49253170753665004,0.9296225471172288,0.13993785394260483,0.1257375618142489,0.4666075578610098,0.5294117647058824,0.12866574679526177,73.88985564769312,24.588295892987894,0.041398675506788093,3385,0.5365972968970188,0.18266655004952925,0.0736329719468064,"[-0.49, 1.12, 0.74, 1.28]","['turnover', 'gross_edge']",4,21,2,9,0.0,6
-12.097507015925546,-7.690202749477956,0.6356849175085683,0.6146727440962594,0.18612194295079687,-0.24032772335548053,-0.6329837263690585,0.04492541268633923,0.22980119746191063,0.18560375812551166,0.06823345528965771,0.6470588235294118,0.1263933972684644,72.14676416276491,18.266097796912153,0.042795221354103304,3076,0.5889970372656226,-0.06727687749967708,0.06210139422920827,"[0.36, 1.13, -0.63, -0.27]","['net_sharpe', 'dbl_sharpe', 'tri_sharpe', 'pos_folds', 'turnover', 'gross_edge', 'short_pnl']",4,21,2,9,0.3,0
-18.67971727196914,-8.98233641746491,0.4808604052559105,0.43885005823477635,-0.015079067552581428,-0.4668496936912049,-0.6329837263690526,-0.27131554416609505,0.2494336337055777,0.21824256334856962,-0.035899206350216234,0.6470588235294118,0.1198537746173715,72.49321626085775,14.771574488001328,0.04410733096713224,3079,0.46027509822234847,-0.03634022866204404,0.06944250503478522,"[-0.28, 1.13, -0.63, -0.27]","['net_sharpe', 'dbl_sharpe', 'tri_sharpe', 'ret_2x', 'pos_folds', 'turnover', 'gross_edge', 'short_pnl']",4,21,2,9,0.3,2
-12.92627771274393,-8.114433070774806,0.6277470785557114,0.589373587926113,0.15733795884752758,-0.27388486918235616,-0.632983726369079,0.0026232905882289104,0.22980119746191152,0.20302152774810334,0.051969064807690285,0.6470588235294118,0.12494049334572993,71.90345742195252,17.70609807819547,0.04283572314576193,3070,0.5276749614856246,-0.023655133512591665,0.06378323810259028,"[0.27, 1.13, -0.63, -0.27]","['net_sharpe', 'dbl_sharpe', 'tri_sharpe', 'pos_folds', 'turnover', 'gross_edge', 'short_pnl']",4,21,2,9,0.3,4
-16.674766195681745,-10.059840749326147,0.6032972595400671,0.49880488941756956,0.07319694899227142,-0.3503430445570728,-0.6329837263690611,-0.12371662650054388,0.2487061297335219,0.219079055555775,0.004951647954676424,0.6470588235294118,0.12699688782744362,72.01525996143674,16.251907903908048,0.04320683508966477,3070,0.5392015618931196,-0.0758572157663826,0.0594256597100591,"[0.02, 1.13, -0.63, -0.27]","['net_sharpe', 'dbl_sharpe', 'tri_sharpe', 'pos_folds', 'turnover', 'gross_edge', 'short_pnl']",4,21,2,9,0.3,6
-36.528825844111374,-14.373771593153174,0.3934912021123804,-0.1764544558238829,-0.6338646383089692,-1.0858170014249302,-0.8987938370065401,-0.6673359332338603,0.31442588360335666,0.16396085929777005,-0.26197286157421157,0.29411764705882354,0.12300132117927935,75.48304885567043,4.6154250984377905,0.04789206152224269,2823,0.11458408976431547,0.02333872875400575,0.06194134928072063,"[-0.47, -0.9, -0.87, -0.44]","['net_sharpe', 'dbl_sharpe', 'tri_sharpe', 'ret_1x', 'ret_2x', 'pos_folds', 'turnover', 'gross_edge']",4,21,2,9,0.45,0
-41.42564103093292,-16.11866651906246,0.3890987832156055,-0.3404147907179889,-0.8292057029075423,-1.3121545793757525,-1.118493535725057,-0.8828717449277876,0.359461731942717,0.21104917395001255,-0.27259140005997545,0.29411764705882354,0.11576769879946847,75.9089817193217,2.331367272114829,0.04921682045522376,2826,0.020543564816841553,0.049517840415976094,0.06641266043286517,"[-1.12, -0.9, -0.87, -0.44]","['net_sharpe', 'dbl_sharpe', 'tri_sharpe', 'ret_1x', 'ret_2x', 'pos_folds', 'turnover', 'gross_edge']",4,21,2,9,0.45,2
-38.3129071978221,-15.03978337726261,0.39255134828603006,-0.20768646564922486,-0.6737321857069657,-1.1362252213128294,-0.8987938370065331,-0.7258023957598643,0.35985637036726514,0.21698157779747473,-0.23692831403024306,0.29411764705882354,0.12107508962047606,75.4189943448902,4.126701108735622,0.048311629438089615,2814,0.10090101529696102,0.02231260956800421,0.05901671207007444,"[-0.58, -0.9, -0.87, -0.44]","['net_sharpe', 'dbl_sharpe', 'tri_sharpe', 'ret_1x', 'ret_2x', 'pos_folds', 'turnover', 'gross_edge']",4,21,2,9,0.45,4
-36.668728474192335,-14.488878214169327,0.39512900547851515,-0.11964980306521882,-0.5668770678607128,-1.0092680018609435,-0.8987938370065401,-0.654571696975359,0.32409845016682304,0.16932566211121736,-0.23599955314692567,0.29411764705882354,0.1257770910216387,75.38879253854103,5.467082848827865,0.047322670570760096,2820,0.15267977497054797,0.010489139937528341,0.06142397957955714,"[-0.28, -0.9, -0.87, -0.44]","['net_sharpe', 'dbl_sharpe', 'tri_sharpe', 'ret_1x', 'ret_2x', 'pos_folds', 'turnover', 'gross_edge']",4,21,2,9,0.45,6
-30.495464497082484,-14.113348389003425,0.4628015549772543,0.09699490642379956,-0.33162036604457373,-0.7543556372162418,-1.059038510672007,-0.22299785791651835,0.28538111319982984,0.18132186068047174,-0.16756501280992356,0.47058823529411764,0.12369108288706475,71.06671621541284,9.14039660031561,0.04741676836478675,2509,0.4503550212701596,-0.19319333126593272,0.03874101757201679,"[0.01, 0.02, -0.46, -1.06]","['net_sharpe', 'dbl_sharpe', 'tri_sharpe', 'ret_2x', 'pos_folds', 'turnover', 'gross_edge', 'short_pnl']",4,21,2,9,0.6,0
-30.996576543612974,-13.473891455246056,0.43468966439851664,0.07876907520989619,-0.3795094437328793,-0.8320225870615741,-1.0590385106720053,-0.26842823314715586,0.28538111319982673,0.18132186068047318,-0.1752414361486489,0.47058823529411764,0.11656396725553564,71.54000278139031,8.766838393400516,0.04859365649053215,2512,0.38377826292515044,-0.13548385629386944,0.04296278579710158,"[-0.08, 0.02, -0.46, -1.06]","['net_sharpe', 'dbl_sharpe', 'tri_sharpe', 'ret_2x', 'pos_folds', 'turnover', 'gross_edge', 'short_pnl']",4,21,2,9,0.6,2
-30.020714128912758,-14.38407614066685,0.4791383735543332,0.22429716730413454,-0.21255954975720093,-0.6457432933899828,-1.0590385106719957,-0.21937240143165967,0.28538111319982973,0.1813218606804725,-0.11510168974155348,0.47058823529411764,0.12171590615168246,71.02255267491375,11.270429216379869,0.047300853403112436,2503,0.5075821185578003,-0.19068979715069564,0.04106070290422565,"[0.41, 0.02, -0.46, -1.06]","['net_sharpe', 'dbl_sharpe', 'tri_sharpe', 'ret_2x', 'pos_folds', 'turnover', 'gross_edge', 'short_pnl']",4,21,2,9,0.6,4
-29.913045110084944,-14.442425423040936,0.48281361425727226,0.25162651842830225,-0.17719042201317875,-0.600526320704796,-1.0590385106720026,-0.21937240143165634,0.28538111319983095,0.18132186068047462,-0.10271474100761316,0.47058823529411764,0.12364699444599576,70.9215293058049,11.815086825699808,0.047118608912129795,2502,0.5462884152226135,-0.21455441018741483,0.03528758730094923,"[0.49, 0.02, -0.46, -1.06]","['net_sharpe', 'dbl_sharpe', 'tri_sharpe', 'ret_2x', 'pos_folds', 'turnover', 'gross_edge', 'short_pnl']",4,21,2,9,0.6,6
-17.219943945026397,-9.815633035718083,0.5700153883806987,0.31708825306041166,-0.05143311257323024,-0.4178361039946569,-0.6214164402363647,-0.02497521644032799,0.22186284364220266,0.1706227221424299,-0.06289067048629458,0.47058823529411764,0.12377180439177268,60.85951150967641,13.88692263827603,0.0349159540938561,2548,0.21156062242379017,0.1230266841952839,0.027882636482514947,"[-0.26, -0.62, 0.21, 0.56]","['net_sharpe', 'dbl_sharpe', 'tri_sharpe', 'ret_2x', 'pos_folds', 'turnover', 'gross_edge']",4,21,2,12,0.0,0
-40.10680961302417,-13.419614130242365,0.33459689912319823,-0.33226945918983375,-0.6980287823045442,-1.0597093677968439,-1.2554543178465767,-0.7502309505328434,0.3239523707170575,0.22577631827271627,-0.27635298687961896,0.35294117647058826,0.1229460290972434,60.385305604539276,0.6570542107297469,0.035014612623811905,2565,0.14670145092971612,-0.13099393698225137,0.04584532857827073,"[-1.26, -0.37, -1.14, 0.02]","['net_sharpe', 'dbl_sharpe', 'tri_sharpe', 'ret_1x', 'ret_2x', 'pos_folds', 'turnover', 'gross_edge', 'short_pnl']",4,21,2,12,0.0,2
-36.847792972465584,-16.527133744734797,0.44852438671387057,0.17539202725567157,-0.17115898647166503,-0.5157993030651792,-1.6895398355405673,-0.30703700200179296,0.32723672498341927,0.24859912097512293,-0.09131972288670945,0.47058823529411764,0.12852451016061536,59.45013675459068,11.129746395095768,0.03418747505674344,2529,0.3420820488596802,-0.08013524177454198,0.07378928150286104,"[1.06, -0.42, -1.69, -0.2]","['net_sharpe', 'dbl_sharpe', 'tri_sharpe', 'ret_2x', 'pos_folds', 'turnover', 'gross_edge', 'short_pnl']",4,21,2,12,0.0,4
-26.009341611112642,-14.664598577770931,0.5638204456319416,0.2600960344705114,-0.059656573326804505,-0.3774842621063316,-1.0028727431152005,-0.06374526097553028,0.28642075050802296,0.20078752264684485,-0.05622286724357652,0.5294117647058824,0.1298039102988786,55.40159266441774,13.515163338417338,0.03184907753685674,2514,0.29310212927594576,0.0033253979920982446,0.07542592744127874,"[-0.21, 0.09, -1.0, 0.82]","['net_sharpe', 'dbl_sharpe', 'tri_sharpe', 'ret_2x', 'pos_folds', 'turnover', 'gross_edge']",4,21,2,12,0.0,6
-36.13427378597111,-12.743114900613268,0.3526600527823724,0.03628293347523783,-0.31284994664897525,-0.6599059494040798,-1.9738842335345055,-0.3119870233577943,0.2970213717812096,0.2570480389612365,-0.14873173424828146,0.5294117647058824,0.12078014804225824,56.338630617384645,8.23574743973842,0.0353765465093134,2322,0.24117728831458451,-0.057487806399340854,0.05753341940249268,"[0.83, -0.11, -0.51, -1.97]","['net_sharpe', 'dbl_sharpe', 'tri_sharpe', 'ret_1x', 'ret_2x', 'pos_folds', 'turnover', 'gross_edge', 'short_pnl']",4,21,2,12,0.3,0
-40.98818849723149,-12.61175030684046,0.3076923076923077,-0.38035597707211544,-0.7205102732607284,-1.057281774499066,-1.9738842335345193,-0.4765633445449265,0.3279944087820029,0.2570480389612373,-0.28152382214006677,0.47058823529411764,0.12337572442536433,56.33458386541137,-0.8971606416841573,0.03594093304643262,2323,0.1386990586200168,-0.1587078237397483,0.05674455490910142,"[-0.44, -0.11, -0.51, -1.97]","['net_sharpe', 'dbl_sharpe', 'tri_sharpe', 'ret_1x', 'ret_2x', 'pos_folds', 'turnover', 'gross_edge', 'short_pnl']",4,21,2,12,0.3,2
-36.305354777788395,-12.589222931910038,0.34675939703561637,-0.022146685156455896,-0.36102125532005974,-0.698534351731374,-1.9738842335345197,-0.3119870233577903,0.296837087726723,0.2570480389612402,-0.17078729434891882,0.5294117647058824,0.12298911555260644,55.623891924333215,6.98155312518717,0.034946789916355234,2311,0.26013540077286723,-0.10639486073406286,0.06194785029187901,"[0.64, -0.11, -0.51, -1.97]","['net_sharpe', 'dbl_sharpe', 'tri_sharpe', 'ret_1x', 'ret_2x', 'pos_folds', 'turnover', 'gross_edge', 'short_pnl']",4,21,2,12,0.3,4
-39.068895831752556,-13.202243692345723,0.3379221094243424,-0.2239934349607356,-0.5532783109377144,-0.8795447613768839,-1.9738842335345166,-0.3119870233577988,0.3203323005837647,0.25704803896123884,-0.2349403592002913,0.47058823529411764,0.12641485760290722,55.82234420867606,2.386163567324743,0.035195447969155184,2314,0.2097855016513937,-0.15705240642660762,0.06145255539414776,"[0.01, -0.11, -0.51, -1.97]","['net_sharpe', 'dbl_sharpe', 'tri_sharpe', 'ret_1x', 'ret_2x', 'pos_folds', 'turnover', 'gross_edge', 'short_pnl']",4,21,2,12,0.3,6
-9.666563222989154,-6.5916194729680315,0.6818989666660175,0.4609509777554977,0.09927431157246626,-0.26032675149459117,-0.7369593532137655,0.1158140811797773,0.19197843872483566,0.1433917710982796,0.02413843122514108,0.5882352941176471,0.1244460166184193,59.97821528981242,16.9313021860902,0.036502301177160495,2217,0.10501707406528307,0.29701331515671797,0.06189972013829828,"[0.63, 0.37, -0.74, -0.14]","['net_sharpe', 'dbl_sharpe', 'tri_sharpe', 'pos_folds', 'turnover', 'gross_edge']",4,21,2,12,0.45,0
-21.799784978235138,-11.218803266384645,0.5146290790292416,0.09758087564329154,-0.26142018530274275,-0.6172603734478785,-0.7369593532137847,-0.3250944053336683,0.21936890867360304,0.19407044063542356,-0.18355187550775495,0.5294117647058824,0.12611414563034556,60.49546139300092,9.394743979707727,0.037285316574433666,2222,0.021803881065978442,0.20319622636898604,0.059473744749133875,"[-0.51, 0.37, -0.74, -0.14]","['net_sharpe', 'dbl_sharpe', 'tri_sharpe', 'ret_2x', 'pos_folds', 'turnover', 'gross_edge']",4,21,2,12,0.45,2
-9.858608036920652,-6.637444234812127,0.673263832982789,0.4285763321810255,0.0702724805880584,-0.28675079192017516,-0.736959353213784,0.11581408117978824,0.19197843872483578,0.14496868638645544,0.004933949831996806,0.5882352941176471,0.12553531885985394,59.94609411422969,16.37991142828771,0.036341048638136045,2212,0.14329585328628253,0.24543357792765275,0.06454266560942251,"[0.53, 0.37, -0.74, -0.14]","['net_sharpe', 'dbl_sharpe', 'tri_sharpe', 'pos_folds', 'turnover', 'gross_edge']",4,21,2,12,0.45,4
-9.894774827851615,-6.642794835634484,0.6713437093016486,0.4132938632260711,0.06755654937997325,-0.2759845732294774,-0.7369593532137683,0.11581408117977879,0.191978438724834,0.13642000615992245,0.001317270738873735,0.5882352941176471,0.13086852857935136,60.31010557475914,16.36284505848911,0.0360261841874267,2220,0.14417408394875236,0.2465083542039616,0.06456503729658344,"[0.48, 0.37, -0.74, -0.14]","['net_sharpe', 'dbl_sharpe', 'tri_sharpe', 'pos_folds', 'turnover', 'gross_edge']",4,21,2,12,0.45,6
-28.679654521429825,-16.225564971413352,0.5657517582469269,0.2751680861259824,-0.0513246718873814,-0.3757824056327478,-0.8303321951562914,-0.3050250705444424,0.3319730076009313,0.24819989276442445,-0.043612647876894825,0.5294117647058824,0.12668591189005024,55.20480539915456,13.765843315436165,0.036578754200159845,1978,0.2113843571190792,0.08946887945619317,0.07305271806745578,"[0.17, -0.83, -0.78, 1.02]","['net_sharpe', 'dbl_sharpe', 'tri_sharpe', 'ret_2x', 'pos_folds', 'turnover', 'gross_edge']",4,21,2,12,0.6,0
-36.168871761393326,-12.458282325843564,0.34444763464094397,-0.07226027039215302,-0.3958401779677095,-0.7165163749240407,-0.9197664601542426,-0.8044959607631262,0.3636104173618837,0.26750099531910587,-0.15834023618737836,0.47058823529411764,0.1283397796146421,55.60864954139167,5.779436679957531,0.037280914917290735,1981,0.13288549274214073,-0.005651592321565285,0.07083544665376136,"[-0.92, -0.83, -0.78, 1.02]","['net_sharpe', 'dbl_sharpe', 'tri_sharpe', 'ret_1x', 'ret_2x', 'pos_folds', 'turnover', 'gross_edge', 'short_pnl']",4,21,2,12,0.6,2
-29.39220999851124,-16.429324467387065,0.5589686678279461,0.22502240832462975,-0.09531977784192804,-0.4143254360067171,-0.8303321951562963,-0.37757717810796537,0.33040082140292226,0.24657991216300634,-0.06148760444876399,0.5294117647058824,0.12837773549759773,54.87096431777502,12.745920187633784,0.03631142711836829,1970,0.2169028125474468,0.05997539196476831,0.062072846231712525,"[0.02, -0.83, -0.78, 1.02]","['net_sharpe', 'dbl_sharpe', 'tri_sharpe', 'ret_2x', 'pos_folds', 'turnover', 'gross_edge']",4,21,2,12,0.6,4
-31.794101337984447,-16.58746512230057,0.5217151743327781,0.14166012570480943,-0.1699153860637013,-0.47885174177345485,-0.8303321951563064,-0.4952724216612434,0.33182510892855144,0.24529136329784063,-0.09259903247028192,0.47058823529411764,0.13168442021306262,54.85638109972052,10.87555103447087,0.03610799776128735,1972,0.19156881395487946,0.0446167813472271,0.06614558587615309,"[-0.21, -0.83, -0.78, 1.02]","['net_sharpe', 'dbl_sharpe', 'tri_sharpe', 'ret_2x', 'pos_folds', 'turnover', 'gross_edge']",4,21,2,12,0.6,6
-30.806903828346936,-11.008999648488548,0.3573549523129497,-0.030158013231864674,-0.30108128236744075,-0.5707644326295689,-0.9132885957519928,-0.48772746893627517,0.2618451704383423,0.2123538662726373,-0.17453439127838258,0.4117647058823529,0.12796523772335017,46.2893590617578,6.554216368213039,0.026799154734752643,2020,0.22773903460813752,-0.10762965484403383,0.08787083418490903,"[-0.26, -0.71, -0.91, 0.63]","['net_sharpe', 'dbl_sharpe', 'tri_sharpe', 'ret_1x', 'ret_2x', 'pos_folds', 'turnover', 'gross_edge', 'short_pnl']",4,21,2,15,0.0,0
-39.4498795705848,-13.604120713097723,0.34484568422463396,-0.17601109781469337,-0.4635550586959453,-0.7495864111921285,-2.0090999171305324,-0.19953950670629217,0.33941545287784447,0.2519483319061935,-0.18788416809170516,0.4117647058823529,0.12506327228067468,48.01364873556217,2.8082604403758107,0.027607154530935627,2004,0.1669260374008416,-0.1135462210051022,0.05859400914985033,"[-0.27, -0.13, -2.01, 0.23]","['net_sharpe', 'dbl_sharpe', 'tri_sharpe', 'ret_1x', 'ret_2x', 'pos_folds', 'turnover', 'gross_edge', 'short_pnl']",4,21,2,15,0.0,2
-37.06449398671131,-12.924657747724016,0.3487072493788227,-0.1438886870596239,-0.4109640772023262,-0.675592374944738,-1.139752282724073,-0.671245628294231,0.3424785707818341,0.27381109232093015,-0.177886814857287,0.47058823529411764,0.13131054839722453,47.02864925653535,3.24027515411107,0.027920480957336603,2021,0.3054138458118307,-0.24508578318948035,0.051949111384181554,"[0.67, -0.82, -0.52, -1.14]","['net_sharpe', 'dbl_sharpe', 'tri_sharpe', 'ret_1x', 'ret_2x', 'pos_folds', 'turnover', 'gross_edge', 'short_pnl']",4,21,2,15,0.0,4
-0.08625237163442734,-0.07384556460503401,0.8561569172616097,0.5995586061046596,0.32880993005702297,0.05931542121441271,-1.2254944948775426,0.6664296124700351,0.19127479434051842,0.16231758390894024,0.1832075055054988,0.5294117647058824,0.13024171578971894,46.90210635148282,23.962242428614736,0.026661470555697363,2036,0.4078704456346728,0.03706272802449828,0.040889268876216106,"[0.67, 0.66, -1.23, 0.95]","['net_sharpe', 'dbl_sharpe', 'turnover', 'gross_edge']",4,21,2,15,0.0,6
-33.750976444612355,-11.819866080766607,0.3502081221313348,-0.14242845105938184,-0.4040691495822323,-0.6641826276378247,-1.4424338688999516,-0.3693693231247299,0.28315371884864415,0.21276183767911594,-0.21531107915117886,0.5294117647058824,0.13312425969810937,46.56447626157943,3.2780521934878504,0.02838991576572824,1917,0.3722007684008185,-0.31177174587295775,0.038788013960033604,"[-0.16, 0.15, -1.44, -0.58]","['net_sharpe', 'dbl_sharpe', 'tri_sharpe', 'ret_1x', 'ret_2x', 'pos_folds', 'turnover', 'gross_edge', 'short_pnl']",4,21,2,15,0.3,0
-33.29546462895262,-11.738401941514839,0.3525525795278291,-0.09391534561193508,-0.3578165143494239,-0.620929518825796,-1.4424338688999654,-0.30094609990552873,0.28906734427962555,0.22271418138024046,-0.1898456193148579,0.5294117647058824,0.13274325447060745,46.6923323047876,4.701739708797956,0.028263935533121683,1915,0.37641982702428656,-0.289507949289614,0.035445505221781144,"[-0.02, 0.15, -1.44, -0.58]","['net_sharpe', 'dbl_sharpe', 'tri_sharpe', 'ret_1x', 'ret_2x', 'pos_folds', 'turnover', 'gross_edge', 'short_pnl']",4,21,2,15,0.3,2
-31.734375205161054,-12.325930940312285,0.38840944120140364,0.03592551524528706,-0.22622311089102481,-0.48733466334386377,-1.4424338688999625,-0.21578743605327338,0.2831537188486467,0.21210148711030152,-0.1363612317419834,0.5294117647058824,0.13377956128908317,46.78671004036149,8.368703060377253,0.02820904595645313,1917,0.4363482592536921,-0.281339711128446,0.041808526664057835,"[0.35, 0.15, -1.44, -0.58]","['net_sharpe', 'dbl_sharpe', 'tri_sharpe', 'ret_1x', 'ret_2x', 'pos_folds', 'turnover', 'gross_edge', 'short_pnl']",4,21,2,15,0.3,4
-30.857122133057,-15.341392484914968,0.49717509036527585,0.24517477413925012,-0.008931350328376532,-0.26171938488125207,-1.4424338688999527,-0.21578743605328354,0.28315371884864593,0.2123410704267319,-0.03822244056943529,0.5294117647058824,0.13803757309626896,46.798089333103086,14.48258454927918,0.027916022636725785,1921,0.502941413394359,-0.2346238031028654,0.03964839932192616,"[0.91, 0.15, -1.44, -0.58]","['net_sharpe', 'dbl_sharpe', 'tri_sharpe', 'ret_2x', 'pos_folds', 'turnover', 'gross_edge', 'short_pnl']",4,21,2,15,0.3,6
-36.76218139233571,-12.880668697073439,0.3503782476781652,-0.08514229872391388,-0.35962647228388667,-0.6326158753056013,-1.6109759137826734,-0.3174216499571801,0.3165500123371954,0.26431331454801454,-0.17010250017274528,0.47058823529411764,0.1298895422002222,47.60481398428617,5.0310578341704515,0.029333514604769306,1835,0.24271736066106447,-0.1479005888717187,0.06157994502379135,"[-0.39, 0.57, -1.61, -0.25]","['net_sharpe', 'dbl_sharpe', 'tri_sharpe', 'ret_1x', 'ret_2x', 'pos_folds', 'turnover', 'gross_edge', 'short_pnl']",4,21,2,15,0.45,0
-37.51639667270855,-13.098351826492374,0.3491367238906721,-0.1115478005117638,-0.39005653588710304,-0.6675208453984998,-1.6109759137826651,-0.36157578404968604,0.32509778237849096,0.2643133145480123,-0.17448700551868226,0.47058823529411764,0.128222388519378,47.59664247244696,4.3723910457313,0.02964098358584382,1830,0.2561551498832838,-0.1737659477748824,0.05963744391625808,"[-0.48, 0.57, -1.61, -0.25]","['net_sharpe', 'dbl_sharpe', 'tri_sharpe', 'ret_1x', 'ret_2x', 'pos_folds', 'turnover', 'gross_edge', 'short_pnl']",4,21,2,15,0.45,2
-31.506513761461544,-15.01190404844458,0.4764698551576021,0.12610628085031889,-0.15085921498533544,-0.42674416373024127,-1.6109759137826676,-0.0032691473667388476,0.3223966585022431,0.26431331454801166,-0.08507054725913714,0.5294117647058824,0.1285913977659094,47.48746903107779,10.772294422494946,0.029316125097357933,1831,0.2594600818597501,-0.05694273890226595,0.06650155920658737,"[0.24, 0.57, -1.61, -0.25]","['net_sharpe', 'dbl_sharpe', 'tri_sharpe', 'ret_2x', 'pos_folds', 'turnover', 'gross_edge', 'short_pnl']",4,21,2,15,0.45,4
-27.730735925301374,-14.315012917976139,0.516214678057469,0.324765744311043,0.06014756159996238,-0.2029838846738042,-1.6109759137826722,0.16107586110543326,0.32058639879598994,0.2643133145480123,-0.0031939860375950137,0.5294117647058824,0.1341772513353097,47.331710942370194,16.445611287460377,0.02889879845929538,1830,0.37043316879601007,-0.06227250057466582,0.06775241543894998,"[0.8, 0.57, -1.61, -0.25]","['net_sharpe', 'dbl_sharpe', 'tri_sharpe', 'ret_2x', 'pos_folds', 'turnover', 'gross_edge', 'short_pnl']",4,21,2,15,0.45,6
-32.32890125897671,-12.368590207677599,0.38258616055636085,-0.06329938296983605,-0.3132718318898451,-0.5618063321702647,-0.997723808570088,-0.25662324203280207,0.3089953554826368,0.22700739357835242,-0.1654634130257467,0.4117647058823529,0.136610892102622,45.66739559951601,5.345969781866593,0.029334454505161024,1730,0.36032320479058105,-0.26367189878830594,0.07126104277469275,"[-1.0, 0.4, -0.92, 0.61]","['net_sharpe', 'dbl_sharpe', 'tri_sharpe', 'ret_1x', 'ret_2x', 'pos_folds', 'turnover', 'gross_edge', 'short_pnl']",4,21,2,15,0.6,0
-33.2362636160755,-12.720349497155038,0.3827250151849964,-0.05711573297882369,-0.30746898754089447,-0.5568458420416603,-0.9800348797788739,-0.25662324203278686,0.3395304283728654,0.2636258770605864,-0.1485330673528082,0.4117647058823529,0.13688230453051867,45.73873486355185,5.532317011214428,0.02925271617502723,1728,0.3402573499045908,-0.24008077278597614,0.06587607607058987,"[-0.98, 0.4, -0.92, 0.61]","['net_sharpe', 'dbl_sharpe', 'tri_sharpe', 'ret_1x', 'ret_2x', 'pos_folds', 'turnover', 'gross_edge', 'short_pnl']",4,21,2,15,0.6,2
-25.174402238545337,-12.298011251050811,0.4885125428011526,0.16376709425464947,-0.08529953724631847,-0.3333562691681114,-0.9163447293617973,0.02871745743561613,0.28691158182300114,0.2162800101449892,-0.07370298331907227,0.47058823529411764,0.13720404365311104,45.60929072081861,12.14636603050998,0.02892722191990394,1729,0.3413195783044966,-0.12200138198703836,0.07272104673803902,"[-0.35, 0.4, -0.92, 0.61]","['net_sharpe', 'dbl_sharpe', 'tri_sharpe', 'ret_2x', 'pos_folds', 'turnover', 'gross_edge', 'short_pnl']",4,21,2,15,0.6,4
-15.725115403373929,-10.32410241331019,0.6565358757936418,0.4098731277380244,0.17023494870210884,-0.06823480374884824,-0.9163447293618004,0.38712526811060965,0.28610122512792446,0.21542719404286337,0.04901369964273573,0.47058823529411764,0.1421697290507193,45.413753118512574,19.948208119243883,0.028283417935128514,1730,0.46299974536040744,-0.10435351711425607,0.07693164526969273,"[0.37, 0.4, -0.92, 0.61]","['net_sharpe', 'dbl_sharpe', 'tri_sharpe', 'turnover', 'gross_edge', 'short_pnl']",4,21,2,15,0.6,6
-41.26143777942917,-16.107959212845174,0.39038773440114516,-0.2974229751478387,-0.8002064597775059,-1.3003485010597868,-1.057067890596028,-0.8253099723822637,0.36624910314931347,0.24900541172011925,-0.26561255854441046,0.23529411764705882,0.11885306846616406,79.85015131233173,3.001621888595497,0.04986462280598969,2642,0.04994136357850565,0.044945635071046285,0.06232324760955456,"[-0.63, -1.06, -1.02, -0.61]","['net_sharpe', 'dbl_sharpe', 'tri_sharpe', 'ret_1x', 'ret_2x', 'pos_folds', 'turnover', 'gross_edge']",6,21,1,6,0.0,0
-38.97638799134427,-12.313223193280782,0.315914937936662,-0.2318685804199361,-0.7703544882637177,-1.3077533005375226,-0.9853507746491222,-0.9322611263234533,0.33734378544593646,0.1967786043447861,-0.25971236157678596,0.35294117647058826,0.11103173410832098,79.64801530355908,4.275767727064221,0.050152834561131954,2663,0.14757888001524916,-0.012755861575597063,0.047597810265919596,"[-0.92, -0.23, -0.95, -0.99]","['net_sharpe', 'dbl_sharpe', 'tri_sharpe', 'ret_1x', 'ret_2x', 'pos_folds', 'turnover', 'gross_edge', 'short_pnl']",6,21,1,6,0.0,2
-27.23920650751695,-13.19792010910321,0.4845192573969107,0.06855169618043748,-0.4228368036190156,-0.9111521599431347,-0.6690241762687936,-0.4303592075979421,0.24580472779860785,0.17738676354252358,-0.2221897352792975,0.35294117647058826,0.11645415885200279,76.44615512957462,8.522429037371703,0.047871098374692785,2667,0.24659251469390595,0.011332832465715495,0.06933829781423369,"[-0.67, -0.09, -0.28, -0.58]","['net_sharpe', 'dbl_sharpe', 'tri_sharpe', 'ret_2x', 'pos_folds', 'turnover', 'gross_edge']",6,21,1,6,0.0,4
-41.152163837275836,-16.094526556589788,0.3910979412949188,-0.27198144309697403,-0.7738869343101887,-1.273187377349356,-1.0570678905960311,-0.8136916116740833,0.36627813866322423,0.24900541172012192,-0.2576813612433872,0.23529411764705882,0.11877523047373657,79.65004461840766,3.3709294733578044,0.049826116216020594,2638,0.06213424193948265,0.044160228437220506,0.06217109069016899,"[-0.55, -1.06, -1.02, -0.61]","['net_sharpe', 'dbl_sharpe', 'tri_sharpe', 'ret_1x', 'ret_2x', 'pos_folds', 'turnover', 'gross_edge']",6,21,1,6,0.0,6
-34.7229790352897,-15.918258940576068,0.4584358653212907,0.06425324780785598,-0.399007880563544,-0.8598252095114252,-1.3898544051373554,-0.2729976121828879,0.3089069642759119,0.22364334289098375,-0.1705263886934818,0.47058823529411764,0.11788952286797712,72.93322639865701,8.507320910011694,0.04878981954369563,2222,0.2996893444153381,-0.05405266138651841,0.05530501017400438,"[0.02, -1.39, 0.2, -0.57]","['net_sharpe', 'dbl_sharpe', 'tri_sharpe', 'ret_2x', 'pos_folds', 'turnover', 'gross_edge', 'short_pnl']",6,21,1,6,0.3,0
-39.473145544772876,-13.574988995005512,0.34390441419490936,-0.13202418431153676,-0.6214192870637627,-1.1074640445884212,-1.389854405137342,-0.6320143526820176,0.3594804137080947,0.2262505276534823,-0.203994906663954,0.47058823529411764,0.11208862206633866,73.35618634370122,5.496962048019535,0.05003217850523361,2223,0.2285421908343621,-0.06890485686158705,0.0487790337761499,"[-0.69, -1.39, 0.2, -0.57]","['net_sharpe', 'dbl_sharpe', 'tri_sharpe', 'ret_1x', 'ret_2x', 'pos_folds', 'turnover', 'gross_edge', 'short_pnl']",6,21,1,6,0.3,2
-37.941847062803326,-13.133413096719236,0.34614585512877444,-0.058072049874271156,-0.5568533476930525,-1.0519818756692683,-1.3898544051373416,-0.5097926675343135,0.3389403970772277,0.22364334289098264,-0.1914212366967592,0.47058823529411764,0.10934130941940652,72.93260002069752,6.6625113336293795,0.04995552881955727,2219,0.242139591088881,-0.04977078937358219,0.052954979644070824,"[-0.45, -1.39, 0.2, -0.57]","['net_sharpe', 'dbl_sharpe', 'tri_sharpe', 'ret_1x', 'ret_2x', 'pos_folds', 'turnover', 'gross_edge', 'short_pnl']",6,21,1,6,0.3,4
-34.220190690164394,-15.80056337082016,0.46173218360707663,0.09014372379271499,-0.3722300006964293,-0.8321985108163727,-1.3898544051373436,-0.22875590375389898,0.3089389294027097,0.22364334289098298,-0.16066743490581142,0.47058823529411764,0.11780801021787049,72.73312432091802,8.926882619377436,0.048746560526817445,2218,0.31188244360536077,-0.05483869249695155,0.05515295407533431,"[0.11, -1.39, 0.2, -0.57]","['net_sharpe', 'dbl_sharpe', 'tri_sharpe', 'ret_2x', 'pos_folds', 'turnover', 'gross_edge', 'short_pnl']",6,21,1,6,0.3,6
-20.179271334180186,-8.324369802566785,0.4125208321306799,0.10339082870585345,-0.318306930478162,-0.7387290964040505,-0.4559582547130049,-0.3481163433444334,0.22580942493842038,0.19458094501528744,-0.19459771688506344,0.4117647058823529,0.11886545768522498,66.84487295596186,9.341291272660868,0.049220418937841105,1904,0.36288632423021083,-0.11568545190463125,0.07834017685228875,"[-0.19, -0.27, -0.43, -0.46]","['net_sharpe', 'dbl_sharpe', 'tri_sharpe', 'ret_2x', 'pos_folds', 'turnover', 'gross_edge', 'short_pnl']",6,21,1,6,0.45,0
-21.595979459193742,-7.106451531590425,0.32906363635964186,0.05349470839501835,-0.37550503558905124,-0.8030325347781078,-0.45595825471300927,-0.4003807820803794,0.23530949721402272,0.2004278729805682,-0.21091703324344896,0.4117647058823529,0.11715536171726751,67.03734797013303,8.438355487262841,0.04972408012213716,1905,0.3634539881125523,-0.13950473164056917,0.07292977199578982,"[-0.37, -0.27, -0.43, -0.46]","['net_sharpe', 'dbl_sharpe', 'tri_sharpe', 'ret_1x', 'ret_2x', 'pos_folds', 'turnover', 'gross_edge', 'short_pnl']",6,21,1,6,0.45,2
-18.971137191462297,-8.526277073986332,0.4494341582129018,0.1916510092413147,-0.2491327097046967,-0.688318067140558,-0.4559582547130072,-0.34811634334443553,0.21686892427394733,0.15285384397186652,-0.1579018216615774,0.4117647058823529,0.11375471078664683,66.87839615692693,10.789878475309841,0.04975393962633185,1904,0.4005919063767107,-0.11491351910501814,0.07503138394203795,"[0.08, -0.27, -0.43, -0.46]","['net_sharpe', 'dbl_sharpe', 'tri_sharpe', 'ret_2x', 'pos_folds', 'turnover', 'gross_edge', 'short_pnl']",6,21,1,6,0.45,4
-20.074045923832855,-8.348428419553567,0.41588170372978567,0.1291252619785295,-0.29163401414206314,-0.7111556829973313,-0.45595825471301266,-0.3481163433444362,0.22583399060222742,0.19460558910522718,-0.18097400921241427,0.4117647058823529,0.118784368569764,66.64466338296427,9.80222284056207,0.0491737521914065,1900,0.3750871834839323,-0.11646550098192665,0.07818220766030892,"[-0.1, -0.27, -0.43, -0.46]","['net_sharpe', 'dbl_sharpe', 'tri_sharpe', 'ret_2x', 'pos_folds', 'turnover', 'gross_edge', 'short_pnl']",6,21,1,6,0.45,6
-5.241091569498409,-3.741624965335637,0.7139018495900318,0.49446031335162,0.1152256422516394,-0.2635642726751887,-0.5069822751335841,0.1687069447235988,0.18603782177847572,0.15896581509141217,0.035897052721891344,0.5294117647058824,0.11987398141385355,60.577600772918686,17.287894739104367,0.04796815771313194,1633,0.2753380537153062,0.1392618156957964,0.05056627192499706,"[0.09, 0.25, 0.6, -0.51]","['net_sharpe', 'dbl_sharpe', 'tri_sharpe', 'turnover', 'gross_edge']",6,21,1,6,0.6,0
-5.262682513195702,-3.760897592234698,0.714635090147389,0.5025878325774108,0.11538380673354769,-0.2713457169197474,-0.5069822751335842,0.1676429959603393,0.18603782177847505,0.14988678576393677,0.0360444303291647,0.5294117647058824,0.11778480626028995,60.76958881016694,17.25015070908794,0.04839802472354381,1634,0.29827927320982844,0.11672653422969698,0.04532323723552623,"[0.09, 0.25, 0.6, -0.51]","['net_sharpe', 'dbl_sharpe', 'tri_sharpe', 'turnover', 'gross_edge']",6,21,1,6,0.6,2
0.6699799739796585,0.5020511319541622,0.7493524455245958,0.6305330048278962,0.23353554361573206,-0.16293875755610596,-0.5069822751335828,0.37058103170456663,0.18603782177847472,0.149886785763938,0.1098726060836507,0.5294117647058824,0.1145670977898,60.60422194489934,19.453777942136426,0.04851353852469145,1633,0.3265933352356685,0.1401539674832556,0.04734677154205183,"[0.49, 0.25, 0.6, -0.51]","['net_sharpe', 'dbl_sharpe', 'tri_sharpe', 'turnover', 'gross_edge']",6,21,1,6,0.6,4
-4.08251618850784,-2.945649420654903,0.7215279216642956,0.5202512328977392,0.14198740886739392,-0.23586845517472763,-0.5069822751335807,0.21172559003733515,0.18603782177847483,0.15896581509141183,0.05328176323494415,0.5294117647058824,0.1197903137922121,60.37740757192354,17.822964911155243,0.047915189844971964,1629,0.28754025590766596,0.13847916380724323,0.05040850776587838,"[0.17, 0.25, 0.6, -0.51]","['net_sharpe', 'dbl_sharpe', 'tri_sharpe', 'turnover', 'gross_edge']",6,21,1,6,0.6,6
-36.908959521076746,-13.667063913689521,0.3702912271445904,-0.0734041648023713,-0.42739894560466896,-0.7797416708568513,-1.539024851620257,-0.34298351559659207,0.2654724630782398,0.1913924096353894,-0.20411771329571715,0.23529411764705882,0.1147140228762476,54.242649695154896,5.884771448520352,0.03424005303680458,1784,0.14174367691564163,-0.015373242248460678,0.05401882584288877,"[0.08, -0.77, -1.54, 0.22]","['net_sharpe', 'dbl_sharpe', 'tri_sharpe', 'ret_1x', 'ret_2x', 'pos_folds', 'turnover', 'gross_edge', 'short_pnl']",6,21,1,9,0.0,0
-43.47024409043204,-13.375459720132936,0.3076923076923077,-0.3813072563153726,-0.7563806387675168,-1.1297446655085974,-2.0537163106119727,-0.3965912267812944,0.3489186476739501,0.24922422130650734,-0.24574198309638118,0.29411764705882354,0.11032447388614178,55.24172111737665,-0.06713774500344408,0.035836029660180777,1799,0.08284725024713774,-0.08431553041882772,0.043096883281757814,"[-0.7, -0.09, -0.07, -2.05]","['net_sharpe', 'dbl_sharpe', 'tri_sharpe', 'ret_1x', 'ret_2x', 'pos_folds', 'turnover', 'gross_edge', 'short_pnl']",6,21,1,9,0.0,2
-29.623737793832873,-12.648938247261034,0.4269865718935142,0.018696866872738045,-0.32188719861432374,-0.6604778059009738,-0.8566147030410363,-0.4613905960315397,0.27195588688255923,0.21377980784821293,-0.1660642091353733,0.47058823529411764,0.12064857041193648,54.926703131423956,7.764840707657134,0.034241661095450605,1789,0.15000525674744486,0.018840855607553483,0.04687915556489498,"[-0.16, -0.86, 0.49, -0.76]","['net_sharpe', 'dbl_sharpe', 'tri_sharpe', 'ret_1x', 'ret_2x', 'pos_folds', 'turnover', 'gross_edge']",6,21,1,9,0.0,4
-22.831339232818266,-12.736701235726228,0.5578604525054849,0.22467568791065679,-0.12046331382364785,-0.4643208537290775,-1.084898220133829,0.021447694161337984,0.21687419350164094,0.16983944301498444,-0.10297421678405565,0.4117647058823529,0.12378667941237645,57.00518263049426,12.186984240652615,0.034621623665710824,1783,0.15923758278889372,0.11579590326606579,0.052177064933757095,"[-1.08, -0.04, 0.08, 0.69]","['net_sharpe', 'dbl_sharpe', 'tri_sharpe', 'ret_2x', 'pos_folds', 'turnover', 'gross_edge']",6,21,1,9,0.0,6
-41.661606443847845,-12.81895582887626,0.3076923076923077,-0.346238554385822,-0.6847562788391088,-1.021009272278258,-1.2718338293727918,-0.7042038160001324,0.3659000210889771,0.2895554195614599,-0.2258065697107697,0.29411764705882354,0.11580087597509754,52.51206809387265,-0.14794880272517558,0.03545379583641458,1567,0.1403966969786415,-0.1434724082215172,0.03268740980288827,"[-0.04, -1.24, -0.17, -1.27]","['net_sharpe', 'dbl_sharpe', 'tri_sharpe', 'ret_1x', 'ret_2x', 'pos_folds', 'turnover', 'gross_edge', 'short_pnl']",6,21,1,9,0.3,0
-40.62176961391685,-13.874090900618455,0.3415432422684326,-0.14741839462229536,-0.49129690769778056,-0.8331546506161512,-1.2718338293727895,-0.7042038160001265,0.3659000210889771,0.28955541956146236,-0.16724746107193783,0.35294117647058826,0.11479137872741368,52.79513308668729,4.269152646251607,0.03536090888732043,1568,0.265386263733443,-0.17615633313826157,0.031081748512641737,"[0.7, -1.24, -0.17, -1.27]","['net_sharpe', 'dbl_sharpe', 'tri_sharpe', 'ret_1x', 'ret_2x', 'pos_folds', 'turnover', 'gross_edge', 'short_pnl']",6,21,1,9,0.3,2
-41.57145004069529,-13.916498975780513,0.3347609708623904,-0.31943920059181097,-0.6713464663164502,-1.021089694235124,-1.2718338293728204,-0.7042038160001248,0.3659000210889809,0.28955541956146336,-0.21395419459660156,0.29411764705882354,0.11182653926160074,52.663187782251,0.7423715151096614,0.03570201515709169,1567,0.13651918533654894,-0.12104159219165067,0.03825805394754247,"[0.11, -1.24, -0.17, -1.27]","['net_sharpe', 'dbl_sharpe', 'tri_sharpe', 'ret_1x', 'ret_2x', 'pos_folds', 'turnover', 'gross_edge', 'short_pnl']",6,21,1,9,0.3,4
-41.68201238423235,-12.825234579763801,0.3076923076923077,-0.34104391888965097,-0.6695409209150085,-0.9963314923901099,-1.2718338293727987,-0.7042038160001269,0.36590002108897923,0.2895554195614626,-0.2285120141275905,0.29411764705882354,0.11949713077666645,52.49997023918363,-0.3416548613687448,0.03513151903426429,1564,0.17370050823749555,-0.18080154309446295,0.03434025815551778,"[-0.06, -1.24, -0.17, -1.27]","['net_sharpe', 'dbl_sharpe', 'tri_sharpe', 'ret_1x', 'ret_2x', 'pos_folds', 'turnover', 'gross_edge', 'short_pnl']",6,21,1,9,0.3,6
-36.88498495646512,-15.570984879690748,0.42214968768643896,-0.1080364250829979,-0.4272512422767457,-0.7440265161300433,-1.0377750374503178,-0.7891117937712893,0.3519779108378117,0.299621058375657,-0.1546978710456689,0.47058823529411764,0.11509833374840528,49.21586470067866,4.9298877847007745,0.03574534151648148,1384,0.059798646768819,0.03625572510541873,0.03153567226930318,"[0.64, -0.69, -0.89, -1.04]","['net_sharpe', 'dbl_sharpe', 'tri_sharpe', 'ret_1x', 'ret_2x', 'pos_folds', 'turnover', 'gross_edge']",6,21,1,9,0.45,0
-36.660516285191804,-12.776312055106715,0.3485033313692699,-0.02046195911329897,-0.3418895125658363,-0.6611840720370341,-1.0377750374503196,-0.7891117937712882,0.3519779108378127,0.299621058375656,-0.12782587826318315,0.47058823529411764,0.11493527223176044,49.41903301931497,6.958851809590999,0.035700866486914944,1385,0.18540307431877442,-0.04925646992766836,0.028253296746745513,"[0.94, -0.69, -0.89, -1.04]","['net_sharpe', 'dbl_sharpe', 'tri_sharpe', 'ret_1x', 'ret_2x', 'pos_folds', 'turnover', 'gross_edge', 'short_pnl']",6,21,1,9,0.45,2
-37.930989087260514,-12.99681461148426,0.34264370437546443,-0.15437112496882094,-0.48343813565438665,-0.8102496065579574,-1.0377750374503192,-0.789111793771289,0.35197791083781305,0.29962105837565634,-0.1674527537226221,0.4117647058823529,0.11227310063595976,49.458199785587745,3.974512598848558,0.036168756775289045,1387,0.08409148221799065,-0.006270418068058947,0.03467482005993777,"[0.52, -0.69, -0.89, -1.04]","['net_sharpe', 'dbl_sharpe', 'tri_sharpe', 'ret_1x', 'ret_2x', 'pos_folds', 'turnover', 'gross_edge', 'short_pnl']",6,21,1,9,0.45,4
-38.19755075077318,-12.919001221436924,0.33821543443267554,-0.252383483485095,-0.5669207853170479,-0.8793444122689278,-1.0377750374503172,-0.7891117937712865,0.35197791083781227,0.2996210583756571,-0.20105648034801485,0.4117647058823529,0.11703135339199865,49.308668474531785,1.4325621309087981,0.03575033880621124,1382,0.08865545306062678,-0.06069065263372054,0.035485710270611995,"[0.12, -0.69, -0.89, -1.04]","['net_sharpe', 'dbl_sharpe', 'tri_sharpe', 'ret_1x', 'ret_2x', 'pos_folds', 'turnover', 'gross_edge', 'short_pnl']",6,21,1,9,0.45,6
0.07830855665248992,0.055121819035385634,0.7039054401168428,0.38138882037629596,0.07316838765800998,-0.2338659698896843,-0.6261418680526994,0.24464758781430224,0.1518623610738964,0.13453818501931913,0.01192454068099963,0.5882352941176471,0.11495055739873751,47.234575057624454,16.68323692150174,0.03569971175582285,1240,0.2094881354839052,0.10248364574834243,0.054192107871635614,"[0.42, -0.63, 0.43, 0.07]","['net_sharpe', 'dbl_sharpe', 'tri_sharpe', 'turnover', 'gross_edge']",6,21,1,9,0.6,0
0.9121892104452658,0.665755803658517,0.7298439797742647,0.4725645858646118,0.16245467445659173,-0.14679298882541822,-0.626141868052681,0.2504142556864378,0.1518623610738945,0.1345381850193199,0.08003596396495012,0.5882352941176471,0.11481090607040731,47.44957598436503,18.813587807843795,0.035646552446653115,1241,0.33600898288802183,0.017401105963413013,0.050924828467346014,"[0.73, -0.63, 0.43, 0.07]","['net_sharpe', 'dbl_sharpe', 'tri_sharpe', 'turnover', 'gross_edge']",6,21,1,9,0.6,2
-2.95978198452174,-1.8204982163284493,0.6150784841075437,0.3501950933221494,0.03267118213397822,-0.28398660630222045,-0.6261418680526886,0.1832219572531212,0.1518623610738956,0.1345381850193189,-0.017246555605378116,0.5294117647058824,0.11218127368258753,47.487498739165005,15.697360481760997,0.03613322436993057,1243,0.235463925134199,0.059644024973758494,0.05735109617834186,"[0.29, -0.63, 0.43, 0.07]","['net_sharpe', 'dbl_sharpe', 'tri_sharpe', 'ret_2x', 'turnover', 'gross_edge']",6,21,1,9,0.6,4
-7.75086174972255,-4.4080933607761414,0.568723001791889,0.23380984935632296,-0.06972312470103918,-0.3720749337317763,-0.6261418680526822,-0.005944419171561001,0.15645504669478671,0.142897503836951,-0.09526328251424658,0.5294117647058824,0.11693212997538388,47.34835832156662,13.136175111806041,0.03567910831214369,1239,0.23441030027697884,0.011824163096632558,0.05248029148767548,"[-0.09, -0.63, 0.43, 0.07]","['net_sharpe', 'dbl_sharpe', 'tri_sharpe', 'ret_2x', 'pos_folds', 'turnover', 'gross_edge']",6,21,1,9,0.6,6
-35.97584717234229,-15.936497533992414,0.44297768604721455,0.007725146966881544,-0.2760506116615328,-0.558093351226939,-1.543960449428,-0.22323453266563548,0.29739280858938044,0.22301109280615938,-0.12915743375885877,0.35294117647058826,0.11681634381879473,44.32313299986504,7.545818862658241,0.027620326290145845,1341,0.012132016757856467,0.12027524659732161,0.036039053687739755,"[-0.24, -0.2, -1.54, 0.55]","['net_sharpe', 'dbl_sharpe', 'tri_sharpe', 'ret_1x', 'ret_2x', 'pos_folds', 'turnover', 'gross_edge']",6,21,1,12,0.0,0
-38.987529734159715,-13.889572763778178,0.35625680463690795,-0.24523549881705212,-0.5351032744577942,-0.8234719463620873,-1.4858592628682363,-0.47632761370178944,0.27847103043562194,0.21097176672490237,-0.2295772671756867,0.17647058823529413,0.11159265839843753,43.251272448360844,1.1222409952361572,0.027892225216830286,1352,-0.0602256469417216,0.0794415146812959,0.008787635754916368,"[-0.12, -1.49, -0.83, 0.18]","['net_sharpe', 'dbl_sharpe', 'tri_sharpe', 'ret_1x', 'ret_2x', 'pos_folds', 'turnover', 'gross_edge', 'long_pnl']",6,21,1,12,0.0,2
-20.139497174361775,-10.85774462521485,0.5391268973208083,0.08133622086642048,-0.1938356690098337,-0.46714283348717084,-0.6071915923238551,-0.4354527016693453,0.2067901340182038,0.1475183057519176,-0.13584854695395593,0.47058823529411764,0.11337354890356598,41.70070469300122,9.666969738967932,0.026350568595906624,1330,0.11322561617828827,0.04636550869060837,0.06032467337294572,"[-0.28, -0.61, -0.59, 0.58]","['net_sharpe', 'dbl_sharpe', 'tri_sharpe', 'ret_2x', 'pos_folds', 'turnover', 'gross_edge']",6,21,1,12,0.0,4
-15.132793866319528,-12.480454339838547,0.8247290255909591,0.49470366731929144,0.24993770877903992,0.005466402267401343,-0.6534330410132889,0.007914865271220858,0.24335688885043794,0.18672635440347718,0.09736786135780472,0.5882352941176471,0.12463586627877897,40.660737727642484,22.519406936572306,0.024745378711745713,1322,0.3342291005898165,0.028270210475218598,0.052288161960371116,"[0.24, -0.23, -0.65, 1.49]","['net_sharpe', 'dbl_sharpe', 'pos_folds', 'turnover', 'gross_edge']",6,21,1,12,0.0,6
-5.018818715416585,-3.985267724996089,0.7940648887664182,0.643572475379531,0.3909379488528993,0.1393911803945696,-0.3024235727925686,0.10019539427128077,0.2350611317309057,0.1902061281321138,0.17120501280162273,0.5882352941176471,0.11873935747402087,39.88500850902757,26.60942942910651,0.0254727061240493,1202,0.42591353541821747,-0.005748185762215446,-0.003949816026035356,"[1.5, 0.49, -0.29, -0.3]","['net_sharpe', 'dbl_sharpe', 'pos_folds', 'turnover', 'gross_edge', 'short_pnl']",6,21,1,12,0.3,0
-6.95214762292698,-5.243690668541871,0.7542547933316441,0.5266616172010958,0.2648515841132324,0.004126045680527144,-0.30242357279257837,0.10019539427127938,0.23506113173090726,0.19020612813211413,0.10336231812905729,0.5294117647058824,0.11581011016222063,40.360190676653055,22.600923359319793,0.0261602330550651,1207,0.38231441623625395,-0.021192060706919064,-0.008689949933230065,"[1.12, 0.49, -0.29, -0.3]","['net_sharpe', 'dbl_sharpe', 'pos_folds', 'turnover', 'gross_edge', 'short_pnl']",6,21,1,12,0.3,2
-7.73889206637526,-4.873569270063502,0.6297502573060414,0.3691147233685854,0.10786876798755661,-0.15188962680970267,-0.30242357279256754,0.10019539427128138,0.2350611317309067,0.19020612813211268,0.024687873784191437,0.5294117647058824,0.11557363362787126,40.236694631702676,18.096940935765375,0.0262902394724034,1207,0.3887781274143536,-0.10050613575421453,-0.006303926137805185,"[0.54, 0.49, -0.29, -0.3]","['net_sharpe', 'dbl_sharpe', 'tri_sharpe', 'pos_folds', 'turnover', 'gross_edge', 'short_pnl']",6,21,1,12,0.3,4
-5.092933989885882,-4.009682147221121,0.7873029878620058,0.6166109629477549,0.3702360369676952,0.1246000934362484,-0.3024235727925753,0.1001953942712808,0.2350611317309067,0.19020612813211157,0.1637934853547199,0.5882352941176471,0.12195751911521592,39.98190961046252,26.25251129351303,0.02527076614453799,1204,0.48272123815867124,-0.06718455431479242,-0.006647301660172293,"[1.36, 0.49, -0.29, -0.3]","['net_sharpe', 'dbl_sharpe', 'pos_folds', 'turnover', 'gross_edge', 'short_pnl']",6,21,1,12,0.3,6
-35.201868298845966,-25.488499220567505,0.724066660444926,0.3874509237741818,0.14539853608566444,-0.09568414161778732,-1.657018559667509,-0.448058821417204,0.29569423181348464,0.24552591869851337,0.034740420016947486,0.47058823529411764,0.11737676163756908,37.866628465397554,19.430173233768727,0.026779625852529656,1094,0.28209021283059366,0.009188196209069285,0.016892089733885306,"[2.22, -1.12, -1.66, 0.22]","['net_sharpe', 'dbl_sharpe', 'tri_sharpe', 'pos_folds', 'turnover', 'gross_edge']",6,21,1,12,0.45,0
-35.76591842433826,-18.779600441580875,0.5250697107445615,0.2500906852254348,0.0005721491740767932,-0.24794118276645216,-1.6570185596674973,-0.4480588214172054,0.2956942318134864,0.24552591869851537,-0.02198208108542891,0.47058823529411764,0.11482477515310886,38.217304986098256,14.966964703064663,0.027464626542015657,1099,0.2375793042551425,-0.011131155173701598,0.011988315262470944,"[1.84, -1.12, -1.66, 0.22]","['net_sharpe', 'dbl_sharpe', 'tri_sharpe', 'ret_2x', 'pos_folds', 'turnover', 'gross_edge', 'short_pnl']",6,21,1,12,0.45,2
-36.156073241627865,-18.380870507871286,0.508375740502392,0.1429078152532964,-0.10835418890272341,-0.35830129927083676,-1.6570185596675024,-0.4480588214172069,0.2956942318134874,0.2455259186985138,-0.06323827646944084,0.47058823529411764,0.11397872753262107,38.240153306921194,11.727572922986228,0.027748084057164037,1099,0.25149492201931745,-0.07395225092821703,0.009593831615270793,"[1.49, -1.12, -1.66, 0.22]","['net_sharpe', 'dbl_sharpe', 'tri_sharpe', 'ret_2x', 'pos_folds', 'turnover', 'gross_edge', 'short_pnl']",6,21,1,12,0.45,4
-36.887453164800945,-19.090195959993412,0.517525454378884,0.19935218617350775,-0.04406263139837861,-0.28686044324144366,-1.657018559667485,-0.44805882141719533,0.29569423181348575,0.2455259186985157,-0.04069376129750143,0.4117647058823529,0.11771381720245533,38.21651473465918,13.625383877132291,0.027127495888965084,1098,0.2739287863105885,-0.0677828361859582,0.009491833363887932,"[1.57, -1.12, -1.66, 0.22]","['net_sharpe', 'dbl_sharpe', 'tri_sharpe', 'ret_2x', 'pos_folds', 'turnover', 'gross_edge', 'short_pnl']",6,21,1,12,0.45,6
-35.768040952728974,-20.719275741120285,0.5792678376907159,0.08446679977042669,-0.16334893891825594,-0.4104307844897045,-1.5260234862331232,-0.371288868926582,0.312218837992725,0.25031645498330346,-0.07856474501135963,0.47058823529411764,0.11290285705552924,37.335470703669145,10.06602206985487,0.02733079488965844,980,0.09138273205088521,0.057400672379880495,0.08715762782631106,"[1.06, -0.77, -1.53, 0.02]","['net_sharpe', 'dbl_sharpe', 'tri_sharpe', 'ret_2x', 'pos_folds', 'turnover', 'gross_edge']",6,21,1,12,0.6,0
-36.22025341576964,-17.559156623758618,0.4847883426490241,-0.06195346516246467,-0.31845539609460766,-0.5742134707580957,-1.5260234862331181,-0.3712888689265776,0.3124516592902282,0.2503164549833017,-0.12909010738502905,0.47058823529411764,0.11013709894029289,37.6931114249784,5.73224979079131,0.02804750386775757,985,0.039003753848916384,0.04653483436087898,0.08233798144604179,"[0.62, -0.77, -1.53, 0.02]","['net_sharpe', 'dbl_sharpe', 'tri_sharpe', 'ret_1x', 'ret_2x', 'pos_folds', 'turnover', 'gross_edge']",6,21,1,12,0.6,2
-36.524125240301885,-14.666230592419238,0.4015491266642589,-0.17487160634602067,-0.4333140810491454,-0.6906984080863509,-1.5260234862331286,-0.3712888689265852,0.3123185118457966,0.2503164549833048,-0.16645472742010628,0.47058823529411764,0.10926705924660815,37.721223495224756,2.4928367911075697,0.028343803615946773,985,0.05680902176517804,-0.019582316656593306,0.07998444428955376,"[0.23, -0.77, -1.53, 0.02]","['net_sharpe', 'dbl_sharpe', 'tri_sharpe', 'ret_1x', 'ret_2x', 'pos_folds', 'turnover', 'gross_edge', 'short_pnl']",6,21,1,12,0.6,4
-38.31665375520472,-14.270038861493619,0.37242393223221526,-0.24532716959891418,-0.5012724592435168,-0.7562298940635752,-1.5260234862331203,-0.38936871465942097,0.3264249879329758,0.25753082811302386,-0.18197281641158675,0.4117647058823529,0.10994766303084755,37.584834047314395,0.46284590312163165,0.02800022156478467,982,-0.022083794160092728,0.028970698388106925,0.07672224441083039,"[-0.01, -0.77, -1.53, 0.02]","['net_sharpe', 'dbl_sharpe', 'tri_sharpe', 'ret_1x', 'ret_2x', 'pos_folds', 'turnover', 'gross_edge', 'long_pnl']",6,21,1,12,0.6,6
-50.89576861956274,-19.257987044882654,0.3783809060598505,-0.5188108827570181,-0.7546667641714113,-0.9888854324109871,-2.5912726653490825,-1.186265973293256,0.43094047455441586,0.38461467042062325,-0.2013489539904041,0.29411764705882354,0.11170901116622217,35.35953886388193,-8.883848213706745,0.022530185062184294,1064,0.007426672274029142,-0.13178724256733082,0.053454877248002894,"[-0.9, -1.47, -2.59, 1.47]","['net_sharpe', 'dbl_sharpe', 'tri_sharpe', 'ret_1x', 'ret_2x', 'pos_folds', 'turnover', 'gross_edge', 'short_pnl']",6,21,1,15,0.0,0
-42.77182390382375,-17.748053933022845,0.41494732543860935,-0.1835217849433618,-0.3762486295820183,-0.5681303573245163,-1.769434735098934,-0.5121831850774342,0.3869052214962049,0.3499053334249397,-0.13633391911470152,0.35294117647058826,0.12355108274895521,31.868072639318278,0.09485878431944303,0.020970879846383763,1054,0.23420550556566086,-0.2330087420645239,0.06409062653742215,"[0.79, -1.77, -1.68, 0.66]","['net_sharpe', 'dbl_sharpe', 'tri_sharpe', 'ret_1x', 'ret_2x', 'pos_folds', 'turnover', 'gross_edge', 'short_pnl']",6,21,1,15,0.0,2
-18.57462218566819,-10.263772161796812,0.5525696328680179,0.25795610312210027,0.05683906522361678,-0.14372319112133572,-1.194822871623453,0.2463177697847277,0.24355598546722013,0.19652256980754446,-0.002937835312265939,0.5294117647058824,0.12508971795020773,33.543659993163566,16.894468039769972,0.021041296950745914,1053,0.3159993437727093,-0.09164734062364344,0.04623536821466562,"[0.71, -1.19, -0.18, 0.67]","['net_sharpe', 'dbl_sharpe', 'tri_sharpe', 'ret_2x', 'pos_folds', 'turnover', 'gross_edge', 'short_pnl']",6,21,1,15,0.0,4
56.95640336579019,55.28510904410238,0.9706566035963633,0.976381244714954,0.7741317792752995,0.572090844447959,0.4176678128905926,0.8670319994348834,0.12667128138486994,0.1217483855503878,0.755776494349738,0.6470588235294118,0.12855707868509844,34.53660383118194,43.441442748401975,0.020267171093496742,1059,0.3140131269360553,0.2799491340753657,0.05143960060956411,"[0.9, 0.83, 1.01, 0.42]",['turnover'],6,21,1,15,0.0,6
-34.37432577206604,-21.40895507840422,0.6228181818129506,0.26266528030311254,0.03256244546211575,-0.19663777797148752,-1.1947890792878364,-0.4760050145856806,0.3304440076375208,0.3021353898569057,-0.007864473874493901,0.47058823529411764,0.11134710934849244,34.15181637268165,16.10343442023341,0.022364778441562004,973,0.18205944962156623,0.03566504859571737,0.0499107722800458,"[1.86, 0.19, -1.19, -1.14]","['net_sharpe', 'dbl_sharpe', 'tri_sharpe', 'ret_2x', 'pos_folds', 'turnover', 'gross_edge']",6,21,1,15,0.3,0
-34.292936148289215,-24.26375553892378,0.7075438345087355,0.2851530069104273,0.05719046417003632,-0.1702316317515836,-1.1947890792878564,-0.476005014585688,0.33044400763752,0.3021353898569078,0.00031550674482833075,0.47058823529411764,0.1121558760355715,34.066544535375066,16.929711055351643,0.02221233045895915,971,0.2079073201888607,0.020417231015838894,0.043368836868793476,"[1.91, 0.19, -1.19, -1.14]","['net_sharpe', 'dbl_sharpe', 'tri_sharpe', 'pos_folds', 'turnover', 'gross_edge']",6,21,1,15,0.3,2
-35.62340896716636,-21.485639120248656,0.6031325957617277,0.1666231569449731,-0.06095308366320127,-0.28793151565759145,-1.1947890792878695,-0.47600501458568883,0.33044400763752113,0.30213538985690713,-0.03954858181227432,0.4117647058823529,0.11214038516811739,34.012570767658026,13.051238510435937,0.022266382725821036,970,0.15546277833445413,0.020275419096609154,0.04544076995379811,"[1.49, 0.19, -1.19, -1.14]","['net_sharpe', 'dbl_sharpe', 'tri_sharpe', 'ret_2x', 'pos_folds', 'turnover', 'gross_edge']",6,21,1,15,0.3,4
-33.56414492317479,-28.446081269528197,0.8475139567725809,0.48024416864468716,0.26153364253983724,0.043626991070463084,-1.1947890792878644,-0.4760050145856859,0.33044400763752135,0.302135389856907,0.07319462925628188,0.47058823529411764,0.11764022189414639,34.23525590544987,23.882100468373856,0.022103441253230858,974,0.2397820312623319,0.08390185681478324,0.047207820627999136,"[2.34, 0.19, -1.19, -1.14]","['net_sharpe', 'dbl_sharpe', 'pos_folds', 'turnover', 'gross_edge']",6,21,1,15,0.3,6
-20.91091158532153,-16.21614127014014,0.7754870563138484,0.4724416198065501,0.2600845686484901,0.048186787150290844,-1.7545301437146463,0.43359681856631355,0.28248999455046,0.2559511983844768,0.08349070249527449,0.4117647058823529,0.11481535775805626,32.48816871106943,24.13882607203886,0.021872927734887783,921,0.46248567038494837,-0.15201801643755547,0.07576066161406723,"[1.41, -0.43, -1.75, 1.29]","['net_sharpe', 'dbl_sharpe', 'pos_folds', 'turnover', 'gross_edge', 'short_pnl']",6,21,1,15,0.45,0
-19.896936952837677,-16.902569134743057,0.8495060910534993,0.6952607069195862,0.4898678970110042,0.2846344234122155,-1.754530143714631,0.43359681856631294,0.28248999455045887,0.25595119838447555,0.18488816574364791,0.4117647058823529,0.11801766387371809,32.28755310313584,32.78411853931066,0.021455233680175385,916,0.5504877374099313,-0.13143022805075943,0.074277829534935,"[2.13, -0.43, -1.75, 1.29]","['net_sharpe', 'dbl_sharpe', 'pos_folds', 'turnover', 'gross_edge', 'short_pnl']",6,21,1,15,0.45,2
-19.94850188124089,-16.870990091167187,0.8457271724766598,0.6826845249142253,0.47779353328826896,0.27294416043213854,-1.7545301437146374,0.43359681856631477,0.2824899945504593,0.2559511983844769,0.17973167290332742,0.4117647058823529,0.1181568556098314,32.26274111519702,32.374139896738846,0.02145401919590702,915,0.5113912291946664,-0.09789220884230376,0.07185892906283631,"[2.08, -0.43, -1.75, 1.29]","['net_sharpe', 'dbl_sharpe', 'pos_folds', 'turnover', 'gross_edge', 'short_pnl']",6,21,1,15,0.45,4
-19.176486136789755,-16.732197176933653,0.8725371821291714,0.8269746826127113,0.629405010665146,0.43230902766780505,-1.7545301437146534,0.43359681856630927,0.28248999455046,0.25595119838447544,0.25693324734846695,0.4117647058823529,0.12309803648474946,32.29840947964137,38.73012320792864,0.0212688133583825,917,0.5805691369439436,-0.0853413583059173,0.08005750385651883,"[2.42, -0.43, -1.75, 1.29]","['pos_folds', 'turnover', 'gross_edge', 'short_pnl']",6,21,1,15,0.45,6
-41.07729169746215,-16.391623801701556,0.39904344041051437,-0.13814262672716285,-0.3169591455065751,-0.49500904876742496,-1.792800153597602,-0.6659395577013901,0.40033687182011446,0.3615922252604925,-0.11520440954733183,0.5294117647058824,0.12422117782345098,29.737306391795208,1.7489459070064628,0.0215209198008087,826,0.25084545357159765,-0.23025561282295987,0.08245643000156441,"[-0.09, -1.24, -1.79, 1.44]","['net_sharpe', 'dbl_sharpe', 'tri_sharpe', 'ret_1x', 'ret_2x', 'pos_folds', 'turnover', 'gross_edge', 'short_pnl']",6,21,1,15,0.6,0
-37.550966322798416,-19.861521216528438,0.5289217072549705,0.08709826287924143,-0.0858050016930873,-0.25840059465622905,-1.7928001535976072,-0.2583687956378271,0.400336871820116,0.3615922252604944,-0.047435603980854786,0.5294117647058824,0.12777837058179534,29.492348347834433,11.205465318490994,0.021011320606244718,819,0.35850082081866785,-0.22766874462763154,0.07783896370900721,"[0.72, -1.24, -1.79, 1.44]","['net_sharpe', 'dbl_sharpe', 'tri_sharpe', 'ret_2x', 'pos_folds', 'turnover', 'gross_edge', 'short_pnl']",6,21,1,15,0.6,2
-37.74275287540734,-19.902305733895986,0.5273146291049706,0.07768320360610159,-0.09497956466439517,-0.2674194605769184,-1.792800153597598,-0.2759701484417697,0.40033687182011546,0.36159222526049295,-0.050352191017334756,0.5294117647058824,0.12790602825640282,29.469747245659974,10.804375880668944,0.02100928358743609,818,0.3205121647961499,-0.19445977655605265,0.07543083218156713,"[0.69, -1.24, -1.79, 1.44]","['net_sharpe', 'dbl_sharpe', 'tri_sharpe', 'ret_2x', 'pos_folds', 'turnover', 'gross_edge', 'short_pnl']",6,21,1,15,0.6,4
-34.584715150792114,-22.24987759413041,0.6433442489585116,0.23536217620309613,0.06854023418328871,-0.09778120598611155,-1.7928001535976024,-0.04027761676711705,0.40033687182011424,0.36159222526049417,0.0007402200405487375,0.5294117647058824,0.13250391495345473,29.504218033767184,17.827764100968963,0.02081502329214413,820,0.38975523115969196,-0.1815191556845117,0.08362209819477047,"[1.16, -1.24, -1.79, 1.44]","['net_sharpe', 'dbl_sharpe', 'tri_sharpe', 'pos_folds', 'turnover', 'gross_edge', 'short_pnl']",6,21,1,15,0.6,6
-53.76765128766575,-16.543892703897153,0.3076923076923077,-0.688256614330987,-1.3233334128443401,-1.953560933929324,-2.2405382088309183,-1.5311728847990091,0.5431284164546986,0.39173234204232366,-0.29980706926773815,0.23529411764705882,0.12786611503503612,108.54715847820916,-0.6960077225525008,0.06332266280893276,4984,0.06576185553062061,-0.09567124169830196,0.06411002883685243,"[-0.5, -1.49, -1.57, -2.24]","['net_sharpe', 'dbl_sharpe', 'tri_sharpe', 'ret_1x', 'ret_2x', 'pos_folds', 'turnover', 'gross_edge', 'short_pnl']",6,21,2,6,0.0,0
-38.59937423169905,-19.836480377376315,0.5139067866309075,0.10562272577136937,-0.5850349621589458,-1.2702659579895692,-1.4640204020605232,-0.5911364441429519,0.2974824275009823,0.21721793877535844,-0.2543685018145536,0.4117647058823529,0.12154170706525784,112.0793327167298,8.617059426170094,0.0633458752212275,5032,0.17042007543464655,0.2119286152017152,0.08000403285808425,"[-0.52, 0.25, -0.66, -1.46]","['net_sharpe', 'dbl_sharpe', 'tri_sharpe', 'ret_2x', 'pos_folds', 'turnover', 'gross_edge']",6,21,2,6,0.0,2
-50.1333049506899,-15.467271237488811,0.3085228722244046,-0.6393528023780103,-1.3106678686069952,-1.9727594812318134,-1.5853436663606928,-1.3895091891090952,0.47499618942042554,0.3030646637980653,-0.31604562377674766,0.17647058823529413,0.11816982098445641,106.62106980578376,0.43189355669039503,0.06270653424058972,5011,0.11045121812236172,-0.09222087917257499,0.08200732298185853,"[-1.59, -1.55, -0.83, -1.23]","['net_sharpe', 'dbl_sharpe', 'tri_sharpe', 'ret_1x', 'ret_2x', 'pos_folds', 'turnover', 'gross_edge', 'short_pnl']",6,21,2,6,0.0,4
-53.265417637889435,-16.38935927319675,0.3076923076923077,-0.6700024930513403,-1.304443549681094,-1.934135768923586,-2.240538208830921,-1.5311728847990087,0.5431499804843468,0.3917587513660534,-0.2958425785703894,0.29411764705882354,0.1277752053729369,108.34390737484676,-0.49275718066841745,0.06338939852306745,4978,0.09200292809451688,-0.11313842382114975,0.06351679058002963,"[-0.44, -1.49, -1.57, -2.24]","['net_sharpe', 'dbl_sharpe', 'tri_sharpe', 'ret_1x', 'ret_2x', 'pos_folds', 'turnover', 'gross_edge', 'short_pnl']",6,21,2,6,0.0,6
-49.626725458884444,-17.222141333095568,0.347033602838939,-0.026420459414819093,-0.6140099024721211,-1.1975148822465838,-2.09304797764112,-1.2261231825949916,0.446602037850269,0.3238522440570303,-0.18485904495401367,0.29411764705882354,0.12691370537880983,99.61404932793779,7.124140142914957,0.06225945375593157,4245,0.30432576814067647,-0.02337641833126347,0.0777209015559217,"[1.08, -2.09, -0.71, -1.74]","['net_sharpe', 'dbl_sharpe', 'tri_sharpe', 'ret_1x', 'ret_2x', 'pos_folds', 'turnover', 'gross_edge', 'short_pnl']",6,21,2,6,0.3,0
-51.64921121702578,-15.903022762107385,0.30790446528378096,-0.6208996909296137,-1.2460454717498117,-1.863394893690186,-2.0930479776411097,-1.2261231825949883,0.4861276361334328,0.3329419652375406,-0.30112587856747985,0.23529411764705882,0.1206472433153476,101.26772945613212,0.11032194756607527,0.06607994565270611,4257,0.04468678666630953,-0.04026387795777882,0.06934311156064207,"[-0.68, -2.09, -0.71, -1.74]","['net_sharpe', 'dbl_sharpe', 'tri_sharpe', 'ret_1x', 'ret_2x', 'pos_folds', 'turnover', 'gross_edge', 'short_pnl']",6,21,2,6,0.3,2
-50.269901921429835,-17.03837402961952,0.33893788088645815,-0.39778051891666893,-1.040088757986504,-1.6770643632760975,-2.0930479776411133,-1.226123182594991,0.446602037850269,0.3238522440570266,-0.2701125162375957,0.29411764705882354,0.11677433164111062,100.24833468560675,2.9143647276249105,0.06491368438331173,4249,0.18735738178003875,-0.07169395593546177,0.08152175804217926,"[0.08, -2.09, -0.71, -1.74]","['net_sharpe', 'dbl_sharpe', 'tri_sharpe', 'ret_1x', 'ret_2x', 'pos_folds', 'turnover', 'gross_edge', 'short_pnl']",6,21,2,6,0.3,4
-49.00293291324261,-17.02803809193088,0.3474901823137448,-0.007561634422502645,-0.5944746806490069,-1.1774056312807208,-2.0930479776411257,-1.2261231825950112,0.44660203785026775,0.32385224405702817,-0.1795928780246855,0.35294117647058826,0.12681775006828766,99.41089295905711,7.361561469813956,0.06232764019495085,4239,0.3305685628136322,-0.040848280082126556,0.07712860171195332,"[1.15, -2.09, -0.71, -1.74]","['net_sharpe', 'dbl_sharpe', 'tri_sharpe', 'ret_1x', 'ret_2x', 'pos_folds', 'turnover', 'gross_edge', 'short_pnl']",6,21,2,6,0.3,6
-48.479102224740345,-16.59864073209693,0.3423875437121058,-0.21442782937196006,-0.7927481921513502,-1.3646584964932182,-2.017830713534442,-1.188026891385193,0.41669461308973,0.28822006474256867,-0.24433215321540716,0.35294117647058826,0.12499365008300185,96.86681642060785,4.708189396961693,0.06603232439029626,3670,0.31022863370883447,-0.12967595576526758,0.0841247246573733,"[0.64, -1.94, -0.43, -2.02]","['net_sharpe', 'dbl_sharpe', 'tri_sharpe', 'ret_1x', 'ret_2x', 'pos_folds', 'turnover', 'gross_edge', 'short_pnl']",6,21,2,6,0.45,0
-49.675030401640875,-15.31964028407636,0.30839719996568576,-0.5690667425990394,-1.1630519024058883,-1.7487900332960753,-2.0178307135344444,-1.2027446193364528,0.44962071547642746,0.2882200647425701,-0.3111752626005126,0.35294117647058826,0.12246299087143955,97.81812159335321,0.36654398215658646,0.0684179454547791,3680,0.1693990288017583,-0.15520451912669447,0.08017388272778955,"[-0.46, -1.94, -0.43, -2.02]","['net_sharpe', 'dbl_sharpe', 'tri_sharpe', 'ret_1x', 'ret_2x', 'pos_folds', 'turnover', 'gross_edge', 'short_pnl']",6,21,2,6,0.45,2
-48.69501174397609,-16.54223767986171,0.33971113441425754,-0.34515936843794753,-0.9561389367866979,-1.5599960688531191,-2.0178307135344533,-1.18802689138518,0.41669461308973066,0.28822006474257467,-0.2740268327587443,0.35294117647058826,0.11887876644602056,97.3718131530719,3.316456562080599,0.06741912647791796,3678,0.27737557320042777,-0.14953092479997268,0.08708169895777515,"[0.32, -1.94, -0.43, -2.02]","['net_sharpe', 'dbl_sharpe', 'tri_sharpe', 'ret_1x', 'ret_2x', 'pos_folds', 'turnover', 'gross_edge', 'short_pnl']",6,21,2,6,0.45,4
-48.43808581837512,-16.606878686187873,0.3428475424990475,-0.19541436755435376,-0.7730841330393713,-1.3444479709082249,-2.01783071353444,-1.188026891385194,0.4166946130897311,0.2882200647425691,-0.23880305036427563,0.35294117647058826,0.12489746345881894,96.66314835046948,4.947388766171365,0.06611936464860459,3664,0.33649340633985664,-0.14716666612233603,0.08352718952924154,"[0.71, -1.94, -0.43, -2.02]","['net_sharpe', 'dbl_sharpe', 'tri_sharpe', 'ret_1x', 'ret_2x', 'pos_folds', 'turnover', 'gross_edge', 'short_pnl']",6,21,2,6,0.45,6
-36.508926880410215,-19.36385844690291,0.5303869519455275,0.2336782856066843,-0.28881779860928897,-0.8074297365389907,-1.2875863107227707,-0.5214325376050934,0.32967712021764306,0.22473436544569136,-0.13472245627399018,0.47058823529411764,0.12826006958823405,89.45788533311435,10.78396739800677,0.06413219704777272,3174,0.3706557536193653,0.011264048531160253,0.08222979685978199,"[0.73, -0.62, -0.42, -1.29]","['net_sharpe', 'dbl_sharpe', 'tri_sharpe', 'ret_2x', 'pos_folds', 'turnover', 'gross_edge']",6,21,2,6,0.6,0
-37.800198839820496,-12.087265933833867,0.3197672579727432,-0.08566573607385981,-0.6269695614717652,-1.1630462298507447,-1.2875863107227712,-0.521432537605093,0.3417871896925124,0.2247343654456918,-0.24179321840107032,0.47058823529411764,0.12464245188237134,90.24095752316407,6.278974145826439,0.06663918034421036,3182,0.2416984191538044,-0.01737874145002022,0.07809954862087569,"[-0.29, -0.62, -0.42, -1.29]","['net_sharpe', 'dbl_sharpe', 'tri_sharpe', 'ret_1x', 'ret_2x', 'pos_folds', 'turnover', 'gross_edge', 'short_pnl']",6,21,2,6,0.6,2
-36.79041691069096,-16.2750378059601,0.4423716601382335,0.14477614125917737,-0.40701743400682366,-0.9548147550795435,-1.2875863107227667,-0.5214325376050895,0.32967712021764106,0.2247343654456927,-0.16885295226654917,0.47058823529411764,0.12200872548658113,89.87681200433511,9.46112287558923,0.06555496328310154,3181,0.346768432975274,-0.010128737866585857,0.08523188579568391,"[0.49, -0.62, -0.42, -1.29]","['net_sharpe', 'dbl_sharpe', 'tri_sharpe', 'ret_2x', 'pos_folds', 'turnover', 'gross_edge', 'short_pnl']",6,21,2,6,0.6,4
-36.44606424899303,-16.61218405783964,0.4558018650339898,0.2525371069015698,-0.26923525529877373,-0.7872214211710636,-1.2875863107227759,-0.5214325376050865,0.32967712021764284,0.22473436544569192,-0.12729022726139153,0.47058823529411764,0.1281634589595743,89.25429065278283,11.056781139262878,0.06421688904391681,3168,0.39692458733090397,-0.006234134571965505,0.08163297302888607,"[0.8, -0.62, -0.42, -1.29]","['net_sharpe', 'dbl_sharpe', 'tri_sharpe', 'ret_2x', 'pos_folds', 'turnover', 'gross_edge', 'short_pnl']",6,21,2,6,0.6,6
-39.29269891638226,-13.707609888516682,0.34885895513788656,0.009752256367922915,-0.4475021738635153,-0.9026554836543217,-1.2211199171476643,-0.5950465997370872,0.334826044739298,0.22726844546359237,-0.18084662051968384,0.29411764705882354,0.12260713055754195,74.80239966852406,7.585710519971528,0.04370656990095029,3379,0.266917367795029,-0.04227752919987794,0.05521887225527824,"[0.29, -1.22, -0.82, -0.37]","['net_sharpe', 'dbl_sharpe', 'tri_sharpe', 'ret_1x', 'ret_2x', 'pos_folds', 'turnover', 'gross_edge', 'short_pnl']",6,21,2,9,0.0,0
-51.76175053159674,-11.945019353445401,0.23076923076923078,-0.766671218621654,-1.2613885632775783,-1.750804113829985,-1.8079667564834403,-1.4805892420437756,0.47380342473339687,0.3381106736457189,-0.311110706435101,0.11764705882352941,0.12030960379015641,79.79620875829166,-4.084090483803868,0.047226390210700506,3395,-0.01274875727753072,-0.11626992319485675,0.06123098203439263,"[-1.81, -1.45, -0.09, -1.51]","['net_sharpe', 'dbl_sharpe', 'tri_sharpe', 'ret_1x', 'ret_2x', 'pos_folds', 'turnover', 'gross_edge', 'long_pnl', 'short_pnl']",6,21,2,9,0.0,2
-51.4054738632925,-11.862801660759809,0.23076923076923078,-0.7399140835458596,-1.2197373098958944,-1.693991931712803,-2.0211625487412883,-1.2697440307442136,0.5214055240053532,0.4250485260665444,-0.2812518881806501,0.29411764705882354,0.12331283046066903,79.45612915924309,-4.041181795480896,0.0469047063608458,3388,-0.018880499067921788,-0.10823859068500806,0.051298709756753186,"[-0.95, -1.59, -0.37, -2.02]","['net_sharpe', 'dbl_sharpe', 'tri_sharpe', 'ret_1x', 'ret_2x', 'pos_folds', 'turnover', 'gross_edge', 'long_pnl', 'short_pnl']",6,21,2,9,0.0,4
-33.2363097091365,-14.130909542051931,0.4251648172049442,0.004988127748982326,-0.4506463054156572,-0.9031860104533459,-1.0394303332698078,-0.3842464976610596,0.28817367273001315,0.1504713683750577,-0.21882775673310514,0.4117647058823529,0.12645227556350552,76.9625103350436,7.502965225788525,0.044309232055157285,3340,0.20082083039424947,0.027784915076847952,0.05427127023403752,"[-1.04, 0.34, -0.09, -0.68]","['net_sharpe', 'dbl_sharpe', 'tri_sharpe', 'ret_1x', 'ret_2x', 'pos_folds', 'turnover', 'gross_edge']",6,21,2,9,0.0,6
-44.85914623935022,-15.246836168690095,0.3398824419737986,-0.23548305199307865,-0.6710271892632208,-1.102917879113246,-1.6183050153329883,-1.14673765660017,0.43157299965590534,0.3385550980936749,-0.2037908072492453,0.47058823529411764,0.1251236226809976,72.95135887178512,3.405536493041933,0.04603275022673753,3016,0.22837072101195724,-0.13001629526804595,0.04691849206973932,"[0.79, -1.47, -0.82, -1.62]","['net_sharpe', 'dbl_sharpe', 'tri_sharpe', 'ret_1x', 'ret_2x', 'pos_folds', 'turnover', 'gross_edge', 'short_pnl']",6,21,2,9,0.3,0
-46.27245367709289,-14.237678054490122,0.3076923076923077,-0.4686381197311104,-0.9044325794446677,-1.3359810697983603,-1.6183050153329925,-1.1467376566001704,0.4315729996559047,0.33855509809367434,-0.26684959315627665,0.4117647058823529,0.12605598173662522,73.65913471001643,-0.5984201174479784,0.04694316261412752,3018,0.19375069363277533,-0.21120118983112912,0.04703552416016358,"[-0.01, -1.47, -0.82, -1.62]","['net_sharpe', 'dbl_sharpe', 'tri_sharpe', 'ret_1x', 'ret_2x', 'pos_folds', 'turnover', 'gross_edge', 'short_pnl']",6,21,2,9,0.3,2
-45.895306212652265,-15.534901690498838,0.33848563115624725,-0.2819179614921864,-0.723862369211344,-1.16191099605869,-1.6183050153329888,-1.1467376566001806,0.4315729996559049,0.3385550980936741,-0.21602750563535303,0.4117647058823529,0.12414375981524953,73.45594797022162,2.679194867915213,0.04644987802709374,3018,0.2482866585548698,-0.1703743176522902,0.04933205927039302,"[0.64, -1.47, -0.82, -1.62]","['net_sharpe', 'dbl_sharpe', 'tri_sharpe', 'ret_1x', 'ret_2x', 'pos_folds', 'turnover', 'gross_edge', 'short_pnl']",6,21,2,9,0.3,4
-46.211325286002904,-15.4037750953343,0.3333333333333333,-0.4202869907589446,-0.8382060575418099,-1.253052280987337,-1.6183050153329874,-1.1467376566001706,0.43157299965590645,0.33855509809367756,-0.25840886540599933,0.4117647058823529,0.13057688814897236,72.9958115061074,-0.1449125737470657,0.04599390654182893,3007,0.205110289126283,-0.2092980222157796,0.04717440767329212,"[0.1, -1.47, -0.82, -1.62]","['net_sharpe', 'dbl_sharpe', 'tri_sharpe', 'ret_1x', 'ret_2x', 'pos_folds', 'turnover', 'gross_edge', 'short_pnl']",6,21,2,9,0.3,6
-44.96472786235655,-18.763620047020556,0.4172964218633476,-0.22663750753650208,-0.6719861583423027,-1.1120644195412623,-1.5005434833485785,-1.1355652099835405,0.42469467128469796,0.3252598985496584,-0.20473303247792535,0.4117647058823529,0.12339628022296616,73.74568476724691,3.6608060356074215,0.0491143364511398,2693,0.013113451659686276,0.09376454730185696,0.052620822670127604,"[0.56, -1.22, -1.5, -1.05]","['net_sharpe', 'dbl_sharpe', 'tri_sharpe', 'ret_1x', 'ret_2x', 'pos_folds', 'turnover', 'gross_edge']",6,21,2,9,0.45,0
-46.50883839847176,-10.732808861185791,0.23076923076923078,-0.5378112074512401,-0.9803936739398387,-1.4176720733430483,-1.500543483348608,-1.1355652099835316,0.43716480230887966,0.32525989854965454,-0.2797775480660185,0.35294117647058826,0.1245877306537379,74.09635240374693,-1.6020015715001448,0.049787875064196595,2697,-0.029314517114550354,-0.01767865370057796,0.05177030873921857,"[-0.46, -1.22, -1.5, -1.05]","['net_sharpe', 'dbl_sharpe', 'tri_sharpe', 'ret_1x', 'ret_2x', 'pos_folds', 'turnover', 'gross_edge', 'long_pnl', 'short_pnl']",6,21,2,9,0.45,2
-45.46013309281113,-14.054287654602945,0.30915632441967994,-0.4045924557330416,-0.854722706744048,-1.2995523614866242,-1.5005434833485993,-1.1355652099835332,0.43319485701450533,0.32525989854965365,-0.246793207273925,0.4117647058823529,0.12287987291569788,74.25569821996416,0.7612886982335748,0.04975105515056385,2699,0.037753203590377815,-0.015373509223099407,0.05344090334233512,"[-0.02, -1.22, -1.5, -1.05]","['net_sharpe', 'dbl_sharpe', 'tri_sharpe', 'ret_1x', 'ret_2x', 'pos_folds', 'turnover', 'gross_edge', 'short_pnl']",6,21,2,9,0.45,4
-46.80300101491571,-14.400923389204834,0.3076923076923077,-0.5326894244394672,-0.9673092167380614,-1.3968488690785243,-1.5005434833485702,-1.1355652099835347,0.45644619523832997,0.3309234548169019,-0.2695002941971435,0.35294117647058826,0.12680174307603131,74.05412165505955,-1.7051616117503041,0.049618531995236685,2689,0.0072490814226352646,-0.057239844342648,0.0529675196054759,"[-0.45, -1.22, -1.5, -1.05]","['net_sharpe', 'dbl_sharpe', 'tri_sharpe', 'ret_1x', 'ret_2x', 'pos_folds', 'turnover', 'gross_edge', 'short_pnl']",6,21,2,9,0.45,6
-9.712906592740415,-6.627216753640523,0.6823103558510295,0.5055370774121086,0.08140802479322584,-0.34014401286816004,-0.2872951966593019,-0.011063765207123682,0.22639211963661476,0.1298425445802045,0.01041177983991443,0.47058823529411764,0.12497779519564849,70.65622334784418,16.345222521805123,0.047965269732454664,2411,0.3089409475797527,0.14826959944268997,0.086972386149023,"[0.52, -0.29, -0.16, 0.14]","['net_sharpe', 'dbl_sharpe', 'tri_sharpe', 'pos_folds', 'turnover', 'gross_edge']",6,21,2,9,0.6,0
-20.153139775357708,-10.607360329668483,0.5263378534514336,0.19138044884230493,-0.23013555813298484,-0.6489776671155852,-0.5202421635639373,-0.22285023878212354,0.2271362521807304,0.12954423299330353,-0.16044477713879735,0.4117647058823529,0.12623010289098696,71.00236739105105,10.79332801929685,0.04863867659732633,2415,0.2658307786280399,0.037560566802222264,0.08611019338265098,"[-0.52, -0.29, -0.16, 0.14]","['net_sharpe', 'dbl_sharpe', 'tri_sharpe', 'ret_2x', 'pos_folds', 'turnover', 'gross_edge']",6,21,2,9,0.6,2
-12.847011707541457,-6.998084773454302,0.5447247136348669,0.33360101899845984,-0.09498819916833472,-0.5211398505442421,-0.2872951966592969,-0.11509113165513585,0.22523022866269382,0.12808514529945458,-0.08637528378658815,0.4117647058823529,0.12452181751801245,71.17294245338734,13.243466806874435,0.04860744068613632,2417,0.3349682166721732,0.03818878164082232,0.08780302255988179,"[-0.07, -0.29, -0.16, 0.14]","['net_sharpe', 'dbl_sharpe', 'tri_sharpe', 'ret_2x', 'pos_folds', 'turnover', 'gross_edge']",6,21,2,9,0.6,4
-24.360782026852995,-12.716071696042233,0.5219894698793024,0.15777075543357755,-0.257207152349463,-0.6688153797217801,-0.5989038747785012,-0.22285023878212723,0.26353543464056084,0.1549121287755536,-0.15354456526846574,0.4117647058823529,0.12804104571063876,70.97743140308467,10.212653232225012,0.0485163163566496,2409,0.2656051099246964,0.021363138614414967,0.08415920596070982,"[-0.6, -0.29, -0.16, 0.14]","['net_sharpe', 'dbl_sharpe', 'tri_sharpe', 'ret_2x', 'pos_folds', 'turnover', 'gross_edge']",6,21,2,9,0.6,6
-42.86831980093999,-18.060394888646844,0.42129934115707574,-0.08309978460035937,-0.45903998491975095,-0.8307983220250317,-1.526429263575103,-0.5696311849261814,0.37536366261590803,0.2713741568964112,-0.1683159179752394,0.23529411764705882,0.12463507686825422,62.84197101106666,5.742324068346074,0.03603112309832277,2535,0.029106047995986428,0.11375455502143222,0.03783837690937936,"[0.33, -0.19, -1.53, -0.95]","['net_sharpe', 'dbl_sharpe', 'tri_sharpe', 'ret_1x', 'ret_2x', 'pos_folds', 'turnover', 'gross_edge']",6,21,2,12,0.0,0
-40.356409248648156,-12.46272558428037,0.3088165130721545,-0.33822797684676714,-0.711742367792621,-1.0821495567237152,-1.0815012523459855,-0.9060727746045832,0.33398352856322844,0.20330493515269155,-0.2764862100064203,0.29411764705882354,0.1248049266231093,62.36386010497194,0.5845867975203374,0.03656044159888959,2537,0.053363672931672476,-0.03893066088225594,0.015095680043361903,"[-0.23, -0.88, -1.08, -0.93]","['net_sharpe', 'dbl_sharpe', 'tri_sharpe', 'ret_1x', 'ret_2x', 'pos_folds', 'turnover', 'gross_edge', 'short_pnl']",6,21,2,12,0.0,2
-39.7649035713641,-12.383524894587143,0.31141845653826483,-0.25094434119122516,-0.5936166858613448,-0.9329862895812662,-1.5370324396520179,-0.39987019836303395,0.35432790317951623,0.26776156205321777,-0.2217099462358509,0.4117647058823529,0.1242609756978602,57.10382507772663,1.9375973998977174,0.033742320756388014,2521,0.18450512337522823,-0.14070213646358148,0.06491021452388973,"[-0.26, -1.54, -0.45, -0.35]","['net_sharpe', 'dbl_sharpe', 'tri_sharpe', 'ret_1x', 'ret_2x', 'pos_folds', 'turnover', 'gross_edge', 'short_pnl']",6,21,2,12,0.0,4
-38.58890954812963,-18.866375360878525,0.48890667245591973,0.2795442019658656,-0.05730762685643235,-0.3933790326635781,-1.6810978056528596,-0.2819036005622396,0.37236928265960156,0.28955464476165993,-0.04243227036414557,0.4117647058823529,0.1300972598435976,58.436537444661596,13.5875929121183,0.03324597186723735,2516,0.364794040679143,-0.05045235041114879,0.05215827789580992,"[0.47, -1.03, -1.68, 1.39]","['net_sharpe', 'dbl_sharpe', 'tri_sharpe', 'ret_2x', 'pos_folds', 'turnover', 'gross_edge', 'short_pnl']",6,21,2,12,0.0,6
-37.61748837590983,-26.783330272315833,0.7119914547369895,0.5405700540826167,0.21154186809192935,-0.11545096405356424,-1.716866469496641,-0.3008236446631492,0.359969142277079,0.30739633137522004,0.05356055922501338,0.4117647058823529,0.12968442312912928,56.86409384733319,19.617037645082757,0.03425281156363633,2297,0.3811012764944355,0.060516483958678285,0.017576559166213822,"[2.16, 0.24, -1.72, -0.84]","['net_sharpe', 'dbl_sharpe', 'tri_sharpe', 'pos_folds', 'turnover', 'gross_edge']",6,21,2,12,0.3,0
-40.882506859252715,-15.051314161831012,0.3681602552810318,-0.11759810493324696,-0.458230959951087,-0.7957145228632149,-1.7168664694966485,-0.35029727110875053,0.3599691422770783,0.30739633137521694,-0.17625366430571163,0.35294117647058826,0.12533161327186065,57.169857818504916,4.776666079469867,0.03580874458857508,2302,0.20062312515533032,-0.09251284891392932,0.003937473209559138,"[0.14, 0.24, -1.72, -0.84]","['net_sharpe', 'dbl_sharpe', 'tri_sharpe', 'ret_1x', 'ret_2x', 'pos_folds', 'turnover', 'gross_edge', 'short_pnl']",6,21,2,12,0.3,2
-39.79657687262809,-18.57113114971384,0.4666514712848829,0.11979033320220141,-0.22351458636278546,-0.5638166554903463,-1.7168664694966502,-0.30082364466315936,0.35996914227708177,0.3073963313752208,-0.09730474931326975,0.35294117647058826,0.12428711309274923,57.048589532891874,10.00258174136239,0.03524275210186993,2297,0.3170106767075449,-0.09110247255781806,0.019975086583497906,"[0.92, 0.24, -1.72, -0.84]","['net_sharpe', 'dbl_sharpe', 'tri_sharpe', 'ret_2x', 'pos_folds', 'turnover', 'gross_edge', 'short_pnl']",6,21,2,12,0.3,4
-38.57209325098127,-18.82852060747255,0.4881384187515817,0.2711514207669434,-0.0507372302942371,-0.37086986683594325,-1.7168664694966456,-0.3008236446631541,0.35996914227707966,0.3073963313752205,-0.043103963604593246,0.4117647058823529,0.1330225809940884,57.142122142997486,13.607740045808645,0.034395085724504525,2296,0.42332491886267876,-0.11549037563711514,0.010990056284386835,"[1.26, 0.24, -1.72, -0.84]","['net_sharpe', 'dbl_sharpe', 'tri_sharpe', 'ret_2x', 'pos_folds', 'turnover', 'gross_edge', 'short_pnl']",6,21,2,12,0.3,6
-31.179730318459132,-26.469506032060586,0.8489331293667417,0.7441164434710218,0.4150252668025324,0.08804104208482148,-1.776762601275037,-0.19335895148129234,0.35191360166767804,0.28776799929656083,0.1303934520539643,0.6470588235294118,0.12716848020184515,55.641565086000824,24.370717086285282,0.03451601614914878,2111,0.4456964025016768,0.09114082905212732,0.0328993407601275,"[2.62, -0.75, -1.78, 0.36]","['net_sharpe', 'dbl_sharpe', 'pos_folds', 'turnover', 'gross_edge']",6,21,2,12,0.45,0
-34.40343453221776,-16.4495674505639,0.47813736256940825,0.20200721220880968,-0.13930151684665817,-0.4777418608615792,-1.7767626012750413,-0.19335895148129179,0.35191360166767816,0.28776799929656094,-0.06957044972012423,0.5882352941176471,0.12290898675593347,56.01546093733591,11.864401258985149,0.035884334646163314,2118,0.296952752955204,-0.03384798223968989,0.02244152262580765,"[1.02, -0.75, -1.78, 0.36]","['net_sharpe', 'dbl_sharpe', 'tri_sharpe', 'ret_2x', 'pos_folds', 'turnover', 'gross_edge', 'short_pnl']",6,21,2,12,0.45,2
-32.6651899628099,-16.338031105021543,0.5001664194704756,0.35606318953501315,0.005999132712386908,-0.3411225469318448,-1.7767626012750248,-0.1933589514812933,0.35191360166767593,0.2877679992965606,-0.018374879195861196,0.6470588235294118,0.11970457207690098,55.89475988759346,15.13678136423903,0.03552018714838619,2115,0.36497999186661906,-0.030030274620776135,0.028330078574760623,"[1.58, -0.75, -1.78, 0.36]","['net_sharpe', 'dbl_sharpe', 'tri_sharpe', 'ret_2x', 'pos_folds', 'turnover', 'gross_edge', 'short_pnl']",6,21,2,12,0.45,4
-32.585076718133074,-16.52062554258711,0.5069997436401199,0.37003447073980916,0.03442880653062807,-0.29933063490677403,-1.7767626012750313,-0.19335895148129725,0.35191360166767627,0.28776799929656105,-0.01021021706670776,0.6470588235294118,0.12577735245387173,56.28744712081491,15.717171966755002,0.0352805553205338,2117,0.422652345544399,-0.07241622027782259,0.018298529309586045,"[1.49, -0.75, -1.78, 0.36]","['net_sharpe', 'dbl_sharpe', 'tri_sharpe', 'ret_2x', 'pos_folds', 'turnover', 'gross_edge', 'short_pnl']",6,21,2,12,0.45,6
-37.46077797250474,-22.089882835316526,0.589680301128021,0.38612683097874245,0.056704405962248294,-0.27152307770403633,-1.4542686414214132,-0.3747293286085226,0.3636428375535723,0.28572334210061223,-0.0023219451584565527,0.4117647058823529,0.1268469582915088,55.740157049175444,16.124395893987238,0.0367719053755269,1900,0.2605785900663417,0.09523835223802175,0.0918925954369662,"[1.62, -1.45, -0.94, 0.19]","['net_sharpe', 'dbl_sharpe', 'tri_sharpe', 'ret_2x', 'pos_folds', 'turnover', 'gross_edge']",6,21,2,12,0.6,0
-40.942443806657515,-13.938370898590563,0.34043817619709577,-0.17067817389381013,-0.5146909834738059,-0.8567422494626431,-1.4542686414214196,-0.5305186368764788,0.36364283755357074,0.2857233421006088,-0.18722561902693055,0.35294117647058826,0.12221122763012372,56.12712949284899,3.694518289156453,0.03831149832478495,1908,0.10523093655025116,-0.023138029484451428,0.0814376421009726,"[-0.12, -1.45, -0.94, 0.19]","['net_sharpe', 'dbl_sharpe', 'tri_sharpe', 'ret_1x', 'ret_2x', 'pos_folds', 'turnover', 'gross_edge', 'short_pnl']",6,21,2,12,0.6,2
-38.721237043394105,-14.414542483222068,0.3722645138394722,-0.026917160153275915,-0.37852142693098934,-0.7283171631347646,-1.4542686414214112,-0.3747293286085267,0.36364283755357074,0.2857233421006097,-0.14037720814145171,0.4117647058823529,0.11934468207327845,56.00444187809395,6.910880529858886,0.037899574507128095,1904,0.17806211643609657,-0.024836689022795413,0.08737127505300471,"[0.38, -1.45, -0.94, 0.19]","['net_sharpe', 'dbl_sharpe', 'tri_sharpe', 'ret_1x', 'ret_2x', 'pos_folds', 'turnover', 'gross_edge', 'short_pnl']",6,21,2,12,0.6,4
-39.226404225609016,-17.555208444423325,0.44753550041077644,-0.06277955361701053,-0.4017977381622241,-0.7387520481306848,-1.4542686414214256,-0.37472932860853025,0.37894729161543594,0.2862462506394108,-0.14760232021864125,0.4117647058823529,0.12381643517365565,56.08218093173497,6.05179354693709,0.03772096343873676,1902,0.13041886417753462,0.003945462686822124,0.07547449387014026,"[0.23, -1.45, -0.94, 0.19]","['net_sharpe', 'dbl_sharpe', 'tri_sharpe', 'ret_1x', 'ret_2x', 'pos_folds', 'turnover', 'gross_edge']",6,21,2,12,0.6,6
-50.97075663703271,-17.150477523603264,0.3364768085695361,-0.6350881428773228,-0.9422214756066464,-1.2463816295889871,-2.5735249403087948,-0.855465923927535,0.4327270524432544,0.37541729105196764,-0.2598420181383135,0.17647058823529413,0.11874248610491443,48.97837054823408,-7.955885725846086,0.02903356857113343,2027,0.07509080742031965,-0.22935596663353866,0.057553336723930794,"[-0.45, -1.26, -2.57, 0.0]","['net_sharpe', 'dbl_sharpe', 'tri_sharpe', 'ret_1x', 'ret_2x', 'pos_folds', 'turnover', 'gross_edge', 'short_pnl']",6,21,2,15,0.0,0
-47.55850500856064,-17.449036346881602,0.36689623325503473,-0.3742134646165394,-0.6370846277296741,-0.8980062467331237,-2.716929415022326,-0.4602037275750499,0.41282477992173705,0.3549777505284041,-0.2198213041716814,0.29411764705882354,0.13465681657584733,47.42539085878038,-3.4180080612353225,0.027998766858494638,1994,0.22776468798120747,-0.29193866938925717,0.06311727757937283,"[0.25, -1.17, -2.72, 0.3]","['net_sharpe', 'dbl_sharpe', 'tri_sharpe', 'ret_1x', 'ret_2x', 'pos_folds', 'turnover', 'gross_edge', 'short_pnl']",6,21,2,15,0.0,2
-36.645599295608974,-12.946817633934932,0.353298018938014,-0.033924882166286516,-0.30456497760944923,-0.5723550080168226,-1.1348406786427643,-0.6315455358764035,0.3197398560794025,0.258760167096423,-0.1488128337437971,0.4117647058823529,0.13100443066117234,47.54128240427293,6.447688361270599,0.02728603051058751,1979,0.26501670869828203,-0.14366387737532887,0.058469532076548814,"[0.67, -0.74, -1.13, -0.52]","['net_sharpe', 'dbl_sharpe', 'tri_sharpe', 'ret_1x', 'ret_2x', 'pos_folds', 'turnover', 'gross_edge', 'short_pnl']",6,21,2,15,0.0,4
8.585496541678609,7.749770495976296,0.9026583912013417,1.0425990906184377,0.7860794518665644,0.5304712907716915,-0.38813974667618156,0.40579712351413005,0.19399543191596247,0.15518637783527478,0.5389142765187995,0.5882352941176471,0.13828450019292196,46.964156023384945,37.858346395446944,0.025513722612176708,2011,0.6044100731099027,0.09947725280105998,0.04407109276983459,"[2.21, 0.95, -0.14, -0.39]","['pos_folds', 'turnover', 'gross_edge']",6,21,2,15,0.0,6
-16.499868653727233,-8.000563895288588,0.4848865202015595,0.2060835457196702,-0.07266763181339414,-0.35040844502474117,-0.46682383958329027,-0.01373338730916138,0.2848892051103489,0.2278924588872181,-0.0630796297873808,0.5882352941176471,0.13045185876724782,48.49241367090869,12.758008425614637,0.02941107485485536,1868,0.2638151310364967,-0.01889094773041068,0.05621591949586622,"[-0.03, 0.0, -0.47, 0.09]","['net_sharpe', 'dbl_sharpe', 'tri_sharpe', 'ret_2x', 'pos_folds', 'turnover', 'gross_edge', 'short_pnl']",6,21,2,15,0.3,0
-23.376283210973476,-8.922681256515153,0.3816980302637076,0.0272239346293923,-0.23881946642484198,-0.503955488434843,-0.5073125368797244,-0.23148260220759748,0.31916908162148094,0.23225641335542258,-0.1292542742030147,0.5294117647058824,0.1365886045187115,48.44004864546421,7.95919017173441,0.029079700883718734,1868,0.21682885421080414,-0.06419585615720949,0.04548375104012571,"[-0.51, 0.0, -0.47, 0.09]","['net_sharpe', 'dbl_sharpe', 'tri_sharpe', 'ret_1x', 'ret_2x', 'pos_folds', 'turnover', 'gross_edge', 'short_pnl']",6,21,2,15,0.3,2
-17.98418999626425,-9.242384577256885,0.513917200562091,0.2188994400410136,-0.04829615497320471,-0.3142263083590031,-0.4668238395832793,0.018340657687247575,0.3008736850237823,0.22789245888722454,-0.05220042726175271,0.5294117647058824,0.13530869101702522,48.218376811421166,13.441375188510497,0.028273647580743938,1861,0.30343255030776384,-0.04684754499235337,0.051592910080044074,"[0.03, 0.0, -0.47, 0.09]","['net_sharpe', 'dbl_sharpe', 'tri_sharpe', 'ret_2x', 'turnover', 'gross_edge', 'short_pnl']",6,21,2,15,0.3,4
-16.474301321790428,-12.316262776473417,0.7476045591191655,0.49794197863308537,0.2436336294820902,-0.009375213192712355,-0.4668238395832745,0.04498650709886872,0.3058967601298619,0.22789245888722154,0.08138361573715983,0.5294117647058824,0.1428813168608748,48.37462710202564,21.76598481498559,0.027906600203561432,1866,0.34581501134745996,0.07102647398366073,0.051353267954199686,"[0.82, 0.0, -0.47, 0.09]","['net_sharpe', 'dbl_sharpe', 'tri_sharpe', 'turnover', 'gross_edge']",6,21,2,15,0.3,6
-15.779167801120535,-12.176183238152898,0.7716619400731782,0.7013298535179994,0.39554519442881925,0.09029085673340365,-1.432075819758996,0.35581871552007593,0.24517578345893531,0.18165200555605066,0.16524129109752653,0.5294117647058824,0.11785120014324485,48.01412036745002,24.710026529100507,0.029361014150772215,1780,0.5897449646228519,-0.12004862990124604,0.0787415422501048,"[1.65, -0.31, -1.43, 1.02]","['net_sharpe', 'dbl_sharpe', 'pos_folds', 'turnover', 'gross_edge', 'short_pnl']",6,21,2,15,0.45,0
-17.18558062706556,-12.963710458182602,0.754336483561461,0.6219325290849168,0.33923782555612175,0.057036303665889826,-1.4320758197589931,0.3558187155200693,0.24517578345893842,0.18165200555605232,0.14552692472409853,0.47058823529411764,0.12709151598996415,47.86282227553645,23.93316792741581,0.028848796649114824,1775,0.6100405194279428,-0.15654450530857802,0.0725462402513999,"[1.3, -0.31, -1.43, 1.02]","['net_sharpe', 'dbl_sharpe', 'pos_folds', 'turnover', 'gross_edge', 'short_pnl']",6,21,2,15,0.45,2
-14.629038197251612,-11.84402767313233,0.8096244957072771,0.8716396093478873,0.5881021564739863,0.30515652781076336,-1.4320758197589976,0.3558187155200766,0.2451757834589381,0.18165200555605465,0.2802542514844393,0.5294117647058824,0.12637293910069933,47.6713409702605,30.612216653534198,0.028018991295548808,1770,0.6878523121269535,-0.11011937269349117,0.0734426331922945,"[2.06, -0.31, -1.43, 1.02]","['pos_folds', 'turnover', 'gross_edge', 'short_pnl']",6,21,2,15,0.45,4
-12.481007255558398,-10.332927779135057,0.827892137834733,1.1830098901459078,0.9155588028626742,0.6491980060004731,-1.432075819758996,0.3558187155200758,0.24517578345893654,0.18165200555605288,0.4950573456537501,0.5294117647058824,0.13458875862432662,47.601721870378405,40.70968114464724,0.027490469107608852,1771,0.7861370510966019,-0.018960454286035225,0.08071389804337938,"[2.84, -0.31, -1.43, 1.02]","['pos_folds', 'turnover', 'short_pnl']",6,21,2,15,0.45,6
-48.11042300528524,-17.09230950145664,0.3552724842926228,-0.42509985432289754,-0.6643374743520417,-0.9019322368657255,-2.6211811921534736,-0.7354250108843411,0.5065401644042634,0.45870773539928233,-0.1844018022814864,0.47058823529411764,0.1336052518278442,42.869775938230916,-6.017774775534662,0.029887978726801993,1609,0.2326587013326662,-0.3347907693643918,0.07145130793626708,"[-0.63, -0.84, -2.62, 1.11]","['net_sharpe', 'dbl_sharpe', 'tri_sharpe', 'ret_1x', 'ret_2x', 'pos_folds', 'turnover', 'gross_edge', 'short_pnl']",6,21,2,15,0.6,0
-50.4812344538353,-17.970109184970447,0.35597602513868737,-0.5027997208035204,-0.7292255737949546,-0.9546045099007414,-2.621181192153477,-0.8446723825931228,0.5047163487084824,0.4568155943217338,-0.21177070162218584,0.35294117647058826,0.14097291639220424,42.641125163259936,-9.459543236589191,0.029451697777917087,1602,0.2566284132558395,-0.4163169733970387,0.06287777057773233,"[-0.85, -0.84, -2.62, 1.11]","['net_sharpe', 'dbl_sharpe', 'tri_sharpe', 'ret_1x', 'ret_2x', 'pos_folds', 'turnover', 'gross_edge', 'short_pnl']",6,21,2,15,0.6,2
-47.54316975895682,-16.95195518974534,0.3565592129361906,-0.2785549423972762,-0.5046772634792016,-0.729698911460145,-2.6211811921534784,-0.5192925132750835,0.5040092000781238,0.4561526729777251,-0.15430598162521764,0.4117647058823529,0.14036065300338477,42.4515891290714,-1.9514173787390876,0.02849580003796675,1597,0.33870065727929693,-0.37149652327638094,0.0637483988837772,"[-0.2, -0.84, -2.62, 1.11]","['net_sharpe', 'dbl_sharpe', 'tri_sharpe', 'ret_1x', 'ret_2x', 'pos_folds', 'turnover', 'gross_edge', 'short_pnl']",6,21,2,15,0.6,4
-42.44231881140709,-17.251670386631496,0.4064733235544807,0.06502176217707395,-0.149045972311107,-0.36182471818026635,-2.621181192153472,-0.05650737165187941,0.5041393383386299,0.45622873268475517,-0.06479213280331284,0.4117647058823529,0.14795061674121684,42.37895615527586,9.254703321250956,0.02787921333211316,1598,0.4341854619680112,-0.278915395453876,0.07102927808241774,"[0.73, -0.84, -2.62, 1.11]","['net_sharpe', 'dbl_sharpe', 'tri_sharpe', 'ret_1x', 'ret_2x', 'pos_folds', 'turnover', 'gross_edge', 'short_pnl']",6,21,2,15,0.6,6
-41.49685516298077,-15.297962945376167,0.3686535494145936,-0.1724997696623288,-0.6969600817586972,-1.2184433418791474,-2.127480473391495,-0.4100311016236589,0.2981940950436477,0.2296116766510634,-0.28493499649541154,0.35294117647058826,0.11725168021160853,82.16723806681273,5.033179028922006,0.05101434207414747,2698,0.185079178540888,-0.02135378232695434,0.06929847933222016,"[-1.14, 0.6, 0.32, -2.13]","['net_sharpe', 'dbl_sharpe', 'tri_sharpe', 'ret_1x', 'ret_2x', 'pos_folds', 'turnover', 'gross_edge', 'short_pnl']",3,15,1,6,0.0,0
-29.965570821006644,-14.158798907547489,0.472502225708372,0.1770154474477609,-0.309143839147909,-0.7923478959073111,-1.2177545490843869,-0.055752733892522464,0.2717806416157905,0.17865024827061093,-0.15713103388362953,0.4117647058823529,0.11828184721440205,76.78095222947663,10.183718329298726,0.04840219963817396,2665,0.34532118144605384,-0.03576829696395021,0.04077876739339846,"[-1.22, 0.24, 0.09, -0.2]","['net_sharpe', 'dbl_sharpe', 'tri_sharpe', 'ret_2x', 'pos_folds', 'turnover', 'gross_edge', 'short_pnl']",3,15,1,6,0.0,2
-37.85138825213417,-20.56141320460726,0.5432142427021273,0.3368196662154323,-0.19265645612278154,-0.7210845281598691,-1.3397799291031967,-0.5920970129646779,0.33032513962870425,0.23039802069218218,-0.08523852009473144,0.4117647058823529,0.11428572964800321,80.64833659178984,12.297089561001217,0.0505676119002721,2699,0.2843577152379953,0.10826256888027647,0.05997222517657083,"[1.6, -1.34, -0.76, -0.42]","['net_sharpe', 'dbl_sharpe', 'tri_sharpe', 'ret_2x', 'pos_folds', 'turnover', 'gross_edge']",3,15,1,6,0.0,4
-40.78986362220203,-15.07543527957031,0.36958778335715525,-0.13800933668097104,-0.6619556764397411,-1.182982639243512,-2.127480473391491,-0.34996703582848354,0.29489642668741345,0.22961167665106164,-0.2749503525118032,0.35294117647058826,0.1170969741604386,81.96631584452227,5.518980679054072,0.051029267156174056,2694,0.1971894357513753,-0.018100287264419354,0.06926346660833094,"[-1.02, 0.6, 0.32, -2.13]","['net_sharpe', 'dbl_sharpe', 'tri_sharpe', 'ret_1x', 'ret_2x', 'pos_folds', 'turnover', 'gross_edge', 'short_pnl']",3,15,1,6,0.0,6
-48.04994058496668,-14.784597103066671,0.3076923076923077,-0.6751611640464306,-1.1597078063322004,-1.640268135263073,-1.5323764633084436,-1.1744980386796489,0.47146695653024007,0.3560998896454748,-0.28215442386897627,0.29411764705882354,0.11682680862513142,75.94665860543815,-2.904622753598126,0.05330048780893195,2333,0.14488998956006297,-0.23222198610038514,0.043165755181796134,"[-1.53, -0.85, -1.49, -0.86]","['net_sharpe', 'dbl_sharpe', 'tri_sharpe', 'ret_1x', 'ret_2x', 'pos_folds', 'turnover', 'gross_edge', 'short_pnl']",3,15,1,6,0.3,0
-49.85260100929309,-15.339261849013258,0.3076923076923077,-0.7574636342738779,-1.2383517488468314,-1.7151730114410664,-1.8062571589741192,-1.1744980386796504,0.4933262476632996,0.3824215888461502,-0.28830244158126295,0.29411764705882354,0.11789320701787069,76.10907736516744,-4.306540028016624,0.053542234947283295,2332,0.15280992913806257,-0.2825696576047731,0.03880609001773441,"[-1.81, -0.85, -1.49, -0.86]","['net_sharpe', 'dbl_sharpe', 'tri_sharpe', 'ret_1x', 'ret_2x', 'pos_folds', 'turnover', 'gross_edge', 'short_pnl']",3,15,1,6,0.3,2
-44.81485994319928,-13.969804259815861,0.311722591067381,-0.3559869090297545,-0.8503362249903894,-1.3418966679599778,-1.4876315102740012,-0.8551777040472541,0.39559796970767114,0.29326462430578026,-0.2513183218799376,0.29411764705882354,0.1151278614109933,76.07774862879879,2.0957473550381107,0.052666118891912105,2334,0.24650263507257536,-0.18338197069628603,0.04579383452687602,"[-0.39, -0.85, -1.49, -0.86]","['net_sharpe', 'dbl_sharpe', 'tri_sharpe', 'ret_1x', 'ret_2x', 'pos_folds', 'turnover', 'gross_edge', 'short_pnl']",3,15,1,6,0.3,4
-47.569073587801576,-14.63663802701587,0.3076923076923077,-0.640978592840327,-1.1249742429184733,-1.6050381725496186,-1.4876315102739959,-1.1343779324107497,0.46893102621566907,0.35474617712316936,-0.27578622065042124,0.29411764705882354,0.11667666991944883,75.74491816725046,-2.3969056248489293,0.05332518849655117,2329,0.15696037485232883,-0.22883563306896507,0.043107996378628305,"[-1.41, -0.85, -1.49, -0.86]","['net_sharpe', 'dbl_sharpe', 'tri_sharpe', 'ret_1x', 'ret_2x', 'pos_folds', 'turnover', 'gross_edge', 'short_pnl']",3,15,1,6,0.3,6
-35.42759478764222,-11.219411570683938,0.3166856694035992,-0.17304553818201301,-0.6343761575627158,-1.0923695533452624,-0.9497730461789355,-0.6121030344972385,0.31649860762634174,0.17700201703920615,-0.2462044665293855,0.4117647058823529,0.1167425606350203,72.06619358148507,4.676548089871593,0.05210662438660443,2099,0.3568794374227231,-0.2234560473377543,0.04630538332724266,"[-0.95, -0.29, -0.45, -0.77]","['net_sharpe', 'dbl_sharpe', 'tri_sharpe', 'ret_1x', 'ret_2x', 'pos_folds', 'turnover', 'gross_edge', 'short_pnl']",3,15,1,6,0.45,0
-39.96665991297534,-12.535486515387536,0.3136485896665545,-0.27274290960639225,-0.7411056764164413,-1.2059416068859896,-1.3496667961424955,-0.612103034497236,0.34580559633478547,0.21204574755949845,-0.25469296770420136,0.4117647058823529,0.11508240952670698,72.1626624342604,3.0972666266083753,0.05286472434108406,2096,0.39654913261882163,-0.3080648521435355,0.04426906871136095,"[-1.35, -0.29, -0.45, -0.77]","['net_sharpe', 'dbl_sharpe', 'tri_sharpe', 'ret_1x', 'ret_2x', 'pos_folds', 'turnover', 'gross_edge', 'short_pnl']",3,15,1,6,0.45,2
-30.362602863882962,-9.745023301964478,0.3209548056749909,-0.03676214602057646,-0.5059486532720259,-0.9726946100058372,-0.7723983211665779,-0.47133068127021094,0.27670722436321427,0.15402579728532884,-0.22709214515706655,0.4117647058823529,0.11495531605189398,72.03036492310669,6.8964989509952925,0.05203057510214486,2096,0.43665005557624237,-0.23998858962808917,0.04692687993180304,"[-0.49, -0.29, -0.45, -0.77]","['net_sharpe', 'dbl_sharpe', 'tri_sharpe', 'ret_1x', 'ret_2x', 'pos_folds', 'turnover', 'gross_edge', 'short_pnl']",3,15,1,6,0.45,4
-33.81342965116301,-10.744419674089123,0.3177559858592921,-0.13818847187183658,-0.5989510660797285,-1.0564325459770654,-0.8248858120610241,-0.6121030344972428,0.31321533812743363,0.17526790282071358,-0.23621138823028837,0.4117647058823529,0.11658660357778018,71.86417646113817,5.233112646831916,0.05212827008548143,2095,0.3689372583928448,-0.22005343295413188,0.04624634856326349,"[-0.82, -0.29, -0.45, -0.77]","['net_sharpe', 'dbl_sharpe', 'tri_sharpe', 'ret_1x', 'ret_2x', 'pos_folds', 'turnover', 'gross_edge', 'short_pnl']",3,15,1,6,0.45,6
-48.26288297647398,-16.08762765882466,0.3333333333333333,-0.5818760105554631,-1.0110404087542262,-1.4376846560080978,-1.8440717150848611,-1.2302434163828246,0.39140534786795866,0.26832144958310644,-0.3007494550200741,0.29411764705882354,0.11686011868532381,67.11288176605386,-2.6346440088241194,0.05457326323850341,1773,0.12044714509017707,-0.1904479142511336,0.06830382992203068,"[-0.88, 0.01, -1.84, -1.58]","['net_sharpe', 'dbl_sharpe', 'tri_sharpe', 'ret_1x', 'ret_2x', 'pos_folds', 'turnover', 'gross_edge', 'short_pnl']",3,15,1,6,0.6,0
-49.24529316779201,-16.415097722597338,0.3333333333333333,-0.6650417099373082,-1.1003703883035747,-1.5330259390718959,-1.8440717150848558,-1.3893197353062583,0.41243299004096634,0.282194674503896,-0.30433190506781743,0.29411764705882354,0.11556513969204663,67.33986971679657,-3.952328454634223,0.05519147326716943,1774,0.145987452172327,-0.25135340127996175,0.06519654864836028,"[-1.2, 0.01, -1.84, -1.58]","['net_sharpe', 'dbl_sharpe', 'tri_sharpe', 'ret_1x', 'ret_2x', 'pos_folds', 'turnover', 'gross_edge', 'short_pnl']",3,15,1,6,0.6,2
-46.28263301373004,-15.437174774784165,0.3335414121794805,-0.4306304894704525,-0.8666454950834521,-1.3007550008737625,-1.844071715084864,-0.9585782111725109,0.35914072208175174,0.26832144958310333,-0.28217197950645895,0.29411764705882354,0.11543998314915715,67.22392593187891,0.10820099999653474,0.05408458114913423,1774,0.18376249233126973,-0.1808829058288698,0.06799847577370445,"[-0.34, 0.01, -1.84, -1.58]","['net_sharpe', 'dbl_sharpe', 'tri_sharpe', 'ret_1x', 'ret_2x', 'pos_folds', 'turnover', 'gross_edge', 'short_pnl']",3,15,1,6,0.6,4
-47.93851083891566,-15.979503612971886,0.3333333333333333,-0.5475781051064152,-0.976090042335366,-1.4021390353128191,-1.8440717150848567,-1.1668836736557413,0.38848190038129293,0.26832144958310467,-0.2933124045375164,0.29411764705882354,0.11670891198206676,66.91086469305021,-2.05895171151665,0.0546065740460279,1769,0.13250496605831313,-0.18704529918225488,0.06824479518274143,"[-0.75, 0.01, -1.84, -1.58]","['net_sharpe', 'dbl_sharpe', 'tri_sharpe', 'ret_1x', 'ret_2x', 'pos_folds', 'turnover', 'gross_edge', 'short_pnl']",3,15,1,6,0.6,6
-41.22797069364177,-13.837962727138972,0.33564501221674437,-0.2995992504261554,-0.6584336905688957,-1.0158176684075895,-1.5420501374525022,-0.7898220407344715,0.3222092525708071,0.25965940717852276,-0.25706228903487977,0.4117647058823529,0.12014743842703189,57.5589004917601,1.2020730193737235,0.03641460730887703,1797,0.046782963303272806,-0.019391305252008426,0.03671265506097414,"[-1.54, -1.24, 0.7, -0.34]","['net_sharpe', 'dbl_sharpe', 'tri_sharpe', 'ret_1x', 'ret_2x', 'pos_folds', 'turnover', 'gross_edge', 'short_pnl']",3,15,1,9,0.0,0
-43.196716997294466,-15.506513793900575,0.3589743589743589,-0.35513833434401765,-0.6985874982494255,-1.0402254771656796,-3.0036182544184773,-0.20505011492014596,0.3255372038175831,0.28536419090463117,-0.26760633102047787,0.35294117647058826,0.11996314916007274,55.08090423560291,-0.3956678178527761,0.03594577386065806,1795,0.16267315645104552,-0.1713010896048137,0.047379531959241175,"[-0.86, 0.45, 1.09, -3.0]","['net_sharpe', 'dbl_sharpe', 'tri_sharpe', 'ret_1x', 'ret_2x', 'pos_folds', 'turnover', 'gross_edge', 'short_pnl']",3,15,1,9,0.0,2
-22.73433999331759,-12.393685693425027,0.5451526500029453,0.3260161110632327,-0.05937102683593391,-0.44272768258880274,-1.0125262848479015,-0.1878346444558131,0.22079764276267533,0.1504380990587857,-0.05984385112786308,0.5294117647058824,0.11405457126206951,58.63438496171877,13.845239115036568,0.03647078281684443,1800,0.19092396286808722,0.13046267571505124,0.03976113796970587,"[-0.05, 1.12, -1.01, -0.32]","['net_sharpe', 'dbl_sharpe', 'tri_sharpe', 'ret_2x', 'pos_folds', 'turnover', 'gross_edge']",3,15,1,9,0.0,4
-4.129638393802983,-2.6191521637545643,0.6342328102346481,0.5195407654176505,0.2140558137990989,-0.09116856176122572,-0.7032337126983517,0.23744786766387072,0.15116695548906023,0.11434600226486102,0.12984070024676045,0.35294117647058826,0.1296748830624153,52.79348818337326,20.032891280539832,0.03364909769919043,1792,0.49982629966826314,-0.08113014291577472,0.03843797384319518,"[0.79, -0.7, 0.92, -0.31]","['net_sharpe', 'dbl_sharpe', 'tri_sharpe', 'pos_folds', 'turnover', 'gross_edge', 'short_pnl']",3,15,1,9,0.0,6
-27.77181147552047,-13.674211812394482,0.4923773814483671,0.2964845982251137,-0.01967335272730416,-0.3349621158652591,-1.7079900861268322,-0.004782515185834113,0.21857724450018579,0.201702656783753,-0.04617754465815281,0.35294117647058826,0.12450178445847551,52.48463035987174,14.545341775228573,0.03463535580229016,1617,0.4609679129487615,-0.158742446911197,0.03777008904742478,"[0.5, -0.51, 1.69, -1.71]","['net_sharpe', 'dbl_sharpe', 'tri_sharpe', 'ret_2x', 'pos_folds', 'turnover', 'gross_edge', 'short_pnl']",3,15,1,9,0.3,0
-30.957116664428323,-14.76771226328434,0.4770377171544975,0.18943225527603122,-0.1275463330238022,-0.44348734563330694,-1.707990086126833,-0.18625957077331295,0.2221387026907231,0.20285774957391722,-0.10499713014182753,0.35294117647058826,0.12453026835846147,52.65264611578053,11.921333489870477,0.03523137585672126,1617,0.42447020345786846,-0.17597384900179716,0.037373745843526165,"[0.14, -0.51, 1.69, -1.71]","['net_sharpe', 'dbl_sharpe', 'tri_sharpe', 'ret_2x', 'pos_folds', 'turnover', 'gross_edge', 'short_pnl']",3,15,1,9,0.3,2
-26.409403313879288,-13.210932023422677,0.5002359147008731,0.3345889214216732,0.016514268173145517,-0.30095321354587845,-1.7079900861268449,0.06763363622565949,0.21857724450018823,0.20170265678375376,-0.024913923171983158,0.35294117647058826,0.12289605939592191,52.10454117706754,15.40542145285208,0.03429453414075004,1609,0.4392744199111837,-0.12149618929307279,0.03471705191858325,"[0.65, -0.51, 1.69, -1.71]","['net_sharpe', 'dbl_sharpe', 'tri_sharpe', 'ret_2x', 'pos_folds', 'turnover', 'gross_edge', 'short_pnl']",3,15,1,9,0.3,4
-24.258835248729156,-14.484114849289531,0.597065551613749,0.39771045035975594,0.08593847287439307,-0.22548556087817603,-1.7079900861268453,0.16002429597700146,0.21857724450018767,0.20170265678375354,0.013593634611374614,0.35294117647058826,0.12623294742072275,52.45643748610275,17.046819824543565,0.03438462053053748,1613,0.5003002667677914,-0.1462889493488672,0.03919518328312592,"[0.83, -0.51, 1.69, -1.71]","['net_sharpe', 'dbl_sharpe', 'tri_sharpe', 'pos_folds', 'turnover', 'gross_edge', 'short_pnl']",3,15,1,9,0.3,6
-27.1351397327207,-12.867312446647208,0.4741937050403783,0.16839069660719894,-0.1461511881418085,-0.46055541554835766,-1.605475994656139,-0.054841920396325905,0.20542485541034983,0.17975792232076682,-0.12337312211724716,0.35294117647058826,0.12355198255326669,51.78833763897618,11.494525123970112,0.035445481040399594,1496,0.4410524981615786,-0.20538592472782646,0.0504964580284972,"[-0.25, 0.14, 1.53, -1.61]","['net_sharpe', 'dbl_sharpe', 'tri_sharpe', 'ret_2x', 'pos_folds', 'turnover', 'gross_edge', 'short_pnl']",3,15,1,9,0.45,0
-31.473386399895723,-11.72898535472587,0.3726635960204374,-0.012150305835153743,-0.3280026532078823,-0.6434992672786247,-1.6054759946561254,-0.3985446038728015,0.2054248554103475,0.17975792232076515,-0.2285768783363323,0.35294117647058826,0.12344229694808961,51.94879843167442,7.118403263960796,0.03629075155255343,1496,0.4092583198630898,-0.26286101652747584,0.04853342477361214,"[-0.94, 0.14, 1.53, -1.61]","['net_sharpe', 'dbl_sharpe', 'tri_sharpe', 'ret_1x', 'ret_2x', 'pos_folds', 'turnover', 'gross_edge', 'short_pnl']",3,15,1,9,0.45,2
-27.738371144334025,-13.081686897295457,0.47160977222584993,0.15080238903348403,-0.16603851668046304,-0.48305396015702684,-1.6054759946561346,-0.0946634785076144,0.20542485541034705,0.17975792232076537,-0.13350087394177215,0.35294117647058826,0.12249378845156628,51.69012945417795,11.030295439101065,0.03543970969270291,1491,0.4225178479194552,-0.19679800085277827,0.045532405698520254,"[-0.33, 0.14, 1.53, -1.61]","['net_sharpe', 'dbl_sharpe', 'tri_sharpe', 'ret_2x', 'pos_folds', 'turnover', 'gross_edge', 'short_pnl']",3,15,1,9,0.45,4
-21.847309680914737,-11.340266593366671,0.5190692473807539,0.30286317429676585,-0.007116622814200984,-0.3176271063903196,-1.6054759946561286,0.20118324602044962,0.20542485541034716,0.17975792232076437,-0.04212819306452894,0.35294117647058826,0.1252694136300324,51.738704397666915,14.77284992315368,0.03503831086864909,1495,0.4922238649269041,-0.18963369325922358,0.05389926124324455,"[0.26, 0.14, 1.53, -1.61]","['net_sharpe', 'dbl_sharpe', 'tri_sharpe', 'ret_2x', 'turnover', 'gross_edge', 'short_pnl']",3,15,1,9,0.45,6
-38.085208095876325,-13.099351173125735,0.34394852563623163,-0.3053920506038748,-0.5828272561198685,-0.859602080771071,-1.609747446874481,-0.503634433858748,0.2788546579696095,0.19410315489282182,-0.2799519094033122,0.4117647058823529,0.12579650353618566,46.55006250155805,-0.7245534443223706,0.03525223532985901,1322,0.3031217968953262,-0.3164743918903528,0.045250495781780566,"[-0.9, -0.11, 0.44, -1.61]","['net_sharpe', 'dbl_sharpe', 'tri_sharpe', 'ret_1x', 'ret_2x', 'pos_folds', 'turnover', 'gross_edge', 'short_pnl']",3,15,1,9,0.6,0
-39.30118478240376,-13.494777985609584,0.3433682231292827,-0.343193846936362,-0.6239946342279097,-0.9041304452697738,-1.609747446874492,-0.5862898103288143,0.2914219191931011,0.19410315489282304,-0.28189671483545825,0.4117647058823529,0.12482196744957101,46.73866081631643,-1.701783937427652,0.03591383501321833,1324,0.3116787419467561,-0.3431675098175109,0.04635087184437561,"[-1.07, -0.11, 0.44, -1.61]","['net_sharpe', 'dbl_sharpe', 'tri_sharpe', 'ret_1x', 'ret_2x', 'pos_folds', 'turnover', 'gross_edge', 'short_pnl']",3,15,1,9,0.6,2
-32.682262979672934,-11.504357996606295,0.35200616321340866,-0.12876609725368832,-0.4051433649321075,-0.6813210635759908,-1.609747446874488,-0.17034789615994037,0.24568536735675317,0.19410315489282404,-0.23331754877491395,0.4117647058823529,0.1261020478431466,46.419006423741806,3.9802818156260376,0.03478557443436955,1318,0.38027172086273,-0.30712672065518487,0.04053694493511834,"[-0.23, -0.11, 0.44, -1.61]","['net_sharpe', 'dbl_sharpe', 'tri_sharpe', 'ret_1x', 'ret_2x', 'pos_folds', 'turnover', 'gross_edge', 'short_pnl']",3,15,1,9,0.6,4
-28.030726093365878,-10.784401858570817,0.3847350162336036,0.0011598964379730574,-0.26871683218860604,-0.538759749432889,-1.6097474468744895,0.06497502178795875,0.24568536735675262,0.19410315489282703,-0.171025863984381,0.47058823529411764,0.1289800079910014,46.34581702294282,7.490854189617098,0.03426909810401408,1320,0.42766709207564657,-0.29022591405993625,0.04935488108546557,"[0.24, -0.11, 0.44, -1.61]","['net_sharpe', 'dbl_sharpe', 'tri_sharpe', 'ret_1x', 'ret_2x', 'pos_folds', 'turnover', 'gross_edge', 'short_pnl']",3,15,1,9,0.6,6
-8.255074613776628,-4.939351169459873,0.5983411901833993,0.3104916468487857,0.03900198597586306,-0.2315900532400108,-0.5223262243539906,0.08183246748808985,0.19942918968604373,0.18959153605131285,-0.013040587389762362,0.5882352941176471,0.12111913168374133,43.84670638355879,15.980741221886664,0.02694183371640757,1341,0.17019108881343117,0.10721045761764422,-0.0014663116955382013,"[-0.15, 0.31, 0.88, -0.52]","['net_sharpe', 'dbl_sharpe', 'tri_sharpe', 'ret_2x', 'pos_folds', 'turnover', 'gross_edge']",3,15,1,12,0.0,0
-39.786227789022796,-14.4936237620105,0.36428745743041663,-0.22530935410222158,-0.467178359518484,-0.7076806536993239,-1.3320300101663982,-0.6671817053658399,0.35158015863731273,0.2921635423182718,-0.18114394982556184,0.4117647058823529,0.12403596149210248,40.16690614481311,0.36319436218428514,0.026003872328964357,1337,0.1487463561635478,-0.14297095092380208,0.030160366430581086,"[-1.3, -0.03, -1.33, 1.05]","['net_sharpe', 'dbl_sharpe', 'tri_sharpe', 'ret_1x', 'ret_2x', 'pos_folds', 'turnover', 'gross_edge', 'short_pnl']",3,15,1,12,0.0,2
26.90456469861813,24.8466142901175,0.9235092471648005,0.7513183828987064,0.49241741731333805,0.23393599914171614,0.231557165289098,0.26740426026370256,0.15872290441422543,0.13331510512851286,0.3352868486182394,0.6470588235294118,0.11971501713774747,41.24124734121601,29.251491741639573,0.02531450543290696,1327,0.4546095012515509,0.02298002441799303,0.061446517839955056,"[1.13, 0.23, 0.24, 0.29]","['net_sharpe', 'dbl_sharpe', 'turnover', 'gross_edge']",3,15,1,12,0.0,4
-10.85895708321723,-8.102159949219287,0.7461268966373725,0.47395542219235165,0.2253987230115478,-0.022426241330316118,-0.7300226690935456,0.21377198427006244,0.20458808119919292,0.18941196749418143,0.09680543824927924,0.47058823529411764,0.11753587737664765,38.91815610117893,21.858700396111907,0.02462798480325794,1319,0.24048729820977138,0.09629679877571186,0.06995316523092551,"[-0.73, 0.44, 1.33, -0.01]","['net_sharpe', 'dbl_sharpe', 'tri_sharpe', 'pos_folds', 'turnover', 'gross_edge']",3,15,1,12,0.0,6
-26.58347218339009,-15.858945360887367,0.5965716311052989,0.30155414512046913,0.026068545664913723,-0.24873650554196464,-1.2718660737789096,-0.22262318558360306,0.25580039118525577,0.21290660302748865,-0.01510430793095406,0.5882352941176471,0.11759064666970499,43.18882959929884,15.489517957750312,0.028279132227276623,1263,0.1238083077956584,0.1410321440229569,0.03047497627320732,"[1.5, 0.65, -1.09, -1.27]","['net_sharpe', 'dbl_sharpe', 'tri_sharpe', 'ret_2x', 'pos_folds', 'turnover', 'gross_edge']",3,15,1,12,0.3,0
-29.526918585342905,-14.06310199667938,0.4762807184241796,0.035097774088975166,-0.23274000373062845,-0.4996363636782077,-1.271866073778909,-0.2844845813837432,0.2558003911852563,0.21290660302749298,-0.13603228157153643,0.5294117647058824,0.12059523691737381,43.10157396582851,8.20693655478356,0.028221877792033966,1260,0.041874826967294415,0.09816423354259894,0.020525013932878474,"[0.53, 0.65, -1.09, -1.27]","['net_sharpe', 'dbl_sharpe', 'tri_sharpe', 'ret_1x', 'ret_2x', 'pos_folds', 'turnover', 'gross_edge']",3,15,1,12,0.3,2
-27.968710493834404,-16.472663401491964,0.5889675680658677,0.27366670361204887,-0.004895647061900009,-0.2829549131766831,-1.271866073778899,-0.2226231855836016,0.2558003911852541,0.21290660302749198,-0.028519489312721608,0.5294117647058824,0.11592287614410121,43.04007921129943,14.777260285061178,0.027975713336644645,1260,0.09059552306490506,0.16119650018627502,0.03143912692133413,"[1.45, 0.65, -1.09, -1.27]","['net_sharpe', 'dbl_sharpe', 'tri_sharpe', 'ret_2x', 'pos_folds', 'turnover', 'gross_edge']",3,15,1,12,0.3,4
-29.136169180748368,-11.661891150059827,0.40025478564853284,0.0377977514445477,-0.24127110014257896,-0.5193143943105968,-1.2718660737789205,-0.2455409312002697,0.255800391185255,0.21290660302749198,-0.13298961429828784,0.5294117647058824,0.11547072471001943,43.00723003094012,8.387502347847214,0.028672862816075503,1256,-0.026051811494083865,0.1688586843519284,0.02231828545409747,"[0.6, 0.65, -1.09, -1.27]","['net_sharpe', 'dbl_sharpe', 'tri_sharpe', 'ret_1x', 'ret_2x', 'pos_folds', 'turnover', 'gross_edge', 'long_pnl']",3,15,1,12,0.3,6
-41.177980959132924,-15.103288849167582,0.3667807040893247,-0.24693828561043266,-0.4927698648924749,-0.737460080672098,-1.5836097357148164,-0.5894097835162659,0.31967663367562615,0.27284432294289707,-0.19940318291089856,0.29411764705882354,0.11899702368919111,39.12960450430279,-0.2112477553266305,0.02785751074573041,1173,0.2716925130493165,-0.27496495946466454,0.03918537361562953,"[0.51, -0.58, -1.58, -0.6]","['net_sharpe', 'dbl_sharpe', 'tri_sharpe', 'ret_1x', 'ret_2x', 'pos_folds', 'turnover', 'gross_edge', 'short_pnl']",3,15,1,12,0.45,0
-47.244890742596276,-16.121578867594007,0.3412343348496453,-0.7787048348408669,-1.0223753775326554,-1.2645680121279659,-1.5836097357148315,-1.002871738909135,0.41768264433840707,0.3562428530824532,-0.2912048385640334,0.23529411764705882,0.1195595166926033,39.09884117386525,-16.535087781598325,0.028652189524980748,1170,0.14093579396361794,-0.39688004164846014,0.027237243850114043,"[-1.4, -0.58, -1.58, -0.6]","['net_sharpe', 'dbl_sharpe', 'tri_sharpe', 'ret_1x', 'ret_2x', 'pos_folds', 'turnover', 'gross_edge', 'short_pnl']",3,15,1,12,0.45,2
-42.965084857862614,-14.665163401710235,0.34132746275785625,-0.4640426702932194,-0.7119893748674831,-0.9588018075488438,-1.5836097357148244,-0.5894097835162666,0.3436006210922604,0.2759549406841786,-0.25312666248884597,0.23529411764705882,0.11779942191471969,39.06857460369672,-6.5869675510294865,0.02809901453786623,1170,0.21757009601696597,-0.31944989353598335,0.02826677783411935,"[-0.27, -0.58, -1.58, -0.6]","['net_sharpe', 'dbl_sharpe', 'tri_sharpe', 'ret_1x', 'ret_2x', 'pos_folds', 'turnover', 'gross_edge', 'short_pnl']",3,15,1,12,0.45,4
-42.8197440176655,-14.618021250389775,0.3413850686346709,-0.5125632117013528,-0.7626852271976049,-1.0112602831661217,-1.5836097357148329,-0.5894097835162675,0.33568570065492176,0.2728443229428962,-0.2721468562221608,0.23529411764705882,0.11638248358611604,39.04985269373196,-7.880116093832862,0.028483066086523644,1168,0.11437877949622591,-0.2362011366232032,0.027055421957236876,"[-0.44, -0.58, -1.58, -0.6]","['net_sharpe', 'dbl_sharpe', 'tri_sharpe', 'ret_1x', 'ret_2x', 'pos_folds', 'turnover', 'gross_edge', 'short_pnl']",3,15,1,12,0.45,6
-34.98896941945684,-12.332380525242186,0.3524648119068158,-0.2582810867407101,-0.48699114394727794,-0.7148746442345156,-1.1404755174196994,-0.3642526764578869,0.31308092306237434,0.255465194892036,-0.19587966645160343,0.4117647058823529,0.11597209056220838,35.448936130284885,-0.9576081578772342,0.02660763341640737,1047,0.2438931853908049,-0.2573321566692135,0.0683802281089658,"[-0.39, -1.14, -0.08, -0.34]","['net_sharpe', 'dbl_sharpe', 'tri_sharpe', 'ret_1x', 'ret_2x', 'pos_folds', 'turnover', 'gross_edge', 'short_pnl']",3,15,1,12,0.6,0
-44.201943295557776,-15.563682134038118,0.3521040247025122,-0.610575668337207,-0.838496597736151,-1.0654268723819391,-1.6112384566294806,-0.7400071269080819,0.3861809493060194,0.32648083988738774,-0.25754327257081805,0.35294117647058826,0.11663708232548665,35.56619197168353,-12.54679895121861,0.027144414003419066,1045,0.1408086885334886,-0.31747156192708714,0.05732578701737252,"[-1.61, -1.14, -0.08, -0.34]","['net_sharpe', 'dbl_sharpe', 'tri_sharpe', 'ret_1x', 'ret_2x', 'pos_folds', 'turnover', 'gross_edge', 'short_pnl']",3,15,1,12,0.6,2
-36.25346521546889,-12.76932927879588,0.3522236895949844,-0.2874589825744226,-0.519301723083427,-0.7505184914428044,-1.1404755174196994,-0.4191042845270967,0.3141308460647999,0.2565188820954498,-0.20416099728482626,0.35294117647058826,0.11481897100151292,35.527300881630076,-1.6726720687519794,0.026596995226627805,1045,0.21574953991588666,-0.23927553497939855,0.05835631999181436,"[-0.5, -1.14, -0.08, -0.34]","['net_sharpe', 'dbl_sharpe', 'tri_sharpe', 'ret_1x', 'ret_2x', 'pos_folds', 'turnover', 'gross_edge', 'short_pnl']",3,15,1,12,0.6,4
-37.983571788329854,-13.418761133117679,0.35327802261188307,-0.394267634040533,-0.6211582124547385,-0.8468787320838801,-1.140475517419696,-0.5993926441402871,0.3212587935106652,0.2563572787180386,-0.23573387307560006,0.35294117647058826,0.11572949984792853,35.18464265113802,-5.4163462676912815,0.026755034379172534,1040,0.14094381901965844,-0.21638952872393774,0.06394067995242347,"[-0.86, -1.14, -0.08, -0.34]","['net_sharpe', 'dbl_sharpe', 'tri_sharpe', 'ret_1x', 'ret_2x', 'pos_folds', 'turnover', 'gross_edge', 'short_pnl']",3,15,1,12,0.6,6
5.940938318392673,4.317579861230929,0.7267504945917456,0.37757332655000564,0.17981868313705376,-0.01777824244074604,-0.16607074723226922,-0.06244353504502691,0.133956977536971,0.12588664535494176,0.10807452290845171,0.47058823529411764,0.11970801549869904,31.55090451493255,21.794210099801823,0.019858745705167227,1063,0.1920027021608135,0.08022225001858138,0.05105048103010249,"[-0.02, -0.17, -0.1, 0.97]","['net_sharpe', 'dbl_sharpe', 'tri_sharpe', 'pos_folds', 'turnover', 'gross_edge']",3,15,1,15,0.0,0
-13.91427562627683,-9.15716718742192,0.6581131086787438,0.27101252346799176,0.06848688383780026,-0.13351916691705681,-0.9601001295988435,0.1071576776389734,0.2013414953535968,0.18303639783536485,0.0037540715899614745,0.5882352941176471,0.125061655259142,33.76817967516707,17.218327112790554,0.0208448071449274,1071,0.2632383882335745,-0.03305520755549508,0.04518570560828304,"[0.21, 0.01, -0.96, 0.84]","['net_sharpe', 'dbl_sharpe', 'tri_sharpe', 'turnover', 'gross_edge', 'short_pnl']",3,15,1,15,0.0,2
25.28333499175796,24.668667025805203,0.9756888097969223,0.8828186670196561,0.6800330948626709,0.4778368873146758,0.30116129671043396,0.49558941435865017,0.2401481928934479,0.2186878952435506,0.3285022055702609,0.6470588235294118,0.12242894771573225,32.90113681600027,40.159022151631795,0.019856340882381047,1061,0.4164697507252585,0.10661133469666362,0.03956277819851304,"[1.34, 0.3, 0.63, 0.37]",['turnover'],3,15,1,15,0.0,4
-8.148275101327219,-4.627814295185156,0.5679501781219147,0.2485257948443422,0.035962258905684545,-0.17637792295500954,-0.6599235648877947,0.190068807201686,0.19752187703811008,0.1808065544099079,-0.01605863701925796,0.5882352941176471,0.12346031091218831,34.97748013034001,15.994790377267822,0.022036392908790673,1080,0.32892357858776555,-0.10743973380113075,0.010068456588775187,"[0.46, 0.19, 0.19, -0.66]","['net_sharpe', 'dbl_sharpe', 'tri_sharpe', 'ret_2x', 'turnover', 'gross_edge', 'short_pnl']",3,15,1,15,0.0,6
-15.618662669787243,-11.586627891067298,0.7418450693272531,0.29779419009944363,0.07841483460984171,-0.1407250707827543,-0.967572019199648,0.1384596485660228,0.20992294485726326,0.19329060996710434,0.011765951401651403,0.5294117647058824,0.11350984459825915,33.191306743821336,17.70263056652627,0.021542856808374422,1006,0.1573224728930061,0.07529221825421166,0.039186283147606187,"[0.25, 1.17, 0.03, -0.97]","['net_sharpe', 'dbl_sharpe', 'tri_sharpe', 'turnover', 'gross_edge']",3,15,1,15,0.3,0
-14.423260353148056,-10.84510923340521,0.7519180107594834,0.3223583042639736,0.11176870024535523,-0.0986427662817771,-0.9675720191996422,0.18596230801991784,0.20992294485726115,0.19329060996710234,0.029707273646065454,0.5294117647058824,0.1179439211688533,33.10237394120815,18.901752668037346,0.02120805720451343,1009,0.17920520893709296,0.06850060442441762,0.03662031463108534,"[0.34, 1.17, 0.03, -0.97]","['net_sharpe', 'dbl_sharpe', 'tri_sharpe', 'turnover', 'gross_edge']",3,15,1,15,0.3,2
-1.9929000057233375,-1.8252437572827247,0.9158732259726394,0.595450281170635,0.3834633336148076,0.1714795201118229,-0.9675720191996552,0.5992411245631941,0.20992294485726304,0.19329060996710345,0.18410016162170637,0.5294117647058824,0.11650116928576557,32.91818044151284,28.473585464476674,0.021053332022355473,1004,0.21168228730941707,0.15938525019118943,0.05184654689846198,"[1.27, 1.17, 0.03, -0.97]","['net_sharpe', 'dbl_sharpe', 'turnover', 'gross_edge']",3,15,1,15,0.3,4
-7.271368480696208,-6.348003406699639,0.873013576956265,0.46335425819015563,0.24870436881907804,0.03387202091910083,-0.9675720191996343,0.4305503956107573,0.20992294485726093,0.19329060996710268,0.10609525799753818,0.5294117647058824,0.11516933283394197,32.96992448087847,23.654876771629347,0.021327729938279087,1008,0.21352513675772716,0.09522959710681475,0.05025414206177625,"[0.83, 1.17, 0.03, -0.97]","['net_sharpe', 'dbl_sharpe', 'turnover', 'gross_edge']",3,15,1,15,0.3,6
-31.85332803753931,-13.153398175010075,0.4129363864117661,-0.19068335011511367,-0.39505165308654966,-0.5990146179609347,-1.311279241884838,-0.22867888402108574,0.23533841539281553,0.20331950633506035,-0.2263596962297876,0.29411764705882354,0.12015752808497461,32.738991444776126,0.44264057909352233,0.021559799253580623,977,0.20428242914213493,-0.19854534123506157,0.06046824355809803,"[-0.48, 0.56, 0.03, -1.31]","['net_sharpe', 'dbl_sharpe', 'tri_sharpe', 'ret_1x', 'ret_2x', 'pos_folds', 'turnover', 'gross_edge', 'short_pnl']",3,15,1,15,0.45,0
-28.30529132608584,-12.67278983036779,0.4477180497587279,-0.06302812005786688,-0.25532758181186904,-0.44729900582982185,-1.311279241884834,0.019818080743553262,0.23533841539281597,0.2033195063350609,-0.1683727707460746,0.29411764705882354,0.1266686872286515,32.476184354559884,4.7752808418343395,0.021263051242647657,975,0.22828871630069011,-0.1668928829052701,0.06024029305621298,"[0.01, 0.56, 0.03, -1.31]","['net_sharpe', 'dbl_sharpe', 'tri_sharpe', 'ret_1x', 'ret_2x', 'turnover', 'gross_edge', 'short_pnl']",3,15,1,15,0.45,2
-20.542823870768405,-11.790700097421292,0.5739571234994121,0.23169034685184633,0.033317171930185664,-0.1648903899828322,-1.311279241884834,0.2918105066722998,0.2353384153928152,0.2033195063350608,-0.014633881601564223,0.35294117647058826,0.12259866007478301,32.42079710988773,16.081088498507455,0.02108641577497616,971,0.2559882716374292,-0.04958617099058135,0.06339939147122824,"[1.14, 0.56, 0.03, -1.31]","['net_sharpe', 'dbl_sharpe', 'tri_sharpe', 'ret_2x', 'turnover', 'gross_edge', 'short_pnl']",3,15,1,15,0.45,4
-22.41739880802098,-10.355310941072458,0.46193186951589194,0.05473735461756105,-0.14579220858158334,-0.34623867908184425,-1.311279241884837,0.253011103904916,0.23533841539281586,0.20331950633506213,-0.10540548005431705,0.35294117647058826,0.12153176929097048,32.476273415164265,9.42974188164858,0.02141589268253241,975,0.2610126222513256,-0.13977400438359674,0.06432647923652812,"[0.48, 0.56, 0.03, -1.31]","['net_sharpe', 'dbl_sharpe', 'tri_sharpe', 'ret_1x', 'ret_2x', 'turnover', 'gross_edge', 'short_pnl']",3,15,1,15,0.45,6
-2.9427579154671495,-2.2526607122205786,0.7654930432369524,0.4870493361790064,0.29506550910457324,0.10310982238786333,-0.3798871316616788,-0.19460807548823741,0.1674123221061059,0.15978715872665694,0.17221214310615304,0.5882352941176471,0.12116527685463986,31.002527165767386,26.36938507779361,0.02086992452356995,890,0.40242899836414103,-0.07878162875283193,0.052880460689122694,"[-0.13, 1.82, -0.38, -0.26]","['net_sharpe', 'dbl_sharpe', 'pos_folds', 'turnover', 'gross_edge', 'short_pnl']",3,15,1,15,0.6,0
-2.1731901806879304,-1.6763191852499026,0.7713633165410578,0.49774693052436547,0.312611393231128,0.12752564217102252,-0.37988713166166593,-0.14093342342322476,0.16741232210610324,0.15978715872665428,0.19009785879996516,0.5882352941176471,0.12538402303124233,30.9275515501043,27.363415763475064,0.02077276340682,891,0.4167513421478074,-0.08171583870148746,0.05575763077624188,"[-0.02, 1.82, -0.38, -0.26]","['net_sharpe', 'dbl_sharpe', 'pos_folds', 'turnover', 'gross_edge', 'short_pnl']",3,15,1,15,0.6,2
16.890712032925908,16.146424671579112,0.9559351103792475,0.888268592272475,0.6930293938097783,0.49762363870965237,-0.37988713166167537,0.5566211754930996,0.16741232210610657,0.1597871587266575,0.468054412675227,0.6470588235294118,0.11905958074690505,30.98775579341123,41.46505902100862,0.020688964003200725,888,0.47237059514921165,0.03631260556146386,0.05586184824189686,"[1.37, 1.82, -0.38, -0.26]","['pos_folds', 'turnover']",3,15,1,15,0.6,4
4.928349938205074,4.203856975352646,0.85299482140339,0.677530982231546,0.4849797632718396,0.2921691819523107,-0.379887131661678,0.1554345625954359,0.1674123221061068,0.15978715872665672,0.31341335779540297,0.6470588235294118,0.12039802182799526,30.933348143297174,33.70906731904717,0.020906579537075688,891,0.4452410262182238,-0.03243250974541148,0.05714907745156378,"[0.57, 1.82, -0.38, -0.26]","['net_sharpe', 'dbl_sharpe', 'pos_folds', 'turnover', 'gross_edge', 'short_pnl']",3,15,1,15,0.6,6
-47.048201037494515,-19.710666031553426,0.41894622104350476,-0.25525937441466134,-0.9085556213394571,-1.5563487972778016,-2.874439327622881,-0.6463401425044648,0.39678817832527935,0.2683481304495484,-0.3007862197951586,0.47058823529411764,0.13011149546210782,113.64118545120623,4.518701609289155,0.06410120916484131,5060,0.1460848953575274,0.05720903010903294,0.0674390815998478,"[-1.22, 0.83, -0.07, -2.87]","['net_sharpe', 'dbl_sharpe', 'tri_sharpe', 'ret_1x', 'ret_2x', 'pos_folds', 'turnover', 'gross_edge']",3,15,2,6,0.0,0
-53.193908377843016,-16.367356423951698,0.3076923076923077,-0.7511501794503719,-1.4321445793747012,-2.104402517918159,-2.5390439299348646,-1.053704880478841,0.5848662076104159,0.4429623903034646,-0.2846391769083232,0.29411764705882354,0.12144120354555904,111.06973822765096,-0.7379141490676111,0.06531373548698285,5071,0.05347099383579407,-0.08591814474858889,0.04635692089174261,"[-2.54, -0.81, -1.22, -0.89]","['net_sharpe', 'dbl_sharpe', 'tri_sharpe', 'ret_1x', 'ret_2x', 'pos_folds', 'turnover', 'gross_edge', 'short_pnl']",3,15,2,6,0.0,2
-50.90747868300105,-18.669164548590146,0.3667273459925668,-0.313422035692996,-0.9950711365435589,-1.670399106184019,-2.8268004583375355,-0.8464060422669459,0.43257749095086195,0.2671435866026878,-0.28924432255491594,0.29411764705882354,0.12592213709214917,114.80408428221995,4.0315532494680735,0.06693966563948958,5069,0.21681794064039983,-0.03358450619846157,0.06467752955864818,"[0.21, -2.83, 0.09, -1.78]","['net_sharpe', 'dbl_sharpe', 'tri_sharpe', 'ret_1x', 'ret_2x', 'pos_folds', 'turnover', 'gross_edge', 'short_pnl']",3,15,2,6,0.0,4
-46.45289472770519,-19.510222327234604,0.4200001408221912,-0.20695251850823698,-0.8598638447550166,-1.5076115107980805,-2.8744393276228846,-0.5768370706872417,0.3923589729108733,0.2683481304495504,-0.28907447831868066,0.47058823529411764,0.12977958730217018,113.23471621604116,5.066739894206119,0.06402801104913405,5053,0.16363027699566876,0.06350426659831351,0.06663270448181746,"[-1.08, 0.83, -0.07, -2.87]","['net_sharpe', 'dbl_sharpe', 'tri_sharpe', 'ret_1x', 'ret_2x', 'pos_folds', 'turnover', 'gross_edge']",3,15,2,6,0.0,6
-47.03125407599838,-14.840003482031328,0.3155349304114065,-0.2910908360471709,-0.9375774107128584,-1.5770792252567527,-1.6781461997781566,-0.9154082057359466,0.462097977073733,0.2787270191346539,-0.26386040219105805,0.35294117647058826,0.12916860945939268,111.84040917799715,4.078163813931386,0.06878057852065826,4482,0.3326328603241206,-0.15206585445096796,0.06232362031950445,"[-0.62, -1.68, -0.52, -1.21]","['net_sharpe', 'dbl_sharpe', 'tri_sharpe', 'ret_1x', 'ret_2x', 'pos_folds', 'turnover', 'gross_edge', 'short_pnl']",3,15,2,6,0.3,0
-50.64869352492401,-15.613773755326982,0.3082759429449746,-0.6579084241808792,-1.3410171170356162,-2.014356896896793,-1.7860907805134176,-1.4448205940797976,0.5441268903745998,0.3884181718010956,-0.29013798178561023,0.35294117647058826,0.12191913175018589,111.96846786659397,0.30349033138679654,0.07078186539042126,4482,0.18196882545561907,-0.1685159358614869,0.057448641575013906,"[-1.79, -1.68, -0.52, -1.21]","['net_sharpe', 'dbl_sharpe', 'tri_sharpe', 'ret_1x', 'ret_2x', 'pos_folds', 'turnover', 'gross_edge', 'short_pnl']",3,15,2,6,0.3,2
-45.654013356539224,-14.480108712594626,0.31717055408712663,-0.23748908499430665,-0.9267159875011272,-1.6086152897955814,-1.6781461997781444,-0.8654582377664882,0.4412042677109389,0.2503344813111925,-0.2571063725834893,0.4117647058823529,0.12145476256071612,112.03838679710023,4.928688125305842,0.06928913648555496,4482,0.38835314651743397,-0.16974156426654485,0.05953511859236512,"[-0.49, -1.68, -0.52, -1.21]","['net_sharpe', 'dbl_sharpe', 'tri_sharpe', 'ret_1x', 'ret_2x', 'pos_folds', 'turnover', 'gross_edge', 'short_pnl']",3,15,2,6,0.3,4
-46.67328087747799,-14.7769796161016,0.3166046898415529,-0.24243784751136482,-0.8885855533237954,-1.5280815227390623,-1.6781461997781426,-0.8654582377664839,0.4581225794007183,0.2766588700831999,-0.2532262677259137,0.35294117647058826,0.12883486624947774,111.43313308823907,4.634438717607497,0.0687138545890758,4475,0.35014671106317724,-0.14569701567682058,0.06150192639784317,"[-0.47, -1.68, -0.52, -1.21]","['net_sharpe', 'dbl_sharpe', 'tri_sharpe', 'ret_1x', 'ret_2x', 'pos_folds', 'turnover', 'gross_edge', 'short_pnl']",3,15,2,6,0.3,6
-37.943836866859954,-16.525698263011424,0.43553050053946774,0.0911664481517537,-0.49655470793061,-1.0790680262664398,-1.2706516937887309,-0.5485889299150404,0.32242972920296153,0.22534031738316485,-0.22611854470432588,0.4117647058823529,0.13376609600446068,105.04907623333354,8.584204539602231,0.06723713722390885,4076,0.5694969754595058,-0.21249774697040225,0.06553481129415398,"[-0.01, -1.09, 0.3, -1.27]","['net_sharpe', 'dbl_sharpe', 'tri_sharpe', 'ret_2x', 'pos_folds', 'turnover', 'gross_edge', 'short_pnl']",3,15,2,6,0.45,0
-41.40653102934831,-14.31660498734268,0.34575716997869954,-0.0811027152378922,-0.6964584557623529,-1.305656574571944,-1.270651693788733,-0.8260720916309275,0.37739737027660425,0.28780258436454,-0.24512573884040958,0.4117647058823529,0.1272052749195268,104.71612624217204,6.460395055590448,0.06855441550314474,4070,0.5121826024213243,-0.24435975272504568,0.05908133343362684,"[-0.57, -1.09, 0.3, -1.27]","['net_sharpe', 'dbl_sharpe', 'tri_sharpe', 'ret_1x', 'ret_2x', 'pos_folds', 'turnover', 'gross_edge', 'short_pnl']",3,15,2,6,0.45,2
-38.857158790833765,-13.752390794263576,0.3539216767827015,0.05187515378739275,-0.5615235154197346,-1.1689570490286363,-1.2706516937887256,-0.6158447633882128,0.33474782560956895,0.24059849081707974,-0.2306031585185936,0.4117647058823529,0.12789902893034258,104.88861583273238,8.11218090430179,0.06782249723392397,4071,0.6466843122108563,-0.3098308899639042,0.06298446541247589,"[-0.15, -1.09, 0.3, -1.27]","['net_sharpe', 'dbl_sharpe', 'tri_sharpe', 'ret_1x', 'ret_2x', 'pos_folds', 'turnover', 'gross_edge', 'short_pnl']",3,15,2,6,0.45,4
-37.125806384778706,-17.336003531114294,0.46695291548527607,0.13909442958062873,-0.448032586389313,-1.0302501473056092,-1.2706516937887364,-0.47418770728556064,0.3174212948097037,0.22311889658914374,-0.20999166673433062,0.4117647058823529,0.1334372087871538,104.64148047397678,9.194127906645466,0.0671634193151129,4069,0.5870011112253193,-0.20612003173005555,0.06471266785553992,"[0.14, -1.09, 0.3, -1.27]","['net_sharpe', 'dbl_sharpe', 'tri_sharpe', 'ret_2x', 'pos_folds', 'turnover', 'gross_edge', 'short_pnl']",3,15,2,6,0.45,6
-43.80374265002761,-13.84057954726899,0.31596796780241027,-0.2409865092478844,-0.8127496281349698,-1.3800644382304796,-1.7203379682007922,-0.6970528497786761,0.3776813775342155,0.259302560330427,-0.2882843059456163,0.4117647058823529,0.13087574577152092,99.95867498378404,4.303343257253353,0.06977702223444414,3475,0.3655186856100691,-0.1952238560091321,0.06662644920948578,"[-0.82, -0.01, -0.57, -1.72]","['net_sharpe', 'dbl_sharpe', 'tri_sharpe', 'ret_1x', 'ret_2x', 'pos_folds', 'turnover', 'gross_edge', 'short_pnl']",3,15,2,6,0.6,0
-45.14498745662411,-14.188318853280768,0.314283371258284,-0.3237109319312715,-0.9211999748964314,-1.5136463476191522,-1.7203379682007922,-0.8670384282142841,0.3970099743989127,0.28334901542316693,-0.2920667524166797,0.4117647058823529,0.12495691806453144,99.77218048434985,3.4273530543076896,0.07051858014940306,3474,0.3166614554200624,-0.1812849528273301,0.06140038736893305,"[-1.16, -0.01, -0.57, -1.72]","['net_sharpe', 'dbl_sharpe', 'tri_sharpe', 'ret_1x', 'ret_2x', 'pos_folds', 'turnover', 'gross_edge', 'short_pnl']",3,15,2,6,0.6,2
-42.25206235753809,-13.44706862088815,0.3182582783083745,-0.1612010570918326,-0.7567408001542186,-1.346811764041435,-1.7203379682007924,-0.5918256992888054,0.3475711553678805,0.22385822206037986,-0.28247537497352526,0.4117647058823529,0.12566148083496842,100.05186305756187,5.494304720354726,0.0696226629896392,3477,0.47888902233282826,-0.2612619574218938,0.06459458088201489,"[-0.61, -0.01, -0.57, -1.72]","['net_sharpe', 'dbl_sharpe', 'tri_sharpe', 'ret_1x', 'ret_2x', 'pos_folds', 'turnover', 'gross_edge', 'short_pnl']",3,15,2,6,0.6,4
-43.159933824799744,-13.688913937622434,0.31716716696532027,-0.19283630624164938,-0.763973065624723,-1.3309793200214346,-1.7203379682007922,-0.6192803654569408,0.3730813518844812,0.2571785299574999,-0.275732532976415,0.4117647058823529,0.13054542326914692,99.55107939879565,4.926926821966549,0.06970434633149433,3468,0.3830228221709768,-0.18884614373537084,0.06580430563420661,"[-0.66, -0.01, -0.57, -1.72]","['net_sharpe', 'dbl_sharpe', 'tri_sharpe', 'ret_1x', 'ret_2x', 'pos_folds', 'turnover', 'gross_edge', 'short_pnl']",3,15,2,6,0.6,6
-49.30245202010962,-16.481523048166306,0.3342941856409855,-0.4542497819297653,-0.942566298348096,-1.4280660575052624,-2.122584719363756,-1.206358431109646,0.3909591182893837,0.22484538238986196,-0.3011248730697026,0.29411764705882354,0.12452538850671487,81.08186524145032,0.49964319997916373,0.04650191296021398,3381,0.055222343307938515,-0.0391840299460883,0.0431921148464492,"[-1.09, -1.32, 1.2, -2.12]","['net_sharpe', 'dbl_sharpe', 'tri_sharpe', 'ret_1x', 'ret_2x', 'pos_folds', 'turnover', 'gross_edge', 'short_pnl']",3,15,2,9,0.0,0
-48.9794890084036,-16.326496336134532,0.3333333333333333,-0.635584854071078,-1.1152670692247075,-1.5894572239164608,-1.9743283372926166,-1.2060772182715067,0.4702113028162622,0.3432110021994468,-0.2865980475105578,0.4117647058823529,0.12258369335161888,78.93011512634168,-2.434614654951612,0.04702213266581901,3407,0.04296380842177161,-0.11903985764922781,0.05880881126576802,"[-1.55, -0.86, 0.24, -1.97]","['net_sharpe', 'dbl_sharpe', 'tri_sharpe', 'ret_1x', 'ret_2x', 'pos_folds', 'turnover', 'gross_edge', 'short_pnl']",3,15,2,9,0.0,2
-29.04617066367263,-12.574343797130739,0.4329088313475063,0.06480476323142431,-0.3854920177544545,-0.8331596963219013,-0.833455716489428,-0.3204945487085331,0.26433681522324004,0.1977702113596227,-0.20769016927067394,0.4117647058823529,0.1256710280778553,75.50942419539074,8.539020805798708,0.043465080148845224,3345,0.31903375435010173,-0.06377290327493046,0.03422785323349411,"[-0.43, -0.21, 0.07, -0.83]","['net_sharpe', 'dbl_sharpe', 'tri_sharpe', 'ret_2x', 'pos_folds', 'turnover', 'gross_edge', 'short_pnl']",3,15,2,9,0.0,4
-6.011084539588515,-3.978781256433114,0.6619073863009551,0.6108589204397026,0.19203564036165288,-0.22676530075435122,-0.8439626082138751,0.39848412001200817,0.20200967113176715,0.1925648670599176,0.08452828702137018,0.5294117647058824,0.13690365773408636,76.39178757455315,18.28604362557934,0.042646430789428584,3387,0.5843068479564586,-0.03128612342931668,0.06935893007831873,"[0.12, -0.84, 0.85, 0.68]","['net_sharpe', 'dbl_sharpe', 'tri_sharpe', 'turnover', 'gross_edge', 'short_pnl']",3,15,2,9,0.0,6
-29.242435145244535,-13.46257385832127,0.4603780017448575,0.2792618334301912,-0.17311403078873924,-0.6225050528911825,-1.7041895037802375,-0.2990683841899341,0.2090245184124242,0.1787381253856245,-0.14189995469324637,0.47058823529411764,0.12695770855174882,76.6437787796924,12.100135902483007,0.04599710332771717,3102,0.4932299285952406,-0.12608110631882802,0.045546496663788565,"[-0.11, -0.49, 1.88, -1.7]","['net_sharpe', 'dbl_sharpe', 'tri_sharpe', 'ret_2x', 'pos_folds', 'turnover', 'gross_edge', 'short_pnl']",3,15,2,9,0.3,0
-33.33280404974305,-15.0262590831275,0.45079493044460306,0.2056486183321758,-0.25039793422799567,-0.7031016422877006,-1.7041895037802344,-0.4223965230098108,0.23806125495670127,0.2084394315674475,-0.16331693605151867,0.47058823529411764,0.1261591469755972,76.80381503105903,10.79759958125147,0.046668425487394014,3103,0.3766996164450703,-0.048388949247581275,0.04975689280008137,"[-0.35, -0.49, 1.88, -1.7]","['net_sharpe', 'dbl_sharpe', 'tri_sharpe', 'ret_2x', 'pos_folds', 'turnover', 'gross_edge', 'short_pnl']",3,15,2,9,0.3,2
-35.4751070625183,-15.865956558657517,0.44724196408193245,0.1770001634863524,-0.26894213073051276,-0.7130652067120989,-1.7041895037802304,-0.45114415146276393,0.26465104972358,0.23860534459035143,-0.1580847957618618,0.47058823529411764,0.12817148007806367,76.19737212029374,10.382479814953916,0.046339653370510665,3092,0.4580691888193734,-0.14487328616247144,0.0441200875601991,"[-0.41, -0.49, 1.88, -1.7]","['net_sharpe', 'dbl_sharpe', 'tri_sharpe', 'ret_2x', 'pos_folds', 'turnover', 'gross_edge', 'short_pnl']",3,15,2,9,0.3,4
-36.00221010844352,-15.872973175422452,0.4408888545345109,0.12632983805538506,-0.2876422718259276,-0.6993607619916002,-1.7041895037802373,-0.4750721397535757,0.26746697467431846,0.24012200471113532,-0.18018018563057556,0.47058823529411764,0.13812861558985196,76.3130326171907,9.612379121843064,0.04607274302114344,3089,0.5020213488261696,-0.21161601646971812,0.04539748516411177,"[-0.46, -0.49, 1.88, -1.7]","['net_sharpe', 'dbl_sharpe', 'tri_sharpe', 'ret_2x', 'pos_folds', 'turnover', 'gross_edge', 'short_pnl']",3,15,2,9,0.3,6
-27.132861707530772,-14.415631011823482,0.5312978471350259,0.4313361952366916,-0.016103765155453476,-0.4620294597607574,-2.1744759777131737,0.13876220064808065,0.25042176998192944,0.21621971282886654,-0.04149572985221749,0.5294117647058824,0.12929686374453322,77.10182725295007,14.708070748378915,0.04674240192662605,2893,0.560245450706063,-0.11129815126910247,0.05571028915930244,"[0.13, 0.15, 2.28, -2.17]","['net_sharpe', 'dbl_sharpe', 'tri_sharpe', 'ret_2x', 'turnover', 'gross_edge', 'short_pnl']",3,15,2,9,0.45,0
-32.9311288065672,-16.05448506015893,0.487516998110229,0.2925914246751735,-0.16666765767541877,-0.6237091885165105,-2.174475977713182,-0.11198860985234069,0.250421769981929,0.21621971282886787,-0.11467871257964249,0.47058823529411764,0.12654364594232112,77.47319153890821,12.212601116893746,0.048094019009157156,2898,0.470789651904164,-0.09621826202125042,0.05217824751876271,"[-0.38, 0.15, 2.28, -2.17]","['net_sharpe', 'dbl_sharpe', 'tri_sharpe', 'ret_2x', 'pos_folds', 'turnover', 'gross_edge', 'short_pnl']",3,15,2,9,0.45,2
-29.472908100925398,-14.607616881571872,0.4956286238042868,0.3519951732965177,-0.08427027534697813,-0.52006158816964,-2.1744759777131843,0.027096326342444174,0.25042176998192867,0.2162197128288672,-0.07837203670705978,0.5294117647058824,0.1319486451098909,76.65899683964841,13.460459046736588,0.04680319965553236,2887,0.5679264122499617,-0.15942083951785865,0.051704975263154616,"[-0.1, 0.15, 2.28, -2.17]","['net_sharpe', 'dbl_sharpe', 'tri_sharpe', 'ret_2x', 'pos_folds', 'turnover', 'gross_edge', 'short_pnl']",3,15,2,9,0.45,4
-29.152328791690696,-14.40753467111197,0.4942155659008126,0.33558408020802327,-0.06963463640612551,-0.47450118006386705,-2.1744759777131715,0.047133537458012804,0.2504217699819279,0.21621971282886632,-0.07877415861771526,0.5294117647058824,0.14173608687710954,76.50714094504015,13.546223591354726,0.04619830464967856,2883,0.6111404423813842,-0.20084641490234798,0.05790144297384253,"[-0.06, 0.15, 2.28, -2.17]","['net_sharpe', 'dbl_sharpe', 'tri_sharpe', 'ret_2x', 'pos_folds', 'turnover', 'gross_edge', 'short_pnl']",3,15,2,9,0.45,6
-35.50610134052426,-12.334180975825053,0.34738201351742476,-0.010457951279870382,-0.42106081309538995,-0.829568904409,-1.8835721938849617,-0.5802858686592999,0.22221922638255653,0.21079746140750788,-0.2696017773539389,0.4117647058823529,0.1272906383102694,69.75735071012944,7.305313695727542,0.04666052430222642,2559,0.5071875624919081,-0.30544207450370364,0.047070038378683426,"[-0.64, -0.53, 1.68, -1.88]","['net_sharpe', 'dbl_sharpe', 'tri_sharpe', 'ret_1x', 'ret_2x', 'pos_folds', 'turnover', 'gross_edge', 'short_pnl']",3,15,2,9,0.6,0
-34.58147478714962,-12.07526317355519,0.3491830018204523,0.011450383444193244,-0.409872099081302,-0.8293207946894444,-1.8835721938849674,-0.5648832644620014,0.214601390996229,0.20194454363790437,-0.2661277864404971,0.4117647058823529,0.1244571244136751,69.94100991412567,7.669308441092231,0.04730568811853098,2561,0.4917901209965825,-0.27943483009379666,0.04928381280010021,"[-0.6, -0.53, 1.68, -1.88]","['net_sharpe', 'dbl_sharpe', 'tri_sharpe', 'ret_1x', 'ret_2x', 'pos_folds', 'turnover', 'gross_edge', 'short_pnl']",3,15,2,9,0.6,2
-33.07278869977042,-14.452168812278982,0.43698065329396624,0.09435719509567589,-0.30723033290614,-0.7080950279994215,-1.8835721938849668,-0.39531758852616566,0.21460139099622888,0.18862273474897417,-0.21971544563494314,0.4117647058823529,0.12981467674730704,69.44295220979929,9.17874662474532,0.046259152318525405,2552,0.6395767537691774,-0.38723649751284145,0.0426850294572568,"[-0.27, -0.53, 1.68, -1.88]","['net_sharpe', 'dbl_sharpe', 'tri_sharpe', 'ret_2x', 'pos_folds', 'turnover', 'gross_edge', 'short_pnl']",3,15,2,9,0.6,4
-33.88124373587222,-11.892599734920672,0.3510083581237965,0.0264281662996668,-0.3448109598685876,-0.7153981853973624,-1.8835721938849672,-0.4618991056903222,0.21460139099622932,0.20097504388377674,-0.26267092087192945,0.4117647058823529,0.1398723259613649,69.18508629061887,7.869604576057481,0.045591180159292685,2547,0.6584795363840088,-0.4429333315731425,0.050456668090880424,"[-0.4, -0.53, 1.68, -1.88]","['net_sharpe', 'dbl_sharpe', 'tri_sharpe', 'ret_1x', 'ret_2x', 'pos_folds', 'turnover', 'gross_edge', 'short_pnl']",3,15,2,9,0.6,6
-23.06406428273472,-12.518376158065314,0.5427654035562288,0.11454483883721196,-0.22812849943610758,-0.5685846698329496,-1.277332531706582,0.03380238514262254,0.19524206177106895,0.16228741685881332,-0.2003562749540507,0.35294117647058826,0.13452516088467956,61.54749459361635,9.844101240711735,0.034510185047618054,2547,0.1974368704777127,0.042425119824624796,0.0036598965278826986,"[-0.27, 0.34, 0.52, -1.28]","['net_sharpe', 'dbl_sharpe', 'tri_sharpe', 'ret_2x', 'pos_folds', 'turnover', 'gross_edge']",3,15,2,12,0.0,0
-40.63948263317192,-13.774728675789014,0.3389494103585219,-0.19702886458246724,-0.5342883954101284,-0.8695309195906011,-1.3460331795692733,-0.7066972925969415,0.4013935185273959,0.3044522785863578,-0.19131688218831153,0.47058823529411764,0.13274308466556944,59.798287550877426,2.9203600530980407,0.03427916575895322,2545,0.12459252585582954,-0.055457181705287226,0.03346471355426883,"[-1.35, -0.95, -0.47, 0.81]","['net_sharpe', 'dbl_sharpe', 'tri_sharpe', 'ret_1x', 'ret_2x', 'pos_folds', 'turnover', 'gross_edge', 'short_pnl']",3,15,2,12,0.0,2
-26.226239618444044,-12.442830130945731,0.47444202111976064,0.17684536312863824,-0.17094471550567247,-0.5163787614746829,-1.4102812304494676,0.0358067291729985,0.2720854704690343,0.21545862994279463,-0.11417988734506267,0.5882352941176471,0.1324778731754322,61.50574296857973,11.200916159176948,0.034883294133674504,2509,0.39280016248265104,-0.12006307519991652,0.04578470206675812,"[-0.07, -1.41, 0.14, 0.55]","['net_sharpe', 'dbl_sharpe', 'tri_sharpe', 'ret_2x', 'pos_folds', 'turnover', 'gross_edge', 'short_pnl']",3,15,2,12,0.0,4
-21.48647806464196,-12.272093121211892,0.5711542433474375,0.31988116020928975,-0.03179808155345962,-0.3818433583404985,-0.9303319814781392,0.04177188418243857,0.25250452592807715,0.21828646463044998,-0.04489677880027296,0.5294117647058824,0.12231577049248349,57.39678610359263,14.339481863536307,0.03283103635382359,2493,0.24350054832065604,0.08233316414562716,0.06726210056303415,"[0.56, -0.47, 0.59, -0.93]","['net_sharpe', 'dbl_sharpe', 'tri_sharpe', 'ret_2x', 'pos_folds', 'turnover', 'gross_edge']",3,15,2,12,0.0,6
-39.53545118737406,-21.20886235314073,0.5364517595264966,0.06907587287329311,-0.2728667567684306,-0.6124650038434815,-1.4289965154566169,-0.478259155843754,0.35084750901361283,0.27710387396575253,-0.12673753045660724,0.35294117647058826,0.1333788654324772,60.95548351657587,8.834454643446893,0.035882624254827356,2414,0.09544420675879411,0.11774612655710588,0.02842611340723843,"[0.6, 0.46, -1.43, -1.42]","['net_sharpe', 'dbl_sharpe', 'tri_sharpe', 'ret_2x', 'pos_folds', 'turnover', 'gross_edge']",3,15,2,12,0.3,0
-42.018792496456555,-14.266262858147325,0.3395210097803358,-0.1921413249334825,-0.5428047301034624,-0.8905602774389325,-1.4289965154566158,-0.7874137519388131,0.3508475090136145,0.2771038739657511,-0.217153441362268,0.35294117647058826,0.12992768122172618,60.9837814997406,3.2175917524412667,0.03657788589187793,2409,-0.06410305660465937,0.14178503424798117,0.031232052621640468,"[-0.16, 0.46, -1.43, -1.42]","['net_sharpe', 'dbl_sharpe', 'tri_sharpe', 'ret_1x', 'ret_2x', 'pos_folds', 'turnover', 'gross_edge', 'long_pnl']",3,15,2,12,0.3,2
-42.37513578343458,-17.590870536346085,0.41512245827947913,-0.23194729368894706,-0.5864226869513193,-0.9384975378978397,-1.4289965154566038,-0.8457782151012441,0.3508475090136156,0.2771038739657541,-0.22916016042582954,0.35294117647058826,0.12845997626111327,60.84371232944647,2.5303449719958104,0.036442877312734316,2405,0.002043435984568409,0.058906102472744054,0.02470468429077344,"[-0.27, 0.46, -1.43, -1.42]","['net_sharpe', 'dbl_sharpe', 'tri_sharpe', 'ret_1x', 'ret_2x', 'pos_folds', 'turnover', 'gross_edge']",3,15,2,12,0.3,4
-40.699181305346066,-15.061700832577051,0.3700738036860366,-0.08131815459877109,-0.44760219158867415,-0.8113559349991667,-1.428996515456615,-0.5995646881176409,0.3508475090136146,0.27710387396575187,-0.17446174683480103,0.35294117647058826,0.12365078844890913,60.52285974910008,5.771711250072397,0.03653011289699425,2402,-0.006788049647401387,0.14508067427017624,0.027328090656316778,"[0.22, 0.46, -1.43, -1.42]","['net_sharpe', 'dbl_sharpe', 'tri_sharpe', 'ret_1x', 'ret_2x', 'pos_folds', 'turnover', 'gross_edge', 'long_pnl']",3,15,2,12,0.3,6
-44.23346029607773,-14.933290788775414,0.3376016863437559,-0.22721660160608936,-0.5604972611815456,-0.8915928215055497,-1.8087069501243849,-0.6069438229121318,0.3675882441705659,0.28107512338512464,-0.2179994973537505,0.29411764705882354,0.13283518427288032,59.22602964920337,2.219543565419735,0.037044732740767375,2265,0.2702076244275648,-0.21816594823464885,0.03644961722714759,"[0.25, -0.56, -0.65, -1.81]","['net_sharpe', 'dbl_sharpe', 'tri_sharpe', 'ret_1x', 'ret_2x', 'pos_folds', 'turnover', 'gross_edge', 'short_pnl']",3,15,2,12,0.45,0
-48.2475169807298,-14.845389840224554,0.3076923076923077,-0.6608284824414589,-1.0096734312452451,-1.3559743932082502,-1.8087069501243864,-0.8400226361275456,0.4199958011287117,0.30813893647746193,-0.3039252942956089,0.17647058823529413,0.12697932217020236,59.241494329910516,-6.79269276377578,0.03798549462037441,2263,0.1756787885419906,-0.33498875975659825,0.034222745121245665,"[-1.03, -0.56, -0.65, -1.81]","['net_sharpe', 'dbl_sharpe', 'tri_sharpe', 'ret_1x', 'ret_2x', 'pos_folds', 'turnover', 'gross_edge', 'short_pnl']",3,15,2,12,0.45,2
-47.50003850322435,-14.61539646253057,0.3076923076923077,-0.6238615290275309,-0.9673726565586603,-1.308650737137781,-1.8087069501243913,-0.7813158325927336,0.417929869528616,0.30631711234356074,-0.29839367139667516,0.23529411764705882,0.1288447466791038,59.12692755537536,-6.1630561176419425,0.037551123658701384,2259,0.25234088774091984,-0.39660437195707815,0.026913323064718657,"[-0.91, -0.56, -0.65, -1.81]","['net_sharpe', 'dbl_sharpe', 'tri_sharpe', 'ret_1x', 'ret_2x', 'pos_folds', 'turnover', 'gross_edge', 'short_pnl']",3,15,2,12,0.45,4
-45.4180764646971,-13.97479275836834,0.3076923076923077,-0.3951609614320951,-0.7531650258923387,-1.1086760599954613,-1.8087069501243835,-0.6069438229121301,0.3675882441705649,0.28107512338512697,-0.2603110739259844,0.17647058823529413,0.12317835843928382,58.97375127634789,-0.794943443482589,0.03760424564748442,2256,0.18330764861217927,-0.201867306568823,0.03659531387686094,"[-0.18, -0.56, -0.65, -1.81]","['net_sharpe', 'dbl_sharpe', 'tri_sharpe', 'ret_1x', 'ret_2x', 'pos_folds', 'turnover', 'gross_edge', 'short_pnl']",3,15,2,12,0.45,6
-42.31657365241165,-14.11494210963826,0.3335558834601875,-0.30178530348605737,-0.6131445002957921,-0.9229584433512329,-1.468692899281055,-0.6866530444552974,0.342923770676304,0.25896740941955976,-0.24927524401574638,0.29411764705882354,0.1313820669486471,54.644641929473885,0.11572606596415823,0.036264568020320416,2032,0.26191142938254885,-0.25940789386589996,0.07051622566901952,"[-0.34, -1.47, 0.29, -1.03]","['net_sharpe', 'dbl_sharpe', 'tri_sharpe', 'ret_1x', 'ret_2x', 'pos_folds', 'turnover', 'gross_edge', 'short_pnl']",3,15,2,12,0.6,0
-45.343558493032035,-15.114519497677344,0.3333333333333333,-0.5326318600451982,-0.8585623074700951,-1.1831770254446794,-1.4686928992810513,-1.0416324550021636,0.38203246242887123,0.2868179293857642,-0.2874042638510106,0.29411764705882354,0.12611310983252608,54.75023029782733,-4.8119847184411215,0.03657340747472547,2033,0.18015953554664726,-0.28445974304050503,0.0654241077430299,"[-1.05, -1.47, 0.29, -1.03]","['net_sharpe', 'dbl_sharpe', 'tri_sharpe', 'ret_1x', 'ret_2x', 'pos_folds', 'turnover', 'gross_edge', 'short_pnl']",3,15,2,12,0.6,2
-45.011214076290244,-15.003738025430081,0.3333333333333333,-0.4968600437231472,-0.8175376206529481,-1.1371233779104601,-1.4686928992810546,-0.9811417016519302,0.3797052873660386,0.2848073879131712,-0.28114447926645214,0.29411764705882354,0.12799264324727377,54.63500380843234,-4.118145119716139,0.03613427839376239,2029,0.2566878721089755,-0.3457611853589993,0.05811873919317369,"[-0.93, -1.47, 0.29, -1.03]","['net_sharpe', 'dbl_sharpe', 'tri_sharpe', 'ret_1x', 'ret_2x', 'pos_folds', 'turnover', 'gross_edge', 'short_pnl']",3,15,2,12,0.6,4
-44.54890714378268,-14.849635714594225,0.3333333333333333,-0.4910449785016198,-0.8186411606880954,-1.1437156951345941,-1.4686928992810633,-0.9763070616722925,0.3637629248021873,0.26701604335074824,-0.28376228900353095,0.29411764705882354,0.1234487432692763,54.18597083047982,-3.6938206830255877,0.0366944725896736,2022,0.1960434842241971,-0.27528224049463035,0.06875134850527662,"[-0.92, -1.47, 0.29, -1.03]","['net_sharpe', 'dbl_sharpe', 'tri_sharpe', 'ret_1x', 'ret_2x', 'pos_folds', 'turnover', 'gross_edge', 'short_pnl']",3,15,2,12,0.6,6
-23.2947029540967,-8.403558474592888,0.3607497589109633,-0.03930585102206414,-0.29098149171973586,-0.541670009643271,-0.6543992946177085,-0.3634220303938718,0.2294143026304275,0.18440944455339126,-0.20417559147711237,0.47058823529411764,0.13379599054082128,44.887093426133994,6.075890782181939,0.026119662224494668,2025,0.16830600911977778,-0.060335182671857834,0.07424239559685267,"[0.05, -0.11, -0.65, -0.62]","['net_sharpe', 'dbl_sharpe', 'tri_sharpe', 'ret_1x', 'ret_2x', 'pos_folds', 'turnover', 'gross_edge', 'short_pnl']",3,15,2,15,0.0,0
-20.680925757395745,-12.22656338592516,0.5912000037789796,0.2039149026308196,-0.058282091675476703,-0.31908264677906945,-1.2553352782463243,0.15667516499882178,0.24541885756415105,0.2069078854396149,-0.06922930515400055,0.5882352941176471,0.13548035603172784,47.367457636045536,13.0161890512013,0.02685979701725715,2029,0.21369952309021847,0.030384248720110585,0.044676937417453745,"[0.14, 0.17, -1.26, 0.36]","['net_sharpe', 'dbl_sharpe', 'tri_sharpe', 'ret_2x', 'turnover', 'gross_edge']",3,15,2,15,0.0,2
-15.6925775450771,-9.766088210059674,0.6223380564478003,0.3252224417529693,0.061777727440275265,-0.19953889584511167,-0.7285530614008581,0.06248307988405276,0.211057221564526,0.17511974584755752,-0.0027548335697065857,0.47058823529411764,0.13195626161163332,46.3447619694738,16.564068221143746,0.026479055405533015,2035,0.2936326344420155,0.01027572706209999,0.021983569507718122,"[0.56, -0.73, 0.06, 0.06]","['net_sharpe', 'dbl_sharpe', 'tri_sharpe', 'ret_2x', 'turnover', 'gross_edge']",3,15,2,15,0.0,4
6.605598262729785,4.870006065104578,0.7372543517492134,0.5584506521740036,0.2791594889420205,-0.0007003175031641632,-0.39460725933439555,0.3010368229374787,0.15944824648202227,0.1350641475928922,0.17454994321830264,0.5882352941176471,0.12735029265068049,47.43516886161046,22.346574697439223,0.026678671505748448,2016,0.4092510975355087,0.010398100120270024,0.015522843470944167,"[0.69, 0.84, -0.09, -0.39]","['net_sharpe', 'dbl_sharpe', 'tri_sharpe', 'pos_folds', 'turnover', 'gross_edge']",3,15,2,15,0.0,6
-16.400876430435744,-9.303643116705938,0.56726499685351,0.20481297463839887,-0.07182867162713837,-0.3469961626662876,-1.1190860307961392,0.1063711243919368,0.19269069301968578,0.18140613228546132,-0.08887295643270246,0.5294117647058824,0.12692006336282838,46.811213012532384,12.968423785290419,0.02758480494592745,1931,0.12870067611606223,0.11163158462949418,0.037897874334023404,"[-0.64, 1.09, 0.85, -1.12]","['net_sharpe', 'dbl_sharpe', 'tri_sharpe', 'ret_2x', 'pos_folds', 'turnover', 'gross_edge']",3,15,2,15,0.3,0
-9.692943989006661,-6.6391077803658,0.6849423444410287,0.3729875040356559,0.1001865558335459,-0.17201070427265178,-1.1190860307961392,0.36165011705470945,0.19686422646145119,0.19284501118821662,0.023353988789463567,0.5294117647058824,0.12868084770566346,46.754366664010945,17.646039436619322,0.027125721758793454,1932,0.20241822159854583,0.1242030058238222,0.033693583714452593,"[-0.13, 1.09, 0.85, -1.12]","['net_sharpe', 'dbl_sharpe', 'tri_sharpe', 'pos_folds', 'turnover', 'gross_edge']",3,15,2,15,0.3,2
1.0464590910111502,0.7766296645284764,0.742150047908754,0.4817569913946538,0.20329833028033062,-0.07414480561898375,-1.1190860307961399,0.5080913243769023,0.15263338404718974,0.13495654315534733,0.11703984507524487,0.5294117647058824,0.126117609693875,46.77066880634331,20.399379010542255,0.027216532240806467,1929,0.19674440818250127,0.18097170314902514,0.04022389985641654,"[0.16, 1.09, 0.85, -1.12]","['net_sharpe', 'dbl_sharpe', 'tri_sharpe', 'turnover', 'gross_edge']",3,15,2,15,0.3,4
6.298942157030491,5.372403108633003,0.8529056109265359,0.5954945106249663,0.31321806676357156,0.03066220169659559,-1.1190860307961388,0.6712740480583741,0.15263338404719062,0.13495654315534722,0.20713422185993172,0.5294117647058824,0.12381418078145666,46.60329233670766,23.244014548196915,0.027412983039074756,1932,0.24901203900293412,0.17983530053780644,0.05359196549170006,"[0.49, 1.09, 0.85, -1.12]","['net_sharpe', 'dbl_sharpe', 'turnover', 'gross_edge']",3,15,2,15,0.3,6
-7.952315425843742,-4.605051008669085,0.5790830421166911,0.27117902061926547,0.0026820910147391346,-0.26457806893781716,-0.7270688974996968,0.1818341307068912,0.1758203995707034,0.16727627879171125,-0.04616843846804871,0.5294117647058824,0.1296778399486598,46.41993947323031,14.95490007903879,0.027640656913281665,1890,0.2389587230059888,0.03587060004563744,0.05640948653829741,"[-0.73, 0.89, 0.83, -0.46]","['net_sharpe', 'dbl_sharpe', 'tri_sharpe', 'ret_2x', 'pos_folds', 'turnover', 'gross_edge']",3,15,2,15,0.45,0
0.38841675495979067,0.27851141393513684,0.7170427392195495,0.4654579448310422,0.20367871340865462,-0.057199519215604726,-0.4624869195505093,0.3680357070297648,0.193112584822546,0.18909979599843807,0.095248993308613,0.5294117647058824,0.13276695498459753,46.29007917012177,20.692490085449442,0.027029211490781194,1887,0.32237913759103587,0.05682726547419398,0.046594489026462516,"[-0.09, 0.89, 0.83, -0.46]","['net_sharpe', 'dbl_sharpe', 'tri_sharpe', 'pos_folds', 'turnover', 'gross_edge']",3,15,2,15,0.45,2
18.726605640388588,16.69980015345816,0.8917686672186272,0.7066596514815263,0.43753634064434593,0.16929957648249164,-0.4624869195505033,0.7173277052473956,0.15201302780651393,0.13642460117053912,0.3241382636456055,0.5882352941176471,0.12868838194135368,46.08253264967702,27.115869367545425,0.026886570780140454,1880,0.2967883854494837,0.19790357803858413,0.048157248856910466,"[0.61, 0.89, 0.83, -0.46]","['net_sharpe', 'dbl_sharpe', 'turnover', 'gross_edge']",3,15,2,15,0.45,4
20.479155984839096,18.489226798006463,0.9028314844466346,0.7455770814257825,0.47230383454659136,0.1988073395732086,-0.4624869195505022,0.7741525868664554,0.1520130278065146,0.13642460117053845,0.3478602804398375,0.5882352941176471,0.12585558842793337,45.89107027572512,27.834923518393722,0.02739800887221913,1883,0.33152001631430195,0.1741802722422593,0.06688153556013855,"[0.72, 0.89, 0.83, -0.46]","['net_sharpe', 'dbl_sharpe', 'turnover', 'gross_edge']",3,15,2,15,0.45,6
-9.456216894373654,-6.108478871493072,0.6459749115026698,0.385232951670485,0.1300295452399852,-0.1240903476921895,-0.7222338146710547,0.3678005709425372,0.25258519737687923,0.22554388604471975,0.033429913598377964,0.5882352941176471,0.1332742758464227,45.27983204996857,18.69067405861496,0.028025439271711455,1739,0.42248204569865333,-0.08743580148301719,0.04692157279906649,"[-0.72, 0.22, 1.06, 0.51]","['net_sharpe', 'dbl_sharpe', 'tri_sharpe', 'turnover', 'gross_edge', 'short_pnl']",3,15,2,15,0.6,0
6.884810273382316,5.342463330326893,0.7759782939817004,0.5575572652955633,0.3040555226121876,0.05103413268913163,-0.17541438080177013,0.3678005709425375,0.21554658320283637,0.19023869240905733,0.15017527107959003,0.5882352941176471,0.13442361235188013,45.34013006631277,23.850615902831425,0.02773035302001652,1740,0.5007120979001185,-0.07260015562661595,0.047332239640905376,"[-0.18, 0.22, 1.06, 0.51]","['net_sharpe', 'dbl_sharpe', 'turnover', 'gross_edge', 'short_pnl']",3,15,2,15,0.6,2
38.5194593579416,35.659585932476,0.9257550995487693,0.9401174979160848,0.6735357981433485,0.4074998903382762,0.22330480180051185,0.7358129904724688,0.17345185480530845,0.16689382036019718,0.46882946300740824,0.6470588235294118,0.1280714656349678,45.353372780742376,33.95804821454785,0.02761475108089924,1737,0.5717190934415599,0.03799648691303548,0.04677711469104092,"[0.96, 0.22, 1.06, 0.51]","['turnover', 'gross_edge']",3,15,2,15,0.6,4
36.32075340239855,33.59570905941805,0.9249728023868429,0.8934062285913328,0.6308387885572122,0.3677195605033618,0.2233048018005117,0.6661706795188356,0.17345185480530867,0.1668938203601973,0.4346716966627956,0.6470588235294118,0.12827852009501345,44.94379844543884,32.895934753860445,0.02773179281017861,1736,0.5459557112954619,0.03935569624121375,0.060763661026806415,"[0.82, 0.22, 1.06, 0.51]","['turnover', 'gross_edge']",3,15,2,15,0.6,6
