G,G_eff,compliance,sh1,sh2,sh3,worst,median,dd2,dd1,cal2,posq2,vol,turn,edge,costsh,trades,L,S,fund,folds,fails,ks,kl,n,cad,dg,ph
-38.37827315132575,-13.130228708541312,0.3421266156705057,-0.30937874115307623,-0.6167990827994568,-0.9231457743681186,-1.337453003597844,-0.7847485465127988,0.27377848709408326,0.19321389981311965,-0.27262957321573617,0.35294117647058826,0.11492521878509233,47.142183240418994,-0.01562986110790129,0.035547980587941785,1310,-0.025602282099967302,0.025310579840554626,0.05372934163856442,"[-0.25, -1.32, 0.43, -1.34]","['net_sharpe', 'dbl_sharpe', 'tri_sharpe', 'ret_1x', 'ret_2x', 'pos_folds', 'turnover', 'gross_edge', 'long_pnl']",1,21,1,9,0.3,0
-34.340945969985235,-12.79892513842745,0.3727015892227896,-0.14750522894485715,-0.4197078716317569,-0.6904052433362433,-1.2450467251926076,-0.27492398540897667,0.29572818875149276,0.27614040179917043,-0.20822034192236857,0.4117647058823529,0.130582838758883,47.53462519266949,3.193560037455122,0.03495592103745781,1344,0.08358151837939386,-0.02348350146200042,0.06147608715305567,"[-0.57, -1.25, 0.02, 0.02]","['net_sharpe', 'dbl_sharpe', 'tri_sharpe', 'ret_1x', 'ret_2x', 'pos_folds', 'turnover', 'gross_edge', 'short_pnl']",1,21,1,9,0.3,1
-45.05978395143012,-15.396869264546389,0.34169869258899804,-0.3561857911749349,-0.655910138255956,-0.9533476123858162,-1.6450559054059366,-1.197182199271671,0.3357782577929139,0.2546758671071693,-0.24077466608867087,0.29411764705882354,0.1175766295433256,47.28125824190897,-1.5205051696604361,0.035223562156104934,1338,0.03032589326446604,-0.058787008198751406,0.049150472888835395,"[-1.19, 1.59, -1.21, -1.65]","['net_sharpe', 'dbl_sharpe', 'tri_sharpe', 'ret_1x', 'ret_2x', 'pos_folds', 'turnover', 'gross_edge', 'short_pnl']",1,21,1,9,0.3,2
22.63453532799414,20.824926021736715,0.9200509628302677,1.001339719982353,0.7065143044520029,0.41293695306310846,-0.2855182935682207,0.7537426186517777,0.16460701002282996,0.13381731768989813,0.4883882986331122,0.5294117647058824,0.1192504474163631,46.62285937996343,33.023075679680716,0.032745571058535435,1277,0.46115511976008094,0.14836971826938386,0.05002335448670863,"[0.77, 1.53, -0.29, 0.74]","['turnover', 'gross_edge']",1,21,1,9,0.3,3
32.70967135346117,30.344011069165507,0.927677039040463,1.0249925572411516,0.7369646481238495,0.4491948614902029,-0.052580089593846926,0.7103380751552366,0.15487873310611755,0.13687287715831697,0.5357968215991821,0.6470588235294118,0.11733880853757704,44.95997244516195,34.32801621329981,0.031787219312639385,1356,0.3772687357170962,0.23374324458508527,0.05222262955790029,"[1.36, 0.3, 1.12, -0.05]","['turnover', 'gross_edge']",1,21,1,9,0.3,4
31.621356782603012,28.332729683640018,0.8959998104580925,0.9455816131278011,0.6507046589526342,0.35556957261136957,-0.09183719623513349,0.42843668266735874,0.113690994753613,0.10620333878307642,0.6218136902930747,0.7058823529411765,0.11504171476863435,45.2281712391797,31.618308754228988,0.03205294983164143,1326,0.41169490231436234,0.154443541082805,0.054450953101862695,"[1.58, -0.07, 0.92, -0.09]","['pos_folds', 'turnover', 'gross_edge']",1,21,1,9,0.3,5
-24.539449074469076,-12.108445022667492,0.49342774509412923,0.15887037753040217,-0.11283268289321968,-0.3852854837745478,-1.1534651463222332,0.0033060257043473484,0.25268669634141705,0.20198155270001994,-0.0821175520249448,0.5294117647058824,0.1211590464799715,43.802583186650175,12.056375004400715,0.0319244443715656,1337,0.21511930011485136,-0.006049427980253083,0.052880816700272046,"[-0.6, -1.15, 0.61, 0.87]","['net_sharpe', 'dbl_sharpe', 'tri_sharpe', 'ret_2x', 'pos_folds', 'turnover', 'gross_edge', 'short_pnl']",1,21,1,9,0.3,6
14.047178085395034,9.63325738783596,0.6857788325366029,0.530611484277574,0.23829579128023812,-0.05484941722377396,-0.2658793730553944,0.31358250711772756,0.12991681730500215,0.12578437974173384,0.15938020627639268,0.5882352941176471,0.11258881674709348,43.91670494961717,21.27748332212318,0.03176004768899498,1359,0.42486323828807926,-0.0549286073154544,0.050545341446496424,"[-0.27, 0.61, 0.22, 0.41]","['net_sharpe', 'dbl_sharpe', 'tri_sharpe', 'turnover', 'gross_edge', 'short_pnl']",1,21,1,9,0.3,7
-46.97044549599285,-15.201124966884315,0.32363169662040264,-0.4949668673178611,-0.7956270564755563,-1.0947024571336204,-2.077382780188917,-0.7309097339140447,0.40069044731124925,0.3489784448946218,-0.226259448349848,0.29411764705882354,0.11145473959261364,44.81969859836914,-4.747403490451,0.034864995213204075,1282,0.11012349087070414,-0.1943599414745704,0.061398929241056985,"[-0.04, -0.1, -2.08, -1.37]","['net_sharpe', 'dbl_sharpe', 'tri_sharpe', 'ret_1x', 'ret_2x', 'pos_folds', 'turnover', 'gross_edge', 'short_pnl']",1,21,1,9,0.3,8
-44.0611815224741,-11.565604062236229,0.26248964877024483,-0.5977983833276255,-0.8703373999459293,-1.1417299761192847,-1.6366511264602075,-0.7751419523517564,0.3473046180805246,0.2818879816263501,-0.2767377829134183,0.29411764705882354,0.10912078590690702,39.69086414967042,-8.781513285137894,0.03659428484007028,1015,-0.12079848707793739,-0.01718747304475038,0.06268832504180058,"[-0.24, -1.64, -0.51, -1.04]","['net_sharpe', 'dbl_sharpe', 'tri_sharpe', 'ret_1x', 'ret_2x', 'pos_folds', 'turnover', 'gross_edge', 'long_pnl', 'short_pnl']",1,21,1,9,0.45,0
-31.97429563089577,-11.49876024389568,0.3596251306560381,-0.15867981570035114,-0.40960021410835445,-0.6593739567708542,-1.0540925891775046,-0.38868032503448063,0.280307348524066,0.27614040179917043,-0.21090032413257742,0.47058823529411764,0.12824711694693716,43.01190232588562,2.490778329223471,0.035286230980817825,1141,0.12353498475527963,-0.08112201214258666,0.055293670862034044,"[-0.54, -1.05, 0.19, -0.23]","['net_sharpe', 'dbl_sharpe', 'tri_sharpe', 'ret_1x', 'ret_2x', 'pos_folds', 'turnover', 'gross_edge', 'short_pnl']",1,21,1,9,0.45,1
-36.55598813175355,-16.433951097513372,0.44955565250439455,-0.02185120833408383,-0.2827945062246229,-0.5422949570927649,-1.4546453125365781,-0.7205551977978881,0.26405300410397303,0.2514027052285486,-0.15115147282466831,0.4117647058823529,0.11870576432271655,41.414420675100274,6.698679049112255,0.03513618372506366,1003,0.043525264786661105,0.06630341000654862,0.05351827688771984,"[-1.45, 2.0, -0.34, -1.1]","['net_sharpe', 'dbl_sharpe', 'tri_sharpe', 'ret_1x', 'ret_2x', 'pos_folds', 'turnover', 'gross_edge']",1,21,1,9,0.45,2
20.681752224766008,19.12843638088129,0.9248943790156884,0.7589069960943057,0.4943116815225583,0.23081467605479003,-0.6320591317032578,0.7412077331780713,0.1337225958704812,0.09759058400183696,0.39018959447989293,0.6470588235294118,0.11641120261848581,40.93101247063668,28.944412714656764,0.033273540839852817,994,0.2681004687660231,0.2009204490943792,0.03803941717305232,"[0.98, 0.95, -0.63, 0.53]","['net_sharpe', 'dbl_sharpe', 'turnover', 'gross_edge']",1,21,1,9,0.45,3
9.656465870849546,8.215230005433893,0.8507491369315162,0.7487074668638491,0.4938914109841763,0.2393599665504986,-0.7590207169396757,0.6010273182614125,0.15257537503467267,0.13838780395957095,0.3464560306011044,0.5294117647058824,0.11821201137472888,40.113998685576576,29.62526287938443,0.03265367352216137,1100,0.5297851516061387,-0.05931383442421008,0.04527108220331727,"[1.25, -0.76, 0.83, 0.37]","['net_sharpe', 'dbl_sharpe', 'turnover', 'gross_edge', 'short_pnl']",1,21,1,9,0.45,4
-15.317032293793206,-9.094654005237725,0.5937608428835837,0.2697330645112021,-0.009750844326095081,-0.28912664036748376,-1.0016857527294154,-0.15118297535525557,0.16764121774199725,0.12909654288054295,-0.04272543885011168,0.5294117647058824,0.11098963966037234,41.34146879750344,14.748668483242243,0.034342156727702425,1071,0.14857121185532923,0.09281568893159259,0.06355928924008514,"[0.93, -0.54, 0.24, -1.0]","['net_sharpe', 'dbl_sharpe', 'tri_sharpe', 'ret_2x', 'pos_folds', 'turnover', 'gross_edge']",1,21,1,9,0.45,5
-28.228474384474254,-16.061749806592633,0.5689910686574916,0.06983837220486826,-0.17686824515607727,-0.42411720264709735,-1.1515020887058158,-0.17515477656905792,0.29475933582704195,0.24859277317320116,-0.09676867363558568,0.5882352941176471,0.12187194791591191,39.99597229386231,9.71032609516529,0.032740052190065504,1073,0.09711333256995293,0.05664018355586514,0.055554624398753916,"[-1.15, -0.88, 0.53, 1.2]","['net_sharpe', 'dbl_sharpe', 'tri_sharpe', 'ret_2x', 'pos_folds', 'turnover', 'gross_edge']",1,21,1,9,0.45,6
43.833377122758115,37.90134036630171,0.8646684981665145,0.7963441482263681,0.5398046190762558,0.2819445015759575,0.35516520533174845,0.5146741361207609,0.11161179045572056,0.10741257808914695,0.49529964525049713,0.5882352941176471,0.11129216570113641,38.22280694196693,30.966902742416238,0.030642879326025885,1080,0.5197117950299951,-0.051119298950600245,0.0441423594245845,"[0.57, 0.36, 0.45, 0.77]","['net_sharpe', 'turnover', 'gross_edge', 'short_pnl']",1,21,1,9,0.45,7
-42.823898300869,-16.829316276280515,0.3929888904097974,-0.3138646276892717,-0.5810743249639474,-0.8474034311132324,-1.640501324361552,-0.707390993866546,0.3375612403118172,0.28118508316611845,-0.19888487232991756,0.29411764705882354,0.10923430642433926,38.94527728348251,-1.1314164411537744,0.033786216593473,1055,0.1367962366092929,-0.15424048525297143,0.06437035096172111,"[0.15, 0.29, -1.64, -1.57]","['net_sharpe', 'dbl_sharpe', 'tri_sharpe', 'ret_1x', 'ret_2x', 'pos_folds', 'turnover', 'gross_edge', 'short_pnl']",1,21,1,9,0.45,8
-41.048456482944516,-15.608122173105452,0.38023651826203425,-0.43137335572742463,-0.6878548369026584,-0.9438733597015521,-1.3745036767739538,-0.9240881056927072,0.3159883645554704,0.257935658131453,-0.2295013998878692,0.35294117647058826,0.10191963949385371,34.7564648981722,-4.9970829872507245,0.03765766734104169,774,-0.1140303514958288,0.0452717330053438,0.06276268513126379,"[0.09, -1.01, -1.37, -0.84]","['net_sharpe', 'dbl_sharpe', 'tri_sharpe', 'ret_1x', 'ret_2x', 'pos_folds', 'turnover', 'gross_edge', 'long_pnl']",1,21,1,9,0.6,0
-40.1349736647138,-15.029827534426614,0.37448205796733,-0.4725091607704193,-0.6921188226584206,-0.9103940924808402,-1.369748542757305,-0.5629019106343173,0.3562436851410701,0.29990733286394355,-0.25198685156467554,0.4117647058823529,0.12429167115230921,36.62666449395108,-8.871054481136902,0.03606696589048756,869,0.009845966831068392,-0.13847754540419038,0.05171466798547318,"[-1.37, -0.69, -0.43, 0.03]","['net_sharpe', 'dbl_sharpe', 'tri_sharpe', 'ret_1x', 'ret_2x', 'pos_folds', 'turnover', 'gross_edge', 'short_pnl']",1,21,1,9,0.6,1
-32.509988211333756,-15.685423986956502,0.4824801499462922,0.04471600409474855,-0.167362048485901,-0.3788235427830106,-1.0066618590538692,-0.6980330636476051,0.26367133698717116,0.2517099135210352,-0.10006022120073557,0.4117647058823529,0.11781702892829,33.33849598284904,8.66213800655964,0.034462575894171774,741,0.10272910744159543,0.011597175785653058,0.05108176013109803,"[-1.01, 1.84, -0.51, -0.89]","['net_sharpe', 'dbl_sharpe', 'tri_sharpe', 'ret_1x', 'ret_2x', 'pos_folds', 'turnover', 'gross_edge']",1,21,1,9,0.6,2
-4.031266401229791,-3.0796818703538724,0.7639489837273902,0.34854275838962523,0.13812644594115853,-0.07136253655786245,-0.7512794821272194,0.31852906431917716,0.16856458332140944,0.1345448022563629,0.05487663972563053,0.47058823529411764,0.11346015106803176,31.829143439803534,19.70284744715463,0.03220011357892242,717,0.16066640289697265,0.08760627509914637,0.033131367213133714,"[0.21, 0.43, -0.75, 0.56]","['net_sharpe', 'dbl_sharpe', 'tri_sharpe', 'turnover', 'gross_edge']",1,21,1,9,0.6,3
-12.246923290973578,-8.558118432431241,0.698797422756692,0.40181943012652294,0.18600199008401047,-0.029876411515243978,-1.2694460693249463,0.42893831738508914,0.21653501358326643,0.17839799017458557,0.06934177678529546,0.47058823529411764,0.11559486537851164,33.273597934170425,21.64128581510554,0.032749962009577666,829,0.36868743115123337,-0.08361330098110575,0.03213676790777378,"[0.4, -1.27, 0.85, 0.46]","['net_sharpe', 'dbl_sharpe', 'tri_sharpe', 'turnover', 'gross_edge', 'short_pnl']",1,21,1,9,0.6,4
-17.64672073354171,-9.376819324699193,0.5313632751538001,0.15308662799370895,-0.060359554949522526,-0.27353834845124664,-0.9356602264034938,-0.24066569800898083,0.1811494338966193,0.13893958924190875,-0.07068555383754249,0.5294117647058824,0.11147158905668399,31.72410125134126,12.74646701576995,0.03339416122302377,756,0.21868743720882095,-0.05860114851115874,0.05084772587787865,"[0.31, -0.94, 0.78, -0.8]","['net_sharpe', 'dbl_sharpe', 'tri_sharpe', 'ret_2x', 'pos_folds', 'turnover', 'gross_edge', 'short_pnl']",1,21,1,9,0.6,5
-40.80283289023147,-15.949196429863635,0.39088453668818673,-0.3370556064976424,-0.52977145752463,-0.7226983222022719,-1.4062021256716928,-0.7168083924201665,0.3560570676970424,0.3262471591854056,-0.19575988031405597,0.4117647058823529,0.1224072871080018,31.29585890967265,-5.5153473837707,0.03183579810100202,772,0.03872487965469083,-0.10705854705048881,0.06286465737846667,"[-1.41, -1.2, -0.23, 1.15]","['net_sharpe', 'dbl_sharpe', 'tri_sharpe', 'ret_1x', 'ret_2x', 'pos_folds', 'turnover', 'gross_edge', 'short_pnl']",1,21,1,9,0.6,6
24.93052537704837,21.367193813359926,0.8570695358482525,0.6627211015579986,0.43804218756424834,0.21224879405407324,-0.20085600023710223,0.5042579397587067,0.10896838735371983,0.10015268731902216,0.39109943240330763,0.5294117647058824,0.10892537587533838,32.745776397239716,29.889970793635044,0.03052013572888973,857,0.5063131932956987,-0.11882741694349694,0.04081562975596523,"[-0.2, 0.95, 0.3, 0.71]","['net_sharpe', 'dbl_sharpe', 'turnover', 'gross_edge', 'short_pnl']",1,21,1,9,0.6,7
-43.5989449413539,-18.214583851545935,0.4177757942548118,-0.25659791137229376,-0.4741964312185959,-0.6908712227265714,-1.9054859960149535,-0.685561984525419,0.33553503603052803,0.2927262517707714,-0.16254965433327184,0.29411764705882354,0.10621781813306264,30.889533533852834,-1.0882155636542419,0.03307975387590361,747,0.38005797775682504,-0.3933656245528063,0.05488508007821358,"[0.65, 0.26, -1.91, -1.63]","['net_sharpe', 'dbl_sharpe', 'tri_sharpe', 'ret_1x', 'ret_2x', 'pos_folds', 'turnover', 'gross_edge', 'short_pnl']",1,21,1,9,0.6,8
-13.684799724662376,-6.447848919933606,0.4711686725172504,-0.025987483355012865,-0.24251806236743936,-0.458828897400466,-0.6544576580694695,-0.216188168338588,0.15402340598147224,0.12444373473943016,-0.22882483836781145,0.4117647058823529,0.11884077419026402,34.2931274319737,6.543380266794807,0.025561493569669448,1013,0.007572855651787738,0.08126217077415922,0.025256609977863134,"[-0.65, -0.17, 0.2, -0.26]","['net_sharpe', 'dbl_sharpe', 'tri_sharpe', 'ret_1x', 'ret_2x', 'pos_folds', 'turnover', 'gross_edge']",1,21,1,12,0.3,0
-23.794328584902484,-10.014155610945295,0.42086313027127326,0.013578939134031794,-0.21934597724659663,-0.45181955625824255,-0.8207031824052403,-0.10756042412204436,0.2257486132886546,0.19405916816188273,-0.13679793091787548,0.35294117647058826,0.11362938514914464,35.29589311362852,7.9766430994994995,0.025751627398691513,1012,0.2454783727041927,-0.13401830077412613,0.033491790430491095,"[-0.39, -0.82, 0.17, 0.21]","['net_sharpe', 'dbl_sharpe', 'tri_sharpe', 'ret_1x', 'ret_2x', 'pos_folds', 'turnover', 'gross_edge', 'short_pnl']",1,21,1,12,0.3,1
-27.97386702855817,-10.820533178907422,0.38680862992094994,-0.02506789987904314,-0.2619650509549041,-0.4981906539826094,-0.6638046391360348,-0.2656659035404027,0.334172593754974,0.26714408357761443,-0.10942148606883244,0.47058823529411764,0.11628723449692603,36.75691935061455,6.6182251865439,0.027432052014008272,981,0.11758753425933213,-0.021281028007121082,0.008312910379170287,"[0.1, -0.66, -0.09, -0.44]","['net_sharpe', 'dbl_sharpe', 'tri_sharpe', 'ret_1x', 'ret_2x', 'pos_folds', 'turnover', 'gross_edge', 'short_pnl']",1,21,1,12,0.3,2
34.922347658819234,29.87833523013908,0.8555649099551201,0.6613460710926208,0.4481816392347324,0.23502543504378762,0.2185413143042223,0.39834529214536185,0.11043390750858262,0.10700304310266162,0.43406371265684385,0.5294117647058824,0.12071155612767027,34.278337117303785,30.817257870938867,0.02400148321236343,974,0.5044215512784269,-0.08621703292001921,0.06553104762364105,"[0.68, 0.44, 0.22, 0.36]","['net_sharpe', 'dbl_sharpe', 'turnover', 'gross_edge', 'short_pnl']",1,21,1,12,0.3,3
19.501792090125473,18.90475276300776,0.9693854121529674,0.8267743602687218,0.618902138129384,0.4111230459490664,-0.17837610552253386,0.5681253526694633,0.17704950039060596,0.16747041538337204,0.3927312962186788,0.5882352941176471,0.12020937875493928,33.26844282435239,37.30992283850687,0.024459628952526694,1005,0.30232771215892956,0.18906850296173774,0.10032335370837003,"[1.67, 0.42, 0.72, -0.18]","['turnover', 'gross_edge']",1,21,1,12,0.3,4
-33.88302639719593,-12.988119995612243,0.3833223113944481,-0.2782080948581474,-0.4999389716444371,-0.7210224749292189,-1.299607191242544,-0.28573299226268567,0.2758969730426416,0.23312827453515694,-0.22322088954056815,0.4117647058823529,0.11403730167938704,33.75358213013769,-1.8467124206254337,0.026124130851706368,988,0.03245225566271109,-0.05712935573823741,0.07956013867455389,"[-1.3, 0.01, -0.13, -0.44]","['net_sharpe', 'dbl_sharpe', 'tri_sharpe', 'ret_1x', 'ret_2x', 'pos_folds', 'turnover', 'gross_edge', 'short_pnl']",1,21,1,12,0.3,5
-32.91175283344962,-17.425835937787642,0.5294715242293939,0.17660986010683716,-0.03924871084902447,-0.2548871067789521,-1.6167756530655661,-0.2989521202664078,0.3145797522682201,0.2804139726963648,-0.036474290742000835,0.5882352941176471,0.11752648650935865,33.811766485213816,13.926859303618434,0.024407332987268764,973,0.20709542133213502,-0.020673906903639044,0.06718239257391016,"[-1.62, -0.89, 0.3, 2.41]","['net_sharpe', 'dbl_sharpe', 'tri_sharpe', 'ret_2x', 'pos_folds', 'turnover', 'gross_edge', 'short_pnl']",1,21,1,12,0.3,6
8.34684003078237,7.70226732882561,0.9227764399964974,0.6125202607549572,0.4113935684377818,0.20999542843238886,-0.18672419416614328,0.38600284452033495,0.20962846679314406,0.17837415648162624,0.21458300097950644,0.5882352941176471,0.1260571682483858,33.819736870654175,30.41782927845494,0.024184202175569464,1021,0.3987588523272976,0.008502711927545925,0.0512986596785364,"[0.99, -0.19, 0.13, 0.64]","['net_sharpe', 'dbl_sharpe', 'turnover', 'gross_edge']",1,21,1,12,0.3,7
35.10576261132984,34.10326721932095,0.9714435660290899,0.9020114052947887,0.6940896495183803,0.48611465062322123,0.040415366285223644,0.6253119915983809,0.1360373099620743,0.12395522243866941,0.5974270233916406,0.5882352941176471,0.1233578073519563,34.16543961078155,39.81535771237721,0.024052450401638073,972,0.5304824201368235,0.008050947885949053,0.07284375191304449,"[1.21, 1.67, 0.04, 0.04]","['turnover', 'gross_edge']",1,21,1,12,0.3,8
10.105630681108611,8.965046171052647,0.8871337627459348,0.5500900881995359,0.3238475126338675,0.09766392893134239,-0.4518300899728645,0.477666612902802,0.14432437914064267,0.13704675495188778,0.2230991887572769,0.47058823529411764,0.11974804594389811,36.12834717076435,25.702606680422825,0.02708746014204551,965,0.20521808786202805,0.16240285670289495,0.022771062820101065,"[0.77, 0.47, 0.49, -0.45]","['net_sharpe', 'dbl_sharpe', 'turnover', 'gross_edge']",1,21,1,12,0.3,9
-22.295719898847413,-8.558499057942464,0.38386287129418506,-0.07483190468795935,-0.2807879165946255,-0.4864776459719131,-0.82935245307288,-0.2601368744880738,0.21661120524833288,0.2085444600168589,-0.2081374946008146,0.5294117647058824,0.13267431185946854,36.424548175657804,4.554636820695393,0.027214366332032985,1024,-0.05879451977863906,0.1244729718582756,0.021784041940377606,"[-0.83, -0.18, 0.53, -0.34]","['net_sharpe', 'dbl_sharpe', 'tri_sharpe', 'ret_1x', 'ret_2x', 'pos_folds', 'turnover', 'gross_edge', 'long_pnl']",1,21,1,12,0.3,10
-20.85997142331574,-8.192939550443937,0.39275890576180134,0.014235989191717662,-0.2295324155461686,-0.47229551209380005,-0.8855019018851191,-0.6698544452344578,0.17942376465947296,0.1509930559221192,-0.1737002176056979,0.5294117647058824,0.11097077177121074,36.11860729030282,7.979269867701971,0.026589262142461323,1050,0.25040317312310334,-0.13630751123063953,0.024141330840639217,"[-0.69, 1.46, -0.89, -0.65]","['net_sharpe', 'dbl_sharpe', 'tri_sharpe', 'ret_1x', 'ret_2x', 'pos_folds', 'turnover', 'gross_edge', 'short_pnl']",1,21,1,12,0.3,11
-35.23964386649007,-11.088693307181208,0.3146653056197773,-0.289063576722189,-0.49017002552743366,-0.6906987903318484,-1.183999646925335,-0.3612700350071626,0.28120416408028825,0.23341951882864576,-0.2189695001768129,0.29411764705882354,0.11578970096352346,31.0671090069057,-3.086680202496875,0.026550943796668062,803,-0.01959462969100277,-0.01836897655913941,0.01922468051973064,"[-1.18, -0.49, -0.24, 0.11]","['net_sharpe', 'dbl_sharpe', 'tri_sharpe', 'ret_1x', 'ret_2x', 'pos_folds', 'turnover', 'gross_edge', 'long_pnl', 'short_pnl']",1,21,1,12,0.45,0
-20.60784928486177,-11.338851713522576,0.5502200427024635,0.1225987150765451,-0.08814980351161211,-0.2986834827195732,-1.1934520649398546,0.2058123181461472,0.21615720911357306,0.19921809946973335,-0.07708708524606604,0.35294117647058826,0.11545779335154055,32.4365696597271,11.882997907017106,0.025472092238611497,865,0.35554785393623556,-0.20295439334711962,0.025919739419089826,"[0.3, -1.19, 0.29, 0.12]","['net_sharpe', 'dbl_sharpe', 'tri_sharpe', 'ret_2x', 'turnover', 'gross_edge', 'short_pnl']",1,21,1,12,0.45,1
-5.744755492892125,-3.3214243985876224,0.5781663645558383,0.24673590053819047,0.04226710960833737,-0.16178448383544705,-0.15592134852765022,0.08122166081452413,0.24023227946638825,0.17454933418139196,-0.008196357063768384,0.47058823529411764,0.11814457046173327,32.21704635365022,16.475619939299758,0.026608053781357038,775,0.23524255494700597,-0.025105583080323388,0.003781280824396711,"[0.16, -0.16, 0.15, 0.01]","['net_sharpe', 'dbl_sharpe', 'tri_sharpe', 'ret_2x', 'turnover', 'gross_edge', 'short_pnl']",1,21,1,12,0.45,2
27.899136791257366,23.294719872446393,0.8349620293537598,0.5025644307246955,0.3255963748377167,0.1484449632628605,0.056397284550345116,0.32271777575517774,0.11043390750858262,0.10700304310266162,0.29435789612434854,0.5882352941176471,0.12066755112081547,28.487227958556897,28.58388847439399,0.023753526297104265,727,0.4357481193530967,-0.1133841592742251,0.06964816312344874,"[0.14, 0.66, 0.06, 0.51]","['net_sharpe', 'dbl_sharpe', 'turnover', 'gross_edge', 'short_pnl']",1,21,1,12,0.45,3
-11.599233429250189,-10.144787897157556,0.8746084781408996,0.4599083604797036,0.28441679357719934,0.10920774805779866,-0.9961310044867427,0.25747918159008115,0.21773532714030253,0.2138250626968322,0.1252807309453699,0.5882352941176471,0.11993521459302743,28.03373442582492,27.234955537759824,0.02432367311873632,794,0.28079061372556946,0.02147072952966446,0.10233744162954975,"[1.82, -0.1, 0.62, -1.0]","['net_sharpe', 'dbl_sharpe', 'pos_folds', 'turnover', 'gross_edge']",1,21,1,12,0.45,4
-15.828164024287476,-8.105288874858367,0.5120801668735068,-0.03187383602032693,-0.22774722663236457,-0.4230705665473257,-0.6709031914334089,-0.20309572652832883,0.18911653421034536,0.15264455616231243,-0.1651755357741669,0.5294117647058824,0.11176201580043012,29.220464648672625,6.367763545433059,0.025420045725681056,763,0.0687069480092491,0.004955988656305893,0.08222896977352563,"[-0.67, 0.21, 0.08, -0.49]","['net_sharpe', 'dbl_sharpe', 'tri_sharpe', 'ret_1x', 'ret_2x', 'pos_folds', 'turnover', 'gross_edge']",1,21,1,12,0.45,5
-39.41348869956398,-19.38047857996615,0.49172197690230235,0.028855328191707552,-0.15998165010677615,-0.34849302900955076,-1.503153581490555,-0.8065161588571483,0.3838091552682499,0.35490479760687244,-0.06751355556050197,0.5294117647058824,0.11932621899021292,30.053077538674117,9.00425230815712,0.024815737244510912,779,0.009462294125381632,0.09766782562490084,0.07332914069637195,"[-1.5, -1.47, -0.15, 2.83]","['net_sharpe', 'dbl_sharpe', 'tri_sharpe', 'ret_1x', 'ret_2x', 'pos_folds', 'turnover', 'gross_edge']",1,21,1,12,0.45,6
4.202156216074039,3.573214190526317,0.8503287376271496,0.5629091978453615,0.38687460122190703,0.21070795559522615,-0.3157916014086118,0.45706042337256647,0.22867550333484676,0.1913966873398062,0.18598856816800516,0.5882352941176471,0.12890234818032004,30.245407175258272,31.46816705651032,0.02419095967284422,849,0.4107072155909648,-0.0339115787109021,0.048851431865511746,"[0.75, -0.32, 0.16, 0.86]","['net_sharpe', 'dbl_sharpe', 'turnover', 'gross_edge', 'short_pnl']",1,21,1,12,0.45,7
15.778216599342208,15.020441861049708,0.951973359376744,0.6329062830016166,0.45807028153770857,0.2832295009221012,-0.18399922960355317,0.44042493492418794,0.16308042993574967,0.15055418905704476,0.31701349005115903,0.5294117647058824,0.12745984436268742,29.714711969297632,34.278749353685576,0.023722460966324473,778,0.34290564899405157,0.06034165828391643,0.07008745861667298,"[0.55, 1.35, 0.33, -0.18]","['net_sharpe', 'dbl_sharpe', 'turnover', 'gross_edge']",1,21,1,12,0.45,8
3.0213858697036864,2.7334446573876545,0.904698961094873,0.5236985098359008,0.3260034815130394,0.1283060222444995,-0.7888259011419158,0.5817492850058434,0.17422417520000666,0.16421528705726185,0.1824397014821903,0.47058823529411764,0.11660079423187501,30.736481320511313,27.356625869313866,0.026637623326677858,774,0.16705791982569834,0.1658251149510776,0.020805191765447564,"[0.88, 0.3, 0.86, -0.79]","['net_sharpe', 'dbl_sharpe', 'turnover', 'gross_edge']",1,21,1,12,0.45,9
-16.810624135344572,-8.131367555840416,0.4837040844155276,0.023948840153833206,-0.16081650879541565,-0.34548416949309274,-0.6427836688769994,-0.20899188106973438,0.19097076580860506,0.1800368387041006,-0.15190145980854644,0.47058823529411764,0.12997692872733999,32.00578526363948,8.204604976872524,0.027235392485938342,819,0.08516417459090912,0.018794598618872352,0.014307601260464608,"[-0.64, -0.33, 0.71, -0.09]","['net_sharpe', 'dbl_sharpe', 'tri_sharpe', 'ret_1x', 'ret_2x', 'pos_folds', 'turnover', 'gross_edge']",1,21,1,12,0.45,10
-43.74170906690254,-13.653920563504306,0.31214876726971874,-0.4925541995751639,-0.720307242649022,-0.946897648682446,-2.0226714826525165,-1.200130318623281,0.31491386659834375,0.2720608293116197,-0.24716492247655203,0.47058823529411764,0.10468964642057577,31.88498397067475,-8.604674526684432,0.027919445743439252,823,-0.020786935631701017,-0.08782952163397519,0.034625438273516995,"[-1.09, 1.59, -1.31, -2.02]","['net_sharpe', 'dbl_sharpe', 'tri_sharpe', 'ret_1x', 'ret_2x', 'pos_folds', 'turnover', 'gross_edge', 'long_pnl', 'short_pnl']",1,21,1,12,0.45,11
-41.44756908351156,-15.910418270722504,0.3838685506178913,-0.6223097486132453,-0.7839936418093036,-0.9449775001871071,-1.2539322245129352,-0.6868929097998808,0.3405095387617987,0.3049863469997197,-0.2753666618783004,0.23529411764705882,0.11665252553167736,25.242721049185334,-21.081823310062415,0.026495812298322576,608,0.035121094579861914,-0.24579915906201288,0.016389621172585214,"[-1.25, -0.74, -0.64, -0.42]","['net_sharpe', 'dbl_sharpe', 'tri_sharpe', 'ret_1x', 'ret_2x', 'pos_folds', 'turnover', 'gross_edge', 'short_pnl']",1,21,1,12,0.6,0
-23.9282375707006,-14.105608061885139,0.5894963229200394,0.228830902859326,0.03414345641342472,-0.16039679741616938,-1.337251754884735,0.27645050461194554,0.2657536184274655,0.242150064178012,-0.007624302822316319,0.29411764705882354,0.1064853349133587,27.640954002107776,16.59059266575265,0.025604632348064725,659,0.44636742729660633,-0.26482007835636917,0.023213281837168226,"[-1.34, 0.19, 0.36, 0.98]","['net_sharpe', 'dbl_sharpe', 'tri_sharpe', 'ret_2x', 'turnover', 'gross_edge', 'short_pnl']",1,21,1,12,0.6,1
-6.188141357506286,-4.9506217272890005,0.8000175563675255,0.3426995412952343,0.1871652856213496,0.03141803780177531,-0.520212218245649,0.30559095372219314,0.21152170739615384,0.19402857536315576,0.07197958276877946,0.47058823529411764,0.11716690017036126,24.303921161663553,23.900929396643605,0.02574958210937569,535,0.3909558329404441,-0.1609885154298383,0.003705043968372304,"[0.25, -0.52, 0.36, 0.57]","['net_sharpe', 'dbl_sharpe', 'gross_edge', 'short_pnl']",1,21,1,12,0.6,2
-9.003161574207116,-5.877249560513429,0.6527984099886626,0.20602911670471474,0.059243595301966684,-0.08753564289191833,-1.3017082778246334,0.1679361846522086,0.12604493584127685,0.12300042041876413,0.0010547532327100902,0.4117647058823529,0.11576027134856186,22.64450979143515,17.74756306804478,0.024033391373006245,522,0.5040164437581724,-0.34491407913052474,0.06425185580127724,"[-0.15, 0.75, -1.3, 0.49]","['net_sharpe', 'dbl_sharpe', 'tri_sharpe', 'pos_folds', 'gross_edge', 'short_pnl']",1,21,1,12,0.6,3
-18.86786708405263,-10.747134109461202,0.5695998419739146,0.1860407920737616,0.039694415924879656,-0.10630567235610817,-0.790856688437384,-0.22760016302014402,0.21978640592634302,0.2162675795471405,-0.01089151436489573,0.5882352941176471,0.11851686119433352,23.14508335302331,17.047658282090456,0.024200584882348462,611,0.2477225366263666,-0.09151626623895379,0.09981291814849719,"[1.59, -0.79, 0.27, -0.72]","['net_sharpe', 'dbl_sharpe', 'tri_sharpe', 'ret_2x', 'pos_folds', 'gross_edge', 'short_pnl']",1,21,1,12,0.6,4
-23.379478409622,-10.372500859791003,0.44365835191268094,-0.07510149165843119,-0.22948437428860013,-0.3834062641714169,-1.7386958287558365,-0.10368775986590442,0.1632784858285935,0.14673562941033536,-0.18760117306628477,0.35294117647058826,0.10931585195727705,22.549595609686428,4.035676327927435,0.02434012861894581,546,0.21123352461810352,-0.17520636132956297,0.07907911570894995,"[-0.31, 0.1, 1.0, -1.74]","['net_sharpe', 'dbl_sharpe', 'tri_sharpe', 'ret_1x', 'ret_2x', 'pos_folds', 'gross_edge', 'short_pnl']",1,21,1,12,0.6,5
-39.8548809899297,-19.990132076521625,0.5015729963306782,3.618753357132199e-05,-0.16105962491463008,-0.32187400149103346,-1.7143357778729968,-0.6615985178682635,0.34357288746717873,0.31481505431286205,-0.07266854009311859,0.47058823529411764,0.11548251311510466,24.813026829821037,7.482815381940761,0.02443158114743435,579,0.006249055266708686,0.06725643153223174,0.07392803438550326,"[-1.71, -0.58, -0.74, 2.45]","['net_sharpe', 'dbl_sharpe', 'tri_sharpe', 'ret_1x', 'ret_2x', 'pos_folds', 'gross_edge']",1,21,1,12,0.6,6
-18.94033955021161,-10.575910741701955,0.5583802082145775,0.15535880917308037,0.006738804349305356,-0.14184485228926644,-0.5362185118860543,-0.16200491543859918,0.277532419417888,0.24208287527664774,-0.024445634042169966,0.5882352941176471,0.12424670643639342,24.592167996601095,15.383996798315133,0.024457457291111012,642,0.19755899368762575,-0.04778342389852312,0.03642570233945019,"[-0.54, -0.48, 0.16, 0.85]","['net_sharpe', 'dbl_sharpe', 'tri_sharpe', 'ret_2x', 'pos_folds', 'gross_edge', 'short_pnl']",1,21,1,12,0.6,7
18.1741731895592,16.016712775848816,0.8812897626094038,0.5617786219887057,0.4200362318759755,0.2782627768375329,0.07997199598853771,0.24115402317669535,0.15424151956898324,0.15040331143704888,0.29888436475238694,0.47058823529411764,0.1257548576858312,23.76073233942466,36.578846907376686,0.023807381568030982,561,0.35920890474903067,-0.015124637491318343,0.06606705644977745,"[0.13, 1.33, 0.08, 0.36]","['net_sharpe', 'dbl_sharpe', 'gross_edge', 'short_pnl']",1,21,1,12,0.6,8
-11.639668924238755,-8.134212295489586,0.698835366231997,0.2816140672373672,0.11419803164348895,-0.053498041545321236,-0.6659967432260906,0.19078226226881295,0.20869481155981484,0.1879036798501763,0.03150299506187517,0.47058823529411764,0.10799865833112865,24.127393194069153,20.17784454729097,0.02639975181602937,560,-0.01570827905493756,0.20844308738257292,0.020428050141882884,"[0.29, -0.67, 0.64, 0.09]","['net_sharpe', 'dbl_sharpe', 'tri_sharpe', 'gross_edge', 'long_pnl']",1,21,1,12,0.6,9
-36.75897309500583,-12.04648900935288,0.32771560234335134,-0.40468869432609933,-0.5604439869574783,-0.7158997812885229,-1.0559451143864802,-0.5522644257210771,0.31450796423284166,0.2600321029790297,-0.24721564265972518,0.35294117647058826,0.12923782141813736,26.825762571744136,-12.402808696533752,0.027434861118558675,648,-0.02285701659789041,-0.10886158282720229,0.007645008329052633,"[-1.06, -0.44, 0.19, -0.67]","['net_sharpe', 'dbl_sharpe', 'tri_sharpe', 'ret_1x', 'ret_2x', 'pos_folds', 'turnover', 'gross_edge', 'long_pnl', 'short_pnl']",1,21,1,12,0.6,10
-32.06487780843442,-13.056477613140622,0.40718937683605383,-0.2551543971139262,-0.4441313829358525,-0.6325388890857888,-1.1961692182497783,-0.8876661160643513,0.22562474339983118,0.17403850554663225,-0.22099314865354994,0.47058823529411764,0.10308365753998597,25.996785861615827,-2.71256844631186,0.02682280416393525,623,0.10672040081787344,-0.13463782498054805,0.01965695881177851,"[-0.78, 1.11, -1.2, -1.0]","['net_sharpe', 'dbl_sharpe', 'tri_sharpe', 'ret_1x', 'ret_2x', 'pos_folds', 'turnover', 'gross_edge', 'short_pnl']",1,21,1,12,0.6,11
16.513948297301766,16.33042429195578,0.9888867276291538,0.7473962728814876,0.5880393126095269,0.42862601716124377,-0.366462430479989,0.5810092647712688,0.15660310963095403,0.15061024266443546,0.4402745320114324,0.5294117647058824,0.12704593338241066,26.9679470480715,42.347825514633776,0.019368859666177754,742,0.32123425827106084,0.1308860180947046,0.06884703428735169,"[0.75, 1.55, -0.37, 0.42]","['net_sharpe', 'turnover']",1,21,1,15,0.3,0
-14.185272555583941,-10.468682071437676,0.7379965404553857,0.2916621912659453,0.12275984289070505,-0.045741095933305775,-0.544907142769837,-0.14694633155168188,0.20168861471172383,0.163293065593899,0.03732978274891607,0.47058823529411764,0.13168539496968407,29.634814001747266,20.103339778375872,0.02116917528988422,817,0.2231038599616083,0.012751310527736731,0.03817686826185129,"[0.96, -0.54, -0.37, 0.08]","['net_sharpe', 'dbl_sharpe', 'tri_sharpe', 'pos_folds', 'turnover', 'gross_edge']",1,21,1,15,0.3,1
13.523913536551674,13.42554350132056,0.9927262153099954,0.8576409970997313,0.6851151698285444,0.5125360011753846,-0.8004910795460197,0.9024599437910562,0.22032148370010307,0.2139242456026207,0.35154645302583387,0.7647058823529411,0.11917015866548288,27.3639800242515,44.584345894949976,0.019270428019890404,792,0.452793667655827,0.03019467273323885,0.03674822902356961,"[0.34, 1.46, 2.13, -0.8]",['turnover'],1,21,1,15,0.3,2
-2.4427775857645107,-2.162269906923946,0.8851685554692958,0.40077145897875344,0.23617805391357466,0.07199089053545454,-0.5569687783928522,0.11884687975605907,0.15833427377884357,0.1471519172896817,0.1397316689795913,0.5294117647058824,0.1261905410821505,27.669935641782637,25.626728608862404,0.01977471973159924,766,0.26111715933482227,0.019604744980948455,0.034138005032126814,"[0.21, 0.03, -0.56, 1.01]","['net_sharpe', 'dbl_sharpe', 'turnover', 'gross_edge']",1,21,1,15,0.3,3
31.717756140262672,31.134492406735113,0.9816108134841492,1.226392440453533,1.0110403217531245,0.7951801937224772,-0.4645084085437986,0.9330065716142242,0.13401083528377178,0.11741462980320383,0.8121987085466038,0.5882352941176471,0.10790647343620528,30.976485617651516,50.31962099584699,0.021427827136908224,797,0.3604380919256075,0.2566461952557079,0.027155607417004204,"[2.54, -0.46, 0.9, 0.97]",['turnover'],1,21,1,15,0.3,4
-43.95561926840705,-17.602757447486344,0.40046660109594373,-0.26358467334171554,-0.4408631756068062,-0.616875010439518,-1.3844863223418886,-0.8954110106647881,0.3941579088959303,0.35183314396805376,-0.14605536402526698,0.23529411764705882,0.11823228087710629,28.18168797715162,-3.6377863237875263,0.021421866474793702,803,0.36294514328473626,-0.40353141613570753,0.016891492389746906,"[-0.42, -1.38, -1.38, 0.87]","['net_sharpe', 'dbl_sharpe', 'tri_sharpe', 'ret_1x', 'ret_2x', 'pos_folds', 'turnover', 'gross_edge', 'short_pnl']",1,21,1,15,0.3,5
-22.293005096927242,-9.805437684927194,0.4398436927769207,-0.03470919536270732,-0.21719685186487203,-0.3996354561359555,-1.0524871762677699,-0.03643064494939233,0.2388416939309146,0.19766088442834617,-0.12785118708270304,0.5882352941176471,0.11330205223281996,27.54755988262839,6.128149389537515,0.021235884633588893,759,0.22255661125107803,-0.15572414892459113,0.0270684289879301,"[-0.39, 0.31, 0.48, -1.05]","['net_sharpe', 'dbl_sharpe', 'tri_sharpe', 'ret_1x', 'ret_2x', 'pos_folds', 'turnover', 'gross_edge', 'short_pnl']",1,21,1,15,0.3,6
31.790316302417985,31.332252952530094,0.9855911043623983,0.685743355370264,0.5242155720113767,0.3626019080355827,-0.2330051342710713,0.6752092432499306,0.11230512844305196,0.10564215220565987,0.511165273433145,0.6470588235294118,0.1200605908724898,25.851245849731782,39.58219985950468,0.01912746658061851,757,0.39970830825815207,0.005386230062571523,0.04140009303411372,"[0.93, 0.72, 0.63, -0.23]","['net_sharpe', 'turnover', 'gross_edge']",1,21,1,15,0.3,7
-10.680169128898036,-7.082615511250109,0.6631557446114041,0.2944420370945622,0.1124373733882458,-0.06968770547648405,-0.6652651402870967,-0.1496088570421546,0.16945424981785084,0.15711540287644044,0.0374255538263471,0.5294117647058824,0.1166510688428774,28.30377140672804,19.74326305624058,0.020714446199022452,772,0.2522145398721531,-0.030987492663953856,0.02583717109663727,"[0.18, 1.13, -0.67, -0.48]","['net_sharpe', 'dbl_sharpe', 'tri_sharpe', 'pos_folds', 'turnover', 'gross_edge', 'short_pnl']",1,21,1,15,0.3,8
-42.84436368979916,-15.959188490339372,0.3724921346921323,-0.5839376852887792,-0.7728725904431045,-0.9609164947804798,-1.4918707224087484,-0.6473815873028533,0.4214605282154559,0.3794426193451633,-0.21543880733443327,0.4117647058823529,0.1145059230634191,28.940056225056992,-15.448635008006391,0.021899437780041203,850,-0.2400914096914642,0.06309499640848681,0.04232196376257323,"[-1.49, -1.1, -0.1, -0.19]","['net_sharpe', 'dbl_sharpe', 'tri_sharpe', 'ret_1x', 'ret_2x', 'pos_folds', 'turnover', 'gross_edge', 'long_pnl']",1,21,1,15,0.3,9
-30.07408027655788,-12.521235629016056,0.41634641903832714,0.01310707534963057,-0.16228141340240887,-0.3372204734112719,-1.3145863776174354,-0.23261671781018428,0.252721859370858,0.22545041297646862,-0.10609339788621472,0.47058823529411764,0.12162377224678621,28.483191124276626,8.084556597957832,0.02083118477363659,868,0.1738881661040696,-0.0827249091967846,0.042097282455209044,"[-1.31, -0.34, -0.13, 1.29]","['net_sharpe', 'dbl_sharpe', 'tri_sharpe', 'ret_1x', 'ret_2x', 'pos_folds', 'turnover', 'gross_edge', 'short_pnl']",1,21,1,15,0.3,10
-19.068931679937002,-11.666056272478242,0.6117834217609815,0.13851266301499862,-0.05614707993016657,-0.2502315532208907,-0.46285668759072174,-0.09817720056201483,0.25609685961300155,0.23435418506521333,-0.05122925911354534,0.4117647058823529,0.11574920692025262,30.07501824193931,12.655108685396746,0.0218573206343102,819,0.07133848877917323,0.07933844067270651,0.04236829305950317,"[0.44, 0.24, -0.46, -0.43]","['net_sharpe', 'dbl_sharpe', 'tri_sharpe', 'ret_2x', 'pos_folds', 'turnover', 'gross_edge']",1,21,1,15,0.3,11
-28.664401187142953,-18.844739635461682,0.6574265937888927,0.28143312594362874,0.09389939857162977,-0.0939211548507252,-1.5175701318793937,0.058099109919191406,0.260219665119626,0.2301497448233637,0.01630700399813422,0.35294117647058826,0.11291220442729646,28.240353843191233,18.796120069751687,0.020739637980293508,808,0.2167000690008331,-0.006557843526133089,0.044234992029693165,"[0.2, -1.52, -0.08, 1.74]","['net_sharpe', 'dbl_sharpe', 'tri_sharpe', 'pos_folds', 'turnover', 'gross_edge', 'short_pnl']",1,21,1,15,0.3,12
-30.05866178766953,-12.92863575682815,0.4301134843644853,-0.17174207995289606,-0.3379550018112987,-0.5039915971623269,-0.8423092937263209,-0.3885282985475375,0.27444642368030414,0.22450273474006532,-0.17217076781406004,0.4117647058823529,0.12139678724946551,26.879784248208946,-0.17609297899037135,0.019785916852679317,826,0.2118068839624646,-0.21368076838815497,0.0955797007287892,"[-0.84, 0.48, 0.04, -0.82]","['net_sharpe', 'dbl_sharpe', 'tri_sharpe', 'ret_1x', 'ret_2x', 'pos_folds', 'turnover', 'gross_edge', 'short_pnl']",1,21,1,15,0.3,13
-27.66655418075912,-12.658719240504942,0.4575459292038807,-0.10407334858854475,-0.28393492105855367,-0.4635049487531924,-1.7700829482216776,0.17890979665363377,0.2314826734358445,0.21851390665463533,-0.1709219077367173,0.29411764705882354,0.1178634336302344,28.262053533635022,3.1431688398340083,0.020658962801219226,796,0.07587101244728561,-0.04070311472288884,0.09061500649041454,"[-1.77, 0.28, 0.07, 0.42]","['net_sharpe', 'dbl_sharpe', 'tri_sharpe', 'ret_1x', 'ret_2x', 'turnover', 'gross_edge', 'short_pnl']",1,21,1,15,0.3,14
-5.723674944329335,-5.166884427244694,0.9027214992989296,0.4751113218291925,0.3335733206063813,0.19195130122375134,-0.9367081169588092,0.36443390422584104,0.19224968371242246,0.17272020971524782,0.17778036249298546,0.5294117647058824,0.12377273593357328,23.35921960575919,32.30708122880661,0.019634636335875363,605,0.27600399037310125,0.022761915538878894,0.05955616093494217,"[1.13, 0.76, -0.94, -0.03]","['net_sharpe', 'dbl_sharpe', 'pos_folds', 'gross_edge']",1,21,1,15,0.45,0
-14.196498421831162,-10.921601101632147,0.7693165439188211,0.3302382185005525,0.18470782353336043,0.03952431416245215,-0.506597669287632,-0.21372223978279523,0.22664278162517804,0.2077904587283742,0.07050545121139437,0.5882352941176471,0.13528454402490483,26.208536857266317,24.023058335049956,0.020778439904804817,666,0.26550120142210804,-0.01624495261150244,0.009760979695293527,"[1.33, -0.47, 0.04, -0.51]","['net_sharpe', 'dbl_sharpe', 'pos_folds', 'turnover', 'gross_edge', 'short_pnl']",1,21,1,15,0.45,1
24.488273012183402,24.488273012183402,1.0,0.9809564618965108,0.828075928347714,0.6750112106854096,-0.25777417532445,0.8723142214738044,0.2158033235901743,0.20984792301924093,0.43838678339176695,0.7647058823529411,0.11741908541454588,23.900910698543985,55.387509667289834,0.018702113546157834,637,0.44307524899139517,0.0810091969890046,0.040695548681445384,"[0.14, 1.6, 2.1, -0.26]",[],1,21,1,15,0.45,2
-8.850688900288311,-6.7956269473338295,0.7678076841128674,0.3064094927965841,0.16647886956149485,0.026949908036708273,-0.38575059763993397,-0.014022541632510002,0.201004019776431,0.18234346390604272,0.06572881268797022,0.47058823529411764,0.1280750620934977,23.878965048256156,23.954544867275633,0.01966576714194742,581,0.3538973225077825,-0.12744415161215306,0.04365655717320619,"[-0.39, 0.16, -0.19, 0.86]","['net_sharpe', 'dbl_sharpe', 'pos_folds', 'gross_edge', 'short_pnl']",1,21,1,15,0.45,3
12.906348727027542,12.818536344450834,0.9931961870522825,1.0303205033553278,0.8396251855568257,0.648600568221069,-1.0922705898979912,0.9859251187832829,0.19535663470832,0.18127917176002883,0.44959577858677907,0.5882352941176471,0.107033865002999,27.211239208008152,48.12458740394637,0.02139602376125874,653,0.39765148924657323,0.120778745869391,0.023888858683155136,"[2.61, -1.09, 1.38, 0.59]",['turnover'],1,21,1,15,0.45,4
-46.05594563554216,-17.713825244439292,0.38461538461538464,-0.5841540891489699,-0.7364933962863714,-0.8876780168574323,-1.5507471445536518,-0.923093674440613,0.3895509435976634,0.3527458838312587,-0.2341114763310965,0.17647058823529413,0.1197216668100477,24.659107626797205,-20.87052661536036,0.02160653989401622,651,0.22487660044724045,-0.4286210311711236,0.0002924987729074884,"[-0.47, -1.38, -1.55, -0.05]","['net_sharpe', 'dbl_sharpe', 'tri_sharpe', 'ret_1x', 'ret_2x', 'pos_folds', 'gross_edge', 'short_pnl']",1,21,1,15,0.45,5
-13.167206762979136,-7.433626808929746,0.5645560932353626,0.061968513276750646,-0.09842263111275483,-0.2592060477725935,-0.6833340373061347,0.11887683989895191,0.19820484795292304,0.17264302269038012,-0.08213287552449916,0.47058823529411764,0.10795623048088462,23.05326274140248,10.470742818551043,0.021001553872385045,568,0.15412533375624504,-0.05856341190709126,0.030968715936121376,"[-0.68, 0.27, 0.16, 0.07]","['net_sharpe', 'dbl_sharpe', 'tri_sharpe', 'ret_2x', 'gross_edge', 'short_pnl']",1,21,1,15,0.45,6
23.975190839912532,21.79496325061708,0.9090631810251982,0.6542570826620626,0.5110948024029067,0.36783665088444223,-0.18732541484450577,0.46911253021693244,0.13315551019654703,0.11928581724032505,0.42020989370416606,0.6470588235294118,0.12059038268148506,23.018372870196668,42.10081806529883,0.019034783319380886,617,0.5264667279859859,-0.14281236785151052,0.03438338103069863,"[1.2, 0.31, 0.63, -0.19]","['net_sharpe', 'short_pnl']",1,21,1,15,0.45,7
-4.844007139126658,-4.506734781191812,0.9303732739758814,0.4913476616443356,0.34097858161086664,0.190424141318988,-1.024598998989308,0.35810281925596443,0.16390978641669884,0.1583305236157203,0.20798044469237414,0.4117647058823529,0.11913090696509307,23.907653798288937,31.94843285637221,0.019942855342267835,599,0.2332547936140907,0.06913108151604563,0.02148272278348058,"[0.26, 1.21, -1.02, 0.46]","['net_sharpe', 'dbl_sharpe', 'gross_edge']",1,21,1,15,0.45,8
-44.98455109588411,-19.523011085772403,0.4339936847243247,-0.49247455793063377,-0.6530624623734251,-0.8131599712579946,-1.6655033317563392,-0.7519955887541594,0.42539811968211394,0.3949763891043694,-0.19223608843222134,0.35294117647058826,0.11955045490786156,25.618719131261127,-15.436247835921161,0.02208534378152182,675,-0.2056463589715658,0.049088765205180226,0.03153503943062992,"[-1.67, -1.59, 0.09, 1.1]","['net_sharpe', 'dbl_sharpe', 'tri_sharpe', 'ret_1x', 'ret_2x', 'pos_folds', 'turnover', 'gross_edge', 'long_pnl']",1,21,1,15,0.45,9
-30.942054468517387,-12.597363777419545,0.40712758069238697,-0.15385795864713925,-0.310879525959676,-0.4675112397794031,-1.2400224960494075,-0.28594606665918204,0.25715905153569385,0.22838479012109336,-0.17680613333478293,0.47058823529411764,0.1245369101962301,26.12434352493717,0.17195826660736324,0.021206392456425742,731,0.1143964931565056,-0.1126180359188012,0.035979725225006295,"[-1.24, -0.37, -0.21, 0.76]","['net_sharpe', 'dbl_sharpe', 'tri_sharpe', 'ret_1x', 'ret_2x', 'pos_folds', 'turnover', 'gross_edge', 'short_pnl']",1,21,1,15,0.45,10
-22.257946810462666,-12.118787498813514,0.5444701437203949,0.12450644330286084,-0.05112361225629737,-0.22639972206126388,-0.9205674925044244,-0.02233339564458034,0.2506091254674452,0.20575591061009257,-0.04853510409639416,0.5294117647058824,0.1134766941118025,26.599982758850782,12.792458316956868,0.021811270382290273,651,-0.11636533407545782,0.25107859479448935,0.04203173729804102,"[0.74, 0.32, -0.37, -0.92]","['net_sharpe', 'dbl_sharpe', 'tri_sharpe', 'ret_2x', 'pos_folds', 'turnover', 'gross_edge', 'long_pnl']",1,21,1,15,0.45,11
-22.522219245115476,-14.621581091911583,0.649206942387911,0.22555625055924233,0.04818066079182686,-0.12931399612837016,-1.5472485558854954,0.2875561222922579,0.24108379296148907,0.20821064628524732,-0.002927094791370226,0.35294117647058826,0.10935208741682187,25.8620618514989,17.16797694613698,0.0208663769258773,660,0.08280579248826336,0.0929692655880701,0.049496202293842696,"[0.93, -1.55, -0.35, 1.18]","['net_sharpe', 'dbl_sharpe', 'tri_sharpe', 'ret_2x', 'pos_folds', 'turnover', 'gross_edge']",1,21,1,15,0.45,12
-25.635327425789026,-11.194845382072147,0.43669601702883587,-0.14291814763354369,-0.2900641523577052,-0.4371076362188261,-1.0221565583266843,-0.11546556384858359,0.23581597105024765,0.19710000371174863,-0.1758955463290956,0.47058823529411764,0.12085210727274587,23.696992542095078,0.4152621883279888,0.019776770009494307,672,0.178440856884577,-0.17454511115968843,0.10037847594460116,"[-1.02, 0.28, 0.31, -0.51]","['net_sharpe', 'dbl_sharpe', 'tri_sharpe', 'ret_1x', 'ret_2x', 'pos_folds', 'gross_edge', 'short_pnl']",1,21,1,15,0.45,13
-26.80925792834143,-11.753701761023189,0.4384195113658015,-0.1248361124786862,-0.27464086727263587,-0.42407319637214586,-1.2559415160380545,-0.17228889089378763,0.2050535999853721,0.18738250444016324,-0.186016670502694,0.35294117647058826,0.11688322804841507,23.369591521208736,1.311479243550117,0.020476549721411153,602,0.07897188284560294,-0.0668383428637131,0.10963567484790826,"[-1.26, 0.59, 0.59, -0.93]","['net_sharpe', 'dbl_sharpe', 'tri_sharpe', 'ret_1x', 'ret_2x', 'pos_folds', 'gross_edge', 'short_pnl']",1,21,1,15,0.45,14
-5.080384504399637,-3.8631522489919266,0.7604054861686981,0.26511820608751735,0.1454418011575855,0.025772232885051906,-0.9063742035089937,0.2723602027100741,0.16279592076843152,0.15595011093462863,0.06234992202593133,0.5294117647058824,0.11640624499311919,18.575319636088192,23.852931744073622,0.019344286300938547,426,0.301663367285077,-0.1262538943046042,0.06616504818780385,"[0.61, 0.76, -0.91, -0.06]","['net_sharpe', 'dbl_sharpe', 'pos_folds', 'gross_edge', 'short_pnl']",1,21,1,15,0.6,0
-33.765442630638,-13.95948656016463,0.41342524997726837,-0.09227729236868222,-0.22170850025608413,-0.35062651013929286,-0.9111332182018923,-0.5684768582539579,0.3179396453093606,0.2962113489177902,-0.11424124061275448,0.4117647058823529,0.12885047732184554,22.285249399573217,1.6477966548462137,0.021701152987005305,515,0.12255773159582295,-0.10802001834874651,0.012987155870601204,"[0.73, -0.32, -0.82, -0.91]","['net_sharpe', 'dbl_sharpe', 'tri_sharpe', 'ret_1x', 'ret_2x', 'pos_folds', 'gross_edge', 'short_pnl']",1,21,1,15,0.6,1
23.55102310074445,23.55102310074445,1.0,0.8749108876848641,0.7586422245688509,0.6422416899488925,-0.4080991817666041,0.7869144905260246,0.16374297101974156,0.15943225131067473,0.5357260870431794,0.6470588235294118,0.12030420744202272,18.634633832146008,63.43716864420711,0.017776651171439537,448,0.46672310478369,0.001270196874537756,0.0241689343325301,"[0.37, 1.21, 2.26, -0.41]",[],1,21,1,15,0.6,2
21.546012210541804,19.888626655884742,0.9230769230769231,0.8215840892867105,0.700960523376786,0.5802552619255161,-0.6484401431822675,0.6256951652798772,0.11460822995028108,0.10032540282759028,0.6807078769377362,0.5882352941176471,0.11677910062860726,18.76296180855951,58.35555663129517,0.019043215200379292,417,0.46081041124115785,-0.027340862977083227,0.048143264447884485,"[0.59, 0.66, -0.65, 1.68]",['short_pnl'],1,21,1,15,0.6,3
46.63391717319982,46.63391717319982,1.0,1.2786705707859203,1.097593815624011,0.9159966163416953,-0.10020579354030822,1.060230476188263,0.12307541779239661,0.11766791967015089,0.8746225116434484,0.6470588235294118,0.09742845033998787,23.530831441754902,60.71587594926976,0.021440702052250245,522,0.4671525371407819,0.0984541304885628,0.029470657386676966,"[2.37, -0.1, 1.07, 1.05]",[],1,21,1,15,0.6,4
-44.60447399209903,-18.29927138137396,0.41025641025641024,-0.3408096282280763,-0.4708809684621083,-0.6002784842822856,-1.5880379642500209,-0.8628896244886456,0.3722178106292793,0.3429304725572859,-0.16517169379759977,0.23529411764705882,0.11937320027091355,20.862810004578293,-12.105849143179327,0.021021048095031313,511,0.45945709393283674,-0.559443980026906,0.0023413975299688456,"[-0.22, -1.51, -1.59, 0.66]","['net_sharpe', 'dbl_sharpe', 'tri_sharpe', 'ret_1x', 'ret_2x', 'pos_folds', 'gross_edge', 'short_pnl']",1,21,1,15,0.6,5
-12.047219289995274,-6.786179910023555,0.5632984464439194,0.05249355743615498,-0.08160690214715881,-0.21586192630000126,-0.3389145764231811,0.03943910725412439,0.253906987513111,0.23573684909999826,-0.05747146864295061,0.5294117647058824,0.10826070418334341,19.349152421177546,10.29051427903031,0.020788759682891518,445,0.07418008385169793,0.004646736369026044,0.021229196602822475,"[-0.34, 0.0, 0.1, 0.08]","['net_sharpe', 'dbl_sharpe', 'tri_sharpe', 'ret_1x', 'ret_2x', 'gross_edge']",1,21,1,15,0.6,6
27.08411250019264,24.682953446041054,0.9113443700939248,0.6779814489768172,0.5576996924160018,0.4373064397145219,-0.07303368300069533,0.5972537593376612,0.1505257357075901,0.13206311338872356,0.40361012277114056,0.5882352941176471,0.11809572813616856,18.943573495993217,50.40680177866901,0.01792011202654818,476,0.4981058823466744,-0.12007608541305863,0.026169003103838587,"[0.86, -0.07, 0.93, 0.33]","['net_sharpe', 'short_pnl']",1,21,1,15,0.6,7
-24.29952337348113,-10.468271785420974,0.4308015274425236,0.029809257106485132,-0.08241455998092675,-0.19437550845110033,-0.7110130609512535,-0.44044050262272316,0.23673939757527462,0.2332275574075775,-0.07674023813872652,0.47058823529411764,0.12546265102454876,18.80436129199723,9.192998081454702,0.019439471836820307,434,0.14374583825932075,-0.07530887366478636,0.014416896670451413,"[-0.7, 1.18, -0.18, -0.71]","['net_sharpe', 'dbl_sharpe', 'tri_sharpe', 'ret_1x', 'ret_2x', 'pos_folds', 'gross_edge', 'short_pnl']",1,21,1,15,0.6,8
-47.36958958261615,-17.0044680552981,0.3589743589743589,-0.7641396427160811,-0.8837238720052359,-1.0029119385812661,-1.9877109423204757,-0.7846554296544792,0.48684854997453464,0.4727384734801394,-0.24097296049054912,0.4117647058823529,0.1311455437159671,20.930846021863882,-40.62575898365767,0.02180245047610482,523,-0.2657231901466433,-0.07091489913910519,0.022518453322370992,"[-1.99, -1.8, 0.23, 0.76]","['net_sharpe', 'dbl_sharpe', 'tri_sharpe', 'ret_1x', 'ret_2x', 'pos_folds', 'gross_edge', 'long_pnl', 'short_pnl']",1,21,1,15,0.6,9
-40.32395485322313,-17.577108525763926,0.43589743589743585,-0.42344788512856263,-0.5517705934952023,-0.6796444194480351,-2.3249707512231654,-0.26216550027288893,0.3789321386478961,0.36170746969960155,-0.19330235442517013,0.5294117647058824,0.12371880486293188,21.258383887823104,-17.163432437583886,0.02125607725471025,558,0.11164036634452643,-0.2560876478318724,0.0367919976934554,"[-2.32, -0.53, 0.01, 1.32]","['net_sharpe', 'dbl_sharpe', 'tri_sharpe', 'ret_1x', 'ret_2x', 'pos_folds', 'gross_edge', 'short_pnl']",1,21,1,15,0.6,10
-15.146832790242328,-11.445277144946107,0.7556218057889447,0.269843285918323,0.13220988455116026,-0.005167868038256811,-0.7308236310181963,0.05919697176263847,0.20932890557523998,0.1789227368329852,0.04031880457535044,0.47058823529411764,0.10555454223594096,19.390830356986708,22.187717283575598,0.02073700146451533,429,0.1580265240151745,0.012300678280686317,0.03355234832174951,"[0.89, 0.49, -0.73, -0.38]","['net_sharpe', 'dbl_sharpe', 'tri_sharpe', 'pos_folds', 'gross_edge']",1,21,1,15,0.6,11
-35.719631953243656,-15.570095979619028,0.43589743589743585,-0.17412240634130052,-0.31940584944231165,-0.46450508429690396,-1.3372213444597265,-0.32275033509420703,0.300060758842452,0.27393946461642193,-0.1276488734292111,0.35294117647058826,0.1049994490669785,20.320434827831644,-1.3256615787727049,0.02094331240104157,463,-0.02858416585346734,0.0179196621579934,0.058149410976753746,"[0.4, -1.34, -1.05, 0.66]","['net_sharpe', 'dbl_sharpe', 'tri_sharpe', 'ret_1x', 'ret_2x', 'pos_folds', 'gross_edge', 'long_pnl']",1,21,1,15,0.6,12
-34.47952625680109,-15.029537086297909,0.43589743589743585,-0.29541873003604396,-0.4265899105550416,-0.5575704966972226,-1.3926658658036737,-0.2087547897402099,0.27850396992729365,0.23601193952354826,-0.20011413939963232,0.35294117647058826,0.11802783829170611,20.631824336208275,-9.00568682982527,0.020147855393935595,504,0.12466533001621963,-0.19822325244671182,0.06626617275657468,"[-1.39, 0.37, 0.13, -0.55]","['net_sharpe', 'dbl_sharpe', 'tri_sharpe', 'ret_1x', 'ret_2x', 'pos_folds', 'gross_edge', 'short_pnl']",1,21,1,15,0.6,13
-21.621814348299417,-9.472307838362681,0.43809033255840946,-0.09503131512831468,-0.21325909128485585,-0.3313829423514548,-0.9691134316614797,-0.3172252769121644,0.18067575253800772,0.16623109994179075,-0.16827319699219764,0.4117647058823529,0.11440721616646211,18.014298329166373,1.1403062637062438,0.020495914118679594,433,0.1468332510644712,-0.13870094260299842,0.09790342434762644,"[-0.89, 0.25, 0.75, -0.97]","['net_sharpe', 'dbl_sharpe', 'tri_sharpe', 'ret_1x', 'ret_2x', 'pos_folds', 'gross_edge', 'short_pnl']",1,21,1,15,0.6,14
-54.1650779506578,-16.666177830971634,0.3076923076923077,-0.9904624425793295,-1.4185097403126745,-1.8415646795313918,-2.520204548209135,-1.3921202210851322,0.5218050251910129,0.40921667442717746,-0.3229868238114298,0.23529411764705882,0.12428171209953613,71.44094942248108,-9.785873365519128,0.04979706883794689,2519,-0.3171053092285474,0.04033353892377006,0.04513804677249203,"[-1.19, -2.52, -0.31, -1.6]","['net_sharpe', 'dbl_sharpe', 'tri_sharpe', 'ret_1x', 'ret_2x', 'pos_folds', 'turnover', 'gross_edge', 'long_pnl']",1,21,2,9,0.3,0
-49.96048658719238,-11.529343058582857,0.23076923076923078,-0.8665792715765739,-1.2500182920762861,-1.6289638145748981,-1.69377532508731,-1.3066724850209224,0.49698425368597954,0.3964055317787354,-0.3168092292538151,0.29411764705882354,0.12975609079099176,66.9696200868744,-9.417537354681166,0.04679176026707851,2566,-0.06742845662496455,-0.18225523070697697,0.05872673751769798,"[-1.29, -1.32, -0.79, -1.69]","['net_sharpe', 'dbl_sharpe', 'tri_sharpe', 'ret_1x', 'ret_2x', 'pos_folds', 'turnover', 'gross_edge', 'long_pnl', 'short_pnl']",1,21,2,9,0.3,1
-47.91135873800543,-16.068850850993506,0.3353870830268684,-0.35321823412561937,-0.7687355235926863,-1.1797120562841221,-2.3075981257833114,-0.9361245941198367,0.38610583854056213,0.30164915029854544,-0.24997258449581303,0.35294117647058826,0.12181504112900646,67.91569917641537,1.0679498406382426,0.04567970922735193,2571,0.10670087036360822,-0.07798671711367512,0.05495375030220538,"[-0.56, 1.13, -1.31, -2.31]","['net_sharpe', 'dbl_sharpe', 'tri_sharpe', 'ret_1x', 'ret_2x', 'pos_folds', 'turnover', 'gross_edge', 'short_pnl']",1,21,2,9,0.3,2
-23.743504452424055,-10.450862524518707,0.4401566982439167,0.1178209978871522,-0.2677659301528546,-0.6492566870648896,-0.8832434628831819,-0.23322637431956122,0.24508290178937886,0.19637357740962247,-0.17106212917417313,0.5882352941176471,0.12830053848865997,66.19218727326943,9.657099859145722,0.04446267771354439,2433,0.36393977751578743,-0.11087690281490309,0.0682558360360706,"[0.25, -0.15, -0.32, -0.88]","['net_sharpe', 'dbl_sharpe', 'tri_sharpe', 'ret_2x', 'pos_folds', 'turnover', 'gross_edge', 'short_pnl']",1,21,2,9,0.3,3
32.30234847906845,29.240850888498603,0.9052236838893103,1.163869264059568,0.787988137223591,0.4120317941775595,0.08801611940043642,0.5075796707272453,0.15582670040281732,0.14245581133838103,0.6266045496077006,0.6470588235294118,0.12857151877492862,64.34465081171933,30.716315622441403,0.040683926169304406,2579,0.6474832272145636,0.13496669641849257,0.05617536792380283,"[0.67, 0.35, 1.85, 0.09]","['turnover', 'gross_edge']",1,21,2,9,0.3,4
37.04983560172005,33.29578144491579,0.8986755515689798,1.0700542323394182,0.66523318961532,0.2599914866955773,0.015398115090007321,0.6495658351644169,0.12999734639355864,0.1260023883489063,0.5961861161815741,0.6470588235294118,0.12362806379967901,66.72404896668675,27.31128681586953,0.04269871281475603,2531,0.5602797482725321,0.16115912244841724,0.07421274814106774,"[0.69, 0.61, 1.38, 0.02]","['turnover', 'gross_edge']",1,21,2,9,0.3,5
-37.5888486661323,-12.972897254411563,0.3451262200031201,-0.06742085975829591,-0.4366223562035832,-0.8050103632682981,-1.5380414683194101,-0.3497959150051169,0.3118988974055076,0.23855794606269531,-0.19738078958901903,0.4117647058823529,0.12701396447613147,62.423442899128936,6.132301068289109,0.04268662888578257,2563,0.3579007956726945,-0.20635420543756966,0.04894173507281567,"[-0.69, -1.54, -0.01, 0.5]","['net_sharpe', 'dbl_sharpe', 'tri_sharpe', 'ret_1x', 'ret_2x', 'pos_folds', 'turnover', 'gross_edge', 'short_pnl']",1,21,2,9,0.3,6
-3.1693520098070387,-1.5736609917218727,0.49652452200084984,0.3464555274279271,-0.04230783977803892,-0.4305050370203102,-0.25726659173069644,-0.03300537890801569,0.16421894130218384,0.1297427594878633,-0.07570338637822187,0.4117647058823529,0.12155803485921904,62.98128801770928,14.203308402378886,0.04221724575252173,2578,0.4806370399639141,-0.12649617974729474,0.054549178936484824,"[-0.26, -0.17, 0.24, 0.1]","['net_sharpe', 'dbl_sharpe', 'tri_sharpe', 'ret_2x', 'pos_folds', 'turnover', 'gross_edge', 'short_pnl']",1,21,2,9,0.3,7
-49.82220341894707,-16.60740113964902,0.3333333333333333,-0.6142965350283834,-0.999635284610396,-1.3810263247382042,-1.9598279814704433,-1.0999438056891067,0.4155906053792394,0.30386220619084237,-0.30530066788910337,0.17647058823529413,0.12714077960058193,65.75125182067318,-4.467656830555104,0.045435248225698194,2441,0.13393906313811663,-0.25023346652414097,0.06310697859912004,"[-1.06, 0.18, -1.14, -1.96]","['net_sharpe', 'dbl_sharpe', 'tri_sharpe', 'ret_1x', 'ret_2x', 'pos_folds', 'turnover', 'gross_edge', 'short_pnl']",1,21,2,9,0.3,8
-53.86277528018957,-16.573161624673713,0.3076923076923077,-1.049208636376174,-1.4387380444578215,-1.8235740717717723,-2.4982841573451458,-1.1911931990135654,0.5180308080619758,0.41910688585798883,-0.3216524678902779,0.17647058823529413,0.12121303421136316,63.389668896144684,-12.583644858706625,0.05157109351442381,1976,-0.34149904562383837,0.0257079217362699,0.05495535199423012,"[-1.24, -2.5, -0.75, -1.14]","['net_sharpe', 'dbl_sharpe', 'tri_sharpe', 'ret_1x', 'ret_2x', 'pos_folds', 'turnover', 'gross_edge', 'long_pnl']",1,21,2,9,0.45,0
-50.020167565752466,-12.82568399121858,0.2564102564102564,-0.7448050436904773,-1.1099161708443175,-1.470826476652262,-1.785430775810776,-1.2461663647187977,0.4587010795745562,0.35247957024458454,-0.3087550417445581,0.23529411764705882,0.12946834227915777,63.58659539441281,-7.781472310280466,0.04738125158227636,2177,-0.015148885870026746,-0.18073663298607762,0.05574319137194507,"[-1.36, -1.13, 0.01, -1.79]","['net_sharpe', 'dbl_sharpe', 'tri_sharpe', 'ret_1x', 'ret_2x', 'pos_folds', 'turnover', 'gross_edge', 'long_pnl', 'short_pnl']",1,21,2,9,0.45,1
-43.942683866754685,-14.888884229545788,0.3388250994111476,-0.2198747667045119,-0.5848098492240996,-0.9460122451344738,-2.0062861116006476,-0.6845362312916482,0.3588825705497921,0.28230080885894604,-0.22018905499816535,0.4117647058823529,0.12646851331125006,61.87853838216176,2.8557183604634115,0.04713438340790952,1948,0.09562343827989007,-0.02566656294697041,0.0482397128452378,"[-0.59, 1.35, -0.77, -2.01]","['net_sharpe', 'dbl_sharpe', 'tri_sharpe', 'ret_1x', 'ret_2x', 'pos_folds', 'turnover', 'gross_edge', 'short_pnl']",1,21,2,9,0.45,2
-37.04308944027907,-12.645997060427907,0.34138613305501436,-0.14014415419958934,-0.4740164493781028,-0.8043502362095919,-1.2837983573478857,-0.4438707686085744,0.2980466572536752,0.18605498634051432,-0.23390805298267803,0.35294117647058826,0.13300244782634066,59.58183658117296,4.187455855274133,0.04519201941534392,1912,0.12721485377761832,-0.028441656896950107,0.061524097552905964,"[0.23, -0.79, -0.1, -1.28]","['net_sharpe', 'dbl_sharpe', 'tri_sharpe', 'ret_1x', 'ret_2x', 'pos_folds', 'turnover', 'gross_edge', 'short_pnl']",1,21,2,9,0.45,3
3.975465994602297,3.2719534295572608,0.8230364525818525,0.8976478007048518,0.5692003940702995,0.24128076304901105,-0.6709339185876084,0.5330762503257218,0.19189218667458774,0.17491611423604003,0.36053983740594175,0.5294117647058824,0.13269565345393852,57.98416997408623,27.978955342563353,0.041667988379489145,2117,0.8000863904589886,-0.15781892585750598,0.05130238454905259,"[0.63, -0.67, 1.54, 0.44]","['turnover', 'gross_edge', 'short_pnl']",1,21,2,9,0.45,4
-3.093700465989915,-2.124949130855647,0.6868632416796404,0.49804782017428284,0.10726405322890699,-0.2830904556048398,-0.436614584377868,0.03522320730446327,0.15286060243527966,0.1260023883489063,0.0373218549779576,0.47058823529411764,0.12124793256320156,63.1650789462438,17.018703739719623,0.046111113477525875,2061,0.22701600741507316,0.1985613407582611,0.0853302809142512,"[-0.34, 0.41, 1.0, -0.44]","['net_sharpe', 'dbl_sharpe', 'tri_sharpe', 'pos_folds', 'turnover', 'gross_edge']",1,21,2,9,0.45,5
-39.23612292613621,-14.405797147273304,0.3671564892992326,-0.15361386552798037,-0.5066583478583326,-0.8588013583592652,-1.3689826524334148,-0.47332578948639015,0.3610218906464,0.2995327343858606,-0.19131243981387494,0.4117647058823529,0.12563010087509294,59.03126223625746,4.254707768934271,0.044470513346582884,2072,0.14357814772305272,-0.044146007252549205,0.0482123283089651,"[-1.37, -1.16, 0.21, 0.69]","['net_sharpe', 'dbl_sharpe', 'tri_sharpe', 'ret_1x', 'ret_2x', 'pos_folds', 'turnover', 'gross_edge', 'short_pnl']",1,21,2,9,0.45,6
3.7319781929392826,2.3401333887254756,0.6270490522031699,0.5350464484627475,0.17416675365821493,-0.18726217352070285,-0.2823588020472271,0.14937656615191658,0.14300799018816424,0.13432679456444419,0.09630639462253152,0.4117647058823529,0.11922626072072841,57.36302265295688,18.713177763187137,0.04228225234142665,2077,0.5879780372992265,-0.16301167683041795,0.04871491136538544,"[0.56, -0.26, 0.59, -0.28]","['net_sharpe', 'dbl_sharpe', 'tri_sharpe', 'pos_folds', 'turnover', 'gross_edge', 'short_pnl']",1,21,2,9,0.45,7
-46.86344666792524,-15.621148889308412,0.3333333333333333,-0.5016922395515813,-0.8551210645264551,-1.2056291872773321,-1.9610740793881987,-0.8468519071281215,0.3749652641627028,0.2665675650700279,-0.2924592575281371,0.29411764705882354,0.12612545837557776,59.67994963204433,-3.1472262027930116,0.045470634144378304,2028,0.14602050984413756,-0.2203791414401709,0.058717756764825775,"[-1.2, 0.41, -0.5, -1.96]","['net_sharpe', 'dbl_sharpe', 'tri_sharpe', 'ret_1x', 'ret_2x', 'pos_folds', 'turnover', 'gross_edge', 'short_pnl']",1,21,2,9,0.45,8
-42.70139233186463,-13.13888994826604,0.3076923076923077,-0.6235861460274723,-0.9873423268017866,-1.3483924127231681,-1.2346813465487632,-1.0643118222587122,0.38652433682888876,0.2968613908369302,-0.2963158902231975,0.4117647058823529,0.11620559288295698,56.37711836607891,-5.33964108588109,0.05202744877097094,1520,-0.2858386576276293,0.16666235090641437,0.06093019204189144,"[-0.99, -1.23, -1.14, -0.64]","['net_sharpe', 'dbl_sharpe', 'tri_sharpe', 'ret_1x', 'ret_2x', 'pos_folds', 'turnover', 'gross_edge', 'long_pnl']",1,21,2,9,0.6,0
-49.99413004438159,-11.53710693331883,0.23076923076923078,-0.8332573139518089,-1.1609456845594006,-1.4846887635369383,-2.048190097487825,-1.0759072508368268,0.4908475638551162,0.4070125094604101,-0.2989428606373127,0.35294117647058826,0.12894567430155135,56.92969005049215,-11.48094239427733,0.04908477215842316,1681,-0.12422986238398068,-0.1345266803368381,0.05655563061755002,"[-2.05, -0.45, -0.07, -1.7]","['net_sharpe', 'dbl_sharpe', 'tri_sharpe', 'ret_1x', 'ret_2x', 'pos_folds', 'turnover', 'gross_edge', 'long_pnl', 'short_pnl']",1,21,2,9,0.6,1
-42.756648682043696,-14.716799818938936,0.34419909587346775,-0.06606276581173598,-0.37642412957598975,-0.6847667641545023,-1.617868256818596,-0.8905076800240893,0.32275457161562016,0.2700772147013202,-0.1696479335659339,0.29411764705882354,0.12752518189588785,52.89824788093452,5.650196520869921,0.04734871077414206,1447,0.20227265576806142,-0.08394675387274014,0.049075867522307165,"[-0.55, 1.65, -1.62, -1.23]","['net_sharpe', 'dbl_sharpe', 'tri_sharpe', 'ret_1x', 'ret_2x', 'pos_folds', 'turnover', 'gross_edge', 'short_pnl']",1,21,2,9,0.6,2
-38.51066460812369,-12.194431812646174,0.3166507754860663,-0.17610186001964986,-0.4459335956159574,-0.7129338760272496,-1.3546118054244396,-0.2635845451238145,0.3379079272079606,0.2657144668688044,-0.19756464357599424,0.23529411764705882,0.1339866135121163,48.591814435616236,2.405306349740464,0.04439171133697652,1396,0.13583173148177247,-0.08956077292788461,0.059490930027007505,"[-0.04, -1.35, -0.48, -0.05]","['net_sharpe', 'dbl_sharpe', 'tri_sharpe', 'ret_1x', 'ret_2x', 'pos_folds', 'turnover', 'gross_edge', 'short_pnl']",1,21,2,9,0.6,3
-17.987250639924266,-11.764966599042125,0.6540725336271659,0.5732563649612391,0.2820419854033054,-0.009221555075182901,-1.1230992703157792,0.18200498945323662,0.2396029882161379,0.22462444391607728,0.12090067598938378,0.5294117647058824,0.1318275614207278,51.16736188749197,22.224873739133187,0.04230633457057841,1605,0.6151121490961671,-0.164910262080333,0.04149574698626319,"[-0.1, -1.12, 1.76, 0.46]","['net_sharpe', 'dbl_sharpe', 'tri_sharpe', 'pos_folds', 'turnover', 'gross_edge', 'short_pnl']",1,21,2,9,0.6,4
-25.587856505971025,-13.300288795810765,0.5197890957652936,0.12968321029053895,-0.18415392105530126,-0.4969716913273574,-0.7029774740124446,-0.4563372832319312,0.24771125312935516,0.1972513506127579,-0.12182626717216094,0.47058823529411764,0.12437533629312743,52.050625499164454,10.472835950092415,0.04688096781833328,1485,0.1620874208068492,0.05371943440446179,0.05628548850774564,"[-0.7, -0.39, 1.09, -0.52]","['net_sharpe', 'dbl_sharpe', 'tri_sharpe', 'ret_2x', 'pos_folds', 'turnover', 'gross_edge']",1,21,2,9,0.6,5
-41.33545587610946,-13.945766722749527,0.33738025690457485,-0.36643960980831985,-0.655289535245098,-0.9430217020637294,-1.4331722018431128,-0.7438641611883365,0.3890101173666164,0.3388675433478462,-0.2236083882209686,0.47058823529411764,0.126556873004511,48.6847498393465,-1.9540224163537325,0.04341596744851685,1508,0.08624104246887498,-0.12390252978184725,0.05610816070821537,"[-1.43, -1.32, -0.17, 0.7]","['net_sharpe', 'dbl_sharpe', 'tri_sharpe', 'ret_1x', 'ret_2x', 'pos_folds', 'turnover', 'gross_edge', 'short_pnl']",1,21,2,9,0.6,6
18.06861772908746,12.009561888891014,0.6646641192456921,0.5400167846313626,0.22617228269518025,-0.08826369391517619,-0.024908686405888794,0.23442766711453264,0.1285743550755244,0.12063365496890888,0.15718234736158138,0.5294117647058824,0.12042937997743378,50.39348616546437,20.530720160577367,0.04167304234551796,1667,0.6586352408734284,-0.2490412565891092,0.045026387472606226,"[-0.02, 0.49, 0.29, 0.18]","['net_sharpe', 'dbl_sharpe', 'tri_sharpe', 'turnover', 'gross_edge', 'short_pnl']",1,21,2,9,0.6,7
-43.21313689839621,-14.404378966132068,0.3333333333333333,-0.3640305052365174,-0.6677767978310625,-0.9692057578025308,-2.0437000793194513,-0.6976027950965478,0.30278721786048857,0.22664542196513549,-0.28596099973090555,0.35294117647058826,0.1237725019861647,50.30688266920598,-1.420378238339386,0.04514883590525172,1455,0.5937311917159035,-0.6220194624000234,0.05742884704975694,"[-0.59, 0.55, -0.81, -2.04]","['net_sharpe', 'dbl_sharpe', 'tri_sharpe', 'ret_1x', 'ret_2x', 'pos_folds', 'turnover', 'gross_edge', 'short_pnl']",1,21,2,9,0.6,8
-26.391179621700577,-11.11191323256145,0.42104647809772394,-0.07459989260052582,-0.3622085665368889,-0.6482857395680338,-0.6284184508978722,-0.46385754384539096,0.2646104191473986,0.21128362154817903,-0.20443587525309367,0.47058823529411764,0.12992991106823637,49.874214618016566,5.409578666309632,0.033993555403356336,1943,0.09184659505804568,0.014964038993473289,0.030779565244504217,"[-0.63, -0.55, -0.38, 0.18]","['net_sharpe', 'dbl_sharpe', 'tri_sharpe', 'ret_1x', 'ret_2x', 'pos_folds', 'turnover', 'gross_edge']",1,21,2,12,0.3,0
-42.44469827040529,-15.483587718386968,0.3647943877405992,-0.16095867821350857,-0.4456639647994626,-0.7294280982804311,-1.4748849660372607,-0.4848591997064696,0.4135316993634818,0.3631375911270813,-0.160203138839651,0.29411764705882354,0.1336731878300419,50.723482783150864,3.0264149584449265,0.03453774819211939,1961,0.1930577669378559,-0.13228450839761968,0.04639804309316503,"[-1.36, -1.47, 0.66, 0.39]","['net_sharpe', 'dbl_sharpe', 'tri_sharpe', 'ret_1x', 'ret_2x', 'pos_folds', 'turnover', 'gross_edge', 'short_pnl']",1,21,2,12,0.3,1
-24.978858483495753,-12.277751905241745,0.4915257401916107,0.2897465337488918,-0.022367837893776367,-0.3332623327063215,-0.7083180203560056,-0.03684636423111037,0.30345164041811123,0.20936897977024516,-0.03376499308332657,0.4117647058823529,0.12277823307202126,51.10704171408218,14.439391545526297,0.03407973755033708,1880,0.39448703398794194,-0.10233788965030034,0.042796682983931356,"[0.04, -0.71, 0.73, -0.11]","['net_sharpe', 'dbl_sharpe', 'tri_sharpe', 'ret_2x', 'pos_folds', 'turnover', 'gross_edge', 'short_pnl']",1,21,2,12,0.3,2
-28.52434204528762,-10.746647229202729,0.3767535535838287,0.02222185061459599,-0.2792817139521218,-0.5789990718608741,-1.0454966208032526,-0.31874433654632084,0.2232358586859009,0.19261155243016437,-0.18807108116497254,0.35294117647058826,0.12508322927269283,50.32800605262549,8.134088666194483,0.033171338678914995,1882,0.23505465620600519,-0.07298802334631284,0.06275477299177196,"[0.03, -0.67, -1.05, 0.22]","['net_sharpe', 'dbl_sharpe', 'tri_sharpe', 'ret_1x', 'ret_2x', 'pos_folds', 'turnover', 'gross_edge', 'short_pnl']",1,21,2,12,0.3,3
0.10280143511472206,0.09041439154745157,0.8795051493838867,0.7301318051067353,0.42459374840626096,0.12029945160625924,-1.0867188154460297,0.7758240798994636,0.2252628331108243,0.21521300797169207,0.20027516184880026,0.5294117647058824,0.12091935607975206,49.13593421051525,25.486082288607832,0.03210853680623172,1902,0.3180728783409676,0.17769374042103064,0.0840908338868971,"[1.24, 0.82, 0.73, -1.09]","['net_sharpe', 'dbl_sharpe', 'turnover', 'gross_edge']",1,21,2,12,0.3,4
-31.591493880250233,-10.894044756294775,0.3448410764489142,-0.10506869103785292,-0.3821642872903412,-0.6582561262701727,-0.8394091321373913,-0.41874641739014506,0.2802245036222071,0.1746616931804451,-0.20666382734894753,0.35294117647058826,0.1327104847060015,49.041579658418954,4.450553873572382,0.033164223450838116,1882,0.1007749333468885,-0.014367024334557194,0.08220465147132533,"[-0.54, 0.3, -0.29, -0.84]","['net_sharpe', 'dbl_sharpe', 'tri_sharpe', 'ret_1x', 'ret_2x', 'pos_folds', 'turnover', 'gross_edge', 'short_pnl']",1,21,2,12,0.3,5
-41.76946159162449,-14.308217809065523,0.34255212453910516,-0.1616383875007587,-0.46414617089167565,-0.7647453250989652,-1.5344652942630082,-0.721847462336292,0.36825792067109464,0.29877318533459696,-0.16860940520797113,0.4117647058823529,0.12177791225123955,49.2088269775319,3.5278945910523936,0.03429990473293527,1873,0.19909112872586435,-0.1303631461806128,0.06796290027186055,"[-1.53, -1.3, -0.14, 1.07]","['net_sharpe', 'dbl_sharpe', 'tri_sharpe', 'ret_1x', 'ret_2x', 'pos_folds', 'turnover', 'gross_edge', 'short_pnl']",1,21,2,12,0.3,6
-7.563306995494046,-4.687176970658268,0.6197258650813361,0.45260448146511556,0.15199647447268652,-0.1486302633921982,-0.34739730087171555,0.07724870328601494,0.21942388073951635,0.17171449463972566,0.05090306171938339,0.5294117647058824,0.12182182272030218,48.7752023803542,18.841164953124192,0.03218214091015986,1958,0.5689168281964814,-0.20510081157907328,0.04817384601805717,"[0.37, -0.21, -0.35, 0.66]","['net_sharpe', 'dbl_sharpe', 'tri_sharpe', 'pos_folds', 'turnover', 'gross_edge', 'short_pnl']",1,21,2,12,0.3,7
1.6994305648264545,1.1588324711792894,0.6818945681947466,0.5770852247799572,0.2875924995049776,-0.0015728241105032936,-0.43680201380808575,0.32953287716603114,0.17584810169994858,0.14913684514131487,0.166210316316117,0.47058823529411764,0.12890635588516838,49.72226450262181,22.279137466067056,0.03280110962939168,1844,0.5245634987930963,-0.08600830842644078,0.06686132373013241,"[0.11, 1.24, 0.55, -0.44]","['net_sharpe', 'dbl_sharpe', 'tri_sharpe', 'turnover', 'gross_edge', 'short_pnl']",1,21,2,12,0.3,8
-39.090243766345594,-13.03008125544853,0.3333333333333333,-0.27701497097325367,-0.558712565307384,-0.8388706069539091,-1.3920011820982165,-0.5863248577559699,0.3197723017623707,0.2281938837479196,-0.2507461345930435,0.4117647058823529,0.13344561189344653,50.24472295299506,-0.11023152569093168,0.03504219024753202,1829,0.25529805751038653,-0.25749071732346696,0.018162391586155742,"[-0.63, -0.54, 0.42, -1.39]","['net_sharpe', 'dbl_sharpe', 'tri_sharpe', 'ret_1x', 'ret_2x', 'pos_folds', 'turnover', 'gross_edge', 'short_pnl']",1,21,2,12,0.3,9
-3.3126070574754523,-1.7797344831850808,0.5372609706813285,0.24566579376705658,-0.04341332844929031,-0.3315850618426167,-0.11100850238158391,-0.037171887555708216,0.19226223820446897,0.18381484778375656,-0.07595444134740278,0.35294117647058826,0.1331286158696015,51.309449638183665,13.759081732604699,0.03380290606574207,1940,0.14640197242698555,0.13308514174359817,0.025085978429757072,"[-0.06, -0.02, -0.11, 0.01]","['net_sharpe', 'dbl_sharpe', 'tri_sharpe', 'ret_2x', 'pos_folds', 'turnover', 'gross_edge']",1,21,2,12,0.3,10
-21.838122981988764,-10.475898465883052,0.47970690862594584,0.3736007586177734,0.024034220564122306,-0.3239596062443227,-0.9433728025072398,-0.2995774570571598,0.19531167674404226,0.17587953403638046,-0.02004009309300358,0.4117647058823529,0.11576384367601779,53.96413689841737,15.511483576140016,0.034929196018853505,2018,0.3373278963566042,-0.005942355390977205,0.031156967365569204,"[-0.48, 1.76, -0.12, -0.94]","['net_sharpe', 'dbl_sharpe', 'tri_sharpe', 'ret_2x', 'pos_folds', 'turnover', 'gross_edge', 'short_pnl']",1,21,2,12,0.3,11
-40.50199984218505,-9.863095950863904,0.2435212085648904,-0.5282488492174493,-0.8110588860795364,-1.0915983908534752,-1.113851467495335,-0.799321901681344,0.3602460929542808,0.2729201986873979,-0.2787122025067475,0.35294117647058826,0.12108257570979881,45.855607216410625,-6.419062012649305,0.036066924681099066,1555,-0.09126610998892717,-0.02526422707285439,0.02236510334391839,"[-1.09, -1.11, -0.43, -0.5]","['net_sharpe', 'dbl_sharpe', 'tri_sharpe', 'ret_1x', 'ret_2x', 'pos_folds', 'turnover', 'gross_edge', 'long_pnl', 'short_pnl']",1,21,2,12,0.45,0
-41.447200605537745,-14.355708219786155,0.3463613467267098,-0.1731527410684082,-0.4390099835703234,-0.7045227205511961,-1.429478231118116,-0.6341001841001768,0.3674121142733836,0.3181049621165335,-0.1777573555842854,0.35294117647058826,0.1335996686462295,47.24302536377722,2.3634075465993303,0.03503111051073287,1681,0.36081775767850754,-0.3166148028136829,0.044677222740601166,"[-0.95, -1.43, 0.84, -0.32]","['net_sharpe', 'dbl_sharpe', 'tri_sharpe', 'ret_1x', 'ret_2x', 'pos_folds', 'turnover', 'gross_edge', 'short_pnl']",1,21,2,12,0.45,1
-24.756790782966426,-11.481509356929097,0.46377212044902016,0.20517160748142083,-0.08329452356647425,-0.3707054930841775,-0.5740195514631968,-0.26282496063557,0.2839442332812103,0.21456806875898393,-0.06173611736532708,0.4117647058823529,0.12227620726815788,47.069800504076625,12.881269732608724,0.03484931706227177,1503,0.482277226394574,-0.24224142885506178,0.043083153759114846,"[-0.06, -0.57, 0.8, -0.47]","['net_sharpe', 'dbl_sharpe', 'tri_sharpe', 'ret_2x', 'pos_folds', 'turnover', 'gross_edge', 'short_pnl']",1,21,2,12,0.45,2
-31.12872105624077,-13.815027234217931,0.443803239113425,-0.021817627177895222,-0.27972880248665366,-0.5366886592929373,-0.8752850164472376,-0.5264827970073629,0.259588574872895,0.19061279158894706,-0.1634345806664323,0.35294117647058826,0.12622862710376317,43.424351415170435,6.923313269920356,0.032814343861665075,1418,0.08862249951675283,0.03039814739394109,0.06635947706724069,"[-0.44, -0.88, -0.61, 0.7]","['net_sharpe', 'dbl_sharpe', 'tri_sharpe', 'ret_1x', 'ret_2x', 'pos_folds', 'turnover', 'gross_edge']",1,21,2,12,0.45,3
-13.905805196031242,-7.673075207409435,0.5517893497889179,0.31297019102695095,0.045861660587946995,-0.21946983116435714,-1.5915752887237453,0.3941938892749133,0.24846444327736206,0.23877525235812203,-0.007141652424622057,0.7058823529411765,0.12057588810793637,42.95262859384835,16.337225242011346,0.03257931294676965,1527,0.30534810800365797,-0.027541209409916077,0.08039934151611139,"[0.98, 0.18, 0.6, -1.59]","['net_sharpe', 'dbl_sharpe', 'tri_sharpe', 'ret_2x', 'turnover', 'gross_edge', 'short_pnl']",1,21,2,12,0.45,4
-30.846770086852406,-11.065011859886296,0.35870892896506057,-0.06820407715995469,-0.3280074153152425,-0.5867305459825752,-1.24563496243427,-0.14178573469254468,0.24187600426399325,0.17709994813572139,-0.2066852443588559,0.29411764705882354,0.1301044479219361,45.08868272302626,5.337202085340199,0.03392863857204054,1469,-0.03872063873196277,0.1339906413489123,0.08089944451664648,"[-0.18, 0.34, -0.11, -1.25]","['net_sharpe', 'dbl_sharpe', 'tri_sharpe', 'ret_1x', 'ret_2x', 'pos_folds', 'turnover', 'gross_edge', 'long_pnl']",1,21,2,12,0.45,5
-42.76418212147834,-16.304638223578454,0.3812685620237652,-0.08971276647924126,-0.3551247317957302,-0.6192249848403034,-1.822208691577747,-0.7712695314774605,0.44579154570849633,0.4047090092061181,-0.11905577745602333,0.5294117647058824,0.12958517300775144,45.887843779618976,5.013535633081626,0.03453351685990605,1509,-0.04273229038836179,0.13381097290241975,0.07305214250726963,"[-1.82, -1.71, 0.17, 2.12]","['net_sharpe', 'dbl_sharpe', 'tri_sharpe', 'ret_1x', 'ret_2x', 'pos_folds', 'turnover', 'gross_edge', 'long_pnl']",1,21,2,12,0.45,6
-5.588762895283958,-3.652061517301283,0.653465102336521,0.4172379392898917,0.1468951710467864,-0.12339810304432362,-0.29920245792114236,0.09990634575252343,0.19892638778451,0.16255706934980096,0.05338189307631329,0.4117647058823529,0.124822339957375,44.930762376357364,19.077562368925186,0.03255120496382457,1642,0.5125651279733885,-0.17321997342709675,0.0438177238660199,"[0.14, -0.3, 0.06, 0.64]","['net_sharpe', 'dbl_sharpe', 'tri_sharpe', 'turnover', 'gross_edge', 'short_pnl']",1,21,2,12,0.45,7
-14.618456711113849,-8.368686967535544,0.5724740396962118,0.20402326352390543,-0.05390931750096512,-0.3113125584140776,-0.8054245807149975,0.008412253653380108,0.17500339114512942,0.15676441975557787,-0.08922108736535099,0.4117647058823529,0.13157048349791198,45.243288372900345,13.207932195808745,0.03375736816004265,1499,0.19872157720579697,0.03785076855696379,0.05449778038157694,"[-0.81, 0.81, 1.05, -0.79]","['net_sharpe', 'dbl_sharpe', 'tri_sharpe', 'ret_2x', 'pos_folds', 'turnover', 'gross_edge']",1,21,2,12,0.45,8
-38.38821499537841,-13.260022585781295,0.3454190976938542,-0.21011515219675944,-0.4708446240326808,-0.73032200343267,-1.8476473379748641,-0.31631410013387856,0.2951812834481373,0.23674219017717746,-0.2367299528936122,0.4117647058823529,0.13446938589023885,46.82528164643775,1.2050481017712744,0.03596337572590215,1479,0.18565591407287685,-0.1633171179845329,0.01801471860984763,"[-0.61, -0.02, 0.79, -1.85]","['net_sharpe', 'dbl_sharpe', 'tri_sharpe', 'ret_1x', 'ret_2x', 'pos_folds', 'turnover', 'gross_edge', 'short_pnl']",1,21,2,12,0.45,9
3.5753292571737205,2.6539735142680274,0.7423018478488271,0.48201652754523994,0.21148546052607411,-0.05822649914718401,-0.23737731669556175,0.13658173270536708,0.1609598701190439,0.131780849926302,0.12003080358875867,0.47058823529411764,0.1314819666689374,47.38582205940247,20.794612957086123,0.03397610785459796,1562,0.28950350549373427,0.10059496120547605,0.019633768611829038,"[0.63, 0.17, 0.11, -0.24]","['net_sharpe', 'dbl_sharpe', 'tri_sharpe', 'turnover', 'gross_edge']",1,21,2,12,0.45,10
-28.84082265959964,-15.085625755833842,0.5230650295203214,0.1341639644554056,-0.18476025012795638,-0.5021622441855739,-1.0380530164368185,-0.725042213688663,0.2357852620849049,0.21865135775807654,-0.1174731789012973,0.5294117647058824,0.11559541652268218,49.17844160205698,10.637790357754735,0.03648495894358143,1596,0.14535916939414184,0.061750880050253226,0.03795286842504502,"[-1.02, 1.82, -0.43, -1.04]","['net_sharpe', 'dbl_sharpe', 'tri_sharpe', 'ret_2x', 'pos_folds', 'turnover', 'gross_edge']",1,21,2,12,0.45,11
-47.303249028652885,-16.081198175618503,0.33995969633877954,-0.8808868693182721,-1.1149422617617635,-1.34651564276173,-1.2978277356806471,-1.1925107527484557,0.4535881804141174,0.38590151582841137,-0.30323817607632836,0.17647058823529413,0.1252409673338501,39.513098689896644,-20.303025221278226,0.036807899190353315,1196,0.018798809008718442,-0.33639612674783903,0.01831781204552372,"[-0.94, -1.28, -1.1, -1.3]","['net_sharpe', 'dbl_sharpe', 'tri_sharpe', 'ret_1x', 'ret_2x', 'pos_folds', 'turnover', 'gross_edge', 'short_pnl']",1,21,2,12,0.6,0
-17.388894847116813,-11.451141174860185,0.658531854700292,0.397799682440888,0.1569093217412472,-0.08449939322930844,-1.56511454402242,0.613764379609787,0.30418001688947927,0.270242062210731,0.040326195767034764,0.35294117647058826,0.13565464534509847,43.57789810643522,19.71847155310397,0.03434550639725285,1283,0.5826517514117657,-0.24246726064323415,0.04129961448992042,"[-1.57, 0.19, 1.04, 1.13]","['net_sharpe', 'dbl_sharpe', 'tri_sharpe', 'turnover', 'gross_edge', 'short_pnl']",1,21,2,12,0.6,1
4.505839596779318,3.6736684909183572,0.8153127540412712,0.5942234620554631,0.37211966114690737,0.1497941340898336,-0.06713006218839736,0.19998859374574554,0.21904160334855505,0.17602948970772436,0.18954473934985985,0.5294117647058824,0.13283534413605327,39.380868573711304,27.4912758248734,0.03331638898570107,1042,0.5740201512799051,-0.1454171889060928,0.024089697621877425,"[0.11, -0.07, 0.29, 1.12]","['net_sharpe', 'dbl_sharpe', 'turnover', 'gross_edge', 'short_pnl']",1,21,2,12,0.6,2
-34.74263056395042,-13.2468329205071,0.38128468413247474,-0.11593965022220673,-0.33966641144537135,-0.5623746521412305,-1.276121254973672,-0.4399578842420465,0.26571972999741356,0.23377455190432683,-0.18156795574543586,0.35294117647058826,0.12301191366846462,36.72287521099225,3.6913027531411164,0.03371333640941278,1026,0.4491963172798428,-0.3955312935033874,0.06730247924256214,"[-0.88, -0.0, -1.28, 0.66]","['net_sharpe', 'dbl_sharpe', 'tri_sharpe', 'ret_1x', 'ret_2x', 'pos_folds', 'turnover', 'gross_edge', 'short_pnl']",1,21,2,12,0.6,3
-33.6724215676212,-13.541825381232124,0.40216369214899894,-0.15692410525938222,-0.3800479625230222,-0.6015381659846694,-1.5477968076878716,-0.09616335858734261,0.28438918999169427,0.26389636863045673,-0.19019335931810832,0.4117647058823529,0.12507338683871583,37.392662839953445,2.286713794738294,0.03320940139545744,1188,0.21694716645640238,-0.18309603510829747,0.08525479177498643,"[0.21, -0.4, 0.24, -1.55]","['net_sharpe', 'dbl_sharpe', 'tri_sharpe', 'ret_1x', 'ret_2x', 'pos_folds', 'turnover', 'gross_edge', 'short_pnl']",1,21,2,12,0.6,4
-26.55067236683268,-11.612587221005967,0.43737450639903597,-0.055540971330417147,-0.26647353689809883,-0.47655912367198355,-2.1428947551951705,0.31794375179720613,0.2769526536788701,0.25345578888760867,-0.1507145521210956,0.47058823529411764,0.12849522159114743,36.15856131622852,5.288441433464318,0.03280884137822436,1058,0.3641297496692495,-0.2884266217520855,0.07024687295987658,"[0.09, 0.54, 0.7, -2.14]","['net_sharpe', 'dbl_sharpe', 'tri_sharpe', 'ret_1x', 'ret_2x', 'turnover', 'gross_edge', 'short_pnl']",1,21,2,12,0.6,5
-44.71196652507722,-16.524007059356595,0.36956565196229774,-0.18331337259907218,-0.4091903050201407,-0.6339832111333799,-1.7605431814215937,-0.9927045087030977,0.44328318974068914,0.4067070570313768,-0.13461643412478214,0.47058823529411764,0.1295705032470826,39.050085479476856,1.3209424542244306,0.03426219988714996,1126,-0.16192878568596936,0.18234996740106502,0.07948940118498102,"[-1.76, -1.49, -0.49, 2.18]","['net_sharpe', 'dbl_sharpe', 'tri_sharpe', 'ret_1x', 'ret_2x', 'pos_folds', 'turnover', 'gross_edge', 'long_pnl']",1,21,2,12,0.6,6
-12.600580683708955,-8.529942915282762,0.6769483986012611,0.3899494196673182,0.1617955279147587,-0.06653278123152281,-0.5630259271528362,0.1446305230059074,0.21064784372622425,0.18351446519663106,0.059428437264049595,0.35294117647058826,0.12506874006052873,37.991911246600566,20.359112050670056,0.03206768662737264,1254,0.39763595543833674,-0.09142201561967842,0.03281731387178964,"[-0.56, 0.02, 0.27, 0.91]","['net_sharpe', 'dbl_sharpe', 'tri_sharpe', 'turnover', 'gross_edge', 'short_pnl']",1,21,2,12,0.6,7
-15.70985353666876,-7.828338953722697,0.4983075708153724,0.09550367911456316,-0.12758282578014812,-0.3498102920850147,-0.6726573036149567,0.04236524044109182,0.19825478623763038,0.17813616378288433,-0.1268545308912573,0.4117647058823529,0.13175670453994653,39.21055904446517,10.414980672743095,0.034549086905827364,1086,0.20717909949740992,-0.045506476177004665,0.053683611889860414,"[-0.67, 0.3, 0.18, -0.1]","['net_sharpe', 'dbl_sharpe', 'tri_sharpe', 'ret_2x', 'pos_folds', 'turnover', 'gross_edge', 'short_pnl']",1,21,2,12,0.6,8
-30.762536531708122,-14.110924241389313,0.4587048349164785,-0.058958298186720846,-0.27118343045115967,-0.4829130877026868,-0.9231965456222561,-0.3630981550950889,0.2635120740822402,0.23213325065027746,-0.16590637614054,0.35294117647058826,0.13245754224539197,37.49092291473961,5.178657486818883,0.034610359092290086,1083,0.062142631628501754,0.014720540230413207,0.02340827184543814,"[-0.92, -0.36, 0.7, -0.37]","['net_sharpe', 'dbl_sharpe', 'tri_sharpe', 'ret_1x', 'ret_2x', 'pos_folds', 'turnover', 'gross_edge']",1,21,2,12,0.6,9
-16.506895557082245,-9.520574990327665,0.5767635081596482,0.16446761567686913,-0.07190975248781377,-0.30722026215208303,-0.4388219453613101,-0.12461247534958213,0.23458395900696472,0.1835646119334735,-0.07904017631014021,0.47058823529411764,0.13394116393611108,42.23505283578547,12.603061329763662,0.03480234340228553,1247,0.16169372296880807,0.049035164392639316,0.018580021071266745,"[0.17, 0.22, -0.42, -0.44]","['net_sharpe', 'dbl_sharpe', 'tri_sharpe', 'ret_2x', 'pos_folds', 'turnover', 'gross_edge']",1,21,2,12,0.6,10
-36.73133292318947,-13.319105175854933,0.3626088169385823,-0.1752602017364698,-0.440305475864402,-0.7044244537271466,-1.6404472325890467,-0.6135573985620402,0.2889012259322721,0.2743879663075025,-0.19971123381192657,0.5294117647058824,0.11882951356474812,41.97308875507137,2.380193482843681,0.03692149099978181,1214,0.2108552089581667,-0.1713041447150353,0.023688955318510552,"[-1.64, 1.23, -0.37, -0.86]","['net_sharpe', 'dbl_sharpe', 'tri_sharpe', 'ret_1x', 'ret_2x', 'pos_folds', 'turnover', 'gross_edge', 'short_pnl']",1,21,2,12,0.6,11
-29.165764965988902,-17.18380769724651,0.5891773357319816,0.21302744161035914,-0.009606284481843386,-0.23123804733095818,-1.4940471556307604,-0.17009929695275242,0.30303978695131795,0.2503832253799494,-0.035520771261809934,0.6470588235294118,0.13752193125440315,40.78923895373062,14.316958159414808,0.026965186446826644,1462,0.1851332470675322,0.046057975034489704,0.05362067279205655,"[1.08, -0.7, -1.49, 0.36]","['net_sharpe', 'dbl_sharpe', 'tri_sharpe', 'ret_2x', 'pos_folds', 'turnover', 'gross_edge']",1,21,2,15,0.3,0
-22.543614415513133,-14.785616906826155,0.6558671841304915,0.32449055029705787,0.11519233650636977,-0.09366147681026502,-1.1821545229565433,0.11559213627570758,0.24614059068165328,0.19886313407999912,0.02558435653415358,0.47058823529411764,0.14182097214510853,39.54000297215932,18.87502606794798,0.02543832555428086,1573,0.5185743031070278,-0.223113931062116,0.04041034525632645,"[1.03, -1.18, 0.04, 0.19]","['net_sharpe', 'dbl_sharpe', 'tri_sharpe', 'turnover', 'gross_edge', 'short_pnl']",1,21,2,15,0.3,1
-1.7498752590344329,-1.3644224796766014,0.7797255676553074,0.4941008850794145,0.2719300051439733,0.04943522557332816,-0.9668956486931458,0.6920526847159841,0.2535394885410376,0.22538834257779294,0.11122461706083299,0.6470588235294118,0.13673101220256123,40.47882499018862,23.7639704995731,0.026020823062611546,1515,0.39358377844859055,-0.012761905510096067,0.05259131268150796,"[0.54, 0.85, 0.89, -0.97]","['net_sharpe', 'dbl_sharpe', 'turnover', 'gross_edge', 'short_pnl']",1,21,2,15,0.3,2
-27.25443281934918,-11.133381081526004,0.4084979920632178,-0.009343687933151299,-0.20751327337534187,-0.40445574166279497,-0.9950128771442555,0.034959609500982765,0.28415195758713085,0.25398631194027343,-0.1397094873723923,0.4117647058823529,0.14393198581396147,38.127941609790746,6.756995781871768,0.026066068485780823,1488,0.44448803682017934,-0.3424946553931577,0.025404998726587257,"[0.19, 0.2, -1.0, -0.12]","['net_sharpe', 'dbl_sharpe', 'tri_sharpe', 'ret_1x', 'ret_2x', 'pos_folds', 'turnover', 'gross_edge', 'short_pnl']",1,21,2,15,0.3,3
-13.868564689581278,-8.603339646958238,0.6203482364271967,0.3221382500339441,0.09006273296712207,-0.1413977467726832,-0.3564281551566369,0.09953342669890261,0.2679187266126245,0.24629928060192519,0.011633619941024173,0.4117647058823529,0.1318850327031059,40.77322539668424,17.839645771103484,0.027435859283003426,1532,0.4815170383041326,-0.19355431155287522,0.03292272712785592,"[0.51, -0.1, 0.3, -0.36]","['net_sharpe', 'dbl_sharpe', 'tri_sharpe', 'pos_folds', 'turnover', 'gross_edge', 'short_pnl']",1,21,2,15,0.3,4
-6.467515200456864,-5.130480648633735,0.793269206119735,0.5596445497261513,0.32131263197475085,0.08476655582320863,-0.8816030950489373,0.5435671317050635,0.22327756391091547,0.17806618821033438,0.15277500399082175,0.4117647058823529,0.13050255694627266,41.37233615890056,25.008486992215396,0.026559937573262887,1546,0.7377238971292837,-0.3281121103308091,0.037148672663102664,"[0.19, -0.88, 0.9, 1.04]","['net_sharpe', 'dbl_sharpe', 'turnover', 'gross_edge', 'short_pnl']",1,21,2,15,0.3,5
-28.70610470811012,-9.890185211655252,0.3445324718285812,-0.08027162265119761,-0.335127080915878,-0.589181320324094,-0.9033373451511588,-0.20861208390338204,0.266818438687629,0.19909756352228458,-0.17595319344359978,0.4117647058823529,0.12134436762277424,41.241844249649,5.143836150300622,0.028529793796622197,1450,0.16726253180395134,-0.08327782957928936,0.025053036662537914,"[-0.22, -0.03, -0.2, -0.9]","['net_sharpe', 'dbl_sharpe', 'tri_sharpe', 'ret_1x', 'ret_2x', 'pos_folds', 'turnover', 'gross_edge', 'short_pnl']",1,21,2,15,0.3,6
32.39581411354734,28.973089376843326,0.8943466978570948,0.6250023742304981,0.3838251193197791,0.14261577575946663,0.23688111708809745,0.41610437262904587,0.14449042584656258,0.13730030908453605,0.2821399208377419,0.6470588235294118,0.12408240935134508,39.89178106379169,26.931004330648722,0.027043033219758005,1452,0.41640895265236094,0.008906301541379447,0.03872651880170008,"[0.43, 0.4, 0.48, 0.24]","['net_sharpe', 'dbl_sharpe', 'turnover', 'gross_edge']",1,21,2,15,0.3,7
-37.152573119934345,-13.421863254708885,0.3612633561444318,-0.25351280274880356,-0.4978221236689278,-0.7420224298718519,-1.0240067600027125,-0.7018371752353686,0.30161196076486974,0.229859877447823,-0.22613881785856096,0.29411764705882354,0.12606600141327992,40.922742586393,-0.30704531969698623,0.0281878939987098,1505,0.22942271925171953,-0.2343971363362559,0.019802080224705434,"[-1.02, 0.59, -0.62, -0.78]","['net_sharpe', 'dbl_sharpe', 'tri_sharpe', 'ret_1x', 'ret_2x', 'pos_folds', 'turnover', 'gross_edge', 'short_pnl']",1,21,2,15,0.3,8
-49.98939769166287,-14.324329496767602,0.2865473512027648,-0.7593345259337463,-1.0081397396764489,-1.2548359176271282,-2.2432110962281118,-0.8992158513516154,0.47155379519552354,0.41512192974885276,-0.25659955924487066,0.29411764705882354,0.12042256492072584,40.205444192434776,-15.218388564955061,0.028482437220018468,1602,-0.21069938179144215,-0.031530945401035126,0.05267074196338584,"[-2.24, -1.73, 0.45, -0.07]","['net_sharpe', 'dbl_sharpe', 'tri_sharpe', 'ret_1x', 'ret_2x', 'pos_folds', 'turnover', 'gross_edge', 'long_pnl', 'short_pnl']",1,21,2,15,0.3,9
-13.530893163684757,-7.2947650649259685,0.5391192567024485,0.2209235534154506,-0.019725764377786784,-0.25927885683253654,-0.7421247278382811,0.08121990884666566,0.18417583525638326,0.14785101002920586,-0.05693460724753413,0.4117647058823529,0.12660801007184194,40.65403611552518,14.342293599340998,0.026500519416350902,1671,0.27576520047955855,-0.04493253849533317,0.05775448486768228,"[-0.74, 0.06, 0.1, 0.73]","['net_sharpe', 'dbl_sharpe', 'tri_sharpe', 'ret_2x', 'turnover', 'gross_edge', 'short_pnl']",1,21,2,15,0.3,10
12.993194811571014,12.090241777280795,0.9305056956826276,0.7969067080264872,0.5388427470049593,0.2812770514057974,-1.0450586155961707,0.8622958326362478,0.15072891893240026,0.12687234748156218,0.3965100472399582,0.47058823529411764,0.12115744547001739,41.618429722174746,30.6071139091216,0.026961000366472268,1565,0.2819627521131299,0.2223303787856829,0.07637026780470682,"[0.95, 1.49, 0.78, -1.05]","['net_sharpe', 'turnover', 'gross_edge']",1,21,2,15,0.3,11
-41.63036920319164,-14.081168844200196,0.33824270871757356,-0.39815339169164,-0.631706266868689,-0.8645712718671308,-1.7930230224141837,-0.38539817646206154,0.34630427948757336,0.29686744582977465,-0.24767743263011552,0.35294117647058826,0.12877401785267523,40.0711196667886,-5.4745211355255625,0.027747910479453963,1541,0.14704929462338526,-0.23389584990429263,0.05246101212311971,"[-0.63, -1.79, -0.07, -0.14]","['net_sharpe', 'dbl_sharpe', 'tri_sharpe', 'ret_1x', 'ret_2x', 'pos_folds', 'turnover', 'gross_edge', 'short_pnl']",1,21,2,15,0.3,12
-39.277135030788635,-13.16711323505989,0.33523609155144407,-0.3732923105288184,-0.6251028731059787,-0.8760970413022424,-1.3139688873045214,-0.44248487821077553,0.32965383521881964,0.2731455821880333,-0.24460063342224522,0.29411764705882354,0.12244120736003106,41.04827024578068,-3.693397353734609,0.027779691804198096,1598,0.12614285179593543,-0.18616283605707545,0.08708045661368768,"[-0.37, -0.35, -0.52, -1.31]","['net_sharpe', 'dbl_sharpe', 'tri_sharpe', 'ret_1x', 'ret_2x', 'pos_folds', 'turnover', 'gross_edge', 'short_pnl']",1,21,2,15,0.3,13
-24.664011798473766,-12.078815390285799,0.4897344150246169,0.09553322588840547,-0.1603310451770285,-0.4147983979824729,-1.2247680283701523,-0.23025719147365392,0.19444726608156282,0.16557907399383232,-0.1381265029350848,0.4117647058823529,0.1225954341969126,41.86852782385471,10.208212369881405,0.028023984348075126,1513,0.26869856507675666,-0.0994938855808429,0.07152406672676816,"[-0.64, 1.11, -1.22, 0.18]","['net_sharpe', 'dbl_sharpe', 'tri_sharpe', 'ret_2x', 'pos_folds', 'turnover', 'gross_edge', 'short_pnl']",1,21,2,15,0.3,14
-28.180635262470652,-20.474515613615768,0.7265455665892157,0.3478800944176901,0.15266397655742558,-0.04225358647586494,-1.7935679274859568,0.08528767680989359,0.2882075217098363,0.2575113829409855,0.04047986498077441,0.5294117647058824,0.14149609982481445,36.76147050817445,20.348257927326085,0.0267635777517275,1194,0.26294683046152056,0.03319181938213443,0.049543289324611064,"[1.35, -0.01, -1.79, 0.18]","['net_sharpe', 'dbl_sharpe', 'tri_sharpe', 'pos_folds', 'turnover', 'gross_edge']",1,21,2,15,0.45,0
-19.45108630736283,-12.599795999841033,0.6477682429012526,0.32366817006088267,0.14033766330760225,-0.04278000593857315,-0.7732028654296277,-0.13079334169838136,0.24602554561241652,0.19833560376536552,0.04020685839015798,0.5882352941176471,0.14719359630713894,35.946304230109305,20.276484842507273,0.0254275493923414,1287,0.48039277484501075,-0.19184223205286774,0.026502904246525648,"[1.23, -0.77, 0.33, -0.59]","['net_sharpe', 'dbl_sharpe', 'tri_sharpe', 'pos_folds', 'turnover', 'gross_edge', 'short_pnl']",1,21,2,15,0.45,1
-1.8002296817692764,-1.6100207487924327,0.8943418526518765,0.553367185755468,0.3510930590156425,0.14841770233666482,-0.7213521049037392,0.581049816827742,0.24356980071717116,0.21928072249929453,0.1601727844020716,0.5882352941176471,0.13505739626846736,36.408500761566756,27.55556058845783,0.02603819063700144,1223,0.2912273551440391,0.10595233179528532,0.04175762594685293,"[0.29, 1.21, 0.88, -0.72]","['net_sharpe', 'dbl_sharpe', 'turnover', 'gross_edge']",1,21,2,15,0.45,2
-19.72084415472833,-10.637959354034653,0.5394271802246388,0.08523046428343803,-0.09210201181882036,-0.26836178688615386,-0.7203139297807127,0.09894623133070865,0.25431202426990085,0.23502314877736896,-0.09274339965937073,0.47058823529411764,0.14397794138669118,34.09132838291899,10.786735915310667,0.026084932389311307,1139,0.47624910333863074,-0.33066667708979647,0.030148421909951886,"[0.05, 0.15, -0.72, 0.26]","['net_sharpe', 'dbl_sharpe', 'tri_sharpe', 'ret_2x', 'turnover', 'gross_edge', 'short_pnl']",1,21,2,15,0.45,3
-13.552995732964538,-8.66755294464014,0.6395304119780924,0.316379835937607,0.11418698425681074,-0.08752158167089094,-0.55965161581511,0.1440022738699568,0.23368165156088572,0.22124690878071507,0.02659503988703784,0.47058823529411764,0.1350121257467291,36.37305799535628,19.132089817086218,0.027215633286485047,1262,0.5543102012940483,-0.2788129889524168,0.027039767577671375,"[0.6, -0.32, 0.7, -0.56]","['net_sharpe', 'dbl_sharpe', 'tri_sharpe', 'pos_folds', 'turnover', 'gross_edge', 'short_pnl']",1,21,2,15,0.45,4
-22.43467043585576,-12.125493107181722,0.5404801083149586,0.1668795311501985,-0.04483319375432923,-0.2548805315676088,-1.112326392902906,0.07448135244609638,0.2324207943396247,0.1929196589954053,-0.06405958351645594,0.47058823529411764,0.13363311830348382,37.834742489155914,13.24126774891803,0.027443293011864475,1260,0.5832417277269233,-0.38490856725778555,0.024352135480998904,"[0.1, -1.11, 0.71, 0.05]","['net_sharpe', 'dbl_sharpe', 'tri_sharpe', 'ret_2x', 'turnover', 'gross_edge', 'short_pnl']",1,21,2,15,0.45,5
-26.809871869541897,-9.468449719660482,0.35317027122451033,-0.23258018991199828,-0.456361693973376,-0.6795834400796293,-0.673264155031988,-0.4697767356421532,0.2571735950928654,0.2275627526821059,-0.22978498847291212,0.47058823529411764,0.11811368305314172,35.219661852034136,-0.24784252071368046,0.02840881279482874,1096,-0.0781196623754134,0.07466396278070879,0.0276818530522483,"[-0.63, -0.16, -0.31, -0.67]","['net_sharpe', 'dbl_sharpe', 'tri_sharpe', 'ret_1x', 'ret_2x', 'pos_folds', 'turnover', 'gross_edge', 'long_pnl']",1,21,2,15,0.45,6
12.209985481738077,9.61313990487112,0.7873178816837301,0.4772415058008922,0.25345926012072134,0.029829609317317898,-0.4018545651686244,0.27601891808401813,0.11378099942995279,0.10515651038067342,0.20929732569687606,0.5882352941176471,0.12221390883229845,36.45605523228948,23.59617074750045,0.027705360458378438,1193,0.5320275386869305,-0.19147338133355057,0.032062937100944336,"[0.72, 0.18, 0.38, -0.4]","['net_sharpe', 'dbl_sharpe', 'turnover', 'gross_edge', 'short_pnl']",1,21,2,15,0.45,7
-24.744366924905247,-11.694150217695592,0.47259848082536354,0.05644918656883162,-0.16642690008323546,-0.38954620463615347,-0.8402510069773249,-0.37428996476476295,0.2146658664444978,0.16661937394191995,-0.1326759226138816,0.4117647058823529,0.1259964946518694,37.3765791063597,9.397943937589673,0.028292258219483245,1176,0.10726780910643664,0.031793842346866566,0.018257865777982354,"[-0.84, 1.13, -0.51, -0.24]","['net_sharpe', 'dbl_sharpe', 'tri_sharpe', 'ret_1x', 'ret_2x', 'pos_folds', 'turnover', 'gross_edge']",1,21,2,15,0.45,8
-49.019372557680605,-19.431864653058515,0.39641194162967375,-0.6933644224562092,-0.9128397097904464,-1.1309172159497003,-2.855146079641073,-0.5478815976715323,0.5116132920777723,0.4854467135388375,-0.23164986134417678,0.4117647058823529,0.12884811045227895,37.83278563702268,-16.140119085093097,0.02938272844063857,1293,-0.3075758426498473,0.06583499699206935,0.04776017809880341,"[-2.86, -1.86, 0.77, 0.93]","['net_sharpe', 'dbl_sharpe', 'tri_sharpe', 'ret_1x', 'ret_2x', 'pos_folds', 'turnover', 'gross_edge', 'long_pnl']",1,21,2,15,0.45,9
-4.282833873907981,-2.433562102298749,0.5682130509718284,0.27692689117321734,0.057970582863705954,-0.1601878036512275,-0.7897194705085673,0.28318251845005904,0.14805455959807978,0.13712467562151376,-0.005421420630961791,0.4117647058823529,0.1283639888209406,37.497305543083506,16.98248418652702,0.02635354267293978,1408,0.2880712614931725,-0.03596927773401408,0.053994959741973506,"[-0.79, 0.69, 0.14, 0.43]","['net_sharpe', 'dbl_sharpe', 'tri_sharpe', 'ret_2x', 'turnover', 'gross_edge', 'short_pnl']",1,21,2,15,0.45,10
12.036611843983673,11.387353646326924,0.9460597212843354,0.8176878368367717,0.5804548868298638,0.34364239590300094,-1.3735495175830001,1.1496023783196783,0.17360300640935078,0.1489132020406705,0.3762271654248051,0.5294117647058824,0.12152534973302255,38.36370792107612,33.3329877415762,0.027263567599815245,1262,0.1454776570393239,0.36077789733326654,0.07577999315323104,"[1.18, 1.43, 1.12, -1.37]","['turnover', 'gross_edge']",1,21,2,15,0.45,11
-43.25640006568158,-12.738378030648615,0.29448539433023435,-0.4386305150905587,-0.6631217415519134,-0.8867804519342412,-1.8266556271655563,-0.692718861655977,0.32914411010465605,0.28860396072369043,-0.2653287645134944,0.35294117647058826,0.125770621441954,37.625580176007176,-7.296975950226934,0.028643304584061568,1273,-0.021690590112080924,-0.08700229154143098,0.053601096263868234,"[-0.84, -1.83, 0.48, -0.54]","['net_sharpe', 'dbl_sharpe', 'tri_sharpe', 'ret_1x', 'ret_2x', 'pos_folds', 'turnover', 'gross_edge', 'long_pnl', 'short_pnl']",1,21,2,15,0.45,12
-37.583721953025076,-13.113679094155575,0.34891911744520737,-0.40297046098492695,-0.6255709997587964,-0.8472327581967497,-0.8869493506519494,-0.7946728421646548,0.3309414696082811,0.25662832907120703,-0.2457426742190464,0.29411764705882354,0.12330731045807844,36.60128683030762,-6.137702399088797,0.02786483687979874,1301,0.14689495783202733,-0.2358308700656789,0.08783000599813133,"[-0.74, -0.85, -0.02, -0.89]","['net_sharpe', 'dbl_sharpe', 'tri_sharpe', 'ret_1x', 'ret_2x', 'pos_folds', 'turnover', 'gross_edge', 'short_pnl']",1,21,2,15,0.45,13
-35.991526427271864,-13.465324154971722,0.3741248424731617,-0.32171682161285126,-0.5421157374522685,-0.7608846034976858,-1.3878871362966163,-0.5250534179433325,0.264520472764196,0.21266173894260576,-0.27454078763865386,0.4117647058823529,0.12444531033385205,36.742759529555784,-3.4071383981448595,0.02887858944753479,1155,0.10886716341627684,-0.1584277602913032,0.08690439285564028,"[-1.39, 0.58, -0.52, -0.53]","['net_sharpe', 'dbl_sharpe', 'tri_sharpe', 'ret_1x', 'ret_2x', 'pos_folds', 'turnover', 'gross_edge', 'short_pnl']",1,21,2,15,0.45,14
-5.761392087859073,-4.763759314240741,0.8268417149180606,0.48691252075302854,0.3216512114336392,0.1566864223479576,-1.5272317613913786,0.36278585358713844,0.16958764237083235,0.16326293376089318,0.2119761511577418,0.5882352941176471,0.14019831631108073,30.80838351367117,29.1733824269228,0.025730460884194905,843,0.5216909099395768,-0.16587064423588638,0.061726438635228635,"[1.26, 0.27, -1.53, 0.46]","['net_sharpe', 'dbl_sharpe', 'turnover', 'gross_edge', 'short_pnl']",1,21,2,15,0.6,0
-21.921592135816383,-11.787319728293523,0.5377036328047964,0.1845729442754599,0.016904224037891418,-0.15020892104887854,-0.81126244494435,-0.15931800999393886,0.2589033087649012,0.21099478520290937,-0.032542664467884785,0.5882352941176471,0.14804647096097714,33.056801036100815,15.249118912784446,0.026658829307849814,1008,0.4663964039707511,-0.26683315880075925,0.0264102918904595,"[0.96, -0.44, 0.12, -0.81]","['net_sharpe', 'dbl_sharpe', 'tri_sharpe', 'ret_2x', 'pos_folds', 'turnover', 'gross_edge', 'short_pnl']",1,21,2,15,0.6,1
11.981464927517885,11.1976217914922,0.934578689603687,0.5698532545303517,0.40697659988646007,0.2435753219630976,-0.13430737791829347,0.4113162177633811,0.19184394933905957,0.17050204540931568,0.24939960561923122,0.5294117647058824,0.13841218079787357,30.114450306126034,33.113248366284495,0.02533946110576275,869,0.3704559455739713,0.024320933499803396,0.02921827004222742,"[0.49, 0.91, 0.34, -0.13]","['net_sharpe', 'dbl_sharpe', 'turnover', 'gross_edge']",1,21,2,15,0.6,2
-5.1402567157805645,-4.275438443030022,0.8317558206586152,0.46954477129503985,0.3174694431453432,0.16570242137139318,-1.1579221340022459,0.8614533224506891,0.27954017081294,0.25331114802714516,0.1284610968567834,0.4117647058823529,0.14397656089409563,29.153143077843904,30.283261650650676,0.025483911034209272,818,0.6419393452872767,-0.29242660135283377,0.039015022594488566,"[1.03, 0.71, -1.16, 1.02]","['net_sharpe', 'dbl_sharpe', 'turnover', 'gross_edge', 'short_pnl']",1,21,2,15,0.6,3
4.766872435098773,3.88592751486955,0.8151943580988716,0.5040432426691118,0.31904930204927084,0.1342892846037751,-0.178790596774355,0.4505972664070158,0.24694095529784132,0.22765316815072978,0.1420886902768785,0.5294117647058824,0.13824656475210526,34.057262415457025,27.66657977874727,0.027653515984416278,1015,0.6560049315624598,-0.2829779964191732,0.030775836553969635,"[0.55, 0.35, 0.62, -0.18]","['net_sharpe', 'dbl_sharpe', 'turnover', 'gross_edge', 'short_pnl']",1,21,2,15,0.6,4
-18.491565910616792,-12.276004516302033,0.6638704680631649,0.2643713599903038,0.08588062547153902,-0.09156992028093004,-1.2764113106342128,0.3946399416646331,0.2747684395689254,0.24840814052574522,0.008162067386511785,0.47058823529411764,0.13977412858290708,33.301037206279865,18.405284885655142,0.026745479128625353,995,0.8583471215029597,-0.6156999198778208,0.025033326442708816,"[0.27, -1.28, 0.52, 0.59]","['net_sharpe', 'dbl_sharpe', 'tri_sharpe', 'turnover', 'gross_edge', 'short_pnl']",1,21,2,15,0.6,5
-34.310025957577146,-12.606981392658607,0.3674430735857382,-0.4137185573142543,-0.5996350970375218,-0.785012672541619,-0.826114685775986,-0.6660263992363273,0.3436773966141553,0.3022956262200148,-0.22825730169979094,0.47058823529411764,0.12348121820224667,30.581001084635087,-9.339830221207452,0.028954632395646916,862,-0.23933631418956064,0.1262615573427932,0.019775498194069988,"[-0.44, -0.52, -0.81, -0.83]","['net_sharpe', 'dbl_sharpe', 'tri_sharpe', 'ret_1x', 'ret_2x', 'pos_folds', 'turnover', 'gross_edge', 'long_pnl']",1,21,2,15,0.6,6
27.43407138239328,23.876507704055836,0.8703231602502636,0.655014359336887,0.46254373150222133,0.26997040022634194,0.047645874129528955,0.3366808980205115,0.12339933652869284,0.10006376305146791,0.4097429807276344,0.5882352941176471,0.12283469710125876,31.519844610441265,33.24557821982104,0.026759137067569078,932,0.5466811384420429,-0.13182937434929537,0.028415898664069298,"[0.4, 0.05, 1.03, 0.27]","['net_sharpe', 'dbl_sharpe', 'turnover', 'gross_edge', 'short_pnl']",1,21,2,15,0.6,7
-41.38865175542925,-16.18537191708199,0.39105820631035265,-0.36268458703633955,-0.5312150494141874,-0.6991860665567584,-1.3825660792986434,-0.8215524739872531,0.31494579002423506,0.2650436799586343,-0.25487488084698257,0.29411764705882354,0.13896592100557711,31.23941628246871,-8.796650838067537,0.028162376891366418,859,0.0011526043406678288,-0.10994417504605772,0.015639710751976926,"[-1.38, 1.15, -0.44, -1.2]","['net_sharpe', 'dbl_sharpe', 'tri_sharpe', 'ret_1x', 'ret_2x', 'pos_folds', 'turnover', 'gross_edge', 'short_pnl']",1,21,2,15,0.6,8
-52.11959959625455,-21.40639863714848,0.41071686664850743,-0.9264767455757538,-1.1160062140919953,-1.3040238541522335,-3.1003796022977768,-0.7488712661348111,0.5519912292283533,0.529074114755956,-0.25928022143820045,0.35294117647058826,0.13044082801666834,33.18368500590176,-28.90615773140327,0.02976858001931394,1016,-0.4655393120751408,0.08579614946534428,0.03985869536690325,"[-3.1, -2.02, 1.04, 0.53]","['net_sharpe', 'dbl_sharpe', 'tri_sharpe', 'ret_1x', 'ret_2x', 'pos_folds', 'turnover', 'gross_edge', 'long_pnl']",1,21,2,15,0.6,9
-26.682401384233795,-12.073419180250532,0.45248622889634377,-0.0020937156569362553,-0.1879897334124897,-0.37304632877599353,-2.1269795760749366,0.3346412585526791,0.2948780013300115,0.28210990502209865,-0.11131899567592846,0.47058823529411764,0.1312371454966114,32.61256490186219,7.472942869078251,0.026303600581477952,1093,0.30142945972493423,-0.2049462814781756,0.0531645831481916,"[-2.13, 1.07, 0.14, 0.53]","['net_sharpe', 'dbl_sharpe', 'tri_sharpe', 'ret_1x', 'ret_2x', 'turnover', 'gross_edge', 'short_pnl']",1,21,2,15,0.6,10
10.387727602404281,10.158088972751624,0.9778932757536397,0.8883101158149879,0.6860196472969895,0.48391731221317336,-1.3799810479977745,1.0554594249406337,0.19659578895059382,0.18513328523920836,0.3966847492206574,0.5882352941176471,0.11969364489152659,32.18468538006709,40.42588364058745,0.0272583406012473,840,0.4265309643778511,0.0885598110290444,0.030039627565566746,"[1.2, 1.88, 0.92, -1.38]",['turnover'],1,21,2,15,0.6,11
-46.137246404355885,-14.549917525343195,0.3153616364059715,-0.5759862904040381,-0.7465948713227594,-0.9163057637540937,-1.478569165285847,-0.9455802913569684,0.4474216271773721,0.40286915321332883,-0.23367589616890208,0.29411764705882354,0.13528299040747427,30.8408015013926,-18.10945572617172,0.028523693925251406,905,-0.06155417562546782,-0.15955462900726577,0.07383471264745893,"[-1.3, -1.48, -0.59, 0.54]","['net_sharpe', 'dbl_sharpe', 'tri_sharpe', 'ret_1x', 'ret_2x', 'pos_folds', 'turnover', 'gross_edge', 'long_pnl', 'short_pnl']",1,21,2,15,0.6,12
-39.49287595173436,-14.1817137927761,0.3590954938330668,-0.5437694607680308,-0.742990928283072,-0.940825851767385,-0.9883194103819445,-0.7836606074218024,0.3730293371161467,0.31018174814358257,-0.25701041526700774,0.35294117647058826,0.12488110040863316,33.293964504253275,-12.780432891345887,0.028589727220639263,975,0.08744698799284309,-0.2559028231170488,0.06451490606519533,"[-0.99, -0.62, -0.36, -0.95]","['net_sharpe', 'dbl_sharpe', 'tri_sharpe', 'ret_1x', 'ret_2x', 'pos_folds', 'turnover', 'gross_edge', 'short_pnl']",1,21,2,15,0.6,13
-19.770941744181314,-7.847574619029557,0.3969246746346383,-0.12541653028696023,-0.30279705306579846,-0.4799300446350669,-0.7785527284167464,-0.41685618225664567,0.17895637551923027,0.15204025121651588,-0.25893485482130796,0.47058823529411764,0.1292863869733944,30.512924161527412,1.8881761351224509,0.028644981770598522,843,0.28458123131803315,-0.2617724901714324,0.10527059068944214,"[-0.71, 0.41, -0.13, -0.78]","['net_sharpe', 'dbl_sharpe', 'tri_sharpe', 'ret_1x', 'ret_2x', 'pos_folds', 'turnover', 'gross_edge', 'short_pnl']",1,21,2,15,0.6,14
-43.1585587352211,-14.904879327115502,0.3453516466700691,-0.31107720806648764,-0.6207284336272652,-0.9292217347757494,-1.5958552007731983,-0.7633102077756678,0.3168063604686727,0.2378203832389444,-0.2297907367672619,0.17647058823529413,0.11158621422089703,46.12633157581949,0.05165345641379924,0.034948487162433116,1306,-0.05303412955411628,0.053977371894171906,0.061365192494192755,"[0.66, -1.6, -0.28, -1.25]","['net_sharpe', 'dbl_sharpe', 'tri_sharpe', 'ret_1x', 'ret_2x', 'pos_folds', 'turnover', 'gross_edge', 'long_pnl']",2,21,1,9,0.3,0
-40.66958688004731,-12.936776269996065,0.3180946073573938,-0.5283863457545813,-0.823300471473624,-1.1158734844596194,-1.407886015287371,-0.6890672679247278,0.3690675681715627,0.29000310235108906,-0.26793698668978305,0.47058823529411764,0.11764554780431957,46.61925260884701,-5.853090615044707,0.03599256731270458,1365,0.09538040528384867,-0.20340571921315645,0.10948998390314299,"[-0.75, -1.41, -0.46, -0.63]","['net_sharpe', 'dbl_sharpe', 'tri_sharpe', 'ret_1x', 'ret_2x', 'pos_folds', 'turnover', 'gross_edge', 'short_pnl']",2,21,1,9,0.3,1
-28.368713766510748,-10.65244077486136,0.3754996036315386,-0.09112821868959596,-0.3696498983324951,-0.6466050855672703,-1.2772661827331209,-0.17048315727306412,0.21989531484305613,0.16917859729996798,-0.24639428706590075,0.4117647058823529,0.12799790303967767,47.68734326918507,4.892876452429514,0.03430110588507246,1360,0.19146421923622564,-0.09909179099013296,0.06398896860435513,"[-0.43, 0.24, 0.09, -1.28]","['net_sharpe', 'dbl_sharpe', 'tri_sharpe', 'ret_1x', 'ret_2x', 'pos_folds', 'turnover', 'gross_edge', 'short_pnl']",2,21,1,9,0.3,2
-5.483621265953147,-3.1944867145700817,0.5825505737247201,0.3164606831981645,-0.0004732499759009728,-0.3152917696050139,-0.5055862994493888,0.04488031492347569,0.15586160536083749,0.15059839395160723,-0.03951216489480233,0.47058823529411764,0.11034169120392778,46.65750558709992,15.088606449639387,0.033819913826446786,1263,0.09793331947933204,0.18077223912436496,0.07240407528105014,"[-0.35, 0.47, 0.44, -0.51]","['net_sharpe', 'dbl_sharpe', 'tri_sharpe', 'ret_2x', 'pos_folds', 'turnover', 'gross_edge']",2,21,1,9,0.3,3
32.115502932281785,29.537970351761466,0.9197417961675624,0.9950050956251678,0.6944981039603105,0.39435778871961535,0.29898007118471887,0.533815177770653,0.17667451772557963,0.15442228576800077,0.4340180772541268,0.5294117647058824,0.1158817341137594,46.3236367305147,32.38355277595597,0.03275521507392161,1300,0.357878710469369,0.2360059705824739,0.04417309120481577,"[0.48, 1.42, 0.3, 0.58]","['turnover', 'gross_edge']",2,21,1,9,0.3,4
-37.36141514244773,-13.143814079372124,0.3518018262760859,-0.17759592343181713,-0.47771323673058813,-0.776270906823829,-1.7909172297132598,-0.2832922823162269,0.25752285070507097,0.187157914637881,-0.2311361359784243,0.23529411764705882,0.11450925926699816,45.957927965654946,3.1363010752792726,0.03465079559210286,1330,-0.009968212445342545,0.06703102447414824,0.057920847184926065,"[-0.4, -0.17, 0.47, -1.79]","['net_sharpe', 'dbl_sharpe', 'tri_sharpe', 'ret_1x', 'ret_2x', 'pos_folds', 'turnover', 'gross_edge', 'long_pnl']",2,21,1,9,0.3,5
1.3820936052700228,1.2406255809060212,0.8976422263842522,0.8889668877374873,0.6133622969831798,0.3369985670459949,-1.1030681881212723,0.5181118630583931,0.16659087393923855,0.13705981524670385,0.4170345489452101,0.47058823529411764,0.1215163272150543,44.72673608387639,31.670068787346654,0.03154825802536236,1312,0.3538372630071598,0.20694103237701938,0.08488729694090895,"[2.15, -1.1, 1.08, -0.04]","['pos_folds', 'turnover', 'gross_edge']",2,21,1,9,0.3,6
5.806670192901883,4.94490394999322,0.8515902893947562,0.5730733192077876,0.2965004292233999,0.019284743315194877,-0.3327585583861175,0.16872275830372566,0.14451357225466732,0.1166089454330328,0.2029499455214033,0.5294117647058824,0.12283818987481576,45.33128379101545,22.98330425263656,0.03294922030860076,1349,0.41016586146689993,0.0022975860627019035,0.05786179046716788,"[0.13, 1.18, -0.33, 0.21]","['net_sharpe', 'dbl_sharpe', 'turnover', 'gross_edge']",2,21,1,9,0.3,7
-10.010917059305365,-6.587173899920077,0.6579990485284418,0.5314830712368984,0.2383157250826936,-0.05509080304447434,-0.6383760106615153,0.14695228121197104,0.1975897434699565,0.15065306311699012,0.1057543908251999,0.47058823529411764,0.11406279472040115,44.568582323769135,21.16315871769327,0.032390202617008215,1310,0.4375053550680122,-0.06409677607457948,0.05581981883245088,"[1.17, 0.65, -0.64, -0.36]","['net_sharpe', 'dbl_sharpe', 'tri_sharpe', 'pos_folds', 'turnover', 'gross_edge', 'short_pnl']",2,21,1,9,0.3,8
-43.69758498513352,-15.909547896190494,0.3640830014199441,-0.49228187527004463,-0.7627967662192434,-1.0324484770521785,-1.7150760656510713,-0.7623323063981013,0.3305815079827613,0.2646772750032401,-0.2627261223830945,0.29411764705882354,0.11094858499807825,40.006357871851506,-6.054349151302434,0.0354525921949102,1031,0.13828255807560721,-0.2341721479404485,0.06186145692056243,"[0.27, -1.72, -0.44, -1.09]","['net_sharpe', 'dbl_sharpe', 'tri_sharpe', 'ret_1x', 'ret_2x', 'pos_folds', 'turnover', 'gross_edge', 'short_pnl']",2,21,1,9,0.45,0
-37.57154023967052,-12.609868057912808,0.3356228671349085,-0.5066823475819257,-0.7832016462891194,-1.058090462765329,-1.2144906653595533,-0.762319922456087,0.30760871497922704,0.23258168676755497,-0.28825938176409904,0.47058823529411764,0.11049778653925407,40.92256818115475,-6.105174512156605,0.03676293221125497,1098,0.05062817069361221,-0.1495372014428255,0.09635294826565564,"[-0.46, -0.67, -0.86, -1.21]","['net_sharpe', 'dbl_sharpe', 'tri_sharpe', 'ret_1x', 'ret_2x', 'pos_folds', 'turnover', 'gross_edge', 'short_pnl']",2,21,1,9,0.45,1
-39.64015056623675,-14.008171009130583,0.3533833955984505,-0.25567686594280087,-0.5064554744880848,-0.7558229481066671,-1.8973599110029078,-0.42409971899820964,0.28226621946528374,0.23170871062065568,-0.2534094212329398,0.35294117647058826,0.1294985031913206,43.483729763836934,-0.37490191747640306,0.03520107657769257,1092,0.1905090268955308,-0.19696288529265973,0.06772143163782214,"[-0.28, 0.51, -0.57, -1.9]","['net_sharpe', 'dbl_sharpe', 'tri_sharpe', 'ret_1x', 'ret_2x', 'pos_folds', 'turnover', 'gross_edge', 'short_pnl']",2,21,1,9,0.45,2
-2.274171094511087,-1.6093266390916772,0.7076541615430472,0.352125871583198,0.09144351287498119,-0.16738520033092677,-0.3545343453049768,0.06401932535536864,0.16343116887129727,0.15784380223048877,0.024506402365562317,0.47058823529411764,0.11020764765091638,38.30293269243873,17.676415034461446,0.033014053769808795,950,0.1936327737085295,0.07440820807802134,0.07615394156622424,"[-0.35, 0.15, -0.02, 0.74]","['net_sharpe', 'dbl_sharpe', 'tri_sharpe', 'pos_folds', 'turnover', 'gross_edge']",2,21,1,9,0.45,3
40.209455723590004,37.922335720751306,0.9431198467703482,1.0611729850537506,0.7826631933784651,0.5044815935017984,0.34666293568991385,0.6306039622345578,0.15440721235312704,0.13870938371356734,0.5453639326662495,0.5294117647058824,0.11100826978817427,41.097999605518325,36.17911968941043,0.03268461703837988,1046,0.38395105736466406,0.20469421674911623,0.04209377101052232,"[0.35, 1.53, 0.63, 0.63]","['turnover', 'gross_edge']",2,21,1,9,0.45,4
-16.777334052052527,-9.108136869904092,0.542883442723715,0.09357840673816935,-0.2032004044407452,-0.499087895192069,-0.6821488640865021,-0.23496098842351795,0.17756155860082445,0.14043638221613186,-0.1470234644304339,0.4117647058823529,0.10362521328276411,41.034364580334,9.942119874624435,0.035261766248362504,1045,0.021592162827539077,0.1399186826560405,0.028534551942058457,"[0.25, -0.44, -0.03, -0.68]","['net_sharpe', 'dbl_sharpe', 'tri_sharpe', 'ret_2x', 'pos_folds', 'turnover', 'gross_edge']",2,21,1,9,0.45,5
6.595408602718482,6.142524530639381,0.9313334321860768,0.9476683936870447,0.7185782251861029,0.4886572550389427,-0.7736508512816299,0.40900492892269746,0.14460069581976098,0.12129745486277288,0.5860971205745246,0.47058823529411764,0.12385672532895656,37.967497843106905,38.374714619064285,0.030761986912584798,1037,0.45273116919477907,0.12407795069416494,0.08675296448294897,"[2.37, -0.77, 0.92, -0.1]","['pos_folds', 'turnover', 'gross_edge']",2,21,1,9,0.45,6
-8.494488604265014,-5.269320845309818,0.6203223161267336,0.3557664754392166,0.09071014935443333,-0.175023506626171,-0.4142070832935453,-0.026541453626326483,0.18869682868458604,0.15815871536083703,0.019945687697850448,0.47058823529411764,0.11815363003406296,41.742950663163775,17.644523059981417,0.033477860834175456,1087,0.33751624192839147,-0.045929313628238794,0.056733731270419856,"[-0.41, 0.85, -0.33, 0.28]","['net_sharpe', 'dbl_sharpe', 'tri_sharpe', 'pos_folds', 'turnover', 'gross_edge', 'short_pnl']",2,21,1,9,0.45,7
4.894309595976473,4.611724602729251,0.9422625423043262,0.8566226058802859,0.5948227385926547,0.33227156812086284,-0.7284624158668082,0.7406585201494904,0.21631069013608906,0.16711785091494058,0.28527525351350724,0.5294117647058824,0.11109993418437553,38.83395061246136,32.110842978187776,0.03139072680001498,1053,0.4495644475147803,0.04410728852371264,0.05385721154188551,"[1.46, 1.02, -0.73, 0.46]","['turnover', 'gross_edge']",2,21,1,9,0.45,8
-46.93531122312909,-17.143080100749955,0.36524909825892615,-0.8430252740543733,-1.0671095820048613,-1.2901949445245628,-1.610670487158806,-1.07868435457207,0.371495900239987,0.3101297225401586,-0.29795515176399956,0.17647058823529413,0.10467612955243889,31.294043065849007,-20.509582749082657,0.03545099302501199,739,0.1853019744189029,-0.43939543239120393,0.06107128577709659,"[-0.61, -1.55, -0.35, -1.61]","['net_sharpe', 'dbl_sharpe', 'tri_sharpe', 'ret_1x', 'ret_2x', 'pos_folds', 'turnover', 'gross_edge', 'short_pnl']",2,21,1,9,0.6,0
-35.545973075220246,-12.571614474929257,0.3536719742719088,-0.39107667143581537,-0.6227164059276595,-0.8532871247335568,-0.9204410398463236,-0.6814093672133646,0.30123495239080833,0.26114404170172023,-0.2460650205050642,0.35294117647058826,0.11316874215775163,35.05660836162966,-5.331852957911804,0.03670055412057721,832,0.030666185842256853,-0.1046647074933977,0.06261598434466159,"[-0.31, -0.84, -0.92, -0.52]","['net_sharpe', 'dbl_sharpe', 'tri_sharpe', 'ret_1x', 'ret_2x', 'pos_folds', 'turnover', 'gross_edge', 'short_pnl']",2,21,1,9,0.6,1
-45.75712510085519,-16.086808198525134,0.35156946952125,-0.617485935231325,-0.8316411754483378,-1.0444157086628396,-1.6885976247371943,-0.7077136470850666,0.37507523712592883,0.3073859502447027,-0.2809539560165602,0.17647058823529413,0.12419971871039735,35.73992240559374,-14.211291034677165,0.03636777713542201,815,0.0006382434569783824,-0.20171511582863885,0.0687209338715362,"[-1.07, -0.19, -0.35, -1.69]","['net_sharpe', 'dbl_sharpe', 'tri_sharpe', 'ret_1x', 'ret_2x', 'pos_folds', 'turnover', 'gross_edge', 'short_pnl']",2,21,1,9,0.6,2
-31.865423924341723,-11.623031661365992,0.3647537120159653,-0.24137583220720665,-0.46710187981284795,-0.6908137286786727,-1.1032736397924336,-0.3197228874358291,0.2547981661137261,0.21302414938680803,-0.2063637253639957,0.35294117647058826,0.10365226878459236,31.45504359481129,-0.29445114239245324,0.033859435033740365,726,-0.08046122554858183,0.07679449904526195,0.06494102154671091,"[-0.2, -1.1, -0.44, -0.12]","['net_sharpe', 'dbl_sharpe', 'tri_sharpe', 'ret_1x', 'ret_2x', 'pos_folds', 'turnover', 'gross_edge', 'long_pnl']",2,21,1,9,0.6,3
33.736556078820534,32.94124870283447,0.9764259465569649,0.9987273328983161,0.7729854178315344,0.5472923205949413,-0.07133967410316894,0.7737996431173934,0.14746395051683747,0.13473745810477422,0.5521596279853633,0.5882352941176471,0.10877018416426042,32.6615673689864,40.80567938308477,0.03138639216545412,770,0.37820869837171983,0.1494251125242775,0.04235107622263854,"[0.44, 1.4, -0.07, 1.11]",['turnover'],2,21,1,9,0.6,4
-36.42066654377804,-14.952205653632713,0.41054179048755185,-0.2904461687204286,-0.539274141780144,-0.7869936314499961,-1.6840809995298418,-0.4128274527561195,0.2633612612956988,0.23082960747217218,-0.2174922486859323,0.4117647058823529,0.09994686544207303,33.240584758212314,-1.1807260809423463,0.03599866609107756,766,0.08649064795531651,-0.10202856484829045,0.021153305447644166,"[0.01, -1.68, 0.19, -0.84]","['net_sharpe', 'dbl_sharpe', 'tri_sharpe', 'ret_1x', 'ret_2x', 'pos_folds', 'turnover', 'gross_edge', 'short_pnl']",2,21,1,9,0.6,5
-10.966314550001929,-8.541112325488339,0.778849839346149,0.37518512576557,0.17353955586296546,-0.028602467636843553,-1.6495789288576703,0.500556957205424,0.211418717554955,0.18959531813086117,0.06373168782020588,0.5294117647058824,0.11425088125684124,30.73500460345891,21.535503068216034,0.0317604405882443,760,0.01604220810534128,0.24599519482136195,0.08398142533336445,"[0.95, -1.65, 1.14, 0.05]","['net_sharpe', 'dbl_sharpe', 'tri_sharpe', 'turnover', 'gross_edge']",2,21,1,9,0.6,6
-3.362962799077677,-2.1248891130356196,0.6318503177074661,0.2907700231159635,0.06902537017908686,-0.153329609536586,-0.31086930250610295,0.020426484997571714,0.18237014465710255,0.13819648166484444,0.006745691231071917,0.5294117647058824,0.11750689300008448,34.72771522467356,17.399312130568315,0.03259083604352511,854,0.3732502754653654,-0.13403810408434635,0.054403861093052404,"[-0.31, 0.18, -0.14, 0.62]","['net_sharpe', 'dbl_sharpe', 'tri_sharpe', 'pos_folds', 'turnover', 'gross_edge', 'short_pnl']",2,21,1,9,0.6,7
2.3928208255208174,2.0193060195567782,0.8439018910315859,0.6226228687047096,0.39312947846661844,0.16271172746317633,-0.9028290931809579,0.7028234289077986,0.22252124996122646,0.17961890773402744,0.1640415315639064,0.6470588235294118,0.10548766309740658,32.33003623836047,27.975539605236435,0.031432424795322385,797,0.4817967314674376,-0.12373356644549241,0.052626235758876753,"[1.02, 1.0, -0.9, 0.41]","['net_sharpe', 'dbl_sharpe', 'turnover', 'gross_edge', 'short_pnl']",2,21,1,9,0.6,8
-0.05792968148723565,-0.052916895998469646,0.9134677533162248,0.7228553549345718,0.4913829505486575,0.25991658142132185,-0.4668287989682985,0.24475448775134095,0.19362922921350767,0.17244219733805355,0.2694941233184959,0.5882352941176471,0.11745058833418726,36.23206289273769,30.854461895529358,0.02510660855481956,1033,0.15319321610468697,0.28938091037886804,0.047469765704605045,"[1.75, -0.26, 0.74, -0.47]","['net_sharpe', 'dbl_sharpe', 'pos_folds', 'turnover', 'gross_edge']",2,21,1,12,0.3,0
3.968606867025826,3.095179075120603,0.7799157686385318,0.5166050639049314,0.30605709713252915,0.09574069793557373,-0.27121979028779647,0.19322470052697144,0.15845703282133106,0.13784111143481925,0.19841826247281963,0.4117647058823529,0.12713598301496445,35.66950482554932,25.645919780399872,0.025517619473178887,997,0.3872622220432782,-0.02511067689834904,0.039967254592385815,"[0.84, -0.27, -0.0, 0.39]","['net_sharpe', 'dbl_sharpe', 'pos_folds', 'turnover', 'gross_edge', 'short_pnl']",2,21,1,12,0.3,1
-34.32098434388987,-13.933426056869319,0.4059739638367882,-0.19322512931946845,-0.41304545951885624,-0.6320727538865333,-1.8043711212516582,-0.07831958060801662,0.29422625745417097,0.2610193724310689,-0.18893106815177937,0.47058823529411764,0.12076208486386492,35.45809252827802,1.1727425737080068,0.026341020147013127,976,0.09795788676688229,-0.08149549081411167,0.02205097539622671,"[-0.22, -1.8, 0.27, 0.06]","['net_sharpe', 'dbl_sharpe', 'tri_sharpe', 'ret_1x', 'ret_2x', 'pos_folds', 'turnover', 'gross_edge', 'short_pnl']",2,21,1,12,0.3,2
18.131598800320713,16.39449972875191,0.9041949311420857,0.6061623850076874,0.3678944501487308,0.1299533401645714,-0.17489659518562217,0.3248005035488721,0.12223791699243391,0.11763902109349933,0.2888087846518485,0.5294117647058824,0.11090843178401487,35.197217906489314,26.757237581984636,0.025184975569622226,975,0.3634718212799871,0.009369977330161525,0.049644750651737755,"[0.42, 0.23, -0.17, 0.89]","['net_sharpe', 'dbl_sharpe', 'turnover', 'gross_edge']",2,21,1,12,0.3,3
-20.672179400392526,-15.757570037464442,0.7622597372178975,0.4288472329496357,0.22294095814729883,0.01739482307492736,-0.8789236656256703,-0.005838874829121099,0.27397720750694754,0.2390918821492295,0.0721253049360352,0.5882352941176471,0.12009579710812032,32.95984236080503,23.166506164662355,0.02473934248333998,984,0.3486244432629845,-0.04633662262223115,0.10972112386363822,"[1.87, 0.61, -0.62, -0.88]","['net_sharpe', 'dbl_sharpe', 'pos_folds', 'turnover', 'gross_edge', 'short_pnl']",2,21,1,12,0.3,4
-24.075103559425,-11.488227940037566,0.4771829085462072,0.010953321698290159,-0.19896342369372247,-0.40828552882926084,-0.8701038010703672,-0.36263756403088254,0.1996780973232094,0.18020659939650407,-0.1531837535720712,0.35294117647058826,0.11984566763803972,33.586827184791424,7.993036521446189,0.025161624415926558,988,0.0690393529257875,0.037241678305252116,0.08922422405049948,"[-0.56, 0.77, -0.17, -0.87]","['net_sharpe', 'dbl_sharpe', 'tri_sharpe', 'ret_1x', 'ret_2x', 'pos_folds', 'turnover', 'gross_edge']",2,21,1,12,0.3,5
-28.726704178070836,-11.979636570834817,0.41702091881392145,-0.16869252920306826,-0.37307730338866385,-0.5763998088272092,-0.8767283728396112,-0.3452226236355435,0.26540953462990247,0.22748658871640448,-0.18720561017170279,0.47058823529411764,0.11765667464341009,32.187960086431964,1.684947254863639,0.024789073639902334,941,-0.06279644345306938,0.08426756582475146,0.1046216698530798,"[-0.88, -0.78, 0.09, 0.24]","['net_sharpe', 'dbl_sharpe', 'tri_sharpe', 'ret_1x', 'ret_2x', 'pos_folds', 'turnover', 'gross_edge', 'long_pnl']",2,21,1,12,0.3,6
-31.279974185960352,-12.700415607813936,0.406023851947882,-0.10944270682384127,-0.3317324258823194,-0.5532862596986973,-0.8924140845775761,-0.32075074318747315,0.3216741938483705,0.2586532821348332,-0.1500158651016873,0.47058823529411764,0.12516286698667134,37.13494792187833,3.881653021237288,0.027382858753030696,1014,0.08119589201388196,-0.024130275537723657,0.07104984920831983,"[-0.89, 0.08, -0.72, 0.1]","['net_sharpe', 'dbl_sharpe', 'tri_sharpe', 'ret_1x', 'ret_2x', 'pos_folds', 'turnover', 'gross_edge', 'short_pnl']",2,21,1,12,0.3,7
0.009127829648511998,0.008447157136463213,0.9254288764953291,0.7167783728892704,0.5108710122398086,0.304982352576287,-0.41256641353897516,0.48235608254230644,0.2837559688101472,0.2658588795735267,0.20368364649447365,0.6470588235294118,0.12507391705555174,34.28386807748619,33.571619390418824,0.024493841711990236,1014,0.45428582706456155,0.0013701680381688341,0.05758462584052486,"[1.66, 1.06, -0.09, -0.41]","['net_sharpe', 'pos_folds', 'turnover', 'gross_edge']",2,21,1,12,0.3,8
10.426718501709916,9.992354845908366,0.9583412887064787,0.8849531133242126,0.6522991096653549,0.41965815253841704,-1.5732077645908507,0.9691885424191429,0.181324255548156,0.15594908322345968,0.39627251869991814,0.5882352941176471,0.11659151848515853,36.12733264598209,36.141202360940284,0.025839747244956898,969,0.1988517494548811,0.3180565167598025,0.03767030498180614,"[1.82, 0.34, 1.6, -1.57]","['turnover', 'gross_edge']",2,21,1,12,0.3,9
-12.092342468669983,-8.798880551447537,0.7276407010671864,0.35571222725747365,0.12902011262584867,-0.09711290507939106,-0.47797181551938184,0.1213428839280854,0.21418519153969806,0.1888859805558888,0.0387094951003997,0.35294117647058826,0.11511453117752424,34.789246592042,19.262072062595895,0.026052222058035146,1008,0.19403592292662636,0.07125537807932812,0.041467057472670765,"[-0.48, 0.7, -0.42, 0.66]","['net_sharpe', 'dbl_sharpe', 'tri_sharpe', 'pos_folds', 'turnover', 'gross_edge']",2,21,1,12,0.3,10
-28.706721481368287,-11.106935135212488,0.3869106105488673,-0.052553537400728656,-0.2763047909190362,-0.49895993235247393,-1.0847526631782876,-0.49948863437623575,0.20881737892315355,0.19471263246930703,-0.19137436124691146,0.35294117647058826,0.12073546390736976,36.108487614485455,5.633764335254371,0.026653136260981248,1038,0.13228953089409168,-0.0517548471820484,0.025386614413554005,"[-1.08, 1.46, -0.37, -0.63]","['net_sharpe', 'dbl_sharpe', 'tri_sharpe', 'ret_1x', 'ret_2x', 'pos_folds', 'turnover', 'gross_edge', 'short_pnl']",2,21,1,12,0.3,11
-0.7022011219307019,-0.6603277256092052,0.940368371662002,0.6408601260311427,0.44639147575487914,0.25182393795440816,-0.4530914407156053,0.29233908689473437,0.1986829800887806,0.1887896650074078,0.2429942446671064,0.5294117647058824,0.12225096834240794,31.69792101942838,31.953902533378983,0.024911223935750966,829,0.22329476901357642,0.17769165367580247,0.05355836590895762,"[1.4, 0.36, 0.22, -0.45]","['net_sharpe', 'dbl_sharpe', 'turnover', 'gross_edge']",2,21,1,12,0.45,0
-13.292108041903163,-6.449771246784302,0.4852331343118412,0.0572555170140772,-0.16092927783893957,-0.378170211320714,-0.555512274669142,-0.13439319519378717,0.19203907241004747,0.1513007327183581,-0.12847938492014438,0.5294117647058824,0.11433030896828998,33.31822123809695,9.43427463907533,0.02658746235031888,854,0.2858084733305597,-0.16136695395028394,0.04347256179992462,"[-0.56, -0.24, -0.03, 0.25]","['net_sharpe', 'dbl_sharpe', 'tri_sharpe', 'ret_2x', 'pos_folds', 'turnover', 'gross_edge', 'short_pnl']",2,21,1,12,0.45,1
-22.49215267227413,-13.073922256148109,0.5812659395765267,0.22868733363065794,0.04081437693625427,-0.14648920709086372,-1.4885225741761852,0.2596965168826799,0.24389531934442266,0.22118441430613411,-0.010156262734006057,0.4117647058823529,0.12359863806065953,30.97720446087262,17.12229888075681,0.02536308188503473,780,0.3336431861014816,-0.12366253473867467,0.025267145755269817,"[0.08, -1.49, 0.44, 1.22]","['net_sharpe', 'dbl_sharpe', 'tri_sharpe', 'ret_2x', 'turnover', 'gross_edge', 'short_pnl']",2,21,1,12,0.45,2
-18.845526293504573,-12.57272359183812,0.6671463240679842,0.3298297132076376,0.13265773140750334,-0.06446837651924302,-0.9496009006605305,-0.042763478255602755,0.19844594061256005,0.1637887076152894,0.043501899109352773,0.4117647058823529,0.11165322436504511,29.3539711673183,20.11167154341227,0.02591310644726882,723,0.49285431203456165,-0.2591374678005356,0.0692048371254338,"[0.41, -0.49, -0.95, 1.21]","['net_sharpe', 'dbl_sharpe', 'tri_sharpe', 'pos_folds', 'turnover', 'gross_edge', 'short_pnl']",2,21,1,12,0.45,3
-32.02686432436531,-17.41758124547969,0.5438428523340884,0.1430913476850391,-0.03244952061430999,-0.20746140592756135,-1.0195072041521962,-0.2854636072867762,0.3428448931786273,0.3067903044884982,-0.031882731678293745,0.47058823529411764,0.11904841358748643,27.893234998466237,13.606225160353292,0.02486463251456471,757,0.25761541036427626,-0.10736643398387098,0.10380439105039951,"[1.5, 0.41, -1.02, -0.98]","['net_sharpe', 'dbl_sharpe', 'tri_sharpe', 'ret_2x', 'pos_folds', 'turnover', 'gross_edge', 'short_pnl']",2,21,1,12,0.45,4
3.9321049608336205,3.0591102281294704,0.7779828510683825,0.36035181986206194,0.16541214599353926,-0.02938269484167832,-0.619996274942178,0.28714922019056055,0.12915701835304982,0.11897691726545445,0.09704074627024774,0.5294117647058824,0.11569644435102322,30.079744861309035,21.428111661067145,0.024882467263168354,773,0.005322859371419464,0.24984914890185753,0.10323907460643897,"[-0.62, 0.81, 0.57, 0.01]","['net_sharpe', 'dbl_sharpe', 'tri_sharpe', 'turnover', 'gross_edge']",2,21,1,12,0.45,5
-24.234959837625254,-13.28010162694971,0.5479729166430096,0.14028103311464615,-0.030807090307787877,-0.2012778192767725,-0.9145799658132712,-0.026884458809372902,0.2626803966937461,0.23746419661177387,-0.03990083858654333,0.47058823529411764,0.11722363238948308,26.764089428313678,14.087741417267925,0.023272373392670517,726,0.1647554890139014,-0.015486762907143625,0.10317934093018254,"[-0.56, -0.91, 0.5, 1.23]","['net_sharpe', 'dbl_sharpe', 'tri_sharpe', 'ret_2x', 'pos_folds', 'turnover', 'gross_edge', 'short_pnl']",2,21,1,12,0.45,6
-10.606345872764946,-7.83107340365884,0.738338490711257,0.3542812919182301,0.1465211171765256,-0.060880759015150145,-0.8444786139857106,0.19412669723312176,0.21356507817682413,0.20224139731912505,0.04868002833185771,0.6470588235294118,0.11816534769255435,32.71457010435566,20.17690670012247,0.026993079668793288,814,0.12164350221308584,0.1396753765581851,0.07017082491361842,"[-0.84, 1.11, -0.27, 0.66]","['net_sharpe', 'dbl_sharpe', 'tri_sharpe', 'pos_folds', 'turnover', 'gross_edge']",2,21,1,12,0.45,7
-19.495821296260498,-15.729315975466472,0.8068044806341921,0.5464702940506954,0.34544966616679595,0.14432071011155168,-1.2967578700232476,0.364596585777746,0.3202331478222832,0.28534550403580106,0.10619666432316278,0.5294117647058824,0.11625723331091214,31.138139809906225,27.733198963084746,0.025483988835301317,810,0.4428040545948233,-0.10092884156335694,0.038716035188276196,"[1.63, 0.87, -1.3, -0.14]","['net_sharpe', 'dbl_sharpe', 'pos_folds', 'turnover', 'gross_edge', 'short_pnl']",2,21,1,12,0.45,8
0.5311497244362463,0.4830779323568724,0.9094948375801258,0.6366626106582076,0.4269022437233377,0.21715486282822968,-1.0205505376143045,0.4551761341561597,0.1633852295647814,0.15481347920161725,0.26064834274804916,0.5294117647058824,0.11220789110848406,31.356871054534874,30.45633253147721,0.026166970321760356,774,0.15117972559373308,0.22690167082167872,0.035488975359894426,"[0.96, -0.05, 1.44, -1.02]","['net_sharpe', 'dbl_sharpe', 'pos_folds', 'turnover', 'gross_edge']",2,21,1,12,0.45,9
-1.5345485597052537,-1.0999437024612664,0.7167865073442423,0.2908313751961694,0.06953074195314908,-0.15138804230129357,-0.19890992332204716,0.043215772454500895,0.17438790278988303,0.15138423956510583,0.009380800954783292,0.35294117647058826,0.10921735165441608,32.22899037857976,17.524673642006622,0.02682246967341556,807,0.16766352103618254,0.05593638792085687,0.01573734209129975,"[-0.2, 0.38, 0.22, -0.13]","['net_sharpe', 'dbl_sharpe', 'tri_sharpe', 'pos_folds', 'turnover', 'gross_edge']",2,21,1,12,0.45,10
-36.39223307313768,-14.268290105904677,0.3920696506100522,-0.1043596389753434,-0.3108302618533227,-0.5165280958251149,-1.5519210234780558,-0.3701535412801482,0.2752800577161467,0.22918028386744327,-0.15877105625985563,0.35294117647058826,0.12010961238580822,33.12013753220461,3.5351050354211866,0.027481144985407966,851,-0.0061540403965692665,0.05250614269051218,0.020001560764666575,"[-0.18, 1.08, -0.56, -1.55]","['net_sharpe', 'dbl_sharpe', 'tri_sharpe', 'ret_1x', 'ret_2x', 'pos_folds', 'turnover', 'gross_edge', 'long_pnl']",2,21,1,12,0.45,11
-13.168841846623192,-5.5557447567786316,0.42188560098800626,-0.026267764375528038,-0.20181854387159265,-0.37686935205300653,-0.5715051461498426,-0.19649335097142273,0.16557692683701042,0.13222485413561003,-0.16331505628302545,0.4117647058823529,0.10718836139683739,25.106340840322492,6.217324524945917,0.025754305295674417,575,0.06858158040104566,-0.006785356241543611,0.0334129276929895,"[-0.22, -0.17, 0.26, -0.57]","['net_sharpe', 'dbl_sharpe', 'tri_sharpe', 'ret_1x', 'ret_2x', 'pos_folds', 'turnover', 'gross_edge', 'short_pnl']",2,21,1,12,0.6,0
-24.009350233902786,-10.104004186301218,0.420836219550569,0.04725557660178676,-0.1469620499929576,-0.3405366358903992,-1.0200806223953838,-0.13449613782765552,0.2365708257442225,0.2139873891073062,-0.09422900555778024,0.5294117647058824,0.11115400327762971,28.82456758863672,9.258030144691947,0.027128130225872706,658,0.21215836324264634,-0.10651155663865128,0.02836200268940215,"[-0.2, -1.02, -0.07, 0.79]","['net_sharpe', 'dbl_sharpe', 'tri_sharpe', 'ret_1x', 'ret_2x', 'pos_folds', 'turnover', 'gross_edge', 'short_pnl']",2,21,1,12,0.6,1
-44.54364084458912,-19.09693690352001,0.42872420263418554,-0.3378201077417333,-0.5294625825890604,-0.7199668193632088,-2.1863897455259242,-0.4969899783609425,0.38783328198821676,0.35680500325624653,-0.15526057892860937,0.35294117647058826,0.10633644811669937,27.331300810556357,-5.621082604250686,0.028027497216000542,602,0.1802804649526474,-0.24110170244088425,0.025068181949828953,"[-1.17, -2.19, 0.18, 1.24]","['net_sharpe', 'dbl_sharpe', 'tri_sharpe', 'ret_1x', 'ret_2x', 'pos_folds', 'turnover', 'gross_edge', 'short_pnl']",2,21,1,12,0.6,2
-18.01865327050198,-9.797032400910801,0.5437161287158653,0.08891224975568023,-0.07984950293973912,-0.24858291271714927,-1.0309278853057664,0.047867939745270635,0.2047211695613672,0.16305779462172532,-0.06631701136839085,0.5294117647058824,0.10383442285198784,23.34961554135559,11.620107777799287,0.025961735398495365,536,0.31252787378828506,-0.2051128885725991,0.06630830355854296,"[0.28, -1.03, -0.18, 0.53]","['net_sharpe', 'dbl_sharpe', 'tri_sharpe', 'ret_2x', 'pos_folds', 'gross_edge', 'short_pnl']",2,21,1,12,0.6,3
-34.73840215160733,-14.711714038013932,0.4235000209223275,-0.009835829650779391,-0.15027687281862212,-0.29039551365348515,-0.980262470098074,-0.5821016282899044,0.35919303208349784,0.3321458040941767,-0.07108973887495021,0.47058823529411764,0.12202682330388981,22.890999527753838,6.886677546276954,0.02384139389195947,587,0.23597342523568904,-0.1735640999194838,0.11120704782980462,"[1.48, -0.26, -0.98, -0.91]","['net_sharpe', 'dbl_sharpe', 'tri_sharpe', 'ret_1x', 'ret_2x', 'pos_folds', 'gross_edge', 'short_pnl']",2,21,1,12,0.6,4
-31.25869648199733,-11.22107053199904,0.3589743589743589,-0.21353666140804567,-0.37511310820461913,-0.53619307072466,-1.417519299707847,-0.3089561750570824,0.257963641663129,0.20684773627186204,-0.18060522715345048,0.5294117647058824,0.11067817056903598,23.894985904569293,-2.2483016596687,0.025270468405912887,564,-0.013626847395602958,-0.007641627178320249,0.10189330323497717,"[-1.03, 0.41, 0.57, -1.42]","['net_sharpe', 'dbl_sharpe', 'tri_sharpe', 'ret_1x', 'ret_2x', 'pos_folds', 'gross_edge', 'long_pnl', 'short_pnl']",2,21,1,12,0.6,5
-26.142646125215492,-13.736529404308126,0.5254452567086836,-0.033150720692420164,-0.19138987031770885,-0.3490143796903773,-1.4091513497617705,0.09587272977006295,0.269442112148389,0.24577720619260301,-0.09869955464712374,0.5294117647058824,0.10921564321366894,23.09022762789839,6.564866821848794,0.023814823136481676,576,0.0545930316059065,0.005417727047657028,0.10053642062347445,"[-0.58, -1.41, 0.95, 0.77]","['net_sharpe', 'dbl_sharpe', 'tri_sharpe', 'ret_1x', 'ret_2x', 'pos_folds', 'gross_edge']",2,21,1,12,0.6,6
-1.7501624241300417,-1.5489318471871145,0.885021770454846,0.4768236329297592,0.30007614885503414,0.12356212085874131,-0.8474315474808605,0.3922896810453972,0.1828654627308801,0.1737940578092193,0.1508340722794209,0.5882352941176471,0.11119705752284617,26.157454478613325,27.549307580743836,0.026350696460859167,595,0.0788473198418924,0.20643913267813538,0.049128164750946945,"[-0.85, 0.91, -0.13, 1.57]","['net_sharpe', 'dbl_sharpe', 'pos_folds', 'turnover', 'gross_edge']",2,21,1,12,0.6,7
-23.065419011250434,-15.644113655304077,0.6782497056599524,0.2997648937484017,0.1295202595776587,-0.04079610968948969,-0.8067423110912795,-0.09716648283538792,0.24759420984347036,0.21540712828395148,0.033316663610051644,0.4117647058823529,0.10902736082565105,24.72954056774886,20.673314822875845,0.025103224840161573,595,0.2674869865686338,-0.06509134832035728,0.021445752662087487,"[1.15, -0.46, -0.81, 0.26]","['net_sharpe', 'dbl_sharpe', 'tri_sharpe', 'pos_folds', 'gross_edge', 'short_pnl']",2,21,1,12,0.6,8
-18.218726222706234,-13.885560015454413,0.7621586627800938,0.3235146608013037,0.14780728484662117,-0.02774999544037718,-1.554918112992549,-0.2015101726830137,0.16221720683533103,0.15655759144090686,0.06161814616213901,0.5294117647058824,0.10222554422251336,23.941355051003043,21.65552215118726,0.02596232539567022,554,0.09763582771735668,0.10761852214556092,0.03736884763129984,"[0.76, -1.16, 1.6, -1.55]","['net_sharpe', 'dbl_sharpe', 'tri_sharpe', 'pos_folds', 'gross_edge']",2,21,1,12,0.6,9
-2.237819518736604,-1.6988235904489921,0.7591423598843617,0.25807667676190754,0.07324301579826836,-0.11131248452476532,-0.2227835323410575,0.11362995389752233,0.18379433724520167,0.15034455964039428,0.011549799955535116,0.35294117647058826,0.1070840769800543,26.38270198325388,18.203075211117454,0.026412303170471496,624,0.17738573820368875,0.01273917021944826,0.015079416423122504,"[-0.22, 0.31, 0.16, 0.06]","['net_sharpe', 'dbl_sharpe', 'tri_sharpe', 'turnover', 'gross_edge']",2,21,1,12,0.6,10
-35.9885449022038,-14.592904543897948,0.40548748451911804,-0.24360845281331342,-0.4075058884658097,-0.5707995432318123,-1.2154554156720168,-0.49032809811318406,0.3035762206882513,0.2685595562819971,-0.18212144129349805,0.4117647058823529,0.12115237970360894,26.54990086461996,-3.9791317715884347,0.026880595713620416,636,0.16933989348372108,-0.2111639552976767,0.020341516307566747,"[-0.2, 0.46, -0.78, -1.22]","['net_sharpe', 'dbl_sharpe', 'tri_sharpe', 'ret_1x', 'ret_2x', 'pos_folds', 'turnover', 'gross_edge', 'short_pnl']",2,21,1,12,0.6,11
-11.827207847108102,-10.124028682561452,0.8559948225681094,0.5027321502324319,0.3561138269076689,0.20932412712229978,-1.0137973335387747,0.2997168135890432,0.21158649041004973,0.20483279481894434,0.18541632509453992,0.47058823529411764,0.13236423848871728,25.88733171552485,32.911324816021605,0.018953140375013663,765,0.3492924774387676,-0.011999238256419895,0.10908291271253912,"[1.54, 0.39, 0.21, -1.01]","['net_sharpe', 'dbl_sharpe', 'turnover', 'gross_edge', 'short_pnl']",2,21,1,15,0.3,0
33.8712245484528,33.4013496543548,0.98612760830581,1.1606771017818076,0.9738888378297902,0.7871937061658122,-0.43382828177114036,0.9521087084833181,0.1314149238827791,0.11665872902981667,0.8779782723286167,0.5882352941176471,0.11924010484494757,29.50852730061178,54.2248944031827,0.02037994990209773,803,0.4939902504080385,0.13947272016069032,0.07501027315783841,"[1.73, 0.18, -0.43, 1.93]",['turnover'],2,21,1,15,0.3,1
2.7253655470752927,1.8433449088672875,0.6763661156740829,0.33165246259333586,0.1640283510746943,-0.0031687742242748397,-0.22591637679490262,0.08201063015503239,0.1592740540981732,0.1340634674408745,0.08144904186461838,0.47058823529411764,0.1304864279425679,29.145959145145955,21.97235690044765,0.02089440195563592,824,0.3714991688861453,-0.11796880535062389,0.03911025583915628,"[0.32, -0.23, 0.74, -0.15]","['net_sharpe', 'dbl_sharpe', 'tri_sharpe', 'pos_folds', 'turnover', 'gross_edge', 'short_pnl']",2,21,1,15,0.3,2
14.610915899376883,13.026986579038487,0.8915927426284107,0.6582942164265904,0.4857483477608221,0.3134210837424987,-0.4288750232855696,0.5089797547333749,0.1567853491300094,0.14660016320885294,0.3357590588781929,0.6470588235294118,0.12045988939627171,27.652246539490044,36.09724198776233,0.020037387598871553,767,0.4153511800248193,-0.020185313902741038,0.052577903135833035,"[1.41, -0.43, 0.52, 0.5]","['net_sharpe', 'dbl_sharpe', 'turnover', 'gross_edge', 'short_pnl']",2,21,1,15,0.3,3
43.53368470267394,42.9658600592426,0.9869566601745416,0.9382840472358076,0.7595303346802001,0.5808643932381848,0.008986986377106347,0.8735578567894013,0.13819948496371326,0.13767705217969894,0.6503640062726719,0.7058823529411765,0.12318007539664061,29.239085443273982,47.14579091620817,0.020614353194518906,777,0.47514912916061913,0.07058572668751115,0.042612788562004726,"[1.07, 0.89, 0.01, 0.86]",['turnover'],2,21,1,15,0.3,4
32.97330843710911,29.109599805577133,0.882823143485849,0.6721118371864712,0.47971320122632033,0.2878543820632741,0.3206899755218092,0.5037536335246886,0.15195586334615363,0.14254101024410326,0.32617789054351304,0.47058823529411764,0.11422202144851062,29.181193009290173,33.77529547007653,0.020583853757020872,823,0.49905944020213094,-0.10886849877638721,0.0302057237862624,"[0.42, 0.58, 0.72, 0.32]","['net_sharpe', 'dbl_sharpe', 'turnover', 'gross_edge', 'short_pnl']",2,21,1,15,0.3,5
2.027793078763584,1.5078060728453748,0.7435699868177559,0.31711648444437895,0.1305149556414689,-0.05587240489349479,-0.12117703838392403,0.09814564438913331,0.19646464155708177,0.1596324668532565,0.043187476789977884,0.5294117647058824,0.11666356791935098,29.02504841121356,20.132783262971618,0.02128586579629889,788,0.22707444874337213,0.004266095860195024,0.011123228737223274,"[-0.11, 0.53, 0.3, -0.12]","['net_sharpe', 'dbl_sharpe', 'tri_sharpe', 'pos_folds', 'turnover', 'gross_edge']",2,21,1,15,0.3,6
-37.27184259307848,-14.12221504986368,0.37889768971299065,-0.2645390068928453,-0.43632721324080054,-0.6078432931204784,-0.9739187322007395,-0.38394267153451744,0.3776232447882849,0.3348612476869315,-0.1494596120810177,0.23529411764705882,0.11730414705511201,26.858250843278043,-4.033698511529003,0.021592223249177353,759,0.1011032678634849,-0.1439932774302029,0.08981948418790274,"[-0.08, -0.42, -0.97, -0.35]","['net_sharpe', 'dbl_sharpe', 'tri_sharpe', 'ret_1x', 'ret_2x', 'pos_folds', 'turnover', 'gross_edge', 'short_pnl']",2,21,1,15,0.3,7
-7.111705464383847,-5.800470848697603,0.8156230425665064,0.40920511727789227,0.24709674497971182,0.08491160203750109,-0.5368230234927551,0.31126125216494444,0.22163159372550045,0.2029634390442413,0.10439508706745892,0.47058823529411764,0.1232377755191103,26.66116177524487,26.55384551270357,0.019530969890142455,761,0.320837546696923,-0.040564408053011355,0.04021369304121761,"[0.15, 0.9, -0.54, 0.47]","['net_sharpe', 'dbl_sharpe', 'turnover', 'gross_edge', 'short_pnl']",2,21,1,15,0.3,8
-41.39984919181242,-16.819742219096113,0.40627544658840264,-0.27333131349219486,-0.4248239239453379,-0.5760719123977082,-1.6266328036490496,-0.46480466008534277,0.3956188945332497,0.37947642101765977,-0.1567622577462167,0.4117647058823529,0.13017352920523215,26.29381319210246,-6.261398400807955,0.020904203326162704,792,0.1119558944855423,-0.17713372396918356,0.038627244319399914,"[-0.71, -1.63, 0.88, -0.22]","['net_sharpe', 'dbl_sharpe', 'tri_sharpe', 'ret_1x', 'ret_2x', 'pos_folds', 'turnover', 'gross_edge', 'short_pnl']",2,21,1,15,0.3,9
-45.08849808440945,-13.406664296489618,0.29734111505313876,-0.7778426022428621,-0.9542844791791336,-1.1299270814139994,-2.4662516990723726,-0.3281347414293506,0.4189039540010695,0.37638133334253177,-0.27424499757493354,0.4117647058823529,0.12013000188330177,28.364137607729916,-25.348177875834974,0.02209329717567958,872,-0.1752175620257837,-0.10941941106118913,0.05300070936215512,"[-2.47, -0.18, -0.39, -0.27]","['net_sharpe', 'dbl_sharpe', 'tri_sharpe', 'ret_1x', 'ret_2x', 'pos_folds', 'turnover', 'gross_edge', 'long_pnl', 'short_pnl']",2,21,1,15,0.3,10
-38.20431439139799,-14.967934184286053,0.39178648858716864,-0.256019231664673,-0.4609588433920085,-0.6652273503186651,-1.276416620457001,-0.4457400820156793,0.3093175443538979,0.27253199646750104,-0.18445505700230183,0.23529411764705882,0.11337234416439179,31.00272454250353,-1.8797846525864728,0.02257412096679939,826,-0.11690502957087717,0.0938331517196549,0.049898557289369205,"[-0.42, -0.48, -1.28, 0.19]","['net_sharpe', 'dbl_sharpe', 'tri_sharpe', 'ret_1x', 'ret_2x', 'pos_folds', 'turnover', 'gross_edge', 'long_pnl']",2,21,1,15,0.3,11
-15.328954571756876,-10.178270407863598,0.6639898605099102,0.31077291977734633,0.11974493606226419,-0.07060038306457214,-0.8139880138761432,-0.0322927708794824,0.20021316348040363,0.17623435576810997,0.03594817808442949,0.5294117647058824,0.11374114661173973,28.969936084008463,19.84171765905176,0.02060769394831387,794,-0.1266178215169089,0.3541808920617377,0.09537549313968186,"[1.26, -0.81, -0.36, 0.3]","['net_sharpe', 'dbl_sharpe', 'tri_sharpe', 'pos_folds', 'turnover', 'gross_edge', 'long_pnl']",2,21,1,15,0.3,12
-51.875683537138016,-15.60697080482174,0.3008533042971597,-1.0433139780482974,-1.2102178868340603,-1.3762407736262061,-2.299442202797824,-0.9866716231905446,0.48351961591696857,0.4441098250377369,-0.2969385869466382,0.17647058823529413,0.12175740550539395,27.2226761034231,-39.12734126630769,0.02207139000463777,799,-0.02197052049531801,-0.39971252211474995,0.05736764396163656,"[-0.68, -0.83, -2.3, -1.14]","['net_sharpe', 'dbl_sharpe', 'tri_sharpe', 'ret_1x', 'ret_2x', 'pos_folds', 'turnover', 'gross_edge', 'long_pnl', 'short_pnl']",2,21,1,15,0.3,13
-31.597385410192533,-13.621299598810225,0.4310894531930585,-0.25619149828364973,-0.408541138389581,-0.5604603014897193,-1.418419664069649,-0.23314275796154135,0.23635506135697737,0.2276488442806024,-0.253822506284585,0.4117647058823529,0.13055203199242307,26.56259437892264,-5.0585587119908,0.01959488405583409,795,0.12352047736314772,-0.1767156555648995,0.09984329906336889,"[-1.42, 0.51, 0.3, -0.76]","['net_sharpe', 'dbl_sharpe', 'tri_sharpe', 'ret_1x', 'ret_2x', 'pos_folds', 'turnover', 'gross_edge', 'short_pnl']",2,21,1,15,0.3,14
14.725009657938127,12.79310807786032,0.8688013369800178,0.518174524233905,0.38010993605806886,0.24183327837292712,-0.11419879556152701,0.22176414556203844,0.14101609328245068,0.13319730424685106,0.2884639108800696,0.5294117647058824,0.1253690648212973,23.09341933462344,35.45917413326855,0.01867031159123971,624,0.37018096632239855,-0.04599676919501232,0.1079078678223509,"[0.97, 0.12, 0.33, -0.11]","['net_sharpe', 'dbl_sharpe', 'gross_edge', 'short_pnl']",2,21,1,15,0.45,0
33.047888312821634,33.01671550545044,0.9990567382981895,1.0940998014751013,0.9322142627727391,0.7703262403732077,-0.5424574807570082,0.9919405627930858,0.13396322364229296,0.11977841192566918,0.8109052911022452,0.6470588235294118,0.11791971052864482,25.30656005308842,58.321934591871965,0.019861441304177906,635,0.4469309981198629,0.1373745623002385,0.07114795497580667,"[1.81, 0.38, -0.54, 1.6]",['turnover'],2,21,1,15,0.45,1
13.251979832486667,10.955317852187722,0.8266929161279906,0.43129244828366875,0.27826136161402293,0.12551798988301155,-0.19426580029214893,0.4358789128167811,0.16756799457051486,0.16584698114168772,0.16714644618134608,0.5294117647058824,0.12943178047156906,26.372121922253967,28.250180118856147,0.021034656581322156,670,0.43268607494721145,-0.13774091167678465,0.04457539408159407,"[0.55, 0.35, 0.52, -0.19]","['net_sharpe', 'dbl_sharpe', 'turnover', 'gross_edge', 'short_pnl']",2,21,1,15,0.45,2
-0.6248068980906512,-0.5100274267472686,0.8162960881287685,0.3683796524154059,0.23111702023984557,0.09415144049997523,-0.46176716679137864,0.35961665965134737,0.22062545140996226,0.20974547227878626,0.09752249346328638,0.6470588235294118,0.12694271454485423,23.209548336200584,27.565621587001733,0.019276771326790416,589,0.4594395573962464,-0.2061545627397682,0.05655667894413716,"[0.88, -0.46, 0.48, 0.24]","['net_sharpe', 'dbl_sharpe', 'gross_edge', 'short_pnl']",2,21,1,15,0.45,3
49.55331272892837,49.396787083238785,0.9968412677766706,1.198052633191407,1.0187032122068602,0.8391281450417649,0.0022777535854816315,0.9487906057799513,0.11862618083642973,0.09925701173112145,0.9363466510128389,0.6470588235294118,0.10914727193451951,26.026587972582064,57.79977543302119,0.02098807146010563,611,0.4004884063707257,0.19506178772485094,0.047436340033326696,"[0.88, 1.82, 0.0, 1.02]",['turnover'],2,21,1,15,0.45,4
31.94337732142242,29.486194450543774,0.9230769230769231,0.9041253087590941,0.7429704666641629,0.5821814234760447,-0.23791059190850128,0.8580704098716541,0.12873047532411708,0.11668535981647044,0.6444699040467144,0.47058823529411764,0.11605487730851216,24.742934199773135,49.73330714255511,0.019789112867620216,641,0.5995126341348513,-0.11235050202281616,0.02992659646094093,"[1.06, 0.65, -0.24, 1.12]",['short_pnl'],2,21,1,15,0.45,5
-16.533059519939084,-8.654259845228358,0.5234518048393407,0.11643313906250571,-0.035987126883730985,-0.18849961117399314,-0.5333335627565392,-0.18853190419268284,0.22338106948401104,0.19415733399098967,-0.047526472795995325,0.5294117647058824,0.11466048823604218,23.291385582009124,13.039948229998531,0.0215587436889451,579,0.2537148275216644,-0.13347560070774345,0.025730565677977477,"[-0.53, 0.84, -0.15, -0.23]","['net_sharpe', 'dbl_sharpe', 'tri_sharpe', 'ret_2x', 'pos_folds', 'gross_edge', 'short_pnl']",2,21,1,15,0.45,6
-27.86961865476929,-11.803312877077333,0.4235189947623287,-0.014544200272390164,-0.17463207196534147,-0.3345964252770867,-0.5830068463116388,-0.5127170236171147,0.299607193803029,0.26202150047137385,-0.08296163532068045,0.4117647058823529,0.10966008336468354,23.401569299174927,6.8965439430775834,0.02149201149075221,589,0.19717231432494609,-0.13327958029546055,0.02558187609983351,"[0.73, -0.58, -0.5, -0.52]","['net_sharpe', 'dbl_sharpe', 'tri_sharpe', 'ret_1x', 'ret_2x', 'pos_folds', 'gross_edge', 'short_pnl']",2,21,1,15,0.45,7
-13.478118612012677,-11.93014387523528,0.8851490492599072,0.35708972641402753,0.20926906781415794,0.06135434535841735,-0.5954908205796444,0.16378563532624876,0.23632175432407565,0.22018595867938096,0.07678398521824327,0.47058823529411764,0.12085591594700522,23.831018503321545,25.68149386931772,0.019298655766501898,615,0.17407125935354117,0.06822006799752148,0.03946976367639893,"[0.01, 0.92, -0.6, 0.32]","['net_sharpe', 'dbl_sharpe', 'gross_edge']",2,21,1,15,0.45,8
-36.58636944601053,-15.94790463031228,0.43589743589743585,-0.13721012687941883,-0.27065195026317496,-0.4039127597109922,-1.6350165122406939,-0.17988823482058786,0.35486764340090593,0.33842718250283055,-0.12296501775462268,0.47058823529411764,0.1317609394239551,23.436679256403135,-0.5757258093597518,0.02079776353844504,641,0.16215230981864923,-0.16749409917153923,0.034674993660111425,"[-0.57, -1.64, 1.01, 0.21]","['net_sharpe', 'dbl_sharpe', 'tri_sharpe', 'ret_1x', 'ret_2x', 'pos_folds', 'gross_edge', 'short_pnl']",2,21,1,15,0.45,9
-44.75337690084747,-13.604196671911188,0.3039814560150783,-0.7856047438219284,-0.9484143465899517,-1.1104246314608317,-2.696570356127763,-0.22163981557142642,0.42100677602468994,0.3819859568858094,-0.2714521800195837,0.4117647058823529,0.12013273857547066,26.206026795099564,-28.363655338213437,0.021896373678524293,770,-0.17684037202130953,-0.11742446045849175,0.05101303733377856,"[-2.7, -0.05, -0.2, -0.25]","['net_sharpe', 'dbl_sharpe', 'tri_sharpe', 'ret_1x', 'ret_2x', 'pos_folds', 'turnover', 'gross_edge', 'long_pnl', 'short_pnl']",2,21,1,15,0.45,10
-33.69808396639055,-13.509419092896627,0.40089576328347076,-0.18814886458543692,-0.3748995149085584,-0.5611329546856987,-1.0116300183337572,-0.3631086352066146,0.28838235933604517,0.255013301138741,-0.16437426735425978,0.29411764705882354,0.11252902827406436,28.042210266205327,-0.13174183893258024,0.023013966162259418,661,-0.049545312481172964,0.04808276172962374,0.05342011503299919,"[-0.43, -0.3, -1.01, 0.12]","['net_sharpe', 'dbl_sharpe', 'tri_sharpe', 'ret_1x', 'ret_2x', 'pos_folds', 'turnover', 'gross_edge', 'long_pnl']",2,21,1,15,0.45,11
-25.989795297275386,-14.5606099151051,0.5602433473814835,0.17055431815854447,0.007498056568124248,-0.15489526095188164,-1.3098709822489434,-0.04972998363641329,0.2536308828871757,0.22755199570383988,-0.020598382024637873,0.5294117647058824,0.1100832637213602,23.950216752017493,15.53231353832756,0.020547364570160154,606,-0.05785910347887423,0.20513123736385586,0.0901436758929045,"[1.27, -1.31, -0.67, 0.57]","['net_sharpe', 'dbl_sharpe', 'tri_sharpe', 'ret_2x', 'pos_folds', 'gross_edge', 'long_pnl']",2,21,1,15,0.45,12
-40.58758525934826,-16.601483347184764,0.40902860421737114,-0.38776442702588315,-0.5529065423870627,-0.7175927113572049,-1.5262551361392802,-0.5495757378719335,0.31618376785765323,0.2810666690990813,-0.215221716732673,0.29411764705882354,0.11531783801696417,25.399036962687713,-9.924379727697906,0.022081103059855327,639,0.14844542767386046,-0.24823739986259094,0.06956075820406861,"[0.23, -0.26, -1.53, -0.84]","['net_sharpe', 'dbl_sharpe', 'tri_sharpe', 'ret_1x', 'ret_2x', 'pos_folds', 'turnover', 'gross_edge', 'short_pnl']",2,21,1,15,0.45,13
-0.9214611920656143,-0.5807283981767072,0.6302255625924997,0.13425254347181736,-0.019047128026489304,-0.1721630384864588,-0.25844985785840274,0.0121248146466394,0.1531388913802949,0.1465246127106411,-0.06017406817489208,0.4117647058823529,0.11860703599423275,24.23688406223715,14.337998707842335,0.020127359515320662,630,0.09217234950222078,0.04540289868122159,0.05984275004355326,"[0.04, -0.26, -0.02, 0.11]","['net_sharpe', 'dbl_sharpe', 'tri_sharpe', 'ret_2x', 'pos_folds', 'gross_edge']",2,21,1,15,0.45,14
1.9663420219875691,1.6165629865618498,0.8221168893740244,0.36356015706433725,0.24272565467923507,0.12182990027576204,-0.7794314224903968,0.4755063737823678,0.16693631250296492,0.15947974189212866,0.13017635756460796,0.5294117647058824,0.1157775038995677,18.65389360446819,29.904722246936988,0.01861170791607483,451,0.28996971900290497,-0.06912640730161762,0.10657552121814734,"[0.59, 0.37, 0.58, -0.78]","['net_sharpe', 'dbl_sharpe', 'gross_edge', 'short_pnl']",2,21,1,15,0.6,0
15.627268358214808,15.226569169542634,0.9743589743589743,1.0645915206775234,0.9128812997369689,0.7611549318904164,-0.572737777292034,0.7054970123049603,0.18352183196194005,0.17111394615966746,0.5466105135806786,0.6470588235294118,0.11135699170399155,22.376267378127572,60.204383269039624,0.02080246114901615,500,0.46918665374149393,0.06413686688589496,0.021127748377605296,"[2.12, -0.01, -0.57, 1.42]",['pos_folds'],2,21,1,15,0.6,1
-17.492209733440774,-10.110993146825084,0.5780283509575905,0.1241547446466456,-0.001749730040489328,-0.12725649766338973,-0.8603179760369463,0.2245032482742489,0.24401961971130537,0.23325111568018497,-0.03531711238680931,0.47058823529411764,0.12900234749351672,21.668572224528923,14.367005265614825,0.020761055288701473,504,0.3316639696784242,-0.20841833958154907,0.02407462510463461,"[0.22, 0.23, 0.82, -0.86]","['net_sharpe', 'dbl_sharpe', 'tri_sharpe', 'ret_2x', 'gross_edge', 'short_pnl']",2,21,1,15,0.6,2
-8.990973911670626,-6.101174231233987,0.6785888037462139,0.26324338964174554,0.13048346769745972,-0.0019352274678523637,-0.8109314276984997,0.25557864181529005,0.22772942926956563,0.21766509788794441,0.03692208789266681,0.7058823529411765,0.11350028805206719,20.06652087602709,22.598664383480443,0.020144888123622223,450,0.26886422031853796,-0.08933719441498153,0.05361569091319744,"[1.26, -0.81, 0.69, -0.18]","['net_sharpe', 'dbl_sharpe', 'tri_sharpe', 'pos_folds', 'gross_edge', 'short_pnl']",2,21,1,15,0.6,3
68.1768061437419,68.1768061437419,1.0,1.410091394991616,1.252745444784999,1.0948671239456562,0.3547159606567523,1.2901920247623175,0.10708760972804088,0.09705468597371136,1.1999949797582032,0.7647058823529411,0.1005040432649458,21.08936861437588,74.86101008480121,0.020588504600152824,457,0.42383309458371177,0.20118737823151167,0.05416091666957898,"[1.82, 0.95, 0.35, 1.63]",[],2,21,1,15,0.6,4
-10.943460620933124,-9.243358991239457,0.8446467997114515,0.5031390092203561,0.3778956411313687,0.2528495554084956,-1.2317721491159994,0.34451764584375183,0.188215660227244,0.16625660879708404,0.20803783507931467,0.35294117647058826,0.1203413986912175,20.062242812241546,37.16106743176075,0.02015004299970167,471,0.5607368994577888,-0.26558699609386965,0.011242247229265763,"[1.17, -1.23, -0.48, 1.21]","['net_sharpe', 'dbl_sharpe', 'pos_folds', 'gross_edge', 'short_pnl']",2,21,1,15,0.6,5
-19.8825204496034,-10.793147186709728,0.5428460246811928,0.07854592586083045,-0.05557930365130443,-0.18954634714690102,-0.7846197563855771,-0.1559150385397522,0.22168829827297143,0.1875842019664391,-0.05269286123067105,0.5294117647058824,0.10745827405634577,19.22452328792901,11.685969874512091,0.021823925501611288,428,0.2205990056553181,-0.13165937442458134,0.019795059871918277,"[-0.78, 0.0, -0.31, 1.04]","['net_sharpe', 'dbl_sharpe', 'tri_sharpe', 'ret_2x', 'pos_folds', 'gross_edge', 'short_pnl']",2,21,1,15,0.6,6
-28.10511455158845,-12.802660473767796,0.4555277812608742,0.02495865430641246,-0.11648986475118112,-0.25784882007244264,-0.9087312741438205,-0.24412412706509734,0.282136868871658,0.25288568973817427,-0.06136082371883594,0.47058823529411764,0.10371416352902518,19.55513769518763,8.959846873667292,0.02113130031635813,446,0.2504886564356007,-0.181124286065817,0.023049921914616342,"[0.73, -0.91, -0.54, 0.05]","['net_sharpe', 'dbl_sharpe', 'tri_sharpe', 'ret_1x', 'ret_2x', 'pos_folds', 'gross_edge', 'short_pnl']",2,21,1,15,0.6,7
-25.91958524440133,-10.946330430152711,0.42231888847515936,-0.019727469934976948,-0.14423232661298907,-0.26873687278251324,-0.5334060252107146,-0.25658042087368005,0.30535301195767106,0.28782098382020715,-0.07639902545962816,0.35294117647058826,0.11636045244527914,19.293706567526744,6.272488673749527,0.01965798856753201,458,0.06016827124719914,-0.012257789520180612,0.03338175867256554,"[-0.53, -0.16, -0.36, 0.51]","['net_sharpe', 'dbl_sharpe', 'tri_sharpe', 'ret_1x', 'ret_2x', 'pos_folds', 'gross_edge', 'short_pnl']",2,21,1,15,0.6,8
-44.76494374730486,-18.36510512709943,0.41025641025641024,-0.4167747704127558,-0.5211546573643787,-0.6253056642531146,-2.02825432202939,-0.8372063414717361,0.36301590638934367,0.34916364889741236,-0.20300105635891685,0.4117647058823529,0.13002083526349345,18.109979597406937,-22.73988917032777,0.019823521645352175,467,0.03867492872650663,-0.20171009373806567,0.018705813515296477,"[-0.81, -2.03, 1.15, -0.86]","['net_sharpe', 'dbl_sharpe', 'tri_sharpe', 'ret_1x', 'ret_2x', 'pos_folds', 'gross_edge', 'short_pnl']",2,21,1,15,0.6,9
-49.703499331773,-16.567833110591,0.3333333333333333,-1.0458415074363658,-1.1590993178698457,-1.2718752121911123,-2.846406375739124,-0.4778998740547329,0.5711191289687023,0.5474185524631965,-0.28965272330877295,0.4117647058823529,0.14625315771589034,22.198100781312796,-61.77611655679566,0.02186710057853889,565,-0.25391506209904846,-0.288974391720812,0.041467720644029704,"[-2.85, -0.68, -0.28, 0.59]","['net_sharpe', 'dbl_sharpe', 'tri_sharpe', 'ret_1x', 'ret_2x', 'pos_folds', 'gross_edge', 'long_pnl', 'short_pnl']",2,21,1,15,0.6,10
-37.76108577989909,-12.587028593299696,0.3333333333333333,-0.40328265590267515,-0.5616388828552146,-0.7195569280894835,-0.9991433802866199,-0.9209007771556377,0.335506600677982,0.29926539089431003,-0.1923659722431308,0.4117647058823529,0.10826270033042609,22.876781400878308,-11.711253270159656,0.023234516096071772,502,-0.04515845835137372,-0.06090683028783134,0.05416285998081046,"[-0.96, -0.89, -1.0, 0.54]","['net_sharpe', 'dbl_sharpe', 'tri_sharpe', 'ret_1x', 'ret_2x', 'pos_folds', 'gross_edge', 'long_pnl', 'short_pnl']",2,21,1,15,0.6,11
-30.96630895628798,-13.650240405838026,0.44080941080535935,-0.10015750775227064,-0.2401522002780214,-0.379503520560785,-1.9184604060611135,-0.0854626493591145,0.24104720968584104,0.219841915106593,-0.12441336503348804,0.47058823529411764,0.10396999439218513,19.472533005802095,2.5542269521201955,0.020970497777223405,446,-0.19237958416158735,0.21207009187928158,0.09848960373335268,"[1.0, -1.92, 0.01, -0.18]","['net_sharpe', 'dbl_sharpe', 'tri_sharpe', 'ret_1x', 'ret_2x', 'pos_folds', 'gross_edge', 'long_pnl']",2,21,1,15,0.6,12
-38.434909452183966,-14.782657481609219,0.38461538461538464,-0.4112101566805286,-0.550770240866121,-0.6899851223456347,-1.3759647424312487,-0.4741682839964064,0.2989254942247864,0.271804592114831,-0.22251902918281266,0.29411764705882354,0.1132240672195136,21.07089224749623,-14.23245436559096,0.02139246525109071,503,0.031178329975362407,-0.14990210815417032,0.07692286927996822,"[-0.13, -0.06, -1.38, -0.82]","['net_sharpe', 'dbl_sharpe', 'tri_sharpe', 'ret_1x', 'ret_2x', 'pos_folds', 'gross_edge', 'short_pnl']",2,21,1,15,0.6,13
-16.808106188228997,-7.366907417684007,0.43829491170416196,-0.11147220695940074,-0.2442742411957569,-0.37705676872272265,-0.8484525781830816,-0.2248179213997043,0.1581093146465613,0.1530091630573983,-0.21553933762534028,0.4117647058823529,0.11491211911105179,20.301609553182534,1.2466874194975606,0.020171800440770507,464,0.18394738449091483,-0.17392749271807828,0.05795782391341232,"[-0.69, 0.24, 0.45, -0.85]","['net_sharpe', 'dbl_sharpe', 'tri_sharpe', 'ret_1x', 'ret_2x', 'pos_folds', 'gross_edge', 'short_pnl']",2,21,1,15,0.6,14
-30.581876667418552,-14.193630308335301,0.4641190095262195,0.10687861441174908,-0.3508388492427263,-0.8060593177143545,-1.0387543987508336,-0.4920157290767158,0.23087030582511092,0.15042149731186183,-0.19680527522198507,0.35294117647058826,0.11384454157506085,69.52702821637922,9.33128756638003,0.04617431570906555,2516,-0.0439525645029133,0.30079703648059053,0.06261624243779679,"[0.49, -1.04, 0.0, -0.98]","['net_sharpe', 'dbl_sharpe', 'tri_sharpe', 'ret_2x', 'pos_folds', 'turnover', 'gross_edge', 'long_pnl']",2,21,2,9,0.3,0
-53.72664611288057,-16.53127572704018,0.3076923076923077,-1.0189182679226778,-1.4459933589575726,-1.8675678557016304,-2.2145096761705254,-1.6892250874170869,0.5085521242555351,0.39868099686711145,-0.32277227422282506,0.23529411764705882,0.11867751624843455,68.23610150825104,-10.15434796888768,0.04722335397480163,2609,0.03498068311383497,-0.3092904246483974,0.10221488108896677,"[-1.24, -2.21, -0.02, -2.14]","['net_sharpe', 'dbl_sharpe', 'tri_sharpe', 'ret_1x', 'ret_2x', 'pos_folds', 'turnover', 'gross_edge', 'short_pnl']",2,21,2,9,0.3,1
-31.926274191504437,-10.204406051228906,0.3196240810944452,-0.06515455530166024,-0.4665530471604841,-0.8646229135862553,-0.7984903080998103,-0.4539766848655883,0.2866400172804823,0.18652277337380863,-0.23617535927267297,0.35294117647058826,0.1312019579114555,70.4296704008593,6.2045221691115024,0.04571574479948894,2606,0.25341645611245056,-0.08041929385959376,0.07050059239865991,"[-0.31, -0.6, -0.25, -0.8]","['net_sharpe', 'dbl_sharpe', 'tri_sharpe', 'ret_1x', 'ret_2x', 'pos_folds', 'turnover', 'gross_edge', 'short_pnl']",2,21,2,9,0.3,2
-42.96790367878748,-14.421453564471713,0.3356331663811502,-0.33818910856975587,-0.7398443696725009,-1.1363065142926265,-2.6290150670033667,-0.23280003490699347,0.3982810362552385,0.3672742684040904,-0.2368574654118452,0.47058823529411764,0.12299339900857041,66.39093851881384,1.1959131848647642,0.04583250511768159,2428,0.052773232700088,-0.02134040553155847,0.06808779290458336,"[-0.32, 0.42, -0.15, -2.63]","['net_sharpe', 'dbl_sharpe', 'tri_sharpe', 'ret_1x', 'ret_2x', 'pos_folds', 'turnover', 'gross_edge', 'short_pnl']",2,21,2,9,0.3,3
-2.517052739763458,-1.8587651647783228,0.7384688987299494,0.6013540909684004,0.19319590807621687,-0.21244333089509276,-0.29432464086660465,0.2188673094580761,0.22708945012823045,0.18935952607706896,0.07304202112234343,0.5882352941176471,0.12613907588972473,68.54910442404649,18.480450145056267,0.044588643187893504,2505,0.23458829019452013,0.2669329298935468,0.05680589734243066,"[0.36, 0.55, -0.29, 0.08]","['net_sharpe', 'dbl_sharpe', 'tri_sharpe', 'turnover', 'gross_edge']",2,21,2,9,0.3,4
-6.635005973539456,-4.800642165218559,0.7235324556396213,0.5532515881836566,0.13837903653409497,-0.2735940722607345,-0.983872878909611,0.27571433091760067,0.15976063859949963,0.13307879524312993,0.05935420205651631,0.47058823529411764,0.12128050665867987,67.04802090762841,17.503974600692676,0.044016500035021305,2538,0.4232661274486535,0.0413535726790443,0.06839049726524044,"[0.55, 0.0, 0.9, -0.98]","['net_sharpe', 'dbl_sharpe', 'tri_sharpe', 'turnover', 'gross_edge']",2,21,2,9,0.3,5
37.24577955565895,33.91035523512503,0.9104482612439468,1.3218459583563371,0.9426657890349592,0.561767281410542,-0.4371760291815687,1.215497618595446,0.1179348947857295,0.08858859021702281,1.0406262538755657,0.5294117647058824,0.13212143781633065,66.9842085798515,33.43309584685239,0.041644958481897726,2541,0.6026438198843977,0.28394858502010245,0.08605664143737796,"[1.43, -0.44, 1.6, 1.0]","['turnover', 'gross_edge']",2,21,2,9,0.3,6
-26.773433715721623,-11.861268916063835,0.44302382137479746,0.13625086014996637,-0.24390976038914322,-0.6243591052501876,-0.8324035427346528,-0.2502481077713531,0.2616044304675219,0.21028845729790824,-0.14535416589923197,0.47058823529411764,0.126375500068731,63.92935631589391,10.226510774063042,0.043101147347849755,2570,0.5442354744895126,-0.28541251753000046,0.06167731154748673,"[-0.83, -0.3, -0.2, 0.58]","['net_sharpe', 'dbl_sharpe', 'tri_sharpe', 'ret_2x', 'pos_folds', 'turnover', 'gross_edge', 'short_pnl']",2,21,2,9,0.3,7
-16.912179099911963,-7.958803402978691,0.4705959744134995,0.34804507348237107,-0.056817653739747113,-0.4608027058706376,-0.8614844690799969,-0.010425893435896281,0.19339045990322512,0.1452512736816467,-0.07048698435606225,0.47058823529411764,0.1183287789110187,63.826738032287594,13.974319687567837,0.04262970356419719,2488,0.4961031117318376,-0.14299450227609325,0.052977470777775454,"[0.58, -0.02, -0.01, -0.86]","['net_sharpe', 'dbl_sharpe', 'tri_sharpe', 'ret_2x', 'pos_folds', 'turnover', 'gross_edge', 'short_pnl']",2,21,2,9,0.3,8
-34.857192212969935,-12.083217824896867,0.34664920086136053,-0.041420389128257594,-0.46518921878772074,-0.8865541649127159,-1.4116077520247703,-0.39287092898396037,0.24594777733713757,0.17445308286811123,-0.2280619894084141,0.29411764705882354,0.11075082528572006,62.611116820659866,6.92425111457415,0.04728643934257361,2009,0.2873478731812207,-0.11571548608625648,0.06455905464947352,"[0.26, -1.41, -0.26, -0.52]","['net_sharpe', 'dbl_sharpe', 'tri_sharpe', 'ret_1x', 'ret_2x', 'pos_folds', 'turnover', 'gross_edge', 'short_pnl']",2,21,2,9,0.45,0
-52.47908504946579,-16.14741078445101,0.3076923076923077,-1.050044633736584,-1.445132349705971,-1.8351052273452824,-2.190956607142164,-1.3672545900162665,0.5127578937677505,0.4106579179161587,-0.3238900734240052,0.29411764705882354,0.12023429157213764,63.94748816382985,-12.170945841782002,0.04941215769697669,2125,0.032904343505868586,-0.3410264106034452,0.08552904261338329,"[-1.25, -1.48, -0.84, -2.19]","['net_sharpe', 'dbl_sharpe', 'tri_sharpe', 'ret_1x', 'ret_2x', 'pos_folds', 'turnover', 'gross_edge', 'short_pnl']",2,21,2,9,0.45,1
-44.41434850207757,-13.665953385254639,0.3076923076923077,-0.38994056300305596,-0.7764971355263418,-1.159074107571073,-1.5982712434521837,-0.702314212296408,0.3778439164648424,0.24939913768275546,-0.2739570614387217,0.29411764705882354,0.1293617189361194,67.0573214456922,-0.08913521275736581,0.04894122728850973,2111,0.14242995591602592,-0.14479625965499346,0.07576977761017217,"[-0.7, -0.21, -0.71, -1.6]","['net_sharpe', 'dbl_sharpe', 'tri_sharpe', 'ret_1x', 'ret_2x', 'pos_folds', 'turnover', 'gross_edge', 'short_pnl']",2,21,2,9,0.45,2
-41.418557801415815,-13.80618593380527,0.3333333333333333,-0.3318655639371685,-0.6645405850743771,-0.9929680198689961,-1.7344910413019752,-0.4487494438211731,0.39449964066409704,0.32138697458202325,-0.22727302693014903,0.47058823529411764,0.12818900292447896,57.39154822173346,-0.07241366956596627,0.04597009800043706,1843,0.18337598815508369,-0.18502128202350204,0.06587636315134732,"[-0.45, 0.2, -0.45, -1.73]","['net_sharpe', 'dbl_sharpe', 'tri_sharpe', 'ret_1x', 'ret_2x', 'pos_folds', 'turnover', 'gross_edge', 'short_pnl']",2,21,2,9,0.45,3
6.866819296497381,5.237184375935535,0.7626798012009596,0.6560589350886016,0.28736334404471586,-0.0795448113274424,-0.03151111477963941,0.13868613230230986,0.21297830027761344,0.14949663087221732,0.13522850878382714,0.6470588235294118,0.12638150035955578,62.027459245462865,20.801482346491596,0.04422224677820582,2017,0.29543847290028424,0.2153643154069108,0.05508089817601411,"[0.15, 0.91, -0.03, 0.13]","['net_sharpe', 'dbl_sharpe', 'tri_sharpe', 'turnover', 'gross_edge']",2,21,2,9,0.45,4
22.796461847306862,20.477133281954913,0.8982592745801055,1.0109564992426212,0.6227288074672805,0.2357246237013494,-0.2731643960660927,0.6109455023638789,0.13835308218281195,0.1263198934358195,0.5003407083576176,0.5294117647058824,0.11851552287230797,61.158991361696366,27.09482278165478,0.04464634221269096,2024,0.4481134424891664,0.20791340323415747,0.04098593007078085,"[1.3, -0.27, 0.74, 0.48]","['turnover', 'gross_edge']",2,21,2,9,0.45,5
42.27261863059461,38.424734194636834,0.9089745428457351,1.1355320102599848,0.8004537397411177,0.46390787091792773,-0.10981860366493824,0.9087265758110553,0.11741793296025971,0.08858859021702281,0.8862741466557079,0.5294117647058824,0.13510935433347068,60.5446923066966,32.66676227978225,0.04250672043470003,2030,0.5684317019359137,0.21455998503105336,0.08555447644104797,"[1.29, -0.11, 0.78, 1.03]","['turnover', 'gross_edge']",2,21,2,9,0.45,6
-30.484029265511158,-10.636986620016346,0.3489363734488589,0.007508705220745376,-0.3420483678455438,-0.691649007401634,-0.873349603488282,-0.5022332803315409,0.3015967996807677,0.23276832087534727,-0.1667606842052669,0.5294117647058824,0.12729173838067886,59.17450195928267,7.738145599036044,0.043425654726971914,2096,0.5661946284134809,-0.3849160482184304,0.05893682988218642,"[-0.87, -0.85, -0.15, 0.72]","['net_sharpe', 'dbl_sharpe', 'tri_sharpe', 'ret_1x', 'ret_2x', 'pos_folds', 'turnover', 'gross_edge', 'short_pnl']",2,21,2,9,0.45,7
3.4116361483370516,2.6238545685640755,0.7690898016316987,0.7651017820531031,0.39794645367370773,0.030161367205964264,-0.23649081474828215,0.386800934908805,0.2270663414203159,0.1596679023355677,0.178808247363013,0.5294117647058824,0.11729656996261764,57.40777754225017,23.16922478526487,0.041768346093284295,2021,0.5592928113011765,-0.03272146888422472,0.055363488381182366,"[0.9, 0.79, -0.24, -0.01]","['net_sharpe', 'dbl_sharpe', 'pos_folds', 'turnover', 'gross_edge', 'short_pnl']",2,21,2,9,0.45,8
-36.209786367970246,-11.28623464080728,0.3116901747531612,-0.2605522910518275,-0.6131311863437299,-0.9651252554966071,-1.185495953025091,-0.674442831016931,0.2665386739407115,0.18726154833737862,-0.2672993496137382,0.35294117647058826,0.11069525258670088,51.84174432489789,2.0788908716438255,0.048016950472884186,1458,0.4503059514184436,-0.40763952389156877,0.06203842942235222,"[-0.06, -1.19, -0.74, -0.61]","['net_sharpe', 'dbl_sharpe', 'tri_sharpe', 'ret_1x', 'ret_2x', 'pos_folds', 'turnover', 'gross_edge', 'short_pnl']",2,21,2,9,0.6,0
-52.46517535043131,-12.107348157791842,0.23076923076923078,-1.1148193019801456,-1.4598195315232907,-1.8008306593049688,-1.958476806912768,-1.4392852935437896,0.5262806834679542,0.4530223318927594,-0.32619728492251326,0.23529411764705882,0.12345155454452807,57.17441231484081,-16.637234051100055,0.05102818719453365,1625,-0.13470280348539698,-0.2418776882286495,0.06440943024792878,"[-1.41, -1.96, -0.93, -1.47]","['net_sharpe', 'dbl_sharpe', 'tri_sharpe', 'ret_1x', 'ret_2x', 'pos_folds', 'turnover', 'gross_edge', 'long_pnl', 'short_pnl']",2,21,2,9,0.6,1
-46.79696237637323,-10.799299009932284,0.23076923076923078,-0.6501251006029146,-0.9792510945861336,-1.3045275564897607,-1.4431598181967709,-0.9673032926956486,0.4424440880573839,0.3461801452232721,-0.2906261117211392,0.23529411764705882,0.1311535553915096,58.100171267930996,-7.265504892729518,0.050530191729672644,1590,-0.05384399556530019,-0.1132720670647016,0.08042098260997665,"[-1.39, -0.55, -0.33, -1.44]","['net_sharpe', 'dbl_sharpe', 'tri_sharpe', 'ret_1x', 'ret_2x', 'pos_folds', 'turnover', 'gross_edge', 'long_pnl', 'short_pnl']",2,21,2,9,0.6,2
-50.51829315109268,-11.658067650252157,0.23076923076923078,-0.7995846457397624,-1.0940512370248403,-1.384793429055315,-2.1954265060973115,-0.8769138885688086,0.4783015759039039,0.3976104775486018,-0.28422505828964423,0.23529411764705882,0.12571750952276028,50.00385496301298,-12.698650279312075,0.04842459945250664,1432,-0.11014616581903378,-0.14123690802083377,0.059511416864056366,"[-0.38, -0.88, -0.88, -2.2]","['net_sharpe', 'dbl_sharpe', 'tri_sharpe', 'ret_1x', 'ret_2x', 'pos_folds', 'turnover', 'gross_edge', 'long_pnl', 'short_pnl']",2,21,2,9,0.6,3
12.318565460443022,10.39766032239891,0.8440642180120356,0.6248086186469171,0.31421246937529695,0.004518916229648712,0.044502541812777865,0.311788249257635,0.19447001700368882,0.15301130549794617,0.1680289674832778,0.47058823529411764,0.12847428632777072,53.142591470385945,22.535964883888834,0.043899254921502436,1503,0.40852538396685084,0.06560072183762888,0.05361101936043197,"[0.5, 0.59, 0.12, 0.04]","['net_sharpe', 'dbl_sharpe', 'turnover', 'gross_edge']",2,21,2,9,0.6,4
-9.339678838610386,-6.164727127402141,0.6600577208198057,0.5430866327315432,0.20507146606963547,-0.13197077645025881,-1.2156387436430218,0.502408088427572,0.21261739451441575,0.18823895059258133,0.08008315923844367,0.47058823529411764,0.11380857197585736,51.25183951874705,19.669965904150978,0.04608813835435395,1492,0.42919867227627323,-0.030092864792457888,0.04163901742891883,"[0.89, -1.22, 0.91, 0.12]","['net_sharpe', 'dbl_sharpe', 'tri_sharpe', 'turnover', 'gross_edge', 'short_pnl']",2,21,2,9,0.6,5
-3.5075799965546515,-2.640315695360614,0.7527456816249624,0.5632180589970894,0.26959243535993754,-0.024465159876527618,-1.1484245888339557,0.5644715433212142,0.18243068658432016,0.15919638872368747,0.148516997503314,0.4117647058823529,0.1303986198424556,51.0747734733316,21.699456666330963,0.04432892230498813,1494,0.12725621148810368,0.31150708569979946,0.07970507090389276,"[0.37, -1.15, 0.96, 0.76]","['net_sharpe', 'dbl_sharpe', 'tri_sharpe', 'turnover', 'gross_edge']",2,21,2,9,0.6,6
-28.551188865813934,-10.90076055158892,0.3817970804235427,0.057608239782884235,-0.2481270646504102,-0.5540742951144132,-1.2421261146961184,-0.11686889323044511,0.2934877327220201,0.24620180405860626,-0.135671564490724,0.5882352941176471,0.12988823509558642,52.80022500994749,8.987403164431317,0.042490970148499674,1656,0.5615169025945101,-0.3736522905418823,0.05634893634703085,"[-0.62, -1.24, 0.39, 0.71]","['net_sharpe', 'dbl_sharpe', 'tri_sharpe', 'ret_1x', 'ret_2x', 'pos_folds', 'turnover', 'gross_edge', 'short_pnl']",2,21,2,9,0.6,7
0.2592586066666348,0.21338063678627883,0.8230416707463536,0.8405017045119206,0.5223861594609259,0.2030041711393545,-0.5901098830907184,0.5786621272633303,0.22431770775163873,0.16611340060021818,0.24805738766829377,0.47058823529411764,0.11679746047841924,49.605827694556766,27.350993099394685,0.04105089426335299,1545,0.8348985176472016,-0.29776681884107037,0.051759393580596356,"[1.39, 1.08, -0.59, 0.08]","['turnover', 'gross_edge', 'short_pnl']",2,21,2,9,0.6,8
9.775605506146102,7.191481641237115,0.7356558769393569,0.538173035838806,0.20224822513713497,-0.13222052769417458,0.026429609292144277,0.07925764309053046,0.1732614736173781,0.15768274082728084,0.09989270987873625,0.5294117647058824,0.12067671151251294,54.00117847360112,19.452546205554455,0.03492941708783455,1971,0.1512499253331115,0.2646172818040147,0.04538221157391294,"[0.12, 0.04, 0.75, 0.03]","['net_sharpe', 'dbl_sharpe', 'tri_sharpe', 'turnover', 'gross_edge']",2,21,2,12,0.3,0
-40.083581793613135,-12.333409782650197,0.3076923076923077,-0.412820036489813,-0.702659055656755,-0.9907927899596548,-1.2613838813307727,-0.5636442911517703,0.35021856007195173,0.2763718432034177,-0.2759689194809808,0.35294117647058826,0.13201577337239193,51.107111185904316,-3.409661585313037,0.03479693400868394,1920,0.1823771738486467,-0.2513642267703647,0.04543407894029892,"[-1.26, -0.8, -0.26, -0.32]","['net_sharpe', 'dbl_sharpe', 'tri_sharpe', 'ret_1x', 'ret_2x', 'pos_folds', 'turnover', 'gross_edge', 'short_pnl']",2,21,2,12,0.3,1
-43.734243520926626,-14.707241136369571,0.33628662467506104,-0.25609299920178125,-0.5758149298687267,-0.8931075965370696,-2.179720787982501,-0.40025040261316647,0.33314488393194586,0.2679749303712513,-0.22697446160293522,0.23529411764705882,0.12304897773457946,52.64855509718201,1.5357114976984314,0.03617968947214403,1891,0.06428244590894838,-0.032273521916364775,0.02947972730290953,"[-0.28, -2.18, 0.59, -0.52]","['net_sharpe', 'dbl_sharpe', 'tri_sharpe', 'ret_1x', 'ret_2x', 'pos_folds', 'turnover', 'gross_edge', 'short_pnl']",2,21,2,12,0.3,2
-24.91754221183226,-14.7137628092383,0.5904981592547026,0.37905885755557134,0.0613889614238521,-0.254614368434529,-0.8834454322932886,-0.10654813907937721,0.2543854318140081,0.1836096286502671,0.0006362278330843312,0.4117647058823529,0.11983784529714328,50.752220713644064,16.528316354091952,0.03324915024482475,1864,0.3461153780580135,-0.014023197876593778,0.05764497116308939,"[0.66, -0.88, -0.87, 0.98]","['net_sharpe', 'dbl_sharpe', 'tri_sharpe', 'pos_folds', 'turnover', 'gross_edge', 'short_pnl']",2,21,2,12,0.3,3
-21.28876012177911,-9.918442342607563,0.4659004228461697,0.10106057272818984,-0.18004452358719153,-0.4602817303366363,-0.6508331269547388,-0.09947956793065746,0.24418940652051568,0.21694927673976272,-0.13214046654847844,0.47058823529411764,0.1327599870886164,49.77755499706403,10.192612572234536,0.0330494167648757,1913,0.2691637094593442,-0.06830343110072594,0.10162986305067766,"[0.04, -0.65, -0.23, 0.08]","['net_sharpe', 'dbl_sharpe', 'tri_sharpe', 'ret_2x', 'pos_folds', 'turnover', 'gross_edge', 'short_pnl']",2,21,2,12,0.3,4
-14.897504660347655,-6.79052931506346,0.4558165592079092,0.18063329091815827,-0.11367593436081823,-0.4057582166891418,-0.4441410221832809,-0.22825582802226158,0.20523353712774262,0.15190444640018563,-0.10445055830628001,0.47058823529411764,0.12309547432556392,48.4094227840759,12.114689363392994,0.033345510194554145,1886,0.3008167379804283,-0.0686408208915529,0.0894234046047934,"[0.32, -0.05, -0.44, -0.41]","['net_sharpe', 'dbl_sharpe', 'tri_sharpe', 'ret_2x', 'pos_folds', 'turnover', 'gross_edge', 'short_pnl']",2,21,2,12,0.3,5
-2.6930946789245658,-1.8174103988081622,0.6748408858517775,0.3641709193282143,0.07674405718640794,-0.20969324074698703,-0.4069980862170043,0.13609819219643923,0.17533102594626837,0.1521172449612085,0.009800346081636015,0.5294117647058824,0.12586579326730413,48.19099587652961,17.00811683738168,0.03261548679562316,1805,0.04576379723275818,0.2787230624126975,0.10058850190290936,"[0.34, -0.41, 0.44, -0.07]","['net_sharpe', 'dbl_sharpe', 'tri_sharpe', 'pos_folds', 'turnover', 'gross_edge']",2,21,2,12,0.3,6
-24.565521116043072,-10.779360768466105,0.43880041125715824,0.10077825377984621,-0.2129033603937452,-0.5255806807731225,-0.4923700101814369,-0.267779365030391,0.3217694838070737,0.24625328724874695,-0.1073239276146781,0.47058823529411764,0.1269961651494095,53.09214560402341,9.803967831396609,0.035105557211126855,1938,0.3479251314264425,-0.1418587537320825,0.07173664747774973,"[-0.3, -0.49, -0.23, 0.16]","['net_sharpe', 'dbl_sharpe', 'tri_sharpe', 'ret_2x', 'pos_folds', 'turnover', 'gross_edge', 'short_pnl']",2,21,2,12,0.3,7
27.73354253644089,25.095267438310195,0.9048706058858476,0.9519507989961674,0.6413034732226245,0.3302751359609307,0.2554679596866532,0.60744175139736,0.2419016059410677,0.22097187740495705,0.30125554112062375,0.7058823529411765,0.12102354303345296,50.09212481627645,30.532715060640694,0.0322608025631918,1946,0.603473140548752,0.0020208838724171813,0.06223805570478739,"[1.05, 0.76, 0.26, 0.45]","['turnover', 'gross_edge']",2,21,2,12,0.3,8
-12.921777184271093,-9.327562259214886,0.721848250917743,0.46877532460768545,0.16240127782926267,-0.1430344983772604,-1.9704476222742782,0.6298076226171057,0.2378392087742498,0.20570726389391814,0.05331342854476398,0.47058823529411764,0.12585809480961638,51.37161485733841,18.930222020501017,0.03399866981771248,1868,0.25013055771230774,0.1348633951883956,0.04464364111080657,"[0.82, 0.44, 1.21, -1.97]","['net_sharpe', 'dbl_sharpe', 'tri_sharpe', 'turnover', 'gross_edge']",2,21,2,12,0.3,9
-16.60013448118509,-11.60047877728842,0.6988183614076514,0.4050825458311974,0.07890398350024051,-0.24576573185354042,-0.8821478094505002,0.30535699141547945,0.250345267286751,0.19658935867512428,0.009265081372571989,0.4117647058823529,0.11912564521503344,51.81343083062299,16.819101960399625,0.03484786202845952,1933,0.10924291567594192,0.23575791128414908,0.060802577145388156,"[0.26, 0.35, -0.88, 0.43]","['net_sharpe', 'dbl_sharpe', 'tri_sharpe', 'turnover', 'gross_edge']",2,21,2,12,0.3,10
-31.270849524657816,-14.46757467137923,0.46265371396358135,0.08807773612762014,-0.20365246540308715,-0.4930271278610737,-1.4097128496601468,-0.10864986350449601,0.25152080713009306,0.19588666480849481,-0.14531832116060253,0.35294117647058826,0.13630534474637526,53.17788084538883,9.50937778801462,0.034685100612533395,1979,0.34134454283012006,-0.14114729142015384,0.033888844594584286,"[0.08, 0.71, -0.29, -1.41]","['net_sharpe', 'dbl_sharpe', 'tri_sharpe', 'ret_2x', 'pos_folds', 'turnover', 'gross_edge', 'short_pnl']",2,21,2,12,0.3,11
1.5550880722220364,0.9141760703631587,0.5878612836743771,0.3396755694299046,0.0423881114715783,-0.25335973356307545,-0.202448496961763,0.038948865932348115,0.16981392081945867,0.15573767162628915,-0.013279427161873848,0.5294117647058824,0.12195740761041388,48.33189583519986,15.977406791107688,0.035434318904336494,1594,0.12054994645439601,0.18516389773072828,0.05064215792666904,"[-0.07, -0.2, 0.15, 0.3]","['net_sharpe', 'dbl_sharpe', 'tri_sharpe', 'ret_2x', 'pos_folds', 'turnover', 'gross_edge']",2,21,2,12,0.45,0
-46.83005664263782,-15.80902404521439,0.3375828512413242,-0.6181288060183768,-0.8959733761088607,-1.171449295363249,-2.014362484543395,-0.8158208860904959,0.4295066955678267,0.37649611516582226,-0.275061722051699,0.4117647058823529,0.130466058876445,48.618906679902956,-9.279633536519496,0.035556318860849936,1653,0.17570327234892488,-0.35431542176595043,0.043083414616803525,"[-2.01, -0.93, -0.7, 0.14]","['net_sharpe', 'dbl_sharpe', 'tri_sharpe', 'ret_1x', 'ret_2x', 'pos_folds', 'turnover', 'gross_edge', 'short_pnl']",2,21,2,12,0.45,1
-25.667900180825054,-12.505370934641295,0.4871988299215573,0.20487833606446357,-0.08371489895259751,-0.3704079214516883,-1.2489294636537978,0.13160375267937902,0.2501311566063217,0.1875785549906216,-0.07186600039125693,0.35294117647058826,0.12416286426312144,47.83783828189223,12.9733493403475,0.035691528605280014,1530,0.3216982897727081,-0.07600197545693736,0.03577722479272701,"[-0.1, -1.25, 0.36, 0.62]","['net_sharpe', 'dbl_sharpe', 'tri_sharpe', 'ret_2x', 'pos_folds', 'turnover', 'gross_edge', 'short_pnl']",2,21,2,12,0.45,2
-43.919202275199304,-17.006553685823885,0.38722364717055213,-0.003387965394869862,-0.2873206422621247,-0.5699255949347624,-2.2005098699911847,-0.4602410141104599,0.3651735921339355,0.29984230878749096,-0.11201739606344016,0.29411764705882354,0.12005873250903006,45.50229310692629,7.493298833102509,0.035324052268228635,1405,0.507914975079983,-0.37293127799199965,0.0661652341760591,"[0.11, -1.03, -2.2, 1.45]","['net_sharpe', 'dbl_sharpe', 'tri_sharpe', 'ret_1x', 'ret_2x', 'pos_folds', 'turnover', 'gross_edge', 'short_pnl']",2,21,2,12,0.45,3
-28.1195984705699,-10.281841811463755,0.36564682181449987,-0.035163178290911604,-0.27604879350680167,-0.5157902995593557,-0.7482467930753677,-0.28879024894336097,0.27684169462177577,0.22939578695038543,-0.16458237569885403,0.4117647058823529,0.13524237828559432,43.50614165932593,6.4128406651280505,0.03303833161981803,1489,0.26494575314947605,-0.15449313831913242,0.09592781355771293,"[0.17, -0.75, -0.39, -0.19]","['net_sharpe', 'dbl_sharpe', 'tri_sharpe', 'ret_1x', 'ret_2x', 'pos_folds', 'turnover', 'gross_edge', 'short_pnl']",2,21,2,12,0.45,4
38.350977943830884,34.05629565385698,0.8880163552474742,0.6991082540343974,0.41597219135730273,0.13338126482679952,0.19217639677801748,0.4803577404535536,0.11104735325819381,0.10362837143221393,0.39452051608606514,0.6470588235294118,0.12033006347191393,45.37026837003205,26.127746110433787,0.03337355555253402,1489,0.13175794747947295,0.3375395929288198,0.10176440412995758,"[0.19, 0.39, 0.62, 0.57]","['net_sharpe', 'dbl_sharpe', 'turnover', 'gross_edge']",2,21,2,12,0.45,5
-4.9038596269557,-3.743278497575663,0.7633331258096141,0.49212021662380884,0.2398341803468325,-0.011845394446061717,-0.6097127340423812,0.27938081815088156,0.20577298025966906,0.17794018699836356,0.11080193751499405,0.5882352941176471,0.12833480540378234,43.12343441452197,22.13797522529744,0.03240571445435949,1396,0.23285866006498407,0.14508426604439292,0.10705492989350342,"[0.22, -0.61, 0.34, 1.0]","['net_sharpe', 'dbl_sharpe', 'tri_sharpe', 'turnover', 'gross_edge']",2,21,2,12,0.45,6
-18.67918117687096,-9.11095632649737,0.48775994194963906,0.34104779899420146,0.05537066157318429,-0.23022273723796052,-0.6079928741277041,-0.120748750211106,0.24659216667758144,0.17521289588146105,-0.004210431065988266,0.5294117647058824,0.12727469055354515,48.43833881770773,16.32113571324652,0.034884496561096295,1573,0.38826851562962167,-0.07528994747460921,0.0690368957621098,"[-0.61, -0.2, -0.04, 1.19]","['net_sharpe', 'dbl_sharpe', 'tri_sharpe', 'ret_2x', 'pos_folds', 'turnover', 'gross_edge', 'short_pnl']",2,21,2,12,0.45,7
12.977444383249761,10.844387725893705,0.8356335350503037,0.8434136467764921,0.5518455496241222,0.25943173655073865,-0.18889485779212487,0.5783909195599131,0.2435323090521665,0.2234032852026806,0.24937543756300853,0.7058823529411765,0.11988161683236341,46.63201935036967,29.140669186749378,0.033539979294175654,1559,0.5912242609935268,-0.05325343349164456,0.043642655320333554,"[1.09, 0.45, -0.19, 0.71]","['turnover', 'gross_edge', 'short_pnl']",2,21,2,12,0.45,8
-19.980662218210337,-11.58312912037121,0.5797169780396151,0.26763962440180034,-0.009023957122186973,-0.2847954862096858,-1.1962931364181684,-0.07754599508872582,0.17429341882526816,0.1593161840810371,-0.05056081853848553,0.35294117647058826,0.1244470761522582,45.86751002528276,14.792196734295548,0.034268293149503554,1501,0.23567433427469947,0.03292987949216071,0.03646040883994424,"[-0.21, 0.05, 1.3, -1.2]","['net_sharpe', 'dbl_sharpe', 'tri_sharpe', 'ret_2x', 'pos_folds', 'turnover', 'gross_edge']",2,21,2,12,0.45,9
-22.3463315055806,-12.102685176214292,0.54159606346088,0.23736377065121791,-0.06713825344955579,-0.3699615894462959,-0.6273059241457228,-0.07201686102825641,0.26513412627234834,0.20740941502262444,-0.056154502779610586,0.4117647058823529,0.1184106160103492,48.11571257726153,13.413571257381804,0.035900457153695824,1560,0.17025653379069888,0.08525253859921465,0.03878357898468684,"[0.36, -0.07, -0.63, -0.07]","['net_sharpe', 'dbl_sharpe', 'tri_sharpe', 'ret_2x', 'pos_folds', 'turnover', 'gross_edge']",2,21,2,12,0.45,10
-32.45318134972576,-18.19385686576428,0.5606185929724891,0.22028362160547835,-0.06398213899480422,-0.3465228092915944,-1.9833084246454293,0.012001024238810276,0.31604364843538024,0.26446632546459237,-0.05331915173358677,0.5294117647058824,0.13062333877296933,49.55706260153203,13.132120761204991,0.035576322361819276,1637,0.2203116893445357,0.037329566215712706,0.03045069060222317,"[1.13, 0.57, -0.55, -1.98]","['net_sharpe', 'dbl_sharpe', 'tri_sharpe', 'ret_2x', 'pos_folds', 'turnover', 'gross_edge']",2,21,2,12,0.45,11
-31.829071195336798,-8.249408907615573,0.25917843649877453,-0.26990736633506535,-0.5137059373609056,-0.7558720616176811,-0.730847675506198,-0.5343044580460545,0.2909214954885645,0.23224029032768934,-0.2391738562340874,0.35294117647058826,0.1250217111394815,40.76700813789827,-1.050111904004017,0.03792471220997618,1119,-0.007746782484206044,-0.00920125455000223,0.03363947993734213,"[-0.57, -0.73, -0.5, -0.3]","['net_sharpe', 'dbl_sharpe', 'tri_sharpe', 'ret_1x', 'ret_2x', 'pos_folds', 'turnover', 'gross_edge', 'long_pnl', 'short_pnl']",2,21,2,12,0.6,0
-44.11863930315928,-15.469155874794241,0.3506263139372595,-0.38203853590687714,-0.6423152104046965,-0.9009306691752841,-1.594562032497856,-0.7213408521991238,0.4029812422215854,0.3532508071176278,-0.2141364530614549,0.35294117647058826,0.1275917713982832,44.37978130372397,-3.651562651929506,0.03677283878591681,1289,0.19193332063337243,-0.2560895596769879,0.031462015860087615,"[-1.59, -1.18, -0.26, 0.66]","['net_sharpe', 'dbl_sharpe', 'tri_sharpe', 'ret_1x', 'ret_2x', 'pos_folds', 'turnover', 'gross_edge', 'short_pnl']",2,21,2,12,0.6,1
-31.658919830056384,-14.289553279465503,0.45135947013262495,0.0681044264696955,-0.21134923577180822,-0.48787503917368,-1.09436888281732,-0.24715624067568692,0.3086649341864921,0.24776064097876438,-0.10350135291907366,0.47058823529411764,0.11920885812209414,44.607088443208504,9.339711321280456,0.03825665612497208,1190,0.32655159592195604,-0.1616167903543512,0.03399169045029213,"[-0.42, -1.09, -0.07, 0.77]","['net_sharpe', 'dbl_sharpe', 'tri_sharpe', 'ret_2x', 'pos_folds', 'turnover', 'gross_edge', 'short_pnl']",2,21,2,12,0.6,2
-48.88232023699525,-17.92270707138622,0.36665008912203617,-0.29686191263007605,-0.540521803786145,-0.7833132623772031,-2.288341857635998,-0.7770273627071749,0.4254501390479737,0.36975358265016744,-0.16448869030595412,0.17647058823529413,0.12070288736311989,39.17205436867157,-1.5772166509765833,0.036265934687542946,1045,0.33813809569434444,-0.3625973202704174,0.055887763425216216,"[-0.33, -1.22, -2.29, 1.33]","['net_sharpe', 'dbl_sharpe', 'tri_sharpe', 'ret_1x', 'ret_2x', 'pos_folds', 'turnover', 'gross_edge', 'short_pnl']",2,21,2,12,0.6,3
-37.703527564300664,-13.169739883080426,0.34929728685519884,-0.30062804574013097,-0.5015951571678486,-0.70189259111706,-1.427501351216161,-0.24273908502887348,0.3556481324892393,0.31504048630570114,-0.21002492645690946,0.4117647058823529,0.13602132734662786,36.47838177206037,-3.741203368929338,0.032357480683096185,1159,0.27939791992888224,-0.33342628971114374,0.11287303950754378,"[-0.01, -1.43, -0.01, -0.47]","['net_sharpe', 'dbl_sharpe', 'tri_sharpe', 'ret_1x', 'ret_2x', 'pos_folds', 'turnover', 'gross_edge', 'short_pnl']",2,21,2,12,0.6,4
-12.258250049275599,-6.876549147744862,0.5609731503356984,0.14842284011726503,-0.09289373704551905,-0.33295863770255213,-0.4166212735456201,-0.2403718809964846,0.1764259580479809,0.132689120471577,-0.10214966395367782,0.35294117647058826,0.11897160379516082,38.32349343494755,12.26915233128269,0.03421641596300227,1099,0.10773081581524584,0.07841558018346913,0.10508627018662477,"[-0.42, -0.36, 0.74, -0.12]","['net_sharpe', 'dbl_sharpe', 'tri_sharpe', 'ret_2x', 'pos_folds', 'turnover', 'gross_edge']",2,21,2,12,0.6,5
-16.824900510550634,-10.637481664346033,0.6322463338000385,0.22831121409503227,0.00889955566664813,-0.20999657584614115,-1.0311401168376075,0.22240738820888292,0.22959508630506975,0.19281322133355672,-0.029576475198387703,0.5294117647058824,0.12557065062719128,36.70795660797411,15.373298990695112,0.03228343992585609,1110,0.07431009756739143,0.14909972622242246,0.10822655923160338,"[0.07, -1.03, 0.37, 0.66]","['net_sharpe', 'dbl_sharpe', 'tri_sharpe', 'ret_2x', 'turnover', 'gross_edge']",2,21,2,12,0.6,6
-14.960772248068663,-8.963841074591173,0.5991563086423126,0.27792337029007913,0.02754145249940162,-0.2222024078093829,-0.6300959352811484,-0.0160189430365984,0.21563652464182514,0.1613130534404712,-0.02040320639734153,0.5294117647058824,0.12533903314935577,41.79266514575942,15.663393346094898,0.03475824037872076,1163,0.2081292483385918,0.05102653448762977,0.05685658736331606,"[-0.63, -0.25, 0.22, 0.98]","['net_sharpe', 'dbl_sharpe', 'tri_sharpe', 'ret_2x', 'pos_folds', 'turnover', 'gross_edge']",2,21,2,12,0.6,7
3.2212500096458423,2.240973527805952,0.6956844458193215,0.4896015799125766,0.23662629607039248,-0.01680555777758941,-0.5450788502845174,0.376192159492439,0.17311284160559803,0.15623688187557316,0.12242056494713352,0.5882352941176471,0.11803423107694168,39.79423838269221,22.01651055709446,0.03418474414219773,1173,0.39011914788332497,-0.04326757545165631,0.031985851712652794,"[0.6, -0.55, 0.19, 0.56]","['net_sharpe', 'dbl_sharpe', 'tri_sharpe', 'turnover', 'gross_edge', 'short_pnl']",2,21,2,12,0.6,8
-27.095357178321095,-13.239484764850646,0.4886255854727582,0.1588836677711935,-0.0683086215347722,-0.2949141706651392,-1.1677584339133178,-0.5308905251658687,0.20982215517125136,0.19713482469754873,-0.07627988255833668,0.47058823529411764,0.12390608532187909,37.507739879686596,12.820171531439835,0.03370903196775884,1079,0.3495146865140945,-0.15914854205504478,0.039776299359963116,"[-0.51, -0.55, 1.83, -1.17]","['net_sharpe', 'dbl_sharpe', 'tri_sharpe', 'ret_2x', 'pos_folds', 'turnover', 'gross_edge', 'short_pnl']",2,21,2,12,0.6,9
-27.512432892606533,-15.570984258160044,0.5659617351522723,0.2524579262989358,-0.007648406730373965,-0.26711345592773844,-0.6815009176155731,-0.18323148834325076,0.3140929329235158,0.2680590706431448,-0.025705221442005412,0.35294117647058826,0.11982233876310666,41.55902691544892,14.838315695619753,0.035449681547036344,1217,0.19868134839557985,0.04545079247721587,0.03515408301181368,"[0.73, -0.26, -0.68, -0.11]","['net_sharpe', 'dbl_sharpe', 'tri_sharpe', 'ret_2x', 'pos_folds', 'turnover', 'gross_edge']",2,21,2,12,0.6,10
-36.2792767409285,-17.174063940861334,0.47338495922898033,0.14692225311426868,-0.08238711822470428,-0.3100356892586576,-1.812699384065891,-0.22319296672669667,0.3603110429293541,0.30359145656364717,-0.056429976958015174,0.5294117647058824,0.13580475910839857,41.60510921799637,12.048907558817175,0.03442804471618393,1228,0.416119048896112,-0.2176607239395698,0.0314685944978787,"[1.33, -0.0, -0.45, -1.81]","['net_sharpe', 'dbl_sharpe', 'tri_sharpe', 'ret_2x', 'pos_folds', 'turnover', 'gross_edge', 'short_pnl']",2,21,2,12,0.6,11
-13.88246863514915,-10.515716098965306,0.7574817113103693,0.5006614629505576,0.27805663829214755,0.055596270472011565,-0.5955793525857165,-0.13187546711558618,0.22255228475166966,0.18875635969632099,0.13015733365273702,0.5882352941176471,0.13528381152743607,40.095132892927545,24.098431632509815,0.026080276157759177,1469,0.42328066955180466,-0.040759549499749304,0.09271282335974561,"[1.38, 0.3, -0.6, -0.56]","['net_sharpe', 'dbl_sharpe', 'pos_folds', 'turnover', 'gross_edge', 'short_pnl']",2,21,2,15,0.3,0
-39.06007350980854,-13.831509242063678,0.35410863316963265,-0.24586676348834158,-0.4928941920593868,-0.7376412369017414,-1.50444474387534,-0.8850980056191816,0.36566500279736447,0.29246757950478963,-0.19304868392477378,0.5882352941176471,0.13055682068332713,43.24802755320272,-0.06620184662566024,0.028749123149467478,1545,0.19106824140982462,-0.1922017149631472,0.07185070093050562,"[-0.38, -1.5, -1.39, 0.89]","['net_sharpe', 'dbl_sharpe', 'tri_sharpe', 'ret_1x', 'ret_2x', 'pos_folds', 'turnover', 'gross_edge', 'short_pnl']",2,21,2,15,0.3,1
2.45070544440952,1.585607448348857,0.6470004185798419,0.39295532600238825,0.17427247698406342,-0.043400506205313084,-0.19677471577256636,-0.04312733622618023,0.16288971950618114,0.13346898344100466,0.08986225591562216,0.5294117647058824,0.1382547879489357,40.27223082637546,20.619555858207438,0.026320406803272148,1569,0.48386880578894403,-0.1551231848655577,0.04947680276939587,"[0.76, -0.19, 0.1, -0.2]","['net_sharpe', 'dbl_sharpe', 'tri_sharpe', 'pos_folds', 'turnover', 'gross_edge', 'short_pnl']",2,21,2,15,0.3,2
29.32757622323643,27.971254376193784,0.9537526784784887,1.0017103584517861,0.7643893601066672,0.5274476507730648,-0.11270106856651957,0.6475790287434483,0.15062242759888433,0.13909846734857834,0.6140471585748171,0.5882352941176471,0.12581131537379162,39.585108451702325,39.2875663315378,0.025554016851672988,1478,0.4241998126268355,0.19148997353316574,0.061827070673361115,"[1.2, -0.11, 0.1, 1.56]","['turnover', 'gross_edge']",2,21,2,15,0.3,3
-30.824279820457043,-12.827271641277832,0.41614181145490386,0.06888160753158742,-0.1454879289660478,-0.35892960164902277,-1.0151216483053151,-0.2249940678775212,0.31310310611551206,0.28575317875418516,-0.09413794394317586,0.47058823529411764,0.13849514655799514,39.62936365768477,9.689976765599605,0.027029256201390135,1492,0.5883938908510331,-0.43636895909805273,0.048119281978115824,"[0.18, 0.87, -1.02, -0.63]","['net_sharpe', 'dbl_sharpe', 'tri_sharpe', 'ret_1x', 'ret_2x', 'pos_folds', 'turnover', 'gross_edge', 'short_pnl']",2,21,2,15,0.3,4
23.805812345946464,20.29411847968598,0.8524858628964856,0.919661968124985,0.6400700085905259,0.36190456898651474,-0.2797139462242921,0.529801641815207,0.12673489033109808,0.12144315666499916,0.5559096167598184,0.5882352941176471,0.11661349571699432,43.18053215467505,32.381500153652574,0.027758961943864655,1584,0.7720082738455027,-0.21845434496083485,0.026751169349139244,"[0.5, -0.28, 2.13, 0.56]","['turnover', 'gross_edge', 'short_pnl']",2,21,2,15,0.3,5
-1.5310387881098328,-1.1588926524831056,0.75693226160118,0.4805939937804892,0.2112502071336423,-0.05792212516176001,-0.6181271992371425,0.43492682930881055,0.1907220242402824,0.1683651210404743,0.09545481699160163,0.47058823529411764,0.11874708361955948,42.6249442052563,20.874970501307843,0.028345169234387287,1503,0.2787484566340923,0.07351263499527007,0.021768707281784403,"[0.71, 0.35, 0.52, -0.62]","['net_sharpe', 'dbl_sharpe', 'tri_sharpe', 'turnover', 'gross_edge']",2,21,2,15,0.3,6
-24.968527236027892,-11.546996093376901,0.46246204208293745,0.05433470344483553,-0.1996070770066505,-0.4535392941039951,-0.6148867347910791,-0.18669207911141236,0.30121577955647005,0.2519159687141357,-0.1012706129946007,0.47058823529411764,0.11953659007679153,40.44344397903463,9.139703744007786,0.028374436137318257,1440,0.07416110048514596,0.07217626505843261,0.08055021540828469,"[0.1, -0.24, -0.61, -0.13]","['net_sharpe', 'dbl_sharpe', 'tri_sharpe', 'ret_1x', 'ret_2x', 'pos_folds', 'turnover', 'gross_edge']",2,21,2,15,0.3,7
-10.80011839395676,-7.0571495167075815,0.6534326068736831,0.42303581026305687,0.18643735891110572,-0.05059539692006174,-0.4762511803229674,0.20571692743046524,0.22974394531977504,0.18782583857857216,0.06835187705233642,0.4117647058823529,0.12628641494274787,39.888882593405164,20.873721831055516,0.026634722652641146,1451,0.34184420316942654,-0.01221419222635621,0.048496876898971766,"[0.66, 0.47, -0.48, -0.05]","['net_sharpe', 'dbl_sharpe', 'tri_sharpe', 'pos_folds', 'turnover', 'gross_edge', 'short_pnl']",2,21,2,15,0.3,8
-43.619318605674415,-15.764426033615143,0.36140926858872013,-0.34648884124940244,-0.5838853860433496,-0.8196954423073228,-1.48504056531416,-0.7475325929380572,0.4086617798167502,0.35184900205943515,-0.19636304460176962,0.35294117647058826,0.1286020939826549,40.87532104199929,-3.5478563925963247,0.028953502985473924,1528,0.04325041963000262,-0.10066235559965214,0.04001332724672154,"[-0.66, -1.49, 0.67, -0.84]","['net_sharpe', 'dbl_sharpe', 'tri_sharpe', 'ret_1x', 'ret_2x', 'pos_folds', 'turnover', 'gross_edge', 'short_pnl']",2,21,2,15,0.3,9
-39.82019371356994,-14.37816057503636,0.36107711274484744,-0.31200248380018936,-0.5558235518710499,-0.7987116450429066,-1.3803358517877098,-0.3711533840968488,0.3546186794503221,0.2942355144126616,-0.21169186174807592,0.29411764705882354,0.12600094594294073,40.983271691257904,-2.0181775199990004,0.027564874452305127,1676,-0.10917007122198197,0.07642537451905593,0.06641011302630323,"[-1.38, -0.57, -0.17, 0.12]","['net_sharpe', 'dbl_sharpe', 'tri_sharpe', 'ret_1x', 'ret_2x', 'pos_folds', 'turnover', 'gross_edge', 'long_pnl']",2,21,2,15,0.3,10
-25.21066236673306,-15.441440248570327,0.6124964121905107,0.21632004812204905,-0.041914351334561735,-0.29898971414040937,-1.274941534362304,0.11748860143484548,0.23387316244817902,0.1811453662037883,-0.0520457024594755,0.29411764705882354,0.11993209898049009,41.308618431291045,13.775921423028745,0.027507847367447096,1584,0.15623634424916,0.0690507480568206,0.04540110912896053,"[0.46, 0.14, -1.27, 0.1]","['net_sharpe', 'dbl_sharpe', 'tri_sharpe', 'ret_2x', 'turnover', 'gross_edge']",2,21,2,15,0.3,11
-24.25102445820467,-9.185775471038223,0.37877886300718594,0.04792394997981527,-0.21873131740904628,-0.4838889602778548,-0.7477872769091388,-0.2646869039844547,0.21610241832234178,0.16735585763576522,-0.1503970415092506,0.29411764705882354,0.11858521138480867,42.26479449846012,8.859149128948783,0.028492064375934375,1532,-0.0004943419214991362,0.14872763496100758,0.07134819229073275,"[-0.08, -0.45, 0.39, -0.75]","['net_sharpe', 'dbl_sharpe', 'tri_sharpe', 'ret_1x', 'ret_2x', 'pos_folds', 'turnover', 'gross_edge', 'long_pnl']",2,21,2,15,0.3,12
-34.29107729322475,-13.687716514208262,0.3991626275594639,-0.07843351669331894,-0.3187257973924813,-0.5584017504816383,-1.5199280235509385,-0.2548748910795176,0.242951099867885,0.19254351001593262,-0.19152255347857916,0.23529411764705882,0.12494721391656685,40.0477094033263,4.974234709576656,0.0275329773460309,1520,0.17784711718083956,-0.09898309241613296,0.06992802506980178,"[0.34, -0.57, -1.52, 0.06]","['net_sharpe', 'dbl_sharpe', 'tri_sharpe', 'ret_1x', 'ret_2x', 'pos_folds', 'turnover', 'gross_edge', 'short_pnl']",2,21,2,15,0.3,13
-34.27593349042883,-12.413278959627585,0.3621572834214378,-0.27229014275520524,-0.5001028212945247,-0.7262139866521836,-0.9834841989546367,-0.609712727607472,0.2841367243576819,0.24488527960944428,-0.25640862535512027,0.4117647058823529,0.13309904153365207,40.63221622136603,-1.5369570350835253,0.027610618224339776,1518,0.2919042918336305,-0.3166276363479345,0.09065193617829616,"[-0.42, 0.26, -0.79, -0.98]","['net_sharpe', 'dbl_sharpe', 'tri_sharpe', 'ret_1x', 'ret_2x', 'pos_folds', 'turnover', 'gross_edge', 'short_pnl']",2,21,2,15,0.3,14
-1.577551430254018,-0.991629821087885,0.6285879509666524,0.28414979552949415,0.07663295978490298,-0.13077230104390772,-0.4488243118841665,0.10516090733797753,0.1837851956852311,0.16623624734162756,0.008101004503618224,0.7058823529411765,0.13058531813906293,36.077805108456566,17.585429450256168,0.026023213883381663,1205,0.4053495690765397,-0.15417939335674097,0.08410284441109196,"[0.31, -0.1, -0.45, 0.4]","['net_sharpe', 'dbl_sharpe', 'tri_sharpe', 'pos_folds', 'turnover', 'gross_edge', 'short_pnl']",2,21,2,15,0.45,0
-36.51958013333509,-14.83186292109361,0.4061345411678235,-0.05191350723903569,-0.26629025813010304,-0.4790153374333007,-1.6142313478940584,-0.6303576317101295,0.32414229372045733,0.27258153781580674,-0.13454531373641151,0.5882352941176471,0.13330407143199804,38.208997510773386,5.657690757838959,0.027760023300282866,1236,0.2691273736609441,-0.18354588597329297,0.07322505474928617,"[0.15, -1.41, -1.61, 1.47]","['net_sharpe', 'dbl_sharpe', 'tri_sharpe', 'ret_1x', 'ret_2x', 'pos_folds', 'turnover', 'gross_edge', 'short_pnl']",2,21,2,15,0.45,1
28.522890625175304,24.574273056617738,0.8615632047800801,0.6928925126839145,0.4892558621135782,0.2862703531587719,0.18010559582775737,0.2708400763945592,0.14168042167879102,0.11721393030065352,0.41507887016990186,0.6470588235294118,0.13536554672743922,36.590701707763145,32.77289461478068,0.02617913078428416,1291,0.590367864762577,-0.11562273056480193,0.053941618573884166,"[1.04, 0.26, 0.28, 0.18]","['net_sharpe', 'dbl_sharpe', 'turnover', 'gross_edge', 'short_pnl']",2,21,2,15,0.45,2
9.752084138023418,8.36478823904999,0.8577436495277604,0.7781108569610362,0.5745548642829846,0.3716773199750349,-0.298659428987961,0.3051157141720291,0.17148350785557143,0.1563662000763203,0.39898265397229105,0.5882352941176471,0.12940985898079793,34.902603004634756,36.298653047132504,0.025423942736902,1143,0.5048490879988815,-0.0032886074151347727,0.056939252642681876,"[0.77, -0.3, -0.16, 1.69]","['net_sharpe', 'pos_folds', 'turnover', 'gross_edge', 'short_pnl']",2,21,2,15,0.45,3
-28.60196344491564,-11.960503313264253,0.41817070832563363,0.02097595983937257,-0.17359727979004175,-0.3672493587993973,-0.9932891413625484,-0.1987117147718105,0.29783610193587684,0.2725685536737614,-0.11365183355502906,0.5294117647058824,0.14031944038653338,36.45901077706177,8.067720913993018,0.027742103748344942,1182,0.5780713719012369,-0.46162372154009457,0.05117024928840112,"[0.12, 0.75, -0.99, -0.51]","['net_sharpe', 'dbl_sharpe', 'tri_sharpe', 'ret_1x', 'ret_2x', 'pos_folds', 'turnover', 'gross_edge', 'short_pnl']",2,21,2,15,0.45,4
36.96494662208923,32.265254857511565,0.8728608534830331,0.9292417420074727,0.682178776822946,0.4365769197547075,0.17504671132582672,0.7263202729474583,0.17896579928067013,0.15805240008292953,0.4314954378393124,0.7058823529411765,0.11894456001071332,38.80244525837074,35.97155622457042,0.028087417139217072,1248,0.7290643576556634,-0.17648672118332848,0.029226253301164448,"[0.8, 0.18, 1.19, 0.65]","['turnover', 'gross_edge', 'short_pnl']",2,21,2,15,0.45,5
-23.116593932340155,-11.669639733766832,0.5048165732340432,0.07294370449643289,-0.14648591485541268,-0.3657992483618268,-0.7941277996635505,-0.001763755822536052,0.25058461900403495,0.20604620811249186,-0.10154884221188273,0.4117647058823529,0.12365233424696646,36.128432736097956,9.99625856797089,0.028824479567537295,1121,0.2926725689896905,-0.14969708148622138,0.0391095584074054,"[0.09, 0.29, -0.1, -0.79]","['net_sharpe', 'dbl_sharpe', 'tri_sharpe', 'ret_2x', 'pos_folds', 'turnover', 'gross_edge', 'short_pnl']",2,21,2,15,0.45,6
-24.193240504577986,-12.522443732056749,0.5176009278164775,0.15335609872025613,-0.06538120399242243,-0.2843987436940593,-0.6346632524796726,-0.132867075658743,0.30029617582452406,0.2614124748338589,-0.05213965792338624,0.47058823529411764,0.12410573877635628,36.19298165422169,12.726781508643503,0.028197009085721144,1128,0.19145248759113356,-0.009097379328625588,0.03231245809457954,"[0.45, -0.53, -0.63, 0.27]","['net_sharpe', 'dbl_sharpe', 'tri_sharpe', 'ret_2x', 'pos_folds', 'turnover', 'gross_edge', 'short_pnl']",2,21,2,15,0.45,7
3.429425429758979,2.8944035290575356,0.8439908049731104,0.507141627519773,0.28399321147690143,0.06014211236084037,-0.04571761567631305,0.1841815426004389,0.21501552946244995,0.1903359997741232,0.13162214417286738,0.47058823529411764,0.12647166672974042,37.69473151088455,24.443584042625265,0.027181092326819,1179,0.13643018771899632,0.22834099526866766,0.049360979097912275,"[0.38, 0.76, -0.01, -0.05]","['net_sharpe', 'dbl_sharpe', 'pos_folds', 'turnover', 'gross_edge']",2,21,2,15,0.45,8
-37.26322068136113,-14.017336485686842,0.3761708255319498,-0.14243388998178752,-0.3654467894916159,-0.5871126446493267,-1.3248431978631823,-0.35900331264272334,0.34536914634177895,0.2996806478066396,-0.15351420995491732,0.4117647058823529,0.1265238589541326,37.72861966749908,2.641287411279081,0.02922020719249353,1241,0.07035208825957967,-0.030900766284359393,0.04066420184605818,"[-0.61, -1.32, 0.61, -0.11]","['net_sharpe', 'dbl_sharpe', 'tri_sharpe', 'ret_1x', 'ret_2x', 'pos_folds', 'turnover', 'gross_edge', 'short_pnl']",2,21,2,15,0.45,9
-41.26676638339613,-14.039713393118427,0.3402184039010958,-0.38035493413599847,-0.6100568344600089,-0.8387038691380304,-1.4957581315955981,-0.3403381572027158,0.367054303829519,0.30262820636016485,-0.22655199949473864,0.23529411764705882,0.128599606630362,39.42901873214387,-4.829265952704536,0.028026731469791205,1484,-0.18673619714986342,0.1113534301379743,0.06490190560142862,"[-1.5, -0.6, -0.02, -0.08]","['net_sharpe', 'dbl_sharpe', 'tri_sharpe', 'ret_1x', 'ret_2x', 'pos_folds', 'turnover', 'gross_edge', 'long_pnl']",2,21,2,15,0.45,10
-19.740094093477005,-14.309317197577506,0.7248859670991099,0.3309616289117303,0.08056788441990077,-0.16900883372193914,-1.0321129053587135,0.2107268695294196,0.22498095456782052,0.186400655633001,0.011184778078164022,0.29411764705882354,0.11888943522887524,39.686703379797756,17.44591610003498,0.028759875031107354,1278,0.22384526627547635,0.05025773285235609,0.05121288175033726,"[0.37, 0.69, -1.03, 0.05]","['net_sharpe', 'dbl_sharpe', 'tri_sharpe', 'turnover', 'gross_edge']",2,21,2,15,0.45,11
-23.549394801411562,-9.272487695508222,0.3937463265490128,0.03247505650261461,-0.1996888738323246,-0.43032706182299313,-0.7051490839158486,-0.20265095972403732,0.2282232737393859,0.17286399162437227,-0.1325148248784161,0.35294117647058826,0.11832773348415833,36.73136725573933,8.561191256205504,0.028807757353690844,1181,0.12537828748009888,-0.000884902286220457,0.0683463400625765,"[0.25, -0.71, -0.12, -0.29]","['net_sharpe', 'dbl_sharpe', 'tri_sharpe', 'ret_1x', 'ret_2x', 'pos_folds', 'turnover', 'gross_edge', 'short_pnl']",2,21,2,15,0.45,12
-17.12456287097432,-9.447964513458162,0.5517200400760134,0.2336321427057088,0.004974307881656409,-0.22353831193064114,-1.1213741338780965,0.19231261149009302,0.19340858190840482,0.1513038297506023,-0.03609200157106967,0.35294117647058826,0.1235280148263997,37.65708602976834,15.06620672133835,0.02813796105060548,1235,0.28670077855274334,-0.062092574545635604,0.08017089906574779,"[0.33, 0.05, -1.12, 0.5]","['net_sharpe', 'dbl_sharpe', 'tri_sharpe', 'ret_2x', 'turnover', 'gross_edge', 'short_pnl']",2,21,2,15,0.45,13
-11.99594608066509,-8.388318805685175,0.6992627967214157,0.28332427639014174,0.06659639888213786,-0.1492380743097312,-0.8436911677937984,0.10864678544329417,0.1965775600644325,0.18055996532168261,0.0012805697786562288,0.5882352941176471,0.12969428854300438,37.45359810904401,17.381818872861757,0.02747764344292946,1222,0.15775651345163927,0.09997275955843768,0.06414335501202897,"[0.46, -0.24, -0.84, 0.74]","['net_sharpe', 'dbl_sharpe', 'tri_sharpe', 'pos_folds', 'turnover', 'gross_edge']",2,21,2,15,0.45,14
-2.6684097645398497,-1.7919050866149984,0.6715254570071628,0.2682584009066236,0.0877967025639556,-0.09265212497528547,-0.7267462520906738,0.16362259177025767,0.14758941553462634,0.1366394052111427,0.021173986438158408,0.5882352941176471,0.1290885805758384,31.055915060232337,18.446045489648757,0.026834013830706098,882,0.436680217486337,-0.2098909030535245,0.10144449124554378,"[0.65, 0.11, -0.73, 0.22]","['net_sharpe', 'dbl_sharpe', 'tri_sharpe', 'turnover', 'gross_edge', 'short_pnl']",2,21,2,15,0.6,0
-35.674838319343934,-15.01690892864346,0.42093838784129417,-0.011927086885372879,-0.21024003981292883,-0.40740510933682483,-1.8261602791298905,-0.20464234236255846,0.33340895058271525,0.300362765479846,-0.10539599147637663,0.5294117647058824,0.12950786396812555,34.26179512964166,7.040167218232982,0.02814784708500365,982,0.34730621042168436,-0.251813972562985,0.024796064691066478,"[0.59, -1.83, -1.0, 1.28]","['net_sharpe', 'dbl_sharpe', 'tri_sharpe', 'ret_1x', 'ret_2x', 'pos_folds', 'turnover', 'gross_edge', 'short_pnl']",2,21,2,15,0.6,1
3.4233739878814946,2.848253982189372,0.8320019934345452,0.5012317575227596,0.33357446860677087,0.166664874969196,-0.5434630634928281,0.5300403430427122,0.20709802882287798,0.19463053064072855,0.17833720181160942,0.5882352941176471,0.13653542590046255,30.40018021533784,29.533779565824393,0.025691824538912618,983,0.4733765214108645,-0.11793335437157049,0.038821547908088505,"[0.89, 0.5, 0.56, -0.54]","['net_sharpe', 'dbl_sharpe', 'turnover', 'gross_edge', 'short_pnl']",2,21,2,15,0.6,2
16.20277142231119,15.569264049386998,0.9609012954381462,0.7026890431913994,0.5107793640677178,0.3192388359206816,-0.4462075442062183,0.5771390053368052,0.15785508915606272,0.14526611146349777,0.3643228278141581,0.6470588235294118,0.1243343142613887,31.645225576897065,35.16658239130135,0.026645282513948827,876,0.3207984377847716,0.1197699608514288,0.053553055805614536,"[1.05, -0.45, 0.1, 1.22]","['net_sharpe', 'turnover', 'gross_edge']",2,21,2,15,0.6,3
-14.241420823065257,-11.490892684313748,0.8068642045675118,0.47342507444161525,0.2846793415389753,0.0965206178519502,-0.8003711950821384,0.173539627215494,0.2332040368067837,0.2268314512353331,0.125604793423582,0.5294117647058824,0.13219346659711534,33.20779291471983,26.256253993459122,0.028047701277581008,897,0.620988210085945,-0.2758065129617244,0.057223811172750286,"[1.67, 0.21, 0.14, -0.8]","['net_sharpe', 'dbl_sharpe', 'turnover', 'gross_edge', 'short_pnl']",2,21,2,15,0.6,4
10.113741927067892,8.671784209347695,0.857425893589294,0.6269973933443478,0.43545839860184404,0.24499687039349966,-1.1039236835056898,0.7981416074469119,0.16636559434707887,0.15341698021675543,0.2947796162190437,0.5882352941176471,0.1284809721682183,32.644429471704846,31.90601026579572,0.027869590020543712,922,0.839764237390742,-0.42742319350953645,0.015478838540937661,"[0.67, -1.1, 1.08, 0.92]","['net_sharpe', 'dbl_sharpe', 'turnover', 'gross_edge', 'short_pnl']",2,21,2,15,0.6,5
-30.241411224531145,-12.152379389596053,0.40184564468136724,-0.05942290960714444,-0.24520361077872524,-0.4309576879282657,-0.8610762713385606,-0.23588340192338794,0.307461899265554,0.25749292018992775,-0.12196891074352531,0.4117647058823529,0.1244359216089906,30.75186388937861,4.829384123983379,0.02940268100195126,837,0.26969203274732434,-0.21089733304961744,0.031134585022882497,"[0.15, -0.86, -0.34, -0.13]","['net_sharpe', 'dbl_sharpe', 'tri_sharpe', 'ret_1x', 'ret_2x', 'pos_folds', 'turnover', 'gross_edge', 'short_pnl']",2,21,2,15,0.6,6
-28.303125839624958,-11.70359452689451,0.41350890333495377,0.05632494030564542,-0.14252014233199242,-0.34169035896798655,-0.7474914926169139,-0.23950114180572604,0.303482202491964,0.2637078024456644,-0.07890441029926411,0.4117647058823529,0.11988512448739141,31.744175152337423,9.66572962930023,0.028449067083620855,869,0.2417454283163801,-0.12027413031543599,0.0279607338444387,"[0.49, -0.47, -0.75, -0.01]","['net_sharpe', 'dbl_sharpe', 'tri_sharpe', 'ret_1x', 'ret_2x', 'pos_folds', 'turnover', 'gross_edge', 'short_pnl']",2,21,2,15,0.6,7
-11.35738343804481,-7.428348768608034,0.6540545900497338,0.2350712978788268,0.03687699911222107,-0.1615232917997228,-0.21880854418855933,0.09769887474024967,0.2732296623383882,0.2428095437877228,-0.010355208445159445,0.35294117647058826,0.1206680639263396,31.881773414002367,16.41549946534634,0.027765170865951205,887,0.09492524927717892,0.11226606955953931,0.04266873491112041,"[-0.22, 0.18, 0.02, 0.25]","['net_sharpe', 'dbl_sharpe', 'tri_sharpe', 'ret_2x', 'turnover', 'gross_edge']",2,21,2,15,0.6,8
-38.00486890793832,-15.122773679092068,0.39791674366052815,-0.3064079634064903,-0.48263108949307804,-0.6578360540825592,-1.2117277867216836,-0.8823684999141652,0.3201871321868516,0.2912700620294506,-0.2029704665566387,0.47058823529411764,0.12298650332121108,29.010391643661688,-5.497678206979265,0.02733497905316645,908,0.02589205511674722,-0.08903253675718484,0.026843213196156297,"[-0.79, -1.21, 1.04, -0.98]","['net_sharpe', 'dbl_sharpe', 'tri_sharpe', 'ret_1x', 'ret_2x', 'pos_folds', 'turnover', 'gross_edge', 'short_pnl']",2,21,2,15,0.6,9
-52.950711006394656,-16.01992099879169,0.3025440205487897,-1.0469989928616483,-1.2345961242734653,-1.420888190769472,-2.628775608876679,-0.948431831676971,0.571897850429884,0.5341329724380957,-0.2915402071908588,0.29411764705882354,0.13954725738125037,35.006526654976675,-34.112151283317516,0.029207482193580096,1099,-0.32962331483244506,-0.14312840117122155,0.05867224304698173,"[-2.63, -1.66, -0.23, 0.26]","['net_sharpe', 'dbl_sharpe', 'tri_sharpe', 'ret_1x', 'ret_2x', 'pos_folds', 'turnover', 'gross_edge', 'long_pnl', 'short_pnl']",2,21,2,15,0.6,10
-33.13554241243771,-11.926624045173691,0.35993447449035665,-0.1266564531862573,-0.34826480694115874,-0.5683416902990963,-1.0313353115452244,-0.22752767870053697,0.29859180208429514,0.2583426695053027,-0.15795419853547063,0.29411764705882354,0.11825103732838309,35.09399083877887,3.316312077031648,0.02968974494091663,978,0.10751528176589664,-0.0614405162688893,0.04893919844086309,"[-0.03, -0.07, -1.03, -0.39]","['net_sharpe', 'dbl_sharpe', 'tri_sharpe', 'ret_1x', 'ret_2x', 'pos_folds', 'turnover', 'gross_edge', 'short_pnl']",2,21,2,15,0.6,11
-26.729484328211246,-11.49811606418148,0.4301660265120027,-0.04783766370870539,-0.23625818460499412,-0.4236507484941751,-1.0649020807589131,-0.2037476134280805,0.21117142338692685,0.19024135783650953,-0.16650176439269876,0.29411764705882354,0.12046922934446912,30.353758874722818,5.585681319131253,0.028207195721847617,871,0.09640201795602557,-0.029280214516909597,0.07207735679026282,"[0.19, -1.06, 0.48, -0.59]","['net_sharpe', 'dbl_sharpe', 'tri_sharpe', 'ret_1x', 'ret_2x', 'pos_folds', 'turnover', 'gross_edge', 'short_pnl']",2,21,2,15,0.6,12
-20.814729014226884,-15.05727100859047,0.7233950054453658,0.3057538585973225,0.10884847541787696,-0.08792963722289163,-0.7733069804296329,-0.007341507567407618,0.2246365112241573,0.18117269200844288,0.025750078092806567,0.29411764705882354,0.12739743633316056,33.44741256392851,19.019025303912958,0.027254687694211615,976,0.19192439699672134,0.05991621495696395,0.08837262596394348,"[0.18, -0.2, -0.77, 1.03]","['net_sharpe', 'dbl_sharpe', 'tri_sharpe', 'pos_folds', 'turnover', 'gross_edge']",2,21,2,15,0.6,13
-12.25363693591828,-4.635616156009873,0.3783053292873234,0.019592010968026555,-0.1748278901727396,-0.368150942083792,-0.42830703429195877,-0.16539466552888782,0.18933346662278228,0.17840319082838096,-0.15751429058983613,0.47058823529411764,0.12690336452838846,32.95988301420543,8.474983503735528,0.027908095111324478,902,0.23642078933377142,-0.12583495325706134,0.07479149807329943,"[-0.07, -0.03, -0.26, -0.43]","['net_sharpe', 'dbl_sharpe', 'tri_sharpe', 'ret_1x', 'ret_2x', 'pos_folds', 'turnover', 'gross_edge', 'short_pnl']",2,21,2,15,0.6,14
-39.37542740835966,-13.620825047861393,0.34592196058218794,-0.38206101518694663,-0.6650145255187861,-0.9468217029799595,-1.4190310066772973,-0.6280379828590053,0.2951183969457448,0.19614863923718062,-0.2864933803219448,0.35294117647058826,0.12148040085917965,45.90869614412226,-2.668230257498446,0.03590756910085255,1267,0.1361900467135696,-0.18468463157211773,0.0400082085675693,"[-0.42, -1.42, 0.28, -0.84]","['net_sharpe', 'dbl_sharpe', 'tri_sharpe', 'ret_1x', 'ret_2x', 'pos_folds', 'turnover', 'gross_edge', 'short_pnl']",3,15,1,9,0.3,0
-38.492731752912434,-17.128950051586514,0.44499180160915713,-0.21910871176339783,-0.5279231757301858,-0.835157689117575,-2.048667743999389,-0.1575877462454396,0.31808979463407794,0.27182519028324625,-0.20928090924942733,0.4117647058823529,0.11720406764629623,48.37974455474608,2.1366614576887963,0.03579388049200287,1339,0.018448031422052084,0.022475609901419252,0.0630692967073908,"[0.32, 0.11, -0.42, -2.05]","['net_sharpe', 'dbl_sharpe', 'tri_sharpe', 'ret_1x', 'ret_2x', 'pos_folds', 'turnover', 'gross_edge']",3,15,1,9,0.3,1
-46.61450534101544,-15.538168447005145,0.3333333333333333,-0.5018431164911653,-0.8371399723479103,-1.1706168249704576,-2.037015241544289,-0.9572037354821805,0.3302702703021141,0.22155105401915176,-0.2908755874701858,0.23529411764705882,0.11286033365582752,50.583443180984204,-3.802834271015788,0.038163836273753166,1335,0.05087289461197381,-0.12702655271932584,0.05781634779461883,"[-0.72, -1.19, 0.79, -2.04]","['net_sharpe', 'dbl_sharpe', 'tri_sharpe', 'ret_1x', 'ret_2x', 'pos_folds', 'turnover', 'gross_edge', 'short_pnl']",3,15,1,9,0.3,2
-30.40800839783748,-10.63346861925205,0.3496930308664433,0.016216997638989292,-0.31243018652453397,-0.638667751024435,-1.186806896313857,-0.5284227777469401,0.24721421162381862,0.21157282764926055,-0.1729613841538215,0.5294117647058824,0.11732886716678266,51.5572823796207,7.696192835267711,0.037881398684818816,1302,0.2684015993308082,-0.11131434793771469,0.030298728527901702,"[-1.01, 1.34, -0.05, -1.19]","['net_sharpe', 'dbl_sharpe', 'tri_sharpe', 'ret_1x', 'ret_2x', 'pos_folds', 'turnover', 'gross_edge', 'short_pnl']",3,15,1,9,0.3,3
-24.77895292597348,-18.739845707241102,0.756280774382434,0.5966145763552622,0.26538461357589543,-0.06420604405005251,-2.3642643671894072,0.30271932339613966,0.2531606414790656,0.20576731537957382,0.09392746904502486,0.4117647058823529,0.11188719541326786,49.33013249127054,21.132716761063783,0.036227524868786914,1280,0.3641747124929484,0.04853301137303728,0.04146410672920719,"[0.55, 1.97, -2.36, 0.06]","['net_sharpe', 'dbl_sharpe', 'tri_sharpe', 'turnover', 'gross_edge']",3,15,1,9,0.3,4
37.20311760218866,34.466420884988175,0.926439048832846,1.025137989246355,0.7271492466115871,0.4297041470721862,0.09921286891892683,0.705455037491988,0.13144109999179565,0.10536906796323564,0.6021895382225442,0.47058823529411764,0.11337438077933468,44.89007517482592,33.57242567280138,0.032611629599476125,1260,0.42739542705629324,0.1692386247809758,0.03130022611413747,"[1.33, 0.48, 0.1, 0.93]","['turnover', 'gross_edge']",3,15,1,9,0.3,5
3.022901474135032,2.182323085002512,0.7219299417050826,0.44811871306877926,0.18879970181108727,-0.07064661678858786,-0.40663014593859753,0.10708955752429238,0.13634893794749903,0.10951974888072447,0.11722266711344952,0.5294117647058824,0.12499958386394328,43.21185295410114,20.365955948212186,0.03335966662411235,1276,0.33228025497915936,0.016123375815925024,0.04081306818053279,"[0.38, -0.41, 0.93, -0.17]","['net_sharpe', 'dbl_sharpe', 'tri_sharpe', 'pos_folds', 'turnover', 'gross_edge']",3,15,1,9,0.3,6
-11.617477915888678,-5.622033297295268,0.48392889902603364,0.25228263258988265,-0.0185225344359447,-0.29050502909302905,-0.4035792746699666,-0.14715488283183523,0.18472485990978949,0.14499942029894397,-0.04985205110212291,0.35294117647058826,0.11922193541143505,42.98440428045148,14.47060937943238,0.03257855240408816,1291,0.32605368617367325,-0.0798056843055167,0.05242775941836032,"[-0.1, -0.2, 0.79, -0.4]","['net_sharpe', 'dbl_sharpe', 'tri_sharpe', 'ret_2x', 'pos_folds', 'turnover', 'gross_edge', 'short_pnl']",3,15,1,9,0.3,7
-21.341255130646193,-8.180158537736288,0.38330259807397754,-0.011077942007881042,-0.29258535466350966,-0.5742037546467208,-1.119044089006796,-0.044979055385230185,0.2040344908752577,0.1591215592688512,-0.21105315944466016,0.5294117647058824,0.1241686945927355,46.51434914988152,7.073642971612084,0.03373307811563828,1353,0.42599228534721295,-0.29573408699847853,0.03810593465124018,"[-0.1, 0.09, 0.01, -1.12]","['net_sharpe', 'dbl_sharpe', 'tri_sharpe', 'ret_1x', 'ret_2x', 'pos_folds', 'turnover', 'gross_edge', 'short_pnl']",3,15,1,9,0.3,8
-40.37743394891509,-13.699908254606273,0.3392961591353028,-0.5118736630158048,-0.7555228090729038,-0.9976815072522404,-1.3045704827955824,-0.6978958576457931,0.32581906982200926,0.2434147520966896,-0.2909256419381238,0.35294117647058826,0.12163885762868162,39.72874828102659,-8.271676035656235,0.03549864267102387,1031,0.18318160986813775,-0.31328043704474773,0.03798526004504422,"[-0.41, -1.3, -0.06, -0.99]","['net_sharpe', 'dbl_sharpe', 'tri_sharpe', 'ret_1x', 'ret_2x', 'pos_folds', 'turnover', 'gross_edge', 'short_pnl']",3,15,1,9,0.45,0
-37.485405133082295,-14.65333221602709,0.39090766563691126,-0.19483529207468653,-0.45658495526240095,-0.7176136837982166,-1.773771854399298,-0.1744258927658709,0.30396507174762155,0.24533711161763405,-0.1922000677828343,0.35294117647058826,0.11678565847780586,40.773395946860695,1.8427529795042867,0.03479716524392196,1051,0.1765436064862782,-0.1467982629326423,0.05649598636282194,"[0.01, 0.32, -0.36, -1.77]","['net_sharpe', 'dbl_sharpe', 'tri_sharpe', 'ret_1x', 'ret_2x', 'pos_folds', 'turnover', 'gross_edge', 'short_pnl']",3,15,1,9,0.45,1
-48.813086303754105,-17.128349226748824,0.3508966657048178,-0.7426503340267951,-1.0326612268803934,-1.3207150845226359,-2.26126833050278,-0.9398552492418584,0.38978876057168843,0.3037947389431198,-0.3002553839966235,0.29411764705882354,0.11400511367398213,44.29191697926753,-11.772447327542583,0.03873991513983017,1075,0.07158808004352848,-0.2780149444899358,0.05600036034841466,"[-0.56, -1.32, 0.1, -2.26]","['net_sharpe', 'dbl_sharpe', 'tri_sharpe', 'ret_1x', 'ret_2x', 'pos_folds', 'turnover', 'gross_edge', 'short_pnl']",3,15,1,9,0.45,2
-38.21568573233497,-13.374540091208953,0.34997514331903035,-0.28196263646289726,-0.5756308752228514,-0.8667616331442227,-1.724788851094535,-0.5783748352977487,0.3114629111126175,0.23726801319056023,-0.22317819328745198,0.5294117647058824,0.11346987321496442,44.703340222763465,0.17908554898398338,0.03801128997340356,1055,0.04000885721582649,-0.0368394685540647,0.027518450350530407,"[-1.05, 0.91, -0.11, -1.72]","['net_sharpe', 'dbl_sharpe', 'tri_sharpe', 'ret_1x', 'ret_2x', 'pos_folds', 'turnover', 'gross_edge', 'short_pnl']",3,15,1,9,0.45,3
-5.897782241159494,-5.449343024670425,0.9239647721546079,0.8325093934112575,0.545199501441914,0.2587541479857222,-1.704746906289362,0.6916945006108035,0.22677905539659393,0.16983453706040375,0.250469138933214,0.5294117647058824,0.11270352408843186,43.02290442411357,29.298328598977875,0.03654800453546562,998,0.2391981508134787,0.2598213919645055,0.04256240579860663,"[0.43, 0.95, -1.7, 1.7]","['turnover', 'gross_edge']",3,15,1,9,0.45,4
-22.256910478082396,-15.56058542470014,0.6991350142699951,0.37087416718964955,0.081069049453442,-0.20793101451003443,-0.8406991167362138,0.02462713154606047,0.2418849906552103,0.18587802696918732,0.012387942419613156,0.35294117647058826,0.10574730620104532,40.83541539907675,17.19097307649578,0.035572776632612726,988,0.20129548455762572,0.07661979244825289,0.03932569248713541,"[0.26, -0.21, -0.84, 0.95]","['net_sharpe', 'dbl_sharpe', 'tri_sharpe', 'pos_folds', 'turnover', 'gross_edge']",3,15,1,9,0.45,5
-19.984684104882096,-11.95520230446067,0.5982182276046141,0.22845968613062026,-0.014456477841995134,-0.25759440201145267,-1.0117361290901685,-0.10090775509916589,0.18002408259861813,0.15665923007247617,-0.04814454180075092,0.29411764705882354,0.11889134261981256,38.48588258861687,14.561239522988645,0.03444317887814099,992,0.1537550437299904,0.06810279556733745,0.03891444445973308,"[0.6, -1.01, 0.96, -0.8]","['net_sharpe', 'dbl_sharpe', 'tri_sharpe', 'ret_2x', 'pos_folds', 'turnover', 'gross_edge']",3,15,1,9,0.45,6
7.773296557534561,5.878262849165682,0.7562123489895615,0.4938686833868706,0.2528118469092151,0.010592436473369658,-0.14961849527874563,0.036027597516283746,0.147509658677904,0.12734453413815727,0.15750768129309314,0.5294117647058824,0.11878886056785332,38.22877059206094,22.811405833122024,0.03159850368094505,1069,0.5793681358182575,-0.23413111097195377,0.05487962845254806,"[-0.0, 0.08, 1.32, -0.15]","['net_sharpe', 'dbl_sharpe', 'pos_folds', 'turnover', 'gross_edge', 'short_pnl']",3,15,1,9,0.45,7
-27.32508388599526,-10.906708754245459,0.3991463960275489,-0.0413534684569404,-0.2885043709882053,-0.5357185699155835,-1.2452072186271232,-0.06386982016033457,0.2584070713933996,0.19541360565836208,-0.1645633399794694,0.5294117647058824,0.12397166080050454,40.76669881413706,6.116177370278067,0.03357160432353477,1071,0.4803710647097409,-0.3816611903862308,0.03416697248832512,"[0.22, 0.05, -0.18, -1.25]","['net_sharpe', 'dbl_sharpe', 'tri_sharpe', 'ret_1x', 'ret_2x', 'pos_folds', 'turnover', 'gross_edge', 'short_pnl']",3,15,1,9,0.45,8
-37.826733743644496,-13.829994126251243,0.3656142827445393,-0.528050972363196,-0.7277024605598787,-0.9257424729040237,-1.1596477901781,-0.6124525409032026,0.3036252122509563,0.2359010216602947,-0.2876995164835535,0.35294117647058826,0.11590694930981459,31.17535810802474,-12.095498339128085,0.03413822247192426,760,0.16671329258714243,-0.3159962395060606,0.041945945373453454,"[-0.6, -1.16, -0.46, -0.62]","['net_sharpe', 'dbl_sharpe', 'tri_sharpe', 'ret_1x', 'ret_2x', 'pos_folds', 'turnover', 'gross_edge', 'short_pnl']",3,15,1,9,0.6,0
-41.97028203989247,-12.832489696487212,0.3057518099185042,-0.4211958717998754,-0.6589789490995619,-0.8960422058993561,-1.7570824936703409,-0.5697887258294709,0.33036140759777444,0.2821362074548923,-0.22265435570760522,0.35294117647058826,0.10715121284658737,33.96399510981947,-5.88533660766183,0.036630280621709164,776,-0.06135871679913149,-0.01777563682730071,0.041969113190443635,"[0.06, -0.1, -1.04, -1.76]","['net_sharpe', 'dbl_sharpe', 'tri_sharpe', 'ret_1x', 'ret_2x', 'pos_folds', 'turnover', 'gross_edge', 'long_pnl', 'short_pnl']",3,15,1,9,0.6,1
-44.99032937294845,-17.06469896990743,0.37929704467040426,-0.577579606166081,-0.8155806304559298,-1.0523497376076056,-2.303906762061401,-0.6222354151886749,0.3180698843694889,0.24396526074615232,-0.2879820040792778,0.29411764705882354,0.11018995581811032,35.061793815451935,-10.818715152918232,0.037261388887788634,802,0.020725028949185126,-0.17089558901970625,0.0470670530888129,"[-0.69, -0.56, 0.41, -2.3]","['net_sharpe', 'dbl_sharpe', 'tri_sharpe', 'ret_1x', 'ret_2x', 'pos_folds', 'turnover', 'gross_edge', 'short_pnl']",3,15,1,9,0.6,2
-39.24304522401753,-11.620617583585089,0.29611915989824966,-0.38541515606795024,-0.6384365215232537,-0.8894441191608874,-1.7490515101556277,-0.4084386619895377,0.33300815436755493,0.264094675880703,-0.2196935909142038,0.47058823529411764,0.10923537797775917,37.094606366402196,-4.080902816565788,0.03872415508400591,796,-0.02845925069985944,-0.031470435273311004,0.023242328797606945,"[-0.75, 0.33, -0.07, -1.75]","['net_sharpe', 'dbl_sharpe', 'tri_sharpe', 'ret_1x', 'ret_2x', 'pos_folds', 'turnover', 'gross_edge', 'long_pnl', 'short_pnl']",3,15,1,9,0.6,3
-31.011495366341155,-23.030905507054854,0.7426570449115405,0.4246943571585989,0.17676012900815014,-0.07044360095834766,-2.3388300208081083,0.015694058840112428,0.26258327473551757,0.22252810087725072,0.050662637161275906,0.47058823529411764,0.10654798812939412,35.1778263717194,20.423990703503495,0.036374385961172755,779,0.10886644916085042,0.17556956734462503,0.042656813190383856,"[-0.02, 0.05, -2.34, 1.77]","['net_sharpe', 'dbl_sharpe', 'tri_sharpe', 'pos_folds', 'turnover', 'gross_edge']",3,15,1,9,0.6,4
-22.699540838621832,-16.83482706733711,0.7416373391436057,0.42256451659928523,0.17044315538193736,-0.08115191741141359,-0.8136978494844141,0.028250916633840994,0.26834011741339847,0.2286818688437634,0.04628619925422237,0.4117647058823529,0.10404187422494346,34.95709054398849,20.152416297870623,0.03483892847255011,802,0.22358142273843193,0.05531143220429528,0.0412298358488751,"[1.08, -0.45, -0.81, 0.5]","['net_sharpe', 'dbl_sharpe', 'tri_sharpe', 'pos_folds', 'turnover', 'gross_edge']",3,15,1,9,0.6,5
-20.585012375309073,-15.107975594384211,0.7339308482760809,0.3202497868434649,0.12007010094403105,-0.08026945275918573,-1.4804800354602605,0.19554687325514875,0.20158763960803938,0.18140655871409517,0.03636717711333362,0.29411764705882354,0.11751329156115735,31.358972295070725,19.533632691312853,0.03356453653470835,749,0.12350439089475523,0.11900011979895922,0.03468126232028441,"[0.96, -1.48, 1.05, -0.57]","['net_sharpe', 'dbl_sharpe', 'tri_sharpe', 'pos_folds', 'turnover', 'gross_edge']",3,15,1,9,0.6,6
-17.699498774408557,-8.804582943264663,0.497448151243417,0.11874540560571563,-0.10199081300619128,-0.3232634432927479,-0.892270511479047,-0.25656857058142635,0.16553329316926757,0.13502288512623095,-0.10438263130818959,0.4117647058823529,0.11112786558908407,32.648710353638954,11.640371598780053,0.03415960325689264,780,0.17731015208244327,-0.02685472483165101,0.06313634551822833,"[-0.22, -0.3, 1.22, -0.89]","['net_sharpe', 'dbl_sharpe', 'tri_sharpe', 'ret_2x', 'pos_folds', 'turnover', 'gross_edge', 'short_pnl']",3,15,1,9,0.6,7
-32.197816422622495,-11.464227442166418,0.35605605335744267,-0.28904715654933727,-0.49998532120513006,-0.7108374279956058,-1.4329220256281572,-0.2560313582483788,0.2706618677185735,0.21895639169353331,-0.24501841113386313,0.5294117647058824,0.12227852845832014,34.28178265883112,-2.9822948979330444,0.03352638177828622,811,0.3916407008138093,-0.43211589727130817,0.03639319674425526,"[-0.04, -0.47, -0.04, -1.43]","['net_sharpe', 'dbl_sharpe', 'tri_sharpe', 'ret_1x', 'ret_2x', 'pos_folds', 'turnover', 'gross_edge', 'short_pnl']",3,15,1,9,0.6,8
-24.983735026914623,-10.527465013834753,0.4213727452077788,0.032845305879963746,-0.1885401741608001,-0.4091902166072832,-1.0919151718569902,0.09824528821320573,0.26868372648905947,0.26051220266490016,-0.11197752526377201,0.47058823529411764,0.12214179364265589,36.09939069379012,8.563920657444285,0.02688019003462069,984,0.2288633167779146,-0.10647287868121649,-0.014870421034726994,"[-0.25, 0.45, 0.65, -1.09]","['net_sharpe', 'dbl_sharpe', 'tri_sharpe', 'ret_1x', 'ret_2x', 'pos_folds', 'turnover', 'gross_edge', 'short_pnl']",3,15,1,12,0.3,0
-22.859547937577364,-8.217629850103767,0.35948348027457383,-0.088589548881219,-0.3074563210177075,-0.5254144491176671,-0.884196888897561,-0.22290752455937932,0.20823651146367572,0.16219704941172497,-0.2123525641170431,0.47058823529411764,0.12245473255499362,35.8368823992821,4.270421581629729,0.02639282800834873,996,0.21919104982553111,-0.15860453715609565,0.03315806630537982,"[-0.1, -0.06, -0.88, -0.35]","['net_sharpe', 'dbl_sharpe', 'tri_sharpe', 'ret_1x', 'ret_2x', 'pos_folds', 'turnover', 'gross_edge', 'short_pnl']",3,15,1,12,0.3,1
-18.53906045416712,-13.345752737626896,0.7198721192274391,0.3944541891092258,0.1925377049658187,-0.008742746171468993,-0.4810639966635305,-0.26855544239825,0.2366043334203134,0.1841554663080338,0.07143150195155837,0.4117647058823529,0.13068562026239297,35.14184754207381,22.10139887952629,0.02518707007161803,999,0.3062676087356105,0.001214135207488698,0.02787342770398501,"[-0.28, -0.48, -0.26, 1.82]","['net_sharpe', 'dbl_sharpe', 'tri_sharpe', 'pos_folds', 'turnover', 'gross_edge']",3,15,1,12,0.3,2
-30.55099866291357,-11.771760242342587,0.3853150717666244,-0.010153249945464817,-0.23983051178274367,-0.46862974509932337,-1.0478571875819394,-0.6018331131798745,0.24584821165836834,0.18803181395280688,-0.14689998822839043,0.47058823529411764,0.12203308382185617,37.421120394333485,6.9042966162449355,0.02803417723792794,964,0.18019324633494063,-0.0779084205673438,0.03699460898601971,"[0.86, -1.05, -0.86, -0.34]","['net_sharpe', 'dbl_sharpe', 'tri_sharpe', 'ret_1x', 'ret_2x', 'pos_folds', 'turnover', 'gross_edge', 'short_pnl']",3,15,1,12,0.3,3
1.80261933764206,1.248891430171099,0.6928203886932267,0.40695175005702466,0.18036465220059852,-0.0454417480787039,-0.3144739740075856,0.09305233962649855,0.149663094209317,0.13495904234335332,0.09509239592933205,0.47058823529411764,0.11507542402925394,34.72920378728851,21.05656850124037,0.025881472147599244,980,0.3501086511370669,-0.06060275919429062,0.07830198942822206,"[0.76, 0.11, 0.07, -0.31]","['net_sharpe', 'dbl_sharpe', 'tri_sharpe', 'turnover', 'gross_edge', 'short_pnl']",3,15,1,12,0.3,4
-21.56002564607915,-9.051660121925021,0.41983531330219603,0.003410876709039692,-0.2325976416468312,-0.46839898280980546,-0.5744567648473659,-0.2636629479132225,0.21578076914419997,0.15350469387829646,-0.147364520512831,0.29411764705882354,0.11194877755498817,35.201883837819786,7.800166555534943,0.026812673904682956,948,0.11053569571704763,-0.0018318861635725214,0.07004362981735933,"[0.15, -0.55, 0.02, -0.57]","['net_sharpe', 'dbl_sharpe', 'tri_sharpe', 'ret_1x', 'ret_2x', 'pos_folds', 'turnover', 'gross_edge', 'short_pnl']",3,15,1,12,0.3,5
16.027813329600917,14.873513664966772,0.9279814631667609,0.5997875462740595,0.4010339329141565,0.20269588662942525,-0.26054915252839084,0.3439620677499032,0.14160455070662104,0.13706199209091752,0.2912014270241576,0.6470588235294118,0.1179807683714187,31.20667575480883,30.408950107574288,0.024218383154988837,909,0.25197905403085197,0.12370599954285416,0.07483528009024942,"[-0.26, 0.09, 1.27, 0.6]","['net_sharpe', 'dbl_sharpe', 'turnover', 'gross_edge']",3,15,1,12,0.3,6
-11.892507239055373,-10.236524119389093,0.8607540793224848,0.4384419152754644,0.22667992473153348,0.015228912549849797,-0.7773073883578806,0.19824285779805645,0.25600102411348935,0.23445765831512655,0.08009829011027789,0.7058823529411765,0.12248159479445231,34.55775255115157,22.828035587238734,0.02568230405460507,958,0.19452311077004916,0.11778913561381926,0.05383900977881981,"[1.23, 0.02, 0.38, -0.78]","['net_sharpe', 'dbl_sharpe', 'turnover', 'gross_edge']",3,15,1,12,0.3,7
-20.24619749121052,-13.711661218221263,0.6772462445935294,0.4367619963470915,0.21279614474764333,-0.01055070977056895,-1.1264126021281413,0.07420272726000021,0.25062714300494526,0.22900004238351335,0.07281321646297528,0.5882352941176471,0.1166801625581438,34.79082617421163,22.304911003541193,0.02606360009754512,974,0.3717163326252275,-0.06450288691354464,0.03182512809724329,"[1.7, -0.59, 0.73, -1.13]","['net_sharpe', 'dbl_sharpe', 'tri_sharpe', 'pos_folds', 'turnover', 'gross_edge', 'short_pnl']",3,15,1,12,0.3,8
31.807913535569163,30.30625390374001,0.9527897474271639,0.8481479904155891,0.6161770319418163,0.3843291778933993,0.09777485068764558,0.6548538020749965,0.15827120023411223,0.1376076135163391,0.43872756770960236,0.5294117647058824,0.1204982673036671,37.1815076465159,34.94108089655066,0.027560963644261305,978,0.38590719613199875,0.12841860828982282,0.025966657267230544,"[0.62, 0.1, 0.69, 0.94]","['turnover', 'gross_edge']",3,15,1,12,0.3,9
1.5977905679339006,1.3823677240819863,0.8651745427872458,0.48115708240527716,0.24697919630072293,0.012517687490398312,-0.018455429102427527,0.13289086729911842,0.2115570714366226,0.1863366714602892,0.10368246685401379,0.35294117647058826,0.11411696025068088,35.62884200930686,23.080719639937076,0.02655229399508703,969,0.2793539148558051,0.04620233391829156,0.016408160365220484,"[0.73, -0.02, 0.1, 0.17]","['net_sharpe', 'dbl_sharpe', 'turnover', 'gross_edge']",3,15,1,12,0.3,10
-38.93188863748913,-14.461582933310966,0.37145855080314055,-0.42278959704695884,-0.6704274295928075,-0.9165607694548337,-1.133148834733884,-0.9710778655001413,0.2993138441087301,0.21705593425726122,-0.2650114374534538,0.35294117647058826,0.11338356988442108,37.60930432231265,-5.195407734280191,0.02816640747602174,985,0.05901721122454673,-0.13637248354096418,0.028118807463717227,"[-1.13, 0.44, -1.04, -0.9]","['net_sharpe', 'dbl_sharpe', 'tri_sharpe', 'ret_1x', 'ret_2x', 'pos_folds', 'turnover', 'gross_edge', 'short_pnl']",3,15,1,12,0.3,11
-39.277555773381756,-16.482827130545573,0.4196500216471189,-0.3589622938911935,-0.5438606677490408,-0.727917772406574,-1.9108861082046296,-0.20657063561953848,0.302199197991891,0.28872045348639985,-0.23662567383336083,0.29411764705882354,0.12237978769539123,30.28040963135301,-6.867083516047875,0.026729172555258262,770,0.05463640897502378,-0.13695710956593796,-0.030272270993927246,"[0.16, -0.58, 0.75, -1.91]","['net_sharpe', 'dbl_sharpe', 'tri_sharpe', 'ret_1x', 'ret_2x', 'pos_folds', 'turnover', 'gross_edge', 'short_pnl']",3,15,1,12,0.45,0
-10.932081425711441,-5.959571834372223,0.5451452108978766,0.20626709203030535,0.017576657930553574,-0.1706022620207984,-0.8037913695045239,0.06976917092298164,0.1587310534955424,0.13771025657896419,-0.03514871389573124,0.4117647058823529,0.12473654001415653,31.418523099039586,15.358992722732951,0.02538689891475409,815,0.3956302368654594,-0.2045906002255402,0.03605171055454894,"[-0.1, 0.24, -0.8, 0.55]","['net_sharpe', 'dbl_sharpe', 'tri_sharpe', 'ret_2x', 'pos_folds', 'turnover', 'gross_edge', 'short_pnl']",3,15,1,12,0.45,1
-28.81637259444823,-15.326043781859951,0.5318519439470557,0.25100613680934164,0.05672225107385982,-0.13714024423514368,-0.8450998683609188,-0.3097518948335761,0.290686482923748,0.24779569617128094,-0.0017080694699911636,0.4117647058823529,0.12236666841085332,31.6806115121683,16.83056901222904,0.026045630908258722,802,0.2734110742175597,-0.06232123090373379,0.02929079576287773,"[-0.85, -0.6, -0.02, 1.6]","['net_sharpe', 'dbl_sharpe', 'tri_sharpe', 'ret_2x', 'pos_folds', 'turnover', 'gross_edge', 'short_pnl']",3,15,1,12,0.45,2
-34.42843874413084,-13.40907616545809,0.3894767423266904,-0.14206044845602445,-0.3439197431420465,-0.5449884646168428,-1.2234820658121803,-0.6461416812321736,0.27356607186774584,0.22891483398460388,-0.17650792213458133,0.47058823529411764,0.12200715832761985,32.89477741035426,1.8262165331124804,0.028241928342551063,775,0.135109405399451,-0.11132708614192383,0.03210925714574517,"[0.69, -1.22, -1.0, -0.29]","['net_sharpe', 'dbl_sharpe', 'tri_sharpe', 'ret_1x', 'ret_2x', 'pos_folds', 'turnover', 'gross_edge', 'short_pnl']",3,15,1,12,0.45,3
-8.556906292760525,-6.420381533864692,0.7503157466263928,0.2776143789403606,0.0801671737536818,-0.11677157789716333,-0.6300175541317298,0.15858455750254086,0.17560770155791594,0.15315209540199082,0.014863957772677499,0.4117647058823529,0.1144557616899247,30.124354742769057,18.0690629868422,0.026254954375342858,758,0.19901977985844005,0.01647083862017093,0.08166364478802735,"[0.22, -0.63, 0.1, 0.73]","['net_sharpe', 'dbl_sharpe', 'tri_sharpe', 'turnover', 'gross_edge']",3,15,1,12,0.45,4
-39.771595876975496,-14.7511273010861,0.3708960371294982,-0.36198479557323937,-0.559578571678086,-0.7569341010134538,-1.6415621432777658,-0.35263687986823644,0.31595643630515646,0.26175899352618925,-0.21099390872946938,0.29411764705882354,0.11208450502969425,29.458787932913065,-6.212560981496022,0.02754520720351031,721,0.018346670287379283,-0.09080036242578818,0.07127637915574594,"[-0.08, -1.64, -0.58, -0.13]","['net_sharpe', 'dbl_sharpe', 'tri_sharpe', 'ret_1x', 'ret_2x', 'pos_folds', 'turnover', 'gross_edge', 'short_pnl']",3,15,1,12,0.45,5
-13.566203150242671,-7.487797334914329,0.5519449511398764,0.19503727851835145,0.005890278193348881,-0.18283510920907395,-0.6255461132084086,0.03303792169360434,0.20998684120442201,0.18885589873434117,-0.027206341065010874,0.5294117647058824,0.11281686414428745,28.465510297123597,15.666438220081362,0.025220190981179454,764,-0.02080016263367379,0.19734874180996187,0.07512742550084459,"[-0.45, -0.63, 0.95, 0.52]","['net_sharpe', 'dbl_sharpe', 'tri_sharpe', 'ret_2x', 'pos_folds', 'turnover', 'gross_edge', 'long_pnl']",3,15,1,12,0.45,6
21.549584668944807,21.20908216261594,0.9841991151309952,0.7741202289952066,0.5931189112355714,0.4119086701740821,-0.21979925907606032,0.7165805644970544,0.18830908236566668,0.18224290923575504,0.3505370134766599,0.6470588235294118,0.11978941870520123,28.902803628190583,39.32201422346209,0.024646051183186142,743,0.3495883353110939,0.10034763126516695,0.05465823477670502,"[1.29, 0.28, 1.15, -0.22]","['net_sharpe', 'turnover', 'gross_edge']",3,15,1,12,0.45,7
-19.14619167172079,-12.456394195715099,0.6505938313629952,0.3112577454457472,0.10198419960837286,-0.10673233533069587,-0.9914692767610098,-0.10498481572148838,0.2611470316207575,0.2285055911256053,0.019696075709598828,0.7647058823529411,0.1138027785014654,31.734102393114323,18.695066230116556,0.026279323639517335,789,0.24214783534347473,-0.0072774775464151675,0.04146405193970538,"[1.68, -0.77, 0.56, -0.99]","['net_sharpe', 'dbl_sharpe', 'tri_sharpe', 'pos_folds', 'turnover', 'gross_edge', 'short_pnl']",3,15,1,12,0.45,8
20.990955819109793,19.93343114193889,0.9496199846122229,0.6730443028306743,0.4728473977115679,0.27300254172835203,-0.2794703646100787,0.5746493170046453,0.14181091533249424,0.12922307035790004,0.3551544873432343,0.5882352941176471,0.11842801947790828,31.518727952013492,32.75234976311827,0.02705624368109347,769,0.3148264229227026,0.09385615813232949,0.02935410568692276,"[-0.28, 0.21, 0.94, 0.95]","['net_sharpe', 'dbl_sharpe', 'turnover', 'gross_edge']",3,15,1,12,0.45,9
9.738636799770136,8.028267803013318,0.8243728530057524,0.5481072186453915,0.3341109543346279,0.11979948820723164,0.06918337960682439,0.281597951056732,0.2056310565399555,0.18714027493560015,0.15679746616301765,0.4117647058823529,0.11451079610760025,32.67792915372067,26.82433292990453,0.026631123781170468,802,0.3673722519511472,-0.020349107893750842,0.016546618406405075,"[0.7, 0.07, 0.36, 0.2]","['net_sharpe', 'dbl_sharpe', 'turnover', 'gross_edge', 'short_pnl']",3,15,1,12,0.45,10
-35.52512813094464,-13.690692057003613,0.385380511691333,-0.31686707092270305,-0.5364131697837755,-0.754504463594737,-1.5134997968319925,-0.7706435206060825,0.260526174552439,0.22215358646806915,-0.2479660722747755,0.5294117647058824,0.11235753926352583,33.0846670336501,-3.267035699838276,0.02840617832693467,803,0.22085827230015614,-0.26364958712670555,0.026731459440577574,"[-0.57, 0.94, -1.51, -0.97]","['net_sharpe', 'dbl_sharpe', 'tri_sharpe', 'ret_1x', 'ret_2x', 'pos_folds', 'turnover', 'gross_edge', 'short_pnl']",3,15,1,12,0.45,11
-21.11696231195951,-11.576076480015818,0.5481885277343963,0.10724212942561206,-0.036603500192991724,-0.18018863864775272,-1.7439538398902774,0.4176461142907022,0.2734615200597974,0.2684749007378021,-0.04744777108677568,0.47058823529411764,0.1295008247424651,24.85064212058441,13.02926128393882,0.02499458816572244,581,0.2545564043370809,-0.1263728260125128,-0.03179010933641701,"[0.92, -0.08, 1.06, -1.74]","['net_sharpe', 'dbl_sharpe', 'tri_sharpe', 'ret_2x', 'pos_folds', 'gross_edge', 'short_pnl']",3,15,1,12,0.6,0
-17.54555924300042,-8.008847791541148,0.4564601037003809,0.03987352384791296,-0.13237161750233045,-0.30404535192053805,-0.9521629499452975,-0.174143428898909,0.15882613259819023,0.14463787467034994,-0.12828641992869325,0.35294117647058826,0.10979956358640164,25.250646113855964,9.099944847305323,0.026244181581436064,564,0.16222865488403182,-0.0712611593476893,0.03438123265665711,"[-0.55, 0.21, -0.95, 0.59]","['net_sharpe', 'dbl_sharpe', 'tri_sharpe', 'ret_1x', 'ret_2x', 'pos_folds', 'turnover', 'gross_edge', 'short_pnl']",3,15,1,12,0.6,1
-21.970076671755603,-16.90690717885537,0.7695424750424578,0.36289944865346485,0.1912644236824011,0.020119608133559612,-0.8964215899807073,0.06554894257680713,0.24520546757372952,0.2297924420754851,0.06414819994594508,0.35294117647058826,0.11737923617898184,26.82233304700097,22.965026903347578,0.026318484844279053,594,0.3013351104395307,-0.057476277001046336,0.023435270651281665,"[-0.9, -0.4, 0.53, 1.99]","['net_sharpe', 'dbl_sharpe', 'pos_folds', 'turnover', 'gross_edge', 'short_pnl']",3,15,1,12,0.6,2
-43.59706944074121,-17.503522210008224,0.4014839170279479,-0.4224791338050026,-0.6063029537332661,-0.7890551840472536,-1.6395423274919665,-0.8706241533059014,0.3202043940636461,0.27347143537458096,-0.22583734228154162,0.23529411764705882,0.11303164510391268,27.85106029925026,-10.006529845397935,0.02979685234905235,592,0.1083081504793976,-0.21863982541900442,0.03476106764101675,"[0.5, -1.64, -0.97, -0.77]","['net_sharpe', 'dbl_sharpe', 'tri_sharpe', 'ret_1x', 'ret_2x', 'pos_folds', 'turnover', 'gross_edge', 'short_pnl']",3,15,1,12,0.6,3
-36.665854448261,-14.026252703993938,0.3825426385136152,-0.36737817221156155,-0.5525370764628287,-0.7370884931362743,-1.3420433906922669,-0.3375781268932039,0.290881618641082,0.24437305654334496,-0.20959741617772232,0.29411764705882354,0.1039135024088501,25.673642483075067,-7.1384459983443165,0.028041940819661885,588,-0.09558864087822241,0.023033840715263036,0.09037988427715309,"[-0.29, -1.34, -0.39, -0.07]","['net_sharpe', 'dbl_sharpe', 'tri_sharpe', 'ret_1x', 'ret_2x', 'pos_folds', 'turnover', 'gross_edge', 'long_pnl']",3,15,1,12,0.6,4
-36.33931225978814,-12.103920784307583,0.3330806234795306,-0.27130578949517054,-0.44594788629013793,-0.6205094545754787,-1.4968602789292988,-0.24713048473308385,0.2851412987434898,0.23805548822044642,-0.18435000801108875,0.29411764705882354,0.10805921377702782,25.082130702485887,-4.096170948709878,0.026678736494408304,579,-0.0120663973127271,-0.02860765869865923,0.0734987017852016,"[-0.27, -1.5, -0.22, 0.01]","['net_sharpe', 'dbl_sharpe', 'tri_sharpe', 'ret_1x', 'ret_2x', 'pos_folds', 'turnover', 'gross_edge', 'long_pnl', 'short_pnl']",3,15,1,12,0.6,5
-23.745582535144347,-15.48964992045833,0.6523171161428898,0.2126390574723437,0.05003998785411197,-0.11226328418443872,-1.3394112573828096,0.25664200538892035,0.276105321221231,0.25329525241691486,-0.0025200031842366358,0.4117647058823529,0.1119029722071106,24.26726900438545,17.903081825689874,0.024593169195202717,591,0.09338984911936804,0.07860826440402255,0.07201736930176762,"[-0.52, -1.34, 1.03, 1.59]","['net_sharpe', 'dbl_sharpe', 'tri_sharpe', 'ret_2x', 'pos_folds', 'gross_edge']",3,15,1,12,0.6,6
19.75278847019499,18.716721283125462,0.9475483074892008,0.5579419185144018,0.3987403956832357,0.2393839186679859,0.07455420239925951,0.39540333913803366,0.1762309508722547,0.17101210936492783,0.23420824904447732,0.5294117647058824,0.11917553856170844,25.30122290481471,33.410748961709054,0.025501298821973602,599,0.07963111317176783,0.25502803914773253,0.04819018227650099,"[0.71, 0.08, 0.94, 0.07]","['net_sharpe', 'dbl_sharpe', 'turnover', 'gross_edge']",3,15,1,12,0.6,7
-16.358520191513154,-12.667880551676198,0.7743903729292293,0.36478031126517274,0.1892294169370066,0.013950094676797458,-1.0076765055751467,0.01774609884195172,0.23426740155533388,0.20806446389708722,0.06296475121437624,0.7058823529411765,0.10835924251191677,25.335407500603928,23.17561033927972,0.02509237390227978,600,0.29492235936130146,-0.06246994736948085,0.0438264566000823,"[1.78, -0.53, 0.57, -1.01]","['net_sharpe', 'dbl_sharpe', 'pos_folds', 'turnover', 'gross_edge', 'short_pnl']",3,15,1,12,0.6,8
55.50620834906369,55.50620834906369,1.0,0.9454997988646386,0.7863971902859765,0.627535860115294,0.2882203857096589,0.8274730256299436,0.09934650222985164,0.09248050242695471,0.8657496783779173,0.5882352941176471,0.11268220724278503,23.736745482873115,52.38265130762678,0.025124521216682932,548,0.4177613208063825,0.07448630695017741,0.020448535376259826,"[0.29, 0.6, 1.14, 1.06]",[],3,15,1,12,0.6,9
-21.78653463536552,-9.261490576400131,0.425101592860307,-0.001775232802528395,-0.17825646008732635,-0.35436508378579307,-0.8218643612605435,-0.15170867178516656,0.23238541791744272,0.20357739766841054,-0.10398212814419552,0.5294117647058824,0.10586812429015414,24.90306322876286,7.719494954026328,0.026872618780631984,571,0.17303314855199808,-0.0969275437574865,0.015870707627484555,"[0.43, -0.82, -0.03, -0.28]","['net_sharpe', 'dbl_sharpe', 'tri_sharpe', 'ret_1x', 'ret_2x', 'pos_folds', 'gross_edge', 'short_pnl']",3,15,1,12,0.6,10
-38.00808508961894,-15.334122248866592,0.40344369395907204,-0.44637060198375156,-0.6349400313127805,-0.8224980225816209,-1.4174757943163558,-0.9566708823684114,0.27590780128541803,0.24157794787941322,-0.25961171610412,0.47058823529411764,0.10767158127404446,27.214132796634917,-10.124158587941718,0.027650487149192993,633,0.2522882680041444,-0.36136407173154234,0.023372046245093463,"[-0.62, 0.88, -1.42, -1.29]","['net_sharpe', 'dbl_sharpe', 'tri_sharpe', 'ret_1x', 'ret_2x', 'pos_folds', 'turnover', 'gross_edge', 'short_pnl']",3,15,1,12,0.6,11
-8.92855636854376,-6.827789150451935,0.7647136747108358,0.34688166867624143,0.1739808967527144,0.0013405233973227055,-0.8674527712812307,0.1533671737263863,0.17450527064741117,0.15162035970505972,0.07797696157248889,0.5294117647058824,0.11676456510703752,26.901310405181388,22.763985657229014,0.02035967769200286,763,0.25819682518974235,-0.01576104192837513,0.06117526690802316,"[0.88, -0.17, -0.87, 0.48]","['net_sharpe', 'dbl_sharpe', 'pos_folds', 'turnover', 'gross_edge', 'short_pnl']",3,15,1,15,0.3,0
18.268047374920428,17.183934870226093,0.9406552609348563,0.6690447106901294,0.48503056338042566,0.30078492349310787,-0.29730031123208134,0.3845927599975015,0.12397997741770006,0.11713075259060768,0.4015472301274682,0.5882352941176471,0.11340860659274556,27.829418663300807,34.74645827579942,0.020197584388603383,763,0.23674056752879302,0.14607506157884403,0.06195035065869951,"[1.15, 0.81, -0.3, -0.04]","['net_sharpe', 'dbl_sharpe', 'pos_folds', 'turnover', 'gross_edge']",3,15,1,15,0.3,1
-8.548041512626048,-6.516579291368019,0.7623476420584272,0.3695112978197837,0.19186720573584576,0.014493073445624968,-0.9150135640039916,0.2519732581970376,0.1858918357814462,0.16270155961746113,0.08729274913721463,0.5294117647058824,0.1237726971665449,29.287152528051024,22.788609898740283,0.020962488698012934,812,0.28578978969366287,-0.02156718727184814,0.042343095430546776,"[0.63, -0.13, -0.92, 0.72]","['net_sharpe', 'dbl_sharpe', 'pos_folds', 'turnover', 'gross_edge', 'short_pnl']",3,15,1,15,0.3,2
-6.7522861154170375,-5.498489294541266,0.8143152112566643,0.4729748362565255,0.32022727278868635,0.16779146694650685,-0.38549129173468516,0.2002374622320764,0.2373776667928269,0.21902050764174308,0.14339679348423598,0.5294117647058824,0.13146350298840143,26.737058904715706,30.289613798422714,0.019699777454943238,785,0.5753901283656746,-0.254776225040701,0.03548118014388128,"[1.58, -0.27, 0.67, -0.39]","['net_sharpe', 'dbl_sharpe', 'pos_folds', 'turnover', 'gross_edge', 'short_pnl']",3,15,1,15,0.3,3
1.601496697276068,1.4646031219599742,0.9145214750995544,0.8301201209349542,0.6597494847621285,0.489566099116597,0.01409737861257538,0.10542009467108346,0.272511314978518,0.255137287032863,0.28010169995316264,0.5294117647058824,0.12275564551430324,27.780520592644844,43.97352438075619,0.019643431984163323,779,0.5507669554148011,-0.06714429996037408,0.04981166698703969,"[2.29, 0.14, 0.01, 0.07]","['turnover', 'short_pnl']",3,15,1,15,0.3,4
13.20654790132925,12.111940768874772,0.9171163319413468,0.9330706684409779,0.75636073023168,0.5794913431015227,-0.8667181338824566,0.9144711883573315,0.17275958064460362,0.15443250068985437,0.4822959531659664,0.4117647058823529,0.11438620562663869,26.93719211906227,47.07989210084901,0.01949337884858567,753,0.5142012765855739,-0.012133018426026633,0.05772401072326204,"[1.75, -0.87, 0.54, 1.29]","['turnover', 'short_pnl']",3,15,1,15,0.3,5
-15.179040261247243,-10.274871724955464,0.6769118170921296,0.33340706168132234,0.15874363472920303,-0.01595933623685692,-1.0409358113485159,0.1888152262258802,0.2382512286352506,0.2112005256031778,0.0505063410898255,0.6470588235294118,0.12245272353676939,28.505974886076938,21.567194176561497,0.021604818682676444,769,0.5594152394906704,-0.3160242315223146,0.018635665240588645,"[0.97, -0.07, -1.04, 0.44]","['net_sharpe', 'dbl_sharpe', 'tri_sharpe', 'pos_folds', 'turnover', 'gross_edge', 'short_pnl']",3,15,1,15,0.3,6
-40.4547978212544,-15.100706441075227,0.37327356097035097,-0.4634587471985877,-0.6572798702587246,-0.8509375954052062,-1.3680227079578346,-0.6609166946456662,0.3332893455161373,0.28727905999403136,-0.22896944136802652,0.35294117647058826,0.11141153553290765,28.68609268463594,-10.414023464912955,0.02244690931183009,768,0.13427335118077643,-0.2525407191734624,0.03173874674160733,"[-0.62, -0.25, -1.37, -0.7]","['net_sharpe', 'dbl_sharpe', 'tri_sharpe', 'ret_1x', 'ret_2x', 'pos_folds', 'turnover', 'gross_edge', 'short_pnl']",3,15,1,15,0.3,7
-20.512910016632496,-10.55964937052605,0.514780660665111,0.1094305893334407,-0.05758552219732527,-0.22465655941069856,-0.5627701820967764,-0.20454231844042636,0.21546743490989007,0.1931196103847529,-0.0666693120338834,0.23529411764705882,0.12237155643575162,27.24089713829476,12.466516167123945,0.020732303987921356,785,0.13963209126069281,-0.005188070104450385,0.041981347909914604,"[-0.01, -0.56, 0.76, -0.4]","['net_sharpe', 'dbl_sharpe', 'tri_sharpe', 'ret_2x', 'pos_folds', 'turnover', 'gross_edge', 'short_pnl']",3,15,1,15,0.3,8
-28.621405263850153,-9.334859989264759,0.3261496038789897,-0.17821536377448802,-0.3182062450751435,-0.4579096958720728,-0.9936575831721711,-0.448204008777357,0.2923928616867634,0.27380062452282616,-0.19149174194860785,0.6470588235294118,0.14632369901563022,27.334712072661688,-2.4466980141887342,0.021102424829148765,798,-0.0050460667088922245,-0.021430999155173658,-0.00039498275461892496,"[-0.99, -0.11, 1.1, -0.79]","['net_sharpe', 'dbl_sharpe', 'tri_sharpe', 'ret_1x', 'ret_2x', 'pos_folds', 'turnover', 'gross_edge', 'long_pnl', 'short_pnl']",3,15,1,15,0.3,9
-47.93499935465116,-20.616737690331114,0.4300977984331747,-0.7911099449055506,-0.9449266250786239,-1.0979270432666937,-2.4965772181815225,-0.718769930206672,0.4217238670743729,0.37415891739310125,-0.2927385710145663,0.4117647058823529,0.13015893425857136,26.884882175884893,-30.880121338682713,0.021055834482404192,812,0.06706367173865578,-0.3957352258055208,0.031982494227683886,"[-2.5, 0.19, 0.88, -1.63]","['net_sharpe', 'dbl_sharpe', 'tri_sharpe', 'ret_1x', 'ret_2x', 'pos_folds', 'turnover', 'gross_edge', 'short_pnl']",3,15,1,15,0.3,10
-39.51602145010961,-11.475649225606212,0.2904049751085045,-0.42658634684652313,-0.6380553615993576,-0.848708534889188,-1.2975741430580747,-0.5166064994050481,0.3306673008156109,0.2843517674255408,-0.21905016418967366,0.29411764705882354,0.10848573242007518,30.618383089736046,-7.4065962793181015,0.022470773010263147,841,-0.004141435887122166,-0.08563780062845265,0.031357099610921306,"[-0.66, -0.31, -1.3, -0.37]","['net_sharpe', 'dbl_sharpe', 'tri_sharpe', 'ret_1x', 'ret_2x', 'pos_folds', 'turnover', 'gross_edge', 'long_pnl', 'short_pnl']",3,15,1,15,0.3,11
5.67161352914718,4.763685317541028,0.839917122889247,0.5762884718825206,0.36405961485886923,0.15198260118003848,-0.6678536749429718,0.565477063156548,0.1653887925013069,0.15106706729821373,0.2067140432146512,0.47058823529411764,0.10835172475241422,30.64106602890721,27.84341676582445,0.02304033668896684,755,-0.00962072047700785,0.3473754051209677,0.03396536867080285,"[0.89, -0.67, 0.26, 0.87]","['net_sharpe', 'dbl_sharpe', 'turnover', 'gross_edge', 'long_pnl']",3,15,1,15,0.3,12
42.002774866419294,41.60084197462558,0.9904308014631897,1.2838314557625978,1.1108625279021496,0.9373976099973182,-0.14055438097373985,0.9013072813231898,0.13766854288426544,0.12307801379152039,0.9903096276287701,0.6470588235294118,0.1216461329903537,28.10998952446335,62.77002901772038,0.019807854443671908,771,0.44596021143880804,0.25257450637213996,0.053827843563617556,"[2.38, 0.02, -0.14, 1.78]",['turnover'],3,15,1,15,0.3,13
12.962955949407895,10.924154395054078,0.8427209378546917,0.5980457900153674,0.4178183602121854,0.23776663162594433,-0.2266971260079829,0.27798933286588556,0.14911145920566726,0.13391150026585652,0.28499958061362635,0.5882352941176471,0.11536725282934139,27.674002782595775,32.49886715218305,0.020280610247930046,771,0.38714552184763373,-0.03109208231310049,0.044745961173666866,"[0.64, -0.23, -0.09, 1.2]","['net_sharpe', 'dbl_sharpe', 'pos_folds', 'turnover', 'gross_edge', 'short_pnl']",3,15,1,15,0.3,14
-28.556173442642173,-12.108651855199277,0.42402921664279253,-0.015294044409712914,-0.1622025643251218,-0.30873752628775153,-0.9738543675041149,-0.47842356450233725,0.24439723810952485,0.21569920704804368,-0.10204807523436585,0.47058823529411764,0.11487418027449842,22.533505970073808,7.161859320918792,0.019776796073596736,630,0.13800325263593444,-0.07411374560577899,0.061470489081277044,"[0.91, -0.55, -0.97, -0.41]","['net_sharpe', 'dbl_sharpe', 'tri_sharpe', 'ret_1x', 'ret_2x', 'pos_folds', 'gross_edge', 'short_pnl']",3,15,1,15,0.45,0
10.916689844670415,9.98905552824857,0.9150260445592195,0.716270863415883,0.56348620830162,0.41024366810154034,-0.4514823089448133,0.32103781290629096,0.12527298083427696,0.1130607663799994,0.4671407130446244,0.47058823529411764,0.11213165410278872,22.901268254129256,42.489075727062286,0.019355537057092826,591,0.39461468430723,-0.009392046777655344,0.05977906400315733,"[1.54, 0.51, -0.45, 0.13]","['net_sharpe', 'short_pnl']",3,15,1,15,0.45,1
-15.135082552042759,-11.923224055083317,0.7877871834583458,0.3879898579338647,0.23277092955054465,0.07761775333140714,-0.8418834672262714,0.06146032627263165,0.23749085971709505,0.20797560119019076,0.0899006062095845,0.6470588235294118,0.12350048978646347,25.52257868100461,25.797627360543718,0.02129210282012249,643,0.41690346568453907,-0.15624051977660144,0.037803302152505824,"[0.78, -0.65, -0.84, 1.13]","['net_sharpe', 'dbl_sharpe', 'pos_folds', 'turnover', 'gross_edge', 'short_pnl']",3,15,1,15,0.45,2
-3.49914471975472,-2.7954834416611187,0.7989047797534575,0.3901411074346591,0.25506802023440056,0.12024375722878128,-0.8419005413077721,0.36888906453878034,0.21951991613272737,0.21191271318840277,0.11409872935982246,0.7647058823529411,0.1303926235756392,23.44343344594123,28.851321814646315,0.02001267532883708,602,0.4696783505799266,-0.20190835281821712,0.03656443025751137,"[1.65, -0.13, 0.87, -0.84]","['net_sharpe', 'dbl_sharpe', 'pos_folds', 'gross_edge', 'short_pnl']",3,15,1,15,0.45,3
-2.2770897220833124,-2.091079044961559,0.9183121001698731,0.7504458417666804,0.5933460112255627,0.43637728264947606,-0.33573054129397695,0.2688537072130241,0.2491929242398656,0.2341827421631243,0.26458506283181965,0.5882352941176471,0.11949796332278982,24.95418645030943,43.25917569698661,0.019500206224967804,622,0.5257600791186727,-0.09839735595090952,0.05247830903485787,"[2.05, 0.14, -0.34, 0.39]","['net_sharpe', 'short_pnl']",3,15,1,15,0.45,4
16.248169090953315,14.998309930110754,0.9230769230769231,0.8994198397107381,0.7409426050750358,0.5823038217790814,-0.852279017586441,0.9715839101408115,0.16938630893040907,0.15372609721338715,0.4782593443106014,0.47058823529411764,0.11379515386247573,24.03310501339401,49.95797112822131,0.019295881993401057,625,0.5644450103754608,-0.08912110204120414,0.06206427800423539,"[1.59, -0.85, 0.84, 1.1]",['short_pnl'],3,15,1,15,0.45,5
-3.4505671639816113,-2.82767592203657,0.8194814903338131,0.45590252821784233,0.3169868688196649,0.1779967890577689,-0.38056578509703853,-0.044153806952553706,0.17668879671129134,0.14439245013954727,0.19127353101008485,0.5294117647058824,0.13184222853923538,24.43501674127258,31.3096323904509,0.021320995604426806,599,0.5398684736973025,-0.23699196386269153,0.01636632365297958,"[0.21, -0.3, -0.38, 1.16]","['net_sharpe', 'dbl_sharpe', 'pos_folds', 'gross_edge', 'short_pnl']",3,15,1,15,0.45,6
-32.51908480657146,-13.446633247985947,0.41349974416465274,-0.1282908769028554,-0.2924175192012752,-0.45684026920681325,-1.5622129792442556,-0.13250880617403024,0.2633177080209045,0.2304177028452722,-0.13974076406011873,0.4117647058823529,0.10836564619037038,23.618493742515014,1.6865336322860773,0.021599280051273217,598,0.2608454903741285,-0.24507583559637588,0.028577182592621292,"[-0.0, -0.26, -1.56, 0.27]","['net_sharpe', 'dbl_sharpe', 'tri_sharpe', 'ret_1x', 'ret_2x', 'pos_folds', 'gross_edge', 'short_pnl']",3,15,1,15,0.45,7
-23.878355713511855,-9.796248497851018,0.41025641025641024,-0.15999535529544853,-0.31906004195779386,-0.478046398391813,-0.5531039732668815,-0.35031668749639633,0.239087064285621,0.1979911708569888,-0.1817401974306802,0.35294117647058826,0.11767093345863563,24.91934165310886,-0.24221671049185098,0.021663388539603454,648,-0.02002212368602071,0.017632576291143554,0.03960357533413053,"[0.03, -0.36, -0.34, -0.55]","['net_sharpe', 'dbl_sharpe', 'tri_sharpe', 'ret_1x', 'ret_2x', 'pos_folds', 'gross_edge', 'long_pnl']",3,15,1,15,0.45,8
-39.002489423252,-13.000829807750666,0.3333333333333333,-0.42398795012645,-0.5460816418408786,-0.6679454611185591,-1.08047436277646,-0.8551320236721688,0.37760026791546175,0.35817858545652115,-0.2378603843703333,0.47058823529411764,0.15071933441870555,24.541205560556293,-19.091143851791113,0.021042000480954934,651,-0.02955155482154559,-0.15593089607393978,-0.0010555285530175554,"[-1.08, -0.8, 0.95, -0.91]","['net_sharpe', 'dbl_sharpe', 'tri_sharpe', 'ret_1x', 'ret_2x', 'pos_folds', 'gross_edge', 'long_pnl', 'short_pnl']",3,15,1,15,0.45,9
-44.77384478754863,-19.51680413816222,0.43589743589743585,-0.6238589956217822,-0.7613164794658718,-0.8981320372627164,-2.704609561861398,-0.48718223443748676,0.3697289882185907,0.35967296981414865,-0.2779829907688254,0.47058823529411764,0.13088146936312503,24.126837002394872,-26.49364468879667,0.020643312786090988,668,0.05684615356449771,-0.3099024108038443,0.028320667604555892,"[-2.7, 0.43, 1.48, -1.41]","['net_sharpe', 'dbl_sharpe', 'tri_sharpe', 'ret_1x', 'ret_2x', 'pos_folds', 'gross_edge', 'short_pnl']",3,15,1,15,0.45,10
-43.01812610853186,-13.120712365078811,0.30500427498808597,-0.5737699925015248,-0.7532905644422929,-0.9322573418560322,-1.4551502801200513,-0.5921712726830821,0.36010423854438744,0.3172872276146881,-0.2324538829777105,0.17647058823529413,0.10820832378392427,25.873610628872054,-16.295824495168112,0.022833710650557795,631,-0.05624926974068223,-0.11067072390701096,0.03098169729680157,"[-1.46, -0.34, -0.62, -0.56]","['net_sharpe', 'dbl_sharpe', 'tri_sharpe', 'ret_1x', 'ret_2x', 'pos_folds', 'turnover', 'gross_edge', 'long_pnl', 'short_pnl']",3,15,1,15,0.45,11
-6.857331842292722,-5.461498910424455,0.7964466407678505,0.39497162813582576,0.19842402033088408,0.0023802124845917674,-0.7002066315619819,0.2865080106038349,0.17848075083553905,0.16580371953433204,0.0866701890087393,0.35294117647058826,0.10500353569799631,27.490583692515617,22.514684074045224,0.023583105344841617,616,-0.024129222941214525,0.269162349213951,0.03207620918665592,"[0.87, -0.7, 0.23, 0.34]","['net_sharpe', 'dbl_sharpe', 'turnover', 'gross_edge', 'long_pnl']",3,15,1,15,0.45,12
30.770412514096318,30.770412514096318,1.0,1.2546639863297395,1.098937469147747,0.9426605171975253,-0.4873133376294583,1.1407626245632545,0.16127599035424467,0.13648195234271376,0.8223874846402226,0.6470588235294118,0.11980905204924348,24.9698312945665,67.41213076000173,0.01992910975666704,628,0.49483107855614916,0.17155918833456385,0.05781414446249162,"[2.2, 0.08, -0.49, 2.21]",[],3,15,1,15,0.45,13
-7.498307444271956,-5.867921066778212,0.7825660804640366,0.376854637895088,0.21046593124185067,0.0442139526875773,-0.5158949521900917,-0.04788674963018267,0.16959259359354195,0.14179798342835725,0.10160170218125845,0.47058823529411764,0.10952658708226182,24.27711890597292,24.587688780529966,0.02070596999680231,603,0.26430307055449065,-0.027988861569878537,0.054628578818317154,"[0.02, -0.11, -0.52, 1.35]","['net_sharpe', 'dbl_sharpe', 'pos_folds', 'gross_edge', 'short_pnl']",3,15,1,15,0.45,14
-27.914952549023997,-14.218706978737112,0.5093580923616596,0.0325288029487256,-0.10885895805519326,-0.24988705583419135,-0.9481774225467967,-0.43161047660108226,0.23602512682203303,0.20388330599179905,-0.06922431492905197,0.4117647058823529,0.10282331458097486,19.4179588508283,9.90643454729342,0.020130276037947082,463,0.0440801224956244,0.03207444106184789,0.050774686464002364,"[0.84, -0.34, -0.53, -0.95]","['net_sharpe', 'dbl_sharpe', 'tri_sharpe', 'ret_1x', 'ret_2x', 'pos_folds', 'gross_edge']",3,15,1,15,0.6,0
-18.556768938364893,-12.551170454352695,0.6763661549077102,0.27104201565038755,0.12656813478606158,-0.01826031207157329,-1.6859317041360686,-0.052601947883593084,0.16265376443379254,0.13900921204015138,0.04795338087152857,0.47058823529411764,0.10448253702551198,20.13597099211157,21.3661823199384,0.02085209711948746,445,0.19171012820943137,-0.021386660921125747,0.018505888994637724,"[1.19, 0.07, -1.69, -0.18]","['net_sharpe', 'dbl_sharpe', 'tri_sharpe', 'pos_folds', 'gross_edge', 'short_pnl']",3,15,1,15,0.6,1
7.122095980998703,6.382996800301997,0.8962244846645461,0.585072108801511,0.45978908231860466,0.3344446339980315,-0.36731403650583944,0.3596164942796057,0.1970486198133724,0.1780910725393079,0.25632095282602274,0.7058823529411765,0.1237325163761764,20.63724758487123,41.9029305443455,0.019980941645699097,480,0.5644198358149515,-0.22206918789896823,0.039135744539503574,"[0.64, 0.08, -0.37, 1.13]","['net_sharpe', 'dbl_sharpe', 'short_pnl']",3,15,1,15,0.6,2
0.3682758060873058,0.2948830926755982,0.8007126392812547,0.37463924459106057,0.2539873200018837,0.13370161744801365,-0.6821371469214311,0.5203088452816724,0.19728647983497105,0.1906465082168609,0.12230718176980655,0.5294117647058824,0.1241726912514973,19.912426107055467,30.652957929882078,0.01985500997073807,471,0.3620840312201464,-0.12044251674715861,0.03682524684047972,"[1.37, -0.33, 1.4, -0.68]","['net_sharpe', 'dbl_sharpe', 'pos_folds', 'gross_edge', 'short_pnl']",3,15,1,15,0.6,3
7.695841651383988,7.103853832046759,0.9230769230769231,0.9682317482628356,0.8302140000128955,0.6921519114993988,-0.2990271188041003,0.375043586025711,0.2116504690804797,0.19840105170878752,0.40676046051858983,0.6470588235294118,0.10609827495310101,19.452223374599193,60.44644653282612,0.019538028221750013,431,0.46773456153109944,-0.002239577331839382,0.07479815378486807,"[2.54, 0.02, -0.3, 0.73]",['short_pnl'],3,15,1,15,0.6,4
24.669844271818988,22.772163943217528,0.9230769230769231,0.8763354135214029,0.7481651395027309,0.6198304425264588,-0.6291811419131367,0.9195428171886396,0.13010891177551065,0.11741330881145284,0.6326338006021817,0.47058823529411764,0.11439501079142138,19.54716823433999,58.490773598920086,0.018504741897202838,472,0.5931939998944908,-0.14056101551121383,0.06658043324064068,"[1.07, -0.63, 0.77, 1.54]",['short_pnl'],3,15,1,15,0.6,5
21.011993179304685,19.24785583611822,0.9160414089166935,0.7268306527336122,0.6107377061531604,0.49447386362412415,-0.7283808889672105,0.5714636684143799,0.11441118073291401,0.09545973122096174,0.6343159146945035,0.7058823529411765,0.12787417077511481,19.820612832123697,53.324431592241645,0.02089297510932011,439,0.6067539661249075,-0.1883283197126413,0.010470760516958787,"[1.13, 0.01, -0.73, 1.33]","['net_sharpe', 'short_pnl']",3,15,1,15,0.6,6
-39.21145122028423,-16.086749218578145,0.41025641025641024,-0.45835303977474784,-0.5917948575097335,-0.725309623836296,-1.2479257894341604,-0.7642384046722335,0.3136043588995122,0.2809892403964529,-0.21186589030833303,0.35294117647058826,0.10669300362995736,18.82941576597276,-18.519748233290358,0.022781015386301725,429,0.04127388886270433,-0.1793272249951779,0.02960470089858193,"[-0.6, -0.93, -1.25, 0.38]","['net_sharpe', 'dbl_sharpe', 'tri_sharpe', 'ret_1x', 'ret_2x', 'pos_folds', 'gross_edge', 'short_pnl']",3,15,1,15,0.6,7
-8.006742611359131,-5.067901554004083,0.6329542237081872,0.14528223261849688,0.0019441890057489849,-0.14167634939452467,-0.8658483860165935,0.17842300384135173,0.16322572521981527,0.12428475818647589,-0.03700063989813252,0.5294117647058824,0.11198589723343615,21.37890670220821,15.049882910205955,0.021072672952882694,506,0.0885854991079759,0.03879225748949579,0.035098575706914215,"[0.67, 0.43, -0.07, -0.87]","['net_sharpe', 'dbl_sharpe', 'tri_sharpe', 'ret_2x', 'pos_folds', 'gross_edge']",3,15,1,15,0.6,8
-41.65325361988264,-17.088514305592877,0.41025641025641024,-0.47887298661091554,-0.5725802937823479,-0.6661086719513092,-1.1392519853034577,-1.0104606469124744,0.39612356346385924,0.3762457708775919,-0.2492230222483578,0.4117647058823529,0.1584973280960753,19.813999415830526,-31.71889022020264,0.020283311470207097,470,0.12973564640088844,-0.37854408871997547,-0.01812104238133816,"[-1.03, -0.99, 1.27, -1.14]","['net_sharpe', 'dbl_sharpe', 'tri_sharpe', 'ret_1x', 'ret_2x', 'pos_folds', 'gross_edge', 'short_pnl']",3,15,1,15,0.6,9
-46.914470972304855,-16.841092143904305,0.3589743589743589,-0.8054282576554508,-0.9217295887104304,-1.0374539711434791,-3.601376221391834,-0.09955069336167197,0.4409730940508645,0.4340436353745004,-0.2700502656050679,0.29411764705882354,0.1283382598634943,20.077775175083225,-44.390005593176504,0.021461719760937005,491,-0.15481559140920914,-0.19802274779711976,0.02418400393504705,"[-3.6, 0.29, 1.02, -0.49]","['net_sharpe', 'dbl_sharpe', 'tri_sharpe', 'ret_1x', 'ret_2x', 'pos_folds', 'gross_edge', 'long_pnl', 'short_pnl']",3,15,1,15,0.6,10
-47.63604193197743,-18.32155458922209,0.38461538461538464,-0.8479483904787263,-1.0135076389643223,-1.1783844677692048,-1.8540292492328059,-0.8118081090528755,0.42387260685912087,0.3897038799265885,-0.25089796457022123,0.23529411764705882,0.10538412553504345,23.236182392765024,-30.742632623317036,0.023737899018546102,529,0.010025478604493283,-0.29282639648557274,0.0291044186540299,"[-1.85, -1.04, -0.46, -0.58]","['net_sharpe', 'dbl_sharpe', 'tri_sharpe', 'ret_1x', 'ret_2x', 'pos_folds', 'gross_edge', 'short_pnl']",3,15,1,15,0.6,11
4.44980561520291,3.967093805238722,0.8915206973727151,0.39299702962049765,0.23004096640500804,0.06748275906195936,-0.3572833608832394,0.33156816340795436,0.1583893905182473,0.1487706535536174,0.11570469802704236,0.4117647058823529,0.10094021259168338,21.902327605091497,25.537633840386306,0.022603128556500214,475,0.1454514824353878,0.07598333529113599,0.02759040199309485,"[0.26, -0.36, 0.4, 0.61]","['net_sharpe', 'dbl_sharpe', 'gross_edge']",3,15,1,15,0.6,12
29.749149553849804,29.749149553849804,1.0,0.8446378391691621,0.6915594953391448,0.5381034892094073,-0.43446466624882163,0.8664829924182145,0.129916127729494,0.11612433852261328,0.549993409687828,0.6470588235294118,0.1082709875239733,22.136876753378573,48.8750102440446,0.020390298763231555,518,0.2213343468307686,0.20699535531819205,0.06777876228229163,"[0.85, 0.88, -0.43, 1.4]",[],3,15,1,15,0.6,13
-8.963244032152364,-5.138691457293589,0.5733071016319996,0.197308755100442,0.04719031290981814,-0.10289883912097889,-0.7235953775042393,0.08503312337003258,0.17246834908460962,0.15122581497789012,-0.001400100184293919,0.5294117647058824,0.09934885715249407,19.87021989357025,17.812363394165565,0.02087630125281243,462,0.15998088144444697,-0.019861180228355715,0.0598850829830223,"[0.21, -0.04, -0.72, 0.58]","['net_sharpe', 'dbl_sharpe', 'tri_sharpe', 'ret_2x', 'pos_folds', 'gross_edge', 'short_pnl']",3,15,1,15,0.6,14
-44.69919113345198,-15.046815288787563,0.3366238830556114,-0.32592324968479225,-0.7475852064400608,-1.1671422055573137,-2.0265105600724587,-0.845758216691771,0.32137713897176834,0.2062445657797196,-0.29027053412606346,0.35294117647058826,0.12106886901502183,68.06069864644871,1.7110858555845856,0.047223584189903,2439,0.1747662052833696,-0.12866171905594992,0.04951831815239675,"[-0.43, -1.26, 1.08, -2.03]","['net_sharpe', 'dbl_sharpe', 'tri_sharpe', 'ret_1x', 'ret_2x', 'pos_folds', 'turnover', 'gross_edge', 'short_pnl']",3,15,2,9,0.3,0
-51.884236456603865,-13.30365037348817,0.2564102564102564,-0.8962703830081131,-1.3232829690020638,-1.7429394429456528,-2.0339105271638944,-1.7325404546842536,0.4953176528540707,0.37650529827402646,-0.31937048945524915,0.35294117647058826,0.12353414033194417,71.5219584123649,-8.004140670280648,0.04934322801082678,2555,-0.1232393291366026,-0.1033967734200377,0.058614794125411554,"[-1.77, -1.7, 0.63, -2.03]","['net_sharpe', 'dbl_sharpe', 'tri_sharpe', 'ret_1x', 'ret_2x', 'pos_folds', 'turnover', 'gross_edge', 'long_pnl', 'short_pnl']",3,15,2,9,0.3,1
-49.78376256572971,-15.318080789455296,0.3076923076923077,-0.6857035361606721,-1.1551601227229393,-1.6193560279436983,-1.9283584689643813,-1.2163463914614212,0.4459530032793534,0.31554795782963074,-0.2991021716302735,0.29411764705882354,0.11757461667776663,73.98554920239556,-3.417176007862969,0.050174824249529196,2570,0.00848717784230782,-0.10857684225135505,0.06622198034168228,"[-1.38, -1.05, -0.12, -1.93]","['net_sharpe', 'dbl_sharpe', 'tri_sharpe', 'ret_1x', 'ret_2x', 'pos_folds', 'turnover', 'gross_edge', 'short_pnl']",3,15,2,9,0.3,2
-45.33844629358384,-15.119013679576884,0.33347004398155744,-0.3986709813985186,-0.8037633367231705,-1.2037722037387564,-2.7083619750210834,-0.36021179410643894,0.38952534405077743,0.30019191677954804,-0.27905311928769505,0.4117647058823529,0.13161210040504992,71.6771878966331,0.07108953707651307,0.04794948987167908,2495,0.2457568308880565,-0.2437395720486267,0.04584455728531901,"[-0.68, 0.41, -0.04, -2.71]","['net_sharpe', 'dbl_sharpe', 'tri_sharpe', 'ret_1x', 'ret_2x', 'pos_folds', 'turnover', 'gross_edge', 'short_pnl']",3,15,2,9,0.3,3
-18.907718224129837,-9.072297791307072,0.47981981134715124,0.22090110594263768,-0.16574728873349537,-0.550072658996841,-0.629032552667282,-0.08512735057265339,0.2075906223104772,0.1977702113596227,-0.13856902566498508,0.35294117647058826,0.12697631689312974,65.48269054892295,11.794579936720087,0.044081733409726015,2424,0.587782602068897,-0.28202027421194553,0.03540633549036786,"[0.0, -0.17, 0.2, -0.63]","['net_sharpe', 'dbl_sharpe', 'tri_sharpe', 'ret_2x', 'pos_folds', 'turnover', 'gross_edge', 'short_pnl']",3,15,2,9,0.3,4
10.615731955096376,9.453028137738935,0.8904735140002049,0.9154557822568552,0.4907810393982881,0.06843582583870525,-0.3448794097165653,0.6250599717353243,0.2094841845630777,0.20237224360965422,0.25208593287636943,0.5882352941176471,0.11898333212982865,67.15657179806665,23.783744128243523,0.044365382126969756,2414,0.3872485278431307,0.2450813819248721,0.032215867225363334,"[0.35, -0.34, 1.06, 0.9]","['dbl_sharpe', 'turnover', 'gross_edge']",3,15,2,9,0.3,5
-5.665954973828698,-4.129813912906671,0.7288822329126278,0.6189056789208364,0.2626247464174356,-0.09436186590449147,-0.5418840964886722,0.23948077126420103,0.21433138208542324,0.19422371808062688,0.12506325965890946,0.5882352941176471,0.13584490225851698,64.50319211131647,20.39683078846315,0.04275200951509309,2442,0.5116380619429056,0.009219391208002872,0.06699605195540703,"[-0.17, -0.54, 0.64, 1.36]","['net_sharpe', 'dbl_sharpe', 'tri_sharpe', 'pos_folds', 'turnover', 'gross_edge']",3,15,2,9,0.3,6
-19.688037767792967,-8.678932070980196,0.44082260372223503,0.12044896616580182,-0.2570533054331097,-0.6338622784248508,-1.186523796439474,-0.37755195853252504,0.15892516071694662,0.1501931441335248,-0.25407028174438623,0.5294117647058824,0.1282596726046932,64.50326343866307,9.87197229393878,0.04411496537061885,2471,0.439253173691726,-0.1871602830949472,0.05276925800592242,"[-0.09, -0.67, 1.15, -1.19]","['net_sharpe', 'dbl_sharpe', 'tri_sharpe', 'ret_2x', 'pos_folds', 'turnover', 'gross_edge', 'short_pnl']",3,15,2,9,0.3,7
-38.22792535750769,-12.07348051348325,0.31582881886924336,-0.17266240476775302,-0.5745223170665043,-0.975084547362623,-1.710248356447249,-0.3590922620300955,0.2778520184618808,0.196896569473216,-0.2816862227096937,0.35294117647058826,0.12759677095919827,68.27773475074777,4.230985812006564,0.04493764578628854,2595,0.40931008322847473,-0.2949444192492441,0.045219475776297355,"[-0.03, -0.28, -0.44, -1.71]","['net_sharpe', 'dbl_sharpe', 'tri_sharpe', 'ret_1x', 'ret_2x', 'pos_folds', 'turnover', 'gross_edge', 'short_pnl']",3,15,2,9,0.3,8
-46.76350336229108,-15.587834454097028,0.3333333333333333,-0.5224300987964702,-0.8851156844044641,-1.2448438051337762,-2.2620075830275983,-0.8547554601798141,0.3759585258352963,0.25211436080522054,-0.29867222165254576,0.4117647058823529,0.12534507274191845,60.814885973440255,-3.3069524703106437,0.04759158838400783,1997,0.19712575970700003,-0.27674404725363255,0.04865489194476143,"[-0.78, -0.93, 0.88, -2.26]","['net_sharpe', 'dbl_sharpe', 'tri_sharpe', 'ret_1x', 'ret_2x', 'pos_folds', 'turnover', 'gross_edge', 'short_pnl']",3,15,2,9,0.45,0
-52.10856364024,-17.369521213413332,0.3333333333333333,-1.004803417646415,-1.3701606573256526,-1.7299592701142683,-1.9454511110916877,-1.877844066193147,0.5150394806613361,0.417104725555952,-0.3215976268583929,0.35294117647058826,0.1257068276284632,62.193005200042435,-12.870007794779493,0.04920732241328479,2021,0.036895687571432925,-0.3537760566575068,0.0478924481997076,"[-1.93, -1.82, 0.68, -1.95]","['net_sharpe', 'dbl_sharpe', 'tri_sharpe', 'ret_1x', 'ret_2x', 'pos_folds', 'turnover', 'gross_edge', 'short_pnl']",3,15,2,9,0.45,1
-48.253485250632274,-14.847226230963777,0.3076923076923077,-0.7026283124623467,-1.1342829290670975,-1.5615997348166806,-1.8581406422223545,-1.0556208243110834,0.43877497014040256,0.32062965806018995,-0.3023102826425326,0.35294117647058826,0.11894855582411776,68.6552930379501,-4.692510641302545,0.051187108455556886,2088,0.11417156395441613,-0.24171387261730928,0.05837647642573096,"[-1.33, -0.78, -0.49, -1.86]","['net_sharpe', 'dbl_sharpe', 'tri_sharpe', 'ret_1x', 'ret_2x', 'pos_folds', 'turnover', 'gross_edge', 'short_pnl']",3,15,2,9,0.45,2
-43.519508820895844,-14.506502940298613,0.3333333333333333,-0.4827922305712263,-0.8389403202720848,-1.190619581531163,-2.4950214757797036,-0.39687670509136785,0.4175594403796372,0.31325937502482604,-0.2705491126265785,0.5294117647058824,0.13176453387499215,63.192015970510404,-2.6980813230304808,0.047732617046207966,2043,0.12088757186722196,-0.18838577767243014,0.03554860879911145,"[-0.66, -0.14, 0.06, -2.5]","['net_sharpe', 'dbl_sharpe', 'tri_sharpe', 'ret_1x', 'ret_2x', 'pos_folds', 'turnover', 'gross_edge', 'short_pnl']",3,15,2,9,0.45,3
-26.374026000355503,-12.560052711037129,0.4762281159072122,0.18736943795299152,-0.15959812780870863,-0.5046116598632842,-1.245955406803349,-0.08162233676918648,0.26661432966816156,0.1991855370552965,-0.10764018350121035,0.5882352941176471,0.12951015526540272,59.93673663043759,11.60348170743409,0.04567706955049897,1922,0.38909809655697936,-0.1137662814469341,0.035913850292276776,"[-0.63, -1.25, 0.95, 0.47]","['net_sharpe', 'dbl_sharpe', 'tri_sharpe', 'ret_2x', 'pos_folds', 'turnover', 'gross_edge', 'short_pnl']",3,15,2,9,0.45,4
-5.117144952563967,-3.9475017488415136,0.7714266032005994,0.7036984613389079,0.3118317968959911,-0.078474972525377,-0.30286786884473893,0.18888668738894154,0.22516904531419102,0.21369598047857052,0.13516552685792652,0.47058823529411764,0.11847615979868625,61.80169208999057,21.010366845687013,0.04638764700291139,1913,0.31526051043320236,0.19879377491066702,0.03507090381869646,"[0.15, -0.3, 0.23, 1.13]","['net_sharpe', 'dbl_sharpe', 'tri_sharpe', 'turnover', 'gross_edge']",3,15,2,9,0.45,5
-25.23302282378394,-14.166810471410447,0.5614392920873994,0.247229058392912,-0.08893402343662549,-0.42557009027467,-1.6047794822923225,0.04146179231092713,0.246323749434462,0.21521785162487017,-0.08284978168646236,0.5882352941176471,0.1329972696965661,59.49180959029934,12.920312299135396,0.045258138045892765,1908,0.07466362641654274,0.22963863028700343,0.07111407069187832,"[-0.01, -1.6, 1.11, 0.09]","['net_sharpe', 'dbl_sharpe', 'tri_sharpe', 'ret_2x', 'pos_folds', 'turnover', 'gross_edge']",3,15,2,9,0.45,6
-33.6769510822213,-11.567547505793907,0.3434855927887318,-0.09877932018006676,-0.4438855193558242,-0.7883665727515101,-1.230505208904549,-0.6094954660550242,0.2415954333960133,0.17159037842380753,-0.26865597455555773,0.4117647058823529,0.13166968447008134,60.47751321546562,5.279174916807221,0.04561974876677917,2057,0.6218016739178294,-0.49540519972521113,0.056456513870487446,"[-0.45, -0.77, 0.93, -1.23]","['net_sharpe', 'dbl_sharpe', 'tri_sharpe', 'ret_1x', 'ret_2x', 'pos_folds', 'turnover', 'gross_edge', 'short_pnl']",3,15,2,9,0.45,7
-37.86392772425541,-12.892071236707027,0.34048425537344457,-0.18514459691992807,-0.5516101056458759,-0.9174004107022039,-1.450722426075127,-0.5348137600338218,0.2919619792268596,0.20210234320342224,-0.25013111604061217,0.4117647058823529,0.12361974468801858,60.24124337871696,3.7184794608578557,0.04474664302172276,2070,0.4965203843062194,-0.40783862571459445,0.04545859262166563,"[0.15, -0.31, -0.76, -1.45]","['net_sharpe', 'dbl_sharpe', 'tri_sharpe', 'ret_1x', 'ret_2x', 'pos_folds', 'turnover', 'gross_edge', 'short_pnl']",3,15,2,9,0.45,8
-46.047886287670295,-15.349295429223432,0.3333333333333333,-0.5006866921779985,-0.8143815360794672,-1.1247466118187683,-1.9341640990963658,-0.9953105078137936,0.35076964787429465,0.24149048668917983,-0.29469727425292724,0.35294117647058826,0.12402833223400543,52.22431214611047,-4.335068581694731,0.0470746811825125,1474,0.24816868700010475,-0.33779668249726796,0.04205082735615548,"[-1.14, -0.85, 1.04, -1.93]","['net_sharpe', 'dbl_sharpe', 'tri_sharpe', 'ret_1x', 'ret_2x', 'pos_folds', 'turnover', 'gross_edge', 'short_pnl']",3,15,2,9,0.6,0
-44.17009692558779,-14.723365641862596,0.3333333333333333,-0.5011463638606075,-0.8421524294156904,-1.1797426247160891,-1.5358944558968946,-0.8894652096415059,0.3481263311085351,0.2431158659363296,-0.2942901123135435,0.29411764705882354,0.11942575853525207,54.60598074352591,-3.4618773371126252,0.0498984345699291,1501,-0.12904105711576214,0.054202247687308275,0.04060626961607533,"[-0.56, -1.54, 0.05, -1.22]","['net_sharpe', 'dbl_sharpe', 'tri_sharpe', 'ret_1x', 'ret_2x', 'pos_folds', 'turnover', 'gross_edge', 'long_pnl']",3,15,2,9,0.6,1
-45.382832260519905,-13.963948387852279,0.3076923076923077,-0.6333267242246243,-0.9888537282425286,-1.341600292999353,-1.5900530394562442,-1.007646231229048,0.4132624618410139,0.31658354317584403,-0.2870151808312303,0.4117647058823529,0.12019788037936109,57.01027207021752,-5.890493823711596,0.04942724842494182,1568,0.0734618896982146,-0.20640927523879696,0.05065868892422412,"[-1.59, -0.46, -0.23, -1.55]","['net_sharpe', 'dbl_sharpe', 'tri_sharpe', 'ret_1x', 'ret_2x', 'pos_folds', 'turnover', 'gross_edge', 'short_pnl']",3,15,2,9,0.6,2
-48.109960228370426,-16.036653409456807,0.3333333333333333,-0.6980733040771555,-1.021950003624651,-1.34151131327655,-2.8037123395159966,-0.5992088083566952,0.47790483898723146,0.3889747444188737,-0.2801423167850535,0.47058823529411764,0.13147190555793406,57.47956074581764,-8.642515069645706,0.050715508483219436,1556,0.009100576215737455,-0.20576625198743292,0.03622022034776214,"[-0.94, -0.26, 0.08, -2.8]","['net_sharpe', 'dbl_sharpe', 'tri_sharpe', 'ret_1x', 'ret_2x', 'pos_folds', 'turnover', 'gross_edge', 'short_pnl']",3,15,2,9,0.6,3
-32.975708909411445,-15.312136407301413,0.46434593565117405,0.09418118275677964,-0.19066812776026681,-0.47445302314413557,-1.2521152167261733,-0.3273534091571254,0.2909144821506614,0.23135491495160465,-0.12235566290017745,0.47058823529411764,0.1391654709412266,52.847233886392374,10.08416073410485,0.04412876419333451,1509,0.4040948350300836,-0.19311691688012653,0.03237060785523673,"[-0.85, -1.25, 1.34, 0.19]","['net_sharpe', 'dbl_sharpe', 'tri_sharpe', 'ret_2x', 'pos_folds', 'turnover', 'gross_edge', 'short_pnl']",3,15,2,9,0.6,4
-17.451797434796422,-12.11020602248027,0.6939231370136252,0.49013634374429127,0.1441069371327041,-0.2003133706853014,-0.6155115180052171,0.10853315091094408,0.2650288982030842,0.20832116541268442,0.038241799650583656,0.47058823529411764,0.11908986339249097,54.91278995506093,18.137992422587565,0.046028138950745215,1554,0.31307432712795025,0.08123559750660174,0.0392821016472573,"[0.28, -0.62, -0.06, 0.78]","['net_sharpe', 'dbl_sharpe', 'tri_sharpe', 'pos_folds', 'turnover', 'gross_edge']",3,15,2,9,0.6,5
-28.710626774274033,-14.68505842489092,0.511485121531703,0.06961633056701459,-0.21347395586532275,-0.49668276328039257,-1.4117912828556332,-0.1385764745663103,0.25073907494676306,0.223003609838475,-0.14649132483591484,0.5294117647058824,0.13375867079970144,50.353844104756405,9.158113334801476,0.046060375751896254,1446,0.03718198453287083,0.1453813785131402,0.07164370308544103,"[-0.25, -1.41, 0.79, -0.02]","['net_sharpe', 'dbl_sharpe', 'tri_sharpe', 'ret_2x', 'pos_folds', 'turnover', 'gross_edge']",3,15,2,9,0.6,6
-43.865948830437354,-14.621982943479118,0.3333333333333333,-0.36068194777235385,-0.6622660246938701,-0.9628358803083786,-1.7769636514679081,-0.9915405558657513,0.31349149851742975,0.23341812823603958,-0.28597047915180235,0.35294117647058826,0.12918084779017291,51.84857412880405,-1.540549693135479,0.04749383357191062,1507,0.15471822285681974,-0.18634009016434336,0.062369403205540574,"[-0.46, -1.53, 1.36, -1.78]","['net_sharpe', 'dbl_sharpe', 'tri_sharpe', 'ret_1x', 'ret_2x', 'pos_folds', 'turnover', 'gross_edge', 'short_pnl']",3,15,2,9,0.6,7
-40.34118942285311,-12.41267366857019,0.3076923076923077,-0.4194426350663794,-0.7489513550586359,-1.078277758860693,-1.5338735436944069,-0.5510024874430108,0.3278041912019136,0.22296035531867497,-0.28899351384538885,0.4117647058823529,0.12295516439498425,53.65924355328806,-2.044428139390044,0.04521587058028526,1583,0.5136706550043958,-0.5571008099298367,0.042518941062337834,"[-0.4, -0.63, -0.47, -1.53]","['net_sharpe', 'dbl_sharpe', 'tri_sharpe', 'ret_1x', 'ret_2x', 'pos_folds', 'turnover', 'gross_edge', 'short_pnl']",3,15,2,9,0.6,8
-24.08624486374313,-9.2085535956101,0.3823158673219202,0.06396605543308038,-0.2348255988550016,-0.5318426057769158,-1.2336127852476109,-0.0479711993733519,0.2100477338569825,0.18481002856313133,-0.189966224653677,0.47058823529411764,0.13429631513022594,53.57129814241495,8.939281569077819,0.03530648590838505,1901,0.3123668503878219,-0.12277931979118888,-8.152665602892059e-05,"[-0.57, 0.74, 0.48, -1.23]","['net_sharpe', 'dbl_sharpe', 'tri_sharpe', 'ret_1x', 'ret_2x', 'pos_folds', 'turnover', 'gross_edge', 'short_pnl']",3,15,2,12,0.3,0
-27.09430036537977,-9.410115798848956,0.34730979106118204,-0.0022680886034314217,-0.30462636315775415,-0.6048892410888322,-0.8010429575526488,-0.5036307981374273,0.23868677832139928,0.1815150900894219,-0.1954931384145263,0.47058823529411764,0.12905173905784034,52.18157877728173,7.267758018481331,0.03441372373694164,1904,0.39103978268666395,-0.24090108089303422,0.04563218119072375,"[-0.8, -0.77, 0.96, -0.23]","['net_sharpe', 'dbl_sharpe', 'tri_sharpe', 'ret_1x', 'ret_2x', 'pos_folds', 'turnover', 'gross_edge', 'short_pnl']",3,15,2,12,0.3,1
-12.363393728431763,-9.090232087140837,0.7352537892760201,0.5947495127334849,0.295299171377896,-0.003738435859120589,-0.804628852138056,0.20938965331938947,0.22274720390040081,0.17225510292165558,0.1372844148768012,0.5294117647058824,0.13076481988935024,52.14046823873186,22.303894409957874,0.03326781960348759,1929,0.2258079555126362,0.2345870567419178,0.03656527500889173,"[-0.25, -0.8, 0.67, 1.71]","['net_sharpe', 'dbl_sharpe', 'tri_sharpe', 'pos_folds', 'turnover', 'gross_edge']",3,15,2,12,0.3,2
-35.37517498392156,-13.187171535246364,0.3727803902380721,-0.0076832837277541356,-0.3100224116015496,-0.6108164971719875,-1.8440867896119375,-0.10521240080519621,0.28964071111921064,0.22200064474922054,-0.16752164028630598,0.4117647058823529,0.13196006414247702,53.265357106495735,7.179136257130823,0.03562304705575681,1820,0.32200747557017023,-0.17061927678290406,0.07078787399025233,"[-0.27, -1.84, 0.06, 0.58]","['net_sharpe', 'dbl_sharpe', 'tri_sharpe', 'ret_1x', 'ret_2x', 'pos_folds', 'turnover', 'gross_edge', 'short_pnl']",3,15,2,12,0.3,3
-37.32683657532194,-12.698142414998227,0.34018801430907775,-0.15079987455198104,-0.44761654609157525,-0.7420713361483883,-1.649229113239185,-0.18938193743645532,0.30567733905845484,0.2370526289946382,-0.22050744790265622,0.35294117647058826,0.13492310902745142,53.594074565255724,3.5644341073870587,0.03586050257827717,1877,0.34315546713041845,-0.2675275134597386,0.05731380323327273,"[-0.26, -1.65, 0.34, -0.12]","['net_sharpe', 'dbl_sharpe', 'tri_sharpe', 'ret_1x', 'ret_2x', 'pos_folds', 'turnover', 'gross_edge', 'short_pnl']",3,15,2,12,0.3,4
-1.8546256009444373,-1.3333134700153324,0.7189124690915324,0.4670843816634786,0.14886875121075108,-0.1685105046930579,-0.44272062148185193,0.16173507099603654,0.1711960885638516,0.1367314713014297,0.0630718390313543,0.5294117647058824,0.12344034964946755,52.35485712519542,18.5707647475628,0.034687122265818514,1832,0.2526113101676165,0.1323009548098807,0.07261166686852721,"[0.5, 0.27, -0.44, 0.05]","['net_sharpe', 'dbl_sharpe', 'tri_sharpe', 'turnover', 'gross_edge']",3,15,2,12,0.3,5
18.094037114898704,16.370709928584223,0.90475717633543,0.8769558710846778,0.5799344099899632,0.28326685203114427,-0.5249131689169605,0.7188849845356878,0.163776659215653,0.14184172580573173,0.40923895611665856,0.6470588235294118,0.12520938742262858,49.51659682742106,29.700286618297287,0.032944608639163445,1762,0.3807906620285127,0.20142838885041184,0.08280167162137973,"[1.12, -0.52, 1.36, 0.32]","['turnover', 'gross_edge']",3,15,2,12,0.3,6
-27.658306667349883,-12.828153357161286,0.4638083419728903,0.2566874809691922,-0.026545826875683333,-0.3082718551011629,-1.3031700607224082,-0.24898917725344574,0.2599621173445932,0.23856883842925503,-0.046414563333771704,0.5882352941176471,0.13139528958700358,49.616685216216496,14.399326790056406,0.03331166871595426,1837,0.29372232445693974,-0.010879661595358525,0.04781432429014256,"[-0.03, -0.47, 1.74, -1.3]","['net_sharpe', 'dbl_sharpe', 'tri_sharpe', 'ret_2x', 'pos_folds', 'turnover', 'gross_edge', 'short_pnl']",3,15,2,12,0.3,7
-21.310074633267146,-10.248522845413676,0.48092383634427605,0.21723674349057484,-0.11000570035861666,-0.4355672783788465,-0.6508235533950661,-0.2554315758828654,0.26143944809938513,0.2283696338090201,-0.0783872075081859,0.5882352941176471,0.1211912979462944,52.85897995368957,12.551891057828152,0.03537382577543664,1866,0.47037010010151603,-0.20770466776436908,0.036816150795170685,"[0.59, -0.65, 0.07, -0.58]","['net_sharpe', 'dbl_sharpe', 'tri_sharpe', 'ret_2x', 'pos_folds', 'turnover', 'gross_edge', 'short_pnl']",3,15,2,12,0.3,8
-5.43707492035836,-3.611444884518325,0.6642256980855237,0.5364635968016924,0.22685946946468116,-0.08190071531690098,-0.8355310628261865,0.5184337608473194,0.20784727424059368,0.17267676989187342,0.1001682754200376,0.4117647058823529,0.12494937187662263,51.505600273951444,20.425425607213203,0.03464406626192326,1883,0.5024216907344634,-0.08593555354147504,0.027730799312091218,"[0.72, 0.62, 0.42, -0.84]","['net_sharpe', 'dbl_sharpe', 'tri_sharpe', 'turnover', 'gross_edge', 'short_pnl']",3,15,2,12,0.3,9
-31.07515555921284,-9.700209639957057,0.3121532126033474,-0.2045086593431892,-0.5064745420423353,-0.8070804042415013,-0.7869319460358959,-0.5228094236513021,0.25330914083211575,0.17686702362561202,-0.28079424182834967,0.29411764705882354,0.12903214250921785,51.98264915195082,2.3196705537406355,0.03634507607667469,1843,0.21528756992196593,-0.16755006672061257,0.01563182738374574,"[-0.53, -0.52, -0.19, -0.79]","['net_sharpe', 'dbl_sharpe', 'tri_sharpe', 'ret_1x', 'ret_2x', 'pos_folds', 'turnover', 'gross_edge', 'short_pnl']",3,15,2,12,0.3,10
-44.554399953920715,-13.709046139667914,0.3076923076923077,-0.6000031828910624,-0.9333599327749981,-1.2634512744434363,-1.2381334854622856,-1.0975009692732476,0.4074886470399245,0.30591990237971833,-0.2788993003292073,0.29411764705882354,0.1210001997099835,54.1411575083593,-5.971256237199249,0.03765774847971943,1901,0.11734465637752689,-0.24533235414358517,0.030084415931702482,"[-1.24, -1.08, -0.19, -1.11]","['net_sharpe', 'dbl_sharpe', 'tri_sharpe', 'ret_1x', 'ret_2x', 'pos_folds', 'turnover', 'gross_edge', 'short_pnl']",3,15,2,12,0.3,11
-35.18984405003883,-13.083637753756625,0.37180152703013153,-0.18476349937740585,-0.4491955026457082,-0.7120146268393761,-1.7640503113545074,-0.17857213222707014,0.2550295919711022,0.21727645436460774,-0.2617430671781673,0.35294117647058826,0.13349405045888846,47.18957222924153,2.1734429557882056,0.035789885329119246,1496,-0.015676931236673276,0.05628097332935782,-0.007295371859121835,"[-0.63, 0.27, 0.57, -1.76]","['net_sharpe', 'dbl_sharpe', 'tri_sharpe', 'ret_1x', 'ret_2x', 'pos_folds', 'turnover', 'gross_edge', 'long_pnl']",3,15,2,12,0.45,0
-16.911732200287855,-8.372313837459963,0.49505950888445704,0.2557691484462276,-0.02010031268468196,-0.29501237073071546,-0.8025115187879802,0.04546092628477677,0.24548829867079325,0.1949407144676809,-0.04459694701161496,0.6470588235294118,0.1296155990255181,47.686676158436846,14.274502384438573,0.03411421969059613,1580,0.5597168405361852,-0.29023282346626467,0.04648123719147066,"[-0.8, -0.76, 0.97, 0.85]","['net_sharpe', 'dbl_sharpe', 'tri_sharpe', 'ret_2x', 'pos_folds', 'turnover', 'gross_edge', 'short_pnl']",3,15,2,12,0.45,1
-27.825202178039245,-18.00564452975038,0.6470984258997101,0.3499579754010425,0.06931435478185877,-0.21147975428572294,-1.0669479627600122,-0.2279510131077675,0.2844460809925803,0.21739386717155773,0.0024551784647142004,0.5294117647058824,0.12808296607677974,47.859926274162085,16.6906830205745,0.03452996603169205,1570,0.1934677576072161,0.12277538513511294,0.027258119261308646,"[-0.37, -1.07, -0.09, 1.63]","['net_sharpe', 'dbl_sharpe', 'tri_sharpe', 'pos_folds', 'turnover', 'gross_edge']",3,15,2,12,0.45,2
-46.29611226010385,-16.87561152160006,0.36451465787857945,-0.3666772790128803,-0.6340918185345138,-0.899730604011192,-3.453791388482906,-0.1442886062334079,0.4162325359368747,0.3622416629202515,-0.21718788916708326,0.29411764705882354,0.1347592927864823,48.19940285612834,-2.9730467608009534,0.03708041607988512,1462,0.261410700623487,-0.31814143171432574,0.06629337184116216,"[-0.44, -3.45, 0.15, 0.47]","['net_sharpe', 'dbl_sharpe', 'tri_sharpe', 'ret_1x', 'ret_2x', 'pos_folds', 'turnover', 'gross_edge', 'short_pnl']",3,15,2,12,0.45,3
-39.72189342950934,-14.574007738278537,0.36690113385812384,-0.24268065768322294,-0.508606674072538,-0.7729200284429867,-2.5451380942270116,0.06893357602917244,0.41640377164735176,0.3705646759850728,-0.17918636731817492,0.4117647058823529,0.13429316056965665,47.748225994596,0.519084530911357,0.03686039753080386,1464,0.23122567145148015,-0.22141338292098495,0.05831625808741733,"[-0.64, -2.55, 1.1, 0.78]","['net_sharpe', 'dbl_sharpe', 'tri_sharpe', 'ret_1x', 'ret_2x', 'pos_folds', 'turnover', 'gross_edge', 'short_pnl']",3,15,2,12,0.45,4
-20.492688268261134,-12.181491713746812,0.5944311236419568,0.332331784025939,0.0456471209858589,-0.24085867195375602,-0.6561481576045015,-0.14567122338848915,0.2298289221419505,0.19490715238035428,-0.007945958461410675,0.4117647058823529,0.12124024214570808,46.31266707341811,16.2694260644542,0.0354875146367068,1397,0.1596788009424479,0.13861690891893885,0.0763808960473463,"[0.3, -0.59, -0.66, 0.89]","['net_sharpe', 'dbl_sharpe', 'tri_sharpe', 'ret_2x', 'pos_folds', 'turnover', 'gross_edge']",3,15,2,12,0.45,5
-3.251263842181498,-2.4021066569725886,0.7388224313905108,0.5434410764369838,0.26670959967539754,-0.00943702356978878,-0.9159491563383569,0.43729797072237775,0.2050241122352372,0.18681673154250544,0.12572879693080533,0.6470588235294118,0.12416992440341022,45.798707697395095,22.290108176350117,0.034063044911689905,1497,0.04505346850578977,0.3590944835977183,0.08355304336197303,"[0.92, -0.92, 1.13, -0.05]","['net_sharpe', 'dbl_sharpe', 'tri_sharpe', 'pos_folds', 'turnover', 'gross_edge']",3,15,2,12,0.45,6
-23.281678775612356,-11.131868783483156,0.47813857801112825,0.21072905328460528,-0.02950530642392506,-0.26868897963658156,-0.9093792685938179,-0.297247456926789,0.22640761067537218,0.21083114152871185,-0.05786885951445075,0.5294117647058824,0.13550474255948364,43.38828298185313,14.183527339188117,0.033029417469407796,1430,0.29480175880810017,-0.05117123622528602,0.04841852007539692,"[-0.28, -0.31, 1.56, -0.91]","['net_sharpe', 'dbl_sharpe', 'tri_sharpe', 'ret_2x', 'pos_folds', 'turnover', 'gross_edge', 'short_pnl']",3,15,2,12,0.45,7
-15.806797977854817,-7.288547629320417,0.46110209288001325,0.25436648077557794,-0.05262828805362262,-0.3581748931325492,-0.3966923698193905,-0.19476385849559846,0.26267081494627986,0.20962983060814233,-0.05305711839714631,0.5882352941176471,0.12280331075379748,50.246976365852824,13.721430925494651,0.035894128703996,1524,0.36739540790618075,-0.09444464070605124,0.041355110829750436,"[0.52, -0.39, -0.0, -0.4]","['net_sharpe', 'dbl_sharpe', 'tri_sharpe', 'ret_2x', 'pos_folds', 'turnover', 'gross_edge', 'short_pnl']",3,15,2,12,0.45,8
-9.393950681274632,-5.969685397226733,0.6354818754931688,0.4487512898991939,0.1786233337973177,-0.09072631012045755,-0.7718289780378473,0.3115799157847619,0.206908381797272,0.1858849420385581,0.07131771084302363,0.47058823529411764,0.12668471781710172,45.552456819238756,19.940408301818003,0.034151073991086474,1491,0.4203884672043191,-0.06078751382271058,0.029571101999289175,"[-0.02, 1.04, 0.64, -0.77]","['net_sharpe', 'dbl_sharpe', 'tri_sharpe', 'pos_folds', 'turnover', 'gross_edge', 'short_pnl']",3,15,2,12,0.45,9
-40.01240362887636,-13.628109169422796,0.340597113230848,-0.36119808298643585,-0.6402726495164721,-0.9176852337372128,-1.271538226946315,-0.7536193316855879,0.3039335531375833,0.226709678548918,-0.28359053865069883,0.29411764705882354,0.12776455675953666,47.63927153330773,-2.234353734835269,0.03680966379200121,1548,0.34261676340643843,-0.38475652019487017,0.013946544318465273,"[-0.75, -0.75, 0.28, -1.27]","['net_sharpe', 'dbl_sharpe', 'tri_sharpe', 'ret_1x', 'ret_2x', 'pos_folds', 'turnover', 'gross_edge', 'short_pnl']",3,15,2,12,0.45,10
-40.95582010574269,-12.77039093969341,0.31180894209228127,-0.4760462771202169,-0.7816509262865998,-1.0844836156271165,-1.0684873036497184,-0.7940902754356609,0.3573680550205016,0.2594217753235365,-0.2666141514429009,0.23529411764705882,0.1186886663519574,48.66209382000858,-4.155596796875892,0.03808019575388907,1561,0.29322822939767923,-0.3732852046155227,0.033138884405243714,"[-0.67, -0.92, -0.45, -1.07]","['net_sharpe', 'dbl_sharpe', 'tri_sharpe', 'ret_1x', 'ret_2x', 'pos_folds', 'turnover', 'gross_edge', 'short_pnl']",3,15,2,12,0.45,11
-31.001833429491835,-12.229881700799941,0.39448898171182795,-0.08831179823563155,-0.30646394018106826,-0.5235776075026068,-2.196383303123908,0.24140170736340644,0.297287214115907,0.2817769240117455,-0.17472416892315829,0.4117647058823529,0.141135383984139,41.10319134465893,4.232709974938155,0.03534691595454312,1142,0.11680169430418656,-0.04792551672359846,-0.018006115413055853,"[-0.08, 0.56, 0.78, -2.2]","['net_sharpe', 'dbl_sharpe', 'tri_sharpe', 'ret_1x', 'ret_2x', 'pos_folds', 'turnover', 'gross_edge', 'short_pnl']",3,15,2,12,0.6,0
-22.811952779762716,-9.309671032023537,0.408104958041228,0.04273225177428243,-0.2090603643685725,-0.46038626080308204,-0.9430536498201263,-0.12608905232860346,0.24374303811504694,0.19412442418048348,-0.1326392857749914,0.5882352941176471,0.12173212005527972,40.8156606396153,8.71635594944225,0.03561717288184148,1104,0.29042747813577496,-0.14958399067954736,0.046532838384751044,"[-0.88, -0.94, 0.66, 0.63]","['net_sharpe', 'dbl_sharpe', 'tri_sharpe', 'ret_1x', 'ret_2x', 'pos_folds', 'turnover', 'gross_edge', 'short_pnl']",3,15,2,12,0.6,1
-31.5674095144738,-18.907812117156077,0.5989662252294335,0.27515060701607524,0.03525972132549736,-0.20420089543276354,-0.9676159287650828,-0.2895803757219288,0.32312633553997894,0.26780017122513833,-0.012634389577301152,0.4117647058823529,0.13236027249768073,42.31010068070524,15.913623484923615,0.03488212505896613,1176,0.2562308834341821,0.010324906185440463,0.02733210908346406,"[-0.97, -0.82, 0.24, 1.85]","['net_sharpe', 'dbl_sharpe', 'tri_sharpe', 'ret_2x', 'pos_folds', 'turnover', 'gross_edge']",3,15,2,12,0.6,2
-50.37091617080108,-19.15995806663791,0.38037739876854804,-0.6519417786913929,-0.896298647859263,-1.138143086883338,-3.386445135577609,-0.38683729671572303,0.4786587016518574,0.4368116830477323,-0.24794308185012415,0.23529411764705882,0.13091819730855625,43.04401206688855,-12.514729665548488,0.038903425722437955,1138,0.19574457576729964,-0.4090044750812728,0.06783476784255854,"[-0.85, -3.39, 0.08, 0.44]","['net_sharpe', 'dbl_sharpe', 'tri_sharpe', 'ret_1x', 'ret_2x', 'pos_folds', 'turnover', 'gross_edge', 'short_pnl']",3,15,2,12,0.6,3
-49.353012031354304,-13.80211658426992,0.2796610787503981,-0.7273880950840957,-0.9596483331351126,-1.1901477445498083,-2.830981578057771,-0.528123647179177,0.4766052199124772,0.44068123458827446,-0.27519058120158274,0.35294117647058826,0.13641913711072642,42.443482739453955,-16.096284774020738,0.03838375126999719,1141,-0.0801975533286671,-0.19026780181916175,0.07232721826664637,"[-0.81, -2.83, 0.92, -0.24]","['net_sharpe', 'dbl_sharpe', 'tri_sharpe', 'ret_1x', 'ret_2x', 'pos_folds', 'turnover', 'gross_edge', 'long_pnl', 'short_pnl']",3,15,2,12,0.6,4
-13.056304186633756,-9.143058382307926,0.7002792100744732,0.354377654246846,0.09968299630379383,-0.15504517832690468,-0.6512562490024514,-0.08056107896038392,0.17816206601111484,0.16085018670877682,0.02647433254037686,0.4117647058823529,0.12204572604934316,41.40674162017202,18.035786747688874,0.03468231420740307,1132,0.11041800757928545,0.18523420304244592,0.07990041049446799,"[0.13, -0.65, -0.29, 1.13]","['net_sharpe', 'dbl_sharpe', 'tri_sharpe', 'pos_folds', 'turnover', 'gross_edge']",3,15,2,12,0.6,5
-10.11234282107791,-8.628018407847794,0.8532165651923679,0.4796013181891046,0.24125325449462534,0.0037591774598049227,-1.2321981887105509,0.5269262261805667,0.25534128425266345,0.23694035979113415,0.08760683350325837,0.5882352941176471,0.12284199818995513,38.991416238852935,22.77855361317071,0.03360984900678065,1156,0.25429561582535776,0.09732160452710548,0.07794285875711365,"[0.37, -1.23, 1.48, 0.68]","['net_sharpe', 'dbl_sharpe', 'turnover', 'gross_edge']",3,15,2,12,0.6,6
-14.645572698541661,-10.257259214636441,0.7003658665842281,0.2964512063478858,0.09027895535086904,-0.11528689451960679,-0.5285949810018936,-0.2314065478397194,0.23229146251261734,0.2193999482986967,0.011556384127168553,0.6470588235294118,0.14275349440079896,39.19881999067078,18.196819196741373,0.033373192605677976,1151,0.024468434930763783,0.2579177565592363,0.040595646634839624,"[-0.48, 0.02, 1.63, -0.53]","['net_sharpe', 'dbl_sharpe', 'tri_sharpe', 'pos_folds', 'turnover', 'gross_edge']",3,15,2,12,0.6,7
-3.344833058920386,-2.054444982520739,0.6142145052775381,0.3374098745354575,0.08022970349739704,-0.17590871777439024,-0.35663826776304897,0.11914133243770007,0.20568433824064247,0.16808613644049164,0.011018306050988068,0.6470588235294118,0.12388984967389652,42.444106264093925,17.346576093638795,0.0343124019507133,1174,0.5194504324733697,-0.22797219055340226,0.041701112508445076,"[0.43, -0.36, 0.3, -0.06]","['net_sharpe', 'dbl_sharpe', 'tri_sharpe', 'pos_folds', 'turnover', 'gross_edge', 'short_pnl']",3,15,2,12,0.6,8
-9.647460749080265,-7.426752403138426,0.7698142129105269,0.5301010220724606,0.30121744857759486,0.07315213356536224,-0.8054619235080817,0.2700714909524073,0.2030811249703831,0.17344698399132563,0.15147904637052456,0.47058823529411764,0.12707327313104122,38.68317395197116,24.927355380130543,0.03358179895741054,1068,0.466693947678927,-0.08494900818303114,0.025259883946869795,"[-0.1, 1.71, 0.64, -0.81]","['net_sharpe', 'dbl_sharpe', 'pos_folds', 'turnover', 'gross_edge', 'short_pnl']",3,15,2,12,0.6,9
-39.471159954549805,-14.516750590573391,0.3677812004331547,-0.34420863428084086,-0.5695291840000527,-0.7932633660513337,-1.4496715245037461,-0.8616035570368734,0.286755935768224,0.22718373146818038,-0.2736921258472126,0.4117647058823529,0.1286103776323985,38.804443192558054,-3.8456552393770784,0.035539382722365676,1108,0.23877027228786263,-0.2978484085472477,0.012075294431080531,"[-0.38, -1.34, 0.89, -1.45]","['net_sharpe', 'dbl_sharpe', 'tri_sharpe', 'ret_1x', 'ret_2x', 'pos_folds', 'turnover', 'gross_edge', 'short_pnl']",3,15,2,12,0.6,10
-49.545145459499466,-16.39764511390273,0.33096370919542334,-0.9305724245929373,-1.1886701680931855,-1.4438597095026242,-1.5335094500551216,-1.3103454103541075,0.47834099453109347,0.40977385098360375,-0.29624320221462397,0.17647058823529413,0.12186460151312388,42.4367945114874,-19.26479231339381,0.03842278668792156,1237,0.2455102946530167,-0.5691649706162807,0.028784272900592694,"[-1.14, -1.48, -0.53, -1.53]","['net_sharpe', 'dbl_sharpe', 'tri_sharpe', 'ret_1x', 'ret_2x', 'pos_folds', 'turnover', 'gross_edge', 'short_pnl']",3,15,2,12,0.6,11
-25.506774736891977,-12.228760284784789,0.47943185333807026,0.1364063507727437,-0.08598703924907189,-0.3074666469291258,-0.9646007826021933,-0.18317469432687208,0.23000971991953256,0.19034700344956734,-0.08710812657570344,0.4117647058823529,0.13242272982758863,39.23609864667681,11.928670698508903,0.026469237196972986,1466,0.36963613087022035,-0.18434576022313687,0.06275704954818256,"[0.57, -0.22, -0.96, -0.15]","['net_sharpe', 'dbl_sharpe', 'tri_sharpe', 'ret_2x', 'pos_folds', 'turnover', 'gross_edge', 'short_pnl']",3,15,2,15,0.3,0
-42.489110111376384,-15.533903988302802,0.36559730122810047,-0.37317610129844825,-0.6005555105280169,-0.8262497769199563,-1.6266343477314327,-0.7938419935439502,0.3234578306931647,0.2643802271662642,-0.2565821934389414,0.35294117647058826,0.12975853679786523,39.51421043420067,-4.839244527438236,0.027301940808096364,1475,0.17465423451008694,-0.2503559739447819,0.043459412129623946,"[-0.18, -1.41, -1.63, 0.37]","['net_sharpe', 'dbl_sharpe', 'tri_sharpe', 'ret_1x', 'ret_2x', 'pos_folds', 'turnover', 'gross_edge', 'short_pnl']",3,15,2,15,0.3,1
-15.398841841420861,-8.460225348958694,0.5494066005796487,0.2715875799940223,0.03863948201274706,-0.1933790931762457,-1.4499989437981793,0.25547046108984456,0.23079436817976184,0.1962862671915363,-0.016855815533767703,0.7058823529411765,0.13475314625815293,41.82474367488524,15.940484620512828,0.026995007956037417,1542,0.28318180085947986,-0.01923901801626151,0.04606510757191015,"[0.21, 0.3, -1.45, 0.65]","['net_sharpe', 'dbl_sharpe', 'tri_sharpe', 'ret_2x', 'turnover', 'gross_edge', 'short_pnl']",3,15,2,15,0.3,2
-21.426663791398102,-13.211015107893578,0.6165689272259567,0.3485788953100202,0.14482023180241066,-0.058218820564579256,-0.4732743453858928,-0.3480961784863016,0.2785444595030616,0.23820807104558483,0.03774597375516094,0.47058823529411764,0.14174416989937447,38.50825051917481,19.881146345149986,0.02572447513946936,1494,0.5884197162990825,-0.2853307034011616,0.036969443285592665,"[1.18, -0.27, -0.43, -0.47]","['net_sharpe', 'dbl_sharpe', 'tri_sharpe', 'pos_folds', 'turnover', 'gross_edge', 'short_pnl']",3,15,2,15,0.3,3
-28.072223996668278,-14.324806207944183,0.5102839806936674,0.17295267247027327,-0.05306714585720732,-0.27751005413235835,-1.1621367838416108,-0.12453133126088145,0.24979523245612045,0.1912219138292356,-0.061625076151283854,0.4117647058823529,0.13051320520034668,39.39271193294604,13.061708763240437,0.026636126399992906,1516,0.44433274452739774,-0.24063282430626867,0.03572025140446141,"[0.85, -1.16, 0.07, -0.32]","['net_sharpe', 'dbl_sharpe', 'tri_sharpe', 'ret_2x', 'pos_folds', 'turnover', 'gross_edge', 'short_pnl']",3,15,2,15,0.3,4
51.41145010712334,49.124595728289016,0.9555185785643212,1.3708768254396753,1.1317747125170528,0.8926121902315362,-0.13028187880685954,1.1998329883774101,0.10148357874184921,0.0849970014926289,1.405693265651686,0.5294117647058824,0.12446775006202661,39.45646196659562,50.59370558438666,0.025283036722073618,1466,0.777836683518621,0.012459003084546574,0.04022268906354259,"[1.91, -0.13, 0.82, 1.58]",['turnover'],3,15,2,15,0.3,5
-9.810348969221451,-7.80148153102932,0.7952297676163548,0.5783475678187235,0.33503565469387253,0.09126082544564611,-1.0189430337238654,0.4474232281474565,0.271960508252841,0.2202977524412263,0.13125789616270597,0.6470588235294118,0.12977531005916693,42.0979840666524,25.156022900702336,0.027709584115421952,1462,0.6357753448236428,-0.21652033247783786,0.023853188201285052,"[0.96, 0.18, -1.02, 0.72]","['net_sharpe', 'dbl_sharpe', 'turnover', 'gross_edge', 'short_pnl']",3,15,2,15,0.3,6
-9.996967841950802,-6.345341904717479,0.6347266496237176,0.40518057861931595,0.15167795979654894,-0.1020590374832028,-1.1635127980008662,0.44879656844712246,0.20738985689757083,0.18067552050717772,0.054468777569832275,0.47058823529411764,0.12664599872952567,42.82482787709966,19.517650026336245,0.02809020125145197,1493,0.45981245027768014,-0.12891140801655798,0.034988890483704134,"[-0.04, 0.94, 1.14, -1.16]","['net_sharpe', 'dbl_sharpe', 'tri_sharpe', 'pos_folds', 'turnover', 'gross_edge', 'short_pnl']",3,15,2,15,0.3,7
-19.45536010482635,-11.152148185238064,0.5732172586449076,0.10783220940119391,-0.12330774118462093,-0.3551134333262077,-0.592693817732932,-0.0465340239069696,0.21443529907318104,0.17108179801966183,-0.11469070211489794,0.23529411764705882,0.13177254997213295,40.51821594611899,10.843842872415959,0.027297402362746415,1491,0.08954054376976561,0.08440307995353069,0.04926294793887133,"[0.08, -0.17, 0.16, -0.59]","['net_sharpe', 'dbl_sharpe', 'tri_sharpe', 'ret_2x', 'pos_folds', 'turnover', 'gross_edge']",3,15,2,15,0.3,8
-35.19580143651455,-15.645225470825407,0.4445196538299018,-0.13628852083029167,-0.3671435517812814,-0.5969615723128451,-1.2939733943633887,-0.7580551258799334,0.26380964053811873,0.23266821976104302,-0.21162619588439052,0.47058823529411764,0.13224254041091663,40.769213238485456,3.047627839792311,0.028205019237109195,1535,0.033378890526269786,0.015810251254030017,0.01944674364951269,"[-1.29, -0.3, 1.88, -1.22]","['net_sharpe', 'dbl_sharpe', 'tri_sharpe', 'ret_1x', 'ret_2x', 'pos_folds', 'turnover', 'gross_edge']",3,15,2,15,0.3,9
-49.0007271443867,-17.767212980747054,0.3625908025485778,-0.8258831721176805,-1.026001589035118,-1.2248718926096942,-2.75573392534368,-0.3508870613506372,0.49447815488320646,0.46386885272681133,-0.31101042607190227,0.29411764705882354,0.1511499783220762,40.49132250504555,-23.70552776546463,0.028118102598235863,1566,0.18708906262272396,-0.5670916668722868,0.037781424368887415,"[-2.76, -0.3, 0.56, -0.4]","['net_sharpe', 'dbl_sharpe', 'tri_sharpe', 'ret_1x', 'ret_2x', 'pos_folds', 'turnover', 'gross_edge', 'short_pnl']",3,15,2,15,0.3,10
-31.989388762635986,-10.434236156693807,0.32617804091590297,-0.2700862169128481,-0.5606823375116645,-0.8494074182349687,-0.8026006343740283,-0.5984361163796058,0.2684132600512902,0.17848239272926736,-0.2547812223565908,0.35294117647058826,0.11444716388577013,44.42615061336875,0.6944222576595487,0.02931009513754606,1596,0.05312685942597446,-0.04091343921155131,0.03787427252447459,"[-0.48, -0.71, -0.25, -0.8]","['net_sharpe', 'dbl_sharpe', 'tri_sharpe', 'ret_1x', 'ret_2x', 'pos_folds', 'turnover', 'gross_edge', 'short_pnl']",3,15,2,15,0.3,11
2.105901919449101,1.600084757297911,0.7598097245271942,0.4649114902052797,0.20288468379465974,-0.05820129926082448,-0.318251327141043,0.1283754442429537,0.15289916698662387,0.1341196684212983,0.11150856968742363,0.47058823529411764,0.11680416118972352,40.77405407677589,20.863194063145606,0.027639758094232872,1460,0.18941340816342644,0.14736146012574614,0.06431541288498936,"[0.26, -0.32, 0.9, 0.0]","['net_sharpe', 'dbl_sharpe', 'tri_sharpe', 'turnover', 'gross_edge']",3,15,2,15,0.3,12
8.869335102873997,7.888157976904449,0.8893742186320586,0.700868239049283,0.45842016955297926,0.21607012336330694,-0.7423944263934468,0.559158638882682,0.1674440445914228,0.14692609943313284,0.30451313322366164,0.6470588235294118,0.12556421308855992,40.55643613815974,28.981199326356926,0.026551397060918764,1473,0.35925034415168833,0.1060690149571451,0.04725927495811926,"[1.33, -0.74, 1.23, -0.12]","['net_sharpe', 'dbl_sharpe', 'pos_folds', 'turnover', 'gross_edge']",3,15,2,15,0.3,13
-20.680180064358098,-10.337638762952176,0.49988146770389597,0.15543379952527347,-0.09896481555018921,-0.3522294205593759,-1.0415618930814756,-0.016437261865791118,0.20550111848509112,0.18719598020619255,-0.09500048060376855,0.47058823529411764,0.12274249078176477,41.66071506026376,12.15715065951759,0.027996422836222733,1488,0.33946140341255626,-0.1389525741166949,0.05294030682105168,"[0.04, -1.04, -0.07, 0.58]","['net_sharpe', 'dbl_sharpe', 'tri_sharpe', 'ret_2x', 'pos_folds', 'turnover', 'gross_edge', 'short_pnl']",3,15,2,15,0.3,14
-31.855528778522093,-12.157270593121625,0.3816376955361797,-0.22387208234358494,-0.41682570062839847,-0.608646710628191,-1.0563097703030973,-0.4776651673264392,0.2641600470004789,0.2319966489915234,-0.23631503609590299,0.47058823529411764,0.13295455803080622,34.301082284074916,-1.1741383996274075,0.02593128161287671,1219,0.10547943812479851,-0.12142361478385313,0.07257653092327822,"[0.02, -0.41, -1.06, -0.54]","['net_sharpe', 'dbl_sharpe', 'tri_sharpe', 'ret_1x', 'ret_2x', 'pos_folds', 'turnover', 'gross_edge', 'short_pnl']",3,15,2,15,0.45,0
-41.6900855961623,-16.888415817916997,0.4050942946366037,-0.2852270109422255,-0.4879322015998502,-0.6893217927604997,-2.078643557274143,-0.6532400806819819,0.35901928982529363,0.319262345149425,-0.19230839126085228,0.5294117647058824,0.12910376323381237,35.01102090977048,-3.0063048035735043,0.02711176611915018,1155,0.3843190274655786,-0.4259879977367937,0.04926165288387575,"[0.27, -1.58, -2.08, 0.9]","['net_sharpe', 'dbl_sharpe', 'tri_sharpe', 'ret_1x', 'ret_2x', 'pos_folds', 'turnover', 'gross_edge', 'short_pnl']",3,15,2,15,0.45,1
-19.984734706142223,-13.22491738572226,0.6617509604296943,0.33901603550654547,0.12530427034335,-0.08770873223003867,-1.6335570261042527,0.2701106677200325,0.2951994918417331,0.26477053568580367,0.026565704512385047,0.7058823529411765,0.13606293164722028,38.706648094834186,19.06599297238043,0.027680537164306563,1237,0.3756353893961098,-0.08347591448927744,0.037806279480784556,"[0.24, 0.3, -1.63, 1.02]","['net_sharpe', 'dbl_sharpe', 'tri_sharpe', 'turnover', 'gross_edge', 'short_pnl']",3,15,2,15,0.45,2
-14.009991804481775,-10.900630036818514,0.7780611287246735,0.47091813541697264,0.2919252753010511,0.11329342557654123,-0.80026661447851,0.0729770348649138,0.2251218669397138,0.20775411932650434,0.14443888046709394,0.5882352941176471,0.14621210557506623,34.85441130573611,26.79224956440862,0.02569426913411048,1154,0.5489313280390635,-0.17923774325853456,0.04105263292238821,"[1.45, -0.06, 0.21, -0.8]","['net_sharpe', 'dbl_sharpe', 'pos_folds', 'turnover', 'gross_edge', 'short_pnl']",3,15,2,15,0.45,3
-21.611950047803873,-11.654811847175266,0.5392762717568647,0.11573261690681516,-0.09021716186239934,-0.2947262763305277,-1.3692905598492933,0.1479286263348187,0.22828189875414284,0.18279329982331405,-0.0874722362367312,0.5294117647058824,0.12948359823842973,35.64133143466258,11.663160763689001,0.02641811141669853,1222,0.5026281363442966,-0.33806022244783174,0.04296592639575702,"[0.52, -1.37, 0.09, 0.21]","['net_sharpe', 'dbl_sharpe', 'tri_sharpe', 'ret_2x', 'turnover', 'gross_edge', 'short_pnl']",3,15,2,15,0.45,4
59.96598264928107,53.1654123226652,0.8865928643846313,1.3932557520916609,1.170703889664524,0.9478672848770707,0.027744424552986754,1.23836766519171,0.09877703741951993,0.09098838338343862,1.5052896340192368,0.6470588235294118,0.1248853020909897,36.857319074994834,54.562471350994834,0.02552500943071238,1222,0.8469241301674426,-0.05077805584686516,0.04421754450951918,"[1.93, 0.03, 1.23, 1.24]","['turnover', 'short_pnl']",3,15,2,15,0.45,5
8.08088890073657,6.955992952289956,0.86079551862864,0.7330269801352612,0.5179138943376813,0.30241515294281346,-0.32476376479239666,0.397740496704101,0.1918446982375166,0.17220197726108755,0.32583050594170443,0.5882352941176471,0.13440782561347597,38.58887612022528,32.704522472490176,0.027873318862543635,1157,0.5143726593714757,-0.014746780673213333,0.028702395015226655,"[0.73, -0.32, 0.06, 1.28]","['net_sharpe', 'turnover', 'gross_edge', 'short_pnl']",3,15,2,15,0.45,6
-7.419413804805604,-4.948101577006903,0.6669127382815586,0.42470470982722386,0.20226756631683132,-0.020800338029759603,-0.8116993779721249,0.34650479708091814,0.18956479071928245,0.1751579952758412,0.09297301390261463,0.4117647058823529,0.12450505178824753,36.97099910714705,21.86491501447146,0.028082147526733416,1166,0.6037442428790687,-0.2837192007487885,0.03199943593184688,"[-0.21, 0.9, 1.11, -0.81]","['net_sharpe', 'dbl_sharpe', 'tri_sharpe', 'pos_folds', 'turnover', 'gross_edge', 'short_pnl']",3,15,2,15,0.45,7
-16.194757078341528,-8.298370320993028,0.5124109167460786,0.16249929172050986,-0.05559690716057643,-0.2745326621804128,-0.6013075624314022,0.06495851926375895,0.21874706185286052,0.18935257316955278,-0.07252740776381963,0.4117647058823529,0.1318438701768719,38.25412110872526,12.868639229229178,0.027934010052979213,1240,-0.03273617809498142,0.22762450926546657,0.04316623929436664,"[0.16, 0.25, -0.03, -0.6]","['net_sharpe', 'dbl_sharpe', 'tri_sharpe', 'ret_2x', 'pos_folds', 'turnover', 'gross_edge', 'long_pnl']",3,15,2,15,0.45,8
-42.061027767648284,-12.520328167594908,0.2976705238102874,-0.3411548106398199,-0.5455117832923806,-0.7489923153901712,-1.7992095163299502,-0.7196831844060493,0.32053143992078115,0.2912872161815766,-0.24654093056963663,0.4117647058823529,0.13410639670685054,36.59041309498992,-5.040059635283578,0.028708515617429885,1267,-0.00809057031652713,-0.06491869368163808,0.014613725349177487,"[-1.8, -0.34, 1.67, -1.1]","['net_sharpe', 'dbl_sharpe', 'tri_sharpe', 'ret_1x', 'ret_2x', 'pos_folds', 'turnover', 'gross_edge', 'long_pnl', 'short_pnl']",3,15,2,15,0.45,9
-49.67677919192895,-18.44122522568918,0.371224252571619,-0.8386420796970617,-1.020526509399468,-1.2012836276022645,-2.780464153773723,-0.4137568122198578,0.5021018622874236,0.4763481128923407,-0.3122513394181413,0.29411764705882354,0.15486454770674155,37.68545124755716,-27.469232093023937,0.02868954256759718,1289,0.07672442368886329,-0.48654637927722144,0.03268876710514808,"[-2.78, -0.34, 0.75, -0.49]","['net_sharpe', 'dbl_sharpe', 'tri_sharpe', 'ret_1x', 'ret_2x', 'pos_folds', 'turnover', 'gross_edge', 'short_pnl']",3,15,2,15,0.45,10
-38.92201796387194,-14.350739876678098,0.36870492917398817,-0.4426762679609448,-0.69803746503145,-0.9520484949917292,-1.0288734382986133,-0.9386079508151874,0.30950736982709093,0.23415275778034428,-0.2645754096642248,0.29411764705882354,0.11312297234862162,38.50423135178719,-5.3240662522088344,0.030145327902764568,1212,0.09182470348509307,-0.1729818730007195,0.037851121518470913,"[-0.86, -1.02, 0.22, -1.03]","['net_sharpe', 'dbl_sharpe', 'tri_sharpe', 'ret_1x', 'ret_2x', 'pos_folds', 'turnover', 'gross_edge', 'short_pnl']",3,15,2,15,0.45,11
-12.772792573865253,-7.2392142386129334,0.5667683239000749,0.17922511897555302,-0.06253276364970045,-0.30284366184711836,-0.8509039916921762,-0.1607151301665482,0.14710197022103577,0.1413246892119555,-0.0964834654363046,0.47058823529411764,0.11748711771384644,37.90909751593154,13.079495171418442,0.029018715607626366,1201,0.16182589319848667,0.034469184796993006,0.06273207200757637,"[-0.19, -0.14, 1.11, -0.85]","['net_sharpe', 'dbl_sharpe', 'tri_sharpe', 'ret_2x', 'pos_folds', 'turnover', 'gross_edge']",3,15,2,15,0.45,12
-7.466577135271521,-6.016274571116498,0.8057607203568676,0.5365445702944606,0.31710540585563834,0.09768753845563743,-1.1727923509448865,0.5552539499315852,0.2177857142060009,0.19954494629387876,0.14928780013272705,0.47058823529411764,0.12573554711898152,36.76665627885286,25.626563648561664,0.026922935107760674,1207,0.44371113190389594,-0.07070197635263456,0.04757121820147103,"[1.07, -1.17, 1.34, 0.04]","['net_sharpe', 'dbl_sharpe', 'turnover', 'gross_edge', 'short_pnl']",3,15,2,15,0.45,13
-22.969562455816032,-15.708009418779008,0.6838619346360969,0.3448183606112014,0.10114605660991773,-0.14219645871907277,-0.9404661764798637,-0.2671706341894226,0.21854204972617197,0.18503166366016743,0.02285638705121734,0.47058823529411764,0.11789630052092194,38.26851374417753,18.171892108767658,0.02858790107483701,1183,0.2208990045707015,0.054407661928590395,0.05766639037599043,"[-0.06, -0.94, -0.47, 1.88]","['net_sharpe', 'dbl_sharpe', 'tri_sharpe', 'pos_folds', 'turnover', 'gross_edge']",3,15,2,15,0.45,14
-39.65343203688804,-11.483442634131073,0.28959517611107344,-0.47815011704240745,-0.66248224451269,-0.8452790709095401,-1.2756461196249962,-0.5975236296840944,0.3153162100768486,0.24926307408907844,-0.27513016906419985,0.29411764705882354,0.12476637650125072,30.881567763901135,-11.72080166592094,0.02807522443411196,898,-0.08603001802427183,-0.057265180918450675,0.05802555119566645,"[-0.47, -0.59, -0.61, -1.28]","['net_sharpe', 'dbl_sharpe', 'tri_sharpe', 'ret_1x', 'ret_2x', 'pos_folds', 'turnover', 'gross_edge', 'long_pnl', 'short_pnl']",3,15,2,15,0.6,0
-47.88768843900316,-18.679076073114484,0.3900600902235428,-0.48751735439273464,-0.6608526169543746,-0.8330600838979911,-2.356335941911427,-0.9773609231234405,0.4069637938383571,0.3711754382455279,-0.2323205385000786,0.4117647058823529,0.1358251549491302,31.563804010681917,-13.707976261644395,0.028335009864607776,875,0.19612733861685339,-0.3674195690203128,0.019445361721478482,"[-0.03, -1.93, -2.36, 0.92]","['net_sharpe', 'dbl_sharpe', 'tri_sharpe', 'ret_1x', 'ret_2x', 'pos_folds', 'turnover', 'gross_edge', 'short_pnl']",3,15,2,15,0.6,1
-10.633906757555993,-8.294334727421706,0.7799894165451574,0.4733125836875274,0.2862656285433905,0.09931374859298261,-0.604115881141532,-0.0003925521359565594,0.21938039844899326,0.18310133129394346,0.13684346840290842,0.6470588235294118,0.13493913330400728,33.60789949143969,26.133589655271077,0.02736422567720002,934,0.5545976592453745,-0.20688906918218297,0.03568241249320252,"[-0.03, 0.03, -0.6, 1.47]","['net_sharpe', 'dbl_sharpe', 'pos_folds', 'turnover', 'gross_edge', 'short_pnl']",3,15,2,15,0.6,2
-7.676223706661249,-5.956710872964423,0.7759949554095625,0.3355150483118403,0.174283112913137,0.013662125564474777,-0.5910317225308909,0.21796980287861054,0.19554652364666925,0.18436816294576652,0.07601171718062613,0.47058823529411764,0.14494420506624597,31.132393977141508,22.610805727755977,0.02570022861355271,912,0.41781392239921866,-0.13913537447524058,0.039397563930238064,"[0.79, 0.02, 0.41, -0.59]","['net_sharpe', 'dbl_sharpe', 'turnover', 'gross_edge', 'short_pnl']",3,15,2,15,0.6,3
23.01363702050029,20.8277962180745,0.9050197584815182,0.8968899172831104,0.7087592837729658,0.5214313121630026,-0.02469097811458473,0.4017232673877433,0.1769455518638341,0.14822471063761178,0.47423292860307886,0.7058823529411765,0.12418009175711828,30.868578493506572,43.626385520804185,0.025952628740934743,848,0.6238922705096603,-0.09075278806189255,0.06338894835330532,"[1.82, -0.02, 0.27, 0.53]","['turnover', 'short_pnl']",3,15,2,15,0.6,4
69.96725091819235,63.17437909329911,0.9029135526156994,1.416754198882986,1.2313576230957402,1.0454636904307915,0.3894469855201049,1.2545689088579153,0.09573883691440443,0.08787566278595871,1.6866900207094015,0.5882352941176471,0.1280943244219812,31.553095399897696,64.8753044153243,0.02418886396312103,918,1.0137074739185552,-0.20331320346405662,0.05519460992876127,"[1.5, 0.39, 1.0, 1.82]","['turnover', 'short_pnl']",3,15,2,15,0.6,5
32.584384149150715,29.349530896208734,0.9007238179449742,0.993784327733647,0.8093226918588939,0.6240623890740673,-0.18777329891857894,0.7245837606656431,0.14891669453092193,0.12364461061180887,0.6858751907002093,0.7058823529411765,0.13068135463581623,32.26475916788341,47.29431397681003,0.02748452788494349,848,0.6490603013539217,-0.04495542603005992,0.026227181883374577,"[1.44, 0.01, -0.19, 1.46]","['turnover', 'short_pnl']",3,15,2,15,0.6,6
-12.967708375818216,-11.241013668202058,0.8668465809397715,0.4711002562148853,0.2871094643346488,0.10200461011694568,-1.1757025084562058,0.1933311348840162,0.18567871457263196,0.16684951451571317,0.15308841468714654,0.47058823529411764,0.12471181047948456,30.70320167654038,26.694908146962952,0.027886725531843216,843,0.3112838084102834,0.01319555314803883,0.03257127555421779,"[-0.13, 0.51, 2.0, -1.18]","['net_sharpe', 'dbl_sharpe', 'pos_folds', 'turnover', 'gross_edge']",3,15,2,15,0.6,7
-24.547188928608318,-13.8024325872486,0.5622815967804228,0.06648529371770183,-0.1274576910735545,-0.3222025969583264,-0.7126294843426045,-0.12020250126683721,0.26482868958408046,0.22262468722967377,-0.09454993466203618,0.4117647058823529,0.1314300610878369,33.839897192597114,9.87266781475679,0.027782745698073333,972,0.08727938397593324,0.0449836687060686,0.045154462175395524,"[0.29, -0.06, -0.18, -0.71]","['net_sharpe', 'dbl_sharpe', 'tri_sharpe', 'ret_2x', 'pos_folds', 'turnover', 'gross_edge']",3,15,2,15,0.6,8
-43.173623193522296,-16.85559469822598,0.39041418003469686,-0.3398123196095862,-0.5058142310384282,-0.6712197206828303,-1.582576904236547,-0.9606429876433924,0.3326494403191028,0.30283293375698606,-0.23689112495775472,0.35294117647058826,0.14201597993010823,31.448724822056853,-7.934405827776215,0.028699763122066166,923,0.2820442181723113,-0.3808295431733122,0.005869537778147395,"[-1.58, -0.69, 1.8, -1.23]","['net_sharpe', 'dbl_sharpe', 'tri_sharpe', 'ret_1x', 'ret_2x', 'pos_folds', 'turnover', 'gross_edge', 'short_pnl']",3,15,2,15,0.6,9
-45.178717748055384,-15.182988972973936,0.33606507067428787,-0.8446884567045698,-0.996126642635122,-1.1466330713657364,-3.033457033485701,0.02877279114951438,0.5361314265538791,0.5225944060263267,-0.2956905309275166,0.35294117647058826,0.1598067593932427,32.44551869752311,-34.881005234217156,0.029462684027023938,966,-0.17078857193548833,-0.2772533963821706,0.031368481625743606,"[-3.03, -0.14, 0.48, 0.2]","['net_sharpe', 'dbl_sharpe', 'tri_sharpe', 'ret_1x', 'ret_2x', 'pos_folds', 'turnover', 'gross_edge', 'long_pnl', 'short_pnl']",3,15,2,15,0.6,10
-42.49132058768163,-16.018327959100155,0.37697882149946454,-0.5267154488013243,-0.7571799472531286,-0.98623671238339,-1.3135597421480392,-0.9765360980862394,0.33548089893266186,0.27409750116911824,-0.27046585660553973,0.29411764705882354,0.11650651515264034,35.81521634600736,-9.488869345760909,0.030526685623875876,1019,0.33588563196636767,-0.47042736834411514,0.034313618754501,"[-0.9, -1.31, 0.38, -1.06]","['net_sharpe', 'dbl_sharpe', 'tri_sharpe', 'ret_1x', 'ret_2x', 'pos_folds', 'turnover', 'gross_edge', 'short_pnl']",3,15,2,15,0.6,11
-14.025718753845084,-7.038980774839586,0.501862392821037,0.14193590466198594,-0.060885966724930865,-0.26232479068063974,-0.8627347760492825,-0.1769509883412982,0.1637144105367857,0.15583674665925495,-0.08875717847040525,0.5294117647058824,0.1203994216912746,32.59744627189269,12.69422973553491,0.028382321048861982,927,0.44701874593992486,-0.2831995030074458,0.053207398030424874,"[-0.35, -0.0, 1.22, -0.86]","['net_sharpe', 'dbl_sharpe', 'tri_sharpe', 'ret_2x', 'pos_folds', 'turnover', 'gross_edge', 'short_pnl']",3,15,2,15,0.6,12
-19.158554972562744,-11.139582063419455,0.5814416629736752,0.1853913862400069,-0.015241784035335304,-0.21548598265300115,-0.5924148784465565,-0.2713156972424062,0.21059934817465997,0.20020737200150196,-0.04759977497339118,0.4117647058823529,0.127421519469544,34.04905048231596,14.225242872682992,0.02763465298162127,1004,0.1512532442607566,0.040498656655557796,0.05031025427759472,"[-0.25, -0.59, 1.36, -0.29]","['net_sharpe', 'dbl_sharpe', 'tri_sharpe', 'ret_2x', 'pos_folds', 'turnover', 'gross_edge']",3,15,2,15,0.6,13
-27.527894317152345,-15.596150339714557,0.5665580578023637,0.076276319984969,-0.14657462965254472,-0.36899320298589977,-0.8631830942441824,-0.5058965823860446,0.2453794297789037,0.21263860893831388,-0.09105398977106,0.47058823529411764,0.11157748272042144,33.11535013030255,10.447600933131394,0.028842488780318087,913,0.11369101000139767,0.02327755614182289,0.07469294442982907,"[-0.54, -0.47, -0.86, 1.42]","['net_sharpe', 'dbl_sharpe', 'tri_sharpe', 'ret_2x', 'pos_folds', 'turnover', 'gross_edge']",3,15,2,15,0.6,14
-37.442731189435555,-14.15827468161788,0.37813146188472035,-0.18806917127680026,-0.49170921436089715,-0.7942959942023252,-1.366179730776323,-0.36088600696851636,0.29037682758175853,0.22137910417048445,-0.20603324058705125,0.23529411764705882,0.11247403276084662,45.581412079228706,2.8919528401538335,0.03506897144285347,1324,0.13919718967841554,-0.08701119515664008,0.06935185426331411,"[0.01, -1.37, -0.73, 0.05]","['net_sharpe', 'dbl_sharpe', 'tri_sharpe', 'ret_1x', 'ret_2x', 'pos_folds', 'turnover', 'gross_edge', 'short_pnl']",3,21,1,9,0.3,0
-26.723730812061866,-12.256147951678942,0.45862413589898454,-0.016247548863552928,-0.32866039358239507,-0.6399807198121803,-1.021548601814078,-0.2565036983426214,0.2200253355972016,0.16059742889821982,-0.1938402035881016,0.4117647058823529,0.11297629141323393,47.09211171706619,7.1652627481112,0.03467272820268477,1330,0.11772140987974422,0.015862843891320935,0.06913528401671164,"[0.26, -1.02, 0.17, -0.69]","['net_sharpe', 'dbl_sharpe', 'tri_sharpe', 'ret_1x', 'ret_2x', 'pos_folds', 'turnover', 'gross_edge']",3,21,1,9,0.3,1
-48.97388278883639,-12.55740584329138,0.2564102564102564,-0.7730567806232284,-1.097785251250984,-1.419980336809402,-2.491219401806712,-0.9998819060775386,0.4104676739578589,0.3155551212887746,-0.30415873089184353,0.4117647058823529,0.11512434472861895,50.17713864319434,-10.350067787508365,0.03790930712481846,1362,-0.08490014394971614,-0.12070030982060881,0.07501225084166675,"[-1.56, 0.21, -0.44, -2.49]","['net_sharpe', 'dbl_sharpe', 'tri_sharpe', 'ret_1x', 'ret_2x', 'pos_folds', 'turnover', 'gross_edge', 'long_pnl', 'short_pnl']",3,21,1,9,0.3,2
-40.948970347204146,-12.682068173535919,0.3097042017419568,-0.46092004547927434,-0.7829179756089951,-1.1021344238753232,-1.393338521177078,-0.6890115018856039,0.3526195573116485,0.25766908756845697,-0.26006593364057706,0.4117647058823529,0.11409552935735627,49.34613443386404,-3.2161884310411146,0.037032000861708374,1330,0.05358422054064317,-0.11641458885752996,0.08323908611308597,"[-1.39, -0.29, -0.22, -1.09]","['net_sharpe', 'dbl_sharpe', 'tri_sharpe', 'ret_1x', 'ret_2x', 'pos_folds', 'turnover', 'gross_edge', 'short_pnl']",3,21,1,9,0.3,3
15.232002153946134,13.509455744121283,0.8869126729096087,0.992467598732955,0.6673564387365216,0.3428429421147472,-0.1472080218887909,0.21220823838568464,0.1582731204065012,0.12339078037136486,0.44068392719180627,0.6470588235294118,0.10992037609984613,47.5310654632698,30.577627987561524,0.03402900053864017,1265,0.33861263762624216,0.23676943314501536,0.04879350851668905,"[0.51, 2.29, -0.15, -0.09]","['pos_folds', 'turnover', 'gross_edge']",3,21,1,9,0.3,4
47.00723788575643,44.07665435778836,0.9376567596868722,1.2886630339520013,0.9857323606011529,0.6823927852055452,0.16331541345900902,0.8188300355932427,0.13749031818882163,0.11847822033144018,0.796709538938178,0.6470588235294118,0.11170757995646763,45.07713939174583,39.70493806396688,0.03143694328817409,1289,0.4547191631957982,0.2538395669286813,0.037828548852726865,"[0.67, 2.29, 0.16, 0.97]","['turnover', 'gross_edge']",3,21,1,9,0.3,5
31.080522147005684,28.79790078110913,0.9265578179446236,0.9297954269168087,0.6611098689395124,0.39183990703263677,-0.13612170522493883,0.5144922550693881,0.10533188743826327,0.08755768910671213,0.7361180513279773,0.5294117647058824,0.1246458707918987,44.71368905470509,33.35196781873238,0.03223861881557059,1274,0.2766308924849139,0.31375632781686236,0.055536966822194805,"[1.47, 0.36, 0.67, -0.14]","['turnover', 'gross_edge']",3,21,1,9,0.3,6
26.220501641009665,24.214356270492253,0.9234894359389472,0.9563934205787121,0.6555316410028675,0.35405670467514544,-0.6251656272984001,0.8500748744769144,0.12636179697413408,0.1078759964324646,0.5447269017140774,0.6470588235294118,0.1109238226662698,44.5470292717926,31.48975352312073,0.03184512938127553,1318,0.45360952344238437,0.10173563668813915,0.06676901809461913,"[1.55, 0.23, 1.47, -0.63]","['turnover', 'gross_edge']",3,21,1,9,0.3,7
29.062286913204336,26.771161330783304,0.9211649933378069,0.9183392502363676,0.6203513460254239,0.32141988102807906,-0.04897755592815855,0.46214009296356223,0.11652144095548944,0.11032036638289544,0.5616618925693867,0.5294117647058824,0.11242972541978162,44.74684600201388,30.6007501388818,0.03227476603390289,1322,0.5127574775540401,0.029330136978942795,0.05791257727655179,"[1.47, 0.6, -0.05, 0.33]","['turnover', 'gross_edge']",3,21,1,9,0.3,8
-37.87163248150744,-14.983810334246593,0.39564733158949844,-0.16844390069687745,-0.4380904355057442,-0.7071057532322129,-1.4610658649996813,-0.44907645812500574,0.3167559100261812,0.26196109235152076,-0.16834697303764998,0.4117647058823529,0.11098063593766869,39.89009934094611,2.894104705386278,0.034937557386846556,1042,0.11523237004697562,-0.06952835649344562,0.07788088983200805,"[0.14, -1.46, -1.04, 0.54]","['net_sharpe', 'dbl_sharpe', 'tri_sharpe', 'ret_1x', 'ret_2x', 'pos_folds', 'turnover', 'gross_edge', 'short_pnl']",3,21,1,9,0.45,0
-33.99392277361199,-12.523414668059013,0.36840157434788307,-0.18964846616066708,-0.45330541193579316,-0.7159553323367788,-0.978532886069363,-0.6513030639112328,0.26971541776746233,0.2160073263037383,-0.2089371321094737,0.35294117647058826,0.11352829511375351,39.95205376849686,2.15877135716084,0.034420137700784156,1048,0.11518662924463996,-0.081042130672219,0.06672941637315039,"[0.44, -0.98, -0.38, -0.92]","['net_sharpe', 'dbl_sharpe', 'tri_sharpe', 'ret_1x', 'ret_2x', 'pos_folds', 'turnover', 'gross_edge', 'short_pnl']",3,21,1,9,0.45,1
-43.861402963519154,-11.08352389204645,0.25269424011048963,-0.6639723212507196,-0.9586221422752966,-1.2516596820663914,-1.517619332258994,-0.9235188574929547,0.35538909790133844,0.2747314614825599,-0.29416636089587056,0.35294117647058826,0.10883558468046818,42.87437196409087,-9.423290946340959,0.038294222892596125,1073,-0.06818469172598013,-0.09176203410282768,0.08047288613080318,"[-0.73, -0.54, -1.11, -1.52]","['net_sharpe', 'dbl_sharpe', 'tri_sharpe', 'ret_1x', 'ret_2x', 'pos_folds', 'turnover', 'gross_edge', 'long_pnl', 'short_pnl']",3,21,1,9,0.45,2
-43.867434004436305,-14.324831580570857,0.32654819926604756,-0.5663907469818283,-0.8525372734604938,-1.1359658903315852,-1.5892342122115763,-0.7660038346219853,0.3717449053691897,0.29028883927702176,-0.2656104931960053,0.35294117647058826,0.11384688759348922,43.87183523853455,-7.340499721407004,0.038063200395703524,1064,0.029499043062908695,-0.1569920638382733,0.08495881039512684,"[-1.09, -0.45, -0.17, -1.59]","['net_sharpe', 'dbl_sharpe', 'tri_sharpe', 'ret_1x', 'ret_2x', 'pos_folds', 'turnover', 'gross_edge', 'short_pnl']",3,21,1,9,0.45,3
15.033995803418263,13.89700356734777,0.9243719200844811,0.8462323341196434,0.5430273813666372,0.24005143062109252,-0.2806526317111983,0.4420387312931626,0.16637625489328,0.15510703927860692,0.3184771813811964,0.6470588235294118,0.10514415904758789,42.463848378893545,28.615555850159815,0.03497694233801702,1022,0.2904766692463898,0.19058030965196027,0.049352892487171285,"[-0.28, 1.76, 0.26, 0.62]","['turnover', 'gross_edge']",3,21,1,9,0.45,4
19.879749506567315,18.652451530459114,0.9382639114389867,1.056838531381764,0.7615540917683425,0.4659934016601153,-0.6919154612009402,0.908057469433262,0.1634432143671518,0.12949781435928043,0.47693012619050495,0.5882352941176471,0.10588229839771443,41.65546563865163,34.545978970115684,0.03260775508301464,1060,0.3158970518294033,0.2538006669974393,0.039117937711973125,"[0.31, 1.76, -0.69, 1.51]","['turnover', 'gross_edge']",3,21,1,9,0.45,5
18.686221583563192,17.8000171026814,0.9525744422477942,0.8544847348452755,0.6297733975788524,0.4047792371560065,-0.5867119306993963,0.5661100102411125,0.11184449105804195,0.09185661624709496,0.6641241358980714,0.47058823529411764,0.12627472298264192,37.86433815100512,35.92165101046118,0.031138932726933386,1012,0.3011116982000691,0.23735846247379616,0.05418874960586167,"[1.57, 0.11, 1.02, -0.59]","['turnover', 'gross_edge']",3,21,1,9,0.45,6
24.997615728097525,23.535235731783143,0.9414992208768673,0.8639247582166104,0.596220622632552,0.3279341994574911,-0.29035852119848155,0.6294499029158461,0.1366062973786153,0.11246037817259114,0.445298998252396,0.6470588235294118,0.10898352609952747,38.94608023498379,31.893323231945033,0.03193235917825782,1060,0.35588213301235877,0.13586123477450887,0.06845046779085456,"[1.1, -0.29, 1.37, 0.16]","['turnover', 'gross_edge']",3,21,1,9,0.45,7
22.310759209142365,20.919616144471625,0.9376469867461665,0.9017177693280334,0.6267500526732603,0.3506521240735959,-0.370690166253137,0.6251995218242973,0.12654689128080288,0.09930047050778157,0.5115021256180071,0.5294117647058824,0.10975895373850594,40.34394570782668,32.12674624052925,0.03218833532527053,1080,0.4408976565543489,0.07222370654434099,0.056724982101597175,"[1.46, 0.51, -0.37, 0.74]","['turnover', 'gross_edge']",3,21,1,9,0.45,8
-41.82082282272619,-15.01722839859976,0.359084957803344,-0.5459122530927005,-0.779759688241782,-1.012251118519631,-1.3596330732315474,-0.7084542560972111,0.3191896085218431,0.2677104295657807,-0.26615611862651406,0.17647058823529413,0.106385288123383,33.29738871391321,-9.77988786875856,0.03566502051029226,809,0.1341241315864733,-0.2630437567590369,0.07034835216805621,"[-0.34, -1.36, -1.04, -0.38]","['net_sharpe', 'dbl_sharpe', 'tri_sharpe', 'ret_1x', 'ret_2x', 'pos_folds', 'turnover', 'gross_edge', 'short_pnl']",3,21,1,9,0.6,0
-17.252711458002402,-6.922956125458484,0.4012677162259836,0.009320795522819005,-0.22371936143903523,-0.4569188821858817,-0.5145402947760049,-0.4428985156355775,0.18833077551560673,0.15683739579568212,-0.15496866899893352,0.4117647058823529,0.10696118073151864,33.168819126415535,7.929949930302069,0.033721055767136014,780,0.15299453374913038,-0.04886463696584375,0.06085953567667323,"[0.37, -0.44, -0.51, -0.44]","['net_sharpe', 'dbl_sharpe', 'tri_sharpe', 'ret_1x', 'ret_2x', 'pos_folds', 'turnover', 'gross_edge', 'short_pnl']",3,21,1,9,0.6,1
-37.67604531572725,-14.1603270821492,0.37584430540639047,-0.3970325013607204,-0.6618785953927764,-0.9254253641488416,-1.2307865010506691,-0.9213129251891786,0.2662398850574068,0.20929850410079398,-0.2645212429033299,0.35294117647058826,0.1022816227207254,36.18393407625642,-3.7716359759854012,0.03862400424910083,798,0.10659837696555807,-0.16062658155699128,0.04424821838692052,"[-1.0, 0.27, -1.23, -0.84]","['net_sharpe', 'dbl_sharpe', 'tri_sharpe', 'ret_1x', 'ret_2x', 'pos_folds', 'turnover', 'gross_edge', 'short_pnl']",3,21,1,9,0.6,2
-40.241564147603626,-12.07322490534241,0.30001877812349814,-0.4370077064831828,-0.6823175790672839,-0.9251161170955465,-1.684921875738668,-0.4972968318059104,0.32265108900701667,0.25303610677925537,-0.23874145672181224,0.4117647058823529,0.10832975530275794,35.827230443196434,-5.886684655886881,0.037913118493974565,787,-0.041791627106165796,-0.041703088824004725,0.07896247687332698,"[-0.82, -0.18, 0.19, -1.68]","['net_sharpe', 'dbl_sharpe', 'tri_sharpe', 'ret_1x', 'ret_2x', 'pos_folds', 'turnover', 'gross_edge', 'long_pnl', 'short_pnl']",3,21,1,9,0.6,3
20.080668806391127,19.42970753546669,0.9675826897400323,0.962963033147297,0.7201255671899266,0.4769214075316183,-0.6021384838414265,0.7949195218794853,0.15774838471952235,0.14150374521352438,0.4591601435147811,0.6470588235294118,0.10459958822322675,33.88004083496091,37.351064000754185,0.03423917755797719,759,0.24936136650774957,0.2516203605650099,0.04493253668552122,"[0.22, 1.37, -0.6, 1.67]","['turnover', 'gross_edge']",3,21,1,9,0.6,4
-8.537228712805211,-7.268835416326711,0.8514279821769324,0.5216043496210101,0.2613674392035576,0.0009626643598826655,-0.7124440041646821,-0.02513915574552749,0.1581277994579,0.1295614769089033,0.13158636095600107,0.47058823529411764,0.09663943082643536,33.538138765308645,22.7472934724969,0.03402074450087168,755,0.07091741661095324,0.23110812416927462,0.04337659928442658,"[0.02, 1.61, -0.71, -0.07]","['net_sharpe', 'dbl_sharpe', 'pos_folds', 'turnover', 'gross_edge']",3,21,1,9,0.6,5
30.03146770012212,29.337851269819954,0.9769036785937922,1.0380277117604804,0.8540655816578865,0.6695136135941475,-0.47802964646161367,0.807279216577754,0.12460830429875924,0.11687044078568953,0.8806731905735091,0.5882352941176471,0.13196118997839068,32.50630445701751,49.39091323097695,0.030808950789521675,768,0.3806716914590026,0.25493672248212385,0.04829912678590709,"[1.73, 0.24, 1.37, -0.48]",['turnover'],3,21,1,9,0.6,6
8.214093053330018,6.572440093995795,0.8001419087079016,0.590958784240161,0.34557649112823874,0.09976757996835284,-0.3193038116236956,0.17254629859183715,0.14027010955966246,0.11411164929898043,0.218421485591518,0.5882352941176471,0.10245470757736644,33.54700727984041,25.888279006919625,0.032504079302733406,825,0.35065573658613075,-0.006835095264326269,0.06885860274592352,"[0.6, -0.25, 1.47, -0.32]","['net_sharpe', 'dbl_sharpe', 'pos_folds', 'turnover', 'gross_edge', 'short_pnl']",3,21,1,9,0.6,7
39.004041466575444,37.65447712080073,0.9653993715771422,1.0752246670273338,0.8227909803005313,0.5688297840600289,0.09246726451035868,0.7818511140458188,0.14801801993190689,0.11823694159841813,0.5734043539787295,0.5882352941176471,0.1059995569523056,35.886675751957156,39.42635442324542,0.03246412477747326,854,0.42630309362018914,0.1338346466683983,0.06044621536312069,"[1.4, 0.09, 0.16, 1.6]","['turnover', 'gross_edge']",3,21,1,9,0.6,8
2.157255895571334,1.9447628734610465,0.9014984626782024,0.6042280436137758,0.3698327833708335,0.13573643471629854,-0.5448701052932138,0.45653619821656755,0.19289723622367716,0.18264231837021272,0.19067907302842577,0.5294117647058824,0.11563458571926725,36.09777445732862,26.737614874035643,0.026165920532394627,1019,0.16540112251410727,0.21669978854234165,0.04357819977457516,"[1.01, 0.52, 0.39, -0.54]","['net_sharpe', 'dbl_sharpe', 'turnover', 'gross_edge']",3,21,1,12,0.3,0
17.013672134766576,14.675183332434726,0.8625523764764887,0.49541170550980274,0.2483307234030538,0.0020823917091275204,-0.08920498901480545,0.3656127590620024,0.1390577230534149,0.1281375969221925,0.1562996152497506,0.47058823529411764,0.11140054427700498,36.67133252561305,22.564324661020567,0.02602357673976715,1003,0.1869588670752031,0.14062613768725013,0.03740336807325175,"[-0.09, 0.44, 0.43, 0.31]","['net_sharpe', 'dbl_sharpe', 'turnover', 'gross_edge']",3,21,1,12,0.3,1
-18.36602285941881,-10.064623022931125,0.5480023138362585,0.2619773133574293,0.05050381273453245,-0.16053111274109125,-0.7003863340908861,0.06541803929633516,0.2242925844797009,0.21394310988504184,-0.005927212044827795,0.35294117647058826,0.12356803374330677,34.82727997141537,16.879013795818317,0.025318131208971178,994,0.26740838316104176,-0.03468415000718922,0.02257824670402286,"[-0.7, -0.32, 0.45, 1.08]","['net_sharpe', 'dbl_sharpe', 'tri_sharpe', 'ret_2x', 'pos_folds', 'turnover', 'gross_edge', 'short_pnl']",3,21,1,12,0.3,2
-41.75991009341428,-16.59364846517311,0.39735833789043534,-0.33323282451584696,-0.5770407394413772,-0.8196734172566812,-1.8875398451776562,-0.51128478014562,0.31987725571432657,0.28168313959099844,-0.22046223534623596,0.35294117647058826,0.11506826187844874,37.52520685227519,-2.701565414870637,0.028106055572557645,961,0.13189678590669612,-0.17203088932340066,0.048269351025171256,"[0.17, -1.89, -1.2, 0.29]","['net_sharpe', 'dbl_sharpe', 'tri_sharpe', 'ret_1x', 'ret_2x', 'pos_folds', 'turnover', 'gross_edge', 'short_pnl']",3,21,1,12,0.3,3
1.319322122511045,1.2356105098627441,0.9365495270488046,0.8051638766101215,0.5784235264973487,0.35165771931105644,-0.5716490544811356,0.12680628886148174,0.16502841788004718,0.12649794141417925,0.364195539815311,0.6470588235294118,0.11160971196973589,33.711859369272155,34.27806238954714,0.024376315890154404,940,0.43528443116589516,0.022197508850902083,0.08139123719787004,"[2.27, 0.71, -0.57, -0.45]","['pos_folds', 'turnover', 'gross_edge']",3,21,1,12,0.3,4
-31.591522372213834,-13.412811622060357,0.42456996734850383,-0.0024136452235456445,-0.22202588337009505,-0.4409028983013398,-1.1447562298693128,-0.17095865182409814,0.2941677942493356,0.25653305855918507,-0.10685977978753165,0.4117647058823529,0.11420875217049806,33.489717082035554,7.693263685812219,0.02533370089163931,963,0.13361173712049815,-0.03161246340053106,0.10321159615506909,"[0.71, 0.44, -0.78, -1.14]","['net_sharpe', 'dbl_sharpe', 'tri_sharpe', 'ret_1x', 'ret_2x', 'pos_folds', 'turnover', 'gross_edge', 'short_pnl']",3,21,1,12,0.3,5
-41.83064797463919,-12.87091356483139,0.30769099184489523,-0.3922524897319574,-0.6017502311515485,-0.8103626616943043,-1.3914166319300438,-0.673686971050897,0.3526482284986867,0.3006180849530914,-0.2148566939748899,0.29411764705882354,0.11895862333924247,33.333760983742366,-6.3659798685525955,0.026045051761650388,986,-0.005832657691003523,-0.0781760996304653,0.1135219218044694,"[-1.39, -0.11, -1.23, 0.32]","['net_sharpe', 'dbl_sharpe', 'tri_sharpe', 'ret_1x', 'ret_2x', 'pos_folds', 'turnover', 'gross_edge', 'long_pnl', 'short_pnl']",3,21,1,12,0.3,6
0.08305762225267577,0.07104086910053878,0.8553202845660578,0.5101994982299929,0.29258433836176573,0.07548721656356036,-0.28177403723951255,0.24901964857468806,0.23008580118913646,0.2143819979902557,0.12370515596874186,0.6470588235294118,0.12060814295522941,34.95667123360363,25.11383330100831,0.025092822207207613,976,0.24748884917770364,0.10006176463100132,0.07713158735350084,"[-0.15, -0.28, 1.13, 0.65]","['net_sharpe', 'dbl_sharpe', 'pos_folds', 'turnover', 'gross_edge']",3,21,1,12,0.3,7
25.529785891588073,24.486623489545217,0.9591393987214529,0.864341065027043,0.6369463518894045,0.40983365962901913,0.36978419218080283,0.5237936277576314,0.2668439659239157,0.2450512368531872,0.26630090738080686,0.6470588235294118,0.11861571565077766,35.849922468697194,36.11236328507106,0.02511603727780088,1015,0.423332527446036,0.08919726367194172,0.051556898397127494,"[1.13, 0.67, 0.38, 0.37]","['turnover', 'gross_edge']",3,21,1,12,0.3,8
39.510060239978465,38.20473713372001,0.9669622597806709,1.0637099131493961,0.8485109965306101,0.6332199949184265,0.4727962437623529,0.625377759402614,0.1874244721930608,0.16830300979918333,0.5511911321720786,0.5294117647058824,0.12482649739462075,35.737265571281974,44.49996584167597,0.025762385800981065,975,0.4705710758097671,0.1590162544503957,0.041044208908019235,"[1.56, 0.47, 0.75, 0.5]",['turnover'],3,21,1,12,0.3,9
16.97163034695663,15.572433042611745,0.9175566945696652,0.6677474468235922,0.4173893291965203,0.16718653211204204,-0.37822274580164195,0.5992627629297186,0.15932068954890455,0.13934673806065734,0.2506299842248685,0.6470588235294118,0.10756952479899248,35.85850116681937,27.72456436623563,0.026256748271792127,977,0.1732648928196893,0.2203140421699371,0.016351800123011642,"[0.47, 0.73, 0.87, -0.38]","['net_sharpe', 'dbl_sharpe', 'turnover', 'gross_edge']",3,21,1,12,0.3,10
-27.842592199464747,-14.114598792665,0.5069426974165265,0.09613543229384602,-0.15282703651549398,-0.40045534126222343,-1.6970028072894283,0.03590944639521132,0.23980252020776016,0.22047898559143708,-0.094080091849969,0.47058823529411764,0.10952993912385597,36.40858777186049,10.390504810211628,0.027677943969575368,995,0.15971768719007884,-0.009950916994439396,0.027256559876483268,"[-0.7, 1.16, -1.7, 0.77]","['net_sharpe', 'dbl_sharpe', 'tri_sharpe', 'ret_2x', 'pos_folds', 'turnover', 'gross_edge', 'short_pnl']",3,21,1,12,0.3,11
-21.32152964478731,-18.07140710909125,0.8475661648182614,0.42583101164403425,0.23094495944622062,0.03643089684129264,-0.9437968572809017,-0.0793934500922731,0.24242233787755063,0.19733092573047262,0.08519331973615343,0.5294117647058824,0.11898740207349874,30.891569966924223,23.727103648008693,0.02515890988386555,815,0.1712885537913673,0.11888624405722562,0.046532230099218475,"[1.63, 0.16, -0.32, -0.94]","['net_sharpe', 'dbl_sharpe', 'pos_folds', 'turnover', 'gross_edge']",3,21,1,12,0.45,0
11.08831339495919,9.652427601484431,0.870504580603979,0.46616946601810927,0.24123996703162826,0.01714682822472078,-0.14057004390463465,0.10636755302383281,0.11413240693813032,0.09152046213810472,0.1824498896444119,0.35294117647058826,0.1105947294436275,33.13634729943465,23.072866929728775,0.02655273033396336,819,0.22750339146306453,0.07517483276103333,0.03946306589628291,"[-0.14, 0.01, 0.2, 0.9]","['net_sharpe', 'dbl_sharpe', 'turnover', 'gross_edge']",3,21,1,12,0.45,1
-30.35130493214822,-17.556479550959175,0.5784423302460147,0.12216850539896174,-0.07892669116759322,-0.279455837659521,-0.7163931341487156,-0.5245719570831129,0.2972715171046969,0.2567791294652113,-0.054660218267271674,0.35294117647058826,0.11876219583603774,31.846441309130864,12.302559219255603,0.02580660490926893,816,0.13727885650228677,0.01782812843884976,0.028278655538771617,"[-0.62, -0.72, -0.42, 1.81]","['net_sharpe', 'dbl_sharpe', 'tri_sharpe', 'ret_2x', 'pos_folds', 'turnover', 'gross_edge']",3,21,1,12,0.45,2
-45.78854487394818,-17.66321413958506,0.38575617959055764,-0.40837969551137343,-0.6229931539865737,-0.8367604890370459,-2.0590250695029964,-0.737499536500478,0.3641009325855853,0.3268906377815637,-0.20676031846616158,0.29411764705882354,0.11491015943313984,32.96257496640209,-6.839190264204935,0.028249510909393566,771,0.1395264881929421,-0.2287749621631831,0.05178286004575422,"[-0.42, -2.06, -1.05, 0.8]","['net_sharpe', 'dbl_sharpe', 'tri_sharpe', 'ret_1x', 'ret_2x', 'pos_folds', 'turnover', 'gross_edge', 'short_pnl']",3,21,1,12,0.45,3
-5.7888854668248175,-5.030875983906047,0.8690577854298893,0.47583424490154075,0.2790251822089749,0.08204456502833644,-0.5696180416053912,0.21938456821554814,0.1819424821848723,0.14246009328089837,0.13777961396557825,0.4117647058823529,0.11067244228607884,29.050888062568283,25.611075835190025,0.024958627209539296,736,0.23352235048057304,0.0610298134992425,0.0838672831329726,"[0.88, 0.55, -0.57, -0.11]","['net_sharpe', 'dbl_sharpe', 'pos_folds', 'turnover', 'gross_edge']",3,21,1,12,0.45,4
-9.31862689913456,-5.060249970148203,0.5430252788228015,0.1662825101235243,-0.03358214174948204,-0.23295622840408667,-0.4658025932555815,-0.05287377468828116,0.17855038928848777,0.15005497940009538,-0.05371044943679488,0.47058823529411764,0.10916874342389156,29.10216649870914,13.955819212948557,0.025554864684115226,745,-0.010917257812480076,0.17170600026503033,0.11139699191461344,"[0.39, -0.21, -0.47, 0.1]","['net_sharpe', 'dbl_sharpe', 'tri_sharpe', 'ret_2x', 'pos_folds', 'turnover', 'gross_edge', 'long_pnl']",3,21,1,12,0.45,5
-23.352726740459953,-13.722410335743463,0.5876149063127858,0.12337118322053793,-0.05866183156869347,-0.24026171040251437,-0.8340619647161951,-0.23778927959847562,0.22893720008847174,0.20821886901245434,-0.06180581044056739,0.47058823529411764,0.11991246684978396,29.12279324353096,12.654327977937912,0.025448407298358806,739,0.11275929381001401,0.0331379528344847,0.12361326116618693,"[-0.83, -0.24, -0.24, 1.12]","['net_sharpe', 'dbl_sharpe', 'tri_sharpe', 'ret_2x', 'pos_folds', 'turnover', 'gross_edge']",3,21,1,12,0.45,6
12.977582715053812,11.535149674281646,0.88885194782084,0.5346081574094643,0.34782557828816535,0.16147970390200525,-0.2697672455931914,0.4416527503402009,0.17532095655010438,0.16966960115595664,0.20205709515522843,0.6470588235294118,0.12092121511885283,30.052568245157435,29.06400125889561,0.02441316796696373,799,0.23480360092682334,0.11098603975629617,0.08160406057741948,"[-0.11, -0.27, 1.07, 0.99]","['net_sharpe', 'dbl_sharpe', 'pos_folds', 'turnover', 'gross_edge']",3,21,1,12,0.45,7
21.923110430277315,21.436935909281598,0.9778236522348454,0.9629623737108545,0.752983463781028,0.5429103172930819,0.08834983077976939,0.5370685455501462,0.2045875331783531,0.18560431477693196,0.4083522476534525,0.5294117647058824,0.11526875709555462,32.20731302367528,41.83739145486209,0.02538271733413032,812,0.38528367350831005,0.14816676377216348,0.05207697481719696,"[1.76, 0.09, 0.22, 0.86]",['turnover'],3,21,1,12,0.45,8
19.478372381275637,18.71154634548696,0.9606319244350302,0.7218671257435035,0.5169322913074802,0.3122365647105589,-0.062279482507439886,0.395903424481176,0.16444180061978497,0.15131842372028648,0.3332552678462332,0.5882352941176471,0.11596970375868002,31.618041793219053,34.024111288190994,0.02617377303355103,805,0.330818863527346,0.09507044922140592,0.044370817644910375,"[0.55, -0.06, 1.32, 0.24]","['net_sharpe', 'turnover', 'gross_edge']",3,21,1,12,0.45,9
7.650437403777907,6.629741331146499,0.8665833051418246,0.5131073860612446,0.2926729124608936,0.07214759612668564,-0.4634334027385527,0.2951038333710348,0.14868208275008576,0.13009621285974815,0.17447889635284283,0.6470588235294118,0.10700801846410948,31.434666218312366,25.18291565644826,0.02615155081618251,766,0.2058876514853974,0.10750574904967268,0.016811827359346387,"[0.84, -0.21, 0.8, -0.46]","['net_sharpe', 'dbl_sharpe', 'pos_folds', 'turnover', 'gross_edge']",3,21,1,12,0.45,10
-20.294404029962184,-12.373984409806674,0.6097239609272592,0.1902387667709684,-0.03981784751186035,-0.2691080227858023,-1.5660506665125609,0.24099491530670694,0.22867685920970937,0.2098493289505371,-0.044029536864233255,0.5294117647058824,0.10766782656474849,33.03703372102944,13.737108630606848,0.02747099879863296,833,0.14251396956526424,0.03715429041554946,0.025493223350760232,"[-0.46, 1.06, -1.57, 0.95]","['net_sharpe', 'dbl_sharpe', 'tri_sharpe', 'ret_2x', 'pos_folds', 'turnover', 'gross_edge']",3,21,1,12,0.45,11
-37.7894947673143,-23.715861220127604,0.6275781501223042,0.22917892710507407,0.07615395819250234,-0.07660220597170814,-1.6167130680651336,-0.3137988557814594,0.3405304157789597,0.30231006903023216,0.004500446716222244,0.35294117647058826,0.13095666764233493,26.729106571517033,18.222612234038174,0.025927935751637286,623,0.20091588046940675,-0.008087897269481364,0.040906465247120424,"[1.68, -0.52, -0.11, -1.62]","['net_sharpe', 'dbl_sharpe', 'tri_sharpe', 'pos_folds', 'turnover', 'gross_edge', 'short_pnl']",3,21,1,12,0.6,0
7.833581981128619,6.121942871612515,0.7814998153284789,0.43000979546796353,0.23333601524777445,0.037150680228150885,-0.27388634706580645,0.06823990320315523,0.10864535986254109,0.08539254772951121,0.17780813405186965,0.4117647058823529,0.10586656336400312,27.751358791482858,23.94804037729485,0.026551471126539,628,0.27482216000419685,-0.011717090155603925,0.03258227586499188,"[0.15, -0.02, -0.27, 0.89]","['net_sharpe', 'dbl_sharpe', 'pos_folds', 'turnover', 'gross_edge', 'short_pnl']",3,21,1,12,0.6,1
-26.90927159407473,-16.206763002746086,0.6022743107737901,0.1895170765832303,-0.010272567968135117,-0.2096197993448934,-0.6947904849800208,-0.5518343684630557,0.2726188031620487,0.23542742624252677,-0.023733717790439045,0.47058823529411764,0.10400195242540808,27.699860518779012,14.693231269922435,0.02750684319483165,612,0.14196124576874336,0.0191663323132934,0.020552208136549958,"[-0.65, -0.69, -0.45, 2.14]","['net_sharpe', 'dbl_sharpe', 'tri_sharpe', 'ret_2x', 'pos_folds', 'turnover', 'gross_edge']",3,21,1,12,0.6,2
-41.96752941196606,-16.799784705435112,0.40030435293255656,-0.4136936283272464,-0.6059946746365045,-0.7974172782947575,-1.284961154286935,-0.947095130892429,0.3436440878502294,0.3103770613380967,-0.20385047527562555,0.29411764705882354,0.10975789410729672,28.23441863025244,-8.790826825876366,0.02953827246346805,581,0.15606829740189565,-0.2543298353204816,0.04459552454469469,"[-1.03, -1.28, -0.87, 0.74]","['net_sharpe', 'dbl_sharpe', 'tri_sharpe', 'ret_1x', 'ret_2x', 'pos_folds', 'turnover', 'gross_edge', 'short_pnl']",3,21,1,12,0.6,3
-11.540974684075799,-10.694065369432302,0.9266171759468409,0.5086326320422264,0.3354871820450632,0.1618077578797391,-0.8467984229256572,0.30681322429681585,0.22255980037990042,0.1907860023187986,0.13529530639858614,0.47058823529411764,0.10479019632180908,24.24203698154361,29.570325326640887,0.025360220452315518,549,0.26565393585680563,0.018138094165166097,0.09172145932094619,"[1.01, 0.54, -0.85, 0.07]","['net_sharpe', 'dbl_sharpe', 'gross_edge']",3,21,1,12,0.6,4
3.854928353162359,2.928215493138875,0.759603091127942,0.24882139944245882,0.06653724427583345,-0.11544248186852517,-0.27581578506511434,0.08493588645539131,0.134833684446372,0.10951176664809004,0.01105935084588234,0.47058823529411764,0.1048483693157992,25.480267717863562,17.997986220921938,0.025366566167664962,583,0.17170699678465556,0.009845775280065687,0.08153135924640993,"[0.04, -0.28, 0.12, 0.38]","['net_sharpe', 'dbl_sharpe', 'tri_sharpe', 'turnover', 'gross_edge']",3,21,1,12,0.6,5
-33.666391973273576,-14.80371184420349,0.4397178009439079,-0.119983809765745,-0.27389973712303217,-0.4273101684426919,-1.0794223712670885,-0.49137060062058524,0.30806177784453537,0.2842268300997304,-0.126448581184043,0.47058823529411764,0.1189415209884736,24.458546503991204,1.9865898241654285,0.02521999683629387,590,-0.049281389270395964,0.06851734787865077,0.12017634486613854,"[-1.05, -1.08, 0.07, 1.23]","['net_sharpe', 'dbl_sharpe', 'tri_sharpe', 'ret_1x', 'ret_2x', 'pos_folds', 'gross_edge', 'long_pnl']",3,21,1,12,0.6,6
32.8583008033808,32.40426853289093,0.9861821135180808,0.6873648126897841,0.5207674069932844,0.3541580225240436,0.013855372726979136,0.5702156992502472,0.13073960624356595,0.11962740417118367,0.40315802387461774,0.6470588235294118,0.11015052389771296,24.440520853348595,38.44645839491282,0.02430781285561685,587,0.1760556290431843,0.19594337683621124,0.08582943924415493,"[0.01, 0.45, 1.19, 0.69]","['net_sharpe', 'gross_edge']",3,21,1,12,0.6,7
29.460637901051346,29.377184128964583,0.9971672788495939,0.9120488280807199,0.730828149115729,0.549417853746721,0.2696107086415645,0.387559406516952,0.16292566081595694,0.15274448675962837,0.46333695964211263,0.5294117647058824,0.10738681373441286,25.920634373881988,45.22847102558615,0.02480755562495276,587,0.30368191952265683,0.16044046534720185,0.060304472525960606,"[1.79, 0.27, 0.42, 0.36]",['turnover'],3,21,1,12,0.6,8
31.76388971266441,31.72186097807214,0.9986768391726435,0.8367928157265301,0.6691440535618188,0.5016647773656224,0.17841300909400448,0.42084396652361045,0.13684116348617004,0.13258935690074614,0.5307031150311842,0.5294117647058824,0.11423538470296617,25.430027268890875,45.10525410179037,0.025189627883980544,588,0.4072462041100593,0.04685111955304717,0.025045352537310255,"[0.59, 0.18, 1.72, 0.25]",['turnover'],3,21,1,12,0.6,9
-2.620657574853107,-1.9573066301460331,0.7468761462495702,0.302550131261274,0.10555037689203937,-0.09166102300801098,-0.5645677365282223,-0.1590765202530045,0.12102753054479054,0.11467873842928489,0.04597017909577638,0.5294117647058824,0.09822430387807955,25.792829919646362,19.405920540117176,0.025999233913233923,597,0.16136656707653851,0.03678988866379662,0.0161292162720564,"[0.24, -0.56, 1.03, -0.56]","['net_sharpe', 'dbl_sharpe', 'tri_sharpe', 'pos_folds', 'turnover', 'gross_edge']",3,21,1,12,0.6,10
-19.947024619111954,-10.57785138463467,0.5302972040501547,0.06000290982032006,-0.14084358927595886,-0.3411373183995292,-0.92944149141013,-0.2091354150054599,0.17252559927111932,0.1542666409511606,-0.11214912921805581,0.29411764705882354,0.10170990473243977,27.264932497168612,9.711625943867498,0.028225832028066427,621,0.1999349958213498,-0.09510843053995344,0.024196542599220168,"[-0.92, 1.15, -0.93, 0.5]","['net_sharpe', 'dbl_sharpe', 'tri_sharpe', 'ret_2x', 'pos_folds', 'turnover', 'gross_edge', 'short_pnl']",3,21,1,12,0.6,11
14.083547419604619,11.873588905920247,0.8430822542189861,0.4985208825048495,0.3348771221242407,0.17116804315576858,0.03393962751973051,0.13520103387962584,0.15117064012236636,0.14527733261799014,0.2291523843738885,0.47058823529411764,0.1247803883243416,27.208336944117644,30.219897409279262,0.019693137802854373,775,0.3612748467959057,-0.035760626691673306,0.0664220445946047,"[0.87, 0.13, 0.03, 0.14]","['net_sharpe', 'dbl_sharpe', 'turnover', 'gross_edge', 'short_pnl']",3,21,1,15,0.3,0
29.8808800000564,29.58947801475277,0.9902478780643984,1.1462553611031017,0.9594989229855816,0.7725439175711701,-0.34692711509389484,1.0278346833174499,0.16823120841373296,0.15569613947954075,0.6413560251247725,0.5882352941176471,0.11340276527376561,28.169439629070528,53.58571287710127,0.020063783708439937,767,0.4556335791741859,0.14195488194782654,0.07310064788494988,"[1.74, 1.33, -0.35, 0.73]",['turnover'],3,21,1,15,0.3,1
2.4772532773161178,2.350902182937936,0.9489954880531748,0.6247961441820118,0.440989554737924,0.25744398284405556,-1.0554675387930144,0.5365865304157293,0.18094811307809222,0.15570895888158298,0.25412446906053815,0.6470588235294118,0.11745090701410515,28.716618422174143,32.90527167499504,0.02054053950913474,805,0.3609026088504559,0.01318537716623644,0.05996522838156548,"[1.37, 0.16, -1.06, 0.91]","['net_sharpe', 'dbl_sharpe', 'turnover', 'gross_edge']",3,21,1,15,0.3,2
-1.9447525750282053,-1.7022375550428066,0.8752977509327213,0.6829230374992613,0.520388491228699,0.3580498520967075,-0.5347432918103746,0.11138878127390933,0.18055581423267042,0.16770043195451345,0.3349094946943013,0.5882352941176471,0.1286136404270958,27.81303767679431,38.84287222625623,0.0200384015421916,770,0.47129108556476085,-0.043595524392993704,0.06569714471412505,"[2.47, -0.53, -0.06, 0.28]","['net_sharpe', 'pos_folds', 'turnover', 'gross_edge', 'short_pnl']",3,21,1,15,0.3,3
14.017375216165739,12.493281090183693,0.8912710758984063,0.6826688560446612,0.4977863420838612,0.31321066030188477,-0.44125168854752767,0.7205040843887183,0.196537808056931,0.17570262814732907,0.2688124194715257,0.6470588235294118,0.11704244542757859,28.762673879555546,35.52488750551819,0.020160738037280856,790,0.5104015661684829,-0.10588440468147632,0.04801859984292252,"[1.11, -0.44, 0.61, 0.83]","['net_sharpe', 'dbl_sharpe', 'turnover', 'gross_edge', 'short_pnl']",3,21,1,15,0.3,4
12.562298062646791,11.46986453266741,0.9130387191474413,0.8051791375925144,0.6220451313176018,0.43926431964217155,-0.34337963806340244,0.6518755098211443,0.19742519339552433,0.17705102654549765,0.3436996928102774,0.5294117647058824,0.11621473964600254,28.26241627708159,40.52384365081661,0.02044474770061781,778,0.571036032556772,-0.1176220566669771,0.041750072531543614,"[0.54, 1.37, -0.34, 0.77]","['turnover', 'short_pnl']",3,21,1,15,0.3,5
-0.4415315929403256,-0.3975037419950963,0.900283803811113,0.6975449922580517,0.526891584970111,0.356266465053411,-0.7643889940588252,0.40243180712152743,0.19427918568882374,0.1590714474043151,0.3038522391484735,0.5882352941176471,0.12306818301430722,27.95450775241063,37.99754077273316,0.020372806624010864,761,0.5297302826217758,-0.10921447933132453,0.05439764048819194,"[1.57, 0.22, -0.76, 0.58]","['net_sharpe', 'turnover', 'gross_edge', 'short_pnl']",3,21,1,15,0.3,6
-38.823507277474356,-15.626025860250044,0.4024887743544067,-0.3896629355770891,-0.5722909048664142,-0.7540831391098042,-1.1968883512645743,-0.6616986273784087,0.35018236371056366,0.3086122719232368,-0.19551994414679283,0.4117647058823529,0.11262736131789654,27.524481668151143,-8.31164351286133,0.021903687693487776,739,0.09828868116338094,-0.18885798715799218,0.031077715622121093,"[-1.01, 0.42, -0.31, -1.2]","['net_sharpe', 'dbl_sharpe', 'tri_sharpe', 'ret_1x', 'ret_2x', 'pos_folds', 'turnover', 'gross_edge', 'short_pnl']",3,21,1,15,0.3,7
-14.73063731763284,-10.777550286405134,0.7316418192921097,0.2589211474493138,0.08366647466391207,-0.09154299088112344,-0.8282231930691546,0.2559246302360039,0.2626209396492727,0.23428809845973364,0.011068447543628662,0.5882352941176471,0.11932417338267015,27.87964626226608,18.75513803927748,0.02081038611266925,783,0.18070263875492204,0.026303157799903526,0.04853230424621396,"[-0.05, -0.83, 0.56, 0.59]","['net_sharpe', 'dbl_sharpe', 'tri_sharpe', 'pos_folds', 'turnover', 'gross_edge']",3,21,1,15,0.3,8
-42.24442051915646,-12.544984033457267,0.2969619154266426,-0.6450600260961865,-0.7959191995488503,-0.9464463640687367,-1.291078078753021,-0.7540441176400041,0.46507532852815525,0.4329492597666533,-0.24960946189105732,0.47058823529411764,0.14180708077568685,28.487377486341153,-25.214926462799756,0.022789221052225566,820,-0.015692344132358857,-0.26867856013892294,0.048877624782467016,"[-1.29, -1.23, -0.16, -0.28]","['net_sharpe', 'dbl_sharpe', 'tri_sharpe', 'ret_1x', 'ret_2x', 'pos_folds', 'turnover', 'gross_edge', 'long_pnl', 'short_pnl']",3,21,1,15,0.3,9
-41.525335999130334,-14.325077011373867,0.3449719711280332,-0.4729215342807773,-0.6742300245586265,-0.8748390086379738,-1.5945010643098394,-0.6907979092329755,0.29276023845407395,0.23928793616123734,-0.2633662680828226,0.23529411764705882,0.10994758355079788,29.550776050055877,-9.924003243270201,0.022701208790581334,862,-0.09799727965346744,-0.01810233300076644,0.044988966219622235,"[0.04, -1.59, 0.42, -1.42]","['net_sharpe', 'dbl_sharpe', 'tri_sharpe', 'ret_1x', 'ret_2x', 'pos_folds', 'turnover', 'gross_edge', 'long_pnl', 'short_pnl']",3,21,1,15,0.3,10
-36.17636363950443,-15.16584358524781,0.41921967990964065,-0.25647866287257975,-0.4561204741636704,-0.6552006947632978,-1.1986048588322733,-0.40253614279284516,0.2942213123196066,0.23731861498768914,-0.19369077880828134,0.29411764705882354,0.11422806019272484,30.420270696033437,-2.251679882903664,0.02283372002666944,848,-0.08106847177800555,0.05395128048968147,0.060151191709541765,"[-1.2, 0.09, -0.9, 0.13]","['net_sharpe', 'dbl_sharpe', 'tri_sharpe', 'ret_1x', 'ret_2x', 'pos_folds', 'turnover', 'gross_edge', 'long_pnl']",3,21,1,15,0.3,11
-34.50487960771093,-13.501471726320975,0.39129166308708846,-0.20955124853310492,-0.4198541863821665,-0.6291308711951691,-1.0907977437750778,-0.5372037189792491,0.3105531449946656,0.26966669017523914,-0.1657150143808356,0.47058823529411764,0.11092423834873767,31.188151562690006,0.03937397225669326,0.023280396753087147,802,-0.26258617981027227,0.2630723337948641,0.06538423968412406,"[0.35, -0.29, -1.09, -0.78]","['net_sharpe', 'dbl_sharpe', 'tri_sharpe', 'ret_1x', 'ret_2x', 'pos_folds', 'turnover', 'gross_edge', 'long_pnl']",3,21,1,15,0.3,12
27.594890501857012,27.26418948162825,0.9880158603924699,0.7538583759421397,0.5795661879975471,0.405023409686617,-0.09114821626156541,0.6265195122789577,0.14214102817870966,0.1284909358083437,0.4446836105700894,0.5294117647058824,0.1176708643459773,27.3731264011328,39.872330848789865,0.01940621930045637,743,0.2093602569520709,0.22272655372596292,0.06270888326201457,"[1.04, 0.21, -0.09, 1.18]","['net_sharpe', 'turnover', 'gross_edge']",3,21,1,15,0.3,13
-40.66948700741246,-15.316280659781809,0.3766037338260561,-0.4672808514954429,-0.6323651650023643,-0.7967362276270881,-1.4889603425103979,-0.5081147291064574,0.32211895042945915,0.26622898766531755,-0.2583487237358488,0.29411764705882354,0.12486768021588998,27.60378650653178,-13.404158041745665,0.020964289814737164,782,0.2375930801186404,-0.3840747162549717,0.041665602414847486,"[-0.08, -0.57, -0.45, -1.49]","['net_sharpe', 'dbl_sharpe', 'tri_sharpe', 'ret_1x', 'ret_2x', 'pos_folds', 'turnover', 'gross_edge', 'short_pnl']",3,21,1,15,0.3,14
8.185735499571404,7.85329518373379,0.9593878502603682,0.5740535281352728,0.42417006982558303,0.27428922800919037,-0.4880720369787392,0.49661703197642054,0.15474709433743594,0.13769986504615694,0.28681467738678607,0.4117647058823529,0.11880667229320131,23.723931961449694,36.24540014258115,0.01939128100659852,611,0.312656181622638,0.027763413710998948,0.07891139197496688,"[0.79, 0.21, -0.49, 0.97]","['net_sharpe', 'dbl_sharpe', 'gross_edge']",3,21,1,15,0.45,0
9.75919465533672,9.758741407040107,0.9999535567930941,0.8913890473171044,0.7250900969698606,0.5585687022818778,-1.8526104599532671,1.018904633832304,0.19236401166197858,0.18094792679940386,0.4076919698139411,0.6470588235294118,0.11284918235623713,25.015094042244435,47.646704185087636,0.019986491836154634,636,0.4018562259985637,0.07000032352468014,0.06346144715652716,"[1.76, 1.13, -1.85, 0.91]",['turnover'],3,21,1,15,0.45,1
16.035863769492995,14.528524470628993,0.9060019890084374,0.7106864653240331,0.5383887947841031,0.366257408854939,-0.43803685142018667,0.5525409614602806,0.1721100714512136,0.1469605127257979,0.3350646883138341,0.7647058823529411,0.11663304000178328,26.71188073304615,38.32572019105965,0.02077244979061115,683,0.4264355925434397,-0.021141966117087928,0.05272448650249598,"[1.2, 0.0, -0.44, 1.1]","['net_sharpe', 'turnover', 'gross_edge', 'short_pnl']",3,21,1,15,0.45,2
9.324804865569726,8.297309436917088,0.8898105168456133,0.5818000504308435,0.44080012521860834,0.2999735222409791,-0.5536067071881429,0.43453037730249344,0.16125870846956336,0.15838323407665322,0.30881585386663746,0.6470588235294118,0.12910153568993235,24.20642945966764,38.34745622068809,0.019743039574483125,625,0.5446968181317828,-0.17720956709680735,0.06114773943620229,"[1.75, -0.55, 0.51, 0.36]","['net_sharpe', 'dbl_sharpe', 'gross_edge', 'short_pnl']",3,21,1,15,0.45,3
3.826005689480982,3.2870030829392314,0.859121326446624,0.5195102366053782,0.35858753964816314,0.19812570045926575,-0.7619031597717408,0.5770848974852532,0.18866437748711584,0.17463664138877377,0.18674317685593875,0.5882352941176471,0.1147456993655791,24.544168485682444,32.08057475012257,0.020319557505904997,599,0.31329126002577046,-0.0015707008672339873,0.056246235801734636,"[0.7, -0.76, 0.45, 1.04]","['net_sharpe', 'dbl_sharpe', 'gross_edge', 'short_pnl']",3,21,1,15,0.45,4
23.233281417576148,23.233281417576148,1.0,0.9830120603516794,0.821822847359952,0.6606466851827922,-0.6831990391138608,0.6786954271535672,0.11029007734634177,0.09362609516731246,0.8280435587669345,0.5294117647058824,0.1141012832183717,24.442561916355206,53.392704599487494,0.02004553739919599,598,0.5060292449330257,0.010629312666686486,0.061782943802150006,"[1.21, 0.15, -0.68, 2.02]",[],3,21,1,15,0.45,5
5.118892224659473,4.593877637514911,0.8974358974358974,0.8495945730639125,0.7017565680963236,0.553786096758811,-0.3410487589624047,0.4020383893775484,0.20759969450390792,0.1852329689951664,0.39050346483503623,0.5294117647058824,0.1214702299871332,23.923821730880658,50.36906802605537,0.020031718401465164,591,0.6267431676483117,-0.1496870654352713,0.06654327973983995,"[1.77, -0.13, -0.34, 0.93]","['pos_folds', 'short_pnl']",3,21,1,15,0.45,6
-19.797769898358798,-10.848239606022313,0.547952605859997,0.1098078658571131,-0.05243819237148788,-0.2142426418830289,-0.6905565725396764,-0.2096898496359591,0.2159120639836255,0.18592194540751605,-0.054186852508504905,0.47058823529411764,0.10950518473170387,23.701789704311057,12.778295087676115,0.021307264636211957,583,0.3935329458646287,-0.27363022560176015,0.02819812609289237,"[-0.69, 0.95, -0.67, 0.25]","['net_sharpe', 'dbl_sharpe', 'tri_sharpe', 'ret_2x', 'pos_folds', 'gross_edge', 'short_pnl']",3,21,1,15,0.45,7
-35.33876364816588,-14.497954317196259,0.41025641025641024,-0.28985927665137157,-0.45324980479834537,-0.6164488553637822,-1.5931605873705574,-0.15544395629848243,0.3618097140618427,0.3369290503827298,-0.15109863284865618,0.5294117647058824,0.1104887470799323,24.0337744097281,-5.653444655769743,0.0216328884318948,596,-0.07531615787379772,0.021525097188928352,0.046641683635584755,"[-0.24, -1.59, 0.09, -0.07]","['net_sharpe', 'dbl_sharpe', 'tri_sharpe', 'ret_1x', 'ret_2x', 'pos_folds', 'gross_edge', 'long_pnl']",3,21,1,15,0.45,8
-41.988556533663846,-17.226074475349268,0.41025641025641024,-0.5656774703397289,-0.6855028660118625,-0.8051632726196947,-1.2324034790757774,-0.7111818990324634,0.4373150012937441,0.40875069366647865,-0.24545750589342177,0.4117647058823529,0.14871913456527058,23.686654497887208,-28.964076015375706,0.021414980155756557,643,0.09622634723763948,-0.367831738679187,0.03976013993022118,"[-1.23, -1.07, 0.2, -0.35]","['net_sharpe', 'dbl_sharpe', 'tri_sharpe', 'ret_1x', 'ret_2x', 'pos_folds', 'gross_edge', 'short_pnl']",3,21,1,15,0.45,9
-42.38917812802486,-17.290910255528974,0.4079085988245994,-0.5334615518314015,-0.7076928343558699,-0.8810153731970871,-1.4056425261072332,-1.1202461132280244,0.2949552765113984,0.2400891314106477,-0.2741095769962416,0.23529411764705882,0.11032624625436359,25.76303871533852,-15.209310134154173,0.02272877596527341,692,-0.2017600965913059,0.046635171602369796,0.04973994190572011,"[-0.85, -1.39, 1.17, -1.41]","['net_sharpe', 'dbl_sharpe', 'tri_sharpe', 'ret_1x', 'ret_2x', 'pos_folds', 'turnover', 'gross_edge', 'long_pnl']",3,21,1,15,0.45,10
-42.46710001760311,-17.092535853537626,0.40248888778495756,-0.27556326214638155,-0.46076917367056036,-0.6454834681596715,-1.6538437120652791,-0.6693975931114392,0.3581131812588533,0.3132500635189307,-0.15630561319948677,0.35294117647058826,0.1114527148753504,27.52444480322212,-3.704060835009364,0.022766617291498464,704,-0.09525726599023826,0.05489536050765366,0.06163135900860206,"[-1.65, -0.22, -1.12, 1.09]","['net_sharpe', 'dbl_sharpe', 'tri_sharpe', 'ret_1x', 'ret_2x', 'pos_folds', 'turnover', 'gross_edge', 'long_pnl']",3,21,1,15,0.45,11
-38.41424418237844,-15.378170092189535,0.4003246821460015,-0.3230854284231576,-0.5174413562432105,-0.7105340894128057,-1.1217556238234077,-0.7645785540752927,0.3235711586446792,0.28087495930047335,-0.18604216241344296,0.35294117647058826,0.10832502049912837,28.22781163588285,-4.8867147523766095,0.023731639820000067,654,-0.336364907406853,0.28175528389249566,0.07060802088298568,"[0.44, -0.8, -0.73, -1.12]","['net_sharpe', 'dbl_sharpe', 'tri_sharpe', 'ret_1x', 'ret_2x', 'pos_folds', 'turnover', 'gross_edge', 'long_pnl']",3,21,1,15,0.45,12
19.229147559785822,18.763385766010625,0.9757783441867568,0.6362527841573393,0.47697707369188763,0.3174262711200583,-0.25884108975682546,0.47870884060798424,0.12483363280421522,0.11756443474188849,0.3952789329474244,0.47058823529411764,0.1147783112050854,24.405799332915027,37.43393387389555,0.019358128611340803,624,0.10185430208570047,0.2598331878435113,0.06282261080963712,"[0.67, -0.26, 0.28, 1.22]","['net_sharpe', 'dbl_sharpe', 'gross_edge']",3,21,1,15,0.45,13
20.079124359754577,18.89320765230937,0.940937827457148,0.5394117568892463,0.3783009599013688,0.21723099072389682,-0.0958750752096231,0.21582775994570735,0.1017029601768139,0.0968549251454176,0.380247216503306,0.47058823529411764,0.11877369387583309,25.5057077392618,32.862138023964015,0.02035237222923248,647,0.23862720937293613,0.09319708304974994,0.04758119059551001,"[0.4, 0.03, -0.1, 1.16]","['net_sharpe', 'dbl_sharpe', 'turnover', 'gross_edge']",3,21,1,15,0.45,14
5.975209665600145,5.531322842332048,0.9257119250854751,0.4524939980937425,0.31946461075743926,0.1865671762346301,-0.24858793836550422,0.13528074019375472,0.14058975991800515,0.12668210905323007,0.2188621582683537,0.4117647058823529,0.11541797545413215,20.454803679546373,33.18833227916471,0.01899237942292194,488,0.24746572591423316,0.021288763583190477,0.06925229242499426,"[0.97, 0.12, -0.25, 0.15]","['net_sharpe', 'dbl_sharpe', 'gross_edge']",3,21,1,15,0.6,0
-1.917986128367302,-1.866667179325369,0.973243315849412,0.7883971515005521,0.6415172784956247,0.49445935499212423,-1.6350284758864357,0.5555419501051533,0.18485881873114274,0.15985249892121212,0.3454585254477128,0.5882352941176471,0.10503404551532101,20.574421783818906,47.84001758425496,0.01998434700386725,475,0.2924639579124035,0.09720333287933737,0.05679806171080495,"[1.86, 1.39, -1.64, -0.28]","['net_sharpe', 'pos_folds']",3,21,1,15,0.6,1
9.838397158386421,9.023249247621179,0.9171462690881109,0.738321198516355,0.5940022031901888,0.44967561089944336,-0.6183185703557192,0.6453291622273258,0.19341466658321504,0.1736845882089424,0.3356267923252957,0.6470588235294118,0.11734578408198876,22.529894551071987,45.58632146443303,0.02094170557107179,517,0.5493708444796508,-0.14276961229024082,0.04373556276469397,"[1.09, 0.2, -0.62, 1.3]","['net_sharpe', 'short_pnl']",3,21,1,15,0.6,2
10.177650178502937,8.737060042353342,0.8584555264836685,0.5313218727162089,0.41455141836288156,0.2979494840841076,-0.513860376296775,0.5389754087925728,0.186220868596795,0.18373292481825088,0.2505465669661654,0.7058823529411765,0.13054640296689513,20.264816996680594,41.277020154750325,0.019709860033710086,469,0.45161446113159187,-0.12046351041152877,0.06867168093946005,"[1.59, -0.51, 1.12, -0.04]","['net_sharpe', 'dbl_sharpe', 'pos_folds', 'short_pnl']",3,21,1,15,0.6,3
53.298673730626525,53.298673730626525,1.0,1.090869950641797,0.9408377966670005,0.7905442655133973,0.5753395825172946,0.6292805770762739,0.15000996365733488,0.14064851480014706,0.611194053052229,0.7647058823529411,0.09828649712445772,19.63203469184296,62.42829799710291,0.020171438792092808,431,0.24697699603024442,0.23822411900701615,0.05498825012502505,"[1.83, 0.58, 0.61, 0.64]",[],3,21,1,15,0.6,4
43.59663377202463,43.59663377202463,1.0,0.999837266482614,0.8514916435176736,0.7028399986594992,0.13205312354375573,0.74246942227227,0.11721969191765691,0.10478138444887541,0.733769674708019,0.5294117647058824,0.10309523538488767,20.4148175534568,58.12172519996737,0.02027585291951426,473,0.4645776591093556,0.005163897302290443,0.06865945717423334,"[1.29, 0.2, 0.13, 1.55]",[],3,21,1,15,0.6,5
22.895037023145573,20.988785008704895,0.916739509417977,0.7340908979469604,0.619264064230725,0.5043182736617209,-0.23027069712024043,0.49984274823540703,0.12426221706530383,0.11400423672596849,0.6124131774333954,0.47058823529411764,0.13227040420705236,20.26075300007115,54.3230554966531,0.020284198055879204,456,0.5894762300442573,-0.1537489467810265,0.023142941590672525,"[1.25, -0.23, 0.05, 0.95]","['net_sharpe', 'short_pnl']",3,21,1,15,0.6,6
-28.524847379556228,-12.72681687442454,0.44616599363633597,-0.0419258801299776,-0.1831211543111251,-0.32398900835142513,-1.1132060854309143,-0.1399968155944201,0.2697418799280029,0.24609482580452358,-0.09062543357681904,0.47058823529411764,0.10497116425722737,19.77762260500729,5.339650024228054,0.02186848514110279,444,0.31409538243268087,-0.2722871447705464,0.030651086436191105,"[0.03, -0.31, -1.11, 0.38]","['net_sharpe', 'dbl_sharpe', 'tri_sharpe', 'ret_1x', 'ret_2x', 'pos_folds', 'gross_edge', 'short_pnl']",3,21,1,15,0.6,7
-14.040650107851434,-11.015112848027847,0.784515870947334,0.2826118277482055,0.14034960568433058,-0.00215106685728741,-0.71955781205926,0.3051638858876113,0.2597782866603001,0.24407031914913935,0.03550142967030154,0.47058823529411764,0.1049267920309727,19.914002109755543,22.589693050456926,0.02053699521801756,448,0.11841120397627228,0.059680570508574185,0.037321126516639776,"[0.01, -0.72, 0.6, 0.89]","['net_sharpe', 'dbl_sharpe', 'tri_sharpe', 'gross_edge']",3,21,1,15,0.6,8
-45.843907669406896,-18.807756992577186,0.41025641025641024,-0.550436411755462,-0.6482661373939856,-0.745908315951658,-1.596498314266717,-0.7562963111600407,0.4378248539361014,0.42512365863481283,-0.240088530209337,0.29411764705882354,0.1522098390897503,19.838444565886945,-36.12260896476634,0.021481848560526325,460,0.11974617864854126,-0.40344773005411444,0.038109248495676956,"[-1.24, -1.6, 0.85, -0.27]","['net_sharpe', 'dbl_sharpe', 'tri_sharpe', 'ret_1x', 'ret_2x', 'pos_folds', 'gross_edge', 'short_pnl']",3,21,1,15,0.6,9
-39.25577060516626,-13.085256868388754,0.3333333333333333,-0.4114412100272866,-0.5673971052901323,-0.7227298226349489,-1.2132573314104624,-1.0396854811987897,0.27218011796318087,0.24799356741939715,-0.24186173375141484,0.23529411764705882,0.10934691597937249,22.799940086733308,-12.13505659559942,0.022737360530864375,549,-0.03375615378021568,-0.07577823635953598,0.0370093092193836,"[-1.21, -1.04, 1.33, -1.04]","['net_sharpe', 'dbl_sharpe', 'tri_sharpe', 'ret_1x', 'ret_2x', 'pos_folds', 'gross_edge', 'long_pnl', 'short_pnl']",3,21,1,15,0.6,10
-42.81352979665596,-17.564525044781934,0.41025641025641024,-0.43688590416659556,-0.5949934382454019,-0.752905249426025,-2.217445068559183,-0.3721151113018507,0.37226614467662,0.33541259888477204,-0.18419861464893092,0.4117647058823529,0.10934426585869524,22.96320198416023,-13.443597385705745,0.02350794621935672,519,0.0008428827542738271,-0.12305743643198372,0.03525690306452424,"[-2.22, -0.31, -0.44, 0.65]","['net_sharpe', 'dbl_sharpe', 'tri_sharpe', 'ret_1x', 'ret_2x', 'pos_folds', 'gross_edge', 'short_pnl']",3,21,1,15,0.6,11
-39.80406488395853,-16.329872772906064,0.41025641025641024,-0.4034526732510958,-0.566577404803287,-0.7286004430512943,-1.1022695940665874,-0.9092019576537775,0.3494812379686737,0.31679658250171083,-0.18172722417401557,0.35294117647058826,0.10563655836691922,23.15898510374017,-10.96517586171496,0.023883898285668125,497,-0.16657837444376855,0.06604503534301567,0.06845471475292138,"[0.45, -0.84, -1.1, -0.98]","['net_sharpe', 'dbl_sharpe', 'tri_sharpe', 'ret_1x', 'ret_2x', 'pos_folds', 'gross_edge', 'long_pnl']",3,21,1,15,0.6,12
10.600225828589867,10.096975716349057,0.952524585760853,0.5333963699584514,0.39714972870697934,0.2605525776843345,-0.2776377603972173,0.2613294331999551,0.13407851783742997,0.12287465615115867,0.28972285712157386,0.47058823529411764,0.11170466151700394,20.332831835972367,36.870987801162656,0.019154841883037607,479,0.2840618895463256,0.012733823927248616,0.07420491399166926,"[0.44, -0.28, 0.09, 1.43]","['net_sharpe', 'dbl_sharpe', 'gross_edge']",3,21,1,15,0.6,13
8.337552183662389,7.674887589843048,0.9205204862024317,0.46088302960740063,0.3107234179804512,0.16043963489952773,-0.492240415814735,0.32659532644606787,0.11554454482938348,0.10750861123710553,0.24081776762764712,0.4117647058823529,0.10650097973677193,21.327448253189278,30.768627906458345,0.020696378240477476,471,0.15656114210610042,0.10322860629735829,0.06169775167175096,"[0.61, -0.49, 0.04, 1.07]","['net_sharpe', 'dbl_sharpe', 'gross_edge']",3,21,1,15,0.6,14
-40.3825837015145,-14.919237717117134,0.3694473297546241,-0.11548689123740422,-0.5356841219309654,-0.9534634229844904,-1.6345235701076792,-0.5070844257831022,0.3178814117298986,0.21652178840242053,-0.2126115935615908,0.35294117647058826,0.11749550046985534,65.89928507480053,5.445944805737868,0.04524264797731806,2523,0.184623537228628,-0.04254485474276448,0.06854071469129244,"[0.59, -1.63, 0.39, -1.4]","['net_sharpe', 'dbl_sharpe', 'tri_sharpe', 'ret_1x', 'ret_2x', 'pos_folds', 'turnover', 'gross_edge', 'short_pnl']",3,21,2,9,0.3,0
-53.276577117885395,-12.294594719512014,0.23076923076923078,-0.8998471124438855,-1.3632769178600443,-1.8204197733608878,-2.5682343413218995,-1.2995998797466033,0.47374197356614245,0.350289953097906,-0.31595704345060704,0.23529411764705882,0.11373729668563065,70.90553771033815,-6.874695359982861,0.04882407346508494,2561,-0.07233381924707394,-0.12064453369301856,0.06649400527263513,"[-0.76, -1.84, -0.39, -2.57]","['net_sharpe', 'dbl_sharpe', 'tri_sharpe', 'ret_1x', 'ret_2x', 'pos_folds', 'turnover', 'gross_edge', 'long_pnl', 'short_pnl']",3,21,2,9,0.3,1
-44.81641874703084,-15.028614620707499,0.33533725007206583,-0.4032251491187612,-0.8663081524917129,-1.324208378956191,-1.4346656430012072,-0.9248229603123177,0.3737540425191809,0.23950155940262452,-0.2712867935593192,0.23529411764705882,0.11528893049176113,71.56371372694008,1.042036704140912,0.04712330108473201,2598,0.03152435237464718,-0.0020020061607263495,0.08903725793365799,"[-1.43, -0.54, 0.03, -1.31]","['net_sharpe', 'dbl_sharpe', 'tri_sharpe', 'ret_1x', 'ret_2x', 'pos_folds', 'turnover', 'gross_edge', 'short_pnl']",3,21,2,9,0.3,2
-45.80749023927203,-15.269163413090675,0.3333333333333333,-0.4659469613311547,-0.8664830274601001,-1.261425551439112,-2.1030359197805306,-0.68733477912235,0.4493940637694115,0.33349501959661987,-0.2498730788037322,0.47058823529411764,0.12729273248704903,68.72374399987343,-1.150527038695416,0.045869124511345075,2536,0.1914659241161604,-0.2227683952384566,0.07233855025452823,"[-1.19, 0.15, -0.18, -2.1]","['net_sharpe', 'dbl_sharpe', 'tri_sharpe', 'ret_1x', 'ret_2x', 'pos_folds', 'turnover', 'gross_edge', 'short_pnl']",3,21,2,9,0.3,3
-39.375582958500985,-17.576862917463686,0.4463899096043461,-0.10951413948642172,-0.5203367867265598,-0.9275537607491532,-1.6063273358967625,-0.4265173348982604,0.3281591344411443,0.25903773536497043,-0.21543110736165363,0.4117647058823529,0.1253172702036003,68.84952807727653,5.456086327593301,0.04707087477116614,2412,0.13923743016428147,0.009478394471695795,0.054346164136365324,"[0.06, 0.26, -0.91, -1.61]","['net_sharpe', 'dbl_sharpe', 'tri_sharpe', 'ret_1x', 'ret_2x', 'pos_folds', 'turnover', 'gross_edge']",3,21,2,9,0.3,4
52.52095983788405,47.40995197201672,0.9026863202492218,1.1351554624694102,0.7437382138660731,0.3538313863303031,0.5588882776903998,0.7121475005193747,0.15547041229746117,0.13472880550132627,0.5600942936905127,0.7058823529411765,0.12195307863041645,63.35165804036362,29.396886529595356,0.04136022796969114,2453,0.5201387362216641,0.21714440669706409,0.05010861167556047,"[0.56, 0.8, 0.62, 1.08]","['turnover', 'gross_edge']",3,21,2,9,0.3,5
4.1480758008234595,3.559205358235484,0.8580376852151362,0.8470233240608432,0.45016077061019705,0.05240736422556134,-0.4871374032827087,0.25756342228360335,0.14786601215457784,0.11968586339789167,0.33274748071597116,0.47058823529411764,0.12367813875751246,65.47235929772066,23.500067996388417,0.043296346953252976,2440,0.27000107593267875,0.3391178484028529,0.07620758037852962,"[1.29, -0.49, -0.19, 0.71]","['dbl_sharpe', 'pos_folds', 'turnover', 'gross_edge']",3,21,2,9,0.3,6
-2.563420035221812,-1.6005253850031809,0.6243710991611595,0.5434241259301871,0.15931479579408175,-0.22365625032639364,-0.5569336941973994,0.12941280772265895,0.14061610363683075,0.1179683472177363,0.08582935244266296,0.4117647058823529,0.12129100830658643,62.12156565162133,18.089914937100446,0.04198467541143005,2521,0.6211599394617655,-0.176268652753781,0.08285800916520827,"[0.79, -0.53, 0.87, -0.56]","['net_sharpe', 'dbl_sharpe', 'tri_sharpe', 'pos_folds', 'turnover', 'gross_edge', 'short_pnl']",3,21,2,9,0.3,7
-32.22370157649,-10.291937196639044,0.3193902839563258,-0.0724763510318568,-0.46833183546306717,-0.8626121977703298,-0.9077126849233194,-0.5368914843253818,0.2601093804164821,0.19330990272854442,-0.244949425709773,0.35294117647058826,0.12400482712338363,65.431513341891,6.082947657289408,0.04435599480945758,2541,0.3649371784235186,-0.20736627423169463,0.06360387062075415,"[-0.07, -0.91, -0.56, -0.52]","['net_sharpe', 'dbl_sharpe', 'tri_sharpe', 'ret_1x', 'ret_2x', 'pos_folds', 'turnover', 'gross_edge', 'short_pnl']",3,21,2,9,0.3,8
-45.664238982451074,-15.221412994150358,0.3333333333333333,-0.4622329350141254,-0.8299912511997845,-1.195561954350787,-1.7173744446127033,-0.9609999324720717,0.3821079220250089,0.29515609715346836,-0.26494927742240126,0.35294117647058826,0.1197731710986215,58.75534193027715,-1.9400244992587212,0.046234677347752565,2009,0.18475815920085004,-0.22988444140802897,0.06947140893865254,"[-0.68, -1.72, 0.54, -1.24]","['net_sharpe', 'dbl_sharpe', 'tri_sharpe', 'ret_1x', 'ret_2x', 'pos_folds', 'turnover', 'gross_edge', 'short_pnl']",3,21,2,9,0.45,0
-51.16851171907992,-15.744157452024593,0.3076923076923077,-0.8881381718813727,-1.2961158946486422,-1.6978628331290142,-2.143730095462278,-1.458708476091844,0.4657276432985229,0.3544184480721523,-0.31440776795153125,0.35294117647058826,0.11635494544482645,64.05808016683442,-8.59805826416868,0.04951935995559659,2029,0.023796822979985616,-0.24184340586813846,0.06498236644749161,"[-0.36, -1.98, -0.94, -2.14]","['net_sharpe', 'dbl_sharpe', 'tri_sharpe', 'ret_1x', 'ret_2x', 'pos_folds', 'turnover', 'gross_edge', 'short_pnl']",3,21,2,9,0.45,1
-39.694829377441174,-12.403999124301864,0.31248400153978584,-0.2957163779023306,-0.729456678677582,-1.1595557519607789,-1.1312406713744159,-0.7549730863775799,0.3264447538028209,0.211349964492469,-0.25857181541012975,0.29411764705882354,0.11201497491113567,64.92187781119146,2.49168080068864,0.04830508820281847,2067,0.12220662941741284,-0.05816557683565238,0.09617715796913061,"[-1.13, -0.95, -0.16, -0.56]","['net_sharpe', 'dbl_sharpe', 'tri_sharpe', 'ret_1x', 'ret_2x', 'pos_folds', 'turnover', 'gross_edge', 'short_pnl']",3,21,2,9,0.45,2
-48.581297041781774,-17.43943996371653,0.3589743589743589,-0.6537145474138703,-1.0120673087346865,-1.3651406961268142,-2.7399407665751854,-0.7182308424677292,0.4802814835009668,0.38139167951515507,-0.2713331754541974,0.47058823529411764,0.12891584561600977,62.489484220935765,-6.047646442455131,0.04713871591695686,2056,0.17269644746843388,-0.32230909775000083,0.07042658538589613,"[-1.44, 0.23, 0.01, -2.74]","['net_sharpe', 'dbl_sharpe', 'tri_sharpe', 'ret_1x', 'ret_2x', 'pos_folds', 'turnover', 'gross_edge', 'short_pnl']",3,21,2,9,0.45,3
-38.46653431837047,-12.083958603073258,0.3141421190445618,-0.21749183938224148,-0.6063677567563655,-0.9919062284564866,-1.3119302583857586,-0.45933772208341805,0.3794554157973522,0.2679482777926151,-0.2069715732150008,0.47058823529411764,0.12216900918642272,63.54750381904486,3.35390190317211,0.04842550584875491,1965,0.18193507557966068,-0.09755812329725841,0.0515882393776512,"[-0.74, -0.18, -0.07, -1.31]","['net_sharpe', 'dbl_sharpe', 'tri_sharpe', 'ret_1x', 'ret_2x', 'pos_folds', 'turnover', 'gross_edge', 'short_pnl']",3,21,2,9,0.45,4
25.908840522724674,23.407553444898205,0.9034581622580684,1.1295691678354982,0.7485291036439076,0.36776677499094984,-0.018286838600750435,0.6481276646766786,0.1860282824432169,0.16410837713599924,0.45954593406215366,0.5882352941176471,0.1188822744792504,60.26386100569309,29.798244374195612,0.042734334914404835,2042,0.40499329982831994,0.30592977869918386,0.04796654614842119,"[-0.02, 0.75, 0.55, 1.92]","['turnover', 'gross_edge']",3,21,2,9,0.45,5
15.197260661817827,13.488046313040389,0.8875314185357277,0.8039450890639753,0.45755764852784825,0.11072297510731738,-0.39280465985575425,0.5730208464955178,0.1383845106859355,0.11242332250176035,0.3640576846239287,0.4117647058823529,0.12418819361918812,57.38330796533947,24.911725756350524,0.04308670319281733,1963,0.23442022434740795,0.3315119397158116,0.08280913979975521,"[0.86, -0.39, 0.39, 0.76]","['dbl_sharpe', 'turnover', 'gross_edge']",3,21,2,9,0.45,6
-6.075728034545833,-4.025246547638904,0.6625126280754922,0.5582965451519055,0.21243355409531461,-0.13238422807554312,-0.870984512946685,0.45132315153479474,0.20227398320255052,0.17841913660952602,0.09288715253745254,0.47058823529411764,0.12315744927485936,56.747940739842335,19.59705501403545,0.04202132389532193,2052,0.47932972187054745,-0.03906295844473506,0.08371859602696452,"[0.72, -0.87, 0.79, 0.18]","['net_sharpe', 'dbl_sharpe', 'tri_sharpe', 'turnover', 'gross_edge', 'short_pnl']",3,21,2,9,0.45,7
-41.407123876605645,-12.992417637101111,0.31377252078214535,-0.21511085341630037,-0.5855872010214362,-0.9546822156862562,-1.5806294039148951,-0.5194831085703535,0.3177876678112712,0.23621357103830676,-0.2365830681066591,0.23529411764705882,0.12089831648592281,59.65909148795887,3.1617108067156035,0.04500712830009327,2091,0.27892151911148544,-0.2042467717883966,0.06397324386864936,"[-0.01, -1.58, -0.86, -0.18]","['net_sharpe', 'dbl_sharpe', 'tri_sharpe', 'ret_1x', 'ret_2x', 'pos_folds', 'turnover', 'gross_edge', 'short_pnl']",3,21,2,9,0.45,8
-50.2960409746429,-15.47570491527474,0.3076923076923077,-0.81884388901046,-1.1444507701395203,-1.4665754228051153,-1.7582794030243052,-1.2665646527156496,0.46089904252950253,0.38462935798317743,-0.2957156041708447,0.17647058823529413,0.12121119280205742,52.99026053155278,-11.21065868677546,0.04812802913124857,1578,0.18385941695374247,-0.41904038187538084,0.06815088182918475,"[-1.58, -1.76, -0.15, -0.95]","['net_sharpe', 'dbl_sharpe', 'tri_sharpe', 'ret_1x', 'ret_2x', 'pos_folds', 'turnover', 'gross_edge', 'short_pnl']",3,21,2,9,0.6,0
-47.129857385328876,-14.501494580101193,0.3076923076923077,-0.6942164906809382,-1.0370614204744517,-1.3764551520801673,-1.7214068397099227,-1.1540752457797068,0.4012549722462272,0.3003894960623359,-0.3028153815975642,0.35294117647058826,0.1178832236544445,54.156082236881936,-7.561223077625395,0.047962972287428476,1520,0.09998125180751043,-0.2620929192515529,0.06200781049227268,"[-0.32, -1.67, -0.64, -1.72]","['net_sharpe', 'dbl_sharpe', 'tri_sharpe', 'ret_1x', 'ret_2x', 'pos_folds', 'turnover', 'gross_edge', 'short_pnl']",3,21,2,9,0.6,1
-40.608627518135116,-12.627327714167548,0.31095184658797936,-0.29565582422677095,-0.6782428417822228,-1.0591399894418394,-1.6085707580766035,-0.40950292076307027,0.3396826521380608,0.2387284765583596,-0.24052741409273737,0.35294117647058826,0.1157699669690584,58.93115973333316,1.694960225749274,0.050078146324357364,1552,0.24787547372229443,-0.20833157529527382,0.056127566186062586,"[-1.61, -0.19, -0.63, -0.19]","['net_sharpe', 'dbl_sharpe', 'tri_sharpe', 'ret_1x', 'ret_2x', 'pos_folds', 'turnover', 'gross_edge', 'short_pnl']",3,21,2,9,0.6,2
-48.99397747535004,-12.56255832701283,0.2564102564102564,-0.6285110264342783,-0.950438913988213,-1.2675047359857199,-2.5170897371641643,-0.7554240001833445,0.4775411532572452,0.39035615290297976,-0.2598011705486014,0.4117647058823529,0.129676965914038,56.50271170592523,-7.018419459076862,0.04918690035380519,1538,-0.01729239742455485,-0.13970179758043214,0.05825663472213513,"[-1.29, -0.22, 0.43, -2.52]","['net_sharpe', 'dbl_sharpe', 'tri_sharpe', 'ret_1x', 'ret_2x', 'pos_folds', 'turnover', 'gross_edge', 'long_pnl', 'short_pnl']",3,21,2,9,0.6,3
-33.798645373750354,-10.583449281196673,0.31313235084315794,-0.18694566428959591,-0.4895809078508815,-0.7905619987463766,-0.7257752227872786,-0.4646732256244763,0.39151399722643343,0.30000839195042517,-0.18271352884904304,0.4117647058823529,0.13314722090515033,53.77782380668581,2.8288224384421174,0.04763593498879105,1470,0.21232298518752107,-0.15209700252853825,0.04587590075699899,"[-0.73, -0.29, -0.14, -0.64]","['net_sharpe', 'dbl_sharpe', 'tri_sharpe', 'ret_1x', 'ret_2x', 'pos_folds', 'turnover', 'gross_edge', 'short_pnl']",3,21,2,9,0.6,4
18.43817447667624,16.00011667861678,0.867771193881285,0.7268076141021761,0.3895047573756852,0.05224875208989856,-0.042765252640946536,0.44455013676073224,0.18631040296506152,0.16738555520159737,0.2070593902332528,0.6470588235294118,0.11369524535897678,51.11685197334619,23.740259523104566,0.044426495281126015,1466,0.2848907331450671,0.19553310097142973,0.049623013151302284,"[-0.04, 0.34, 0.98, 0.55]","['net_sharpe', 'dbl_sharpe', 'turnover', 'gross_edge']",3,21,2,9,0.6,5
28.2544887614128,25.607613826373452,0.9063201972121969,0.9280368609377541,0.626296925528678,0.3235544222440424,-0.172592024735537,0.6773853008303912,0.14286260283838037,0.12608702228852653,0.5034635585276056,0.5882352941176471,0.12294085102011225,49.567687855906726,30.594803119793152,0.043028062797900404,1491,0.2834599286776587,0.3169132838632254,0.08641111960206307,"[1.16, -0.17, 0.98, 0.38]","['turnover', 'gross_edge']",3,21,2,9,0.6,6
-11.923883166607073,-7.302766879693772,0.612448711351452,0.46464064842613284,0.13151738467172502,-0.2008159037847825,-0.7947046149693671,0.2168136823419426,0.20261047645175045,0.18067142904994782,0.04263252158914508,0.47058823529411764,0.11954247258982051,53.075232265129834,18.053240041043743,0.04435493457220565,1611,0.4740218452223858,-0.09468760754638614,0.07199279933288022,"[0.63, -0.79, 1.03, -0.2]","['net_sharpe', 'dbl_sharpe', 'tri_sharpe', 'pos_folds', 'turnover', 'gross_edge', 'short_pnl']",3,21,2,9,0.6,7
-26.70604999287911,-9.356446655311027,0.35034932750466,0.01741818419973933,-0.32314341182736855,-0.663662187335388,-0.8530613118627363,-0.3894935374578057,0.23677777836495661,0.19330990272854442,-0.19116904478269206,0.47058823529411764,0.12083168290585562,54.715606625744826,7.977407759102907,0.04515219871704722,1667,0.2853318482992095,-0.11253015556108749,0.06718575863877027,"[-0.02, -0.85, -0.76, 0.2]","['net_sharpe', 'dbl_sharpe', 'tri_sharpe', 'ret_1x', 'ret_2x', 'pos_folds', 'turnover', 'gross_edge', 'short_pnl']",3,21,2,9,0.6,8
-1.3210017471053748,-0.97191649035491,0.7357420173626624,0.5235832487986755,0.2069490664792807,-0.10808717047769663,-0.9976795926035057,0.5212164715668455,0.1802475917901346,0.16314385287155508,0.1019835758960672,0.5294117647058824,0.12701903636278677,53.562986799641436,19.85076127030826,0.03538651462200925,1950,0.17077703126049404,0.25015980772933955,0.006839562762234307,"[0.33, 0.77, 0.71, -1.0]","['net_sharpe', 'dbl_sharpe', 'tri_sharpe', 'turnover', 'gross_edge']",3,21,2,12,0.3,0
-44.07370764803002,-11.300950678982057,0.2564102564102564,-0.5725659850905833,-0.8798078099780501,-1.1838852188556075,-1.6429298130455505,-0.8290269204327452,0.37747039785114334,0.2927432196908889,-0.2926924622595759,0.4117647058823529,0.12386629684435257,51.18718560762783,-6.498690615016288,0.03572681907502115,1928,-0.07992978293059474,-0.05176303666574089,0.047270637952307806,"[-1.64, -1.1, 0.03, -0.56]","['net_sharpe', 'dbl_sharpe', 'tri_sharpe', 'ret_1x', 'ret_2x', 'pos_folds', 'turnover', 'gross_edge', 'long_pnl', 'short_pnl']",3,21,2,12,0.3,1
-10.290802237389563,-7.435347554683572,0.7225236073110733,0.5490207084612955,0.2522708170954002,-0.04425946968832653,-0.5197320352273905,0.0431678838072673,0.21108834028511425,0.18904873895285723,0.11546612116153765,0.5294117647058824,0.1275472339727325,50.417500428993776,21.412908344394733,0.03249895360216902,1924,0.32968656497461046,0.09771090929911962,0.0334157204792072,"[-0.52, -0.27, 0.35, 1.72]","['net_sharpe', 'dbl_sharpe', 'tri_sharpe', 'pos_folds', 'turnover', 'gross_edge']",3,21,2,12,0.3,2
-41.87874119121549,-15.520011858366658,0.37059403928841456,-0.05988762598616457,-0.37549203287997124,-0.6890054735655559,-1.980008958278409,-0.43503002537210134,0.33974817982217764,0.2727922994339763,-0.15694057700204744,0.35294117647058826,0.12477259191624046,52.60656365706341,6.042233763308918,0.03547950549672275,1844,0.30118932677478205,-0.1753511434542252,0.06873643616929137,"[0.59, -1.98, -1.35, 0.48]","['net_sharpe', 'dbl_sharpe', 'tri_sharpe', 'ret_1x', 'ret_2x', 'pos_folds', 'turnover', 'gross_edge', 'short_pnl']",3,21,2,12,0.3,3
-39.03096602035768,-19.13455768602721,0.49024043309732723,0.25823432634150745,-0.03706432171771776,-0.3316475971975143,-1.849196319205751,-0.5456339234256883,0.3683602409647607,0.3155331917638322,-0.03358442168879677,0.5294117647058824,0.12485683023875115,49.17823148251777,14.03181259889657,0.033007724851905035,1822,0.4752970103109028,-0.20210898096409852,0.07838500110185949,"[2.09, -1.45, -1.85, 0.36]","['net_sharpe', 'dbl_sharpe', 'tri_sharpe', 'ret_2x', 'pos_folds', 'turnover', 'gross_edge', 'short_pnl']",3,21,2,12,0.3,4
-39.566950714533604,-13.614140482471258,0.34407858671480984,-0.11207374455356775,-0.4081349835917529,-0.7024272202341402,-1.4957517525908601,-0.6083599114193065,0.3073185730024427,0.22286728795192845,-0.18627187706591816,0.35294117647058826,0.12495245107447585,49.43107162721146,4.677246361906139,0.03344549700391717,1855,0.1275247733719599,-0.03599439572705526,0.0983258601336236,"[-0.68, 1.03, -1.5, -0.53]","['net_sharpe', 'dbl_sharpe', 'tri_sharpe', 'ret_1x', 'ret_2x', 'pos_folds', 'turnover', 'gross_edge', 'short_pnl']",3,21,2,12,0.3,5
-28.723283233218645,-11.611769300163584,0.4042633011651852,0.01858308935538888,-0.2775822718930927,-0.5720787569868906,-0.7325327219605746,-0.23869588368174394,0.2786457925364866,0.1876142598525875,-0.14880127678081362,0.29411764705882354,0.12431708788484241,49.191010850614795,7.993379499110529,0.03353051551807367,1881,0.03318338460752815,0.12248168211539828,0.10597605487777782,"[-0.0, -0.73, -0.28, -0.19]","['net_sharpe', 'dbl_sharpe', 'tri_sharpe', 'ret_1x', 'ret_2x', 'pos_folds', 'turnover', 'gross_edge']",3,21,2,12,0.3,6
-9.145785221639008,-5.3561034389133875,0.5856362585730529,0.3551274981175523,0.04909787084141334,-0.25558057335425977,-0.35669966094360867,0.06605811256514094,0.20558430649345982,0.17984601586425275,-0.007306227654580205,0.4117647058823529,0.12264051754693481,50.04502046934467,16.179983218130154,0.033758806739422026,1880,0.2654825778015655,0.05508081110076114,0.07168524597701721,"[0.19, -0.36, 0.36, -0.06]","['net_sharpe', 'dbl_sharpe', 'tri_sharpe', 'ret_2x', 'pos_folds', 'turnover', 'gross_edge']",3,21,2,12,0.3,7
-10.094281345622974,-5.115722275906901,0.5067941045773557,0.3599360080745051,0.03702111213566192,-0.2844745909856798,-0.2763500908303525,-0.05390769579381631,0.27382020455256206,0.2521986338273582,-0.009833010595709589,0.6470588235294118,0.1192642957302967,51.31931062580642,15.907778338980105,0.0339697532940372,1936,0.3605797479685575,-0.03738423154939597,0.05568880124041178,"[0.43, -0.17, -0.28, 0.07]","['net_sharpe', 'dbl_sharpe', 'tri_sharpe', 'ret_2x', 'pos_folds', 'turnover', 'gross_edge', 'short_pnl']",3,21,2,12,0.3,8
-16.304876676311387,-9.906504774550887,0.6075792519757968,0.4294859645056399,0.11893323764696745,-0.1903786295250669,-1.0565229366903728,0.0742243538879015,0.21072953438271114,0.18230072599203928,0.03387577436326355,0.5882352941176471,0.12022099147905238,49.7499442826705,17.885497975981053,0.033923236052027544,1874,0.48060536341869786,-0.1283410750264233,0.05124990897412303,"[1.14, -0.21, 0.35, -1.06]","['net_sharpe', 'dbl_sharpe', 'tri_sharpe', 'pos_folds', 'turnover', 'gross_edge', 'short_pnl']",3,21,2,12,0.3,9
-27.388568415348836,-12.597942447022886,0.45997082636721054,0.06820404898069468,-0.25940879371709097,-0.5852060314271791,-1.1595160364786212,-0.013639077931702215,0.22760896778360573,0.19059473755238354,-0.16398166291245794,0.23529411764705882,0.11901626303609003,52.02708541790833,9.107960595248079,0.03553997301552002,1895,0.2442582049118043,-0.05666131987210099,0.03886301022398084,"[-0.27, 0.32, 0.24, -1.16]","['net_sharpe', 'dbl_sharpe', 'tri_sharpe', 'ret_2x', 'pos_folds', 'turnover', 'gross_edge', 'short_pnl']",3,21,2,12,0.3,10
-16.540249046479044,-7.427279938622099,0.449042811734637,0.17540642370017903,-0.15418233240498122,-0.4814130482835909,-0.6144369629759833,-0.19058402374908637,0.1950234970552418,0.1350292682931029,-0.13137041248474676,0.47058823529411764,0.12058736544904745,53.07400517353786,11.398607583668971,0.03602736094625997,1907,0.24143056312853145,-0.001928837068945255,0.047217479608340954,"[0.27, -0.61, -0.04, -0.34]","['net_sharpe', 'dbl_sharpe', 'tri_sharpe', 'ret_2x', 'pos_folds', 'turnover', 'gross_edge', 'short_pnl']",3,21,2,12,0.3,11
-13.840836983894773,-8.302550040969221,0.5998589572747721,0.22627076945440458,-0.034682747619933146,-0.29416608249782933,-1.1559399876421366,0.24261791821575723,0.18595379395608824,0.17250741816930482,-0.07091906010572109,0.47058823529411764,0.13140322041621746,45.75987482278824,13.82891902662248,0.03427265772133907,1576,0.19607017530191911,0.05445307872314385,0.0024605052899894266,"[0.28, 0.2, 0.4, -1.16]","['net_sharpe', 'dbl_sharpe', 'tri_sharpe', 'ret_2x', 'turnover', 'gross_edge']",3,21,2,12,0.45,0
-35.914657322447745,-12.397567521692201,0.34519520568955414,-0.14221283393619102,-0.42729975376269536,-0.7102031714985572,-1.3627938340167802,-0.3076756051214212,0.29000462205883326,0.24710526658105902,-0.20853704169037796,0.35294117647058826,0.12673688937946184,48.368988722031034,3.5585555804845,0.03601377916484134,1590,0.11933961943587784,-0.051197483354204376,0.04437205650833159,"[-1.36, -0.6, 0.58, -0.02]","['net_sharpe', 'dbl_sharpe', 'tri_sharpe', 'ret_1x', 'ret_2x', 'pos_folds', 'turnover', 'gross_edge', 'short_pnl']",3,21,2,12,0.45,1
-24.54351213671098,-16.5860378443825,0.6757809457748274,0.43816720487592997,0.15413818529925508,-0.12945147496797116,-0.7491024468731942,-0.4336575888769565,0.26552304505210156,0.19986660557795533,0.043468783913534176,0.5294117647058824,0.12442324849259859,47.095221580613064,19.18569793082091,0.03339261789746842,1589,0.14058863258957843,0.21712000702915873,0.03898882190910763,"[-0.52, -0.75, -0.35, 2.34]","['net_sharpe', 'dbl_sharpe', 'tri_sharpe', 'pos_folds', 'turnover', 'gross_edge']",3,21,2,12,0.45,2
-43.91397058344001,-15.158068479755356,0.3451764501903518,-0.20184272525873742,-0.48858736221161864,-0.7734665479099181,-1.6871816402090776,-0.7704626619876751,0.3789040027783096,0.30116203192703606,-0.17451999256017617,0.35294117647058826,0.12396082616967531,47.51198076153723,2.177589984109187,0.0362729597605569,1504,0.3053805142440032,-0.26442105358413054,0.0730008626660154,"[-0.54, -1.69, -1.0, 0.89]","['net_sharpe', 'dbl_sharpe', 'tri_sharpe', 'ret_1x', 'ret_2x', 'pos_folds', 'turnover', 'gross_edge', 'short_pnl']",3,21,2,12,0.45,3
-42.49891157977351,-15.987837397302517,0.3761940436354987,-0.220361517923648,-0.4881452577931062,-0.7544185221586085,-1.6814429223392922,-0.4699340177723952,0.4296339219845857,0.3747102874550974,-0.15689027287652155,0.4117647058823529,0.12627345161336237,45.19946488008069,1.273379831921748,0.03497823482294139,1439,0.12957331647905754,-0.10678741354662803,0.08233478295620211,"[0.47, -1.68, -1.35, 0.41]","['net_sharpe', 'dbl_sharpe', 'tri_sharpe', 'ret_1x', 'ret_2x', 'pos_folds', 'turnover', 'gross_edge', 'short_pnl']",3,21,2,12,0.45,4
-23.774685602517433,-13.271907258764815,0.5582369197496134,0.10883567198235314,-0.16877959675894277,-0.4452045848560363,-0.7724279986729842,-0.1669182870779683,0.24615456334495267,0.18020623311195083,-0.11251772865581548,0.47058823529411764,0.12202298018419826,45.18436289485107,10.469728635776379,0.034369313709562234,1463,0.010877415786200925,0.17640567630677906,0.11083259546559399,"[-0.76, 0.47, -0.77, 0.43]","['net_sharpe', 'dbl_sharpe', 'tri_sharpe', 'ret_2x', 'pos_folds', 'turnover', 'gross_edge']",3,21,2,12,0.45,5
-18.270688984519033,-10.681226147285438,0.5846099266609904,0.27554395030058637,0.008579979676540977,-0.2574096671353138,-0.8047091961074642,0.08213782165592828,0.2267444005385617,0.19283778628898096,-0.030723700070503426,0.47058823529411764,0.12697712766030436,45.216795122195364,15.213771503408356,0.034077573929973494,1432,0.06697252345976241,0.20536761195324083,0.11416510638085764,"[-0.26, -0.8, 0.42, 0.76]","['net_sharpe', 'dbl_sharpe', 'tri_sharpe', 'ret_2x', 'pos_folds', 'turnover', 'gross_edge']",3,21,2,12,0.45,6
-0.32709935502935394,-0.24737440941738806,0.7562668822602497,0.5145713626097759,0.24423487082221942,-0.0251105668766728,-0.5004881988040335,0.37932911819008963,0.20612416812561385,0.18397629910659286,0.11356662934609912,0.5882352941176471,0.12816504873791798,46.116318998797524,21.77753137713958,0.03313092150880707,1553,0.25468099521518234,0.1429115798182532,0.07811740482757253,"[0.36, -0.5, 0.76, 0.4]","['net_sharpe', 'dbl_sharpe', 'tri_sharpe', 'turnover', 'gross_edge']",3,21,2,12,0.45,7
-17.92025317716429,-8.816266527737564,0.49197220823710786,0.2270008008650764,-0.06789353980607067,-0.36159112481572936,-0.6252872741642272,-0.03374500570005484,0.27817610322854347,0.221029113857796,-0.054857477926093745,0.6470588235294118,0.12002951231359785,47.161441840023265,13.267148517412837,0.034896495756361376,1562,0.27361487624526715,-0.025907096010994973,0.05611687357644092,"[0.27, -0.63, -0.34, 0.32]","['net_sharpe', 'dbl_sharpe', 'tri_sharpe', 'ret_2x', 'pos_folds', 'turnover', 'gross_edge', 'short_pnl']",3,21,2,12,0.45,8
-31.333632040923625,-11.256957004222663,0.3592611603251227,-0.06920972243054112,-0.35584640698849035,-0.6403010719176273,-1.4656809767955046,-0.24412620417129488,0.24505558125695137,0.18252821015914955,-0.19536932321104716,0.47058823529411764,0.11791072853514321,45.18876754271994,5.784498104082356,0.03479990514890488,1563,0.25970870270548624,-0.15622518995060816,0.051078664028450405,"[-0.41, -0.08, 0.72, -1.47]","['net_sharpe', 'dbl_sharpe', 'tri_sharpe', 'ret_1x', 'ret_2x', 'pos_folds', 'turnover', 'gross_edge', 'short_pnl']",3,21,2,12,0.45,9
-29.227225956202474,-10.447115941842943,0.35744466332515223,-0.013914459745000192,-0.3066598408096696,-0.5980183558807235,-0.8042738906072591,-0.33601100075941687,0.2556269017811169,0.20071901026464822,-0.1679495690853479,0.29411764705882354,0.11954279357526376,46.668838209916835,7.208032731612744,0.03573216610857151,1507,0.31796401986837053,-0.18479024129024946,0.036556149132100285,"[-0.01, -0.66, 0.11, -0.8]","['net_sharpe', 'dbl_sharpe', 'tri_sharpe', 'ret_1x', 'ret_2x', 'pos_folds', 'turnover', 'gross_edge', 'short_pnl']",3,21,2,12,0.45,10
-1.6920075603087712,-1.2162729352002526,0.718834220207797,0.4534699507573994,0.14336150518628676,-0.16537068056955637,-0.7794824776103426,0.286295040922912,0.1608606189997096,0.12515911072926167,0.06247098742649009,0.5882352941176471,0.11913960991535083,49.229074625687296,18.4178959563812,0.03563411674983027,1617,0.30544352889456955,0.05350871305901547,0.044194177866772925,"[0.59, -0.78, 0.14, 0.43]","['net_sharpe', 'dbl_sharpe', 'tri_sharpe', 'turnover', 'gross_edge']",3,21,2,12,0.45,11
-33.00738094816157,-16.142424489529084,0.48905499393850504,0.06998217732427231,-0.15036338875726007,-0.3695039532333369,-2.0429503627694303,0.03686230181740069,0.2955546597931119,0.2373326484082232,-0.10236191577204308,0.47058823529411764,0.13923556591065794,40.953131775246696,9.667832155537054,0.03528708129397399,1218,0.17443462103462154,-0.017690520723266157,-0.02299361534153426,"[0.75, -0.68, 0.96, -2.04]","['net_sharpe', 'dbl_sharpe', 'tri_sharpe', 'ret_2x', 'pos_folds', 'turnover', 'gross_edge', 'short_pnl']",3,21,2,12,0.6,0
-26.95916780520894,-9.855648066469726,0.3655768656392079,-0.069674758718497,-0.324606383361043,-0.5779867039074714,-1.027932894503958,-0.25322096382863085,0.21305447823684598,0.18615760883207655,-0.2237537293251558,0.35294117647058826,0.12573197625628393,42.85323964955115,5.331820238336605,0.03618533031386833,1234,0.18925143258875687,-0.09879610703030452,0.042066818562552274,"[-0.36, -1.03, 0.35, -0.14]","['net_sharpe', 'dbl_sharpe', 'tri_sharpe', 'ret_1x', 'ret_2x', 'pos_folds', 'turnover', 'gross_edge', 'short_pnl']",3,21,2,12,0.6,1
-25.08599925674513,-17.419585264592637,0.6943947134140512,0.4467972543742539,0.1783349771289008,-0.09020943772580502,-0.9828266569920917,-0.22257586258201553,0.2618964500910088,0.19938508724398307,0.05467607218569224,0.5294117647058824,0.12027807470227568,43.066323102691115,20.05137371725434,0.035406230089937936,1206,0.2045906208484108,0.13727616465469092,0.02529357051639748,"[-0.36, -0.98, -0.08, 2.14]","['net_sharpe', 'dbl_sharpe', 'tri_sharpe', 'pos_folds', 'turnover', 'gross_edge']",3,21,2,12,0.6,2
-44.80000750608344,-15.821356376014043,0.353155217080391,-0.23803197121480588,-0.5057150715300197,-0.7707934720698754,-1.321577189313094,-1.2003832567311803,0.4157964616598393,0.3491493054982333,-0.16230287464183002,0.29411764705882354,0.12277781951120105,44.08563295647885,0.8443922788361177,0.03872837226178727,1141,0.22247230079348135,-0.20773505534967374,0.07680619853729287,"[-1.26, -1.32, -1.14, 1.78]","['net_sharpe', 'dbl_sharpe', 'tri_sharpe', 'ret_1x', 'ret_2x', 'pos_folds', 'turnover', 'gross_edge', 'short_pnl']",3,21,2,12,0.6,3
-35.96099823600321,-13.38044693874051,0.3720821889016517,-0.16915016800177374,-0.4051092252318433,-0.6404397828088311,-1.4598214316905653,-0.200947951192383,0.39755142672715127,0.36285429142490944,-0.14067786424234877,0.5294117647058824,0.12319878631342547,38.73994877446938,2.1333229346765337,0.03518851818223405,1080,0.30531548758563387,-0.27259719535366883,0.08960985842827478,"[-0.19, -1.46, -0.21, 0.5]","['net_sharpe', 'dbl_sharpe', 'tri_sharpe', 'ret_1x', 'ret_2x', 'pos_folds', 'turnover', 'gross_edge', 'short_pnl']",3,21,2,12,0.6,4
-17.783154624045643,-11.119543219929078,0.6252851901143396,0.25320437579323474,0.006564252401653596,-0.23970049593139314,-1.2382689960320237,0.3243795042998334,0.23758564310710473,0.2093587461386217,-0.027078839112257003,0.47058823529411764,0.12036248537608235,39.57194931988996,15.278058789486522,0.03327005342540005,1145,0.21690833991409209,0.022440101439052423,0.09213852003214289,"[-1.24, 0.46, 0.19, 0.85]","['net_sharpe', 'dbl_sharpe', 'tri_sharpe', 'ret_2x', 'turnover', 'gross_edge']",3,21,2,12,0.6,5
-38.81155072250714,-15.572400831124972,0.4012310907766539,-0.06414122405242449,-0.29384688341359333,-0.5220626423549997,-1.7466645962769687,-0.2489622036452526,0.3540610868732208,0.3058247897350844,-0.12809670628199354,0.4117647058823529,0.12911278718357846,39.67786441900268,5.458083607597663,0.03449177512671701,1149,-0.21181821070694537,0.2975542576876084,0.11795660458235227,"[-0.83, -1.75, 0.33, 1.24]","['net_sharpe', 'dbl_sharpe', 'tri_sharpe', 'ret_1x', 'ret_2x', 'pos_folds', 'turnover', 'gross_edge', 'long_pnl']",3,21,2,12,0.6,6
22.874559329422542,17.65713692326014,0.7719115664251743,0.4834025665473013,0.23864495393575585,-0.005597686553197728,0.052066199042799154,0.305470998603118,0.13396845798291934,0.12018372973597002,0.16467881852681968,0.5882352941176471,0.12301216738828176,40.10032373741901,22.292807878735488,0.03397943442515571,1151,0.1699203395152021,0.18398542342113527,0.08001138454598097,"[0.05, 0.25, 0.39, 0.36]","['net_sharpe', 'dbl_sharpe', 'tri_sharpe', 'turnover', 'gross_edge']",3,21,2,12,0.6,7
-18.305953597186917,-9.00678730351621,0.4920141010791313,0.08509889451083134,-0.16840150263903142,-0.42062332030421323,-0.8078619448800983,-0.01778785464875686,0.24222910290669486,0.19592669116403671,-0.11227839286938794,0.6470588235294118,0.1203338558557395,40.672261375098785,10.001339369098089,0.03549296508901067,1152,0.23067718656315497,-0.06963803766154442,0.054347437523829964,"[0.1, -0.81, 0.15, -0.14]","['net_sharpe', 'dbl_sharpe', 'tri_sharpe', 'ret_2x', 'pos_folds', 'turnover', 'gross_edge', 'short_pnl']",3,21,2,12,0.6,8
-22.889521171444027,-9.40761778938227,0.4110010741997873,0.023028467302403006,-0.2193573085053083,-0.46029803983128875,-1.3562897405369796,-0.0934044981195542,0.19985212279032383,0.16862938123407378,-0.16646460132735086,0.5294117647058824,0.12068569128820693,39.037459144333376,8.362403183035983,0.03428705913767487,1152,0.36903997988270154,-0.23980275374133878,0.0320526681310175,"[-0.49, 0.31, 0.91, -1.36]","['net_sharpe', 'dbl_sharpe', 'tri_sharpe', 'ret_1x', 'ret_2x', 'pos_folds', 'turnover', 'gross_edge', 'short_pnl']",3,21,2,12,0.6,9
-26.47482460139528,-9.948483740939013,0.3757714693382598,-0.06171574680569953,-0.3156316895679528,-0.5684832061550041,-0.911171744913765,-0.5191289672531656,0.19749019389296885,0.1735830288743797,-0.2185599477702656,0.29411764705882354,0.11764631781439225,39.837426044911126,5.807712394419554,0.03519790753079065,1187,0.2896211824407113,-0.19802626948480717,0.02423470439990761,"[-0.28, -0.75, 0.71, -0.91]","['net_sharpe', 'dbl_sharpe', 'tri_sharpe', 'ret_1x', 'ret_2x', 'pos_folds', 'turnover', 'gross_edge', 'short_pnl']",3,21,2,12,0.6,10
-29.310141849284484,-11.091979912716921,0.3784348765609163,0.03790740775183355,-0.22326212617630753,-0.48329478697013206,-0.9148351226255814,-0.35653220362211435,0.24862883644805756,0.1826543023771363,-0.13488657086237826,0.35294117647058826,0.12020567459070533,41.89781642517258,8.593938371027553,0.036063600587971305,1214,0.3004883307716181,-0.15794115831005145,0.04230058450786161,"[0.57, -0.91, -0.51, -0.21]","['net_sharpe', 'dbl_sharpe', 'tri_sharpe', 'ret_1x', 'ret_2x', 'pos_folds', 'turnover', 'gross_edge', 'short_pnl']",3,21,2,12,0.6,11
-12.58739264973672,-7.9804201854436565,0.6340010522838958,0.3684516891918363,0.13415379317826023,-0.09949678461700473,-0.8065461843940663,0.0038519069344940676,0.16947100911290225,0.15849610495456268,0.05344424071148323,0.4117647058823529,0.13074237049708592,40.813518352567776,19.160621971214947,0.026789891778612497,1496,0.3178650531730537,-0.008273844160065102,0.06854394674301614,"[0.98, -0.21, -0.81, 0.22]","['net_sharpe', 'dbl_sharpe', 'tri_sharpe', 'pos_folds', 'turnover', 'gross_edge', 'short_pnl']",3,21,2,15,0.3,0
-32.38351234761693,-13.148341885009101,0.4060196356673668,0.03424445101500521,-0.21441878993128285,-0.461175878659634,-1.6268472856824403,-0.2579380413568361,0.29488823016667665,0.23787351276381308,-0.1143369573635759,0.5882352941176471,0.12365181617389912,41.094932715529,8.50321367446024,0.02778756295148929,1479,0.2618106140791012,-0.12347106721154213,0.0733112629432505,"[0.21, -0.73, -1.63, 0.8]","['net_sharpe', 'dbl_sharpe', 'tri_sharpe', 'ret_1x', 'ret_2x', 'pos_folds', 'turnover', 'gross_edge', 'short_pnl']",3,21,2,15,0.3,1
-27.73917239317523,-15.913017276692843,0.5736658992972689,0.1413047867712021,-0.10668960377100803,-0.35374727287224456,-1.1665178909294747,-0.24126164900086874,0.27416333374397517,0.22238963504585696,-0.078115855197054,0.5882352941176471,0.12688360799903714,41.91952940514444,11.645608677584107,0.027386222602115606,1556,0.1502827427336615,0.04298241867843309,0.0686343723079759,"[0.25, -0.74, -1.17, 0.75]","['net_sharpe', 'dbl_sharpe', 'tri_sharpe', 'ret_2x', 'pos_folds', 'turnover', 'gross_edge']",3,21,2,15,0.3,2
-36.63888619784756,-18.084148111892755,0.49357799836598615,0.21395242954860239,0.0062488130978266615,-0.20060781994200227,-1.231495652622335,-0.5447137790307766,0.3216682276515842,0.26361157195613716,-0.028414431086031804,0.35294117647058826,0.14134502676223734,39.16354917602981,14.791377973370896,0.02644537988552086,1465,0.40008734228814125,-0.17075481331916642,0.06389919747722136,"[1.46, -1.23, -0.87, -0.22]","['net_sharpe', 'dbl_sharpe', 'tri_sharpe', 'ret_2x', 'pos_folds', 'turnover', 'gross_edge', 'short_pnl']",3,21,2,15,0.3,3
-16.701234829530396,-8.718478933479386,0.52202600720659,0.24943302743124235,0.017716944077962482,-0.21281852384043526,-0.5252428951981675,-0.14847019243077064,0.2489750282553519,0.22243179694345827,-0.025076265278547265,0.5882352941176471,0.13062598377842807,40.350887474746415,15.459270142555276,0.026609461743703867,1540,0.5817257179135681,-0.3347711521333173,0.05652956597417905,"[0.68, -0.36, -0.53, 0.07]","['net_sharpe', 'dbl_sharpe', 'tri_sharpe', 'ret_2x', 'pos_folds', 'turnover', 'gross_edge', 'short_pnl']",3,21,2,15,0.3,4
53.472537189898375,46.455721189680034,0.8687772009901205,1.0842683781990612,0.8207944907993696,0.5585758975221738,0.20740564452258073,0.9535445954592259,0.13067035566551255,0.10910947981529029,0.7353069201298172,0.7058823529411765,0.12018032713136483,41.806139039394374,38.653966977893674,0.027214413206771648,1499,0.7290615376120444,-0.08931327586728732,0.04838021735658157,"[0.82, 1.09, 0.21, 1.16]","['turnover', 'gross_edge', 'short_pnl']",3,21,2,15,0.3,5
35.61409160597172,31.10266700827416,0.8733247320299167,1.0884646082069922,0.834601897808246,0.5803566193756557,-0.3072790509671807,0.9034700140663086,0.13124194225348118,0.11357549437892311,0.7508505823169709,0.6470588235294118,0.12128413400857926,40.99938510885191,39.7278768297197,0.026691643291798347,1464,0.6793361693223017,-0.034502535389523525,0.04738083717685228,"[1.45, 0.62, -0.31, 1.19]","['turnover', 'gross_edge', 'short_pnl']",3,21,2,15,0.3,6
-34.85816758314055,-12.844073142133084,0.36846667603793465,-0.05176981477779286,-0.32138739223898016,-0.5891013910465913,-1.0268580876487725,-0.401577269161453,0.30645896098678926,0.23326796188524213,-0.14311118632786515,0.29411764705882354,0.11764028607384555,42.43383343366261,6.163471700252871,0.029280743305351006,1420,0.1284288363685824,-0.0248877645823231,0.03640127730763258,"[0.4, -0.02, -0.78, -1.03]","['net_sharpe', 'dbl_sharpe', 'tri_sharpe', 'ret_1x', 'ret_2x', 'pos_folds', 'turnover', 'gross_edge', 'short_pnl']",3,21,2,15,0.3,7
-21.502378036507125,-8.83585119225359,0.4109243720509389,0.03900984569613953,-0.18437637094392947,-0.4081568690542682,-0.44723763118771703,-0.2052312870935883,0.28728754184357363,0.2386624680867966,-0.11485664858266968,0.47058823529411764,0.13368191955177797,39.75183831200719,8.666455814226081,0.026933199951650947,1492,0.3122498705265465,-0.17586263487358342,0.04735806482131885,"[-0.45, 0.24, -0.45, 0.04]","['net_sharpe', 'dbl_sharpe', 'tri_sharpe', 'ret_1x', 'ret_2x', 'pos_folds', 'turnover', 'gross_edge', 'short_pnl']",3,21,2,15,0.3,8
-43.91369639860092,-15.373151640448711,0.3500764659141401,-0.43361695049135446,-0.682180318357548,-0.9293755097260685,-1.5471364202744362,-1.0267996830808583,0.4154670502444905,0.365596475393555,-0.2309184494251876,0.47058823529411764,0.13419058188948657,44.558481911237806,-5.743166454009879,0.030984086485756148,1576,0.015025387419705521,-0.11633642714870765,0.03239976520711392,"[-0.91, -1.55, 1.01, -1.15]","['net_sharpe', 'dbl_sharpe', 'tri_sharpe', 'ret_1x', 'ret_2x', 'pos_folds', 'turnover', 'gross_edge', 'short_pnl']",3,21,2,15,0.3,9
-44.43446942786766,-15.978887240522765,0.3596056720439064,-0.5097216029928457,-0.7454926354699513,-0.9800629279075171,-1.376408406016615,-0.9484172274399174,0.3906107616795419,0.34241775869551305,-0.2596803486819377,0.29411764705882354,0.13154961397560738,41.46148991906374,-8.828788295300638,0.028725934751318027,1621,0.07478418316213509,-0.2197017354703707,0.049241518685780035,"[-1.22, -1.38, 0.5, -0.68]","['net_sharpe', 'dbl_sharpe', 'tri_sharpe', 'ret_1x', 'ret_2x', 'pos_folds', 'turnover', 'gross_edge', 'short_pnl']",3,21,2,15,0.3,10
-36.64179226097806,-13.20954391082333,0.3605048524029467,-0.17146877618927037,-0.4524449839757981,-0.7317272168695788,-0.9505978866583283,-0.5603961891383672,0.3123865988004604,0.23773582840995333,-0.18209681127504956,0.17647058823529413,0.11466785190083267,43.05199334253562,3.012379264255952,0.028702526818659445,1623,-0.10286584497990572,0.15420844957805982,0.06259807147984359,"[-0.78, -0.34, -0.95, 0.27]","['net_sharpe', 'dbl_sharpe', 'tri_sharpe', 'ret_1x', 'ret_2x', 'pos_folds', 'turnover', 'gross_edge', 'long_pnl']",3,21,2,15,0.3,11
-35.47112097510352,-13.171680172928708,0.37133532323868906,-0.07606209989123348,-0.34595690357193576,-0.6138931895942416,-1.4123077933454224,-0.22302714357013195,0.2998856920854419,0.23608415844055863,-0.14977840764439454,0.35294117647058826,0.11376456984813636,41.09098688676371,5.506613769606917,0.028319312444521166,1544,-0.01969895994919356,0.10927795189857141,0.0825311171554313,"[0.41, -0.08, -0.36, -1.41]","['net_sharpe', 'dbl_sharpe', 'tri_sharpe', 'ret_1x', 'ret_2x', 'pos_folds', 'turnover', 'gross_edge', 'long_pnl']",3,21,2,15,0.3,12
6.086597720300163,5.0540547552469945,0.8303579417431504,0.5076028744684715,0.2620963693986239,0.016530782643037617,-0.43593916466016713,0.170027954480176,0.12435047677372646,0.11364989940278925,0.20032386094595958,0.5294117647058824,0.12228195912292812,40.047406039891264,22.847459428284036,0.027297460479529394,1436,0.20219875779720753,0.16003363820221841,0.06455864021740719,"[1.0, -0.44, 0.51, -0.17]","['net_sharpe', 'dbl_sharpe', 'pos_folds', 'turnover', 'gross_edge']",3,21,2,15,0.3,13
-29.5013589181228,-10.808872964025374,0.36638559579658686,-0.18345555909703792,-0.4229941728947893,-0.6604144269283233,-0.7295177595315541,-0.6375758366695534,0.2447629201786352,0.17382550719478063,-0.2425568023995559,0.35294117647058826,0.12552897130015955,40.353948736855735,1.7534944598610027,0.0279484883653823,1485,0.30340626434135765,-0.2753928903932783,0.060694449553105594,"[0.14, -0.63, -0.65, -0.73]","['net_sharpe', 'dbl_sharpe', 'tri_sharpe', 'ret_1x', 'ret_2x', 'pos_folds', 'turnover', 'gross_edge', 'short_pnl']",3,21,2,15,0.3,14
-7.711520917837869,-6.642325793102451,0.8613509402195597,0.4503389831764032,0.24313415126036167,0.036488008551508286,-1.003007991714275,0.3346858175054371,0.19204287499870376,0.17265648510356935,0.1228347972341689,0.5294117647058824,0.1308513066198715,36.108222278981806,23.707963300892914,0.026261300774782427,1188,0.2255274982127818,0.11337544165025785,0.08230965687006253,"[0.42, 0.25, -1.0, 1.17]","['net_sharpe', 'dbl_sharpe', 'turnover', 'gross_edge']",3,21,2,15,0.45,0
-32.2959717448381,-16.852173842344897,0.5218042044218223,0.19430770900933447,-0.02848332770359616,-0.25011283332509027,-2.0736063958608595,-0.16762439162247986,0.31208067246332283,0.2626278215744188,-0.03598202049475691,0.6470588235294118,0.12418351017109118,36.90120079535138,13.998055454776416,0.027231948580601552,1234,0.3422372204809257,-0.13774198634605217,0.06792264717570534,"[0.49, -0.82, -2.07, 1.47]","['net_sharpe', 'dbl_sharpe', 'tri_sharpe', 'ret_2x', 'pos_folds', 'turnover', 'gross_edge', 'short_pnl']",3,21,2,15,0.45,1
-24.372480586097684,-11.69805025353572,0.47996962033517465,0.15216884266893527,-0.08194368513200896,-0.31502206699290325,-0.9200361919304274,-0.36206397685355207,0.26144471601331076,0.19291366093460083,-0.07059537136766621,0.6470588235294118,0.12742931177130695,39.7406287075521,12.227433039594091,0.02803355018740125,1325,0.2293267749474499,-0.036953380015002785,0.06653936984917544,"[-0.04, -0.68, -0.92, 1.0]","['net_sharpe', 'dbl_sharpe', 'tri_sharpe', 'ret_2x', 'pos_folds', 'turnover', 'gross_edge', 'short_pnl']",3,21,2,15,0.45,2
-32.370242255577864,-13.01144690779883,0.40195704453082265,0.055660267743140486,-0.12981593335636146,-0.3143354938304067,-1.061503180050597,-0.23906571275766353,0.3403164223664368,0.2857389771506028,-0.0832475982413552,0.47058823529411764,0.1422755713897231,35.21803487868502,9.250172241433436,0.026538562910605665,1204,0.4571644491359379,-0.3281940863758901,0.06287549721836239,"[0.69, -1.06, -0.32, -0.16]","['net_sharpe', 'dbl_sharpe', 'tri_sharpe', 'ret_1x', 'ret_2x', 'pos_folds', 'turnover', 'gross_edge', 'short_pnl']",3,21,2,15,0.45,3
-11.442023041627946,-6.121510797307939,0.5350024881995853,0.25224443415948145,0.03168181587583083,-0.18732383814662076,-0.43981538701471606,-0.10479171595392074,0.2284994854298833,0.20174980379269047,-0.017938447501015965,0.6470588235294118,0.12707374306560604,37.361520003509675,16.166292224692643,0.02757239278821099,1178,0.4183773193627738,-0.1792605997094296,0.06275607575706446,"[0.64, -0.44, -0.23, 0.02]","['net_sharpe', 'dbl_sharpe', 'tri_sharpe', 'ret_2x', 'pos_folds', 'turnover', 'gross_edge', 'short_pnl']",3,21,2,15,0.45,4
46.850002360444265,44.94370717308411,0.9593106704094928,1.2077119246901757,0.9668606680572956,0.7265572887198992,0.04597944722150711,0.741314219404767,0.11913093597607238,0.10009774801231286,0.9694207693736481,0.7058823529411765,0.1201732087054519,38.22403211691486,45.48905412670969,0.027392337891241562,1166,0.644684584438497,0.04367979096869108,0.059582996258989954,"[1.31, 0.05, 0.18, 1.94]",['turnover'],3,21,2,15,0.45,5
38.386518154001685,34.037183333934045,0.8866962926249607,1.0064851187422332,0.7857479372759705,0.5648264406561332,0.11772257760822152,0.7289924306162079,0.15174857563875555,0.1438047978873892,0.6265833153313761,0.5882352941176471,0.12543214256876248,36.82370489688776,41.798301366576894,0.0266546555424188,1150,0.7498715088217389,-0.14052953217468628,0.06346707642350927,"[1.23, 0.23, 0.12, 1.29]","['turnover', 'short_pnl']",3,21,2,15,0.45,6
-14.601882971124432,-7.77823182358949,0.5326869033926054,0.2585506691104006,0.025353220660527618,-0.20693081592000068,-0.6259623283021214,0.10203671657517702,0.2476282395645637,0.1894676378041571,-0.017363126763651985,0.5882352941176471,0.12161260595339268,37.85245315470119,15.938657036647777,0.028873951300369013,1125,0.4607583648770914,-0.22191084338194975,0.04403841920020013,"[0.32, -0.04, -0.63, 0.24]","['net_sharpe', 'dbl_sharpe', 'tri_sharpe', 'ret_2x', 'pos_folds', 'turnover', 'gross_edge', 'short_pnl']",3,21,2,15,0.45,7
-30.717610050453484,-11.576946286981713,0.3768830409646665,-0.19231541121681806,-0.403023855593738,-0.6140970424809012,-0.6550412706261562,-0.43834468904435103,0.36458572664720257,0.3310660269358918,-0.16082104016380872,0.47058823529411764,0.12933463909321058,36.168463430784726,0.5153894575488045,0.028576623361702466,1149,-0.016203414328334415,0.023583146016227893,0.04529614618525512,"[-0.66, -0.46, 0.03, -0.42]","['net_sharpe', 'dbl_sharpe', 'tri_sharpe', 'ret_1x', 'ret_2x', 'pos_folds', 'turnover', 'gross_edge', 'long_pnl']",3,21,2,15,0.45,8
-44.75177425154986,-16.66416263325045,0.3723687588246477,-0.47536679971373097,-0.6761159062495927,-0.8758055485091787,-1.3765822665747725,-1.2831432759019445,0.4187939454697839,0.39689123220775246,-0.23606039159756473,0.4117647058823529,0.1390998491088295,37.31348671532282,-10.474403305994345,0.02984593631873025,1250,0.17481925223494857,-0.32954767824596953,0.007163815455811334,"[-1.32, -1.38, 1.61, -1.24]","['net_sharpe', 'dbl_sharpe', 'tri_sharpe', 'ret_1x', 'ret_2x', 'pos_folds', 'turnover', 'gross_edge', 'short_pnl']",3,21,2,15,0.45,9
-44.24789884251029,-12.87336555465543,0.29093733016510154,-0.4325074938228809,-0.645099192667433,-0.8563605430678344,-1.7090427993463757,-0.680766436066869,0.36054032528304814,0.3359212711780999,-0.2574563228489896,0.29411764705882354,0.13617053832296713,38.77870102967535,-7.921362499033183,0.029118888634178757,1320,-0.06291707469641775,-0.05869260037239364,0.04716704257065709,"[-1.71, -0.83, 1.09, -0.53]","['net_sharpe', 'dbl_sharpe', 'tri_sharpe', 'ret_1x', 'ret_2x', 'pos_folds', 'turnover', 'gross_edge', 'long_pnl', 'short_pnl']",3,21,2,15,0.45,10
-40.36411174478146,-14.96214169520484,0.3706793249857466,-0.12966755498722163,-0.38941142189195793,-0.6478612535842788,-1.2047233083253392,-0.6465808922710786,0.3564666694711638,0.2920890528141996,-0.14233415833465088,0.23529411764705882,0.11618495359800343,40.266158801949814,3.845769742374602,0.02899927392823351,1362,-0.07353925473406184,0.1348446169558053,0.0657163550351841,"[-0.89, -0.4, -1.2, 0.84]","['net_sharpe', 'dbl_sharpe', 'tri_sharpe', 'ret_1x', 'ret_2x', 'pos_folds', 'turnover', 'gross_edge', 'long_pnl']",3,21,2,15,0.45,11
-30.01939456335406,-14.450743684953915,0.48138025083938724,-0.13595150792886057,-0.37388688597154124,-0.6101104181039831,-1.2993191995263078,-0.09971990595277364,0.25038541832099204,0.18913847638046677,-0.19754679680776974,0.4117647058823529,0.11703142854830507,37.28844979601878,3.31258344344473,0.028611149238531256,1263,0.014645175073466285,0.03425564453217403,0.08511210346967443,"[-0.22, 0.02, 0.03, -1.3]","['net_sharpe', 'dbl_sharpe', 'tri_sharpe', 'ret_1x', 'ret_2x', 'pos_folds', 'turnover', 'gross_edge']",3,21,2,15,0.45,12
13.542415426171425,12.174331487379215,0.8989778488002726,0.5913872433924999,0.3681575444390338,0.14476782176561617,-0.47456472930172555,0.3749002526362502,0.120303260274359,0.10209133947943194,0.32046563183103793,0.5882352941176471,0.12330477859196264,36.71335229550555,27.187879324203006,0.027017667662557088,1211,0.20254826586479782,0.192612990887775,0.06338299158968122,"[1.06, -0.47, 0.7, 0.05]","['net_sharpe', 'dbl_sharpe', 'turnover', 'gross_edge']",3,21,2,15,0.45,13
-7.183763057986434,-5.102114263646102,0.7102286395671009,0.3296045793705896,0.10394468281434793,-0.12095029835285138,-0.3475702544724105,-0.10997046984107368,0.17602888509493664,0.1640899909309298,0.029692252140431485,0.4117647058823529,0.12598839049198496,37.91415227447308,18.519065953705404,0.027413867068208277,1243,0.19799436443994556,0.07997402516675475,0.0713608858366092,"[-0.35, -0.25, 0.03, 1.07]","['net_sharpe', 'dbl_sharpe', 'tri_sharpe', 'pos_folds', 'turnover', 'gross_edge']",3,21,2,15,0.45,14
-10.626314398183597,-6.809959352793811,0.6408580715396364,0.19342402381830126,0.0042024120428846975,-0.18430908120193237,-0.5115374619698755,0.12083908726008177,0.19672588938015023,0.1850316571589632,-0.03912271856666868,0.4117647058823529,0.12857011640186486,32.43352682223455,15.13244596184041,0.02716961272508696,956,0.04532840725987318,0.14897404902084843,0.06973972591940061,"[0.16, 0.19, -0.51, 0.08]","['net_sharpe', 'dbl_sharpe', 'tri_sharpe', 'ret_2x', 'turnover', 'gross_edge']",3,21,2,15,0.6,0
-28.984102846120706,-15.265968494749359,0.5267014327059838,0.12338334434755588,-0.07594680145369989,-0.2743507469854134,-2.09933357928236,0.03546550526698988,0.25091998325493603,0.22707650449736272,-0.06502056481708597,0.5294117647058824,0.12045889856635271,32.05035321394492,12.329476265378965,0.027704317156633986,928,0.23349183078829863,-0.07705016501737799,0.04487806770052685,"[0.53, -0.46, -2.1, 1.0]","['net_sharpe', 'dbl_sharpe', 'tri_sharpe', 'ret_2x', 'pos_folds', 'turnover', 'gross_edge', 'short_pnl']",3,21,2,15,0.6,1
-8.67647576175007,-6.9368790888902,0.7995042318300688,0.49000884739564504,0.28252084185198467,0.07538036537212116,-0.7122341992871635,0.07102032187118063,0.20865442349327512,0.17713222298915543,0.1359048819940995,0.7058823529411765,0.12770820442374753,35.25603078461677,25.049740089081602,0.028170452271209654,1012,0.4007524144127347,-0.05112005299740255,0.049848545902157065,"[0.11, 0.03, -0.71, 1.31]","['net_sharpe', 'dbl_sharpe', 'turnover', 'gross_edge', 'short_pnl']",3,21,2,15,0.6,2
-19.093080280676,-12.193124259579553,0.638614832197618,0.24547999869072853,0.08277361795088559,-0.07931364066986789,-1.0782898974731112,0.19016948922191151,0.231750012474934,0.179671908923015,0.00513786250905867,0.47058823529411764,0.1487153451886157,32.25419978240793,18.12387635734014,0.026874994533761375,915,0.3384065804553945,-0.10698047601578074,0.06999418100827212,"[0.71, -1.08, -0.21, 0.59]","['net_sharpe', 'dbl_sharpe', 'tri_sharpe', 'pos_folds', 'turnover', 'gross_edge', 'short_pnl']",3,21,2,15,0.6,3
11.969614300827239,11.716898694816347,0.9788869048191948,1.0021402192348472,0.8020768921745267,0.6021913333203284,-0.6334481613442695,0.6151169865321293,0.19061522571511502,0.17387332399447697,0.49047542663844323,0.7058823529411765,0.12021579365401461,31.861755933761653,45.498035362894534,0.02641270388546117,853,0.44231378792777676,0.13158767670137467,0.06578407262369448,"[2.25, 0.91, 0.32, -0.63]",['turnover'],3,21,2,15,0.6,4
50.17438064609597,45.091920680663726,0.8987040816451473,1.1208556688585127,0.9161501965129297,0.7114797777113084,0.2985191484374349,0.7155015567096581,0.12179024986574438,0.1040249236719627,0.8995111721638154,0.5882352941176471,0.12126878412011831,32.92117346532715,48.920055862826636,0.0267989933225891,921,0.6926627443279443,-0.05507900267978909,0.07791963258335285,"[0.99, 0.3, 0.44, 1.73]","['turnover', 'short_pnl']",3,21,2,15,0.6,5
12.13438941003977,10.808890300195836,0.8907650756001584,0.7734010558298243,0.5848100269283508,0.3961889866089461,-0.44121262926653376,0.6104938277924417,0.17954788151103707,0.16240472562511887,0.3982399855480112,0.5294117647058824,0.13293747615347354,33.396514181894744,37.96220921162269,0.027712655331479128,895,0.6537311629832951,-0.1518191390762107,0.029934464095074335,"[0.89, -0.44, 0.34, 1.3]","['net_sharpe', 'turnover', 'gross_edge', 'short_pnl']",3,21,2,15,0.6,6
-31.794191575567282,-13.776861944436618,0.43331379921053415,0.037600871669030145,-0.16643384865327668,-0.36979762759107093,-1.029625171510433,-0.14034696165105823,0.3364796061890467,0.30309465941759395,-0.07935804318561657,0.4117647058823529,0.11957710136254684,32.56870934298886,8.886400288141742,0.029675427956878265,862,0.3456934192241346,-0.23111537544606225,0.03978537477254602,"[0.12, -1.03, -0.4, 0.48]","['net_sharpe', 'dbl_sharpe', 'tri_sharpe', 'ret_1x', 'ret_2x', 'pos_folds', 'turnover', 'gross_edge', 'short_pnl']",3,21,2,15,0.6,7
-21.843221419027834,-9.514677635066557,0.43558948804035985,0.03308665773228837,-0.15066407829338183,-0.33507704225264523,-0.4764913059050065,-0.11628652699577925,0.33841258541952135,0.3107034763136368,-0.08115169639291274,0.5294117647058824,0.12939502534926056,31.61948063714285,8.776703247134611,0.02766440828576576,868,0.1736251029267639,-0.0637596553486425,0.03829740054445366,"[-0.48, -0.3, 0.3, 0.07]","['net_sharpe', 'dbl_sharpe', 'tri_sharpe', 'ret_1x', 'ret_2x', 'pos_folds', 'turnover', 'gross_edge', 'short_pnl']",3,21,2,15,0.6,8
-50.26381509421296,-19.630500738271788,0.3905493584495522,-0.5315380158477649,-0.6944570125026212,-0.8565123861931241,-2.126799048683953,-1.2234154699868682,0.45573089084688956,0.4364934289284601,-0.23037924944866484,0.29411764705882354,0.14407999798647286,31.40479183722886,-17.287428248312334,0.029635289240218576,904,0.17665837115255634,-0.39159047624961324,0.005280933239095068,"[-1.56, -2.13, 2.21, -0.89]","['net_sharpe', 'dbl_sharpe', 'tri_sharpe', 'ret_1x', 'ret_2x', 'pos_folds', 'turnover', 'gross_edge', 'short_pnl']",3,21,2,15,0.6,9
-41.637843182108604,-15.7584100327653,0.378463648173221,-0.361908895543974,-0.5477135763402665,-0.7325675381590131,-1.6569042514855497,-0.5102078985416112,0.33982312762203903,0.3178825530458207,-0.24852532907733219,0.35294117647058826,0.14212491452749917,35.3326476770365,-7.430401824349599,0.029062303601118784,1056,0.08165291099030288,-0.18558830477142885,0.036378110221501475,"[-1.66, -0.48, 1.26, -0.54]","['net_sharpe', 'dbl_sharpe', 'tri_sharpe', 'ret_1x', 'ret_2x', 'pos_folds', 'turnover', 'gross_edge', 'short_pnl']",3,21,2,15,0.6,10
-41.62507357003803,-15.83766815462057,0.38048384774557165,-0.33793210598466833,-0.555182950945683,-0.7717842081702582,-1.4682417046620144,-0.5355665546835009,0.3604679578194284,0.3071000716637494,-0.1974816197163967,0.29411764705882354,0.12001075789024876,34.67608281602256,-4.104031640744518,0.029254167096668997,1012,0.1487148154127898,-0.20505466906294842,0.039041695724857245,"[-1.47, -0.83, -0.24, 0.31]","['net_sharpe', 'dbl_sharpe', 'tri_sharpe', 'ret_1x', 'ret_2x', 'pos_folds', 'turnover', 'gross_edge', 'short_pnl']",3,21,2,15,0.6,11
-25.83213835976073,-10.221239097030194,0.39567917121998836,-0.024433146528642157,-0.2375721539253505,-0.44925275948995463,-0.9624032969592062,-0.15991175082053538,0.22255962742070734,0.1648675526271134,-0.1562589623173385,0.35294117647058826,0.11888634944716482,33.91035719553247,6.676407213912567,0.028963277197136213,975,0.24249550775380269,-0.1528661746928316,0.0806305805943872,"[-0.28, 0.33, -0.04, -0.96]","['net_sharpe', 'dbl_sharpe', 'tri_sharpe', 'ret_1x', 'ret_2x', 'pos_folds', 'turnover', 'gross_edge', 'short_pnl']",3,21,2,15,0.6,12
5.854728546502939,4.637011294197894,0.7920113216807645,0.49084036562913497,0.30163742981152086,0.11227892810082893,-0.6005376993593078,0.35454373780370624,0.14805959840283078,0.1272990628006807,0.204578098972303,0.5882352941176471,0.12450947127565413,31.42357149375237,26.78392233095627,0.02632628647997359,939,0.4680815479325968,-0.1348817698583154,0.06654693870513842,"[1.04, -0.6, 0.75, -0.04]","['net_sharpe', 'dbl_sharpe', 'pos_folds', 'turnover', 'gross_edge', 'short_pnl']",3,21,2,15,0.6,13
-16.601740445909684,-8.38732385533403,0.5052075041566192,0.1796997866637122,-0.026130523204429636,-0.23134087279843935,-0.5488939895753936,-0.3430363217517314,0.19105979129070272,0.16671322560185187,-0.05550609643814433,0.4117647058823529,0.12233150330141127,33.582148272883195,14.121016731536162,0.02825860413366003,907,-0.0206648901421516,0.20840169622246404,0.08272172671381428,"[-0.42, -0.55, -0.27, 1.15]","['net_sharpe', 'dbl_sharpe', 'tri_sharpe', 'ret_2x', 'pos_folds', 'turnover', 'gross_edge', 'long_pnl']",3,21,2,15,0.6,14
-30.445442397292666,-9.949536749885317,0.32679888897820947,-0.21295260085929146,-0.5191490867476358,-0.8242879949913273,-0.9144985083947058,-0.5236220669456224,0.235519295804133,0.178447991389297,-0.26210123905602145,0.35294117647058826,0.11078011709384125,45.27492220671422,2.3752977994116837,0.03419243034760401,1296,0.05633196645697752,-0.013757348276298778,0.07323700561673327,"[-0.09, -0.9, -0.15, -0.91]","['net_sharpe', 'dbl_sharpe', 'tri_sharpe', 'ret_1x', 'ret_2x', 'pos_folds', 'turnover', 'gross_edge', 'short_pnl']",3,27,1,9,0.3,0
-12.263917565596294,-6.481879899497413,0.5285325724694115,0.08459193359604308,-0.19732050451647257,-0.477649904250172,-0.6205841845071839,-0.2104228719901106,0.15678745654780324,0.15412456149373566,-0.19486570062847508,0.47058823529411764,0.12014417579717186,45.24784021595585,9.670552016487896,0.03340253320866932,1326,0.13465190870208466,0.03857848885377399,0.08369028824950495,"[0.27, -0.62, -0.02, -0.4]","['net_sharpe', 'dbl_sharpe', 'tri_sharpe', 'ret_2x', 'pos_folds', 'turnover', 'gross_edge']",3,27,1,9,0.3,1
-45.24872844229859,-14.131142577053303,0.31229921952554773,-0.6642656586832926,-0.9764602718949649,-1.2865927445140461,-2.1893431151520026,-0.7645381388540968,0.3790050034437662,0.28677595993501026,-0.29891816006713245,0.47058823529411764,0.11597506247209903,48.50275365419699,-8.476941581642317,0.03708560534538481,1374,0.07299171103742062,-0.23576403662727718,0.09545065097043118,"[-1.21, -0.18, -0.32, -2.19]","['net_sharpe', 'dbl_sharpe', 'tri_sharpe', 'ret_1x', 'ret_2x', 'pos_folds', 'turnover', 'gross_edge', 'short_pnl']",3,27,1,9,0.3,2
-42.898723539479874,-11.336175870518145,0.2642543864990625,-0.5524231735681553,-0.8542165956535179,-1.1534763624195201,-1.9588718241367102,-0.8749822789081078,0.4133867517188363,0.3288902179376525,-0.24574776958744396,0.5882352941176471,0.11696082762571887,47.45065772113802,-6.2204621431750935,0.03599404694403713,1313,-0.03306476664012793,-0.0837882344375096,0.0814289899475577,"[-1.96, 0.42, -0.33, -1.42]","['net_sharpe', 'dbl_sharpe', 'tri_sharpe', 'ret_1x', 'ret_2x', 'pos_folds', 'turnover', 'gross_edge', 'long_pnl', 'short_pnl']",3,27,1,9,0.3,3
-4.0624521096198425,-2.9164227186987493,0.7178971320776169,0.5278935810933626,0.20315869490208457,-0.12074147527993186,-0.31814222155441013,0.038756932444287795,0.17861033136973115,0.13052961921168327,0.09184601385742257,0.4117647058823529,0.10947024655412795,47.36855678113031,19.78215821666772,0.034347527748439216,1263,0.21720717697313516,0.15376283712237673,0.06315518054261689,"[-0.32, 1.04, -0.26, 0.34]","['net_sharpe', 'dbl_sharpe', 'tri_sharpe', 'pos_folds', 'turnover', 'gross_edge']",3,27,1,9,0.3,4
4.668772983366055,3.499708800539299,0.7495992658045469,0.589580150665225,0.28777478036627957,-0.013718780260262986,-0.560661970125439,0.10680357483222873,0.11835700165460283,0.10083954534098849,0.22178714668828467,0.5882352941176471,0.11134914616873628,44.77536527081499,22.264546022438097,0.03233739585392706,1300,0.3937962473272527,0.0008681625835446349,0.09811264003158593,"[-0.56, 1.66, 0.32, -0.11]","['net_sharpe', 'dbl_sharpe', 'tri_sharpe', 'pos_folds', 'turnover', 'gross_edge']",3,27,1,9,0.3,5
57.56177473044232,54.11280700727712,0.9400823247838263,1.0139409038884555,0.7612712257381781,0.5081536470590654,0.3658708435996551,0.8357969388097961,0.10467619178172904,0.09088876072299346,0.8872203683912167,0.5882352941176471,0.12717536050896636,42.88976584104331,37.466434233258944,0.03078099778770087,1251,0.4358829476924104,0.20028388086402912,0.0985815718411777,"[0.79, 0.37, 1.04, 0.88]","['turnover', 'gross_edge']",3,27,1,9,0.3,6
9.719599298219675,7.835255705432189,0.8061294982466367,0.681431757244943,0.3820097960645147,0.08190612524284879,-0.5469204028560347,0.5167034616133008,0.16017084433903295,0.14137180712419495,0.22828796671134755,0.5882352941176471,0.10975273550498085,43.86489503613683,24.738799598661718,0.03255178501713987,1304,0.47851347526246896,-0.048907117742294365,0.09246211936538942,"[0.39, -0.55, 1.06, 0.64]","['net_sharpe', 'dbl_sharpe', 'turnover', 'gross_edge', 'short_pnl']",3,27,1,9,0.3,7
27.29568964047784,24.786429310274432,0.9080711876763748,0.739458350242359,0.4617701939501432,0.18336635809237176,0.016027001911651937,0.38587825289293476,0.1252713411073204,0.11904557082466316,0.38452853791162694,0.5882352941176471,0.11656318486802507,43.20671544324006,27.413229272769637,0.03126122857872238,1296,0.3958211400405458,0.07308555503945338,0.06924867829960085,"[0.94, 0.32, 0.02, 0.45]","['net_sharpe', 'dbl_sharpe', 'turnover', 'gross_edge']",3,27,1,9,0.3,8
-30.86345452555599,-11.459571227694303,0.37129904619735254,-0.16343527294154803,-0.4329149768340107,-0.7016867888660768,-1.1799108681157329,-0.3345924336947773,0.2401190421347278,0.2237744742925759,-0.21800024539978963,0.4117647058823529,0.11010303968514036,39.56696264804883,3.0493109261681144,0.03392133860000297,1027,0.1884753238926483,-0.14071036530539274,0.07309098865689058,"[-0.22, -1.18, 0.16, -0.45]","['net_sharpe', 'dbl_sharpe', 'tri_sharpe', 'ret_1x', 'ret_2x', 'pos_folds', 'turnover', 'gross_edge', 'short_pnl']",3,27,1,9,0.45,0
-35.32468625277609,-12.92334670740555,0.3658446281710409,-0.188417475425041,-0.44701666820126074,-0.7039555647842849,-1.18244445025657,-0.5592178016246785,0.25967122102053986,0.18772644257011495,-0.22307447632415991,0.29411764705882354,0.11758036150406938,40.69958825051358,2.0252145164296906,0.03423305482559903,1047,0.20623246695781008,-0.17360104269071241,0.07131923358376605,"[0.5, -0.88, -0.24, -1.18]","['net_sharpe', 'dbl_sharpe', 'tri_sharpe', 'ret_1x', 'ret_2x', 'pos_folds', 'turnover', 'gross_edge', 'short_pnl']",3,27,1,9,0.45,1
-33.181414995545246,-11.868155447194473,0.3576747841762573,-0.24496709196942695,-0.5291963852205256,-0.8121394315024297,-1.407951088781066,-0.4746111794716987,0.242741609939489,0.183878766941868,-0.2631467936798783,0.47058823529411764,0.11255115742830558,42.725331986593616,1.0180856168702601,0.03577109395538385,1093,0.07213682642250337,-0.05491636712691399,0.10212309457065602,"[-0.65, 0.14, -0.29, -1.41]","['net_sharpe', 'dbl_sharpe', 'tri_sharpe', 'ret_1x', 'ret_2x', 'pos_folds', 'turnover', 'gross_edge', 'short_pnl']",3,27,1,9,0.45,2
-50.174721284006125,-14.137854408957129,0.2817724552754768,-0.7738690504361867,-1.0396565873137968,-1.3029609942465004,-2.1950438912774577,-1.0144345686112528,0.4644414960052191,0.3991248355153897,-0.2592968072526731,0.29411764705882354,0.11642680046173533,41.757285368803366,-14.18720524177666,0.03623158219982466,1045,-0.16017003629881643,-0.07436303548674805,0.08515171393893334,"[-2.2, 0.12, -0.85, -1.17]","['net_sharpe', 'dbl_sharpe', 'tri_sharpe', 'ret_1x', 'ret_2x', 'pos_folds', 'turnover', 'gross_edge', 'long_pnl', 'short_pnl']",3,27,1,9,0.45,3
9.005550373865692,8.176526819454784,0.9079430440124179,0.7246425598493449,0.4371690733949898,0.1502396968149488,-0.4113310572184492,0.42464804185839816,0.16049351187693506,0.14974699212580045,0.26208593194949076,0.5294117647058824,0.10724682310230473,41.0475545377002,26.60081628271117,0.03328723710645078,1032,0.20883318258874406,0.22343894632269146,0.05924887943267941,"[-0.41, 1.35, 0.04, 0.81]","['net_sharpe', 'dbl_sharpe', 'turnover', 'gross_edge']",3,27,1,9,0.45,4
-6.0430254797999785,-4.052638285225906,0.6706306797435589,0.3720023845552929,0.07226179969390424,-0.22673886153475015,-0.24899518731781603,-0.05653555191617986,0.19847482898217017,0.17591714573040984,0.010794693532459654,0.47058823529411764,0.103280831157675,41.265166755623014,17.037823739037133,0.03407926103966133,1043,0.24206018817612784,0.03627794375277188,0.05861088734525099,"[-0.04, 0.61, -0.25, -0.08]","['net_sharpe', 'dbl_sharpe', 'tri_sharpe', 'pos_folds', 'turnover', 'gross_edge']",3,27,1,9,0.45,5
41.011939605289356,39.24831004524805,0.9569971677268867,0.8986941242232804,0.6746352024565033,0.45045570736841,0.03307875468736098,0.7547510000869755,0.11421051541497396,0.09277505485293402,0.6993501370620213,0.5294117647058824,0.12537503187056262,37.4501303861106,37.55873583575805,0.030917486436060904,999,0.390587691176193,0.16626366657714148,0.08574553258683393,"[1.07, 0.03, 0.6, 0.91]","['turnover', 'gross_edge']",3,27,1,9,0.45,6
25.45861642992189,23.12178746169345,0.9082106847926767,0.6947441881427816,0.42581924749981775,0.15612812689925246,-0.1719438630956344,0.48800547150506013,0.11551009880510543,0.09653556021421372,0.36224466488269036,0.5882352941176471,0.1106292934133522,39.74424783242977,27.057603416955047,0.032572772332062766,1047,0.38379576061713894,0.04193849106917915,0.08705707391938024,"[0.38, -0.17, 0.95, 0.59]","['net_sharpe', 'dbl_sharpe', 'turnover', 'gross_edge']",3,27,1,9,0.45,7
14.023603088030908,9.46589598728819,0.6749974259730224,0.4190943842795749,0.15637634021047128,-0.10700668304788317,-0.039770380790970325,0.0959329358686931,0.1278610703937677,0.12191543732104482,0.08790501007309513,0.5294117647058824,0.1106314378763646,38.75860828755822,19.54760833524837,0.03172744458317128,1051,0.3087550886841688,-0.008813432124332467,0.06447041010420217,"[0.48, 0.14, 0.05, -0.04]","['net_sharpe', 'dbl_sharpe', 'tri_sharpe', 'turnover', 'gross_edge', 'short_pnl']",3,27,1,9,0.45,8
-40.534497922971525,-14.459682902248483,0.3567253486086467,-0.5168381189038609,-0.7590560554259568,-1.0005685505246265,-1.3727594785775845,-0.7451234717283186,0.30267443234447333,0.24337535107135788,-0.2716492383524448,0.29411764705882354,0.10563652263579691,34.064261702189846,-8.319249095508148,0.035614109899525626,784,0.14537860811896078,-0.2575696268102247,0.06867744590757,"[-0.24, -1.37, -0.23, -1.25]","['net_sharpe', 'dbl_sharpe', 'tri_sharpe', 'ret_1x', 'ret_2x', 'pos_folds', 'turnover', 'gross_edge', 'short_pnl']",3,27,1,9,0.6,0
-12.514683912499581,-6.28788754129866,0.502440779588397,0.17891269571595178,-0.04837573436731532,-0.2748719465667084,-0.5085194202320552,-0.2943479433160276,0.1847172011229652,0.1261408129624746,-0.06317548885711069,0.5294117647058824,0.11211577946594775,33.97268713698876,13.346536686017512,0.03308393181425298,787,0.29775630063809955,-0.11825257503294337,0.06449265033532492,"[0.74, -0.23, -0.36, -0.51]","['net_sharpe', 'dbl_sharpe', 'tri_sharpe', 'ret_2x', 'pos_folds', 'turnover', 'gross_edge', 'short_pnl']",3,27,1,9,0.6,1
-28.184277753733408,-11.103603489953592,0.39396445021489906,-0.0024438614114118784,-0.24368689661897885,-0.48432227287213164,-1.2375844507516602,-0.4831233642606956,0.20346465947955428,0.19043551165445782,-0.15641313817886937,0.4117647058823529,0.1084489500437188,34.89039943437793,7.35281987341887,0.0354491418216561,803,0.12091213720568555,-0.019349293835950923,0.09595501941672667,"[-1.24, 1.13, -0.06, -0.9]","['net_sharpe', 'dbl_sharpe', 'tri_sharpe', 'ret_1x', 'ret_2x', 'pos_folds', 'turnover', 'gross_edge', 'short_pnl']",3,27,1,9,0.6,2
-41.129895673709704,-15.583486532410205,0.3788846598599859,-0.5015930798929927,-0.7497642123230858,-0.9961608282230681,-1.5363679751310704,-1.0313430852577068,0.35892556799474107,0.2919381025165855,-0.22730772992632708,0.5294117647058824,0.10571440855439283,35.195818878837926,-7.648004261624042,0.037569797187013865,771,-0.15478650644909983,0.04822160736352957,0.0834479146806943,"[-1.54, 0.63, -0.72, -1.35]","['net_sharpe', 'dbl_sharpe', 'tri_sharpe', 'ret_1x', 'ret_2x', 'pos_folds', 'turnover', 'gross_edge', 'long_pnl']",3,27,1,9,0.6,3
12.557929666372642,11.374292828788974,0.9057458618554629,0.7035969721933191,0.44814879767376786,0.19289949492329236,-0.3354230904342085,0.3619105823824718,0.15404020517891814,0.14226118877621352,0.26694280289583133,0.6470588235294118,0.1011956395310299,34.4346591576153,28.38488372679112,0.03437745358126029,767,0.12272895926613753,0.26422374915607,0.05275379068428021,"[-0.34, 0.8, -0.08, 1.83]","['net_sharpe', 'dbl_sharpe', 'pos_folds', 'turnover', 'gross_edge']",3,27,1,9,0.6,4
17.229554701876282,16.462359397299664,0.9554721339087731,0.8421298987732756,0.5713086507027594,0.30023366340456403,-0.33325010598231786,0.6194162564065867,0.16451563645092282,0.14701328617334652,0.3070417792502685,0.5882352941176471,0.09392602147852532,33.91691125258828,31.112567636703265,0.03307316669586246,768,0.2713756251455078,0.14638464124236616,0.053698945375660154,"[1.16, 0.62, -0.33, 0.62]","['turnover', 'gross_edge']",3,27,1,9,0.6,5
26.272292139800154,25.78738947324159,0.9815431914361221,0.9173671961079061,0.73788641886445,0.5579838275217016,-0.6941020254554816,0.9957839442987297,0.1515035478527208,0.13111220023815606,0.6007116294248958,0.6470588235294118,0.12919586100143213,30.998462783260326,45.609594649113916,0.02971005936536327,764,0.39233597796693825,0.1673847016794348,0.08747453929644342,"[1.35, -0.69, 1.27, 0.72]",['turnover'],3,27,1,9,0.6,6
9.889004894811679,8.113903431586039,0.8204974633841109,0.6451870969396181,0.41122149200540187,0.17668228977179465,-0.6249754434202358,0.5423226824498514,0.15586163457586322,0.12795409854406536,0.25076935484881047,0.5882352941176471,0.10719245417111785,33.49236814062529,28.422729110658423,0.03168354673074469,833,0.43473144971671757,-0.05786574765597517,0.08848071087031582,"[-0.23, -0.62, 1.31, 1.33]","['net_sharpe', 'dbl_sharpe', 'pos_folds', 'turnover', 'gross_edge', 'short_pnl']",3,27,1,9,0.6,7
39.89934971331198,38.68345667146515,0.9695259935166022,0.9435121578590162,0.7116332661360525,0.47890423380707503,0.008157167901985283,0.6749524043645609,0.10890248472297515,0.09871856583578398,0.6793882248417676,0.5882352941176471,0.1086773222622706,33.7017012149557,38.07623857256231,0.029896835119429366,835,0.37591256731517664,0.13210747454123328,0.06480942914948135,"[0.73, 0.01, 0.62, 1.54]","['turnover', 'gross_edge']",3,27,1,9,0.6,8
-0.23992955444592923,-0.2080247874484419,0.8670244394394631,0.6008630381356711,0.3523390278322456,0.10457643140599106,-0.638095940747358,0.31349066415984916,0.18863313107467006,0.17476982791228846,0.18018096685229534,0.6470588235294118,0.1127211333837035,37.28527945809253,25.61221484143896,0.02682674006442921,1013,0.2223942101627966,0.15566473765115635,0.050497089666582236,"[0.98, 1.26, -0.35, -0.64]","['net_sharpe', 'dbl_sharpe', 'pos_folds', 'turnover', 'gross_edge']",3,27,1,12,0.3,0
10.912655061485577,9.754632756363502,0.893882625392502,0.5659235744297623,0.33187652200565015,0.09855671606363875,-0.40787280603026055,0.584449299077312,0.17270196453925213,0.1625432262095693,0.181723640130903,0.5294117647058824,0.11172368358051418,34.818973978691865,25.683023088067902,0.024936361875648384,986,0.21982464691339743,0.13420293136153436,0.05148600257523117,"[-0.41, 0.52, 0.77, 0.65]","['net_sharpe', 'dbl_sharpe', 'turnover', 'gross_edge']",3,27,1,12,0.3,1
16.757731637861596,15.188793986923873,0.9063752967977514,0.5834075824602403,0.3688296658328133,0.1542630361946497,-0.006341071030413157,0.230647883908639,0.13512935451118457,0.12597239834643192,0.28254295518029604,0.4117647058823529,0.1212728614056941,34.67666629465411,28.121068016640237,0.024520653784019315,994,0.3422988707927571,0.04375164103273044,0.03940437556612547,"[-0.01, 0.18, 0.28, 1.16]","['net_sharpe', 'dbl_sharpe', 'turnover', 'gross_edge']",3,27,1,12,0.3,2
-32.95277845190548,-12.686643381100462,0.3849946492256061,-0.08778390178328259,-0.318717552410223,-0.548934461103217,-1.258542945221439,-0.5456278474282644,0.3036842821707917,0.25875699630602367,-0.14255741743201966,0.5882352941176471,0.11722113328733692,36.13580986335668,4.681180045352541,0.02631636196385735,968,0.13642778446898451,-0.06945966246364932,0.07215364299990944,"[-0.35, -1.26, -0.74, 0.93]","['net_sharpe', 'dbl_sharpe', 'tri_sharpe', 'ret_1x', 'ret_2x', 'pos_folds', 'turnover', 'gross_edge', 'short_pnl']",3,27,1,12,0.3,3
8.131674132787046,7.237489468968452,0.8900368301512198,0.6343805692792929,0.4034478222372786,0.17237140109313373,-0.19727308128686705,0.06198380288687521,0.13216649800289515,0.10274005951793397,0.30380140782422344,0.4117647058823529,0.11353501950519206,34.965654407263706,28.102677820642665,0.02497583089942737,970,0.2799767355937013,0.10903647324469869,0.08588692978181325,"[1.54, 0.15, -0.2, -0.03]","['net_sharpe', 'dbl_sharpe', 'pos_folds', 'turnover', 'gross_edge']",3,27,1,12,0.3,4
14.42658689855427,13.830258506858506,0.9586646241492142,0.7551676823803714,0.5402215581391435,0.32531005840378524,-0.8710350872255731,0.8743238447245432,0.1950140963895014,0.18571795942059932,0.29594112666131767,0.7647058823529411,0.1163167700269685,33.296322011927494,34.02133565765683,0.024045834055552738,995,0.3408344720316526,0.10762438465231806,0.10376744481701869,"[1.43, 1.14, 0.61, -0.87]","['net_sharpe', 'turnover', 'gross_edge']",3,27,1,12,0.3,5
-35.51562726281875,-13.981087091077885,0.3936601481825625,-0.16746638458447485,-0.35980299053973075,-0.5515748065127999,-1.7186828538873598,-0.06435627819012997,0.31846292623663586,0.2996830531710596,-0.15584841646143724,0.4117647058823529,0.12097125769752975,31.074485028979847,1.089119767966926,0.02411272121323632,974,0.10687593843617833,-0.09347748832362049,0.11023597226875609,"[-1.72, -0.02, -0.1, 0.46]","['net_sharpe', 'dbl_sharpe', 'tri_sharpe', 'ret_1x', 'ret_2x', 'pos_folds', 'turnover', 'gross_edge', 'short_pnl']",3,27,1,12,0.3,6
-1.1531268905993088,-0.8650953833685876,0.7502169886255761,0.32818019868579407,0.11631418633315123,-0.09510123988327321,-0.22482763425458802,0.18965326804514165,0.20131994839735268,0.18547170791994871,0.03373834719200563,0.47058823529411764,0.12118148427874186,34.2110692274508,19.136400008279015,0.024983541670346415,974,0.23880876131917628,0.020371468645625578,0.0899861840734004,"[0.31, -0.22, 0.2, 0.18]","['net_sharpe', 'dbl_sharpe', 'tri_sharpe', 'turnover', 'gross_edge']",3,27,1,12,0.3,7
-25.622222113207044,-13.114594744397216,0.5118445498775558,0.10498812156778728,-0.11777099151382761,-0.3398830654089899,-0.8665443054695285,0.015622365177828884,0.30379079842231416,0.28640790737746913,-0.06874486400086713,0.47058823529411764,0.11908181953286387,35.382503954982994,10.855099519245766,0.026211920299700393,1003,0.2600438937315477,-0.10799006649449525,0.11559989914114235,"[-0.03, 0.42, 0.06, -0.87]","['net_sharpe', 'dbl_sharpe', 'tri_sharpe', 'ret_2x', 'pos_folds', 'turnover', 'gross_edge', 'short_pnl']",3,27,1,12,0.3,8
-10.49443892627331,-8.173366163459086,0.7788283128692749,0.41838577384664205,0.20340203038843355,-0.011295312342644014,-1.114020516215765,0.4888059994423031,0.21876763107195685,0.18634648345727345,0.07910466116820862,0.4117647058823529,0.11856636674307958,33.96443720352471,22.14237109425572,0.025531009765566864,948,0.23551876459908136,0.0622118749518073,0.07406074397147426,"[0.32, 0.93, 0.66, -1.11]","['net_sharpe', 'dbl_sharpe', 'tri_sharpe', 'turnover', 'gross_edge']",3,27,1,12,0.3,9
7.687409282605046,7.150898783375569,0.9302091927844294,0.6573492398825584,0.4343199500418478,0.2115872234187207,-0.3344921557751923,0.2819464603425412,0.14883238384987663,0.1439904437888636,0.2932255660838155,0.47058823529411764,0.11285811015369646,33.51790160479696,29.72436481810266,0.0248560987969358,964,0.364378923105089,0.030046034270055113,0.06489816819464114,"[-0.33, 0.29, 0.27, 1.6]","['net_sharpe', 'dbl_sharpe', 'turnover', 'gross_edge']",3,27,1,12,0.3,10
-44.86206719036433,-17.045977784606364,0.3799641624242312,-0.5526253127902957,-0.7881978572725438,-1.0222941050302314,-1.7140137282826264,-0.932919558365376,0.34260931293821484,0.28191522839127214,-0.25983923234664025,0.29411764705882354,0.11028099359126835,34.8449805454582,-9.994357945041925,0.027178938398851073,1003,0.02161488808331876,-0.15948499377927333,0.04634337853553496,"[-1.71, 0.56, -1.51, -0.36]","['net_sharpe', 'dbl_sharpe', 'tri_sharpe', 'ret_1x', 'ret_2x', 'pos_folds', 'turnover', 'gross_edge', 'short_pnl']",3,27,1,12,0.3,11
-14.598428798783976,-11.028829212859906,0.755480563345186,0.40543663578076394,0.1926526346617617,-0.019367195034162774,-0.5666802313993177,-0.12245651338062703,0.2071867068238542,0.1571737549399279,0.0749683937704221,0.47058823529411764,0.11298111082837196,32.02341985938099,21.736655485860506,0.025971719959886893,830,0.10701707914205363,0.16855512769923622,0.051170642691576756,"[1.33, 0.14, -0.57, -0.39]","['net_sharpe', 'dbl_sharpe', 'tri_sharpe', 'pos_folds', 'turnover', 'gross_edge']",3,27,1,12,0.45,0
15.363881731634901,14.248178563949532,0.9273814269613851,0.625328944632549,0.41113814827741485,0.19753669595173967,-0.31230799485688543,0.5536419616606292,0.14857260653708393,0.13822487161112884,0.27511976804928506,0.47058823529411764,0.11269266838353184,32.10891876400289,29.455112948504244,0.025045341405913996,816,0.19236448440309883,0.18205751359291106,0.04610923088365803,"[-0.31, 0.3, 0.8, 0.98]","['net_sharpe', 'dbl_sharpe', 'turnover', 'gross_edge']",3,27,1,12,0.45,1
5.622222848588746,4.380591816183997,0.7791565603422469,0.4672977726855528,0.2559639563758064,0.044801832826371346,-0.20280561989613669,0.15552690159298588,0.14622781857927936,0.12597239834643192,0.152773321284594,0.35294117647058826,0.10979068537834552,30.932340344004825,24.14448411736728,0.024465428219303004,810,0.3774332410926121,-0.08176430870492707,0.03804485834870519,"[-0.13, -0.2, 0.44, 1.03]","['net_sharpe', 'dbl_sharpe', 'pos_folds', 'turnover', 'gross_edge', 'short_pnl']",3,27,1,12,0.45,2
-37.45378525615334,-14.772691479121283,0.3944245255342851,-0.14752826096505406,-0.35045997315130123,-0.5528143559517833,-1.437040997427937,-0.5153248206705052,0.32765816489689403,0.305860058759189,-0.14145529473325733,0.47058823529411764,0.11611419235452788,31.455158829211776,2.095674071233764,0.026052407048414484,766,0.16244615320066796,-0.13634915202113154,0.07380152821294178,"[-0.75, -1.44, -0.28, 1.12]","['net_sharpe', 'dbl_sharpe', 'tri_sharpe', 'ret_1x', 'ret_2x', 'pos_folds', 'turnover', 'gross_edge', 'short_pnl']",3,27,1,12,0.45,3
4.118740362211943,3.876271669166826,0.941130376833246,0.6930572758442328,0.5011298391208748,0.30900865263007576,-0.6157467192356215,0.2661300028784536,0.1437958427847329,0.11113783112754583,0.3601262803733071,0.5294117647058824,0.11360921477372402,29.09945079196757,34.627386761557695,0.023456443781326768,758,0.31681629728969296,0.08209789973546734,0.08202703383959509,"[1.67, 0.53, -0.62, -0.0]","['net_sharpe', 'pos_folds', 'turnover', 'gross_edge']",3,27,1,12,0.45,4
10.86655534052662,10.388182868300943,0.9559775423549728,0.6750012291873028,0.4775644158854429,0.2800537746713316,-0.45221431247450733,0.4527762009274894,0.15865446845465947,0.14765262424789216,0.3110146043930249,0.5882352941176471,0.11458539415956921,30.16515433814624,33.41735423541927,0.024468616970219972,784,0.16044557013504462,0.23862766040777028,0.11124184318573418,"[1.51, 0.7, 0.21, -0.45]","['net_sharpe', 'dbl_sharpe', 'turnover', 'gross_edge']",3,27,1,12,0.45,5
-36.66084494881642,-15.774255345950621,0.4302752805608723,-0.21247768143854817,-0.37594628521496426,-0.5388717738660721,-1.8096586925642089,-0.16765036915795753,0.3278432448096473,0.31300190247337645,-0.1596721670891538,0.47058823529411764,0.12273800954162647,26.827200484383162,-2.0254279610607533,0.024080757405525184,723,0.22496005316367726,-0.2464713770152623,0.12170256102014487,"[-1.81, 0.1, -0.44, 0.66]","['net_sharpe', 'dbl_sharpe', 'tri_sharpe', 'ret_1x', 'ret_2x', 'pos_folds', 'turnover', 'gross_edge', 'short_pnl']",3,27,1,12,0.45,6
8.107415976162153,6.234267357456651,0.7689586146544063,0.4014466999713803,0.2175311109360201,0.03409206951585507,-0.22961600735261495,0.25407011059197276,0.1674151127394845,0.16381826680789324,0.1160355338376123,0.5882352941176471,0.12312140464396765,30.15176582689941,23.95981440321303,0.024785045812992873,773,0.30379152371263574,-0.01778813179765342,0.08349671878199023,"[-0.0, -0.23, 0.51, 0.75]","['net_sharpe', 'dbl_sharpe', 'pos_folds', 'turnover', 'gross_edge', 'short_pnl']",3,27,1,12,0.45,7
-5.734672958463888,-3.9200916589591834,0.6835771956574198,0.3303727333163532,0.12442482744343687,-0.08117750126378816,-0.3799853344583212,0.27862668783760036,0.23751120264648828,0.22614845178651077,0.032643649190893194,0.5294117647058824,0.11484335175623799,31.52245265240086,19.42344312440709,0.026087651881214743,807,0.3700587213644362,-0.12766509171769083,0.07817373646790185,"[0.37, 0.33, 0.22, -0.38]","['net_sharpe', 'dbl_sharpe', 'tri_sharpe', 'turnover', 'gross_edge', 'short_pnl']",3,27,1,12,0.45,8
-6.23690891358841,-4.83760305211998,0.7756411259398466,0.3602369304296353,0.16077857427750966,-0.03831617456383582,-0.7572551186142191,0.27497825538815923,0.16991263338380036,0.15306462546042365,0.0705434202513069,0.4117647058823529,0.11453995097595128,30.44082598624348,21.164574603027273,0.02568883443347635,789,0.21812735802505956,0.03693182185286734,0.05106736612240727,"[0.36, 0.19, 0.82, -0.76]","['net_sharpe', 'dbl_sharpe', 'tri_sharpe', 'turnover', 'gross_edge']",3,27,1,12,0.45,9
19.93819917334802,16.22568381562922,0.8137988629042573,0.48767010223246293,0.27837806016605576,0.0693962646893771,0.06960267847918929,0.21135429596587452,0.12545547222628928,0.12059359685808291,0.19727189874627615,0.47058823529411764,0.10904036046382708,30.405355241377826,25.170227171510668,0.025607615381602517,768,0.34853232926747324,-0.04555355815572927,0.04138389958472188,"[0.16, 0.26, 0.59, 0.07]","['net_sharpe', 'dbl_sharpe', 'turnover', 'gross_edge', 'short_pnl']",3,27,1,12,0.45,10
-38.39099923213975,-12.0004921779998,0.3125860857498432,-0.3907354758041696,-0.6093115655289449,-0.8268726058542718,-1.2813097506930522,-0.7970366275195135,0.2993285975504658,0.24414216238171005,-0.23281867771585554,0.4117647058823529,0.10863431126746849,31.742855464634303,-5.857797623123668,0.02766677020298354,815,-0.07112525213636595,-0.0024878869476848003,0.04575797065456827,"[-1.28, 0.46, -1.21, -0.39]","['net_sharpe', 'dbl_sharpe', 'tri_sharpe', 'ret_1x', 'ret_2x', 'pos_folds', 'turnover', 'gross_edge', 'long_pnl', 'short_pnl']",3,27,1,12,0.45,11
-8.191809814619457,-6.962585009745357,0.8499446602531747,0.5573378295564536,0.4109518280521767,0.26455592016914614,-0.6468190792881799,0.08067803073382107,0.192707617611662,0.16510960721748125,0.24146788599442748,0.5294117647058824,0.13128359452474675,25.622290462636933,35.55718368320644,0.024926666452787332,594,0.46302126840236785,-0.10234274081698976,0.04992671812054234,"[1.53, 0.53, -0.37, -0.65]","['net_sharpe', 'dbl_sharpe', 'pos_folds', 'turnover', 'gross_edge', 'short_pnl']",3,27,1,12,0.6,0
20.051595752564683,17.41879632319646,0.8686987578516548,0.57496473256171,0.39964315524643473,0.22445417684870617,0.07310996396553757,0.33165752925802255,0.16134148195469944,0.1464699833484545,0.23988426669523874,0.5294117647058824,0.11002997866813735,25.683311506229597,32.09696344502758,0.02453204063164318,590,0.3712451336222161,-0.04489037505697982,0.04608509510464035,"[0.07, 0.37, 0.3, 0.85]","['net_sharpe', 'dbl_sharpe', 'turnover', 'gross_edge', 'short_pnl']",3,27,1,12,0.6,1
17.45733240588853,15.675625846450023,0.8979393576284588,0.730588548246166,0.5330532682917833,0.33568231125530673,0.023891109972242672,0.16372357411830463,0.13926074674828037,0.12597239834643192,0.37871972637878076,0.47058823529411764,0.10705509491870696,28.125965891051212,35.400583980172165,0.024745037416753626,649,0.3951847655791312,-0.0010063361656530018,0.0360602061430234,"[0.14, 0.02, 0.18, 1.88]","['net_sharpe', 'turnover', 'gross_edge', 'short_pnl']",3,27,1,12,0.6,2
-33.0998773062575,-13.468873171196407,0.40691610565728986,-0.15991546589584874,-0.334050408861628,-0.507960125595201,-1.2279338572037128,-0.5529602178008777,0.3115041165504534,0.29259978132897413,-0.14001817352326806,0.5882352941176471,0.11408234435426066,26.46314072455539,0.6040667677460403,0.026041309591782785,600,0.1375867629152504,-0.13125825521406348,0.08450313956595717,"[-0.75, -1.23, -0.36, 1.05]","['net_sharpe', 'dbl_sharpe', 'tri_sharpe', 'ret_1x', 'ret_2x', 'pos_folds', 'turnover', 'gross_edge', 'short_pnl']",3,27,1,12,0.6,3
39.80223577952407,39.7983942882031,0.9999034855392986,0.9561884220695521,0.7826055160401254,0.6082371377018585,-0.36608387831157385,0.8955246222035611,0.10074405100201966,0.08003841225038288,0.8082262300459433,0.7058823529411765,0.10749193667230489,25.031367199727935,48.644554351087926,0.02357206826090112,587,0.40244423574409777,0.07960764637130004,0.0945267145359541,"[1.3, 0.76, -0.37, 1.03]",['turnover'],3,27,1,12,0.6,4
48.89720853827165,48.89720853827165,1.0,0.8831487355904765,0.7136962518544759,0.5438834358868777,0.3805109895196704,0.5175238242738827,0.09863819327588208,0.09525301705155997,0.7450649700985809,0.5882352941176471,0.10744691048869266,24.306063815497986,46.79547811805762,0.023229793845362876,574,0.23299592354521925,0.217295323814668,0.11028590596764254,"[1.43, 0.38, 0.54, 0.49]",[],3,27,1,12,0.6,5
-38.40736885142985,-16.74167360190532,0.43589743589743585,-0.2642129946705106,-0.41769291091435823,-0.570653751435236,-1.4245856693577241,-0.37991199668196557,0.3546712009982149,0.3352723789123251,-0.15395325781860822,0.4117647058823529,0.11760300804666483,24.12432250918137,-5.031903853777516,0.024891320177379474,568,0.03058706362354706,-0.07864470394639017,0.11599698162447614,"[-1.19, -1.42, 0.43, 0.88]","['net_sharpe', 'dbl_sharpe', 'tri_sharpe', 'ret_1x', 'ret_2x', 'pos_folds', 'gross_edge', 'short_pnl']",3,27,1,12,0.6,6
14.41363410950883,12.582872499965209,0.8729840374998941,0.4417662050335928,0.2646462774520978,0.08782555276165231,-0.11580336889655746,0.23909251285381367,0.12930122940830102,0.11861960012682649,0.18297474143235645,0.47058823529411764,0.11172031637453425,26.35437999702681,26.192028380673673,0.025546203607298725,613,0.09870412039691742,0.17456900192355715,0.08024124741314612,"[-0.12, -0.02, 0.98, 0.5]","['net_sharpe', 'dbl_sharpe', 'pos_folds', 'turnover', 'gross_edge']",3,27,1,12,0.6,7
-1.874910639234261,-1.735500157817063,0.9256441995154846,0.5214367369306133,0.34259308356651,0.16389230486970938,-0.9355386610524529,0.5646723105881252,0.20206529923677685,0.1909258849866321,0.15795454836983472,0.5294117647058824,0.10883296277799151,25.92372541883398,29.333660886334876,0.025397862918788275,583,0.2519765232924206,0.04907349811874217,0.0760742334055726,"[1.22, 0.18, 0.95, -0.94]","['net_sharpe', 'dbl_sharpe', 'turnover', 'gross_edge']",3,27,1,12,0.6,8
-26.72716735730934,-15.081701332097225,0.5642835669965858,0.06159559348302934,-0.113308786604003,-0.28787757011737447,-2.127694941604782,0.2684431764574912,0.24626480441917964,0.22413109181106827,-0.07078434900705263,0.35294117647058826,0.10593093142458045,24.70319400108447,10.347675164073133,0.026547375624871063,570,0.13231937479553776,-0.031121619707771546,0.033622594292429024,"[0.41, 0.13, 0.9, -2.13]","['net_sharpe', 'dbl_sharpe', 'tri_sharpe', 'ret_2x', 'gross_edge', 'short_pnl']",3,27,1,12,0.6,9
-8.118483069113267,-5.7996580821354025,0.7143770619169209,0.33996427632358195,0.1625792618007655,-0.014554542935166948,-1.3290471287549366,0.49853097348511194,0.1871019619841684,0.16374912297907596,0.06284081022164985,0.4117647058823529,0.10725792544290548,25.362171825418695,22.0509923572284,0.025409981860852384,591,0.3281371961440917,-0.10673110642139168,0.03679491153906196,"[0.12, -1.33, 0.88, 0.93]","['net_sharpe', 'dbl_sharpe', 'tri_sharpe', 'turnover', 'gross_edge', 'short_pnl']",3,27,1,12,0.6,10
-19.550795729909034,-10.647447979082104,0.5446043284465151,0.09869997624839363,-0.08531388779849101,-0.26886787741899937,-1.3306391591708568,-0.006408123498871321,0.18176621321789077,0.17721442635749574,-0.07599285742483272,0.47058823529411764,0.10177925437437434,24.991806754045864,11.592585313101482,0.02606006298589201,613,0.22211673841217017,-0.10741950634878143,0.036243181846257605,"[-1.33, 1.34, -0.92, 0.91]","['net_sharpe', 'dbl_sharpe', 'tri_sharpe', 'ret_2x', 'pos_folds', 'gross_edge', 'short_pnl']",3,27,1,12,0.6,11
-3.646870777665732,-2.877271538936965,0.788969972985616,0.3257634055212589,0.1722747820265269,0.018791641588531208,-0.47529354979745464,0.24434603347098494,0.1862067469225095,0.1753598074082705,0.07615625489533019,0.47058823529411764,0.1311372394900852,26.846412596140983,23.148493268160784,0.018919715541685127,791,0.3483373895340903,-0.10230970958478271,0.11988931406159198,"[-0.48, 0.77, 0.37, 0.12]","['net_sharpe', 'dbl_sharpe', 'turnover', 'gross_edge', 'short_pnl']",3,27,1,15,0.3,0
-18.00724038024702,-12.638099952885955,0.7018343558488438,0.303702707532774,0.1376057480438811,-0.028498556793605075,-1.0931405859597327,0.18079977348551782,0.22080617438007788,0.18782188363076457,0.04237017769295053,0.47058823529411764,0.11961374254304698,26.494775055650678,21.151909910290712,0.01969332046485911,772,0.3581560995693234,-0.13629313727427375,0.12261837801233248,"[0.86, 0.35, -1.09, 0.01]","['net_sharpe', 'dbl_sharpe', 'tri_sharpe', 'turnover', 'gross_edge', 'short_pnl']",3,27,1,15,0.3,1
-8.974700291129743,-5.717174454667638,0.6370323541966386,0.27656194862878736,0.10627634477395506,-0.06376694688758158,-0.39628231771317735,-0.14019836062966048,0.18516489068919972,0.1716962811630265,0.03019345690900821,0.47058823529411764,0.12076988153116709,27.43027703316812,19.481729088631944,0.019612353955536534,826,0.2616384527987787,-0.050078882511050096,0.08499461334056232,"[-0.05, -0.4, -0.23, 1.01]","['net_sharpe', 'dbl_sharpe', 'tri_sharpe', 'pos_folds', 'turnover', 'gross_edge', 'short_pnl']",3,27,1,15,0.3,2
9.484046625851771,8.41472590008782,0.8872505832215988,0.7863929574672595,0.6198713682474148,0.4534600298929024,-0.34748007511705187,0.2933414124686153,0.18878350198190086,0.18220590554637395,0.3850335530331514,0.7647058823529411,0.12583630607394394,27.88500704049894,42.825548343066366,0.0196613153865616,793,0.5071812838560698,-0.03441263011602321,0.05813873508175295,"[2.38, -0.35, 0.64, -0.06]","['net_sharpe', 'pos_folds', 'turnover', 'short_pnl']",3,27,1,15,0.3,3
-5.667799773915416,-3.8407543732868157,0.6776446816210578,0.3460918862496405,0.1599784351784301,-0.02553521986763944,-0.48516803518807766,0.07640943485150024,0.17230168024969528,0.15332587753754123,0.06917530170515825,0.47058823529411764,0.11613771312957061,28.788365502313507,21.667083453228635,0.020473169347724304,798,0.45772973056302857,-0.21078916035730932,0.049292457254323456,"[0.4, -0.49, -0.24, 0.93]","['net_sharpe', 'dbl_sharpe', 'tri_sharpe', 'pos_folds', 'turnover', 'gross_edge', 'short_pnl']",3,27,1,15,0.3,4
6.443631736084181,5.783506876321531,0.8975539126381219,0.6961537937005923,0.5135689061202743,0.3312751657768745,-0.30271549170496226,0.32621758112276705,0.18236370126416535,0.1625509372424998,0.29344771844542245,0.5294117647058824,0.11401967660103962,27.685815707730384,36.217650019162434,0.019894921026147018,771,0.5465792205974591,-0.14961389440909087,0.068639959476783,"[0.17, 1.6, -0.3, 0.48]","['net_sharpe', 'turnover', 'gross_edge', 'short_pnl']",3,27,1,15,0.3,5
14.358227085201925,12.530924139273797,0.8727347788076559,0.6888193761753153,0.5165817206037516,0.34438532648373804,-0.16256696985872662,0.01034809124437936,0.10502644195850486,0.09379762804634928,0.5439060223653522,0.4117647058823529,0.1216465588887346,27.892930738568584,37.34313868625837,0.020177166249833536,761,0.47165582806152667,-0.05929258300581773,0.04461920902632194,"[1.71, 0.1, -0.08, -0.16]","['net_sharpe', 'pos_folds', 'turnover', 'gross_edge', 'short_pnl']",3,27,1,15,0.3,6
-20.413968280348403,-11.045827954990624,0.5410916585788927,0.11263533914147579,-0.06544702531724345,-0.24287206845979772,-0.6595510325414349,-0.11135910142713401,0.2540336071086743,0.2259010539512768,-0.05442988252851758,0.5294117647058824,0.11359896707895271,27.021979870018164,12.304396629312814,0.020762610667896166,761,0.2133409706505239,-0.08171170123864321,0.07670476491251128,"[-0.34, 0.12, -0.66, 0.51]","['net_sharpe', 'dbl_sharpe', 'tri_sharpe', 'ret_2x', 'pos_folds', 'turnover', 'gross_edge', 'short_pnl']",3,27,1,15,0.3,7
-7.795169895349759,-4.261051523591003,0.5466271525567327,0.15555738632956997,-0.028984548837072546,-0.2134633563179794,-0.4537606420480078,-0.0006390008607436472,0.17450807388961243,0.14454580076692536,-0.054360585914752915,0.47058823529411764,0.11191196255224893,27.53107631362329,13.851305448153115,0.021123255742025993,766,0.15121235800938929,-0.00024297529675595952,0.04651741840544338,"[0.25, -0.04, 0.04, -0.45]","['net_sharpe', 'dbl_sharpe', 'tri_sharpe', 'ret_2x', 'pos_folds', 'turnover', 'gross_edge', 'short_pnl']",3,27,1,15,0.3,8
-44.402537420451864,-17.7684626401526,0.4001677307740621,-0.6286312471160442,-0.7752445977348674,-0.9215964832033693,-1.7264491473804948,-0.4935265381507603,0.4246704875718177,0.4067973561577487,-0.2735408526738531,0.35294117647058826,0.14502345230369912,28.278820831763138,-25.39456017592616,0.022772720431511153,780,0.0001606516083721976,-0.2844607266829642,0.04694101674811304,"[-1.73, -0.74, 0.26, -0.25]","['net_sharpe', 'dbl_sharpe', 'tri_sharpe', 'ret_1x', 'ret_2x', 'pos_folds', 'turnover', 'gross_edge', 'short_pnl']",3,27,1,15,0.3,9
-20.49223740442956,-12.791442031941854,0.6242091470781459,0.18897587315073527,0.000274094592269547,-0.18807345307581463,-0.9156061817680575,-0.10559818871238841,0.19613032405354003,0.17310585194472083,-0.03410307075515615,0.35294117647058826,0.11620611596417181,29.23673839196056,15.23015001618779,0.0212150913880161,823,0.00824006015038252,0.16804198708173984,0.04815389847532306,"[0.16, -0.92, 1.17, -0.38]","['net_sharpe', 'dbl_sharpe', 'tri_sharpe', 'ret_2x', 'pos_folds', 'turnover', 'gross_edge']",3,27,1,15,0.3,10
-24.07124101941773,-9.707669772450682,0.40328912683063256,-0.06898619559680785,-0.26502028759591945,-0.46038583388705423,-0.9243826367020419,-0.3958849827212795,0.19084760917836008,0.1593254246971989,-0.1918515998237201,0.35294117647058826,0.11537259772128727,30.204763802794293,4.704634703066466,0.02242994339678354,837,-0.08004139929527455,0.13629836890559702,0.06560075507743021,"[-0.92, 0.83, -0.07, -0.73]","['net_sharpe', 'dbl_sharpe', 'tri_sharpe', 'ret_1x', 'ret_2x', 'pos_folds', 'turnover', 'gross_edge', 'long_pnl']",3,27,1,15,0.3,11
-42.97356613116242,-17.11619770136062,0.39829595824370634,-0.4450116101144253,-0.6322897505747807,-0.8186188134462453,-1.6187514821927687,-0.598617221652995,0.36007176772032556,0.3197000271068684,-0.21249969273131683,0.29411764705882354,0.11514702478556216,28.887146904128766,-10.241168067920142,0.022227451470766133,780,-0.19643539568613752,0.07931591822937337,0.10619928064299577,"[0.17, -0.22, -1.62, -0.98]","['net_sharpe', 'dbl_sharpe', 'tri_sharpe', 'ret_1x', 'ret_2x', 'pos_folds', 'turnover', 'gross_edge', 'long_pnl']",3,27,1,15,0.3,12
-15.715076160143287,-8.64784481364486,0.550289717053844,0.16763360036736477,-0.002392158221540322,-0.17239829827737535,-0.5753001182976866,-0.08219535238810036,0.19247706298513478,0.17363216284841376,-0.03896530196510797,0.29411764705882354,0.12037513818256278,27.283679916768698,14.756194049793883,0.020337413426882316,752,0.1616662250954856,-0.0022794490056177036,0.07715829622476161,"[0.27, -0.43, -0.58, 0.68]","['net_sharpe', 'dbl_sharpe', 'tri_sharpe', 'ret_2x', 'pos_folds', 'turnover', 'gross_edge', 'short_pnl']",3,27,1,15,0.3,13
-36.76049679309867,-15.669410016029898,0.4262567533900042,-0.26093827196854863,-0.4226706931902468,-0.5839447831627718,-2.1709810547511665,0.046319925604656115,0.3028026367749014,0.2847640089026955,-0.2033950898673924,0.29411764705882354,0.13024571386126235,28.1332218149153,-4.428865635060269,0.02090022505996401,802,0.2749638153907916,-0.3242910714696769,0.09051343807052503,"[-0.25, 0.34, 0.37, -2.17]","['net_sharpe', 'dbl_sharpe', 'tri_sharpe', 'ret_1x', 'ret_2x', 'pos_folds', 'turnover', 'gross_edge', 'short_pnl']",3,27,1,15,0.3,14
16.13507074557938,13.114423116283334,0.8127899358530156,0.355429673697672,0.22104839147871816,0.08678740559717814,0.037212450563271784,0.25550893733884317,0.16789375103297688,0.1599685027030212,0.12086060961991876,0.5882352941176471,0.12737996597072235,22.822758013689,27.195411640387064,0.01843172328576692,609,0.49439097922211844,-0.24867197593869222,0.08408007172525742,"[0.04, 0.4, 0.34, 0.17]","['net_sharpe', 'dbl_sharpe', 'gross_edge', 'short_pnl']",3,27,1,15,0.45,0
1.5996550285898654,1.4564532028963686,0.9104795576958035,0.6978060715211511,0.5352777188772784,0.372596087357479,-1.4663643865134737,0.894082581838095,0.23173023768667944,0.2162677988168874,0.2498101373199073,0.5882352941176471,0.11809714832584646,25.58594168081033,39.49657311505675,0.020166813935157638,650,0.5125347633665633,-0.1124649308807274,0.10883783710122628,"[1.14, 0.64, -1.47, 1.17]","['net_sharpe', 'turnover', 'gross_edge', 'short_pnl']",3,27,1,15,0.45,1
4.939131136390408,4.105349920067692,0.8311886861679773,0.513989911591718,0.3540773306645543,0.19436060098195657,-0.49231798425585543,0.25995559700164034,0.1525017163712412,0.13168820790053104,0.23097843719728467,0.5882352941176471,0.11691633100902246,24.89273811685418,31.525768107931274,0.019526352275903585,672,0.3560746268726541,-0.04539460324368904,0.07364949501729005,"[0.75, -0.49, -0.23, 1.22]","['net_sharpe', 'dbl_sharpe', 'pos_folds', 'gross_edge', 'short_pnl']",3,27,1,15,0.45,2
1.6635481877550595,1.449972108318068,0.8716141311630954,0.5396739864129557,0.3919857845548583,0.24450043108586617,-0.5630453787325677,0.36669253958108416,0.20573160718656047,0.19597925523059045,0.2048029068364491,0.7058823529411765,0.1252771350537547,24.63237124400748,34.89678611977313,0.020099052008277555,626,0.47439949029150297,-0.13409581799380582,0.05993963921717292,"[1.69, -0.56, 0.64, 0.09]","['net_sharpe', 'dbl_sharpe', 'gross_edge', 'short_pnl']",3,27,1,15,0.45,3
-1.720395156452867,-1.4607289784057738,0.8490659677382048,0.4887363958970482,0.3286747668282101,0.1691680509182456,-1.201071404001021,0.5617799202391003,0.18325001085397352,0.1704893457837221,0.17285236357645023,0.5294117647058824,0.11469945972039199,24.39379227901428,30.783502082757266,0.019666588359936156,616,0.38220759404844135,-0.08492305059842215,0.04927926125878687,"[0.86, -1.2, 0.26, 1.38]","['net_sharpe', 'dbl_sharpe', 'gross_edge', 'short_pnl']",3,27,1,15,0.45,4
17.699679377535762,15.735369529624704,0.8890200321705184,0.6188334496442416,0.45110230772709153,0.28360442068321023,-0.5033257893637922,0.5921141118399831,0.12241263084009946,0.10290304504697179,0.3667888571665714,0.5294117647058824,0.1108207446238696,24.755532080608926,35.26055962829012,0.020097306467393505,627,0.4673418137042433,-0.12177148294826241,0.07259016075711186,"[0.33, 0.9, -0.5, 0.85]","['net_sharpe', 'dbl_sharpe', 'gross_edge', 'short_pnl']",3,27,1,15,0.45,5
8.333574116435567,7.43820829524647,0.892559205848635,0.7492824074924703,0.5924470110631703,0.4355236989886172,-0.6525197809403223,0.2908236102752013,0.1322894133530902,0.0959528377485942,0.49444407035912247,0.5882352941176471,0.11867724723741292,24.8016970108199,43.24362180539976,0.020100638491531878,609,0.4573805833821146,-0.03278209785053256,0.06036286510558028,"[1.76, -0.14, -0.65, 0.72]","['net_sharpe', 'pos_folds', 'short_pnl']",3,27,1,15,0.45,6
-34.608678680526,-14.198432279190152,0.41025641025641024,-0.22894240987173353,-0.3796309513218048,-0.5296854862776509,-1.170672679209563,-0.44980238523365074,0.2768942579125444,0.23978219021801495,-0.17198494041122686,0.35294117647058826,0.1117902727203382,22.55601577388557,-3.6540899665132676,0.020804705510799416,581,0.17498159886254314,-0.20761156387213014,0.039193777265108684,"[-0.53, 0.48, -1.17, -0.37]","['net_sharpe', 'dbl_sharpe', 'tri_sharpe', 'ret_1x', 'ret_2x', 'pos_folds', 'gross_edge', 'short_pnl']",3,27,1,15,0.45,7
-30.11414576625616,-13.126678923752685,0.43589743589743585,-0.2063094591026226,-0.3615719899311601,-0.5166198471084074,-0.8358561437986286,-0.359393020539126,0.26786836247886336,0.2281908574781475,-0.17684828640048847,0.35294117647058826,0.11557504999567601,23.906279841466723,-2.5819376839595654,0.02141830312619015,584,-0.04882666479448985,0.024390517302812997,0.0437495124432524,"[0.0, -0.72, 0.14, -0.84]","['net_sharpe', 'dbl_sharpe', 'tri_sharpe', 'ret_1x', 'ret_2x', 'pos_folds', 'gross_edge', 'long_pnl']",3,27,1,15,0.45,8
-46.7025808164243,-19.160033155456123,0.41025641025641024,-0.6595904898323494,-0.7768123582207246,-0.893841072733017,-1.8605086239815267,-0.4901682333928571,0.4595405361738626,0.44135986627706925,-0.26824363403375967,0.23529411764705882,0.15322879901961814,23.87445610115539,-35.90131980655558,0.02190253525882065,620,0.09751903658603413,-0.4368464006790462,0.03845791478572669,"[-1.86, -0.8, 0.58, -0.18]","['net_sharpe', 'dbl_sharpe', 'tri_sharpe', 'ret_1x', 'ret_2x', 'pos_folds', 'gross_edge', 'short_pnl']",3,27,1,15,0.45,9
-9.141098866624727,-5.890250401600835,0.6443700574234966,0.21039290420571038,0.04064377771170911,-0.12861099062931683,-0.4820568305207209,-0.19574551610157984,0.15786217024212346,0.14258706523656828,-0.013079870026333781,0.4117647058823529,0.11683232793192411,26.442505086873208,16.94262390532647,0.02104129213505253,701,0.17679674245073534,0.0005643069104359771,0.047423864846055784,"[0.07, -0.46, 1.24, -0.48]","['net_sharpe', 'dbl_sharpe', 'tri_sharpe', 'ret_2x', 'pos_folds', 'turnover', 'gross_edge']",3,27,1,15,0.45,10
-29.511826254816793,-11.904071429398025,0.40336613961513457,-0.22631181268262332,-0.40426631219963133,-0.5815835324324196,-1.0012182842506963,-0.35435196111872164,0.23214381313116095,0.1876909636191033,-0.2221776503335629,0.35294117647058826,0.11454571580910623,27.2393379584146,-2.1692304402904803,0.022392284735302873,705,-0.05656696363162002,0.03317443224802334,0.0651201044018544,"[-1.0, 0.16, -0.15, -0.56]","['net_sharpe', 'dbl_sharpe', 'tri_sharpe', 'ret_1x', 'ret_2x', 'pos_folds', 'turnover', 'gross_edge', 'long_pnl']",3,27,1,15,0.45,11
-44.7219928867915,-17.067024180005227,0.3816248578905776,-0.5995139337023033,-0.768527682540259,-0.9366602553086729,-1.586503534030853,-0.7359721981863971,0.3768772499597025,0.3417524734289267,-0.24011157322168913,0.23529411764705882,0.11463436577066557,25.971921185562273,-18.905909768895693,0.022412126765777206,658,-0.2709554324914303,0.07656421501926182,0.11933498005424271,"[-0.06, -0.61, -1.59, -0.86]","['net_sharpe', 'dbl_sharpe', 'tri_sharpe', 'ret_1x', 'ret_2x', 'pos_folds', 'turnover', 'gross_edge', 'long_pnl']",3,27,1,15,0.45,12
-3.254260577036359,-2.7640876264416008,0.8493750150022846,0.33178587312902447,0.1814552436726879,0.030987895237197468,-0.6115911213254701,0.29792659867879717,0.15982097835889575,0.1473508583859381,0.09128908040073164,0.29411764705882354,0.11851956327525116,23.76502620357528,23.90262798425506,0.019939945821244264,589,0.2245755299254021,0.0003086642250889615,0.07115174441474931,"[0.68, -0.61, -0.06, 0.65]","['net_sharpe', 'dbl_sharpe', 'pos_folds', 'gross_edge']",3,27,1,15,0.45,13
-21.52424700941867,-12.530296672882546,0.5821479686327464,0.16354685732049426,-0.005314977543345621,-0.1739039978088978,-1.097879858528493,0.10521724709975257,0.2334542703257957,0.22814902096245304,-0.029982070424039015,0.47058823529411764,0.11311340986181845,25.48226251395721,15.311220845334994,0.021090004291373816,636,0.3340381200091606,-0.17957571636791392,0.07239401203197099,"[0.19, 0.96, 0.02, -1.1]","['net_sharpe', 'dbl_sharpe', 'tri_sharpe', 'ret_2x', 'turnover', 'gross_edge', 'short_pnl']",3,27,1,15,0.45,14
35.23067134102119,32.1655787544506,0.912999313669004,0.6951928621576418,0.5721987362982401,0.44914605918562,0.261019195880498,0.5371267255462391,0.1454881965382161,0.13888697821658413,0.43476913414098683,0.5294117647058824,0.11952558379577972,19.58524810814237,49.89875176508561,0.017937224409537895,462,0.5708191360750198,-0.1839235794831311,0.0760729794001346,"[0.59, 1.01, 0.26, 0.48]","['net_sharpe', 'short_pnl']",3,27,1,15,0.6,0
15.004046782770212,13.849889337941734,0.9230769230769231,0.855013787162144,0.7146488044546939,0.5739517875415868,-0.953935404182729,1.0130250864168266,0.1891212272242444,0.1757444296165711,0.4064889576295238,0.5882352941176471,0.11247678765356041,21.076915021437262,53.12924765747611,0.019283400672776906,497,0.5206509112234621,-0.07733257644191287,0.09760979737107162,"[1.35, 1.11, -0.95, 0.92]",['short_pnl'],3,27,1,15,0.6,1
10.834300714682957,9.158504008557646,0.8453248852642402,0.525434934012889,0.3859429035580198,0.24665848846986896,-0.533781271382745,0.391713356865652,0.14134933792068882,0.12928054743102035,0.2729467900350416,0.6470588235294118,0.11509567653615829,21.359352639750906,35.75509468545218,0.0188614764497079,534,0.38910590601197226,-0.08676215206720492,0.07432931865903429,"[1.03, -0.53, -0.25, 1.13]","['net_sharpe', 'dbl_sharpe', 'pos_folds', 'gross_edge', 'short_pnl']",3,27,1,15,0.6,2
6.054483866056552,5.397236078158826,0.8914444563008127,0.5679881548799056,0.43939636915534125,0.31097230706555495,-0.7645560596314053,0.6585988199738461,0.21102535763711594,0.202362194869668,0.23279679622829466,0.7058823529411765,0.12765501964974293,21.82509729974776,40.563096558363156,0.019700981103790417,513,0.4344415830687809,-0.08396236398825614,0.06358025092220677,"[1.61, -0.76, 0.94, 0.37]","['net_sharpe', 'dbl_sharpe', 'short_pnl']",3,27,1,15,0.6,3
36.75639903400778,36.75639903400778,1.0,1.0876686987877047,0.9355281379215888,0.783230947600502,-0.2856941794988039,1.097878575283354,0.12736958200613746,0.11814350455041156,0.7478812764181905,0.5294117647058824,0.10278707818793818,20.770395366887655,61.396207170712884,0.019907188843443828,467,0.4880839130929666,0.01676484118418583,0.054943586010852474,"[1.49, -0.29, 0.71, 1.62]",[],3,27,1,15,0.6,4
82.44816182913901,82.44816182913901,1.0,1.5535752714319173,1.4161740924840172,1.278097327087672,1.1001428076397282,1.3469032307128421,0.10112842846245562,0.09768792730649356,1.4873128761387993,0.7058823529411765,0.10268032059362385,18.936124075628136,91.9825933835111,0.017840344947980254,448,0.6443137010776446,0.045245762648759395,0.07377333392985755,"[1.53, 1.1, 1.16, 1.85]",[],3,27,1,15,0.6,5
-27.27304172829143,-17.192971588744534,0.630401689698937,0.20781167851293308,0.07068946891578863,-0.06657184843581933,-1.2575785869532983,-0.4222497310711061,0.20459840215991054,0.17520437443887682,0.008531675782466396,0.35294117647058826,0.11098220094216342,20.28780946989529,18.429803871204157,0.02207429588625788,431,0.261270487409878,-0.1132469243860604,0.031144309774817046,"[1.35, -0.63, -1.26, -0.22]","['net_sharpe', 'dbl_sharpe', 'tri_sharpe', 'pos_folds', 'gross_edge', 'short_pnl']",3,27,1,15,0.6,6
-30.835051349045546,-12.986897505151745,0.4211732083122909,-0.03528720797720988,-0.17141973717115427,-0.3074083999743445,-1.4779978659074295,-0.13739660743219612,0.2868979138285722,0.2608554872793466,-0.08218955803406748,0.5294117647058824,0.1062384061501238,19.291560710715117,5.676734989057915,0.02141161541976735,450,0.2139760927261121,-0.17062091539798224,0.0367773433766307,"[-0.04, -0.24, -1.48, 0.97]","['net_sharpe', 'dbl_sharpe', 'tri_sharpe', 'ret_1x', 'ret_2x', 'pos_folds', 'gross_edge', 'short_pnl']",3,27,1,15,0.6,7
-25.194278275191287,-11.186173751047022,0.44399659434031125,-0.05612545625005786,-0.18794299797070232,-0.3196280065701314,-0.6296360573642102,-0.2776105683366547,0.2840115719767552,0.2519581620559689,-0.09776975544174855,0.47058823529411764,0.11446617883313068,20.108912672151952,4.211562390295187,0.020704835577964514,456,0.05955318009213602,-0.026025244814858996,0.04384691231097707,"[0.06, -0.63, 0.59, -0.62]","['net_sharpe', 'dbl_sharpe', 'tri_sharpe', 'ret_1x', 'ret_2x', 'pos_folds', 'gross_edge', 'short_pnl']",3,27,1,15,0.6,8
-48.927480116477426,-20.072812355477918,0.41025641025641024,-0.7871098069574262,-0.8822502683268864,-0.9772553823387171,-1.4866610415589474,-1.1755954967003754,0.48254596426486485,0.4535440498751311,-0.2950328563523183,0.17647058823529413,0.15858040859058214,20.025137290187725,-56.57430019019718,0.022613670078851004,455,0.05816387639053461,-0.5066713409234699,0.03775709949716907,"[-1.49, -1.33, 0.5, -1.02]","['net_sharpe', 'dbl_sharpe', 'tri_sharpe', 'ret_1x', 'ret_2x', 'pos_folds', 'gross_edge', 'short_pnl']",3,27,1,15,0.6,9
-32.09237081078941,-13.166100845452066,0.41025641025641024,-0.33301264131181785,-0.47644173328511874,-0.6191962437296517,-1.0197171719702958,-0.822220197867837,0.24546574678689714,0.22882370102631056,-0.23639086291695757,0.47058823529411764,0.11206853080096632,21.534562950675586,-9.650741195422533,0.021386481562413847,525,-0.11118973658279369,0.028914012327556873,0.04242958980072412,"[-1.02, -0.91, 1.09, -0.74]","['net_sharpe', 'dbl_sharpe', 'tri_sharpe', 'ret_1x', 'ret_2x', 'pos_folds', 'gross_edge', 'long_pnl']",3,27,1,15,0.6,10
-29.569768509893755,-12.131187080982054,0.41025641025641024,-0.18795739468699213,-0.34892024409041855,-0.5094256905621328,-1.2620135198852027,-0.14848534806963182,0.24290068379472995,0.19948416196957508,-0.175243954392224,0.4117647058823529,0.10785558198986728,23.169496775714197,-1.2107516642810245,0.02251289333173313,531,-0.08259594163391118,0.07149022319565687,0.060461306859053335,"[-1.26, 0.26, -0.11, -0.19]","['net_sharpe', 'dbl_sharpe', 'tri_sharpe', 'ret_1x', 'ret_2x', 'pos_folds', 'gross_edge', 'long_pnl']",3,27,1,15,0.6,11
-37.41819814571488,-15.351055649524053,0.41025641025641024,-0.36134323011743286,-0.506784379567783,-0.6514983378879792,-1.1613273612784953,-0.7072352257082055,0.31513791191990503,0.28277487859637496,-0.1906219885911896,0.4117647058823529,0.1100672142660289,21.447536741699345,-10.792183913148417,0.021604301645662363,475,0.06947038183287774,-0.16110545707825252,0.11270391592406348,"[0.51, -0.65, -1.16, -0.77]","['net_sharpe', 'dbl_sharpe', 'tri_sharpe', 'ret_1x', 'ret_2x', 'pos_folds', 'gross_edge', 'short_pnl']",3,27,1,15,0.6,12
4.168275160045533,3.5299551658105988,0.8468623184108697,0.45269757770595415,0.3166335819635208,0.1803689712243098,-0.30146842069089014,0.1502980747231064,0.13924779611828464,0.13297264720810387,0.21367256914150315,0.35294117647058826,0.11264921182606417,20.45817721312432,32.402840131272825,0.019416856048590225,460,0.2917358317506553,-0.02929887259657382,0.07164209407593,"[0.04, -0.3, 0.26, 1.43]","['net_sharpe', 'dbl_sharpe', 'gross_edge', 'short_pnl']",3,27,1,15,0.6,13
36.997921114393534,36.72837177800238,0.9927144734549346,0.7242305239313203,0.5757010127320129,0.42692190135146435,0.03488318952696881,0.5648976025388343,0.10366340991190637,0.098422143179836,0.5326924407959939,0.5882352941176471,0.10247545464376603,20.317332830893026,44.29273695203993,0.020650811304482864,446,0.3346462926915295,0.021619557347694107,0.06590465559461565,"[0.4, 0.73, 0.03, 1.23]",['net_sharpe'],3,27,1,15,0.6,14
-14.277780432841302,-8.711532029303688,0.6101460987077303,0.419756575811081,0.013148157168755573,-0.3924546308896065,-1.0439944043604654,0.30851491312993595,0.21410627269629157,0.16244772427895604,-0.02642309477365835,0.47058823529411764,0.12048484975979158,65.3331270201743,15.236289963965277,0.042842455754867864,2505,0.33007474345197085,0.06400821698191075,0.0824993142003219,"[0.28, -1.04, 0.41, 0.34]","['net_sharpe', 'dbl_sharpe', 'tri_sharpe', 'ret_2x', 'turnover', 'gross_edge']",3,27,2,9,0.3,0
-46.34307249816903,-14.259406922513548,0.3076923076923077,-0.6179803665836436,-1.0388611018195424,-1.4547163878633218,-1.703624063684447,-0.9268909247525381,0.4072919808897568,0.2854334777070838,-0.29962832845550585,0.35294117647058826,0.11806852194437262,66.78115029075919,-3.410574153113928,0.04630329740253396,2540,-0.11504109904486993,0.024872281492817568,0.09287119197370533,"[-0.88, -0.98, -0.66, -1.7]","['net_sharpe', 'dbl_sharpe', 'tri_sharpe', 'ret_1x', 'ret_2x', 'pos_folds', 'turnover', 'gross_edge', 'long_pnl']",3,27,2,9,0.3,1
-48.941565672685925,-15.058943283903362,0.3076923076923077,-0.6594389345310109,-1.0816076266928754,-1.4985407900270329,-2.1755536284902015,-0.9190564020185059,0.4386278808059264,0.3229941825231176,-0.29688377635465435,0.35294117647058826,0.12159780248427556,69.04099196103114,-4.140894697236514,0.04657541404693065,2622,0.10400541529504645,-0.2171871098135089,0.09434462169256855,"[-1.55, -0.14, -0.29, -2.18]","['net_sharpe', 'dbl_sharpe', 'tri_sharpe', 'ret_1x', 'ret_2x', 'pos_folds', 'turnover', 'gross_edge', 'short_pnl']",3,27,2,9,0.3,2
-37.189394037640575,-13.804121130153412,0.3711843520811826,-0.06414900794274095,-0.4677221903096519,-0.8668011156863898,-2.0609453412365997,-0.34413805254707885,0.32871845338542616,0.2801325947298422,-0.1875967494140867,0.5882352941176471,0.12001721801658756,64.89906197204745,6.3491964155482705,0.04373745997370816,2502,0.20085720473823399,-0.03772783256630041,0.09355758280716585,"[0.03, 0.79, -0.72, -2.06]","['net_sharpe', 'dbl_sharpe', 'tri_sharpe', 'ret_1x', 'ret_2x', 'pos_folds', 'turnover', 'gross_edge', 'short_pnl']",3,27,2,9,0.3,3
-25.079832750987645,-14.514182998403635,0.5787192898179142,0.3906378117290631,-0.010018056927106547,-0.40818514195805866,-1.109804669408761,-0.04156298191343677,0.2839589452468142,0.2471507378500255,-0.032395658091464476,0.5882352941176471,0.12602313573021343,67.33928963633412,14.735473452195535,0.04420309313387028,2400,0.3230081446668849,0.06982453335474147,0.07166394249836978,"[0.81, 0.41, -0.49, -1.11]","['net_sharpe', 'dbl_sharpe', 'tri_sharpe', 'ret_2x', 'pos_folds', 'turnover', 'gross_edge']",3,27,2,9,0.3,4
30.397105564857604,26.9329106916037,0.8860353705104445,0.8677170827013363,0.46324399995515175,0.06014245344970404,0.07649168243789203,0.47125889298592866,0.14781011644488906,0.12649921340499137,0.3351309942002851,0.7058823529411765,0.1195541845625439,64.3374831826051,23.678872669018972,0.04225000463356651,2494,0.5636750451610808,0.039439875173754774,0.08261890164258917,"[0.79, 0.08, 0.79, 0.16]","['dbl_sharpe', 'turnover', 'gross_edge']",3,27,2,9,0.3,5
-2.21003991400828,-1.9681217497259385,0.89053674426921,0.8513265454833456,0.4805386412546807,0.10921340743310548,-1.2298155820556473,0.624504572291358,0.19677174507789086,0.15475590993596722,0.28016291829731743,0.47058823529411764,0.12883847325445105,63.69951452455784,24.636015719614775,0.04184772347434152,2408,0.45078259529583453,0.17048911387526672,0.09416323972039616,"[1.29, -1.23, 0.05, 1.2]","['dbl_sharpe', 'turnover', 'gross_edge']",3,27,2,9,0.3,6
21.262138127563507,17.231313383973642,0.8104224175665362,0.8542095188838628,0.467298964345176,0.07978707819161222,-0.1702744155914848,0.4807785309393958,0.14482277373462182,0.1275644738762447,0.34769599936972634,0.5882352941176471,0.1206951656419516,62.302389084491296,24.035739986984787,0.04150341756791387,2499,0.6865879896285385,-0.09374842372414564,0.09072950113820996,"[0.54, -0.17, 0.42, 1.03]","['dbl_sharpe', 'turnover', 'gross_edge', 'short_pnl']",3,27,2,9,0.3,7
-20.679758810421216,-10.136836488350653,0.49018156262259527,0.30110618909626113,-0.09783545551187285,-0.4957525240265278,-0.7728185117040314,-0.1707201427058791,0.2144454049747242,0.16618624562681883,-0.09055743406377899,0.47058823529411764,0.1229763273948137,65.36909724371411,13.172436442269824,0.042659405508879,2500,0.41155478030926335,-0.07066531379779944,0.0829229710902827,"[0.15, -0.77, -0.49, 0.48]","['net_sharpe', 'dbl_sharpe', 'tri_sharpe', 'ret_2x', 'pos_folds', 'turnover', 'gross_edge', 'short_pnl']",3,27,2,9,0.3,8
-24.206783407746357,-11.732074877652245,0.4846606292142842,0.25260816061575314,-0.10953685348030687,-0.47024752858897045,-1.4084110892101138,0.15345176841236527,0.2599604630514937,0.22641145604830737,-0.07792487079433812,0.5294117647058824,0.12043451268937913,58.172543959420345,12.726452493973506,0.0435501663186843,2002,0.40854486386158073,-0.1154552695365673,0.07839268341748887,"[-0.1, -1.41, 0.41, 0.59]","['net_sharpe', 'dbl_sharpe', 'tri_sharpe', 'ret_2x', 'pos_folds', 'turnover', 'gross_edge', 'short_pnl']",3,27,2,9,0.45,0
-52.105497893550684,-16.03246089032329,0.3076923076923077,-0.9530991058103843,-1.3363111410232034,-1.7145302630029886,-2.0472435306084953,-1.4013852131842421,0.488575835204467,0.388576365521931,-0.3154991037252813,0.23529411764705882,0.11944563570108299,61.65125610829389,-10.9663814605424,0.04845944488485952,2019,0.0062058786429545,-0.2738638984915669,0.0801423458157397,"[-0.69, -1.77, -1.03, -2.05]","['net_sharpe', 'dbl_sharpe', 'tri_sharpe', 'ret_1x', 'ret_2x', 'pos_folds', 'turnover', 'gross_edge', 'short_pnl']",3,27,2,9,0.45,1
-50.727921753389566,-11.706443481551439,0.23076923076923078,-0.8081491498088559,-1.2021621501634543,-1.5911548395841062,-2.404804459933143,-1.0513476329953413,0.4651927488463836,0.3629741768047209,-0.30310599431662044,0.35294117647058826,0.11992880285776411,63.60515605499624,-7.7359447084442525,0.04812565963036268,2106,-0.024637604976787103,-0.17015867646085414,0.1020754844032784,"[-1.41, -0.28, -0.7, -2.4]","['net_sharpe', 'dbl_sharpe', 'tri_sharpe', 'ret_1x', 'ret_2x', 'pos_folds', 'turnover', 'gross_edge', 'long_pnl', 'short_pnl']",3,27,2,9,0.45,2
-42.66204169553863,-14.272755246456478,0.3345539659896082,-0.34445402621936916,-0.7168589512218003,-1.084996557484847,-2.0293916698459302,-0.601754548624315,0.4025177655643909,0.29962842110839816,-0.225216899378953,0.5294117647058824,0.1216505746842739,60.83949793601174,0.6347289812629214,0.045642486437120856,2021,0.06573207356216285,-0.05044413486950314,0.10246886577518283,"[-0.71, 0.31, -0.49, -2.03]","['net_sharpe', 'dbl_sharpe', 'tri_sharpe', 'ret_1x', 'ret_2x', 'pos_folds', 'turnover', 'gross_edge', 'short_pnl']",3,27,2,9,0.45,3
-19.84883273720178,-13.920997808671995,0.7013509556448875,0.4422399552365199,0.07557176406308777,-0.28915549952314773,-0.9643665115718304,0.1251239603452616,0.2711776334578635,0.23877503879453343,0.006059451689921856,0.5882352941176471,0.12459594129473207,60.90226504363849,16.544758048468484,0.04390287739672966,1981,0.23801656508902908,0.1608878544835078,0.07119655953301723,"[0.77, 0.23, 0.02, -0.96]","['net_sharpe', 'dbl_sharpe', 'tri_sharpe', 'turnover', 'gross_edge']",3,27,2,9,0.45,4
2.992848896211397,2.192826870578294,0.7326888014139842,0.6518171711366427,0.26791043056040653,-0.11453789673051729,-0.18851760896635741,0.07849403972714568,0.1965115395774658,0.13517514158083643,0.12682915694093125,0.6470588235294118,0.1174977390160311,60.06855081890799,20.30781706694046,0.044552085889764226,2018,0.41407125187841176,0.0688600767454339,0.06055166202992843,"[0.99, -0.19, 0.21, -0.05]","['net_sharpe', 'dbl_sharpe', 'tri_sharpe', 'pos_folds', 'turnover', 'gross_edge']",3,27,2,9,0.45,5
-16.81285431555974,-12.41893896161682,0.7386573825316207,0.6450193181695532,0.29732363511212057,-0.05013164895440038,-1.267998498033129,0.3035400323384164,0.22552560635264474,0.17525934048417302,0.13254824324689085,0.4117647058823529,0.12527156816161464,58.06553102101383,21.39831553232888,0.04344004964916967,1949,0.3132136335707061,0.17868200506522086,0.08172406368884552,"[0.93, -1.27, -0.32, 1.36]","['net_sharpe', 'dbl_sharpe', 'tri_sharpe', 'pos_folds', 'turnover', 'gross_edge']",3,27,2,9,0.45,6
11.937640128689177,10.414659707847548,0.8724219858846707,0.7653378820928382,0.4017511524694201,0.03741926022226504,-0.3589633575337082,0.4596772370813349,0.1472937212864568,0.13233296871367162,0.2848270002956729,0.47058823529411764,0.120322249621476,58.383643688330075,23.252446357833236,0.043169660354471756,2019,0.49910375899520865,0.03834223407041871,0.08582462633381913,"[0.48, -0.36, 0.44, 1.02]","['net_sharpe', 'dbl_sharpe', 'turnover', 'gross_edge']",3,27,2,9,0.45,7
-27.069237843474205,-11.907332313719639,0.4398842842407635,0.11234549283379978,-0.2629167671708818,-0.6370962207329905,-1.1462621694258284,-0.16291677494494552,0.21620651118655088,0.16618624562681883,-0.17719569938389484,0.35294117647058826,0.1207248559098801,60.357282476056945,9.789219830173687,0.04383341684180349,2045,0.41739566945568785,-0.18348354044008036,0.07710209399438034,"[-0.1, -1.15, -0.23, 0.29]","['net_sharpe', 'dbl_sharpe', 'tri_sharpe', 'ret_2x', 'pos_folds', 'turnover', 'gross_edge', 'short_pnl']",3,27,2,9,0.45,8
-32.256467355833365,-14.940545075145145,0.4631798302749742,0.09044016608880878,-0.23311295513379862,-0.5552011069034228,-1.082537034431215,-0.3108915724686408,0.2883352385008404,0.24703373626325786,-0.12259350327581711,0.4117647058823529,0.1221543536849692,52.70771275793732,9.664836771879498,0.04480244790920769,1537,0.4567235730007614,-0.2550524685039093,0.07830450915149127,"[-1.08, -1.07, 0.45, 0.89]","['net_sharpe', 'dbl_sharpe', 'tri_sharpe', 'ret_2x', 'pos_folds', 'turnover', 'gross_edge', 'short_pnl']",3,27,2,9,0.6,0
-46.88476934586562,-15.628256448621872,0.3333333333333333,-0.5811181920094372,-0.9192420964137348,-1.2538621750221361,-1.4975134960791205,-1.2979980255051058,0.38618494577283824,0.3167871722251159,-0.2819791002200547,0.23529411764705882,0.11750908460506361,53.28948329419208,-5.247832637640548,0.04703164364835014,1539,0.15470153047659962,-0.26541398214216366,0.07796357325989928,"[0.11, -1.31, -1.5, -1.28]","['net_sharpe', 'dbl_sharpe', 'tri_sharpe', 'ret_1x', 'ret_2x', 'pos_folds', 'turnover', 'gross_edge', 'short_pnl']",3,27,2,9,0.6,1
-47.09238739795724,-15.697462465985746,0.3333333333333333,-0.5728041852770547,-0.9128786455191297,-1.2494995940399807,-1.7028997702501003,-1.268162205838912,0.3947825072143607,0.293880249513349,-0.2834085477652935,0.35294117647058826,0.12147046016686922,55.42349019868197,-5.060304012733252,0.048311278412178076,1565,0.010988257307760416,-0.12201956709851228,0.10246766112292363,"[-1.58, 0.54, -0.95, -1.7]","['net_sharpe', 'dbl_sharpe', 'tri_sharpe', 'ret_1x', 'ret_2x', 'pos_folds', 'turnover', 'gross_edge', 'short_pnl']",3,27,2,9,0.6,2
-33.55613866676905,-12.448785090669062,0.37098383739238766,-0.05973033200342053,-0.39796849851174243,-0.7330541681879287,-2.028717599416056,0.002670458718147497,0.31013934548657496,0.2798051932341653,-0.17315875484468352,0.5294117647058824,0.12004506388857847,54.34138478698934,6.244928777374932,0.04664359158094493,1504,-0.05340622988959595,0.18775483871611232,0.10310376433335892,"[0.04, 0.29, -0.03, -2.03]","['net_sharpe', 'dbl_sharpe', 'tri_sharpe', 'ret_1x', 'ret_2x', 'pos_folds', 'turnover', 'gross_edge', 'long_pnl']",3,27,2,9,0.6,3
-23.19383814587145,-12.835013195142405,0.5533803036142625,0.18321943739720475,-0.12418975770649525,-0.43045257873682236,-0.7083464795444037,-0.010050281431107463,0.28479884032097047,0.2152361361027273,-0.08572462986574833,0.47058823529411764,0.13021893224372982,53.36627373991775,11.930119342889576,0.04553688153002318,1496,0.05925959803100689,0.1927903721335576,0.05181536635358759,"[0.22, -0.17, 0.15, -0.71]","['net_sharpe', 'dbl_sharpe', 'tri_sharpe', 'ret_2x', 'pos_folds', 'turnover', 'gross_edge']",3,27,2,9,0.6,4
14.322764035194044,12.928857206433998,0.9026789224946439,0.9946056020038254,0.6523870718459133,0.3097062208613651,-0.2900383427997278,0.5369556566101791,0.19228977591146634,0.13508722919039828,0.3660238028673696,0.6470588235294118,0.11417723185616618,52.07108559061806,29.39303969721483,0.04404063139923521,1485,0.4416973581099146,0.16422379724401567,0.05694368830319313,"[1.58, -0.29, 0.43, 0.64]","['turnover', 'gross_edge']",3,27,2,9,0.6,5
0.9624959622284726,0.8718570393854301,0.9058292954983566,0.885958938497499,0.5957030731102319,0.3050315201963452,-1.9197397303659152,1.0670724509120022,0.2653432596910221,0.23470123725885628,0.2656944277321312,0.6470588235294118,0.12795938134923424,49.535380244306225,30.28784205003534,0.042601970994359604,1492,0.28610669322259163,0.3078555181724612,0.08350818657729298,"[1.48, -1.92, 0.65, 1.62]","['turnover', 'gross_edge']",3,27,2,9,0.6,6
18.958200215146455,17.025790166108152,0.898069963018197,0.8286847930788553,0.5099263705184319,0.1903943202911571,-0.06381223373042272,0.3228306411615417,0.14728965682517703,0.13756636427335245,0.3774920059049469,0.5294117647058824,0.12031865034380551,51.18210015910949,26.996380769462423,0.042049659410362136,1612,0.5370469930933064,0.009967244212978316,0.08826329210062472,"[0.38, -0.06, 0.27, 1.41]","['turnover', 'gross_edge']",3,27,2,9,0.6,7
-20.202983574041255,-14.3172529605816,0.7086702272518693,0.5331544230316004,0.19633266000453356,-0.14074766892724327,-0.8608501002926706,-0.22029896888595052,0.2106786757446495,0.16618624562681883,0.07922544556365287,0.47058823529411764,0.1226032804249257,55.02537902360383,19.477517552362713,0.042657701074250466,1645,0.3612350307817864,0.06306359947021667,0.0788910657279081,"[0.1, -0.86, -0.54, 1.92]","['net_sharpe', 'dbl_sharpe', 'tri_sharpe', 'pos_folds', 'turnover', 'gross_edge']",3,27,2,9,0.6,8
6.345061435012658,4.642556823072111,0.7316803581213629,0.6001556697444552,0.2793000643267618,-0.04025499716616028,-0.3892253966966646,0.285926526545609,0.15896535049955396,0.13700886045410554,0.16996985915722737,0.5882352941176471,0.121851465645863,52.0622855814188,21.455330923078357,0.034095926512747364,1924,0.27782052596346435,0.16439443363238865,0.05125410903613646,"[0.77, 0.84, -0.2, -0.39]","['net_sharpe', 'dbl_sharpe', 'tri_sharpe', 'pos_folds', 'turnover', 'gross_edge']",3,27,2,12,0.3,0
-19.01212564054211,-10.46112394221579,0.5502343157204963,0.16285127622797435,-0.14646960534909667,-0.45365560994833215,-0.7048985748859117,-0.20716576702825268,0.21289489488013258,0.16658286506125985,-0.11895589301232777,0.5294117647058824,0.12290861133937046,50.80684884332068,11.312613696592654,0.03379587286917861,1890,0.1258930475893276,0.10164823383058527,0.05513008139791065,"[-0.62, -0.7, 0.75, 0.2]","['net_sharpe', 'dbl_sharpe', 'tri_sharpe', 'ret_2x', 'pos_folds', 'turnover', 'gross_edge']",3,27,2,12,0.3,1
-6.364940909860118,-4.436456483366496,0.6970145593172515,0.48552156870698165,0.15900430655071346,-0.16678345229872504,-0.28840836725663527,0.029982395377024778,0.20558413723051672,0.19867057336932958,0.05807008742669351,0.47058823529411764,0.11922706941490023,51.85552083935162,18.784481218897945,0.033429377954563765,1923,0.25779521767132996,0.1278333406308053,0.04195675706434622,"[-0.29, 0.1, -0.04, 1.02]","['net_sharpe', 'dbl_sharpe', 'tri_sharpe', 'pos_folds', 'turnover', 'gross_edge']",3,27,2,12,0.3,2
-25.273073051538084,-14.933854697254192,0.5908998350457955,0.38333402004074707,0.06166619778305932,-0.2587266059668854,-1.3209219595325807,-0.02324448521712974,0.250738189834969,0.1848024147524423,0.0009081851280220804,0.5294117647058824,0.11964433878698405,51.3209440297499,16.501250732464868,0.03352589134490993,1853,0.3863115265145032,-0.051047866020488095,0.07329569043145819,"[0.86, -1.32, -0.91, 1.08]","['net_sharpe', 'dbl_sharpe', 'tri_sharpe', 'pos_folds', 'turnover', 'gross_edge', 'short_pnl']",3,27,2,12,0.3,3
-33.32784415656209,-22.437321283632432,0.673230502946127,0.38924033058430857,0.0856376001685204,-0.2171598369265792,-1.428585255245979,-0.2619245289110452,0.31082466759547767,0.2551968653412555,0.009498378462439111,0.47058823529411764,0.12371614893447333,50.09235624979568,17.100170322622297,0.03309112466457955,1861,0.3056966717874457,0.033418233772597006,0.10246639706534519,"[1.51, -1.06, -1.43, 0.53]","['net_sharpe', 'dbl_sharpe', 'tri_sharpe', 'pos_folds', 'turnover', 'gross_edge']",3,27,2,12,0.3,4
-34.97650014558272,-13.186475076465667,0.3770095641810813,-0.007393315042970178,-0.300116319622547,-0.5917312751214042,-1.2503107194750247,-0.4129459153978659,0.3516566235122782,0.2986735100901182,-0.12605400069378953,0.5294117647058824,0.1248773836295799,48.774680342079954,7.417795254823506,0.031983789174046456,1896,0.19358760916946585,-0.05035422396023709,0.10956549910295707,"[0.63, 0.07, -0.9, -1.25]","['net_sharpe', 'dbl_sharpe', 'tri_sharpe', 'ret_1x', 'ret_2x', 'pos_folds', 'turnover', 'gross_edge', 'short_pnl']",3,27,2,12,0.3,5
-18.06469180404593,-10.094096494311458,0.5587749076378206,0.16148370043449045,-0.11533514967022837,-0.39106808640439905,-0.6860990558688846,-0.19128328087515312,0.19922970642532245,0.1305717866973337,-0.11486733068205343,0.47058823529411764,0.1286139639031902,47.50914752666273,11.83673632593588,0.032279392377375815,1861,0.19209909644777085,0.030531163726413443,0.11393482623235969,"[0.04, -0.69, -0.42, 0.48]","['net_sharpe', 'dbl_sharpe', 'tri_sharpe', 'ret_2x', 'pos_folds', 'turnover', 'gross_edge']",3,27,2,12,0.3,6
-29.80748935729856,-10.630558110610458,0.3566405067928841,0.03242954126262792,-0.2717370038892645,-0.5743379485162715,-0.9964606153583245,-0.21544062421966578,0.2721060978996337,0.22648897470941964,-0.1434802567188172,0.4117647058823529,0.11981588795279705,48.6293878824901,8.305273747819184,0.03407898524101682,1855,0.26296068144787416,-0.10306831240430454,0.07260986809674003,"[-0.19, 0.26, -1.0, -0.24]","['net_sharpe', 'dbl_sharpe', 'tri_sharpe', 'ret_1x', 'ret_2x', 'pos_folds', 'turnover', 'gross_edge', 'short_pnl']",3,27,2,12,0.3,7
-20.816377074769882,-9.965470847215952,0.4787322410341242,0.1886655358623961,-0.1025189433588111,-0.39241046600758855,-0.44107731387588395,-0.09086457175516394,0.34389033973538496,0.2763207058595608,-0.06136802572135058,0.5294117647058824,0.12792821185956607,49.654757927190694,12.288434561463239,0.03370085566313115,1923,0.5447061626341212,-0.3031420511846899,0.08507904314254637,"[0.02, -0.44, -0.2, 0.13]","['net_sharpe', 'dbl_sharpe', 'tri_sharpe', 'ret_2x', 'pos_folds', 'turnover', 'gross_edge', 'short_pnl']",3,27,2,12,0.3,8
-4.1977838314575955,-2.859131223510545,0.681104920669002,0.5415007509284244,0.26276626916875057,-0.016032281185394126,-0.6613022815403933,0.4277646627767007,0.21678369085066307,0.19128290782865864,0.11900411943534064,0.5294117647058824,0.12782259125066736,47.48159610382451,22.04877343407901,0.03230240818089577,1822,0.5765515780610737,-0.16208956993517765,0.08027003595092098,"[0.72, 0.26, 0.6, -0.66]","['net_sharpe', 'dbl_sharpe', 'tri_sharpe', 'turnover', 'gross_edge', 'short_pnl']",3,27,2,12,0.3,9
4.142147444909134,3.4383667369098814,0.830092791876777,0.6375408732281049,0.33582002352426005,0.03462660984526678,-0.23590850172043526,0.2949705077409325,0.17836535775170925,0.16289593593657348,0.18890911170857874,0.35294117647058826,0.11998026393756878,48.22018328122826,23.391232815876542,0.03226542244344581,1841,0.42785399540718977,0.018682491164761374,0.07503802863533854,"[-0.07, 0.66, -0.24, 1.12]","['net_sharpe', 'dbl_sharpe', 'pos_folds', 'turnover', 'gross_edge']",3,27,2,12,0.3,10
-34.374328343624406,-10.63286559071572,0.30932577022084146,-0.27198527095933556,-0.5757030401394965,-0.876860413510386,-1.1231154881774041,-0.47571255373236054,0.29581086388537137,0.1954270649968708,-0.2547545646517142,0.47058823529411764,0.12260370414887481,49.91406786125679,0.7119090928484118,0.0351394343444862,1924,0.20077382087424192,-0.18670614064827168,0.05769923839519618,"[-0.51, -0.27, -0.44, -1.12]","['net_sharpe', 'dbl_sharpe', 'tri_sharpe', 'ret_1x', 'ret_2x', 'pos_folds', 'turnover', 'gross_edge', 'short_pnl']",3,27,2,12,0.3,11
-0.9298720684252464,-0.6552637483871565,0.704681612274747,0.4477118297417474,0.16323292926860034,-0.11999496186441695,-0.2561847997096721,-0.06126998962319313,0.18095199597848355,0.12934222563047182,0.06984352222220923,0.5882352941176471,0.12340567467333927,46.77963490033549,19.170961728163114,0.03403946506228613,1591,0.1281623802095324,0.2268763329492114,0.05276918021620355,"[0.86, 0.07, -0.26, -0.2]","['net_sharpe', 'dbl_sharpe', 'tri_sharpe', 'pos_folds', 'turnover', 'gross_edge']",3,27,2,12,0.45,0
-16.569237828817187,-9.482328961678405,0.5722851623981615,0.27239398689653793,-0.015616953399121182,-0.301621511970861,-0.7654096561852429,0.008969344921386457,0.20346822514703133,0.1629744633148965,-0.04828854904586735,0.47058823529411764,0.1253506563609273,48.191735740014956,14.40869561957435,0.03457441420436234,1579,0.0892864092871706,0.18561199472492013,0.0512767909777836,"[-0.77, -0.37, 0.98, 0.39]","['net_sharpe', 'dbl_sharpe', 'tri_sharpe', 'ret_2x', 'pos_folds', 'turnover', 'gross_edge']",3,27,2,12,0.45,1
-6.83985041196515,-5.0421740892424225,0.7371760763103824,0.49907897526207123,0.1833031839464988,-0.13105310705060894,-0.47707851174920346,0.17921064313281226,0.20696426788558642,0.19867057336932958,0.06966642977945665,0.5294117647058824,0.1126307174412964,47.37664774332577,19.51599259189659,0.033813426149197544,1578,0.31011973950577604,0.05592144754357728,0.04238709037353419,"[-0.48, 0.01, 0.35, 1.07]","['net_sharpe', 'dbl_sharpe', 'tri_sharpe', 'turnover', 'gross_edge']",3,27,2,12,0.45,2
-23.871184444235393,-14.425112341160618,0.6042897609399567,0.3650979565551376,0.07664384696567612,-0.21072227992437223,-1.5802064599169363,0.11411525766441605,0.24216536142212797,0.22159467717613446,0.008318920725497453,0.5294117647058824,0.11992507067489985,46.15399648039365,17.02399780572966,0.03376480558462383,1475,0.41440715311292403,-0.10334594823692927,0.06741884112021583,"[0.71, -1.58, -0.49, 1.17]","['net_sharpe', 'dbl_sharpe', 'tri_sharpe', 'pos_folds', 'turnover', 'gross_edge', 'short_pnl']",3,27,2,12,0.45,3
-37.64089440641105,-22.990300383758818,0.6107798644615383,0.34162257453580835,0.08810562555126891,-0.16538834303379185,-1.5473950355415653,-0.42523938589793137,0.3437456524065997,0.2922607791763375,0.008718226899827623,0.4117647058823529,0.13061140043514916,44.173764786944126,17.487307741551923,0.03244527480453811,1474,0.3256756470668911,-0.0198581357361896,0.10265715062215318,"[1.78, -1.37, -1.55, 0.52]","['net_sharpe', 'dbl_sharpe', 'tri_sharpe', 'pos_folds', 'turnover', 'gross_edge', 'short_pnl']",3,27,2,12,0.45,4
-41.1164973414377,-18.136448718256137,0.44109906949632127,-0.04646801570067434,-0.3128950125007824,-0.5784506088407397,-1.5157232836525036,-0.6526882856748131,0.37581021053613384,0.3157738487850532,-0.12073725252371716,0.4117647058823529,0.12374035069227253,43.96528404411177,6.382637275332542,0.033082383916808934,1515,0.05559683722070438,0.0554957369707936,0.10535599390296635,"[1.1, -0.07, -1.52, -1.24]","['net_sharpe', 'dbl_sharpe', 'tri_sharpe', 'ret_1x', 'ret_2x', 'pos_folds', 'turnover', 'gross_edge']",3,27,2,12,0.45,5
-33.19177763149077,-12.095577145996312,0.36441486443680576,-0.1381829325864197,-0.3749679507223441,-0.6105998235630223,-0.7833102144644435,-0.6336741696014612,0.3001354511922233,0.22270191736106804,-0.18906596126441283,0.35294117647058826,0.13214230356965745,41.80902651831863,3.0568386031154757,0.033224754125037045,1389,0.28258628799964025,-0.2319901291536899,0.12461808464924519,"[-0.78, -0.57, -0.69, 0.55]","['net_sharpe', 'dbl_sharpe', 'tri_sharpe', 'ret_1x', 'ret_2x', 'pos_folds', 'turnover', 'gross_edge', 'short_pnl']",3,27,2,12,0.45,6
-29.777521886676023,-14.056817222434319,0.4720613513753827,0.06454073182248202,-0.20812784978710194,-0.4792660274562682,-1.161449162169707,-0.035681001800888665,0.307474239821242,0.2370883949999718,-0.11007284655886936,0.47058823529411764,0.12650885005252438,46.02476873599244,9.217829434996125,0.03493921543347739,1489,0.251411416228674,-0.08345551588603366,0.06724288138691424,"[-0.14, 0.07, -1.16, 0.19]","['net_sharpe', 'dbl_sharpe', 'tri_sharpe', 'ret_2x', 'pos_folds', 'turnover', 'gross_edge', 'short_pnl']",3,27,2,12,0.45,7
-28.955754259005214,-10.602833788794266,0.3661736349173772,0.023427747672306657,-0.24327030758876883,-0.5087713278045042,-0.7398282684852049,-0.4528277125830754,0.35949310186869,0.28817102593120036,-0.10629594033441692,0.5882352941176471,0.1267972975176849,45.0843686259463,8.040559241601544,0.034598317820102864,1550,0.6423636584838834,-0.4988519843232554,0.07132869156876813,"[-0.74, -0.31, -0.6, 0.6]","['net_sharpe', 'dbl_sharpe', 'tri_sharpe', 'ret_1x', 'ret_2x', 'pos_folds', 'turnover', 'gross_edge', 'short_pnl']",3,27,2,12,0.45,8
-9.032771381090036,-5.533569771085918,0.6126104091010605,0.3479866867193036,0.08706288958098829,-0.17369923666942272,-0.4138336872930529,-0.09611838084779646,0.1945980058506438,0.16842988040207718,0.01579795827351102,0.5294117647058824,0.12599154635368412,43.797795554843375,17.602853451189926,0.032926407585631895,1524,0.4641201744084018,-0.158902057904131,0.0644228252482981,"[0.03, -0.22, 0.94, -0.41]","['net_sharpe', 'dbl_sharpe', 'tri_sharpe', 'pos_folds', 'turnover', 'gross_edge', 'short_pnl']",3,27,2,12,0.45,9
5.468673347562323,3.6711447785644507,0.6713044545256802,0.4672130127050726,0.19227072554412944,-0.08230488787152018,-0.20925406048025652,0.23963801385125855,0.1620695724799307,0.14924321624525716,0.0985268378969611,0.4117647058823529,0.11946754056798896,43.76486831677264,20.359796981405985,0.032654403653398056,1493,0.48219725759806836,-0.12944154803380076,0.06021544511349522,"[0.41, 0.48, 0.07, -0.21]","['net_sharpe', 'dbl_sharpe', 'tri_sharpe', 'turnover', 'gross_edge', 'short_pnl']",3,27,2,12,0.45,10
-42.893718610104195,-13.611137209904902,0.31732238777494604,-0.41918924019053916,-0.7004315886809491,-0.9795464882652367,-1.6489582722817422,-0.608681975384205,0.3388867338693601,0.24465214958500603,-0.2678672509201919,0.29411764705882354,0.12447221792068851,46.87022397314254,-3.747510751406877,0.03653829277864739,1577,0.018053347991621033,-0.08759017967271385,0.056572721675224175,"[-0.18, -0.71, -0.5, -1.65]","['net_sharpe', 'dbl_sharpe', 'tri_sharpe', 'ret_1x', 'ret_2x', 'pos_folds', 'turnover', 'gross_edge', 'short_pnl']",3,27,2,12,0.45,11
-11.162583987689004,-6.903324275467717,0.6184342517002567,0.37919939267037744,0.1531044024548926,-0.07245182731887198,-0.3852659818715815,-0.17122716799696158,0.22435269227277455,0.191349058188502,0.05159554426152805,0.5882352941176471,0.13032674964489716,39.247723251780826,19.840512923739226,0.03404590008385904,1156,0.3175159350611975,-0.009238067175112469,0.046401550238046,"[1.01, -0.06, -0.39, -0.29]","['net_sharpe', 'dbl_sharpe', 'tri_sharpe', 'pos_folds', 'turnover', 'gross_edge', 'short_pnl']",3,27,2,12,0.6,0
13.56908253613076,11.624978008421888,0.8567254254270875,0.5133289366679038,0.2701608790044113,0.02835645197246885,-0.19742177903596386,0.3474460134111367,0.14769875013632705,0.1316897765481987,0.17922245873641457,0.5294117647058824,0.125594043179863,40.63153348314356,23.22835764136713,0.0334957562709646,1153,0.3533495735966733,0.02029329719126173,0.047143777006111345,"[0.56, -0.2, 0.27, 0.43]","['net_sharpe', 'dbl_sharpe', 'turnover', 'gross_edge']",3,27,2,12,0.6,1
-21.042847385795024,-12.164542138537994,0.5780844158357423,0.3390809970490779,0.0488995304805187,-0.23975407102147583,-0.6421097628453226,-0.4485162678241721,0.2472980465142367,0.19867057336932958,-0.003615776355691967,0.5882352941176471,0.11327567584232076,43.8146875024911,16.508050614343045,0.034613827446798535,1266,0.18475638435466035,0.1015892016925365,0.04224493359232746,"[-0.61, -0.29, -0.64, 1.83]","['net_sharpe', 'dbl_sharpe', 'tri_sharpe', 'ret_2x', 'pos_folds', 'turnover', 'gross_edge']",3,27,2,12,0.6,2
-32.60906643160463,-15.494827817362724,0.4751693167868545,0.19644416990641103,-0.07242531742889859,-0.3400797915057345,-1.465200676789137,-0.18082424160491678,0.2949809077958918,0.2565255337571052,-0.05374752801843394,0.47058823529411764,0.12033079101109144,43.17939175513166,13.0195297087211,0.03600084423475726,1168,0.2285180012448245,-0.005958161495827036,0.07564297915464227,"[-0.23, -1.47, -0.13, 1.56]","['net_sharpe', 'dbl_sharpe', 'tri_sharpe', 'ret_2x', 'pos_folds', 'turnover', 'gross_edge', 'short_pnl']",3,27,2,12,0.6,3
-28.510606535058994,-18.33832183236465,0.6432105121935703,0.3956652388479767,0.1484817836723632,-0.09919593959745553,-1.3152044570133317,-0.01778442587395479,0.2911559954739005,0.24062286827637214,0.03668293672448299,0.47058823529411764,0.12033307608636037,39.677540769055184,19.6250602682903,0.03338458603507075,1144,0.3161242207847761,-0.007854599895346981,0.11855221925273027,"[0.86, -0.9, -1.32, 1.57]","['net_sharpe', 'dbl_sharpe', 'tri_sharpe', 'pos_folds', 'turnover', 'gross_edge', 'short_pnl']",3,27,2,12,0.6,4
-24.35591679881208,-17.268901066671013,0.7090228304406622,0.32476240451984933,0.097614817805786,-0.12985234111908597,-1.1149911503310055,0.04538750539158057,0.24749984142150172,0.1880249435565191,0.017895775755648866,0.4117647058823529,0.12461384921480363,37.73805863336006,18.3587933253984,0.03166157186383307,1128,0.12373543370391456,0.15054742694953663,0.11100266279508506,"[1.06, -0.4, -1.11, 0.49]","['net_sharpe', 'dbl_sharpe', 'tri_sharpe', 'pos_folds', 'turnover', 'gross_edge']",3,27,2,12,0.6,5
-39.19948168558322,-19.222870483309972,0.49038583309584305,0.039820446962164656,-0.1760252722066959,-0.3910903530425935,-1.8228256631835351,-0.1814049664314766,0.3451006696679537,0.2922367122291418,-0.09429053737969764,0.29411764705882354,0.1354062918135453,39.00583161087009,8.752274772455621,0.03322810034140534,1100,0.07429052205295794,0.06086240874168572,0.11960631928854246,"[-0.64, -1.82, 0.28, 1.51]","['net_sharpe', 'dbl_sharpe', 'tri_sharpe', 'ret_1x', 'ret_2x', 'pos_folds', 'turnover', 'gross_edge']",3,27,2,12,0.6,6
-22.94377636483873,-12.593455734615237,0.5488833021365511,0.15166083085178245,-0.10178608143597845,-0.3543423682821599,-0.6505958150023458,-0.20378599850724846,0.2436906342124595,0.22538691571698877,-0.08325001132046632,0.4117647058823529,0.12465816046167946,42.11579697834206,11.88821740043145,0.03543714490783935,1198,0.035759299606081096,0.16245580434749243,0.06970411466272991,"[-0.15, 0.51, -0.65, -0.26]","['net_sharpe', 'dbl_sharpe', 'tri_sharpe', 'ret_2x', 'pos_folds', 'turnover', 'gross_edge']",3,27,2,12,0.6,7
-15.91697360022061,-10.869910852090266,0.6829131671073205,0.4539286971480221,0.20397232845313393,-0.04502756519492017,-0.5645151220901109,0.10483150364592847,0.2766156604715989,0.2371467324174631,0.06385770905126173,0.5294117647058824,0.12216578471468154,40.617049003909884,21.087904168410706,0.03481905142692367,1137,0.48808743134806865,-0.14899603642690576,0.075386965145783,"[1.1, -0.56, 0.1, 0.11]","['net_sharpe', 'dbl_sharpe', 'tri_sharpe', 'turnover', 'gross_edge', 'short_pnl']",3,27,2,12,0.6,8
-7.542116945330159,-5.255104137699255,0.6967677875842339,0.46474332230180593,0.2249882146420019,-0.014573454135180164,-1.31194756235195,0.49711790348758256,0.19350916930602524,0.1713816347802728,0.10350948160171743,0.47058823529411764,0.11983400932846688,38.26090807059686,22.30047917030617,0.03329818250768659,1117,0.4080050524408627,-0.07021687076759624,0.05505436728167311,"[0.7, 0.3, 1.23, -1.31]","['net_sharpe', 'dbl_sharpe', 'tri_sharpe', 'turnover', 'gross_edge', 'short_pnl']",3,27,2,12,0.6,9
-9.681647606296865,-5.105174738997422,0.5273043335802738,0.2384631028008478,0.008343208308109687,-0.2217394614252539,-0.5408110066632139,-0.0360842423834066,0.16062639100985376,0.14738444975294485,-0.04075088341663476,0.35294117647058826,0.12317227072859915,37.751570088296226,15.343487131658517,0.03214582544895496,1154,0.4443706940026886,-0.21505484341836406,0.043562698267934144,"[0.25, -0.54, -0.33, 0.48]","['net_sharpe', 'dbl_sharpe', 'tri_sharpe', 'ret_2x', 'pos_folds', 'turnover', 'gross_edge', 'short_pnl']",3,27,2,12,0.6,10
-33.169992954872235,-11.358565972350332,0.3424349829619698,-0.3046500382005732,-0.5329579518317785,-0.7595798962443417,-0.8842161819669364,-0.47290312980959326,0.2858253979050429,0.21035907419111166,-0.2549526748990069,0.35294117647058826,0.12650170773630245,38.70863053735983,-2.592052999481589,0.035260595097761166,1191,0.3594746642277104,-0.3991962580993054,0.05010507194000001,"[-0.44, -0.38, -0.88, -0.51]","['net_sharpe', 'dbl_sharpe', 'tri_sharpe', 'ret_1x', 'ret_2x', 'pos_folds', 'turnover', 'gross_edge', 'short_pnl']",3,27,2,12,0.6,11
-18.603932172498524,-9.932334949363607,0.5338836358501777,0.2666200753321738,0.04927057192840316,-0.16760751569783022,-0.886483923435671,0.024363907784416508,0.22472408978539582,0.18459485587291746,-0.010866317516720398,0.5294117647058824,0.1352726091819646,39.20996764456747,16.416122685852773,0.026156351180571517,1511,0.42236186226385275,-0.16753684887277848,0.10038648333803164,"[0.88, 0.14, -0.89, -0.09]","['net_sharpe', 'dbl_sharpe', 'tri_sharpe', 'ret_2x', 'pos_folds', 'turnover', 'gross_edge', 'short_pnl']",3,27,2,15,0.3,0
-24.160337871318138,-12.35229442347397,0.511263314663242,0.17065029189941133,-0.06949660255849088,-0.3082373609086435,-2.246294775826641,0.16399010712502973,0.23011673471759764,0.19465331892605975,-0.06830415689036837,0.5882352941176471,0.12129118946753778,38.88278880833018,12.87020445657692,0.026228092235294268,1488,0.38991498428291854,-0.19179976691075853,0.08398067387195476,"[0.79, -0.04, -2.25, 0.36]","['net_sharpe', 'dbl_sharpe', 'tri_sharpe', 'ret_2x', 'pos_folds', 'turnover', 'gross_edge', 'short_pnl']",3,27,2,15,0.3,1
-37.58740864819466,-14.713957388365662,0.39145974456721105,-0.11850590225787387,-0.36211431506415703,-0.6045743665691031,-1.8201700849339046,-0.33825901502158173,0.30704554808651463,0.2515126796997018,-0.1738139197263821,0.47058823529411764,0.12839102827253335,41.73629192640591,3.6704675905325206,0.02773172786560486,1587,0.19433440512714273,-0.1336872773409106,0.08551739535979366,"[0.1, -0.78, -1.82, 0.53]","['net_sharpe', 'dbl_sharpe', 'tri_sharpe', 'ret_1x', 'ret_2x', 'pos_folds', 'turnover', 'gross_edge', 'short_pnl']",3,27,2,15,0.3,2
-33.21152791043211,-20.146782695481885,0.6066201696536087,0.3339589951522063,0.11159040608149486,-0.11023268369002749,-1.2458204059376652,-0.5058734115150477,0.3232283360446263,0.2652292537609422,0.018878435492637072,0.5294117647058824,0.13076664432101678,38.79847928752753,18.561539502457332,0.025659138298364394,1516,0.43351616555159506,-0.1484119227927228,0.06812308858440325,"[1.97, -1.25, -0.74, -0.27]","['net_sharpe', 'dbl_sharpe', 'tri_sharpe', 'pos_folds', 'turnover', 'gross_edge', 'short_pnl']",3,27,2,15,0.3,3
-32.759078983757526,-11.025164067504734,0.33655293156963256,-0.22491672641011443,-0.4683345601465381,-0.7096856884123063,-0.8542313347683035,-0.5407131242047669,0.3183976602559627,0.24204601077394627,-0.20338428141492065,0.47058823529411764,0.125581008952914,40.97280548827912,0.5640131974555339,0.02760637744717798,1549,0.317299800453946,-0.3081510885686084,0.050866551982532135,"[-0.31, -0.07, -0.85, -0.77]","['net_sharpe', 'dbl_sharpe', 'tri_sharpe', 'ret_1x', 'ret_2x', 'pos_folds', 'turnover', 'gross_edge', 'short_pnl']",3,27,2,15,0.3,4
41.133832425209995,35.62199813408245,0.8660024129492622,0.9378251030374477,0.6799833653333054,0.42360422604926623,0.2896795475585176,0.5899841608209363,0.1671362865216275,0.14390549529191043,0.4593412461799438,0.8235294117647058,0.1187449987094436,40.465811609580086,35.06655330894448,0.026247843165563316,1509,0.7200415281548231,-0.1582744047861303,0.050578622077389286,"[0.55, 0.63, 0.29, 1.18]","['turnover', 'gross_edge', 'short_pnl']",3,27,2,15,0.3,5
60.53634184891678,57.492144810801435,0.9497129006289663,1.3148437085549987,1.0621491437112653,0.8090969471155433,0.2601688440883675,1.2050864104603622,0.11788921920633044,0.09621361367574333,1.1145917518482358,0.6470588235294118,0.12318626268475429,41.343307295585966,46.63965306998227,0.02633922113380633,1457,0.7600078180062695,0.0033629218707016406,0.05634799428415621,"[1.41, 1.4, 0.26, 1.01]",['turnover'],3,27,2,15,0.3,6
-24.27728015145125,-13.003022449129698,0.5356045804147629,0.21868264276875965,-0.04646089045202687,-0.3105324608703608,-1.792677971561527,0.35000453214347477,0.2561353373737414,0.1956471049955938,-0.04753557020181952,0.29411764705882354,0.11674090041291654,41.335162675759456,13.71650995845388,0.028296604220034483,1467,0.2800788615067028,-0.055619224153730426,0.07132267060986622,"[0.47, 0.36, -1.79, 0.34]","['net_sharpe', 'dbl_sharpe', 'tri_sharpe', 'ret_2x', 'turnover', 'gross_edge', 'short_pnl']",3,27,2,15,0.3,7
-4.582742592556906,-2.4104146094400694,0.5259764345819818,0.2574456236507133,0.017992576552650966,-0.22168431840370928,-0.2245121638307264,-0.05450073631830986,0.2095890435115434,0.18325820246110192,-0.02570867226666049,0.5882352941176471,0.12342078836064244,39.413382374291544,15.590803808082658,0.02680873427117399,1476,0.29066269542284195,-0.04739345683237467,0.05687839313877782,"[-0.22, 0.49, 0.11, -0.22]","['net_sharpe', 'dbl_sharpe', 'tri_sharpe', 'ret_2x', 'pos_folds', 'turnover', 'gross_edge', 'short_pnl']",3,27,2,15,0.3,8
-33.510731362443806,-13.151639529219073,0.3924605341188822,0.002338939249802403,-0.23926216340330572,-0.48046800424351516,-1.099186440576109,-0.2389312062072892,0.35565651375048146,0.32120810705401803,-0.11573074903279122,0.47058823529411764,0.13619228820229115,43.82492753118332,7.415748162555281,0.02970499894460789,1498,0.1932608376411176,-0.06459858166837942,0.05214136044158482,"[-0.99, -1.1, 0.94, 0.51]","['net_sharpe', 'dbl_sharpe', 'tri_sharpe', 'ret_1x', 'ret_2x', 'pos_folds', 'turnover', 'gross_edge', 'short_pnl']",3,27,2,15,0.3,9
-32.978370701713835,-18.73912332170357,0.5682246552201479,0.10636837826234283,-0.12514102792848825,-0.3559494436898687,-1.2809927902392684,-0.0900301453029784,0.3570876812477749,0.33245573934462214,-0.07319970620547712,0.47058823529411764,0.13614976423133354,42.065688831478816,10.796837265059182,0.027741290580030522,1572,0.10636983117053325,0.073434249189071,0.06590844102266093,"[-0.61, -1.28, 1.07, 0.43]","['net_sharpe', 'dbl_sharpe', 'tri_sharpe', 'ret_2x', 'pos_folds', 'turnover', 'gross_edge']",3,27,2,15,0.3,10
-36.03689396109611,-12.744509550350449,0.3536517204870341,-0.3307378693448999,-0.5894441899471866,-0.8463915935101309,-1.4538993395096378,-0.34092538096127056,0.3005181825945592,0.2204823531484995,-0.2617759705709727,0.47058823529411764,0.1253613943013202,43.39652417504724,-2.102646588649301,0.029118669271630697,1610,0.007538656047624763,-0.04366268750802918,0.07097136547554189,"[-1.45, 0.25, -0.14, -0.54]","['net_sharpe', 'dbl_sharpe', 'tri_sharpe', 'ret_1x', 'ret_2x', 'pos_folds', 'turnover', 'gross_edge', 'short_pnl']",3,27,2,15,0.3,11
-38.5828199720541,-14.056289104710412,0.3643147161065862,-0.2664797245856735,-0.5139147092681515,-0.7597583929912044,-1.0921300772756457,-0.8643810615722752,0.373595849077037,0.3133500162205486,-0.17946615481646297,0.47058823529411764,0.12059204241241302,39.93105059869279,-0.4826414363495677,0.02806883131383843,1502,0.047106465297438144,-0.05473621558373307,0.08600941854472938,"[0.44, -0.92, -0.81, -1.09]","['net_sharpe', 'dbl_sharpe', 'tri_sharpe', 'ret_1x', 'ret_2x', 'pos_folds', 'turnover', 'gross_edge', 'short_pnl']",3,27,2,15,0.3,12
-17.69984493983621,-10.607818325255984,0.5993170200819932,0.25060678101737277,0.013004440688086434,-0.22440211223006354,-0.7243550669939632,-0.18042096712265596,0.19184038052342745,0.14069446442422218,-0.03261358137224197,0.4117647058823529,0.12582833690534181,39.88118633732254,15.217387609770304,0.02750804224947254,1459,0.19295607062582237,0.04730485960787101,0.08724829168281623,"[0.9, -0.56, -0.72, 0.2]","['net_sharpe', 'dbl_sharpe', 'tri_sharpe', 'ret_2x', 'pos_folds', 'turnover', 'gross_edge']",3,27,2,15,0.3,13
-38.910323096724895,-14.414708764765196,0.3704597550869088,-0.10693723911950416,-0.33329258721794114,-0.558671954151784,-1.5351545828358875,-0.39783771452540617,0.32438284351613134,0.2684671277930889,-0.16045586163071968,0.35294117647058826,0.13339326026034193,40.35292141566433,3.870413576922175,0.02738785150904548,1531,0.3705663410159824,-0.3087351889192344,0.10577612741932853,"[0.88, -0.7, -0.1, -1.54]","['net_sharpe', 'dbl_sharpe', 'tri_sharpe', 'ret_1x', 'ret_2x', 'pos_folds', 'turnover', 'gross_edge', 'short_pnl']",3,27,2,15,0.3,14
-21.19570940210117,-8.96464007269062,0.4229459794255313,0.02704209591801287,-0.16337585829168788,-0.3530467350407285,-0.936973212988748,-7.832533819947599e-05,0.20230144162619235,0.18777572693596967,-0.15710709554828792,0.35294117647058826,0.13860076561125703,35.24624970871611,8.307137372654733,0.026559656169202157,1168,0.47048168293431414,-0.35456677657795,0.08650353469855335,"[0.06, 0.17, -0.94, -0.06]","['net_sharpe', 'dbl_sharpe', 'tri_sharpe', 'ret_1x', 'ret_2x', 'pos_folds', 'turnover', 'gross_edge', 'short_pnl']",3,27,2,15,0.45,0
-18.17987734622156,-12.526932171658213,0.6890548232582969,0.42842112601982874,0.1980196891135278,-0.031392513033756196,-2.496820145832197,0.45784770586980233,0.24100542006050618,0.20991030150918288,0.07038959901003472,0.5294117647058824,0.1229348317837766,37.720913991326256,21.399339050362748,0.026999125855515015,1254,0.565221062087748,-0.24565728204487253,0.07145228864537144,"[0.63, 0.28, -2.5, 1.47]","['net_sharpe', 'dbl_sharpe', 'tri_sharpe', 'turnover', 'gross_edge', 'short_pnl']",3,27,2,15,0.45,1
-35.853481070134855,-14.561991138523696,0.4061527836038635,-0.004587555184495273,-0.23460078822900965,-0.4634675805302602,-1.5922559182599378,-0.23025989682526288,0.3040703592859725,0.2527938730302919,-0.12315820346215185,0.4117647058823529,0.127565612697297,39.149895811532645,7.172614105794578,0.02842588707152544,1306,0.3451659204020864,-0.23399708418683166,0.07536353542724997,"[0.4, -0.86, -1.59, 0.43]","['net_sharpe', 'dbl_sharpe', 'tri_sharpe', 'ret_1x', 'ret_2x', 'pos_folds', 'turnover', 'gross_edge', 'short_pnl']",3,27,2,15,0.45,2
-29.459436423401467,-15.447019479041812,0.5243487776558848,0.16840845045072167,-0.03344644345629595,-0.23459474259919988,-1.2435157492040987,-0.15067461396022896,0.36048859893066487,0.31412552281824135,-0.03515537428259571,0.6470588235294118,0.12969589969606204,34.96462561874545,13.517676181850046,0.0264062419920699,1209,0.42769690244129055,-0.24058306583324424,0.0658779811654199,"[1.05, -1.24, -0.74, 0.43]","['net_sharpe', 'dbl_sharpe', 'tri_sharpe', 'ret_2x', 'pos_folds', 'turnover', 'gross_edge', 'short_pnl']",3,27,2,15,0.45,3
-16.4568958526895,-7.854966965358406,0.4773055037639248,0.06430472923250477,-0.15128761739233829,-0.36532141109237454,-0.3457873511643143,-0.1468556015384567,0.24179562974931412,0.2178385530103525,-0.11077292797432911,0.4117647058823529,0.1260911266801556,36.315313831620756,9.754794292875516,0.026759995182463275,1206,0.25287102697262487,-0.1126274759378197,0.05017876653677485,"[0.01, -0.35, -0.04, -0.25]","['net_sharpe', 'dbl_sharpe', 'tri_sharpe', 'ret_2x', 'pos_folds', 'turnover', 'gross_edge', 'short_pnl']",3,27,2,15,0.45,4
48.705804869818216,43.09487768232595,0.8847996208565024,1.116439241091881,0.8807965937894071,0.6463098429304294,0.0629872589928543,0.8214007404377328,0.12462648819174682,0.10941788429762855,0.8381973623729874,0.7647058823529411,0.1206301004031537,37.440123221636725,43.49311660082132,0.026557961440763576,1237,0.8957972515076188,-0.25113419759635325,0.06212912894142859,"[1.35, 0.29, 0.06, 1.56]","['turnover', 'short_pnl']",3,27,2,15,0.45,5
56.55145769553028,54.3999305224696,0.9619545231770262,1.3079680168823238,1.0800027455209285,0.8515742734197406,0.06503311458116141,1.2282679569141823,0.1058591759328189,0.09958716068535234,1.2666001441294816,0.5882352941176471,0.12337752093447393,37.364779967466475,50.649017213322935,0.026195675013789166,1173,0.7119853316410012,0.03723306822486651,0.06860472499522216,"[1.42, 1.03, 0.07, 1.52]",['turnover'],3,27,2,15,0.45,6
-39.57701943816333,-16.08915902924262,0.40652780976548636,-0.13722809903713126,-0.37249505704231933,-0.6068280774157658,-2.060299986111107,-0.2643562802886597,0.32879661827888196,0.26566887267748707,-0.14865404859979112,0.4117647058823529,0.11625686923201267,36.51975236739999,3.159398199226225,0.029633481679106188,1128,0.22845624229231565,-0.1827782325372443,0.04599431403552805,"[0.57, 0.18, -2.06, -0.71]","['net_sharpe', 'dbl_sharpe', 'tri_sharpe', 'ret_1x', 'ret_2x', 'pos_folds', 'turnover', 'gross_edge', 'short_pnl']",3,27,2,15,0.45,7
-36.513595707786365,-13.807060078538749,0.37813476900590354,-0.2440915636658519,-0.46196767605628297,-0.6798945710892709,-1.1817048871258318,-0.4306171481194193,0.3314674347084734,0.2817595255879325,-0.1871019498347434,0.4117647058823529,0.12246602657083965,35.43953340641468,-0.8621862803564274,0.028617306384097315,1137,-0.14757827463358475,0.13548165330312514,0.054389783915575515,"[-0.39, 0.04, -1.18, -0.48]","['net_sharpe', 'dbl_sharpe', 'tri_sharpe', 'ret_1x', 'ret_2x', 'pos_folds', 'turnover', 'gross_edge', 'long_pnl']",3,27,2,15,0.45,8
-43.08056931421714,-16.976405923066906,0.39406178222125937,-0.22025296202821215,-0.4228922389249677,-0.6252153188856286,-1.5087963909918034,-0.5504884789419568,0.4115299827204555,0.38022839330787195,-0.16653992207875098,0.29411764705882354,0.14316328309902085,38.596587444757375,-0.8819832159969236,0.02972709188489278,1195,0.21284120112793972,-0.22631792130708864,0.04734653625806803,"[-1.51, -1.39, 1.28, 0.28]","['net_sharpe', 'dbl_sharpe', 'tri_sharpe', 'ret_1x', 'ret_2x', 'pos_folds', 'turnover', 'gross_edge', 'short_pnl']",3,27,2,15,0.45,9
-22.846628684843942,-11.581058234014534,0.5069044712797038,0.16232812155617107,-0.052170064337239655,-0.26585442030709233,-0.6312302815607652,-0.0968862183717627,0.2821065796680219,0.2564993297749498,-0.06084681957854686,0.47058823529411764,0.1401458793093928,40.114977547600645,12.991216397131831,0.027807565060660972,1339,0.23435765688185076,-0.02804239615427158,0.06528177002654861,"[-0.47, -0.63, 0.82, 0.27]","['net_sharpe', 'dbl_sharpe', 'tri_sharpe', 'ret_2x', 'pos_folds', 'turnover', 'gross_edge', 'short_pnl']",3,27,2,15,0.45,10
-36.06511638486122,-13.17056071995368,0.36518836039254227,-0.3380513259205064,-0.573795454642247,-0.8080040767261873,-1.3809274382174506,-0.3616701770731461,0.3095660388511178,0.2369006382141262,-0.2489735050902507,0.47058823529411764,0.12570449220240024,39.6471162057571,-3.218016458804945,0.028876586450251047,1360,0.12310767893052467,-0.17361738571250623,0.06592811527151339,"[-1.38, 0.18, -0.26, -0.46]","['net_sharpe', 'dbl_sharpe', 'tri_sharpe', 'ret_1x', 'ret_2x', 'pos_folds', 'turnover', 'gross_edge', 'short_pnl']",3,27,2,15,0.45,11
-38.34462980750209,-14.398107383828556,0.3754921472996352,-0.33637919427872276,-0.5574567898026008,-0.7770885266834586,-1.0657285482445622,-0.8411055211764429,0.3724004574503318,0.3181682999065415,-0.19652316920918447,0.47058823529411764,0.12256218385410078,36.29838546095188,-3.8083979477484933,0.02805155828140218,1273,0.05736461349086369,-0.1120919879362954,0.09084974111072026,"[0.23, -1.07, -0.66, -1.02]","['net_sharpe', 'dbl_sharpe', 'tri_sharpe', 'ret_1x', 'ret_2x', 'pos_folds', 'turnover', 'gross_edge', 'short_pnl']",3,27,2,15,0.45,12
-15.380033618278299,-11.12029974969747,0.7230348142075336,0.3335538478141392,0.12556693841768665,-0.08225952580580494,-0.8213630561233382,-0.021686637184141766,0.20131822038028968,0.18093774942741603,0.039343654289767056,0.5294117647058824,0.12777099949637755,35.43880478512415,19.290476913327584,0.026982857481981593,1153,0.26884456195222045,0.0017985719683701745,0.07767368829563329,"[1.18, -0.82, -0.41, 0.37]","['net_sharpe', 'dbl_sharpe', 'tri_sharpe', 'pos_folds', 'turnover', 'gross_edge']",3,27,2,15,0.45,13
-25.504573288313754,-9.083399470095614,0.3561478707137455,-0.12272188438652203,-0.3294067536625747,-0.53536960370506,-0.736510772552352,-0.1850414723196544,0.24044321551233383,0.23226898180160216,-0.21012312007493272,0.35294117647058826,0.13107121087701662,36.18269408046629,3.0892032998937147,0.027786868915484094,1220,0.31105990080861834,-0.2668089738110158,0.08741761248514812,"[-0.23, -0.13, -0.14, -0.74]","['net_sharpe', 'dbl_sharpe', 'tri_sharpe', 'ret_1x', 'ret_2x', 'pos_folds', 'turnover', 'gross_edge', 'short_pnl']",3,27,2,15,0.45,14
12.885908519601744,11.083707218081743,0.860141696739618,0.6074795879876672,0.4302139876823311,0.2529972770103971,-0.3422737459985176,0.6053555457832933,0.1893119989857881,0.18308389446699136,0.263669859014438,0.5882352941176471,0.13382173565452216,31.596852587232057,33.03754803020279,0.026055035405328823,895,0.5742962808481114,-0.16103319509238279,0.0739400221142894,"[0.37, 0.84, -0.34, 0.91]","['net_sharpe', 'dbl_sharpe', 'turnover', 'gross_edge', 'short_pnl']",3,27,2,15,0.6,0
-11.681196833251011,-9.270732686684006,0.7936457898127768,0.42871958762669404,0.2314008158849744,0.03462892182616052,-2.659982548652394,0.6911227252424046,0.24954606169835625,0.22972081714735493,0.08413557486374834,0.5882352941176471,0.12156107960618827,31.93042395524615,23.836444378905103,0.026309693142689734,960,0.5497013097161034,-0.24838604004407577,0.07090669162846572,"[0.71, 0.67, -2.66, 1.46]","['net_sharpe', 'dbl_sharpe', 'turnover', 'gross_edge', 'short_pnl']",3,27,2,15,0.6,1
-40.91446374674475,-16.758601478958244,0.40960090746127886,-0.15950985703349996,-0.36094591106058066,-0.5613341451924794,-2.138092061912795,-0.50085778988477,0.32931470595561785,0.2856283629706884,-0.16112757903963812,0.47058823529411764,0.12799666266094178,34.41605674786723,1.391496009785902,0.028502228621396297,1043,0.30805837433253813,-0.28909925949807613,0.08445481232971354,"[0.07, -1.08, -2.14, 0.95]","['net_sharpe', 'dbl_sharpe', 'tri_sharpe', 'ret_1x', 'ret_2x', 'pos_folds', 'turnover', 'gross_edge', 'short_pnl']",3,27,2,15,0.6,2
-31.38005126733398,-16.251032184381224,0.5178778086095172,0.07357088816595062,-0.10579552680658627,-0.28451853808984306,-1.4579941135493297,-0.15418214300644978,0.36575850824708234,0.31888394174456747,-0.0626569355202844,0.6470588235294118,0.13396240911926505,32.066035589823755,10.256906345702742,0.02643666000548911,1002,0.23639123448755098,-0.10618354186606163,0.071862019542226,"[1.04, -1.46, -0.39, 0.08]","['net_sharpe', 'dbl_sharpe', 'tri_sharpe', 'ret_2x', 'pos_folds', 'turnover', 'gross_edge', 'short_pnl']",3,27,2,15,0.6,3
-12.672280827001368,-10.425516697450503,0.8227024668863406,0.6165286485810273,0.4121406422252854,0.20833315970142846,-0.7023541370615806,0.37804658429844157,0.2930850945557094,0.27570590572809084,0.14974854201128954,0.47058823529411764,0.12213655395850669,33.142211870736425,30.36847130033456,0.02664936861935646,919,0.4219733159919198,-0.02351820421447709,0.043477756862386266,"[1.27, 1.08, -0.32, -0.7]","['net_sharpe', 'dbl_sharpe', 'pos_folds', 'turnover', 'gross_edge', 'short_pnl']",3,27,2,15,0.6,4
61.835806527837725,55.992787215237335,0.9055075102809578,1.7145211663612938,1.52600785089247,1.3368554013395124,0.24307025571798424,1.517267549555816,0.13786464829862233,0.13306638782884606,1.4366828433369416,0.7058823529411765,0.12319356581581477,30.710059158688694,76.31331743031434,0.02428798902263533,885,1.0629139239806902,-0.1351105041963962,0.06810144658159809,"[2.18, 0.24, 0.85, 2.44]","['turnover', 'short_pnl']",3,27,2,15,0.6,5
37.38366330289976,36.65554011956322,0.9805229579178222,1.0409005371266902,0.8521896557024019,0.6628249170684342,-0.03608242997390146,0.7473983299676263,0.14441809302178021,0.1381854024728686,0.7154004903923343,0.6470588235294118,0.12435781489630268,31.33003867670776,48.6340415992053,0.02664667884734275,835,0.583329031499027,0.019891723083069024,0.04496507535058686,"[1.26, 0.23, -0.04, 1.53]",['turnover'],3,27,2,15,0.6,6
-28.375549988715594,-14.780044696823879,0.5208725364865744,0.08176590821171068,-0.12408968502222001,-0.3298213836275536,-2.1380517404894825,0.20676251888992503,0.29245110377978534,0.26209994577503226,-0.07058230587447005,0.5294117647058824,0.11493922477054845,31.53680722205355,10.55764845105217,0.02924745073779313,878,0.21772209700834197,-0.08590859370340512,0.04450076693103384,"[0.57, -0.16, -2.14, 0.63]","['net_sharpe', 'dbl_sharpe', 'tri_sharpe', 'ret_2x', 'pos_folds', 'turnover', 'gross_edge', 'short_pnl']",3,27,2,15,0.6,7
-38.45858488571639,-13.990906875388868,0.3637915153915381,-0.24584393726717696,-0.43585889101063624,-0.6256884792337002,-1.190355274134155,-0.3901888474652073,0.3842748515850859,0.3493466502222663,-0.15815498411696002,0.35294117647058826,0.1256682699301256,31.76775749775011,-2.1150306303383792,0.028304920198018443,894,0.0025008320743912793,-0.029100621756113207,0.0490816630004796,"[-0.35, -0.43, -1.19, -0.05]","['net_sharpe', 'dbl_sharpe', 'tri_sharpe', 'ret_1x', 'ret_2x', 'pos_folds', 'turnover', 'gross_edge', 'short_pnl']",3,27,2,15,0.6,8
-51.4088296029461,-19.76711443087901,0.3845081590759695,-0.6874864087575037,-0.8518371619426622,-1.0156201044011033,-2.158083716568009,-1.0670948258472726,0.5079059901259532,0.48773719772507684,-0.2609327494806172,0.23529411764705882,0.15260267744790887,33.36818163364323,-24.464427050802943,0.03186192860515057,887,0.09510735585517743,-0.4182859390317883,0.04190408399148383,"[-1.78, -2.16, 1.1, -0.35]","['net_sharpe', 'dbl_sharpe', 'tri_sharpe', 'ret_1x', 'ret_2x', 'pos_folds', 'turnover', 'gross_edge', 'short_pnl']",3,27,2,15,0.6,9
-32.819980708495876,-13.692334595362905,0.4171950835979153,-0.0843335984907046,-0.26141535166734936,-0.43775010788413143,-1.1428554127275699,-0.16501678290938468,0.34213257790705354,0.3201832448043451,-0.13421177806241572,0.47058823529411764,0.14092464483357017,33.37114280722806,3.668605295814174,0.02725709042843362,1017,-0.015922972361610485,0.06439007414991273,0.057059982011405636,"[-1.14, -0.63, 0.95, 0.3]","['net_sharpe', 'dbl_sharpe', 'tri_sharpe', 'ret_1x', 'ret_2x', 'pos_folds', 'turnover', 'gross_edge', 'long_pnl']",3,27,2,15,0.6,10
-35.8750626072825,-13.527275169550387,0.3770662456434125,-0.25173838554549693,-0.46734510325269407,-0.6818773355403797,-1.2737608557872444,-0.1979981203539338,0.3129048083133712,0.24959610825736434,-0.20394745658755783,0.29411764705882354,0.1243698713253561,35.786803499224256,-1.1887104372225623,0.028856917814626983,1030,0.09358413007522212,-0.11042536628772942,0.06600914225298965,"[-1.27, -0.39, -0.01, 0.05]","['net_sharpe', 'dbl_sharpe', 'tri_sharpe', 'ret_1x', 'ret_2x', 'pos_folds', 'turnover', 'gross_edge', 'short_pnl']",3,27,2,15,0.6,11
-37.73823528119861,-14.897349495492284,0.3947547993298516,-0.09607299878727692,-0.2949588437303942,-0.49261207312845706,-1.4499416485028576,-0.6009852127450467,0.32131134191918775,0.271632414458148,-0.13277515315299987,0.47058823529411764,0.1221844076747895,32.5172439999634,3.966752718130936,0.02793850661361748,922,0.43148179160194133,-0.38041673231339107,0.08151672059024875,"[1.13, -1.45, -0.33, -0.87]","['net_sharpe', 'dbl_sharpe', 'tri_sharpe', 'ret_1x', 'ret_2x', 'pos_folds', 'turnover', 'gross_edge', 'short_pnl']",3,27,2,15,0.6,12
-9.809887792618435,-6.4337269388772205,0.6558410325262185,0.31888842083748536,0.12792132172831774,-0.06285645999029467,-0.6704381045021544,0.15755399430784522,0.19832856105839292,0.17757185281233656,0.04142628346503539,0.5294117647058824,0.12668349701648604,32.26050924306887,19.809358255737415,0.02738859353233212,905,0.36414962714320465,-0.1111519070112176,0.07965302529523521,"[0.75, -0.67, -0.4, 0.71]","['net_sharpe', 'dbl_sharpe', 'tri_sharpe', 'pos_folds', 'turnover', 'gross_edge', 'short_pnl']",3,27,2,15,0.6,13
18.721981490239482,17.676134096795867,0.9441379966116911,0.648914743895255,0.4583429661979402,0.2674765741139413,-0.29015919796144996,0.5337467585580965,0.13226082807091621,0.11711344785948175,0.3863590955256136,0.47058823529411764,0.1259288249827396,32.02848645607525,33.08416207720177,0.026974310707687122,870,0.39871636337458133,0.020783224424149788,0.08326489872971073,"[0.83, 0.24, -0.29, 1.02]","['net_sharpe', 'dbl_sharpe', 'turnover', 'gross_edge']",3,27,2,15,0.6,14
-42.91728444704327,-13.832616130030576,0.32230874595756387,-0.566305559575961,-0.8565986238683827,-1.1451659780417454,-1.3194877956174682,-0.9364961190825511,0.34637291567293327,0.25237677302122496,-0.2923307442906189,0.29411764705882354,0.11640995813977194,45.249657563791736,-7.068346118240466,0.03513333143762678,1308,0.1135558681489507,-0.24017755275511676,0.05275568878641412,"[-0.35, -0.82, -1.05, -1.32]","['net_sharpe', 'dbl_sharpe', 'tri_sharpe', 'ret_1x', 'ret_2x', 'pos_folds', 'turnover', 'gross_edge', 'short_pnl']",4,21,1,9,0.3,0
-44.50873251910471,-10.588323105627914,0.23789316177635556,-0.6898070934399579,-1.0064329605019773,-1.3208680941642827,-1.2676863876662863,-1.0501497054408473,0.3798383207297402,0.29230773822962086,-0.2969533226872977,0.23529411764705882,0.11235368338198119,47.68472242268444,-8.644852983956744,0.03634922880897173,1329,-0.12221313967458239,-0.04098374102855998,0.06453690372659757,"[-1.16, -0.94, -0.63, -1.27]","['net_sharpe', 'dbl_sharpe', 'tri_sharpe', 'ret_1x', 'ret_2x', 'pos_folds', 'turnover', 'gross_edge', 'long_pnl', 'short_pnl']",4,21,1,9,0.3,1
-27.832931116247313,-11.739777659407158,0.42179451421679875,-0.16143584906388478,-0.500601336460457,-0.8383169027902733,-0.7085784097746348,-0.6578527460436072,0.23526985481773144,0.1317982114774806,-0.24656060553329245,0.4117647058823529,0.10763491869286758,48.74035256395093,3.984378161723505,0.03670235444288437,1317,0.04483980012717974,0.03204211623624141,0.06873415335584906,"[-0.66, -0.65, 0.07, -0.71]","['net_sharpe', 'dbl_sharpe', 'tri_sharpe', 'ret_1x', 'ret_2x', 'pos_folds', 'turnover', 'gross_edge']",4,21,1,9,0.3,2
-36.60849718836857,-11.264152981036483,0.3076923076923077,-0.3980703906978207,-0.6985883082599057,-0.9959793747481569,-0.8810667872043808,-0.765311151958989,0.3418808826099481,0.2607765652755263,-0.2650947711505057,0.4117647058823529,0.12438695862602411,50.3391758772857,-2.558022636592168,0.037509234210920485,1306,0.07723180580485715,-0.12821011971585833,0.09560115034247481,"[-0.73, -0.41, -0.8, -0.88]","['net_sharpe', 'dbl_sharpe', 'tri_sharpe', 'ret_1x', 'ret_2x', 'pos_folds', 'turnover', 'gross_edge', 'short_pnl']",4,21,1,9,0.3,3
-45.04068181145083,-15.205026272646426,0.3375842829444204,-0.5376712626748894,-0.8610565088430657,-1.1820177946944566,-1.6264670553181497,-0.9493298763945137,0.4158533720393145,0.352213125159323,-0.23552348893593367,0.4117647058823529,0.11208208671463528,48.618441376396696,-4.901646263328585,0.036562433783356,1296,0.15796307891371297,-0.2523078816999132,0.034875010203702615,"[0.08, -1.63, -0.46, -1.44]","['net_sharpe', 'dbl_sharpe', 'tri_sharpe', 'ret_1x', 'ret_2x', 'pos_folds', 'turnover', 'gross_edge', 'short_pnl']",4,21,1,9,0.3,4
3.251432428981082,2.384908924288061,0.733494844620047,0.6148255408532366,0.26787687240355434,-0.0777243703775466,-0.32437733376973554,0.22170726842778485,0.1609770633553841,0.14476576972720945,0.14340878953710057,0.47058823529411764,0.10604430809195595,48.9911354595622,20.965042436111126,0.03536719411364299,1307,0.3146032865986508,0.09201624298760144,0.04489291872703065,"[-0.32, 0.96, -0.06, 0.51]","['net_sharpe', 'dbl_sharpe', 'tri_sharpe', 'pos_folds', 'turnover', 'gross_edge']",4,21,1,9,0.3,5
29.621477705144372,27.144770929902933,0.91638814241832,0.8743878340564876,0.5799405869047025,0.28577419679846494,0.020363576791758594,0.6353316510065408,0.14411262750786857,0.11038414837539867,0.4365228224084516,0.47058823529411764,0.11677500867604344,45.78072188844655,29.770989079040813,0.03326676357578891,1297,0.31296043182250577,0.22661340424102439,0.04390849511117581,"[0.93, 0.64, 0.02, 0.63]","['turnover', 'gross_edge']",4,21,1,9,0.3,6
42.03026973348234,39.58789527094695,0.9418901073435241,1.0416389634467882,0.776185937728532,0.5099289012397061,0.09672762806359597,0.4812362708570962,0.1050663059086081,0.07954420034829435,0.8412157593787886,0.7058823529411765,0.11816831173942878,41.9362110197064,36.88079345016276,0.030592564083811915,1278,0.5270135336907966,0.08528670316724016,0.07673057497579758,"[1.81, 0.72, 0.1, 0.25]","['turnover', 'gross_edge']",4,21,1,9,0.3,7
27.955056956620982,24.942092029217434,0.892221112907089,0.8441596464521993,0.5411547027008368,0.23777223345302265,-0.0757742578912911,0.29966075874151693,0.10992136459280999,0.09993668950906764,0.500135620988216,0.7058823529411765,0.11007719107662235,44.48330198211373,28.461595216401612,0.0319899601986206,1303,0.3489777221231972,0.15224556196888533,0.06382478497666377,"[1.49, 0.63, -0.03, -0.08]","['pos_folds', 'turnover', 'gross_edge']",4,21,1,9,0.3,8
-39.45504692969081,-13.442644069961702,0.3407078464237185,-0.5308860494293941,-0.7840193925513153,-1.0357482416686978,-1.132500042300009,-0.7599132565342424,0.3299528448240887,0.2599339372339412,-0.28246315715270226,0.35294117647058826,0.11591271165192088,39.26994991229149,-8.16333692906344,0.03432276689982677,1074,0.20826084255470528,-0.335172948775127,0.052462796132321673,"[-0.58, -0.83, -1.13, -0.69]","['net_sharpe', 'dbl_sharpe', 'tri_sharpe', 'ret_1x', 'ret_2x', 'pos_folds', 'turnover', 'gross_edge', 'short_pnl']",4,21,1,9,0.45,0
-45.52000284797535,-11.782214723558244,0.25883598388400136,-0.7266733541594075,-0.9959005060329295,-1.263534405249021,-1.4992340051522826,-0.9230360228017966,0.3782848006479438,0.2980315982439953,-0.29800129244249834,0.23529411764705882,0.11339780504056608,40.878305237699564,-12.542411915921996,0.03589971687906402,1051,-0.057068961200501034,-0.1459090180391285,0.06686238086952939,"[-0.76, -1.08, -0.63, -1.5]","['net_sharpe', 'dbl_sharpe', 'tri_sharpe', 'ret_1x', 'ret_2x', 'pos_folds', 'turnover', 'gross_edge', 'long_pnl', 'short_pnl']",4,21,1,9,0.45,1
-37.882767390876076,-12.544064925889016,0.3311285259722131,-0.37193532758021886,-0.673850556458326,-0.9741868879668608,-1.1543830592879831,-0.6947955903091891,0.27967520954187064,0.19434762989752408,-0.263060920350282,0.23529411764705882,0.10503513493068775,42.38322905903074,-1.6413714458165531,0.036849413339724024,1068,-0.033443354280130747,0.005902595723761256,0.06222550656537115,"[-0.52, -1.15, -0.09, -0.87]","['net_sharpe', 'dbl_sharpe', 'tri_sharpe', 'ret_1x', 'ret_2x', 'pos_folds', 'turnover', 'gross_edge', 'long_pnl']",4,21,1,9,0.45,2
-47.34238334243933,-11.791613413704447,0.24907097153121235,-0.7965456049116477,-1.080965058855444,-1.3617021323864271,-2.0857955491459985,-0.8015380130191192,0.44466230285351815,0.3761976150630353,-0.2751857608966982,0.4117647058823529,0.11408201305701354,44.05193425235599,-13.223297053518337,0.03797622016205197,1068,-0.07501109146060249,-0.15559974933923038,0.09183390647531064,"[-2.09, -0.69, -0.47, -0.91]","['net_sharpe', 'dbl_sharpe', 'tri_sharpe', 'ret_1x', 'ret_2x', 'pos_folds', 'turnover', 'gross_edge', 'long_pnl', 'short_pnl']",4,21,1,9,0.45,3
-46.72704017402539,-15.422196476106155,0.330048648890863,-0.71228894514175,-0.988242356294887,-1.261646933909561,-1.5844837260208957,-1.0156840097900617,0.45730089210851055,0.4071270962344359,-0.24845971537846095,0.35294117647058826,0.11489963412902379,42.73418911046953,-11.782820838877365,0.037487334844113956,1044,0.1406676047388376,-0.3400100238637595,0.021099009035277096,"[-0.18, -1.58, -0.49, -1.54]","['net_sharpe', 'dbl_sharpe', 'tri_sharpe', 'ret_1x', 'ret_2x', 'pos_folds', 'turnover', 'gross_edge', 'short_pnl']",4,21,1,9,0.45,4
-6.42432432864543,-4.0888556983324005,0.6364647065062694,0.4250132407769769,0.12403221129825637,-0.17589014818398346,-0.8026424197463019,0.2304487790216767,0.16335708319499043,0.14587724981560612,0.04579926928291333,0.47058823529411764,0.10158514191031347,40.7469850119322,18.316917792975577,0.03523507363950159,993,0.3155791701025983,-0.02010272967790766,0.044746842626762436,"[-0.8, 0.85, -0.16, 0.62]","['net_sharpe', 'dbl_sharpe', 'tri_sharpe', 'pos_folds', 'turnover', 'gross_edge', 'short_pnl']",4,21,1,9,0.45,5
51.49439328661341,48.765418743910494,0.9470044335212636,0.8836715356763163,0.6344161405826599,0.38488820293989284,0.45849469810272603,0.6605052733126315,0.10801350392963927,0.10271922258808985,0.6400427932087862,0.5294117647058824,0.11584086621014804,38.50219063515448,34.045810447304255,0.03269950609613246,971,0.24854459899428727,0.27040370802661384,0.05193146888887226,"[0.73, 0.69, 0.63, 0.46]","['turnover', 'gross_edge']",4,21,1,9,0.45,6
56.8644429243473,54.488853477773006,0.9582236398634065,0.9781054965956728,0.7400674804488727,0.5013368763498905,0.44259716287202056,0.5887952325329668,0.09012938510547974,0.08284945263067944,0.9265318282744074,0.6470588235294118,0.11778274312879995,37.48148016979453,38.24666100064269,0.030600034692758696,1036,0.5477666553004028,0.019758664744134097,0.07866342722028569,"[1.25, 0.69, 0.44, 0.49]","['turnover', 'gross_edge']",4,21,1,9,0.45,7
12.698294154466415,11.42119917396335,0.8994278314104207,0.7706282226406418,0.4851882146801873,0.1995613623706042,-0.3380914208480272,0.20061994212538853,0.11298287079135816,0.10338544612278378,0.41328054188216407,0.5294117647058824,0.1054775822965038,40.14976147658172,27.9289557228358,0.03208997263501353,1068,0.18242373821412183,0.2615043756932484,0.05959492330366145,"[1.75, -0.29, 0.7, -0.34]","['net_sharpe', 'dbl_sharpe', 'pos_folds', 'turnover', 'gross_edge']",4,21,1,9,0.45,8
-33.3836952810022,-12.73975882504232,0.38161619670343055,-0.21994722326014873,-0.44531698311187257,-0.6692697081333406,-1.195873201416724,-0.5120342426784363,0.2432269364880706,0.21091887158944456,-0.22991931739024887,0.35294117647058826,0.11413777702132928,34.46055270155055,0.24397327493142984,0.03499610095534296,809,0.33563875584512015,-0.3323103254661074,0.06864427613765897,"[0.43, -1.2, -0.54, -0.48]","['net_sharpe', 'dbl_sharpe', 'tri_sharpe', 'ret_1x', 'ret_2x', 'pos_folds', 'turnover', 'gross_edge', 'short_pnl']",4,21,1,9,0.6,0
-44.63126339296294,-12.578211122173526,0.2818251191194544,-0.749782680294769,-0.9747331971656836,-1.198257906998494,-1.3227437623193,-1.0952967227765003,0.36521755959381286,0.29902127570681336,-0.2957784156325914,0.23529411764705882,0.11072003612733436,33.4068362861773,-17.258407788349206,0.03607890635890954,796,-0.06091234722880405,-0.16733779554467615,0.06363455776421341,"[-0.88, -1.32, -0.25, -1.31]","['net_sharpe', 'dbl_sharpe', 'tri_sharpe', 'ret_1x', 'ret_2x', 'pos_folds', 'turnover', 'gross_edge', 'long_pnl', 'short_pnl']",4,21,1,9,0.6,1
-47.989184522727676,-18.37287901666028,0.3828545785761141,-0.8284663598771497,-1.079924383797403,-1.3301272796518961,-1.6809846756090001,-1.2255256089863926,0.3683962343406383,0.3086026165661957,-0.29329033730240284,0.11764705882352941,0.10105105722669075,33.90559529609625,-17.20930289626053,0.038965892870974655,773,0.06792350771001879,-0.29892226051268983,0.026507742283548776,"[-1.19, -1.68, 0.01, -1.26]","['net_sharpe', 'dbl_sharpe', 'tri_sharpe', 'ret_1x', 'ret_2x', 'pos_folds', 'turnover', 'gross_edge', 'short_pnl']",4,21,1,9,0.6,2
-47.635320222277635,-17.88463325922007,0.3754489982594041,-0.7805000135731943,-1.035551304374819,-1.2876566675359526,-2.155873986714188,-0.9830074866488177,0.41450588127844534,0.3550077741023211,-0.2619441076025265,0.4117647058823529,0.10515940849449477,36.31240889902702,-15.195444820905777,0.03861954727757688,804,0.039344838808721486,-0.2577905188890876,0.04289054648092628,"[-2.16, 0.01, -1.07, -0.89]","['net_sharpe', 'dbl_sharpe', 'tri_sharpe', 'ret_1x', 'ret_2x', 'pos_folds', 'turnover', 'gross_edge', 'short_pnl']",4,21,1,9,0.6,3
-42.783865195045955,-15.001244673259217,0.35062855132117066,-0.6109090170921784,-0.8459864508608333,-1.0790739376174954,-1.1976939140117522,-0.8498483844752526,0.42749975440077115,0.37148852884150196,-0.22930233836107206,0.35294117647058826,0.11383596116691434,36.04572082061955,-11.954321712006484,0.03617181810767765,830,0.1383673955455584,-0.3089574220331165,0.01128836161885155,"[-0.79, -0.91, -0.32, -1.2]","['net_sharpe', 'dbl_sharpe', 'tri_sharpe', 'ret_1x', 'ret_2x', 'pos_folds', 'turnover', 'gross_edge', 'short_pnl']",4,21,1,9,0.6,4
-28.13888401703196,-16.642155490296503,0.5914291227833807,0.09368751962349349,-0.17366955466521009,-0.4398843872799245,-1.3967231055573777,-0.13209145908787626,0.22620374693990553,0.18682519331344316,-0.09184070612555097,0.4117647058823529,0.09483019287363033,33.837578996449544,10.33222759383585,0.036677963217108214,764,0.06453939116714363,0.07387085127551661,0.047546818650124445,"[-0.46, 0.19, -1.4, 0.68]","['net_sharpe', 'dbl_sharpe', 'tri_sharpe', 'ret_2x', 'pos_folds', 'turnover', 'gross_edge']",4,21,1,9,0.6,5
40.57912778910547,39.63292354512091,0.9766824893599957,0.9249328815689606,0.703540477210489,0.4818428352327765,0.011157552497123926,0.6910960703252174,0.10100685035226109,0.0791198088574756,0.7155301738761947,0.5294117647058824,0.10732409446921255,31.698131489233226,38.59190484997087,0.032791041249157625,725,0.18683131783445214,0.2974579674921347,0.049839874914030684,"[1.2, 0.44, 0.01, 0.94]","['turnover', 'gross_edge']",4,21,1,9,0.6,6
38.102922482289515,36.56834749996311,0.9597255306849577,0.7297354343983213,0.515358542667875,0.300468019003253,-0.03829522781662414,0.6026507859519841,0.08993441198059648,0.08312090039891429,0.578999368097172,0.5882352941176471,0.1103679361918483,31.60730224922491,33.142187835021794,0.031054483653344775,778,0.32127513444695666,0.09343398582908782,0.07804776515897284,"[0.93, 0.34, 0.87, -0.04]","['net_sharpe', 'turnover', 'gross_edge']",4,21,1,9,0.6,7
18.698654342650748,17.724638907212572,0.9479098646571325,0.7488645222711391,0.49426099908424037,0.23916438457840378,-0.2739417871219168,0.28355363601603933,0.1143084018736219,0.09556333526513183,0.3942548818258142,0.6470588235294118,0.09913809781097148,33.68070917296888,29.818158258162875,0.03180934286218019,830,0.07945948331570798,0.31813195645140036,0.07233086425639501,"[1.55, -0.27, 0.51, 0.06]","['net_sharpe', 'dbl_sharpe', 'turnover', 'gross_edge']",4,21,1,9,0.6,8
-21.60070809796944,-13.369900081888156,0.6189565648148814,0.18153379531430883,-0.05635288454196842,-0.29329767517822386,-1.313530449606717,0.06891700658583949,0.2005658089941299,0.17812642106822663,-0.06796650473462741,0.4117647058823529,0.1186162406586165,37.64040321939464,13.005369089054298,0.027765019109199204,1014,0.08263053498487852,0.1111686434492268,0.04023603640917392,"[0.13, 0.71, -1.31, 0.0]","['net_sharpe', 'dbl_sharpe', 'tri_sharpe', 'ret_2x', 'turnover', 'gross_edge']",4,21,1,12,0.3,0
-30.346418525113712,-11.589617463004883,0.38191055242363087,-0.1931924294639836,-0.43055519958483335,-0.6666720471593566,-1.0131696480849426,-0.41689683142917205,0.2579663058554297,0.22264949643097498,-0.20342807241678648,0.47058823529411764,0.11068760385151413,35.16295578936379,1.5208831899367916,0.026527691519339692,997,0.034503278784418445,-0.013331555115231694,-0.011724134564721888,"[-0.11, 0.03, -0.73, -1.01]","['net_sharpe', 'dbl_sharpe', 'tri_sharpe', 'ret_1x', 'ret_2x', 'pos_folds', 'turnover', 'gross_edge', 'short_pnl']",4,21,1,12,0.3,1
-31.571233346506776,-18.424219583199257,0.58357617458229,0.07661616168545426,-0.16747586983326343,-0.4106393204422394,-1.1011819907084972,-0.30648130080943947,0.2793857293774298,0.23252169145550217,-0.0859493381123363,0.4117647058823529,0.10926086345306248,35.610381594680995,9.938746583341063,0.02617980309722536,976,0.13597873040190667,0.004135816692915961,0.03752892643146706,"[-0.96, -1.1, 0.35, 1.23]","['net_sharpe', 'dbl_sharpe', 'tri_sharpe', 'ret_2x', 'pos_folds', 'turnover', 'gross_edge']",4,21,1,12,0.3,2
-43.43494433162014,-16.14804810467109,0.3717754990401933,-0.27389827715127146,-0.520529720408455,-0.7656662241820738,-1.8360095637012595,-0.8638116802680018,0.34792723547884963,0.2980149630133633,-0.18282379634928883,0.4117647058823529,0.11355551364401349,37.50629614527051,-0.8694134117128501,0.027921436236330893,977,0.12971295557389906,-0.1426223388915641,0.04857127885113479,"[-0.54, -1.19, -1.84, 1.18]","['net_sharpe', 'dbl_sharpe', 'tri_sharpe', 'ret_1x', 'ret_2x', 'pos_folds', 'turnover', 'gross_edge', 'short_pnl']",4,21,1,12,0.3,3
-31.97494130692921,-16.504603035457016,0.5161730517979198,0.2787406511973784,0.03786575181976057,-0.20274896236748288,-1.2191019491706485,-0.6215366180639408,0.3058497440888627,0.2541735603154889,-0.00690998606126633,0.5882352941176471,0.1131823219401718,36.354767748708305,16.277989294068515,0.026987876529387424,964,0.26545584864138466,-0.031174823520389777,0.08265657158585629,"[1.9, -0.96, -1.22, -0.29]","['net_sharpe', 'dbl_sharpe', 'tri_sharpe', 'ret_2x', 'pos_folds', 'turnover', 'gross_edge', 'short_pnl']",4,21,1,12,0.3,4
-17.65877583790497,-10.656164268368139,0.6034486402785881,0.17716935489635727,-0.060221485652181724,-0.2966577763331693,-0.600998448789596,-0.049006504315745075,0.21752490452875328,0.19318367536417702,-0.056855804343348075,0.4117647058823529,0.10844619322885311,34.36313451348103,13.249173754950963,0.026527340492802913,954,0.12202892708636222,0.05821330228471498,0.0773650373186475,"[0.26, 0.36, -0.6, -0.36]","['net_sharpe', 'dbl_sharpe', 'tri_sharpe', 'ret_2x', 'pos_folds', 'turnover', 'gross_edge']",4,21,1,12,0.3,5
-50.62366883046282,-19.66751437851782,0.388504326788004,-0.6770251464664054,-0.871600245534243,-1.0650802376301252,-2.1325990236673356,-1.0070972428681892,0.465786614209695,0.42577238392200656,-0.23268843055488608,0.17647058823529413,0.1226957466021042,32.06942712723203,-18.40763409543893,0.02587209800962724,961,0.042615574204872816,-0.27631850431478555,0.09627419247864843,"[-0.26, -1.75, -2.13, 0.19]","['net_sharpe', 'dbl_sharpe', 'tri_sharpe', 'ret_1x', 'ret_2x', 'pos_folds', 'turnover', 'gross_edge', 'short_pnl']",4,21,1,12,0.3,6
-28.600844311684465,-16.85446506794379,0.5892995634768076,0.07671955365066578,-0.13666112342280762,-0.3493273393836576,-0.8661943321989751,-0.16649837809232942,0.28055040453563207,0.22566856943886804,-0.08236573100406631,0.35294117647058826,0.11898757929787729,33.90455574299201,10.180417847527178,0.025236252037839683,975,0.07553632801971144,0.06111021352980635,0.08495734584972245,"[-0.87, -0.5, 0.17, 0.79]","['net_sharpe', 'dbl_sharpe', 'tri_sharpe', 'ret_2x', 'pos_folds', 'turnover', 'gross_edge']",4,21,1,12,0.3,7
9.148470595241708,8.57179560583123,0.9369648747944364,0.729507455778477,0.4907059901399766,0.25245968905993343,-0.14839299794351335,0.3580233726904001,0.23077963550832992,0.21108785874511815,0.22326908832789086,0.7058823529411765,0.11585918126523946,36.795950128543055,30.36340309865379,0.025776067182161296,1005,0.2556283830276779,0.18668028398275271,0.06838827264710187,"[1.2, 0.32, -0.15, 0.4]","['net_sharpe', 'dbl_sharpe', 'turnover', 'gross_edge']",4,21,1,12,0.3,8
-3.48649209043333,-3.281631091638162,0.9412415133947124,0.7210427980439859,0.4950774898055654,0.26903267743912046,-1.0084049799069517,0.6888593480187644,0.25026855356733924,0.22930387786050677,0.21423392949101525,0.5294117647058824,0.11975389527167656,36.05406658786621,31.473754419191852,0.02616054811097605,973,0.39577172933095156,0.05346762144481662,0.044939489280169116,"[1.4, 0.88, 0.49, -1.01]","['net_sharpe', 'dbl_sharpe', 'turnover', 'gross_edge']",4,21,1,12,0.3,9
13.125292962801419,10.866519866708646,0.8279068434895591,0.6019022186575085,0.3676278186030104,0.13331769620535075,-0.1108709062364495,0.24635145898055463,0.15409853347517,0.13315910929788155,0.23005970411416055,0.5294117647058824,0.1116644446228238,34.875037239936674,26.806281777353213,0.02562177866777331,962,0.3771691954059972,-0.007063097122319104,0.03638143316476245,"[1.01, 0.07, 0.43, -0.11]","['net_sharpe', 'dbl_sharpe', 'turnover', 'gross_edge', 'short_pnl']",4,21,1,12,0.3,10
5.5917259983581715,4.985395429919481,0.8915664736403894,0.629576027700017,0.36138662289086265,0.09405725798613768,-0.2108916368159694,0.22346844522234088,0.17215387991772724,0.14350019214142684,0.19708121520798447,0.47058823529411764,0.10844498080743573,38.706368378834426,25.15502448286774,0.028022957730263264,1003,0.1495157931997002,0.23594672348167797,0.023615437315254006,"[1.11, 0.36, -0.21, 0.09]","['net_sharpe', 'dbl_sharpe', 'turnover', 'gross_edge']",4,21,1,12,0.3,11
-26.023896069655585,-10.18711760688566,0.39145243969691595,-0.10596398235223864,-0.33177883804507,-0.5563969009485602,-1.0227703606117826,-0.2964261652470511,0.20337625964879968,0.16493465317897682,-0.2075273549938114,0.35294117647058826,0.1110595926621258,33.53952882707881,3.8851814323890452,0.02809438974822821,819,-0.06260287842988449,0.1141902314351757,0.04305220197159142,"[-0.09, 0.17, -1.02, -0.5]","['net_sharpe', 'dbl_sharpe', 'tri_sharpe', 'ret_1x', 'ret_2x', 'pos_folds', 'turnover', 'gross_edge', 'long_pnl']",4,21,1,12,0.45,0
-41.02175424315715,-12.9361766959348,0.31534918324690336,-0.5675691505182328,-0.7797616074659238,-0.9905858124993768,-1.2566859467281224,-1.0156119511350994,0.31943154206301483,0.27282610871390867,-0.2709170134150519,0.35294117647058826,0.1082900558802737,30.84484877808973,-12.258919680351955,0.027391718507939766,793,-0.029993057854848015,-0.11970281523557127,-0.011214427096191679,"[0.02, -1.25, -1.26, -0.78]","['net_sharpe', 'dbl_sharpe', 'tri_sharpe', 'ret_1x', 'ret_2x', 'pos_folds', 'turnover', 'gross_edge', 'long_pnl', 'short_pnl']",4,21,1,12,0.45,1
-23.39192233164583,-12.997829552096523,0.5556546130675362,0.2688637426928941,0.04096507999500528,-0.18619757829667918,-1.4342669377381985,0.12663649764933274,0.2236548467599705,0.19170533226797304,-0.005351527152092096,0.4117647058823529,0.1048393588405933,31.868983882192854,16.54371280571555,0.02585369387734313,808,0.3187878472871662,-0.11006202462584269,0.03251536016205584,"[-0.35, -1.43, 0.61, 1.47]","['net_sharpe', 'dbl_sharpe', 'tri_sharpe', 'ret_2x', 'pos_folds', 'turnover', 'gross_edge', 'short_pnl']",4,21,1,12,0.45,2
-34.81779427302441,-13.708601759326008,0.3937240151351846,-0.1276030788272714,-0.34231874299220627,-0.5558418149496295,-1.0210202338120693,-0.7226189152915983,0.2914496410498457,0.2440298027064952,-0.1502855962268204,0.4117647058823529,0.11212606215370499,32.20078414480105,2.924409168644333,0.0274449767535028,785,0.13516665056698404,-0.09788633609454367,0.03956603241423675,"[-0.64, -1.02, -0.8, 1.01]","['net_sharpe', 'dbl_sharpe', 'tri_sharpe', 'ret_1x', 'ret_2x', 'pos_folds', 'turnover', 'gross_edge', 'short_pnl']",4,21,1,12,0.45,3
-20.68732402686061,-15.433800064570201,0.7460510622123391,0.37255677542984367,0.15825085309333914,-0.05618757133756556,-1.3582379396843407,0.14577319936613237,0.2205997881213021,0.173002519289305,0.05198459280474397,0.47058823529411764,0.11054263607370958,31.596437265940448,20.546278290295017,0.02702964809615677,774,0.2309573784826967,0.026050397943100226,0.0908269410205747,"[1.19, -0.09, -1.36, 0.38]","['net_sharpe', 'dbl_sharpe', 'tri_sharpe', 'pos_folds', 'turnover', 'gross_edge']",4,21,1,12,0.45,4
-13.360958911908558,-8.063323889557466,0.6034988912637599,0.08973919075332767,-0.12358562425846031,-0.33626897507908293,-0.47966123664052773,-0.055595794377318694,0.19669324612326577,0.1676185585189507,-0.09404863253989264,0.4117647058823529,0.10564878123888609,30.06876437181008,10.775820247718219,0.026638187254978,745,0.07259007278984189,0.05568459622814147,0.07232303389702431,"[-0.17, 0.12, 0.06, -0.48]","['net_sharpe', 'dbl_sharpe', 'tri_sharpe', 'ret_2x', 'pos_folds', 'turnover', 'gross_edge']",4,21,1,12,0.45,5
-50.257787419493965,-20.383444496245,0.40557783266715564,-0.6966679799099761,-0.8546243480840456,-1.0117298154513688,-1.9729236693234895,-1.1455930262230642,0.47764973798819343,0.4415545038825991,-0.22693976990607725,0.23529411764705882,0.12482096935824458,26.520537716507746,-25.23499463343754,0.02494963646387619,735,0.03309978482638455,-0.2980477111128418,0.10802731484413809,"[-0.86, -1.97, -1.44, 0.91]","['net_sharpe', 'dbl_sharpe', 'tri_sharpe', 'ret_1x', 'ret_2x', 'pos_folds', 'turnover', 'gross_edge', 'short_pnl']",4,21,1,12,0.45,6
-27.03930627856252,-16.558984450122303,0.612404189646341,0.13597115119320535,-0.045941807083031666,-0.2274437466158493,-0.8450769090107109,-0.09612321873305327,0.2912374927407019,0.2344427847249132,-0.045737130954306336,0.4117647058823529,0.12398783150191424,30.08456544726994,13.120259105402324,0.024692684003002965,780,0.04357931610149583,0.11268547553045868,0.09088175844844085,"[-0.85, -0.68, 0.49, 1.18]","['net_sharpe', 'dbl_sharpe', 'tri_sharpe', 'ret_2x', 'pos_folds', 'turnover', 'gross_edge']",4,21,1,12,0.45,7
23.49797110794385,22.0147081339873,0.9368769768614146,0.630272094142276,0.42831428255106957,0.2266102694790828,0.21983924340630753,0.39946889979397393,0.1906451344546095,0.1748184035632423,0.22872881306867818,0.5882352941176471,0.11487900390049666,30.886015905474896,30.81490610549607,0.025440753089409636,778,0.1739804031780787,0.20280816880674235,0.07226346417397528,"[0.53, 0.22, 0.27, 0.65]","['net_sharpe', 'dbl_sharpe', 'turnover', 'gross_edge']",4,21,1,12,0.45,8
-10.405799041280082,-7.153340936049375,0.687437928377425,0.3424881785490259,0.13281336133019767,-0.07673439635741972,-0.8548895504161128,0.4447268736639344,0.23837591032665584,0.2249987885811665,0.03648241582744137,0.47058823529411764,0.11252095892976394,31.429500902787385,20.00544636685372,0.026022848139452617,792,0.29645451485351776,-0.04753398710943074,0.05278447387692288,"[0.46, 0.45, 0.44, -0.85]","['net_sharpe', 'dbl_sharpe', 'tri_sharpe', 'turnover', 'gross_edge', 'short_pnl']",4,21,1,12,0.45,9
4.1311882356944905,3.4995791221945876,0.847111998421509,0.5906749333492134,0.38366480477643505,0.17660104827195564,-0.5568520885297128,0.3915020165626201,0.16588936717750735,0.16094824964156518,0.2226339646084944,0.5294117647058824,0.11033604805468739,30.444224070773075,28.98206664284612,0.025059942359182578,781,0.3740690068357717,-0.024760435010199255,0.038133502997304995,"[1.17, 0.08, 0.71, -0.56]","['net_sharpe', 'dbl_sharpe', 'turnover', 'gross_edge', 'short_pnl']",4,21,1,12,0.45,10
-19.432797050564883,-11.716252288517095,0.6029112668665739,0.27882412677608454,0.04526687533278946,-0.18745502143172882,-0.6667998840292547,-0.2967907109404479,0.22400570620256055,0.17910833309981788,-0.004267930784962514,0.5294117647058824,0.10807800887153762,33.66182825216953,16.476894275328966,0.027794083378788716,809,0.08658910120994016,0.1329885006121223,0.021181845567118274,"[1.22, -0.67, -0.46, -0.13]","['net_sharpe', 'dbl_sharpe', 'tri_sharpe', 'ret_2x', 'pos_folds', 'turnover', 'gross_edge']",4,21,1,12,0.45,11
-9.43787791375373,-4.797774531043314,0.5083531038319071,0.07139107153229914,-0.11971286529402142,-0.3100559284587358,-0.5440391504169465,-0.2113037738494881,0.14988234147427137,0.11784367532193041,-0.11928632047545842,0.47058823529411764,0.1046259977055377,26.692032110841478,10.147978459989776,0.0279560765904617,604,0.19142649645949716,-0.08419159476333762,0.030818618854156314,"[0.4, -0.01, -0.54, -0.41]","['net_sharpe', 'dbl_sharpe', 'tri_sharpe', 'ret_2x', 'pos_folds', 'turnover', 'gross_edge', 'short_pnl']",4,21,1,12,0.6,0
-43.64453158365799,-14.251521899263622,0.32653625510784223,-0.5062200183908399,-0.6948934248804554,-0.8821912927573481,-1.5250160349413229,-0.8952855299310056,0.37130961012396835,0.33366703540688103,-0.20828483517697852,0.35294117647058826,0.107212335692654,27.20905042328462,-12.222136785790603,0.027552324197722706,640,-0.03198689036494272,-0.09966754898919974,-0.01728304392758127,"[0.5, -1.13, -0.66, -1.53]","['net_sharpe', 'dbl_sharpe', 'tri_sharpe', 'ret_1x', 'ret_2x', 'pos_folds', 'turnover', 'gross_edge', 'long_pnl', 'short_pnl']",4,21,1,12,0.6,1
-35.14176531961452,-17.334735885110543,0.49328016755706605,-0.07359155256638997,-0.27474209102130204,-0.4749631137964221,-1.4781439614231549,-0.4607117234738757,0.25693941101050766,0.21935480827199172,-0.120842309580965,0.35294117647058826,0.0973699536844862,26.173932469248655,5.050645747138856,0.027563008476024064,587,0.043168188297239146,0.009166647792739333,0.03776302473589579,"[-0.53, -1.48, -0.39, 1.53]","['net_sharpe', 'dbl_sharpe', 'tri_sharpe', 'ret_1x', 'ret_2x', 'pos_folds', 'turnover', 'gross_edge']",4,21,1,12,0.6,2
-29.02293799208179,-12.12191473242727,0.41766669989559435,0.01438882039337262,-0.19091620280942084,-0.3948062341872307,-0.8331456056901051,-0.5518173193825326,0.24278774923125201,0.20339674374481376,-0.10099879685130905,0.35294117647058826,0.10218991692118726,28.05281339855014,8.018411030387304,0.028638116508848985,606,0.17146188036774418,-0.08241069181400767,0.040713028281647724,"[-0.83, -0.63, -0.48, 1.24]","['net_sharpe', 'dbl_sharpe', 'tri_sharpe', 'ret_1x', 'ret_2x', 'pos_folds', 'turnover', 'gross_edge', 'short_pnl']",4,21,1,12,0.6,3
-14.788116738799092,-7.996525212003454,0.5407399301239783,0.1125407353903765,-0.07822969272625793,-0.2692052811777199,-0.5326012913047815,-0.1617699460963703,0.23359130653141158,0.17964904602970766,-0.05896141261821206,0.6470588235294118,0.10589717475011286,26.9157001988818,11.956180546494073,0.027440022051667342,589,0.14679831355087714,-0.019397227726635144,0.075722832948631,"[-0.53, 0.15, -0.48, 0.53]","['net_sharpe', 'dbl_sharpe', 'tri_sharpe', 'ret_2x', 'pos_folds', 'turnover', 'gross_edge', 'short_pnl']",4,21,1,12,0.6,4
-38.36380589865027,-11.687739245319666,0.30465536386552483,-0.4907104595538572,-0.691757247868548,-0.8917460984860655,-0.9563449096872916,-0.7806350152684205,0.34288784847135156,0.29604732206116846,-0.20152808034617323,0.29411764705882354,0.09659155533906695,25.987006743704416,-10.395123540513504,0.02826358868495997,595,-0.0830477593101426,-0.02389734214691347,0.08450697347520525,"[-0.34, -0.96, -0.62, -0.94]","['net_sharpe', 'dbl_sharpe', 'tri_sharpe', 'ret_1x', 'ret_2x', 'pos_folds', 'turnover', 'gross_edge', 'long_pnl', 'short_pnl']",4,21,1,12,0.6,5
-51.492632768867686,-17.164210922955895,0.3333333333333333,-0.7657595044772635,-0.8995715521692507,-1.0327156174248389,-2.316712550779029,-1.2021948660015669,0.4946955743913888,0.46530188353719404,-0.23040005713660291,0.29411764705882354,0.12546872682451837,22.59014598620721,-35.01907304246139,0.024864497447837548,563,-0.024855658342727585,-0.2883276923471594,0.07557292669198663,"[-0.66, -2.32, -1.74, 1.05]","['net_sharpe', 'dbl_sharpe', 'tri_sharpe', 'ret_1x', 'ret_2x', 'pos_folds', 'gross_edge', 'long_pnl', 'short_pnl']",4,21,1,12,0.6,6
-28.617522448865163,-15.25778103992501,0.5331621934494215,0.02870875727432738,-0.12485285758809743,-0.2779343174169516,-0.948816700309181,-0.17492617829438095,0.2770001405156489,0.24068816707782914,-0.0773616037596928,0.4117647058823529,0.11765808235314339,24.129914213698452,9.142236063316174,0.02443615793476323,582,0.0022465501988317427,0.08508741759231712,0.08814244364873822,"[-0.83, -0.95, 0.48, 1.13]","['net_sharpe', 'dbl_sharpe', 'tri_sharpe', 'ret_1x', 'ret_2x', 'pos_folds', 'gross_edge']",4,21,1,12,0.6,7
37.68123012446254,37.26330546323654,0.988908943263116,0.7163790137774987,0.5438646169859939,0.3712040726753162,0.18464887800913166,0.5665701670526798,0.1400972139727511,0.131157985428079,0.38206976630721734,0.7058823529411765,0.10618451161620554,24.427881463407687,38.413699807945385,0.02506918411125783,579,0.26145679541035427,0.11003303100546938,0.06338758726315363,"[0.6, 0.18, 0.97, 0.53]","['net_sharpe', 'gross_edge']",4,21,1,12,0.6,8
-3.9361086473403937,-3.652641382429694,0.9279828657417176,0.6369431287486653,0.4360462523279726,0.23525801232934843,-0.8289798737660706,0.39458206172786486,0.20446327909944562,0.17376816840868758,0.19043160169493492,0.5882352941176471,0.09869225886817158,26.392251141658573,31.381168722009125,0.02663529219080315,578,0.3100092214341984,0.017875010432483046,0.040114580347725706,"[1.57, 0.84, -0.05, -0.83]","['net_sharpe', 'dbl_sharpe', 'pos_folds', 'turnover', 'gross_edge']",4,21,1,12,0.6,9
9.2620979465279,7.573502909467081,0.8176876290005305,0.4983619020419459,0.32144632860775957,0.1445418759291418,-0.371211444702705,0.33827507780610466,0.1438924632641022,0.13971000988019777,0.20428670921084455,0.5294117647058824,0.10833958544593435,25.54901428587118,28.775521880285055,0.02418253159080776,598,0.40195664120502406,-0.1109034665951478,0.034948377100681785,"[0.68, -0.0, 0.91, -0.37]","['net_sharpe', 'dbl_sharpe', 'pos_folds', 'turnover', 'gross_edge', 'short_pnl']",4,21,1,12,0.6,10
-25.401643786371434,-10.725167757835004,0.4222233745199318,0.010099924057979178,-0.18567798620524584,-0.3807426136366449,-0.8180160666599481,-0.5301540122042045,0.23786942515884568,0.20579351812104574,-0.09949092502468859,0.5294117647058824,0.10115443850935218,26.439621688400102,8.021219915572374,0.02680632043532025,601,0.08571338162373268,-0.0017537271118982234,0.014968440538569484,"[0.87, -0.82, -0.67, -0.39]","['net_sharpe', 'dbl_sharpe', 'tri_sharpe', 'ret_1x', 'ret_2x', 'pos_folds', 'turnover', 'gross_edge', 'short_pnl']",4,21,1,12,0.6,11
-28.058373927877213,-12.5540705706385,0.4474268752319066,0.05395107839941421,-0.12456707004086914,-0.3024713063384119,-1.236343989574869,-0.14440379105833456,0.23583161042149825,0.19389845807525574,-0.0944552937658138,0.4117647058823529,0.12145589259831818,28.954388505081248,9.62477614208403,0.02168792610864416,763,0.26212581590095446,-0.15179927107480967,0.051247279878807415,"[0.66, -0.39, -1.24, 0.1]","['net_sharpe', 'dbl_sharpe', 'tri_sharpe', 'ret_1x', 'ret_2x', 'pos_folds', 'turnover', 'gross_edge', 'short_pnl']",4,21,1,15,0.3,0
-8.921150591844292,-6.8533088560709805,0.768209076342268,0.3680558501268253,0.19023895262971108,0.012775718004227311,-0.6219303453246016,0.027264247044479037,0.16707634536987037,0.15424584262878105,0.09254126298371845,0.4117647058823529,0.11557877735333373,27.37905061452151,22.986625297828937,0.020341148621801204,764,0.28583031348438337,-0.03667590047953345,0.08078741620563108,"[0.12, -0.06, -0.62, 1.13]","['net_sharpe', 'dbl_sharpe', 'pos_folds', 'turnover', 'gross_edge', 'short_pnl']",4,21,1,15,0.3,1
25.013651576337175,24.506437311829117,0.9797225022120368,0.7665602677220479,0.5765993442312422,0.3867715688106837,-0.39409407150848175,0.6928301905320746,0.12404392573229983,0.1118318074597503,0.4973396974220363,0.5882352941176471,0.115220282316743,29.11685846982382,37.7146613158749,0.021138144917573442,796,0.3586274304549953,0.0761126787477612,0.07778743410490728,"[1.0, 0.71, -0.39, 0.68]","['net_sharpe', 'turnover', 'gross_edge']",4,21,1,15,0.3,2
-25.09179799935579,-20.59424810070441,0.820756173042408,0.522338716203982,0.35432460465313076,0.18651531289376802,-1.86467923140382,0.10808456387801205,0.2563797104259523,0.2320384845009229,0.14530177333110444,0.5294117647058824,0.1254207908431578,28.074806376514577,30.58332933535919,0.020334720378455576,791,0.36050290388797535,-0.020583063767450838,0.05879106419038681,"[2.22, -0.49, -1.86, 0.71]","['net_sharpe', 'dbl_sharpe', 'pos_folds', 'turnover', 'gross_edge', 'short_pnl']",4,21,1,15,0.3,3
-34.31024816806495,-14.046350111711478,0.4093922621284168,-0.07900989463595293,-0.2314960059564435,-0.38330661288460494,-1.1158089673969183,-0.5538847635925197,0.3815970432088829,0.34455874726065583,-0.10390850586664743,0.5882352941176471,0.13475083737475296,27.49536613224615,3.5432287850372117,0.02063674961154926,774,0.5537137493144051,-0.5151451661357895,0.049209845904946266,"[1.54, -0.52, -0.58, -1.12]","['net_sharpe', 'dbl_sharpe', 'tri_sharpe', 'ret_1x', 'ret_2x', 'pos_folds', 'turnover', 'gross_edge', 'short_pnl']",4,21,1,15,0.3,4
36.729187367466416,36.344695292501704,0.9895317021006219,0.9458256245480727,0.7569854251732946,0.5681420104994034,0.37829071044589535,0.7707182978236886,0.21428605821541113,0.199698455805411,0.38514605011758535,0.5882352941176471,0.11310708047608532,28.40219681729788,45.22728592691567,0.019941902598729157,781,0.46615372003561506,0.04238900035075,0.045837451160542574,"[1.16, 0.94, 0.6, 0.38]",['turnover'],4,21,1,15,0.3,5
-19.732506613321636,-13.323006393057197,0.6751806374190031,0.331614159267852,0.15026776629835709,-0.030432414002806895,-1.487668484394275,0.24248975977554132,0.2248353887856086,0.19057773274110767,0.04817898613903169,0.47058823529411764,0.11696296757709664,28.26913635549304,21.055753692742638,0.02164733190815025,748,0.4060262542996136,-0.17038120776802543,0.06065307062482332,"[0.97, 0.54, -1.49, -0.06]","['net_sharpe', 'dbl_sharpe', 'tri_sharpe', 'pos_folds', 'turnover', 'gross_edge', 'short_pnl']",4,21,1,15,0.3,6
-29.493619545622348,-15.78154276406708,0.5350832826623848,0.11805931589797447,-0.07597102828557123,-0.2694534809980853,-1.081724390787397,-0.2223720826624102,0.30652426659543563,0.28457768775654857,-0.047998585848147625,0.5294117647058824,0.11207094953985292,29.01005329617291,12.089759796751357,0.022387959268373468,754,0.20083548735380252,-0.06198699081127221,0.02167229362029394,"[0.91, -1.08, -0.96, 0.51]","['net_sharpe', 'dbl_sharpe', 'tri_sharpe', 'ret_2x', 'pos_folds', 'turnover', 'gross_edge', 'short_pnl']",4,21,1,15,0.3,7
-30.291837823084688,-12.788505687177372,0.42217661938727125,0.054810133228406395,-0.13717042413851505,-0.32917034808329276,-1.0341667299589479,-0.2539833369674022,0.3240818050762906,0.29385359296407865,-0.06700289900170996,0.5294117647058824,0.11323721169710066,28.975130994043614,9.818211677097167,0.02198765406692664,761,0.18898510993089085,-0.0763606343457412,0.05441603663821962,"[-0.3, -0.21, -1.03, 1.1]","['net_sharpe', 'dbl_sharpe', 'tri_sharpe', 'ret_1x', 'ret_2x', 'pos_folds', 'turnover', 'gross_edge', 'short_pnl']",4,21,1,15,0.3,8
-41.46955479154204,-16.629792096872908,0.40101207212054885,-0.44658120992011685,-0.6340993283902757,-0.8213845982409337,-1.1803662937236894,-0.7759170774891173,0.3601638765808868,0.3164547765177437,-0.20699582546359177,0.23529411764705882,0.1122707478236367,28.004409894154957,-10.183819340285293,0.021480653665644264,803,0.06691349327713093,-0.1798182124086166,0.05039551721618747,"[-1.18, -1.05, -0.5, 0.38]","['net_sharpe', 'dbl_sharpe', 'tri_sharpe', 'ret_1x', 'ret_2x', 'pos_folds', 'turnover', 'gross_edge', 'short_pnl']",4,21,1,15,0.3,9
-34.40818608776587,-13.89026085451516,0.4036905874400035,-0.31943406164972715,-0.4919814659252343,-0.6641618684173318,-0.9226878440832018,-0.6638221522667747,0.29988215477503677,0.25444951312929265,-0.20980801155897755,0.4117647058823529,0.11787163453724002,27.133892415332166,-6.310495821782895,0.020686084149233536,837,0.08088786646593309,-0.14867551434651635,0.028805854110475572,"[-0.54, -0.79, 0.42, -0.92]","['net_sharpe', 'dbl_sharpe', 'tri_sharpe', 'ret_1x', 'ret_2x', 'pos_folds', 'turnover', 'gross_edge', 'short_pnl']",4,21,1,15,0.3,10
-35.21240375242893,-13.872389258427,0.3939631431003937,-0.20388577561431584,-0.4159997241411969,-0.627353177789079,-1.0780584014415022,-0.6548370091747171,0.2780215205388342,0.2293147293524509,-0.17794326389315585,0.35294117647058826,0.10781433226515702,30.537147246306326,0.38693667296148815,0.02324489536280014,852,-0.059706850791924226,0.06438466898841304,0.03543699234361031,"[0.55, -1.08, -0.8, -0.51]","['net_sharpe', 'dbl_sharpe', 'tri_sharpe', 'ret_1x', 'ret_2x', 'pos_folds', 'turnover', 'gross_edge', 'long_pnl']",4,21,1,15,0.3,11
-49.695091453334655,-14.684460407645226,0.2954911637789101,-0.9113720326359038,-1.0859239618119363,-1.2595004765294628,-1.5787428705438613,-1.4549892717691248,0.4513654113227088,0.41595908572122053,-0.2938016784098611,0.17647058823529413,0.12374095833291797,28.9653717718542,-31.74024681915423,0.023015300378430782,813,-0.23446887275938838,-0.12950012207957773,0.06489073063284376,"[-0.13, -1.43, -1.48, -1.58]","['net_sharpe', 'dbl_sharpe', 'tri_sharpe', 'ret_1x', 'ret_2x', 'pos_folds', 'turnover', 'gross_edge', 'long_pnl', 'short_pnl']",4,21,1,15,0.3,12
-22.768748608825856,-13.414144807184407,0.5891472139134023,0.25190207809165915,0.052397855136312885,-0.14672687086122907,-1.7304388787488452,0.2524957057791583,0.22299853324631214,0.19933500113266867,-0.0017621639973036025,0.35294117647058826,0.11171738195365968,29.728291738749743,17.13488570148075,0.02184889804433037,772,-0.06690821792680172,0.2685711831619306,0.0835809174802863,"[1.11, 0.22, -1.73, 0.29]","['net_sharpe', 'dbl_sharpe', 'tri_sharpe', 'ret_2x', 'turnover', 'gross_edge', 'long_pnl']",4,21,1,15,0.3,13
-30.574846995497523,-13.46893711042112,0.4405234509400674,-0.015397237583169226,-0.1934492773299226,-0.3707877982344459,-1.2960788056235222,-0.2325998141072469,0.23782564469956646,0.20842538206769756,-0.12164235653916143,0.35294117647058826,0.1164731794442568,27.737992693412814,6.7863161316288965,0.021015615220557386,752,0.2100096292781061,-0.13548769842567304,0.04617198379489858,"[-0.5, -1.3, 1.0, 0.04]","['net_sharpe', 'dbl_sharpe', 'tri_sharpe', 'ret_1x', 'ret_2x', 'pos_folds', 'turnover', 'gross_edge', 'short_pnl']",4,21,1,15,0.3,14
-17.626998134931245,-8.92103746881292,0.5061007779387114,0.034679417348779114,-0.13704146957856303,-0.3082610399873812,-0.6279732818428945,-0.2825726762908085,0.1831806278545215,0.14124079757269237,-0.11665896461196389,0.35294117647058826,0.11178839430451751,25.616002515357177,9.090704351929139,0.021773578103726664,599,0.084391289682512,0.007798722786825404,0.06504110799890278,"[-0.63, -0.04, -0.53, 0.68]","['net_sharpe', 'dbl_sharpe', 'tri_sharpe', 'ret_1x', 'ret_2x', 'pos_folds', 'turnover', 'gross_edge']",4,21,1,15,0.45,0
-23.019560274530892,-12.610153847526206,0.5478016824447436,0.10941487221457352,-0.04877353885667475,-0.2067224266508837,-0.7097863788238205,-0.2723304498363499,0.23003962025830582,0.20892423134135085,-0.05162696445855506,0.4117647058823529,0.11339507952280686,23.91722710049029,12.719464593871336,0.01993472425143377,631,0.3148176872329386,-0.19438215376676182,0.07364166058154316,"[0.0, -0.55, -0.71, 0.92]","['net_sharpe', 'dbl_sharpe', 'tri_sharpe', 'ret_2x', 'pos_folds', 'gross_edge', 'short_pnl']",4,21,1,15,0.45,1
14.749029611928451,14.324524882127085,0.9712181247871357,0.6477859266778947,0.47579311227495036,0.3036589898226743,-0.6808289360124951,0.5242425969955986,0.12056834659281257,0.10978427086453113,0.3995786630697631,0.5882352941176471,0.11201246195576746,25.693396950221263,35.69011469377381,0.02072066345209275,650,0.2504542216852273,0.11257739760727943,0.07074740981435657,"[1.15, 0.25, -0.68, 0.8]","['net_sharpe', 'dbl_sharpe', 'turnover', 'gross_edge']",4,21,1,15,0.45,2
-18.839083535639464,-16.125429384382535,0.8559561484971769,0.5649855652931028,0.42014608016107335,0.27546505450682185,-1.0446363932423335,-0.019370139503935735,0.23894668250990647,0.2023895080122815,0.19696214421005404,0.5882352941176471,0.12939985804132437,24.935222927642336,36.56956587432432,0.01947580378867735,675,0.578825383513973,-0.217824684635704,0.05731250649970554,"[2.26, -0.73, -1.04, 0.69]","['net_sharpe', 'dbl_sharpe', 'pos_folds', 'gross_edge', 'short_pnl']",4,21,1,15,0.45,3
-30.461981223547483,-12.9755190044425,0.42595781637513014,0.008068234576369775,-0.11603699163670943,-0.23973204406095106,-0.7375496653132598,-0.46695278262487994,0.33733345423560435,0.30224887453649263,-0.07493165453908908,0.47058823529411764,0.1376669652052502,22.84416863885548,7.761319452915848,0.019922497390474792,602,0.4566456961830915,-0.3864539738024546,0.05834328735444197,"[1.41, -0.74, -0.43, -0.51]","['net_sharpe', 'dbl_sharpe', 'tri_sharpe', 'ret_1x', 'ret_2x', 'pos_folds', 'gross_edge', 'short_pnl']",4,21,1,15,0.45,4
39.01681448508724,36.01552106315745,0.9230769230769231,0.8716592443097589,0.7067625929369491,0.5418637208656382,0.36358476053163113,0.6266991983539039,0.18427449133424412,0.17181559419662018,0.40750683615216526,0.7058823529411765,0.11106601252855455,24.35287113117852,47.31566792300294,0.019715225062184653,593,0.47017455506319916,-0.014000975574433874,0.05224665654854959,"[0.73, 0.36, 1.37, 0.53]",['short_pnl'],4,21,1,15,0.45,5
-19.516083027169678,-15.032786788829732,0.7702768413057866,0.3285734035654553,0.17513197373202874,0.022015150412636523,-0.9319516214408619,-0.14838114612278258,0.19156629244124523,0.16892408006567128,0.07146556704726192,0.35294117647058826,0.1154518992507583,23.616411514831114,23.438062735507255,0.021755728162643283,572,0.36687362679717106,-0.14773920471462793,0.07854713942538656,"[1.34, -0.49, -0.93, 0.19]","['net_sharpe', 'dbl_sharpe', 'pos_folds', 'gross_edge', 'short_pnl']",4,21,1,15,0.45,6
-35.33265077631018,-15.691756645195742,0.4441148994039458,-0.0717766975506686,-0.24564049687585576,-0.4190667425467989,-1.3345962143364123,-0.5138478758659034,0.3013006685492944,0.2723110150979293,-0.10582667638091715,0.47058823529411764,0.1080366444700756,25.06078888870273,4.370343245309479,0.023494918936373392,582,0.24569111893312778,-0.20233151881162093,0.029767887022930973,"[0.91, -1.33, -1.33, 0.3]","['net_sharpe', 'dbl_sharpe', 'tri_sharpe', 'ret_1x', 'ret_2x', 'pos_folds', 'turnover', 'gross_edge', 'short_pnl']",4,21,1,15,0.45,7
-29.277338915913855,-12.39181317161066,0.42325613018316444,-0.019021369789119575,-0.17535036087338496,-0.3317834623941114,-1.1785354267451185,-0.26272547782678546,0.3251103454218418,0.3014320356303475,-0.07941528003106522,0.6470588235294118,0.11280662942067235,23.468194782454535,6.759854361912185,0.021078273563813088,585,0.260458747846839,-0.19765406799425833,0.042105792226016396,"[-0.38, -0.15, -1.18, 1.19]","['net_sharpe', 'dbl_sharpe', 'tri_sharpe', 'ret_1x', 'ret_2x', 'pos_folds', 'gross_edge', 'short_pnl']",4,21,1,15,0.45,8
-46.8816926316492,-15.6272308772164,0.3333333333333333,-0.6116667664528173,-0.768581274789172,-0.9251839171670786,-1.5994443215989438,-0.9482891727142131,0.39973793349716713,0.3687514094200115,-0.21608328635956403,0.11764705882352941,0.10969388516809718,22.907794807191515,-21.441095527327086,0.02082482716899143,615,-0.08039557791236028,-0.11405320927918058,0.04914119408603923,"[-1.37, -1.6, -0.53, 0.69]","['net_sharpe', 'dbl_sharpe', 'tri_sharpe', 'ret_1x', 'ret_2x', 'pos_folds', 'gross_edge', 'long_pnl', 'short_pnl']",4,21,1,15,0.45,9
-22.048505099574985,-9.11833521101238,0.4135579790934737,-0.11975046669127835,-0.27416677751804697,-0.4283974344555356,-0.7171607934355454,-0.38569434704466365,0.20855003948173578,0.18968378286386778,-0.18674678116276827,0.47058823529411764,0.11901225209982973,24.500499298301722,1.7168157952729945,0.020096930644680884,697,0.06529392933872133,-0.04864165266727148,0.020028030219047095,"[-0.72, -0.12, 0.6, -0.65]","['net_sharpe', 'dbl_sharpe', 'tri_sharpe', 'ret_1x', 'ret_2x', 'pos_folds', 'gross_edge', 'short_pnl']",4,21,1,15,0.45,10
-32.561996828768415,-13.151208702412575,0.4038821320317041,-0.2215710091491172,-0.41552217735390345,-0.6089900078344015,-0.8388040376912823,-0.5569783426845992,0.2753205121521294,0.23035708158203394,-0.1737451759831423,0.29411764705882354,0.10468173298382953,27.07164042302949,-0.8869231367661082,0.022846575159763332,701,-0.1021715892777118,0.09266607672187097,0.033793982738749714,"[0.22, -0.84, -0.48, -0.63]","['net_sharpe', 'dbl_sharpe', 'tri_sharpe', 'ret_1x', 'ret_2x', 'pos_folds', 'turnover', 'gross_edge', 'long_pnl']",4,21,1,15,0.45,11
-51.5667030713826,-15.781382285019763,0.30603822515420387,-1.2752688779268861,-1.4472341652488114,-1.617787583771018,-1.657884576803747,-1.5122830733549015,0.48221667075228114,0.44193441857393334,-0.31643153436761623,0.058823529411764705,0.10997293000604198,25.53757682488373,-47.30095564503818,0.022915280504930087,656,-0.3029057224793815,-0.1753108075579371,0.06320736437438261,"[-1.59, -1.43, -1.07, -1.66]","['net_sharpe', 'dbl_sharpe', 'tri_sharpe', 'ret_1x', 'ret_2x', 'pos_folds', 'turnover', 'gross_edge', 'long_pnl', 'short_pnl']",4,21,1,15,0.45,12
-33.41134990581515,-15.061705637634438,0.4507960821724533,0.01679909846620101,-0.1634843899064601,-0.3435113466242185,-1.5899283704091651,-0.038416135146332006,0.27324554708899107,0.23308146560347198,-0.08507681544266982,0.23529411764705882,0.10808855656960574,25.99712374348539,8.502739129275653,0.02214878701569932,621,-0.005922023269686522,0.09343231644281028,0.08152958025329683,"[0.78, 0.04, -1.59, -0.12]","['net_sharpe', 'dbl_sharpe', 'tri_sharpe', 'ret_1x', 'ret_2x', 'pos_folds', 'turnover', 'gross_edge', 'long_pnl']",4,21,1,15,0.45,13
-9.648934399623226,-6.320358725127453,0.655031785206691,0.22339349652876747,0.061876641216849285,-0.09933078769948575,-0.9199448704513566,0.2415868646981935,0.17632930329726504,0.16474124254140865,0.003398752782170795,0.47058823529411764,0.11346100747063789,24.458221951368536,17.83005551702636,0.02075868847169736,606,0.1845075084628712,-0.011863083031982163,0.04877172681548404,"[-0.16, -0.92, 0.72, 0.65]","['net_sharpe', 'dbl_sharpe', 'tri_sharpe', 'pos_folds', 'gross_edge', 'short_pnl']",4,21,1,15,0.45,14
-10.149087461718764,-5.640689119336385,0.5557828859601852,0.1440204563471361,-0.0005402106323649739,-0.14465586401512776,-0.7529507672518838,-0.02577736031563182,0.14632868701420598,0.11707961300846148,-0.03743583426036244,0.4117647058823529,0.10408435638793709,20.074857024913317,15.139411215272874,0.021230517820204423,439,0.16183688154466075,-0.041517267839285554,0.06439832161867312,"[-0.11, 0.06, -0.75, 0.73]","['net_sharpe', 'dbl_sharpe', 'tri_sharpe', 'ret_2x', 'pos_folds', 'gross_edge', 'short_pnl']",4,21,1,15,0.6,0
-21.579763818090356,-9.734780824460035,0.45110692158267973,0.003258237287915548,-0.13324609265993675,-0.2694292322317824,-0.7353364521125866,-0.1264881437940053,0.22356932721021472,0.1924222801506159,-0.09047441977448312,0.4117647058823529,0.10884359180270611,19.828732880548607,7.74602069193101,0.01982529366991583,462,0.1340960699704264,-0.07328976719071659,0.06417529556505303,"[0.13, -0.38, -0.74, 0.29]","['net_sharpe', 'dbl_sharpe', 'tri_sharpe', 'ret_1x', 'ret_2x', 'pos_folds', 'gross_edge', 'short_pnl']",4,21,1,15,0.6,1
-2.2043199627425727,-1.9499196098754579,0.884590097097068,0.4446201916628631,0.2846790386241145,0.12464031031823386,-0.9019771771592323,0.2755294264823699,0.15844234945545888,0.1379016505547026,0.15314651356243483,0.5882352941176471,0.10278067382536459,21.932577461583122,28.31485115073638,0.021718087122943996,484,0.24161185314376377,0.004243085931678103,0.03084116399667752,"[1.14, -0.11, -0.9, 0.66]","['net_sharpe', 'dbl_sharpe', 'pos_folds', 'gross_edge']",4,21,1,15,0.6,2
11.861073816843655,10.64455342537251,0.8974358974358974,0.9454660880651281,0.8216740558376585,0.6979675866872247,-0.6335858239482871,0.5990212687609802,0.18438772867996278,0.1833785246630265,0.56521595323525,0.6470588235294118,0.1309493918565656,21.442427535269335,65.00861964757277,0.01894109830203484,512,0.581269370216563,-0.02942085513064667,0.06154136276794922,"[1.67, -0.63, -0.47, 2.41]","['pos_folds', 'short_pnl']",4,21,1,15,0.6,3
-12.572520787506896,-10.126851424094813,0.8054750193101845,0.3587857423663179,0.2575223339627012,0.15646912545636255,-0.5132736283491985,0.11957262181064454,0.2679536239299306,0.2652365693174751,0.09957257373776757,0.5882352941176471,0.14195405004281353,19.14132986458824,33.63926953929728,0.01903063239991761,458,0.6559216470499054,-0.40100767102876145,0.06310593205399823,"[1.92, -0.5, 0.74, -0.51]","['net_sharpe', 'dbl_sharpe', 'pos_folds', 'gross_edge', 'short_pnl']",4,21,1,15,0.6,4
14.633256161335755,12.433749259653593,0.8496912185892203,0.5496365168644438,0.40183409376949214,0.25400813106750086,-0.17966728185366637,0.44023283291828924,0.19137579009647254,0.18266810812334322,0.19083475559092714,0.7058823529411765,0.10222517979763797,20.141567761386774,35.54421365494634,0.020141324993911223,459,0.2844406975191054,-0.0010163436965384826,0.06237430125249415,"[0.88, -0.0, 0.97, -0.18]","['net_sharpe', 'dbl_sharpe', 'pos_folds', 'gross_edge', 'short_pnl']",4,21,1,15,0.6,5
-3.6484623664203926,-2.799553875770617,0.7673243121642328,0.38124425864594574,0.23976678624663242,0.0984023068930096,-0.43448789661185,-0.15335468814785522,0.1542662226438598,0.12328604189442616,0.1293309079599665,0.5294117647058824,0.10542055318145875,19.881010953447177,27.43175316003989,0.021854196076375648,445,0.35466160477477315,-0.13875446137944902,0.0266844553074351,"[1.27, -0.07, -0.24, -0.43]","['net_sharpe', 'dbl_sharpe', 'pos_folds', 'gross_edge', 'short_pnl']",4,21,1,15,0.6,6
-34.57650145727687,-15.071808327530942,0.43589743589743585,-0.1989081170535595,-0.34411736843645446,-0.48881894185395525,-1.2482849721906002,-0.418995408896359,0.28667676912904705,0.26417760558967407,-0.14376832520438523,0.4117647058823529,0.10584940703221049,20.54184567507124,-2.8318118949043467,0.023045474115986602,457,0.3338954609125337,-0.35692466064623407,0.02573052339358748,"[0.18, -1.02, -1.25, 0.37]","['net_sharpe', 'dbl_sharpe', 'tri_sharpe', 'ret_1x', 'ret_2x', 'pos_folds', 'gross_edge', 'short_pnl']",4,21,1,15,0.6,7
-32.27082244781332,-13.77695766370666,0.4269168437211674,0.009811707307664772,-0.1188367653790064,-0.2475878532591239,-1.0924539916178906,-0.4403238192938058,0.36145266842000257,0.3429790197155652,-0.04984446339441285,0.5882352941176471,0.10571377542448568,18.097089073902012,8.172840036290484,0.021416038645910757,421,0.20540836532238155,-0.1468543468543104,0.04256065521965892,"[-0.11, -0.77, -1.09, 1.88]","['net_sharpe', 'dbl_sharpe', 'tri_sharpe', 'ret_1x', 'ret_2x', 'pos_folds', 'gross_edge', 'short_pnl']",4,21,1,15,0.6,8
-43.820101126417114,-17.977477385196764,0.41025641025641024,-0.3813846023640956,-0.5153433141896258,-0.6489148661049157,-1.8457891654888692,-0.5526425608504991,0.3571000655750298,0.3382012946930988,-0.16625772586575063,0.23529411764705882,0.10737149969679267,19.20610974489969,-13.507309974922002,0.02090199096344571,434,0.11579924265447114,-0.2185022723338068,0.04028487040710933,"[-0.35, -0.76, -1.85, 0.49]","['net_sharpe', 'dbl_sharpe', 'tri_sharpe', 'ret_1x', 'ret_2x', 'pos_folds', 'gross_edge', 'short_pnl']",4,21,1,15,0.6,9
-25.06734269983154,-11.058751766258354,0.44116170982625424,-0.08576024281216711,-0.21578003851252164,-0.3456383658538983,-1.0611182348521488,-0.2943629575123709,0.19631652138194555,0.1797254117585666,-0.16149957980676374,0.35294117647058826,0.11735744321533113,20.341446602178447,2.7374224429855514,0.019096709766429385,507,0.2285583558876022,-0.20651393769786092,0.01084511647018882,"[-1.06, 0.08, 0.95, -0.67]","['net_sharpe', 'dbl_sharpe', 'tri_sharpe', 'ret_1x', 'ret_2x', 'pos_folds', 'gross_edge', 'short_pnl']",4,21,1,15,0.6,10
-44.551307909116176,-13.708094741266516,0.3076923076923077,-0.6522670617687931,-0.8151422589044173,-0.9774750072600518,-1.553524054465265,-0.7367269859375564,0.4019754295071981,0.37084055458457454,-0.2175109502066695,0.29411764705882354,0.10535404394984389,22.873649660534046,-22.440575614688314,0.023397134261191645,536,-0.05230600073829886,-0.1509037018981793,0.03256818798238304,"[-1.55, -0.82, -0.65, -0.14]","['net_sharpe', 'dbl_sharpe', 'tri_sharpe', 'ret_1x', 'ret_2x', 'pos_folds', 'gross_edge', 'long_pnl', 'short_pnl']",4,21,1,15,0.6,11
-44.60216048895417,-13.723741688908976,0.3076923076923077,-0.8698853549364286,-1.023383745409792,-1.1759681319040385,-1.4240009435325647,-1.0143574592991464,0.3926453699829555,0.35924943486991134,-0.27866071511085594,0.35294117647058826,0.10740181489744083,22.140652547256494,-34.7879072379929,0.02339006273859486,515,-0.14366861614643556,-0.16125685435185008,0.03740261266784336,"[-1.42, -1.35, -0.56, -0.68]","['net_sharpe', 'dbl_sharpe', 'tri_sharpe', 'ret_1x', 'ret_2x', 'pos_folds', 'gross_edge', 'long_pnl', 'short_pnl']",4,21,1,15,0.6,12
-35.660047585882346,-15.732820899689134,0.44118900463603666,-0.11241944200550942,-0.2776984831669106,-0.4427059243209415,-1.4410452879397613,-0.21432373825883724,0.2860451523048557,0.2643406982138701,-0.1191459117733595,0.23529411764705882,0.10497206266516279,23.146261860653098,2.7516157440724056,0.02225239872603618,525,-0.11842628110704145,0.143640390369486,0.08240928302072176,"[0.58, -0.61, -1.44, 0.18]","['net_sharpe', 'dbl_sharpe', 'tri_sharpe', 'ret_1x', 'ret_2x', 'pos_folds', 'gross_edge', 'long_pnl']",4,21,1,15,0.6,13
-27.417644461321792,-11.957026836624534,0.43610700596443913,-0.14563676280322302,-0.2903622895163006,-0.4347015059225766,-1.2074306712503025,-0.10733563669292867,0.2222720770126011,0.19934570281149389,-0.16059979563043858,0.35294117647058826,0.1058039652690527,20.449190679630743,0.10897643484167219,0.021176810153607614,469,-0.029325528845238362,0.030207762666946414,0.06214710078511082,"[-0.32, -1.21, 0.37, 0.11]","['net_sharpe', 'dbl_sharpe', 'tri_sharpe', 'ret_1x', 'ret_2x', 'pos_folds', 'gross_edge', 'long_pnl']",4,21,1,15,0.6,14
-42.095460125710574,-14.345453563432327,0.34078386411722766,-0.19035402393367382,-0.5855067042769597,-0.9774135813021024,-1.4866963070244854,-0.9034896566947761,0.32473464721662726,0.2132478421960945,-0.23805151681976247,0.35294117647058826,0.12385373650645454,65.49035290366095,3.874276007625049,0.04492010255793796,2515,0.28058190507193187,-0.18013354046532318,0.06260352344563146,"[0.54, -1.17, -0.64, -1.49]","['net_sharpe', 'dbl_sharpe', 'tri_sharpe', 'ret_1x', 'ret_2x', 'pos_folds', 'turnover', 'gross_edge', 'short_pnl']",4,21,2,9,0.3,0
-49.3508473121406,-12.654063413369384,0.2564102564102564,-0.529113277544225,-0.9630941282138137,-1.3932021466735782,-2.247764071161378,-0.9130309144837179,0.40103719726716724,0.28209051150260345,-0.2906919258212122,0.23529411764705882,0.12077434368405121,70.17102573854307,-1.6202587178983825,0.04755060811171824,2546,-0.030937155904987787,-0.014073689959203578,0.07568424730514792,"[-0.38, -2.25, 0.37, -1.45]","['net_sharpe', 'dbl_sharpe', 'tri_sharpe', 'ret_1x', 'ret_2x', 'pos_folds', 'turnover', 'gross_edge', 'long_pnl', 'short_pnl']",4,21,2,9,0.3,1
-50.49419579088834,-15.536675627965645,0.3076923076923077,-0.705436866814181,-1.1634510406081555,-1.615810796302076,-2.011607841860181,-0.93785423508841,0.45816764217803774,0.34417646367949273,-0.2869962603864632,0.11764705882352941,0.11504869173334177,70.7580044038603,-3.9343622323768206,0.049339353235640405,2515,0.011732893244191633,-0.12194388259714553,0.09049646389877636,"[-2.01, -1.26, -0.62, -0.57]","['net_sharpe', 'dbl_sharpe', 'tri_sharpe', 'ret_1x', 'ret_2x', 'pos_folds', 'turnover', 'gross_edge', 'short_pnl']",4,21,2,9,0.3,2
-42.32248910569113,-14.29547369431217,0.3377748803623615,-0.28145156959415807,-0.6906450528185716,-1.0950986756856107,-1.9349697595775976,-0.5600362412172595,0.3614237172361996,0.2321273761222632,-0.252653132481515,0.47058823529411764,0.12645801557927383,69.4547161335066,2.309604455094614,0.04647735218619572,2498,0.28356339050211476,-0.22005745296392087,0.08612134001181782,"[-0.18, -0.94, 0.02, -1.93]","['net_sharpe', 'dbl_sharpe', 'tri_sharpe', 'ret_1x', 'ret_2x', 'pos_folds', 'turnover', 'gross_edge', 'short_pnl']",4,21,2,9,0.3,3
-47.703290674162275,-14.677935592049932,0.3076923076923077,-0.5127199698873627,-0.9354339405011496,-1.3541824797672557,-2.06303468872567,-0.5955317919951201,0.4362455875392265,0.31677146136761136,-0.26137905700377123,0.23529411764705882,0.12121495813393621,68.60821450594433,-1.57208851630422,0.04627889073581385,2492,0.15428736562905843,-0.19698738726884077,0.04830143250933565,"[-0.48, -0.61, -0.58, -2.06]","['net_sharpe', 'dbl_sharpe', 'tri_sharpe', 'ret_1x', 'ret_2x', 'pos_folds', 'turnover', 'gross_edge', 'short_pnl']",4,21,2,9,0.3,4
4.772066698696692,3.5778735032145956,0.7497534567552786,0.7403904715307039,0.3178965083702527,-0.10145760244411191,-0.297083010960883,0.4332897595766995,0.24301257333360604,0.2191577905726998,0.1298130497401854,0.7058823529411765,0.12004510114224486,67.45612014325789,20.753886599922843,0.04376806230958432,2494,0.3828933864181562,0.17134395197913183,0.051801339731645676,"[-0.3, 1.03, 1.08, -0.16]","['net_sharpe', 'dbl_sharpe', 'tri_sharpe', 'pos_folds', 'turnover', 'gross_edge']",4,21,2,9,0.3,5
9.590133031962225,8.46849506357496,0.8830425016369383,0.8505567900489884,0.44767812544188257,0.046235012880832746,-0.5917786966133058,0.858478857008917,0.2062247232052684,0.17780202510434284,0.2384360335776121,0.47058823529411764,0.12420395014707997,66.574681019158,23.36785081585727,0.043470029502982954,2476,0.4662398688731398,0.14964969947594517,0.06330615310304794,"[-0.59, 0.73, 1.14, 0.98]","['dbl_sharpe', 'turnover', 'gross_edge']",4,21,2,9,0.3,6
5.29843284781532,4.665696928853942,0.8805805533192194,0.8136778101099733,0.43114552065170453,0.04787973294019385,-0.3044674554044499,0.09196353900807216,0.14287140323030134,0.11965015750592789,0.3293564150618414,0.47058823529411764,0.12470867427255307,63.658244705360836,23.41024607385768,0.042909723737775095,2453,0.5580640042792417,0.03191372866554984,0.08028159194380613,"[1.46, -0.3, 0.07, 0.11]","['dbl_sharpe', 'turnover', 'gross_edge']",4,21,2,9,0.3,7
-20.06934265534327,-13.794903884216069,0.687362018832406,0.5144353382674659,0.10271124750177577,-0.30678714068046786,-0.9121983216033858,-0.047082600275982545,0.20340589771176987,0.1158094190038722,0.025431061434641744,0.35294117647058826,0.1191052262303146,65.35271103134319,16.82291641266907,0.04304412955447546,2524,0.4206783255567934,0.014572774938060168,0.06589764735917601,"[1.14, -0.27, -0.91, 0.17]","['net_sharpe', 'dbl_sharpe', 'tri_sharpe', 'pos_folds', 'turnover', 'gross_edge']",4,21,2,9,0.3,8
-44.47757012744766,-14.825856709149221,0.3333333333333333,-0.4150739935613866,-0.7691288497098286,-1.1195724805572207,-1.6287362928348417,-0.9403194736102913,0.33741952482658544,0.24368270836925743,-0.288873992850852,0.29411764705882354,0.12297988084714592,58.414272326728046,-1.2032543714789807,0.04503456234133293,2087,0.263099660331721,-0.2909257001211688,0.06531999159615275,"[0.05, -1.63, -0.9, -0.98]","['net_sharpe', 'dbl_sharpe', 'tri_sharpe', 'ret_1x', 'ret_2x', 'pos_folds', 'turnover', 'gross_edge', 'short_pnl']",4,21,2,9,0.45,0
-50.38245138085187,-12.918577277141504,0.2564102564102564,-0.6934657926333917,-1.085147257532612,-1.4728710598283796,-2.2659427295598817,-1.16308779521997,0.4201756820756295,0.312626225645677,-0.3047556311105356,0.29411764705882354,0.11933958968028437,62.671936103811305,-5.671411314072358,0.04829525644916944,2035,-0.046750561070128385,-0.09396406447200702,0.06741784340936674,"[-0.64, -2.27, 0.47, -1.69]","['net_sharpe', 'dbl_sharpe', 'tri_sharpe', 'ret_1x', 'ret_2x', 'pos_folds', 'turnover', 'gross_edge', 'long_pnl', 'short_pnl']",4,21,2,9,0.45,1
-42.65581724318431,-9.843650133042534,0.23076923076923078,-0.531661133042932,-0.942385072394122,-1.348065101296709,-1.2416752573090697,-0.9604939953642753,0.404664007046975,0.284370425430299,-0.27228809898117134,0.4117647058823529,0.11621577908044109,64.0923790211546,-2.1162531348722498,0.04930607694533031,2055,-0.03257478777229861,-0.021122084459492374,0.08532693332016926,"[-1.24, -1.23, -0.52, -0.69]","['net_sharpe', 'dbl_sharpe', 'tri_sharpe', 'ret_1x', 'ret_2x', 'pos_folds', 'turnover', 'gross_edge', 'long_pnl', 'short_pnl']",4,21,2,9,0.45,2
-42.15962896385557,-14.108521877951562,0.33464530463603287,-0.34474303371094345,-0.7206016923922295,-1.091663330712387,-1.7492203434241422,-0.6177358771546688,0.3733042472905068,0.26049817855008994,-0.2486536146818619,0.47058823529411764,0.12385582919115873,62.590134733594226,0.6822250774037373,0.04608341555412418,2055,0.24969487644210603,-0.23279013438819596,0.08424726712420783,"[-0.63, -0.61, 0.04, -1.75]","['net_sharpe', 'dbl_sharpe', 'tri_sharpe', 'ret_1x', 'ret_2x', 'pos_folds', 'turnover', 'gross_edge', 'short_pnl']",4,21,2,9,0.45,3
-53.62479846234906,-16.4999379884151,0.3076923076923077,-0.9467358448544921,-1.327746402918732,-1.7040874416224614,-2.522169064262414,-1.035144633503106,0.5535656285060152,0.46646111967818193,-0.2879513098817448,0.17647058823529413,0.12447706605700597,63.80677103126611,-11.04804230044442,0.0490639570428959,2027,0.10252598659932516,-0.38160493545270824,0.03488614884751951,"[-1.44, -0.52, -0.63, -2.52]","['net_sharpe', 'dbl_sharpe', 'tri_sharpe', 'ret_1x', 'ret_2x', 'pos_folds', 'turnover', 'gross_edge', 'short_pnl']",4,21,2,9,0.45,4
8.566170677889776,7.46453256715706,0.8713966657731717,0.7739661696267185,0.3943535856300259,0.016841695249712997,-0.40298030742065,0.6575406837919496,0.2290815086123561,0.21039208759886407,0.17894907949196467,0.6470588235294118,0.11981882063964083,60.481184633213815,22.879670870311195,0.04420469113772785,1920,0.49329014175983193,0.05453889097378106,0.05158327748989033,"[-0.4, 1.0, 1.13, 0.32]","['net_sharpe', 'dbl_sharpe', 'turnover', 'gross_edge']",4,21,2,9,0.45,5
15.48833923190317,13.931888295891552,0.8995082098404965,0.924794818401558,0.5808320181820084,0.23771789426561304,-0.3161684641582279,0.7708278032152853,0.22325145123657164,0.19937526567161679,0.30083283047723125,0.6470588235294118,0.125122382611236,57.21883695978958,27.744269117058128,0.04287313155568231,1859,0.3421068663566451,0.2863671068355331,0.07763024827625586,"[-0.32, 0.76, 1.51, 0.79]","['turnover', 'gross_edge']",4,21,2,9,0.45,6
9.422857299028426,6.5826413260524586,0.6985823001618823,0.6877757245269477,0.33481323564743043,-0.01870216549948782,-0.3004927311039812,0.31911803388078447,0.1537458264945435,0.14473784773810594,0.22270084032547507,0.5294117647058824,0.12324000981561592,58.018283978702556,22.088951006037,0.043868602005368226,2003,0.610804745461174,-0.10344622995006209,0.08249318748515816,"[0.88, -0.3, 0.39, 0.25]","['net_sharpe', 'dbl_sharpe', 'tri_sharpe', 'turnover', 'gross_edge', 'short_pnl']",4,21,2,9,0.45,7
-24.4598496784194,-13.522510734114755,0.5528452100850598,0.38367047427130907,-0.0011987228064989032,-0.38368292346920446,-1.008975534611303,-0.26807141285605274,0.21218638475138252,0.15015000207337237,-0.03245182896382255,0.4117647058823529,0.11624822754676879,59.671361402166355,14.962652197332293,0.04413870615257767,2084,0.25026647155182313,0.10320104618209328,0.06443999949826697,"[1.34, -1.01, -0.5, -0.04]","['net_sharpe', 'dbl_sharpe', 'tri_sharpe', 'ret_2x', 'pos_folds', 'turnover', 'gross_edge']",4,21,2,9,0.45,8
-43.1809190555627,-14.741948327783208,0.34139959616918125,-0.13328870128342662,-0.4361529317063137,-0.7357550417597758,-1.7043518396940451,-0.85695062400253,0.33712772425577875,0.24915747476923245,-0.18876514194168711,0.35294117647058826,0.1306383667759573,53.09073285319567,4.194456674640928,0.045743701324803994,1578,0.4096598058529419,-0.3215002454875376,0.07894108814363449,"[0.94, -1.7, -0.88, -0.83]","['net_sharpe', 'dbl_sharpe', 'tri_sharpe', 'ret_1x', 'ret_2x', 'pos_folds', 'turnover', 'gross_edge', 'short_pnl']",4,21,2,9,0.6,0
-52.23099361656006,-13.39256246578463,0.2564102564102564,-0.8484114632542327,-1.1784031044363081,-1.5050256050988533,-2.286042917512381,-1.3681476905548284,0.453284112138446,0.3737084241689209,-0.3108536459680092,0.23529411764705882,0.12218400806012275,54.11693290840984,-11.679648513831548,0.04960155534161717,1555,-0.1166517845124985,-0.13357738288457566,0.06889978351691917,"[-1.14, -2.29, 0.63, -1.6]","['net_sharpe', 'dbl_sharpe', 'tri_sharpe', 'ret_1x', 'ret_2x', 'pos_folds', 'turnover', 'gross_edge', 'long_pnl', 'short_pnl']",4,21,2,9,0.6,1
-48.84529236362716,-15.029320727269896,0.3076923076923077,-0.787696142148679,-1.131112157032081,-1.4698659775620226,-1.6732302264741332,-1.126658430370591,0.4501106893253529,0.364814050296025,-0.2951689346436816,0.23529411764705882,0.11920260401152628,55.1588350163386,-9.602595724707836,0.052683187036356056,1506,0.2182783187960084,-0.4279687983383949,0.03953222884665935,"[-1.67, -1.52, -0.73, -0.41]","['net_sharpe', 'dbl_sharpe', 'tri_sharpe', 'ret_1x', 'ret_2x', 'pos_folds', 'turnover', 'gross_edge', 'short_pnl']",4,21,2,9,0.6,2
-43.77633909384105,-14.59211303128035,0.3333333333333333,-0.4639548469822467,-0.8186044891606579,-1.1696169916769525,-1.5213407590725614,-0.9124015586819622,0.38787329508366486,0.2851038794368964,-0.25550790906407783,0.4117647058823529,0.1184926139587455,56.337776607891655,-2.245966470464993,0.04882127766437671,1565,0.22095913734560294,-0.27105224262568633,0.04551709018501511,"[-1.52, -0.36, 0.26, -1.46]","['net_sharpe', 'dbl_sharpe', 'tri_sharpe', 'ret_1x', 'ret_2x', 'pos_folds', 'turnover', 'gross_edge', 'short_pnl']",4,21,2,9,0.6,3
-51.41480678104968,-15.819940548015285,0.3076923076923077,-0.8863648839365742,-1.2223538756813708,-1.554690564295563,-2.0942558139122545,-1.0659027768554457,0.5588606873926312,0.4871870605890064,-0.26931438389074686,0.29411764705882354,0.12649523783739341,57.09364962306362,-12.24258412681918,0.04893836205166601,1623,0.08159737894543834,-0.3583144072885284,0.023910260182001666,"[-1.68, -0.45, -0.44, -2.09]","['net_sharpe', 'dbl_sharpe', 'tri_sharpe', 'ret_1x', 'ret_2x', 'pos_folds', 'turnover', 'gross_edge', 'short_pnl']",4,21,2,9,0.6,4
4.027992168805138,3.0813649737430957,0.7649878263435528,0.6392806113287428,0.3007430949470696,-0.036607996468732314,-0.43511883152004144,0.48416306783608976,0.24202799841156053,0.22445571968374534,0.11999458314321819,0.7647058823529411,0.11824349583814103,53.2863795986879,21.770191536444763,0.04449212421175031,1478,0.3332152999797077,0.12603922803744697,0.04872183824726012,"[-0.44, 0.6, 0.37, 1.2]","['net_sharpe', 'dbl_sharpe', 'tri_sharpe', 'turnover', 'gross_edge']",4,21,2,9,0.6,5
60.812256361372235,56.510748395429005,0.9292657726695447,1.2404258307513312,0.951605603076262,0.6628209159316092,0.6048400770303372,1.0365540275593865,0.1636267522332674,0.1460152478462412,0.7180032779603646,0.6470588235294118,0.12466856347494085,47.811728031320506,39.71696663827603,0.041332650042362515,1397,0.3936797999368694,0.3580910730260947,0.06949603550532658,"[0.6, 0.8, 1.49, 1.28]","['turnover', 'gross_edge']",4,21,2,9,0.6,6
4.066093067295073,3.376090095378021,0.8303032024852128,0.6788238990491882,0.3507631553703121,0.022283106565108665,-0.7155666225761371,0.4275142310468505,0.16348040655889584,0.130651216689198,0.21108496789457937,0.5882352941176471,0.11581369010212425,50.659927079411574,23.088751243559642,0.04526496916393233,1526,0.37021259701406745,0.09285030340803366,0.07725307412434032,"[1.06, -0.72, 1.39, -0.2]","['net_sharpe', 'dbl_sharpe', 'pos_folds', 'turnover', 'gross_edge']",4,21,2,9,0.6,7
-19.511359745031026,-13.401653599550071,0.6868641537380848,0.4636339999214807,0.12067498604506763,-0.2208519072265202,-1.0213057659175708,-0.026353755185423697,0.19929263033004085,0.14214055021993233,0.03666318265980417,0.4117647058823529,0.11428016135146045,52.21791795051568,17.666994397458016,0.04386101404811019,1621,0.06976364629462517,0.29545858502172995,0.07559951900490343,"[1.4, -1.02, -0.19, 0.14]","['net_sharpe', 'dbl_sharpe', 'tri_sharpe', 'pos_folds', 'turnover', 'gross_edge']",4,21,2,9,0.6,8
-1.795489475549735,-1.057306689335468,0.5888682187968528,0.3763219207913085,0.0558425982458873,-0.2626736328311907,-0.27285891072396146,0.04048965447623053,0.16392066605474032,0.1496922962181797,-0.004492390333804137,0.4117647058823529,0.12356059710325261,52.812873912572016,16.26130320846041,0.03496150159776717,1950,0.2962600694052355,0.043733052628639815,0.023387649888053613,"[0.34, -0.14, 0.22, -0.27]","['net_sharpe', 'dbl_sharpe', 'tri_sharpe', 'ret_2x', 'pos_folds', 'turnover', 'gross_edge']",4,21,2,12,0.3,0
-27.550725474919762,-11.558216719342532,0.41952494971010174,-0.10745752566571086,-0.42008018094787153,-0.7301101522292015,-0.7506271531412363,-0.4881777442741779,0.23718586924400176,0.19209351354162663,-0.24755236981942738,0.4117647058823529,0.12494913307764736,52.29825702551078,4.819640515919569,0.03532935229368351,1916,0.0989452885181621,0.0008423727947758225,0.010395313617528122,"[-0.44, -0.75, 0.09, -0.54]","['net_sharpe', 'dbl_sharpe', 'tri_sharpe', 'ret_1x', 'ret_2x', 'pos_folds', 'turnover', 'gross_edge']",4,21,2,12,0.3,1
-32.26100556857654,-12.19457343027853,0.37799731333100517,0.03323695661493624,-0.27598426333151044,-0.5827294232191529,-1.1787929620732207,-0.16793424987677733,0.2971240797116049,0.24060060576668896,-0.13920146432448455,0.4117647058823529,0.12443532239673145,51.45209087374474,8.23008843470921,0.0345734973259677,1883,0.2772728033255869,-0.10963092719678366,0.043268135433120636,"[-1.18, -0.71, 0.37, 0.7]","['net_sharpe', 'dbl_sharpe', 'tri_sharpe', 'ret_1x', 'ret_2x', 'pos_folds', 'turnover', 'gross_edge', 'short_pnl']",4,21,2,12,0.3,2
-27.786086448826847,-10.454866180138328,0.3762626377555139,0.018422552316464155,-0.2801879030239399,-0.5764881985528985,-0.9639190074523943,-0.3126460649357921,0.23185969814309182,0.18885219779812457,-0.1904016789467968,0.4117647058823529,0.13026649936269938,52.029734636610314,8.068777350377339,0.034698549206803535,1882,0.25481833445556046,-0.08861706935089597,0.07548558728198199,"[0.0, -0.63, -0.96, 0.05]","['net_sharpe', 'dbl_sharpe', 'tri_sharpe', 'ret_1x', 'ret_2x', 'pos_folds', 'turnover', 'gross_edge', 'short_pnl']",4,21,2,12,0.3,3
-42.39853723561773,-14.642094134819702,0.34534432292912504,-0.04799137538139449,-0.35863672375655536,-0.667823521046726,-1.7989158760963937,-0.7672644609988402,0.37574896809182456,0.3073595007483332,-0.14038029952420455,0.47058823529411764,0.12798169760419448,53.071182843377414,6.245714589811685,0.03598770862798271,1837,0.2169895849427083,-0.08576479559446759,0.08845268682333667,"[1.17, -0.95, -1.8, -0.59]","['net_sharpe', 'dbl_sharpe', 'tri_sharpe', 'ret_1x', 'ret_2x', 'pos_folds', 'turnover', 'gross_edge', 'short_pnl']",4,21,2,12,0.3,4
-29.55254914457469,-15.107049742740069,0.5111927796426132,0.0669852730597578,-0.2556825926440436,-0.5758661599246935,-0.8021234931951057,-0.2683619503340363,0.3246332513516089,0.22891408416691872,-0.11279063548963913,0.47058823529411764,0.11812211139255185,50.93898368000897,9.137648427837686,0.03489741827375276,1843,0.04309387368008215,0.14117827628738755,0.09909561415287599,"[-0.31, -0.22, -0.8, 0.22]","['net_sharpe', 'dbl_sharpe', 'tri_sharpe', 'ret_2x', 'pos_folds', 'turnover', 'gross_edge']",4,21,2,12,0.3,5
-44.09067028669568,-14.801818309554498,0.335713161385549,-0.2427572659637638,-0.534181247609279,-0.8233297584319444,-1.8667799072259736,-0.5063180275405892,0.4090924007598591,0.3431636812880764,-0.18086980832044344,0.35294117647058826,0.12810411187413037,50.01491801604928,1.2375105871521483,0.03449486542984554,1850,0.1490442452001551,-0.12454100784130898,0.09548289651988844,"[-0.19, -0.82, -1.87, 0.41]","['net_sharpe', 'dbl_sharpe', 'tri_sharpe', 'ret_1x', 'ret_2x', 'pos_folds', 'turnover', 'gross_edge', 'short_pnl']",4,21,2,12,0.3,6
-20.602899078518114,-11.43619828295354,0.5550771393564532,0.19387558399184054,-0.10609545332180134,-0.4043732095122307,-0.5855216984236156,-0.025808604036507532,0.2697983529467559,0.18876737069800453,-0.07957891854437965,0.47058823529411764,0.12741480718115844,51.019582221506255,12.27966659909695,0.03437580680250667,1857,0.13780276515875023,0.11022394697116045,0.08706102647095756,"[-0.16, -0.59, 0.11, 0.22]","['net_sharpe', 'dbl_sharpe', 'tri_sharpe', 'ret_2x', 'pos_folds', 'turnover', 'gross_edge']",4,21,2,12,0.3,7
-6.954550935974228,-5.030918004787125,0.7233994043761172,0.4735393001667606,0.16750358619281788,-0.13724048556405266,-0.3758093699341921,0.18761304503970516,0.22931990073710817,0.20101174437186264,0.057651762062516945,0.5294117647058824,0.12622017017612264,51.45097292707721,19.09043837181744,0.033497963439943886,1924,0.30031159247821393,0.08854053141787631,0.06432670874954868,"[0.02, 0.75, -0.38, 0.35]","['net_sharpe', 'dbl_sharpe', 'tri_sharpe', 'turnover', 'gross_edge']",4,21,2,12,0.3,8
-28.028384420159828,-9.958880840481767,0.35531412339694807,0.04186003153272181,-0.2627213495488864,-0.5659698066230449,-0.8177114675700303,-0.17433113226134697,0.3355168822860961,0.2613050680549055,-0.11550864810344984,0.5294117647058824,0.12197289650462434,49.549666398792475,8.616475494511546,0.034712021722043775,1836,0.35201500480711595,-0.18299217256495895,0.048405787247173454,"[-0.16, -0.82, 0.04, -0.19]","['net_sharpe', 'dbl_sharpe', 'tri_sharpe', 'ret_1x', 'ret_2x', 'pos_folds', 'turnover', 'gross_edge', 'short_pnl']",4,21,2,12,0.3,9
-16.114900200233595,-7.954620635085946,0.49361898219950745,0.30756635703241486,-0.016532462871369686,-0.33984778051744463,-0.7438748513855282,-0.002521342090201356,0.20113097093056453,0.16647876810427797,-0.04402455067797709,0.47058823529411764,0.11783680240616651,50.911861670626635,14.636886225456454,0.0346080950377695,1863,0.4099280163383545,-0.11491399490691462,0.05636817607755123,"[0.61, -0.15, 0.15, -0.74]","['net_sharpe', 'dbl_sharpe', 'tri_sharpe', 'ret_2x', 'pos_folds', 'turnover', 'gross_edge', 'short_pnl']",4,21,2,12,0.3,10
-20.805242079450686,-9.552928023823865,0.45915966694082744,0.25000117846109465,-0.0925718142599919,-0.4329307166511224,-0.6386070622912631,-0.36318088843058505,0.21719492694837983,0.15183742157995572,-0.0816790999519653,0.47058823529411764,0.11784096250422985,53.88845965465142,12.929634552842172,0.03610673199250465,1921,0.36529676862177185,-0.08945692205243724,0.035844625171952,"[0.73, -0.26, -0.46, -0.64]","['net_sharpe', 'dbl_sharpe', 'tri_sharpe', 'ret_2x', 'pos_folds', 'turnover', 'gross_edge', 'short_pnl']",4,21,2,12,0.3,11
-30.538318715378015,-11.698193785331181,0.38306607165771656,-0.036407647951950874,-0.3244886869248169,-0.6101066247148477,-1.3821851184031122,-0.200482295638988,0.22743159361533694,0.16741440489841541,-0.19910999304239924,0.35294117647058826,0.12005671546436145,46.29960378937673,6.607056658348725,0.03536584817417248,1585,0.13147191001141356,-0.010367407972780268,0.017484454138814453,"[0.37, -0.61, 0.21, -1.38]","['net_sharpe', 'dbl_sharpe', 'tri_sharpe', 'ret_1x', 'ret_2x', 'pos_folds', 'turnover', 'gross_edge', 'short_pnl']",4,21,2,12,0.45,0
-39.15144554663248,-13.363351091151264,0.3413245897966769,-0.2896592767366911,-0.5680357704403343,-0.8440505803532787,-1.6475185345898684,-0.39542189150811397,0.2990598078754306,0.2101760502316623,-0.2585817264414994,0.35294117647058826,0.12700948453103628,47.40284164941333,-0.3969440831680099,0.036249416657683234,1546,0.1691147859425462,-0.17656396978189753,0.010323241927588291,"[-0.04, -1.65, 0.13, -0.75]","['net_sharpe', 'dbl_sharpe', 'tri_sharpe', 'ret_1x', 'ret_2x', 'pos_folds', 'turnover', 'gross_edge', 'short_pnl']",4,21,2,12,0.45,1
-15.822898980337882,-9.625939752320477,0.6083550027262403,0.38773432362908544,0.10132064301440405,-0.18318345534935856,-0.8254868103352007,0.08731162500162426,0.20751385800922473,0.16791699990242026,0.023627908277394034,0.47058823529411764,0.123488450615265,47.12995673119241,17.59349789827956,0.03411132471823048,1574,0.539576512623804,-0.21131178705227888,0.040989465503293,"[-0.25, -0.83, 0.43, 1.11]","['net_sharpe', 'dbl_sharpe', 'tri_sharpe', 'pos_folds', 'turnover', 'gross_edge', 'short_pnl']",4,21,2,12,0.45,2
-15.356171118796567,-8.288917581367269,0.5397776253757228,0.18567196336264358,-0.08735668327845891,-0.3585418805515734,-0.5823159833397358,-0.10821063976274956,0.19938474177287124,0.18160475117592,-0.09675269820688237,0.47058823529411764,0.12817581955536295,46.71662095306743,12.814027218818246,0.03438025576987478,1525,0.18065802368162925,0.05633308201980135,0.07673022144029618,"[-0.16, -0.58, -0.05, 0.42]","['net_sharpe', 'dbl_sharpe', 'tri_sharpe', 'ret_2x', 'pos_folds', 'turnover', 'gross_edge']",4,21,2,12,0.45,3
-30.74134233359781,-16.90655937652313,0.5499616507651854,0.1269171635362353,-0.16626976368279825,-0.45850688582738214,-1.6030316108888665,0.07639947397689165,0.28603624457881094,0.2081809201985021,-0.0977552296091839,0.4117647058823529,0.12416066324045685,48.5780019361235,10.692336652215578,0.036277603288687836,1488,0.16935250379825825,0.03627786513513978,0.09271881763549447,"[0.36, -0.18, -1.6, 0.33]","['net_sharpe', 'dbl_sharpe', 'tri_sharpe', 'ret_2x', 'pos_folds', 'turnover', 'gross_edge']",4,21,2,12,0.45,4
-21.380921405494437,-12.48631430609948,0.5839932746252351,0.29755953415712916,0.00981224226678202,-0.27662579941334536,-0.8094958667508001,0.1752126760297747,0.28197679316900726,0.2298204873232178,-0.0215998548754136,0.4117647058823529,0.120583180953353,46.25789012430587,15.35950424814596,0.03492639699112842,1450,0.08295780022005256,0.19832164786726733,0.09819111758465554,"[-0.09, -0.81, 0.44, 0.53]","['net_sharpe', 'dbl_sharpe', 'tri_sharpe', 'ret_2x', 'pos_folds', 'turnover', 'gross_edge']",4,21,2,12,0.45,5
-43.39674443752336,-15.560589961311186,0.35856583628555766,-0.2754982959109538,-0.5206731412214304,-0.7636716435360479,-1.259211552094521,-0.8819721709847629,0.4220215003415154,0.35760839418044976,-0.169999717653721,0.29411764705882354,0.12695700147578917,41.79943654052708,-0.8921436810029992,0.03359185266146995,1422,0.11437344373597799,-0.12913663389866945,0.1068322767164778,"[-0.53, -1.23, -1.26, 0.76]","['net_sharpe', 'dbl_sharpe', 'tri_sharpe', 'ret_1x', 'ret_2x', 'pos_folds', 'turnover', 'gross_edge', 'short_pnl']",4,21,2,12,0.45,6
-30.769647217565723,-16.845030634531128,0.5474560860390582,0.06879826239533064,-0.19495395735105178,-0.45749579624617703,-0.7556549352734627,-0.24781918271362158,0.35916529778994577,0.2784090075246347,-0.09520629116416394,0.4117647058823529,0.13282856363702028,46.746160257115925,9.364441365262524,0.03459317867942316,1500,0.029678194576875906,0.14362349664108287,0.09048949038177566,"[-0.53, -0.76, 0.04, 0.61]","['net_sharpe', 'dbl_sharpe', 'tri_sharpe', 'ret_2x', 'pos_folds', 'turnover', 'gross_edge']",4,21,2,12,0.45,7
-17.295140867271652,-10.059821937962989,0.581655970030266,0.2796953982466977,0.007012621877875041,-0.26416483011646524,-0.5127278561191484,0.014016405178919736,0.23416342789812317,0.1791616414542485,-0.03090615963834902,0.35294117647058826,0.12683532772660464,46.123780555262385,15.046706974926593,0.03419694625521203,1498,0.09583147789880556,0.17892082629401032,0.07203676256720566,"[-0.23, 0.25, -0.51, 0.52]","['net_sharpe', 'dbl_sharpe', 'tri_sharpe', 'ret_2x', 'pos_folds', 'turnover', 'gross_edge']",4,21,2,12,0.45,8
-28.186878123638145,-11.13523668078878,0.395050371734872,0.02955624915614253,-0.23788060570659458,-0.5043488511894607,-1.1116811155808834,-0.1207483207586186,0.3101026718172347,0.2316856663061847,-0.1188821017302531,0.5882352941176471,0.12497304354200872,44.53769436846833,8.54202516720898,0.03400160073645874,1503,0.3961458424444998,-0.24553246068088164,0.056240295844816116,"[-1.11, -0.44, 0.46, 0.2]","['net_sharpe', 'dbl_sharpe', 'tri_sharpe', 'ret_1x', 'ret_2x', 'pos_folds', 'turnover', 'gross_edge', 'short_pnl']",4,21,2,12,0.45,9
-31.487922156248132,-12.115625196428546,0.3847705522234483,-0.04169039669672528,-0.33677337141915836,-0.6303107770664472,-1.7209514587813957,-0.06214661491074111,0.24474168783386974,0.17177556048842912,-0.18319325550344634,0.4117647058823529,0.11598097307856059,45.67072200848317,6.4871757030995285,0.035626241257283545,1532,0.35337212920285155,-0.23608009431625904,0.04249643678691064,"[0.15, -0.28, 0.57, -1.72]","['net_sharpe', 'dbl_sharpe', 'tri_sharpe', 'ret_1x', 'ret_2x', 'pos_folds', 'turnover', 'gross_edge', 'short_pnl']",4,21,2,12,0.45,10
-24.26995323110092,-11.087715458551537,0.4568494777461333,0.16447103542674704,-0.13178330665757784,-0.425946905089609,-0.6389476654831012,-0.4228268955132795,0.24965154858830008,0.18776146582015973,-0.09075728989417058,0.47058823529411764,0.11936002553537393,47.225131067023,11.565053030555418,0.03604751790271194,1570,0.3412727815846553,-0.12505282137547744,0.025626808008998622,"[0.72, -0.49, -0.36, -0.64]","['net_sharpe', 'dbl_sharpe', 'tri_sharpe', 'ret_2x', 'pos_folds', 'turnover', 'gross_edge', 'short_pnl']",4,21,2,12,0.45,11
-31.345275142038705,-14.395605423854057,0.459259182081557,0.06302890267948474,-0.19464849512815427,-0.4505700384543709,-1.1635078290123688,-0.4961680367182477,0.25485596074486017,0.1801209456448868,-0.12004739754992876,0.47058823529411764,0.12135560114795262,41.79011287071858,9.194176808251836,0.036859937795773075,1183,0.370897005196264,-0.21878574023902533,0.0407083414551386,"[1.09, -0.85, -0.14, -1.16]","['net_sharpe', 'dbl_sharpe', 'tri_sharpe', 'ret_2x', 'pos_folds', 'turnover', 'gross_edge', 'short_pnl']",4,21,2,12,0.6,0
-38.77304125619557,-15.001229364478842,0.38689844485907554,-0.20637112620462922,-0.4525635785943487,-0.6969769535721688,-1.4734637937420076,-0.49805032447077013,0.30423483898304327,0.23768566869009078,-0.207794173525362,0.35294117647058826,0.12624593913096743,41.6331063566335,1.133494830666226,0.03564384681481782,1248,0.12084034170904942,-0.10215791262314762,0.0029546070842071392,"[0.32, -1.47, 0.81, -1.32]","['net_sharpe', 'dbl_sharpe', 'tri_sharpe', 'ret_1x', 'ret_2x', 'pos_folds', 'turnover', 'gross_edge', 'short_pnl']",4,21,2,12,0.6,1
-27.867177638359404,-16.68184920242091,0.5986199757616718,0.28131652676691,0.0206444602908898,-0.23850338858894113,-1.3640232473438345,-0.03812805992374049,0.23818314566041798,0.19804374728328578,-0.019819287740124,0.35294117647058826,0.11984023424898378,41.64838951877569,15.535760797827106,0.03616739137345039,1150,0.18100253450583179,0.07515416626754613,0.04086395378250222,"[0.27, -1.36, -0.34, 1.38]","['net_sharpe', 'dbl_sharpe', 'tri_sharpe', 'ret_2x', 'pos_folds', 'turnover', 'gross_edge']",4,21,2,12,0.6,2
-12.78326606898965,-6.396394286373613,0.5003724597339281,0.17002398516384193,-0.06675451831693457,-0.3017114030923404,-0.35644161830950905,-0.08832952761824743,0.20461168182444311,0.19054585810970148,-0.08783171045089623,0.35294117647058826,0.13480805364898676,42.64199396287688,13.253003477386864,0.03498818315705202,1182,0.24113471114849142,-0.01740338396381315,0.06771731610578863,"[-0.33, -0.36, 0.15, 0.48]","['net_sharpe', 'dbl_sharpe', 'tri_sharpe', 'ret_2x', 'pos_folds', 'turnover', 'gross_edge', 'short_pnl']",4,21,2,12,0.6,3
-32.297800012367524,-14.239378962070814,0.44087767453567267,-0.04075888491274959,-0.30990837489889855,-0.5782083326629474,-0.7645977253920339,-0.48592550520827943,0.33452891892899095,0.25563491869186317,-0.132764723953563,0.4117647058823529,0.12244131183836332,43.98214131893584,6.294483535513772,0.03845027116839698,1145,0.07374600811278147,0.03585421902191581,0.08034677766788835,"[-0.44, -0.53, -0.76, 0.43]","['net_sharpe', 'dbl_sharpe', 'tri_sharpe', 'ret_1x', 'ret_2x', 'pos_folds', 'turnover', 'gross_edge']",4,21,2,12,0.6,4
-28.732562141552044,-17.295065690109087,0.6019325949737548,0.15516644997352969,-0.10704025569033544,-0.36793544832251035,-1.3179638832242373,0.11126490785248025,0.29917209758778407,0.25089391720371357,-0.06615080599801028,0.4117647058823529,0.11949224584508118,41.79586579373611,12.120012157653846,0.03579969851820182,1170,0.058834305693319516,0.14171047519814328,0.08925856711077654,"[0.04, -1.32, 0.18, 0.81]","['net_sharpe', 'dbl_sharpe', 'tri_sharpe', 'ret_2x', 'turnover', 'gross_edge']",4,21,2,12,0.6,5
-45.155678920543686,-13.483286916184305,0.29859559724280993,-0.2856538042229988,-0.5016634855917944,-0.7158619545395487,-1.7378589967469147,-0.7003926909463205,0.41167676209186,0.35570145265965325,-0.16604814686014188,0.29411764705882354,0.1250516697260346,36.28976422942009,-2.2769946558575658,0.033254646079747666,1108,-0.009225378190827055,-0.02348767957968855,0.08374363726648193,"[-0.35, -1.74, -1.05, 0.9]","['net_sharpe', 'dbl_sharpe', 'tri_sharpe', 'ret_1x', 'ret_2x', 'pos_folds', 'turnover', 'gross_edge', 'long_pnl', 'short_pnl']",4,21,2,12,0.6,6
-38.761707870726816,-15.399326938934866,0.3972819513085638,-0.14384278677683487,-0.3618700021159122,-0.5784641995299316,-1.2438882789675183,-0.3503663074424011,0.39779946826016044,0.3352935981887951,-0.14088918716546897,0.35294117647058826,0.13408173539706303,39.11462930310553,2.5033548987553695,0.034601071965147355,1132,-0.027135744249154062,0.06590046188752467,0.09022142080191364,"[-0.72, -1.24, 0.02, 0.71]","['net_sharpe', 'dbl_sharpe', 'tri_sharpe', 'ret_1x', 'ret_2x', 'pos_folds', 'turnover', 'gross_edge', 'long_pnl']",4,21,2,12,0.6,7
4.661852558050694,3.8430480920345667,0.824360711579754,0.4574298762923515,0.23259115925590626,0.008481517931195785,-0.11399418497030508,0.08489991580596642,0.19126846794938723,0.1823372641646248,0.11434712150239207,0.5882352941176471,0.12925054011280884,38.718497232198395,22.471712371232762,0.03388143054536068,1130,0.29662742906938844,0.04782531025769171,0.07056963613987832,"[-0.07, -0.11, 0.24, 1.05]","['net_sharpe', 'dbl_sharpe', 'pos_folds', 'turnover', 'gross_edge']",4,21,2,12,0.6,8
-0.41726856613378693,-0.2811940479995367,0.6738922382889937,0.3972033021157101,0.1588045714173629,-0.07890032043814973,-0.624451089153633,0.4358552795749905,0.19767706293308251,0.18805895699281383,0.060761747481091685,0.5882352941176471,0.12244679010154626,38.857230659764085,20.03100214672472,0.03383393170819699,1113,0.5451100255453731,-0.236969012874035,0.04249710850612732,"[-0.62, 0.61, 0.53, 0.35]","['net_sharpe', 'dbl_sharpe', 'tri_sharpe', 'turnover', 'gross_edge', 'short_pnl']",4,21,2,12,0.6,9
-24.329508476234462,-10.059102798553258,0.41345277519186985,0.052893989299442355,-0.20198477217087854,-0.4558602969210016,-1.6739705266940241,0.09420198344674144,0.20304330760944456,0.17342805586853471,-0.1476714455014828,0.4117647058823529,0.1167280586964656,39.66070812163154,9.141209962743977,0.034958018665426076,1183,0.4042019994938561,-0.2606731740130871,0.03870067520076734,"[0.32, -0.14, 0.84, -1.67]","['net_sharpe', 'dbl_sharpe', 'tri_sharpe', 'ret_1x', 'ret_2x', 'pos_folds', 'turnover', 'gross_edge', 'short_pnl']",4,21,2,12,0.6,10
-39.54665231934747,-13.520487311794321,0.3418870250410468,-0.37460646714672524,-0.6222722081794313,-0.8673179007138999,-1.1594444781861946,-0.7804776565650263,0.33407147969448425,0.25759672485271234,-0.22943024352999128,0.35294117647058826,0.11668442880255832,38.8867168616598,-3.7458859037707986,0.03609944606616894,1184,0.2872623589836317,-0.3449298166698086,0.022104987289829583,"[-0.01, -0.96, -0.6, -1.16]","['net_sharpe', 'dbl_sharpe', 'tri_sharpe', 'ret_1x', 'ret_2x', 'pos_folds', 'turnover', 'gross_edge', 'short_pnl']",4,21,2,12,0.6,11
-28.12023158828856,-14.384530191864433,0.5115366901122985,0.19057501164970422,-0.04390257265301366,-0.2775973096147108,-1.4623784949571856,-0.06645666185291205,0.23360215939740547,0.1807877276902985,-0.05832661198731371,0.4117647058823529,0.127416469863667,39.8626580657292,13.583914514410043,0.02711386054291156,1455,0.30632746101922165,-0.09195639045716025,0.07281571396698816,"[0.51, -0.65, -1.46, 1.07]","['net_sharpe', 'dbl_sharpe', 'tri_sharpe', 'ret_2x', 'pos_folds', 'turnover', 'gross_edge', 'short_pnl']",4,21,2,15,0.3,0
-19.087454375861057,-14.777876656840284,0.7742193571673508,0.5142928283431993,0.2696464655091411,0.025593192232328962,-2.087400237868496,0.16705510762063827,0.2171308594067255,0.19454136153699075,0.12438311036251604,0.6470588235294118,0.1300102760566914,42.35871617821776,23.08165295427953,0.027431392899811287,1471,0.3918444263014995,-0.004778734693587833,0.07603050446014739,"[0.22, 0.12, -2.09, 2.24]","['net_sharpe', 'dbl_sharpe', 'turnover', 'gross_edge', 'short_pnl']",4,21,2,15,0.3,1
-21.586712695131588,-13.406899702122098,0.6210718552411054,0.3626235234199197,0.10416482084644865,-0.15336186448626363,-1.583744267933868,0.1642697938708553,0.24339405067349917,0.2020094904936679,0.021530977159408358,0.5882352941176471,0.12364635680931169,42.57847134917909,17.951890378682833,0.027555969666191504,1521,0.35188411344908227,-0.049279715512055663,0.05942036139631679,"[0.51, -0.18, -1.58, 1.16]","['net_sharpe', 'dbl_sharpe', 'tri_sharpe', 'pos_folds', 'turnover', 'gross_edge', 'short_pnl']",4,21,2,15,0.3,2
-37.98936790593155,-18.47450747955773,0.48630731433341834,0.07836775004077359,-0.1591580942582989,-0.3947065351691462,-1.5432399537731845,-0.47759710012528495,0.31838604449402186,0.26304046275656323,-0.0931495360449223,0.4117647058823529,0.13279194338479897,42.19508294412266,9.806881995268462,0.027828610893090248,1524,0.2668160805835254,-0.10299575788116466,0.0680786594763341,"[1.07, -1.54, -1.15, 0.2]","['net_sharpe', 'dbl_sharpe', 'tri_sharpe', 'ret_2x', 'pos_folds', 'turnover', 'gross_edge', 'short_pnl']",4,21,2,15,0.3,3
-44.60837481010748,-16.304989435344332,0.365514087988023,-0.2549342319874472,-0.4742651970313122,-0.691934702727487,-1.4574882874819384,-1.011893965341455,0.4199413826819659,0.36755677217050964,-0.16790387033248325,0.35294117647058826,0.13452219849611333,39.54125473722585,-1.3781126365000165,0.027339454097840405,1480,0.5176711588536423,-0.5392441390097386,0.05587979016199891,"[1.38, -1.13, -0.9, -1.46]","['net_sharpe', 'dbl_sharpe', 'tri_sharpe', 'ret_1x', 'ret_2x', 'pos_folds', 'turnover', 'gross_edge', 'short_pnl']",4,21,2,15,0.3,4
31.782966125542615,27.632219547969232,0.8694034231676822,1.0445408628788073,0.7931510759286349,0.5426712785677035,-0.24121945748663992,0.8678460493034929,0.1641179411003061,0.1496899052209556,0.5867223819344377,0.7058823529411765,0.12549304135669828,41.7018485639437,38.812737749504585,0.026442539036142153,1504,0.6580965376045836,-0.01732300121722788,0.05040930480997349,"[0.63, 1.64, -0.24, 1.11]","['turnover', 'gross_edge', 'short_pnl']",4,21,2,15,0.3,5
-0.684177069902133,-0.5460815292941498,0.7981581864067194,0.5894755770433937,0.34324399578630155,0.09879406171941518,-0.6347656215411314,0.3302945223812689,0.19621501483640402,0.1390362518610878,0.1868400084103207,0.6470588235294118,0.1285590157283018,42.0463989529154,25.38319674108488,0.02782319239405969,1447,0.6338374564598118,-0.21131469909383502,0.05578680055297271,"[1.01, 0.5, -0.63, 0.16]","['net_sharpe', 'dbl_sharpe', 'turnover', 'gross_edge', 'short_pnl']",4,21,2,15,0.3,6
-4.856176672116783,-4.162958483116846,0.8572502122955574,0.5456888800734879,0.286128139722246,0.027555582539346396,-0.7501056337181822,0.46055441031610844,0.2097735094723685,0.19309974760088178,0.1335686101286525,0.47058823529411764,0.1224111324937221,42.329725720201864,23.32297636455876,0.028376125050613325,1443,0.36960613038985474,0.0212387334865305,0.08167451818541835,"[0.79, -0.75, 0.17, 0.76]","['net_sharpe', 'dbl_sharpe', 'turnover', 'gross_edge']",4,21,2,15,0.3,7
-33.547305123339875,-11.56750029060347,0.3448116099959281,-0.10347265856968246,-0.35856836788375984,-0.6123285784157038,-1.0308339865257312,-0.20561519328549,0.3511526680621063,0.3139538440359283,-0.1391102967532006,0.4117647058823529,0.11953569520200702,40.77590688192426,4.543488208961388,0.028860180892737574,1446,0.1367214201374127,-0.0633768416923251,0.05594891417720424,"[-0.16, -1.03, -0.12, -0.25]","['net_sharpe', 'dbl_sharpe', 'tri_sharpe', 'ret_1x', 'ret_2x', 'pos_folds', 'turnover', 'gross_edge', 'short_pnl']",4,21,2,15,0.3,8
-41.13969656252337,-14.818479898911262,0.36019905680126746,-0.32407216187430543,-0.5658209466808878,-0.8061078205343337,-1.2671235131129894,-0.5346379884597985,0.4199766674908896,0.3746071924011395,-0.18435247675520527,0.35294117647058826,0.1275716110262367,41.2686398729214,-2.5817856117805387,0.02958108540320538,1540,0.25226203515031737,-0.29444288392489276,0.01689262692441461,"[-1.27, -0.96, 0.51, -0.11]","['net_sharpe', 'dbl_sharpe', 'tri_sharpe', 'ret_1x', 'ret_2x', 'pos_folds', 'turnover', 'gross_edge', 'short_pnl']",4,21,2,15,0.3,9
-45.56256925125152,-12.561053416832701,0.27568799616118383,-0.6150597797526101,-0.8484510603201217,-1.080521170631316,-1.3769109854673984,-0.9726523897456274,0.4671365456115786,0.4052606571021786,-0.259169765982269,0.35294117647058826,0.1401286893328868,43.73473458094859,-12.530069705722083,0.030372858976283744,1597,-0.049178035570056206,-0.16776962176788351,0.030578416011912045,"[-1.38, -0.9, 0.34, -1.04]","['net_sharpe', 'dbl_sharpe', 'tri_sharpe', 'ret_1x', 'ret_2x', 'pos_folds', 'turnover', 'gross_edge', 'long_pnl', 'short_pnl']",4,21,2,15,0.3,10
-42.72400787095991,-10.772588952700573,0.2521436889824854,-0.5134941608594922,-0.7713875321488095,-1.0277415197967144,-1.0304142472438997,-0.9582634236312051,0.4195124211483493,0.35720813367778326,-0.23642316729979942,0.23529411764705882,0.12494851431979438,43.05330108069224,-7.474507373407523,0.029714506042525485,1616,-0.034373814505669384,-0.09302459718337401,0.06890214842473946,"[-0.89, -1.03, -1.03, -0.22]","['net_sharpe', 'dbl_sharpe', 'tri_sharpe', 'ret_1x', 'ret_2x', 'pos_folds', 'turnover', 'gross_edge', 'long_pnl', 'short_pnl']",4,21,2,15,0.3,11
-47.26588659185125,-13.33778204560098,0.2821862236664454,-0.5915577819522496,-0.8553573480031815,-1.1175183261123274,-1.6317128682936308,-1.1502352198272514,0.42066252543114246,0.35544120283443814,-0.24364766848940353,0.29411764705882354,0.11811628489544698,41.62281064173856,-9.142133442440416,0.02900562411840574,1558,-0.12375060108031352,-0.02689412845442997,0.08061630371125775,"[0.11, -1.22, -1.08, -1.63]","['net_sharpe', 'dbl_sharpe', 'tri_sharpe', 'ret_1x', 'ret_2x', 'pos_folds', 'turnover', 'gross_edge', 'long_pnl', 'short_pnl']",4,21,2,15,0.3,12
-33.13516471294345,-12.26180808296203,0.37005423661504394,-0.07382616112812598,-0.3381249981430435,-0.6011858486137668,-1.1672240444531687,-0.40638257885964646,0.27076941204468374,0.20299185322581226,-0.16833238224558392,0.4117647058823529,0.11736876616174181,41.4195263308553,5.366111835858008,0.02875242630779058,1489,-0.06642679308235047,0.15441811257360313,0.07211528294242249,"[0.54, -0.6, -0.21, -1.17]","['net_sharpe', 'dbl_sharpe', 'tri_sharpe', 'ret_1x', 'ret_2x', 'pos_folds', 'turnover', 'gross_edge', 'long_pnl']",4,21,2,15,0.3,13
-21.17052607495385,-10.547465583949542,0.4982146190702318,0.1374319358684827,-0.10863892367544872,-0.35297704957712744,-1.048872173777496,0.04463975988334788,0.20846743362448295,0.16502820479414604,-0.1021134590926333,0.4117647058823529,0.12524402889271685,41.20245607347663,11.457268173992345,0.02843013852618482,1437,0.4026244176349816,-0.21573738595961445,0.06131974195803929,"[0.12, -1.05, 0.46, -0.03]","['net_sharpe', 'dbl_sharpe', 'tri_sharpe', 'ret_2x', 'pos_folds', 'turnover', 'gross_edge', 'short_pnl']",4,21,2,15,0.3,14
-25.743656497192795,-14.453437494147638,0.5614368532194992,0.0832446602562047,-0.11481461167571753,-0.3121221101204284,-0.7510397484372422,-0.45654323520607537,0.2242278274127273,0.2089864176125783,-0.10639369419992917,0.35294117647058826,0.1329797187957907,35.14389069145619,10.6818224343259,0.026692386233364788,1151,0.08500903325764518,0.06360854373558189,0.08340887674482994,"[-0.51, -0.4, -0.75, 1.34]","['net_sharpe', 'dbl_sharpe', 'tri_sharpe', 'ret_2x', 'pos_folds', 'turnover', 'gross_edge']",4,21,2,15,0.45,0
-22.03954532634183,-16.62053339634977,0.754123243027377,0.4664558895128951,0.24593467610477837,0.025586711722668947,-2.100781229451981,0.13879965674340367,0.23882134556690848,0.1947489765281154,0.09941844428811875,0.6470588235294118,0.12918130259093735,37.96139435520551,23.218082111871183,0.026967809308214567,1220,0.5051176323847428,-0.15618347775095898,0.07178526460486515,"[0.41, -0.13, -2.1, 2.27]","['net_sharpe', 'dbl_sharpe', 'pos_folds', 'turnover', 'gross_edge', 'short_pnl']",4,21,2,15,0.45,1
-27.73016562560399,-17.05375607273573,0.6149893333846355,0.28373389034459856,0.04928305354312888,-0.18473601335116335,-1.5845256217468586,-0.006447363471337342,0.26513706483076216,0.20703587881681207,-0.005691583076852891,0.5294117647058824,0.12307538249947826,38.44586819299367,16.51183700145342,0.027620541351681755,1260,0.23729582912975822,0.014020118398761355,0.0490381214159735,"[0.69, -0.71, -1.58, 1.08]","['net_sharpe', 'dbl_sharpe', 'tri_sharpe', 'ret_2x', 'pos_folds', 'turnover', 'gross_edge']",4,21,2,15,0.45,2
-29.82652886422591,-15.333924391538588,0.5141035506122932,0.17276838618122323,-0.04430222364506955,-0.25956875629179693,-1.488564562034768,-0.13721827513871232,0.27270050985584016,0.21797088872035963,-0.05349311812484795,0.5294117647058824,0.13224348534138688,38.32603867668052,13.35042222535348,0.027332656550499063,1303,0.5044463243696098,-0.3018815534332732,0.07147911074736613,"[1.12, -1.49, -0.39, 0.12]","['net_sharpe', 'dbl_sharpe', 'tri_sharpe', 'ret_2x', 'pos_folds', 'turnover', 'gross_edge', 'short_pnl']",4,21,2,15,0.45,3
-40.25740877398056,-15.283909173751288,0.3796545689157641,-0.20239615643666573,-0.3955884298705148,-0.5877470935737477,-1.591924941882272,-0.6442690525180836,0.40034979283411565,0.3478433657349873,-0.15201878562628626,0.5294117647058824,0.13519782375333492,34.94559843570998,-0.5792713416453048,0.02763030771115869,1164,0.406916858742072,-0.4149308618743193,0.06332985036436564,"[1.25, -1.59, -0.63, -0.65]","['net_sharpe', 'dbl_sharpe', 'tri_sharpe', 'ret_1x', 'ret_2x', 'pos_folds', 'turnover', 'gross_edge', 'short_pnl']",4,21,2,15,0.45,4
56.777022621934066,50.41702473968422,0.8879828918715993,1.2486042532257615,1.0253986649867037,0.8027104141539405,0.3532268454440722,1.027182837202665,0.14787199682611807,0.1368631758239638,0.8592561933466852,0.6470588235294118,0.12379223230535177,36.405560141730234,49.8695751741406,0.026124643265555653,1156,0.7914312837431074,-0.07268043789006376,0.056725978353462395,"[0.88, 1.17, 0.35, 1.65]","['turnover', 'short_pnl']",4,21,2,15,0.45,5
41.877907710509255,37.17698949817182,0.8877470611752235,1.044483342172734,0.8362897854553217,0.6287400666047284,0.022246954480252077,0.6490567953958677,0.11282169987624913,0.10662752350179505,0.9562858241201961,0.5882352941176471,0.13264676605932196,36.48220511805236,45.329177259929054,0.027000379900595506,1115,0.7980263432682637,-0.1433390678985872,0.07823536041026256,"[1.7, 0.02, 0.12, 1.17]","['turnover', 'short_pnl']",4,21,2,15,0.45,6
-0.4079293825551362,-0.27861843961965815,0.6830065485219118,0.4400182652980727,0.1930518894280203,-0.05299204920850325,-0.7289474556049182,0.3481450713790835,0.17103432858361856,0.14830733118396178,0.09457299375268986,0.5882352941176471,0.12012936472273777,39.53271912884106,20.970691418394576,0.030057480420865524,1138,0.4518280090405695,-0.12362359377658833,0.056491743748495415,"[0.71, -0.73, 0.32, 0.37]","['net_sharpe', 'dbl_sharpe', 'tri_sharpe', 'turnover', 'gross_edge', 'short_pnl']",4,21,2,15,0.45,7
-39.16611446595832,-13.729588513884218,0.350547627741257,-0.2507374827762536,-0.4748756820100992,-0.6984741837471936,-1.3356569566069498,-0.3181695719791453,0.39217620013020926,0.3592369495865637,-0.1597056423392391,0.35294117647058826,0.12082029825218424,36.07202098409148,-0.8716245201680691,0.02926524244867408,1130,0.1478475314326591,-0.16029482397611963,0.047570849133180666,"[-0.16, -1.34, -0.1, -0.47]","['net_sharpe', 'dbl_sharpe', 'tri_sharpe', 'ret_1x', 'ret_2x', 'pos_folds', 'turnover', 'gross_edge', 'short_pnl']",4,21,2,15,0.45,8
-45.57557845588124,-17.35911658630225,0.38088636885007354,-0.6081548635627491,-0.8078293112747232,-1.0060872301969885,-1.5168954543030884,-1.0476453954056164,0.45433105471409363,0.41818307789720766,-0.23488986022232877,0.4117647058823529,0.12890624953753113,34.54526345705943,-15.189234117975111,0.02923243162545565,1199,0.002640922020015507,-0.21037099223568842,0.0012084675213544782,"[-1.46, -1.52, 0.76, -0.64]","['net_sharpe', 'dbl_sharpe', 'tri_sharpe', 'ret_1x', 'ret_2x', 'pos_folds', 'turnover', 'gross_edge', 'short_pnl']",4,21,2,15,0.45,9
-44.47560229498482,-12.79271499390489,0.28763444076725697,-0.5854311493508914,-0.7899618829697926,-0.9934599364055124,-1.5951773664659394,-0.7338113922863974,0.4276067568735108,0.36415188148294864,-0.27728422226667243,0.4117647058823529,0.14583900227673316,39.85214008397483,-14.3912418662482,0.030115545715361437,1340,-0.0243388688838303,-0.2027129070005929,0.023177612929588386,"[-1.6, -0.51, 0.5, -0.96]","['net_sharpe', 'dbl_sharpe', 'tri_sharpe', 'ret_1x', 'ret_2x', 'pos_folds', 'turnover', 'gross_edge', 'long_pnl', 'short_pnl']",4,21,2,15,0.45,10
-38.98527142540018,-10.233005996437312,0.2624838976950196,-0.398094674586759,-0.6363915759625971,-0.8735663764557062,-0.9263546688365706,-0.7768964425436502,0.39067408368659895,0.3316241742107804,-0.21434841503149338,0.35294117647058826,0.12486126358145558,39.692733249118625,-5.077097551913736,0.029679336707881233,1338,-0.020108777524533994,-0.059672593674743965,0.0628036907732256,"[-0.93, -0.84, -0.72, -0.0]","['net_sharpe', 'dbl_sharpe', 'tri_sharpe', 'ret_1x', 'ret_2x', 'pos_folds', 'turnover', 'gross_edge', 'long_pnl', 'short_pnl']",4,21,2,15,0.45,11
-49.818394899521,-13.555494571162914,0.2720981797687996,-0.9952082500260783,-1.2337180744849738,-1.470133567278467,-1.649534170282157,-1.212528201001104,0.4771687510479389,0.42527101011114565,-0.2882858182475181,0.17647058823529413,0.11444165917112352,36.568091575140144,-23.319283337511937,0.028885072023728683,1261,-0.12548141083545666,-0.21211084668749178,0.08339437712166581,"[-1.11, -1.32, -0.95, -1.65]","['net_sharpe', 'dbl_sharpe', 'tri_sharpe', 'ret_1x', 'ret_2x', 'pos_folds', 'turnover', 'gross_edge', 'long_pnl', 'short_pnl']",4,21,2,15,0.45,12
-36.337724711246636,-13.571529220905987,0.3734831866538291,-0.2588817430839859,-0.4894574640679157,-0.718763628659432,-1.4251097800936372,-0.2704187557435256,0.29585194543467697,0.23709417267053046,-0.2157507796409083,0.35294117647058826,0.11984905880196979,36.951297670838876,-0.9569252437273763,0.0288234349140349,1216,0.1503113418235993,-0.1643098800894708,0.0677634610865561,"[0.01, -0.29, -0.25, -1.43]","['net_sharpe', 'dbl_sharpe', 'tri_sharpe', 'ret_1x', 'ret_2x', 'pos_folds', 'turnover', 'gross_edge', 'short_pnl']",4,21,2,15,0.45,13
8.006842766666436,6.34001538117216,0.791824638741065,0.4912249709640513,0.27120022982276343,0.05214964264942437,-0.5433558943730762,0.47920507309350524,0.15248695931771583,0.14491946965829794,0.1736712748344177,0.5294117647058824,0.12478702916581241,36.56055620673274,23.98843514210257,0.027713575218459924,1167,0.4190961959182965,-0.07188821844877219,0.06538123109476987,"[0.6, -0.54, 0.49, 0.47]","['net_sharpe', 'dbl_sharpe', 'turnover', 'gross_edge', 'short_pnl']",4,21,2,15,0.45,14
-15.862271522256277,-13.485940874444484,0.8501897635229876,0.3933851473647997,0.22457106751443254,0.05616362153881833,-1.1058411350314927,0.060281378468178645,0.18896752799219563,0.17886781426512344,0.11211487027535416,0.47058823529411764,0.1318248769965139,29.628496436584484,25.20266189442755,0.02583867832419057,856,0.20350787085358307,0.0921102204888837,0.08187210449180306,"[-0.19, 0.31, -1.11, 2.04]","['net_sharpe', 'dbl_sharpe', 'pos_folds', 'turnover', 'gross_edge']",4,21,2,15,0.6,0
-19.84335421349859,-12.84190757727851,0.6471641557727528,0.22138574962385243,0.022881174993967544,-0.17484461750895855,-1.9052849238019949,0.24063125426920545,0.21042889966248635,0.19359330495655747,-0.022548903074814795,0.5294117647058824,0.12310915959977123,32.58024261740018,15.753967708961694,0.028211798926129118,899,0.07884040870748364,0.12435750643197747,0.06476447322310017,"[0.04, 0.44, -1.91, 1.24]","['net_sharpe', 'dbl_sharpe', 'tri_sharpe', 'ret_2x', 'turnover', 'gross_edge']",4,21,2,15,0.6,1
-36.57062877266986,-19.73544567016903,0.5396528944812078,0.22279256905410566,0.014792408656612544,-0.19281720467732283,-2.0255288729229655,-0.23533081420205196,0.3170519636224647,0.267884781339096,-0.017586457914586708,0.47058823529411764,0.1215404717940002,33.6766212792926,15.512411365195248,0.028177168114945337,949,0.38229273441702294,-0.17547736568707037,0.017097703009255193,"[0.49, -0.96, -2.03, 1.91]","['net_sharpe', 'dbl_sharpe', 'tri_sharpe', 'ret_2x', 'pos_folds', 'turnover', 'gross_edge', 'short_pnl']",4,21,2,15,0.6,2
-10.944912947465031,-8.292983276065373,0.7577020772911788,0.4180445517281812,0.2269495598841095,0.03717107055880443,-1.1771910564136185,0.40862203721738,0.2325780582868031,0.18113596259199372,0.09447875107294132,0.5882352941176471,0.13649242737791548,34.64223062822226,23.70779015276411,0.02749061565585296,1001,0.3583578393185993,-0.03321671305622631,0.06229737629462552,"[0.82, -1.18, -0.0, 1.04]","['net_sharpe', 'dbl_sharpe', 'pos_folds', 'turnover', 'gross_edge', 'short_pnl']",4,21,2,15,0.6,3
-30.452377180736143,-16.724817317797743,0.5492122082468389,0.2027114795585789,0.03761561701821606,-0.12673161290895177,-1.1113701166605052,-0.32825727616389144,0.33846509623284915,0.29119048624067645,-0.014616530956422931,0.5882352941176471,0.14317101667503918,31.542604715992084,16.247025827890695,0.027610460890075548,893,0.5498446378544108,-0.3469612879894727,0.06670135422328072,"[2.1, -1.11, 0.19, -0.85]","['net_sharpe', 'dbl_sharpe', 'tri_sharpe', 'ret_2x', 'pos_folds', 'turnover', 'gross_edge', 'short_pnl']",4,21,2,15,0.6,4
35.91269740484974,32.46673169925364,0.9040460351181879,0.8872670625128789,0.6942645815417036,0.501743289125486,0.061487313163976126,0.720957821674503,0.1494581654866659,0.13095253180054245,0.5387938555656027,0.5882352941176471,0.12201981026762208,31.18503858658889,42.16439935920991,0.026256871103089458,903,0.6380423859481422,-0.11748670969030503,0.061557336758664885,"[0.86, 0.58, 0.06, 1.23]","['turnover', 'short_pnl']",4,21,2,15,0.6,5
55.34716043566887,49.822620580800454,0.9001838610801054,0.9741810813746891,0.7821088897298755,0.5904057525208553,0.4265847575791004,0.7933966320565229,0.12645345961704502,0.11712085463236233,0.7615580567100456,0.6470588235294118,0.127645701275912,32.440245148965715,45.682271876228604,0.027040517515780762,869,0.8217948655126788,-0.23510740728928808,0.0359043868126264,"[1.13, 0.43, 0.96, 0.63]","['turnover', 'short_pnl']",4,21,2,15,0.6,6
-23.24736810049779,-12.684926139285409,0.545649988611562,0.11126795166759454,-0.09566803059425746,-0.30155662414590767,-1.1453872029521452,0.206328130480667,0.27636532264777125,0.24415363404420953,-0.0674922256934332,0.47058823529411764,0.12066313272057998,33.35888207855165,11.54880782031512,0.029554798905423833,893,0.5365971568159118,-0.38407827055941723,0.05357732796570508,"[0.02, -1.15, 0.42, 0.39]","['net_sharpe', 'dbl_sharpe', 'tri_sharpe', 'ret_2x', 'turnover', 'gross_edge', 'short_pnl']",4,21,2,15,0.6,7
-35.379477629352664,-15.319568021934131,0.4330071851943969,-0.010288564891198613,-0.1989753135233013,-0.3874637300529008,-1.5006113821242903,-0.013096442435382341,0.364465969264968,0.34257075985693775,-0.08470163350186083,0.35294117647058826,0.12082481910947611,30.37876104862104,7.103087312213383,0.029283704651461916,818,0.19602392000504537,-0.11059750255881369,0.05572271465831978,"[0.17, -1.5, 0.6, -0.2]","['net_sharpe', 'dbl_sharpe', 'tri_sharpe', 'ret_1x', 'ret_2x', 'pos_folds', 'turnover', 'gross_edge', 'short_pnl']",4,21,2,15,0.6,8
-42.53544881042196,-15.60867305894666,0.36695682061599055,-0.3653745793597621,-0.5604991824182134,-0.7541125195057813,-1.8727961371684698,-0.28414457370779,0.37123023860408744,0.3350095258127156,-0.18960806109075293,0.23529411764705882,0.11746387555845965,30.73903329980308,-6.326767433916557,0.029669786668889378,860,0.30847092782799823,-0.3854631861653094,0.03712623899998835,"[-0.06, -1.87, -0.05, -0.51]","['net_sharpe', 'dbl_sharpe', 'tri_sharpe', 'ret_1x', 'ret_2x', 'pos_folds', 'turnover', 'gross_edge', 'short_pnl']",4,21,2,15,0.6,9
-43.122111935438305,-16.543921969766032,0.38365286919470254,-0.4751896549733559,-0.6381512932982994,-0.8003200615512912,-1.44798213041009,-0.7010703270642649,0.3841903135052156,0.3328826441572028,-0.27338110004184785,0.35294117647058826,0.15438258050813666,33.64615084505501,-15.011921174288103,0.028584832239563422,985,0.32472877727801625,-0.5246903968450107,0.013701058240043168,"[-1.45, -0.47, 0.96, -0.93]","['net_sharpe', 'dbl_sharpe', 'tri_sharpe', 'ret_1x', 'ret_2x', 'pos_folds', 'turnover', 'gross_edge', 'short_pnl']",4,21,2,15,0.6,10
-45.30480136681728,-17.28895504219841,0.38161418923826046,-0.5370339467606873,-0.7259515727353582,-0.914226564493752,-1.4049044766995602,-0.7329450586765335,0.45584285163947946,0.41055280901044766,-0.22598906055295714,0.23529411764705882,0.1364892416129779,34.3087218308987,-14.249413657384858,0.030114128231570406,1026,0.1266505045977798,-0.3201930798905425,0.03881796617483745,"[-1.4, -0.59, -0.88, 0.21]","['net_sharpe', 'dbl_sharpe', 'tri_sharpe', 'ret_1x', 'ret_2x', 'pos_folds', 'turnover', 'gross_edge', 'short_pnl']",4,21,2,15,0.6,11
-46.03572899274313,-16.642734455333738,0.36151777802752344,-0.8410085417834249,-1.0528188284574007,-1.2630462219362995,-1.3449284964717358,-1.0341460288896842,0.42787152256410754,0.37644618441899935,-0.27992109733129683,0.23529411764705882,0.11473512946194665,32.506722141054865,-21.758665012027574,0.028913014506371265,1008,0.00031931323897758934,-0.28033374016652934,0.05956418723878194,"[-1.14, -0.93, -0.78, -1.34]","['net_sharpe', 'dbl_sharpe', 'tri_sharpe', 'ret_1x', 'ret_2x', 'pos_folds', 'turnover', 'gross_edge', 'short_pnl']",4,21,2,15,0.6,12
-38.428558945724554,-10.79769872061711,0.28098109887147954,-0.41901703426457965,-0.6300550030097152,-0.8399860610420605,-1.2085629607022386,-0.4987131514171531,0.31737201801286086,0.26015736086101027,-0.24952639211924774,0.29411764705882354,0.1194556303213275,33.68114286676915,-7.408345104078791,0.029211954178072718,1030,-0.01366579713597816,-0.08511738386212775,0.06515470313321581,"[-0.32, -0.68, -0.31, -1.21]","['net_sharpe', 'dbl_sharpe', 'tri_sharpe', 'ret_1x', 'ret_2x', 'pos_folds', 'turnover', 'gross_edge', 'long_pnl', 'short_pnl']",4,21,2,15,0.6,13
-8.433068989263084,-6.521085213263441,0.7732754494912866,0.3683740524764946,0.17230948076015443,-0.02297389695202098,-1.1127161418281377,0.505013657564976,0.20378535747544468,0.1736232858211536,0.06771538297105367,0.4117647058823529,0.12317397802911563,32.18011546311226,21.38795739181152,0.027851037229104657,918,0.23928283761438357,0.03319544347371399,0.07767115235421825,"[0.45, -1.11, 0.56, 0.74]","['net_sharpe', 'dbl_sharpe', 'tri_sharpe', 'turnover', 'gross_edge']",4,21,2,15,0.6,14
-32.840874311991186,-17.74795289893802,0.5404226675066842,0.159375492143052,-0.1354802044308347,-0.42883206396013085,-1.3698678629633168,-0.271716107637299,0.26041584484179003,0.1940634420435029,-0.08358648799994614,0.35294117647058826,0.11400159918248558,44.866997567243224,11.504875270579038,0.033861162681470165,1285,0.15009630113358036,0.0542580576532831,0.06802700677517817,"[1.18, -1.37, -0.41, -0.14]","['net_sharpe', 'dbl_sharpe', 'tri_sharpe', 'ret_2x', 'pos_folds', 'turnover', 'gross_edge']",6,21,1,9,0.3,0
-34.54792263412397,-13.175932637096926,0.3813813286730786,-0.12925639801329075,-0.4219033794686758,-0.7123307573832898,-1.3504027644876977,-0.2946647381300752,0.2844234488078663,0.2136205081692778,-0.19051592718624027,0.4117647058823529,0.11566176078481422,45.332854325954735,4.184191164861773,0.03401288622672982,1317,0.11240711400890363,-0.03731409489855736,0.060000984748664006,"[0.08, -1.35, 0.39, -0.67]","['net_sharpe', 'dbl_sharpe', 'tri_sharpe', 'ret_1x', 'ret_2x', 'pos_folds', 'turnover', 'gross_edge', 'short_pnl']",6,21,1,9,0.3,1
-44.11926004757114,-13.777991555069967,0.3122897242658646,-0.4994365134872277,-0.8425974507104648,-1.18352653770268,-1.868708844145505,-0.6543985044852051,0.35673926418951973,0.26998879715328106,-0.2535381071494914,0.35294117647058826,0.10564837670579452,48.505839613594,-3.252975230164195,0.036768731309844524,1331,0.039559516117605845,-0.1020263889830945,0.052449506669645346,"[-0.26, -0.58, -0.73, -1.87]","['net_sharpe', 'dbl_sharpe', 'tri_sharpe', 'ret_1x', 'ret_2x', 'pos_folds', 'turnover', 'gross_edge', 'short_pnl']",6,21,1,9,0.3,2
-33.3397965860165,-14.081012926648496,0.42234849544806186,-0.21265750932665342,-0.5371649750870707,-0.8588372288089112,-1.0911147949586706,-0.5600070233118085,0.25875285420792515,0.16866539073293652,-0.24376226141506768,0.4117647058823529,0.1096292164605743,47.71442869054827,2.6309702045360677,0.03621885972694036,1296,0.04320072850055592,0.006497469336517715,0.06870007326111553,"[-1.09, -0.26, 0.23, -0.86]","['net_sharpe', 'dbl_sharpe', 'tri_sharpe', 'ret_1x', 'ret_2x', 'pos_folds', 'turnover', 'gross_edge']",6,21,1,9,0.3,3
-34.825515925962456,-12.238853670772489,0.3514335206631759,-0.07686678224851178,-0.3804598080976704,-0.6823009599944418,-1.241281138176632,-0.4007388148376252,0.312342365690092,0.24722588066473927,-0.16093932582928525,0.47058823529411764,0.11713105253252121,47.54985588362266,5.491866825314403,0.03480030867008969,1310,0.2815380709896397,-0.1781562482692409,0.0424441339389723,"[-0.05, -1.24, 0.66, -0.75]","['net_sharpe', 'dbl_sharpe', 'tri_sharpe', 'ret_1x', 'ret_2x', 'pos_folds', 'turnover', 'gross_edge', 'short_pnl']",6,21,1,9,0.3,4
-21.485944453802865,-9.504324010324556,0.4423507670682056,0.1064929973724086,-0.20979200873424714,-0.5242922219798267,-0.7320770030210452,-0.19548350869647818,0.2339804826420937,0.1951128809163747,-0.13144682929797505,0.5294117647058824,0.11629470376212839,49.141516132974104,9.990841486271718,0.03534152367090869,1310,0.20105270943328704,-0.006684334988072166,0.029075319983755184,"[-0.35, -0.73, -0.04, 0.27]","['net_sharpe', 'dbl_sharpe', 'tri_sharpe', 'ret_2x', 'pos_folds', 'turnover', 'gross_edge', 'short_pnl']",6,21,1,9,0.3,5
-13.546561336818598,-9.18446623854382,0.6779924447380671,0.4203532048402535,0.0965542289001966,-0.22679815660583422,-0.6397093033268043,0.04196631312126664,0.19621515001342038,0.15262976429186947,0.02282835947553593,0.4117647058823529,0.11682763836262347,50.441999684906214,17.14740604309979,0.03532066601506376,1314,0.21010056435848584,0.13232462894897523,0.05592616315816748,"[-0.56, -0.64, 1.45, 0.64]","['net_sharpe', 'dbl_sharpe', 'tri_sharpe', 'pos_folds', 'turnover', 'gross_edge']",6,21,1,9,0.3,6
48.12958776803,44.27481263147858,0.9199084115340803,0.8678810475465233,0.5737403495668078,0.27923550758761206,0.43881928617491334,0.5033610996940059,0.102934540903593,0.07832990081834446,0.5884299036911697,0.5882352941176471,0.11372297500858534,44.61203440608038,29.731629047450355,0.0327546199928938,1262,0.2852259426663948,0.23987852906778567,0.04233203959540964,"[0.45, 0.44, 0.91, 0.56]","['turnover', 'gross_edge']",6,21,1,9,0.3,7
-41.24566587619643,-19.465480781717797,0.47194002977538674,0.01974758247294042,-0.27658659411892944,-0.5718035947346813,-1.648540393835937,-0.674722384649801,0.33420821600469397,0.27541129049770374,-0.1085332298438565,0.35294117647058826,0.11110272782975708,43.94534520899173,8.067322027274194,0.03383523195553057,1250,0.12741711717053295,0.012934446740142408,0.0708596034727862,"[1.5, -1.38, -1.65, 0.03]","['net_sharpe', 'dbl_sharpe', 'tri_sharpe', 'ret_1x', 'ret_2x', 'pos_folds', 'turnover', 'gross_edge']",6,21,1,9,0.3,8
-24.19730918138518,-14.131215545684968,0.5839994620788668,0.12632551860359176,-0.12188332802578625,-0.3689037402777114,-1.2870196158253522,0.019470798903658715,0.21492960754773183,0.17026492858270104,-0.09442596167504282,0.4117647058823529,0.1142167934300564,37.85823236511306,11.269949468345356,0.03341292435006102,997,0.06103225511343616,0.10787849240962892,0.07952244532667377,"[0.82, -1.29, -0.47, 0.51]","['net_sharpe', 'dbl_sharpe', 'tri_sharpe', 'ret_2x', 'pos_folds', 'turnover', 'gross_edge']",6,21,1,9,0.45,0
-29.1061022225323,-13.120889540685882,0.4507951439313104,-0.07333013075018985,-0.3329761287545602,-0.591254627304811,-1.0871537790390846,-0.2008806354705121,0.24738919422581496,0.1850772519795124,-0.17924657777401162,0.4117647058823529,0.11570500717990356,40.15986837412845,5.335930909553608,0.03338563456822412,1096,0.03999923327250098,0.04483623492139302,0.07021135561512301,"[0.29, -1.09, -0.14, -0.26]","['net_sharpe', 'dbl_sharpe', 'tri_sharpe', 'ret_1x', 'ret_2x', 'pos_folds', 'turnover', 'gross_edge']",6,21,1,9,0.45,1
-30.228532014977922,-14.394062663549661,0.4761747165366004,0.009475825826857928,-0.2948041045086236,-0.598180040100622,-1.8379841238888475,0.04750433269580662,0.2465149781362591,0.1812959054745783,-0.14364006865586473,0.4117647058823529,0.10386398295189492,42.14624108734996,7.904380380782549,0.035322060256512466,1069,0.12588631354215885,0.006000586758462767,0.050127785097618525,"[0.54, -0.21, 0.3, -1.84]","['net_sharpe', 'dbl_sharpe', 'tri_sharpe', 'ret_1x', 'ret_2x', 'pos_folds', 'turnover', 'gross_edge']",6,21,1,9,0.45,2
-41.78093904079022,-11.668483395893366,0.2792776721581477,-0.4693887016041324,-0.7695491475720798,-1.066909464029061,-1.3807666725411392,-0.8609350788907436,0.3193380831458704,0.23078519923086005,-0.2610893103394035,0.29411764705882354,0.10548180279159283,42.56808988193533,-4.016889704972831,0.03718046661011119,1044,-0.014015923917568812,-0.05367790082223006,0.06438378291421638,"[-1.3, -0.43, 0.07, -1.38]","['net_sharpe', 'dbl_sharpe', 'tri_sharpe', 'ret_1x', 'ret_2x', 'pos_folds', 'turnover', 'gross_edge', 'long_pnl', 'short_pnl']",6,21,1,9,0.45,3
-44.518662047478045,-16.0364793790909,0.3602192573080564,-0.502381843004494,-0.7653234894099304,-1.026169132547876,-1.6330947221994232,-0.8709433820419721,0.374709218753264,0.3021436234235889,-0.24556559945271164,0.35294117647058826,0.11676673515758622,41.26207470821501,-6.864297874720018,0.035769566473982384,1040,0.07397618594026882,-0.1861062744729456,0.03349952984225354,"[-0.51, -1.63, 0.63, -1.23]","['net_sharpe', 'dbl_sharpe', 'tri_sharpe', 'ret_1x', 'ret_2x', 'pos_folds', 'turnover', 'gross_edge', 'short_pnl']",6,21,1,9,0.45,4
-20.612221650357085,-14.496636085220315,0.7033029399317164,0.4003649347175151,0.11351795563849176,-0.17200465854566568,-1.1493159599352358,0.1849236115962556,0.2596067449031947,0.2283968349387625,0.024946749009902486,0.5294117647058824,0.11122166834851309,42.533559255810154,18.004873720167023,0.03505239230318141,1038,0.23351811456808363,0.0696592607539161,0.05021012570277387,"[-0.24, -1.15, 0.61, 1.3]","['net_sharpe', 'dbl_sharpe', 'tri_sharpe', 'pos_folds', 'turnover', 'gross_edge']",6,21,1,9,0.45,5
-16.140005099112347,-11.85173304123099,0.7343078870453889,0.4962631054439484,0.22119536951409413,-0.053669332737748696,-0.9595785213002108,0.16652485386822358,0.208570310468277,0.18401715496465654,0.09196298367062586,0.4117647058823529,0.11624253444875188,42.633169919738016,20.877721635191417,0.03546646498459794,981,0.23888107297154176,0.11349443142424001,0.054817125872972,"[-0.12, -0.96, 0.45, 1.58]","['net_sharpe', 'dbl_sharpe', 'tri_sharpe', 'pos_folds', 'turnover', 'gross_edge']",6,21,1,9,0.45,6
68.71713769966297,65.80146551644366,0.9575699413447248,1.1595276454547263,0.9006220941920082,0.6413629172552561,0.5035719817338963,0.9413114249647949,0.08979109383399408,0.08240114986667024,1.1098133151940948,0.5882352941176471,0.11242198430125805,38.78976906296443,41.20776763194017,0.032016157000806914,1002,0.42811526419130097,0.20469172118198936,0.04016751872968452,"[0.5, 0.7, 1.18, 1.33]",['turnover'],6,21,1,9,0.45,7
-24.808121520875375,-20.78622561433107,0.8378798691726825,0.5179844552318843,0.2590536802463107,0.0005559892284817271,-1.2293585125702924,-0.01035988714221725,0.2516998835143004,0.21220458827956257,0.08974927769732682,0.47058823529411764,0.10902579674968027,37.6070811651936,22.57867798613894,0.032122589852926,1005,0.3003524393243725,0.035805304177472186,0.06988695405233984,"[1.98, -1.23, -1.09, 1.07]","['net_sharpe', 'dbl_sharpe', 'pos_folds', 'turnover', 'gross_edge']",6,21,1,9,0.45,8
-23.632519703190336,-14.73706904678005,0.6235927963614721,0.11597514372828617,-0.10202532788022463,-0.31893446147924714,-1.7099957970064494,0.27269973259899444,0.22481765483398664,0.20464269202285568,-0.0798657763135626,0.29411764705882354,0.11361994032091355,33.09413144588699,11.420107234970384,0.033518293672317435,796,0.10152012113498074,0.04810211880818057,0.08039839302895897,"[1.07, -1.71, 0.14, 0.4]","['net_sharpe', 'dbl_sharpe', 'tri_sharpe', 'ret_2x', 'turnover', 'gross_edge']",6,21,1,9,0.6,0
-25.275849629236745,-12.979991995327786,0.5135333603311891,0.05794651785765135,-0.16266410974506515,-0.3823222098643502,-1.1322419555634533,-0.24834118446993947,0.2048388074086509,0.18571032777401963,-0.11654345155899903,0.4117647058823529,0.1104086635986101,32.53840959258772,9.534810160809483,0.03332772497672387,800,-0.0390110675702231,0.1618351009641902,0.06569086076284508,"[1.11, -1.06, 0.56, -1.13]","['net_sharpe', 'dbl_sharpe', 'tri_sharpe', 'ret_2x', 'pos_folds', 'turnover', 'gross_edge', 'long_pnl']",6,21,1,9,0.6,1
-15.912298020003695,-9.570986239477412,0.601483596363361,0.2143120547533972,-0.055662240771607495,-0.3251170788842021,-1.3581655918015167,0.1572389159727622,0.18509448870565526,0.15897139944048522,-0.05775861019647203,0.5294117647058824,0.10113165197091531,36.399881071625764,13.629010419212438,0.035078366754034564,837,0.13852891769376693,0.05787008172098407,0.04897947006060042,"[-0.01, 0.33, 0.83, -1.36]","['net_sharpe', 'dbl_sharpe', 'tri_sharpe', 'ret_2x', 'pos_folds', 'turnover', 'gross_edge']",6,21,1,9,0.6,2
-41.734918589885844,-12.484933785806351,0.29914839198541016,-0.522194871185864,-0.7848608157467556,-1.0450867598874154,-1.518333626965444,-0.8833868733705432,0.32942339012634136,0.26047833411945753,-0.24926400299284304,0.4117647058823529,0.10212922443688725,36.11010593807503,-7.144035849816706,0.037576641778912324,836,-0.01348629750827618,-0.08864230057898553,0.059529316719259845,"[-1.52, -0.97, 0.34, -0.79]","['net_sharpe', 'dbl_sharpe', 'tri_sharpe', 'ret_1x', 'ret_2x', 'pos_folds', 'turnover', 'gross_edge', 'long_pnl', 'short_pnl']",6,21,1,9,0.6,3
-44.24275330734236,-17.12916316416729,0.38716313709446737,-0.48957512232242373,-0.7099100529481208,-0.9283450423590304,-1.9171244655767048,-0.48401578511874327,0.3606419487633754,0.3030054440623561,-0.22355778722403766,0.23529411764705882,0.10950797366214102,32.50531377763144,-9.090920024725886,0.03461151005086304,766,0.0017806438800804236,-0.11876753030758544,0.05232356919348346,"[-0.95, -1.92, -0.02, 0.15]","['net_sharpe', 'dbl_sharpe', 'tri_sharpe', 'ret_1x', 'ret_2x', 'pos_folds', 'turnover', 'gross_edge', 'short_pnl']",6,21,1,9,0.6,4
-39.36235172270401,-16.531620795269237,0.41998559719524786,-0.13992651902658934,-0.3761757683369064,-0.611427022690539,-2.2319023374490468,-0.22730428194420424,0.34787553492878975,0.30685106235915727,-0.12272726940778325,0.47058823529411764,0.10198683794069191,32.18210979730298,3.217219550546967,0.03395610901500171,748,0.10792705700872962,-0.0669377860439014,0.046537849832895446,"[-0.82, -2.23, 0.36, 1.3]","['net_sharpe', 'dbl_sharpe', 'tri_sharpe', 'ret_1x', 'ret_2x', 'pos_folds', 'turnover', 'gross_edge', 'short_pnl']",6,21,1,9,0.6,5
2.1966228126901663,2.042653342473304,0.9299062773420356,0.6917508457679191,0.4552195274347015,0.21868548792634673,-1.119693051983896,0.6919700881741951,0.19009465096009093,0.16920245991866756,0.24171751126628513,0.5294117647058824,0.11242866207503349,35.4402380927499,29.250540683086232,0.03435484927493568,772,0.2767943445556873,0.13360391634488855,0.05438749013457315,"[0.45, -1.12, 0.94, 1.63]","['net_sharpe', 'dbl_sharpe', 'turnover', 'gross_edge']",6,21,1,9,0.6,6
54.15243362549701,52.71024265149269,0.9733679379217173,0.963464951975875,0.7309518194251889,0.4981545254036075,0.296655282619409,0.6854481111803888,0.08979109383399408,0.08240114986667024,0.8309049791342799,0.6470588235294118,0.10608570392595523,32.88688576899047,38.770344949677686,0.03261194301765713,766,0.2670252624424343,0.23774922620673497,0.040728396739950046,"[0.3, 0.31, 1.06, 1.44]","['turnover', 'gross_edge']",6,21,1,9,0.6,7
-19.798890975235828,-18.358145369843015,0.9272309945443471,0.7105124593581522,0.48873645145760736,0.2668257977675643,-1.2642324169922896,0.17061999598104372,0.2397601403758991,0.2055603517275285,0.19936853395510173,0.47058823529411764,0.10722365069476239,31.69688186222316,31.583922391434687,0.031026289265700113,778,0.29282981038758504,0.10350077401162433,0.0728457391423185,"[2.43, -1.26, -0.94, 1.28]","['net_sharpe', 'dbl_sharpe', 'pos_folds', 'turnover', 'gross_edge']",6,21,1,9,0.6,8
-4.065062965089042,-2.9922416396580753,0.7360874026689357,0.43131326964466665,0.18096540523112992,-0.06833987158736325,-0.40221492530078273,-0.1492730016672191,0.1600089032011186,0.11259016007290057,0.08868015553245895,0.5294117647058824,0.11295076109289041,37.66837428381801,20.325285674564917,0.027059521014224045,998,0.10506776982727896,0.19803403197292005,0.045192487834582136,"[1.22, -0.4, -0.33, 0.04]","['net_sharpe', 'dbl_sharpe', 'tri_sharpe', 'pos_folds', 'turnover', 'gross_edge']",6,21,1,12,0.3,0
-27.76434149771144,-10.611896734388772,0.38221316126887034,-0.1723541683117877,-0.4043880387217692,-0.6349758516594195,-0.9194510907324486,-0.47706414369053995,0.21271389277347452,0.14653217363772963,-0.24059003293994471,0.35294117647058826,0.113576225826899,35.29857503987466,1.8952305902787114,0.02760296068419446,965,0.07356311071604392,-0.04707846217994986,-0.012710776640935097,"[-0.19, -0.92, 0.37, -0.76]","['net_sharpe', 'dbl_sharpe', 'tri_sharpe', 'ret_1x', 'ret_2x', 'pos_folds', 'turnover', 'gross_edge', 'short_pnl']",6,21,1,12,0.3,1
-39.60264477399637,-14.893507454796346,0.376073556192783,-0.27831308393058174,-0.5231297337149771,-0.7667554008545042,-1.7535657931969806,-0.427584472951832,0.27803136643161097,0.23868559004622902,-0.22262683522714286,0.23529411764705882,0.11027889886836317,36.10942757067886,-1.012877356288958,0.028094586698193636,976,0.00487998403935079,-0.019359446811385225,-0.0014985027013718934,"[0.4, -1.75, -0.84, -0.01]","['net_sharpe', 'dbl_sharpe', 'tri_sharpe', 'ret_1x', 'ret_2x', 'pos_folds', 'turnover', 'gross_edge', 'short_pnl']",6,21,1,12,0.3,2
-30.555637414028723,-11.492690472061849,0.37612340781296605,-0.207651901691179,-0.45048839649175,-0.6913643741481696,-0.8294920571211933,-0.6427066538336796,0.253226876419386,0.18278728944454814,-0.21996967314283206,0.4117647058823529,0.11267291030442003,36.727276584472094,1.0144812645643806,0.028143103346919208,968,0.023275663544399708,-0.008525129675771372,0.04275757750389207,"[-0.83, -0.63, -0.66, 0.27]","['net_sharpe', 'dbl_sharpe', 'tri_sharpe', 'ret_1x', 'ret_2x', 'pos_folds', 'turnover', 'gross_edge', 'short_pnl']",6,21,1,12,0.3,3
-10.967940586719818,-7.784188373355981,0.7097219675662009,0.40288024280370643,0.16001043084169164,-0.08182621279035854,-0.59573944725562,-0.13140072887752635,0.16767765031803994,0.12916530333962128,0.06957434863042306,0.4117647058823529,0.1104189495706826,35.74550718727394,19.970054693208787,0.026309021907441017,963,0.2563529271164848,0.02624937836389144,0.06946291271295552,"[-0.09, -0.18, -0.6, 1.27]","['net_sharpe', 'dbl_sharpe', 'tri_sharpe', 'pos_folds', 'turnover', 'gross_edge']",6,21,1,12,0.3,4
-28.082170482778253,-14.65881682199369,0.5219972876022313,0.16243241336223904,-0.07287420441125911,-0.3076550231080994,-1.031250759788314,-0.06597394940472417,0.2803537254883305,0.22642009302843324,-0.051247690263986394,0.4117647058823529,0.11214466166538506,35.1978777203575,12.966906570953643,0.02576345325707802,971,0.1833922441555537,-0.0027048550351906064,0.08317984628579739,"[0.6, -0.7, -1.03, 0.56]","['net_sharpe', 'dbl_sharpe', 'tri_sharpe', 'ret_2x', 'pos_folds', 'turnover', 'gross_edge', 'short_pnl']",6,21,1,12,0.3,5
-37.52317600330599,-15.798003969330448,0.4210199042836502,0.0007040685766091837,-0.2207671834527527,-0.4417933247554996,-1.499289440838118,-0.31151819004979187,0.347029131909923,0.2994146875611746,-0.09281415177439072,0.4117647058823529,0.117127358906094,34.60270726369207,7.592811753908278,0.026226171763641386,968,0.12857874310860168,-0.024565726037470578,0.07247488440070508,"[0.38, -1.5, -1.0, 1.11]","['net_sharpe', 'dbl_sharpe', 'tri_sharpe', 'ret_1x', 'ret_2x', 'pos_folds', 'turnover', 'gross_edge', 'short_pnl']",6,21,1,12,0.3,6
-36.21586672567332,-15.415905624725305,0.4256671734932417,0.01666809947251839,-0.20636726778821993,-0.42938181753569526,-1.3200397753378585,-0.12866704953033545,0.4155535431076932,0.36706236166462414,-0.0713692523587937,0.4117647058823529,0.11432572941675397,33.967297560841466,8.19453467353944,0.025101915727075465,968,0.14426446719581654,-0.03406987662772358,0.0718750335394704,"[0.01, -1.32, -0.27, 0.67]","['net_sharpe', 'dbl_sharpe', 'tri_sharpe', 'ret_1x', 'ret_2x', 'pos_folds', 'turnover', 'gross_edge', 'short_pnl']",6,21,1,12,0.3,7
-37.30756341136748,-14.197735899341206,0.380559184280987,-0.25716869484675614,-0.46704713566149636,-0.6762354958819503,-1.1526521084337107,-0.8822733175748327,0.4030963420035004,0.3577951637155955,-0.1571818058981956,0.5882352941176471,0.12352466508340888,34.65159844201256,-1.843659083677221,0.026792895426992546,958,0.1211115680621158,-0.1464033176414562,0.07131993632213594,"[-0.66, -1.15, -1.11, 0.8]","['net_sharpe', 'dbl_sharpe', 'tri_sharpe', 'ret_1x', 'ret_2x', 'pos_folds', 'turnover', 'gross_edge', 'short_pnl']",6,21,1,12,0.3,8
-14.42101253960325,-8.740508044525873,0.6060953085313898,0.3145888807979728,0.08105659621497399,-0.15182258639030105,-0.5991108007143657,-0.10718316396038098,0.20757706142985288,0.19165065960568184,0.012846970842294364,0.5294117647058824,0.11608509473776119,36.1602256090231,17.47861634032979,0.026236397816884062,968,0.2966312777298573,-0.046416380130177425,0.0773036116211833,"[-0.6, -0.01, 1.4, -0.2]","['net_sharpe', 'dbl_sharpe', 'tri_sharpe', 'pos_folds', 'turnover', 'gross_edge', 'short_pnl']",6,21,1,12,0.3,9
13.06175074771476,12.29641494719633,0.9414063386064591,0.8648678901203604,0.6507740683580662,0.4364057101368282,-0.8423067667162919,0.5977368886187481,0.14860974755033807,0.1334435151003286,0.495888782732069,0.6470588235294118,0.12028182777864094,34.34647380784764,37.81898750124828,0.024762854685532,977,0.47074720237495504,0.04349419707041746,0.05068655954522019,"[1.92, -0.23, 1.43, -0.84]","['pos_folds', 'turnover', 'gross_edge']",6,21,1,12,0.3,10
-23.35903588265956,-17.549541996599935,0.7512956478493932,0.55613029195174,0.3098149391184607,0.06386204920728662,-1.2057470277787332,-0.22884445962004024,0.2247462613452521,0.19944854593171513,0.1299767091392437,0.5294117647058824,0.11343814734800112,37.22201447556085,24.303916982184592,0.027617634251263255,985,0.41229628061467416,-0.0541576824363858,0.029615641444299814,"[2.28, -1.21, -0.32, -0.14]","['net_sharpe', 'dbl_sharpe', 'pos_folds', 'turnover', 'gross_edge', 'short_pnl']",6,21,1,12,0.3,11
-21.198458163712665,-15.627460699542308,0.7371979876486139,0.35664604258095706,0.13809808758986444,-0.07978888394281423,-0.7677056736986831,-0.09051115320128467,0.23284435229363754,0.1953932132398415,0.0396257757751678,0.4117647058823529,0.11111144094083174,32.356135769549724,19.565955005655134,0.027496848406062833,773,0.22526467058811706,0.02536511478763756,0.03480005986181904,"[1.17, -0.7, -0.77, 0.52]","['net_sharpe', 'dbl_sharpe', 'tri_sharpe', 'pos_folds', 'turnover', 'gross_edge']",6,21,1,12,0.45,0
-37.66168192893424,-14.825193740243988,0.39364130811306847,-0.38443969831672536,-0.5885591554846066,-0.7912587411112406,-1.544457141084172,-0.40703073330191486,0.27019637386751316,0.2071724139523291,-0.255916326402204,0.29411764705882354,0.11090880561377818,30.39990819658607,-6.5313749072547385,0.028020474395636905,767,0.1066316762477941,-0.1852369832341649,-0.022599805084231695,"[0.03, -1.54, -0.35, -0.46]","['net_sharpe', 'dbl_sharpe', 'tri_sharpe', 'ret_1x', 'ret_2x', 'pos_folds', 'turnover', 'gross_edge', 'short_pnl']",6,21,1,12,0.45,1
-27.967210895878402,-17.37578605860131,0.6212913444708933,0.2317363320393904,0.01267988767069298,-0.20563652512632732,-1.8025876651680144,0.14958596453515074,0.24893037107384453,0.21922981050272927,-0.01879149158731076,0.35294117647058826,0.11012280577301362,32.17951242599747,15.290844724168819,0.027598970205768934,795,0.1662359403642268,0.02856269954776948,0.03240928766139274,"[1.5, -1.8, -0.37, 0.66]","['net_sharpe', 'dbl_sharpe', 'tri_sharpe', 'ret_2x', 'pos_folds', 'turnover', 'gross_edge']",6,21,1,12,0.45,2
-38.00386739843768,-14.811332846300946,0.38973225253674665,-0.30932014127247703,-0.5236616680771687,-0.7364360204214684,-1.568407197572326,-0.5376864448671711,0.27170033085674505,0.21402210699701263,-0.22770705050398812,0.35294117647058826,0.11004418698420436,31.670351258890673,-3.384312961481269,0.028231428555974526,759,0.1878369554902971,-0.23026943205903283,0.039206464953804004,"[-0.53, -0.54, -1.57, 0.25]","['net_sharpe', 'dbl_sharpe', 'tri_sharpe', 'ret_1x', 'ret_2x', 'pos_folds', 'turnover', 'gross_edge', 'short_pnl']",6,21,1,12,0.45,3
-7.184388397022857,-5.220276836939432,0.7266139507578218,0.3106237169093622,0.09722062621527022,-0.11548027045146142,-0.8665834320456431,0.1279489755439869,0.14511457270251937,0.11716179852117714,0.03208879655322258,0.47058823529411764,0.1109006299759342,31.559307600750884,18.35864394591231,0.02627173827576314,782,0.217020699949654,0.012352697887159834,0.06016473547840824,"[-0.01, 0.27, -0.87, 0.68]","['net_sharpe', 'dbl_sharpe', 'tri_sharpe', 'pos_folds', 'turnover', 'gross_edge']",6,21,1,12,0.45,4
-17.237508460232867,-12.540703786898622,0.7275241555837476,0.3006669089990092,0.0882640259688541,-0.12420324968654588,-0.8714272353159024,0.09736378164148582,0.24222773731753955,0.2112878041590993,0.015344167499918559,0.5882352941176471,0.10794799828272755,30.57470513998903,18.470954933405782,0.02542643036250191,794,0.21382114334090893,0.00975559119977646,0.07650193808912578,"[0.5, -0.87, -0.3, 0.9]","['net_sharpe', 'dbl_sharpe', 'tri_sharpe', 'pos_folds', 'turnover', 'gross_edge']",6,21,1,12,0.45,5
-39.07944134784604,-15.47359461062527,0.39595229811232024,-0.2082873334095922,-0.3885195157197602,-0.5681425608615258,-1.692983285472647,-0.46451258593713407,0.38091005108579157,0.35524366204938895,-0.14175854578663155,0.5294117647058824,0.12311320524834639,29.648836446829254,-1.022652215068984,0.02589080140909337,747,0.15761844633241898,-0.16962202105712887,0.07982453896445474,"[-0.08, -1.69, -0.85, 1.25]","['net_sharpe', 'dbl_sharpe', 'tri_sharpe', 'ret_1x', 'ret_2x', 'pos_folds', 'turnover', 'gross_edge', 'short_pnl']",6,21,1,12,0.45,6
-36.36450184691974,-15.62867612958419,0.4297783644988394,-0.09643908338777739,-0.2764095518252901,-0.4561371176595652,-1.3483324228012565,-0.21220510039052695,0.4035597450302838,0.3575917018302225,-0.10017336055212066,0.47058823529411764,0.12211811308342975,29.284970958140956,3.674036405755323,0.024495458123640932,764,0.14254054235244573,-0.09994508990223949,0.08339808567211222,"[-0.63, -1.35, 0.21, 1.03]","['net_sharpe', 'dbl_sharpe', 'tri_sharpe', 'ret_1x', 'ret_2x', 'pos_folds', 'turnover', 'gross_edge', 'short_pnl']",6,21,1,12,0.45,7
-27.4864775977221,-17.761913988706485,0.6462055359970343,0.27033101337443827,0.0751291438385056,-0.1199617522329036,-1.3041105214956932,-0.03292926290735908,0.28644618452677983,0.24814812351316384,0.007152563195042686,0.5294117647058824,0.11522176451204139,29.998015621187207,17.83015486988842,0.025350105508479468,759,0.21741079636041494,-0.005661183501423292,0.07897841795329637,"[0.24, -1.3, -0.3, 1.49]","['net_sharpe', 'dbl_sharpe', 'tri_sharpe', 'pos_folds', 'turnover', 'gross_edge', 'short_pnl']",6,21,1,12,0.45,8
34.745775066047855,34.10963210795154,0.981691501862109,0.8889152449465648,0.6847971922178053,0.48111784396677426,0.0861732877079816,0.7201207548672612,0.15083166206381093,0.13482509758513983,0.49407935997974106,0.5294117647058824,0.11427489194247749,30.95026189481458,40.22667611367056,0.025160493094196226,744,0.2416534802242513,0.25124043825952935,0.09687399739029463,"[0.24, 0.09, 1.2, 1.25]",['turnover'],6,21,1,12,0.45,9
23.539112972810642,22.547971251306798,0.9578938372635926,0.9391069055445109,0.7503729915022028,0.5613336149553729,-0.303212003758511,0.6657468959531513,0.15215925376524586,0.14570626183777569,0.5707116316145301,0.5882352941176471,0.12054778318701273,30.351169555999082,44.71707817692561,0.024173459512131627,824,0.458455999456147,0.07885265081680727,0.056392794991286035,"[1.72, -0.3, 1.4, -0.06]","['pos_folds', 'turnover']",6,21,1,12,0.45,10
9.98277695939587,9.491589826830882,0.950796543430465,0.9020620307742462,0.6881306102461118,0.4742356956202131,-0.1386209436161754,0.025307417402485072,0.17942724550871503,0.1597205651000554,0.4116746790728289,0.7058823529411765,0.11257040508965296,32.04854519863951,39.02520823499837,0.026785754316869817,775,0.4636565472357501,0.03148404502676616,0.02771547283717462,"[2.3, -0.07, 0.12, -0.14]","['pos_folds', 'turnover', 'gross_edge']",6,21,1,12,0.45,11
-8.864671827682246,-6.915818787036307,0.7801550831740733,0.4085594855605039,0.2180512615803595,0.027922064501068846,-0.9385539126352052,0.09390672916746852,0.1530774857126651,0.126265942665171,0.11395422259509436,0.47058823529411764,0.10403971078700493,26.416331811447872,23.408032277714106,0.027315550777548374,591,0.27852954186579404,-0.03372898503614972,0.03699314128199651,"[1.47, -0.94, 0.19, -0.01]","['net_sharpe', 'dbl_sharpe', 'pos_folds', 'turnover', 'gross_edge', 'short_pnl']",6,21,1,12,0.6,0
-40.85721670190272,-13.610694090303456,0.33312827424364433,-0.5114653278219172,-0.6912012581317044,-0.8694452133356212,-1.822631618534765,-0.5113902224633596,0.2882904620192843,0.24178729884000172,-0.2574416901732479,0.29411764705882354,0.10343066109905956,25.06664420414894,-13.715796789442152,0.028183909543960432,555,-0.09931025689356732,-0.03680042865456354,0.022614220691766697,"[0.18, -1.82, -0.25, -0.77]","['net_sharpe', 'dbl_sharpe', 'tri_sharpe', 'ret_1x', 'ret_2x', 'pos_folds', 'turnover', 'gross_edge', 'long_pnl', 'short_pnl']",6,21,1,12,0.6,1
-19.23750492961354,-12.163187168550463,0.6322642781926923,0.1810458864834878,-0.006453208166904953,-0.19344389964728867,-2.5666913916847753,0.6464966884310622,0.28293265861103833,0.26563344451687276,-0.02143786699485201,0.4117647058823529,0.10400455068140296,26.001085594372714,14.660200620355244,0.026798938280296666,597,0.13398635710770476,0.016919597557218388,0.02892580831598509,"[1.37, -2.57, -0.04, 1.33]","['net_sharpe', 'dbl_sharpe', 'tri_sharpe', 'ret_2x', 'pos_folds', 'turnover', 'gross_edge']",6,21,1,12,0.6,2
-37.41954745057212,-15.019267976495248,0.40137492299537725,-0.40680109341107545,-0.6045735538751956,-0.8007866045836757,-1.206206471964696,-0.7368392725162061,0.298375132348184,0.24855975729054947,-0.2236656099099538,0.4117647058823529,0.10481393177637228,27.886483359835722,-7.899758720199785,0.029173059637841753,608,0.06270007787300907,-0.14991334587053962,0.03640458690765374,"[-1.21, -0.97, -0.51, 0.35]","['net_sharpe', 'dbl_sharpe', 'tri_sharpe', 'ret_1x', 'ret_2x', 'pos_folds', 'turnover', 'gross_edge', 'short_pnl']",6,21,1,12,0.6,3
-29.317441332861556,-12.789522874651611,0.4362428060976793,-0.10815273519217644,-0.2946537629540673,-0.48048121468198063,-1.1247048219638747,-0.36677486196551334,0.24141852722237478,0.19704963008568033,-0.15263122916013794,0.47058823529411764,0.10756074480573091,26.808755493971514,3.073601294481015,0.027197241226236075,603,0.1184193613822445,-0.08579821892276207,0.05007249467579217,"[-1.0, 0.41, -1.12, 0.27]","['net_sharpe', 'dbl_sharpe', 'tri_sharpe', 'ret_1x', 'ret_2x', 'pos_folds', 'turnover', 'gross_edge', 'short_pnl']",6,21,1,12,0.6,4
-20.53197840337384,-11.356365962885762,0.5531062686594133,0.15906169884964516,-0.02923154982172743,-0.21765418823937432,-0.769419587069378,-0.09535888922708294,0.2406439098113018,0.20760956062126334,-0.03417075355341843,0.5294117647058824,0.10264334667467404,25.756334828445834,14.20564381925932,0.02538556026191619,596,0.27094626958455753,-0.1260957804154367,0.07689868029512303,"[-0.77, -0.28, 0.09, 0.99]","['net_sharpe', 'dbl_sharpe', 'tri_sharpe', 'ret_2x', 'pos_folds', 'turnover', 'gross_edge', 'short_pnl']",6,21,1,12,0.6,5
-40.1209255493896,-17.369364269326116,0.43292531344881635,-0.19995898524755057,-0.3582189649693762,-0.5158010073130898,-1.9313430697456466,-0.09522061499398175,0.38185826518116606,0.35881311965191676,-0.13159107981860937,0.29411764705882354,0.12256584570797276,25.96593979580133,-1.9035747072737323,0.026080544566841415,595,0.23633040680111692,-0.25589852009571884,0.07809724468586314,"[0.02, -1.93, -0.21, 0.96]","['net_sharpe', 'dbl_sharpe', 'tri_sharpe', 'ret_1x', 'ret_2x', 'pos_folds', 'turnover', 'gross_edge', 'short_pnl']",6,21,1,12,0.6,6
-39.39115718627986,-16.429503564198225,0.4170860857553254,-0.08665827770723229,-0.2391766244230598,-0.391535336961234,-1.925549374675061,-0.2403941581677852,0.3945115984793094,0.35839154414890506,-0.08706639856111408,0.47058823529411764,0.11722594558007352,23.830808457850303,3.5514312594358586,0.02378709835794002,576,-0.0004890832327854033,0.0339946656566322,0.08177496982270618,"[-0.48, -1.93, -0.0, 1.81]","['net_sharpe', 'dbl_sharpe', 'tri_sharpe', 'ret_1x', 'ret_2x', 'pos_folds', 'gross_edge', 'long_pnl']",6,21,1,12,0.6,7
-23.07711074170095,-17.60759595558598,0.762989620003365,0.3267441697079287,0.15657820866218583,-0.013594757987169175,-1.8160162822667973,0.25931164243603283,0.26539494353136195,0.23628017204186025,0.042795004023067205,0.5294117647058824,0.111786266646925,25.371677056358468,21.819153846885357,0.02499481026945713,600,0.1131419548588637,0.10601843382380091,0.08374745643214969,"[0.63, -1.82, -0.11, 1.57]","['net_sharpe', 'dbl_sharpe', 'tri_sharpe', 'pos_folds', 'turnover', 'gross_edge']",6,21,1,12,0.6,8
11.878144119192354,11.27320727465112,0.9490714341844199,0.5939124948230762,0.4172710084317858,0.24118155817670692,-0.660872258658413,0.585709267837975,0.13957778170219182,0.12073700119528985,0.2978708536263657,0.5294117647058824,0.11256365367533679,26.42683068041927,32.72276944887244,0.024920782379100004,607,0.19173904807159367,0.15061078250663557,0.09703090194231949,"[0.04, -0.66, 1.21, 1.13]","['net_sharpe', 'dbl_sharpe', 'turnover', 'gross_edge']",6,21,1,12,0.6,9
11.268348696010959,11.268348696010959,1.0,0.9003163245455102,0.7441244675554176,0.5874815753507774,-1.2173886702508858,0.7898532799253077,0.15685000339486332,0.13242309486587678,0.524283816966105,0.5294117647058824,0.11503754723628844,24.019788773232428,50.52112776280714,0.023775880061070967,596,0.3805837620091041,0.09983195065186248,0.03195561672018049,"[1.89, 0.21, 1.37, -1.22]",[],6,21,1,12,0.6,10
2.665567731956185,2.3231018951308084,0.871522365490953,0.7996553637936377,0.6252416018928432,0.450919311398016,-0.22752202084500822,-0.03856725518784908,0.1835715536445911,0.1621764736531357,0.34754417710578955,0.5882352941176471,0.10802846294049437,25.077794667324802,41.79990009160827,0.025045764986064856,581,0.4978158195304675,-0.08282396876898723,0.022815204281083485,"[2.1, -0.01, -0.23, -0.07]","['net_sharpe', 'pos_folds', 'turnover', 'short_pnl']",6,21,1,12,0.6,11
-40.72029400303406,-16.169604706191066,0.3970895864599178,-0.2186225175540462,-0.4079446989338196,-0.5964088080888016,-1.9852226181823294,-0.7122633458443808,0.34064615912473495,0.30062326801898,-0.1541609008121611,0.5294117647058824,0.1156110624885188,29.279217733860055,-1.1948761549320153,0.022589317619286498,734,0.17916507150195424,-0.19301531301074576,0.062131928875435706,"[-0.11, -1.32, -1.99, 1.39]","['net_sharpe', 'dbl_sharpe', 'tri_sharpe', 'ret_1x', 'ret_2x', 'pos_folds', 'turnover', 'gross_edge', 'short_pnl']",6,21,1,15,0.3,0
-27.500310072876804,-18.585261505678286,0.6758200709892608,0.3152147291729894,0.14647729449519245,-0.02173546337323353,-1.1858634149514187,0.009900586536535472,0.2983355012610187,0.27067652832347,0.03541217511903161,0.47058823529411764,0.12210722144897475,27.47265844429248,21.237103740352026,0.020802016938097707,745,0.3937140289933001,-0.1627358474180157,0.07192301194941841,"[1.13, -1.11, -1.19, 1.31]","['net_sharpe', 'dbl_sharpe', 'tri_sharpe', 'pos_folds', 'turnover', 'gross_edge', 'short_pnl']",6,21,1,15,0.3,1
-37.33618535319625,-20.25667434437908,0.5425480442833981,0.14348501753195006,-0.03478666444326469,-0.2125054904227447,-1.6551536045742545,-0.4203143224124462,0.29492688569141323,0.25526867038406764,-0.037460307313583185,0.35294117647058826,0.11834025192375087,28.156600558752515,13.334626378106833,0.02139948543979428,751,0.26632181304888686,-0.11768169068621086,0.0683364730964775,"[1.72, -1.17, -1.66, 0.33]","['net_sharpe', 'dbl_sharpe', 'tri_sharpe', 'ret_2x', 'pos_folds', 'turnover', 'gross_edge', 'short_pnl']",6,21,1,15,0.3,2
-5.167743683942508,-4.028740834718884,0.779593780403081,0.40531780143886686,0.23148310817464282,0.0580910063434699,-1.1841467815058562,0.411581033405805,0.1940404214461121,0.15993881665086773,0.10808481222309198,0.6470588235294118,0.12143685242230448,28.12301862634934,24.934390219179644,0.020465613638856486,778,0.4102939453214045,-0.13268358553384504,0.06543979338808914,"[1.06, -1.18, -0.23, 1.07]","['net_sharpe', 'dbl_sharpe', 'pos_folds', 'turnover', 'gross_edge', 'short_pnl']",6,21,1,15,0.3,3
0.3118202820783994,0.26663085642619244,0.8550786198030402,0.5521231780702176,0.3810087540020825,0.20988544081999683,-1.6948114337089817,0.9560126252353229,0.22830166983655975,0.20377691559448963,0.17610636431242116,0.5294117647058824,0.12346325953494439,28.1610293911285,31.611670099709038,0.02042442234476051,775,0.42607546876667757,-0.07364702718368711,0.04759148531946282,"[1.62, -1.69, 1.0, 0.91]","['net_sharpe', 'dbl_sharpe', 'turnover', 'gross_edge', 'short_pnl']",6,21,1,15,0.3,4
30.80587048737615,30.46886660368897,0.989060400554976,1.0246221077920168,0.8442504162104258,0.663593292789627,-0.1876692655831246,0.7117524187270184,0.13452670194407046,0.11424942215232992,0.72653265676333,0.5294117647058824,0.11875736199819746,28.5553698196328,50.01068231626819,0.01993703050779582,773,0.4889790567899235,0.07638155927686721,0.0520917569174434,"[2.15, -0.19, 0.89, 0.53]",['turnover'],6,21,1,15,0.3,5
54.127152052173095,53.355781705821165,0.985748920512049,1.0145508104971324,0.8380059621695879,0.6618258522690812,0.2791266818152091,0.8944168762281427,0.12050086236914137,0.1139476677458724,0.8586663606342061,0.5882352941176471,0.12680844636231092,29.631600833584084,50.50132830471326,0.020583876433655342,765,0.3990879369731099,0.19333641007690647,0.06884588585825642,"[1.28, 0.87, 0.92, 0.28]",['turnover'],6,21,1,15,0.3,6
57.28611936814085,56.64875018797285,0.988873933385642,1.1824654084024129,1.002368836844703,0.8226229148813503,0.573953461537721,0.8015446666572419,0.15665006678819327,0.14654271896399151,0.768750978683011,0.7058823529411765,0.12039201715018186,28.615971649666324,57.0305045246388,0.019701067442157272,749,0.5112817306360807,0.1348048089336367,0.07130130327674085,"[1.73, 0.69, 0.91, 0.57]",['turnover'],6,21,1,15,0.3,7
-18.70596242964736,-14.970656519359096,0.800314689803497,0.4729854130968466,0.2943699347298309,0.11576184705906159,-1.3056416650396,0.46744608479461547,0.31045793302387537,0.2867176682791205,0.09071267987579115,0.4117647058823529,0.11797833524439882,28.102120209030637,27.261498932371968,0.02109139532274946,742,0.4486341984830814,-0.14534021094619293,0.029652008566728973,"[1.26, -1.31, -0.31, 1.25]","['net_sharpe', 'dbl_sharpe', 'pos_folds', 'turnover', 'gross_edge', 'short_pnl']",6,21,1,15,0.3,8
-19.808765725795634,-10.91655045428532,0.551096954015132,0.19568754405226493,0.009004952038006893,-0.1773812987283798,-0.9204547211578679,0.18359485939103365,0.2546876491098503,0.22302911970614336,-0.02189889846408886,0.47058823529411764,0.1150124135253065,28.649676299355864,15.238458134517574,0.021611052182461024,763,0.17925646261970538,-0.00641985709209289,0.04553426493714373,"[-0.92, -0.41, 0.78, 1.11]","['net_sharpe', 'dbl_sharpe', 'tri_sharpe', 'ret_2x', 'pos_folds', 'turnover', 'gross_edge', 'short_pnl']",6,21,1,15,0.3,9
-34.85757073989104,-14.027576089840744,0.40242552168982826,-0.35473280792482226,-0.535919247504124,-0.7165705441533355,-0.9106039070043151,-0.6978184174552589,0.3773114272833893,0.3387489610947594,-0.17301028421814227,0.5294117647058824,0.1137847781607298,27.54503878413915,-6.820569048829726,0.021023928463367987,787,0.08645622229347837,-0.1608332777252525,0.013979806856656812,"[-0.91, -0.86, -0.53, 0.17]","['net_sharpe', 'dbl_sharpe', 'tri_sharpe', 'ret_1x', 'ret_2x', 'pos_folds', 'turnover', 'gross_edge', 'short_pnl']",6,21,1,15,0.3,10
-45.70747162492426,-13.598388162011712,0.2975090872144527,-0.7104432794167741,-0.8856471691445159,-1.0599452323377243,-1.5815577800723293,-0.84455529987125,0.4424140179342042,0.4080628921538859,-0.24390386731572242,0.35294117647058826,0.1204294459030596,28.309546655302867,-22.6639415212817,0.02222166296795228,829,-0.12207985654711297,-0.1319257707928138,0.005617162769017886,"[-0.2, -1.19, -1.58, -0.5]","['net_sharpe', 'dbl_sharpe', 'tri_sharpe', 'ret_1x', 'ret_2x', 'pos_folds', 'turnover', 'gross_edge', 'long_pnl', 'short_pnl']",6,21,1,15,0.3,11
-50.27635063553476,-16.091154044833075,0.3200541376099805,-0.7735987545367928,-0.9644267294066823,-1.154147759205394,-2.4449911047575164,-0.9014618039772908,0.45742077976203266,0.4164978234897331,-0.24184566884685538,0.29411764705882354,0.1145182740089714,29.315738610089646,-22.73492674614762,0.02254374715770957,830,-0.21969118659341735,-0.04416627652298577,0.05941584765805481,"[0.58, -1.53, -0.27, -2.44]","['net_sharpe', 'dbl_sharpe', 'tri_sharpe', 'ret_1x', 'ret_2x', 'pos_folds', 'turnover', 'gross_edge', 'long_pnl', 'short_pnl']",6,21,1,15,0.3,12
-49.128965286380016,-14.65028400822803,0.2982005406144696,-0.9732718692958917,-1.1561017655303485,-1.3379221037192697,-1.8405982892799884,-1.015054208187458,0.44439697330652883,0.3972715212652811,-0.2927536478605668,0.23529411764705882,0.1146948350956137,28.084824300297385,-32.247569981778796,0.02252364782331659,801,-0.06968496418348095,-0.2888600500732213,0.04921353165585897,"[-0.87, -1.84, -1.1, -0.93]","['net_sharpe', 'dbl_sharpe', 'tri_sharpe', 'ret_1x', 'ret_2x', 'pos_folds', 'turnover', 'gross_edge', 'long_pnl', 'short_pnl']",6,21,1,15,0.3,13
-52.60080775570989,-16.940850498475967,0.322064455305575,-0.8063583079732448,-1.0004590821434758,-1.1933028688089171,-2.6507152546487047,-1.2255298353409305,0.42035521163023415,0.3820709188791087,-0.26110714642265065,0.11764705882352941,0.10994841349126323,28.66238535902147,-23.345856582366128,0.023143477245975774,758,-0.09363301797857312,-0.17127623414905047,0.06807721221489577,"[-1.3, -2.65, -1.15, 0.8]","['net_sharpe', 'dbl_sharpe', 'tri_sharpe', 'ret_1x', 'ret_2x', 'pos_folds', 'turnover', 'gross_edge', 'long_pnl', 'short_pnl']",6,21,1,15,0.3,14
-38.33700592459412,-15.728002430602716,0.41025641025641024,-0.21657843927778245,-0.37784785740428267,-0.5385042471989058,-1.4338276704724797,-0.6711449794207819,0.3015582799711325,0.26434844042627603,-0.16077300151629897,0.4117647058823529,0.11412335315816974,24.611216558374373,-2.5489026372751002,0.021718594388203203,580,0.2529077054004201,-0.27774254224280726,0.05917355926576497,"[-0.21, -1.13, -1.43, 1.08]","['net_sharpe', 'dbl_sharpe', 'tri_sharpe', 'ret_1x', 'ret_2x', 'pos_folds', 'gross_edge', 'short_pnl']",6,21,1,15,0.45,0
-32.74131761974238,-18.578190506569918,0.5674234226715307,0.1847357449143496,0.034267238789269565,-0.11574270878157622,-1.1684951485806865,-0.3066583348381143,0.2900993841412808,0.2653356010683079,-0.010020853961945644,0.35294117647058826,0.11865827465216376,23.819081614386217,16.41534677367024,0.020889815373320162,600,0.2910372163207652,-0.13624466559567558,0.06711628916943478,"[1.32, -1.17, -1.15, 0.54]","['net_sharpe', 'dbl_sharpe', 'tri_sharpe', 'ret_2x', 'pos_folds', 'gross_edge', 'short_pnl']",6,21,1,15,0.45,1
-30.963325610217964,-23.883232809578903,0.7713393939085595,0.33877941445510534,0.1783374668488983,0.018259285896928965,-1.6816950999065392,0.06826649406048024,0.30712357937274426,0.27130782621255534,0.04568456049859879,0.4117647058823529,0.1147441727349613,24.53685333778719,23.223850095117182,0.021224875772494572,609,0.3068827171838294,-0.08128844475116562,0.06664113345778108,"[1.52, -1.04, -1.68, 1.17]","['net_sharpe', 'dbl_sharpe', 'pos_folds', 'gross_edge', 'short_pnl']",6,21,1,15,0.45,2
-20.272894967480276,-15.658648929464368,0.7723933337879166,0.32964024399310726,0.18002562168140418,0.030696896342027786,-1.3533794783343902,0.2194906315301977,0.26711881366111057,0.23047660090470612,0.05464520667065013,0.5882352941176471,0.12150889687366787,24.23137386907634,24.09380496888231,0.020137362198530524,624,0.38800230788981077,-0.15687119435357333,0.07527318438794323,"[1.28, -1.35, -0.84, 1.37]","['net_sharpe', 'dbl_sharpe', 'pos_folds', 'gross_edge', 'short_pnl']",6,21,1,15,0.45,3
4.779428545554817,4.319577994454876,0.9037854532781681,0.6294753318333294,0.48380367373763683,0.3379600560545743,-1.5623849820027795,1.2436949749487716,0.22156227620103863,0.2054279136463335,0.24370957475753888,0.5882352941176471,0.12483420542784282,24.254164915279333,39.79037521396999,0.01935242148847124,640,0.4991588459611438,-0.11709200870517648,0.042864615252262185,"[1.46, -1.56, 1.15, 1.33]","['net_sharpe', 'dbl_sharpe', 'gross_edge', 'short_pnl']",6,21,1,15,0.45,4
45.762408829275515,45.76211426540559,0.9999935631913298,1.4028329660088268,1.2491416923338792,1.0950165603378328,-0.31976111983416783,1.312101856203745,0.1162745593267076,0.112932011266479,1.34181178465825,0.6470588235294118,0.12196628067081648,25.002091962817826,75.71309652173669,0.018957473575665032,641,0.7282583546402484,0.021156572463260047,0.05914159803027681,"[2.51, -0.32, 1.12, 1.51]",['turnover'],6,21,1,15,0.45,5
70.07886579999142,70.07886579999142,1.0,1.1404065542366832,0.9916886270632131,0.8431227931897023,0.6900194344640574,0.8904434671309154,0.11722395065661673,0.11433247072431385,1.0625728828166718,0.6470588235294118,0.12613762520950864,24.790633570355315,65.01132604257654,0.01966921203887233,571,0.6289572994614521,0.009088175844075737,0.07757442404953488,"[1.4, 0.84, 0.69, 0.94]",[],6,21,1,15,0.45,6
49.516889824062574,49.516889824062574,1.0,1.0569698190816172,0.9017357210572354,0.7468167538622532,0.3555087756276128,0.6270660868202587,0.1263386870453036,0.11773807906493361,0.8337767610773658,0.6470588235294118,0.11857992150136433,24.293271254414112,58.818307001877535,0.01979499893963723,575,0.5526604002860366,0.013023087471035366,0.0887171511818803,"[1.8, 0.51, 0.75, 0.36]",[],6,21,1,15,0.45,7
-16.351411393270382,-13.295747252862132,0.8131253586056892,0.4524410135478428,0.29935939164726016,0.1463237927606786,-1.3096008038437357,0.516819377007385,0.3079563240587698,0.2888438234889332,0.0919418194803549,0.47058823529411764,0.11568536491669988,23.615003458373206,29.587717799118785,0.020631617483535716,577,0.42769671762506445,-0.15108252200067962,0.025280990895600167,"[1.16, -1.31, -0.13, 1.23]","['net_sharpe', 'dbl_sharpe', 'pos_folds', 'gross_edge', 'short_pnl']",6,21,1,15,0.45,8
-18.772571225950713,-12.580476005626734,0.6701519921914485,0.26436909550047594,0.10862310722176853,-0.04694891214494115,-0.7409912121240128,0.056833847002752125,0.25907240999849424,0.23397881448562996,0.022616064539855298,0.5294117647058824,0.11734151690918129,24.369928004937687,19.904065920121294,0.02142896626934016,591,0.3201877300784728,-0.12815686863272058,0.037606186296951366,"[-0.74, -0.52, 0.63, 1.65]","['net_sharpe', 'dbl_sharpe', 'tri_sharpe', 'pos_folds', 'gross_edge', 'short_pnl']",6,21,1,15,0.45,9
-37.656310887753094,-15.448742928308961,0.41025641025641024,-0.358082547728849,-0.518111823961887,-0.6775882330890303,-1.1214899581581466,-0.7083211161981329,0.36005655041894213,0.3247449031008347,-0.17419510707437594,0.47058823529411764,0.11262871370170105,24.112993212486018,-8.853162760913886,0.020521037146768725,649,0.14838817484332198,-0.23290137659632565,0.01091211441508311,"[-1.12, -0.82, -0.6, 0.48]","['net_sharpe', 'dbl_sharpe', 'tri_sharpe', 'ret_1x', 'ret_2x', 'pos_folds', 'gross_edge', 'short_pnl']",6,21,1,15,0.45,10
-25.01064661689661,-12.643587818056764,0.5055282261081187,0.027285326864775892,-0.14147772574903886,-0.3099737304634626,-0.7043222401136334,-0.27903851026891413,0.25018542211597117,0.21755883319806324,-0.08771245825059099,0.4117647058823529,0.11220860733156081,25.258800484709624,8.591158675184943,0.021439605924514684,649,0.06335642956541898,0.022552725065669715,0.04558853871448224,"[0.84, -0.7, -0.05, -0.51]","['net_sharpe', 'dbl_sharpe', 'tri_sharpe', 'ret_1x', 'ret_2x', 'pos_folds', 'turnover', 'gross_edge']",6,21,1,15,0.45,11
-49.27275560812357,-18.677915122571424,0.37907186013952116,-0.9557367773713461,-1.1370601353373855,-1.3168389569293222,-2.1967302617506155,-0.8974452698183673,0.4315178528869946,0.38784957552469157,-0.28384304011225686,0.29411764705882354,0.10933070413494855,26.801645454655617,-31.488088490008227,0.024016455796926024,635,-0.38907515295064493,0.05497033554665507,0.061941855612492915,"[-0.43, -1.26, -0.53, -2.2]","['net_sharpe', 'dbl_sharpe', 'tri_sharpe', 'ret_1x', 'ret_2x', 'pos_folds', 'turnover', 'gross_edge', 'long_pnl']",6,21,1,15,0.45,12
-45.865169839389424,-14.082768753874257,0.3070471297324151,-0.8408125525349697,-1.0086358079524271,-1.1755785548261768,-1.3781071784410766,-1.2424301005596599,0.40081957402294077,0.354689786926745,-0.28109716290357456,0.29411764705882354,0.11210891430271822,25.209682836965097,-29.8723768983526,0.02278641724202416,660,-0.224666290829516,-0.07346814689513384,0.05335669971381622,"[-1.26, -1.38, -1.22, -0.32]","['net_sharpe', 'dbl_sharpe', 'tri_sharpe', 'ret_1x', 'ret_2x', 'pos_folds', 'turnover', 'gross_edge', 'long_pnl', 'short_pnl']",6,21,1,15,0.45,13
-48.50046432483863,-16.141232404468067,0.33280572937116454,-0.6984820556221824,-0.8688857222956285,-1.038376585261732,-2.2832757871582725,-0.9253830577978918,0.37065554414233315,0.3356599628207484,-0.2615155922464106,0.23529411764705882,0.11018598001221376,25.171471287704865,-23.002937963145136,0.022926074011286237,626,-0.060966819221413476,-0.16826077259290895,0.06935175932148072,"[-0.87, -2.28, -0.98, 0.51]","['net_sharpe', 'dbl_sharpe', 'tri_sharpe', 'ret_1x', 'ret_2x', 'pos_folds', 'turnover', 'gross_edge', 'long_pnl', 'short_pnl']",6,21,1,15,0.45,14
-33.46552890842368,-13.738544692531098,0.4105282402715273,-0.14509398981737046,-0.2895533779049545,-0.4333071628136901,-1.0722817739545496,-0.59293637831736,0.2526210990200538,0.2140325326459963,-0.14419538491081452,0.29411764705882354,0.10780846701643791,20.870238506637797,0.14135160786084258,0.021316581960121764,465,0.1964199959086898,-0.19525210266027476,0.05772864479902917,"[-0.18, -1.07, -1.0, 1.01]","['net_sharpe', 'dbl_sharpe', 'tri_sharpe', 'ret_1x', 'ret_2x', 'pos_folds', 'gross_edge', 'short_pnl']",6,21,1,15,0.6,0
-32.769314783813805,-18.719902349344867,0.5712631610652855,0.1772710339738493,0.04942974936751396,-0.07788889411868757,-1.5657338688117772,-0.20062194412035317,0.27496968066336613,0.24985041466114621,-0.0029073065014187387,0.4117647058823529,0.11396346372863121,19.43669469897335,17.57224543918823,0.02033635711606509,457,0.16666527650309926,-0.03145034381058921,0.06343880123351602,"[1.31, -0.96, -1.57, 0.56]","['net_sharpe', 'dbl_sharpe', 'tri_sharpe', 'ret_2x', 'pos_folds', 'gross_edge', 'short_pnl']",6,21,1,15,0.6,1
-30.430756361343704,-23.499504743756134,0.7722287433383561,0.3125515298574663,0.17933215745637196,0.04650236281850485,-1.5256889749622142,0.025065514838049086,0.31931782560941735,0.29072008823093554,0.04433365417769418,0.47058823529411764,0.11465488126380942,20.352736075109163,24.918130779895392,0.020109789463643876,466,0.2689359012493722,-0.06815923242368926,0.060214148393089535,"[1.33, -1.28, -1.53, 1.37]","['net_sharpe', 'dbl_sharpe', 'pos_folds', 'gross_edge', 'short_pnl']",6,21,1,15,0.6,2
-24.662758862477535,-16.258453605606753,0.6592309358521411,0.2048108566266083,0.0776630770391448,-0.04922954366862235,-1.862703279679449,0.36850681590886797,0.3175049929081516,0.28790331334345953,0.006177347336470404,0.47058823529411764,0.12302936564248633,20.89309601490569,19.679830981984754,0.019973848043963342,489,0.4431294947406072,-0.2803502058389416,0.07850455499831169,"[1.29, -1.86, -0.55, 1.41]","['net_sharpe', 'dbl_sharpe', 'tri_sharpe', 'pos_folds', 'gross_edge', 'short_pnl']",6,21,1,15,0.6,3
-1.0080118984297965,-0.9033209582532015,0.8961411662504435,0.5844590232163387,0.45963069111767074,0.3345837729197881,-1.8882914385954064,1.4187815514223514,0.2852548444608829,0.26980675273192745,0.17316092573583758,0.6470588235294118,0.12085019397406768,20.145165294245952,42.63758577516113,0.018789385202871628,487,0.49044724058124334,-0.15040065070262298,0.04009681101115347,"[1.79, -1.89, 1.05, 1.81]","['net_sharpe', 'dbl_sharpe', 'short_pnl']",6,21,1,15,0.6,4
21.8350795245312,20.155458022644186,0.9230769230769231,1.1590332161234607,1.0254090675402296,0.8915277432851031,-0.9637864153028627,1.4885369879711083,0.1695479693977714,0.16732594620209618,0.7132455380180402,0.6470588235294118,0.1180386916397639,21.01461240388927,72.3860097608208,0.018739387363214285,497,0.6112096562206831,-0.008995439437296065,0.07330952355309951,"[1.96, -0.96, 1.28, 1.7]",['short_pnl'],6,21,1,15,0.6,5
71.07388696026582,71.07388696026582,1.0,1.245582560854788,1.112023973156291,0.9784581559797026,0.5123402035713112,1.1026242324762143,0.10700676962561717,0.1007702178897627,1.2667328567914657,0.6470588235294118,0.1206301012603063,21.288549319646503,77.54410437878386,0.019650974355704443,467,0.6244029121163903,0.02913356837538475,0.08996778119910948,"[1.77, 0.67, 1.53, 0.51]",[],6,21,1,15,0.6,6
28.053256932542165,25.526090778247536,0.9099154098088668,0.6631202620122142,0.5351315183817318,0.4074741443566518,-0.10080055562581973,0.6042553174709426,0.13727826420846412,0.13323633396351364,0.3885214088710367,0.5882352941176471,0.10766609218907941,18.262953987969674,46.288727506805046,0.019783984531113224,402,0.3755993337659792,-0.040925892288265486,0.044267322157787684,"[0.85, -0.1, 0.4, 0.81]","['net_sharpe', 'short_pnl']",6,21,1,15,0.6,7
-3.8277403805810057,-3.431554117058455,0.8964960461967344,0.5857845958284483,0.4611089278859935,0.33626504757589815,-1.2826857536636096,0.7453692135544675,0.2729195650061951,0.2577942158045704,0.16085913044395378,0.6470588235294118,0.10529815739831891,17.505539393955033,42.82070716115935,0.020203240509981124,406,0.4850344294805582,-0.18827514524897931,0.019043915917219108,"[0.76, -1.28, 0.73, 1.78]","['net_sharpe', 'dbl_sharpe', 'short_pnl']",6,21,1,15,0.6,8
-27.06923979717466,-12.0774630862061,0.4461692746711963,-0.03759001680780409,-0.18076382520372225,-0.32384781105450133,-1.1782235491637973,-0.02487700613331928,0.2812311336798773,0.26652906228779594,-0.09179193295520383,0.5294117647058824,0.11072231904176204,21.13135968363463,5.341356162355442,0.022139052893489008,474,0.28246926454093724,-0.23778506703597427,0.040368593488600994,"[-0.66, -1.18, 1.26, 0.61]","['net_sharpe', 'dbl_sharpe', 'tri_sharpe', 'ret_1x', 'ret_2x', 'pos_folds', 'gross_edge', 'short_pnl']",6,21,1,15,0.6,9
-19.18566665826068,-10.389507247568092,0.5415244324123984,0.06689607477011067,-0.06456937789975219,-0.19574063367760203,-0.7376795796619239,-0.1808949629605659,0.23056958317749332,0.21788673241355905,-0.057090908695918166,0.5882352941176471,0.11046247571708283,19.38652599477513,11.581234449275003,0.020595264435201363,463,0.17889520583018634,-0.09000992928085831,0.04522532501898093,"[-0.74, -0.5, 1.03, 0.14]","['net_sharpe', 'dbl_sharpe', 'tri_sharpe', 'ret_2x', 'pos_folds', 'gross_edge', 'short_pnl']",6,21,1,15,0.6,10
-13.947466390737784,-6.9362589881971575,0.497313188924648,-0.04637561589597237,-0.20407337288637298,-0.36152509118445897,-0.45981996030036687,-0.18527933443431593,0.18408108058308692,0.14818531312928807,-0.13860293385417305,0.35294117647058826,0.10138797413513086,21.32312536699473,5.269524907483634,0.022260929571262685,475,0.0023960276762494404,0.042087303728597036,0.042165050742358504,"[-0.11, -0.26, 0.07, -0.46]","['net_sharpe', 'dbl_sharpe', 'tri_sharpe', 'ret_1x', 'ret_2x', 'pos_folds', 'gross_edge']",6,21,1,15,0.6,11
-48.02600609928415,-16.008668699761383,0.3333333333333333,-0.8447442276690169,-1.0037837297116257,-1.1616003154882006,-2.0792262532627546,-0.9284021535710831,0.39426724013307335,0.3550505672257591,-0.2698126519871217,0.29411764705882354,0.10615420207259056,22.796221969536308,-31.95182704259332,0.024391090177277787,490,-0.21582177499160482,-0.07253725531114849,0.05143550959187872,"[-0.51, -1.35, 0.21, -2.08]","['net_sharpe', 'dbl_sharpe', 'tri_sharpe', 'ret_1x', 'ret_2x', 'pos_folds', 'gross_edge', 'long_pnl', 'short_pnl']",6,21,1,15,0.6,12
-46.30276416464763,-14.247004358353117,0.3076923076923077,-0.8247789012836076,-0.9716904983785364,-1.1179452174864561,-1.6466753700777976,-1.0926777516516903,0.39936420260708394,0.3654456770814085,-0.2746523129081516,0.35294117647058826,0.11285507287587777,22.16472221196697,-34.50711506573675,0.02272648614713313,520,-0.2559557403779452,-0.0468373269002436,0.05504941074661823,"[-1.65, -1.25, -0.94, -0.09]","['net_sharpe', 'dbl_sharpe', 'tri_sharpe', 'ret_1x', 'ret_2x', 'pos_folds', 'gross_edge', 'long_pnl', 'short_pnl']",6,21,1,15,0.6,13
-44.616088646409366,-18.30403636775769,0.41025641025641024,-0.5483552675936042,-0.6967511852171304,-0.8445396122399368,-2.2574978977775353,-0.665999255626916,0.3314285268086893,0.3036324368628863,-0.23092134772785075,0.35294117647058826,0.10609633819438898,21.073854317010316,-19.852710092185017,0.021237363661355275,510,0.0720485837442072,-0.23767849026623217,0.07023319033836206,"[-0.52, -2.26, -0.81, 0.75]","['net_sharpe', 'dbl_sharpe', 'tri_sharpe', 'ret_1x', 'ret_2x', 'pos_folds', 'gross_edge', 'short_pnl']",6,21,1,15,0.6,14
-34.209481435209334,-18.256084804372314,0.5336557012402606,0.24288679945825611,-0.15291924825313305,-0.5464662349308461,-1.4162391524023448,-0.4152053438312212,0.26796011768363803,0.17003218373429774,-0.09548588081008677,0.4117647058823529,0.12109814074224745,63.95445900813866,12.023291338689372,0.043931165350056096,2466,0.27496773301564614,0.029449464101122383,0.06471970699946089,"[1.23, -1.42, -0.42, -0.41]","['net_sharpe', 'dbl_sharpe', 'tri_sharpe', 'ret_2x', 'pos_folds', 'turnover', 'gross_edge']",6,21,2,9,0.3,0
-43.333601276761044,-14.750175242652318,0.3403865547302792,-0.19604144463325235,-0.586662572065677,-0.9731000590688252,-1.4282916177755365,-1.0855099611426122,0.3816461692678186,0.29635880589967944,-0.2071738596072231,0.4117647058823529,0.12614611122451658,66.09314712983456,3.66767512641187,0.04473677003150691,2514,0.2164584879520271,-0.12049140929858311,0.06123322873133053,"[0.82, -1.33, -0.84, -1.43]","['net_sharpe', 'dbl_sharpe', 'tri_sharpe', 'ret_1x', 'ret_2x', 'pos_folds', 'turnover', 'gross_edge', 'short_pnl']",6,21,2,9,0.3,1
-52.29851822971569,-12.068888822242084,0.23076923076923078,-0.8987960989475449,-1.3323942750844529,-1.7611536348425445,-2.0918950058016694,-1.2515967673378765,0.49033800715554243,0.3751550602711541,-0.31810520993318864,0.17647058823529413,0.12135253685555134,70.614752868811,-7.99781614313814,0.049303224364997913,2553,-0.02118802426575586,-0.20239655274321577,0.05857403890184534,"[-1.08, -2.09, -0.69, -1.42]","['net_sharpe', 'dbl_sharpe', 'tri_sharpe', 'ret_1x', 'ret_2x', 'pos_folds', 'turnover', 'gross_edge', 'long_pnl', 'short_pnl']",6,21,2,9,0.3,2
-53.012777200813716,-12.233717815572396,0.23076923076923078,-0.871826370796894,-1.290126903735073,-1.7024601882360018,-2.4659981222756526,-1.0368466423379046,0.5107159223113165,0.4160576648009745,-0.301701837887688,0.17647058823529413,0.12317335061714389,69.57981603524276,-8.023025066723717,0.049583053148862764,2493,-0.006439212966235071,-0.21456289082356866,0.06839088301371299,"[-0.62, -1.27, -0.8, -2.47]","['net_sharpe', 'dbl_sharpe', 'tri_sharpe', 'ret_1x', 'ret_2x', 'pos_folds', 'turnover', 'gross_edge', 'long_pnl', 'short_pnl']",6,21,2,9,0.3,3
-45.994071609808714,-14.152022033787297,0.3076923076923077,-0.6076370784400456,-1.0280905182101125,-1.4435491046663487,-1.728991387468147,-1.1737356995088077,0.5076878846999915,0.42201555502249866,-0.25486031129912284,0.5294117647058824,0.1264154290130807,71.40895215262736,-3.317904404048696,0.04892900610302876,2520,0.1956012166595223,-0.28939877036571227,0.05382994112017666,"[-0.76, -1.73, -0.1, -1.58]","['net_sharpe', 'dbl_sharpe', 'tri_sharpe', 'ret_1x', 'ret_2x', 'pos_folds', 'turnover', 'gross_edge', 'short_pnl']",6,21,2,9,0.3,4
-24.698843710893524,-10.08312624662172,0.4082428458857172,0.07126480585491808,-0.3435921798045002,-0.7554053549113086,-0.5567208867718687,-0.4245154768593038,0.2852039537867125,0.2067001776969507,-0.17526754804997913,0.5294117647058824,0.12580221809834252,69.7050982176431,8.723039567827037,0.04625950065497349,2504,0.2666582932789613,-0.025940957222273832,0.039523007735999025,"[-0.13, -0.56, -0.43, -0.42]","['net_sharpe', 'dbl_sharpe', 'tri_sharpe', 'ret_2x', 'pos_folds', 'turnover', 'gross_edge', 'short_pnl']",6,21,2,9,0.3,5
-31.583545010173093,-11.239706406243746,0.3558722240528549,0.062040571527589065,-0.3483267802678867,-0.7563849151850631,-1.132762370259516,-0.35569685220166525,0.2542237080632683,0.18726793334267178,-0.1978522614972491,0.4117647058823529,0.1253349634446047,68.65329552091833,8.618194597771751,0.04496773603701309,2499,0.28020146454754186,-0.045965990428462195,0.05785785025784555,"[-0.58, -0.13, 0.81, -1.13]","['net_sharpe', 'dbl_sharpe', 'tri_sharpe', 'ret_1x', 'ret_2x', 'pos_folds', 'turnover', 'gross_edge', 'short_pnl']",6,21,2,9,0.3,6
16.910646585409552,13.333909025656014,0.7884919691456662,0.7776927949570487,0.36710209206926353,-0.04378556394899212,-0.04108898128795724,0.35307544658334056,0.15465337472847318,0.13058748944095444,0.24302389274404607,0.47058823529411764,0.12009508593774278,65.74743677718219,21.76301684235292,0.043208426470639535,2414,0.3609820713611306,0.20548270105509966,0.07387272568937217,"[0.5, 0.2, -0.04, 0.72]","['net_sharpe', 'dbl_sharpe', 'tri_sharpe', 'turnover', 'gross_edge']",6,21,2,9,0.3,7
-47.15314183245129,-15.717713944150429,0.3333333333333333,-0.3925600434715903,-0.7691268827005252,-1.1413638225679776,-2.370094064747157,-0.6761768649426736,0.3936062080122308,0.30768859455793773,-0.2570680314552513,0.35294117647058826,0.12750585714963888,64.52531550274496,-0.36018054436734853,0.0463566292034121,2408,0.16215588956578916,-0.17135668488507727,0.07093575714083428,"[-0.14, -1.21, -2.37, 0.07]","['net_sharpe', 'dbl_sharpe', 'tri_sharpe', 'ret_1x', 'ret_2x', 'pos_folds', 'turnover', 'gross_edge', 'short_pnl']",6,21,2,9,0.3,8
-39.16538099793331,-20.24837503198214,0.5169967587714929,0.11331018077783388,-0.23343234497484083,-0.5784070859029317,-1.6393827887327956,-0.6169175275960873,0.29270241370189987,0.23259320700012565,-0.11930278757585051,0.35294117647058826,0.12073007386796808,55.86595991142392,9.839472188951271,0.045082428591512014,1933,0.05688050437725087,0.1607371127594943,0.07457277736066772,"[1.49, -1.64, -0.99, -0.25]","['net_sharpe', 'dbl_sharpe', 'tri_sharpe', 'ret_2x', 'pos_folds', 'turnover', 'gross_edge']",6,21,2,9,0.45,0
-43.58111540444732,-17.96162922745883,0.41214248558736755,-0.2993241298421046,-0.6496387815958959,-0.9971810849668173,-1.3751901680223486,-0.9813750395386192,0.3602552518242137,0.27109975643164064,-0.24445837978998156,0.29411764705882354,0.1286723210024151,60.35909647505249,0.980759172097805,0.045168945728723736,2120,0.016841019795826556,0.006594796825915045,0.06669343120663893,"[0.46, -1.38, -0.61, -1.35]","['net_sharpe', 'dbl_sharpe', 'tri_sharpe', 'ret_1x', 'ret_2x', 'pos_folds', 'turnover', 'gross_edge']",6,21,2,9,0.45,1
-52.846301286044046,-12.195300296779395,0.23076923076923078,-0.8702819677956044,-1.2582552852112,-1.6427283858865063,-2.3838828860840047,-1.19831780132124,0.4745233972869578,0.3665205427302789,-0.3150979546033163,0.17647058823529413,0.1224902676819835,63.586719857617204,-9.28668775887093,0.049536826725107994,2063,-0.09630146949927054,-0.13747578219433687,0.05665990727907971,"[-1.11, -2.38, -0.17, -1.29]","['net_sharpe', 'dbl_sharpe', 'tri_sharpe', 'ret_1x', 'ret_2x', 'pos_folds', 'turnover', 'gross_edge', 'long_pnl', 'short_pnl']",6,21,2,9,0.45,2
-54.165639442377504,-12.499762948240964,0.23076923076923078,-1.0366064895772107,-1.4220269699558024,-1.8010572227223651,-2.5086181928227247,-1.2429259846695715,0.5304017003705284,0.4367994803562931,-0.314398963258888,0.17647058823529413,0.1222886478101466,63.956545642443864,-12.396922597623679,0.05164436986258203,2018,-0.04154291773707407,-0.2723444740120772,0.05752856795796246,"[-0.65, -1.6, -0.88, -2.51]","['net_sharpe', 'dbl_sharpe', 'tri_sharpe', 'ret_1x', 'ret_2x', 'pos_folds', 'turnover', 'gross_edge', 'long_pnl', 'short_pnl']",6,21,2,9,0.45,3
-52.945017019447,-12.218080850641616,0.23076923076923078,-1.1366709113213136,-1.4954088321020003,-1.8483393385471845,-2.12632968699218,-1.803048565998988,0.6158083112233101,0.5458161515290407,-0.300667224379884,0.4117647058823529,0.13042736556253295,63.549277002790845,-15.929492262894305,0.05103858271689661,2015,-0.14354136648511764,-0.25722155134903557,0.05064788802687766,"[-1.49, -2.13, -0.27, -2.11]","['net_sharpe', 'dbl_sharpe', 'tri_sharpe', 'ret_1x', 'ret_2x', 'pos_folds', 'turnover', 'gross_edge', 'long_pnl', 'short_pnl']",6,21,2,9,0.45,4
-27.17582990952577,-12.866241327989872,0.47344428379278125,0.17320186791567876,-0.21823599474214272,-0.6073109344451872,-0.9038595408310718,-0.125642570437331,0.30551285580426424,0.2067001776969507,-0.10823222574576635,0.5294117647058824,0.1204339709598454,62.89095060301358,10.864267509795638,0.046772624677844495,2017,0.30927707861489684,-0.0387793688002617,0.05501769781218766,"[-0.46, -0.9, 0.21, 0.31]","['net_sharpe', 'dbl_sharpe', 'tri_sharpe', 'ret_2x', 'pos_folds', 'turnover', 'gross_edge', 'short_pnl']",6,21,2,9,0.45,5
-7.509981306632044,-5.3694600889612705,0.7149764919147688,0.486277727835536,0.12453505842415634,-0.23632427133071573,-0.46440302677868317,0.2171534508012939,0.20927500816757405,0.17011736017980772,0.03721512038291661,0.47058823529411764,0.13012150206841885,62.73427011455615,17.511084729970435,0.045724363013066975,1887,0.3842228935581942,0.050680585237307424,0.05531455261438921,"[0.39, -0.46, 0.5, 0.05]","['net_sharpe', 'dbl_sharpe', 'tri_sharpe', 'turnover', 'gross_edge']",6,21,2,9,0.45,6
40.98215196237358,37.19690090943299,0.907636596135413,1.1696069626878522,0.8097752466326841,0.44954593378180857,0.2397714562137649,0.7970888772590975,0.16828683274699274,0.14332255964839813,0.5589196307473927,0.5882352941176471,0.11977860208391139,57.41404715758013,31.97102999041479,0.04171845267446901,1932,0.5830156726903425,0.14367531169981926,0.07619523053489914,"[1.25, 0.24, 0.37, 1.22]","['turnover', 'gross_edge']",6,21,2,9,0.45,7
-38.80510715909074,-14.408466078004562,0.37130334465856873,-0.04377061542149421,-0.3820043156660495,-0.7169344359320623,-1.6605499449376595,-0.4924339600165203,0.3280728166817065,0.2732339791600028,-0.16763251822156314,0.47058823529411764,0.1264778322280434,57.26536296389893,6.411072555789081,0.04570695626034764,1948,0.3562380539079581,-0.21089385842480854,0.07175941221311709,"[0.21, -1.19, -1.66, 0.64]","['net_sharpe', 'dbl_sharpe', 'tri_sharpe', 'ret_1x', 'ret_2x', 'pos_folds', 'turnover', 'gross_edge', 'short_pnl']",6,21,2,9,0.45,8
-33.90592770887456,-18.009972153702847,0.5311747346464408,0.19734356537481293,-0.10578788067130086,-0.4073419611813963,-1.836893187071847,-0.22340778323049548,0.2717465254958441,0.2186795630636864,-0.07461875593021891,0.47058823529411764,0.12237210432131644,49.50367036164185,12.216222992702189,0.0445854831791946,1554,0.23594089435958565,0.0034729908342038644,0.07874607452142553,"[1.51, -1.84, -0.25, -0.2]","['net_sharpe', 'dbl_sharpe', 'tri_sharpe', 'ret_2x', 'pos_folds', 'turnover', 'gross_edge']",6,21,2,9,0.6,0
-39.38836541557805,-13.997905152710434,0.35538172262345974,0.0534808025100932,-0.2676161269743006,-0.5859668261898309,-1.4834061143814374,-0.6518199910921919,0.31037744239430387,0.2193618517592103,-0.1268828053096127,0.35294117647058826,0.12181694635151806,52.34215054270386,8.791122305361066,0.04520839419868295,1563,-0.040823790285789835,0.22299127716982725,0.07456219424372465,"[1.38, -1.3, -0.0, -1.48]","['net_sharpe', 'dbl_sharpe', 'tri_sharpe', 'ret_1x', 'ret_2x', 'pos_folds', 'turnover', 'gross_edge', 'long_pnl']",6,21,2,9,0.6,1
-51.209312202225455,-11.817533585128952,0.23076923076923078,-0.8828701214302088,-1.220141502269396,-1.5541276849978478,-1.7273583529595908,-1.4524838152761586,0.4669866351913048,0.37682532837674887,-0.31318167550498177,0.11764705882352941,0.12306796183339014,55.645308772888754,-12.014581696995673,0.049787981115910734,1620,-0.18533064015342426,-0.07934391642267982,0.06176195453075246,"[-1.42, -1.73, -0.19, -1.48]","['net_sharpe', 'dbl_sharpe', 'tri_sharpe', 'ret_1x', 'ret_2x', 'pos_folds', 'turnover', 'gross_edge', 'long_pnl', 'short_pnl']",6,21,2,9,0.6,2
-53.7253677336595,-12.398161784690656,0.23076923076923078,-1.0700183142690818,-1.4047753400425456,-1.7341271275138126,-2.2538579122888556,-1.3549403068555446,0.5308625996361903,0.44751218994665887,-0.31680735318727477,0.17647058823529413,0.12481546998597917,56.74632012855916,-16.126374582655014,0.05149067173366753,1620,-0.07606412215875277,-0.28622010772307727,0.05460773195041732,"[-0.95, -1.76, -0.57, -2.25]","['net_sharpe', 'dbl_sharpe', 'tri_sharpe', 'ret_1x', 'ret_2x', 'pos_folds', 'turnover', 'gross_edge', 'long_pnl', 'short_pnl']",6,21,2,9,0.6,3
-51.941181755800635,-11.986426559030916,0.23076923076923078,-0.9941813399912723,-1.2927162996176365,-1.5860825335815671,-2.0952403324853672,-1.3477847745683749,0.5693324012124118,0.5060606304231684,-0.2853223344019468,0.35294117647058826,0.12966990944264695,52.81769628659776,-16.942887410191034,0.0499170627617474,1503,-0.20317564628718304,-0.15110045965651953,0.0717640040627271,"[-1.84, -2.1, -0.2, -0.85]","['net_sharpe', 'dbl_sharpe', 'tri_sharpe', 'ret_1x', 'ret_2x', 'pos_folds', 'turnover', 'gross_edge', 'long_pnl', 'short_pnl']",6,21,2,9,0.6,4
-38.4864218836793,-16.950534002195326,0.4404289401967876,0.11161031868138985,-0.21834928747227186,-0.5475320569917417,-1.1595229111919843,-0.5750853718739294,0.4003281025946507,0.3224410915198652,-0.08006030679128531,0.4117647058823529,0.11749519521832487,51.625927614535435,10.109199634926714,0.04520960601751005,1457,0.23852806952045685,-0.03191412748819031,0.049164760011095654,"[-1.1, -1.16, -0.05, 1.55]","['net_sharpe', 'dbl_sharpe', 'tri_sharpe', 'ret_2x', 'pos_folds', 'turnover', 'gross_edge', 'short_pnl']",6,21,2,9,0.6,5
-11.112270187066288,-7.067300913258137,0.6359907376517768,0.5219943305296364,0.21981620162122653,-0.08191520431395831,-0.7334427554854827,0.20988017623893018,0.1987958495774812,0.17730966051787567,0.10432963762311517,0.4117647058823529,0.13398403415238108,53.95842533166373,20.363504256077363,0.044367624614434976,1492,0.46778049867443855,-0.03278299414710728,0.05486952668499935,"[0.56, -0.73, 1.27, -0.14]","['net_sharpe', 'dbl_sharpe', 'tri_sharpe', 'pos_folds', 'turnover', 'gross_edge', 'short_pnl']",6,21,2,9,0.6,6
52.25303142085505,47.88374101547176,0.9163820684355658,1.205498353739244,0.8932136714845172,0.580135588478988,0.057624902201532054,1.0310895574491485,0.11881602678624958,0.1040551541046899,0.9062499691014916,0.6470588235294118,0.12286847477406639,51.16844478130986,36.51867558649423,0.042722922774474655,1490,0.5061512533584753,0.23361108689173632,0.08300534190371578,"[1.27, 0.06, 0.79, 1.32]","['turnover', 'gross_edge']",6,21,2,9,0.6,7
-36.54804974942834,-17.435745656919345,0.477063640234102,0.18720768465639398,-0.11197480836982962,-0.40921264878784663,-1.7503102169438667,-0.20829297945694375,0.3173328998021282,0.27178928821364445,-0.06891975782563757,0.4117647058823529,0.12600940904398097,50.30493782124933,12.046042022246693,0.04578954550256748,1534,0.3436091567305244,-0.10370930860415614,0.07631785378777439,"[1.01, -1.75, -1.26, 0.85]","['net_sharpe', 'dbl_sharpe', 'tri_sharpe', 'ret_2x', 'pos_folds', 'turnover', 'gross_edge', 'short_pnl']",6,21,2,9,0.6,8
-44.23056554149138,-18.638946742468427,0.4214042148066993,-0.06848309616072393,-0.3922551305603703,-0.7126566367135552,-1.6133463979096316,-0.9039383038083,0.3526349341262919,0.2765125123001355,-0.15507206381571453,0.23529411764705882,0.12335190147752391,53.559704516173845,5.7968583661503,0.03617454607034487,1914,0.0469732351071598,0.0759420363046096,0.04538421729778069,"[1.16, -0.34, -1.47, -1.61]","['net_sharpe', 'dbl_sharpe', 'tri_sharpe', 'ret_1x', 'ret_2x', 'pos_folds', 'turnover', 'gross_edge']",6,21,2,12,0.3,0
-43.17394081115807,-14.775848236894637,0.34223997066943446,-0.109725933801214,-0.4126036656898774,-0.7125014990305202,-1.589190556402902,-0.7353661270659686,0.34414610791492906,0.26057118971362614,-0.17053579364004595,0.23529411764705882,0.12651437867689622,51.433258029557976,4.631451414772603,0.03544930757133062,1859,0.30068967425401477,-0.20638436780488162,0.016432710794364147,"[0.83, -0.05, -1.43, -1.59]","['net_sharpe', 'dbl_sharpe', 'tri_sharpe', 'ret_1x', 'ret_2x', 'pos_folds', 'turnover', 'gross_edge', 'short_pnl']",6,21,2,12,0.3,1
-42.28821855216235,-13.011759554511492,0.3076923076923077,-0.3951343530508941,-0.7166156384879743,-1.0345944035538321,-1.5410542021955744,-0.7203301669945791,0.3362193025081428,0.2243961868604739,-0.2758254714524363,0.35294117647058826,0.12444109846476237,53.733941767209274,-1.7833427384187854,0.03779173026740239,1867,0.1200906401370401,-0.15802724845720756,0.005035597655693048,"[-0.15, -1.54, -0.54, -0.9]","['net_sharpe', 'dbl_sharpe', 'tri_sharpe', 'ret_1x', 'ret_2x', 'pos_folds', 'turnover', 'gross_edge', 'short_pnl']",6,21,2,12,0.3,2
-41.40331823105856,-13.80110607701952,0.3333333333333333,-0.34549508751819047,-0.6529734086388846,-0.9573021015828409,-1.4524025745516518,-0.7827164102851549,0.3047754175644518,0.21353583158762468,-0.28268162991395007,0.29411764705882354,0.12535394247609444,51.77621659444119,-1.021521105977718,0.036032193377531836,1834,0.2507928302483074,-0.27173167125274694,0.04749794401270838,"[-0.25, -1.31, 0.67, -1.45]","['net_sharpe', 'dbl_sharpe', 'tri_sharpe', 'ret_1x', 'ret_2x', 'pos_folds', 'turnover', 'gross_edge', 'short_pnl']",6,21,2,12,0.3,3
-31.204544832577618,-11.656778473072094,0.37356027897905403,0.0011126890122440253,-0.3214076326617688,-0.6417642427358298,-1.7147907411812107,-0.13614475876082538,0.24172716762709134,0.22455148651169143,-0.18462640961737062,0.47058823529411764,0.11942731235322303,51.49503812826833,7.529043951829228,0.03472510175831978,1847,0.19077077966458456,-0.037280739730887524,0.08256906399469277,"[0.06, -1.71, 0.6, -0.33]","['net_sharpe', 'dbl_sharpe', 'tri_sharpe', 'ret_1x', 'ret_2x', 'pos_folds', 'turnover', 'gross_edge', 'short_pnl']",6,21,2,12,0.3,4
-35.31052055252179,-14.934740191963764,0.42295440447414084,-0.03779450406379506,-0.34989271492852825,-0.6599332361356173,-1.1110534638842733,-0.4596971772503252,0.29796360161953994,0.20435726572511215,-0.17305595420164985,0.35294117647058826,0.12756220626825526,53.17912388704278,6.602956993219917,0.035547160187098595,1871,0.10864593743445591,0.03036681084140902,0.07740824309259225,"[-0.1, -0.82, -1.11, 0.37]","['net_sharpe', 'dbl_sharpe', 'tri_sharpe', 'ret_1x', 'ret_2x', 'pos_folds', 'turnover', 'gross_edge']",6,21,2,12,0.3,5
-45.09574240258113,-16.64650029988995,0.36913685002194707,-0.08603037552126008,-0.38988210090911524,-0.6925439155338846,-1.9516689290039109,-0.5863721831056744,0.4047912466468724,0.3450357648631597,-0.13943499902751785,0.29411764705882354,0.12785206404054322,51.82786830851851,5.284495344745808,0.03521258152752441,1862,0.23231559554381132,-0.12388749523629028,0.06916554137306449,"[0.61, -1.95, -1.78, 0.89]","['net_sharpe', 'dbl_sharpe', 'tri_sharpe', 'ret_1x', 'ret_2x', 'pos_folds', 'turnover', 'gross_edge', 'short_pnl']",6,21,2,12,0.3,6
-24.749758795549486,-17.695098986014465,0.7149604621276715,0.5525112246355215,0.2180598884993735,-0.11585563766572764,-0.9268934060950519,0.14297506519322412,0.327691807742157,0.25430324315054664,0.05780744665777734,0.4117647058823529,0.11766940597449692,52.4584300154163,20.04242132799658,0.03419366107838291,1857,0.33215453438591114,0.08408225116195527,0.07825778605005698,"[0.84, -0.56, -0.93, 1.05]","['net_sharpe', 'dbl_sharpe', 'tri_sharpe', 'pos_folds', 'turnover', 'gross_edge']",6,21,2,12,0.3,7
-48.145823566934205,-16.076904999418606,0.33392107161834844,-0.3540415483578627,-0.640221303290314,-0.9242032197077299,-1.878207999339903,-0.9162955129224792,0.47245315458966797,0.4150427508553004,-0.18589637981068094,0.29411764705882354,0.1298877808874126,49.808985057370094,-1.8855550676611654,0.03576681869839588,1834,0.051274777104201086,-0.08845584810544116,0.07617060331495037,"[-0.56, -1.27, -1.88, 0.68]","['net_sharpe', 'dbl_sharpe', 'tri_sharpe', 'ret_1x', 'ret_2x', 'pos_folds', 'turnover', 'gross_edge', 'short_pnl']",6,21,2,12,0.3,8
-34.90890281055009,-12.759620400986542,0.3655119288690551,-0.13795957651451557,-0.4052203575221723,-0.6718922677717634,-1.0114382078883009,-0.3560522965829594,0.3790350798334722,0.3161502941080713,-0.17133536058076956,0.47058823529411764,0.14063747521463696,50.07078390154337,3.3995363452419967,0.03499947966364522,1862,0.2995898234513179,-0.23220236733401953,0.07210725983403649,"[-1.01, 0.22, 0.42, -0.93]","['net_sharpe', 'dbl_sharpe', 'tri_sharpe', 'ret_1x', 'ret_2x', 'pos_folds', 'turnover', 'gross_edge', 'short_pnl']",6,21,2,12,0.3,9
-18.83967912395564,-8.276177997899463,0.43929506142043945,0.10210809487655637,-0.19713508665080465,-0.4953314960954092,-0.3803281568375989,-0.2587060883216963,0.25701369609434765,0.22405198418800953,-0.13133560085363308,0.47058823529411764,0.13040117565786094,52.00889724998838,9.994693861467349,0.035338683899051905,1874,0.37947192795104123,-0.1736829433498141,0.05867023056150743,"[-0.35, 0.17, -0.38, -0.16]","['net_sharpe', 'dbl_sharpe', 'tri_sharpe', 'ret_2x', 'pos_folds', 'turnover', 'gross_edge', 'short_pnl']",6,21,2,12,0.3,10
-41.87257412758469,-15.38605246899791,0.3674494054776043,-0.12402389106015213,-0.44014023637322275,-0.7546467415652703,-1.4678527834122042,-0.5417879204214301,0.3769870575731926,0.30510108307840356,-0.16264765511765777,0.29411764705882354,0.12566778441076681,53.0402276518612,4.407024181687561,0.03678330143647271,1895,0.509852691199525,-0.4173134795081743,0.047494126576905424,"[0.34, -1.27, -1.47, 0.18]","['net_sharpe', 'dbl_sharpe', 'tri_sharpe', 'ret_1x', 'ret_2x', 'pos_folds', 'turnover', 'gross_edge', 'short_pnl']",6,21,2,12,0.3,11
-42.27003012047195,-18.836908677054126,0.4456327242580117,0.08893985119989184,-0.20148503317232608,-0.4892322352597589,-1.7968489151417826,-0.866895511391764,0.340919556017349,0.27923202774759637,-0.09262050626926692,0.4117647058823529,0.12176851058738174,47.312286248866876,9.648348719025172,0.03661708115239615,1500,0.22694958914703653,-0.046231382124619136,0.03206034525865868,"[1.82, -0.86, -1.8, -0.87]","['net_sharpe', 'dbl_sharpe', 'tri_sharpe', 'ret_2x', 'pos_folds', 'turnover', 'gross_edge', 'short_pnl']",6,21,2,12,0.45,0
-43.82720439645815,-15.561178911122267,0.35505752934539964,-0.18779256324332885,-0.44852084901629646,-0.7067171184284707,-1.467367478138433,-0.9297994103809313,0.35766774989793937,0.28572842193884773,-0.175356620138777,0.23529411764705882,0.1260276191593258,44.14684377729469,1.9315319699459779,0.035170285492588445,1483,0.38430918111900925,-0.3505511939998203,0.01393178304644311,"[0.93, -0.6, -1.47, -1.26]","['net_sharpe', 'dbl_sharpe', 'tri_sharpe', 'ret_1x', 'ret_2x', 'pos_folds', 'turnover', 'gross_edge', 'short_pnl']",6,21,2,12,0.45,1
-45.17870347135613,-15.231130755957372,0.3371307626305412,-0.41987887690633446,-0.7133624757009955,-1.0036453063059347,-1.7793908003656744,-0.7425356226531638,0.3399952536900156,0.26283222557934405,-0.26986222376269814,0.17647058823529413,0.12360864523329038,48.76583547840744,-3.29725898560971,0.038244690824244004,1530,0.2596247607713926,-0.3232814008880252,0.03158309974183006,"[0.13, -1.78, -0.65, -0.83]","['net_sharpe', 'dbl_sharpe', 'tri_sharpe', 'ret_1x', 'ret_2x', 'pos_folds', 'turnover', 'gross_edge', 'short_pnl']",6,21,2,12,0.45,2
-46.494673930646535,-17.153605725733662,0.3689370045119732,-0.5458501230579008,-0.8138487883970132,-1.078947154573349,-1.9000803764433933,-0.647838906904433,0.39449970688073244,0.3216257002715096,-0.27386770561622575,0.23529411764705882,0.12954540776225673,46.762140200275375,-7.909725222731057,0.037360054022189476,1453,0.4012902317739221,-0.5477204666580044,0.04615679085365473,"[0.17, -1.34, 0.04, -1.9]","['net_sharpe', 'dbl_sharpe', 'tri_sharpe', 'ret_1x', 'ret_2x', 'pos_folds', 'turnover', 'gross_edge', 'short_pnl']",6,21,2,12,0.45,3
-33.99862407643049,-13.081134507813388,0.3847548206188106,-0.04741043941933212,-0.3260025869464028,-0.6028711292578125,-1.3766234104145265,-0.27958439991962897,0.2551140356782865,0.21512907962293049,-0.18144061584038182,0.29411764705882354,0.12208604670871094,45.48220102657266,6.177361697631127,0.034350978694738354,1499,0.1662964037573476,-0.05506703130302962,0.08069578467072228,"[0.56, -1.38, 0.28, -0.84]","['net_sharpe', 'dbl_sharpe', 'tri_sharpe', 'ret_1x', 'ret_2x', 'pos_folds', 'turnover', 'gross_edge', 'short_pnl']",6,21,2,12,0.45,4
-17.537714676629676,-10.210080854251395,0.5821785245404348,0.3147477715118002,0.02958895482702496,-0.2547727589481917,-0.8826890118383902,-0.049092320546410884,0.2048352903436076,0.16151192006074488,-0.02163390873369154,0.5294117647058824,0.12811824932292187,48.68660249343287,15.860225122100033,0.03502429601013653,1538,0.20175150619177948,0.10394733977681786,0.08116441599027599,"[0.05, -0.88, -0.15, 1.06]","['net_sharpe', 'dbl_sharpe', 'tri_sharpe', 'ret_2x', 'pos_folds', 'turnover', 'gross_edge']",6,21,2,12,0.45,5
-43.453577955329166,-16.516218979750665,0.3800888156259434,-0.06528460471294105,-0.338542404848923,-0.610696195414701,-2.053773368812025,-0.4635696651027251,0.3809809538028214,0.3392226528777381,-0.13194882643897554,0.35294117647058826,0.12793406450389727,46.65272253346838,5.623873512373269,0.03578245970570353,1446,0.16504039606317916,-0.06117102065917241,0.07526257691494195,"[0.5, -2.05, -1.43, 0.96]","['net_sharpe', 'dbl_sharpe', 'tri_sharpe', 'ret_1x', 'ret_2x', 'pos_folds', 'turnover', 'gross_edge', 'short_pnl']",6,21,2,12,0.45,6
-19.191806718575787,-13.268332779490835,0.6913540227897559,0.387158204246962,0.10748998191819793,-0.17128746495236843,-0.585428678827813,-0.03168664895720759,0.3056334788311169,0.23037137768555116,0.01862933953370915,0.5882352941176471,0.12267977945352841,45.7298483680178,18.04807380703095,0.03394062634817682,1481,0.2934683575785933,0.033274123373820685,0.08698787902620765,"[0.22, -0.59, -0.28, 0.96]","['net_sharpe', 'dbl_sharpe', 'tri_sharpe', 'pos_folds', 'turnover', 'gross_edge']",6,21,2,12,0.45,7
-40.74836553946109,-18.285789524061332,0.4487490303470751,0.05712335864969542,-0.1949298174175723,-0.44599578069806073,-1.375260024743245,-0.56877656566264,0.3968881017537452,0.33717177749228044,-0.08681767749496906,0.35294117647058826,0.13348763029020305,44.89570215017303,8.993117954937803,0.03436147728329997,1460,0.13837721104279144,0.021464470786947284,0.08280454731011526,"[-0.12, -1.38, -1.01, 1.55]","['net_sharpe', 'dbl_sharpe', 'tri_sharpe', 'ret_1x', 'ret_2x', 'pos_folds', 'turnover', 'gross_edge']",6,21,2,12,0.45,8
-12.761548578379912,-7.8169391963628065,0.6125384508276638,0.25444392611367395,0.025589862385751172,-0.2030661052818345,-0.46477992646854466,0.1436138263090383,0.2737170134220036,0.26242906696093893,-0.02697591263589349,0.5882352941176471,0.147054942843413,44.81797325281566,15.459366338346413,0.034415139969054,1446,0.1916902208880155,0.0826054064813189,0.08632323535061771,"[-0.46, 0.1, 0.56, 0.19]","['net_sharpe', 'dbl_sharpe', 'tri_sharpe', 'ret_2x', 'turnover', 'gross_edge']",6,21,2,12,0.45,9
-25.54964367708623,-9.160609548733053,0.3585415775073447,0.006744075083779121,-0.25593195006744085,-0.5174939671479634,-0.7356392394378812,-0.215452430864209,0.28755636350040314,0.20611220882135695,-0.14715554016736054,0.5294117647058824,0.1334075278782531,46.74214457528152,7.558514536747374,0.034848351528968334,1579,0.2778844428409221,-0.1380158937949734,0.06534385585480915,"[-0.74, -0.32, -0.11, 0.35]","['net_sharpe', 'dbl_sharpe', 'tri_sharpe', 'ret_1x', 'ret_2x', 'pos_folds', 'turnover', 'gross_edge', 'short_pnl']",6,21,2,12,0.45,10
-35.67530799682632,-13.654061483392823,0.38273142546120387,-0.035770240638853285,-0.30676941923726947,-0.5765477057712819,-1.000468681991393,-0.3727665452305685,0.3400573668890874,0.2915377938975019,-0.13609632568983346,0.29411764705882354,0.12775470131098957,46.21875808548403,6.303687509933823,0.03683746254764368,1496,0.5010715921056063,-0.385729471925214,0.042033037951445196,"[0.21, -0.96, -1.0, 0.24]","['net_sharpe', 'dbl_sharpe', 'tri_sharpe', 'ret_1x', 'ret_2x', 'pos_folds', 'turnover', 'gross_edge', 'short_pnl']",6,21,2,12,0.45,11
-42.63212209168668,-16.079390090928005,0.37716607342104386,0.012402634581740301,-0.24286613931280362,-0.49581103273891447,-1.6486313404903725,-1.0193884819677028,0.35280307654885323,0.28777244807491864,-0.10152213136731164,0.4117647058823529,0.1199358783047366,41.0051986580722,7.781210969437976,0.03685015690859726,1154,0.2474898936044625,-0.12117309995647832,0.03409055773610718,"[2.03, -0.82, -1.22, -1.65]","['net_sharpe', 'dbl_sharpe', 'tri_sharpe', 'ret_1x', 'ret_2x', 'pos_folds', 'turnover', 'gross_edge', 'short_pnl']",6,21,2,12,0.6,0
-42.801124010162965,-16.16919128055561,0.3777749219089736,-0.04149308183130764,-0.27974950502202933,-0.5151631446828241,-1.3836132952630926,-1.1144250534202342,0.3714586295573721,0.3148159693430074,-0.11115294259923486,0.35294117647058826,0.1228476886799742,39.349296941539876,6.068501165796746,0.03556963444185715,1079,0.18431845293266114,-0.08978328510949402,0.04219074477840834,"[1.69, -1.0, -1.23, -1.38]","['net_sharpe', 'dbl_sharpe', 'tri_sharpe', 'ret_1x', 'ret_2x', 'pos_folds', 'turnover', 'gross_edge', 'short_pnl']",6,21,2,12,0.6,1
-41.99761951779773,-15.221603797421587,0.36243968044357805,-0.3761609125727195,-0.6264573304756771,-0.8744168404421029,-2.1422873456443687,-0.3345817299131018,0.3130335635140348,0.2534368670130567,-0.25499558868123456,0.29411764705882354,0.12067573969663574,40.540437189170476,-3.864676195113687,0.03767459043837393,1159,0.2136107022254488,-0.275637094657445,0.028640064558881073,"[0.01, -2.14, -0.35, -0.32]","['net_sharpe', 'dbl_sharpe', 'tri_sharpe', 'ret_1x', 'ret_2x', 'pos_folds', 'turnover', 'gross_edge', 'short_pnl']",6,21,2,12,0.6,2
-46.4079819091919,-17.780906941379733,0.38314329151765847,-0.5870453849871747,-0.8238924098491127,-1.0581286041060602,-1.862331583457457,-0.7827855588591321,0.4148712963286538,0.35075699063667487,-0.2680799820996512,0.35294117647058826,0.13189230489454212,42.14509692342768,-11.256446879952401,0.037871541716194265,1174,0.2430555969253104,-0.4308676091694797,0.046036462363724905,"[0.04, -1.61, 0.51, -1.86]","['net_sharpe', 'dbl_sharpe', 'tri_sharpe', 'ret_1x', 'ret_2x', 'pos_folds', 'turnover', 'gross_edge', 'short_pnl']",6,21,2,12,0.6,3
-40.87627101938929,-14.73054477858954,0.3603690946173206,-0.40202680768074917,-0.6564988465457785,-0.909023725748662,-1.3281674034816005,-0.8130744205944,0.3103527806956632,0.2625551165592479,-0.26785204240798116,0.29411764705882354,0.12078622769196852,41.21337758270414,-4.28354160815567,0.03635393541952422,1167,0.07465408490745601,-0.14454426834837858,0.08563737149537792,"[-0.56, -1.33, 0.48, -1.07]","['net_sharpe', 'dbl_sharpe', 'tri_sharpe', 'ret_1x', 'ret_2x', 'pos_folds', 'turnover', 'gross_edge', 'short_pnl']",6,21,2,12,0.6,4
-29.30635518636294,-16.896751019184734,0.5765558668669675,0.1836314292464169,-0.08364440418507854,-0.3500427866384032,-0.8894445061879567,-0.17401816424577704,0.3067576115205244,0.2506501564196214,-0.05625681658168708,0.4117647058823529,0.1206321049312967,42.99156811810274,12.747321630799963,0.03656889665472483,1163,0.2167263840137926,0.0002323872955464351,0.08060490063133893,"[-0.89, -0.44, 0.09, 1.17]","['net_sharpe', 'dbl_sharpe', 'tri_sharpe', 'ret_2x', 'pos_folds', 'turnover', 'gross_edge']",6,21,2,12,0.6,5
-43.851719060622386,-16.961794480549795,0.3867988494841246,-0.20819019272485503,-0.45120408937063344,-0.692980025680341,-2.2697593177289317,-0.24015461054060053,0.38633965075121335,0.33066538615269725,-0.1655269351991379,0.23529411764705882,0.1280196561096524,41.56795639417147,0.9774652957524748,0.03578968012389224,1158,0.257959959599926,-0.24187444336088615,0.07387733121114112,"[0.39, -2.27, -0.87, 0.42]","['net_sharpe', 'dbl_sharpe', 'tri_sharpe', 'ret_1x', 'ret_2x', 'pos_folds', 'turnover', 'gross_edge', 'short_pnl']",6,21,2,12,0.6,6
-31.78785374201344,-18.516592843699428,0.5825052862636768,0.27072522520864983,0.038163871837947255,-0.1939350425474078,-1.1356366439750127,-0.17999066816928447,0.3421807231832187,0.2790035978417804,-0.009597445780366731,0.47058823529411764,0.12779732821741036,39.64175828965141,16.40685777975256,0.03342150263762612,1123,0.04818055583031433,0.20930525721751747,0.093935797480049,"[-0.19, -1.14, -0.17, 1.64]","['net_sharpe', 'dbl_sharpe', 'tri_sharpe', 'ret_2x', 'pos_folds', 'turnover', 'gross_edge']",6,21,2,12,0.6,7
-42.17815779238836,-16.227405708211176,0.3847348143578627,0.013899270707402626,-0.19532690166487507,-0.4036733807369738,-1.668362812587033,-0.511788575392588,0.39886076270504567,0.34953398600409225,-0.09023692492358926,0.35294117647058826,0.1380113220147215,38.55712547990857,7.7252073652388376,0.0338526089939373,1167,-0.03709420160050485,0.15501482794955992,0.09021454917946432,"[-0.06, -1.67, -0.97, 1.55]","['net_sharpe', 'dbl_sharpe', 'tri_sharpe', 'ret_1x', 'ret_2x', 'pos_folds', 'turnover', 'gross_edge', 'long_pnl']",6,21,2,12,0.6,8
-29.3094881078983,-11.517424581106203,0.3929589127830075,-0.12184579681986542,-0.290532166714841,-0.45885362312216393,-1.1054456208412817,-0.05739881464200197,0.3947960916497917,0.3702916854071028,-0.16690309496717265,0.6470588235294118,0.17620784784214338,39.50836411916401,0.885350571159618,0.034147546700111484,1182,0.17090643846261708,-0.15705868566614875,0.08773985171565095,"[-1.11, -0.37, 0.85, 0.26]","['net_sharpe', 'dbl_sharpe', 'tri_sharpe', 'ret_1x', 'ret_2x', 'pos_folds', 'turnover', 'gross_edge', 'short_pnl']",6,21,2,12,0.6,9
-10.804913148207815,-6.08413689961486,0.5630898477535676,0.27796371299683287,0.05739907299107,-0.16280767963554224,-0.5718728006175954,0.18011949719931417,0.20914094909670355,0.207679127825253,-0.006501126305390697,0.47058823529411764,0.13308680666111186,39.093158327288855,16.865662666390058,0.034301090475667685,1151,0.26160838793588415,-0.0005851632187346412,0.06016847178102368,"[-0.57, 0.15, 0.77, 0.21]","['net_sharpe', 'dbl_sharpe', 'tri_sharpe', 'ret_2x', 'turnover', 'gross_edge', 'short_pnl']",6,21,2,12,0.6,10
-32.3457037900941,-16.146623129613015,0.4991891113081278,0.10813261192399981,-0.12818825827607458,-0.36357771986059917,-1.265286221793042,-0.15868358814770595,0.32005707608181744,0.27986743228100597,-0.07393255805241805,0.47058823529411764,0.12546442067791375,39.56536809561084,10.809629570337176,0.035814965661368395,1134,0.7088858545471572,-0.5395686830730839,0.03613135079756847,"[0.66, -0.98, -1.27, 0.66]","['net_sharpe', 'dbl_sharpe', 'tri_sharpe', 'ret_2x', 'pos_folds', 'turnover', 'gross_edge', 'short_pnl']",6,21,2,12,0.6,11
-40.51578200360837,-15.810201070317358,0.3902232732150965,-0.1943143221827438,-0.43881544710643294,-0.6818334579876363,-2.117022574704907,-0.20472969332591648,0.33768943845136457,0.28310767034634665,-0.1797206219070455,0.35294117647058826,0.12456939446834014,40.742469982138786,1.4373873766055696,0.028671685583774583,1418,0.3140741798983304,-0.29088976376034054,0.07243236595595488,"[0.32, -0.72, -2.12, 0.31]","['net_sharpe', 'dbl_sharpe', 'tri_sharpe', 'ret_1x', 'ret_2x', 'pos_folds', 'turnover', 'gross_edge', 'short_pnl']",6,21,2,15,0.3,0
-33.12749996048768,-16.57335990580683,0.5002900890672236,0.13658807800116052,-0.10802118717549482,-0.35159499645328235,-1.3598043586067274,-0.19319666100423338,0.2941998307230903,0.2350272177267262,-0.07115349180356086,0.4117647058823529,0.12414004976750015,40.536301213581936,11.512857689962653,0.02830846147783833,1427,0.3959852434679313,-0.21122767524028052,0.07638317325090577,"[0.72, -1.1, -1.36, 1.03]","['net_sharpe', 'dbl_sharpe', 'tri_sharpe', 'ret_2x', 'pos_folds', 'turnover', 'gross_edge', 'short_pnl']",6,21,2,15,0.3,1
-45.32688178949374,-17.713989880384272,0.3908053936436937,-0.17112900503102105,-0.4039327017307598,-0.6354904515607587,-2.376733871159754,-0.49654014818308645,0.370990634591836,0.31829435959974495,-0.16116652316252691,0.29411764705882354,0.13102340039207433,40.75307422304892,1.75705678493234,0.02819344126004541,1437,0.19463926340605622,-0.16629134621446345,0.06423537297092799,"[0.87, -1.09, -2.38, 0.1]","['net_sharpe', 'dbl_sharpe', 'tri_sharpe', 'ret_1x', 'ret_2x', 'pos_folds', 'turnover', 'gross_edge', 'short_pnl']",6,21,2,15,0.3,2
-38.63281551583158,-15.08173337342166,0.3903865967843121,-0.05456766315889757,-0.3122552279175996,-0.5684130265664716,-1.5798579519139213,-0.4824275568164534,0.3444531424694568,0.2693373916528059,-0.13448966559217349,0.47058823529411764,0.12607946935350023,43.420077114564606,5.80648704447901,0.02905278386601925,1489,0.3112194874860427,-0.21140834323507868,0.06341010082307695,"[0.35, -1.58, -1.31, 0.68]","['net_sharpe', 'dbl_sharpe', 'tri_sharpe', 'ret_1x', 'ret_2x', 'pos_folds', 'turnover', 'gross_edge', 'short_pnl']",6,21,2,15,0.3,3
-35.702638571122165,-17.17137101831165,0.48095523763895126,0.2096241660377664,-0.03547643702207575,-0.2786690407797242,-1.1031619353931006,-0.6635091507882057,0.32257152379294696,0.2669140762026466,-0.04011959712684626,0.4117647058823529,0.1292291347264761,42.27712906606669,13.925588442739699,0.027372103412479427,1493,0.41736200354728026,-0.18428789796463807,0.0617809248452225,"[1.67, -0.91, -1.1, -0.42]","['net_sharpe', 'dbl_sharpe', 'tri_sharpe', 'ret_2x', 'pos_folds', 'turnover', 'gross_edge', 'short_pnl']",6,21,2,15,0.3,4
10.552408329319746,8.653864738804886,0.8200843322903096,0.7228038265660657,0.4839636839639238,0.24544887486238892,-0.3691636655753787,0.33075239564302966,0.17039777682935697,0.1368424198206707,0.32541603068924085,0.7058823529411765,0.1283911405236494,40.7882954896111,30.18117286225485,0.026183166623929503,1501,0.6705107537040462,-0.1831543776596773,0.049765460100636816,"[1.22, -0.37, -0.34, 1.0]","['net_sharpe', 'dbl_sharpe', 'pos_folds', 'turnover', 'gross_edge', 'short_pnl']",6,21,2,15,0.3,5
-17.039011934157717,-14.522403562790274,0.852303151081052,1.0053768866153028,0.7882876020337692,0.5721098854524703,-0.9812067087588068,0.049605565628732654,0.24972778115897898,0.20434116793186052,0.42012189573597936,0.5294117647058824,0.13829281913778912,39.66814256532477,42.17259576227786,0.02527720856263544,1473,0.7084090845246516,-0.0461206347125577,0.054379770604269184,"[3.16, 0.31, -0.21, -0.98]","['pos_folds', 'turnover', 'short_pnl']",6,21,2,15,0.3,6
37.2875753916561,32.40947792418661,0.8691763297497465,1.2724750996194638,1.0255729235069795,0.7791918794234896,-0.11605450358193153,0.9948453055153338,0.193610179377949,0.17973092010431635,0.6907634112235598,0.7647058823529411,0.13029298729128,42.5176928313324,46.30633099597011,0.026398051640870696,1459,0.8112520969177673,-0.03180787048209678,0.07147088641053626,"[1.95, 1.66, 0.33, -0.12]","['turnover', 'short_pnl']",6,21,2,15,0.3,7
-33.16487456790063,-15.162830174535456,0.457195462732464,0.08173214690405707,-0.17919547975126296,-0.43888988223797815,-1.3321476550740292,-0.22376862375886256,0.33933237242585534,0.28836938824933955,-0.08746314810023663,0.5294117647058824,0.12455722694778323,43.425925793988064,9.803181212725951,0.02958062461633057,1420,0.24325596097030971,-0.07472057528828357,0.04482031715795432,"[-0.12, -1.33, -0.32, 0.91]","['net_sharpe', 'dbl_sharpe', 'tri_sharpe', 'ret_2x', 'pos_folds', 'turnover', 'gross_edge', 'short_pnl']",6,21,2,15,0.3,8
-37.61741595307934,-13.574588458750007,0.3608591423632542,-0.24345482601923954,-0.4678421064583765,-0.6922788742563394,-1.0387243121285812,-0.47927173099780845,0.39918222893858823,0.3738982325693938,-0.1787240208689407,0.4117647058823529,0.1377458850118174,41.054112065275696,-0.994354068680095,0.029567230641663035,1460,0.270425773535764,-0.2865869399102802,0.047458356911464855,"[-1.04, -0.91, 0.55, -0.05]","['net_sharpe', 'dbl_sharpe', 'tri_sharpe', 'ret_1x', 'ret_2x', 'pos_folds', 'turnover', 'gross_edge', 'short_pnl']",6,21,2,15,0.3,9
-37.89276282187143,-13.807092754967234,0.3643728175713247,-0.192928065887771,-0.4543184239668919,-0.7149282071220658,-1.2193350278777857,-0.4426072059628399,0.40817948124858394,0.3539243607179968,-0.144501591347884,0.47058823529411764,0.11833099275932017,41.260624189694425,2.157530507266609,0.028819455617088287,1518,0.21725621343801538,-0.18201363121661937,0.01811904106499578,"[-0.86, 0.26, -1.22, -0.02]","['net_sharpe', 'dbl_sharpe', 'tri_sharpe', 'ret_1x', 'ret_2x', 'pos_folds', 'turnover', 'gross_edge', 'short_pnl']",6,21,2,15,0.3,10
-51.721902152774156,-13.082456292978101,0.2529384216059117,-0.9349230485419464,-1.1654788144107124,-1.394215794619958,-2.1302702026023552,-0.983802448594945,0.5481921781961727,0.4973948942126357,-0.2871690033198358,0.23529411764705882,0.13825433478334864,42.7950129780787,-22.953063682567738,0.03184188829003285,1588,-0.04551806743171431,-0.34335584245135736,0.018161714818867504,"[-1.01, -0.77, -2.13, -0.96]","['net_sharpe', 'dbl_sharpe', 'tri_sharpe', 'ret_1x', 'ret_2x', 'pos_folds', 'turnover', 'gross_edge', 'long_pnl', 'short_pnl']",6,21,2,15,0.3,11
-53.52379310666682,-13.537034003379135,0.25291619329746245,-1.128702260230611,-1.3627873117480027,-1.5943149948334496,-2.120182265392385,-1.297460860346237,0.5703193952854616,0.5205548856066318,-0.3094764598748136,0.17647058823529413,0.1352277336300796,42.8022371783247,-28.524023550064587,0.031137034758355654,1595,-0.28869218920434375,-0.19464725483267714,0.05438997762369535,"[-1.36, -1.24, -0.79, -2.12]","['net_sharpe', 'dbl_sharpe', 'tri_sharpe', 'ret_1x', 'ret_2x', 'pos_folds', 'turnover', 'gross_edge', 'long_pnl', 'short_pnl']",6,21,2,15,0.3,12
-50.126906202416386,-12.914446478092898,0.2576350199221023,-1.0309034496652303,-1.254508033072006,-1.4761634971983713,-1.6020013874262904,-1.292941166136902,0.5584284772155133,0.5039793597221363,-0.29840430864238643,0.29411764705882354,0.13726246974735642,41.268618525316754,-27.089034432163658,0.0300860805270243,1512,-0.07677689772864554,-0.3657996928875715,0.07078201684532966,"[-1.53, -1.6, -1.06, -0.98]","['net_sharpe', 'dbl_sharpe', 'tri_sharpe', 'ret_1x', 'ret_2x', 'pos_folds', 'turnover', 'gross_edge', 'long_pnl', 'short_pnl']",6,21,2,15,0.3,13
-48.30448740946912,-16.028393201324036,0.3318199625110191,-0.7320379863652596,-0.9865958289028676,-1.2380862569913607,-1.8405665593694989,-0.9596341622971809,0.4153807982191411,0.34231018730874585,-0.29136176560579924,0.23529411764705882,0.12261368150039034,42.1585121839188,-13.847222661053438,0.03085230049861912,1458,0.03147813945116575,-0.26259037263318397,0.06694196997836505,"[-0.61, -1.84, -1.31, -0.51]","['net_sharpe', 'dbl_sharpe', 'tri_sharpe', 'ret_1x', 'ret_2x', 'pos_folds', 'turnover', 'gross_edge', 'short_pnl']",6,21,2,15,0.3,14
-38.041703066529315,-15.467046100725886,0.4065813266476611,-0.16355748159360797,-0.3713629391533222,-0.5779966834069612,-1.8701712989312405,-0.25867461128291086,0.3064869177356877,0.2581920261593226,-0.1767679240332897,0.4117647058823529,0.1275441287257995,35.455821122921485,1.4849369867914766,0.027970125160262246,1129,0.3834603034897658,-0.3626168078832738,0.06690670728241443,"[0.45, -0.56, -1.87, 0.04]","['net_sharpe', 'dbl_sharpe', 'tri_sharpe', 'ret_1x', 'ret_2x', 'pos_folds', 'turnover', 'gross_edge', 'short_pnl']",6,21,2,15,0.45,0
-43.22716986351843,-16.246061173414443,0.37582985943119324,-0.241145404970888,-0.4554685192788128,-0.668271944727279,-1.786720371524446,-0.6484700576778655,0.36001332597201174,0.31125439572721103,-0.17613897451216412,0.35294117647058826,0.1260090071315621,36.188629018195535,-1.1256034216050295,0.029016079766144502,1162,0.23622326313664121,-0.25234948081159464,0.07927019080378606,"[0.86, -1.16, -1.79, -0.14]","['net_sharpe', 'dbl_sharpe', 'tri_sharpe', 'ret_1x', 'ret_2x', 'pos_folds', 'turnover', 'gross_edge', 'short_pnl']",6,21,2,15,0.45,1
-37.690861591752096,-15.777310049594922,0.41859775508680536,0.03993800041557968,-0.17225494928186388,-0.38372232425466224,-2.228173717688731,-0.024850513764657023,0.35131963201242067,0.2997968674836371,-0.08817834588592292,0.4117647058823529,0.13182742120351557,37.288708401032004,8.669199399344343,0.02848844090265267,1183,0.3613707110633116,-0.23339389077760217,0.06234550579589566,"[0.81, -0.79, -2.23, 0.74]","['net_sharpe', 'dbl_sharpe', 'tri_sharpe', 'ret_1x', 'ret_2x', 'pos_folds', 'turnover', 'gross_edge', 'short_pnl']",6,21,2,15,0.45,2
-38.69309538641677,-15.95072167060445,0.4122368994082587,0.031669737301305546,-0.20021545430791038,-0.4308874465800503,-1.6889266271681411,-0.29641891075559496,0.3553513288753206,0.3025014803839462,-0.09177782611029588,0.4117647058823529,0.12572732445805354,38.93810921390964,8.414008902817988,0.029472972758272417,1207,0.30473392925301945,-0.17503009678454212,0.0699742562763479,"[0.91, -1.69, -1.41, 0.82]","['net_sharpe', 'dbl_sharpe', 'tri_sharpe', 'ret_1x', 'ret_2x', 'pos_folds', 'turnover', 'gross_edge', 'short_pnl']",6,21,2,15,0.45,3
-35.95137680437599,-17.435711756241645,0.4849803625356394,0.13634628662637208,-0.08228991320192133,-0.29951544385509493,-0.9938413458561968,-0.5940723830213557,0.3271235054803918,0.2772136774150523,-0.057599305253754986,0.29411764705882354,0.12897723632388702,37.627199332577455,12.24265978600449,0.026787157229899976,1245,0.39521902141247256,-0.2128493323203382,0.05430207612561121,"[1.41, -0.99, -0.85, -0.33]","['net_sharpe', 'dbl_sharpe', 'tri_sharpe', 'ret_2x', 'pos_folds', 'turnover', 'gross_edge', 'short_pnl']",6,21,2,15,0.45,4
30.747768785997494,27.146423451408438,0.882874579952315,0.9809404232432944,0.765361276392399,0.5496535596493617,-0.7910671447816096,1.031459836345177,0.14317775553555978,0.11882762028755911,0.6802478960045973,0.8235294117647058,0.13278451746565764,38.065761515497634,41.579970901879676,0.026076587124271217,1251,0.8945631598515081,-0.26795840501070045,0.05866292229600282,"[1.49, -0.79, 0.58, 1.48]","['turnover', 'short_pnl']",6,21,2,15,0.45,5
-13.683543294195326,-11.872904299683798,0.86767762153538,0.9881337150231425,0.8039228932029875,0.6204385891652342,-0.6218701862198923,0.08658473175075049,0.27438262819548587,0.2311645749589174,0.40291439929436346,0.5294117647058824,0.1426985406205195,34.671439667668196,47.691850709430575,0.02461080238145439,1107,0.9194949127228864,-0.26487225384095187,0.06135203950254072,"[3.0, 0.46, -0.29, -0.62]","['pos_folds', 'turnover', 'short_pnl']",6,21,2,15,0.45,6
73.18717946837415,64.91404993195128,0.8869593063085882,1.59570696706616,1.3820767609340545,1.1684318878312965,0.6782802942227386,1.0950888533193353,0.14777127051268535,0.13619817922063093,1.2727881219853965,0.7647058823529411,0.1305285014745943,36.738225449708835,63.966987120853766,0.025564196764838034,1121,0.9685177449333063,-0.03816197956435555,0.09401931227253171,"[2.38, 1.38, 0.81, 0.68]","['turnover', 'short_pnl']",6,21,2,15,0.45,7
-39.28744442340374,-14.971254818753849,0.3810697040359131,-0.07890045769926286,-0.30365674748731536,-0.5274042782947733,-1.413593944490055,-0.49760043235342916,0.3662872918001415,0.3278253765415261,-0.12226740175391523,0.4117647058823529,0.12492198964889074,37.52512486066474,4.863112542405052,0.029548696707878724,1112,0.25334433259148,-0.18109872485100484,0.04536682134266854,"[-0.6, -1.41, -0.4, 1.22]","['net_sharpe', 'dbl_sharpe', 'tri_sharpe', 'ret_1x', 'ret_2x', 'pos_folds', 'turnover', 'gross_edge', 'short_pnl']",6,21,2,15,0.45,8
-34.630689361835636,-14.173812237227345,0.40928472688295475,-0.021766471606337403,-0.25011661472418334,-0.47848528615993396,-1.3225762677760518,-0.13293814008914567,0.322598329964785,0.29172907702616624,-0.1183581953269431,0.35294117647058826,0.12467202492417137,37.89165178122904,6.7880341624362295,0.030159753438388216,1141,0.31583182598874493,-0.21400492196922058,0.0442998224872654,"[-0.46, -1.32, 0.77, 0.19]","['net_sharpe', 'dbl_sharpe', 'tri_sharpe', 'ret_1x', 'ret_2x', 'pos_folds', 'turnover', 'gross_edge', 'short_pnl']",6,21,2,15,0.45,9
-43.18098555819907,-16.100637108675375,0.3728640488525912,-0.5121328339590411,-0.7480939903995285,-0.9828158179397841,-1.613979741318593,-0.5885260398698928,0.42039309100390054,0.36712054739307587,-0.21622869284300314,0.4117647058823529,0.1179498075623671,37.152517456241185,-8.543613454433945,0.029380606386281594,1248,0.1293665605699903,-0.25502880738302136,0.02169245090744798,"[-1.61, -0.38, -0.8, 0.03]","['net_sharpe', 'dbl_sharpe', 'tri_sharpe', 'ret_1x', 'ret_2x', 'pos_folds', 'turnover', 'gross_edge', 'short_pnl']",6,21,2,15,0.45,10
-44.392089277815295,-15.24574817009088,0.34343389595113877,-0.5738367481906597,-0.7832894194700609,-0.9916610986859922,-1.3957991627722697,-0.8377377249965052,0.4287796420187041,0.3690099623549089,-0.25805352634286066,0.35294117647058826,0.137164955678522,38.38398381587991,-13.375766084703267,0.03114805055880384,1249,0.1121897008547969,-0.31544585098897615,0.0480467735690798,"[-0.84, -0.13, -0.84, -1.4]","['net_sharpe', 'dbl_sharpe', 'tri_sharpe', 'ret_1x', 'ret_2x', 'pos_folds', 'turnover', 'gross_edge', 'short_pnl']",6,21,2,15,0.45,11
-48.286252758912305,-12.764491542448015,0.26435042715324486,-0.8709590075988968,-1.0686275715031701,-1.2643374049993759,-1.54565876703595,-1.0085777519861765,0.5088555099303206,0.45352900181245914,-0.30359718639098165,0.29411764705882354,0.14618065576345057,39.08611117519541,-25.769866011509404,0.03195554908175542,1238,-0.33421715270246766,-0.06454102817680726,0.05167536526278464,"[-1.06, -0.88, -0.96, -1.55]","['net_sharpe', 'dbl_sharpe', 'tri_sharpe', 'ret_1x', 'ret_2x', 'pos_folds', 'turnover', 'gross_edge', 'long_pnl', 'short_pnl']",6,21,2,15,0.45,12
-50.314057021567784,-13.648057361368448,0.2712573417706711,-0.9753304252812476,-1.1513607394908545,-1.3259599216442102,-1.602515327980163,-1.1287860863750665,0.5736417138101104,0.5271482447606854,-0.3045326375889585,0.23529411764705882,0.15528024953038402,36.841363924531876,-34.38954350938524,0.02996749487933493,1247,-0.20784437423300803,-0.2937320253894985,0.07804339845048294,"[-1.6, -1.38, -0.88, -0.8]","['net_sharpe', 'dbl_sharpe', 'tri_sharpe', 'ret_1x', 'ret_2x', 'pos_folds', 'turnover', 'gross_edge', 'long_pnl', 'short_pnl']",6,21,2,15,0.45,13
-44.69468282513225,-15.547897133863303,0.34786905625204645,-0.6032236169200414,-0.8293549578669628,-1.053383062053547,-1.5493420683249137,-0.7742743006902967,0.36656858148170524,0.2984562481636057,-0.2803912966414168,0.23529411764705882,0.12149146717296401,36.942556718084894,-12.383270853134258,0.0302415199490972,1206,0.05441734663248654,-0.23552520856382286,0.06113269312406619,"[-0.43, -1.55, -1.12, -0.43]","['net_sharpe', 'dbl_sharpe', 'tri_sharpe', 'ret_1x', 'ret_2x', 'pos_folds', 'turnover', 'gross_edge', 'short_pnl']",6,21,2,15,0.45,14
-26.2909810745452,-12.02642928324882,0.457435546020485,0.005461634489971562,-0.18137391304373893,-0.3671496522044554,-1.4315248101062181,0.10094312401185443,0.22921100112566328,0.19531309659478424,-0.1320316961313716,0.35294117647058826,0.12525005111934934,31.287757343400358,7.653813955594158,0.027406145206761115,909,0.2994809597889323,-0.2046768163279561,0.06366881373900386,"[0.23, 0.04, -1.43, 0.17]","['net_sharpe', 'dbl_sharpe', 'tri_sharpe', 'ret_1x', 'ret_2x', 'turnover', 'gross_edge', 'short_pnl']",6,21,2,15,0.6,0
-42.24243041538809,-16.411326904296182,0.38850337783400496,-0.21918848889966702,-0.41513332056014146,-0.6095124236328107,-2.083828845124522,-0.5360798730515322,0.33736584964156324,0.2961031032432826,-0.16787443410825012,0.4117647058823529,0.12205791149165136,32.069735537281716,-1.0045254682165388,0.029800616253502173,898,-0.013867957879856868,0.001114401298099893,0.07896895590026282,"[0.93, -0.75, -2.08, -0.32]","['net_sharpe', 'dbl_sharpe', 'tri_sharpe', 'ret_1x', 'ret_2x', 'pos_folds', 'turnover', 'gross_edge', 'long_pnl']",6,21,2,15,0.6,1
-42.85864225067378,-17.82602714475836,0.41592608185057744,-0.1405339171032944,-0.32594579778611243,-0.5102128677967674,-2.0947453459968037,-0.40987747938141594,0.39703197802962287,0.35505986366296727,-0.12625730155166187,0.4117647058823529,0.13097337647067392,32.45839236061742,1.5483236726214895,0.028718834463446693,921,0.24095079892713955,-0.22105489192684485,0.05494323796328045,"[0.79, -1.37, -2.09, 0.55]","['net_sharpe', 'dbl_sharpe', 'tri_sharpe', 'ret_1x', 'ret_2x', 'pos_folds', 'turnover', 'gross_edge', 'short_pnl']",6,21,2,15,0.6,2
-37.65817506309402,-15.912101808936692,0.42254043862393537,-0.009315359705924321,-0.2034215425038325,-0.3965015194815497,-1.8448805555238525,-0.16815078098680905,0.3692512087714629,0.31703748658776776,-0.09296314780135811,0.47058823529411764,0.12983311212978418,33.71747099540792,7.002315010432382,0.028729326449077226,956,0.4026998505799707,-0.309229984698362,0.07431648756978468,"[0.46, -1.84, -0.8, 1.14]","['net_sharpe', 'dbl_sharpe', 'tri_sharpe', 'ret_1x', 'ret_2x', 'pos_folds', 'turnover', 'gross_edge', 'short_pnl']",6,21,2,15,0.6,3
-21.03628697980818,-16.27770699419563,0.7737918297948632,0.44772207676904435,0.26144471237709177,0.07552742702354054,-1.3607378689199618,0.2877402304239106,0.2954969031650341,0.2464785646433032,0.08967033130288558,0.5294117647058824,0.1342978774320369,33.29935209678405,25.682367352897124,0.02602289617010468,952,0.572622498523873,-0.23405456725794416,0.06691509378775624,"[1.59, -1.36, -0.04, 0.62]","['net_sharpe', 'dbl_sharpe', 'pos_folds', 'turnover', 'gross_edge', 'short_pnl']",6,21,2,15,0.6,4
11.23412253721736,10.085907615770141,0.8977922024934912,0.9047358467592073,0.7202876384938469,0.535684898762614,-1.193584625171625,0.7999362617399537,0.1865696549072997,0.15913913207551167,0.49508891662704274,0.7058823529411765,0.13518238483204179,33.21753418961533,44.12396953873933,0.02559215912879077,969,0.7832434061072894,-0.20299100078358429,0.08105787032622173,"[1.21, -1.19, 0.39, 2.08]","['turnover', 'short_pnl']",6,21,2,15,0.6,5
-4.718841205862253,-4.2574542335506615,0.9022245182273974,0.9176997354075254,0.7538715227828221,0.5906064592916873,-0.9694049213852728,0.514382412522359,0.2535352568570096,0.22720749526507333,0.4161250072563307,0.5882352941176471,0.14696300503783902,31.77703157609586,49.398075309485115,0.024651404378632495,902,0.929909899399555,-0.30847114120178193,0.07032777721116812,"[2.83, 0.37, 0.66, -0.97]","['turnover', 'short_pnl']",6,21,2,15,0.6,6
43.548925938086334,39.52233706530473,0.907538732906841,1.0233333278899903,0.8499864325993424,0.6768896965929078,0.2137397016843706,0.8716389985287751,0.15822693110481245,0.15141430721572469,0.6862501427037379,0.5294117647058824,0.1310108991591222,30.049911805276718,51.83031112066195,0.02553205933887655,788,0.7492360811212999,-0.13263823955060386,0.06330762220852529,"[1.26, 0.21, 0.67, 1.07]","['turnover', 'short_pnl']",6,21,2,15,0.6,7
-34.273656097549676,-14.84245241090679,0.4330571669582668,-0.04603639998152311,-0.23092158206527097,-0.41521561182055183,-1.145269248942631,-0.25231626415111896,0.3387155350451092,0.3075735119499544,-0.10112579591940028,0.4117647058823529,0.11963669051974539,29.484859610802108,5.698835528915426,0.02937320049067099,781,0.4681554654036777,-0.4016342508367319,0.04025028683253793,"[-0.9, -1.15, 0.4, 0.99]","['net_sharpe', 'dbl_sharpe', 'tri_sharpe', 'ret_1x', 'ret_2x', 'pos_folds', 'turnover', 'gross_edge', 'short_pnl']",6,21,2,15,0.6,8
-43.950849961701,-17.00393636224674,0.3868852679086766,-0.3202237677017135,-0.5132411790875692,-0.7063341619203595,-1.9466385261911285,-0.5301424623258287,0.3593432036060159,0.32811731591269344,-0.19700454565333925,0.29411764705882354,0.12744293888147523,32.59562126301345,-4.999043448765293,0.029958523821684617,924,0.4056522542604033,-0.4701613801285187,0.049235910060505386,"[-0.42, -1.95, 1.13, -0.64]","['net_sharpe', 'dbl_sharpe', 'tri_sharpe', 'ret_1x', 'ret_2x', 'pos_folds', 'turnover', 'gross_edge', 'short_pnl']",6,21,2,15,0.6,9
-43.11563894816093,-16.81129828881034,0.3899118440300284,-0.4677468521852517,-0.6614600375871055,-0.8540718747290416,-1.5909894075333029,-0.6597898902550934,0.37434551975106556,0.35616123044654446,-0.22597580977785528,0.35294117647058826,0.12211679554817442,31.611984023574113,-10.432086040210521,0.03010080978987675,900,0.0920386446110073,-0.22259496359883355,0.0498306707845336,"[-1.59, -0.89, 0.8, -0.43]","['net_sharpe', 'dbl_sharpe', 'tri_sharpe', 'ret_1x', 'ret_2x', 'pos_folds', 'turnover', 'gross_edge', 'short_pnl']",6,21,2,15,0.6,10
-45.34121456283085,-12.706126448465419,0.28023348229585054,-0.7617970565511653,-0.943958952079783,-1.1249459505615853,-1.2204209797755856,-0.9315968089669291,0.4547007833807728,0.4020538638811961,-0.2906203641664381,0.23529411764705882,0.1392795774043431,33.924118253848576,-24.204411441896465,0.03228926374419865,917,-0.01698938629138822,-0.30808150183148,0.041875387517100585,"[-1.22, -0.65, -0.72, -1.14]","['net_sharpe', 'dbl_sharpe', 'tri_sharpe', 'ret_1x', 'ret_2x', 'pos_folds', 'turnover', 'gross_edge', 'long_pnl', 'short_pnl']",6,21,2,15,0.6,11
-52.75037512727137,-14.56082255364672,0.27603258779706635,-0.9485015587196822,-1.1109545664379927,-1.2718819445426952,-2.0248830760678223,-1.1954771448831565,0.5580752719742942,0.5141519928321324,-0.31352790548720755,0.17647058823529413,0.16040298618612697,35.289408965953434,-36.76099833790778,0.032712980599030377,953,-0.30101060689011905,-0.21256769222655744,0.0424227918479181,"[-1.04, -1.35, -0.28, -2.02]","['net_sharpe', 'dbl_sharpe', 'tri_sharpe', 'ret_1x', 'ret_2x', 'pos_folds', 'turnover', 'gross_edge', 'long_pnl', 'short_pnl']",6,21,2,15,0.6,12
-44.41921659446557,-12.604485223293517,0.28376198838373884,-0.6136606361727712,-0.7565318355328189,-0.8985561742226029,-1.4045842629306573,-0.5034551456522172,0.487423047264688,0.4383619602318449,-0.27766417674892396,0.29411764705882354,0.1709672631541594,32.77735377528487,-25.815438411951053,0.028723191158988488,994,-0.06753263331660211,-0.2674546926740291,0.07754841878305307,"[-1.4, -0.39, -0.62, -0.19]","['net_sharpe', 'dbl_sharpe', 'tri_sharpe', 'ret_1x', 'ret_2x', 'pos_folds', 'turnover', 'gross_edge', 'long_pnl', 'short_pnl']",6,21,2,15,0.6,13
-37.078549842505865,-14.452692595254161,0.3897858103038857,-0.2988050389893026,-0.4943701466396416,-0.6886056352378048,-1.3621951080724304,-0.5258157490684261,0.2930752454320006,0.2464364073199039,-0.22158364231795077,0.4117647058823529,0.1207780117045979,31.652944984570485,-3.8863724855036517,0.028149746560944988,996,0.2343942279388735,-0.28309474007963187,0.0577021995339303,"[-0.17, -1.36, -0.88, 0.24]","['net_sharpe', 'dbl_sharpe', 'tri_sharpe', 'ret_1x', 'ret_2x', 'pos_folds', 'turnover', 'gross_edge', 'short_pnl']",6,21,2,15,0.6,14
-33.36370416901063,-11.832060677801584,0.3546387001234597,-0.23617417640487925,-0.5349271708118029,-0.8325427917385412,-1.3309986400042857,-0.6033638309431671,0.22944597206840078,0.14841859526866552,-0.27577915167504913,0.4117647058823529,0.11061091307992962,44.127206259514004,1.682320746088117,0.033456240373269795,1282,0.1519807059105477,-0.12259134001046999,0.07084686830000106,"[-0.27, -0.93, 0.41, -1.33]","['net_sharpe', 'dbl_sharpe', 'tri_sharpe', 'ret_1x', 'ret_2x', 'pos_folds', 'turnover', 'gross_edge', 'short_pnl']",3,30,1,9,0.3,0
-38.65705134121698,-13.59015768845104,0.35155701785151217,-0.4472245315104243,-0.7234205666317207,-0.9975998794270646,-1.1452762326258596,-0.8491057859307625,0.31540786641235674,0.22200591592412477,-0.2825249336174745,0.4117647058823529,0.118853557087273,44.07730253159188,-4.6669985207706075,0.0338667967608459,1310,0.10380001936275335,-0.18523812340589024,0.09106437712459625,"[-0.57, -1.12, 0.08, -1.15]","['net_sharpe', 'dbl_sharpe', 'tri_sharpe', 'ret_1x', 'ret_2x', 'pos_folds', 'turnover', 'gross_edge', 'short_pnl']",3,30,1,9,0.3,1
-39.05416430356979,-14.318906118801916,0.36664223583176453,-0.39046856936676627,-0.707142527030301,-1.0221358675749725,-2.4669741043379867,-0.2369659826410194,0.29087094929156454,0.25894392613740247,-0.28276095904442405,0.47058823529411764,0.11224653694791008,47.5079400213432,-1.741250779293407,0.03570381008649258,1340,0.009111694797054926,-0.041861031320347755,0.103390211053672,"[-0.67, 0.23, 0.2, -2.47]","['net_sharpe', 'dbl_sharpe', 'tri_sharpe', 'ret_1x', 'ret_2x', 'pos_folds', 'turnover', 'gross_edge', 'short_pnl']",3,30,1,9,0.3,2
-43.50269529525627,-14.989030694813243,0.34455406942217015,-0.40361206285994516,-0.6950919574562887,-0.9843550235785357,-1.8585531799761283,-0.7182282607641824,0.3537010765783607,0.26436552091410415,-0.24250714217779792,0.4117647058823529,0.11848634763028515,46.353260771128035,-2.951288126551042,0.03501794988488729,1281,-0.07935190170555233,0.02519336974297967,0.08666827259846996,"[-1.16, 0.6, -0.27, -1.86]","['net_sharpe', 'dbl_sharpe', 'tri_sharpe', 'ret_1x', 'ret_2x', 'pos_folds', 'turnover', 'gross_edge', 'long_pnl']",3,30,1,9,0.3,3
4.6864502967431525,3.239322974238713,0.691210355199943,0.44233063454518545,0.11971094684787591,-0.20157528703456065,-0.1940406269126412,0.021807289838045488,0.1599294217175079,0.1107445659955395,0.044817064863759276,0.5882352941176471,0.11154384634799278,47.96040385504609,17.80595673028808,0.034414356720360015,1267,0.17091123561644417,0.16717160425905814,0.06384730978651498,"[0.11, 0.54, -0.19, -0.07]","['net_sharpe', 'dbl_sharpe', 'tri_sharpe', 'pos_folds', 'turnover', 'gross_edge']",3,30,1,9,0.3,4
10.376369207209454,7.999801609816939,0.7709634699831915,0.5879738101732604,0.27966334395552167,-0.028306063578802974,-0.7014625811739197,0.39595461696282513,0.12897829988909026,0.10520526939738961,0.1953722181735232,0.7058823529411765,0.11068502205285562,45.47379454452357,21.887317637392552,0.032865337674279134,1295,0.2731533248078726,0.12087615789479329,0.09876902934510676,"[-0.7, 1.11, 0.59, 0.2]","['net_sharpe', 'dbl_sharpe', 'tri_sharpe', 'turnover', 'gross_edge']",3,30,1,9,0.3,5
15.149443528121369,13.983999555097494,0.9230701793857641,0.754987518160356,0.5066448525744877,0.25815893503218756,-0.50849233224271,0.6978490987364468,0.16160964270170375,0.14169411331640724,0.3622588103858095,0.5294117647058824,0.12832373123395577,42.480334576119226,30.21565269437028,0.030487561669989532,1265,0.37944249998252555,0.12871096491196893,0.09458036166191405,"[0.82, -0.51, 1.02, 0.57]","['net_sharpe', 'turnover', 'gross_edge']",3,30,1,9,0.3,6
62.95896771809232,58.78411774899644,0.9336893516458312,1.0265862933509735,0.7356904661457656,0.4436107521931486,0.5801516719293378,0.7448102230900309,0.09712550964023992,0.08192101992129552,0.8005624661215889,0.6470588235294118,0.11009883366391279,42.83883083777566,34.06059219627333,0.03126655391368719,1307,0.5736114984140347,0.0040385136113729805,0.09225010644803174,"[0.58, 0.64, 0.93, 0.85]","['turnover', 'gross_edge']",3,30,1,9,0.3,7
-20.53662032030819,-7.581095608372279,0.369150107959853,0.015912661227774384,-0.28181409922703143,-0.5796797186588372,-0.7291760568743215,-0.2717371518359688,0.1899007880704886,0.12974865116585754,-0.19250715339948637,0.35294117647058826,0.11057816316381096,43.8362769460312,7.967132858051428,0.032668984741642364,1311,0.22877684319008493,-0.09051233789876276,0.07395185368874194,"[-0.73, -0.05, -0.49, 0.09]","['net_sharpe', 'dbl_sharpe', 'tri_sharpe', 'ret_1x', 'ret_2x', 'pos_folds', 'turnover', 'gross_edge', 'short_pnl']",3,30,1,9,0.3,8
-24.69436814326107,-9.330912071257499,0.37785587455104996,-0.16316377920326627,-0.41455281123630316,-0.66527539750263,-0.8807991798041467,-0.5107947698034282,0.1945006354088087,0.16982387111163766,-0.2616999210329066,0.4117647058823529,0.11105429574898877,37.24029532163915,2.736193947835288,0.03269085761351856,992,0.18962828633174644,-0.1492883715030081,0.0734982433239589,"[-0.24, -0.88, 0.28, -0.78]","['net_sharpe', 'dbl_sharpe', 'tri_sharpe', 'ret_1x', 'ret_2x', 'pos_folds', 'turnover', 'gross_edge', 'short_pnl']",3,30,1,9,0.45,0
-45.06818430962147,-16.51931978068012,0.36654061027156715,-0.4846796647546451,-0.7366690882706378,-0.9866674021937462,-1.6857283564167878,-0.7827099938220554,0.3477782740252662,0.28412613014572385,-0.25347424370169847,0.17647058823529413,0.11574014658901882,39.20763499507402,-6.824262222177249,0.0339388584568402,1045,0.2537132858358062,-0.3596389840410715,0.0822924149945829,"[0.3, -1.22, -0.35, -1.69]","['net_sharpe', 'dbl_sharpe', 'tri_sharpe', 'ret_1x', 'ret_2x', 'pos_folds', 'turnover', 'gross_edge', 'short_pnl']",3,30,1,9,0.45,1
-22.056220150087313,-8.872035869997555,0.40224643250862885,0.02119073164580459,-0.26306237011292066,-0.5463471605407502,-1.2664184196671588,-0.1001524751118952,0.18013388851212997,0.16429423497229334,-0.1909110356276639,0.4117647058823529,0.10990366610779052,41.67709160212729,8.125288218933798,0.03414756997663227,1078,0.18710632501644575,-0.05304263703984194,0.1107920417945546,"[-0.36, 0.35, 0.16, -1.27]","['net_sharpe', 'dbl_sharpe', 'tri_sharpe', 'ret_1x', 'ret_2x', 'pos_folds', 'turnover', 'gross_edge', 'short_pnl']",3,30,1,9,0.45,2
-48.85872859633435,-13.677413184315427,0.27993796763147005,-0.6711791631625905,-0.9382324034331188,-1.202766850201069,-2.118829440231462,-0.9475780152563118,0.4225006878706835,0.3502767112416506,-0.2627789200379212,0.29411764705882354,0.11756269243360343,42.35349385310557,-11.253818548264524,0.03568092992374578,1064,-0.18265498456531865,-0.006041640819036617,0.0918217278301682,"[-2.12, 0.32, -0.5, -1.4]","['net_sharpe', 'dbl_sharpe', 'tri_sharpe', 'ret_1x', 'ret_2x', 'pos_folds', 'turnover', 'gross_edge', 'long_pnl', 'short_pnl']",3,30,1,9,0.45,3
9.827567180715361,8.331944984913967,0.8478135871982383,0.6157042740296048,0.3315273777820425,0.04810459085845606,-0.12840928639614724,0.1990072926334031,0.15479243365572704,0.13391038904916652,0.20072261854038323,0.47058823529411764,0.11054261785783756,41.82424591942752,23.807788223457653,0.03388332179044769,1034,0.23639025393676497,0.15781476819015566,0.06144883389007422,"[-0.13, 0.93, -0.1, 0.49]","['net_sharpe', 'dbl_sharpe', 'pos_folds', 'turnover', 'gross_edge']",3,30,1,9,0.45,4
-5.603371415150426,-3.50453772269675,0.6254337724644063,0.3034348329668091,0.003198419060262749,-0.2966476894051766,-0.39980388038350384,0.09450763229457212,0.19925909501837014,0.1779239262819483,-0.0245442369521851,0.5882352941176471,0.10236971697231888,40.964574335342974,15.341265444878578,0.03385888424453621,1050,0.20330150575229333,0.0454951930403404,0.05763120297591156,"[-0.4, 0.16, 0.03, 0.24]","['net_sharpe', 'dbl_sharpe', 'tri_sharpe', 'ret_2x', 'turnover', 'gross_edge']",3,30,1,9,0.45,5
-3.6438923789150492,-3.4287087853362266,0.9409467758093085,0.7600435633462144,0.530904695232106,0.30176768279004584,-1.0679223399341233,0.5967883127159835,0.2134366396325773,0.19212312504657902,0.2832145198994077,0.47058823529411764,0.12504526941339303,38.190810335453584,32.39544179025543,0.031012014817482177,1014,0.2914411098414655,0.198357742266573,0.08004379365745387,"[1.67, -1.07, 0.42, 0.78]","['net_sharpe', 'turnover', 'gross_edge']",3,30,1,9,0.45,6
47.75499279780154,45.38314522237782,0.9503329927099704,0.9821964694940211,0.7230013516780379,0.46254344653991625,0.11977430118446465,0.88805498335767,0.11637659113825749,0.10340404047960883,0.6614823416654261,0.5882352941176471,0.11123968255294563,38.63596134400946,35.99069435959971,0.031045387834012887,1066,0.49186258961380547,0.05863691308513824,0.0867208003739238,"[0.12, 0.71, 1.06, 1.11]","['turnover', 'gross_edge']",3,30,1,9,0.45,7
1.869816241222737,0.9753341718663855,0.5216203337866939,0.23494000666715978,-0.03267046385734058,-0.3010232720777274,-0.30937782311609513,-0.00434410572113446,0.12575811510554846,0.12036074451171386,-0.07352697398301851,0.47058823529411764,0.1076375922464752,38.36489356001718,14.212736265083658,0.031641113808970944,1050,0.3147651231725789,-0.098897913654925,0.06600982791885193,"[-0.31, -0.02, 0.21, 0.01]","['net_sharpe', 'dbl_sharpe', 'tri_sharpe', 'ret_2x', 'pos_folds', 'turnover', 'gross_edge', 'short_pnl']",3,30,1,9,0.45,8
-36.702562301302386,-14.163254921263958,0.3858928105616587,-0.42207113328557816,-0.6500256774258548,-0.877154299783556,-1.3837927884960781,-0.5934475955898966,0.26974144716258064,0.2082696008493542,-0.2722374271499135,0.4117647058823529,0.10821714862228679,32.918169900794275,-6.237729928501577,0.03402144660375886,776,0.203792683015749,-0.28508270340630626,0.07128325080843084,"[-0.79, -1.38, 0.03, -0.4]","['net_sharpe', 'dbl_sharpe', 'tri_sharpe', 'ret_1x', 'ret_2x', 'pos_folds', 'turnover', 'gross_edge', 'short_pnl']",3,30,1,9,0.6,0
-28.34488848683433,-10.243508138842415,0.36138819680311435,-0.23088470935593297,-0.4445552960299827,-0.6572510419141149,-0.8507145205507727,-0.4110450759765594,0.21486660036288163,0.15101931721078588,-0.25893990710803894,0.17647058823529413,0.11394220556582618,32.548836038987844,-0.7578369885853689,0.03331399359164937,761,0.2952309474056588,-0.30499626211111147,0.07234387118063118,"[-0.16, -0.53, -0.29, -0.85]","['net_sharpe', 'dbl_sharpe', 'tri_sharpe', 'ret_1x', 'ret_2x', 'pos_folds', 'turnover', 'gross_edge', 'short_pnl']",3,30,1,9,0.6,1
-16.362640737107046,-9.855545639803736,0.602319992117985,0.17823124966939324,-0.07187466469648315,-0.32121189553596274,-0.9193024642016067,-0.11329086782121542,0.17395088585240026,0.16162857238865813,-0.07333678540513236,0.47058823529411764,0.10364361073351587,34.56226541482735,12.927791414939643,0.03421244508304788,804,0.14974099474659455,0.027148287573931146,0.10568908011796546,"[-0.28, 0.73, 0.05, -0.92]","['net_sharpe', 'dbl_sharpe', 'tri_sharpe', 'ret_2x', 'pos_folds', 'turnover', 'gross_edge']",3,30,1,9,0.6,2
-42.10311122408444,-16.05175098615922,0.38124857093641723,-0.49996782388714756,-0.7432711485390434,-0.9849999202318249,-1.4777441128040807,-0.9085781882078539,0.3466512070472674,0.2812880449238192,-0.23316626766754062,0.4117647058823529,0.10557803225206001,34.427547778997734,-7.935532625663486,0.03753779063862583,756,-0.23814186621756966,0.12998423831112105,0.08689513368683713,"[-1.13, 0.24, -0.69, -1.48]","['net_sharpe', 'dbl_sharpe', 'tri_sharpe', 'ret_1x', 'ret_2x', 'pos_folds', 'turnover', 'gross_edge', 'long_pnl']",3,30,1,9,0.6,3
-16.598192310437792,-11.719820459807432,0.7060901717855992,0.3073549996355995,0.053515578686163204,-0.1996184780040413,-0.7266846919103197,0.02932115193225024,0.21479753693470693,0.18017113663628348,0.001058842739247533,0.47058823529411764,0.10310122412328081,34.89151951992527,16.677657617052343,0.03561053084108384,763,0.057667617987678776,0.17270450243477528,0.05618708175661431,"[-0.21, 0.27, -0.73, 0.79]","['net_sharpe', 'dbl_sharpe', 'tri_sharpe', 'pos_folds', 'turnover', 'gross_edge']",3,30,1,9,0.6,4
2.679784678622067,2.025755564538739,0.755939677056581,0.46991407185908957,0.20000214426481405,-0.06967177484669823,-0.1401258631457304,-0.0007682140466420198,0.16909411182589806,0.15217322318754056,0.08561080301344436,0.47058823529411764,0.09369008887761097,33.708309932195185,20.85938616012815,0.03396772485294789,749,0.11639607132383996,0.16196819568135506,0.05187314342542386,"[0.12, -0.13, -0.14, 0.97]","['net_sharpe', 'dbl_sharpe', 'tri_sharpe', 'pos_folds', 'turnover', 'gross_edge']",3,30,1,9,0.6,5
-16.07285435324249,-15.311704764389551,0.9526437823597035,0.6573305984397426,0.4748669423456439,0.2921626935889889,-1.6568848632904238,0.465597364358509,0.24915879090455595,0.2276929658591228,0.21740910454553355,0.4117647058823529,0.1280692642439829,31.195706516502213,34.43201194381066,0.029551113509268798,767,0.27171205591975084,0.15352608309183113,0.08846020586180053,"[1.85, -1.66, 0.54, 0.39]","['net_sharpe', 'dbl_sharpe', 'turnover', 'gross_edge']",3,30,1,9,0.6,6
22.646662248729175,21.042869515113228,0.9291819378943604,0.7501618846291802,0.5164386881951674,0.28202616150505605,-0.3622583488797145,0.6057248368321969,0.1308969588167198,0.12108709225428271,0.3837521996640182,0.6470588235294118,0.10572977097027104,33.02142561999415,31.834127798932368,0.031473901659576066,830,0.3805762413226401,0.035587037952376124,0.08625429396070239,"[-0.36, -0.09, 1.34, 1.3]","['net_sharpe', 'pos_folds', 'turnover', 'gross_edge']",3,30,1,9,0.6,7
1.9518223881223973,1.3110561723375012,0.6717087478429343,0.40761250857346587,0.17762006220736384,-0.05279790238942827,-0.34517139385760454,0.03666725877459584,0.1356510136316923,0.12355432398491517,0.0989859279790445,0.47058823529411764,0.10782094483354372,33.07088559292392,20.94506875507506,0.030473932510216475,818,0.3221509239325757,-0.04792873206597486,0.0702857156761458,"[-0.14, -0.35, 0.22, 1.02]","['net_sharpe', 'dbl_sharpe', 'tri_sharpe', 'pos_folds', 'turnover', 'gross_edge', 'short_pnl']",3,30,1,9,0.6,8
-2.8007540300295672,-2.3871186064872028,0.8523128346483186,0.540746228024529,0.29772005335706164,0.055413306660168415,-0.7062089044868022,0.40040187395566773,0.19589482470450326,0.18949241439840647,0.14122819010108856,0.5294117647058824,0.11291143830188861,36.54639821268896,24.155328820970038,0.026281573831494143,1008,0.2108412347005014,0.1386469665164003,0.050111475428586114,"[0.96, 0.9, -0.1, -0.71]","['net_sharpe', 'dbl_sharpe', 'pos_folds', 'turnover', 'gross_edge']",3,30,1,12,0.3,0
-10.472621595038328,-6.012428491209284,0.574109208152601,0.27331099623442984,0.046132733765544776,-0.18008329442325713,-0.5940731903281112,0.14051983621783562,0.19700087367015162,0.18739815856928954,-0.006357810369274185,0.47058823529411764,0.11395490072785106,34.54313920019233,16.449642446695204,0.02515900005817832,992,0.24120355479083944,-0.016249799350085956,0.058288494876199845,"[-0.59, 0.03, 0.25, 0.62]","['net_sharpe', 'dbl_sharpe', 'tri_sharpe', 'ret_2x', 'turnover', 'gross_edge', 'short_pnl']",3,30,1,12,0.3,1
28.49264903435717,26.736515724433346,0.9383653900412617,0.7048560370044363,0.4737158954700319,0.24251991198159623,-0.15507244494668251,0.5386927015380182,0.10465264002237384,0.080971388565937,0.4605918031001513,0.5294117647058824,0.11270077880043118,34.71767661693332,30.358211920724997,0.024631480194720445,990,0.3169175366495455,0.10033772747944847,0.048806438677850776,"[0.16, -0.16, 1.01, 0.92]","['net_sharpe', 'dbl_sharpe', 'turnover', 'gross_edge']",3,30,1,12,0.3,2
-25.695253476349805,-11.967995352531654,0.46576677531307986,-0.03537645454098231,-0.2594141566145337,-0.4827997330533021,-0.8080631670176783,-0.2397981362628363,0.2514400523885286,0.20405784795350623,-0.14951444227084648,0.47058823529411764,0.11990928042801796,35.852883710082196,6.230003765599718,0.026107619620788128,966,0.07255143915710088,0.015876068446585054,0.07112993933571435,"[-0.17, -0.81, -0.31, 0.17]","['net_sharpe', 'dbl_sharpe', 'tri_sharpe', 'ret_1x', 'ret_2x', 'pos_folds', 'turnover', 'gross_edge']",3,30,1,12,0.3,3
-5.517469883485254,-4.810695119153758,0.8719023793048701,0.5658140549797621,0.34172201038094097,0.11727164988648103,-0.5279443149138373,0.032415465844909286,0.1691448976785056,0.13320494754718104,0.1972611934227123,0.47058823529411764,0.11559965127892706,34.55067274248495,26.375183380378367,0.024807433348042644,970,0.25998058888143644,0.10078655526248262,0.07938383462453406,"[1.48, 0.34, -0.53, -0.27]","['net_sharpe', 'dbl_sharpe', 'pos_folds', 'turnover', 'gross_edge']",3,30,1,12,0.3,4
-8.779957139956668,-6.397781814978792,0.7286803013949983,0.3366530611780357,0.12175032965400695,-0.09297546292675846,-0.6712984987986983,0.25617478565163754,0.19882937987399063,0.17592990114528528,0.03736582600401554,0.47058823529411764,0.11704430686650122,33.52215044033362,19.30985133204391,0.024974277992215535,993,0.22047312620713672,0.03578980152616462,0.10715625274217677,"[0.52, 0.69, -0.01, -0.67]","['net_sharpe', 'dbl_sharpe', 'tri_sharpe', 'pos_folds', 'turnover', 'gross_edge']",3,30,1,12,0.3,5
-23.520085241416673,-10.073573043806226,0.42829662139436486,-0.057511525761348575,-0.252216162900371,-0.4464916353359209,-0.6456604990763116,-0.21862513173316625,0.22179455742632803,0.20324372619405162,-0.16378416092380202,0.23529411764705882,0.11868566130739112,30.835276654979186,5.384019106369743,0.023524276907534673,960,0.07180940496125868,-0.006084582094252049,0.10418712095932925,"[-0.65, -0.48, 0.05, 0.13]","['net_sharpe', 'dbl_sharpe', 'tri_sharpe', 'ret_1x', 'ret_2x', 'pos_folds', 'turnover', 'gross_edge', 'short_pnl']",3,30,1,12,0.3,6
-1.7222919008753057,-1.138917069927856,0.6612799313223466,0.29149781114046314,0.07874206704736884,-0.13338712536759456,-0.19281637765477136,0.1198508501587168,0.20969223382852897,0.19384745596608166,0.010604656418953643,0.5294117647058824,0.12086150687477656,34.26895953784494,17.821643627359506,0.024814997431591046,980,0.25758301832811636,-0.01580119054570568,0.09357002694669672,"[0.18, 0.2, -0.19, 0.06]","['net_sharpe', 'dbl_sharpe', 'tri_sharpe', 'turnover', 'gross_edge', 'short_pnl']",3,30,1,12,0.3,7
-23.13528922424056,-9.00648073522233,0.3892962239601298,-0.006310846241547496,-0.2234604018996238,-0.4398037198155578,-0.6392397863378015,-0.42281289389598,0.2632596445789649,0.23367785458405654,-0.13304315610150028,0.5882352941176471,0.12467369619116697,36.161604429359606,6.959270212909554,0.026473593231094533,1010,0.2562910191615835,-0.1566618810454749,0.13183106958916058,"[-0.64, 0.75, -0.38, -0.46]","['net_sharpe', 'dbl_sharpe', 'tri_sharpe', 'ret_1x', 'ret_2x', 'pos_folds', 'turnover', 'gross_edge', 'short_pnl']",3,30,1,12,0.3,8
-22.036817936539745,-11.621514421287575,0.5273680825768261,0.1552838965226042,-0.04484291192979799,-0.24452631316049356,-1.1999699492931812,0.004397032594806671,0.20253043289763584,0.19113430196179582,-0.06601416037896388,0.4117647058823529,0.12524258760519916,33.436142053634725,13.298368732968228,0.025626036010646915,944,0.33019263470233245,-0.15416148921639627,0.07212871593530479,"[-0.8, 0.81, 1.08, -1.2]","['net_sharpe', 'dbl_sharpe', 'tri_sharpe', 'ret_2x', 'pos_folds', 'turnover', 'gross_edge', 'short_pnl']",3,30,1,12,0.3,9
17.727467627926405,16.864212030663747,0.9513040657932014,0.7301312079489234,0.5030363048926163,0.2764098494115579,-0.20391272258520488,0.4447020080306452,0.14705448775905916,0.14209443575977676,0.34659431454810724,0.5294117647058824,0.11086167132651578,33.489966197198186,31.755499730535686,0.024863923256397167,968,0.3755784954519109,0.04544724020175243,0.06740265726930048,"[-0.2, 0.36, 0.53, 1.36]","['net_sharpe', 'turnover', 'gross_edge']",3,30,1,12,0.3,10
-47.969751557063965,-14.565040462391503,0.30362968307361754,-0.764104329713137,-1.004396182563121,-1.2428646053557242,-1.7481528523318826,-1.1852357651023053,0.3913140287501685,0.3353772132136469,-0.2747400670646358,0.23529411764705882,0.1072039423337816,34.65368633440762,-16.076823157104403,0.02740243822901506,981,-0.13949876019847152,-0.08106017545313214,0.04865304670637989,"[-1.75, 0.24, -0.92, -1.45]","['net_sharpe', 'dbl_sharpe', 'tri_sharpe', 'ret_1x', 'ret_2x', 'pos_folds', 'turnover', 'gross_edge', 'long_pnl', 'short_pnl']",3,30,1,12,0.3,11
-1.818201071798319,-1.5270895627574703,0.8398903655067586,0.42034868740098974,0.2114797661196436,0.0032557428190172284,-0.32967421377405476,0.027894554819632426,0.19317049273909903,0.16207822387868887,0.09173586452321504,0.6470588235294118,0.11321774101464757,31.50265737186067,22.544759532203905,0.02535701209058589,822,0.08295515545840287,0.19821406692021176,0.05188052456572441,"[0.93, 0.12, -0.33, -0.07]","['net_sharpe', 'dbl_sharpe', 'pos_folds', 'turnover', 'gross_edge']",3,30,1,12,0.45,0
-3.7688108471959163,-2.9658821105954516,0.7869543553246079,0.41273328356291283,0.2038672943890112,-0.004240141672512927,-0.5809062896767275,0.2735215141707389,0.17287483510105484,0.1517927805097412,0.09700385957174364,0.4117647058823529,0.11243440776848361,31.280480062207083,22.318985139060935,0.025119906777979824,811,0.23285560978425107,0.043534714365290716,0.054914603472346675,"[0.07, -0.58, 0.48, 0.81]","['net_sharpe', 'dbl_sharpe', 'tri_sharpe', 'turnover', 'gross_edge']",3,30,1,12,0.45,1
23.551475540101546,22.393971532137204,0.9508521660991713,0.6889976577329177,0.47234348333977383,0.2556987450722594,-0.2955190650793696,0.5505102362989363,0.10965183845991144,0.09191858644874129,0.4170115372165271,0.5294117647058824,0.10662634188959562,30.796136452141432,31.47958314116762,0.024366398984589897,815,0.37028572951975847,0.01351004643227921,0.04069727536310422,"[0.15, -0.3, 1.22, 0.95]","['net_sharpe', 'dbl_sharpe', 'turnover', 'gross_edge']",3,30,1,12,0.45,2
-20.134068395883293,-9.746228817036261,0.4840665396283754,0.01109067184095235,-0.18920662450181971,-0.38895284972598476,-0.6815483578512227,-0.1772809313753303,0.21702936040777243,0.1948464307628558,-0.13170212320671795,0.47058823529411764,0.11703878893273009,31.299092765650848,7.905282106415615,0.026083507154583685,772,0.0662349755763132,0.031719459572100234,0.07845487269897405,"[-0.2, -0.68, -0.15, 0.25]","['net_sharpe', 'dbl_sharpe', 'tri_sharpe', 'ret_1x', 'ret_2x', 'pos_folds', 'turnover', 'gross_edge']",3,30,1,12,0.45,3
14.04832619701852,13.511295210773111,0.9617725999016606,0.9282443413936102,0.7431758489649325,0.5574591010113888,-0.6402141279814197,0.40791633632414526,0.12670895080960098,0.10297255946761352,0.6603321533324273,0.5882352941176471,0.11743329113395493,29.090571698626967,44.88864337432853,0.023384993591795585,769,0.37361667528885234,0.14335139358322319,0.08464812526100765,"[2.03, 0.87, -0.64, -0.06]","['pos_folds', 'turnover']",3,30,1,12,0.45,4
2.3345282039223467,1.9698754073971088,0.8438002180001217,0.3878214801099907,0.19859621313194042,0.009243553601350393,-0.25533671344559034,0.14393676791372267,0.1589837510572959,0.12940150450188814,0.102668591535978,0.4117647058823529,0.11467150117470386,28.947986835512946,23.147454574162595,0.024388866931515773,757,0.11861240405734425,0.14666275864590847,0.11636997584301725,"[0.74, 0.44, -0.26, -0.15]","['net_sharpe', 'dbl_sharpe', 'pos_folds', 'turnover', 'gross_edge']",3,30,1,12,0.45,5
-32.455496848543746,-13.349076699058763,0.4113040315282595,-0.07080094979029775,-0.238230618584908,-0.4052529937780356,-1.2278421245664815,-0.2002115661829417,0.2748281968183526,0.25859923077748415,-0.13177569704881054,0.35294117647058826,0.12290998405450797,27.4784388267024,4.510265184085465,0.023644539466257573,741,0.10386312790735489,-0.05479843163277226,0.11722506410115119,"[-1.23, -0.1, -0.3, 0.7]","['net_sharpe', 'dbl_sharpe', 'tri_sharpe', 'ret_1x', 'ret_2x', 'pos_folds', 'turnover', 'gross_edge', 'short_pnl']",3,30,1,12,0.45,6
7.239845601049719,5.5232846421486785,0.7629008885697571,0.3879149962705643,0.2010724044862488,0.014642434433182966,-0.11536511376466468,0.15065616205559226,0.17977498839435646,0.16468718835274998,0.09610857692866898,0.5882352941176471,0.12208303534701728,30.387625545619258,23.18045409016979,0.024220749061204687,801,0.2877142082229815,-0.008849414917111928,0.08364656226982406,"[-0.06, 0.5, -0.12, 0.36]","['net_sharpe', 'dbl_sharpe', 'pos_folds', 'turnover', 'gross_edge', 'short_pnl']",3,30,1,12,0.45,7
-4.480519905489245,-3.0648932846532535,0.6840485812591399,0.3377126242875539,0.12573478706045613,-0.08590588086851607,-0.4739324965208877,0.2025049265289995,0.19129830210875465,0.17333015997897272,0.04117533984693188,0.5294117647058824,0.11197992490524332,31.636033405713043,19.378501524679496,0.025689649313333694,804,0.43980918473935915,-0.1971050363300922,0.08327624845226475,"[0.41, 0.07, -0.47, 0.33]","['net_sharpe', 'dbl_sharpe', 'tri_sharpe', 'turnover', 'gross_edge', 'short_pnl']",3,30,1,12,0.45,8
-27.588630100952916,-11.252540996486244,0.4078687834557461,-0.029205825321380458,-0.2081585266783593,-0.38658414407136876,-1.067849679764303,-0.423717844117276,0.21393986197811443,0.193777903649764,-0.15477970651201645,0.4117647058823529,0.124353330406101,29.7056092027653,6.287408788079113,0.025746975874004558,775,0.26567031914502437,-0.19172934912435413,0.048206066414169385,"[-0.72, -0.12, 1.16, -1.07]","['net_sharpe', 'dbl_sharpe', 'tri_sharpe', 'ret_1x', 'ret_2x', 'pos_folds', 'turnover', 'gross_edge', 'short_pnl']",3,30,1,12,0.45,9
15.862501202068454,12.689413470435593,0.7999629635193286,0.45049826135225896,0.23781636720443042,0.025795616060290873,-0.15813842010040366,0.34431874427384723,0.12800311874649406,0.11914057593009009,0.15737213057953614,0.47058823529411764,0.10840377510103963,30.70443526089777,23.557615003519963,0.026063088827245603,780,0.2955632872340509,-0.009206542685453942,0.04472956109129449,"[-0.16, 0.23, 0.46, 0.48]","['net_sharpe', 'dbl_sharpe', 'turnover', 'gross_edge', 'short_pnl']",3,30,1,12,0.45,10
-39.492946115954275,-15.343709050520541,0.38851771163058463,-0.4091894228463099,-0.6330988909194558,-0.8558032301247395,-1.3042994067258262,-0.8005456608060887,0.28974479965337485,0.2297738758996557,-0.24488069830779804,0.29411764705882354,0.10694005868273886,32.065077053393324,-6.073630125154766,0.02710435973726122,839,-0.08186892619205052,0.004768707302264766,0.0478523709599923,"[-1.3, 0.45, -0.54, -1.06]","['net_sharpe', 'dbl_sharpe', 'tri_sharpe', 'ret_1x', 'ret_2x', 'pos_folds', 'turnover', 'gross_edge', 'long_pnl']",3,30,1,12,0.45,11
-14.927945835818047,-11.532316314127693,0.7725320309279997,0.340075774398415,0.1875837315848053,0.03539116553393459,-0.8611907694682206,0.06714716645265562,0.208048532012291,0.1796208786032225,0.07636160795603456,0.5294117647058824,0.12555155571770113,25.51882581115681,23.869623467038902,0.024301000023769625,609,0.34055569293044285,-0.09940904000960174,0.05150219845148499,"[1.02, 0.55, -0.42, -0.86]","['net_sharpe', 'dbl_sharpe', 'pos_folds', 'turnover', 'gross_edge', 'short_pnl']",3,30,1,12,0.6,0
13.177710000696532,10.911837702151407,0.8280526511491483,0.46111941955097474,0.28144140301390835,0.10222979568424773,-0.010466230622327493,0.23240021592399113,0.16756554072864682,0.1516909243138097,0.14982180455101093,0.5294117647058824,0.10901490712580278,26.07424525698223,26.734887790067237,0.025233691889935034,601,0.3989003312010848,-0.12292828446941821,0.053185352072153864,"[0.22, -0.01, 0.24, 0.62]","['net_sharpe', 'dbl_sharpe', 'turnover', 'gross_edge', 'short_pnl']",3,30,1,12,0.6,1
23.2490006303184,23.10598273345252,0.9938484281909575,0.8667354934244245,0.6736450700404423,0.4807786871873297,-0.2661075706508253,0.53840572818428,0.1322390773358254,0.11296743367528739,0.5116605474547151,0.5882352941176471,0.10526639150325937,26.999260837938827,41.39018878236318,0.02421188624357213,626,0.36719331964813395,0.07521599731930972,0.03576513090653091,"[0.54, -0.27, 0.54, 2.12]",['turnover'],3,30,1,12,0.6,2
-27.01214799978921,-10.968945085281085,0.4060745219286775,-0.1909355344042659,-0.36544777772064263,-0.5396571555897265,-0.6356390657658499,-0.4993232496947708,0.2572406053479872,0.23796483234945398,-0.18154391766481742,0.4117647058823529,0.11333162417998614,26.35911370651313,-0.7896595925904176,0.026841368181310887,597,0.002326211233240283,-0.010566562055518532,0.09171953985198371,"[-0.59, -0.64, -0.41, 0.19]","['net_sharpe', 'dbl_sharpe', 'tri_sharpe', 'ret_1x', 'ret_2x', 'pos_folds', 'turnover', 'gross_edge', 'short_pnl']",3,30,1,12,0.6,3
11.232490853699645,10.470294803031674,0.9321436304204133,0.51936747318643,0.3505707523613109,0.18139795505852255,-0.7190709128910789,0.5318854960462381,0.1409779409543298,0.13400653742487145,0.22876114817492552,0.6470588235294118,0.1067455825217056,24.061339425880316,30.700653970388505,0.024060198922033874,582,0.1371958712343599,0.1552479223544718,0.09205639904551156,"[0.6, 0.65, -0.72, 0.47]","['net_sharpe', 'dbl_sharpe', 'gross_edge']",3,30,1,12,0.6,4
33.33123489976766,32.85472420644589,0.9857037792102599,0.6923718834864802,0.5199511549868081,0.347419223794244,0.03456473788150823,0.450332780922307,0.09775531586798414,0.09185029776589482,0.5192009740733287,0.5294117647058824,0.10595593849041346,24.34387428459638,37.94737101501115,0.023719099947351316,573,0.1927806789783397,0.17293735184698403,0.11954884012884301,"[1.1, 0.08, 0.03, 0.82]","['net_sharpe', 'gross_edge']",3,30,1,12,0.6,5
-35.9456287859985,-15.668607419537807,0.43589743589743585,-0.1692364315160631,-0.32143950949158495,-0.47324424758108374,-1.2972225326350715,-0.3809240328195927,0.314134024770535,0.2843970473625689,-0.141854237956497,0.4117647058823529,0.11937065618675156,24.256664919023436,-0.5223615838908646,0.024270612080438448,574,0.03669257593073638,-0.041708804318580234,0.11367476598989139,"[-0.79, -1.3, 0.02, 0.99]","['net_sharpe', 'dbl_sharpe', 'tri_sharpe', 'ret_1x', 'ret_2x', 'pos_folds', 'gross_edge', 'short_pnl']",3,30,1,12,0.6,6
-4.845628680123189,-3.655559796757783,0.7544036157274949,0.31541014761932984,0.13569369334995982,-0.043509093082008024,-0.6276976153158506,0.10657598613677709,0.1778731934863621,0.16779070464227697,0.050207452898925475,0.6470588235294118,0.1088673040945572,26.077416092182084,20.721076410158744,0.025052543886047957,606,0.11696994691447479,0.0969502804581292,0.07673937327860064,"[-0.63, 1.03, 0.26, -0.04]","['net_sharpe', 'dbl_sharpe', 'tri_sharpe', 'pos_folds', 'turnover', 'gross_edge']",3,30,1,12,0.6,7
-4.283362344125149,-2.2661287885885013,0.5290537214757498,0.1627742061523325,-0.015028356310267112,-0.19247970847691462,-0.2933790084539612,-0.1984441912594518,0.16818139980076563,0.14646109201612767,-0.04344865609612009,0.5294117647058824,0.1072127749085754,25.42116022484948,14.309747886199094,0.02529583675249878,586,0.2328713197938539,-0.0888581091007505,0.08368563649260301,"[0.54, -0.29, -0.23, -0.17]","['net_sharpe', 'dbl_sharpe', 'tri_sharpe', 'ret_2x', 'pos_folds', 'turnover', 'gross_edge', 'short_pnl']",3,30,1,12,0.6,8
-5.326842217720109,-4.581225711442312,0.8600265455962912,0.3752029997164775,0.21154299830637618,0.0480041262168283,-0.8663001387655096,0.21643711168143,0.145212610887413,0.1348225662037491,0.11877467233987074,0.4117647058823529,0.10826730042298317,23.6088254570704,24.863547193070804,0.02533334174906015,551,0.2015059339062853,0.03088139920642581,0.05079848513723727,"[0.64, -0.87, 1.05, -0.21]","['net_sharpe', 'dbl_sharpe', 'pos_folds', 'gross_edge']",3,30,1,12,0.6,9
-25.532143184982235,-14.102460642493927,0.5523414364521056,0.14569686343507296,-0.03463443542995758,-0.21456630089457787,-1.6512699196601168,0.226046083297866,0.24726676291014116,0.2215391456522563,-0.036973784363923276,0.35294117647058826,0.10518329620810514,25.295107615319274,13.738209301185444,0.02654853903887348,575,0.20612316127327984,-0.06854748934901703,0.046743536750100165,"[-0.3, -1.65, 1.05, 0.75]","['net_sharpe', 'dbl_sharpe', 'tri_sharpe', 'ret_2x', 'pos_folds', 'turnover', 'gross_edge', 'short_pnl']",3,30,1,12,0.6,10
-30.620240235896862,-12.499351367298583,0.4082055291207443,-0.25287834358675304,-0.44301498657270927,-0.6323737264255472,-1.470221600258931,-0.40848392872401185,0.20357947155317135,0.18488044295692574,-0.23912953332777315,0.35294117647058826,0.10092420498705307,25.66653636909142,-2.327012370331453,0.02690963065675269,610,0.09094275481024382,-0.1145878431203157,0.03947431784907924,"[-1.47, 0.77, -0.42, -0.39]","['net_sharpe', 'dbl_sharpe', 'tri_sharpe', 'ret_1x', 'ret_2x', 'pos_folds', 'turnover', 'gross_edge', 'short_pnl']",3,30,1,12,0.6,11
-1.082305761908478,-0.8783814624863773,0.8115834668915447,0.4684116550838701,0.31025064935263136,0.15214272084324132,-0.4069970906721996,0.2591328541133604,0.187709836128635,0.18041443062748874,0.16880888745452693,0.47058823529411764,0.12589882028069413,26.552875083968846,29.60070154888269,0.01892317289187318,778,0.3610851317260731,-0.049921709601800535,0.11375760840777371,"[-0.41, 0.54, 1.15, -0.02]","['net_sharpe', 'dbl_sharpe', 'pos_folds', 'turnover', 'gross_edge', 'short_pnl']",3,30,1,15,0.3,0
-8.561930873555829,-6.797254237906321,0.7938926789166396,0.43461506681332784,0.26392599102215225,0.09322062155153164,-0.842297028615,0.26359091545815616,0.19728568164580385,0.1625356328355415,0.12455787334938763,0.5294117647058824,0.11853123455676083,26.98501243128622,26.488713637605308,0.019832721213665992,780,0.4124491124919831,-0.12946733289599305,0.1239301354986942,"[0.58, 1.08, -0.84, -0.05]","['net_sharpe', 'dbl_sharpe', 'pos_folds', 'turnover', 'gross_edge', 'short_pnl']",3,30,1,15,0.3,1
-5.889512623758603,-3.889609535519194,0.6604297815456418,0.26494782670506545,0.09697792165256339,-0.07058684580011564,-0.6083865231573039,0.02740563465767823,0.1666034819926,0.14589137350074155,0.026757260084377878,0.5882352941176471,0.12091471544478102,27.099045795117515,19.109667941796722,0.0194043558920423,813,0.24644603248521724,-0.04143269197597766,0.09585376310799062,"[0.11, -0.61, -0.05, 0.84]","['net_sharpe', 'dbl_sharpe', 'tri_sharpe', 'pos_folds', 'turnover', 'gross_edge', 'short_pnl']",3,30,1,15,0.3,2
-17.66679256699849,-14.302454965995498,0.809567153276732,0.4707551253366736,0.311966438565566,0.15343218068857237,-1.0702899924362976,0.09677916441747324,0.23756661789973432,0.19137690171393618,0.1368412469745527,0.5882352941176471,0.12919351522629047,27.331738539608594,29.54396334852879,0.01957948000719274,783,0.5086926042001185,-0.18901589488312265,0.058058688909586126,"[2.18, -1.07, 0.23, -0.03]","['net_sharpe', 'dbl_sharpe', 'pos_folds', 'turnover', 'gross_edge', 'short_pnl']",3,30,1,15,0.3,3
-20.352712831337605,-13.399034600846893,0.6583414560940519,0.27362244399634017,0.09584010218041733,-0.08124416593120223,-1.162577946927116,0.12142647198262335,0.2236519801708935,0.19361055821748308,0.01944070543227021,0.47058823529411764,0.11834650805196349,28.042895665965315,19.191193193534456,0.020140585543031032,788,0.44366452629805164,-0.23060555969976015,0.07192063936287997,"[0.85, -1.16, -0.61, 1.27]","['net_sharpe', 'dbl_sharpe', 'tri_sharpe', 'pos_folds', 'turnover', 'gross_edge', 'short_pnl']",3,30,1,15,0.3,4
35.150285719704264,32.102268432722404,0.9132861305513307,0.9570188153664766,0.7720447863712003,0.5870076820906712,0.008757707297564489,0.7920920713804971,0.1652872192629219,0.14469745013167912,0.5166140263726205,0.6470588235294118,0.1145261216941436,28.182007570817557,46.3459427889585,0.019834280493023333,775,0.591134538126689,-0.07405347737268106,0.07553068275248093,"[1.25, 1.43, 0.01, 0.34]","['turnover', 'short_pnl']",3,30,1,15,0.3,5
3.0735451983095285,2.699030102975197,0.8781488245104326,0.6166274108015062,0.44801628951902905,0.27945014098909904,-0.7735014995825666,0.23711258709857383,0.13020092879481504,0.12282669069086238,0.3785929779168473,0.5294117647058824,0.12446259353850675,27.949734493641035,34.68429023365301,0.01979681239316182,772,0.48687980529327557,-0.10309702830032261,0.050085583420867386,"[1.63, 0.47, 0.0, -0.77]","['net_sharpe', 'dbl_sharpe', 'turnover', 'gross_edge', 'short_pnl']",3,30,1,15,0.3,6
-18.76817590086461,-10.397547524588958,0.5539988318262706,0.1765801714160345,0.0004186250603242556,-0.17512204658140698,-0.779579845447996,-0.06341404455497124,0.20511595232019553,0.19381075807451564,-0.030974523683779186,0.4117647058823529,0.11310915463438478,26.59536018959218,15.102803610713877,0.020109026251096916,750,0.23297313514233428,-0.07395801041769456,0.0740925470798684,"[-0.78, 0.89, -0.5, 0.37]","['net_sharpe', 'dbl_sharpe', 'tri_sharpe', 'ret_2x', 'pos_folds', 'turnover', 'gross_edge', 'short_pnl']",3,30,1,15,0.3,7
-34.20250724501137,-12.842848096370224,0.3754943462001145,-0.40059159831458174,-0.5683751939490764,-0.7358622361366003,-0.6821001563363944,-0.5752821720028896,0.33253238489568204,0.2811638171888444,-0.22821324219125724,0.23529411764705882,0.1250910515921647,27.96433748496279,-10.79480360650078,0.021762000095502734,769,0.05637660809788532,-0.1758838608353203,0.051653201657036116,"[-0.55, -0.68, -0.47, -0.6]","['net_sharpe', 'dbl_sharpe', 'tri_sharpe', 'ret_1x', 'ret_2x', 'pos_folds', 'turnover', 'gross_edge', 'short_pnl']",3,30,1,15,0.3,8
-40.30507934848363,-12.974484048130062,0.32190692234968127,-0.4041123022773722,-0.5498704482393686,-0.6953681487701889,-1.3308300221400344,-0.4692426413294367,0.347443003561397,0.3164073877537008,-0.2553806848298196,0.29411764705882354,0.14792613354993006,28.71358356968692,-14.091340184822593,0.022533269080809763,777,-0.02413490424990286,-0.136047452719513,0.040508035128251824,"[-1.33, -0.13, 0.63, -0.81]","['net_sharpe', 'dbl_sharpe', 'tri_sharpe', 'ret_1x', 'ret_2x', 'pos_folds', 'turnover', 'gross_edge', 'long_pnl', 'short_pnl']",3,30,1,15,0.3,9
-6.3248630712081795,-4.561353320959862,0.7211781930464067,0.251225102512472,0.06004500548627249,-0.1307471676471354,-0.6576879157243728,-0.02950351732730898,0.12485375054217662,0.11644014552113602,0.0027486307021178727,0.35294117647058826,0.11438012913783614,29.15512810426384,17.62934311976159,0.021350820398130393,817,0.02540554680533108,0.17807648578048274,0.045493238309671065,"[0.19, -0.24, 1.01, -0.66]","['net_sharpe', 'dbl_sharpe', 'tri_sharpe', 'pos_folds', 'turnover', 'gross_edge']",3,30,1,15,0.3,10
-11.780828912699892,-6.514958138379491,0.5530135601372055,0.22028401422993674,0.020528530081980367,-0.17878838543336728,-0.8537776474460663,-0.08712570302866877,0.15084348496484923,0.13479950403262786,-0.02613766254309772,0.47058823529411764,0.11151251500152805,29.71448689367054,15.787080516497786,0.02172756542642602,817,-0.011771937047378847,0.1974861071309044,0.0677378410602144,"[-0.85, 1.2, 0.01, -0.18]","['net_sharpe', 'dbl_sharpe', 'tri_sharpe', 'ret_2x', 'pos_folds', 'turnover', 'gross_edge', 'long_pnl']",3,30,1,15,0.3,11
-42.41724187562198,-12.713878801304872,0.2997337459749307,-0.6182902355932806,-0.7872534037823028,-0.9553544627971211,-1.1130042175246606,-0.973040158344709,0.38779320911081594,0.34300621757094407,-0.25349397535737656,0.29411764705882354,0.12172857084341179,27.586532558147525,-19.833288626527715,0.021678235430671322,770,-0.15457901359133935,-0.062025165097035734,0.09850831884750158,"[-0.89, -0.12, -1.11, -1.06]","['net_sharpe', 'dbl_sharpe', 'tri_sharpe', 'ret_1x', 'ret_2x', 'pos_folds', 'turnover', 'gross_edge', 'long_pnl', 'short_pnl']",3,30,1,15,0.3,12
-18.92964723448445,-11.085792622070931,0.5856312315147512,0.09193588797218835,-0.08676850009746254,-0.26524010674779164,-0.6646678645340237,-0.06411420592320803,0.2096890603773659,0.1674948923831272,-0.08063978545639251,0.35294117647058826,0.11724588327798449,27.942766975060223,11.306539815824204,0.02065655718982644,767,0.06979857424745847,0.05527746154610157,0.07753423220933983,"[-0.12, -0.01, -0.66, 0.45]","['net_sharpe', 'dbl_sharpe', 'tri_sharpe', 'ret_2x', 'pos_folds', 'turnover', 'gross_edge']",3,30,1,15,0.3,13
-44.367005293172895,-18.872172924982767,0.4253650387326633,-0.5677042877199235,-0.7447320877222179,-0.9210765423789866,-2.310012398285017,-0.4334678946234578,0.3350114194368433,0.28826982720029803,-0.2752140416789732,0.29411764705882354,0.12006848761161905,28.423029078551075,-16.412713275866665,0.021649224663213937,805,0.08292733190266,-0.26760982329401234,0.09695418962267185,"[-1.03, 0.37, 0.16, -2.31]","['net_sharpe', 'dbl_sharpe', 'tri_sharpe', 'ret_1x', 'ret_2x', 'pos_folds', 'turnover', 'gross_edge', 'short_pnl']",3,30,1,15,0.3,14
6.647371271121116,5.689429707251111,0.855891671339061,0.48767814438017687,0.3444570131820568,0.20133203318400872,-0.4706363907698785,0.5824982736946667,0.2131189498922028,0.20787675183882037,0.16746654107681835,0.6470588235294118,0.12394974555876827,23.65186551812937,33.123200822738305,0.01880080285557491,626,0.3155423544506667,-0.005391714708836412,0.08752172019897668,"[-0.47, 0.9, 0.93, 0.27]","['net_sharpe', 'dbl_sharpe', 'gross_edge', 'short_pnl']",3,30,1,15,0.45,0
-4.2955588065648875,-3.648110155797155,0.849274872042669,0.4834994000339699,0.3301060947510938,0.17669357163330893,-1.2725225602788475,0.5926931602424639,0.19508950163496008,0.1789027745400753,0.16600801255984435,0.47058823529411764,0.11734143437631102,23.997977604636855,31.039475880401923,0.019564047301714953,649,0.46878782311749506,-0.17389513408482069,0.11813225437921643,"[0.74, 0.88, -1.27, 0.45]","['net_sharpe', 'dbl_sharpe', 'gross_edge', 'short_pnl']",3,30,1,15,0.45,1
-0.4488885861584304,-0.36697585569901464,0.8175210219524148,0.4742773523104825,0.314102960509299,0.1542894653262891,-0.8744015456644668,0.31693827564192545,0.15875860672698583,0.1422801364082351,0.1916545378246112,0.5882352941176471,0.11705112572205104,24.96395536723259,29.602160292320995,0.019590777844088875,673,0.4220971226990827,-0.129539252285484,0.0855873026927362,"[0.67, -0.87, -0.04, 1.3]","['net_sharpe', 'dbl_sharpe', 'pos_folds', 'gross_edge', 'short_pnl']",3,30,1,15,0.45,2
-15.30470043373762,-12.552515157116515,0.8201738551801904,0.38591564646631044,0.2440200140529183,0.10234540496727045,-1.0642279713814957,0.12266671217694514,0.227482710229301,0.18539319397232812,0.10217650529592208,0.6470588235294118,0.12757220885762044,24.12108286728388,27.673021246150007,0.019764536284132325,628,0.4177987506361065,-0.15354061916402956,0.05735251162227245,"[1.86, -1.06, 0.02, 0.23]","['net_sharpe', 'dbl_sharpe', 'gross_edge', 'short_pnl']",3,30,1,15,0.45,3
-13.548166400830931,-10.483894719346091,0.7738238820792087,0.34248743367951373,0.1839004440487716,0.026024071327952297,-1.5572415976873726,0.5268652327493692,0.23726313120311415,0.22499914973795254,0.06278010408530399,0.47058823529411764,0.1183437997278395,24.982477858384613,23.88534480664447,0.019871636346851896,637,0.3728452526673144,-0.1366114673850232,0.07079014056890247,"[1.2, -1.56, -0.14, 1.31]","['net_sharpe', 'dbl_sharpe', 'pos_folds', 'gross_edge', 'short_pnl']",3,30,1,15,0.45,4
37.77207769877088,34.86653326040389,0.9230769230769231,1.1998134027149752,1.0407287153990208,0.8813148188060725,-0.5491575458370679,1.2017287390555471,0.10934111643197986,0.09059069005663156,1.0709986033019754,0.5882352941176471,0.11241552127146005,23.83910404669204,64.06728634396022,0.019007366213647976,606,0.7000326680521599,-0.09538658889285548,0.07982931951233432,"[1.87, 1.32, -0.55, 1.08]",['short_pnl'],3,30,1,15,0.45,5
11.703143874273438,10.489893137308655,0.8963312123649249,0.7885112752618844,0.6366877982584658,0.48488535743801275,-0.4496500686958178,0.052009140873932914,0.10175526646984623,0.09333540842904009,0.7146165348641604,0.5294117647058824,0.12165834367537066,24.57748851282601,46.37884908103634,0.019795349801327983,606,0.5079218009815298,-0.05665596917005218,0.07573128519533479,"[2.03, 0.21, -0.45, -0.11]","['net_sharpe', 'pos_folds', 'short_pnl']",3,30,1,15,0.45,6
-37.276024801105606,-15.292728123530505,0.41025641025641024,-0.39794725314632684,-0.5607864185391654,-0.7227724324253207,-0.9896455503192446,-0.8188196648123308,0.3012461109934803,0.26195004085208407,-0.21403289795994773,0.29411764705882354,0.10816669934030984,23.62699930363043,-10.431170031033224,0.021260812379546738,599,0.13015922301909294,-0.22772928384118857,0.038526375040466784,"[-0.99, 0.39, -0.88, -0.76]","['net_sharpe', 'dbl_sharpe', 'tri_sharpe', 'ret_1x', 'ret_2x', 'pos_folds', 'gross_edge', 'short_pnl']",3,30,1,15,0.45,7
-41.25955153547859,-12.695246626301106,0.3076923076923077,-0.5645630268993497,-0.7220484708704245,-0.8791503142202353,-1.2436543937241111,-0.653235859111543,0.36714170571917737,0.327805955634369,-0.23136340672865569,0.29411764705882354,0.11387178221040467,23.883592692744628,-19.496062126104007,0.02182450889273321,583,-0.05311519259418539,-0.13122563754751104,0.04719127184066595,"[-0.45, -0.85, -0.37, -1.24]","['net_sharpe', 'dbl_sharpe', 'tri_sharpe', 'ret_1x', 'ret_2x', 'pos_folds', 'gross_edge', 'long_pnl', 'short_pnl']",3,30,1,15,0.45,8
-44.85887086052676,-18.40363932739559,0.41025641025641024,-0.5565216624845007,-0.6765773233312258,-0.7964606744834558,-1.5655654974736717,-0.630238866983807,0.3990620585458521,0.3618869523971111,-0.27163825982168166,0.23529411764705882,0.1515911343702523,24.19036145775542,-28.393794584596375,0.02169502809803402,609,0.03812672912451173,-0.31004649426403,0.033166491534346504,"[-1.57, -0.29, 0.7, -0.97]","['net_sharpe', 'dbl_sharpe', 'tri_sharpe', 'ret_1x', 'ret_2x', 'pos_folds', 'gross_edge', 'short_pnl']",3,30,1,15,0.45,9
8.008961523641517,7.363780618509523,0.919442626459436,0.49295542235321627,0.32153949471562054,0.15043792160254033,-0.5886317305391177,0.2809711624745881,0.12215181593549884,0.11388751694497645,0.2510009601285021,0.5882352941176471,0.11394186671746206,25.99904506363225,29.337707165807803,0.020968477983089307,682,0.07322372708109386,0.2287426224023347,0.046223111495608635,"[0.18, 0.38, 1.49, -0.59]","['net_sharpe', 'dbl_sharpe', 'turnover', 'gross_edge']",3,30,1,15,0.45,10
-11.135660364797555,-5.974266327307893,0.5364986118105717,0.09775268012886508,-0.0886925507405113,-0.2746513740321846,-0.7950128856029779,-0.06683329508551253,0.15722297519384154,0.13299068585266172,-0.1007777097031451,0.5294117647058824,0.11062212267523917,27.529625689915495,11.472378572252094,0.02178444023117823,710,-0.043964384612453875,0.16899856706943184,0.0674985173342898,"[-0.8, 0.61, -0.14, 0.0]","['net_sharpe', 'dbl_sharpe', 'tri_sharpe', 'ret_2x', 'pos_folds', 'turnover', 'gross_edge', 'long_pnl']",3,30,1,15,0.45,11
-42.78028532917554,-14.26009510972518,0.3333333333333333,-0.6533860475564276,-0.8005224934873819,-0.9470499304290577,-1.2803067248846296,-1.024012986186015,0.3602132627650626,0.31910471052929035,-0.28354045651203386,0.35294117647058826,0.1246256273851431,24.54990700931254,-25.744587047738626,0.021225565349661465,643,-0.1886492631136572,-0.061564251963567615,0.11476458027688621,"[-1.25, 0.1, -1.28, -0.8]","['net_sharpe', 'dbl_sharpe', 'tri_sharpe', 'ret_1x', 'ret_2x', 'pos_folds', 'gross_edge', 'long_pnl', 'short_pnl']",3,30,1,15,0.45,12
3.2658420993258277,3.0526336616299616,0.934715631922352,0.5080118604730209,0.35479968244613747,0.20150496771630488,-0.4378162794247903,0.4320068779087008,0.18628255295329033,0.16089961519956952,0.1908719514820204,0.47058823529411764,0.11809257469732275,24.136566436927584,32.26756098028095,0.019649523625305622,594,0.2638121574489446,0.04451843074901306,0.07223469952884867,"[0.67, 0.19, -0.44, 0.95]","['net_sharpe', 'dbl_sharpe', 'gross_edge']",3,30,1,15,0.45,13
-34.28896892523622,-14.946473634077325,0.43589743589743585,-0.29644728080719934,-0.4593103043129099,-0.6217997037866574,-1.3968078846047371,-0.49022496960293654,0.24725771722937806,0.24181283968369605,-0.2325711275894906,0.4117647058823529,0.1145402913515575,24.891872936885107,-5.644772789078352,0.020915390286395514,647,0.1344465497495007,-0.19007270244777594,0.06934123389648508,"[-1.03, 0.84, 0.05, -1.4]","['net_sharpe', 'dbl_sharpe', 'tri_sharpe', 'ret_1x', 'ret_2x', 'pos_folds', 'gross_edge', 'short_pnl']",3,30,1,15,0.45,14
32.3820141904322,29.37637123007671,0.9071817169037139,0.634689855798624,0.5207295065262854,0.4067653825768744,0.2557698210647413,0.5712277525504681,0.17450581678522759,0.17026993954174807,0.3361268787331355,0.5882352941176471,0.12400135474978356,18.81127776594814,49.15028013799829,0.018024538313833778,442,0.5229450601916701,-0.15691287348815725,0.0807728176152423,"[0.26, 0.56, 0.86, 0.58]","['net_sharpe', 'short_pnl']",3,30,1,15,0.6,0
9.908129399224222,9.145965599283898,0.9230769230769231,0.951249934579535,0.8239260876246691,0.6962861686493287,-1.1894040621962123,0.9825623807058925,0.20298068881895115,0.19085594621416413,0.4666694049567707,0.5294117647058824,0.11824063908129585,20.108973221877886,63.225728247605694,0.018819022997797627,465,0.5567899171820954,-0.05345307657862136,0.0989737998237169,"[1.79, 1.36, -1.19, 0.6]",['short_pnl'],3,30,1,15,0.6,1
-4.8541824150799275,-4.150359403625028,0.855006888643407,0.5484708193678958,0.411929544212,0.275767549180274,-0.8085392872906008,0.2341706163456239,0.17551781198162553,0.15817058816344154,0.24186738598231583,0.5294117647058824,0.11745040073821983,21.30492962525048,37.559010922550186,0.01932058617110045,511,0.425704304279709,-0.10891593110135932,0.07871904024614328,"[0.79, -0.81, -0.32, 1.68]","['net_sharpe', 'dbl_sharpe', 'pos_folds', 'gross_edge', 'short_pnl']",3,30,1,15,0.6,2
-0.698330335508575,-0.6036122205862874,0.8643648856335203,0.4805858244039926,0.35823400530586375,0.23604264102418437,-0.8665251420923499,0.3443711697495717,0.186786786470034,0.18293070647710274,0.2072860826268654,0.7058823529411765,0.12942328212479703,21.069175894579946,36.78172888476181,0.019309921779219873,495,0.4596728438793561,-0.15287332771146317,0.0628774634499948,"[1.7, -0.87, 0.31, 0.38]","['net_sharpe', 'dbl_sharpe', 'gross_edge', 'short_pnl']",3,30,1,15,0.6,3
-2.8687585330041543,-2.409351130294404,0.8398584623193573,0.44389688244143344,0.2993390619419508,0.1552260571765335,-1.6115264299633223,0.6958799374021583,0.2049705578800759,0.19402629512319403,0.12965932337632619,0.5882352941176471,0.10632120308411129,20.452858314704017,30.58443132863805,0.02028145977445813,472,0.4271932830656486,-0.17954837521150624,0.07539106283680391,"[0.93, -1.61, 0.46, 1.54]","['net_sharpe', 'dbl_sharpe', 'gross_edge', 'short_pnl']",3,30,1,15,0.6,4
74.14506595891676,68.4415993466924,0.9230769230769231,1.4336347437868537,1.2945468732219765,1.154859508935242,0.4419354224929276,1.200405319308491,0.06680335772197421,0.06622014231904327,2.1309513823272885,0.5294117647058824,0.10725730756818812,19.986991939097763,84.40132964783584,0.018378582451656394,464,0.7978523391337595,-0.13001344468498743,0.0828869120885459,"[2.04, 0.7, 0.44, 1.7]",['short_pnl'],3,30,1,15,0.6,5
4.0163638353258975,3.38563076167143,0.8429591791194663,0.5112187120869328,0.37681049796464533,0.24229588450283535,-0.6381365696594055,0.02282932822150404,0.11111093367414515,0.09804828904209895,0.3319988735818954,0.5882352941176471,0.11283276237779682,20.242960258439478,35.9663310339375,0.020279769420527543,450,0.3693655094173695,-0.08113155349794217,0.07763480516823475,"[1.39, 0.16, -0.64, -0.11]","['net_sharpe', 'dbl_sharpe', 'pos_folds', 'gross_edge', 'short_pnl']",3,30,1,15,0.6,6
-36.363392310424906,-14.918314794020475,0.41025641025641024,-0.28913775519559565,-0.43216985677279185,-0.5748067376196471,-1.1431431933342815,-0.47085612246848296,0.31656052133191637,0.2845542788607557,-0.1555262121676774,0.35294117647058826,0.104175617283472,19.911365237983098,-7.426518969678758,0.021777690718345264,457,0.09408029694275111,-0.15262145591186374,0.03473185823657668,"[-0.67, -0.27, -1.14, 0.32]","['net_sharpe', 'dbl_sharpe', 'tri_sharpe', 'ret_1x', 'ret_2x', 'pos_folds', 'gross_edge', 'short_pnl']",3,30,1,15,0.6,7
-41.49172598619641,-13.830575328732134,0.3333333333333333,-0.5701611106291842,-0.6971040919130803,-0.8237507606715668,-1.151501595055435,-0.8839557488305376,0.3868200390812615,0.3560001402317511,-0.2154638223620328,0.35294117647058826,0.11514489961969737,19.467505397495426,-26.45614082391246,0.02142672079141086,446,-0.062400188017336045,-0.1414972552412583,0.04429672163425958,"[-0.64, -1.13, 0.35, -1.15]","['net_sharpe', 'dbl_sharpe', 'tri_sharpe', 'ret_1x', 'ret_2x', 'pos_folds', 'gross_edge', 'long_pnl', 'short_pnl']",3,30,1,15,0.6,8
-49.231602225760255,-16.410534075253416,0.3333333333333333,-0.851836278768158,-0.9474525561008083,-1.0429021915050427,-1.4939439784667494,-1.2308155151529876,0.515311621328574,0.48915197110396424,-0.2945253724871295,0.23529411764705882,0.15918134570137554,20.20428508747647,-61.310708308804486,0.022715315583635105,456,-0.04478642494016835,-0.4456184785535457,0.03425682042317136,"[-1.49, -1.24, 0.28, -1.22]","['net_sharpe', 'dbl_sharpe', 'tri_sharpe', 'ret_1x', 'ret_2x', 'pos_folds', 'gross_edge', 'long_pnl', 'short_pnl']",3,30,1,15,0.6,9
-31.374214775322397,-12.871472728337393,0.41025641025641024,-0.3407643219053485,-0.48308219054882606,-0.6247268479595586,-1.2593313850543295,-0.695479427317122,0.2199504876559767,0.1973445081712838,-0.26083775415311045,0.47058823529411764,0.10965449283282899,20.91272394731683,-10.117701895057218,0.021706474570802187,504,-0.10989375635346381,0.026127816298759085,0.043490895491677346,"[-1.26, -0.41, 1.01, -0.99]","['net_sharpe', 'dbl_sharpe', 'tri_sharpe', 'ret_1x', 'ret_2x', 'pos_folds', 'gross_edge', 'long_pnl']",3,30,1,15,0.6,10
-12.554399087917579,-6.860994652829506,0.5465012387118204,0.10351392285716629,-0.06442104350964352,-0.23206972328014758,-1.286009422106423,0.19731208808181272,0.16002423242447883,0.1518745226391348,-0.0761382089363421,0.47058823529411764,0.10477319778522082,23.47027413648534,12.338281320621679,0.021895693059454473,528,-0.19668807871777838,0.31133115021883506,0.06829161910146975,"[-1.29, 0.68, -0.16, 0.56]","['net_sharpe', 'dbl_sharpe', 'tri_sharpe', 'ret_2x', 'pos_folds', 'gross_edge', 'long_pnl']",3,30,1,15,0.6,11
-28.51860118692459,-10.968692764201766,0.38461538461538464,-0.20261696251764902,-0.3496196056094942,-0.49609668121921774,-0.9961911187823937,-0.2148955414202138,0.23956060368330812,0.21622215803378797,-0.18138109837997238,0.35294117647058826,0.1096838051653941,21.545520993431417,-2.373972654124565,0.020820728157026746,486,-0.1138968598350196,0.09364766799535956,0.12060880032250172,"[-0.0, -0.42, -1.0, -0.01]","['net_sharpe', 'dbl_sharpe', 'tri_sharpe', 'ret_1x', 'ret_2x', 'pos_folds', 'gross_edge', 'long_pnl']",3,30,1,15,0.6,12
24.027735212403286,23.01142535891757,0.9577026363699443,0.5516460960977901,0.4133508429947482,0.2747975524775921,0.1888516206948674,0.21822076293708237,0.13120381503346734,0.12541406977801783,0.3084177836265703,0.47058823529411764,0.11086271589964829,20.47564311393816,37.35499866790167,0.01940804904531726,472,0.25602342066281847,0.046780336241257416,0.0739432753126672,"[0.19, 0.23, 0.21, 1.01]","['net_sharpe', 'dbl_sharpe', 'gross_edge']",3,30,1,15,0.6,13
2.5557992583136473,1.7923069497426032,0.7012706275395012,0.271067871721852,0.12106911171471851,-0.028982849313888285,-0.3185637569315468,0.13137436197557956,0.1287969362757173,0.1163834243826688,0.05537735285896282,0.29411764705882354,0.09953898309167156,19.904536928175023,21.42180379727055,0.020584924515549073,445,0.17629271804403956,-0.007488576272796227,0.06370273942636603,"[0.38, 0.24, -0.32, 0.02]","['net_sharpe', 'dbl_sharpe', 'tri_sharpe', 'gross_edge', 'short_pnl']",3,30,1,15,0.6,14
3.408722819522129,2.405351165291165,0.7056458658109295,0.5685762840995232,0.16994040474932115,-0.22761169332879128,-0.30370969198736086,0.14448932553668975,0.1401030122703878,0.11491648079397065,0.09420400510871155,0.4117647058823529,0.11814017065078433,62.78992658527843,18.24513697009485,0.04122556941580342,2475,0.4503416046076255,0.0031947301148195217,0.08602104073286204,"[-0.11, -0.3, 0.75, 0.4]","['net_sharpe', 'dbl_sharpe', 'tri_sharpe', 'pos_folds', 'turnover', 'gross_edge']",3,30,2,9,0.3,0
-50.34199216769581,-11.617382807929802,0.23076923076923078,-0.820016372673974,-1.217749395305665,-1.6112239808580606,-1.8654771880278644,-1.053217109867111,0.4718103835105665,0.3641947449084926,-0.30356673707529613,0.17647058823529413,0.12056414189434594,64.3993251684175,-7.8877684873582385,0.045645804400990954,2521,-0.054859225507452855,-0.14624002607720138,0.10049901023539903,"[-1.15, -0.95, -0.96, -1.87]","['net_sharpe', 'dbl_sharpe', 'tri_sharpe', 'ret_1x', 'ret_2x', 'pos_folds', 'turnover', 'gross_edge', 'long_pnl', 'short_pnl']",3,30,2,9,0.3,1
-48.75909022743437,-16.253030075811456,0.3333333333333333,-0.6152403694720016,-1.0200443401399923,-1.4203868324654985,-2.7239311428067046,-0.6752117133157218,0.4473777063834896,0.33594203241871523,-0.28212387723397536,0.4117647058823529,0.12421226879657535,67.5250052505337,-3.8840602080965976,0.0457560538912041,2565,0.0038419413612541253,-0.10767258894774344,0.0936375081181749,"[-1.08, 0.03, -0.27, -2.72]","['net_sharpe', 'dbl_sharpe', 'tri_sharpe', 'ret_1x', 'ret_2x', 'pos_folds', 'turnover', 'gross_edge', 'short_pnl']",3,30,2,9,0.3,2
-42.44867136392007,-14.407628926415697,0.33941295365634677,-0.2224567504195182,-0.6068254840416558,-0.9868763732536635,-2.1112988737425358,-0.5951024888073748,0.38994303229201943,0.31201772969800357,-0.20321174817133747,0.5294117647058824,0.1229370070316923,63.423620740360676,3.161402567966983,0.04330551420942461,2448,0.1613425054815973,-0.0819634703155146,0.09449618951753436,"[-0.1, 0.76, -1.09, -2.11]","['net_sharpe', 'dbl_sharpe', 'tri_sharpe', 'ret_1x', 'ret_2x', 'pos_folds', 'turnover', 'gross_edge', 'short_pnl']",3,30,2,9,0.3,3
-35.45984227159387,-19.666245382679392,0.554606115618106,0.2091584566411752,-0.20678768248786594,-0.6195049085677609,-1.6336025033130093,-0.3204050430843525,0.2963137751167422,0.25408104575256685,-0.10757374551657457,0.47058823529411764,0.12083016664617148,67.12304112620976,11.2705906226897,0.044484294459340386,2420,0.25584845422047703,0.04364910176352868,0.07871267867020221,"[0.99, 0.2, -0.84, -1.63]","['net_sharpe', 'dbl_sharpe', 'tri_sharpe', 'ret_2x', 'pos_folds', 'turnover', 'gross_edge']",3,30,2,9,0.3,4
23.348437850556508,20.670636265251137,0.885311317080618,0.8698151549304087,0.4606153792320158,0.0535847688078723,0.05292502717573017,0.4106263332149986,0.17852057770386998,0.15492305202327183,0.27212383139888663,0.7058823529411765,0.117703836190023,64.01656711322102,23.512654543360075,0.04213074284435647,2483,0.46171612916507176,0.1341778907966575,0.09494722539495255,"[0.9, 0.55, 0.05, 0.28]","['dbl_sharpe', 'turnover', 'gross_edge']",3,30,2,9,0.3,5
-4.5872058476979625,-3.457505621821374,0.7537280289168807,0.6251500375976744,0.2563970822039434,-0.11214267079902147,-1.171375387812232,0.5296882049232561,0.181402075317312,0.14793508042293857,0.13847131761747747,0.4117647058823529,0.12886823435769296,63.32395246779153,20.169306580578763,0.041740702599850195,2444,0.4256883648934012,0.07994295160205005,0.09601689211638692,"[0.56, -1.17, 0.81, 0.5]","['net_sharpe', 'dbl_sharpe', 'tri_sharpe', 'turnover', 'gross_edge']",3,30,2,9,0.3,6
5.6636926349573224,3.9430570074247386,0.6961989750445648,0.6937682885103399,0.323374836153211,-0.04798800923565721,-0.7764869202822381,0.3564561426755418,0.12594020677822992,0.11503247353567003,0.26698031676976197,0.5294117647058824,0.12732044013267643,62.94024022748756,21.465065705399805,0.04104052459773605,2497,0.7622490247609317,-0.2273945901211549,0.08693885956908175,"[1.06, -0.78, 0.34, 0.38]","['net_sharpe', 'dbl_sharpe', 'tri_sharpe', 'turnover', 'gross_edge', 'short_pnl']",3,30,2,9,0.3,7
-39.24196623535097,-13.480468528129974,0.343521740151393,-0.1234961933651605,-0.5303482509976168,-0.9358415479828128,-1.5069838207861395,-0.5893956047732625,0.3120855545839646,0.19787272303739145,-0.21682675342704094,0.4117647058823529,0.11873422247411788,64.35082833917531,5.297971545391019,0.0429192943389071,2532,0.2679474143449043,-0.1329769488560118,0.08042725582866991,"[-0.62, -0.56, -1.51, 0.46]","['net_sharpe', 'dbl_sharpe', 'tri_sharpe', 'ret_1x', 'ret_2x', 'pos_folds', 'turnover', 'gross_edge', 'short_pnl']",3,30,2,9,0.3,8
-16.342593351351464,-11.062056173999224,0.6768849922515167,0.6068388409561958,0.2616352322674936,-0.08316092535338464,-1.4793837480154532,0.4395137845591597,0.23353824468771867,0.18294583110546714,0.10552261917590576,0.35294117647058826,0.12088210421714626,55.6393872670291,20.70743534157937,0.04148050176499602,1933,0.5009575635978243,-0.0448328168497671,0.08139356548220028,"[0.06, -1.48, 0.82, 1.49]","['net_sharpe', 'dbl_sharpe', 'tri_sharpe', 'turnover', 'gross_edge', 'short_pnl']",3,30,2,9,0.45,0
-53.45720126663342,-16.448369620502593,0.3076923076923077,-0.992777472518274,-1.3655320687211374,-1.733397936601576,-2.1644035493101845,-1.5428787597924343,0.5025644567424462,0.40960227286527395,-0.3106255909813492,0.17647058823529413,0.11864480890779705,59.620995671508176,-12.247047100401495,0.04774802066387233,2032,0.12402405366148629,-0.41309576610636106,0.08833320737075698,"[-0.5, -1.68, -1.41, -2.16]","['net_sharpe', 'dbl_sharpe', 'tri_sharpe', 'ret_1x', 'ret_2x', 'pos_folds', 'turnover', 'gross_edge', 'short_pnl']",3,30,2,9,0.45,1
-50.07347142029287,-15.40722197547473,0.3076923076923077,-0.6979621316051134,-1.0640874403782936,-1.425941120034511,-2.302776951802011,-0.8482403480337126,0.46658728384429426,0.3680808033241142,-0.28321582799064454,0.29411764705882354,0.1252975187688758,61.707175693913854,-6.733569759348673,0.0460738614043076,2084,0.12979545412061272,-0.2942917094112225,0.10237821823043948,"[-1.02, -0.35, -0.68, -2.3]","['net_sharpe', 'dbl_sharpe', 'tri_sharpe', 'ret_1x', 'ret_2x', 'pos_folds', 'turnover', 'gross_edge', 'short_pnl']",3,30,2,9,0.45,2
-47.029594902337365,-12.05887048777881,0.2564102564102564,-0.4926544061801514,-0.8496382103760899,-1.2020963244194718,-1.8877800613088587,-0.9104020010570197,0.4621426591711937,0.367685551569332,-0.2320707932450076,0.4117647058823529,0.12382831541944396,59.55423256674678,-2.7823358581378437,0.04489892380848199,2059,-0.01610861957732336,-0.049490372734709825,0.09412204629906808,"[-0.59, 0.15, -1.23, -1.89]","['net_sharpe', 'dbl_sharpe', 'tri_sharpe', 'ret_1x', 'ret_2x', 'pos_folds', 'turnover', 'gross_edge', 'long_pnl', 'short_pnl']",3,30,2,9,0.45,3
-17.672502459599734,-12.421401798437659,0.7028660387420307,0.541287384761831,0.16717604391307364,-0.20476580732424496,-1.1981044628540904,0.19246942107975729,0.25405877865008464,0.2239830216555303,0.05138634383151186,0.6470588235294118,0.1216844737263289,60.65026743462971,18.385220728051845,0.04391561573092968,1991,0.33486512168058347,0.10657982641024011,0.07861163917467674,"[1.15, 0.57, -0.18, -1.2]","['net_sharpe', 'dbl_sharpe', 'tri_sharpe', 'pos_folds', 'turnover', 'gross_edge']",3,30,2,9,0.45,4
13.364046963956659,10.530329350388358,0.7879596187284478,0.7532980121297463,0.37104562183001677,-0.009463851167158753,0.0234001239227603,0.16789564665529025,0.18509234648163642,0.14363705763946377,0.20105160335994016,0.6470588235294118,0.11655280201348228,59.26461386554311,22.390451385904186,0.04371016366070483,2028,0.44461476338244377,0.08071655262574641,0.06592071278231032,"[0.97, 0.14, 0.02, 0.2]","['net_sharpe', 'dbl_sharpe', 'tri_sharpe', 'turnover', 'gross_edge']",3,30,2,9,0.45,5
-9.6492532217347,-7.221178270178183,0.7483665423882401,0.5902438667693581,0.24261589035394293,-0.10467400962946553,-1.2962138092100834,0.4844421016625512,0.2085499594905852,0.17462209547994123,0.1098070388427186,0.47058823529411764,0.12558449184448758,58.201128959407924,20.22913747510153,0.04325558306541019,1988,0.2908589135988043,0.1752460818116161,0.08086545064289302,"[0.6, -1.3, 0.37, 0.99]","['net_sharpe', 'dbl_sharpe', 'tri_sharpe', 'turnover', 'gross_edge']",3,30,2,9,0.45,6
8.856566858365744,6.971489886899255,0.7871548872590647,0.722593603767412,0.3765784381876677,0.029420435686175608,-0.5345332082882618,0.4284949957944102,0.13724140178404887,0.1216183245683986,0.2955917980718107,0.47058823529411764,0.12708378018275315,58.7273658368971,23.064586131329584,0.04229413713517413,2059,0.5959761760403708,-0.05973375135593084,0.08290828815094799,"[0.99, -0.53, 0.5, 0.36]","['net_sharpe', 'dbl_sharpe', 'turnover', 'gross_edge', 'short_pnl']",3,30,2,9,0.45,7
-31.305420059934182,-11.06662593768344,0.3535051092269773,0.04119394948978774,-0.3305868812188704,-0.7020574884743873,-0.923230088742505,-0.4898398949200763,0.25685634322869655,0.14206539773746285,-0.1731493736706983,0.35294117647058826,0.11694685120672295,57.84059079245187,8.42962599020548,0.043154105067101683,2052,0.3864274365702517,-0.19340134861394248,0.0769402053128745,"[-0.4, -0.58, -0.92, 0.5]","['net_sharpe', 'dbl_sharpe', 'tri_sharpe', 'ret_1x', 'ret_2x', 'pos_folds', 'turnover', 'gross_edge', 'short_pnl']",3,30,2,9,0.45,8
-29.96867835664145,-14.709654863700225,0.4908342866725176,0.2825818491077185,-0.028829559135008568,-0.33903899672238347,-1.2712112144145662,-0.1595624955317806,0.26159974569354527,0.22036585945463838,-0.04120972697459553,0.4117647058823529,0.12104927123805702,50.24866203009802,14.438069947656583,0.042574922662371846,1521,0.5514277712885794,-0.26421177336915574,0.0806190821721157,"[-0.9, -1.27, 0.58, 1.43]","['net_sharpe', 'dbl_sharpe', 'tri_sharpe', 'ret_2x', 'pos_folds', 'turnover', 'gross_edge', 'short_pnl']",3,30,2,9,0.6,0
-50.09168599220354,-15.41282645913955,0.3076923076923077,-0.8871881551572968,-1.20977089240259,-1.5292252147430114,-1.6238157318087878,-1.2766893175762983,0.46468681555079416,0.3800919195336958,-0.30196358414545277,0.11764705882352941,0.11884851884114711,51.356414225352765,-13.094077317392433,0.048243341223012465,1501,0.1442932292311052,-0.41051561846195683,0.08093835901892829,"[-0.84, -1.27, -1.28, -1.62]","['net_sharpe', 'dbl_sharpe', 'tri_sharpe', 'ret_1x', 'ret_2x', 'pos_folds', 'turnover', 'gross_edge', 'short_pnl']",3,30,2,9,0.6,1
-51.26508700292687,-13.14489410331458,0.2564102564102564,-0.7885901297129456,-1.116191989483442,-1.4401209426867307,-2.115708230198312,-1.286754493867428,0.48559747123268304,0.4023847161179678,-0.2779347557712395,0.29411764705882354,0.12269600551279654,54.048252357295496,-10.450738850535492,0.0481828501653615,1575,-0.006759345928365294,-0.21685704494331565,0.09919302656278406,"[-1.23, 0.12, -1.35, -2.12]","['net_sharpe', 'dbl_sharpe', 'tri_sharpe', 'ret_1x', 'ret_2x', 'pos_folds', 'turnover', 'gross_edge', 'long_pnl', 'short_pnl']",3,30,2,9,0.6,2
-42.88950682057585,-15.568612737453048,0.3629935126692608,-0.22781448356710732,-0.5443443598863623,-0.8579448985883495,-1.8938010796186788,-0.4108208123617564,0.3804219521070533,0.3209074326914614,-0.19105450723457382,0.35294117647058826,0.12397572853382431,52.58353713594862,2.0899599213489455,0.045832015549795574,1485,-0.06880966701980143,0.11231702757399759,0.09324101546135473,"[0.3, 0.26, -1.08, -1.89]","['net_sharpe', 'dbl_sharpe', 'tri_sharpe', 'ret_1x', 'ret_2x', 'pos_folds', 'turnover', 'gross_edge', 'long_pnl']",3,30,2,9,0.6,3
-20.17280221591209,-11.28058135860123,0.5591975392344465,0.22596695401378816,-0.09752674483335837,-0.4190765089146958,-1.211351872972776,0.10603989818365378,0.2300521262838512,0.20294954693477152,-0.08359721651938999,0.5882352941176471,0.12205863370061651,52.68192790870322,12.81770603455608,0.045284843699411645,1481,0.11856594912469837,0.14876358986473803,0.06261100945269812,"[0.56, -0.05, 0.27, -1.21]","['net_sharpe', 'dbl_sharpe', 'tri_sharpe', 'ret_2x', 'pos_folds', 'turnover', 'gross_edge']",3,30,2,9,0.6,4
20.21189224054594,18.143770601049088,0.8976779801275554,0.8651295770778691,0.5261806765770369,0.18708262372198342,-0.06425111347813725,0.534414284539211,0.19172486350808715,0.17426086144832453,0.28144382896285985,0.6470588235294118,0.11161791604335262,50.39757096736307,26.792549666328846,0.043725167354319194,1455,0.2933462384267463,0.2412164373353945,0.058440214887936374,"[1.01, -0.06, 0.5, 0.56]","['turnover', 'gross_edge']",3,30,2,9,0.6,5
-10.233377952732653,-7.758166162778092,0.7581236810183878,0.5645478942740163,0.2820464603430423,-0.0005058439721967144,-1.999844266035449,0.8141505985760731,0.2748273598577057,0.24705890259556706,0.1051143819262495,0.47058823529411764,0.13102712672513755,49.369116707201194,22.423789319939335,0.04242634687314027,1515,0.19279002520697971,0.24547755314184422,0.09098817017505476,"[0.93, -2.0, 0.7, 1.03]","['net_sharpe', 'dbl_sharpe', 'tri_sharpe', 'turnover', 'gross_edge']",3,30,2,9,0.6,6
-1.1074431951917911,-0.7361544182899286,0.6647333438736229,0.5339279752943122,0.22953391630050315,-0.07553467523973204,-0.7206704208234059,0.39468816834546816,0.17882652746360794,0.1427226054003362,0.1184765010969244,0.5294117647058824,0.12577890961718935,51.07710363324246,20.602226745528085,0.04211706923587326,1606,0.49672626238220985,-0.08012996321653394,0.08283756975973244,"[0.29, -0.72, 0.5, 0.8]","['net_sharpe', 'dbl_sharpe', 'tri_sharpe', 'turnover', 'gross_edge', 'short_pnl']",3,30,2,9,0.6,7
-31.20538139807447,-14.329911700905908,0.45921283634079013,0.2440341998864019,-0.08254568057495985,-0.40911325698928475,-1.1762138282046732,-0.5165907347267524,0.25634778913475786,0.18589206234073397,-0.06547053859040206,0.47058823529411764,0.11909742492959463,51.78269770452707,13.255631569557437,0.04220780383101876,1611,0.4027763848810719,-0.13103231262387358,0.0805939244761309,"[-0.16, -0.87, -1.18, 1.73]","['net_sharpe', 'dbl_sharpe', 'tri_sharpe', 'ret_2x', 'pos_folds', 'turnover', 'gross_edge', 'short_pnl']",3,30,2,9,0.6,8
-18.82235005932517,-10.674188324963465,0.5671017854476224,0.28387327226323134,-0.04046030295258763,-0.36265606711780457,-0.8058327511056906,-0.09673762340355668,0.22812476690209849,0.16480618278941128,-0.05237026286059991,0.5882352941176471,0.11943804601019013,51.70606108117604,14.032598152935353,0.034437359262567815,1912,0.20243163815895523,0.08481471665957357,0.04971744200044435,"[0.66, 0.13, -0.33, -0.81]","['net_sharpe', 'dbl_sharpe', 'tri_sharpe', 'ret_2x', 'pos_folds', 'turnover', 'gross_edge']",3,30,2,12,0.3,0
-25.1190490203372,-13.633366173808923,0.5427500922813959,0.11010546982895837,-0.19524889427729905,-0.4988528991814321,-0.90110957347613,-0.08401985303307777,0.2424528328282085,0.2049110499639586,-0.1293083426206189,0.4117647058823529,0.12358445668904341,50.417510364493815,10.058107828211291,0.03380893292894086,1888,0.17605321328655496,0.024704696837246798,0.06199551420527632,"[-0.44, -0.9, 0.34, 0.27]","['net_sharpe', 'dbl_sharpe', 'tri_sharpe', 'ret_2x', 'pos_folds', 'turnover', 'gross_edge']",3,30,2,12,0.3,1
-7.541904733784056,-4.228805241026889,0.5607078570064539,0.3535278847429366,0.053556460826172096,-0.24559734252933194,-0.36194616093531967,-0.10401068749263187,0.17390475369583358,0.15763576039064697,-0.006428422538215532,0.4117647058823529,0.12503772617899775,49.981555545407275,16.24433007943368,0.032265650343424775,1900,0.2394464504978662,0.08198365922973491,0.048666929827933164,"[-0.13, -0.08, -0.36, 0.76]","['net_sharpe', 'dbl_sharpe', 'tri_sharpe', 'ret_2x', 'pos_folds', 'turnover', 'gross_edge']",3,30,2,12,0.3,2
-30.81581804857865,-14.55529665784244,0.47233198985330166,0.144205771902633,-0.16136338601326422,-0.4654515052855073,-1.066632552796361,-0.3227593809792818,0.25605733467186265,0.18177594160438748,-0.10431857796969916,0.35294117647058826,0.12159129033940788,49.59475658462781,11.087289997323008,0.03281596969990615,1833,0.3000896637187559,-0.08240082995777026,0.0784952222467118,"[0.14, -0.79, -1.07, 0.66]","['net_sharpe', 'dbl_sharpe', 'tri_sharpe', 'ret_2x', 'pos_folds', 'turnover', 'gross_edge', 'short_pnl']",3,30,2,12,0.3,3
-43.364969664385704,-19.8392465597666,0.4574947639375372,0.2083540330973353,-0.08157404788618022,-0.37040824846245296,-2.0254186432328365,-0.675529821424407,0.3619808906300528,0.29274495510698706,-0.05054725774820094,0.35294117647058826,0.1270577899072194,49.15159141022134,12.788788515673396,0.03264695037078406,1846,0.3463677252100434,-0.09751524583889579,0.10726560741731866,"[2.02, -0.91, -2.03, -0.44]","['net_sharpe', 'dbl_sharpe', 'tri_sharpe', 'ret_2x', 'pos_folds', 'turnover', 'gross_edge', 'short_pnl']",3,30,2,12,0.3,4
-33.53470027310565,-12.76185442083367,0.3805566865635145,0.03457840126159469,-0.26420042552673195,-0.5613014937826146,-1.104208929331491,-0.3325873896450201,0.30535222858343836,0.24743102747989654,-0.12985282058787764,0.4117647058823529,0.12374356693911058,49.369375256979666,8.484890694448605,0.03243010358121274,1888,0.17309601661361915,-0.007259996705659244,0.10737436534334342,"[0.46, 0.4, -1.07, -1.1]","['net_sharpe', 'dbl_sharpe', 'tri_sharpe', 'ret_1x', 'ret_2x', 'pos_folds', 'turnover', 'gross_edge', 'short_pnl']",3,30,2,12,0.3,5
-12.872036657103884,-6.858000567213372,0.5327828648956298,0.12847312918231651,-0.13965995350779262,-0.4067101624553618,-0.40921067677930884,-0.33253313140177426,0.20565109652252667,0.14429562695929743,-0.12627488965269063,0.5882352941176471,0.1287238078242614,46.077772064671734,11.014535256753106,0.03135460360851251,1838,0.11018758405368868,0.09073679374513262,0.1108690180108999,"[-0.41, -0.38, -0.29, 0.53]","['net_sharpe', 'dbl_sharpe', 'tri_sharpe', 'ret_2x', 'pos_folds', 'turnover', 'gross_edge']",3,30,2,12,0.3,6
-31.596005192871957,-11.011639283870739,0.3485136559717669,-0.05233467808149674,-0.35216585463825684,-0.6501082104553852,-0.8770230721107081,-0.3729863658264352,0.3224419575035262,0.2677855514276396,-0.15312088180337077,0.47058823529411764,0.12220574020914282,48.94844051186204,6.21127259096474,0.03326557295218741,1853,0.30642329223805764,-0.18605989648408588,0.07417438668982455,"[-0.17, 0.06, -0.88, -0.57]","['net_sharpe', 'dbl_sharpe', 'tri_sharpe', 'ret_1x', 'ret_2x', 'pos_folds', 'turnover', 'gross_edge', 'short_pnl']",3,30,2,12,0.3,7
-31.34986399535893,-11.868092028163792,0.37856917114284,0.037858467618665126,-0.2627852355805763,-0.5617317386918411,-1.07912123087548,-0.12696053537971697,0.37180130749820095,0.3031297520657972,-0.1084404135636009,0.5294117647058824,0.12605595537769593,50.58180305852721,8.29637894667686,0.03432302412468753,1939,0.38933888645833503,-0.22320513587184312,0.10365684303230462,"[-0.26, 0.0, -1.08, 0.26]","['net_sharpe', 'dbl_sharpe', 'tri_sharpe', 'ret_1x', 'ret_2x', 'pos_folds', 'turnover', 'gross_edge', 'short_pnl']",3,30,2,12,0.3,8
-6.24443118537569,-4.088261507166371,0.6547051902407032,0.44950001471534456,0.1734407057764174,-0.10248547535132396,-0.6355459249612666,0.17537228071234276,0.19035497470475282,0.16570395778285574,0.07450708684811917,0.5882352941176471,0.1284950190464646,47.261944679552066,19.71555321456838,0.03232280349184463,1815,0.613794588230246,-0.24490573019296097,0.08699298158073651,"[0.14, 0.21, 0.92, -0.64]","['net_sharpe', 'dbl_sharpe', 'tri_sharpe', 'turnover', 'gross_edge', 'short_pnl']",3,30,2,12,0.3,9
-20.9945066715641,-10.400847516644722,0.49540804551183365,0.2562807897483163,-0.047664426132050526,-0.35054400019913823,-0.7769883619643501,-0.10452654933808442,0.21134380077155746,0.18457909322472799,-0.058367619985147216,0.35294117647058826,0.11686591266393419,47.37031000981423,13.923973527773795,0.03236111313749939,1845,0.32411793050016663,-0.06299536830104685,0.07239798949375333,"[-0.6, 1.07, -0.78, 0.39]","['net_sharpe', 'dbl_sharpe', 'tri_sharpe', 'ret_2x', 'pos_folds', 'turnover', 'gross_edge', 'short_pnl']",3,30,2,12,0.3,10
-43.1147528296839,-13.37670223668948,0.31025812184361656,-0.4946997924842626,-0.8082318912829781,-1.118740657532465,-1.5786156813203764,-0.6578493680537769,0.36773674506541554,0.28157848921074924,-0.2625034712347198,0.35294117647058826,0.11674231220155078,49.16611040082462,-4.258776908531727,0.03527856974558533,1879,0.06495421363397,-0.1478487153394153,0.052903375473575306,"[-0.68, -0.36, -0.63, -1.58]","['net_sharpe', 'dbl_sharpe', 'tri_sharpe', 'ret_1x', 'ret_2x', 'pos_folds', 'turnover', 'gross_edge', 'short_pnl']",3,30,2,12,0.3,11
-8.735524245317498,-4.88331142676382,0.5590175574615823,0.29922691709702526,0.012521082130302138,-0.2725655651366519,-0.2856841225830485,-0.2219188728013806,0.21298333920988044,0.1565460952470079,-0.027163294199077922,0.5882352941176471,0.12068136429580481,46.16917468413659,15.2634436160326,0.03395704907332644,1582,0.028815089636332725,0.2501691183589174,0.0495038067780955,"[0.6, -0.26, -0.29, -0.19]","['net_sharpe', 'dbl_sharpe', 'tri_sharpe', 'ret_2x', 'pos_folds', 'turnover', 'gross_edge']",3,30,2,12,0.45,0
-10.480878962273803,-6.3007868482378075,0.6011696987359223,0.270661073754731,-0.01719355719788008,-0.3035829169190862,-0.9849624563559596,0.16570633406711424,0.1594256723963382,0.12773469303285323,-0.06029957366378164,0.47058823529411764,0.12261562062459105,47.09074327414378,14.420378893573137,0.03458690833811661,1560,0.16421017282676859,0.1046256876576367,0.0582349493027661,"[0.03, -0.98, 0.3, 0.54]","['net_sharpe', 'dbl_sharpe', 'tri_sharpe', 'ret_2x', 'turnover', 'gross_edge']",3,30,2,12,0.45,1
-0.29024533933779184,-0.16917759716732986,0.5828779113329309,0.36963957631150446,0.08726099305610706,-0.19407851604388487,-0.13903971608973034,-0.07852680608463536,0.1784450542905619,0.16420493462409647,0.01809114019079503,0.47058823529411764,0.12120627224382097,45.617785863187336,17.288779680826682,0.032660411804568995,1572,0.3303651768590169,-0.018135970760031622,0.049726442109015896,"[-0.14, -0.04, -0.12, 0.75]","['net_sharpe', 'dbl_sharpe', 'tri_sharpe', 'pos_folds', 'turnover', 'gross_edge', 'short_pnl']",3,30,2,12,0.45,2
-32.92790108525694,-16.753184267659428,0.5087838494255091,0.27374207140225504,0.0019062164226427774,-0.2689646365880614,-1.1943556129672368,-0.3076247500034193,0.286712286341559,0.24518448569998186,-0.025263499535600593,0.35294117647058826,0.12238781497302238,44.39056264897243,15.086234389029807,0.032996739312511215,1474,0.30018066402276045,-0.03505822693457342,0.07474822442460449,"[0.53, -1.19, -1.15, 1.14]","['net_sharpe', 'dbl_sharpe', 'tri_sharpe', 'ret_2x', 'pos_folds', 'turnover', 'gross_edge', 'short_pnl']",3,30,2,12,0.45,3
-39.369046925546584,-24.574306212356984,0.6242037369822816,0.45887436704909973,0.20926118617725195,-0.040003388745319654,-1.5584767508271609,-0.6713661226855974,0.33972492627610273,0.27094183040311737,0.05595481553630029,0.35294117647058826,0.1306125086692524,43.48021895122878,21.136346972783944,0.03196358007348346,1472,0.48892686953463693,-0.12509843758193478,0.11192234720090528,"[2.56, -0.81, -1.56, -0.53]","['net_sharpe', 'dbl_sharpe', 'tri_sharpe', 'pos_folds', 'turnover', 'gross_edge', 'short_pnl']",3,30,2,12,0.45,4
-35.06924503667757,-19.655528089237354,0.5604776512491328,0.06332066340937209,-0.1951490323300615,-0.45271708210805417,-1.276377128136793,-0.4498053389206205,0.31576128265718906,0.2710044099795098,-0.09877396891604895,0.47058823529411764,0.12317170728973467,42.4561769581022,9.545561945377315,0.03221842807023662,1458,0.12311700966730567,0.03732473197234837,0.11138947953102424,"[0.97, 0.19, -1.28, -1.09]","['net_sharpe', 'dbl_sharpe', 'tri_sharpe', 'ret_2x', 'pos_folds', 'turnover', 'gross_edge']",3,30,2,12,0.45,5
-33.91093898954758,-12.562953786639124,0.3704690628151412,-0.06134971603274357,-0.2906128310305117,-0.5189756900695345,-1.101756284071926,-0.4742819904549468,0.3066080531478068,0.23481512139796834,-0.15385026714933545,0.47058823529411764,0.13471999910409915,41.26756180994391,5.338678226450347,0.03207965578083276,1419,0.19066945898516946,-0.10344916646817685,0.11537998388034665,"[-1.1, -0.44, -0.51, 0.94]","['net_sharpe', 'dbl_sharpe', 'tri_sharpe', 'ret_1x', 'ret_2x', 'pos_folds', 'turnover', 'gross_edge', 'short_pnl']",3,30,2,12,0.45,6
-33.05760346177357,-11.850221363803879,0.3584718831026871,0.0005715881978860614,-0.2769906197295717,-0.5528951283459416,-1.25275067135371,-0.16128847326177917,0.32763901136191054,0.26878843016364007,-0.12775355991777776,0.47058823529411764,0.12552811433251207,46.52272280899484,7.479822964561438,0.034436997943539924,1540,0.26369327184555325,-0.12593064157521527,0.06678727790356191,"[-0.07, 0.24, -1.25, -0.25]","['net_sharpe', 'dbl_sharpe', 'tri_sharpe', 'ret_1x', 'ret_2x', 'pos_folds', 'turnover', 'gross_edge', 'short_pnl']",3,30,2,12,0.45,7
-42.515775222983095,-15.111074898595707,0.35542277705963105,-0.11681884949062801,-0.3818969993893234,-0.6454768890489128,-1.5554803263480423,-0.6376242051204364,0.42278802107748004,0.357457236570746,-0.1317967357290242,0.4117647058823529,0.12821936652343743,45.34793674299401,4.043209526465228,0.03503443962458818,1551,0.5586286710468555,-0.4860416852315792,0.07348148930226825,"[-0.69, -0.58, -1.56, 1.14]","['net_sharpe', 'dbl_sharpe', 'tri_sharpe', 'ret_1x', 'ret_2x', 'pos_folds', 'turnover', 'gross_edge', 'short_pnl']",3,30,2,12,0.45,8
-17.896265684286856,-10.944205977011196,0.6115357343303383,0.3335937332264682,0.07856522344166743,-0.17603716102178096,-0.8065213882510636,-0.1537130378453338,0.21800521351027358,0.19009477791179574,0.008954534912288183,0.5882352941176471,0.12700913644603365,43.14495034012311,17.398931192649435,0.03262428128157769,1498,0.5084227341121816,-0.2112372951555176,0.06715054332473872,"[0.2, -0.81, 1.29, -0.51]","['net_sharpe', 'dbl_sharpe', 'tri_sharpe', 'pos_folds', 'turnover', 'gross_edge', 'short_pnl']",3,30,2,12,0.45,9
-16.682602278023822,-7.890576714118758,0.4729823670563137,0.20171009959812494,-0.07438827584823882,-0.3494071047192325,-0.5497519350744313,-0.25975268139255764,0.1952763798737489,0.1819990626075655,-0.08194866283289075,0.4117647058823529,0.11983461678300368,44.12212043092293,13.127385245520216,0.03301982873244965,1505,0.31886270568351205,-0.08955978373339771,0.05770801879428891,"[-0.15, 0.9, -0.55, -0.37]","['net_sharpe', 'dbl_sharpe', 'tri_sharpe', 'ret_2x', 'pos_folds', 'turnover', 'gross_edge', 'short_pnl']",3,30,2,12,0.45,10
-43.25649679737818,-13.806844256094143,0.3191854467727259,-0.4501979375008046,-0.7418081633092675,-1.0310322105760426,-2.0519191634530647,-0.4446093764350366,0.34589281981403097,0.2561983225212927,-0.2622399616027831,0.35294117647058826,0.1183749633185855,46.264729798864074,-4.034160304365792,0.03565523869671877,1627,0.07816572799569291,-0.15205445160270836,0.0520118040064218,"[-0.2, -0.44, -0.45, -2.05]","['net_sharpe', 'dbl_sharpe', 'tri_sharpe', 'ret_1x', 'ret_2x', 'pos_folds', 'turnover', 'gross_edge', 'short_pnl']",3,30,2,12,0.45,11
-12.23382323123155,-7.251413989557632,0.5927348999980319,0.31166580009566747,0.07611262864985928,-0.15832251047602922,-0.6698275567109822,-0.09136299825479141,0.20246378385407082,0.17908785740662891,0.007851007236855069,0.6470588235294118,0.12760066467906836,40.06064370900187,17.313544303274117,0.03394739203795953,1185,0.2988719497942094,-0.024285634896076894,0.04844702498590544,"[0.85, -0.11, -0.07, -0.67]","['net_sharpe', 'dbl_sharpe', 'tri_sharpe', 'pos_folds', 'turnover', 'gross_edge', 'short_pnl']",3,30,2,12,0.6,0
-9.859426911548388,-5.181425685300737,0.5255301075594679,0.2758023634231903,0.028063621161083796,-0.21868098942779457,-0.6319434804886651,0.09261341954475619,0.17968156374883848,0.1604460578085345,-0.022974897311378455,0.47058823529411764,0.12318729518875692,40.70693151539839,15.704871824847837,0.03411134237979466,1160,0.4539170508110735,-0.20082544260627477,0.04880155081572666,"[-0.63, -0.31, 0.84, 0.5]","['net_sharpe', 'dbl_sharpe', 'tri_sharpe', 'ret_2x', 'pos_folds', 'turnover', 'gross_edge', 'short_pnl']",3,30,2,12,0.6,1
-25.814042157328885,-14.725273680059303,0.5704365705422325,0.26750960295713294,0.007148185524131266,-0.25185499351961826,-0.8536940654126792,-0.39646027764802055,0.24267057463177055,0.1944721306215229,-0.025537123758180024,0.47058823529411764,0.11858162319642045,41.175751165742554,15.227550224028521,0.03337891736355876,1224,0.22377011046570594,0.02445548084766501,0.04271103867975521,"[-0.57, -0.22, -0.85, 1.93]","['net_sharpe', 'dbl_sharpe', 'tri_sharpe', 'ret_2x', 'pos_folds', 'turnover', 'gross_edge']",3,30,2,12,0.6,2
-29.36437651375536,-13.955349123940914,0.4752475884309586,0.12342556001233208,-0.11873416805517716,-0.3596651660695585,-1.0072957397107816,-0.3661906601355152,0.24108286599172613,0.2109431161061709,-0.09145220987011053,0.35294117647058826,0.12329402889167991,39.838145341185715,11.365167196045686,0.03428029672559922,1155,0.2526173211933692,-0.07337113521190217,0.0859400572685689,"[-0.12, -0.61, -1.01, 1.07]","['net_sharpe', 'dbl_sharpe', 'tri_sharpe', 'ret_2x', 'pos_folds', 'turnover', 'gross_edge', 'short_pnl']",3,30,2,12,0.6,3
-42.89625052936374,-19.995540528419795,0.4661372563257542,-0.004017329925213344,-0.22457838450513012,-0.4443587051812722,-1.639540028573436,-0.8289405678827122,0.3945986678953223,0.34218381189904257,-0.0883557052936186,0.4117647058823529,0.12369191576345238,36.42890807160113,7.344292870620648,0.0328579476326409,1126,0.07201413557281805,0.03390419412888648,0.11630331863633167,"[1.55, -0.88, -1.64, -0.77]","['net_sharpe', 'dbl_sharpe', 'tri_sharpe', 'ret_1x', 'ret_2x', 'pos_folds', 'turnover', 'gross_edge']",3,30,2,12,0.6,4
-19.59638684743752,-14.217789131336,0.7255311523509325,0.37394336768606734,0.14585555589442745,-0.08226187564239618,-0.6813364555211318,-0.11330866289136135,0.21377234002335732,0.16268786315837946,0.04881595278781249,0.29411764705882354,0.12276157875485301,37.30893469596446,19.938215213503767,0.031730069750860075,1121,0.150344294397286,0.1441481186760119,0.11600701546406081,"[1.12, -0.56, -0.68, 0.33]","['net_sharpe', 'dbl_sharpe', 'tri_sharpe', 'pos_folds', 'turnover', 'gross_edge']",3,30,2,12,0.6,5
-42.3606420127847,-15.739458364082745,0.37155854151909407,-0.17947663642625986,-0.38858528171380824,-0.5966987807704953,-1.8508370393006328,-0.5961106302078936,0.39572040147959064,0.3441226066841576,-0.1530685425808043,0.47058823529411764,0.13648366527142264,38.13485685968964,0.892879232098989,0.03312170790789306,1112,-0.07664002840628265,0.09012002631576949,0.11557065158639411,"[-0.95, -1.85, -0.24, 1.52]","['net_sharpe', 'dbl_sharpe', 'tri_sharpe', 'ret_1x', 'ret_2x', 'pos_folds', 'turnover', 'gross_edge', 'long_pnl']",3,30,2,12,0.6,6
-26.528470901908445,-14.301294952950256,0.5390923210700933,0.07138448795330538,-0.18068668160567095,-0.4317633445052136,-0.7309872549415783,-0.475951229680579,0.27342654749001105,0.24547783454526073,-0.10746993518352503,0.5294117647058824,0.12296428939148474,41.32509972066731,9.5456087785176,0.03473382945866041,1176,0.10032642063820929,0.055841750346285635,0.06628613841220886,"[-0.33, 0.8, -0.73, -0.63]","['net_sharpe', 'dbl_sharpe', 'tri_sharpe', 'ret_2x', 'pos_folds', 'turnover', 'gross_edge']",3,30,2,12,0.6,7
-25.356119056077436,-12.028423054990778,0.47437949902304816,0.08524799122321422,-0.13465457295545308,-0.3534789433823261,-0.6603402449040815,-0.38628344198160675,0.311962422985704,0.26064419358111235,-0.08252965610645302,0.5882352941176471,0.13019048309360365,38.18795715257527,10.18233804161141,0.033819985455698705,1138,0.4564205262097321,-0.3024814343240867,0.07533190805982733,"[-0.39, -0.39, -0.66, 0.88]","['net_sharpe', 'dbl_sharpe', 'tri_sharpe', 'ret_2x', 'pos_folds', 'turnover', 'gross_edge', 'short_pnl']",3,30,2,12,0.6,8
3.2858155889452716,2.635780684988066,0.8021693894982515,0.6109891043594049,0.3878116290731643,0.16450124752820405,-0.6269813555536803,0.33460191147117446,0.16378013772647348,0.1503457237467566,0.25313093396870884,0.5882352941176471,0.1246161556713906,37.043988397535955,28.157411764658185,0.03260731052915071,1070,0.4657265861421901,-0.052788011851051836,0.06627604535951216,"[0.9, -0.63, 1.33, -0.23]","['net_sharpe', 'dbl_sharpe', 'pos_folds', 'turnover', 'gross_edge', 'short_pnl']",3,30,2,12,0.6,9
-18.92398444886638,-7.401779574478069,0.3911321949390771,0.040540312726483514,-0.18751868327878307,-0.4155257464818013,-0.5021404919198994,-0.15621460891335226,0.21964454909426978,0.20972819687074984,-0.14075972127046021,0.35294117647058826,0.12548060252748014,38.05606003398578,8.91808845303981,0.033091802197196804,1122,0.29018889742856424,-0.15582871597369635,0.0467511952473775,"[-0.22, -0.5, -0.09, 0.01]","['net_sharpe', 'dbl_sharpe', 'tri_sharpe', 'ret_1x', 'ret_2x', 'pos_folds', 'turnover', 'gross_edge', 'short_pnl']",3,30,2,12,0.6,10
-41.81154027595142,-14.292156220818853,0.34182324129874775,-0.5384757250449623,-0.7803979269561957,-1.0201294341108458,-1.3362499389465008,-0.7312092266082684,0.3606553652312928,0.2892342837589439,-0.26600169903115367,0.35294117647058826,0.11962720478371651,38.907446577906995,-9.06358459837532,0.036078689669747206,1187,0.26187478540182135,-0.4014819495120496,0.04968724468830841,"[-0.46, -0.41, -1.0, -1.34]","['net_sharpe', 'dbl_sharpe', 'tri_sharpe', 'ret_1x', 'ret_2x', 'pos_folds', 'turnover', 'gross_edge', 'short_pnl']",3,30,2,12,0.6,11
-18.42497901025324,-9.232224213158847,0.5010710844240988,0.08474124286753543,-0.1279775940995806,-0.3398666993382489,-0.6929106478540965,-0.07520264582315772,0.21184157602823495,0.18157878074093847,-0.12126798636365252,0.47058823529411764,0.13348717540400126,37.893759459885494,10.283250226304718,0.025725630918083674,1489,0.4168188410070679,-0.2625518245050598,0.10214307471924687,"[0.24, -0.18, -0.69, 0.03]","['net_sharpe', 'dbl_sharpe', 'tri_sharpe', 'ret_2x', 'pos_folds', 'turnover', 'gross_edge', 'short_pnl']",3,30,2,15,0.3,0
-14.40961523486661,-9.540126991928767,0.6620667406055885,0.36544310233127353,0.12440967863104857,-0.11596752644412986,-1.881690345306991,0.4550121155804864,0.23175507645511473,0.19637460853552624,0.033579583053930114,0.5882352941176471,0.1222216468764859,39.2720015225809,18.884978143987887,0.02607105418366495,1503,0.4821423317773406,-0.18852985597910893,0.09570260716293674,"[0.84, 0.51, -1.88, 0.4]","['net_sharpe', 'dbl_sharpe', 'tri_sharpe', 'turnover', 'gross_edge', 'short_pnl']",3,30,2,15,0.3,1
-38.186199148263526,-14.964188638318868,0.3918742627465543,-0.18686018248133665,-0.4209783878278848,-0.6538888148121625,-2.110612928082507,-0.14140864036773465,0.3125949125101346,0.26796030706434726,-0.19373500056129325,0.4117647058823529,0.12847177377652655,40.16282677146919,1.368472795892283,0.026435531301302318,1569,0.1428435931551985,-0.12108476896534219,0.08323755557737138,"[0.11, -0.39, -2.11, 0.29]","['net_sharpe', 'dbl_sharpe', 'tri_sharpe', 'ret_1x', 'ret_2x', 'pos_folds', 'turnover', 'gross_edge', 'short_pnl']",3,30,2,15,0.3,2
-36.55590085657804,-18.631088372747858,0.5096602172613479,0.27365912768127,0.04843953461374888,-0.17621913491696392,-1.2898672639696078,-0.6247369613890528,0.3456662149281551,0.2872860317130761,-0.006000161172627056,0.47058823529411764,0.12940974248229575,38.91086135607837,16.389238659129553,0.025913513809655526,1501,0.42659575332851485,-0.17412876067926403,0.0714786354647321,"[2.0, -1.29, -1.07, -0.17]","['net_sharpe', 'dbl_sharpe', 'tri_sharpe', 'ret_2x', 'pos_folds', 'turnover', 'gross_edge', 'short_pnl']",3,30,2,15,0.3,3
-41.11569218585881,-15.105886755305535,0.3673995487421467,-0.32021890431437294,-0.547146470674271,-0.7723589361524449,-1.1990555925274256,-0.801082927898766,0.3766354264645668,0.304462483747831,-0.2003095726745816,0.35294117647058826,0.12797065225690435,38.928479992135664,-3.1101331528432405,0.02664624637894198,1525,0.44079267985329196,-0.48872422306651686,0.057926786223014955,"[0.28, -0.62, -1.2, -0.98]","['net_sharpe', 'dbl_sharpe', 'tri_sharpe', 'ret_1x', 'ret_2x', 'pos_folds', 'turnover', 'gross_edge', 'short_pnl']",3,30,2,15,0.3,4
40.72283962974261,35.409771049375365,0.8695309897670604,0.9129045409930814,0.6682060942703105,0.42498791003707315,0.34787073269763885,0.6423631142670507,0.18196484666290302,0.15882833463095325,0.42719553332164106,0.7647058823529411,0.12290780163462625,39.72660450567736,35.718681887955206,0.025608910072241243,1498,0.7358797222669999,-0.17411837540265285,0.05214382062123365,"[0.46, 0.83, 0.35, 1.07]","['turnover', 'gross_edge', 'short_pnl']",3,30,2,15,0.3,5
51.080454402144355,48.39787343561056,0.94748322038378,1.088434232078367,0.8338751467161531,0.5792111340446265,0.06631026575432084,0.908778848246061,0.1110676961236633,0.10098258320271791,0.9028815057480756,0.6470588235294118,0.123568076736403,41.81256498183758,39.59137857050572,0.026513812462561646,1488,0.654308008097962,0.0010557436537404138,0.05811181994960496,"[0.99, 1.36, 0.07, 0.83]","['turnover', 'gross_edge']",3,30,2,15,0.3,6
-40.874692226793975,-16.352744246397016,0.4000701499026223,-0.08154378092555076,-0.32213589772267703,-0.5620243094319637,-2.3263921471171134,-0.1674343264740979,0.35013522193195623,0.29670693515389246,-0.13245013727816432,0.35294117647058826,0.1236045785069033,39.68049699135204,4.858606468860195,0.027581000139398543,1443,0.26642308986639696,-0.19009861767754258,0.07440703326308214,"[0.57, 0.37, -2.33, -0.71]","['net_sharpe', 'dbl_sharpe', 'tri_sharpe', 'ret_1x', 'ret_2x', 'pos_folds', 'turnover', 'gross_edge', 'short_pnl']",3,30,2,15,0.3,7
-32.096925978181375,-11.853128282678211,0.3692916976141469,-0.15793638435370283,-0.3975489380479387,-0.6369043214871167,-0.7921883311813501,-0.49781529352016385,0.3352523795416009,0.27491290889397935,-0.16661399465692134,0.47058823529411764,0.1249886686511653,39.86126710074129,2.476376787209101,0.027336095558196598,1479,0.1437053364624087,-0.10462639360627445,0.058008703083797894,"[-0.24, 0.11, -0.76, -0.79]","['net_sharpe', 'dbl_sharpe', 'tri_sharpe', 'ret_1x', 'ret_2x', 'pos_folds', 'turnover', 'gross_edge', 'short_pnl']",3,30,2,15,0.3,8
-32.259515119986425,-12.512671084157013,0.38787536135051115,-0.11153051844982832,-0.3441809461790306,-0.5760230428092146,-1.1030661334362688,-0.17632767357551302,0.36364837723365007,0.33286487383182006,-0.15353035627679285,0.5294117647058824,0.13837110611026754,42.93401958523688,3.7229525719781362,0.028899440253643917,1492,0.18750414153169914,-0.12422449620701022,0.05772804772692246,"[-1.1, -0.4, 0.53, 0.04]","['net_sharpe', 'dbl_sharpe', 'tri_sharpe', 'ret_1x', 'ret_2x', 'pos_folds', 'turnover', 'gross_edge', 'short_pnl']",3,30,2,15,0.3,9
-24.783652944458005,-14.39554375282417,0.5808483432642333,0.1875941767440308,-0.04214531007677226,-0.2713916953426684,-0.6485999077671308,-0.08353054391731088,0.2756927264050387,0.24689988875171465,-0.05540082571766445,0.29411764705882354,0.137543581454167,42.153739895872604,13.440746826929276,0.02725636634486191,1552,0.1557064607355455,0.06859623586905778,0.06456065515651621,"[-0.23, -0.65, 0.7, 0.06]","['net_sharpe', 'dbl_sharpe', 'tri_sharpe', 'ret_2x', 'pos_folds', 'turnover', 'gross_edge']",3,30,2,15,0.3,10
-32.86325784878932,-11.80904582743387,0.35933886657767605,-0.24579715118514006,-0.5053326095471276,-0.7631891890230894,-1.0079770306198343,-0.4464162844262556,0.2757309343228289,0.19852349556999938,-0.23948473635228,0.4117647058823529,0.12050253260689195,41.85419673428551,0.489592061915023,0.02855611374696296,1570,-0.07692113816920675,0.08503351958894984,0.06974758168964529,"[-1.01, 0.09, -0.36, -0.53]","['net_sharpe', 'dbl_sharpe', 'tri_sharpe', 'ret_1x', 'ret_2x', 'pos_folds', 'turnover', 'gross_edge', 'long_pnl']",3,30,2,15,0.3,11
-42.930800340832114,-11.268221248596598,0.26247405497072057,-0.40977090414177203,-0.6530650909055692,-0.8945279649997109,-1.4849862906920768,-0.6501814459714992,0.39664981099428764,0.337513702575133,-0.21029265750121073,0.35294117647058826,0.12168060815967448,39.69593213451581,-4.962944860256981,0.028006720899402232,1481,-0.055860078347538394,-0.02213378571009226,0.09265722634476019,"[-0.02, -0.55, -0.75, -1.48]","['net_sharpe', 'dbl_sharpe', 'tri_sharpe', 'ret_1x', 'ret_2x', 'pos_folds', 'turnover', 'gross_edge', 'long_pnl', 'short_pnl']",3,30,2,15,0.3,12
-31.104661731538805,-11.63686700750433,0.374119709384431,-0.09078537963167119,-0.323472058545915,-0.5557492904920867,-0.8207728230892646,-0.4645671976071679,0.27425354970673865,0.20126487489928924,-0.17531224826321004,0.35294117647058826,0.12727325324524308,39.48247832228831,4.380880862232102,0.027219047532140033,1474,0.07253872400750837,-0.004062338072918822,0.08316346251770189,"[0.31, -0.79, -0.82, -0.14]","['net_sharpe', 'dbl_sharpe', 'tri_sharpe', 'ret_1x', 'ret_2x', 'pos_folds', 'turnover', 'gross_edge', 'short_pnl']",3,30,2,15,0.3,13
-44.55302622496659,-16.20870092385044,0.36380695762406867,-0.31922119588789205,-0.5489155210360269,-0.7775889729927081,-1.9996040213838324,-0.5340872592933207,0.3679645258490376,0.3127189287925032,-0.20986429367031773,0.29411764705882354,0.13066371793984843,40.09607210551101,-3.0181820707655502,0.02751846773741897,1537,0.20460019961781528,-0.2525097668449196,0.10016260017853405,"[0.73, -0.7, -0.36, -2.0]","['net_sharpe', 'dbl_sharpe', 'tri_sharpe', 'ret_1x', 'ret_2x', 'pos_folds', 'turnover', 'gross_edge', 'short_pnl']",3,30,2,15,0.3,14
-25.61973762336003,-10.051921702538852,0.3923506887663646,-0.039809777707816324,-0.2297742184298321,-0.4187823990581297,-1.1292188650001092,-0.20163363117102664,0.21524636542224185,0.1987341826603901,-0.18409598446581493,0.47058823529411764,0.13555467267728535,34.408682571306784,5.74291693926711,0.026002956421403992,1205,0.32167370890472746,-0.24344330680469473,0.08608188041030412,"[-0.18, -0.22, -1.13, 0.48]","['net_sharpe', 'dbl_sharpe', 'tri_sharpe', 'ret_1x', 'ret_2x', 'pos_folds', 'turnover', 'gross_edge', 'short_pnl']",3,30,2,15,0.45,0
-6.527170437600319,-5.320120287599398,0.8150729842984326,0.5534705535784132,0.33607454426934935,0.11898504963545363,-1.783532156114171,0.5672239061104893,0.21294461522019736,0.18741233983466699,0.16239307685560792,0.6470588235294118,0.12381610296336923,35.83770802463439,26.618793454131367,0.025730082618358772,1251,0.6516582414654961,-0.27399599172903943,0.08627659888437966,"[1.26, 0.2, -1.78, 0.93]","['net_sharpe', 'dbl_sharpe', 'turnover', 'gross_edge', 'short_pnl']",3,30,2,15,0.45,1
-30.99587832986759,-15.436796055241881,0.4980273793489183,0.07917093682694523,-0.1448462679275621,-0.3680206541061161,-1.3472912216574706,-0.07114404950755429,0.27863770162502477,0.23250529226840644,-0.09587464567818614,0.4117647058823529,0.1290273685092807,38.51600431465625,9.974630656873584,0.027238948898545407,1310,0.4359760461449242,-0.2838817130852202,0.08251166177027196,"[0.41, -0.55, -1.35, 0.47]","['net_sharpe', 'dbl_sharpe', 'tri_sharpe', 'ret_2x', 'pos_folds', 'turnover', 'gross_edge', 'short_pnl']",3,30,2,15,0.45,2
-39.46845567041313,-20.03476109024688,0.5076145177189085,0.06443832290976177,-0.13946501318380453,-0.342587846698325,-1.5041319150544636,-0.5320620042399695,0.39759110018238975,0.3546345453148022,-0.06435632789582589,0.47058823529411764,0.12743753313973316,34.72467337331401,9.630443798980124,0.026466764584270476,1216,0.2900850682770814,-0.1576937663059355,0.06265977496868023,"[1.32, -1.48, -1.5, 0.41]","['net_sharpe', 'dbl_sharpe', 'tri_sharpe', 'ret_2x', 'pos_folds', 'turnover', 'gross_edge', 'short_pnl']",3,30,2,15,0.45,3
-34.33462001171588,-13.171675798728483,0.3836266658618607,-0.10601979879119006,-0.31453377612638134,-0.5215992592028995,-0.9395686391660137,-0.6312845413417063,0.3076235446224632,0.24294470047164285,-0.1552549539697521,0.4117647058823529,0.12873153695541173,35.92314844145756,3.629570421166354,0.026538783531486497,1239,0.3989020224594598,-0.34728361487276993,0.05427391203808723,"[0.68, -0.94, -0.59, -0.68]","['net_sharpe', 'dbl_sharpe', 'tri_sharpe', 'ret_1x', 'ret_2x', 'pos_folds', 'turnover', 'gross_edge', 'short_pnl']",3,30,2,15,0.45,4
56.36291825592177,50.145565823289665,0.8896907288511648,1.3197501750662186,1.1019405148271042,0.8849223522135888,0.026437853415922228,1.2442751761820692,0.12506755430892913,0.11555004090089394,1.117682911032093,0.8235294117647058,0.12544955365457455,35.85051312337142,53.62185466453217,0.025214146396117795,1184,0.9918856478999638,-0.23083740097223196,0.06810408516510685,"[1.61, 0.88, 0.03, 1.63]","['turnover', 'short_pnl']",3,30,2,15,0.45,5
48.05887171347832,42.61948963904231,0.8868183567257881,1.0558431869945364,0.8369179270542538,0.6175606576797072,0.010573469435163145,0.9288969839908278,0.11500262867892508,0.103941159117241,0.8922412273348227,0.5882352941176471,0.12608953327402708,36.78403406411888,43.58044576233006,0.026408748285053102,1175,0.6559768445793249,-0.021338940717203207,0.07592265886661576,"[1.11, 0.75, 0.01, 1.24]","['turnover', 'short_pnl']",3,30,2,15,0.45,6
-49.17333510740175,-18.431155470094513,0.37482012212184057,-0.25421476444917324,-0.48001902829675114,-0.7052418514915662,-2.3883076332091444,-1.012132077543949,0.42462284252905513,0.38180728779515305,-0.14956223603831628,0.29411764705882354,0.12136662766711098,36.51679364373514,-0.9999942466664953,0.028983452288521595,1153,0.2697190795937807,-0.2841756448623806,0.04857912961351639,"[1.36, -0.06, -2.39, -1.97]","['net_sharpe', 'dbl_sharpe', 'tri_sharpe', 'ret_1x', 'ret_2x', 'pos_folds', 'turnover', 'gross_edge', 'short_pnl']",3,30,2,15,0.45,7
-44.36244242286879,-12.294780384472489,0.2771439017553854,-0.515052969298965,-0.7282300150053689,-0.9409356085323959,-1.5455888748966775,-0.6359416828368439,0.41693255385481476,0.3668014823910516,-0.22287871215626656,0.29411764705882354,0.12347803922474498,34.928231929499745,-10.727149897906104,0.028370613013039295,1131,-0.05486495214947952,-0.09346741729932856,0.05782244266053227,"[-0.22, -0.5, -0.77, -1.55]","['net_sharpe', 'dbl_sharpe', 'tri_sharpe', 'ret_1x', 'ret_2x', 'pos_folds', 'turnover', 'gross_edge', 'long_pnl', 'short_pnl']",3,30,2,15,0.45,8
-38.895398790826015,-15.44913875052785,0.3971970780814241,-0.2352107766902517,-0.4345577895502108,-0.6332850478614895,-1.4511082286553434,-0.32216910983564595,0.41533849043575555,0.39036441891885454,-0.16662160208013002,0.47058823529411764,0.14139468452415158,37.57761629020383,-1.6178656233251698,0.02893192273254759,1179,0.21864840723028642,-0.2427167760126162,0.0509049966463115,"[-1.45, -0.89, 0.97, 0.25]","['net_sharpe', 'dbl_sharpe', 'tri_sharpe', 'ret_1x', 'ret_2x', 'pos_folds', 'turnover', 'gross_edge', 'short_pnl']",3,30,2,15,0.45,9
-19.202670062869363,-11.297399174616238,0.5883243912241714,0.18019566102845772,-0.029647280012434336,-0.2388865724958426,-0.5977282067734546,0.0666366506918781,0.2565027639520645,0.24887824547075865,-0.05570501424146185,0.4117647058823529,0.1416764537958322,39.66790609197433,13.720883465638481,0.027853576707954346,1302,0.11344402571333582,0.1020306991622924,0.06470043235783837,"[-0.6, -0.11, 0.58, 0.24]","['net_sharpe', 'dbl_sharpe', 'tri_sharpe', 'ret_2x', 'pos_folds', 'turnover', 'gross_edge']",3,30,2,15,0.45,10
-38.16992712504284,-13.072471240214949,0.34248090643165663,-0.4045292010353577,-0.6452368265114259,-0.8844223783748364,-1.0726084208655609,-0.5204622663279084,0.33805723593401893,0.2730132957312936,-0.2407353289419013,0.29411764705882354,0.120112071936475,38.6937054097116,-4.933641477888298,0.028625929409353493,1365,-0.10509572037173591,0.029519896517769734,0.06691016639982139,"[-1.07, -0.46, -0.58, -0.39]","['net_sharpe', 'dbl_sharpe', 'tri_sharpe', 'ret_1x', 'ret_2x', 'pos_folds', 'turnover', 'gross_edge', 'long_pnl']",3,30,2,15,0.45,11
-39.38884077566482,-14.840899241293352,0.3767792844125117,-0.34044083975276185,-0.5572273274464553,-0.772701545764482,-1.3001241400567791,-0.5755370851312731,0.35604145839362933,0.3008211747842623,-0.2073195740211894,0.4117647058823529,0.12360925070766399,35.880065899267024,-4.14240693821885,0.02736143499211553,1247,0.020540257062647227,-0.07938138309591894,0.09340368154320289,"[0.04, -0.37, -0.78, -1.3]","['net_sharpe', 'dbl_sharpe', 'tri_sharpe', 'ret_1x', 'ret_2x', 'pos_folds', 'turnover', 'gross_edge', 'short_pnl']",3,30,2,15,0.45,12
-20.12038975948089,-10.661978668106007,0.5299091516396692,0.2125619784550233,0.004831956126941791,-0.20278365341127758,-0.749996333173054,-0.20028080486416716,0.2138210618212737,0.1767146677773287,-0.035664238482251746,0.47058823529411764,0.12872481572537198,35.65407970833565,14.91796430639188,0.027176626210012426,1161,0.2537769336118087,-0.043208252287517776,0.07499675389364499,"[0.97, -0.61, -0.75, 0.21]","['net_sharpe', 'dbl_sharpe', 'tri_sharpe', 'ret_2x', 'pos_folds', 'turnover', 'gross_edge', 'short_pnl']",3,30,2,15,0.45,13
-30.466184985566457,-10.681502675810034,0.3506019109668789,-0.2368889405876109,-0.4417069340968008,-0.6457560377971304,-0.8391063224085664,-0.3901771527272493,0.2604730669503952,0.24626792599250702,-0.24890350615067627,0.35294117647058826,0.13185457853296842,36.05437893576434,-1.1810967660238045,0.027526719194235178,1252,0.24647364509316158,-0.26333212768853975,0.07781550945688823,"[-0.23, -0.12, -0.55, -0.84]","['net_sharpe', 'dbl_sharpe', 'tri_sharpe', 'ret_1x', 'ret_2x', 'pos_folds', 'turnover', 'gross_edge', 'short_pnl']",3,30,2,15,0.45,14
-2.1406145427088306,-1.761349857299027,0.822824390920065,0.46582196164537193,0.30091328018520813,0.13640154268758253,-0.3534677539112649,0.13958866777676632,0.19302014817790325,0.1836616374070984,0.16807453434916336,0.5294117647058824,0.1369193104970278,30.037014641555537,28.56374620783745,0.025524245452174323,857,0.5493005425935155,-0.20963858009343356,0.08234694157649186,"[0.23, 0.05, -0.35, 1.4]","['net_sharpe', 'dbl_sharpe', 'turnover', 'gross_edge', 'short_pnl']",3,30,2,15,0.6,0
6.0789907793651,5.4409684383372845,0.8950446934064191,0.7527204136536327,0.565783740305786,0.3786603614618828,-2.0065411903888686,1.1185054345102925,0.20844694025267052,0.1880632856228479,0.3124748814586185,0.6470588235294118,0.12522721366202452,31.179132238651498,37.67383147049873,0.025661358152041003,897,0.6352871842729417,-0.1702595118076044,0.08152246130486808,"[1.36, 1.22, -2.01, 1.02]","['net_sharpe', 'turnover', 'gross_edge', 'short_pnl']",3,30,2,15,0.6,1
-31.967222752461154,-12.851254521393491,0.40201348177498697,0.02518171432736419,-0.1701504793882546,-0.3646888646950313,-1.5111220962314025,-0.2920705138502079,0.29545636342234594,0.23851439205230685,-0.10127871367468151,0.5882352941176471,0.12913714349904376,33.616945284164714,8.241703927955228,0.027747358620807516,1001,0.4029674365115319,-0.29328167899321816,0.07805292159718666,"[-0.02, -0.56, -1.51, 1.02]","['net_sharpe', 'dbl_sharpe', 'tri_sharpe', 'ret_1x', 'ret_2x', 'pos_folds', 'turnover', 'gross_edge', 'short_pnl']",3,30,2,15,0.6,2
-38.93886635771986,-15.50907037799497,0.3982928068711021,-0.06241390551450443,-0.2450722671706183,-0.4268609549491357,-1.4594519746403083,-0.5472156465531635,0.3701080183941846,0.3233559704141151,-0.1073434341675671,0.47058823529411764,0.1304238881995565,31.82155380477803,4.69341232728461,0.027070784593275044,968,0.20538951076631204,-0.14626261560425574,0.07085431241475301,"[1.13, -1.46, -0.86, -0.23]","['net_sharpe', 'dbl_sharpe', 'tri_sharpe', 'ret_1x', 'ret_2x', 'pos_folds', 'turnover', 'gross_edge', 'short_pnl']",3,30,2,15,0.6,3
-39.63528344562167,-15.45742843395507,0.38999162085373157,-0.21616125767025532,-0.4024933328959475,-0.587566177194837,-1.6452754212581053,-0.3673723789634912,0.3543878589237991,0.3381768858257611,-0.16197880867942263,0.4117647058823529,0.12653518167429778,31.586056555870584,-1.2509349993256094,0.027243834523421485,922,0.4223812351117712,-0.4380236980582431,0.051202850436216946,"[0.63, -0.31, -0.43, -1.65]","['net_sharpe', 'dbl_sharpe', 'tri_sharpe', 'ret_1x', 'ret_2x', 'pos_folds', 'turnover', 'gross_edge', 'short_pnl']",3,30,2,15,0.6,4
61.592220502616605,55.853561557839086,0.9068281854762206,1.3462270719912959,1.1646364697024794,0.9832514885791732,0.2489866777853861,0.9587012047554372,0.11942817470207356,0.11555004090089394,1.258885447310808,0.7058823529411765,0.12683077594685327,30.280839720228354,63.76159104617199,0.02414012243980683,911,1.1459767819775637,-0.3816095820786189,0.06855889375879226,"[1.58, 0.34, 0.25, 2.11]","['turnover', 'short_pnl']",3,30,2,15,0.6,5
34.07056957625967,33.416272310070006,0.9807958224847061,1.0103720520527335,0.823846250332685,0.6366806945284712,0.15183473391522803,0.6017865660014958,0.17235364606613823,0.16430962177575847,0.581111703895392,0.6470588235294118,0.12533743955794877,31.241357692470512,47.94063731413625,0.025793815937313135,876,0.5335174004750378,0.0594197816058987,0.08195732827173781,"[0.99, 0.15, 0.21, 1.74]",['turnover'],3,30,2,15,0.6,6
-43.39452254439122,-16.951040582053174,0.3906262723529864,-0.30353684164035183,-0.5043769913975786,-0.704779215663422,-2.094318512811369,-0.4857494775060064,0.3838821360111202,0.3395306714416393,-0.16656499031570862,0.4117647058823529,0.11737301652309287,31.37979481861275,-3.8147233483392875,0.029104654250036315,886,0.09048932424485667,-0.13787947930325423,0.04407559990623531,"[0.39, -0.56, -2.09, -0.41]","['net_sharpe', 'dbl_sharpe', 'tri_sharpe', 'ret_1x', 'ret_2x', 'pos_folds', 'turnover', 'gross_edge', 'short_pnl']",3,30,2,15,0.6,7
-45.862692483065075,-13.332193326416608,0.2906980075655078,-0.7296360319916068,-0.9097731583280575,-1.0892931579075669,-1.2369877033387056,-0.9194391670865338,0.5098436123858885,0.4724950574904595,-0.2293483436277931,0.23529411764705882,0.12765641413116766,30.52314754120997,-23.140141061973765,0.029082983765354425,875,-0.15924993944111437,-0.12037139287444909,0.05066557775254279,"[-0.83, -1.01, -0.67, -1.24]","['net_sharpe', 'dbl_sharpe', 'tri_sharpe', 'ret_1x', 'ret_2x', 'pos_folds', 'turnover', 'gross_edge', 'long_pnl', 'short_pnl']",3,30,2,15,0.6,8
-48.18840037504753,-15.025701937100049,0.31181159407981757,-0.7618527115030195,-0.9184934904394257,-1.0743811958327842,-1.7291604043229756,-0.8694046340503332,0.5342224383766658,0.5032321974526025,-0.2654251965432646,0.35294117647058826,0.15304870847080668,31.99456525739262,-29.564406794286388,0.03033346083492599,890,-0.013228850040525653,-0.3612440252684255,0.049292099021555486,"[-1.73, -1.61, 0.26, -0.13]","['net_sharpe', 'dbl_sharpe', 'tri_sharpe', 'ret_1x', 'ret_2x', 'pos_folds', 'turnover', 'gross_edge', 'long_pnl', 'short_pnl']",3,30,2,15,0.6,9
-33.420880200037686,-15.660697745552064,0.468590224189679,-0.11061340194114579,-0.2788895770667186,-0.44663709394478973,-1.2866839568713773,-0.10577243346322857,0.3173049959075622,0.3100509573848126,-0.15626403092812086,0.4117647058823529,0.14415188781307514,32.415267897062336,2.1980118805994566,0.027492418908322158,972,0.01804319682175641,0.010163656057299741,0.05789835645244942,"[-1.29, -0.16, 1.07, -0.06]","['net_sharpe', 'dbl_sharpe', 'tri_sharpe', 'ret_1x', 'ret_2x', 'pos_folds', 'turnover', 'gross_edge']",3,30,2,15,0.6,10
-30.73640836939294,-12.700508941000054,0.4132073203987983,-0.1270863396787618,-0.33220535776101506,-0.5366162454361658,-1.3253107531868207,-0.00032622914232817435,0.28314174597824937,0.22376712787175357,-0.1705127844441561,0.4117647058823529,0.12513942674335632,34.25978528081286,3.0167963900090227,0.02791954610434849,1026,-0.12862248158960676,0.16953965447338504,0.06846209365458034,"[-1.33, 0.34, -0.17, 0.17]","['net_sharpe', 'dbl_sharpe', 'tri_sharpe', 'ret_1x', 'ret_2x', 'pos_folds', 'turnover', 'gross_edge', 'long_pnl']",3,30,2,15,0.6,11
-33.70485452751286,-16.047726201295948,0.4761250694079212,-0.011275564579493937,-0.2156885647508126,-0.41902308523251247,-1.1270630196353735,-0.5543479281379028,0.27564077666917264,0.22208587908141542,-0.11978623166877814,0.4117647058823529,0.12125176722656568,33.130686429906774,7.260801046636532,0.027577318105235234,941,0.09345001202064585,0.001783533543805449,0.08995891628023703,"[1.05, -1.13, -0.28, -0.83]","['net_sharpe', 'dbl_sharpe', 'tri_sharpe', 'ret_1x', 'ret_2x', 'pos_folds', 'turnover', 'gross_edge']",3,30,2,15,0.6,12
-10.880104494522532,-5.790947839893659,0.5322511233976702,0.14830900305821568,-0.03601722607779366,-0.22029224299396652,-0.5884951489908248,-0.015659668159468704,0.16860044248027783,0.1508032668478032,-0.07616662993021812,0.4117647058823529,0.12873752893463572,31.63134732152665,13.298623061653714,0.026730193759493998,921,0.21846894422152302,-0.05193631069577474,0.0798398861608657,"[0.4, -0.59, -0.27, 0.24]","['net_sharpe', 'dbl_sharpe', 'tri_sharpe', 'ret_2x', 'pos_folds', 'turnover', 'gross_edge', 'short_pnl']",3,30,2,15,0.6,13
-2.4901901948729623,-2.108968918688867,0.8469107793577416,0.4130794303868926,0.23086200257229536,0.04847582101306756,-0.629638180654857,0.25824881973490066,0.15731980958930747,0.1276330179353805,0.1378127080700441,0.4117647058823529,0.12835587505047039,31.164994849377244,24.467998633234345,0.0267571664126494,875,0.238707031780388,0.06317724198484875,0.0785032718860811,"[0.89, -0.37, -0.63, 0.94]","['net_sharpe', 'dbl_sharpe', 'pos_folds', 'turnover', 'gross_edge']",3,30,2,15,0.6,14
