timestamp,price_pnl,long_price_pnl,short_price_pnl,funding_pnl,long_funding_pnl,short_funding_pnl,forced_exit_boundary_funding_pnl,fees,slippage,net_return,turnover,gross_exposure,net_exposure,long_exposure,short_exposure,requested_notional,unfilled_notional,forced_exit_requested_notional,forced_exit_unfilled_notional,forced_exit_turnover,conservative_settlement_notional,conservative_settlement_loss,terminal_unresolved_notional,risk_reduction_turnover,risk_cap_breach,risk_cap_required_scale,equity,risk_policy_id,risk_policy_turnover,risk_policy_gross_scale,risk_policy_drawdown,risk_policy_annualized_volatility,risk_policy_reasons
2020-02-03T00:00:00Z,0,0,0,0,0,0,-0,0,0,0,0,0,0,0,-0,0,0,0,0,0,0,0,0,0,False,1,100000,team09-risk-none,0,1,0,,
2020-02-03T08:00:00Z,0,0,0,0,0,0,-0,0,0,0,0,0,0,0,-0,0,0,0,0,0,0,0,0,0,False,1,100000,team09-risk-none,0,1,0,,
2020-02-03T16:00:00Z,0,0,0,0,0,0,-0,0,0,0,0,0,0,0,-0,0,0,0,0,0,0,0,0,0,False,1,100000,team09-risk-none,0,1,0,,
2020-02-04T00:00:00Z,0,0,0,0,0,0,-0,0,0,0,0,0,0,0,-0,0,0,0,0,0,0,0,0,0,False,1,100000,team09-risk-none,0,1,0,,
2020-02-04T08:00:00Z,0,0,0,0,0,0,-0,0,0,0,0,0,0,0,-0,0,0,0,0,0,0,0,0,0,False,1,100000,team09-risk-none,0,1,0,,
2020-02-04T16:00:00Z,0,0,0,0,0,0,-0,0,0,0,0,0,0,0,-0,0,0,0,0,0,0,0,0,0,False,1,100000,team09-risk-none,0,1,0,,
2020-02-05T00:00:00Z,0,0,0,0,0,0,-0,0,0,0,0,0,0,0,-0,0,0,0,0,0,0,0,0,0,False,1,100000,team09-risk-none,0,1,0,,
2020-02-05T08:00:00Z,0,0,0,0,0,0,-0,0,0,0,0,0,0,0,-0,0,0,0,0,0,0,0,0,0,False,1,100000,team09-risk-none,0,1,0,,
2020-02-05T16:00:00Z,0,0,0,0,0,0,-0,0,0,0,0,0,0,0,-0,0,0,0,0,0,0,0,0,0,False,1,100000,team09-risk-none,0,1,0,,
2020-02-06T00:00:00Z,0,0,0,0,0,0,-0,0,0,0,0,0,0,0,-0,0,0,0,0,0,0,0,0,0,False,1,100000,team09-risk-none,0,1,0,,
2020-02-06T08:00:00Z,0,0,0,0,0,0,-0,0,0,0,0,0,0,0,-0,0,0,0,0,0,0,0,0,0,False,1,100000,team09-risk-none,0,1,0,,
2020-02-06T16:00:00Z,0,0,0,0,0,0,-0,0,0,0,0,0,0,0,-0,0,0,0,0,0,0,0,0,0,False,1,100000,team09-risk-none,0,1,0,,
2020-02-07T00:00:00Z,0,0,0,0,0,0,-0,0,0,0,0,0,0,0,-0,0,0,0,0,0,0,0,0,0,False,1,100000,team09-risk-none,0,1,0,,
2020-02-07T08:00:00Z,0,0,0,0,0,0,-0,0,0,0,0,0,0,0,-0,0,0,0,0,0,0,0,0,0,False,1,100000,team09-risk-none,0,1,0,,
2020-02-07T16:00:00Z,0,0,0,0,0,0,-0,0,0,0,0,0,0,0,-0,0,0,0,0,0,0,0,0,0,False,1,100000,team09-risk-none,0,1,0,,
2020-02-08T00:00:00Z,0,0,0,0,0,0,-0,0,0,0,0,0,0,0,-0,0,0,0,0,0,0,0,0,0,False,1,100000,team09-risk-none,0,1,0,,
2020-02-08T08:00:00Z,0,0,0,0,0,0,-0,0,0,0,0,0,0,0,-0,0,0,0,0,0,0,0,0,0,False,1,100000,team09-risk-none,0,1,0,,
2020-02-08T16:00:00Z,0,0,0,0,0,0,-0,0,0,0,0,0,0,0,-0,0,0,0,0,0,0,0,0,0,False,1,100000,team09-risk-none,0,1,0,,
2020-02-09T00:00:00Z,0,0,0,0,0,0,-0,0,0,0,0,0,0,0,-0,0,0,0,0,0,0,0,0,0,False,1,100000,team09-risk-none,0,1,0,,
2020-02-09T08:00:00Z,0,0,0,0,0,0,-0,0,0,0,0,0,0,0,-0,0,0,0,0,0,0,0,0,0,False,1,100000,team09-risk-none,0,1,0,,
2020-02-09T16:00:00Z,0,0,0,0,0,0,-0,0,0,0,0,0,0,0,-0,0,0,0,0,0,0,0,0,0,False,1,100000,team09-risk-none,0,1,0,,
2020-02-10T00:00:00Z,0,0,0,0,0,0,-0,0,0,0,0,0,0,0,-0,0,0,0,0,0,0,0,0,0,False,1,100000,team09-risk-none,0,1,0,,
2020-02-10T08:00:00Z,0,0,0,0,0,0,-0,0,0,0,0,0,0,0,-0,0,0,0,0,0,0,0,0,0,False,1,100000,team09-risk-none,0,1,0,,
2020-02-10T16:00:00Z,0,0,0,0,0,0,-0,0,0,0,0,0,0,0,-0,0,0,0,0,0,0,0,0,0,False,1,100000,team09-risk-none,0,1,0,,
2020-02-11T00:00:00Z,0,0,0,0,0,0,-0,0,0,0,0,0,0,0,-0,0,0,0,0,0,0,0,0,0,False,1,100000,team09-risk-none,0,1,0,,
2020-02-11T08:00:00Z,0,0,0,0,0,0,-0,0,0,0,0,0,0,0,-0,0,0,0,0,0,0,0,0,0,False,1,100000,team09-risk-none,0,1,0,,
2020-02-11T16:00:00Z,0,0,0,0,0,0,-0,0,0,0,0,0,0,0,-0,0,0,0,0,0,0,0,0,0,False,1,100000,team09-risk-none,0,1,0,,
2020-02-12T00:00:00Z,0,0,0,0,0,0,-0,0,0,0,0,0,0,0,-0,0,0,0,0,0,0,0,0,0,False,1,100000,team09-risk-none,0,1,0,,
2020-02-12T08:00:00Z,0,0,0,0,0,0,-0,0,0,0,0,0,0,0,-0,0,0,0,0,0,0,0,0,0,False,1,100000,team09-risk-none,0,1,0,,
2020-02-12T16:00:00Z,0,0,0,0,0,0,-0,0,0,0,0,0,0,0,-0,0,0,0,0,0,0,0,0,0,False,1,100000,team09-risk-none,0,1,0,,
2020-02-13T00:00:00Z,0,0,0,0,0,0,-0,0,0,0,0,0,0,0,-0,0,0,0,0,0,0,0,0,0,False,1,100000,team09-risk-none,0,1,0,,
2020-02-13T08:00:00Z,0,0,0,0,0,0,-0,0,0,0,0,0,0,0,-0,0,0,0,0,0,0,0,0,0,False,1,100000,team09-risk-none,0,1,0,,
2020-02-13T16:00:00Z,0,0,0,0,0,0,-0,0,0,0,0,0,0,0,-0,0,0,0,0,0,0,0,0,0,False,1,100000,team09-risk-none,0,1,0,,
2020-02-14T00:00:00Z,0,0,0,0,0,0,-0,0,0,0,0,0,0,0,-0,0,0,0,0,0,0,0,0,0,False,1,100000,team09-risk-none,0,1,0,,
2020-02-14T08:00:00Z,0,0,0,0,0,0,-0,0,0,0,0,0,0,0,-0,0,0,0,0,0,0,0,0,0,False,1,100000,team09-risk-none,0,1,0,,
2020-02-14T16:00:00Z,0,0,0,0,0,0,-0,0,0,0,0,0,0,0,-0,0,0,0,0,0,0,0,0,0,False,1,100000,team09-risk-none,0,1,0,,
2020-02-15T00:00:00Z,0,0,0,0,0,0,-0,0,0,0,0,0,0,0,-0,0,0,0,0,0,0,0,0,0,False,1,100000,team09-risk-none,0,1,0,,
2020-02-15T08:00:00Z,0,0,0,0,0,0,-0,0,0,0,0,0,0,0,-0,0,0,0,0,0,0,0,0,0,False,1,100000,team09-risk-none,0,1,0,,
2020-02-15T16:00:00Z,0,0,0,0,0,0,-0,0,0,0,0,0,0,0,-0,0,0,0,0,0,0,0,0,0,False,1,100000,team09-risk-none,0,1,0,,
2020-02-16T00:00:00Z,0,0,0,0,0,0,-0,0,0,0,0,0,0,0,-0,0,0,0,0,0,0,0,0,0,False,1,100000,team09-risk-none,0,1,0,,
2020-02-16T08:00:00Z,0,0,0,0,0,0,-0,0,0,0,0,0,0,0,-0,0,0,0,0,0,0,0,0,0,False,1,100000,team09-risk-none,0,1,0,,
2020-02-16T16:00:00Z,0,0,0,0,0,0,-0,0,0,0,0,0,0,0,-0,0,0,0,0,0,0,0,0,0,False,1,100000,team09-risk-none,0,1,0,,
2020-02-17T00:00:00Z,0,0,0,0,0,0,-0,0,0,0,0,0,0,0,-0,0,0,0,0,0,0,0,0,0,False,1,100000,team09-risk-none,0,1,0,,
2020-02-17T08:00:00Z,0,0,0,0,0,0,-0,0,0,0,0,0,0,0,-0,0,0,0,0,0,0,0,0,0,False,1,100000,team09-risk-none,0,1,0,,
2020-02-17T16:00:00Z,0,0,0,0,0,0,-0,0,0,0,0,0,0,0,-0,0,0,0,0,0,0,0,0,0,False,1,100000,team09-risk-none,0,1,0,,
2020-02-18T00:00:00Z,0,0,0,0,0,0,-0,0,0,0,0,0,0,0,-0,0,0,0,0,0,0,0,0,0,False,1,100000,team09-risk-none,0,1,0,,
2020-02-18T08:00:00Z,0,0,0,0,0,0,-0,0,0,0,0,0,0,0,-0,0,0,0,0,0,0,0,0,0,False,1,100000,team09-risk-none,0,1,0,,
2020-02-18T16:00:00Z,0,0,0,0,0,0,-0,0,0,0,0,0,0,0,-0,0,0,0,0,0,0,0,0,0,False,1,100000,team09-risk-none,0,1,0,,
2020-02-19T00:00:00Z,0,0,0,0,0,0,-0,0,0,0,0,0,0,0,-0,0,0,0,0,0,0,0,0,0,False,1,100000,team09-risk-none,0,1,0,,
2020-02-19T08:00:00Z,0,0,0,0,0,0,-0,0,0,0,0,0,0,0,-0,0,0,0,0,0,0,0,0,0,False,1,100000,team09-risk-none,0,1,0,,
2020-02-19T16:00:00Z,0,0,0,0,0,0,-0,0,0,0,0,0,0,0,-0,0,0,0,0,0,0,0,0,0,False,1,100000,team09-risk-none,0,1,0,,
2020-02-20T00:00:00Z,0,0,0,0,0,0,-0,0,0,0,0,0,0,0,-0,0,0,0,0,0,0,0,0,0,False,1,100000,team09-risk-none,0,1,0,,
2020-02-20T08:00:00Z,0,0,0,0,0,0,-0,0,0,0,0,0,0,0,-0,0,0,0,0,0,0,0,0,0,False,1,100000,team09-risk-none,0,1,0,,
2020-02-20T16:00:00Z,0,0,0,0,0,0,-0,0,0,0,0,0,0,0,-0,0,0,0,0,0,0,0,0,0,False,1,100000,team09-risk-none,0,1,0,,
2020-02-21T00:00:00Z,0,0,0,0,0,0,-0,0,0,0,0,0,0,0,-0,0,0,0,0,0,0,0,0,0,False,1,100000,team09-risk-none,0,1,0,,
2020-02-21T08:00:00Z,0,0,0,0,0,0,-0,0,0,0,0,0,0,0,-0,0,0,0,0,0,0,0,0,0,False,1,100000,team09-risk-none,0,1,0,,
2020-02-21T16:00:00Z,0,0,0,0,0,0,-0,0,0,0,0,0,0,0,-0,0,0,0,0,0,0,0,0,0,False,1,100000,team09-risk-none,0,1,0,,
2020-02-22T00:00:00Z,0,0,0,0,0,0,-0,0,0,0,0,0,0,0,-0,0,0,0,0,0,0,0,0,0,False,1,100000,team09-risk-none,0,1,0,,
2020-02-22T08:00:00Z,0,0,0,0,0,0,-0,0,0,0,0,0,0,0,-0,0,0,0,0,0,0,0,0,0,False,1,100000,team09-risk-none,0,1,0,,
2020-02-22T16:00:00Z,0,0,0,0,0,0,-0,0,0,0,0,0,0,0,-0,0,0,0,0,0,0,0,0,0,False,1,100000,team09-risk-none,0,1,0,,
2020-02-23T00:00:00Z,0,0,0,0,0,0,-0,0,0,0,0,0,0,0,-0,0,0,0,0,0,0,0,0,0,False,1,100000,team09-risk-none,0,1,0,,
2020-02-23T08:00:00Z,0,0,0,0,0,0,-0,0,0,0,0,0,0,0,-0,0,0,0,0,0,0,0,0,0,False,1,100000,team09-risk-none,0,1,0,,
2020-02-23T16:00:00Z,0,0,0,0,0,0,-0,0,0,0,0,0,0,0,-0,0,0,0,0,0,0,0,0,0,False,1,100000,team09-risk-none,0,1,0,,
2020-02-24T00:00:00Z,0,0,0,0,0,0,-0,0,0,0,0,0,0,0,-0,0,0,0,0,0,0,0,0,0,False,1,100000,team09-risk-none,0,1,0,,
2020-02-24T08:00:00Z,0,0,0,0,0,0,-0,0,0,0,0,0,0,0,-0,0,0,0,0,0,0,0,0,0,False,1,100000,team09-risk-none,0,1,0,,
2020-02-24T16:00:00Z,0,0,0,0,0,0,-0,0,0,0,0,0,0,0,-0,0,0,0,0,0,0,0,0,0,False,1,100000,team09-risk-none,0,1,0,,
2020-02-25T00:00:00Z,0,0,0,0,0,0,-0,0,0,0,0,0,0,0,-0,0,0,0,0,0,0,0,0,0,False,1,100000,team09-risk-none,0,1,0,,
2020-02-25T08:00:00Z,0,0,0,0,0,0,-0,0,0,0,0,0,0,0,-0,0,0,0,0,0,0,0,0,0,False,1,100000,team09-risk-none,0,1,0,,
2020-02-25T16:00:00Z,0,0,0,0,0,0,-0,0,0,0,0,0,0,0,-0,0,0,0,0,0,0,0,0,0,False,1,100000,team09-risk-none,0,1,0,,
2020-02-26T00:00:00Z,0,0,0,0,0,0,-0,0,0,0,0,0,0,0,-0,0,0,0,0,0,0,0,0,0,False,1,100000,team09-risk-none,0,1,0,,
2020-02-26T08:00:00Z,0,0,0,0,0,0,-0,0,0,0,0,0,0,0,-0,0,0,0,0,0,0,0,0,0,False,1,100000,team09-risk-none,0,1,0,,
2020-02-26T16:00:00Z,0,0,0,0,0,0,-0,0,0,0,0,0,0,0,-0,0,0,0,0,0,0,0,0,0,False,1,100000,team09-risk-none,0,1,0,,
2020-02-27T00:00:00Z,0,0,0,0,0,0,-0,0,0,0,0,0,0,0,-0,0,0,0,0,0,0,0,0,0,False,1,100000,team09-risk-none,0,1,0,,
2020-02-27T08:00:00Z,0,0,0,0,0,0,-0,0,0,0,0,0,0,0,-0,0,0,0,0,0,0,0,0,0,False,1,100000,team09-risk-none,0,1,0,,
2020-02-27T16:00:00Z,0,0,0,0,0,0,-0,0,0,0,0,0,0,0,-0,0,0,0,0,0,0,0,0,0,False,1,100000,team09-risk-none,0,1,0,,
2020-02-28T00:00:00Z,0,0,0,0,0,0,-0,0,0,0,0,0,0,0,-0,0,0,0,0,0,0,0,0,0,False,1,100000,team09-risk-none,0,1,0,,
2020-02-28T08:00:00Z,0,0,0,0,0,0,-0,0,0,0,0,0,0,0,-0,0,0,0,0,0,0,0,0,0,False,1,100000,team09-risk-none,0,1,0,,
2020-02-28T16:00:00Z,0,0,0,0,0,0,-0,0,0,0,0,0,0,0,-0,0,0,0,0,0,0,0,0,0,False,1,100000,team09-risk-none,0,1,0,,
2020-02-29T00:00:00Z,0,0,0,0,0,0,-0,0,0,0,0,0,0,0,-0,0,0,0,0,0,0,0,0,0,False,1,100000,team09-risk-none,0,1,0,,
2020-02-29T08:00:00Z,0,0,0,0,0,0,-0,0,0,0,0,0,0,0,-0,0,0,0,0,0,0,0,0,0,False,1,100000,team09-risk-none,0,1,0,,
2020-02-29T16:00:00Z,0,0,0,0,0,0,-0,0,0,0,0,0,0,0,-0,0,0,0,0,0,0,0,0,0,False,1,100000,team09-risk-none,0,1,0,,
2020-03-01T00:00:00Z,0,0,0,0,0,0,-0,0,0,0,0,0,0,0,-0,0,0,0,0,0,0,0,0,0,False,1,100000,team09-risk-none,0,1,0,,
2020-03-01T08:00:00Z,0,0,0,0,0,0,-0,0,0,0,0,0,0,0,-0,0,0,0,0,0,0,0,0,0,False,1,100000,team09-risk-none,0,1,0,,
2020-03-01T16:00:00Z,0,0,0,0,0,0,-0,0,0,0,0,0,0,0,-0,0,0,0,0,0,0,0,0,0,False,1,100000,team09-risk-none,0,1,0,,
2020-03-02T00:00:00Z,0,0,0,0,0,0,-0,0,0,0,0,0,0,0,-0,0,0,0,0,0,0,0,0,0,False,1,100000,team09-risk-none,0,1,0,,
2020-03-02T08:00:00Z,0,0,0,0,0,0,-0,0,0,0,0,0,0,0,-0,0,0,0,0,0,0,0,0,0,False,1,100000,team09-risk-none,0,1,0,,
2020-03-02T16:00:00Z,0,0,0,0,0,0,-0,0,0,0,0,0,0,0,-0,0,0,0,0,0,0,0,0,0,False,1,100000,team09-risk-none,0,1,0,,
2020-03-03T00:00:00Z,0,0,0,0,0,0,-0,0,0,0,0,0,0,0,-0,0,0,0,0,0,0,0,0,0,False,1,100000,team09-risk-none,0,1,0,,
2020-03-03T08:00:00Z,0,0,0,0,0,0,-0,0,0,0,0,0,0,0,-0,0,0,0,0,0,0,0,0,0,False,1,100000,team09-risk-none,0,1,0,,
2020-03-03T16:00:00Z,0,0,0,0,0,0,-0,0,0,0,0,0,0,0,-0,0,0,0,0,0,0,0,0,0,False,1,100000,team09-risk-none,0,1,0,,
2020-03-04T00:00:00Z,0,0,0,0,0,0,-0,0,0,0,0,0,0,0,-0,0,0,0,0,0,0,0,0,0,False,1,100000,team09-risk-none,0,1,0,0,
2020-03-04T08:00:00Z,0,0,0,0,0,0,-0,0,0,0,0,0,0,0,-0,0,0,0,0,0,0,0,0,0,False,1,100000,team09-risk-none,0,1,0,0,
2020-03-04T16:00:00Z,0,0,0,0,0,0,-0,0,0,0,0,0,0,0,-0,0,0,0,0,0,0,0,0,0,False,1,100000,team09-risk-none,0,1,0,0,
2020-03-05T00:00:00Z,0,0,0,0,0,0,-0,0,0,0,0,0,0,0,-0,0,0,0,0,0,0,0,0,0,False,1,100000,team09-risk-none,0,1,0,0,
2020-03-05T08:00:00Z,0,0,0,0,0,0,-0,0,0,0,0,0,0,0,-0,0,0,0,0,0,0,0,0,0,False,1,100000,team09-risk-none,0,1,0,0,
2020-03-05T16:00:00Z,0,0,0,0,0,0,-0,0,0,0,0,0,0,0,-0,0,0,0,0,0,0,0,0,0,False,1,100000,team09-risk-none,0,1,0,0,
2020-03-06T00:00:00Z,0,0,0,0,0,0,-0,0,0,0,0,0,0,0,-0,0,0,0,0,0,0,0,0,0,False,1,100000,team09-risk-none,0,1,0,0,
2020-03-06T08:00:00Z,0,0,0,0,0,0,-0,0,0,0,0,0,0,0,-0,0,0,0,0,0,0,0,0,0,False,1,100000,team09-risk-none,0,1,0,0,
2020-03-06T16:00:00Z,0,0,0,0,0,0,-0,0,0,0,0,0,0,0,-0,0,0,0,0,0,0,0,0,0,False,1,100000,team09-risk-none,0,1,0,0,
2020-03-07T00:00:00Z,0,0,0,0,0,0,-0,0,0,0,0,0,0,0,-0,0,0,0,0,0,0,0,0,0,False,1,100000,team09-risk-none,0,1,0,0,
2020-03-07T08:00:00Z,0,0,0,0,0,0,-0,0,0,0,0,0,0,0,-0,0,0,0,0,0,0,0,0,0,False,1,100000,team09-risk-none,0,1,0,0,
2020-03-07T16:00:00Z,0,0,0,0,0,0,-0,0,0,0,0,0,0,0,-0,0,0,0,0,0,0,0,0,0,False,1,100000,team09-risk-none,0,1,0,0,
2020-03-08T00:00:00Z,0,0,0,0,0,0,-0,0,0,0,0,0,0,0,-0,0,0,0,0,0,0,0,0,0,False,1,100000,team09-risk-none,0,1,0,0,
2020-03-08T08:00:00Z,0,0,0,0,0,0,-0,0,0,0,0,0,0,0,-0,0,0,0,0,0,0,0,0,0,False,1,100000,team09-risk-none,0,1,0,0,
2020-03-08T16:00:00Z,0,0,0,0,0,0,-0,0,0,0,0,0,0,0,-0,0,0,0,0,0,0,0,0,0,False,1,100000,team09-risk-none,0,1,0,0,
2020-03-09T00:00:00Z,0,0,0,0,0,0,-0,0,0,0,0,0,0,0,-0,0,0,0,0,0,0,0,0,0,False,1,100000,team09-risk-none,0,1,0,0,
2020-03-09T08:00:00Z,0,0,0,0,0,0,-0,0,0,0,0,0,0,0,-0,0,0,0,0,0,0,0,0,0,False,1,100000,team09-risk-none,0,1,0,0,
2020-03-09T16:00:00Z,0,0,0,0,0,0,-0,0,0,0,0,0,0,0,-0,0,0,0,0,0,0,0,0,0,False,1,100000,team09-risk-none,0,1,0,0,
2020-03-10T00:00:00Z,0,0,0,0,0,0,-0,0,0,0,0,0,0,0,-0,0,0,0,0,0,0,0,0,0,False,1,100000,team09-risk-none,0,1,0,0,
2020-03-10T08:00:00Z,0,0,0,0,0,0,-0,0,0,0,0,0,0,0,-0,0,0,0,0,0,0,0,0,0,False,1,100000,team09-risk-none,0,1,0,0,
2020-03-10T16:00:00Z,0,0,0,0,0,0,-0,0,0,0,0,0,0,0,-0,0,0,0,0,0,0,0,0,0,False,1,100000,team09-risk-none,0,1,0,0,
2020-03-11T00:00:00Z,0,0,0,0,0,0,-0,0,0,0,0,0,0,0,-0,0,0,0,0,0,0,0,0,0,False,1,100000,team09-risk-none,0,1,0,0,
2020-03-11T08:00:00Z,0,0,0,0,0,0,-0,0,0,0,0,0,0,0,-0,0,0,0,0,0,0,0,0,0,False,1,100000,team09-risk-none,0,1,0,0,
2020-03-11T16:00:00Z,0,0,0,0,0,0,-0,0,0,0,0,0,0,0,-0,0,0,0,0,0,0,0,0,0,False,1,100000,team09-risk-none,0,1,0,0,
2020-03-12T00:00:00Z,0,0,0,0,0,0,-0,0,0,0,0,0,0,0,-0,0,0,0,0,0,0,0,0,0,False,1,100000,team09-risk-none,0,1,0,0,
2020-03-12T08:00:00Z,0,0,0,0,0,0,-0,0,0,0,0,0,0,0,-0,0,0,0,0,0,0,0,0,0,False,1,100000,team09-risk-none,0,1,0,0,
2020-03-12T16:00:00Z,0,0,0,0,0,0,-0,0,0,0,0,0,0,0,-0,0,0,0,0,0,0,0,0,0,False,1,100000,team09-risk-none,0,1,0,0,
2020-03-13T00:00:00Z,0,0,0,0,0,0,-0,0,0,0,0,0,0,0,-0,0,0,0,0,0,0,0,0,0,False,1,100000,team09-risk-none,0,1,0,0,
2020-03-13T08:00:00Z,0,0,0,0,0,0,-0,0,0,0,0,0,0,0,-0,0,0,0,0,0,0,0,0,0,False,1,100000,team09-risk-none,0,1,0,0,
2020-03-13T16:00:00Z,0,0,0,0,0,0,-0,0,0,0,0,0,0,0,-0,0,0,0,0,0,0,0,0,0,False,1,100000,team09-risk-none,0,1,0,0,
2020-03-14T00:00:00Z,0,0,0,0,0,0,-0,0,0,0,0,0,0,0,-0,0,0,0,0,0,0,0,0,0,False,1,100000,team09-risk-none,0,1,0,0,
2020-03-14T08:00:00Z,0,0,0,0,0,0,-0,0,0,0,0,0,0,0,-0,0,0,0,0,0,0,0,0,0,False,1,100000,team09-risk-none,0,1,0,0,
2020-03-14T16:00:00Z,0,0,0,0,0,0,-0,0,0,0,0,0,0,0,-0,0,0,0,0,0,0,0,0,0,False,1,100000,team09-risk-none,0,1,0,0,
2020-03-15T00:00:00Z,0,0,0,0,0,0,-0,0,0,0,0,0,0,0,-0,0,0,0,0,0,0,0,0,0,False,1,100000,team09-risk-none,0,1,0,0,
2020-03-15T08:00:00Z,0,0,0,0,0,0,-0,0,0,0,0,0,0,0,-0,0,0,0,0,0,0,0,0,0,False,1,100000,team09-risk-none,0,1,0,0,
2020-03-15T16:00:00Z,0,0,0,0,0,0,-0,0,0,0,0,0,0,0,-0,0,0,0,0,0,0,0,0,0,False,1,100000,team09-risk-none,0,1,0,0,
2020-03-16T00:00:00Z,0,0,0,0,0,0,-0,0,0,0,0,0,0,0,-0,0,0,0,0,0,0,0,0,0,False,1,100000,team09-risk-none,0,1,0,0,
2020-03-16T08:00:00Z,0,0,0,0,0,0,-0,0,0,0,0,0,0,0,-0,0,0,0,0,0,0,0,0,0,False,1,100000,team09-risk-none,0,1,0,0,
2020-03-16T16:00:00Z,0,0,0,0,0,0,-0,0,0,0,0,0,0,0,-0,0,0,0,0,0,0,0,0,0,False,1,100000,team09-risk-none,0,1,0,0,
2020-03-17T00:00:00Z,0,0,0,0,0,0,-0,0,0,0,0,0,0,0,-0,0,0,0,0,0,0,0,0,0,False,1,100000,team09-risk-none,0,1,0,0,
2020-03-17T08:00:00Z,0,0,0,0,0,0,-0,0,0,0,0,0,0,0,-0,0,0,0,0,0,0,0,0,0,False,1,100000,team09-risk-none,0,1,0,0,
2020-03-17T16:00:00Z,0,0,0,0,0,0,-0,0,0,0,0,0,0,0,-0,0,0,0,0,0,0,0,0,0,False,1,100000,team09-risk-none,0,1,0,0,
2020-03-18T00:00:00Z,0,0,0,0,0,0,-0,0,0,0,0,0,0,0,-0,0,0,0,0,0,0,0,0,0,False,1,100000,team09-risk-none,0,1,0,0,
2020-03-18T08:00:00Z,0,0,0,0,0,0,-0,0,0,0,0,0,0,0,-0,0,0,0,0,0,0,0,0,0,False,1,100000,team09-risk-none,0,1,0,0,
2020-03-18T16:00:00Z,0,0,0,0,0,0,-0,0,0,0,0,0,0,0,-0,0,0,0,0,0,0,0,0,0,False,1,100000,team09-risk-none,0,1,0,0,
2020-03-19T00:00:00Z,0,0,0,0,0,0,-0,0,0,0,0,0,0,0,-0,0,0,0,0,0,0,0,0,0,False,1,100000,team09-risk-none,0,1,0,0,
2020-03-19T08:00:00Z,0,0,0,0,0,0,-0,0,0,0,0,0,0,0,-0,0,0,0,0,0,0,0,0,0,False,1,100000,team09-risk-none,0,1,0,0,
2020-03-19T16:00:00Z,0,0,0,0,0,0,-0,0,0,0,0,0,0,0,-0,0,0,0,0,0,0,0,0,0,False,1,100000,team09-risk-none,0,1,0,0,
2020-03-20T00:00:00Z,0,0,0,0,0,0,-0,0,0,0,0,0,0,0,-0,0,0,0,0,0,0,0,0,0,False,1,100000,team09-risk-none,0,1,0,0,
2020-03-20T08:00:00Z,0,0,0,0,0,0,-0,0,0,0,0,0,0,0,-0,0,0,0,0,0,0,0,0,0,False,1,100000,team09-risk-none,0,1,0,0,
2020-03-20T16:00:00Z,0,0,0,0,0,0,-0,0,0,0,0,0,0,0,-0,0,0,0,0,0,0,0,0,0,False,1,100000,team09-risk-none,0,1,0,0,
2020-03-21T00:00:00Z,0,0,0,0,0,0,-0,0,0,0,0,0,0,0,-0,0,0,0,0,0,0,0,0,0,False,1,100000,team09-risk-none,0,1,0,0,
2020-03-21T08:00:00Z,0,0,0,0,0,0,-0,0,0,0,0,0,0,0,-0,0,0,0,0,0,0,0,0,0,False,1,100000,team09-risk-none,0,1,0,0,
2020-03-21T16:00:00Z,0,0,0,0,0,0,-0,0,0,0,0,0,0,0,-0,0,0,0,0,0,0,0,0,0,False,1,100000,team09-risk-none,0,1,0,0,
2020-03-22T00:00:00Z,0,0,0,0,0,0,-0,0,0,0,0,0,0,0,-0,0,0,0,0,0,0,0,0,0,False,1,100000,team09-risk-none,0,1,0,0,
2020-03-22T08:00:00Z,0,0,0,0,0,0,-0,0,0,0,0,0,0,0,-0,0,0,0,0,0,0,0,0,0,False,1,100000,team09-risk-none,0,1,0,0,
2020-03-22T16:00:00Z,0,0,0,0,0,0,-0,0,0,0,0,0,0,0,-0,0,0,0,0,0,0,0,0,0,False,1,100000,team09-risk-none,0,1,0,0,
2020-03-23T00:00:00Z,0,0,0,0,0,0,-0,0,0,0,0,0,0,0,-0,0,0,0,0,0,0,0,0,0,False,1,100000,team09-risk-none,0,1,0,0,
2020-03-23T08:00:00Z,0,0,0,0,0,0,-0,0,0,0,0,0,0,0,-0,0,0,0,0,0,0,0,0,0,False,1,100000,team09-risk-none,0,1,0,0,
2020-03-23T16:00:00Z,0,0,0,0,0,0,-0,0,0,0,0,0,0,0,-0,0,0,0,0,0,0,0,0,0,False,1,100000,team09-risk-none,0,1,0,0,
2020-03-24T00:00:00Z,0,0,0,0,0,0,-0,0,0,0,0,0,0,0,-0,0,0,0,0,0,0,0,0,0,False,1,100000,team09-risk-none,0,1,0,0,
2020-03-24T08:00:00Z,0,0,0,0,0,0,-0,0,0,0,0,0,0,0,-0,0,0,0,0,0,0,0,0,0,False,1,100000,team09-risk-none,0,1,0,0,
2020-03-24T16:00:00Z,0,0,0,0,0,0,-0,0,0,0,0,0,0,0,-0,0,0,0,0,0,0,0,0,0,False,1,100000,team09-risk-none,0,1,0,0,
2020-03-25T00:00:00Z,0,0,0,0,0,0,-0,0,0,0,0,0,0,0,-0,0,0,0,0,0,0,0,0,0,False,1,100000,team09-risk-none,0,1,0,0,
2020-03-25T08:00:00Z,0,0,0,0,0,0,-0,0,0,0,0,0,0,0,-0,0,0,0,0,0,0,0,0,0,False,1,100000,team09-risk-none,0,1,0,0,
2020-03-25T16:00:00Z,0,0,0,0,0,0,-0,0,0,0,0,0,0,0,-0,0,0,0,0,0,0,0,0,0,False,1,100000,team09-risk-none,0,1,0,0,
2020-03-26T00:00:00Z,0,0,0,0,0,0,-0,0,0,0,0,0,0,0,-0,0,0,0,0,0,0,0,0,0,False,1,100000,team09-risk-none,0,1,0,0,
2020-03-26T08:00:00Z,0,0,0,0,0,0,-0,0,0,0,0,0,0,0,-0,0,0,0,0,0,0,0,0,0,False,1,100000,team09-risk-none,0,1,0,0,
2020-03-26T16:00:00Z,0,0,0,0,0,0,-0,0,0,0,0,0,0,0,-0,0,0,0,0,0,0,0,0,0,False,1,100000,team09-risk-none,0,1,0,0,
2020-03-27T00:00:00Z,0,0,0,0,0,0,-0,0,0,0,0,0,0,0,-0,0,0,0,0,0,0,0,0,0,False,1,100000,team09-risk-none,0,1,0,0,
2020-03-27T08:00:00Z,0,0,0,0,0,0,-0,0,0,0,0,0,0,0,-0,0,0,0,0,0,0,0,0,0,False,1,100000,team09-risk-none,0,1,0,0,
2020-03-27T16:00:00Z,0,0,0,0,0,0,-0,0,0,0,0,0,0,0,-0,0,0,0,0,0,0,0,0,0,False,1,100000,team09-risk-none,0,1,0,0,
2020-03-28T00:00:00Z,0,0,0,0,0,0,-0,0,0,0,0,0,0,0,-0,0,0,0,0,0,0,0,0,0,False,1,100000,team09-risk-none,0,1,0,0,
2020-03-28T08:00:00Z,0,0,0,0,0,0,-0,0,0,0,0,0,0,0,-0,0,0,0,0,0,0,0,0,0,False,1,100000,team09-risk-none,0,1,0,0,
2020-03-28T16:00:00Z,0,0,0,0,0,0,-0,0,0,0,0,0,0,0,-0,0,0,0,0,0,0,0,0,0,False,1,100000,team09-risk-none,0,1,0,0,
2020-03-29T00:00:00Z,0,0,0,0,0,0,-0,0,0,0,0,0,0,0,-0,0,0,0,0,0,0,0,0,0,False,1,100000,team09-risk-none,0,1,0,0,
2020-03-29T08:00:00Z,0,0,0,0,0,0,-0,0,0,0,0,0,0,0,-0,0,0,0,0,0,0,0,0,0,False,1,100000,team09-risk-none,0,1,0,0,
2020-03-29T16:00:00Z,0,0,0,0,0,0,-0,0,0,0,0,0,0,0,-0,0,0,0,0,0,0,0,0,0,False,1,100000,team09-risk-none,0,1,0,0,
2020-03-30T00:00:00Z,0,0,0,0,0,0,-0,0,0,0,0,0,0,0,-0,0,0,0,0,0,0,0,0,0,False,1,100000,team09-risk-none,0,1,0,0,
2020-03-30T08:00:00Z,0,0,0,0,0,0,-0,0,0,0,0,0,0,0,-0,0,0,0,0,0,0,0,0,0,False,1,100000,team09-risk-none,0,1,0,0,
2020-03-30T16:00:00Z,0,0,0,0,0,0,-0,0,0,0,0,0,0,0,-0,0,0,0,0,0,0,0,0,0,False,1,100000,team09-risk-none,0,1,0,0,
2020-03-31T00:00:00Z,0,0,0,0,0,0,-0,0,0,0,0,0,0,0,-0,0,0,0,0,0,0,0,0,0,False,1,100000,team09-risk-none,0,1,0,0,
2020-03-31T08:00:00Z,0,0,0,0,0,0,-0,0,0,0,0,0,0,0,-0,0,0,0,0,0,0,0,0,0,False,1,100000,team09-risk-none,0,1,0,0,
2020-03-31T16:00:00Z,0,0,0,0,0,0,-0,0,0,0,0,0,0,0,-0,0,0,0,0,0,0,0,0,0,False,1,100000,team09-risk-none,0,1,0,0,
2020-04-01T00:00:00Z,0,0,0,0,0,0,-0,0,0,0,0,0,0,0,-0,0,0,0,0,0,0,0,0,0,False,1,100000,team09-risk-none,0,1,0,0,
2020-04-01T08:00:00Z,0,0,0,0,0,0,-0,0,0,0,0,0,0,0,-0,0,0,0,0,0,0,0,0,0,False,1,100000,team09-risk-none,0,1,0,0,
2020-04-01T16:00:00Z,0,0,0,0,0,0,-0,0,0,0,0,0,0,0,-0,0,0,0,0,0,0,0,0,0,False,1,100000,team09-risk-none,0,1,0,0,
2020-04-02T00:00:00Z,0,0,0,0,0,0,-0,0,0,0,0,0,0,0,-0,0,0,0,0,0,0,0,0,0,False,1,100000,team09-risk-none,0,1,0,0,
2020-04-02T08:00:00Z,0,0,0,0,0,0,-0,0,0,0,0,0,0,0,-0,0,0,0,0,0,0,0,0,0,False,1,100000,team09-risk-none,0,1,0,0,
2020-04-02T16:00:00Z,0,0,0,0,0,0,-0,0,0,0,0,0,0,0,-0,0,0,0,0,0,0,0,0,0,False,1,100000,team09-risk-none,0,1,0,0,
2020-04-03T00:00:00Z,0,0,0,0,0,0,-0,0,0,0,0,0,0,0,-0,0,0,0,0,0,0,0,0,0,False,1,100000,team09-risk-none,0,1,0,0,
2020-04-03T08:00:00Z,0,0,0,0,0,0,-0,0,0,0,0,0,0,0,-0,0,0,0,0,0,0,0,0,0,False,1,100000,team09-risk-none,0,1,0,0,
2020-04-03T16:00:00Z,0,0,0,0,0,0,-0,0,0,0,0,0,0,0,-0,0,0,0,0,0,0,0,0,0,False,1,100000,team09-risk-none,0,1,0,0,
2020-04-04T00:00:00Z,0,0,0,0,0,0,-0,0,0,0,0,0,0,0,-0,0,0,0,0,0,0,0,0,0,False,1,100000,team09-risk-none,0,1,0,0,
2020-04-04T08:00:00Z,0,0,0,0,0,0,-0,0,0,0,0,0,0,0,-0,0,0,0,0,0,0,0,0,0,False,1,100000,team09-risk-none,0,1,0,0,
2020-04-04T16:00:00Z,0,0,0,0,0,0,-0,0,0,0,0,0,0,0,-0,0,0,0,0,0,0,0,0,0,False,1,100000,team09-risk-none,0,1,0,0,
2020-04-05T00:00:00Z,0,0,0,0,0,0,-0,0,0,0,0,0,0,0,-0,0,0,0,0,0,0,0,0,0,False,1,100000,team09-risk-none,0,1,0,0,
2020-04-05T08:00:00Z,0,0,0,0,0,0,-0,0,0,0,0,0,0,0,-0,0,0,0,0,0,0,0,0,0,False,1,100000,team09-risk-none,0,1,0,0,
2020-04-05T16:00:00Z,0,0,0,0,0,0,-0,0,0,0,0,0,0,0,-0,0,0,0,0,0,0,0,0,0,False,1,100000,team09-risk-none,0,1,0,0,
2020-04-06T00:00:00Z,0,0,0,0,0,0,-0,0,0,0,0,0,0,0,-0,0,0,0,0,0,0,0,0,0,False,1,100000,team09-risk-none,0,1,0,0,
2020-04-06T08:00:00Z,0,0,0,0,0,0,-0,0,0,0,0,0,0,0,-0,0,0,0,0,0,0,0,0,0,False,1,100000,team09-risk-none,0,1,0,0,
2020-04-06T16:00:00Z,0,0,0,0,0,0,-0,0,0,0,0,0,0,0,-0,0,0,0,0,0,0,0,0,0,False,1,100000,team09-risk-none,0,1,0,0,
2020-04-07T00:00:00Z,0,0,0,0,0,0,-0,0,0,0,0,0,0,0,-0,0,0,0,0,0,0,0,0,0,False,1,100000,team09-risk-none,0,1,0,0,
2020-04-07T08:00:00Z,0,0,0,0,0,0,-0,0,0,0,0,0,0,0,-0,0,0,0,0,0,0,0,0,0,False,1,100000,team09-risk-none,0,1,0,0,
2020-04-07T16:00:00Z,0,0,0,0,0,0,-0,0,0,0,0,0,0,0,-0,0,0,0,0,0,0,0,0,0,False,1,100000,team09-risk-none,0,1,0,0,
2020-04-08T00:00:00Z,0,0,0,0,0,0,-0,0,0,0,0,0,0,0,-0,0,0,0,0,0,0,0,0,0,False,1,100000,team09-risk-none,0,1,0,0,
2020-04-08T08:00:00Z,0,0,0,0,0,0,-0,0,0,0,0,0,0,0,-0,0,0,0,0,0,0,0,0,0,False,1,100000,team09-risk-none,0,1,0,0,
2020-04-08T16:00:00Z,0,0,0,0,0,0,-0,0,0,0,0,0,0,0,-0,0,0,0,0,0,0,0,0,0,False,1,100000,team09-risk-none,0,1,0,0,
2020-04-09T00:00:00Z,0,0,0,0,0,0,-0,0,0,0,0,0,0,0,-0,0,0,0,0,0,0,0,0,0,False,1,100000,team09-risk-none,0,1,0,0,
2020-04-09T08:00:00Z,0,0,0,0,0,0,-0,0,0,0,0,0,0,0,-0,0,0,0,0,0,0,0,0,0,False,1,100000,team09-risk-none,0,1,0,0,
2020-04-09T16:00:00Z,0,0,0,0,0,0,-0,0,0,0,0,0,0,0,-0,0,0,0,0,0,0,0,0,0,False,1,100000,team09-risk-none,0,1,0,0,
2020-04-10T00:00:00Z,0,0,0,0,0,0,-0,0,0,0,0,0,0,0,-0,0,0,0,0,0,0,0,0,0,False,1,100000,team09-risk-none,0,1,0,0,
2020-04-10T08:00:00Z,0,0,0,0,0,0,-0,0,0,0,0,0,0,0,-0,0,0,0,0,0,0,0,0,0,False,1,100000,team09-risk-none,0,1,0,0,
2020-04-10T16:00:00Z,0,0,0,0,0,0,-0,0,0,0,0,0,0,0,-0,0,0,0,0,0,0,0,0,0,False,1,100000,team09-risk-none,0,1,0,0,
2020-04-11T00:00:00Z,0,0,0,0,0,0,-0,0,0,0,0,0,0,0,-0,0,0,0,0,0,0,0,0,0,False,1,100000,team09-risk-none,0,1,0,0,
2020-04-11T08:00:00Z,0,0,0,0,0,0,-0,0,0,0,0,0,0,0,-0,0,0,0,0,0,0,0,0,0,False,1,100000,team09-risk-none,0,1,0,0,
2020-04-11T16:00:00Z,0,0,0,0,0,0,-0,0,0,0,0,0,0,0,-0,0,0,0,0,0,0,0,0,0,False,1,100000,team09-risk-none,0,1,0,0,
2020-04-12T00:00:00Z,0,0,0,0,0,0,-0,0,0,0,0,0,0,0,-0,0,0,0,0,0,0,0,0,0,False,1,100000,team09-risk-none,0,1,0,0,
2020-04-12T08:00:00Z,0,0,0,0,0,0,-0,0,0,0,0,0,0,0,-0,0,0,0,0,0,0,0,0,0,False,1,100000,team09-risk-none,0,1,0,0,
2020-04-12T16:00:00Z,0,0,0,0,0,0,-0,0,0,0,0,0,0,0,-0,0,0,0,0,0,0,0,0,0,False,1,100000,team09-risk-none,0,1,0,0,
2020-04-13T00:00:00Z,0,0,0,0,0,0,-0,0,0,0,0,0,0,0,-0,0,0,0,0,0,0,0,0,0,False,1,100000,team09-risk-none,0,1,0,0,
2020-04-13T08:00:00Z,0,0,0,0,0,0,-0,0,0,0,0,0,0,0,-0,0,0,0,0,0,0,0,0,0,False,1,100000,team09-risk-none,0,1,0,0,
2020-04-13T16:00:00Z,0,0,0,0,0,0,-0,0,0,0,0,0,0,0,-0,0,0,0,0,0,0,0,0,0,False,1,100000,team09-risk-none,0,1,0,0,
2020-04-14T00:00:00Z,0,0,0,0,0,0,-0,0,0,0,0,0,0,0,-0,0,0,0,0,0,0,0,0,0,False,1,100000,team09-risk-none,0,1,0,0,
2020-04-14T08:00:00Z,0,0,0,0,0,0,-0,0,0,0,0,0,0,0,-0,0,0,0,0,0,0,0,0,0,False,1,100000,team09-risk-none,0,1,0,0,
2020-04-14T16:00:00Z,0,0,0,0,0,0,-0,0,0,0,0,0,0,0,-0,0,0,0,0,0,0,0,0,0,False,1,100000,team09-risk-none,0,1,0,0,
2020-04-15T00:00:00Z,0,0,0,0,0,0,-0,0,0,0,0,0,0,0,-0,0,0,0,0,0,0,0,0,0,False,1,100000,team09-risk-none,0,1,0,0,
2020-04-15T08:00:00Z,0,0,0,0,0,0,-0,0,0,0,0,0,0,0,-0,0,0,0,0,0,0,0,0,0,False,1,100000,team09-risk-none,0,1,0,0,
2020-04-15T16:00:00Z,0,0,0,0,0,0,-0,0,0,0,0,0,0,0,-0,0,0,0,0,0,0,0,0,0,False,1,100000,team09-risk-none,0,1,0,0,
2020-04-16T00:00:00Z,0,0,0,0,0,0,-0,0,0,0,0,0,0,0,-0,0,0,0,0,0,0,0,0,0,False,1,100000,team09-risk-none,0,1,0,0,
2020-04-16T08:00:00Z,0,0,0,0,0,0,-0,0,0,0,0,0,0,0,-0,0,0,0,0,0,0,0,0,0,False,1,100000,team09-risk-none,0,1,0,0,
2020-04-16T16:00:00Z,0,0,0,0,0,0,-0,0,0,0,0,0,0,0,-0,0,0,0,0,0,0,0,0,0,False,1,100000,team09-risk-none,0,1,0,0,
2020-04-17T00:00:00Z,0,0,0,0,0,0,-0,0,0,0,0,0,0,0,-0,0,0,0,0,0,0,0,0,0,False,1,100000,team09-risk-none,0,1,0,0,
2020-04-17T08:00:00Z,0,0,0,0,0,0,-0,0,0,0,0,0,0,0,-0,0,0,0,0,0,0,0,0,0,False,1,100000,team09-risk-none,0,1,0,0,
2020-04-17T16:00:00Z,0,0,0,0,0,0,-0,0,0,0,0,0,0,0,-0,0,0,0,0,0,0,0,0,0,False,1,100000,team09-risk-none,0,1,0,0,
2020-04-18T00:00:00Z,0,0,0,0,0,0,-0,0,0,0,0,0,0,0,-0,0,0,0,0,0,0,0,0,0,False,1,100000,team09-risk-none,0,1,0,0,
2020-04-18T08:00:00Z,0,0,0,0,0,0,-0,0,0,0,0,0,0,0,-0,0,0,0,0,0,0,0,0,0,False,1,100000,team09-risk-none,0,1,0,0,
2020-04-18T16:00:00Z,0,0,0,0,0,0,-0,0,0,0,0,0,0,0,-0,0,0,0,0,0,0,0,0,0,False,1,100000,team09-risk-none,0,1,0,0,
2020-04-19T00:00:00Z,0,0,0,0,0,0,-0,0,0,0,0,0,0,0,-0,0,0,0,0,0,0,0,0,0,False,1,100000,team09-risk-none,0,1,0,0,
2020-04-19T08:00:00Z,0,0,0,0,0,0,-0,0,0,0,0,0,0,0,-0,0,0,0,0,0,0,0,0,0,False,1,100000,team09-risk-none,0,1,0,0,
2020-04-19T16:00:00Z,0,0,0,0,0,0,-0,0,0,0,0,0,0,0,-0,0,0,0,0,0,0,0,0,0,False,1,100000,team09-risk-none,0,1,0,0,
2020-04-20T00:00:00Z,0,0,0,0,0,0,-0,0,0,0,0,0,0,0,-0,0,0,0,0,0,0,0,0,0,False,1,100000,team09-risk-none,0,1,0,0,
2020-04-20T08:00:00Z,0,0,0,0,0,0,-0,0,0,0,0,0,0,0,-0,0,0,0,0,0,0,0,0,0,False,1,100000,team09-risk-none,0,1,0,0,
2020-04-20T16:00:00Z,0,0,0,0,0,0,-0,0,0,0,0,0,0,0,-0,0,0,0,0,0,0,0,0,0,False,1,100000,team09-risk-none,0,1,0,0,
2020-04-21T00:00:00Z,0,0,0,0,0,0,-0,0,0,0,0,0,0,0,-0,0,0,0,0,0,0,0,0,0,False,1,100000,team09-risk-none,0,1,0,0,
2020-04-21T08:00:00Z,0,0,0,0,0,0,-0,0,0,0,0,0,0,0,-0,0,0,0,0,0,0,0,0,0,False,1,100000,team09-risk-none,0,1,0,0,
2020-04-21T16:00:00Z,0,0,0,0,0,0,-0,0,0,0,0,0,0,0,-0,0,0,0,0,0,0,0,0,0,False,1,100000,team09-risk-none,0,1,0,0,
2020-04-22T00:00:00Z,0,0,0,0,0,0,-0,0,0,0,0,0,0,0,-0,0,0,0,0,0,0,0,0,0,False,1,100000,team09-risk-none,0,1,0,0,
2020-04-22T08:00:00Z,0,0,0,0,0,0,-0,0,0,0,0,0,0,0,-0,0,0,0,0,0,0,0,0,0,False,1,100000,team09-risk-none,0,1,0,0,
2020-04-22T16:00:00Z,0,0,0,0,0,0,-0,0,0,0,0,0,0,0,-0,0,0,0,0,0,0,0,0,0,False,1,100000,team09-risk-none,0,1,0,0,
2020-04-23T00:00:00Z,0,0,0,0,0,0,-0,0,0,0,0,0,0,0,-0,0,0,0,0,0,0,0,0,0,False,1,100000,team09-risk-none,0,1,0,0,
2020-04-23T08:00:00Z,0,0,0,0,0,0,-0,0,0,0,0,0,0,0,-0,0,0,0,0,0,0,0,0,0,False,1,100000,team09-risk-none,0,1,0,0,
2020-04-23T16:00:00Z,0,0,0,0,0,0,-0,0,0,0,0,0,0,0,-0,0,0,0,0,0,0,0,0,0,False,1,100000,team09-risk-none,0,1,0,0,
2020-04-24T00:00:00Z,0,0,0,0,0,0,-0,0,0,0,0,0,0,0,-0,0,0,0,0,0,0,0,0,0,False,1,100000,team09-risk-none,0,1,0,0,
2020-04-24T08:00:00Z,0,0,0,0,0,0,-0,0,0,0,0,0,0,0,-0,0,0,0,0,0,0,0,0,0,False,1,100000,team09-risk-none,0,1,0,0,
2020-04-24T16:00:00Z,0,0,0,0,0,0,-0,0,0,0,0,0,0,0,-0,0,0,0,0,0,0,0,0,0,False,1,100000,team09-risk-none,0,1,0,0,
2020-04-25T00:00:00Z,0,0,0,0,0,0,-0,0,0,0,0,0,0,0,-0,0,0,0,0,0,0,0,0,0,False,1,100000,team09-risk-none,0,1,0,0,
2020-04-25T08:00:00Z,0,0,0,0,0,0,-0,0,0,0,0,0,0,0,-0,0,0,0,0,0,0,0,0,0,False,1,100000,team09-risk-none,0,1,0,0,
2020-04-25T16:00:00Z,0,0,0,0,0,0,-0,0,0,0,0,0,0,0,-0,0,0,0,0,0,0,0,0,0,False,1,100000,team09-risk-none,0,1,0,0,
2020-04-26T00:00:00Z,0,0,0,0,0,0,-0,0,0,0,0,0,0,0,-0,0,0,0,0,0,0,0,0,0,False,1,100000,team09-risk-none,0,1,0,0,
2020-04-26T08:00:00Z,0,0,0,0,0,0,-0,0,0,0,0,0,0,0,-0,0,0,0,0,0,0,0,0,0,False,1,100000,team09-risk-none,0,1,0,0,
2020-04-26T16:00:00Z,0,0,0,0,0,0,-0,0,0,0,0,0,0,0,-0,0,0,0,0,0,0,0,0,0,False,1,100000,team09-risk-none,0,1,0,0,
2020-04-27T00:00:00Z,0,0,0,0,0,0,-0,0,0,0,0,0,0,0,-0,0,0,0,0,0,0,0,0,0,False,1,100000,team09-risk-none,0,1,0,0,
2020-04-27T08:00:00Z,0,0,0,0,0,0,-0,0,0,0,0,0,0,0,-0,0,0,0,0,0,0,0,0,0,False,1,100000,team09-risk-none,0,1,0,0,
2020-04-27T16:00:00Z,0,0,0,0,0,0,-0,0,0,0,0,0,0,0,-0,0,0,0,0,0,0,0,0,0,False,1,100000,team09-risk-none,0,1,0,0,
2020-04-28T00:00:00Z,0,0,0,0,0,0,-0,0,0,0,0,0,0,0,-0,0,0,0,0,0,0,0,0,0,False,1,100000,team09-risk-none,0,1,0,0,
2020-04-28T08:00:00Z,0,0,0,0,0,0,-0,0,0,0,0,0,0,0,-0,0,0,0,0,0,0,0,0,0,False,1,100000,team09-risk-none,0,1,0,0,
2020-04-28T16:00:00Z,0,0,0,0,0,0,-0,0,0,0,0,0,0,0,-0,0,0,0,0,0,0,0,0,0,False,1,100000,team09-risk-none,0,1,0,0,
2020-04-29T00:00:00Z,0,0,0,0,0,0,-0,0,0,0,0,0,0,0,-0,0,0,0,0,0,0,0,0,0,False,1,100000,team09-risk-none,0,1,0,0,
2020-04-29T08:00:00Z,0,0,0,0,0,0,-0,0,0,0,0,0,0,0,-0,0,0,0,0,0,0,0,0,0,False,1,100000,team09-risk-none,0,1,0,0,
2020-04-29T16:00:00Z,0,0,0,0,0,0,-0,0,0,0,0,0,0,0,-0,0,0,0,0,0,0,0,0,0,False,1,100000,team09-risk-none,0,1,0,0,
2020-04-30T00:00:00Z,0,0,0,0,0,0,-0,0,0,0,0,0,0,0,-0,0,0,0,0,0,0,0,0,0,False,1,100000,team09-risk-none,0,1,0,0,
2020-04-30T08:00:00Z,0,0,0,0,0,0,-0,0,0,0,0,0,0,0,-0,0,0,0,0,0,0,0,0,0,False,1,100000,team09-risk-none,0,1,0,0,
2020-04-30T16:00:00Z,0,0,0,0,0,0,-0,0,0,0,0,0,0,0,-0,0,0,0,0,0,0,0,0,0,False,1,100000,team09-risk-none,0,1,0,0,
2020-05-01T00:00:00Z,0,0,0,0,0,0,-0,0,0,0,0,0,0,0,-0,0,0,0,0,0,0,0,0,0,False,1,100000,team09-risk-none,0,1,0,0,
2020-05-01T08:00:00Z,0,0,0,0,0,0,-0,0,0,0,0,0,0,0,-0,0,0,0,0,0,0,0,0,0,False,1,100000,team09-risk-none,0,1,0,0,
2020-05-01T16:00:00Z,0,0,0,0,0,0,-0,0,0,0,0,0,0,0,-0,0,0,0,0,0,0,0,0,0,False,1,100000,team09-risk-none,0,1,0,0,
2020-05-02T00:00:00Z,0,0,0,0,0,0,-0,0,0,0,0,0,0,0,-0,0,0,0,0,0,0,0,0,0,False,1,100000,team09-risk-none,0,1,0,0,
2020-05-02T08:00:00Z,0,0,0,0,0,0,-0,0,0,0,0,0,0,0,-0,0,0,0,0,0,0,0,0,0,False,1,100000,team09-risk-none,0,1,0,0,
2020-05-02T16:00:00Z,0,0,0,0,0,0,-0,0,0,0,0,0,0,0,-0,0,0,0,0,0,0,0,0,0,False,1,100000,team09-risk-none,0,1,0,0,
2020-05-03T00:00:00Z,0,0,0,0,0,0,-0,0,0,0,0,0,0,0,-0,0,0,0,0,0,0,0,0,0,False,1,100000,team09-risk-none,0,1,0,0,
2020-05-03T08:00:00Z,0,0,0,0,0,0,-0,0,0,0,0,0,0,0,-0,0,0,0,0,0,0,0,0,0,False,1,100000,team09-risk-none,0,1,0,0,
2020-05-03T16:00:00Z,0,0,0,0,0,0,-0,0,0,0,0,0,0,0,-0,0,0,0,0,0,0,0,0,0,False,1,100000,team09-risk-none,0,1,0,0,
2020-05-04T00:00:00Z,0,0,0,0,0,0,-0,0,0,0,0,0,0,0,-0,0,0,0,0,0,0,0,0,0,False,1,100000,team09-risk-none,0,1,0,0,
2020-05-04T08:00:00Z,0,0,0,0,0,0,-0,0,0,0,0,0,0,0,-0,0,0,0,0,0,0,0,0,0,False,1,100000,team09-risk-none,0,1,0,0,
2020-05-04T16:00:00Z,0,0,0,0,0,0,-0,0,0,0,0,0,0,0,-0,0,0,0,0,0,0,0,0,0,False,1,100000,team09-risk-none,0,1,0,0,
2020-05-05T00:00:00Z,0,0,0,0,0,0,-0,0,0,0,0,0,0,0,-0,0,0,0,0,0,0,0,0,0,False,1,100000,team09-risk-none,0,1,0,0,
2020-05-05T08:00:00Z,0,0,0,0,0,0,-0,0,0,0,0,0,0,0,-0,0,0,0,0,0,0,0,0,0,False,1,100000,team09-risk-none,0,1,0,0,
2020-05-05T16:00:00Z,0,0,0,0,0,0,-0,0,0,0,0,0,0,0,-0,0,0,0,0,0,0,0,0,0,False,1,100000,team09-risk-none,0,1,0,0,
2020-05-06T00:00:00Z,0,0,0,0,0,0,-0,0,0,0,0,0,0,0,-0,0,0,0,0,0,0,0,0,0,False,1,100000,team09-risk-none,0,1,0,0,
2020-05-06T08:00:00Z,0,0,0,0,0,0,-0,0,0,0,0,0,0,0,-0,0,0,0,0,0,0,0,0,0,False,1,100000,team09-risk-none,0,1,0,0,
2020-05-06T16:00:00Z,0,0,0,0,0,0,-0,0,0,0,0,0,0,0,-0,0,0,0,0,0,0,0,0,0,False,1,100000,team09-risk-none,0,1,0,0,
2020-05-07T00:00:00Z,0,0,0,0,0,0,-0,0,0,0,0,0,0,0,-0,0,0,0,0,0,0,0,0,0,False,1,100000,team09-risk-none,0,1,0,0,
2020-05-07T08:00:00Z,0,0,0,0,0,0,-0,0,0,0,0,0,0,0,-0,0,0,0,0,0,0,0,0,0,False,1,100000,team09-risk-none,0,1,0,0,
2020-05-07T16:00:00Z,0,0,0,0,0,0,-0,0,0,0,0,0,0,0,-0,0,0,0,0,0,0,0,0,0,False,1,100000,team09-risk-none,0,1,0,0,
2020-05-08T00:00:00Z,0,0,0,0,0,0,-0,0,0,0,0,0,0,0,-0,0,0,0,0,0,0,0,0,0,False,1,100000,team09-risk-none,0,1,0,0,
2020-05-08T08:00:00Z,0,0,0,0,0,0,-0,0,0,0,0,0,0,0,-0,0,0,0,0,0,0,0,0,0,False,1,100000,team09-risk-none,0,1,0,0,
2020-05-08T16:00:00Z,0,0,0,0,0,0,-0,0,0,0,0,0,0,0,-0,0,0,0,0,0,0,0,0,0,False,1,100000,team09-risk-none,0,1,0,0,
2020-05-09T00:00:00Z,0,0,0,0,0,0,-0,0,0,0,0,0,0,0,-0,0,0,0,0,0,0,0,0,0,False,1,100000,team09-risk-none,0,1,0,0,
2020-05-09T08:00:00Z,0,0,0,0,0,0,-0,0,0,0,0,0,0,0,-0,0,0,0,0,0,0,0,0,0,False,1,100000,team09-risk-none,0,1,0,0,
2020-05-09T16:00:00Z,0,0,0,0,0,0,-0,0,0,0,0,0,0,0,-0,0,0,0,0,0,0,0,0,0,False,1,100000,team09-risk-none,0,1,0,0,
2020-05-10T00:00:00Z,0,0,0,0,0,0,-0,0,0,0,0,0,0,0,-0,0,0,0,0,0,0,0,0,0,False,1,100000,team09-risk-none,0,1,0,0,
2020-05-10T08:00:00Z,0,0,0,0,0,0,-0,0,0,0,0,0,0,0,-0,0,0,0,0,0,0,0,0,0,False,1,100000,team09-risk-none,0,1,0,0,
2020-05-10T16:00:00Z,0,0,0,0,0,0,-0,0,0,0,0,0,0,0,-0,0,0,0,0,0,0,0,0,0,False,1,100000,team09-risk-none,0,1,0,0,
2020-05-11T00:00:00Z,0,0,0,0,0,0,-0,0,0,0,0,0,0,0,-0,0,0,0,0,0,0,0,0,0,False,1,100000,team09-risk-none,0,1,0,0,
2020-05-11T08:00:00Z,0,0,0,0,0,0,-0,0,0,0,0,0,0,0,-0,0,0,0,0,0,0,0,0,0,False,1,100000,team09-risk-none,0,1,0,0,
2020-05-11T16:00:00Z,0,0,0,0,0,0,-0,0,0,0,0,0,0,0,-0,0,0,0,0,0,0,0,0,0,False,1,100000,team09-risk-none,0,1,0,0,
2020-05-12T00:00:00Z,0,0,0,0,0,0,-0,0,0,0,0,0,0,0,-0,0,0,0,0,0,0,0,0,0,False,1,100000,team09-risk-none,0,1,0,0,
2020-05-12T08:00:00Z,0,0,0,0,0,0,-0,0,0,0,0,0,0,0,-0,0,0,0,0,0,0,0,0,0,False,1,100000,team09-risk-none,0,1,0,0,
2020-05-12T16:00:00Z,0,0,0,0,0,0,-0,0,0,0,0,0,0,0,-0,0,0,0,0,0,0,0,0,0,False,1,100000,team09-risk-none,0,1,0,0,
2020-05-13T00:00:00Z,0,0,0,0,0,0,-0,0,0,0,0,0,0,0,-0,0,0,0,0,0,0,0,0,0,False,1,100000,team09-risk-none,0,1,0,0,
2020-05-13T08:00:00Z,0,0,0,0,0,0,-0,0,0,0,0,0,0,0,-0,0,0,0,0,0,0,0,0,0,False,1,100000,team09-risk-none,0,1,0,0,
2020-05-13T16:00:00Z,0,0,0,0,0,0,-0,0,0,0,0,0,0,0,-0,0,0,0,0,0,0,0,0,0,False,1,100000,team09-risk-none,0,1,0,0,
2020-05-14T00:00:00Z,0.0001069277937907917,2.4909654339403177e-07,0.00010667869724739763,0,0,0,-0,0.00012152490198502042,6.0762450992510208e-05,-7.5359559186738927e-05,0.12152490198502043,0.12160023636064622,-3.4694469519536142e-18,0.060800118180323104,0.060800118180323111,12152.490198502042,0,0,0,0,0,0,0,0,False,1,99992.464044081324,team09-risk-none,0,1,0,0,
2020-05-14T08:00:00Z,-7.8979324836953875e-05,0.00077202693756691298,-0.00085100626240386683,-8.796390455159449e-07,1.5493691836835715e-06,-2.4290082291995165e-06,-0,0,0,-7.9858963882469819e-05,0,0.12141806194464415,0.000136506465575989,0.060777284205110062,0.060640777739534073,0,0,0,0,0,0,0,0,0,False,1,99984.478749506714,team09-risk-none,0,1,7.6239131942990035e-05,0.00026285978858821019,
2020-05-14T16:00:00Z,-0.00038781305342439168,-3.9962204951884626e-06,-0.0003838168329292033,5.7266351540585831e-07,-4.6775541155144357e-06,5.2502176309202936e-06,-0,0,0,-0.00038724038990898581,0,0.12304763785514214,8.5654228729111284e-05,0.061566646041935624,0.061480991813206515,0,0,0,0,0,0,0,0,0,False,1,99945.760720970909,team09-risk-none,0,1,0.00015463993030195855,0.00038084408721641879,
2020-05-15T00:00:00Z,-0.000122200604535832,-0.00037956271682846742,0.00025736211229263539,3.9089274139242029e-06,-4.3521855730977202e-06,8.2611129870219222e-06,-0,0,0,-0.0001182916771219078,0,0.12348751614994273,-0.00029158942771885694,0.061597963361111931,0.061889552788830786,0,0,0,0,0,0,0,0,0,False,1,99933.937969314007,team09-risk-none,0,1,0.00053848598305106243,0.0013975201096884501,
2020-05-15T08:00:00Z,-5.136507220985313e-06,-0.00067509298802616194,0.00066995648080517669,2.1380805165256207e-06,-3.1408058352893784e-06,5.2788863518149996e-06,-0,0,0,-2.9984267044596922e-06,0,0.12288665469065718,-0.00047427956353264869,0.061206187563562275,0.061680467127094928,0,0,0,0,0,0,0,0,0,False,1,99933.638324725718,team09-risk-none,0,1,0.00065848363880283145,0.0014511255971275533,
2020-05-15T16:00:00Z,-0.00032256948159756113,-0.0011588417774958161,0.00083627229589825489,-2.2835521790088552e-06,-4.6030008710994155e-06,2.3194486920905612e-06,-0,0,0,-0.00032485303377656998,0,0.12156629427245659,-0.00045124189752380334,0.060557526187466404,0.0610087680849902,0,0,0,0,0,0,0,0,0,False,1,99901.174579139595,team09-risk-none,0,1,0.00066589878951839321,0.0014509766380181115,
2020-05-16T00:00:00Z,0.0002272015731106798,0.00073571126891795583,-0.00050850969580727603,-2.1111209838826329e-06,-3.512317635138234e-06,1.4011966512556016e-06,-0,0,0,0.00022509045212679716,0,0.11956787637970925,-0.00077332142413310927,0.059397277477788085,0.060170598901921196,0,0,0,0,0,0,0,0,0,False,1,99923.661379693614,team09-risk-none,0,1,0.00099036324326373659,0.0018249172172778918,
2020-05-16T08:00:00Z,-7.442043792334564e-05,8.3028920620657566e-05,-0.00015744935854400318,1.1737500821510947e-06,-3.6730368709558559e-06,4.8467869531069509e-06,-0,0,0,-7.3246687841194548e-05,0,0.12082868274784517,-0.00053436919614396373,0.060147156775850599,0.060681525971994568,0,0,0,0,0,0,0,0,0,False,1,99916.342302460587,team09-risk-none,0,1,0.00076221334900639093,0.0020018980521691421,
2020-05-16T16:00:00Z,0.00054679843169422239,0.00065586658312464196,-0.00010906815143041972,5.0883986533427254e-07,-4.5826437564794968e-06,5.09148362181377e-06,-0,0,0,0.00054730727155955666,0,0.12106823873810964,-0.00062320944773053798,0.060222514645189552,0.060845724092920078,0,0,0,0,0,0,0,0,0,False,1,99971.027243150354,team09-risk-none,0,1,0.000836068561212433,0.0020143437257753305,
2020-05-17T00:00:00Z,-0.00057601310690575346,0.00089210702089028413,-0.0014681201277960379,5.4882587088270762e-06,2.8157203697698969e-07,5.2066866718500874e-06,-0,4.7418902627965541e-05,2.370945131398277e-05,-0.0006416532021388746,0.047418902627965547,0.1263152345454015,-3.4694469519536142e-18,0.06315761727270075,0.06315761727270075,4740.5164064606379,0,0,0,0,0,0,0,0,False,1,99906.880513398675,team09-risk-none,0,1,0.00028424089988754453,0.0027977238873985988,
2020-05-17T08:00:00Z,0.00068185821236729316,0.0010924348204070567,-0.00041057660803976362,7.6705007171711214e-06,2.6765991416842668e-06,4.993901575486856e-06,-0,0,0,0.00068952871308446421,0,0.12863090027991836,-0.00052819011955493583,0.064051355080181699,0.064579545199736632,0,0,0,0,0,0,0,0,0,False,1,99975.769176147369,team09-risk-none,0,1,0.00092353150802693129,0.0035757132712875622,
2020-05-17T16:00:00Z,-1.8945862570795829e-05,-0.0011357432470497253,0.0011167973844789295,1.0099022058912186e-05,-4.6017100506956031e-06,1.4700732109607789e-05,-0,0,0,-8.8468405118836407e-06,0,0.13006548101358467,9.0886054159405351e-05,0.065078183533872042,0.06498729747971263,0,0,0,0,0,0,0,0,0,False,1,99974.884706462413,team09-risk-none,0,1,0.00023221166354370215,0.0043296535192839155,
2020-05-18T00:00:00Z,2.6864161805163739e-05,0.0020196216185199324,-0.0019927574567147693,-3.8358324225982999e-06,-5.6714246455801972e-06,1.8355922229818961e-06,-0,0,0,2.302832938256544e-05,0,0.12792461685291592,6.1782050008597766e-05,0.063993199451462257,0.063931417401453666,0,0,0,0,0,0,0,0,0,False,1,99977.186961037412,team09-risk-none,0,1,0.00025498780441790547,0.0043296960075638385,
2020-05-18T08:00:00Z,3.2062481451226546e-06,-0.00045699945270358938,0.00046020570084871206,-5.8353519559675043e-06,-1.1727972715573892e-05,5.8926207596063855e-06,-0,0,0,-2.6291038108448502e-06,0,0.13186266846028477,8.3075772984139533e-05,0.065972872116634454,0.065889796343650303,0,0,0,0,0,0,0,0,0,False,1,99976.92411063418,team09-risk-none,0,1,0.00023396441036083182,0.0043306230778310754,
2020-05-18T16:00:00Z,0.00031186237607008229,0.00040018809213823589,-8.8325716068153657e-05,-2.1477934249288452e-06,-8.0740869607390105e-06,5.9262935358101661e-06,-0,0,0,0.00030971458264515342,0,0.13091206489557478,9.1745306090480934e-05,0.065501905100832619,0.065410159794742156,0,0,0,0,0,0,0,0,0,False,1,100007.88842195924,team09-risk-none,0,1,0.00023290619146065783,0.0043306139155388527,
2020-05-19T00:00:00Z,-9.031860060787295e-05,-0.001153850026289137,0.001063531425681264,8.4051418701658654e-07,-7.4388930110868804e-06,8.2794071981034676e-06,-0,0,0,-8.9478086420856378e-05,0,0.13137288037647005,0.00043942856685995259,0.065906154471665007,0.065466725904805054,0,0,0,0,0,0,0,0,0,False,1,99998.939907476262,team09-risk-none,0,1,0,0.004465507760827222,
2020-05-19T08:00:00Z,8.1564474079882739e-05,0.0007898348178513087,-0.00070827034377142592,-2.2653964853346269e-06,-5.6887239963969201e-06,3.4233275110622932e-06,-0,0,0,7.9299077594548111e-05,0,0.12921035679736548,0.00025423519776791859,0.064732295997566691,0.064478060799798786,0,0,0,0,0,0,0,0,0,False,1,100006.86973117136,team09-risk-none,0,1,9.2583716571836838e-05,0.0044766191999142816,
2020-05-19T16:00:00Z,-9.705458725862037e-06,0.0010271341810961583,-0.0010368396398220201,-5.272505635167783e-06,-1.1590795618385115e-05,6.3182899832173308e-06,-0,0,0,-1.4977964361029821e-05,0,0.13062114737484087,0.00042761789832043012,0.065524382636580641,0.065096764738260218,0,0,0,0,0,0,0,0,0,False,1,100005.37183184068,team09-risk-none,0,1,1.6299056772250964e-05,0.0044851800216695959,
2020-05-20T00:00:00Z,-3.1165164292107402e-05,3.2754407959995746e-05,-6.3919572252103148e-05,1.7158775750203419e-06,-5.9120000491480766e-06,7.6278776241684185e-06,-0,8.8045250136887618e-05,4.4022625068443809e-05,-0.0001615171619224185,0.088045250136887604,0.12323502536002365,-1.7347234759768071e-18,0.061617512680011824,0.061617512680011824,8804.9979779668665,0,0,0,0,0,0,0,0,False,1,99989.219248005407,team09-risk-none,0,1,2.42885755251665e-05,0.0044855160182592059,
2020-05-20T08:00:00Z,-0.00039643047613686553,-0.0021099058132379952,0.0017134753371011295,6.5904419759356928e-08,-4.6818775403740102e-06,4.7477819601333673e-06,-0,0,0,-0.00039636457171710618,0,0.12330791219542711,-4.8745149055697684e-06,0.061651518840260766,0.061656393355166345,0,0,0,0,0,0,0,0,0,False,1,99949.587063941843,team09-risk-none,0,1,0.00018745147818233221,0.0045210246281809693,
2020-05-20T16:00:00Z,-0.00034291027146953618,0.0011146540535592567,-0.0014575643250287929,-8.5496260993379164e-07,-5.4638500634835433e-06,4.6088874535497516e-06,-0,0,0,-0.00034376523407947,0,0.11958739581919867,-0.00038000972393284396,0.059603693047632904,0.059983702771565742,0,0,0,0,0,0,0,0,0,False,1,99915.227870748655,team09-risk-none,0,1,0.00058466208019503085,0.0047264693670155608,
2020-05-21T00:00:00Z,7.3674232054239281e-05,-0.00073075737413328908,0.00080443160618752832,2.8380774636504562e-06,-3.484335127650395e-06,6.322412591300852e-06,-0,0,0,7.6512309517889741e-05,0,0.12216861052027383,-0.00075289954875035724,0.060707855485761741,0.061460755034512093,0,0,0,0,0,0,0,0,0,False,1,99922.872615589047,team09-risk-none,0,1,0.00092453671252668013,0.0048713441822610636,
2020-05-21T08:00:00Z,2.3360058097656629e-05,-0.0025079177774031103,0.0025312778355007668,1.4811653551682247e-06,-4.2917848001029713e-06,5.7729501552711964e-06,-0,0,0,2.4841223452824852e-05,0,0.12065975501318366,-0.00070864171286206049,0.059975556650160786,0.06068419836302285,0,0,0,0,0,0,0,0,0,False,1,99925.354821995745,team09-risk-none,0,1,0.00084945089891808045,0.0048804651684210172,
2020-05-21T16:00:00Z,6.4831749207887898e-05,-1.9501658049512344e-05,8.4333407257400242e-05,5.7423776672890049e-06,-6.2070422482484559e-06,1.1949419915537462e-05,-0,0,0,7.0574126875176888e-05,0,0.11570152185792271,-0.00065539535770990209,0.057523063250106407,0.058178458607816314,0,0,0,0,0,0,0,0,0,False,1,99932.406966665003,team09-risk-none,0,1,0.00082037308478588589,0.0048817703656555871,
2020-05-22T00:00:00Z,-0.00057559422403783409,0.00088133417505013888,-0.0014569283990879729,4.4641475236247206e-06,1.1877144355752942e-08,4.4522703792689676e-06,-0,0,0,-0.00057113007651420934,0,0.11548606555441218,-0.00060141041951920857,0.05744232756744648,0.058043737986965695,0,0,0,0,0,0,0,0,0,False,1,99875.332563427888,team09-risk-none,0,1,0.00075113411934435437,0.0048894447881994143,
2020-05-22T08:00:00Z,-0.0002772813439637134,0.0011838769978955699,-0.0014611583418592832,6.8632368582978751e-07,-4.056559458800145e-06,4.7428831446299323e-06,-0,0,0,-0.00027659502027788362,0,0.11793179708048093,-0.0011855657692958141,0.058373115655592563,0.059558681424888377,0,0,0,0,0,0,0,0,0,False,1,99847.707543792247,team09-risk-none,0,1,0.0013256080139062432,0.0052697133508225174,
2020-05-22T16:00:00Z,-0.00035934316303444448,0.00013206198081771941,-0.00049140514385216389,1.0940967673014947e-06,-7.0069677917424461e-06,8.1010645590439399e-06,-0,0,0,-0.00035824906626714302,0,0.12046745960121247,-0.0014543302880349789,0.059506564656588753,0.060960894944623728,0,0,0,0,0,0,0,0,0,False,1,99811.937195795763,team09-risk-none,0,1,0.0016014292579924483,0.0053484985506897708,
2020-05-23T00:00:00Z,0.00051012622858936571,0.00034471426306302062,0.00016541196552634501,4.2290702497481984e-06,-5.9414073051028757e-06,1.0170477554851074e-05,-0,7.4897067377802256e-05,3.7448533688901128e-05,0.00040200969777241054,0.074897067377802259,0.12779213460123515,-4.3368086899420177e-18,0.063896067300617573,0.063896067300617587,7475.6213852624833,0,0,0,0,0,0,0,0,False,1,99852.062562501917,team09-risk-none,0,1,0.001955975785405073,0.0054789387212895802,
2020-05-23T08:00:00Z,-4.8556932180048376e-05,-0.00060149626789685626,0.00055293933571680788,-3.4919601307840745e-06,-5.5623164930291833e-06,2.0703563622451097e-06,-0,0,0,-5.2048892310832456e-05,0,0.12789051786981462,0.00054665033262737885,0.064218584101220999,0.063671933768593619,0,0,0,0,0,0,0,0,0,False,1,99846.865373250592,team09-risk-none,0,1,0.0015624614023550532,0.0056737826675932364,
2020-05-23T16:00:00Z,0.00020203771287089422,-0.00033375628371718743,0.0005357939965880816,1.0825102040367949e-06,-5.0521777884769998e-06,6.1346879925137945e-06,-0,0,0,0.00020312022307493102,0,0.12671741881811482,0.00055009854329186522,0.06363375868070334,0.063083660137411457,0,0,0,0,0,0,0,0,0,False,1,99867.146290818535,team09-risk-none,0,1,0.0016098618691550159,0.0056748322569044789,
2020-05-24T00:00:00Z,-0.00039248043283434466,0.0006854237477191468,-0.0010779041805534916,-1.3195556254334058e-07,-5.3462569315771527e-06,5.2143013690338114e-06,-0,0,0,-0.00039261238839688803,0,0.12592952497666438,0.00064019473721423342,0.063284859856939296,0.062644665119725065,0,0,0,0,0,0,0,0,0,False,1,99827.937211990909,team09-risk-none,0,1,0.0014082813971992847,0.0057263187166801061,
2020-05-24T08:00:00Z,0.00044793914774591127,-0.0014839657809490095,0.001931904928694921,6.5845367453626724e-06,-5.4791542559808292e-06,1.2063691001343501e-05,-0,0,0,0.00045452368449127391,0,0.12770053644042226,0.00026163907933871803,0.063981087759880484,0.063719448680541774,0,0,0,0,0,0,0,0,0,False,1,99873.311373827673,team09-risk-none,0,1,0.001793636475656446,0.005875677846688074,
2020-05-24T16:00:00Z,-0.00023920514889979257,-0.0021881870434475956,0.001948981894547803,-6.792034755870238e-07,-4.9395846078031201e-06,4.2603811322160964e-06,-0,0,0,-0.0002398843523753796,0,0.12431267200421357,0.00070621714507894916,0.062509444574646258,0.061803227429567308,0,0,0,0,0,0,0,0,0,False,1,99849.353329209174,team09-risk-none,0,1,0.0013471820009923752,0.0061033560081859986,
2020-05-25T00:00:00Z,-0.00041408783270338915,0.0013940921787144167,-0.0018081800114178059,3.3315165857620439e-06,-5.2658237907693242e-06,8.5973403765313672e-06,-0,0,0,-0.00041075631611762711,0,0.12028826780900961,0.00049213594387814349,0.06039020187644388,0.059898065932565733,0,0,0,0,0,0,0,0,0,False,1,99808.339576668935,team09-risk-none,0,1,0.0015827388266874687,0.0061537010069585068,
2020-05-25T08:00:00Z,-0.00048168047676523738,-0.0003881800084112801,-9.3500468353957243e-05,1.130049858773825e-05,-3.7275984023511346e-06,1.5028096990089384e-05,-0,0,0,-0.00047037997817749911,0,0.12336675753746193,0.00012570558765501606,0.061746231562558471,0.061620525974903452,0,0,0,0,0,0,0,0,0,False,1,99761.391732076925,team09-risk-none,0,1,0.0019848919482752247,0.0063048924992926891,
2020-05-25T16:00:00Z,-0.00028159941849069294,0.00077627697735918621,-0.001057876395849879,5.1496906186534246e-06,-3.7243468971603851e-06,8.874037515813808e-06,-0,0,0,-0.00027644972787203951,0,0.12322746086552627,-0.000401914269741609,0.061412773297892326,0.061814687567633933,0,0,0,0,0,0,0,0,0,False,1,99733.812722480463,team09-risk-none,0,1,0.0024604739154914235,0.0064959311163638664,
2020-05-26T00:00:00Z,0.00010078107842291304,-0.00031102658521351551,0.00041180766363642851,7.7208285506187485e-07,-4.206386284112557e-06,4.9784691391744319e-06,-0,6.2253781923741144e-05,3.1126890961870572e-05,8.1724883923632106e-06,0.06225378192374114,0.12953262723551909,1.7347234759768071e-17,0.064766313617759558,0.06476631361775953,6208.8070276485387,0,0,0,0,0,0,0,0,False,1,99734.627795907261,team09-risk-none,0,1,0.0027406090531004734,0.0065533594141969119,
2020-05-26T08:00:00Z,-4.5127454030361651e-05,-0.0016049002633379899,0.0015597728093076284,1.8961196485234349e-06,-3.4861296887191963e-06,5.3822493372426305e-06,-0,0,0,-4.3231334381838218e-05,0,0.12883686714917034,9.2248047866086598e-05,0.064464557598518213,0.064372309550652124,0,0,0,0,0,0,0,0,0,False,1,99730.316134863562,team09-risk-none,0,1,0.0027313379977603747,0.0065538754883640565,
2020-05-26T16:00:00Z,-0.00058999851620802966,0.0011467791363810565,-0.0017367776525890862,-3.272809345811825e-07,-5.5796129112237648e-06,5.2523319766425817e-06,-0,0,0,-0.00059032579714261087,0,0.1257499170881799,5.8813894027871273e-05,0.062904365491103884,0.062845551597076013,0,0,0,0,0,0,0,0,0,False,1,99671.442756491961,team09-risk-none,0,1,0.0027766684804183539,0.0065532156778014133,
2020-05-27T00:00:00Z,3.2271430568990491e-06,0.00028505279069485502,-0.00028182564763795594,2.0442564199514857e-06,-5.3445513572615596e-06,7.3888077772130458e-06,-0,0,0,5.2713994768505348e-06,0,0.12865740320881414,-0.00052549665789099805,0.064065953275461565,0.064591449933352571,0,0,0,0,0,0,0,0,0,False,1,99671.968164483158,team09-risk-none,0,1,0.0033629915814642475,0.006837321236736733,
2020-05-27T08:00:00Z,0.00054042375782930707,0.0010793781008469143,-0.00053895434301760739,6.3925646018466757e-07,-5.3219477322823023e-06,5.9612041924669707e-06,-0,0,0,0.00054106301428949173,0,0.1292635011260006,-0.00053825898244908282,0.064362621071775761,0.064900880054224841,0,0,0,0,0,0,0,0,0,False,1,99725.896980018399,team09-risk-none,0,1,0.0033591381891351357,0.0068376925976793099,
2020-05-27T16:00:00Z,-0.00011156465089397986,-0.00011982859941945051,8.2639485254706364e-06,2.9073189561847847e-06,-2.5538679846448463e-06,5.4611869408296315e-06,-0,0,0,-0.00010865733193779508,0,0.13077762683343064,4.7064445359828316e-05,0.065412345639395228,0.065365281194035396,0,0,0,0,0,0,0,0,0,False,1,99715.061030127443,team09-risk-none,0,1,0.0028176310149222727,0.0071275234521955702,
2020-05-28T00:00:00Z,0.00060845675087977009,9.7509266223977167e-05,0.00051094748465579281,-2.4848122064610256e-06,-6.1648338935779237e-06,3.6800216871168981e-06,-0,0,0,0.00060597193867330907,0,0.13062742033024968,-8.3527313098887002e-05,0.065271946508575401,0.065355473821674281,0,0,0,0,0,0,0,0,0,False,1,99775.485558974789,team09-risk-none,0,1,0.0029313585288437416,0.0071318830651777854,
2020-05-28T08:00:00Z,0.00064414630255933041,0.0023081294603823493,-0.0016639831578230191,3.3709506987097862e-06,-2.0472019443876581e-06,5.4181526430974438e-06,-0,0,0,0.00064751725325804031,0,0.13023849219240824,0.00052911747530074056,0.065383804833854475,0.064854687358553736,0,0,0,0,0,0,0,0,0,False,1,99840.091907326423,team09-risk-none,0,1,0.0023213207610736086,0.0074701930729059122,
2020-05-28T16:00:00Z,0.0013641542845248065,0.0021703393889141004,-0.00080618510438929404,1.8078246880277207e-06,-5.5059488521594572e-06,7.3137735401871777e-06,-0,0,0,0.0013659621092128344,0,0.13398248225729303,0.0011872001041679141,0.067584841180730465,0.066397641076562555,0,0,0,0,0,0,0,0,0,False,1,99976.469689852165,team09-risk-none,0,1,0.0016768671050938488,0.0078295926116566644,
2020-05-29T00:00:00Z,-0.00041587760755192347,-0.0005959683486462178,0.00018009074109429427,-1.453557671081077e-06,-7.0661287809137747e-06,5.6125711098326973e-06,-0,6.8134108639114193e-05,3.4067054319557096e-05,-0.0005195323281816758,0.068134108639114205,0.12892138849537293,-4.3368086899420177e-18,0.064460694247686467,0.064460694247686467,6811.8076472034954,0,0,0,0,0,0,0,0,False,1,99924.528681790805,team09-risk-none,0,1,0.0003164558878231416,0.009197851337324264,
2020-05-29T08:00:00Z,0.0001690753497487743,-0.00011500183410367089,0.00028407718385244519,2.149313021450596e-07,-4.5899116166120123e-06,4.8048429187570732e-06,-0,0,0,0.00016929028105091933,0,0.12821858381808277,-0.00046094681261518462,0.063878818502733789,0.064339765315348976,0,0,0,0,0,0,0,0,0,False,1,99941.444933335224,team09-risk-none,0,1,0.00083415671010711456,0.0093729121299664427,
2020-05-29T16:00:00Z,7.4200421402874822e-05,5.1976358780562244e-05,2.2224062622312574e-05,-8.4400785990752647e-07,-5.6258153078145824e-06,4.7818074479070547e-06,-0,0,0,7.3356413542967293e-05,0,0.1277225506345448,-0.00025990456921205166,0.063731323032666376,0.06399122760187842,0,0,0,0,0,0,0,0,0,False,1,99948.77627929984,team09-risk-none,0,1,0.00066606587841200326,0.0093933459812756328,
2020-05-30T00:00:00Z,0.00027405632377064068,0.0018674492580407589,-0.001593392934270118,-5.5394222270944691e-07,-5.332038972704348e-06,4.7780967499949012e-06,-0,0,0,0.00027350238154793123,0,0.12775068450003457,-0.00019590877441416892,0.063777387862810203,0.063973296637224369,0,0,0,0,0,0,0,0,0,False,1,99976.112507645026,team09-risk-none,0,1,0.00059246843113003322,0.0093974515160253225,
2020-05-30T08:00:00Z,0.00010443479899260764,0.0012312958446228492,-0.0011268610456302416,1.578563534224276e-05,-6.7508231165492054e-06,2.2536458458791969e-05,-0,0,0,0.00012022043433485042,0,0.13121066798018749,7.9048412305052912e-05,0.06564485819624627,0.06556580978394122,0,0,0,0,0,0,0,0,0,False,1,99988.13167931381,team09-risk-none,0,1,0.00030279371891406281,0.009447764299472191,
2020-05-30T16:00:00Z,0.0015630413911513952,0.0030747066895353762,-0.0015116652983839809,1.3905449308719895e-06,-6.7434600249425814e-06,8.1340049558145711e-06,-0,0,0,0.0015644319360822673,0,0.1334633190683901,0.000232558338542228,0.06684793870346617,0.066615380364923954,0,0,0,0,0,0,0,0,0,False,1,100144.55630574212,team09-risk-none,0,1,0.00019700192110938541,0.009457474709617027,
2020-05-31T00:00:00Z,0.0020161565308001324,0.001638427192181393,0.00037772933861873926,4.0101893680655685e-06,-1.3555280763720632e-05,1.7565470131786198e-05,-0,0,0,0.002020166720168198,0,0.13790388029962863,0.0017949340062416953,0.069849407152935167,0.068054473146693467,0,0,0,0,0,0,0,0,0,False,1,100346.86500559699,team09-risk-none,0,1,0,0.010921094997342774,
2020-05-31T08:00:00Z,-0.00091595563396166591,-0.0013338277157622746,0.00041787208180060878,1.2800641127145063e-06,-8.9531571518846778e-06,1.0233221264599184e-05,-0,0,0,-0.00091467556984895144,0,0.13868471141885164,0.003847088765127662,0.071265900091989631,0.067418811326861977,0,0,0,0,0,0,0,0,0,False,1,100255.08017966544,team09-risk-none,0,1,0,0.012966219330162848,
2020-05-31T16:00:00Z,-0.0012055241123772309,-0.0025122751814758274,0.0013067510690985963,-6.3013575336733238e-06,-1.2587866992248059e-05,6.2865094585747357e-06,-0,0,0,-0.0012118254699109044,0,0.13723905026281474,0.002835607806837533,0.070037329034826151,0.06720172122798862,0,0,0,0,0,0,0,0,0,False,1,100133.58852001576,team09-risk-none,0,1,0.00092225004725832171,0.013385421984295898,
2020-06-01T00:00:00Z,0.0010891065502767485,0.0023927393326732137,-0.0013036327823964656,-2.7747564501759312e-06,-7.7317405870636435e-06,4.9569841368877127e-06,-0,7.0582850825161663e-05,3.5291425412580832e-05,0.0009804575175888302,0.070582850825161664,0.12861567026888338,1.7347234759768071e-18,0.064307835134441688,0.064307835134441688,7067.7141410963932,0,0,0,0,0,0,0,0,False,1,100231.76524964336,team09-risk-none,0,1,0.0021294388099053485,0.014067089720120635,
2020-06-01T08:00:00Z,-0.00027565343955643194,0.00043917664114416667,-0.00071483008070059861,6.1063961862536728e-06,-4.4918241171775144e-06,1.0598220303431186e-05,-0,0,0,-0.0002695470433701783,0,0.13199832151686403,0.0011159449940822894,0.066557133255473161,0.065441188261390865,0,0,0,0,0,0,0,0,0,False,1,100204.74807366854,team09-risk-none,0,1,0.0011421981621753119,0.014464396635690106,
2020-06-01T16:00:00Z,-0.00029259382207409647,0.0020476669584481482,-0.0023402607805222447,-6.70773855139225e-10,-8.1080868098952446e-06,8.1074160360401051e-06,-0,0,0,-0.0002925944928479516,0,0.13319335718036018,0.00085450586589050359,0.06702393152312533,0.06616942565723484,0,0,0,0,0,0,0,0,0,False,1,100175.42871622497,team09-risk-none,0,1,0.0014175357393865218,0.014500826875700494,
2020-06-02T00:00:00Z,-0.00041510033010109544,0.0004974091514440823,-0.00091250948154517769,-1.7394251316985123e-05,-3.4158667025863174e-05,1.6764415708878054e-05,-0,0,0,-0.00043249458141808063,0,0.13742251612699344,0.00048050481218967975,0.068951510469591554,0.068471005657401884,0,0,0,0,0,0,0,0,0,False,1,100132.10338611397,team09-risk-none,0,1,0.0017270793115647942,0.014542348456936327,
2020-06-02T08:00:00Z,0.0004699669468471501,-0.0039988860292324048,0.0044688529760795554,-2.5734646993621616e-06,-6.394478776523882e-05,6.1371323065876655e-05,-0,0,0,0.00046739348214778787,0,0.13905549637370671,0.00013100221069186832,0.069593249292199288,0.069462247081507417,0,0,0,0,0,0,0,0,0,False,1,100178.9044785904,team09-risk-none,0,1,0.0021440378921903092,0.014627507269643233,
2020-06-02T16:00:00Z,0.00042787657140821653,0.0014379008669861448,-0.0010100242955779282,-8.1387368723992865e-07,-2.1304440011790277e-05,2.0490566324550351e-05,-0,0,0,0.00042706269772097661,0,0.13072161557515469,0.00055104029980465249,0.065636327937479672,0.065085287637675016,0,0,0,0,0,0,0,0,0,False,1,100221.68715179176,team09-risk-none,0,1,0.0016758898758176821,0.014712309268332262,
2020-06-03T00:00:00Z,-0.00010793940151024325,-0.00041111077565785762,0.00030317137414761434,-1.5445807839688939e-06,-7.2060904878110004e-06,5.6615097038421058e-06,-0,0,0,-0.00010948398229421214,0,0.13301913161471576,0.0009857455548128221,0.067002438584764304,0.066016693029951473,0,0,0,0,0,0,0,0,0,False,1,100210.71448237014,team09-risk-none,0,1,0.0012502726827888777,0.014780436270829311,
2020-06-03T08:00:00Z,0.00092660697358319059,0.0021498319583004338,-0.0012232249847172433,-3.5933334513842195e-06,-9.6019135804869839e-06,6.0085801291027652e-06,-0,0,0,0.00092301364013180637,0,0.13230439116432713,0.00090794486550851636,0.06660616801491781,0.065698223149409291,0,0,0,0,0,0,0,0,0,False,1,100303.21033872472,team09-risk-none,0,1,0.0013616657505537422,0.014787619399172223,
2020-06-03T16:00:00Z,0.00046328100384996506,0.00082118520678189596,-0.00035790420293193095,-3.610641090823056e-06,-1.035050110255296e-05,6.7398600117299056e-06,-0,0,0,0.00045967036275914203,0,0.13544958588451508,0.0018247142614383569,0.068637150072976716,0.066812435811538368,0,0,0,0,0,0,0,0,0,False,1,100349.31675180703,team09-risk-none,0,1,0.00043992624657085422,0.01511640445254777,
2020-06-04T00:00:00Z,-0.0001916118031373934,0.00043322983907351697,-0.00062484164221091032,3.7275704529313852e-06,-1.0168911292526034e-05,1.3896481745457418e-05,-0,5.1763153233061099e-05,2.588157661653055e-05,-0.00026552896253405366,0.051763153233061097,0.12378376571059421,3.4694469519536142e-18,0.061891882855297106,0.061891882855297099,5194.3970598567721,0,0,0,0,0,0,0,0,False,1,100322.67110183892,team09-risk-none,0,1,0,0.015188640418538308,
2020-06-04T08:00:00Z,-0.00062475851112629103,-0.00024836556020343075,-0.00037639295092286023,-6.2921435184763882e-06,-1.1025086465710377e-05,4.7329429472339895e-06,-0,0,0,-0.00063105065464476751,0,0.12494572876021547,-0.0002181401350291011,0.062363794312593188,0.062581934447622278,0,0,0,0,0,0,0,0,0,False,1,100259.36241456438,team09-risk-none,0,1,0.00027554597864198893,0.015225191489044811,
2020-06-04T16:00:00Z,0.00014243024991020126,-0.00015983945920630753,0.00030226970911650876,-4.7520285649455962e-07,-8.6533335803399796e-06,8.1781307238454213e-06,-0,0,0,0.00014195504705370669,0,0.12510983026171946,-0.00081874383200865493,0.062145543214855402,0.062964287046864048,0,0,0,0,0,0,0,0,0,False,1,100273.59473707352,team09-risk-none,0,1,0.00090061104519389978,0.015401590273337493,
2020-06-05T00:00:00Z,0.00031341684134473537,0.00017892732933994502,0.00013448951200479038,-1.092343424628026e-05,-1.5810618871466666e-05,4.8871846251864057e-06,-0,0,0,0.00030249340709845508,0,0.12466275353855887,-0.00063200009862971092,0.062015376719964578,0.06264737681859428,0,0,0,0,0,0,0,0,0,False,1,100303.92683838755,team09-risk-none,0,1,0.00076922415282543177,0.015406273017613565,
2020-06-05T08:00:00Z,-0.00072711504419892704,-0.00082640082346209433,9.9285779263167201e-05,-1.2440328646939189e-05,-1.8636472415640677e-05,6.1961437687014892e-06,-0,0,0,-0.00073955537284586619,0,0.12461472273991525,-0.00041480770988349715,0.062099957515015874,0.062514765224899377,0,0,0,0,0,0,0,0,0,False,1,100229.74653037668,team09-risk-none,0,1,0.00046847963359031297,0.015435017319051446,
2020-06-05T16:00:00Z,-0.00046538257068958486,-0.00067869136008138651,0.00021330878939180165,-1.5864443194242545e-05,-2.059519578920419e-05,4.7307525949616444e-06,-0,0,0,-0.00048124701388382743,0,0.12380147163351959,-0.0011032371220170839,0.061349117255751262,0.062452354377768346,0,0,0,0,0,0,0,0,0,False,1,100181.51126415661,team09-risk-none,0,1,0.0012111085616356432,0.015668752321823666,
2020-06-06T00:00:00Z,-2.2620034339967458e-05,-1.4364008464857279e-05,-8.2560258751101873e-06,-3.6777308752140006e-06,-1.1905897350265385e-05,8.2281664750513851e-06,-0,0,0,-2.6297765215181458e-05,0,0.12307591966704501,-0.0015594628620962045,0.060758228402474412,0.06231769126457061,0,0,0,0,0,0,0,0,0,False,1,100178.87671429449,team09-risk-none,0,1,0.001679606444957904,0.015768032410133602,
2020-06-06T08:00:00Z,0.00034011161469438549,0.00087217136190033786,-0.00053205974720595237,-6.2321874437138841e-06,-1.6337479111828518e-05,1.0105291668114634e-05,-0,0,0,0.00033387942725067162,0,0.12300843007781043,-0.0015954514430438268,0.060706489317383303,0.062301940760427124,0,0,0,0,0,0,0,0,0,False,1,100212.32438027447,team09-risk-none,0,1,0.0017084101486788406,0.015768714971283862,
2020-06-06T16:00:00Z,-3.5990575244827385e-05,-0.00037156438174330749,0.00033557380649848001,-1.117275916683923e-05,-1.6374605143497963e-05,5.2018459766587339e-06,-0,0,0,-4.7163334411666614e-05,0,0.12434673493219381,-0.0012574115235771711,0.061544661704308307,0.062802073227885488,0,0,0,0,0,0,0,0,0,False,1,100207.59803290755,team09-risk-none,0,1,0.0013800349331158923,0.015806473061481138,
2020-06-07T00:00:00Z,0.00033724786784302156,0.00022492279124084385,0.00011232507660217766,-5.8823335569770065e-06,-1.0620679333342192e-05,4.7383457763651856e-06,-0,2.7679486503226495e-05,1.3839743251613248e-05,0.00028984630453120485,0.027679486503226495,0.12594605046980481,3.4694469519536142e-18,0.062973025234902405,0.062973025234902405,2773.6948572726105,0,0,0,0,0,0,0,0,False,1,100236.64283488334,team09-risk-none,0,1,0.001421850245985623,0.015808198347821562,
2020-06-07T08:00:00Z,-5.515281824506358e-05,-0.0014332112601131023,0.0013780584418680386,-6.0593297597404896e-06,-1.0810488889143612e-05,4.7511591294031223e-06,-0,0,0,-6.1212148004804074e-05,0,0.12599733592881082,0.00029790972604097285,0.063147622827425906,0.06284971310138493,0,0,0,0,0,0,0,0,0,False,1,100230.50713466662,team09-risk-none,0,1,0.0011325928563031828,0.015835280788218394,
2020-06-07T16:00:00Z,0.00041447661013934318,0.001487682774202716,-0.0010732061640633729,-2.7543532565795887e-06,-7.7379627375495009e-06,4.9836094809699125e-06,-0,0,0,0.0004117222568827636,0,0.1232521420747258,0.00025899617251802336,0.061755569123621921,0.061496572951103889,0,0,0,0,0,0,0,0,0,False,1,100271.77426527262,team09-risk-none,0,1,0.0011904346246294217,0.015837974421848103,
2020-06-08T00:00:00Z,2.9274285049590151e-05,0.0001333789622586415,-0.00010410467720905141,-3.0453994029380388e-06,-7.7648521200144342e-06,4.7194527170763945e-06,-0,0,0,2.6228885646652112e-05,0,0.12568878568711025,0.00068362371302982568,0.063186204700070039,0.062502580987040215,0,0,0,0,0,0,0,0,0,False,1,100274.4042821734,team09-risk-none,0,1,0.00077949331634052932,0.015894764524529374,
2020-06-08T08:00:00Z,5.3638570407018621e-06,-0.00024498954612071645,0.00025035340316141829,-1.0145423120734456e-05,-1.4874309920389572e-05,4.7288867996551171e-06,-0,0,0,-4.7815660800325937e-06,0,0.12591379197797892,0.00070041122666724201,0.063307101602323071,0.062606690375655832,0,0,0,0,0,0,0,0,0,False,1,100273.92481348319,team09-risk-none,0,1,0.00076037957291841263,0.015894413247675022,
2020-06-08T16:00:00Z,3.3398069679570902e-06,0.00046343875428854779,-0.00046009894732059077,-3.7935966361564268e-07,-7.3941355957554963e-06,7.0147759321398516e-06,-0,0,0,2.9604473043414476e-06,0,0.12539786053080484,0.00068319536746364214,0.063040527949134242,0.062357332581670602,0,0,0,0,0,0,0,0,0,False,1,100274.2216691536,team09-risk-none,0,1,0.00075539881330699554,0.015894535116132764,
2020-06-09T00:00:00Z,-0.00025929231322122283,-0.00068968269886241222,0.00043039038564118951,-1.3618762170166285e-05,-1.8371119179720692e-05,4.7523570095544074e-06,-0,0,0,-0.00027291107539138913,0,0.12633001389843762,0.00071079602441575206,0.063520404961426691,0.062809608937010944,0,0,0,0,0,0,0,0,0,False,1,100246.85572348384,team09-risk-none,0,1,0.00076567004798222538,0.015894468556816702,
2020-06-09T08:00:00Z,-0.00036327205466274985,-4.9069607091717474e-05,-0.0003142024475710324,-1.1690313371938775e-05,-1.9513876199825383e-05,7.8235628278866062e-06,-0,0,0,-0.00037496236803468861,0,0.12524307129642556,0.000456963039226016,0.062850017167825789,0.062393054128599773,0,0,0,0,0,0,0,0,0,False,1,100209.26692507372,team09-risk-none,0,1,0.001036445690950627,0.015929388313038462,
2020-06-09T16:00:00Z,8.1101184155135702e-05,-5.0063300834250507e-05,0.00013116448498938616,-6.3149766232654086e-06,-1.6884849848365061e-05,1.0569873225099654e-05,-0,0,0,7.4786207531870295e-05,0,0.12558480082703988,0.00012880841870117898,0.062856804622870535,0.062727996204169356,0,0,0,0,0,0,0,0,0,False,1,100216.7611961066,team09-risk-none,0,1,0.0014056516160591004,0.015990929477909858,
2020-06-10T00:00:00Z,3.9608487203754477e-05,-2.03673355666965e-05,5.9975822770450933e-05,-4.6560218508420213e-06,-1.3619900848154464e-05,8.9638789973124423e-06,-0,8.2697357219101668e-05,4.1348678609550834e-05,-8.9093570475740048e-05,0.082697357219101666,0.12298868628170967,6.9388939039072284e-18,0.061494343140854828,0.061494343140854821,8287.6612999758345,0,0,0,0,0,0,0,0,False,1,100207.83252703013,team09-risk-none,0,1,0.0013293137746658301,0.01599171398295296,
2020-06-10T08:00:00Z,-2.2769506411668423e-05,-5.7652315917003559e-05,3.4882809505335122e-05,-1.3575353303646308e-05,-2.1263378215801451e-05,7.6880249121551431e-06,-0,0,0,-3.6344859715314729e-05,0,0.12288760396965891,3.8319611757590966e-05,0.061462961790708245,0.061424642178950654,0,0,0,0,0,0,0,0,0,False,1,100204.19048741455,team09-risk-none,0,1,0.0014271956345649484,0.015996389850695274,
2020-06-10T16:00:00Z,0.00053412419904045163,0.0010737507630002019,-0.0005396265639597504,-1.9456443421326036e-05,-2.80571788194065e-05,8.6007353980804634e-06,-0,0,0,0.00051466775561912555,0,0.12285604801180033,1.0635757372902399e-05,0.061433341884586622,0.061422706127213726,0,0,0,0,0,0,0,0,0,False,1,100255.76235323635,team09-risk-none,0,1,0.0014693611859863953,0.015997540254175501,
2020-06-11T00:00:00Z,-0.00031702177994836675,-0.00080863844219544116,0.00049161666224707451,-2.516619510503837e-05,-3.4555302574659084e-05,9.3891074696207112e-06,-0,0,0,-0.00034218797505340513,0,0.12435107314339285,0.00053794770592487454,0.062444510424658858,0.061906562718733987,0,0,0,0,0,0,0,0,0,False,1,100221.45603692926,team09-risk-none,0,1,0.0009611540704819177,0.016088988081233647,
2020-06-11T08:00:00Z,-0.00069281516564365065,-0.0025815709531445707,0.0018887557875009204,-1.1555962909874276e-05,-1.857368719046482e-05,7.0177242805905426e-06,-0,0,0,-0.00070437112855352489,0,0.1231132392569565,0.00022163038352700226,0.061667434820241757,0.061445804436714747,0,0,0,0,0,0,0,0,0,False,1,100150.86293683526,team09-risk-none,0,1,0.0012894203102066237,0.016140635971560631,
2020-06-11T16:00:00Z,0.00020961570197917405,-0.0025028153533951762,0.00271243105537435,-1.1880480888020908e-05,-1.7713963181909923e-05,5.8334822938890138e-06,-0,0,0,0.00019773522109115311,0,0.11877826123956262,-0.00045197434162431993,0.059163143448969141,0.059615117790593461,0,0,0,0,0,0,0,0,0,False,1,100170.66628986054,team09-risk-none,0,1,0.0019932070833152959,0.016339661482439462,
2020-06-12T00:00:00Z,0.00045736259908979134,0.0017890878288122204,-0.0013317252297224292,-5.9434716898649986e-07,-4.9928598617667241e-06,4.3985126927802243e-06,-0,0,0,0.00045676825192080488,0,0.11355145994148833,-0.00028177267440906983,0.056634843633539628,0.056916616307948698,0,0,0,0,0,0,0,0,0,False,1,100216.4210699955,team09-risk-none,0,1,0.0017845999902865728,0.01635170201380106,
2020-06-12T08:00:00Z,-0.00054244538406127097,-0.00037256841862437116,-0.00016987696543689976,-1.2518341271865391e-06,-7.3623800263667138e-06,6.110545899180174e-06,-0,0,0,-0.00054369721818845753,0,0.11662479099578635,0.00019910563003119192,0.05841194831290876,0.058212842682877575,0,0,0,0,0,0,0,0,0,False,1,100161.93368064293,team09-risk-none,0,1,0.0013293035007642118,0.016422614480786059,
2020-06-12T16:00:00Z,8.1411825708701808e-05,0.00015759571439504847,-7.6183888686346679e-05,-5.493040515681263e-06,-9.8642723981418092e-06,4.3712318824605445e-06,-0,0,0,7.5918785193020548e-05,0,0.11645579273697057,-0.00036369358922925393,0.058046049573870662,0.058409743163099909,0,0,0,0,0,0,0,0,0,False,1,100169.53785297055,team09-risk-none,0,1,0.001876511251307722,0.016541517820061934,
2020-06-13T00:00:00Z,0.00022597947012415883,-6.4779908420895809e-05,0.00029075937854505465,-8.1034343980370157e-08,-5.177438272521462e-06,5.0964039285410905e-06,-0,4.0440545495399067e-05,2.0220272747699534e-05,0.00016523761753707984,0.040440545495399063,0.128021050886483,-6.9388939039072284e-18,0.064010525443241512,0.064010525443241498,4050.9107527961542,0,0,0,0,0,0,0,0,False,1,100186.08962875516,team09-risk-none,0,1,0.00179533263831122,0.016542615277452037,
2020-06-13T08:00:00Z,1.2785853041036765e-05,0.00042484687360249117,-0.00041206102056145447,2.3146371362399893e-06,-5.4037419485820655e-06,7.7183790848220552e-06,-0,0,0,1.5100490177276755e-05,0,0.12764115414798155,0.00014525650557761782,0.063893205326779584,0.063747948821201966,0,0,0,0,0,0,0,0,0,False,1,100187.60248781749,team09-risk-none,0,1,0.0016279999114710009,0.016547026859437541,
2020-06-13T16:00:00Z,0.00014895603699551839,0.00041442269877931323,-0.00026546666178379482,-1.6177893099929137e-07,-5.6527361393385879e-06,5.4909572083392971e-06,-0,0,0,0.00014879425806451908,0,0.12849805386158691,0.00020296989937901994,0.064350511880482963,0.06414754198110395,0,0,0,0,0,0,0,0,0,False,1,100202.50982779694,team09-risk-none,0,1,0.0016153964209639771,0.016543176585842045,
2020-06-14T00:00:00Z,-0.00017695965520155496,-0.0010184609278561629,0.00084150127265460791,2.0299024750220762e-06,-5.4724366226548805e-06,7.5023390976769555e-06,-0,0,0,-0.00017492975272653287,0,0.12914841658188883,0.00036018855403889202,0.064754302567963856,0.064394114013924975,0,0,0,0,0,0,0,0,0,False,1,100184.98142753018,team09-risk-none,0,1,0.0014646540577025746,0.016485320265330873,
2020-06-14T08:00:00Z,-1.922356911139174e-06,-0.00026324171794316932,0.0002613193610320301,-1.0325801710562284e-06,-5.2024577878810253e-06,4.1698776168247973e-06,-0,0,0,-2.9549370821954024e-06,0,0.12738441965887115,0.00022658877900868374,0.063805504218939921,0.063578915439931244,0,0,0,0,0,0,0,0,0,False,1,100184.68538721348,team09-risk-none,0,1,0.0016423850548845653,0.016492712767489075,
2020-06-14T16:00:00Z,-0.0004427844164656881,-0.00074760197691912543,0.00030481756045343733,1.2373290098383958e-06,-5.5862017614545305e-06,6.8235307712929259e-06,-0,0,0,-0.00044154708745584972,0,0.12686353942228723,0.00018435991740824165,0.063523949669847729,0.063339589752439487,0,0,0,0,0,0,0,0,0,False,1,100140.44913117308,team09-risk-none,0,1,0.0016430689620626771,0.016492711762501912,
2020-06-15T00:00:00Z,1.1575222965930843e-05,-0.0021897797422353138,0.0022013549652012444,-6.0408987122288546e-07,-5.6068894503317152e-06,5.0027995791088311e-06,-0,0,0,1.0971133094707958e-05,0,0.12583439500819271,-0.00027890623998648445,0.062777744384103121,0.063056650624089605,0,0,0,0,0,0,0,0,0,False,1,100141.54778536866,team09-risk-none,0,1,0.002085728136495657,0.016528412710667108,
2020-06-15T08:00:00Z,0.00052863195469413386,0.0011518410824454272,-0.00062320912775129316,2.2208366153836785e-07,-4.3216426203378851e-06,4.5437262818762524e-06,-0,0,0,0.0005288540383556722,0,0.12146945385969093,-0.00025199030453472437,0.060608731777578112,0.060860722082112836,0,0,0,0,0,0,0,0,0,False,1,100194.50804732215,team09-risk-none,0,1,0.0020739554262994009,0.016513660396214887,
2020-06-15T16:00:00Z,-6.7954731110452622e-05,0.00093532737980327467,-0.0010032821109137273,6.2665109084765986e-07,-3.953397165951206e-06,4.5800482567988655e-06,-0,0,0,-6.7328080019604959e-05,0,0.12318461597468069,0.00028594780136568035,0.061735281888023186,0.061449334086657509,0,0,0,0,0,0,0,0,0,False,1,100187.76214346681,team09-risk-none,0,1,0.0015457942658481105,0.016603195655165638,
2020-06-16T00:00:00Z,0.00054149883443332881,0.00076937541699458707,-0.00022787658256125836,4.5995129757040046e-06,4.5697561642330227e-07,4.1425373592807019e-06,-0,5.4579543179648559e-05,2.7289771589824279e-05,0.00046422903263956008,0.054579543179648554,0.12599823804727955,3.4694469519536142e-18,0.062999119023639777,0.062999119023639777,5468.2022899817057,0,0,0,0,0,0,0,0,False,1,100234.272211369,team09-risk-none,0,1,0.0016090518194071812,0.016506177511917575,
2020-06-16T08:00:00Z,-0.00012841240848574312,-0.00053136983914177176,0.00040295743065602854,5.7989430258723336e-07,-5.562103618702313e-06,6.1419979212895466e-06,-0,0,0,-0.00012783251418315588,0,0.12682063387542636,0.00049325467811187421,0.063656944276769115,0.063163689598657244,0,0,0,0,0,0,0,0,0,False,1,100221.4590123449,team09-risk-none,0,1,0.001149584750789745,0.016407757747538207,
2020-06-16T16:00:00Z,0.00011742703644533912,0.00063048171974557261,-0.00051305468330023354,-6.1662575433285535e-07,-5.3898572478438941e-06,4.7732314935110388e-06,-0,0,0,0.00011681041069100627,0,0.12593104292489002,0.00040642651192290824,0.063168734718406463,0.062762308206483555,0,0,0,0,0,0,0,0,0,False,1,100233.16592213219,team09-risk-none,0,1,0.0012784653017482439,0.016254481708274336,
2020-06-17T00:00:00Z,-0.00022299223141989931,0.00053603372727831851,-0.00075902595869821769,2.2763474809169699e-06,-5.8874043629062805e-06,8.1637518438232504e-06,-0,0,0,-0.00022071588393898233,0,0.12703341945737584,0.00048247706059384443,0.063757948258984842,0.063275471198390998,0,0,0,0,0,0,0,0,0,False,1,100211.04287031568,team09-risk-none,0,1,0.001158914615165707,0.016256944186544428,
2020-06-17T08:00:00Z,3.7076870914452273e-07,-0.00073641146720740619,0.00073678223591655068,-4.2414160012313244e-06,-9.1105707277512859e-06,4.8691547265199615e-06,-0,0,0,-3.8706472920868021e-06,0,0.12834002295843122,0.00024698064193669905,0.064293501800183964,0.064046521158247272,0,0,0,0,0,0,0,0,0,False,1,100210.65498871396,team09-risk-none,0,1,0.0013858834664688402,0.016280221589277163,
2020-06-17T16:00:00Z,0.0004747949952267206,0.00065647381254200978,-0.00018167881731528924,-1.8343313923964871e-06,-8.7379340671686382e-06,6.9036026747721506e-06,-0,0,0,0.00047296066383432412,0,0.12697227185903309,0.00029775765062044213,0.06363501475482676,0.063337257104206318,0,0,0,0,0,0,0,0,0,False,1,100258.05068662069,team09-risk-none,0,1,0.0013873449999335374,0.016280249101562626,
2020-06-18T00:00:00Z,0.00019318651085593376,-9.7659733626476538e-05,0.00029084624448241032,-1.2778299195957264e-05,-1.9275062821725514e-05,6.496763625768252e-06,-0,0,0,0.0001804082116599765,0,0.12772868850351604,0.00080592387182473399,0.064267306187670403,0.063461382315845666,0,0,0,0,0,0,0,0,0,False,1,100276.13806224958,team09-risk-none,0,1,0.00092597446939779449,0.016325138532713446,
2020-06-18T08:00:00Z,-0.00012186171213673412,-0.00069789434046874327,0.00057603262833200923,-1.1047615077799744e-06,-7.3202567978950562e-06,6.2154952901150827e-06,-0,0,0,-0.00012296647364451409,0,0.12728248091465055,0.00096803392832376864,0.064125257421487156,0.063157223493163384,0,0,0,0,0,0,0,0,0,False,1,100263.80745916137,team09-risk-none,0,1,0.00073406832973488267,0.016328410096243983,
2020-06-18T16:00:00Z,9.5147668894050231e-05,-1.3377240307528118e-06,9.6485392924803014e-05,-1.2535173576215624e-06,-6.1618537574707666e-06,4.9083363998492053e-06,-0,0,0,9.3894151536428661e-05,0,0.12607577907754935,0.00086084327331217847,0.063468311175430753,0.062607467902118574,0,0,0,0,0,0,0,0,0,False,1,100273.22164429256,team09-risk-none,0,1,0.00085709316612414543,0.01633627057655844,
2020-06-19T00:00:00Z,-0.00032676967332770167,-0.00091952802456720132,0.00059275835123949959,-7.6380925750218562e-07,-5.5178613781160736e-06,4.754052120613887e-06,-0,3.4477543369859146e-05,1.7238771684929573e-05,-0.00037924979763999264,0.034477543369859157,0.12637126976090957,-1.3877787807814457e-17,0.063185634880454797,0.063185634880454797,3457.1743480765963,0,0,0,0,0,0,0,0,False,1,100235.19304527524,team09-risk-none,0,1,0.00076279015569391539,0.016337108734623081,
2020-06-19T08:00:00Z,0.00030875419765531557,0.00089979663413399056,-0.00059104243647867488,-9.2389981940500397e-07,-5.3810734827200256e-06,4.457173663315021e-06,-0,0,0,0.00030783029783591054,0,0.12483246724166611,-0.00029120274875463897,0.062270632246455737,0.062561834995210369,0,0,0,0,0,0,0,0,0,False,1,100266.04847460402,team09-risk-none,0,1,0.0011419105732223267,0.016386065693115705,
2020-06-19T16:00:00Z,-9.7326146833836698e-05,-0.00072255715412303907,0.00062523100728920241,-4.2624315829078817e-06,-1.1263975572168182e-05,7.0015439892602992e-06,-0,0,0,-0.00010158857841674459,0,0.12627253509425185,-1.6416924560450769e-05,0.063128059084845686,0.063144476009406147,0,0,0,0,0,0,0,0,0,False,1,100255.86258927602,team09-risk-none,0,1,0.00083776753912656599,0.016346043691002045,
2020-06-20T00:00:00Z,1.4597362949374164e-05,0.00011812144743902709,-0.00010352408448965297,2.0422724655951896e-06,-5.406017059410604e-06,7.448289525005794e-06,-0,0,0,1.6639635414969354e-05,0,0.12503963206306884,-5.4627918887217852e-05,0.062492502072090804,0.062547129990978029,0,0,0,0,0,0,0,0,0,False,1,100257.53081027772,team09-risk-none,0,1,0.0009329722008590835,0.016298715272508646,
2020-06-20T08:00:00Z,0.00033710432116769196,-0.00045054264060411122,0.00078764696177180318,-2.9195332663663326e-07,-5.3436380173268058e-06,5.0516846906901722e-06,-0,0,0,0.00033681236784105533,0,0.12524634244027516,-6.4665445513867326e-05,0.062590838497380646,0.062655503942894514,0,0,0,0,0,0,0,0,0,False,1,100291.29878662383,team09-risk-none,0,1,0.0009186801718273907,0.016298309770151849,
2020-06-20T16:00:00Z,-5.7325347578595928e-05,0.00094800130496462448,-0.0010053266525432206,7.0972625717233675e-06,-5.3096070797547454e-07,7.6282232796988423e-06,-0,0,0,-5.0228085006872554e-05,0,0.12401326288747669,0.00026277396818322543,0.062138018427829962,0.061875244459646733,0,0,0,0,0,0,0,0,0,False,1,100286.26134674292,team09-risk-none,0,1,0.00057479231060919567,0.016331675149680532,
2020-06-21T00:00:00Z,0.00031370910133609367,0.00017875599385075056,0.0001349531074853431,9.3066500626406971e-06,-1.4500985809922517e-06,1.075674864363295e-05,-0,0,0,0.00032301575139873437,0,0.12591326213295234,0.00019907072581234336,0.063056166429382332,0.062857095703569996,0,0,0,0,0,0,0,0,0,False,1,100318.6553888068,team09-risk-none,0,1,0.00062278353392719588,0.016334395405633761,
2020-06-21T08:00:00Z,0.00050156893987691087,0.00065240878357849554,-0.00015083984370158472,9.9739564070943828e-06,3.9866403378734504e-06,5.9873160692209333e-06,-0,0,0,0.00051154289628400527,0,0.12589139898181964,0.00052475076950228919,0.063208074875660963,0.062683324106158678,0,0,0,0,0,0,0,0,0,False,1,100369.97268433571,team09-risk-none,0,1,0.00029930185145488064,0.016220570016680882,
2020-06-21T16:00:00Z,2.2796835337346454e-05,-0.00059472810406603377,0.00061752493940338022,2.0566355352181392e-05,1.5005390103326076e-05,5.5609652488553143e-06,-0,0,0,4.3363190689527846e-05,0,0.12657151471494682,0.00099242207633010171,0.063781968395638461,0.062789546319308359,0,0,0,0,0,0,0,0,0,False,1,100374.32504660072,team09-risk-none,0,1,0,0.016258644414647649,
2020-06-22T00:00:00Z,0.00055646332152233858,0.0015982277377693812,-0.0010417644162470426,1.4404411473714503e-05,8.1718072583133422e-06,6.2326042154011599e-06,-0,2.3666773096023529e-05,1.1833386548011764e-05,0.00053536757335201769,0.023666773096023528,0.12316620810586155,-6.9388939039072284e-18,0.061583104052930784,0.061583104052930777,2375.5363755444105,0,0,0,0,0,0,0,0,False,1,100428.06220542776,team09-risk-none,0,1,0,0.016192328971791216,
2020-06-22T08:00:00Z,0.00045971234620661511,0.00088259663122726103,-0.00042288428502064581,8.7012544813806045e-06,-2.1189358856251385e-06,1.0820190367005745e-05,-0,0,0,0.00046841360068799575,0,0.12577579166397679,0.0005653472935219922,0.063170569478749383,0.062605222185227391,0,0,0,0,0,0,0,0,0,False,1,100475.10407565553,team09-risk-none,0,1,0,0.016233355533057249,
2020-06-22T16:00:00Z,0.00018386777010432381,0.00065347856236254269,-0.00046961079225821885,9.0264873757519556e-06,8.6964007733444949e-07,8.1568472984175049e-06,-0,0,0,0.00019289425748007577,0,0.12694799238607696,0.00097833696140525034,0.063963164673741107,0.06298482771233585,0,0,0,0,0,0,0,0,0,False,1,100494.48514625143,team09-risk-none,0,1,0,0.016288981656061748,
2020-06-23T00:00:00Z,0.00011793150425934642,-1.2803827520475583e-05,0.00013073533177982195,3.6311755565956911e-06,-6.3144764375196465e-06,9.9456519941153376e-06,-0,0,0,0.0001215626798159421,0,0.12811553069473691,0.0012085939856839936,0.064662062340210463,0.063453468354526463,0,0,0,0,0,0,0,0,0,False,1,100506.70152517254,team09-risk-none,0,1,0,0.016287991044341463,
2020-06-23T08:00:00Z,0.0012324643459204439,0.0019334847156523222,-0.00070102036973187837,3.0543484953050004e-06,-6.1964346068917216e-06,9.250783102196722e-06,-0,0,0,0.0012355186944157488,0,0.12792711670916371,0.0013254640692265673,0.064626290389195137,0.06330082631996857,0,0,0,0,0,0,0,0,0,False,1,100630.87943382096,team09-risk-none,0,1,0,0.016206972546059815,
2020-06-23T16:00:00Z,4.7782383870461925e-05,-0.00022812991600640792,0.00027591229987686987,-2.3638884525258706e-07,-8.4468498386347655e-06,8.2104609933821777e-06,-0,0,0,4.7545995025209335e-05,0,0.13039951510323902,0.0025813271748161871,0.066490421139027603,0.063909093964211433,0,0,0,0,0,0,0,0,0,False,1,100635.6640291139,team09-risk-none,0,1,0,0.016654509580421528,
2020-06-24T00:00:00Z,-7.707909621979034e-05,-0.00072092045184203579,0.00064384135562224555,9.0765150016617715e-06,1.0752196642406184e-06,8.0012953374211518e-06,-0,0,0,-6.8002581218128575e-05,0,0.12986955085333349,0.0025972645254660337,0.066233407689399754,0.063636143163933734,0,0,0,0,0,0,0,0,0,False,1,100628.82054419733,team09-risk-none,0,1,0,0.016615849661843332,
2020-06-24T08:00:00Z,-0.0010727300426225728,-0.0028175182388479937,0.0017447881962254206,1.3399117409319127e-05,3.7862781562038389e-06,9.6128392531152885e-06,-0,0,0,-0.0010593309252132537,0,0.12861492471235389,0.0025711758837198735,0.065593050298036887,0.063021874414317003,0,0,0,0,0,0,0,0,0,False,1,100522.22132262713,team09-risk-none,0,1,6.3680311989777749e-05,0.01653225005297904,
2020-06-24T16:00:00Z,0.00065026407885706162,0.0012081678277076867,-0.00055790374885062517,9.8358040452742406e-06,3.9912216921346244e-06,5.844582353139617e-06,-0,0,0,0.00066009988290233581,0,0.12422180660056301,0.0015291174703297196,0.062875462035446361,0.061346344565116645,0,0,0,0,0,0,0,0,0,False,1,100588.57602915127,team09-risk-none,0,1,0.0011265030429515877,0.0169018469383748,
2020-06-25T00:00:00Z,-8.6391162807191536e-05,-0.00079407686516885291,0.00070768570236166123,2.4426564446421491e-06,-5.4562104003399067e-06,7.8988668449820554e-06,-0,1.8433039208201496e-05,9.2165196041007479e-06,-0.00011159806517485162,0.018433039208201496,0.12434280999611633,6.9388939039072284e-18,0.062171404998058163,0.062171404998058157,1854.1531658425024,0,0,0,0,0,0,0,0,False,1,100577.35053868772,team09-risk-none,0,1,0.00047453638580885471,0.016971291285263541,
2020-06-25T08:00:00Z,0.00078705254875829076,0.001145842992853168,-0.00035879044409487724,3.1551831179333633e-06,-9.9491756808361675e-07,4.1501006860169801e-06,-0,0,0,0.00079020773187622414,0,0.122825026751436,-7.3538205324658046e-05,0.061375744273055678,0.061449282478380329,0,0,0,0,0,0,0,0,0,False,1,100656.82753873501,team09-risk-none,0,1,0.00058536938630604496,0.01698396371667402,
2020-06-25T16:00:00Z,0.00050620338294258388,0.0002554737618209081,0.00025072962112167573,1.7850168578984289e-06,-2.7598687187473938e-06,4.5448855766458225e-06,-0,0,0,0.00050798839980048223,0,0.1242433245193144,0.00074944120821442486,0.06249638286376441,0.061746941655549982,0,0,0,0,0,0,0,0,0,False,1,100707.96003948541,team09-risk-none,0,1,0,0.017149331147000825,
2020-06-26T00:00:00Z,-0.00029192604874064121,-0.0014491735158925756,0.0011572474671519342,2.3224611674328745e-05,1.8698299025203032e-05,4.5263126491257105e-06,-0,0,0,-0.00026870143706631249,0,0.12425262081157698,0.0012925718061251833,0.062772596308851084,0.061480024502725911,0,0,0,0,0,0,0,0,0,False,1,100680.89966589877,team09-risk-none,0,1,0,0.017030603388340438,
2020-06-26T08:00:00Z,-0.00048237989536816607,0.00038366744937088509,-0.00086604734473905132,1.8808452914194176e-05,1.4858817864223975e-05,3.9496350499702024e-06,-0,0,0,-0.00046357144245397187,0,0.12150811945176986,0.00092030275803979197,0.061214211104904825,0.060293908346865037,0,0,0,0,0,0,0,0,0,False,1,100634.2268760131,team09-risk-none,0,1,0.00027311630666471132,0.017079081939412752,
2020-06-26T16:00:00Z,0.00016210304162749179,0.00040515321362052833,-0.00024305017199303657,2.4153040034568373e-05,1.9658332891309523e-05,4.4947071432588504e-06,-0,0,0,0.00018625608166206016,0,0.12291655520725631,0.00047638614040480809,0.06169647067383055,0.061220084533425756,0,0,0,0,0,0,0,0,0,False,1,100652.97061279211,team09-risk-none,0,1,0.00073122059014063545,0.017128020259265856,
2020-06-27T00:00:00Z,0.00023573109861365699,0.00017530554133534629,6.0425557278310695e-05,2.1461074331127852e-05,1.6562492156134204e-05,4.8985821749936458e-06,-0,0,0,0.00025719217294478485,0,0.12356211120683515,0.00066101201346773636,0.062111561610151453,0.06145054959668371,0,0,0,0,0,0,0,0,0,False,1,100678.85776901736,team09-risk-none,0,1,0.0005477911360894927,0.017114516092570153,
2020-06-27T08:00:00Z,8.3969948474374529e-05,-0.00049374022297804054,0.00057771017145241503,3.7918527174537177e-05,3.2332720811695821e-05,5.5858063628413552e-06,-0,0,0,0.00012188847564891172,0,0.12356929371751951,0.00084233772089901612,0.062205815719209266,0.061363477998310254,0,0,0,0,0,0,0,0,0,False,1,100691.1293615209,team09-risk-none,0,1,0.0002742875358157093,0.017031734462273646,
2020-06-27T16:00:00Z,0.00033579770730661078,-0.0023885005421520502,0.0027242982494586612,5.5592035530950407e-05,5.1120461340981495e-05,4.4715741899689159e-06,-0,0,0,0.00039138974283756117,0,0.12261473301112837,0.0009909234840486808,0.061802828247588523,0.060811904763539842,0,0,0,0,0,0,0,0,0,False,1,100730.53883674773,team09-risk-none,0,1,0.00013476234834275402,0.016922279107846716,
2020-06-28T00:00:00Z,-0.00044403723462362862,3.2964441056948645e-05,-0.00047700167568057725,3.2252250111065019e-06,8.6587996332846169e-07,2.35934504777804e-06,-0,3.7072307240848811e-05,1.8536153620424405e-05,-0.00049642047047379536,0.037072307240848812,0.12983391066190994,1.0408340855860843e-17,0.06491695533095497,0.064916955330954956,3734.313484292165,0,0,0,0,0,0,0,0,False,1,100680.53413526731,team09-risk-none,0,1,0,0.016353194565212469,
2020-06-28T08:00:00Z,0.00018973547621104693,0.0014030155037903812,-0.0012132800275793342,-2.7408116739696032e-06,-7.8237483511301634e-06,5.0829366771605602e-06,-0,0,0,0.00018699466453707736,0,0.13035429805030058,-0.00039845568841844446,0.064977921180941062,0.065376376869359515,0,0,0,0,0,0,0,0,0,False,1,100699.36085797336,team09-risk-none,0,1,0.00050238352626397198,0.016342902344495501,
2020-06-28T16:00:00Z,3.7267935607808554e-05,-0.00051988621885682264,0.00055715415446463122,-7.4894196274511604e-07,-5.9269870673472292e-06,5.1780451046021129e-06,-0,0,0,3.6518993645063438e-05,0,0.13296771880154351,-0.00021269413364652552,0.06637751233394848,0.066590206467595003,0,0,0,0,0,0,0,0,0,False,1,100703.03829729259,team09-risk-none,0,1,0.00031349155799753614,0.016344157457114011,
2020-06-29T00:00:00Z,7.8215232966720739e-05,-0.00035809075435275982,0.00043630598731948052,5.0538652606519017e-06,-7.8968843598053075e-08,5.1328341042499546e-06,-0,0,0,8.3269098227372639e-05,0,0.13188446631224529,-0.00018078961164680156,0.065851838350299244,0.066032627961946047,0,0,0,0,0,0,0,0,0,False,1,100711.42374848036,team09-risk-none,0,1,0.00027118280846527565,0.016344959559168697,
2020-06-29T08:00:00Z,-0.00010301557349318126,0.00032053145254713685,-0.0004235470260403181,-1.5066202733613579e-06,-5.437695490121384e-06,3.931075216760026e-06,-0,0,0,-0.00010452219376654262,0,0.13108198288560222,-0.00015549169628412823,0.065463245594659047,0.065618737290943169,0,0,0,0,0,0,0,0,0,False,1,100700.89716953282,team09-risk-none,0,1,0.00019449551081707206,0.01633123812070212,
2020-06-29T16:00:00Z,0.00020162303978296951,0.00089396162906064816,-0.00069233858927767854,-3.5151318634472568e-06,-6.3715123039762234e-06,2.8563804405289671e-06,-0,0,0,0.00019810790791952224,0,0.13183347726673245,-0.00022667673625772697,0.065803400265237344,0.066030077001495074,0,0,0,0,0,0,0,0,0,False,1,100720.8468135967,team09-risk-none,0,1,0.00030100528956178429,0.016343499864770426,
2020-06-30T00:00:00Z,0.00014887255927211186,-0.00042636541069651412,0.00057523796996862596,-8.9106430148055125e-06,-1.4096028295909378e-05,5.1853852811038672e-06,-0,0,0,0.00013996191625730635,0,0.13336380512577334,-1.7198299673535505e-05,0.066673303413049917,0.066690501712723449,0,0,0,0,0,0,0,0,0,False,1,100734.94389632379,team09-risk-none,0,1,0.00010835198778014199,0.015488171740428536,
2020-06-30T08:00:00Z,0.00029679553294684874,0.00034547317172213283,-4.8677638775284154e-05,-4.0179473784207042e-07,-5.2998860825523137e-06,4.8980913447102427e-06,-0,0,0,0.00029639373820900667,0,0.13236911239391674,7.9347303776445416e-05,0.0662242298488466,0.066144882545070158,0,0,0,0,0,0,0,0,0,False,1,100764.80110291349,team09-risk-none,0,1,0,0.013870295343898142,
2020-06-30T16:00:00Z,-5.7968575375089172e-05,-0.00034981243608986075,0.00029184386071477155,-3.8340521856582598e-07,-5.5243402030049433e-06,5.140934984439118e-06,-0,0,0,-5.8351980593654999e-05,0,0.13268657644098569,0.00044555948142512361,0.0665660679612054,0.066120508479780266,0,0,0,0,0,0,0,0,0,False,1,100758.92127719501,team09-risk-none,0,1,0,0.013479293336616044,
2020-07-01T00:00:00Z,-7.3411849180809132e-05,-0.00022342472272923245,0.00015001287354842333,5.9126883108496514e-06,3.4745912603878561e-07,5.565229184810866e-06,-0,3.5590106903174535e-05,1.7795053451587267e-05,-0.00012088432122472129,0.035590106903174532,0.1280201193583459,-3.4694469519536142e-18,0.064010059679172948,0.064010059679172948,3586.0207797039175,0,0,0,0,0,0,0,0,False,1,100746.74110338908,team09-risk-none,0,1,5.2056252039966999e-05,0.012723280800139864,
2020-07-01T08:00:00Z,0.0009378484520884161,0.0018727180924971842,-0.00093486964040876818,4.1823254699085239e-06,-2.2826175199351478e-06,6.4649429898436708e-06,-0,0,0,0.00094203077755832454,0,0.12767692979602291,-0.00011155014846778166,0.06378268982377755,0.063894239972245331,0,0,0,0,0,0,0,0,0,False,1,100841.64763424717,team09-risk-none,0,1,0.00017466433385260327,0.012326610154797036,
2020-07-01T16:00:00Z,-8.9206570077079489e-06,-0.00026831287849981309,0.00025939222149210509,-6.0628806042079165e-06,-1.1320223681697198e-05,5.2573430774892817e-06,-0,0,0,-1.4983537611915865e-05,0,0.13024764119470561,0.00078178600081224223,0.065514713597758928,0.064732927596946682,0,0,0,0,0,0,0,0,0,False,1,100840.136669627,team09-risk-none,0,1,0,0.01265185136103363,
2020-07-02T00:00:00Z,0.00059887314770015472,0.0005027594155437076,9.6113732156447116e-05,6.24692562353186e-07,-4.3709806456804116e-06,4.9956732080335989e-06,-0,0,0,0.00059949784026250795,0,0.12981484106281649,0.00081069644409374059,0.065312768753455111,0.064502072309361363,0,0,0,0,0,0,0,0,0,False,1,100900.59011377221,team09-risk-none,0,1,8.2960241032381532e-06,0.012590744575250347,
2020-07-02T08:00:00Z,-0.00045810275873917603,-0.0017822874111409132,0.0013241846524017368,-4.5864335853173037e-07,-5.4470234941511314e-06,4.9883801356194005e-06,-0,0,0,-0.00045856140209770779,0,0.13012791476587221,0.001387010039834994,0.0657574624028536,0.06437045236301861,0,0,0,0,0,0,0,0,0,False,1,100854.32099769716,team09-risk-none,0,1,0,0.012594989877638968,
2020-07-02T16:00:00Z,-0.00014298630051403814,0.00034030601349976312,-0.00048329231401380131,-3.8938331037099471e-07,-5.2848729573583246e-06,4.8954896469873303e-06,-0,0,0,-0.00014337568382440913,0,0.12715944556043546,0.00090796387261108183,0.064033704716523282,0.063125740843912204,0,0,0,0,0,0,0,0,0,False,1,100839.86094045747,team09-risk-none,0,1,0.00045849217377780249,0.012663064461680784,
2020-07-03T00:00:00Z,-5.5626802104522251e-06,0.00040630432193275055,-0.00041186700214320278,6.4014798640439134e-07,-5.3018610174267584e-06,5.94200900383115e-06,-0,0,0,-4.9225322240478335e-06,0,0.12793670439212196,0.00080677659792905559,0.064371740495025503,0.063564963897096441,0,0,0,0,0,0,0,0,0,False,1,100839.36455299251,team09-risk-none,0,1,0.00060077320884988072,0.012624054634628849,
2020-07-03T08:00:00Z,-9.8992857992312428e-05,4.2945641307250214e-05,-0.00014193849929956264,-3.8387961006663935e-07,-5.3280278369844253e-06,4.9441482269177857e-06,-0,0,0,-9.9376737602379069e-05,0,0.12872247152534483,0.00077112434143237346,0.064746797933388611,0.063975673591956231,0,0,0,0,0,0,0,0,0,False,1,100829.34346592134,team09-risk-none,0,1,0.00060671619044372349,0.012611189463169524,
2020-07-03T16:00:00Z,-0.00047412179035751499,-0.00096456324666586719,0.0004904414563083522,-3.5209779587540969e-07,-5.333893907302134e-06,4.9817961114267228e-06,-0,0,0,-0.0004744738881533904,0,0.12892969820304867,0.00069340240844553355,0.064811550305747118,0.064118147897301581,0,0,0,0,0,0,0,0,0,False,1,100781.50257528712,team09-risk-none,0,1,0.00070600087518313259,0.012259231707733638,
2020-07-04T00:00:00Z,0.00017072645266163314,0.00074915842888497971,-0.00057843197622334643,-3.2709657250773862e-07,-5.2751492334366928e-06,4.9480526609289545e-06,-0,3.2906416850294239e-05,1.6453208425147119e-05,0.00012103973081368407,0.032906416850294239,0.12816091534880647,-1.7347234759768071e-18,0.064080457674403235,0.064080457674403235,3316.3581345414004,0,0,0,0,0,0,0,0,False,1,100793.70114122983,team09-risk-none,0,1,0.0011801148126289185,0.012315738014771196,
2020-07-04T08:00:00Z,0.00014618677747796788,0.00012168484914831519,2.4501928329652687e-05,-2.4792670942238954e-06,-9.2580043679004235e-06,6.7787372736765294e-06,-0,0,0,0.00014370751038374397,0,0.12934809381458656,9.9295569054263025e-05,0.064723694691820419,0.064624399122766157,0,0,0,0,0,0,0,0,0,False,1,100808.1859530832,team09-risk-none,0,1,0.0010613678142018523,0.012268451118730662,
2020-07-04T16:00:00Z,-2.1670711734605093e-06,0.0006040117086136736,-0.00060617877978713425,-1.3313972804686179e-05,-1.8809523216468011e-05,5.4955504117818311e-06,-0,0,0,-1.5481043978146689e-05,0,0.12940988937570325,0.00029050716191898751,0.06485019826881111,0.064559691106892136,0,0,0,0,0,0,0,0,0,False,1,100806.6253371231,team09-risk-none,0,1,0.0009286376186603551,0.012033032416151057,
2020-07-05T00:00:00Z,-0.00018233433598005888,-0.00080624084009104356,0.00062390650411098464,-1.5480882336756128e-06,-6.4703839301131194e-06,4.9222956964375068e-06,-0,0,0,-0.00018388242421373449,0,0.13061319289530393,0.0002871901151645824,0.065450191505234234,0.065163001390069669,0,0,0,0,0,0,0,0,0,False,1,100788.0887704793,team09-risk-none,0,1,0.0009323493535048355,0.012032487082347165,
2020-07-05T08:00:00Z,0.00022714924642686842,-0.00015081345395014751,0.0003779627003770159,3.54498947850287e-06,-5.10444237979938e-06,8.64943185830225e-06,-0,0,0,0.00023069423590537128,0,0.12925166434643826,0.00010599267734322758,0.064678828511890732,0.06457283583454751,0,0,0,0,0,0,0,0,0,False,1,100811.34000160657,team09-risk-none,0,1,0.0011109729336533647,0.012030978660135536,
2020-07-05T16:00:00Z,0.00061924500445850955,0.00092979578345776532,-0.00031055077899925571,1.3560524358314147e-06,-5.4038753604094096e-06,6.7599277962408249e-06,-0,0,0,0.00062060105689434105,0,0.12870068722336259,0.00031933194414482217,0.064510009583753691,0.064190677639608867,0,0,0,0,0,0,0,0,0,False,1,100873.90362575851,team09-risk-none,0,1,0.00088272199465411205,0.011715900666781836,
2020-07-06T00:00:00Z,1.3120357270953065e-05,0.0014621563214602521,-0.0014490359641892991,-1.2238376203218236e-05,-1.7104764324260178e-05,4.8663881210419418e-06,-0,0,0,8.8198106773482831e-07,0,0.12980945231723764,0.00089163014146871784,0.065350541229353173,0.064458911087884457,0,0,0,0,0,0,0,0,0,False,1,100873.99259463174,team09-risk-none,0,1,0.00027625959534005595,0.011714980236750367,
2020-07-06T08:00:00Z,-0.0006413871133630931,0.0012209585930392233,-0.0018623457064023165,-2.4608608032533792e-05,-2.959021805717805e-05,4.9816100246442514e-06,-0,0,0,-0.00066599572139562678,0,0.13274637278811596,0.00093459140869917197,0.066840482098407553,0.065905890689708382,0,0,0,0,0,0,0,0,0,False,1,100806.81094716361,team09-risk-none,0,1,0.00028774483462123968,0.011712426542757922,
2020-07-06T16:00:00Z,0.0008463568691131825,0.0016379065038952629,-0.0007915496347820801,4.1140189872265384e-06,-8.9244824312688933e-06,1.3038501418495432e-05,-0,0,0,0.00085047088810040906,0,0.13587114783436641,0.00032792327990631247,0.068099535557136354,0.067771612277230053,0,0,0,0,0,0,0,0,0,False,1,100892.54420519642,team09-risk-none,0,1,0.00092485297443101189,0.011959173251373771,
2020-07-07T00:00:00Z,8.0953828723884691e-05,-0.00082916310539900956,0.00091011693412289426,-2.3320806137584509e-05,-3.2502916205912849e-05,9.1821100683283492e-06,-0,3.6221051743420967e-05,1.8110525871710484e-05,3.3014449711687282e-06,0.036221051743420968,0.12477006413667265,3.4694469519536142e-18,0.06238503206833633,0.062385032068336323,3654.4340641818067,0,0,0,0,0,0,0,0,False,1,100892.87729637911,team09-risk-none,0,1,0.00010260129688888231,0.012260924587974016,
2020-07-07T08:00:00Z,-2.428016878942452e-05,0.00061166130477215033,-0.00063594147356157472,-2.4842268047676974e-06,-1.3849370216690397e-05,1.1365143411922703e-05,-0,0,0,-2.6764395594192217e-05,0,0.12296896273291785,7.2923590268073046e-05,0.06152094316159297,0.06144801957132489,0,0,0,0,0,0,0,0,0,False,1,100890.17695949851,team09-risk-none,0,1,7.8465194504828695e-05,0.012240087496975888,
2020-07-07T16:00:00Z,0.0003168860557745878,0.00023651760621946132,8.0368449555126497e-05,-1.1003863645755254e-06,-1.2901691021178635e-05,1.1801304656603111e-05,-0,0,0,0.0003157856694100123,0,0.12420244155125484,4.667529816317767e-05,0.062124558424709,0.062077883126545823,0,0,0,0,0,0,0,0,0,False,1,100922.03663156656,team09-risk-none,0,1,0.00010384379176597847,0.012236044065625888,
2020-07-08T00:00:00Z,0.00073165776658522675,0.0027140836083644859,-0.0019824258417792595,2.5086669997472648e-06,-8.3505345681874263e-06,1.0859201567934689e-05,-0,0,0,0.00073416643358497409,0,0.12430799350477152,0.00035293167381260024,0.062330462589292063,0.061977530915479459,0,0,0,0,0,0,0,0,0,False,1,100996.13020327048,team09-risk-none,0,1,0,0.01220790890065337,
2020-07-08T08:00:00Z,0.00028049563133841912,0.00085860941470416704,-0.00057811378336574781,-3.267483922450914e-05,-3.7443331425794192e-05,4.7684922012850471e-06,-0,0,0,0.00024782079211391,0,0.12891932079116972,0.0010791697476681232,0.064999245269418915,0.063920075521750788,0,0,0,0,0,0,0,0,0,False,1,101021.15914425789,team09-risk-none,0,1,0,0.012423172267178189,
2020-07-08T16:00:00Z,0.00058509962535694933,0.0011965903332950244,-0.00061149070793807504,-1.8160083565150824e-05,-2.5075742761089281e-05,6.9156591959384507e-06,-0,0,0,0.00056693954179179852,0,0.13023869917696057,0.0013403521180685996,0.065789525647514585,0.064449173529445986,0,0,0,0,0,0,0,0,0,False,1,101078.43203393441,team09-risk-none,0,1,0,0.012433264263004808,
2020-07-09T00:00:00Z,0.00049425454697342214,0.00075485583912191119,-0.00026060129214848922,-1.6625577717372816e-05,-2.79086113723254e-05,1.1283033654952581e-05,-0,0,0,0.00047762896925604935,0,0.13204502996449158,0.0019874339388420807,0.067016231951666824,0.06502879801282474,0,0,0,0,0,0,0,0,0,False,1,101126.7100212408,team09-risk-none,0,1,0,0.012543970983573901,
2020-07-09T08:00:00Z,-0.00092748930463321555,-0.0027653700764455956,0.0018378807718123797,-4.0274811229664296e-05,-4.9795291428618075e-05,9.5204801989537838e-06,-0,0,0,-0.00096776411586287981,0,0.13300193877401659,0.0024679919762962341,0.067734965375156414,0.065266973398860173,0,0,0,0,0,0,0,0,0,False,1,101028.84322012698,team09-risk-none,0,1,0,0.01255085749087167,
2020-07-09T16:00:00Z,0.00080527263099917879,0.001573291348282354,-0.00076801871728317532,-1.3754577907659414e-05,-2.7624710368482528e-05,1.3870132460823112e-05,-0,0,0,0.00079151805309151941,0,0.12861430245757158,0.0015635226027506804,0.065088912530161136,0.063525389927410456,0,0,0,0,0,0,0,0,0,False,1,101108.80937341866,team09-risk-none,0,1,0.00094126848076425684,0.01298793802636255,
2020-07-10T00:00:00Z,-0.0011932331891574769,-0.0023135237394826674,0.0011202905503251903,-9.2291276910592483e-06,-1.5275662401009795e-05,6.0465347099505455e-06,-0,4.445492120705176e-05,2.222746060352588e-05,-0.0012691446986591137,0.044454921207051766,0.12192177745254409,-6.9388939039072284e-18,0.060960888726272047,0.060960888726272054,4494.7841540341433,0,0,0,0,0,0,0,0,False,1,100980.48766401464,team09-risk-none,0,1,0.00014597062727406129,0.01321582309339085,
2020-07-10T08:00:00Z,-6.8289268446973604e-05,0.00092909540627735237,-0.0009973846747243257,-6.1738515384040767e-06,-1.2209404283141819e-05,6.0355527447377419e-06,-0,0,0,-7.446311998537768e-05,0,0.11864971227409962,-0.0011992117345258485,0.05872525026978688,0.059924462004312729,0,0,0,0,0,0,0,0,0,False,1,100972.96834184554,team09-risk-none,0,1,0.0014118790867770903,0.014037411060067048,
2020-07-10T16:00:00Z,0.00040563225171274831,0.00054493302812757161,-0.00013930077641482344,-2.6599044437477931e-06,-9.623735907641634e-06,6.9638314638938413e-06,-0,0,0,0.00040297234726900048,0,0.12059869666587544,-0.0012548606883465777,0.059671917988764436,0.060926778677111007,0,0,0,0,0,0,0,0,0,False,1,101013.65765590897,team09-risk-none,0,1,0.0014827283276418468,0.014042108612535079,
2020-07-11T00:00:00Z,0.0010080896478110539,0.0013562205423527233,-0.00034813089454166941,-3.4744992625884385e-06,-8.9462870668319419e-06,5.4717878042435043e-06,-0,0,0,0.0010046151485484653,0,0.1211776035151564,-0.000880755756465363,0.060148423879345506,0.061029179635810879,0,0,0,0,0,0,0,0,0,False,1,101115.13750660038,team09-risk-none,0,1,0.0010811671958201874,0.014005417345868238,
2020-07-11T08:00:00Z,-0.00032770379657589524,-0.00056435839428221511,0.00023665459770631992,-1.1893981772841384e-05,-2.0726497075411832e-05,8.8325153025704466e-06,-0,0,0,-0.00033959777834873656,0,0.12281827593911672,0.00014599287041136902,0.061482134404764049,0.061336141534352677,0,0,0,0,0,0,0,0,0,False,1,101080.79903054572,team09-risk-none,0,1,8.6057062303024345e-05,0.014286499731486697,
2020-07-11T16:00:00Z,0.00019536454400671672,0.00050664013980565256,-0.00031127559579893587,-7.7406575261486481e-06,-1.2250886873166114e-05,4.510229347017467e-06,-0,0,0,0.00018762388648056809,0,0.12205245099221626,-0.00018785622336094446,0.060932297384427667,0.061120153607788608,0,0,0,0,0,0,0,0,0,False,1,101099.76420290839,team09-risk-none,0,1,0.00042147400999981155,0.014089512643288431,
2020-07-12T00:00:00Z,-0.00032082366766455323,9.7734354269927396e-05,-0.00041855802193448073,-7.7049196017317399e-06,-1.2644291223123044e-05,4.9393716213913055e-06,-0,0,0,-0.00032852858726628494,0,0.12283881216436036,1.4495799649832247e-05,0.0614266539820051,0.061412158182355271,0,0,0,0,0,0,0,0,0,False,1,101066.55004020185,team09-risk-none,0,1,0.00023389347227020796,0.014088718439343093,
2020-07-12T08:00:00Z,0.00093488469900357939,0.00029577273684532675,0.00063911196215825242,-2.6425072560169031e-06,-8.0325250801356999e-06,5.3900178241187976e-06,-0,0,0,0.0009322421917475625,0,0.12337217824359523,-0.00031999686443014153,0.061526090689582542,0.061846087554012684,0,0,0,0,0,0,0,0,0,False,1,101160.7685423237,team09-risk-none,0,1,0.00055728561433832091,0.014112148958996831,
2020-07-12T16:00:00Z,0.0010566457117384609,0.0016134571764742334,-0.00055681146473577237,-1.1148701301398334e-05,-2.2261773848373232e-05,1.1113072546974897e-05,-0,0,0,0.0010454970104370625,0,0.12294169500279553,0.00063303902190183989,0.061787367012348687,0.061154327990446844,0,0,0,0,0,0,0,0,0,False,1,101266.53182340821,team09-risk-none,0,1,0,0.014230193703795529,
2020-07-13T00:00:00Z,0.0014664826994434542,0.0015578082650263814,-9.1325565582927508e-05,-7.670505698061308e-06,-1.9865080291465459e-05,1.2194574593404156e-05,-0,3.6203345934087303e-05,1.8101672967043652e-05,0.0014045071748442616,0.036203345934087298,0.11998900397781569,1.3877787807814457e-17,0.05999450198890785,0.059994501988907836,3666.1872831481078,0,0,0,0,0,0,0,0,False,1,101408.76139392579,team09-risk-none,0,1,0,0.014598444751400003,
2020-07-13T08:00:00Z,-0.0007006929191909028,-0.00038522728696422211,-0.00031546563222668064,-3.9993399058975875e-05,-5.0251105184663717e-05,1.0257706125687843e-05,-0,0,0,-0.00074068631824987855,0,0.1214725138564261,0.0014500268661004762,0.061461270361263289,0.060011243495162819,0,0,0,0,0,0,0,0,0,False,1,101333.64931181064,team09-risk-none,0,1,0,0.015269094275047468,
2020-07-13T16:00:00Z,-0.00010084426221455996,-0.0013289414083485758,0.001228097146134016,-5.0084277159173443e-05,-6.9471110789878437e-05,1.9386833630704987e-05,-0,0,0,-0.00015092853937373341,0,0.12154374347530883,0.00078538635741369836,0.061164564916361269,0.060379178558947574,0,0,0,0,0,0,0,0,0,False,1,101318.3551721306,team09-risk-none,0,1,0.00075077012546043154,0.015566722658667874,
2020-07-14T00:00:00Z,-0.00037078496880473124,-0.0011764257795546609,0.00080564081074992959,-1.0928446770397265e-05,-1.6132280659719112e-05,5.2038338893218501e-06,-0,0,0,-0.00038171341557512856,0,0.11903180497585092,0.00068765097972306108,0.059859727977786978,0.059172076998063927,0,0,0,0,0,0,0,0,0,False,1,101279.68059671739,team09-risk-none,0,1,0.00086246286470859079,0.015596518130559662,
2020-07-14T08:00:00Z,0.0021580292978165307,0.00262794010171149,-0.00046991080389495904,2.1948064930262257e-06,-6.6849645520863606e-06,8.8797710451125884e-06,-0,0,0,0.0021602241043095567,0,0.11704210502227833,0.00029741616033996526,0.058669760591309142,0.058372344430969184,0,0,0,0,0,0,0,0,0,False,1,101498.46740401919,team09-risk-none,0,1,0.0012307399934546881,0.015661686032466603,
2020-07-14T16:00:00Z,0.00065181379791582716,0.00087931470090267538,-0.00022750090298684833,-1.0892612145389871e-05,-2.1494614864248835e-05,1.0602002718858961e-05,-0,0,0,0.00064092118577043725,0,0.11989501952391464,0.0024351248391881672,0.061165072181551414,0.05872994734236324,0,0,0,0,0,0,0,0,0,False,1,101563.51992210165,team09-risk-none,0,1,0,0.017193878797266429,
2020-07-15T00:00:00Z,-6.9370689474675657e-05,-0.00057156541420836672,0.00050219472473369121,-1.0284671597418061e-05,-1.84566231691619e-05,8.1719515717438411e-06,-0,0,0,-7.9655361072093715e-05,0,0.12093277324229729,0.0031291447385911157,0.06203095899044421,0.058901814251853077,0,0,0,0,0,0,0,0,0,False,1,101555.4298432505,team09-risk-none,0,1,0,0.017154151112421873,
2020-07-15T08:00:00Z,-0.00011489339972849789,-0.00048304171974450843,0.00036814832001601065,-1.2705715141363784e-05,-2.1073377978414325e-05,8.3676628370505375e-06,-0,0,0,-0.00012759911486986169,0,0.11983821694237952,0.0030233244442832742,0.061430770693331395,0.058407446249048131,0,0,0,0,0,0,0,0,0,False,1,101542.47146029228,team09-risk-none,0,1,8.2076236664896385e-05,0.017166546561700136,
2020-07-15T16:00:00Z,0.0012578077096793466,0.0013976737391408801,-0.00013986602946153322,-1.3170112008600567e-05,-1.90932264410091e-05,5.9231144324085358e-06,-0,0,0,0.0012446375976707461,0,0.11907676151063258,0.0029361872993666077,0.061006474404999587,0.058070287105632987,0,0,0,0,0,0,0,0,0,False,1,101668.85503803217,team09-risk-none,0,1,0.00021012918407847803,0.017143783352406485,
2020-07-16T00:00:00Z,-0.00073010457585299384,-0.0024712531785339043,0.0017411486026809103,-5.1685144450214227e-06,-1.3568751931156255e-05,8.4002374861348319e-06,-0,2.514005152865188e-05,1.257002576432594e-05,-0.00077298316759099304,0.025140051528651879,0.12104683524050672,3.4694469519536142e-18,0.060523417620253366,0.060523417620253359,2555.960254515167,0,0,0,0,0,0,0,0,False,1,101590.26672441952,team09-risk-none,0,1,0,0.017546492841889919,
2020-07-16T08:00:00Z,0.0010101430737015093,0.0012275373816575219,-0.00021739430795601286,6.4651361565636755e-06,5.7815255530255002e-09,6.4593546310106529e-06,-0,0,0,0.001016608209858073,0,0.11693545162847044,-0.00072086413591455206,0.058107293746277947,0.058828157882192492,0,0,0,0,0,0,0,0,0,False,1,101693.54422361324,team09-risk-none,0,1,0.00076135844952307519,0.017814000836511759,
2020-07-16T16:00:00Z,0.00074714949144161463,0.0010375683390772253,-0.00029041884763561049,7.4966752437596512e-06,3.0152406761339774e-06,4.4814345676256758e-06,-0,0,0,0.00075464616668537436,0,0.11825077043892393,0.00027345627991974542,0.059262113359421838,0.058988657079502099,0,0,0,0,0,0,0,0,0,False,1,101770.28686693823,team09-risk-none,0,1,0,0.018040648844467645,
2020-07-17T00:00:00Z,0.00028198696598654316,0.00024499803264247061,3.6988933344072492e-05,-5.9302630623581821e-06,-1.0430285357678622e-05,4.5000222953204404e-06,-0,0,0,0.00027605670292418501,0,0.11943101343507651,0.00098903986591729331,0.060210026650496892,0.059220986784579599,0,0,0,0,0,0,0,0,0,False,1,101798.38123678637,team09-risk-none,0,1,0,0.01815772023301487,
2020-07-17T08:00:00Z,0.00013179966815806603,0.00037197032344688885,-0.00024017065528882282,-4.8135378254096625e-08,-4.5361935393396063e-06,4.4880581610855101e-06,-0,0,0,0.00013175153277981193,0,0.11964134658241127,0.0012710528245742717,0.060456199703492766,0.059185146878918495,0,0,0,0,0,0,0,0,0,False,1,101811.79332954882,team09-risk-none,0,1,0,0.01810906506897941,
2020-07-17T16:00:00Z,0.00034606389610207982,2.4841403189643302e-05,0.00032122249291243658,-3.712934813973213e-07,-5.5074358730603435e-06,5.1361423916630218e-06,-0,0,0,0.0003456926026206825,0,0.12025841275975777,0.001436331289325448,0.060847372024541602,0.059411040735216164,0,0,0,0,0,0,0,0,0,False,1,101846.98891336239,team09-risk-none,0,1,0,0.01809877940260762,
2020-07-18T00:00:00Z,-0.00082216001566688896,-0.00095952102125151668,0.00013736100558462766,-4.6932677286845316e-06,-9.18640587435847e-06,4.4931381456739401e-06,-0,0,0,-0.00082685328339557351,0,0.11992467743374174,0.0017757490868819323,0.060850213260311828,0.059074464173429896,0,0,0,0,0,0,0,0,0,False,1,101762.77639617542,team09-risk-none,0,1,0,0.01807854565359077,
2020-07-18T08:00:00Z,-0.00033547687398489267,0.00021155515185851997,-0.00054703202584341273,-4.0963352097516081e-06,-8.5825442255961005e-06,4.4862090158444924e-06,-0,0,0,-0.00033957320919464427,0,0.11894971758052975,0.00097192840652566073,0.059960822993527702,0.058988894587002044,0,0,0,0,0,0,0,0,0,False,1,101728.22048361802,team09-risk-none,0,1,0.00082625684165293922,0.018413058005126368,
2020-07-18T16:00:00Z,-6.4886121411777389e-05,-6.8454659758768416e-05,3.5685383469910457e-06,-6.2688964403476403e-07,-6.0848204729096883e-06,5.4579308288749244e-06,-0,0,0,-6.5513011055812157e-05,0,0.11968680718670502,0.00061207213398873847,0.06014943966034688,0.059537367526358131,0,0,0,0,0,0,0,0,0,False,1,101721.55596158479,team09-risk-none,0,1,0.0011620840602095672,0.018469959174824139,
2020-07-19T00:00:00Z,0.00017065348549909762,0.00029979205739864086,-0.00012913857189954321,-3.6242729747853729e-06,-8.9645656760064731e-06,5.340292701221101e-06,-0,3.2093487149384111e-05,1.6046743574692055e-05,0.0001188889818002361,0.032093487149384113,0.12241410562503323,-6.9388939039072284e-18,0.061207052812516607,0.061207052812516614,3264.5994490684784,0,0,0,0,0,0,0,0,False,1,101733.6495338002,team09-risk-none,0,1,0.0012305146454960614,0.018485477166944733,
2020-07-19T08:00:00Z,-0.0007457467137303341,-0.0012027111852207053,0.00045696447149037113,-1.1159869527986415e-05,-1.6216513284302372e-05,5.0566437563159593e-06,-0,0,0,-0.00075690658325832055,0,0.1227952182854784,0.00017781791925520346,0.061486518102366806,0.061308700183111603,0,0,0,0,0,0,0,0,0,False,1,101656.64666472917,team09-risk-none,0,1,0.0011192992042983185,0.018388259454123677,
2020-07-19T16:00:00Z,0.0001674804837238909,0.0015528265322542986,-0.0013853460485304075,-7.9675363804620834e-06,-1.2703274605494733e-05,4.73573822503265e-06,-0,0,0,0.0001595129473434288,0,0.1213032796210005,-0.00052313097021777777,0.060390074325391362,0.060913205295609146,0,0,0,0,0,0,0,0,0,False,1,101672.86221605571,team09-risk-none,0,1,0.0018721722006824759,0.0186595813952793,
2020-07-20T00:00:00Z,-0.00019923675939371579,-0.00018133125874554584,-1.7905500648169943e-05,-7.6646141739955406e-06,-1.6798678956093883e-05,9.1340647820983421e-06,-0,0,0,-0.00020690137356771135,0,0.12412367990091915,-0.00040696476905225862,0.061858357565933442,0.062265322334985704,0,0,0,0,0,0,0,0,0,False,1,101651.82596120865,team09-risk-none,0,1,0.0017126554833217789,0.018637928463017324,
2020-07-20T08:00:00Z,-8.9489973977115305e-05,-0.0004967751058832571,0.00040728513190614168,-4.0179849780997998e-06,-1.2618414058818364e-05,8.6004290807185629e-06,-0,0,0,-9.3507958955215106e-05,0,0.12400944660609309,-0.00061692902082285603,0.061696258792635114,0.062313187813457981,0,0,0,0,0,0,0,0,0,False,1,101642.32070643896,team09-risk-none,0,1,0.001915562847644936,0.018674783459593586,
2020-07-20T16:00:00Z,-0.0014327350629019112,-0.0021348724285618127,0.00070213736565990148,-4.75013254359487e-06,-1.5211287066457516e-05,1.0461154522862645e-05,-0,0,0,-0.0014374851954455062,0,0.12314683607677263,-0.00065453902585382515,0.061246148525459398,0.061900687551313227,0,0,0,0,0,0,0,0,0,False,1,101496.21137519272,team09-risk-none,0,1,0.0020096223659240575,0.018683169190175843,
2020-07-21T00:00:00Z,0.00031645780706999387,0.0016976048358193897,-0.0013811470287493964,-3.3834459890212893e-06,-9.8102055939250286e-06,6.4267596049037372e-06,-0,0,0,0.00031307436108097257,0,0.12050086699944161,-0.0021056344839234277,0.059197616257759086,0.061303250741682518,0,0,0,0,0,0,0,0,0,False,1,101527.98723672115,team09-risk-none,0,1,0.0034428567731135118,0.019474879904422395,
2020-07-21T08:00:00Z,0.00022790049814406106,0.00046002131034676897,-0.00023212081220270797,1.6192192940079139e-05,6.626966744609834e-06,9.565226195469306e-06,-0,0,0,0.00024409269108414022,0,0.12351030913891731,-0.0017868688810651276,0.060861720128926086,0.062648589009991221,0,0,0,0,0,0,0,0,0,False,1,101552.76947634612,team09-risk-none,0,1,0.0031113458658523774,0.019473720061077233,
2020-07-21T16:00:00Z,3.6515316993361483e-05,0.00011000423781279967,-7.3488920819438194e-05,-2.3935460198954476e-07,-4.9657885866208335e-06,4.7264339846312884e-06,-0,0,0,3.6275962391371938e-05,0,0.12411922706957339,-0.0015852506672706934,0.061266988201151354,0.062852238868422047,0,0,0,0,0,0,0,0,0,False,1,101556.45340079238,team09-risk-none,0,1,0.0028843967879143007,0.019432111370351661,
2020-07-22T00:00:00Z,-0.00032146832735352514,-0.00094802050809770708,0.00062655218074418194,-5.6883540282249374e-06,-1.3031791957435096e-05,7.3434379292101613e-06,-0,2.8927088395925619e-05,1.4463544197962809e-05,-0.00037054731397563845,0.028927088395925619,0.12288455912222712,-3.4694469519536142e-18,0.061442279561113561,0.061442279561113568,2937.7325047014219,0,0,0,0,0,0,0,0,False,1,101518.82192976783,team09-risk-none,0,1,0.0028536589405402379,0.019432517426269596,
2020-07-22T08:00:00Z,0.00072136408039056004,0.0013459900265594144,-0.00062462594616885417,-3.7598949881462786e-06,-9.0937612282702251e-06,5.3338662401239449e-06,-0,0,0,0.00071760418540241385,0,0.12136548162669279,-0.00029412946235824605,0.060535676082167277,0.060829805544525523,0,0,0,0,0,0,0,0,0,False,1,101591.67226128175,team09-risk-none,0,1,0.0032212265845963373,0.01945706720346712,
2020-07-22T16:00:00Z,-0.00037502265094408171,0.0013198057249637579,-0.0016948283759078396,5.7985204852313723e-06,-5.1882869504005664e-07,6.3173491802714281e-06,-0,0,0,-0.00036922413045885029,0,0.12321166464132449,0.00039222607210458865,0.06180194535671453,0.061409719284609941,0,0,0,0,0,0,0,0,0,False,1,101554.16216442922,team09-risk-none,0,1,0.0024963994663089739,0.019531208121368052,
2020-07-23T00:00:00Z,0.00071874406395877892,0.00033347806621859903,0.00038526599774017984,1.0659942021542714e-05,-7.7034681504598253e-06,1.8363410172002537e-05,-0,0,0,0.00072940400598032161,0,0.12626537129543056,3.0034082011201613e-06,0.063134187351815835,0.063131183943614722,0,0,0,0,0,0,0,0,0,False,1,101628.23617713593,team09-risk-none,0,1,0.0028598543989408753,0.019604728125591716,
2020-07-23T08:00:00Z,5.0132440293922178e-05,0.00050137096468747834,-0.00045123852439355621,8.4202593024009003e-06,-1.8939797415259644e-05,2.7360056717660546e-05,-0,0,0,5.8552699596323084e-05,0,0.12612825487311988,0.00073813316310663429,0.063433194018113259,0.062695060855006618,0,0,0,0,0,0,0,0,0,False,1,101634.18678471931,team09-risk-none,0,1,0.0021347712649061323,0.019720874401513364,
2020-07-23T16:00:00Z,-0.00060837453516617165,-0.00014441121566889138,-0.00046396331949728021,1.811163741360201e-05,-1.2195675865339217e-05,3.030731327894123e-05,-0,0,0,-0.00059026289775256958,0,0.12706216155330829,0.00079180010438622758,0.063926980828847263,0.063135180724461032,0,0,0,0,0,0,0,0,0,False,1,101574.19589511704,team09-risk-none,0,1,0.0020666723878836057,0.019327719957527675,
2020-07-24T00:00:00Z,-0.00019466611896293279,-0.0016059424007079334,0.0014112762817450007,2.719480688350757e-06,-2.3076282111563796e-05,2.5795762799914555e-05,-0,0,0,-0.00019194663827458203,0,0.12745942717216066,0.00017584210925558619,0.063817634640708124,0.063641792531452537,0,0,0,0,0,0,0,0,0,False,1,101554.69906967953,team09-risk-none,0,1,0.002671066407109568,0.01948067525110108,
2020-07-24T08:00:00Z,-1.7521693681319323e-05,0.00051670752315144787,-0.00053422921683276734,7.0809722907053511e-06,-1.4599806614871806e-05,2.1680778905577158e-05,-0,0,0,-1.0440721390613972e-05,0,0.12445382638317465,-3.5617793441286572e-05,0.062209104294866681,0.062244722088307967,0,0,0,0,0,0,0,0,0,False,1,101553.63876536064,team09-risk-none,0,1,0.0028581513481625853,0.019498874866571404,
2020-07-24T16:00:00Z,-0.000318122267202168,-0.0006037502683881109,0.00028562800118594285,6.5207135974864817e-06,-1.6066497846593138e-05,2.2587211444079621e-05,-0,0,0,-0.00031160155360468152,0,0.12551316923242473,-3.2714820748194762e-05,0.062740227205838259,0.062772942026586454,0,0,0,0,0,0,0,0,0,False,1,101521.99449374714,team09-risk-none,0,1,0.0028691208759917819,0.019068805570793795,
2020-07-25T00:00:00Z,-0.00068354820287523318,0.00096843237155573385,-0.0016519805744309669,-2.7489823086623807e-06,-1.8694814324880968e-05,1.5945832016218587e-05,-0,3.8502443809402746e-05,1.9251221904701373e-05,-0.00074405085089799974,0.038502443809402744,0.12293342837806052,0,0.061466714189030269,0.061466714189030262,3908.8448884139943,0,0,0,0,0,0,0,0,False,1,101446.45696735921,team09-risk-none,0,1,0.0031890685666852159,0.019027349613292759,
2020-07-25T08:00:00Z,0.00022464318475488499,0.00033732838131788804,-0.00011268519656300305,2.9261243040478949e-06,-2.0754815159094418e-05,2.3680939463142314e-05,-0,0,0,0.00022756930905893288,0,0.12566393844272672,-0.0006839394219066465,0.062489999510410031,0.063173938932316681,0,0,0,0,0,0,0,0,0,False,1,101469.54306747775,team09-risk-none,0,1,0.0039250937736564628,0.019241705814074556,
2020-07-25T16:00:00Z,-0.00023460317139524224,0.0015429448452394005,-0.0017775480166346421,-1.3695797049533795e-06,-3.2919345412561076e-05,3.154976570760769e-05,-0,0,0,-0.00023597275110019561,0,0.12607522910680757,-0.0004719804733197587,0.062801624316743909,0.063273604790063664,0,0,0,0,0,0,0,0,0,False,1,101445.59902024723,team09-risk-none,0,1,0.0037026974996535733,0.01909137234314864,
2020-07-26T00:00:00Z,5.4932664354461291e-05,0.0010493759706884911,-0.00099444330633402999,3.2704880599298955e-06,-4.2938893605382813e-05,4.6209381665312708e-05,-0,0,0,5.8203152414391185e-05,0,0.12939367742440963,-0.00071489021507116848,0.064339393604669226,0.065054283819740391,0,0,0,0,0,0,0,0,0,False,1,101451.50347390877,team09-risk-none,0,1,0.0039331747125862515,0.019067087395245149,
2020-07-26T08:00:00Z,-0.00041063591503456663,-0.001945313245340214,0.0015346773303056473,-7.7877120532351613e-06,-7.6124622211010991e-05,6.8336910157775838e-05,-0,0,0,-0.00041842362708780184,0,0.13143220229398214,-0.0006497809598888446,0.065391210667046645,0.066040991626935497,0,0,0,0,0,0,0,0,0,False,1,101409.05376785171,team09-risk-none,0,1,0.0038862157946844,0.019027321579676074,
2020-07-26T16:00:00Z,0.0001476763328308355,0.00010384322444966518,4.3833108381170255e-05,1.13319824920047e-05,-4.2785043205353362e-05,5.4117025697358057e-05,-0,0,0,0.00015900831532284019,0,0.12809714606596367,-0.0010300338388461484,0.063533556113558765,0.064563589952404909,0,0,0,0,0,0,0,0,0,False,1,101425.17865064982,team09-risk-none,0,1,0.0042839757667599843,0.019011955753477132,
2020-07-27T00:00:00Z,-0.00070257523716933396,-0.00036700604061646875,-0.00033556919655286521,6.8176796666481603e-06,-3.9324162158155452e-05,4.6141841824803623e-05,-0,0,0,-0.00069575755750268581,0,0.12811210246345522,-0.00090155774416637857,0.063605272359644416,0.064506830103810808,0,0,0,0,0,0,0,0,0,False,1,101354.61131608256,team09-risk-none,0,1,0.0041301442666604737,0.019010414645568453,
2020-07-27T08:00:00Z,-0.0012854209618210414,-0.0023357685850730154,0.0010503476232519742,8.775221213090785e-06,-3.4669338920066189e-05,4.3444560133156972e-05,-0,0,0,-0.0012766457406079507,0,0.12813906767326899,-0.0016451768508646235,0.063246945411202182,0.064892122262066809,0,0,0,0,0,0,0,0,0,False,1,101225.21738325492,team09-risk-none,0,1,0.0048210801580891305,0.019193979596303316,
2020-07-27T16:00:00Z,-0.0015782942382441796,0.0023697891342056433,-0.0039480833724498225,4.5543210119280269e-06,-2.2891292083924899e-05,2.7445613095852927e-05,-0,0,0,-0.0015737399172322515,0,0.12494493686911171,-0.0028901650524681792,0.061027385908321768,0.063917550960789937,0,0,0,0,0,0,0,0,0,False,1,101065.91521802837,team09-risk-none,0,1,0.0060957662387224332,0.019762963424310422,
2020-07-28T00:00:00Z,-6.7732997095266577e-05,-0.0002976415577617184,0.00022990856066645182,2.3860296337534927e-05,-2.908057808904688e-05,5.29408744265818e-05,-0,4.581629469365519e-05,2.2908147346827595e-05,-0.00011259714279821442,0.045816294693655189,0.12801423227938447,8.6736173798840355e-18,0.064007116139692233,0.064007116139692233,4630.4657551131586,0,0,0,0,0,0,0,0,False,1,101054.53548474054,team09-risk-none,0,1,0.0076407549993162682,0.02053008238790429,
2020-07-28T08:00:00Z,-0.0015767784770701091,0.0012627930375495426,-0.0028395715146196515,5.8426403537020115e-06,-5.3918346326611846e-05,5.9760986680313859e-05,-0,0,0,-0.001570935836716407,0,0.12758476270085317,-5.3100552512496194e-05,0.063765831074170332,0.06381893162668284,0,0,0,0,0,0,0,0,0,False,1,100895.78529348483,team09-risk-none,0,1,0.0077703693626223203,0.020450856965219501,
2020-07-28T16:00:00Z,-0.00019148341837242977,-0.00062433566962257544,0.0004328522512501457,1.2610071943019904e-05,-4.2738993517885857e-05,5.5349065460905754e-05,-0,0,0,-0.00017887334642940984,0,0.13184022892629069,-0.0016602698570738691,0.065089979534608405,0.066750249391682281,0,0,0,0,0,0,0,0,0,False,1,100877.73772672877,team09-risk-none,0,1,0.0093223941892591755,0.021202309820501853,
2020-07-29T00:00:00Z,-0.0011530207659063412,0.00087914585758845675,-0.0020321666234947976,2.6552821489517296e-05,-3.3669469341768892e-05,6.0222290831286185e-05,-0,0,0,-0.0011264679444168237,0,0.13083585980970319,-0.0018437099570182691,0.064496074926342462,0.066339784883360731,0,0,0,0,0,0,0,0,0,False,1,100764.10218887431,team09-risk-none,0,1,0.0094857898829872056,0.021213785190880199,
2020-07-29T08:00:00Z,0.0010181536610058223,0.00019469059393788652,0.0008234630670679357,1.4941701991347369e-05,-4.9399404307860905e-05,6.4341106299208272e-05,-0,0,0,0.0010330953629971696,0,0.13388583761664094,-0.0029964902024209542,0.06544467370710999,0.06844116390953095,0,0,0,0,0,0,0,0,0,False,1,100868.20111560221,team09-risk-none,0,1,0.010613060107516281,0.021585429668502645,
2020-07-29T16:00:00Z,-1.3894266424804257e-05,-0.00058355053925463949,0.00056965627282983531,1.9345781272921759e-05,-3.7248537141637545e-05,5.6594318414559294e-05,-0,0,0,5.4515148481175003e-06,0,0.13316466788423936,-0.001974236786050132,0.065595215549094602,0.067569452335144733,0,0,0,0,0,0,0,0,0,False,1,100868.75100009829,team09-risk-none,0,1,0.0095865672728060458,0.021876519839364627,
2020-07-30T00:00:00Z,0.00051819535248734416,-0.0001136482804713904,0.00063184363295873478,1.456255349668682e-05,-3.3596617224130199e-05,4.8159170720817024e-05,-0,0,0,0.00053275790598403098,0,0.13195133167908779,-0.001982717713712754,0.064984306982687506,0.066967024696400257,0,0,0,0,0,0,0,0,0,False,1,100922.48962466033,team09-risk-none,0,1,0.0095859053264922833,0.021867396035607806,
2020-07-30T08:00:00Z,-5.6659948001494851e-05,0.00072891812716141112,-0.00078557807516290595,2.0702180646344345e-05,-3.4053032944059685e-05,5.4755213590404024e-05,-0,0,0,-3.5957767355150513e-05,0,0.13114780382090951,-0.001487554341412848,0.064830124739748321,0.066317679081161165,0,0,0,0,0,0,0,0,0,False,1,100918.8606772575,team09-risk-none,0,1,0.0090521704631092437,0.021937486297262592,
2020-07-30T16:00:00Z,0.00022443734194878449,0.00054251574742547983,-0.00031807840547669547,2.2713422468392125e-05,-2.856685168981042e-05,5.1280274158202546e-05,-0,0,0,0.0002471507644171766,0,0.13269649887863702,-0.001516027063957261,0.065590235907339881,0.06710626297129714,0,0,0,0,0,0,0,0,0,False,1,100943.802850818,team09-risk-none,0,1,0.0090858098118296038,0.021916753124829897,
2020-07-31T00:00:00Z,5.054178218869551e-05,0.00034869616535187039,-0.00029815438316317493,1.9907917180854415e-05,-4.5129621102941662e-05,6.5037538283796084e-05,-0,5.472352883239128e-05,2.736176441619564e-05,-1.1635593879036995e-05,0.054723528832391274,0.12576273852469799,-1.3877787807814457e-17,0.062881369262348996,0.06288136926234901,5524.0011057579595,0,0,0,0,0,0,0,0,False,1,100942.62830972343,team09-risk-none,0,1,0.0088436852511777353,0.02192969928254199,
2020-07-31T08:00:00Z,-0.00035490956304634396,0.00035487027553389802,-0.00070977983858024193,7.3033085325509738e-06,-3.340338141862906e-05,4.0706689951180037e-05,-0,0,0,-0.00034760625451379299,0,0.12639317931841765,7.7792356692012871e-05,0.063235485837554825,0.063157693480862823,0,0,0,0,0,0,0,0,0,False,1,100907.54002077591,team09-risk-none,0,1,0.0088677106869139433,0.021924338393812786,
2020-07-31T16:00:00Z,0.00038481068339707046,0.00094393274614312447,-0.00055912206274605402,1.3375115503452387e-05,-2.7562320463427172e-05,4.0937435966879559e-05,-0,0,0,0.00039818579890052284,0,0.12744262919217936,-0.00028412551792713486,0.063579251837126122,0.063863377355053264,0,0,0,0,0,0,0,0,0,False,1,100947.71997021417,team09-risk-none,0,1,0.0092062186416037584,0.021718871782256045,
2020-08-01T00:00:00Z,-7.8960777896224936e-05,0.0017355599438176657,-0.0018145207217138905,5.0028886151384644e-06,-3.2400863813110052e-05,3.7403752428248519e-05,-0,0,0,-7.3957889281086469e-05,0,0.12895470668226716,0.00010746725523249137,0.064531086968749818,0.06442361971351733,0,0,0,0,0,0,0,0,0,False,1,100940.25408991743,team09-risk-none,0,1,0.0088199969705846648,0.021761389223820912,
2020-08-01T08:00:00Z,0.0012367701243593402,0.0012776014262545613,-4.0831301895221322e-05,1.005585649437288e-05,-3.5950838285030943e-05,4.6006694779403822e-05,-0,0,0,0.0012468259808537129,0,0.13254118093736245,3.2763841522825271e-05,0.066286972389442644,0.066254208547919829,0,0,0,0,0,0,0,0,0,False,1,101066.10902123072,team09-risk-none,0,1,0.0088882945462537277,0.021664289385360521,
2020-08-01T16:00:00Z,-0.00050848118202884412,0.0029064453920054447,-0.0034149265740342888,-3.500672943129502e-06,-3.9699837815293305e-05,3.6199164872163811e-05,-0,0,0,-0.00051198185497197365,0,0.13358189075231797,0.001236444373984541,0.067409167563151254,0.066172723189166713,0,0,0,0,0,0,0,0,0,False,1,101014.36500725923,team09-risk-none,0,1,0.0076660033740961753,0.022029323249022341,
2020-08-02T00:00:00Z,-0.00015904501679861737,-0.0031065639277881607,0.0029475189109895434,1.9263725322208733e-05,-9.1353565639580792e-05,0.00011061729096178951,-0,0,0,-0.00013978129147640864,0,0.14002891718157812,0.00073001116336949071,0.070379464172473816,0.069649453009104315,0,0,0,0,0,0,0,0,0,False,1,101000.24508886084,team09-risk-none,0,1,0.0081514819747013911,0.022101086389018001,
2020-08-02T08:00:00Z,0.00049788820390956354,-0.0020732329326403377,0.0025711211365499007,1.1916048748197329e-06,-4.2404187078906873e-05,4.3595791953726609e-05,-0,0,0,0.00049907980878438325,0,0.13406089113239805,0.0005565964747333875,0.067308743803565718,0.066752147328832334,0,0,0,0,0,0,0,0,0,False,1,101050.65227186697,team09-risk-none,0,1,0.0083080457965871712,0.022107919670604635,
2020-08-02T16:00:00Z,-0.00016364266063817291,0.00053663152592723653,-0.00070027418656540947,3.5381177185774492e-06,-2.2455011252610346e-05,2.5993128971187794e-05,-0,0,0,-0.00016010454291959548,0,0.12937627847930616,0.0011125430418375652,0.065244410760571858,0.064131867718734303,0,0,0,0,0,0,0,0,0,False,1,101034.47360337326,team09-risk-none,0,1,0.0078107841892092189,0.022167320268979378,
2020-08-03T00:00:00Z,0.00011376226594809667,0.0015905817386860635,-0.0014768194727379669,3.4174744401990707e-07,-1.5733983051168168e-05,1.6075730495188073e-05,-0,2.9954936395367992e-05,1.4977468197683996e-05,6.9171608799064606e-05,0.02995493639536799,0.12783062296236053,-6.9388939039072284e-18,0.063915311481180265,0.063915311481180279,3026.4812305285323,0,0,0,0,0,0,0,0,False,1,101041.46232045657,team09-risk-none,0,1,0.0079728090752372305,0.022107283613582236,
2020-08-03T08:00:00Z,0.00014276887277652712,0.0013583035803434232,-0.0012155347075668962,-2.5612504204705608e-06,-3.0527444303836805e-05,2.796619388336625e-05,-0,0,0,0.00014020762235605658,0,0.13093615989187632,0.00012881389353112255,0.065532486892703717,0.065403672999172602,0,0,0,0,0,0,0,0,0,False,1,101055.62910364791,team09-risk-none,0,1,0.0079070690095051077,0.022105340321355828,
2020-08-03T16:00:00Z,-0.000863426788352373,-0.0011264591398458467,0.00026303235149347404,2.6183148901830069e-07,-3.6439831746582247e-05,3.6701663235600547e-05,-0,0,0,-0.00086316495686335464,0,0.13338706501351766,0.00025333307105760219,0.066820199042287629,0.066566865971230016,0,0,0,0,0,0,0,0,0,False,1,100968.40142591186,team09-risk-none,0,1,0.007765168859026339,0.022105117322554383,
2020-08-04T00:00:00Z,0.00097088225160421289,0.0014804086089181677,-0.00050952635731395495,6.6973251407083757e-06,-2.4175478418860322e-05,3.0872803559568696e-05,-0,0,0,0.00097757957674492126,0,0.13222760887580112,-0.00058904095655105959,0.065819283959625025,0.066408324916176098,0,0,0,0,0,0,0,0,0,False,1,101067.10607304241,team09-risk-none,0,1,0.0086152511867182424,0.022322063145940665,
2020-08-04T08:00:00Z,0.0006235022095135228,0.00015411457685732553,0.00046938763265619727,8.6068224271316948e-07,-3.8525952115997034e-05,3.9386634358710213e-05,-0,0,0,0.00062436289175623596,0,0.13405816493604905,0.00037709271223250462,0.067217628824140785,0.066840536111908266,0,0,0,0,0,0,0,0,0,False,1,101130.2086236516,team09-risk-none,0,1,0.0076518856801707225,0.022559173312081467,
2020-08-04T16:00:00Z,0.00058037880074074801,0.00042572040264645739,0.00015465839809429067,4.7229218040126701e-07,-3.575385695225534e-05,3.6226149132656604e-05,-0,0,0,0.00058085109292114925,0,0.13365082054763522,0.0010062633164137393,0.067328541932024477,0.066322278615610741,0,0,0,0,0,0,0,0,0,False,1,101188.950215858,team09-risk-none,0,1,0.007032686000339905,0.022643691378994787,
2020-08-05T00:00:00Z,-0.00013584749321530898,-0.00019686303889247879,6.101554567716989e-05,-4.1208481917271054e-06,-4.6089064034463325e-05,4.196821584273623e-05,-0,0,0,-0.00013996834140703608,0,0.13381470615765659,0.0015634793839763503,0.067689092770816472,0.066125613386840129,0,0,0,0,0,0,0,0,0,False,1,101174.78696632756,team09-risk-none,0,1,0.0064604833360388803,0.02263147169891485,
2020-08-05T08:00:00Z,-0.00055646878226431849,0.00017986225031379994,-0.00073633103257811849,-7.973173014548253e-07,-4.0210072638248792e-05,3.9412755336793968e-05,-0,0,0,-0.00055726609956577322,0,0.13363076859930303,0.001455955130926917,0.067543361865114976,0.066087406734188059,0,0,0,0,0,0,0,0,0,False,1,101118.40568742044,team09-risk-none,0,1,0.0065962458036127325,0.022639406243991501,
2020-08-05T16:00:00Z,0.0014675502197983652,0.0017958968627937806,-0.00032834664299541562,4.6160050114927462e-06,-3.2856235726380078e-05,3.7472240737872829e-05,-0,0,0,0.001472166224809858,0,0.1345658503429164,0.00088556247116782644,0.067725706407042119,0.066840143935874285,0,0,0,0,0,0,0,0,0,False,1,101267.26878898009,team09-risk-none,0,1,0.007144461416776493,0.022601229142923576,
2020-08-06T00:00:00Z,-7.2897834780770144e-06,-0.00068927363122151376,0.00068198384774343669,-4.3981611391691781e-06,-5.0094889544728085e-05,4.569672840555891e-05,-0,2.908983134523924e-05,1.454491567261962e-05,-5.5322691635105053e-05,0.029089831345239237,0.12754783607343884,6.9388939039072284e-18,0.063773918036719432,0.063773918036719418,2945.8477698644401,0,0,0,0,0,0,0,0,False,1,101261.66641109614,team09-risk-none,0,1,0.0056917759257159029,0.022978257695233394,
2020-08-06T08:00:00Z,-0.0016299901915835825,0.0013044185371852974,-0.0029344087287688802,-5.9627838227333297e-06,-4.9375614715050598e-05,4.3412830892317274e-05,-0,0,0,-0.0016359529754063158,0,0.12618130292050117,-1.5016012176381072e-05,0.063083143454162396,0.06309815946633876,0,0,0,0,0,0,0,0,0,False,1,101096.00708663631,team09-risk-none,0,1,0.0057483393709638619,0.022980364315059641,
2020-08-06T16:00:00Z,0.00079300134713894974,-0.00011090101644612445,0.0009039023635850742,-9.7965046627579559e-06,-5.7528574553044046e-05,4.77320698902861e-05,-0,0,0,0.0007832048424761918,0,0.13057757328011729,-0.0016572203456953517,0.064460176467210972,0.066117396812906321,0,0,0,0,0,0,0,0,0,False,1,101175.18596894157,team09-risk-none,0,1,0.0073786938037406768,0.023712382719082211,
2020-08-07T00:00:00Z,-0.00066716801445914416,-6.4129215686070562e-05,-0.00060303879877307359,-2.1988961556979365e-06,-4.8964006585382082e-05,4.6765110429684159e-05,-0,0,0,-0.00066936691061484212,0,0.12949905415418672,-0.00086082619109930161,0.064319113981543719,0.065179940172643017,0,0,0,0,0,0,0,0,0,False,1,101107.46264727866,team09-risk-none,0,1,0.0065937204613861766,0.02383912658582598,
2020-08-07T08:00:00Z,7.9967574879878749e-06,-0.00095872384767502878,0.00096672060516301661,-4.2968525885395692e-06,-5.2498827803114628e-05,4.820197521457505e-05,-0,0,0,3.6999048994483049e-06,0,0.13013264016780407,-0.0015212333410173119,0.064305703413393381,0.065826936754410689,0,0,0,0,0,0,0,0,0,False,1,101107.83673527508,team09-risk-none,0,1,0.0072607564863376162,0.023830357028488066,
2020-08-07T16:00:00Z,0.00096063849070231731,-0.00062621758469509267,0.0015868560753974101,-3.0680622718746618e-06,-4.2084973245472486e-05,3.901691097359782e-05,-0,0,0,0.00095757042843044253,0,0.12821934692240666,-0.0014956524007455722,0.063361847260830551,0.064857499661576112,0,0,0,0,0,0,0,0,0,False,1,101204.65460981535,team09-risk-none,0,1,0.0072558635674222494,0.023815906452065678,
2020-08-08T00:00:00Z,0.00022068096855078177,0.00022026541128176302,4.1555726901875928e-07,-5.7310095470583528e-06,-2.1412264070359899e-05,1.5681254523301545e-05,-0,0,0,0.00021494995900372344,0,0.12584793517293835,-0.00054713900002273039,0.062650398086457809,0.063197537086480543,0,0,0,0,0,0,0,0,0,False,1,101226.40854617472,team09-risk-none,0,1,0.0063078873042456962,0.023966839416346176,
2020-08-08T08:00:00Z,0.00024757324332413657,0.0015051415683998309,-0.0012575683250756942,-5.3018385942136571e-06,-2.7955797187699624e-05,2.2653958593485966e-05,-0,0,0,0.0002422714047299229,0,0.12606786573580273,-0.00033480137863150378,0.062866532178585621,0.063201333557217118,0,0,0,0,0,0,0,0,0,False,1,101250.93281036896,team09-risk-none,0,1,0.0060938666674555941,0.023921809333988589,
2020-08-08T16:00:00Z,0.0004301818591704741,0.00071185120655492139,-0.00028166934738444734,-1.5039339617625526e-06,-3.1802596854484007e-05,3.0298662892721448e-05,-0,0,0,0.00042867792520871159,0,0.12879169623759612,-7.7615030073561325e-05,0.064357040603761267,0.064434655633834839,0,0,0,0,0,0,0,0,0,False,1,101294.33685017156,team09-risk-none,0,1,0.005849295937120802,0.023683714266279552,
2020-08-09T00:00:00Z,0.00024743026263546007,0.00029126498974500141,-4.3834727109541299e-05,-1.2425722247368644e-05,-4.4561554773900107e-05,3.2135832526531461e-05,-0,3.7809352934216015e-05,1.8904676467108008e-05,0.00017829051098676739,0.037809352934216015,0.12816185803768396,0,0.064080929018841992,0.064080929018841978,3829.8733322054995,0,0,0,0,0,0,0,0,False,1,101312.39666924864,team09-risk-none,0,1,0.0054339880503522231,0.023572723208999155,
2020-08-09T08:00:00Z,1.4509369722083123e-05,-0.0012543874701715931,0.0012688968398936761,-6.3117813436578118e-06,-4.168820274810775e-05,3.5376421404449931e-05,-0,0,0,8.1975883784253131e-06,0,0.12854103577472206,0.00029095172749499243,0.064415993751108527,0.064125042023613535,0,0,0,0,0,0,0,0,0,False,1,101313.22718657416,team09-risk-none,0,1,0.0052505844903436572,0.023134955090537129,
2020-08-09T16:00:00Z,-0.00049226709355686647,0.00056007697415996803,-0.0010523440677168343,3.4576211934606734e-05,1.0959829778081561e-05,2.361638215652516e-05,-0,0,0,-0.00045769088162225975,0,0.12601326633118476,0.00029529287241219712,0.06315427960179848,0.062858986729386279,0,0,0,0,0,0,0,0,0,False,1,101266.85704630315,team09-risk-none,0,1,0.005201756046533057,0.023131864732331038,
2020-08-10T00:00:00Z,-0.00033813784776216257,0.00037319501564561934,-0.00071133286340778197,-1.9302976361078357e-05,-4.2305213094916593e-05,2.3002236733838236e-05,-0,0,0,-0.00035744082412324094,0,0.12764669510760754,-0.00018142579750175455,0.063732634655052897,0.063914060452554655,0,0,0,0,0,0,0,0,0,False,1,101230.66013746415,team09-risk-none,0,1,0.0057106386696732514,0.023159405775480063,
2020-08-10T08:00:00Z,-0.00063825085429094347,0.0012273879383763078,-0.001865638792667251,-1.8086669765943738e-05,-8.3274626988120469e-05,6.5187957222176711e-05,-0,0,0,-0.00065633752405688719,0,0.12877923063979982,-0.00054011903534335534,0.064119555802228223,0.064659674837571582,0,0,0,0,0,0,0,0,0,False,1,101164.21865663088,team09-risk-none,0,1,0.0060648293266351017,0.022939040976324293,
2020-08-10T16:00:00Z,-5.3046769383105084e-05,0.00026407629301901896,-0.00031712306240212404,-2.4281452888374243e-05,-7.1302490519756923e-05,4.7021037631382679e-05,-0,0,0,-7.7328222271479328e-05,0,0.13194055566742921,-0.0011847292523245248,0.065377913207552346,0.066562642459876864,0,0,0,0,0,0,0,0,0,False,1,101156.39580744469,team09-risk-none,0,1,0.00672333955853055,0.023025371811835997,
2020-08-11T00:00:00Z,0.00056561466639199929,-0.00056509227513468164,0.0011307069415266808,-1.0468464987337055e-05,-6.6707729678356118e-05,5.6239264691019057e-05,-0,0,0,0.00055514620140466222,0,0.13255685729941091,-0.0012247954140287183,0.065666030942691092,0.066890826356719821,0,0,0,0,0,0,0,0,0,False,1,101212.55239632497,team09-risk-none,0,1,0.0067864284862387825,0.023018686488083938,
2020-08-11T08:00:00Z,-0.00069391747094219621,-0.0030158911754068624,0.002321973704464666,-2.2015106003153475e-05,-6.4979806103411739e-05,4.2964700100258274e-05,-0,0,0,-0.00071593257694534975,0,0.13082768828026298,-0.00067851668016999031,0.065074585800046492,0.065753102480216485,0,0,0,0,0,0,0,0,0,False,1,101140.09103286866,team09-risk-none,0,1,0.0062465245120871815,0.023066783578910892,
2020-08-11T16:00:00Z,8.5038271437610786e-05,-0.00047930646690265064,0.00056434473834026126,-1.7411303283623712e-07,-3.5667901668098579e-05,3.549378863526234e-05,-0,0,0,8.4864158404774546e-05,0,0.12558710220019784,-0.0013582303422885258,0.062114435928954659,0.063472666271243178,0,0,0,0,0,0,0,0,0,False,1,101148.67420157515,team09-risk-none,0,1,0.0069362954974762081,0.022977794927388578,
2020-08-12T00:00:00Z,-0.00078444488733691025,-0.00071260683727475936,-7.183805006215093e-05,-1.217655791476828e-05,-2.7897174436173128e-05,1.5720616521404843e-05,-0,5.2486523305495947e-05,2.6243261652747973e-05,-0.00087535123020992243,0.052486523305495948,0.12585652713545969,0,0.062928263567729847,0.062928263567729847,5308.9422458009913,0,0,0,0,0,0,0,0,False,1,101060.1335851787,team09-risk-none,0,1,0.0068639401879162509,0.022681381962904729,
2020-08-12T08:00:00Z,0.0013811276214586742,0.0022334481324822828,-0.00085232051102360846,-2.0003959631809588e-05,-2.5953225537962713e-05,5.949265906153123e-06,-0,0,0,0.0013611236618268647,0,0.1252905875819609,-0.00078942179793946299,0.062250582892010721,0.063040004689950191,0,0,0,0,0,0,0,0,0,False,1,101197.68892426888,team09-risk-none,0,1,0.0077410500244174951,0.022319921506464242,
2020-08-12T16:00:00Z,0.00041313845960564658,0.00017741116188094681,0.00023572729772469979,-1.3819135046721995e-05,-2.2108719183981119e-05,8.2895841372591215e-06,-0,0,0,0.00039931932455892453,0,0.12816482184647116,0.00057221243069843775,0.064368517138584797,0.063796304707886345,0,0,0,0,0,0,0,0,0,False,1,101238.09911705703,team09-risk-none,0,1,0.0063843174653203105,0.022706527570536653,
2020-08-13T00:00:00Z,9.3479761682011697e-05,-0.00065875855913960794,0.00075223832082161961,-2.3502280330578849e-05,-3.5141704293050943e-05,1.1639423962472098e-05,-0,0,0,6.9977481351432859e-05,0,0.12811247041451454,0.0010116632984600339,0.064562066856487285,0.063550403558027241,0,0,0,0,0,0,0,0,0,False,1,101245.18350425005,team09-risk-none,0,1,0.0059971728221041021,0.02274698700087872,
2020-08-13T08:00:00Z,-0.00088379394518665292,-0.00079890054399535599,-8.4893401191297213e-05,-1.9676930682593691e-05,-4.113748725539455e-05,2.1460556572800862e-05,-0,0,0,-0.00090347087586924667,0,0.1266576006808722,0.0010980001626215846,0.0638778004217469,0.062779800259125315,0,0,0,0,0,0,0,0,0,False,1,101153.71142963192,team09-risk-none,0,1,0.0059238122439805307,0.022710358320939227,
2020-08-13T16:00:00Z,-5.930712820788116e-05,0.0024831955459036935,-0.002542502674111575,-1.9433797250148557e-05,-3.8640486612955317e-05,1.920668936280676e-05,-0,0,0,-7.8740925458029717e-05,0,0.12604403790453139,0.00022865126467785934,0.063136344584604626,0.062907693319926766,0,0,0,0,0,0,0,0,0,False,1,101145.74649278044,team09-risk-none,0,1,0.0068216896484686318,0.021606426435411625,
2020-08-14T00:00:00Z,0.0018768159762073359,0.001053038873436852,0.00082377710277048368,-7.3174393660163362e-06,-4.5860755569288604e-05,3.8543316203272266e-05,-0,0,0,0.0018694985368413195,0,0.13108438532499458,0.00018023300653095126,0.065632309165762778,0.06545207615923182,0,0,0,0,0,0,0,0,0,False,1,101334.83831785641,team09-risk-none,0,1,0.0068878604376177988,0.021473785008793662,
2020-08-14T08:00:00Z,-0.00046775011478419713,0.00054024726736946315,-0.0010079973821536601,-4.1114209614050848e-05,-9.0753054389575705e-05,4.9638844775524864e-05,-0,0,0,-0.000508864324398248,0,0.13118306567158344,0.0020572318734930206,0.066620148772538218,0.064562916899045197,0,0,0,0,0,0,0,0,0,False,1,101283.27263381779,team09-risk-none,0,1,0.0050648657224779958,0.02248806755776878,
2020-08-14T16:00:00Z,0.00038835725173030466,0.00083956355845713848,-0.00045120630672683377,-8.816503288468275e-05,-0.00014051469425978186,5.2349661375099113e-05,-0,0,0,0.00030019221884562192,0,0.13273806629485652,0.0015933641026774255,0.067165715198766962,0.065572351096089554,0,0,0,0,0,0,0,0,0,False,1,101313.67708416168,team09-risk-none,0,1,0.0056179433371102983,0.022548932065487564,
2020-08-15T00:00:00Z,-0.00067760201864815531,-7.5425134576096717e-05,-0.00060217688407205856,-5.2817095531630471e-05,-9.1498842984574151e-05,3.8681747452943687e-05,-0,6.4907956473501998e-05,3.2453978236750999e-05,-0.0008277810488900387,0.064907956473502004,0.13118185491941955,3.4694469519536142e-18,0.065590927459709791,0.065590927459709777,6576.0637423492035,0,0,0,0,0,0,0,0,False,1,101229.81154227805,team09-risk-none,0,1,0.0052842745747861963,0.022129777672849495,
2020-08-15T08:00:00Z,-0.00055206693746428386,0.0014679125065448244,-0.0020199794440091084,-4.4241197655804506e-06,-5.9215643666405272e-05,5.4791523900824827e-05,-0,0,0,-0.00055649105722986429,0,0.13178738923451094,-0.00067566584041608979,0.065555861697047427,0.066231527537463517,0,0,0,0,0,0,0,0,0,False,1,101173.47805742972,team09-risk-none,0,1,0.0060595814539384785,0.022152962556549898,
2020-08-15T16:00:00Z,-0.001129316951950766,-0.0012393622560376877,0.00011004530408692191,-3.3997637078628133e-05,-8.8425807364854762e-05,5.4428170286226622e-05,-0,0,0,-0.001163314589029394,0,0.13531116306086827,-0.0012337798116263121,0.067038691624620977,0.06827247143624729,0,0,0,0,0,0,0,0,0,False,1,101055.78147438266,team09-risk-none,0,1,0.0066420784947538447,0.021908674199569985,
2020-08-16T00:00:00Z,-0.00035145606968416219,0.00040601574365778408,-0.00075747181334194632,-4.7894305397186416e-06,-7.220745437813174e-05,6.7418023838413107e-05,-0,0,0,-0.00035624550022388081,0,0.13415995689844196,-0.0023379023413113327,0.065911027278565321,0.068248929619876664,0,0,0,0,0,0,0,0,0,False,1,101019.7808069608,team09-risk-none,0,1,0.0077686848209761461,0.022055664124341991,
2020-08-16T08:00:00Z,0.00069332016405773244,0.00078872057393076047,-9.5400409873027921e-05,1.079720349559403e-07,-5.859367131771626e-05,5.8701643352672208e-05,-0,0,0,0.00069342813609268839,0,0.13540305566112945,-0.0026910384630196744,0.066356008599054883,0.069047047062074568,0,0,0,0,0,0,0,0,0,False,1,101089.83076527427,team09-risk-none,0,1,0.0081173051138507812,0.022041028736431056,
2020-08-16T16:00:00Z,0.00077752515967724283,0.0015416290900265872,-0.00076410393034934425,-7.0501932208758721e-06,-4.7920387711770128e-05,4.0870194490894256e-05,-0,0,0,0.00077047496645636703,0,0.13616945901287794,-0.0020195394110007689,0.067074959800938583,0.069094499211939359,0,0,0,0,0,0,0,0,0,False,1,101167.71794924221,team09-risk-none,0,1,0.007436610728371984,0.022195545053249489,
2020-08-17T00:00:00Z,0.0015513632385924013,0.0012837284779182287,0.00026763476067417268,2.9506728985336398e-06,-5.6698475557403296e-05,5.964914845593694e-05,-0,0,0,0.0015543139114909351,0,0.13832511731635289,-0.0012220510377451282,0.068551533139303886,0.069773584177049014,0,0,0,0,0,0,0,0,0,False,1,101324.96434064451,team09-risk-none,0,1,0.0066619312725931801,0.02234446384244276,
2020-08-17T08:00:00Z,-0.002089606016636165,-0.00032037808069633049,-0.0017692279359398345,-1.9901519440136403e-05,-6.803150744549933e-05,4.8129988005362913e-05,-0,0,0,-0.0021095075360763015,0,0.13919620820679057,0.00030945811175588089,0.06975283315927322,0.069443375047517339,0,0,0,0,0,0,0,0,0,False,1,101111.21856477526,team09-risk-none,0,1,0.005140707261928501,0.022894435149288791,
2020-08-17T16:00:00Z,0.00015591017266543158,0.00014741074498186128,8.499427683570309e-06,2.5625774086160042e-05,-5.6928972880998887e-05,8.2554746967158926e-05,-0,0,0,0.00018153594675159162,0,0.14072089554408668,-0.0018046318549847784,0.069458131844550949,0.071262763699535728,0,0,0,0,0,0,0,0,0,False,1,101129.57388556462,team09-risk-none,0,1,0.0071941718331907101,0.023978790877566707,
2020-08-18T00:00:00Z,0.00078166969096578386,0.0011440905609179689,-0.00036242086995218507,4.8776222486152601e-06,-9.7115156666180755e-05,0.00010199277891479601,-0,4.3127791503088523e-05,2.1563895751544262e-05,0.00072185562595976631,0.043127791503088521,0.13174282214078603,6.9388939039072284e-18,0.065871411070393016,0.065871411070393016,4361.4951773328166,0,0,0,0,0,0,0,0,False,1,101202.57483742482,team09-risk-none,0,1,0.0070345439847955271,0.023994500505524534,
2020-08-18T08:00:00Z,-0.00064898569060043495,-0.003083478715695284,0.0024344930250948488,-4.8324879540352722e-06,-5.6406893481616081e-05,5.1574405527580813e-05,-0,0,0,-0.00065381817855447017,0,0.13314601022076292,0.00074425703499203869,0.066945133627877476,0.066200876592885441,0,0,0,0,0,0,0,0,0,False,1,101136.4067542796,team09-risk-none,0,1,0.0063274150009202668,0.02414294412608264,
2020-08-18T16:00:00Z,5.9883780876399548e-05,0.00010614048794823535,-4.6256707071835827e-05,7.0184633146430644e-06,-3.1504992023006515e-05,3.8523455337649581e-05,-0,0,0,6.6902244191042608e-05,0,0.12777850723693707,0.00013670663040647735,0.063957606933671779,0.063820900303265302,0,0,0,0,0,0,0,0,0,False,1,101143.17300686087,team09-risk-none,0,1,0.0069653278776119487,0.024108875420598596,
2020-08-19T00:00:00Z,-0.00089121112316693546,-0.0020836839702898496,0.0011924728471229141,-2.545778075634714e-06,-2.5388720535598727e-05,2.2842942459964016e-05,-0,0,0,-0.00089375690124257016,0,0.12786739917838047,0.00016772806774341398,0.064017563623061935,0.063849835555318521,0,0,0,0,0,0,0,0,0,False,1,101052.77559797242,team09-risk-none,0,1,0.006908389821550176,0.024100817559926553,
2020-08-19T08:00:00Z,0.00065844603715552164,-4.6126132704901855e-05,0.00070457216986042346,1.429715688790906e-06,-1.521581190394983e-05,1.6645527592740737e-05,-0,0,0,0.00065987575284431248,0,0.12472733404856248,-0.00070537886314423273,0.062010977592709127,0.062716356455853356,0,0,0,0,0,0,0,0,0,False,1,101119.45787434714,team09-risk-none,0,1,0.0077920277907462809,0.024271582891603034,
2020-08-19T16:00:00Z,-0.00064754137961516131,-0.0013222914085968846,0.00067475002898172306,-3.7561646978927941e-07,-1.6209732891257038e-05,1.5834116421467757e-05,-0,0,0,-0.00064791699608495053,0,0.12391026140342179,-6.792701240157864e-05,0.061921167195510107,0.061989094207911696,0,0,0,0,0,0,0,0,0,False,1,101053.94085895545,team09-risk-none,0,1,0.0071390862525165799,0.024402753891137878,
2020-08-20T00:00:00Z,0.0015375852822315202,0.0016485411490225227,-0.00011095586679100214,7.7476314701915668e-06,-1.4408290000954638e-05,2.2155921471146207e-05,-0,0,0,0.0015453329137017119,0,0.12195056992721731,-0.00069223906773284091,0.060629165429742241,0.061321404497475071,0,0,0,0,0,0,0,0,0,False,1,101210.10283982406,team09-risk-none,0,1,0.0077743176804981884,0.024005394083559853,
2020-08-20T08:00:00Z,-0.00026937704676588441,0.0015067129401569776,-0.001776089986922862,-9.6078542615378489e-06,-2.1346338201375144e-05,1.1738483939837295e-05,-0,0,0,-0.00027898490102742224,0,0.12353632706520479,0.00081745598412097387,0.062176891524662881,0.061359435540541907,0,0,0,0,0,0,0,0,0,False,1,101181.86674930032,team09-risk-none,0,1,0.0062582457123343538,0.024610768435473662,
2020-08-20T16:00:00Z,0.0021077846743228039,0.0022454420817203079,-0.00013765740739750382,2.5196492845637847e-06,-1.1808856847616986e-05,1.432850613218077e-05,-0,0,0,0.0021103043236073678,0,0.12687018647106107,0.00056878979577973734,0.063719488133420404,0.063150698337640671,0,0,0,0,0,0,0,0,0,False,1,101395.39128017203,team09-risk-none,0,1,0.0065234362971093862,0.024605530306143365,
2020-08-21T00:00:00Z,0.0020082917001195875,0.0024751970578614484,-0.00046690535774186113,-6.9144778216842133e-06,-2.9465260566085154e-05,2.2550782744400942e-05,-0,3.0301241561218219e-05,1.515062078060911e-05,0.0019559253599560756,0.030301241561218217,0.12672375503957811,0,0.063361877519789056,0.063361877519789056,3072.4062443747321,0,0,0,0,0,0,0,0,False,1,101593.71309735959,team09-risk-none,0,1,0.0044362907488432191,0.025723148910529132,
2020-08-21T08:00:00Z,-0.00045627248195796011,-0.0020078778133074647,0.0015516053313495046,-1.5391376155310952e-05,-2.7362142046503137e-05,1.1970765891192192e-05,-0,0,0,-0.00047166385811327102,0,0.12936590698049455,0.0019906279379760736,0.065678267459235329,0.063687639521259248,0,0,0,0,0,0,0,0,0,False,1,101545.79501468004,team09-risk-none,0,1,0.0024974982999086404,0.026595336946933536,
2020-08-21T16:00:00Z,-0.0027493358390518982,-0.0045519764111906042,0.0018026405721387052,-1.6261264366214564e-05,-2.4876455084583282e-05,8.6151907183687199e-06,-0,0,0,-0.0027655971034181129,0,0.12598160700481859,0.0015863584046350299,0.063783982704726808,0.062197624300091778,0,0,0,0,0,0,0,0,0,False,1,101264.96025812316,team09-risk-none,0,1,0.00296885149808368,0.02652864726948443,
2020-08-22T00:00:00Z,0.00039727838210819197,0.00086208004235904855,-0.00046480166025085679,-4.2865646688485101e-06,-1.2719163127737804e-05,8.4325984588892936e-06,-0,0,0,0.00039299181743934346,0,0.11985524119074589,-0.0011813716623361517,0.059336934764204867,0.060518306426541026,0,0,0,0,0,0,0,0,0,False,1,101304.75655889792,team09-risk-none,0,1,0.0057143316310689363,0.028198089979431577,
2020-08-22T08:00:00Z,0.0010124977277053495,0.00098090859372452566,3.1589133980824114e-05,1.6560078637608903e-06,-1.1604810439591026e-05,1.3260818303351915e-05,-0,0,0,0.0010141537355691105,0,0.12116528652601619,-0.00079391608752099954,0.060185685219247595,0.060979601306768584,0,0,0,0,0,0,0,0,0,False,1,101407.49515619305,team09-risk-none,0,1,0.0053176745371253942,0.028110707541700763,
2020-08-22T16:00:00Z,0.00037168746115205496,0.0012438770024492606,-0.00087218954129720584,-8.8234265539073052e-07,-1.753382783926519e-05,1.6651485183874461e-05,-0,0,0,0.00037080511849666423,0,0.12200620274497212,0.00020628078700628272,0.061106241765989187,0.060899960978982912,0,0,0,0,0,0,0,0,0,False,1,101445.09757445089,team09-risk-none,0,1,0.0043114411498528238,0.028346490229013227,
2020-08-23T00:00:00Z,-0.00089879362045352271,-0.0015667707815498631,0.00066797716109634052,-2.5116734569389579e-06,-1.3898095076033585e-05,1.1386421619094627e-05,-0,0,0,-0.00090130529391046165,0,0.12409265954687201,0.00060423013702549933,0.062348444841948757,0.061744214704923257,0,0,0,0,0,0,0,0,0,False,1,101353.66457096578,team09-risk-none,0,1,0.0039438576448318496,0.028308663732234982,
2020-08-23T08:00:00Z,-0.00010691765257155629,0.00032077801935141069,-0.00042769567192296704,-2.417243542684185e-06,-1.1488400126007333e-05,9.0711565833231509e-06,-0,0,0,-0.00010933489611424048,0,0.12193589591907895,-0.00031547686861027949,0.060810209525234346,0.061125686393844622,0,0,0,0,0,0,0,0,0,False,1,101342.5830785791,team09-risk-none,0,1,0.0048415143460107668,0.028471260531571018,
2020-08-23T16:00:00Z,-0.00039407237748363189,-0.00033098090296677414,-6.3091474516857783e-05,-9.0176946942646361e-07,-1.7586467611120144e-05,1.6684698141693685e-05,-0,0,0,-0.00039497414695305831,0,0.12268419792445923,-0.00041109104412660746,0.061136553440166309,0.061547644484292924,0,0,0,0,0,0,0,0,0,False,1,101302.55537827763,team09-risk-none,0,1,0.0049488119200201686,0.028472871085850726,
2020-08-24T00:00:00Z,-0.00011254164182856269,0.00087520608909521017,-0.00098774773092377265,-1.5204281735237225e-05,-2.3755702966442559e-05,8.5514212312053373e-06,-0,5.4184731991684607e-05,2.7092365995842304e-05,-0.00020902302155132683,0.054184731991684609,0.12232395194882983,3.4694469519536142e-18,0.061161975974414924,0.061161975974414917,5489.0518132447614,0,0,0,0,0,0,0,0,False,1,101281.38081206159,team09-risk-none,0,1,0.0053560575376917496,0.028484759893912703,
2020-08-24T08:00:00Z,-0.00041961374164952955,-0.00053809383060934846,0.00011848008895981887,2.0460501112653968e-06,-1.8253889316359072e-05,2.0299939427624467e-05,-0,0,0,-0.00041756769153826413,0,0.12417624390475437,-0.00012436132129644423,0.062025941291728962,0.062150302613025406,0,0,0,0,0,0,0,0,0,False,1,101239.08897968009,team09-risk-none,0,1,0.0055468064074170043,0.028379224202674247,
2020-08-24T16:00:00Z,-7.6924485467681474e-05,7.9302625119156126e-05,-0.00015622711058683764,-9.1531038145941285e-06,-2.5831954912703198e-05,1.6678851098109068e-05,-0,0,0,-8.60775892822756e-05,0,0.12353404590995407,-0.00054249128250999715,0.061495777313722029,0.06203826859623203,0,0,0,0,0,0,0,0,0,False,1,101230.37456295958,team09-risk-none,0,1,0.0059731902929521796,0.028399825325214047,
2020-08-25T00:00:00Z,-0.00020551340392176986,-0.001482387910682826,0.001276874506761056,-1.90465562732298e-07,-1.8315195913935994e-05,1.8124730351203694e-05,-0,0,0,-0.00020570386948450214,0,0.12384693416106013,-0.00065146812778750507,0.061597733016636305,0.062249201144423817,0,0,0,0,0,0,0,0,0,False,1,101209.55108320262,team09-risk-none,0,1,0.0060498453070402247,0.028390930173423975,
2020-08-25T08:00:00Z,-0.00042037714941173357,-0.0016308508415811642,0.0012104736921694304,-1.4272527848655185e-07,-1.2073129376043884e-05,1.1930404097557333e-05,-0,0,0,-0.00042051987469022011,0,0.12107283899064439,-0.00081664130138959026,0.060128098844627401,0.060944740146016987,0,0,0,0,0,0,0,0,0,False,1,101166.99045546366,team09-risk-none,0,1,0.0062542572582241496,0.028396539296040389,
2020-08-25T16:00:00Z,0.00025662655949536674,-0.00081186088038077324,0.00106848743987614,6.4242640714286921e-06,-1.0022303479225543e-05,1.6446567550654238e-05,-0,0,0,0.00026305082356679546,0,0.11835440665232057,-0.0012368034407511178,0.058558801605784722,0.059795605046535839,0,0,0,0,0,0,0,0,0,False,1,101193.60251562075,team09-risk-none,0,1,0.0066656239190737709,0.028396896499652394,
2020-08-26T00:00:00Z,-0.00038772694411904138,-0.0002678571592042517,-0.00011986978491478965,-4.1858806968869607e-06,-1.4327216293149151e-05,1.014133559626219e-05,-0,0,0,-0.00039191282481592835,0,0.11644035941591427,-0.00099432859423085121,0.057723015410841703,0.058717344005072565,0,0,0,0,0,0,0,0,0,False,1,101153.94344500556,team09-risk-none,0,1,0.006414868619580183,0.028407561784096192,
2020-08-26T08:00:00Z,0.00037394495333478516,0.001252888930333211,-0.00087894397699842571,-3.1587514855116801e-06,-1.1790747025566127e-05,8.6319955400544456e-06,-0,0,0,0.00037078620184927347,0,0.11628777578319222,-0.0013841933295691104,0.057451791226811551,0.058835984556380658,0,0,0,0,0,0,0,0,0,False,1,101191.44993149761,team09-risk-none,0,1,0.0068032472304947467,0.028338984760863772,
2020-08-26T16:00:00Z,-0.00049671296626189001,-0.0010157600418893259,0.00051904707562743587,-2.6563892792845919e-06,-1.2692398073112528e-05,1.0036008793827935e-05,-0,0,0,-0.00049936935554117468,0,0.11839357171113088,-0.0010169977260050221,0.058688286992562927,0.059705284718567952,0,0,0,0,0,0,0,0,0,False,1,101140.91802235904,team09-risk-none,0,1,0.0064344844477558505,0.028022208074630413,
2020-08-27T00:00:00Z,-0.00097315302252492684,-0.00067912691678596643,-0.00029402610573896047,-4.7101037855314425e-06,-1.5164125057577206e-05,1.0454021272045767e-05,-0,2.4102644308205385e-05,1.2051322154102692e-05,-0.0010140170927727663,0.024102644308205381,0.12583185197356295,3.4694469519536142e-18,0.062915925986781474,0.062915925986781474,2437.7635720982789,0,0,0,0,0,0,0,0,False,1,101038.35940270564,team09-risk-none,0,1,0.0069326801053118947,0.027527655857361416,
2020-08-27T08:00:00Z,-0.0009043557995197614,-0.0023507728514604929,0.0014464170519407312,-2.3103741632222559e-05,-3.7281948788185846e-05,1.4178207155963282e-05,-0,0,0,-0.00092745954115198395,0,0.1255646273167606,-0.00099918122999263434,0.062282723043384003,0.063281904273376613,0,0,0,0,0,0,0,0,0,False,1,100944.65041225526,team09-risk-none,0,1,0.0079579150263885401,0.027755105810363546,
2020-08-27T16:00:00Z,0.00041086823621369633,0.00023420318538000038,0.00017666505083369595,1.9114722006489581e-07,-1.4395966721621272e-05,1.4587113941686171e-05,-0,0,0,0.00041105938343376122,0,0.12191816580289433,-0.0018947741199801006,0.060011695841457102,0.061906469961437213,0,0,0,0,0,0,0,0,0,False,1,100986.14465801466,team09-risk-none,0,1,0.0088549053129177713,0.02739584522767808,
2020-08-28T00:00:00Z,0.0002740908405938119,0.00070085212859713442,-0.00042676128800332269,-3.2915330786169077e-06,-9.9370561323955574e-06,6.6455230537786509e-06,-0,0,0,0.00027079930751519501,0,0.12184574636289111,-0.0015001131844927691,0.060172816589199173,0.061672929773691931,0,0,0,0,0,0,0,0,0,False,1,101013.49163605667,team09-risk-none,0,1,0.0084509390811485785,0.027424204392547075,
2020-08-28T08:00:00Z,0.00059340485167516069,0.0019072032790530746,-0.0013137984273779142,4.1950500815822559e-06,-9.7196296705947242e-06,1.391467975217698e-05,-0,0,0,0.00059759990175674293,0,0.12298326834319964,-0.0012047378251688126,0.060889265259015404,0.062094003084184224,0,0,0,0,0,0,0,0,0,False,1,101073.85728873448,team09-risk-none,0,1,0.0081750029329131779,0.027142000899466372,
2020-08-28T16:00:00Z,-0.00043012158588557567,-0.0008712208755280122,0.00044109928964243636,-1.0132171941372573e-05,-2.2833183230971696e-05,1.2701011289599126e-05,-0,0,0,-0.00044025375782694826,0,0.12613747820405644,-0.00061896548276991342,0.062759256360643265,0.063378221843413185,0,0,0,0,0,0,0,0,0,False,1,101029.35914324505,team09-risk-none,0,1,0.0075965069413520547,0.026985603859095667,
2020-08-29T00:00:00Z,0.00060934648954073377,0.00110568190968935,-0.00049633542014861608,2.2108487744571676e-05,-1.4568202298281537e-05,3.6676690042853213e-05,-0,0,0,0.00063145497728530546,0,0.12488415049396823,-0.0010458496331980129,0.061919150430385102,0.062965000063583118,0,0,0,0,0,0,0,0,0,False,1,101093.154634928,team09-risk-none,0,1,0.008001434327360224,0.027033900660334838,
2020-08-29T08:00:00Z,0.00053150306118277348,0.00044573002861945129,8.5773032563322163e-05,-1.7968935439757263e-06,-2.8628182701704674e-05,2.6831289157728948e-05,-0,0,0,0.00052970616763879782,0,0.12640280665937254,-0.00044438579889654814,0.062979210430237992,0.06342359622913453,0,0,0,0,0,0,0,0,0,False,1,101146.70430244418,team09-risk-none,0,1,0.0073987604493428449,0.027059202332247262,
2020-08-29T16:00:00Z,0.00085761206914400725,0.00029625105580564117,0.00056136101333836591,3.7370673152427799e-06,-2.3765393888393507e-05,2.7502461203636285e-05,-0,0,0,0.00086134913645925012,0,0.12665006153240219,7.053091188005331e-05,0.063360296222141121,0.063289765310261065,0,0,0,0,0,0,0,0,0,False,1,101233.82692885079,team09-risk-none,0,1,0.0068674775147782308,0.027116914467057329,
2020-08-30T00:00:00Z,-3.2822154634287158e-05,0.00074162919009143819,-0.00077445134472572529,9.9599720972641881e-06,-2.278651060283425e-05,3.2746482700098433e-05,-0,9.5391845109927218e-06,4.7695922554963609e-06,-3.7170959303512059e-05,0.009539184510992723,0.12557252045547793,6.9388939039072284e-18,0.062786260227738977,0.062786260227738963,965.6881538282114,0,0,0,0,0,0,0,0,False,1,101230.06397038988,team09-risk-none,0,1,0.0060058582048547748,0.027262948663163908,
2020-08-30T08:00:00Z,-0.00050719456194855039,0.0004973478461467117,-0.0010045424080952622,8.3356081049310197e-06,-2.532109496738684e-05,3.3656703072317858e-05,-0,0,0,-0.00049885895384361935,0,0.12707321188027915,-2.5667177566551791e-05,0.063523772351356297,0.063549439528922849,0,0,0,0,0,0,0,0,0,False,1,101179.56444658009,team09-risk-none,0,1,0.0060444204528427026,0.027263599462874315,
2020-08-30T16:00:00Z,-0.00010461753434688611,0.00079221350529029577,-0.00089683103963718173,2.3483269981519995e-05,-2.3116616072455936e-05,4.659988605397593e-05,-0,0,0,-8.1134264365366105e-05,0,0.12858904710998031,-0.00054273296424929215,0.064023157072865516,0.064565890037114812,0,0,0,0,0,0,0,0,0,False,1,101171.35531704991,team09-risk-none,0,1,0.0065252156266931705,0.027294592316852228,
2020-08-31T00:00:00Z,-0.00014161402693158156,-0.0011986696414896974,0.0010570556145581159,2.9148948537290135e-05,-2.1433264359055855e-05,5.0582212896345983e-05,-0,0,0,-0.00011246507839429143,0,0.1303395938657303,-0.00063914090927918651,0.064850226478225567,0.065489367387504743,0,0,0,0,0,0,0,0,0,False,1,101159.97707264291,team09-risk-none,0,1,0.0066001923525551565,0.027266287041965206,
2020-08-31T08:00:00Z,0.0014317046888645956,0.0019097817979862157,-0.00047807710912161998,1.8473266871002457e-05,-2.1459546796004216e-05,3.9932813667006679e-05,-0,0,0,0.0014501779557355981,0,0.12807378740665659,-0.00076717305422598428,0.063653307176215299,0.064420480230441279,0,0,0,0,0,0,0,0,0,False,1,101306.67704139638,team09-risk-none,0,1,0.0067225188581087059,0.027268335921181708,
2020-08-31T16:00:00Z,0.00014866363720086604,-0.00042482610791412485,0.00057348974511499081,1.767626409704444e-05,-1.8395494699469522e-05,3.6071758796513958e-05,-0,0,0,0.00016633990129791049,0,0.13024956173071423,0.00063413026832765187,0.065441845999520923,0.064807715731193274,0,0,0,0,0,0,0,0,0,False,1,101323.52838405626,team09-risk-none,0,1,0.0052828825293168569,0.027389443056298122,
2020-09-01T00:00:00Z,0.00057105994920230373,0.002426111370076642,-0.0018550514208743377,1.4315909415560939e-05,-3.0775153271820416e-05,4.5091062687381354e-05,-0,0,0,0.0005853758586178647,0,0.12927489547914361,0.00078946860726197138,0.065032182043202783,0.064242713435940804,0,0,0,0,0,0,0,0,0,False,1,101382.84073148227,team09-risk-none,0,1,0.0051207644814145192,0.027327413019277706,
2020-09-01T08:00:00Z,-0.0010564777852236536,-0.00070942685851202545,-0.00034705092671162801,3.3898179963458455e-05,-3.2753060022877371e-05,6.6651239986335826e-05,-0,0,0,-0.0010225796052601951,0,0.13347653034266788,0.0013714880271192657,0.067424009184893566,0.066052521157774297,0,0,0,0,0,0,0,0,0,False,1,101279.16870622692,team09-risk-none,0,1,0.004518893075121877,0.027387574756613905,
2020-09-01T16:00:00Z,0.00038041398503957906,0.0011034446267507347,-0.00072303064171115594,2.3935212897373437e-05,-4.7896896173714898e-05,7.1832109071088329e-05,-0,0,0,0.0004043491979369525,0,0.13324445399328483,0.00032480666359674046,0.066784630328440786,0.066459823664844042,0,0,0,0,0,0,0,0,0,False,1,101320.120856861,team09-risk-none,0,1,0.0055467592202343985,0.027588931572005378,
2020-09-02T00:00:00Z,0.00068571088477349445,-0.00077767916426424802,0.0014633900490377426,1.8294298797462915e-05,-5.3708407421579677e-05,7.2002706219042602e-05,-0,6.7493233047278834e-05,3.3746616523639417e-05,0.00060276533400003911,0.067493233047278833,0.12603249611963144,-3.4694469519536142e-18,0.063016248059815719,0.063016248059815719,6838.4225293705767,0,0,0,0,0,0,0,0,False,1,101381.19311335021,team09-risk-none,0,1,0.0051502646091757809,0.027612468446471333,
2020-09-02T08:00:00Z,-0.0005683784345461569,-0.0043478894144881762,0.0037795109799420188,2.3720884858700763e-05,-4.1408508269986951e-05,6.5129393128687718e-05,-0,0,0,-0.00054465754968745618,0,0.12365758362692567,0.00067677951639012052,0.06216718157165789,0.061490402055267769,0,0,0,0,0,0,0,0,0,False,1,101325.97508112469,team09-risk-none,0,1,0.0045452018831463326,0.027684008959583062,
2020-09-02T16:00:00Z,0.00029130158618195459,0.0010366951391745313,-0.00074539355299257665,-1.9413177652292041e-06,-1.2481507082337718e-05,1.0540189317108511e-05,-0,0,0,0.00028936026841672538,0,0.11565241619320354,0.00013278526857414194,0.057892600730888852,0.057759815462314706,0,0,0,0,0,0,0,0,0,False,1,101355.29479247176,team09-risk-none,0,1,0.0051129148978429351,0.027755766203597834,
2020-09-03T00:00:00Z,0.00043124564481776778,-0.00016604654939719694,0.00059729219421496467,1.841989260167979e-06,-1.7944086813858283e-05,1.9786076074026263e-05,-0,0,0,0.00043308763407793574,0,0.11732738707632986,0.00040432044354208989,0.058865853759935971,0.058461533316393879,0,0,0,0,0,0,0,0,0,False,1,101399.1905172947,team09-risk-none,0,1,0.0048212690441044037,0.027590083577866797,
2020-09-03T08:00:00Z,-0.00059238455057475077,-0.0045959097199786995,0.0040035251694039492,7.5184267311797332e-06,-2.3151559422000022e-06,9.8335826733797354e-06,-0,0,0,-0.000584866123843571,0,0.11654674856149844,0.00082748301601518436,0.058687115788756822,0.057859632772741629,0,0,0,0,0,0,0,0,0,False,1,101339.88556577597,team09-risk-none,0,1,0.0043846179360590432,0.027428014283676236,
2020-09-03T16:00:00Z,-0.00058867741185897684,-0.0048672374118880696,0.004278560000029092,1.7834051025024818e-05,4.0209147063085543e-06,1.3813136318716264e-05,-0,0,0,-0.00057084336083395204,0,0.10796701083552737,0.00023099621970330657,0.05409900352761534,0.053868007307912032,0,0,0,0,0,0,0,0,0,False,1,101282.03636491307,team09-risk-none,0,1,0.0049566553351603204,0.027433613085818671,
2020-09-04T00:00:00Z,0.00055979360350253966,0.00095893883174510302,-0.00039914522824256363,1.946675049976383e-05,3.0070500740568917e-06,1.6459700425706942e-05,-0,0,0,0.00057926035400230344,0,0.099081539523392714,-0.00036822669452753198,0.049356656414432598,0.04972488310896013,0,0,0,0,0,0,0,0,0,False,1,101340.70503315188,team09-risk-none,0,1,0.00552304557181027,0.027439785281422196,
2020-09-04T08:00:00Z,-0.0013413875892040903,-8.8633807070941995e-05,-0.0012527537821331481,2.4125559597547422e-05,1.9128219262780882e-05,4.9973403347665398e-06,-0,0,0,-0.0013172620296065429,0,0.1001820599299873,0.00023766444912610638,0.050209862189556712,0.049972197740430602,0,0,0,0,0,0,0,0,0,False,1,101207.21277035815,team09-risk-none,0,1,0.0049423488273413474,0.027505845496860887,
2020-09-04T16:00:00Z,0.000477098555682168,0.0013946053974650541,-0.00091750684178288592,2.6804570207780963e-06,-2.0547002463662497e-06,4.7351572671443464e-06,-0,0,0,0.00047977901270294606,0,0.10145271163069169,-0.0011199266488292857,0.05016639249093121,0.051286319139760492,0,0,0,0,0,0,0,0,0,False,1,101255.76986697954,team09-risk-none,0,1,0.006274410978568401,0.027827454856534848,
2020-09-05T00:00:00Z,-0.00052122662161359942,-0.00059483777628862905,7.3611154675029414e-05,2.9469738941499582e-06,-2.2795595677498589e-06,5.2265334618998183e-06,-0,8.1605225370164088e-05,4.0802612685082044e-05,-0.00064068748577469567,0.081605225370164083,0.12671945877769786,-3.4694469519536142e-18,0.063359729388848929,0.063359729388848929,8262.9999200243346,0,0,0,0,0,0,0,0,False,1,101190.89656236328,team09-risk-none,0,1,0.0057973773255762806,0.027397931672449364,
2020-09-05T08:00:00Z,-0.0020807880975275343,-0.0032850045033234595,0.0012042164057959254,2.2267479539502673e-05,1.434292701677173e-05,7.9245525227309393e-06,-0,0,0,-0.0020585206179880313,0,0.12603038861105198,-0.00055340596438048159,0.062738491323335754,0.063291897287716239,0,0,0,0,0,0,0,0,0,False,1,100982.59301543697,team09-risk-none,0,1,0.0064151543700785574,0.027488164072110875,
2020-09-05T16:00:00Z,-0.0014825214818708233,-0.0033498085255882736,0.00186728704371745,1.7597096998038783e-05,1.0900972677553911e-05,6.6961243204848767e-06,-0,0,0,-0.0014649243848727843,0,0.12174731848805989,-0.00264386528330985,0.059551726602375024,0.062195591885684874,0,0,0,0,0,0,0,0,0,False,1,100834.66115248097,team09-risk-none,0,1,0.0084651000263262777,0.027833525133148945,
2020-09-06T00:00:00Z,0.00039738429753987634,0.00077413203930846498,-0.00037674774176858864,7.1643038959298944e-06,1.1250681369806245e-06,6.0392357589492707e-06,-0,0,0,0.00040454860143580618,0,0.11668847013750917,-0.0040953797092702325,0.056296545214119462,0.060391924923389698,0,0,0,0,0,0,0,0,0,False,1,100875.45367362646,team09-risk-none,0,1,0.0099279528225734159,0.02814604226651499,
2020-09-06T08:00:00Z,0.0014926429083959398,0.0014862944288300548,6.3484795658853872e-06,1.4907819376454618e-05,-2.3148849079927599e-06,1.722270428444738e-05,-0,0,0,0.0015075507277723945,0,0.11787325970270937,-0.0037169991085180334,0.057078130297095665,0.060795129405613699,0,0,0,0,0,0,0,0,0,False,1,101027.52853722651,team09-risk-none,0,1,0.0095197508757631777,0.028098460273700724,
2020-09-06T16:00:00Z,0.0012671190156410498,0.0018260103391560933,-0.00055889132351504348,2.0142765397030781e-05,6.9633854446009083e-06,1.3179379952429872e-05,-0,0,0,0.0012872617810380806,0,0.11910407361394849,-0.0022050572985675074,0.058449508157690497,0.060654565456258011,0,0,0,0,0,0,0,0,0,False,1,101157.57741354521,team09-risk-none,0,1,0.0080213588053097418,0.02860257836579445,
2020-09-07T00:00:00Z,-0.00052667059177139038,-0.0015840593666298333,0.0010573887748584431,2.0303611810343258e-05,7.5833930495473245e-06,1.2720218760795937e-05,-0,0,0,-0.00050636697996104716,0,0.12133423631033105,-0.00097047506855608631,0.060181880620887473,0.061152355689443563,0,0,0,0,0,0,0,0,0,False,1,101106.35455657014,team09-risk-none,0,1,0.0067442628545145711,0.028762249637893415,
2020-09-07T08:00:00Z,0.00054995274151777192,0.00057860397937088714,-2.8651237853114961e-05,2.3561605000361756e-05,1.1821018330475874e-05,1.1740586669885882e-05,-0,0,0,0.00057351434651813375,0,0.1188504659123393,-0.0014677048826166952,0.058691380514861294,0.060159085397477989,0,0,0,0,0,0,0,0,0,False,1,101164.34050143248,team09-risk-none,0,1,0.007243980446316578,0.028804460895378109,
2020-09-07T16:00:00Z,0.00020378210577761378,0.0020697984406635424,-0.0018660163348859287,1.2490798858988787e-05,2.2863568146961481e-06,1.0204442044292642e-05,-0,0,0,0.00021627290463660257,0,0.11934890406676969,-0.00093686849063040131,0.059206017788069651,0.060142886278700056,0,0,0,0,0,0,0,0,0,False,1,101186.21960719838,team09-risk-none,0,1,0.0066856172801218472,0.028863663027434913,
2020-09-08T00:00:00Z,0.00081497735401441646,0.0011120415589438465,-0.00029706420492942986,1.9143108980039094e-05,9.091308557843545e-06,1.0051800422195549e-05,-0,7.232926347208736e-05,3.616463173604368e-05,0.00072562656778632462,0.072329263472087346,0.13167875975229243,6.9388939039072284e-18,0.065839379876146228,0.065839379876146215,7318.7247377135427,0,0,0,0,0,0,0,0,False,1,101259.64301643922,team09-risk-none,0,1,0.0064641811114902747,0.028833517074889962,
2020-09-08T08:00:00Z,0.00040765766764485858,-0.0011769057073928362,0.0015845633750376947,4.5226538492384557e-05,3.6991132004003457e-05,8.2354064883811002e-06,-0,0,0,0.00045288420613724315,0,0.13304569249700837,0.00074923388844298083,0.066897463192725673,0.066148229304282685,0,0,0,0,0,0,0,0,0,False,1,101305.50190948046,team09-risk-none,0,1,0.0057173119957152352,0.028940845806199135,
2020-09-08T16:00:00Z,0.00020089187203092086,0.00029165325284465895,-9.0761380813738041e-05,3.0840652317689885e-05,1.6704423843431158e-05,1.4136228474258735e-05,-0,0,0,0.00023173252434861074,0,0.1301557054881381,0.0011899480923609831,0.065672826790249536,0.064482878697888546,0,0,0,0,0,0,0,0,0,False,1,101328.97768916834,team09-risk-none,0,1,0.0052813265381814745,0.028984950464895975,
2020-09-09T00:00:00Z,0.00074049690934885749,0.0011689768589913524,-0.0004284799496424948,3.5561814741441502e-05,2.4610702866104338e-05,1.0951111875337171e-05,-0,0,0,0.00077605872409029894,0,0.13055376034185218,0.0014128428751089654,0.065983301608480566,0.064570458733371611,0,0,0,0,0,0,0,0,0,False,1,101407.61492630717,team09-risk-none,0,1,0.0050461206971350592,0.028950883985868654,
2020-09-09T08:00:00Z,-4.6925640343235998e-05,0.00082587961563300818,-0.00087280525597624404,3.2428286152667637e-05,2.5933524694568027e-05,6.4947614580996126e-06,-0,0,0,-1.4497354190568361e-05,0,0.13203249834688843,0.0021414813279647116,0.067086989837426572,0.064945508509461861,0,0,0,0,0,0,0,0,0,False,1,101406.14478419596,team09-risk-none,0,1,0.0042770980840372008,0.029045058515424056,
2020-09-09T16:00:00Z,0.0009493540046451892,0.0002202426023223126,0.00072911140232287646,1.4350904870281219e-05,5.429915517962989e-06,8.9209893523182313e-06,-0,0,0,0.00096370490951547044,0,0.13377774270337189,0.0020942864457725828,0.06793601457457224,0.065841728128799654,0,0,0,0,0,0,0,0,0,False,1,101503.87038377953,team09-risk-none,0,1,0.0043095326495344866,0.028947351441298962,
2020-09-10T00:00:00Z,2.7771752265452156e-05,0.00047852175328510181,-0.00045075000101964968,2.5249297788562542e-05,1.3404351898973266e-05,1.184494588958927e-05,-0,0,0,5.3021050054014698e-05,0,0.13316446434767565,0.0030566107169503025,0.06811053753231297,0.065053926815362678,0,0,0,0,0,0,0,0,0,False,1,101509.25222557182,team09-risk-none,0,1,0.0033391191301559431,0.029128411461202167,
2020-09-10T08:00:00Z,0.00094080137921592278,0.0020605367518880661,-0.0011197353726721431,1.2526261840374874e-05,7.8464886111910928e-06,4.6797732291837797e-06,-0,0,0,0.00095332764105629769,0,0.13400611584402625,0.0030938233302768674,0.068549969587151552,0.065456146256874681,0,0,0,0,0,0,0,0,0,False,1,101606.02380154142,team09-risk-none,0,1,0.0032989560280722863,0.029071433483942106,
2020-09-10T16:00:00Z,0.00027721819930203785,-1.2131950098953323e-05,0.00028935014940099116,2.1930702966169746e-05,6.9936130035996918e-06,1.4937089962570057e-05,-0,0,0,0.00029914890226820763,0,0.13710471737341948,0.0040277949383672844,0.070566256155893375,0.066538461217526101,0,0,0,0,0,0,0,0,0,False,1,101636.41913202549,team09-risk-none,0,1,0.0023393911382834087,0.029125439230640097,
2020-09-11T00:00:00Z,-0.0003463475349140873,-0.001085440964950508,0.00073909343003642066,3.3099438672905986e-05,2.2354322517100469e-05,1.0745116155805519e-05,-0,8.9398171852210929e-05,4.4699085926105464e-05,-0.00044734535401949772,0.089398171852210925,0.12956507111410009,-2.0816681711721685e-17,0.064782535557050033,0.064782535557050047,9086.1100640081531,0,0,0,0,0,0,0,0,False,1,101590.95255212759,team09-risk-none,0,1,0.0020297963657749385,0.029138051543467311,
2020-09-11T08:00:00Z,0.0015346775822557071,0.0019695903043270668,-0.00043491272207135971,4.2238076657401589e-05,3.5717357751619145e-05,6.5207189057824428e-06,-0,0,0,0.0015769156589131087,0,0.12778493724956824,-0.00033796149446831819,0.063723487877549959,0.06406144937201827,0,0,0,0,0,0,0,0,0,False,1,101751.15291601095,team09-risk-none,0,1,0.002467117992964396,0.029008081999424135,
2020-09-11T16:00:00Z,0.0006919016269469338,0.001294063296828011,-0.00060216166988107708,2.0950695048625673e-05,1.4511781993217104e-05,6.4389130554085679e-06,-0,0,0,0.00071285232199555959,0,0.12996425638178594,0.0011886932111682819,0.065576474796477102,0.06438778158530882,0,0,0,0,0,0,0,0,0,False,1,101823.68646163285,team09-risk-none,0,1,0.00091536022146521123,0.029136776566290538,
2020-09-12T00:00:00Z,0.00072335428976260719,0.0005484510266723794,0.00017490326309022773,1.2898512366743626e-05,6.4032984086020502e-06,6.4952139581415757e-06,-0,0,0,0.00073625280212935074,0,0.13180297736613603,0.0019003737536436791,0.066851675559889856,0.06495130180624617,0,0,0,0,0,0,0,0,0,False,1,101898.65443611337,team09-risk-none,0,1,0.00021121079426511535,0.029202020544593379,
2020-09-12T08:00:00Z,4.8411632308380393e-06,0.00016668864867755366,-0.00016184748544671563,3.6397540775869591e-05,2.2027518087350874e-05,1.4370022688518719e-05,-0,0,0,4.1238704006707633e-05,0,0.13207110731006219,0.0026232448281125684,0.067347176069087383,0.064723931240974808,0,0,0,0,0,0,0,0,0,False,1,101902.85660456234,team09-risk-none,0,1,0,0.029295892784099744,
2020-09-12T16:00:00Z,0.00085127747890129807,0.0018152176623353567,-0.00096394018343405857,5.2578603845502521e-05,3.3017009566043689e-05,1.9561594279458829e-05,-0,0,0,0.0009038560827468006,0,0.13235159559943935,0.0026096329579230679,0.067480614278681197,0.064870981320758137,0,0,0,0,0,0,0,0,0,False,1,101994.96212135366,team09-risk-none,0,1,0,0.029093550741382482,
2020-09-13T00:00:00Z,-0.00032832295535900017,-2.7931482827210458e-05,-0.0003003914725317898,3.685855854310637e-05,1.973010251298472e-05,1.7128456030121654e-05,-0,0,0,-0.0002914643968158938,0,0.13504359353762924,0.0034789901688788358,0.069261291853254039,0.065782301684375211,0,0,0,0,0,0,0,0,0,False,1,101965.23422124069,team09-risk-none,0,1,0,0.029228173366444298,
2020-09-13T08:00:00Z,-0.00088605251232328874,-0.0041161940372473537,0.0032301415249240649,1.8223851820369701e-05,5.6809511635936476e-06,1.2542900656776054e-05,-0,0,0,-0.00086782866050291914,0,0.13537482998448955,0.0031423496464540457,0.069258589815471797,0.066116240169017751,0,0,0,0,0,0,0,0,0,False,1,101876.7458686086,team09-risk-none,0,1,0.00031009298556217146,0.028577139912003929,
2020-09-13T16:00:00Z,0.0014964412580170271,0.0021173385765032569,-0.00062089731848622993,3.1926115011541e-05,2.5629873163605281e-05,6.2962418479357247e-06,-0,0,0,0.0015283673730285682,0,0.12816896940886696,0.002248152612631879,0.065208561010749427,0.062960408398117548,0,0,0,0,0,0,0,0,0,False,1,102032.4509630645,team09-risk-none,0,1,0.0011639666612081045,0.028693681669710196,
2020-09-14T00:00:00Z,-9.2555408048191045e-05,0.00014667912985998733,-0.00023923453790817837,4.1064903318594654e-05,3.4985597562960625e-05,6.0793057556340315e-06,-0,4.6835046912414106e-05,2.3417523456207053e-05,-0.00012174307509821754,0.046835046912414108,0.12681976431172509,1.3877787807814457e-17,0.06340988215586256,0.063409882155862546,4778.6946274437178,0,0,0,0,0,0,0,0,False,1,102020.02921872445,team09-risk-none,0,1,0,0.029133808788427459,
2020-09-14T08:00:00Z,0.0013535828561189391,0.0025056508562034904,-0.0011520680000845515,3.7246330157031626e-05,3.0882051773249872e-05,6.3642783837817515e-06,-0,0,0,0.0013908291862759707,0,0.12721612919329467,-6.4697738637820024e-05,0.063575715727328411,0.063640413465966245,0,0,0,0,0,0,0,0,0,False,1,102161.92165294658,team09-risk-none,0,1,0.00012556102659122548,0.028967069310964072,
2020-09-14T16:00:00Z,-0.00020736014728233124,-0.00084554124382018713,0.00063818109653785565,3.9206615615014813e-05,2.293820680853638e-05,1.626840880647843e-05,-0,0,0,-0.00016815353166731644,0,0.13072395130071768,0.0012803303999877544,0.06600214085035272,0.064721810450364986,0,0,0,0,0,0,0,0,0,False,1,102144.74276501872,team09-risk-none,0,1,0,0.029230189523440458,
2020-09-15T00:00:00Z,-0.0019048589476490137,-0.0010966798692960476,-0.00080817907835296595,5.4550854246098939e-05,5.1089422210757301e-05,3.4614320353416536e-06,-0,0,0,-0.0018503080934029147,0,0.12923902904520562,0.00107577442450775,0.065157401734856693,0.064081627310348943,0,0,0,0,0,0,0,0,0,False,1,101955.74352078204,team09-risk-none,0,1,0.00015281247469500769,0.028901754493956634,
2020-09-15T08:00:00Z,-0.00075407171770187789,-0.0017600373426399586,0.0010059656249380808,4.8100201323282681e-05,3.6704605255323325e-05,1.1395596067959355e-05,-0,0,0,-0.00070597151637859527,0,0.12919920425795803,-0.00082221912917702228,0.064188492564390506,0.065010711693567522,0,0,0,0,0,0,0,0,0,False,1,101883.76566992517,team09-risk-none,0,1,0.0020092752000857583,0.029664111912762952,
2020-09-15T16:00:00Z,-0.00082829857802865564,-0.0011754682308064625,0.000347169652777807,9.5472498663341397e-05,9.0469626594607218e-05,5.0028720687341903e-06,-0,0,0,-0.00073282607936531424,0,0.12650241746494084,-0.0016010731672586806,0.062450672148841077,0.064051745316099765,0,0,0,0,0,0,0,0,0,False,1,101809.10258937831,team09-risk-none,0,1,0.002666586760666112,0.029722890927230534,
2020-09-16T00:00:00Z,0.001258294278050353,0.0012686030103842801,-1.0308732333926964e-05,9.2614962396671895e-05,8.8199051422466817e-05,4.4159109742050639e-06,-0,0,0,0.0013509092404470249,0,0.12510877225564224,-0.0024251607870780512,0.061341805734282093,0.063766966521360144,0,0,0,0,0,0,0,0,0,False,1,101946.63744682792,team09-risk-none,0,1,0.0034003062517521387,0.029760296763746981,
2020-09-16T08:00:00Z,-0.0006410082203699303,-0.00029527659969503714,-0.00034573162067489316,0.00012171702440166298,0.00011871885640200589,2.9981679996570668e-06,-0,0,0,-0.0005192911959682674,0,0.12619139009937616,-0.0011304733519790638,0.062530458373698555,0.063660931725677605,0,0,0,0,0,0,0,0,0,False,1,101893.69745554322,team09-risk-none,0,1,0.0020249509192964421,0.029643761194410433,
2020-09-16T16:00:00Z,-0.00066631590236728572,-0.0011609911225585246,0.00049467522019123881,5.9843799313453685e-05,5.7636936111120913e-05,2.2068632023327765e-06,-0,0,0,-0.00060647210305383211,0,0.12632010508118419,-0.0018114285631778346,0.062254338259003186,0.064065766822181028,0,0,0,0,0,0,0,0,0,False,1,101831.90177055943,team09-risk-none,0,1,0.0026048989348074203,0.028710613963524794,
2020-09-17T00:00:00Z,0.00038800262520757086,0.00038972621443363563,-1.723589226064762e-06,5.5973109263835468e-05,5.0604832532649514e-05,5.3682767311859554e-06,-0,6.4147103117290891e-05,3.2073551558645446e-05,0.00034775507979547008,0.064147103117290896,0.13124387766502146,-1.0408340855860843e-17,0.065621938832510718,0.065621938832510732,6532.2215035059126,0,0,0,0,0,0,0,0,False,1,101867.31433168538,team09-risk-none,0,1,0.0032136492743891631,0.028809763385077364,
2020-09-17T08:00:00Z,0.00096620696035258689,0.0013736830287550171,-0.00040747606840243003,1.6989669533485019e-05,1.5523131763075708e-05,1.4665377704093084e-06,-0,0,0,0.00098319662988607189,0,0.13155556976472985,0.00041951950717252287,0.06598754463595119,0.065568025128778656,0,0,0,0,0,0,0,0,0,False,1,101967.46993183185,team09-risk-none,0,1,0.0029058812555571301,0.028736241828553343,
2020-09-17T16:00:00Z,0.00063660362091227875,0.0013387129474730888,-0.00070210932656081021,2.5572067616823455e-05,2.0159832159457649e-05,5.4122354573658088e-06,-0,0,0,0.0006621756885291021,0,0.13324483966753087,0.0013523524158981573,0.067298596041714523,0.065946243625816359,0,0,0,0,0,0,0,0,0,False,1,102034.99031144152,team09-risk-none,0,1,0.0019169759515390572,0.028793989654884011,
2020-09-18T00:00:00Z,0.00037901617209721688,0.00047812961109061685,-9.9113438993399993e-05,2.3989129152006225e-05,1.7331188391526456e-05,6.6579407604797627e-06,-0,0,0,0.00040300530124922311,0,0.13514970550659133,0.0019940845843836597,0.068571895045487483,0.066577810461103837,0,0,0,0,0,0,0,0,0,False,1,102076.11095344994,team09-risk-none,0,1,0.00125765054763749,0.028862564191915702,
2020-09-18T08:00:00Z,-0.00062781788007173665,-0.00052267323375100648,-0.00010514464632073019,2.7642393525587744e-05,2.0265417299753821e-05,7.376976225833928e-06,-0,0,0,-0.00060017548654614885,0,0.13567539733481007,0.0023844163626467949,0.069029906848728423,0.066645490486081635,0,0,0,0,0,0,0,0,0,False,1,102014.84737389372,team09-risk-none,0,1,0.00085150203351058718,0.028668159997703377,
2020-09-18T16:00:00Z,0.00034065463148051081,2.375028040348381e-05,0.000316904351077027,1.2204155821287619e-05,2.9022957838750018e-06,9.301860037412619e-06,-0,0,0,0.00035285878730179841,0,0.13533885223527262,0.0017484589350857602,0.068543655585179178,0.066795196650093425,0,0,0,0,0,0,0,0,0,False,1,102050.84420922484,team09-risk-none,0,1,0.0014665818775421169,0.028708948527766738,
2020-09-19T00:00:00Z,-8.8020969174187763e-05,-0.0012583481434064853,0.0011703271742322975,1.5112888798022961e-05,7.1015466449838109e-06,8.0113421530391505e-06,-0,0,0,-7.290808037616479e-05,0,0.13495793561130234,0.0020709204051939031,0.068514428008248141,0.06644350760305423,0,0,0,0,0,0,0,0,0,False,1,102043.40387807279,team09-risk-none,0,1,0.0011113351300534591,0.028600914626785261,
2020-09-19T08:00:00Z,0.00016517356028919008,0.0012726843920518793,-0.001107510831762689,3.4404337149603481e-05,2.7199097478545779e-05,7.2052396710577106e-06,-0,0,0,0.00019957789743879357,0,0.13261332659966527,0.0019881825135636792,0.067300754556614467,0.065312572043050798,0,0,0,0,0,0,0,0,0,False,1,102063.76948606627,team09-risk-none,0,1,0.0011648938721704472,0.028154873076823534,
2020-09-19T16:00:00Z,-0.00090058097654998313,-0.00053691156129205564,-0.00036366941525792749,3.4043564290526929e-05,2.7404984386207724e-05,6.6385799043192114e-06,-0,0,0,-0.0008665374122594563,0,0.13493289591322311,0.0021658176914019951,0.068549356802312555,0.06638353911091055,0,0,0,0,0,0,0,0,0,False,1,101975.32741137037,team09-risk-none,0,1,0.00096590887391700964,0.028126871361878681,
2020-09-20T00:00:00Z,0.00057543806892615802,0.00022396844108489789,0.00035146962784126008,5.0643373899480397e-05,3.706504957499544e-05,1.3578324324484955e-05,-0,2.4490532855533668e-05,1.2245266427766834e-05,0.00058934564354233793,0.024490532855533667,0.13387991793673248,0,0.066939958968366242,0.066939958968366242,2497.430106421969,0,0,0,0,0,0,0,0,False,1,102035.42612632907,team09-risk-none,0,1,0.0018150404488195271,0.027412514645551975,
2020-09-20T08:00:00Z,-0.00039914809736696561,-0.0021641412432642417,0.0017649931458972765,1.6430668504622739e-05,1.0778913927498744e-05,5.6517545771239952e-06,-0,0,0,-0.00038271742886234286,0,0.13368957123369266,0.00056437604200268096,0.06712697363784767,0.066562597595844986,0,0,0,0,0,0,0,0,0,False,1,101996.37539038912,team09-risk-none,0,1,0.001260933495487504,0.026655919829934854,
2020-09-20T16:00:00Z,-0.0004307049667685706,-0.00046241693131296815,3.1711964544397622e-05,3.3974457273229837e-05,2.8579538160645413e-05,5.3949191125844261e-06,-0,0,0,-0.00039673050949534081,0,0.12978616205045712,0.00016070410667009746,0.064973433078563625,0.064812728971893524,0,0,0,0,0,0,0,0,0,False,1,101955.91031641381,team09-risk-none,0,1,0.0016256536695320456,0.026636362112532504,
2020-09-21T00:00:00Z,0.00037442762535250571,-1.2696872335166265e-05,0.00038712449768767197,2.8779276638577151e-05,2.3453593925638573e-05,5.3256827129385833e-06,-0,0,0,0.00040320690199108293,0,0.12930272498119968,-0.00027909631688034786,0.064511814332159662,0.064790910649040009,0,0,0,0,0,0,0,0,0,False,1,101997.01964315216,team09-risk-none,0,1,0.0020269237338123025,0.024772489930884791,
2020-09-21T08:00:00Z,-0.0002822822766330715,-0.0055441037870947148,0.0052618215104616433,1.742430808667452e-05,1.2434906719461855e-05,4.9894013672126667e-06,-0,0,0,-0.00026485796854639696,0,0.12891707445586095,0.00010224142705409292,0.064509657941457521,0.064407416514403432,0,0,0,0,0,0,0,0,0,False,1,101970.00491973168,team09-risk-none,0,1,0.0016358702972314454,0.024774124551275919,
2020-09-21T16:00:00Z,1.0666014077666137e-05,0.0004228619165390452,-0.00041219590246137908,4.1978220027804336e-05,3.6724425285488523e-05,5.2537947423158164e-06,-0,0,0,5.2644234105470475e-05,0,0.11816737822170009,-0.00021638786040573815,0.058975495180647181,0.059191883041052912,0,0,0,0,0,0,0,0,0,False,1,101975.37305254242,team09-risk-none,0,1,0.0018757881672433196,0.024579114709844377,
2020-09-22T00:00:00Z,-0.001240295787577256,-0.001505051621689638,0.00026475583411238212,6.7081479105839613e-05,6.9302420050900931e-05,-2.2209409450613281e-06,-0,0,0,-0.0011732143084714165,0,0.11890778754537014,-0.00018270200373269457,0.059362542770818726,0.05954524477455142,0,0,0,0,0,0,0,0,0,False,1,101855.73408576546,team09-risk-none,0,1,0.0017981862446493357,0.024554934547021793,
2020-09-22T08:00:00Z,-0.00030642133686518725,0.0014731136645136161,-0.0017795350013788034,3.5679416156089862e-05,3.0136346844379563e-05,5.543069311710302e-06,-0,0,0,-0.00027074192070909736,0,0.11732201165577716,-0.0013865061920112463,0.057967752731882947,0.059354258923894197,0,0,0,0,0,0,0,0,0,False,1,101828.15746868384,team09-risk-none,0,1,0.0030005976162782444,0.024703526456339036,
2020-09-22T16:00:00Z,0.0007805768499560366,0.0010278348377921536,-0.00024725798783611707,3.6136206047791494e-05,3.002271866139379e-05,6.1134873863977055e-06,-0,0,0,0.00081671305600382815,0,0.12056792897395557,-0.0016974005488583944,0.059435264212548591,0.061132664761406989,0,0,0,0,0,0,0,0,0,False,1,101911.32185435733,team09-risk-none,0,1,0.0032700718697216136,0.024723159156086045,
2020-09-23T00:00:00Z,-0.00054829009602228463,-0.0018007879106048579,0.001252497814582573,4.7155664288648108e-05,4.4895538557781456e-05,2.2601257308666669e-06,-0,5.7795546199731594e-05,2.8897773099865797e-05,-0.00058782775103323394,0.057795546199731589,0.1375127325614067,-3.4694469519536142e-18,0.068756366280703349,0.068756366280703363,5890.0205105092246,0,0,0,0,0,0,0,0,False,1,101851.41555122686,team09-risk-none,0,1,0.0024450375271909408,0.024813893291139876,
2020-09-23T08:00:00Z,0.0010373786070041354,0.00098525232228273939,5.2126284721396052e-05,-7.0672122287528155e-06,1.2448829794059054e-05,-1.9516042022811863e-05,-0,0,0,0.0010303113947753826,0,0.13452533214275195,-0.00056787842431015728,0.066978726859220891,0.067546605283531042,0,0,0,0,0,0,0,0,0,False,1,101956.3542252433,team09-risk-none,0,1,0.0030854839720392269,0.024900734912483038,
2020-09-23T16:00:00Z,-0.00054979844965653119,-0.0031407200949676848,0.0025909216453111538,3.7813578312680145e-05,3.0332061594846953e-05,7.4815167178331931e-06,-0,0,0,-0.00051198487134385107,0,0.13532855302112634,0.00047253359549400548,0.067900543308310163,0.067428009712816164,0,0,0,0,0,0,0,0,0,False,1,101904.1541143426,team09-risk-none,0,1,0.0020135628599321498,0.025068775559596652,
2020-09-24T00:00:00Z,0.00091176206123616923,0.0024884753375214665,-0.0015767132762852971,1.6674209569635703e-05,2.5622307106308025e-05,-8.9480975366723183e-06,-0,0,0,0.0009284362708058049,0,0.12959767026711844,-4.9840396974309975e-05,0.064773914935072077,0.064823755332046387,0,0,0,0,0,0,0,0,0,False,1,101998.76562716813,team09-risk-none,0,1,0.0025456020222982545,0.025147121510987039,
2020-09-24T08:00:00Z,0.0011486180511232679,0.0026409669636482448,-0.0014923489125249767,1.0624622227111932e-05,1.2752807936854391e-05,-2.1281857097424574e-06,-0,0,0,0.0011592426733503798,0,0.13361132468606665,0.00083897037605000849,0.067225147531058321,0.066386177155008316,0,0,0,0,0,0,0,0,0,False,1,102117.00694891221,team09-risk-none,0,1,0.0016255688698932902,0.025302600955282639,
2020-09-24T16:00:00Z,0.0011573452778859373,0.0019062297887393041,-0.00074888451085336678,2.5561511763686297e-05,2.1016311346242275e-05,4.5452004174440209e-06,-0,0,0,0.0011829067896496235,0,0.13759963545880721,0.0020221127980647909,0.069810874128436007,0.067788761330371206,0,0,0,0,0,0,0,0,0,False,1,102237.80184977078,team09-risk-none,0,1,0.00045328088804197364,0.025512197222416197,
2020-09-25T00:00:00Z,0.00027896983573196221,0.0003889836070130572,-0.00011001377128109516,2.1015559495369727e-05,1.5496605327825736e-05,5.5189541675439911e-06,-0,0,0,0.00029998539522733194,0,0.14008597663616851,0.0031301978117424661,0.07160808722395548,0.068477889412213014,0,0,0,0,0,0,0,0,0,False,1,102268.47169716586,team09-risk-none,0,1,0,0.025783007302502773,
2020-09-25T08:00:00Z,-0.00084577506428553718,0.00111866857532903,-0.0019644436396145672,5.0323060687542095e-05,4.1213400975870535e-05,9.1096597116715576e-06,-0,0,0,-0.00079545200359799515,0,0.14055279373960955,0.0034362238276869767,0.07199450878364827,0.068558284955961279,0,0,0,0,0,0,0,0,0,False,1,102187.12203644945,team09-risk-none,0,1,0,0.025728743357067829,
2020-09-25T16:00:00Z,-0.000296122399903152,0.00031928791871387941,-0.00061541031861703135,2.7220942806000842e-05,1.2612282049995571e-05,1.4608660756005269e-05,-0,0,0,-0.00026890145709715114,0,0.14368982826551679,0.0025704073264932251,0.073130117796005006,0.070559710469511788,0,0,0,0,0,0,0,0,0,False,1,102159.64377043728,team09-risk-none,0,1,0.00081853458326741624,0.025910972567049086,
2020-09-26T00:00:00Z,0.0002535603897077273,0.0003334534197359405,-7.9893030028213195e-05,1.7086178278787937e-05,9.5921650382247067e-06,7.4940132405632315e-06,-0,4.8141410487490799e-05,2.4070705243745399e-05,0.00019843445225527903,0.048141410487490807,0.13216579380853097,-1.3877787807814457e-17,0.066082896904265498,0.066082896904265498,4918.1093460084539,0,0,0,0,0,0,0,0,False,1,102179.91576339146,team09-risk-none,0,1,0.0010973394055018293,0.02585679901322363,
2020-09-26T08:00:00Z,-0.00056885131205485005,0.00050204748587424929,-0.0010708987979290996,2.9388859156052414e-05,1.3113027680163079e-05,1.6275831475889333e-05,-0,0,0,-0.00053946245289879767,0,0.13261604899028218,0.00020876327504944572,0.066412406132665802,0.06620364285761636,0,0,0,0,0,0,0,0,0,False,1,102124.79353539675,team09-risk-none,0,1,0.00088683129394617755,0.025551427364826049,
2020-09-26T16:00:00Z,0.00010092305465571922,3.9850335441797575e-05,6.1072719213921655e-05,3.3933368818291326e-05,2.1673809989435812e-05,1.2259558828855519e-05,-0,0,0,0.00013485642347401054,0,0.13424631347826094,-0.00031970075000149756,0.066963306364129727,0.06728300711413121,0,0,0,0,0,0,0,0,0,False,1,102138.56571980096,team09-risk-none,0,1,0.0014212774379925852,0.025390107345848061,
2020-09-27T00:00:00Z,1.3462336808001994e-05,-0.0004320867716952571,0.00044554910850325917,2.2152202505005339e-05,7.4820590730011892e-06,1.4670143432004145e-05,-0,0,0,3.5614539313007334e-05,0,0.13425623971544676,-0.00023172193584000689,0.067012258889803389,0.067243980825643396,0,0,0,0,0,0,0,0,0,False,1,102142.20333776515,team09-risk-none,0,1,0.0012983782921791587,0.025370686811010193,
2020-09-27T08:00:00Z,0.0017716815585006051,0.00164288885690106,0.00012879270159954511,4.3069879430735561e-05,3.4619445156696344e-05,8.4504342740392168e-06,-0,0,0,0.0018147514379313406,0,0.13335646276555024,-0.00021778021032557715,0.066569341277612326,0.066787121487937917,0,0,0,0,0,0,0,0,0,False,1,102327.56604814583,team09-risk-none,0,1,0.0012419191949140096,0.025367477593919864,
2020-09-27T16:00:00Z,-0.00032123477519873815,0.00030098858988136584,-0.00062222336508010404,5.4445052538108139e-05,6.4083888092973852e-05,-9.6388355548657142e-06,-0,0,0,-0.00026678972266062998,0,0.13450589839945498,0.0015281418877570591,0.068017020143606027,0.066488878255848982,0,0,0,0,0,0,0,0,0,False,1,102300.26610517931,team09-risk-none,0,1,0,0.025994706721983413,
2020-09-28T00:00:00Z,-0.0015563592719549163,-0.00098128934308156705,-0.000575069928873349,2.9685117183346137e-05,2.2232828136730543e-05,7.4522890466155914e-06,-0,0,0,-0.0015266741547715701,0,0.13556037590595882,0.0012570267715849744,0.068408701338771888,0.067151674567186931,0,0,0,0,0,0,0,0,0,False,1,102144.08693289028,team09-risk-none,0,1,0.00029154170469614105,0.025954300233244222,
2020-09-28T08:00:00Z,-0.00072894373503689671,0.0010072561186602431,-0.00173619985369714,2.665775709645544e-05,1.9873398062924017e-05,6.7843590335314214e-06,-0,0,0,-0.00070228597794044138,0,0.13536407511316495,-0.00031948853798168322,0.067522293287591628,0.067841781825573308,0,0,0,0,0,0,0,0,0,False,1,102072.35257290778,team09-risk-none,0,1,0.0018207925376207967,0.02653586337020513,
2020-09-28T16:00:00Z,0.00099183799996208728,-0.0011225802118781762,0.0021144182118402635,3.5686856568716635e-05,2.9206488562395182e-05,6.4803680063214406e-06,-0,0,0,0.0010275248565308039,0,0.13814982339668863,-0.0010361237125754291,0.068556849842056594,0.069592973554632023,0,0,0,0,0,0,0,0,0,False,1,102177.23445234101,team09-risk-none,0,1,0.0025127937086845131,0.02664683605685321,
2020-09-29T00:00:00Z,0.00070558293491367746,0.00084250843734686332,-0.00013692550243318599,4.7691023774065915e-05,4.3331091193830247e-05,4.359932580235667e-06,-0,5.2831787631124665e-05,2.6415893815562332e-05,0.00067402627724105627,0.052831787631124665,0.13110746592898001,0,0.065553732964490005,0.065553732964490005,5398.2059513217146,0,0,0,0,0,0,0,0,False,1,102246.10459329771,team09-risk-none,0,1,0.0014758649310915306,0.0267113591932912,
2020-09-29T08:00:00Z,0.00057390498707173714,-0.00044777569454318558,0.0010216806816149226,4.2473663702291142e-05,3.167632545682049e-05,1.0797338245470656e-05,-0,0,0,0.00061637865077402831,0,0.13201999871710624,0.00068009118152034635,0.066350044949313292,0.065669953767792943,0,0,0,0,0,0,0,0,0,False,1,102309.12690929383,team09-risk-none,0,1,0.0008080463483868261,0.026780416651154233,
2020-09-29T16:00:00Z,-0.00023160125908182981,0.0013786000995828335,-0.0016102013586646634,4.7544985473917691e-05,3.903646679317439e-05,8.5085186807432959e-06,-0,0,0,-0.00018405627360791214,0,0.13047993824955664,0.0012504518756592982,0.065865195062607962,0.064614743186948667,0,0,0,0,0,0,0,0,0,False,1,102290.29627263882,team09-risk-none,0,1,0.00018709562824070769,0.026750308082441498,
2020-09-30T00:00:00Z,-0.00024432758776694012,-0.0014190379505000801,0.0011747103627331398,7.5730492841883943e-05,4.3564082991977147e-05,3.2166409849906797e-05,-0,0,0,-0.00016859709492505622,0,0.13343421653667759,0.0010458309232308869,0.067240023729954246,0.066194192806723354,0,0,0,0,0,0,0,0,0,False,1,102273.05042584823,team09-risk-none,0,1,0.00034294375800902888,0.026762410000747881,
2020-09-30T08:00:00Z,-0.00056147390407356053,0.00053079366162530977,-0.0010922675656988702,4.1801259486702126e-05,3.5103776531111019e-05,6.697482955591112e-06,-0,0,0,-0.00051967264458685849,0,0.13088191958817802,0.00081029499496643349,0.065846107291572212,0.06503581229660578,0,0,0,0,0,0,0,0,0,False,1,102219.90191926346,team09-risk-none,0,1,0.00054539234477213316,0.026769189826208593,
2020-09-30T16:00:00Z,0.00033267690546544553,0.00075208760995969747,-0.00041941070449425189,5.5163913749035062e-05,4.4699159395686584e-05,1.046475435334848e-05,-0,0,0,0.00038784081921448062,0,0.13256388389142107,0.00025208711497199179,0.066407985503196529,0.06615589838822454,0,0,0,0,0,0,0,0,0,False,1,102259.54696976385,team09-risk-none,0,1,0.0010514336958800108,0.026446496578967322,
2020-10-01T00:00:00Z,-0.00084348394870437614,0.00091183693511002692,-0.0017553208838144028,4.7814844066542992e-05,3.8665781250451257e-05,9.1490628160917396e-06,-0,0,0,-0.00079566910463783305,0,0.13367660612001797,0.00060646697669348992,0.067141536548355737,0.066535069571662248,0,0,0,0,0,0,0,0,0,False,1,102178.18220758575,team09-risk-none,0,1,0.00067134445035488266,0.026464608670828952,
2020-10-01T08:00:00Z,-0.0010188662612559934,-0.0022992916214322006,0.001280425360176207,3.3432823370837983e-05,2.6596318973687775e-05,6.8365043971502097e-06,-0,0,0,-0.0009854334378851554,0,0.13643634748367617,-0.00024438268722980216,0.06809598239822319,0.068340365085452992,0,0,0,0,0,0,0,0,0,False,1,102077.49241021607,team09-risk-none,0,1,0.0014808396300810545,0.026592687473678937,
2020-10-01T16:00:00Z,0.001196555277136846,-0.00059633499884744921,0.001792890275984295,5.3171874859031054e-05,4.6447150226467446e-05,6.7247246325636019e-06,-0,0,0,0.001249727151995877,0,0.13313433102512162,-0.0013530106820470386,0.065890660171537302,0.067243670853584347,0,0,0,0,0,0,0,0,0,False,1,102205.06142408877,team09-risk-none,0,1,0.0024451240589605794,0.0265739246642239,
2020-10-02T00:00:00Z,1.5667736149558118e-05,-0.0024066145279364732,0.0024222822640860312,5.959341518120615e-05,5.099038472633646e-05,8.6030304548696904e-06,-0,5.5824605089804874e-05,2.7912302544902437e-05,-8.475756303943049e-06,0.055824605089804878,0.13576970159082177,-1.0408340855860843e-17,0.067884850795410873,0.067884850795410873,5705.5571921790061,0,0,0,0,0,0,0,0,False,1,102204.19515889511,team09-risk-none,0,1,0.0011920391414989018,0.026859976985141407,
2020-10-02T08:00:00Z,-1.9988319471705126e-06,-0.0008296248868171869,0.00082762605487001644,3.8776866751799595e-05,3.2232712062162135e-05,6.5441546896374637e-06,-0,0,0,3.6778034804629081e-05,0,0.13092047119997358,4.2452446718244108e-05,0.06548146182334591,0.065439009376627666,0,0,0,0,0,0,0,0,0,False,1,102207.95402834183,team09-risk-none,0,1,0.0012212951134668026,0.026802915877084801,
2020-10-02T16:00:00Z,0.00027966828387899627,0.001142872356648852,-0.0008632040727698558,3.8483009187604024e-05,3.0737130601908547e-05,7.7458785856954813e-06,-0,0,0,0.00031815129306660031,0,0.12929668182248413,-1.135450291602641e-05,0.06464266365978405,0.064654018162700083,0,0,0,0,0,0,0,0,0,False,1,102240.47162107764,team09-risk-none,0,1,0.0011848554935870448,0.026710052851108595,
2020-10-03T00:00:00Z,0.00024662977053460942,0.000113483930302324,0.00013314584023228543,4.225737340980782e-05,2.6798324249109984e-05,1.5459049160697833e-05,-0,0,0,0.00028888714394441725,0,0.13120575439184079,0.00028861347214010659,0.065747183931990444,0.065458570459850346,0,0,0,0,0,0,0,0,0,False,1,102270.00757891979,team09-risk-none,0,1,0.00086331021740315705,0.026712797560694498,
2020-10-03T08:00:00Z,0.00035738581834654769,0.00080762776155198976,-0.00045024194320544201,5.9145971814370862e-05,5.2613354910025122e-05,6.5326169043457362e-06,-0,0,0,0.00041653179016091851,0,0.1311660489498335,0.00052143796539776653,0.065843743457615622,0.065322305492217861,0,0,0,0,0,0,0,0,0,False,1,102312.6062882564,team09-risk-none,0,1,0.0005577942929174684,0.026695201865475804,
2020-10-03T16:00:00Z,0.00084815246689441692,0.00012645401840271831,0.00072169844849169864,8.0104515714966829e-05,7.3531829419943979e-05,6.5726862950228476e-06,-0,0,0,0.00092825698260938375,0,0.1323379591548583,0.00089476244801760252,0.066616360801437957,0.065721598353420355,0,0,0,0,0,0,0,0,0,False,1,102407.57867945243,team09-risk-none,0,1,0.00012054050280185802,0.026609649100107456,
2020-10-04T00:00:00Z,0.00046608077312868212,0.00086175655434070266,-0.00039567578121202054,7.8433745201020641e-05,7.1262766348444091e-05,7.1709788525765579e-06,-0,0,0,0.00054451451832970279,0,0.13165351036918579,0.0017259155338851737,0.066689712951535501,0.064963797417650307,0,0,0,0,0,0,0,0,0,False,1,102463.34109283038,team09-risk-none,0,1,0,0.026653910761814992,
2020-10-04T08:00:00Z,-6.1326821526399956e-05,-0.00076161614998753228,0.00070028932846113241,7.8921816340318517e-05,7.2391997880127059e-05,6.5298184601914508e-06,-0,0,0,1.7594994813918564e-05,0,0.13282122134910565,0.0022351582345663621,0.067528189791836002,0.065293031557269648,0,0,0,0,0,0,0,0,0,False,1,102465.14393478552,team09-risk-none,0,1,0,0.026646869601318818,
2020-10-04T16:00:00Z,0.00077371100977250871,0.0015618378468234384,-0.00078812683705092965,5.9207328786119408e-05,5.4505612788043115e-05,4.7017159980762855e-06,-0,0,0,0.00083291833855862816,0,0.13139937274782626,0.0021309071538193249,0.066765139950822783,0.064634232797003449,0,0,0,0,0,0,0,0,0,False,1,102550.48903223185,team09-risk-none,0,1,2.1182838088051881e-06,0.026161724007845694,
2020-10-05T00:00:00Z,-0.00019269377410286484,-0.00065721162549231961,0.00046451785138945472,8.1124543528346806e-05,7.3175206074460911e-05,7.9493374538858979e-06,-0,0.00012465412850342728,6.2327064251713638e-05,-0.00029855042332965894,0.12465412850342729,0.12807255632790773,1.1275702593849246e-17,0.06403627816395388,0.064036278163953853,12783.34183791314,0,0,0,0,0,0,0,0,False,1,102519.87254031861,team09-risk-none,0.023913193142759956,1,0,0.026247413905666074,
2020-10-05T08:00:00Z,0.00026697855736986171,0.00069015000883192927,-0.00042317145146206756,4.5097986209273011e-05,4.2943591671669441e-05,2.1543945376035699e-06,-0,0,0,0.00031207654357913472,0,0.12691090756586881,-0.00016634127926925309,0.06337228314329979,0.063538624422569037,0,0,0,0,0,0,0,0,0,False,1,102551.86658778916,team09-risk-none,0,1,0.000334563303376334,0.026148916787368172,
2020-10-05T16:00:00Z,0.00058724281096413349,0.00053741191509027028,4.9830895873863248e-05,3.1803518162787404e-05,2.7422829796277666e-05,4.3806883665097357e-06,-0,0,0,0.00061904632912692086,0,0.12798848353328127,8.7562837577223086e-05,0.064038023185429241,0.063950460347852026,0,0,0,0,0,0,0,0,0,False,1,102615.35094434545,team09-risk-none,0,1,3.5884737352276375e-05,0.024971679162784303,
2020-10-06T00:00:00Z,4.837888854821173e-05,-0.0011215032661228467,0.0011698821546710584,3.8692186759215902e-05,3.2305285586181266e-05,6.3869011730346349e-06,-0,0,0,8.7071075307427632e-05,0,0.12841205749249246,0.0006789763040324576,0.064545516898262462,0.063866540594230012,0,0,0,0,0,0,0,0,0,False,1,102624.28577329523,team09-risk-none,0,1,0,0.024341352567651145,
2020-10-06T08:00:00Z,-0.0022952811619823786,0.00012567265641832653,-0.0024209538184007053,4.7363485182587181e-05,4.8255431591444283e-05,-8.919464088571123e-07,-0,0,0,-0.0022479176767997914,0,0.12623277667131585,0.00072461495047531407,0.063478695810895588,0.06275408086042028,0,0,0,0,0,0,0,0,0,False,1,102393.59482723648,team09-risk-none,0,1,0,0.024332881047802759,
2020-10-06T16:00:00Z,8.6343914189506481e-05,-0.0027624570733368959,0.0028488009875264021,2.9856495619596531e-05,1.9070923956202863e-05,1.0785571663393661e-05,-0,0,0,0.00011620040980910301,0,0.12900115638973705,-0.0015575268573913637,0.063721814766172835,0.065279341623564205,0,0,0,0,0,0,0,0,0,False,1,102405.49300491723,team09-risk-none,0,1,0.0022653844848025129,0.025338592732976544,
2020-10-07T00:00:00Z,0.00016262285708248258,0.00032556063300796491,-0.00016293777592548233,1.7309977439750699e-05,1.8151449880560935e-05,-8.4147244081023613e-07,-0,0,0,0.0001799328345222333,0,0.12334601444322765,-0.0014926544578597045,0.060926679992683988,0.062419334450543693,0,0,0,0,0,0,0,0,0,False,1,102423.91911554425,team09-risk-none,0,1,0.0021619664899203972,0.02501888773928199,
2020-10-07T08:00:00Z,0.00035026363797707613,0.00068517204951718989,-0.0003349084115401137,2.4846098879371324e-05,1.8768998463637786e-05,6.0771004157335417e-06,-0,0,0,0.00037510973685644748,0,0.12380181405435918,-0.0013157164086435138,0.061243048822857832,0.062558765231501348,0,0,0,0,0,0,0,0,0,False,1,102462.33932489149,team09-risk-none,0,1,0.0019749016126843211,0.024916228608229764,
2020-10-07T16:00:00Z,4.6265472208477769e-05,0.00037101017788524951,-0.0003247447056767717,4.8426526531559211e-05,4.0957243045192927e-05,7.4692834863662827e-06,-0,0,0,9.4691998740036967e-05,0,0.1248395953713706,-0.00098025677493871876,0.061929669298215931,0.062909926073154654,0,0,0,0,0,0,0,0,0,False,1,102472.04168859775,team09-risk-none,0,1,0.0015769905791742644,0.024883753398505591,
2020-10-08T00:00:00Z,-0.00038908725032546368,-0.0017063769132327706,0.0013172896629073064,2.8378118112938251e-05,1.7929053698461073e-05,1.0449064414477176e-05,-0,7.4648677970674969e-05,3.7324338985337485e-05,-0.00047268214916853786,0.074648677970674968,0.12984019608064781,2.6020852139652106e-18,0.06492009804032392,0.064920098040323893,7649.4024410097136,0,0,0,0,0,0,0,0,False,1,102423.60498370269,team09-risk-none,0,1,0.0015024656271331871,0.02488289899341874,
2020-10-08T08:00:00Z,-0.00051634869701897652,0.0020707893741169917,-0.0025871380711359683,3.8133437743909381e-05,2.8543130581427715e-05,9.590307162481666e-06,-0,0,0,-0.00047821525927506722,0,0.12685168221146984,-0.00041572162327458903,0.063217980294097628,0.063633701917372221,0,0,0,0,0,0,0,0,0,False,1,102374.62445288953,team09-risk-none,0,1,0.0019647018055418686,0.024887321423384887,
2020-10-08T16:00:00Z,0.00095811119650732874,0.00057633026000462613,0.00038178093650270261,1.1486534026578092e-05,4.8636200765964263e-06,6.6229139499816691e-06,-0,0,0,0.0009695977305339068,0,0.13152863290447989,-0.00092812462610104493,0.06530025413918944,0.066228378765290474,0,0,0,0,0,0,0,0,0,False,1,102473.88665642332,team09-risk-none,0,1,0.0024685583333931005,0.02494928014372156,
2020-10-09T00:00:00Z,9.0632853596605165e-05,-0.00019976967580678497,0.00029040252940339015,1.27754948459751e-05,6.4464314935348992e-06,6.3290633524401998e-06,-0,0,0,0.00010340834844258027,0,0.13163881798048183,3.40388915929489e-05,0.065836428436037375,0.065802389544444437,0,0,0,0,0,0,0,0,0,False,1,102484.48331180096,team09-risk-none,0,1,0.0015000671005676036,0.025123196368238159,
2020-10-09T08:00:00Z,-0.00021373282081157621,0.002340811010403618,-0.0025545438312151942,6.3802842781200971e-06,-1.7000027825150551e-07,6.5502845563716028e-06,-0,0,0,-0.00020735253653345612,0,0.13111983439901551,0.00011497911980198373,0.065617406759408747,0.065502427639606772,0,0,0,0,0,0,0,0,0,False,1,102463.23289423094,team09-risk-none,0,1,0.0014032000676484913,0.025018112445635669,
2020-10-09T16:00:00Z,-0.00021638136257546219,-0.00036907131349674181,0.00015268995092127964,1.4303856647751458e-05,7.5017858090647146e-06,6.8020708386867412e-06,-0,0,0,-0.00020207750592771075,0,0.13599292886222045,-4.6542022424408795e-05,0.06797319341989802,0.068019735442322427,0,0,0,0,0,0,0,0,0,False,1,102442.52737967839,team09-risk-none,0,1,0.0016023508842166745,0.025039680864436593,
2020-10-10T00:00:00Z,-0.00021813662557895324,0.0016008063390712441,-0.0018189429646501974,1.6921417424943646e-05,1.1541160459940082e-05,5.3802569650035605e-06,-0,0,0,-0.0002012152081540096,0,0.13558852789274281,-0.00032215534610593056,0.067633186273318449,0.067955341619424375,0,0,0,0,0,0,0,0,0,False,1,102421.91438520786,team09-risk-none,0,1,0.001801491790023424,0.024883517955754459,
2020-10-10T08:00:00Z,-2.0871257816477203e-05,-0.00014312573408156975,0.00012225447626509247,1.0278649964532454e-05,5.5188710900013254e-06,4.7597788745311286e-06,-0,0,0,-1.0592607851944747e-05,0,0.13900252369787625,-0.00053026256791252179,0.06923613056498186,0.069766393132894386,0,0,0,0,0,0,0,0,0,False,1,102420.82947003332,team09-risk-none,0,1,0.0020089738648052524,0.024905537536460007,
2020-10-10T16:00:00Z,0.0012262852256384098,0.0001012163459403365,0.0011250688796980732,-1.2227743758410369e-06,-3.0757681299782771e-06,1.8529937541372406e-06,-0,0,0,0.0012250624512625688,0,0.13875594656994836,-0.00054862706730755655,0.069103659751320393,0.069652286818627951,0,0,0,0,0,0,0,0,0,False,1,102546.30138244423,team09-risk-none,0,1,0.002031023271099941,0.02472537402578124,
2020-10-11T00:00:00Z,-0.00015376398648386173,0.00020563980062270583,-0.00035940378710656753,1.6493701177930628e-05,1.5477328726794366e-05,1.0163724511362627e-06,-0,3.0305569671442355e-05,1.5152784835721178e-05,-0.00018272863981309465,0.030305569671442354,0.13043027115297579,0,0.065215135576487893,0.065215135576487893,3107.724081094389,0,0,0,0,0,0,0,0,False,1,102527.56323627476,team09-risk-none,0,1,0.00079074677585089237,0.025031223343634907,
2020-10-11T08:00:00Z,0.00098004212958868243,0.001324485192171517,-0.00034444306258283463,1.5703747871134465e-05,9.1472758496318896e-06,6.5564720215025759e-06,-0,0,0,0.00099574587745981675,0,0.13099420133700188,-0.00013317990171567672,0.065430510717643081,0.065563690619358767,0,0,0,0,0,0,0,0,0,False,1,102629.65463469327,team09-risk-none,0,1,0.00097412009498576424,0.024977080964980948,
2020-10-11T16:00:00Z,-2.8666507888161266e-06,0.00012823741913624363,-0.00013110406992505977,2.1105609654366636e-06,4.0614224446041227e-07,1.7044187209762509e-06,-0,0,0,-7.5608982337946301e-07,0,0.13252868238165971,0.0008337097131182504,0.06668119604738898,0.065847486334270733,0,0,0,0,0,0,0,0,0,False,1,102629.57703745583,team09-risk-none,0,1,0,0.024634839240944756,
2020-10-12T00:00:00Z,0.00073868677510434389,0.00083634425947112789,-9.7657484366784153e-05,7.4145632970595128e-06,1.0569454637361611e-06,6.357617833323352e-06,-0,0,0,0.00074610133840140346,0,0.1328360525873149,0.0008549034852428708,0.066845478036278883,0.065990574551036005,0,0,0,0,0,0,0,0,0,False,1,102706.14910224306,team09-risk-none,0,1,0,0.02454049330754482,
2020-10-12T08:00:00Z,0.00030131701907031819,0.0012055689799286033,-0.0009042519608582852,2.9590569608768505e-06,-9.1436030604178584e-08,3.0504929914810291e-06,-0,0,0,0.00030427607603119504,0,0.13366199241893878,0.0015789209020520539,0.067620456660495418,0.066041535758443362,0,0,0,0,0,0,0,0,0,False,1,102737.40012627616,team09-risk-none,0,1,0,0.024543718572889114,
2020-10-12T16:00:00Z,-0.00038290353445748112,-0.00071067723824933112,0.00032777370379184989,1.148637082959689e-05,5.342010398203745e-06,6.1443604313931471e-06,-0,0,0,-0.00037141716362788422,0,0.13566583309121258,0.0018702771487530551,0.068768055119982824,0.066897777971229769,0,0,0,0,0,0,0,0,0,False,1,102699.24169252276,team09-risk-none,0,1,0,0.024554702045008068,
2020-10-13T00:00:00Z,2.3193253181564943e-07,0.00011322736879828406,-0.00011299543626646838,3.0299783984506833e-05,2.3680999617934899e-05,6.6187843665719373e-06,-0,0,0,3.053171651632248e-05,0,0.13474285723124568,0.0014985210037931733,0.068120689117519423,0.06662216811372626,0,0,0,0,0,0,0,0,0,False,1,102702.37727665655,team09-risk-none,0,1,0.00035261095411254217,0.024437870788758739,
2020-10-13T08:00:00Z,-0.00027565890637180044,-0.00054784879193830191,0.00027218988556650147,1.2160995782344623e-05,6.9751041036676556e-06,5.1858916786769668e-06,-0,0,0,-0.0002634979105894558,0,0.1349493837415584,0.0014690059921163342,0.06820919486683738,0.066740188874721038,0,0,0,0,0,0,0,0,0,False,1,102675.31541483158,team09-risk-none,0,1,0.00034022239988606984,0.024403968294330707,
2020-10-13T16:00:00Z,0.00023516549619000831,0.00024998699035269504,-1.4821494162686746e-05,1.9590241181888805e-05,1.4893863094286372e-05,4.6963780876024321e-06,-0,0,0,0.00025475573737189711,0,0.1341903376541661,0.0012491126149484725,0.06771972513455729,0.066470612519608813,0,0,0,0,0,0,0,0,0,False,1,102701.47254051997,team09-risk-none,0,1,0.00059620599199627922,0.024205324504474466,
2020-10-14T00:00:00Z,0.00010151278366153081,0.0001350336939826861,-3.3520910321155266e-05,3.3981636462439635e-05,3.101254656280901e-05,2.96908989963063e-06,-0,5.3257331299527405e-05,2.6628665649763703e-05,5.5608423174679326e-05,0.053257331299527408,0.12604215422249546,1.7347234759768071e-18,0.063021077111247728,0.063021077111247742,5469.6063480397888,0,0,0,0,0,0,0,0,False,1,102707.18360746566,team09-risk-none,0,1,0.00032721594420159761,0.023674083777575149,
2020-10-14T08:00:00Z,-0.00029985316017873447,-0.0015937986344790097,0.0012939454743002752,-3.2716920129846146e-06,-1.2972654961904037e-06,-1.9744265167942109e-06,-0,0,0,-0.00030312485219171909,0,0.12617311042415524,0.00010584370911859674,0.063139477066636918,0.063033633357518326,0,0,0,0,0,0,0,0,0,False,1,102676.05050761563,team09-risk-none,0,1,0.00030886766096083207,0.023664226486538879,
2020-10-14T16:00:00Z,0.00029349450255424707,0.00046032705294933666,-0.00016683255039508959,1.6126309256078382e-05,9.9465243731290342e-06,6.1797848829493466e-06,-0,0,0,0.00030962081181032543,0,0.12337927855211522,-0.00021442599657006071,0.061582426277772578,0.061796852274342638,0,0,0,0,0,0,0,0,0,False,1,102707.84114972728,team09-risk-none,0,1,0.00059251269260895967,0.023239057682508796,
2020-10-15T00:00:00Z,-0.00046240471580190562,-0.00026635078845864803,-0.00019605392734325762,1.4344569008872333e-05,9.0302494737084861e-06,5.3143195351638453e-06,-0,0,0,-0.00044806014679303331,0,0.12396106397482735,9.0238052926389263e-05,0.062025651013876873,0.061935412960950488,0,0,0,0,0,0,0,0,0,False,1,102661.82185934493,team09-risk-none,0,1,0.00028485654221566126,0.023242107401267264,
2020-10-15T08:00:00Z,-9.1550593143417252e-05,-0.00078368787629092256,0.00069213728314750534,1.666117484815998e-05,9.7966040489645789e-06,6.8645707991954062e-06,-0,0,0,-7.4889418295257258e-05,0,0.12390885110457577,-0.00036412665536893294,0.06177236222460341,0.062136488879972349,0,0,0,0,0,0,0,0,0,False,1,102654.13357522475,team09-risk-none,0,1,0.00073047418109473128,0.02231945904233941,
2020-10-15T16:00:00Z,0.00037644440250340298,0.0005169096173345734,-0.0001404652148311704,1.5792298863525308e-05,1.061439334536999e-05,5.177905518155317e-06,-0,0,0,0.00039223670136692826,0,0.12242449704597605,-0.00045024195159119439,0.060987127547192432,0.061437369498783631,0,0,0,0,0,0,0,0,0,False,1,102694.39829395998,team09-risk-none,0,1,0.0008061770564099513,0.022155056358137224,
2020-10-16T00:00:00Z,-0.00057466667924099021,-0.0020668852218107933,0.0014922185425698036,-3.2597482119834815e-06,6.4918390394446534e-06,-9.7515872514281383e-06,-0,0,0,-0.00057792642745297372,0,0.12300734030949903,-5.3355710511893834e-05,0.061476992299493563,0.06153034801000546,0,0,0,0,0,0,0,0,0,False,1,102635.04848723453,team09-risk-none,0,1,0.00043330042116607181,0.021991718748107993,
2020-10-16T08:00:00Z,-0.00048930809790322138,-0.00039313300399188109,-9.617509391134034e-05,2.0273754292107982e-05,2.0146291474334147e-05,1.2746281777383268e-07,-0,0,0,-0.00046903434361111337,0,0.11960734146565366,-0.00067899798036453497,0.05946417174264456,0.060143169723009093,0,0,0,0,0,0,0,0,0,False,1,102586.90912463581,team09-risk-none,0,1,0.00098746664553073238,0.021664713170348512,
2020-10-16T16:00:00Z,-0.00117855399161854,-0.00054024356108217935,-0.0006383104305363608,1.584307420877994e-05,2.4847364805333837e-05,-9.0042905965539042e-06,-0,0,0,-0.0011627109174097601,0,0.11933863442304067,-0.0011255685749450434,0.059106532924047821,0.060232101498992857,0,0,0,0,0,0,0,0,0,False,1,102467.63020541328,team09-risk-none,0,1,0.0014604619725235857,0.021648454953732705,
2020-10-17T00:00:00Z,-0.00083111076414261293,0.00013552253138537619,-0.00096663329552798918,2.1025136353993342e-05,2.0576466517502506e-05,4.4866983649083499e-07,-0,5.0261473290740176e-05,2.5130736645370088e-05,-0.00088547783772472983,0.050261473290740176,0.12528551487196593,-1.7347234759768071e-18,0.062642757435982965,0.062642757435982965,5150.1740587348213,0,0,0,0,0,0,0,0,False,1,102376.89738978221,team09-risk-none,0,1,0.002616306399236823,0.021948917632818778,
2020-10-17T08:00:00Z,-9.4439516482213234e-05,-0.00059097014430575074,0.00049653062782353764,9.3687245448651712e-06,1.7608322559402455e-05,-8.2395980145372853e-06,-0,0,0,-8.5070791937348053e-05,0,0.1264969258204281,-0.00085252433047766987,0.062822200744975215,0.063674725075452882,0,0,0,0,0,0,0,0,0,False,1,102368.18810604517,team09-risk-none,0,1,0.0035110829319876524,0.022176812132956952,
2020-10-17T16:00:00Z,-0.0003393480103918972,-6.3926228698977871e-05,-0.00027542178169291936,1.468374753931323e-05,2.4789870999135439e-05,-1.0106123459822211e-05,-0,0,0,-0.000324664262852584,0,0.12544021045938381,-0.00095727254824278657,0.06224146895557052,0.063198741503813299,0,0,0,0,0,0,0,0,0,False,1,102334.95281371416,team09-risk-none,0,1,0.003590559171992691,0.021938868935064818,
2020-10-18T00:00:00Z,0.0006306151264189703,0.0010524608748270024,-0.00042184574840803179,3.0713234087676762e-05,2.6064380286026258e-05,4.6488538016505138e-06,-0,0,0,0.00066132836050664709,0,0.12570690079368976,-0.001305420140886528,0.062200740326401632,0.063506160467288159,0,0,0,0,0,0,0,0,0,False,1,102402.62982028098,team09-risk-none,0,1,0.0038980911968337084,0.021866561220795503,
2020-10-18T08:00:00Z,0.00024742731758909444,0.00019596574820990266,5.1461569379191772e-05,1.09975393924532e-05,5.4179764540229181e-06,5.57956293843028e-06,-0,0,0,0.00025842485698154762,0,0.12705943358782812,-0.0006425581664723061,0.063208437710677912,0.063850995877150221,0,0,0,0,0,0,0,0,0,False,1,102429.09320524683,team09-risk-none,0,1,0.0032589919798765576,0.021938810069332432,
2020-10-18T16:00:00Z,0.0006560080621998693,0.0006860574312947535,-3.0049369094884227e-05,1.9792098116296259e-05,1.3408584217106708e-05,6.3835138991895521e-06,-0,0,0,0.00067580016031616567,0,0.1272165534049306,-0.00045119776620296953,0.063382677819363825,0.063833875585566774,0,0,0,0,0,0,0,0,0,False,1,102498.31480285597,team09-risk-none,0,1,0.0029926412612052422,0.02183680725238854,
2020-10-19T00:00:00Z,-0.00082918596161353389,-0.00097114989615043905,0.00014196393453690532,2.6684731627485409e-05,2.4167594787283171e-05,2.5171368402022391e-06,-0,0,0,-0.0008025012299860485,0,0.12784303022704374,0.00022658772968983665,0.064034808978366775,0.063808221248676938,0,0,0,0,0,0,0,0,0,False,1,102416.05977915517,team09-risk-none,0,1,0.0023119870139991505,0.021921667456709579,
2020-10-19T08:00:00Z,-0.00049039890100144323,0.0011951448454560298,-0.0016855437464574734,9.5163347279421684e-06,1.066668314444641e-05,-1.150348416504242e-06,-0,0,0,-0.00048088256627350104,0,0.12682596887304171,-0.00061671942415163911,0.06310462472444503,0.063721344148596662,0,0,0,0,0,0,0,0,0,False,1,102366.80968150095,team09-risk-none,0,1,0.0031297473728498781,0.022118351545295192,
2020-10-19T16:00:00Z,-0.00024225945167084576,-0.00096641795858688588,0.0007241585069160401,2.5075982078056769e-05,1.6715467863187681e-05,8.3605142148690845e-06,-0,0,0,-0.00021718346959278902,0,0.12972529549235878,-0.0010652459266396949,0.064330024782859541,0.065395270709499242,0,0,0,0,0,0,0,0,0,False,1,102344.57730260318,team09-risk-none,0,1,0.0035936215550704809,0.022185471421574017,
2020-10-20T00:00:00Z,0.00038390928802002166,-0.00098198858690664052,0.0013658978749266622,-6.1770467837819938e-06,-3.0681390692786392e-06,-3.1089077145033563e-06,-0,6.2159407707056035e-05,3.1079703853528018e-05,0.00028449312967565555,0.062159407707056032,0.12597611795454766,-2.6020852139652106e-18,0.062988058977273831,0.062988058977273845,6361.6783071588243,0,0,0,0,0,0,0,0,False,1,102373.69363170533,team09-risk-none,0,1,0.003841157722825228,0.021976111503617612,
2020-10-20T08:00:00Z,0.00038259757733365504,-0.00049984548720646566,0.00088244306454012065,-6.2746798893721859e-06,-1.673255809594784e-06,-4.6014240797774012e-06,-0,0,0,0.00037632289744428285,0,0.12364167934829549,0.00040082696604738961,0.062021253157171441,0.061620426191124053,0,0,0,0,0,0,0,0,0,False,1,102412.21919671488,team09-risk-none,0,1,0.0035578546624833729,0.021908038601937369,
2020-10-20T16:00:00Z,-0.00050193235464247562,-0.0015133814975135992,0.0010114491428711236,-2.5156125452941349e-07,1.1784214728476056e-05,-1.203577598300547e-05,-0,0,0,-0.00050218391589700506,0,0.12220875520203947,0.00079195760491392736,0.061500356403476703,0.060708398798562768,0,0,0,0,0,0,0,0,0,False,1,102360.78942744297,team09-risk-none,0,1,0.00317686668171413,0.021889101370917992,
2020-10-21T00:00:00Z,0.00018866781379394226,0.0018275151490530978,-0.0016388473352591556,4.1474602814686456e-05,3.5506224265181927e-05,5.9683785495045423e-06,-0,0,0,0.00023014241660862872,0,0.11965274633940567,0.00029012586658986022,0.059971436102997766,0.059681310236407908,0,0,0,0,0,0,0,0,0,False,1,102384.34698688777,team09-risk-none,0,1,0.0036358824978334203,0.0219183802563842,
2020-10-21T08:00:00Z,-0.00013174086236101407,0.0017849899089584264,-0.0019167307713194408,1.1951000207240042e-05,7.1927373694051063e-06,4.7582628378349361e-06,-0,0,0,-0.00011978986215377405,0,0.12314694251807719,0.00040378919197815721,0.061775365855027672,0.061371576663049515,0,0,0,0,0,0,0,0,0,False,1,102372.0823800755,team09-risk-none,0,1,0.0034359986599378223,0.021891806255444353,
2020-10-21T16:00:00Z,-3.3359415077008907e-05,-0.00080754055311531953,0.00077418113803831058,7.4436861760649423e-06,-7.3950405209083397e-07,8.1831902281557791e-06,-0,0,0,-2.5915728900943965e-05,0,0.12683204122609421,0.00032124727953830503,0.063576644252816256,0.063255396973277964,0,0,0,0,0,0,0,0,0,False,1,102369.42933294151,team09-risk-none,0,1,0.0035598681594418702,0.02187260082795326,
2020-10-22T00:00:00Z,0.00012749668293871188,0.0015807372919194812,-0.0014532406089807696,1.1261172036425854e-05,-3.4237547683756637e-06,1.4684926804801516e-05,-0,0,0,0.00013875785497513771,0,0.12530680154197926,0.00028529300244618718,0.062796047272212718,0.06251075426976653,0,0,0,0,0,0,0,0,0,False,1,102383.63389537077,team09-risk-none,0,1,0.0035818878625456518,0.021873932779356304,
2020-10-22T08:00:00Z,0.00050651382395064718,0.0013745156265512241,-0.00086800180260057657,1.3778678152637994e-05,-1.5855304077407426e-07,1.3937231193412068e-05,-0,0,0,0.00052029250210328516,0,0.12830445826161141,0.00040355296691320895,0.064354005614262313,0.06395045264734911,0,0,0,0,0,0,0,0,0,False,1,102436.90333242463,team09-risk-none,0,1,0.0034411182141350638,0.021450998041505829,
2020-10-22T16:00:00Z,-0.00012494083458477058,-0.00019928699050244912,7.4346155917678544e-05,1.1394479946329451e-05,-2.0216626546658135e-06,1.3416142600995263e-05,-0,0,0,-0.00011354635463844112,0,0.13039282027865409,0.00096673655717097792,0.065679778417912546,0.06471304186074156,0,0,0,0,0,0,0,0,0,False,1,102425.27199547079,team09-risk-none,0,1,0.0029249932973930415,0.021479441383976991,
2020-10-23T00:00:00Z,0.00016411609431907058,-0.00032855042098311901,0.00049266651530218959,2.5896387900843164e-05,1.0269428788644776e-05,1.562695911219839e-05,-0,8.0356015830402474e-05,4.0178007915201237e-05,6.9478458474310032e-05,0.080356015830402486,0.12956331375154945,0,0.064781656875774724,0.064781656875774724,8230.4867779013312,0,0,0,0,0,0,0,0,False,1,102432.38834547784,team09-risk-none,0,1,0.0030237498462943879,0.021324186071203313,
2020-10-23T08:00:00Z,-0.00026522267584296982,-0.00055021544211375799,0.00028499276627078811,6.9605907293528507e-06,-9.5106211839470238e-06,1.6471211913299871e-05,-0,0,0,-0.00025826208511361699,0,0.12866057572627884,0.00019243326994079161,0.064426504498109827,0.064234071228169015,0,0,0,0,0,0,0,0,0,False,1,102405.93394328057,team09-risk-none,0,1,0.0029733608361004471,0.021202889756349569,
2020-10-23T16:00:00Z,0.00038718597919307711,0.00041916267951066144,-3.1976700317584292e-05,5.5937385879883128e-06,-7.2435734586884739e-06,1.2837312046676785e-05,-0,0,0,0.00039277971778106543,0,0.12797277047576941,-7.9443756453482541e-05,0.063946663359657957,0.064026107116111453,0,0,0,0,0,0,0,0,0,False,1,102446.15691711393,team09-risk-none,0,1,0.0032322174414016747,0.020954856818460023,
2020-10-24T00:00:00Z,0.00010054429411001544,-0.00012511114775464501,0.00022565544186466043,-1.1261588879423197e-06,-9.3848945591332273e-06,8.2587356711909082e-06,-0,0,0,9.9418135222073111e-05,0,0.12832384398798383,0.00028740136147784642,0.064305622674730833,0.064018221313252993,0,0,0,0,0,0,0,0,0,False,1,102456.3419229953,team09-risk-none,0,1,0.0028474080438070093,0.020894361403007187,
2020-10-24T08:00:00Z,0.0011503176887481998,0.0016274377528480938,-0.00047712006409989362,-3.5217267622920205e-08,-7.9006266101954537e-06,7.8654093425725319e-06,-0,0,0,0.0011502824714805769,0,0.12796458332807548,0.00039031713833467038,0.064177450233205077,0.063787133094870413,0,0,0,0,0,0,0,0,0,False,1,102574.19565720134,team09-risk-none,0,1,0.0027471850479425797,0.020668889028029797,
2020-10-24T16:00:00Z,0.00035891942461460235,0.0005256682342866931,-0.00016674880967209075,1.444265114364842e-05,3.2733028301706674e-06,1.1169348313477756e-05,-0,0,0,0.00037336207575825077,0,0.12991341328297806,0.0015309892772198269,0.065722201280098938,0.064191212002879111,0,0,0,0,0,0,0,0,0,False,1,102612.49297181115,team09-risk-none,0,1,0.0015856079118442556,0.020662995118784975,
2020-10-25T00:00:00Z,0.00013731149070280639,-0.00059738975096443683,0.00073470124166724311,1.6066610951586521e-07,-1.6011197641254474e-05,1.6171863750770335e-05,-0,0,0,0.00013747215681232227,0,0.13055773530868298,0.0019213000006474057,0.066239517654665181,0.064318217654017781,0,0,0,0,0,0,0,0,0,False,1,102626.59933253587,team09-risk-none,0,1,0.0012271022992328406,0.020306691939160872,
2020-10-25T08:00:00Z,4.7453464292527169e-05,-0.00057850965317300445,0.00062596311746553155,1.997722737228028e-05,9.5222931365117595e-06,1.0454934235768519e-05,-0,0,0,6.7430691664807443e-05,0,0.12919142029694911,0.0020686056545833843,0.065630012975766233,0.063561407321182858,0,0,0,0,0,0,0,0,0,False,1,102633.51951511207,team09-risk-none,0,1,0.0010700038728033157,0.020289079295790963,
2020-10-25T16:00:00Z,-8.7124137233694231e-05,0.00012579741429395716,-0.00021292155152765135,4.165599546468595e-05,1.3343026662958948e-05,2.8312968801726999e-05,-0,0,0,-4.5468141769008289e-05,0,0.12804442759089416,0.0020525880270198414,0.06504850780895699,0.062995919781937151,0,0,0,0,0,0,0,0,0,False,1,102628.85295969651,team09-risk-none,0,1,0.00098098873290175526,0.020074544624825604,
2020-10-26T00:00:00Z,0.00063248897261687143,0.00037086351930132327,0.00026162545331554827,5.4654491311880928e-06,-2.2978437489504893e-06,7.7632928801385817e-06,-0,5.1185282274897093e-05,2.5592641137448546e-05,0.00056117649833571398,0.05118528227489709,0.12804666685224164,-8.6736173798840355e-19,0.064023333426120835,0.064023333426120835,5253.0868082909737,0,0,0,0,0,0,0,0,False,1,102686.44586002865,team09-risk-none,0.0084259355326284785,1,0.0010625641649055773,0.020046172548089131,
2020-10-26T08:00:00Z,0.00052886574471563508,-0.0013079762611320554,0.0018368420058476904,8.6879795943917807e-06,2.255370646520798e-07,8.4624425297396996e-06,-0,0,0,0.00053755372431002685,0,0.12806067715291597,0.00061420979900142329,0.064337443475958683,0.063723233676957272,0,0,0,0,0,0,0,0,0,False,1,102741.64534143686,team09-risk-none,0,1,0.00049876305740614857,0.02011877368260916,
2020-10-26T16:00:00Z,0.00012153137047921843,0.00018249368605349547,-6.0962315574277047e-05,6.3489652722399135e-06,-8.6365950732313444e-07,7.2126247795630469e-06,-0,0,0,0.00012788033575145835,0,0.12487069059228879,0.0011403685880107088,0.063005529590149753,0.061865161002139048,0,0,0,0,0,0,0,0,0,False,1,102754.78397753878,team09-risk-none,0,1,0,0.020077852942680153,
2020-10-27T00:00:00Z,0.00019152314878003745,0.00081599107493178957,-0.00062446792615175205,-4.0563478453461106e-06,9.2176773505841845e-07,-4.9781155804045285e-06,-0,0,0,0.00018746680093469133,0,0.12511605741426024,0.0012701134533791257,0.063193085433819685,0.061922971980440562,0,0,0,0,0,0,0,0,0,False,1,102774.04708817179,team09-risk-none,0,1,0,0.020077578019477474,
2020-10-27T08:00:00Z,0.00094364930119927577,0.0011916654954903939,-0.00024801619429111834,1.3680736960105328e-05,6.6985451559850543e-06,6.9821918041202721e-06,-0,0,0,0.00095733003815938098,0,0.12649218857077782,0.0014706012076034884,0.063981394889190649,0.062510793681587171,0,0,0,0,0,0,0,0,0,False,1,102872.43577059251,team09-risk-none,0,1,0,0.020081642111214677,
2020-10-27T16:00:00Z,-8.0199760870140407e-05,-0.00073668576378870193,0.00065648600291856162,-3.0961688316611899e-06,-7.5724195006102014e-06,4.4762506689490098e-06,-0,0,0,-8.3295929701801595e-05,0,0.12779445445266752,0.0024128381754185023,0.065103646314043001,0.062690808138624501,0,0,0,0,0,0,0,0,0,False,1,102863.86691541431,team09-risk-none,0,1,0,0.019374680573963611,
2020-10-28T00:00:00Z,0.00042645978698766093,-0.0007098451075214083,0.0011363048945090691,5.4810156425368549e-06,-5.2984975098376312e-06,1.0779513152374484e-05,-0,0,0,0.00043194080263019778,0,0.12644556138648785,0.0023672370794964653,0.064406399232992156,0.062039162153495697,0,0,0,0,0,0,0,0,0,False,1,102908.2980166514,team09-risk-none,0,1,7.4719433117875766e-05,0.019347250266584293,
2020-10-28T08:00:00Z,-0.00049750841403001223,-0.0014589453266229801,0.00096143691259296775,3.3480098997747412e-06,-4.7069420636206918e-06,8.0549519633954325e-06,-0,0,0,-0.00049416040413023752,0,0.12449697358882686,0.0027870872415648642,0.063642030415195866,0.060854943173630993,0,0,0,0,0,0,0,0,0,False,1,102857.44481051514,team09-risk-none,0,1,0,0.018559657728429584,
2020-10-28T16:00:00Z,0.00026886552115024115,-0.00029382607381947491,0.00056269159496971611,2.2418014346452267e-06,-2.9289600802402981e-08,2.2710910354476293e-06,-0,0,0,0.00027110732258488641,0,0.12221553379729548,0.0022402646296911131,0.062227899213493296,0.059987634583802185,0,0,0,0,0,0,0,0,0,False,1,102885.33021698565,team09-risk-none,0,1,0.00049526606224925551,0.018465273767763402,
2020-10-29T00:00:00Z,-0.00023449342086449284,-0.00039999706095624106,0.00016550364009174822,4.0798317044167115e-06,-2.7993234228927499e-06,6.8791551273094623e-06,-0,3.2795272546378939e-05,1.639763627318947e-05,-0.00027960649797964456,0.032795272546378942,0.13274453006292214,0,0.06637226503146107,0.06637226503146107,3374.152445490241,0,0,0,0,0,0,0,0,False,1,102856.56281011019,team09-risk-none,0,1,0.00022245539602749886,0.018176632096454887,
2020-10-29T08:00:00Z,0.00032660805074123618,0.00032164525561737174,4.9627951238645042e-06,1.3010349852111251e-05,6.2026244757442147e-06,6.8077253763670353e-06,-0,0,0,0.00033961840059334742,0,0.13224225741788842,-0.00027798179651476046,0.065982137810686819,0.066260119607201601,0,0,0,0,0,0,0,0,0,False,1,102891.49479146229,team09-risk-none,0,1,0.00049307369541917723,0.018095363230928439,
2020-10-29T16:00:00Z,0.00031103530901194454,-0.00091383553142121595,0.0012248708404331604,-7.3576492130502115e-06,-2.1245555966243787e-06,-5.2330936164258319e-06,-0,0,0,0.00030367765979889431,0,0.13249535890395298,5.1347197886797424e-05,0.066273353050919886,0.066222005853033089,0,0,0,0,0,0,0,0,0,False,1,102922.74063981377,team09-risk-none,0,1,0.00017398735685203448,0.018017433370596483,
2020-10-30T00:00:00Z,0.00012653266007649379,-0.0018967747107957952,0.0020233073708722893,7.3939689528927904e-06,8.9585956986552998e-07,6.4981093830272613e-06,-0,0,0,0.00013392662902938655,0,0.13032487639353094,0.00036364966226125166,0.065344263027896088,0.064980613365634848,0,0,0,0,0,0,0,0,0,False,1,102936.52473551812,team09-risk-none,0,1,0,0.018015396532886953,
2020-10-30T08:00:00Z,0.0001986371560825483,0.00063578155073033675,-0.00043714439464778834,9.2769041025965847e-06,9.023729047438972e-06,2.5317505515761378e-07,-0,0,0,0.00020791406018514489,0,0.12630696248113793,0.00050043955617072589,0.063403701018654335,0.062903261462483609,0,0,0,0,0,0,0,0,0,False,1,102957.92668631722,team09-risk-none,0,1,0,0.017997278220378516,
2020-10-30T16:00:00Z,-0.00032630758384557472,0.00023443921703646749,-0.0005607468008820422,8.6802040132962383e-06,1.9985780670528184e-06,6.6816259462434199e-06,-0,0,0,-0.00031762737983227849,0,0.12745679391611442,0.00069386126669547261,0.06407532759140494,0.063381466324709465,0,0,0,0,0,0,0,0,0,False,1,102925.22442983088,team09-risk-none,0,1,0,0.017881550903740218,
2020-10-31T00:00:00Z,-0.00080248780366507064,-0.00024647220686367525,-0.0005560155968013955,5.1357418316849121e-06,-1.2585081703953095e-06,6.3942500020802229e-06,-0,0,0,-0.00079735206183338583,0,0.12826631602501987,0.00038197276438675046,0.064324144394703311,0.063942171630316555,0,0,0,0,0,0,0,0,0,False,1,102843.15678991709,team09-risk-none,0,1,0.00032117068543902061,0.017901467902746437,
2020-10-31T08:00:00Z,0.00056136202753451756,0.0010625788088249239,-0.00050121678129040636,6.8642555031912597e-06,4.088541462898e-07,6.4554013569014602e-06,-0,0,0,0.00056822628303770874,0,0.12867659715986507,-0.00043054375376161934,0.064123026703051714,0.064553570456813342,0,0,0,0,0,0,0,0,0,False,1,102901.59497463569,team09-risk-none,0,1,0.0011165400892991784,0.017902472722503469,
2020-10-31T16:00:00Z,0.00079119020415123465,-0.00018523874446046238,0.00097642894861169711,8.121148071462422e-07,-5.6875638923825161e-06,6.4996786995287592e-06,-0,0,0,0.00079200231895838074,0,0.13014094889185507,0.00014748047090044555,0.065144214681377766,0.064996734210477317,0,0,0,0,0,0,0,0,0,False,1,102983.09327648013,team09-risk-none,0,1,0.00055499703054984195,0.017590689673928846,
2020-11-01T00:00:00Z,-0.00030120836446802983,-9.7257097689973983e-05,-0.00020395126677805585,1.6918064744148227e-05,1.0517124575127977e-05,6.4009401690202478e-06,-0,1.7927572327201741e-05,8.9637861636008703e-06,-0.0003111816582146842,0.017927572327201741,0.13174104263567091,-4.3368086899420177e-18,0.065870521317835468,0.065870521317835468,1846.2368531930606,0,0,0,0,0,0,0,0,False,1,102951.04682674627,team09-risk-none,0,1,0,0.017289115227523664,
2020-11-01T08:00:00Z,-0.00064816971092266566,-0.00030442653417314306,-0.00034374317674952266,6.2573091255820228e-06,-3.4986095488730598e-07,6.6071700804693282e-06,-0,0,0,-0.00064191240179708369,0,0.13186209402528865,-0.00028048072715903139,0.065790806649064809,0.066071287376223864,0,0,0,0,0,0,0,0,0,False,1,102884.96127301019,team09-risk-none,0,1,0.00032183891610149118,0.017341284575748954,
2020-11-01T16:00:00Z,-1.9963246557243042e-05,0.00094434878188389164,-0.00096431202844113437,5.0692813423494707e-06,-1.5766937300232148e-06,6.6459750723726849e-06,-0,0,0,-1.4893965214893569e-05,0,0.13199123732650112,-0.00092759031801954977,0.065531823504240777,0.066459413822260324,0,0,0,0,0,0,0,0,0,False,1,102883.42890797586,team09-risk-none,0,1,0.0009647316011455187,0.01752322807008944,
2020-11-02T00:00:00Z,0.00045238069362528926,0.00053178560684525179,-7.9404913219962542e-05,2.3622285191008908e-06,-4.3787193456391705e-06,6.7409478647400621e-06,-0,0,0,0.00045474292214439009,0,0.13386146579322156,-0.00095717302914612949,0.066452146382037711,0.067409319411183846,0,0,0,0,0,0,0,0,0,False,1,102930.2144190777,team09-risk-none,0,1,0.00098231558493622195,0.017504515279113259,
2020-11-02T08:00:00Z,0.00035626435006033322,-0.0023414646075885907,0.0026977289576489236,8.1358914581035562e-06,1.3873039880657472e-06,6.7485874700378087e-06,-0,0,0,0.00036440024151843673,0,0.13445396447927516,-0.00051668681491205508,0.066968638832181543,0.067485325647093614,0,0,0,0,0,0,0,0,0,False,1,102967.72221407156,team09-risk-none,0,1,0.00052224876314976854,0.017539580523078042,
2020-11-02T16:00:00Z,7.060865021243687e-05,-0.00055636175217461839,0.00062697040238705534,4.5091531057771921e-06,-1.9690403361672127e-06,6.4781934419444048e-06,-0,0,0,7.5117803318214065e-05,0,0.12941410823453062,-0.00014917638367025008,0.064632465925430177,0.06478164230910044,0,0,0,0,0,0,0,0,0,False,1,102975.45692317696,team09-risk-none,0,1,0.00016166496489167237,0.017527907066900116,
2020-11-03T00:00:00Z,0.00074459048178757961,-0.0015032992633282347,0.0022478897451158144,-4.1187573498624265e-06,-1.0533487414721029e-05,6.4147300648586021e-06,-0,0,0,0.0007404717244377172,0,0.12819814688070469,-9.698283297581399e-05,0.064050582023864447,0.064147564856840256,0,0,0,0,0,0,0,0,0,False,1,103051.70733733963,team09-risk-none,0,1,9.5186430219329488e-05,0.017265221468609929,
2020-11-03T08:00:00Z,-9.0412805183991341e-05,0.00019573498741114935,-0.00028614779259514061,8.7331346466739621e-06,6.3786323769885661e-06,2.3545022696853951e-06,-0,0,0,-8.1679670537317391e-05,0,0.12432576535926054,0.00067878406762910629,0.062502274713444828,0.061823490645815729,0,0,0,0,0,0,0,0,0,False,1,103043.290107836,team09-risk-none,0,1,0,0.017345999748021434,
2020-11-03T16:00:00Z,0.00088490543390737852,0.0011083507766564734,-0.00022344534274909485,7.4742311149953598e-06,1.5354393198624063e-06,5.9387917951329543e-06,-0,0,0,0.00089237966502237387,0,0.12492109179518818,0.00060824127973129957,0.06276466653745974,0.062156425257728437,0,0,0,0,0,0,0,0,0,False,1,103135.24384454523,team09-risk-none,0,1,8.293846024909346e-05,0.017352705351704387,
2020-11-04T00:00:00Z,-0.00036327509528198091,-0.0015028143897993444,0.0011395392945173636,3.2304771265045273e-05,2.4171680325285991e-05,8.1330909397592799e-06,-0,4.9729137843942042e-05,2.4864568921971021e-05,-0.00040556403078284873,0.049729137843942048,0.12720948872076854,8.6736173798840355e-19,0.063604744360384269,0.063604744360384269,5128.826757713965,0,0,0,0,0,0,0,0,False,1,103093.41589933586,team09-risk-none,0,1,0,0.017386385791392227,
2020-11-04T08:00:00Z,4.2812436195761453e-05,-0.00082153089690132318,0.00086434333309708491,1.4558632261402424e-05,1.0474600250248127e-05,4.0840320111542968e-06,-0,0,0,5.7371068457163871e-05,0,0.12465722916028353,-0.00039806266235919117,0.062129583248962172,0.062527645911321372,0,0,0,0,0,0,0,0,0,False,1,103099.33047875691,team09-risk-none,0,1,0.00042330239955690185,0.017417767593861638,
2020-11-04T16:00:00Z,-0.00056790494755546675,0.0020795177882225505,-0.002647422735778017,1.2738094690059961e-05,1.5503399139693573e-05,-2.7653044496336111e-06,-0,0,0,-0.00055516685286540672,0,0.12294021142059079,-0.00031840868167859384,0.061310901369456106,0.061629310051134693,0,0,0,0,0,0,0,0,0,False,1,103042.09314792248,team09-risk-none,0,1,0.00036777546125155158,0.017395441453920052,
2020-11-05T00:00:00Z,0.00060086147752933146,0.00033073095266417893,0.00027013052486515252,5.4887327253105999e-06,1.104331146733974e-06,4.3844015785766273e-06,-0,0,0,0.00060635021025464211,0,0.12765781224891531,-0.00086574382273924347,0.063396034213088037,0.064261778035827291,0,0,0,0,0,0,0,0,0,False,1,103104.57274276781,team09-risk-none,0,1,0.00092998071781702496,0.01741273464869951,
2020-11-05T08:00:00Z,0.00022944422061884259,0.0022623927640889252,-0.0020329485434700829,-7.9923014234631967e-07,-6.8849075890626375e-06,6.0856774467163169e-06,-0,0,0,0.00022864499047649627,0,0.12770991508497481,-0.00027370672440723935,0.063718104180283772,0.063991810904691013,0,0,0,0,0,0,0,0,0,False,1,103128.14708682067,team09-risk-none,0,1,0.00033048029140980706,0.017521577786137995,
2020-11-05T16:00:00Z,0.0001295811801418789,0.00065498475055102926,-0.00052540357040915049,-6.6480330227166952e-06,-1.3526840532233669e-05,6.8788075095169731e-06,-0,0,0,0.00012293314711916221,0,0.13191159545441897,8.0576198164478488e-06,0.065959826537117711,0.065951768917301257,0,0,0,0,0,0,0,0,0,False,1,103140.82495449862,team09-risk-none,0,1,0.00010775907509419369,0.015539298338651362,
2020-11-06T00:00:00Z,-0.00064995885307940113,0.0026386362785169779,-0.0032885951315963793,-2.3404851562840406e-08,-1.077939364227364e-05,1.0755988790710798e-05,-0,0,0,-0.00064998225793096403,0,0.13315082825960606,9.0655187600464059e-05,0.066620741723603272,0.066530086536002814,0,0,0,0,0,0,0,0,0,False,1,103073.78524820982,team09-risk-none,0,1,0,0.015539511526542333,
2020-11-06T08:00:00Z,-0.0013288657155872486,-0.00071194785875022077,-0.00061691785683702757,1.080600301811046e-05,-1.9964401381945222e-05,3.0770404400055684e-05,-0,0,0,-0.0013180597125691379,0,0.1391242338849083,-0.00053060058314182042,0.069296816650883247,0.069827417234025052,0,0,0,0,0,0,0,0,0,False,1,102937.92784445216,team09-risk-none,0,1,0.00063915988873108898,0.015741906063344122,
2020-11-06T16:00:00Z,-0.00079110453134712173,0.0015582206089049635,-0.0023493251402520853,1.2515381968683302e-06,-2.3822307009222115e-05,2.5073845206090452e-05,-0,0,0,-0.0007898529931502534,0,0.13926030609516138,-0.0018541326751079969,0.068703086710026687,0.070557219385134679,0,0,0,0,0,0,0,0,0,False,1,102856.62201403554,team09-risk-none,0,1,0.0019659128200429921,0.016431422199805944,
2020-11-07T00:00:00Z,-0.00069941297919569941,0.00060775657220426453,-0.0013071695513999638,8.5317238406204093e-06,-2.1846837530055505e-05,3.0378561370675913e-05,-0,7.1735397420397484e-05,3.5867698710198742e-05,-0.00079848435148567511,0.071735397420397487,0.12744771365158258,-2.6020852139652106e-18,0.063723856825791292,0.063723856825791292,7378.4606574964446,0,0,0,0,0,0,0,0,False,1,102774.49261091066,team09-risk-none,0,1,0.0027469529056928232,0.016690495784373649,
2020-11-07T08:00:00Z,0.00041750098791720839,-0.0013242011708842997,0.0017417021588015079,-1.3287029947546462e-05,-3.5824338328585818e-05,2.2537308381039354e-05,-0,0,0,0.00040421395796966193,0,0.12943521012184633,-0.00069709786041251276,0.064369056130716903,0.065066153991129416,0,0,0,0,0,0,0,0,0,False,1,102816.03549534724,team09-risk-none,0,1,0.0035649851174013314,0.016851951328600148,
2020-11-07T16:00:00Z,0.00024760377637726212,-0.0025367380240552545,0.0027843418004325163,-4.7270906753325538e-06,-2.5036287943093159e-05,2.03091972677606e-05,-0,0,0,0.00024287668570192956,0,0.12633196260126844,-0.00029375024884121907,0.063019106176213605,0.063312856425054825,0,0,0,0,0,0,0,0,0,False,1,102841.00711328536,team09-risk-none,0,1,0.0031536791918700402,0.016800311728784292,
2020-11-08T00:00:00Z,1.9135100777940757e-05,0.00026362519103736407,-0.00024449009025942335,4.4670595832255001e-06,-6.7945866321391225e-06,1.1261646215364623e-05,-0,0,0,2.3602160361166259e-05,0,0.12096604702504299,-6.1322375624639838e-05,0.060452362324709158,0.060513684700333803,0,0,0,0,0,0,0,0,0,False,1,102843.43438322695,team09-risk-none,0,1,0.0029024010371221376,0.016498319939332661,
2020-11-08T08:00:00Z,-0.00082135659546565896,0.0024004418085507096,-0.0032217984040163691,-2.5834248521247041e-06,-9.4152149675027579e-06,6.8317901153780547e-06,-0,0,0,-0.00082394002031778381,0,0.12152984950418133,-2.8741016689280696e-05,0.060750554243746029,0.060779295260435309,0,0,0,0,0,0,0,0,0,False,1,102758.69756181168,team09-risk-none,0,1,0.0028858975353172056,0.016496886198932567,
2020-11-08T16:00:00Z,0.0010601541558259639,5.1662708754972031e-05,0.0010084914470709918,1.0670775621173567e-06,-9.6730058841710144e-06,1.0740083446288371e-05,-0,0,0,0.0010612212333880812,0,0.12713527855858262,-0.00083864333985787971,0.063148317609362375,0.06398696094922024,0,0,0,0,0,0,0,0,0,False,1,102867.74727357959,team09-risk-none,0,1,0.0037038227714418781,0.016748434847917389,
2020-11-09T00:00:00Z,-0.00019035000747661031,-0.0016694494815832357,0.0014790994741066257,2.3689180767395295e-06,-1.135516112400887e-05,1.37240792007484e-05,-0,0,0,-0.00018798108939987077,0,0.12615472789175622,0.0002088845857277314,0.063181806238741978,0.062972921653014241,0,0,0,0,0,0,0,0,0,False,1,102848.41008238299,team09-risk-none,0,1,0.0026452337196570808,0.017106926003193579,
2020-11-09T08:00:00Z,-3.3009927907924612e-05,-0.00085280447415775644,0.00081979454624983193,-2.067870682904443e-06,-8.2205148160185058e-06,6.1526441331140624e-06,-0,0,0,-3.5077798590829055e-05,0,0.12304997517682331,-3.1619434326330201e-06,0.061523406616695336,0.061526568560127975,0,0,0,0,0,0,0,0,0,False,1,102844.80238656874,team09-risk-none,0,1,0.002837141765250184,0.017104633625960698,
2020-11-09T16:00:00Z,-0.00019985116159962961,0.0012421939624426136,-0.0014420451240422434,-2.9565048008259448e-06,-9.0295082920083718e-06,6.0730034911824274e-06,-0,0,0,-0.00020280766640045554,0,0.12140779755973261,-5.263136225715833e-05,0.06067758309873772,0.060730214460994886,0,0,0,0,0,0,0,0,0,False,1,102823.94467219531,team09-risk-none,0,1,0.0028730061268399387,0.017105848897873283,
2020-11-10T00:00:00Z,-0.0014029996320445873,-3.007063303336684e-05,-0.0013729289990112206,-9.1107624329062001e-06,-1.2707906598148691e-05,3.5971441652424884e-06,-0,7.5390276985669584e-05,3.7695138492834792e-05,-0.0015251958099559979,0.07539027698566958,0.12871455587164396,-3.4694469519536142e-18,0.064357277935821994,0.064357277935821994,7751.9256695959684,0,0,0,0,0,0,0,0,False,1,102667.11802261813,team09-risk-none,0,1,0.0030813664755787729,0.016612951265267045,
2020-11-10T08:00:00Z,-0.00036373169135612155,-0.00087809724197493769,0.00051436555061881619,-3.8404434328563593e-06,-1.4636909550998041e-05,1.0796466118141683e-05,-0,0,0,-0.00036757213478897792,0,0.13023850076881949,-0.0014239396559587621,0.064407280556430357,0.065831220212389116,0,0,0,0,0,0,0,0,0,False,1,102629.38045087393,team09-risk-none,0,1,0.0045966164847851543,0.017462814738927732,
2020-11-10T16:00:00Z,-0.00037093633843732823,0.00068142874078443345,-0.0010523650792217617,-6.2533998753352148e-06,-1.3227063137659657e-05,6.9736632623244405e-06,-0,0,0,-0.00037718973831266344,0,0.12889670484581883,-0.0017341216172212428,0.063581291614298791,0.065315413231520028,0,0,0,0,0,0,0,0,0,False,1,102590.66970171848,team09-risk-none,0,1,0.0049649000228092488,0.017165979039397154,
2020-11-11T00:00:00Z,0.00031219934536937902,0.00072626755333813004,-0.00041406820796875102,-1.5672431210152723e-06,-1.3128594233371965e-05,1.1561351112356691e-05,-0,0,0,0.00031063210224836378,0,0.13069033664106833,-0.0021482649040086097,0.064271035868529863,0.066419300772538464,0,0,0,0,0,0,0,0,0,False,1,102622.53765711898,team09-risk-none,0,1,0.0053355558909733425,0.017216353915157349,
2020-11-11T08:00:00Z,0.00026767081924486261,-4.8543295854486606e-05,0.00031621411509934915,-5.6722847683528711e-06,-1.4815088396769486e-05,9.1428036284166148e-06,-0,0,0,0.00026199853447650976,0,0.13180008825796147,-0.0018448267765935906,0.064977630740683939,0.066822457517277528,0,0,0,0,0,0,0,0,0,False,1,102649.42461158941,team09-risk-none,0,1,0.0050306655973915149,0.01704909104161988,
2020-11-11T16:00:00Z,0.00024784413350429794,-0.00054162165943126344,0.00078946579293556155,-6.2006105814630116e-06,-1.6333187508332392e-05,1.013257692686938e-05,-0,0,0,0.00024164352292283493,0,0.1313876372345758,-0.0015726454540040697,0.064907495890285855,0.066480141344289923,0,0,0,0,0,0,0,0,0,False,1,102674.22918017855,team09-risk-none,0,1,0.004770510898618463,0.017040171139491359,
2020-11-12T00:00:00Z,-0.00078986988788570594,0.00037305150230187344,-0.0011629213901875794,-3.2550355033891234e-06,-1.1390231532290654e-05,8.1351960289015319e-06,-0,0,0,-0.00079312492338909498,0,0.13005106284970641,-0.0013287877884415981,0.064361137530632412,0.065689925319074013,0,0,0,0,0,0,0,0,0,False,1,102592.79569002599,team09-risk-none,0,1,0.0045270878890100175,0.017014077179803508,
2020-11-12T08:00:00Z,0.00038870918609499125,-0.00046686679607289817,0.00085557598216788946,6.9025035068132848e-06,-6.4307661822462493e-06,1.3333269689059532e-05,-0,0,0,0.00039561168960180451,0,0.1316875771364312,-0.0020922944540856976,0.064797641341172746,0.066889935795258454,0,0,0,0,0,0,0,0,0,False,1,102633.3825992699,team09-risk-none,0,1,0.0053065186980643109,0.017235481097539813,
2020-11-12T16:00:00Z,0.00058633739542812062,0.00040561492514531777,0.00018072247028280288,6.6826645705523328e-06,-1.3721441113028808e-06,8.054808681855217e-06,-0,0,0,0.0005930200599986729,0,0.13031849256059538,-0.0017098222018084551,0.064304335179393463,0.066014157381201921,0,0,0,0,0,0,0,0,0,False,1,102694.24625397679,team09-risk-none,0,1,0.0049132250866467109,0.0172703204785285,
2020-11-13T00:00:00Z,-0.00060188098941378978,-0.00010267940774985487,-0.00049920158166393501,9.3560434831289965e-06,-1.1511881541093184e-06,1.0507231637238314e-05,-0,6.8113958834935064e-05,3.4056979417467532e-05,-0.00069469588418306341,0.068113958834935068,0.12992631804788207,1.3877787807814457e-17,0.064963159023941036,0.064963159023941022,6994.9116619280603,0,0,0,0,0,0,0,0,False,1,102622.90498377486,team09-risk-none,0,1,0.0043204568638933738,0.017372773255493267,
2020-11-13T08:00:00Z,-0.00045656966365815744,0.0012012904241261479,-0.0016578600877843051,1.6003307395815795e-05,8.5388773674136319e-06,7.4644300284021638e-06,-0,0,0,-0.00044056635626234166,0,0.13041078612124496,-0.00061137524487042856,0.064899705438187266,0.065511080683057693,0,0,0,0,0,0,0,0,0,False,1,102577.6927844571,team09-risk-none,0,1,0.0050055374595351365,0.01753921219186318,
2020-11-13T16:00:00Z,0.00015116162541230999,0.00095628675508960151,-0.00080512512967729154,2.9086501219621186e-05,1.3455279873080377e-05,1.5631221346540807e-05,-0,0,0,0.00018024812663193119,0,0.13328258695598932,-0.0010520170886377713,0.066115284933675772,0.067167302022313552,0,0,0,0,0,0,0,0,0,False,1,102596.18222141573,team09-risk-none,0,1,0.0054308867823850138,0.017574088350067369,
2020-11-14T00:00:00Z,0.00081345449241226463,-0.00097326223458954161,0.0017867167270018065,3.6120336199215148e-05,1.6639676438922062e-05,1.9480659760293086e-05,-0,0,0,0.00084957482861147975,0,0.13498747590535026,-0.00094817326625152264,0.067019651319549373,0.06796782458580089,0,0,0,0,0,0,0,0,0,False,1,102683.34535534268,team09-risk-none,0,1,0.005244620870462624,0.017550871861304534,
2020-11-14T08:00:00Z,-0.00055321857718022274,-0.00098935060214727123,0.0004361320249670486,3.7201484510087539e-05,2.7274239794989848e-05,9.9272447150976952e-06,-0,0,0,-0.00051601709267013525,0,0.13215594448806861,-0.00010087489881121028,0.066027534794628695,0.066128409693439902,0,0,0,0,0,0,0,0,0,False,1,102630.35899400678,team09-risk-none,0,1,0.0043984253868094569,0.017736817032651661,
2020-11-14T16:00:00Z,0.00021947090055136532,0.00045385622941387471,-0.00023438532886250945,3.2541550253033715e-05,2.8050132928456207e-05,4.4914173245775042e-06,-0,0,0,0.00025201245080439904,0,0.13082517537537486,-0.00066569206778155539,0.065079741653796652,0.065745433721578206,0,0,0,0,0,0,0,0,0,False,1,102656.2231223038,team09-risk-none,0,1,0.0049168096881554435,0.017827000953921982,
2020-11-15T00:00:00Z,-0.00035295077885447043,8.1758246590500459e-05,-0.00043470902544497087,3.8238919693717818e-05,2.6295274155250776e-05,1.1943645538467046e-05,-0,0,0,-0.0003147118591607526,0,0.13144631613629731,-0.00040860228256658221,0.065518856926865349,0.065927459209431938,0,0,0,0,0,0,0,0,0,False,1,102623.91599147055,team09-risk-none,0,1,0.004660365733832772,0.017795488515260256,
2020-11-15T08:00:00Z,0.00049287826420728765,-0.00014433486584883675,0.00063721313005612448,4.6566028104582051e-05,2.6720466499830286e-05,1.9845561604751772e-05,-0,0,0,0.00053944429231186973,0,0.13206560545157103,-0.00073879077728191724,0.065663407337144569,0.066402198114426492,0,0,0,0,0,0,0,0,0,False,1,102679.27587720685,team09-risk-none,0,1,0.0049653255448395273,0.017714542826726895,
2020-11-15T16:00:00Z,0.00041401393590283409,-0.0010628323655540431,0.0014768463014568768,3.6013203217506661e-05,2.6024321955090795e-05,9.9888812624158671e-06,-0,0,0,0.00045002713912034077,0,0.13114828697544426,-0.00031150218262607915,0.065418392396409092,0.065729894579035164,0,0,0,0,0,0,0,0,0,False,1,102725.48433797681,team09-risk-none,0,1,0.0044390653709194261,0.017736008910736963,
2020-11-16T00:00:00Z,0.0014845560219347422,0.0025773812625498669,-0.0010928252406151248,-4.8379926066872255e-06,-7.9672537297949566e-06,3.1292611231077303e-06,-0,6.9351985280961549e-05,3.4675992640480774e-05,0.0013756900514066126,0.069351985280961551,0.1324344118713619,-8.6736173798840355e-19,0.066217205935680964,0.066217205935680951,7124.2162777870144,0,0,0,0,0,0,0,0,False,1,102866.80276480649,team09-risk-none,0,1,0.0040317226236640247,0.017310887707805696,
2020-11-16T08:00:00Z,-0.000904462801971161,0.0010918118383106091,-0.0019962746402817705,1.8215787812250614e-05,1.2067182904113907e-05,6.1486049081367047e-06,-0,0,0,-0.00088624701415891043,0,0.1358788602117052,0.0014988671674051428,0.06868886368955518,0.067189996522150033,0,0,0,0,0,0,0,0,0,False,1,102775.63736800011,team09-risk-none,0,1,0.0026385864407613147,0.0176364469281329,
2020-11-16T16:00:00Z,0.00070837931574158661,0.0005306388275647749,0.00017774048817681171,6.8550052894886173e-06,-1.0899047863902268e-05,1.7754053153390889e-05,-0,0,0,0.00071523432103107523,0,0.1390652356862111,0.00057376028836695833,0.069819497987289036,0.069245737698922089,0,0,0,0,0,0,0,0,0,False,1,102849.14603121155,team09-risk-none,0,1,0.0035338155735755716,0.017932636884789223,
2020-11-17T00:00:00Z,-0.00090024809475635714,0.0010989127998653439,-0.0019991608946217016,6.7712983064167972e-06,-9.8997132143997904e-06,1.6671011520816588e-05,-0,0,0,-0.00089347679644994043,0,0.1393656395861351,0.001300300748062401,0.070332970167098746,0.069032669419036352,0,0,0,0,0,0,0,0,0,False,1,102757.25270569797,team09-risk-none,0,1,0.0028211922289912428,0.018035951523385146,
2020-11-17T08:00:00Z,-0.00014433252891300606,-4.1395746655591751e-05,-0.00010293678225741425,2.4046608963997606e-05,-6.0854211528317921e-06,3.0132030116829402e-05,-0,0,0,-0.00012028591994900844,0,0.14254613971232583,0.00039669516438405831,0.071471417438354945,0.071074722273970881,0,0,0,0,0,0,0,0,0,False,1,102744.89245502483,team09-risk-none,0,1,0.0036949372900459965,0.018208300276661763,
2020-11-17T16:00:00Z,0.0010559630884608806,0.0019531371028014334,-0.00089717401434055277,1.2595459582269177e-05,-6.3883549528550405e-06,1.8983814535124219e-05,-0,0,0,0.0010685585480431498,0,0.14260102832409166,0.00028586696741500321,0.071443447645753333,0.071157580678338328,0,0,0,0,0,0,0,0,0,False,1,102854.68138812542,team09-risk-none,0,1,0.0038261859525399178,0.018199953264183884,
2020-11-18T00:00:00Z,0.0010000119291666656,-0.00086704232409944449,0.0018670542532661105,4.1233401534825121e-05,-2.675710073883272e-05,6.7990502273657837e-05,-0,0,0,0.0010412453307014908,0,0.14535783324173454,0.001325129378623207,0.073341481310178869,0.072016351931555672,0,0,0,0,0,0,0,0,0,False,1,102961.7783448616,team09-risk-none,0,1,0.0027331574158174776,0.018420487946519942,
2020-11-18T08:00:00Z,0.00011338719056786299,-0.00024356997428859309,0.0003569571648564561,1.5885237233557937e-05,-5.8982272323808601e-06,2.1783464465938798e-05,-0,0,0,0.00012927242780142093,0,0.14247437358790543,0.0023240263305591129,0.072399199959232274,0.070075173628673174,0,0,0,0,0,0,0,0,0,False,1,102975.08846391899,team09-risk-none,0,1,0.0017200621344343192,0.01850699379448251,
2020-11-18T16:00:00Z,-0.00077491986367165925,0.00027343889805756373,-0.001048358761729223,1.6663107049508221e-05,-9.2449234386535392e-07,1.7587599393373574e-05,-0,0,0,-0.00075825675662215112,0,0.14183102645318785,0.002365190725138671,0.072098108589163268,0.069732917864024593,0,0,0,0,0,0,0,0,0,False,1,102897.00690732746,team09-risk-none,0,1,0.0015902354433620092,0.018410038404330177,
2020-11-19T00:00:00Z,0.0004905848160173679,-0.00072157293144709672,0.0012121577474644646,1.1559382506950771e-05,-5.7199210896074993e-07,1.2131374615911521e-05,-0,8.7996013306872493e-05,4.3998006653436246e-05,0.0003701501785640099,0.087996013306872498,0.13150942174865202,-8.6736173798840355e-18,0.065754710874326008,0.065754710874326022,9054.5263890545393,0,0,0,0,0,0,0,0,False,1,102935.09425280792,team09-risk-none,0,1,0.0023523780530111393,0.018608103961268881,
2020-11-19T08:00:00Z,-0.00024834484752296674,0.0019668097837663,-0.0022151546312892665,1.0435229925705248e-05,2.3588465322102581e-06,8.0763833934949879e-06,-0,0,0,-0.00023790961759726149,0,0.12951159905613779,0.00050501839223887103,0.065008308724188321,0.064503290331949459,0,0,0,0,0,0,0,0,0,False,1,102910.6050038969,team09-risk-none,0,1,0.0019842205179106953,0.018623212244106374,
2020-11-19T16:00:00Z,0.00052722402957629483,-0.00049729107382979522,0.00102451510340609,-2.4820132927026588e-06,-1.6945673264753835e-05,1.4463659972051175e-05,-0,0,0,0.00052474201628359212,0,0.13377337941550549,0.00026375179080499918,0.06701856560315525,0.066754813812350239,0,0,0,0,0,0,0,0,0,False,1,102964.60652226361,team09-risk-none,0,1,0.0022345464813905425,0.018618465701177145,
2020-11-20T00:00:00Z,0.0014483173175525315,0.0021414393959740224,-0.00069312207842149077,3.7233423537379328e-06,-1.2043422358749071e-05,1.5766764712487006e-05,-0,0,0,0.0014520406599062695,0,0.13215358627614662,0.00078209409857688504,0.066467840187361765,0.065685746088784872,0,0,0,0,0,0,0,0,0,False,1,103114.11531746518,team09-risk-none,0,1,0.0017047822717320971,0.01858550718037065,
2020-11-20T08:00:00Z,0.0001273554399734817,0.0016453151080984565,-0.0015179596681249743,1.2336066321426278e-05,-9.6046639377848875e-06,2.1940730259211167e-05,-0,0,0,0.00013969150629490796,0,0.13468746706442553,0.0022511970798888368,0.068469332072157177,0.066218134992268335,0,0,0,0,0,0,0,0,0,False,1,103128.51948355415,team09-risk-none,0,1,0.00024660653120656129,0.019197300912023048,
2020-11-20T16:00:00Z,9.6134768839591098e-05,0.00048502027229206727,-0.00038888550345247627,3.0721296114075554e-05,-3.0646314983963646e-05,6.1367611098039207e-05,-0,0,0,0.00012685606495366664,0,0.13788808450369505,0.0023723492363336447,0.070130216870014361,0.067757867633680718,0,0,0,0,0,0,0,0,0,False,1,103141.60196172033,team09-risk-none,0,1,8.8566437021819766e-05,0.019185560526267229,
2020-11-21T00:00:00Z,-0.0025307309564253431,0.00098768105364932242,-0.0035184120100746658,1.6931403607920856e-05,-2.4619470214682213e-05,4.1550873822603069e-05,-0,0,0,-0.0025137995528174226,0,0.13878819370882547,0.0024422936041583743,0.070615243656491924,0.06817295005233355,0,0,0,0,0,0,0,0,0,False,1,102882.32464883209,team09-risk-none,0,1,0,0.019182391198117793,
2020-11-21T08:00:00Z,-0.001185839503710612,0.0036905450502822375,-0.0048763845539928491,2.963033357545389e-05,-1.5159161556879537e-05,4.4789495132333416e-05,-0,0,0,-0.0011562091701351582,0,0.14361584531025906,-0.00010068768621164167,0.071757578812023715,0.071858266498235346,0,0,0,0,0,0,0,0,0,False,1,102763.37116162828,team09-risk-none,0,1,0.002501132759880953,0.021212582700962882,
2020-11-21T16:00:00Z,-0.00013081832895155731,0.0014575961416638211,-0.0015884144706153785,1.7211649937806169e-05,-5.8952241388929516e-05,7.6163891326735681e-05,-0,0,0,-0.00011360667901375112,0,0.15234890906730453,-0.0012705234533592746,0.075539192806972633,0.076809716260331909,0,0,0,0,0,0,0,0,0,False,1,102751.69655630636,team09-risk-none,0,1,0.0036668230309473415,0.021562511483295587,
2020-11-22T00:00:00Z,0.0018483244209445203,-0.0012576321096570279,0.0031059565306015479,1.1226138338507474e-05,-5.2252556684435535e-05,6.3478695022943025e-05,-0,9.9040784240812455e-05,4.9520392120406227e-05,0.0017109893829218091,0.09904078424081246,0.12665112042302035,-3.4694469519536142e-18,0.063325560211510173,0.063325560211510173,10176.608609010571,0,0,0,0,0,0,0,0,False,1,102927.5036181914,team09-risk-none,0,1,0.0037859759180313146,0.02156251661683407,
2020-11-22T08:00:00Z,0.0011099035062943296,0.00038991879998099757,0.00071998470631333173,-1.5997528299347485e-05,-3.7891892819499972e-05,2.1894364520152494e-05,-0,0,0,0.0010939059779949819,0,0.12210538625568212,0.001829821720530987,0.061967603988106565,0.06013778226757558,0,0,0,0,0,0,0,0,0,False,1,103040.09662969944,team09-risk-none,0,1,0.0021086309962797811,0.02234045114235678,
2020-11-22T16:00:00Z,-0.00040182320090782167,0.00032165165582083302,-0.00072347485672865459,-1.5147551334855465e-05,-2.9365234378179616e-05,1.4217683043324154e-05,-0,0,0,-0.00041697075224267713,0,0.12168437545283145,0.002951185524283066,0.062317780488557253,0.059366594964274183,0,0,0,0,0,0,0,0,0,False,1,102997.1319230966,team09-risk-none,0,1,0.0010161825362421384,0.022604370920059347,
2020-11-23T00:00:00Z,-9.0978256624720208e-05,0.0028167326348131926,-0.0029077108914379122,-1.9961516540345362e-05,-6.743448062154112e-05,4.7472964081195751e-05,-0,8.292182418530354e-06,4.146091209265177e-06,-0.00012337804679286109,0.0082921824185303531,0.11443158996060365,0.010856448186537949,0.062644019073570811,0.051787570887032855,854.071006491753,0,0,0,0,0,0,0,0,False,1,102984.42433813466,team09-risk-none,0.0082921824185303531,1,0.0014375367109997761,0.022638029410794534,
2020-11-23T08:00:00Z,0.00050010217628389264,0.00040372544731795407,9.6376728965938489e-05,-8.8156346142342109e-06,-5.3416368189356572e-05,4.4600733575122359e-05,-0,0,0,0.00049128654166965841,0,0.12019183750259144,0.010744023526850451,0.06546793051472094,0.054723906987870496,0,0,0,0,0,0,0,0,0,False,1,103035.01919981359,team09-risk-none,0,1,0.0015496086890439686,0.022646573185004126,
2020-11-23T16:00:00Z,1.97513266067097e-05,0.003070859456166588,-0.0030511081295598779,-1.6979978178483144e-05,-7.4892867104849159e-05,5.7912888926366019e-05,-0,0,0,2.771348428226555e-06,0,0.12044584960113182,0.011256730867894358,0.065851290234513082,0.054594559366618722,0,0,0,0,0,0,0,0,0,False,1,103035.3047457521,team09-risk-none,0,1,0.0010672392180094414,0.022370255649101625,
2020-11-24T00:00:00Z,1.0932943804152771e-05,0.0015267431710023476,-0.001515810227198195,1.9541226674922924e-06,-3.704967228278473e-05,3.9003794950277018e-05,-0,0,0,1.2887066471645063e-05,0,0.12655728286175655,0.011262855521897753,0.068910069191827156,0.057647213669929392,0,0,0,0,0,0,0,0,0,False,1,103036.63256857329,team09-risk-none,0,1,0.0010455565600610006,0.022341683697906442,
2020-11-24T08:00:00Z,2.214751658568713e-05,-1.211546283647999e-05,3.4262979422167119e-05,1.0000579468456137e-05,-7.4642302916908497e-05,8.4642882385364639e-05,-0,0,0,3.2148096054143268e-05,0,0.12960317096263324,0.011261647866302507,0.070432409414467878,0.059170761548165363,0,0,0,0,0,0,0,0,0,False,1,103039.9450001342,team09-risk-none,0,1,0.0010246448360917704,0.022339628361533959,
2020-11-24T16:00:00Z,-0.00095786322196987563,5.4620043271285435e-05,-0.0010124832652411609,-8.607743534602212e-06,-4.779876102962489e-05,3.9191017495022674e-05,-0,0,0,-0.00096647096550447789,0,0.12952169880986292,0.01126900559330932,0.070395352201586103,0.059126346608276793,0,0,0,0,0,0,0,0,0,False,1,102940.35988500439,team09-risk-none,0,1,0.0010111193482007508,0.02233952237608099,
2020-11-25T00:00:00Z,-0.0012796080708271371,-0.0010100849688430514,-0.0002695231019840857,-3.6354911229586917e-06,-5.020774446733356e-05,4.6572253344374864e-05,-0,8.2202102222780733e-05,4.1101051111390367e-05,-0.0014065467152842672,0.082202102222780751,0.12775913940541264,-1.3877787807814457e-17,0.063879569702706335,0.063879569702706335,8461.9139861169697,0,0,0,0,0,0,0,0,False,1,102795.56945993796,team09-risk-none,0,1,0.0019716506293045999,0.02261427308242675,
2020-11-25T08:00:00Z,-0.0011677549534161145,0.00073346984706510712,-0.0019012248004812219,3.5879224557058915e-05,-3.1195611957466196e-05,6.7074836514525118e-05,-0,0,0,-0.0011318757288590556,0,0.12715776970192541,-0.0012569722559078039,0.062950398723008796,0.0642073709789166,0,0,0,0,0,0,0,0,0,False,1,102679.21764983202,team09-risk-none,0,1,0.0033360426459461134,0.02308644250146244,
2020-11-25T16:00:00Z,0.0011515221079278738,-0.0041432119075890256,0.0052947340155168974,-7.5866568325254449e-06,-8.167828198237991e-05,7.4091625149854469e-05,-0,0,0,0.0011439354510953481,0,0.1298643657721269,-0.0023953450377554759,0.06373451036718572,0.066129855404941179,0,0,0,0,0,0,0,0,0,False,1,102796.67604699239,team09-risk-none,0,1,0.0045074126801052383,0.023351759204752128,
2020-11-26T00:00:00Z,0.0016324523800421858,-0.0057882273494920099,0.0074206797295341964,5.9657631507888139e-06,-1.8045633845533478e-05,2.4011396996322292e-05,-0,0,0,0.0016384181431929746,0,0.12042626610038651,-0.0012741913381722134,0.059576037381107144,0.060850228719279358,0,0,0,0,0,0,0,0,0,False,1,102965.09998608772,team09-risk-none,0,1,0.0033551265488469539,0.023690189168613627,
2020-11-26T08:00:00Z,-0.0017101339806524641,-0.0015636707180001794,-0.00014646326265228493,5.749673415312866e-06,2.500914891483419e-06,3.2487585238294474e-06,-0,0,0,-0.0017043843072371511,0,0.10716532192706256,0.00029971502459458926,0.053732518475828578,0.053432803451233989,0,0,0,0,0,0,0,0,0,False,1,102789.60788547833,team09-risk-none,0,1,0.0017224212221618185,0.024359012101014856,
2020-11-26T16:00:00Z,0.00080405109167047738,0.0013108574940020922,-0.00050680640233161458,-1.4243450344985733e-06,-6.7842430565810338e-06,5.3598980220824594e-06,-0,0,0,0.00080262674663597892,0,0.10575705335939087,-0.0014410597693584829,0.052157996795016197,0.053599056564374685,0,0,0,0,0,0,0,0,0,False,1,102872.10957404344,team09-risk-none,0,1,0.0034310192761349834,0.024864164481923006,
2020-11-27T00:00:00Z,4.8234713323351178e-05,-2.7912357299179094e-05,7.6147070622530245e-05,7.6928504963786659e-07,-6.1011195551286819e-06,6.8704046047665492e-06,-0,0,0,4.9003998372989042e-05,0,0.10746490544512007,-0.00057140063656625426,0.053446752404276904,0.054018153040843161,0,0,0,0,0,0,0,0,0,False,1,102877.15071873362,team09-risk-none,0,1,0.0026289584958996137,0.025022969106930207,
2020-11-27T08:00:00Z,0.00047135135753600623,-0.0020791704892437111,0.0025505218467797176,2.9205116633803935e-06,-2.4699227608386289e-06,5.390434424219022e-06,-0,0,0,0.00047427186919938663,0,0.10727957057499618,-0.00052880305377167591,0.053375383760612252,0.053904186814383928,0,0,0,0,0,0,0,0,0,False,1,102925.94245730291,team09-risk-none,0,1,0.0025779376523854536,0.024977471062429771,
2020-11-27T16:00:00Z,0.00025660026214995561,0.0025556310217044031,-0.0022990307595544476,-7.1872215475352697e-07,-5.8607176144462951e-06,5.1419954596927686e-06,-0,0,0,0.0002558815399952021,0,0.10278416866982064,-5.581443740898008e-05,0.051364177116205834,0.051419991553614805,0,0,0,0,0,0,0,0,0,False,1,102952.27930596434,team09-risk-none,0,1,0.0021085199895259921,0.024971630256745814,
2020-11-28T00:00:00Z,0.00017245462317160381,-0.00038769049937257069,0.00056014512254417442,-2.4933728818327112e-06,-7.9134217903596857e-06,5.4200489085269754e-06,-0,5.8755312943001125e-05,2.9377656471500563e-05,8.1828280875269403e-05,0.058755312943001126,0.13152085061126512,8.6736173798840355e-18,0.065760425305632572,0.065760425305632558,6048.9933888171936,0,0,0,0,0,0,0,0,False,1,102960.70371399214,team09-risk-none,0,1,0.0018549493441294418,0.024969710507445411,
2020-11-28T08:00:00Z,0.00065132024989840724,0.0040133408722585352,-0.0033620206223601273,-2.0518818789542876e-06,-6.1425892658160652e-06,4.0907073868617781e-06,-0,0,0,0.00064926836801945296,0,0.13054274458996459,0.00020396341440298386,0.065373354002183789,0.065169390587780804,0,0,0,0,0,0,0,0,0,False,1,103027.55284206267,team09-risk-none,0,1,0.0017728321413522652,0.024950396877342258,
2020-11-28T16:00:00Z,0.00045115037885808254,-0.00045003438924716953,0.00090118476810525201,-4.1416997547385528e-06,-1.0568090378351393e-05,6.4263906236128389e-06,-0,0,0,0.00044700867910334397,0,0.1378059868940964,0.00083018292872099123,0.069318084911408701,0.068487901982687699,0,0,0,0,0,0,0,0,0,False,1,103073.60705236984,team09-risk-none,0,1,0.0011268022888738516,0.02502376429030443,
2020-11-29T00:00:00Z,-6.3627546426753623e-05,0.0007525701216086403,-0.00081619766803539399,-2.7270808708048778e-06,-4.4704951314473122e-06,1.7434142606424346e-06,-0,0,0,-6.6354627297558511e-05,0,0.13649119010789051,0.0013247766869505014,0.068907983397420491,0.067583206710469995,0,0,0,0,0,0,0,0,0,False,1,103066.76764158967,team09-risk-none,0,1,0.00067888363779589067,0.025049091574214734,
2020-11-29T08:00:00Z,0.0013702109183303024,0.0011705549799108897,0.00019965593841941279,-1.0047112904184114e-05,-1.2738806672676028e-05,2.6916937684919176e-06,-0,0,0,0.0013601638054261185,0,0.13801720298990486,0.0012447444519369764,0.069630973720920919,0.068386229268983939,0,0,0,0,0,0,0,0,0,False,1,103206.95532847803,team09-risk-none,0,1,0.00075250781516522647,0.025047287345377808,
2020-11-29T16:00:00Z,0.00022874536037221607,0.0010279871369796201,-0.00079924177660740416,-2.9126498217006886e-06,-6.3886386761520393e-06,3.4759888544513511e-06,-0,0,0,0.0002258327105505154,0,0.13875447904649946,0.0026122757289797766,0.07068337738773961,0.068071101658759847,0,0,0,0,0,0,0,0,0,False,1,103230.26283494753,team09-risk-none,0,1,0,0.025475648336497396,
2020-11-30T00:00:00Z,-0.00053611846696490005,0.00074195133386833589,-0.001278069800833236,-7.3052393778419007e-06,-8.3235723192261632e-06,1.0183329413842629e-06,-0,7.3685434488168954e-06,3.6842717244084477e-06,-0.00055447652151596738,0.0073685434488168951,0.13314812407214105,0.010197623997149137,0.07167287403464509,0.061475250037495946,760.65667693209878,0,0,0,0,0,0,0,0,False,1,103173.02407789562,team09-risk-none,0.0073685434488168951,1,0,0.025455679619785752,
2020-11-30T08:00:00Z,0.0017745588577220419,0.0017768276927170492,-2.2688349950076019e-06,-1.5118105690322942e-05,-1.6860487126639493e-05,1.7423814363165485e-06,-0,0,0,0.0017594407520317189,0,0.13528484777887659,0.0096711020352172987,0.072477974907046938,0.06280687287182965,0,0,0,0,0,0,0,0,0,False,1,103354.55090096862,team09-risk-none,0,1,0.00056228511282108151,0.025372145764916084,
2020-11-30T16:00:00Z,0.00063843035429902496,0.0019227943006629316,-0.0012843639463639067,-1.7081445967024135e-05,-2.6275952623445745e-05,9.1945066564216075e-06,-0,0,0,0.00062134890833200074,0,0.13685681935668864,0.011419686284288142,0.074138252820488387,0.06271856653620024,0,0,0,0,0,0,0,0,0,False,1,103418.77013834208,team09-risk-none,0,1,0,0.026011814092665678,
2020-12-01T00:00:00Z,-0.0018974301242237462,-0.00019086061709987473,-0.0017065695071238713,-2.1045993324145478e-05,-3.1412207998125617e-05,1.0366214673980141e-05,-0,8.4195784742007015e-05,4.2097892371003508e-05,-0.0020447697946609023,0.084195784742007007,0.13389295185578776,1.7347234759768071e-18,0.066946475927893878,0.066946475927893878,8707.4245088509524,0,0,0,0,0,0,0,0,False,1,103207.30256096221,team09-risk-none,0,1,0,0.025958605898942229,
2020-12-01T08:00:00Z,0.0018437890291140538,-0.0016862098294273212,0.003529998858541375,-3.1436331258926919e-06,-3.5507516471896301e-05,3.2363883346003612e-05,-0,0,0,0.0018406453959881612,0,0.13571442681623003,-0.0019089075630903118,0.066902759626569858,0.068811667189660169,0,0,0,0,0,0,0,0,0,False,1,103397.27060725341,team09-risk-none,0,1,0.0020269036646576311,0.026938864237308405,
2020-12-01T16:00:00Z,-3.7645447860653907e-05,-0.0021204190553460816,0.0020827736074854278,6.2064380751457275e-06,-5.8463398639796467e-06,1.2052777939125374e-05,-0,0,0,-3.1439009785508173e-05,0,0.13027911424472532,-4.9953926002124088e-05,0.065114580159361612,0.06516453408536374,0,0,0,0,0,0,0,0,0,False,1,103394.01989945098,team09-risk-none,0,1,0.0001806407553905931,0.02756385955322558,
2020-12-02T00:00:00Z,-0.00016047302998938593,0.0016243652039246656,-0.0017848382339140515,5.4524911977879965e-06,-3.4067539804420937e-06,8.8592451782300906e-06,-0,0,0,-0.00015502053879159792,0,0.12611474268118927,-0.00010953644652415741,0.063002603117332551,0.063112139563856709,0,0,0,0,0,0,0,0,0,False,1,103377.99170277834,team09-risk-none,0,1,0.00021282786831611222,0.027564440076691211,
2020-12-02T08:00:00Z,-0.0011763947792356195,-0.0009026964202633541,-0.0002736983589722656,2.0003834318836583e-06,-1.0532613875455399e-05,1.2532997307339058e-05,-0,0,0,-0.001174394395803736,0,0.12958830525013026,-0.00028464453247585217,0.064651830358827211,0.064936474891303053,0,0,0,0,0,0,0,0,0,False,1,103256.58516867315,team09-risk-none,0,1,0.00037126623362893074,0.027537782484422547,
2020-12-02T16:00:00Z,-0.0012023219886087581,0.0007583639676102021,-0.0019606859562189601,-2.7243821095989941e-06,-1.0943644992097421e-05,8.2192628824984273e-06,-0,0,0,-0.001205046370718357,0,0.12894985817705312,-0.0014184414200277672,0.063765708378512684,0.065184149798540453,0,0,0,0,0,0,0,0,0,False,1,103132.15619546287,team09-risk-none,0,1,0.0015499420717292045,0.027842057428487218,
2020-12-03T00:00:00Z,-0.0013677082201008751,1.5621733326575704e-05,-0.0013833299534274509,1.4904808353759162e-06,-1.2872791414860863e-05,1.4363272250236777e-05,-0,0,0,-0.0013662177392654994,0,0.13199878934240925,-0.0026963627480712168,0.064651213297169011,0.067347576045240234,0,0,0,0,0,0,0,0,0,False,1,102991.25521417992,team09-risk-none,0,1,0.002748917420009378,0.028173470696073816,
2020-12-03T08:00:00Z,0.00070115616900164935,0.0016716415305977064,-0.00097048536159605691,-7.9091603981299198e-06,-1.0447584391171188e-05,2.5384239930412698e-06,-0,0,0,0.0006932470086035194,0,0.13348537073429603,-0.0040388300417148592,0.064723270346290579,0.06876210038800544,0,0,0,0,0,0,0,0,0,False,1,103062.65359376947,team09-risk-none,0,1,0.0041207405213203874,0.028464909954974738,
2020-12-03T16:00:00Z,0.00013255958734316784,6.4871816130334764e-05,6.7687771212832925e-05,-9.009885208803331e-07,-2.5998856797117583e-05,2.5097868276237246e-05,-0,0,0,0.00013165859882228751,0,0.13591735345696451,-0.0033347969685654198,0.066291278244199545,0.069626075212764968,0,0,0,0,0,0,0,0,0,False,1,103076.22267833253,team09-risk-none,0,1,0.0034233660171240077,0.028567764428358025,
2020-12-04T00:00:00Z,-0.0006007824297042558,-0.00055995735654696419,-4.0825073157291473e-05,2.8612164738766827e-06,-1.8072783879072068e-05,2.0934000352948753e-05,-0,5.9989111161822725e-05,2.9994555580911363e-05,-0.00068790487997311329,0.05998911116182272,0.13195505558395509,-8.6736173798840355e-18,0.065977527791977547,0.065977527791977561,6183.4509803912824,0,0,0,0,0,0,0,0,False,1,103005.31604174292,team09-risk-none,0,1,0.0032884083112753038,0.028398936881928523,
2020-12-04T08:00:00Z,-0.00089354670531514131,-0.0019621537903976036,0.0010686070850824622,-2.9784333923781516e-07,-9.3060001463287181e-06,9.0081568070909045e-06,-0,0,0,-0.00089384454865437907,0,0.1314983188251414,-0.00059820322678245073,0.065450057799179479,0.066048261025961938,0,0,0,0,0,0,0,0,0,False,1,102913.24530151658,team09-risk-none,0,1,0.0039771975756689448,0.028464811463825436,
2020-12-04T16:00:00Z,0.0015488755786008709,-0.0024937729822151877,0.0040426485608160588,-5.4509809630948199e-06,-6.4282477177411537e-06,9.7726675464633277e-07,-0,0,0,0.0015434245976377759,0,0.12873889735153105,-0.0015599950466343264,0.063589451152448365,0.065149446199082695,0,0,0,0,0,0,0,0,0,False,1,103072.08413573768,team09-risk-none,0,1,0.0048726151842716225,0.028630358121929655,
2020-12-05T00:00:00Z,0.00027656717934541024,0.0018566201041233133,-0.0015800529247779031,9.434503572337313e-07,-5.1482803365271138e-06,6.0917306937608439e-06,-0,0,0,0.000277510629702644,0,0.12189536110718717,6.0862176771855035e-05,0.060978111641979513,0.060917249465207657,0,0,0,0,0,0,0,0,0,False,1,103100.68773471095,team09-risk-none,0,1,0.003330337971073849,0.029079706560377921,
2020-12-05T08:00:00Z,-0.0006097682505880282,0.00097641817533763097,-0.0015861864259256592,1.0795775593058669e-05,-1.3665546361709729e-06,1.2162330229229642e-05,-0,0,0,-0.00059897247499496949,0,0.12526518041620685,0.00034872403083680351,0.062806952223521839,0.062458228192685025,0,0,0,0,0,0,0,0,0,False,1,103038.93326060481,team09-risk-none,0,1,0.003043929316143057,0.029018405367728695,
2020-12-05T16:00:00Z,-4.2206548313940484e-05,0.00092831716622852542,-0.00097052371454246582,1.5750182830204803e-06,-8.7226303353048198e-06,1.0297648618325299e-05,-0,0,0,-4.063153003092001e-05,0,0.1279102066297641,-0.00028206412558057226,0.063814071252091764,0.06409613537767235,0,0,0,0,0,0,0,0,0,False,1,103034.74663109367,team09-risk-none,0,1,0.0036502656458883287,0.0290816830037866,
2020-12-06T00:00:00Z,0.00090793612860149461,-8.3858242888884836e-05,0.00099179437149037931,1.445108838310031e-05,3.7839259570907489e-06,1.0667162426009559e-05,-0,0,0,0.00092238721698459489,0,0.12977749659755758,-0.00031031306688922289,0.064733591765334178,0.065043904832223401,0,0,0,0,0,0,0,0,0,False,1,103129.78456429143,team09-risk-none,0,1,0.0036779203324872611,0.029078133364410161,
2020-12-06T08:00:00Z,0.00047407057121389307,-0.00029036271394590409,0.00076443328515979694,3.7266811101829499e-06,-2.6737184876985135e-06,6.4003995978814639e-06,-0,0,0,0.00047779725232407599,0,0.12859888066352854,0.00059136574908706576,0.064595123206307808,0.064003757457220742,0,0,0,0,0,0,0,0,0,False,1,103179.05969198902,team09-risk-none,0,1,0.0027696202470842701,0.029170143108566925,
2020-12-06T16:00:00Z,0.00058690130854011416,0.0010861919887294139,-0.00049929068018929963,1.2163553287250683e-05,5.818757184889641e-06,6.3447961023610447e-06,-0,0,0,0.00059906486182736485,0,0.12749535373848053,0.0010550594496508917,0.064275206594065715,0.063220147144414832,0,0,0,0,0,0,0,0,0,False,1,103240.87064112688,team09-risk-none,0,1,0.0022847288178788894,0.028837597314623636,
2020-12-07T00:00:00Z,0.00030331965441691245,0.00029388953137693158,9.4301230399808624e-06,1.1674682788209192e-05,-2.9662685743775874e-06,1.4640951362586778e-05,-0,7.2406146158819921e-05,3.6203073079409961e-05,0.00020638511796689177,0.07240614615881992,0.13490101495922324,0,0.067450507479611621,0.067450507479611621,7475.2735692052538,0,0,0,0,0,0,0,0,False,1,103262.17802039316,team09-risk-none,0,1,0.0016875206966272538,0.028760766599721592,
2020-12-07T08:00:00Z,-0.00058264769296244702,0.00027772122662041642,-0.00086036891958286333,2.6255182408078342e-06,-8.8542755945736923e-06,1.147979383538153e-05,-0,0,0,-0.00058002217472163909,0,0.13516697920930132,0.0002924281184664649,0.067729703663883895,0.067437275545417424,0,0,0,0,0,0,0,0,0,False,1,103202.28366733127,team09-risk-none,0,1,0.001490519510686239,0.02861275341061343,
2020-12-07T16:00:00Z,-0.00089420739631372907,-0.00073187029238752719,-0.00016233710392620204,2.0817988111924904e-05,4.3759720589992306e-06,1.6442016052925678e-05,-0,0,0,-0.0008733894082018042,0,0.13636367741081651,-0.00031434949261922515,0.068024663959098647,0.068339013451717862,0,0,0,0,0,0,0,0,0,False,1,103112.14788587399,team09-risk-none,0,1,0.0020515223813737382,0.028670002755260132,
2020-12-08T00:00:00Z,-0.0010514458737840482,-0.00048874371176413388,-0.00056270216201991386,1.1690949950514601e-05,-6.7341871363332572e-06,1.8425137086847859e-05,-0,0,0,-0.0010397549238335335,0,0.13592298506702888,-0.0011914562874484232,0.067365764389790236,0.068557220677238656,0,0,0,0,0,0,0,0,0,False,1,103004.9365224026,team09-risk-none,0,1,0.0029322201809431903,0.028837695404016893,
2020-12-08T08:00:00Z,-0.00064578925174537565,-0.0018817091038758399,0.0012359198521304641,-9.2169034614729023e-06,-7.0533747148276321e-06,-2.1635287466452701e-06,-0,0,0,-0.00065500615520684854,0,0.13616925902718147,-0.0022684343222712979,0.066950412352455066,0.069218846674726373,0,0,0,0,0,0,0,0,0,False,1,102937.46765496374,team09-risk-none,0,1,0.0039897509426285449,0.029077958038756704,
2020-12-08T16:00:00Z,0.0010423277391372282,-0.0026312090640169556,0.003673536803154184,-1.1321916900341604e-05,-6.5115617938279741e-06,-4.8103551065136307e-06,-0,0,0,0.0010310058222368866,0,0.13314217299232239,-0.0029094626318385275,0.065116355180241933,0.068025817812080475,0,0,0,0,0,0,0,0,0,False,1,103043.59678344232,team09-risk-none,0,1,0.0046442390473858675,0.029023710217172437,
2020-12-09T00:00:00Z,-0.00028968525193424026,-0.0024818066276883692,0.0021921213757541288,-9.1264466786345352e-08,-6.0025914271316317e-06,5.9113269603452871e-06,-0,0,0,-0.00028977651640102659,0,0.12668408716547225,-0.0018496929606863378,0.062417197102392956,0.064266890063079285,0,0,0,0,0,0,0,0,0,False,1,103013.73716892899,team09-risk-none,0,1,0.0036068313162607168,0.029010558148260132,
2020-12-09T08:00:00Z,0.00013713272579844949,0.0031132224528950055,-0.0029760897270965565,2.8482379686069688e-06,-5.9949939919424759e-06,8.8432319605494451e-06,-0,0,0,0.00013998096376705645,0,0.12204419773240784,-0.0021446593959758304,0.059949769168216004,0.062094428564191825,0,0,0,0,0,0,0,0,0,False,1,103028.15713113915,team09-risk-none,0,1,0.0038926346059610095,0.029021680057094882,
2020-12-09T16:00:00Z,0.0012334403722302273,0.0018347883095236194,-0.00060134793729339222,4.9032500249780538e-06,-1.0044245465869625e-06,5.9076745715650171e-06,-0,0,0,0.0012383436222552053,0,0.12804051299753316,-0.0019910588503615333,0.063024727073585821,0.06501578592394737,0,0,0,0,0,0,0,0,0,False,1,103155.7413924352,team09-risk-none,0,1,0.0037511512435807193,0.029024147708698884,
2020-12-10T00:00:00Z,0.00043155086142449169,-0.0008762558920991459,0.0013078067535236375,-1.638980274627077e-06,-6.1063083871062843e-06,4.4673281124792071e-06,-0,6.7630174725898668e-05,3.3815087362949334e-05,0.00032846661906101656,0.067630174725898676,0.13244525414735889,1.3877787807814457e-17,0.066222627073679458,0.066222627073679444,6976.4408143500104,0,0,0,0,0,0,0,0,False,1,103189.6246100471,team09-risk-none,0,1,0.0025239785640901458,0.029321715284010379,
2020-12-10T08:00:00Z,8.5259249857304993e-06,-0.0010065798131597917,0.0010151057381455222,5.0748421742702196e-06,-1.4131900309208283e-06,6.4880322051910477e-06,-0,0,0,1.3600767160000719e-05,0,0.13019716072985404,0.00043717513748049372,0.065317167933667264,0.064879992796186767,0,0,0,0,0,0,0,0,0,False,1,103191.02806810476,team09-risk-none,0,1,0.0021896419001494749,0.028815791008216584,
2020-12-10T16:00:00Z,0.00017002580658122715,0.00020652886080480868,-3.650305422358157e-05,1.6883550240667794e-06,-4.6981477496683364e-06,6.3865027737351174e-06,-0,0,0,0.00017171416160529396,0,0.12816974410657028,0.00043990428518473831,0.064304824195877505,0.063864919910692763,0,0,0,0,0,0,0,0,0,False,1,103208.74742897466,team09-risk-none,0,1,0.0021794500145646545,0.028777375669498562,
2020-12-11T00:00:00Z,0.00040966467469111598,-0.0019612997143211666,0.0023709643890122826,7.8084850335457646e-06,6.2338867204629461e-07,7.1850963614994698e-06,-0,0,0,0.00041747315972466174,0,0.12828956529086177,0.00062538731683048701,0.064457476303846128,0.063832088987015645,0,0,0,0,0,0,0,0,0,False,1,103251.83431087506,team09-risk-none,0,1,0.002002002265589109,0.028738204121921546,
2020-12-11T08:00:00Z,0.00074589147014057777,0.0015856261684321681,-0.0008397346982915901,2.7341962828479727e-05,2.0412752672126757e-05,6.9292101563529701e-06,-0,0,0,0.00077323343296905754,0,0.12401109336839938,0.0010558533906998967,0.062533473379549648,0.061477619988849749,0,0,0,0,0,0,0,0,0,False,1,103331.67208117961,team09-risk-none,0,1,0.0015658625302548135,0.02875175588794188,
2020-12-11T16:00:00Z,-0.00030421807011169952,-0.00079563796640702729,0.00049141989629532777,3.5737205521583354e-05,2.9510064890643918e-05,6.2271406309394301e-06,-0,0,0,-0.00026848086459011617,0,0.12630659627838109,0.0017682343126293742,0.064037415295505218,0.062269180982875844,0,0,0,0,0,0,0,0,0,False,1,103303.92950451971,team09-risk-none,0,1,0.00078545152568465504,0.028849263801401664,
2020-12-12T00:00:00Z,-0.00053821064209397089,0.0025288978293811575,-0.0030671084714751287,3.4325614215054381e-05,2.8146563174494853e-05,6.1790510405595298e-06,-0,0,0,-0.00050388502787891655,0,0.12514333941738895,0.001566560455038956,0.063354949936213961,0.061788389481175002,0,0,0,0,0,0,0,0,0,False,1,103251.87620112133,team09-risk-none,0,1,0.001055131565061318,0.028867655886681678,
2020-12-12T08:00:00Z,0.00031197297655985706,-0.0010194469901530004,0.0013314199667128575,5.288031462926754e-06,-1.2042289390815346e-06,6.492260402008288e-06,-0,0,0,0.00031726100802278377,0,0.13076534636389744,0.00092082494564625292,0.065843085654771843,0.064922260709125601,0,0,0,0,0,0,0,0,0,False,1,103284.63399544514,team09-risk-none,0,1,0.0015874762609137116,0.028778956419738783,
2020-12-12T16:00:00Z,4.5910889959941298e-05,0.00085256923446589382,-0.00080665834450595255,2.4693027667833969e-06,-4.7006961335117138e-06,7.1699989002951094e-06,-0,0,0,4.8380192726724697e-05,0,0.12830384261729416,0.0012600870455750056,0.064781964831434571,0.063521877785859562,0,0,0,0,0,0,0,0,0,False,1,103289.63092594355,team09-risk-none,0,1,0.0012735340292074904,0.028769397008285454,
2020-12-13T00:00:00Z,-0.0002821690086734132,0.001303470470370515,-0.0015856394790439282,-1.2690678164141823e-07,-6.5619976735889364e-06,6.4350908919475187e-06,-0,5.7745575840947412e-05,2.8872787920473706e-05,-0.0003689142792164757,0.057745575840947416,0.13151139130297629,3.4694469519536142e-18,0.065755695651488144,0.065755695651488144,5964.5192162175408,0,0,0,0,0,0,0,0,False,1,103251.52590619997,team09-risk-none,0,1,0.0012278084725320104,0.028710392491333239,
2020-12-13T08:00:00Z,0.00070503968037438516,0.00079350803332159945,-8.846835294721435e-05,-1.7810093209583697e-07,-7.1483430716830591e-06,6.970242139587222e-06,-0,0,0,0.00070486157944228938,0,0.1344612185425722,-0.00031408019987198138,0.0670735691713501,0.067387649371222089,0,0,0,0,0,0,0,0,0,False,1,103324.30393983003,team09-risk-none,0,1,0.0015963209081081287,0.028626753915487718,
2020-12-13T16:00:00Z,0.00067261876162612289,0.00056083457064082102,0.00011178419098530197,7.6398087343336325e-06,-6.7810246363900493e-06,1.4420833370723679e-05,-0,0,0,0.00068025857036045656,0,0.13519645655048707,0.00042300007060466077,0.067809728310545866,0.067386728239941213,0,0,0,0,0,0,0,0,0,False,1,103394.59118311162,team09-risk-none,0,1,0.00088477358103000725,0.028655074944850058,
2020-12-14T00:00:00Z,-0.00019735968979174912,-0.00033384366842909127,0.00013648397863734221,2.4445663398496844e-06,-6.8350778294683338e-06,9.2796441693180173e-06,-0,2.3720767251915816e-05,1.1860383625957908e-05,-0.00023049627432977318,0.023720767251915815,0.11188412476427487,0.010789665499840985,0.061336895132057923,0.050547229632216931,2452.599032561578,0,0,0,0,0,0,0,0,False,1,103370.75911505807,team09-risk-none,0.023720767251915815,1,0.00021031102256119372,0.028729371732783553,
2020-12-14T08:00:00Z,-0.00050608178487557428,0.00028317236810681038,-0.00078925415298238487,1.637433056409431e-06,-6.1011002989781451e-06,7.7385333553875765e-06,-0,0,0,-0.00050444435181916489,0,0.11143659156722821,0.01058521460979564,0.061010903088511925,0.050425688478716285,0,0,0,0,0,0,0,0,0,False,1,103318.61431947922,team09-risk-none,0,1,0.00044156559654395799,0.028623239592917397,
2020-12-14T16:00:00Z,0.00026478346822244556,0.0002069171434233384,5.7866324799107231e-05,1.6684293996576836e-06,-4.3568085793316704e-06,6.0252379789893538e-06,-0,0,0,0.00026645189762210323,0,0.11261149004177907,0.010085957587036563,0.06134872381440782,0.051262766227371262,0,0,0,0,0,0,0,0,0,False,1,103346.14376032434,team09-risk-none,0,1,0.00094575623611525828,0.028620330394256606,
2020-12-15T00:00:00Z,-4.6894313392385511e-05,-0.0003888923070444296,0.00034199799365204408,-3.0856190807552558e-07,-6.1461967898192357e-06,5.8376348817437106e-06,-0,0,0,-4.7202875300461038e-05,0,0.11267231472938669,0.010351403747625776,0.061511859238506231,0.051160455490880455,0,0,0,0,0,0,0,0,0,False,1,103341.26552518764,team09-risk-none,0,1,0.00068153198157150374,0.028621475705187516,
2020-12-15T08:00:00Z,-0.00096810993765837118,-6.9581543552842381e-05,-0.0008985283941055287,1.3689041372704252e-06,-5.4636091075788934e-06,6.8325132448493187e-06,-0,0,0,-0.00096674103352110063,0,0.11193115705554857,0.010313195299860517,0.061122176177704546,0.05080898087784403,0,0,0,0,0,0,0,0,0,False,1,103241.36128334844,team09-risk-none,0,1,0.00072702644241418035,0.028591879581248418,
2020-12-15T16:00:00Z,-0.00032460872177944399,-0.00034732435086537027,2.2715629085926257e-05,8.579108766332277e-06,-3.1470877397897955e-06,1.1726196506122073e-05,-0,0,0,-0.00031602961301311169,0,0.1129140453656958,0.0093215377968065578,0.061117791581251177,0.051796253784444621,0,0,0,0,0,0,0,0,0,False,1,103208.73395589511,team09-risk-none,0,1,0.0016858666422078228,0.028774747157311174,
2020-12-16T00:00:00Z,0.00077259804954642316,0.00027479720291914987,0.00049780084662727324,1.4949382971488264e-06,-6.1192378485609576e-06,7.6141761457097849e-06,-0,4.7641874403468374e-05,2.3820937201734187e-05,0.00070263017623836937,0.047641874403468371,0.13381470981992566,1.0408340855860843e-17,0.066907354909962843,0.06690735490996283,4917.0575404677356,0,0,0,0,0,0,0,0,False,1,103281.25152682388,team09-risk-none,0,1,0.0020084334032538509,0.028771399276361246,
2020-12-16T08:00:00Z,0.0013663264937694185,0.0039942059325593837,-0.0026278794387899658,2.9774973243018176e-06,-4.6354485300249343e-06,7.6129458543267507e-06,-0,0,0,0.0013693039910937204,0,0.13349489264330258,0.00077739791781032859,0.067136145280556447,0.066358747362746134,0,0,0,0,0,0,0,0,0,False,1,103422.67495674471,team09-risk-none,0,1,0.0013057337941404512,0.028484925513666583,
2020-12-16T16:00:00Z,0.0016219451111115142,0.0025236157720256664,-0.00090167066091415211,2.8396357911796817e-06,-2.7201120019468609e-05,3.0040755810648294e-05,-0,0,0,0.0016247847469026938,0,0.13988994277171246,0.0021686686706714328,0.071029305721191954,0.068860637050520507,0,0,0,0,0,0,0,0,0,False,1,103590.71454149831,team09-risk-none,0,1,0,0.028663578536972961,
2020-12-17T00:00:00Z,9.1346920690892035e-06,0.00045704682468513497,-0.00044791213261604582,1.3295537014921776e-05,-1.7310484395606609e-05,3.0606021410528378e-05,-0,0,0,2.2430229084010978e-05,0,0.14314207181213609,0.0037606668661443465,0.073451369339140232,0.069690702472995872,0,0,0,0,0,0,0,0,0,False,1,103593.03810495645,team09-risk-none,0,1,0,0.029087878403794433,
2020-12-17T08:00:00Z,0.0018883079646245097,0.003252958761122957,-0.0013646507964984471,1.5995959745798892e-05,-2.4421937953084998e-05,4.04178976988839e-05,-0,0,0,0.0019043039243703086,0,0.14396305832815837,0.0037398463578687622,0.073851452343013574,0.070111605985144806,0,0,0,0,0,0,0,0,0,False,1,103790.31073395716,team09-risk-none,0,1,0,0.028885404942654715,
2020-12-17T16:00:00Z,0.00036231245120374336,-0.0028745609784844943,0.0032368734296882372,2.1840270349274025e-05,-6.9237713707218353e-05,9.1077984056492375e-05,-0,0,0,0.00038415272155301733,0,0.14828309925073785,0.0056017819284919518,0.076942440589614913,0.071340658661122963,0,0,0,0,0,0,0,0,0,False,1,103830.18206429644,team09-risk-none,0,1,0,0.029559124670766809,
2020-12-18T00:00:00Z,0.001734051570715151,0.0024427032466607227,-0.00070865167594557125,1.0739478571868725e-05,-1.6338109240608026e-05,2.7077587812476752e-05,-0,0,0,0.0017447910492870199,0,0.14217732457232435,0.0060170371539318796,0.074097180863128109,0.068080143709196239,0,0,0,0,0,0,0,0,0,False,1,104011.34403660808,team09-risk-none,0,1,0,0.029382755871337877,
2020-12-18T08:00:00Z,-0.00094877422931581156,-0.0024113848662501115,0.0014626106369342998,4.6764743256076174e-06,-2.7904877289318491e-05,3.2581351614926105e-05,-0,0,0,-0.00094409775499020401,0,0.1450031212493211,0.0077155393973245461,0.07635933032332283,0.068643790925998288,0,0,0,0,0,0,0,0,0,False,1,103913.1471602096,team09-risk-none,0,1,0,0.029758561269375903,
2020-12-18T16:00:00Z,0.00031254031107346016,0.002290698543955149,-0.001978158232881689,6.099039478175267e-06,-2.5845855487771945e-05,3.1944894965947208e-05,-0,0,0,0.00031863935055163547,0,0.14133164388643277,0.0067988669772027664,0.074065255431817772,0.067266388454615009,0,0,0,0,0,0,0,0,0,False,1,103946.25797793451,team09-risk-none,0,1,0.0009426765395245118,0.029986033985971924,
2020-12-19T00:00:00Z,-0.00103820535823775,0.00069555037754952991,-0.0017337557357872799,2.0723669417594515e-05,-1.4591143739599279e-05,3.5314813157193802e-05,-0,4.2557767193199756e-05,2.1278883596599878e-05,-0.0010813183396099549,0.042557767193199765,0.13672658512924982,1.7347234759768071e-18,0.068363292564624908,0.068363292564624922,4423.7206476292204,0,0,0,0,0,0,0,0,False,1,103833.85898284914,team09-risk-none,0,1,0.00060972215271948293,0.029841214893712293,
2020-12-19T08:00:00Z,0.0010014220665020457,0.0018499513807263904,-0.00084852931422434467,4.1573347718278768e-05,-9.3886064841322434e-06,5.096195420241101e-05,-0,0,0,0.0010429954142203246,0,0.13929511735736863,-0.0010423371201208464,0.069126390118623898,0.070168727238744746,0,0,0,0,0,0,0,0,0,False,1,103942.15722160906,team09-risk-none,0,1,0.0016695671855294636,0.030115624859360385,
2020-12-19T16:00:00Z,0.0013281485113644923,-0.00033157213540684619,0.0016597206467713385,5.5047547889416226e-05,-2.7986261960772779e-05,8.3033809850189001e-05,-0,0,0,0.0013831960592539084,0,0.1418439792795731,-6.5718476979647819e-05,0.070889130401296713,0.070954848878276369,0,0,0,0,0,0,0,0,0,False,1,104085.92960386834,team09-risk-none,0,1,0.00061484794786548225,0.030271383844602186,
2020-12-20T00:00:00Z,-0.00061613864086979139,-0.00018098375744026574,-0.00043515488342952576,3.5531842109840406e-05,-1.8500131477147284e-05,5.4031973586987686e-05,-0,0,0,-0.00058060679875995109,0,0.13964747099126429,0.0012879757778472885,0.070467723384555786,0.069179747606708503,0,0,0,0,0,0,0,0,0,False,1,104025.49660548508,team09-risk-none,0,1,0,0.030562354724113155,
2020-12-20T08:00:00Z,-0.00059601424126640883,-0.00035429045376104691,-0.00024172378750536184,3.0774372253488174e-05,-1.1065476090080741e-05,4.1839848343568913e-05,-0,0,0,-0.00056523986901292069,0,0.13990508188179163,0.00065242365463792987,0.070278752768214797,0.069626329113576857,0,0,0,0,0,0,0,0,0,False,1,103966.69724740979,team09-risk-none,0,1,0.00058536133745956676,0.030294232387201116,
2020-12-20T16:00:00Z,0.00061703374135365805,-0.001776669382008513,0.0023937031233621712,1.9833490338766187e-05,-2.7200629045364457e-05,4.7034119384130637e-05,-0,0,0,0.0006368672316924242,0,0.13994678948692671,7.3302972580772778e-05,0.07001004622975375,0.069936743257172973,0,0,0,0,0,0,0,0,0,False,1,104032.91023007395,team09-risk-none,0,1,0.0011611982975484603,0.03038201209131066,
2020-12-21T00:00:00Z,0.0012248680173750906,0.0023769942221471964,-0.0011521262047721058,2.0448090279853236e-05,-5.0142849332198837e-06,2.5462375213073113e-05,-0,0,0,0.001245316107654944,0,0.13573535934704792,0.00071052427705910193,0.068222941812053517,0.067512417534994415,0,0,0,0,0,0,0,0,0,False,1,104162.46408890968,team09-risk-none,0,1,0.00052445632995157254,0.030441572624542029,
2020-12-21T08:00:00Z,0.00010973428799269865,-0.0044606377426257482,0.0045703720306184466,3.7456387078325639e-05,-1.7056890737849911e-07,3.7626955985704134e-05,-0,0,0,0.00014719067507102429,0,0.13903950621845201,0.0019206130887124704,0.070480059653582228,0.068559446564869758,0,0,0,0,0,0,0,0,0,False,1,104177.79583231598,team09-risk-none,0,1,0,0.029278113180598829,
2020-12-21T16:00:00Z,4.8715398718627996e-05,-0.00014715439530058126,0.00019586979401920923,2.1632387786607142e-05,2.4477534833437285e-06,1.9184634303263412e-05,-0,0,0,7.0347786505235135e-05,0,0.13007184385114276,0.0020297625701132926,0.06605080321062802,0.064021040640514726,0,0,0,0,0,0,0,0,0,False,1,104185.12450965578,team09-risk-none,0,1,0,0.028920155231433826,
2020-12-22T00:00:00Z,0.00081135908865779833,-0.00077624977140193876,0.0015876088600597369,6.9421719787147145e-06,1.8330958059678755e-07,6.7588623981179256e-06,-0,5.7314881539506974e-05,2.8657440769753487e-05,0.00073232893832725257,0.057314881539506972,0.1342645385967553,3.4694469519536142e-18,0.06713226929837765,0.06713226929837765,5971.3580694497059,0,0,0,0,0,0,0,0,False,1,104261.42229127743,team09-risk-none,0,1,0,0.028906462168603826,
2020-12-22T08:00:00Z,0.00142589574494557,0.0040799336745538589,-0.0026540379296082894,6.9037849250822697e-07,-6.8706705218639273e-06,7.5610490143721543e-06,-0,0,0,0.0014265861234380782,0,0.13177521650088131,0.0008355840794156983,0.066305400290148503,0.065469816210732806,0,0,0,0,0,0,0,0,0,False,1,104410.16018952808,team09-risk-none,0,1,0,0.028456095974783258,
2020-12-22T16:00:00Z,0.00097962624722358269,0.00036669011482155957,0.00061293613240202306,7.7598150019194063e-06,6.3091279835502233e-07,7.1289022035643841e-06,-0,0,0,0.00098738606222550213,0,0.13833923535817882,0.0022365959900041248,0.070287915674091483,0.068051319684087369,0,0,0,0,0,0,0,0,0,False,1,104513.25332645395,team09-risk-none,0,1,0,0.028616019442539397,
2020-12-23T00:00:00Z,0.0012185554981549527,-0.00053221219981308037,0.0017507676979680331,1.4408606920357867e-06,-8.9198970722602647e-06,1.0360757764296051e-05,-0,0,0,0.0012199963588469885,0,0.13800448216358799,0.0032175243773011671,0.070611003270444575,0.067393478893143413,0,0,0,0,0,0,0,0,0,False,1,104640.75911496348,team09-risk-none,0,1,0,0.028694563016220264,
2020-12-23T08:00:00Z,0.0021572261612394701,-0.001178476483896183,0.0033357026451356535,1.2322354991574529e-05,5.1681954751951654e-06,7.1541595163793633e-06,-0,0,0,0.0021695485162310448,0,0.13552630003265703,0.0044083119459192282,0.069967305989288131,0.065558994043368901,0,0,0,0,0,0,0,0,0,False,1,104867.78231863864,team09-risk-none,0,1,0,0.028911526286990782,
2020-12-23T16:00:00Z,0.0023984755003250932,-0.0033160735968006038,0.0057145490971256974,1.7597297290008994e-05,1.1389785277701693e-05,6.2075120123073021e-06,-0,0,0,0.0024160727976151024,0,0.13072143260868535,0.006573377032781263,0.06864740482073331,0.062074027787952041,0,0,0,0,0,0,0,0,0,False,1,105121.15051484492,team09-risk-none,0,1,0,0.029716924620924273,
2020-12-24T00:00:00Z,-0.0017516995042531412,-0.0011051366324816595,-0.00064656287177148133,1.487491650994556e-05,1.1170230384528693e-05,3.7046861254168671e-06,-0,0,0,-0.0017368245877431958,0,0.12143529325296143,0.0089505658209650049,0.065192929536963207,0.056242363715998202,0,0,0,0,0,0,0,0,0,False,1,104938.57351593889,team09-risk-none,0,1,0,0.030699524796810679,
2020-12-24T08:00:00Z,9.1059150631784752e-05,0.0033626929331949597,-0.0032716337825631748,1.83129740242001e-06,-1.9719322408407795e-06,3.8032296432607895e-06,-0,0,0,9.2890448034204761e-05,0,0.12109947466599144,0.0072131440912078307,0.064156309378599632,0.056943165287391809,0,0,0,0,0,0,0,0,0,False,1,104948.32130704886,team09-risk-none,0,1,0.0017498453586896057,0.031444573608839649,
2020-12-24T16:00:00Z,-0.00036940396904804263,0.0016307453676272219,-0.0020001493366752646,2.4210237768625681e-05,1.8184322447938139e-05,6.0259153206875399e-06,-0,0,0,-0.00034519373127941694,0,0.12780756054414294,0.0072921718366075047,0.067549866190375216,0.060257694353767703,0,0,0,0,0,0,0,0,0,False,1,104912.09380442537,team09-risk-none,0,1,0.001634775639655639,0.031441210101115641,
2020-12-25T00:00:00Z,0.00084195767291588377,0.0010217951864532691,-0.00017983751353738524,1.2906763097312521e-05,6.9663658030643987e-06,5.9403972942481193e-06,-0,5.4857200139239173e-05,2.7428600069619586e-05,0.00077257863580433767,0.054857200139239164,0.13391331494042596,8.6736173798840355e-19,0.066956657470212969,0.066956657470212969,5755.1837268559957,0,0,0,0,0,0,0,0,False,1,104993.14664673618,team09-risk-none,0,1,0.0019906858840370578,0.031230537621516747,
2020-12-25T08:00:00Z,0.00092510711189408188,0.00040849488083617675,0.00051661223105790497,1.6680783590986371e-05,1.0563337371659201e-05,6.1174462193271708e-06,-0,0,0,0.00094178789548506818,0,0.13493778196002271,0.00082409472550829411,0.067880938342765484,0.067056843617257195,0,0,0,0,0,0,0,0,0,False,1,105092.02792135696,team09-risk-none,0,1,0.0012158758407398995,0.030763152083583673,
2020-12-25T16:00:00Z,0.0019287493124629338,0.0019607664516423811,-3.2017139179447767e-05,6.9861320642448105e-06,3.3492442387498386e-07,6.6512076403698287e-06,-0,0,0,0.0019357354445271786,0,0.13477925634791518,0.0017560328583255454,0.068267644603120375,0.066511611744794821,0,0,0,0,0,0,0,0,0,False,1,105295.45828474157,team09-risk-none,0,1,0.00028492486397513339,0.030478156451118558,
2020-12-26T00:00:00Z,0.0023091144861691294,0.00051349226220018013,0.0017956222239689493,1.0025788700792428e-05,3.3855763277402975e-06,6.6402123730521309e-06,-0,0,0,0.0023191402748699219,0,0.13644803596441946,0.0036451199573515804,0.070046577960885509,0.066401458003533934,0,0,0,0,0,0,0,0,0,False,1,105539.65322281061,team09-risk-none,0,1,0,0.030883601464735157,
2020-12-26T08:00:00Z,0.0022930551804218654,0.0012736161358326752,0.0010194390445891898,1.3468789927510647e-05,1.1341694264520804e-05,2.1270956629898432e-06,-0,0,0,0.0023065239703493759,0,0.13488016004855399,0.0059722971137616031,0.070426228581157796,0.064453931467396197,0,0,0,0,0,0,0,0,0,False,1,105783.08296279138,team09-risk-none,0,1,0,0.031343276165467046,
2020-12-26T16:00:00Z,0.0014971857585474504,0.0025186393355809602,-0.00102145357703351,1.8400515697004997e-05,1.8999034290628441e-05,-5.9851859362344544e-07,-0,0,0,0.0015155862742444555,0,0.13482395497867791,0.0082219571928519516,0.071522956085764922,0.063300998892912991,0,0,0,0,0,0,0,0,0,False,1,105943.40635137705,team09-risk-none,0,1,0,0.031349413780710163,
2020-12-27T00:00:00Z,0.00094469614447255574,0.0016607398140613897,-0.00071604366958883379,-1.222114015807258e-07,-6.541899978606355e-06,6.4196885770256305e-06,-0,0,0,0.00094457393307097507,0,0.13809879460644475,0.0097050073747474395,0.073901900990596098,0.064196893615848655,0,0,0,0,0,0,0,0,0,False,1,106043.4777313973,team09-risk-none,0,1,0,0.031582381066139066,
2020-12-27T08:00:00Z,-0.0023597038410444627,0.0010490784975207075,-0.0034087823385651702,-1.8902240945989449e-06,-8.3744186606961596e-06,6.4841945660972145e-06,-0,0,0,-0.0023615940651390615,0,0.14035931140801711,0.010675174953993408,0.07551724318100525,0.064842068227011843,0,0,0,0,0,0,0,0,0,False,1,105793.04608374013,team09-risk-none,0,1,0,0.031639698484699288,
2020-12-27T16:00:00Z,-0.0011010026974753576,-0.0041301117256132974,0.0030291090281379393,-1.6048316879799936e-05,-2.2887931987309081e-05,6.8396151075091426e-06,-0,0,0,-0.0011170510143551577,0,0.1451189234864203,0.0083244260147945955,0.076721674750607441,0.068397248735812849,0,0,0,0,0,0,0,0,0,False,1,105674.86985430057,team09-risk-none,0,1,0.0023757187489551468,0.033005458054026028,
2020-12-28T00:00:00Z,0.0014495797938391219,0.0036331471776936061,-0.0021835673838544846,-1.4806803410256475e-05,-2.1352034824460218e-05,6.5452314142037456e-06,-0,7.3366891727556937e-05,3.6683445863778468e-05,0.0013247226528375301,0.073366891727556949,0.14174579511653637,-6.9388939039072284e-18,0.070872897558268172,0.070872897558268172,7753.0367349241415,0,0,0,0,0,0,0,0,False,1,105814.85974823222,team09-risk-none,0,1,0.0034888787639733021,0.033376349857024659,
2020-12-28T08:00:00Z,-0.0004940388121133911,-0.00037078843820841529,-0.00012325037390497579,-1.0149561783585758e-05,-1.8112682097759905e-05,7.9631203141741506e-06,-0,0,0,-0.00050418837389697689,0,0.14745792952625636,0.0014508494487389945,0.074454389487497677,0.073003540038758682,0,0,0,0,0,0,0,0,0,False,1,105761.50912616162,team09-risk-none,0,1,0.0021641306979531816,0.033561761042986013,
2020-12-28T16:00:00Z,-0.00047764631053322742,0.0013134923050969808,-0.0017911386156302085,-1.5705885184948858e-05,-2.8297371180043147e-05,1.2591485995094288e-05,-0,0,0,-0.00049335219571817633,0,0.14722839595730253,0.00095949460269534673,0.074093945279998935,0.073134450677303592,0,0,0,0,0,0,0,0,0,False,1,105709.33145341175,team09-risk-none,0,1,0.0026727695019773678,0.033656945333696696,
2020-12-29T00:00:00Z,0.0006037107549806414,-0.0021292154649212558,0.0027329262199018971,-2.0257898808135851e-07,-1.4645112509906171e-05,1.4442533521824811e-05,-0,0,0,0.00060350817599255993,0,0.15042664457903099,0.00048856938616133674,0.075457606982596181,0.074969037596434834,0,0,0,0,0,0,0,0,0,False,1,105773.1278992226,team09-risk-none,0,1,0.0031493485969812385,0.033763169795385552,
2020-12-29T08:00:00Z,0.0012887702137511124,-0.0003519830426295693,0.0016407532563806814,-1.0267168489385924e-05,-1.8258324345758646e-05,7.9911558563727248e-06,-0,0,0,0.0012785030452617263,0,0.1454190048830315,0.0011117937202586269,0.073265399301645065,0.072153605581386449,0,0,0,0,0,0,0,0,0,False,1,105908.35916534861,team09-risk-none,0,1,0.0025577800281828544,0.03375920244348634,
2020-12-29T16:00:00Z,-0.00018286638600311891,0.0020814025321078231,-0.0022642689181109417,-9.8056696025070886e-06,-1.6850432471817478e-05,7.0447628693103882e-06,-0,0,0,-0.00019267205560562599,0,0.14328789958566598,0.0023912606135684019,0.07283958009961719,0.070448319486048794,0,0,0,0,0,0,0,0,0,False,1,105887.9535840824,team09-risk-none,0,1,0.001282086200751209,0.033728497995130946,
2020-12-30T00:00:00Z,0.00058261996955304011,-0.0005706752351024234,0.0011532952046554635,-1.0924269387120552e-05,-1.9997164739490805e-05,9.0728953523702517e-06,-0,0,0,0.00057169570016591949,0,0.1476669174191787,0.002196146386054601,0.074931531902616644,0.072735385516562057,0,0,0,0,0,0,0,0,0,False,1,105948.48927184578,team09-risk-none,0,1,0.0014756281955223827,0.033769498770187409,
2020-12-30T08:00:00Z,-0.001472883830301825,-0.0011604562222349523,-0.00031242760806687262,-2.0545427707999606e-05,-3.1499820313166594e-05,1.0954392605166985e-05,-0,0,0,-0.0014934292580098248,0,0.14585190852757152,0.0027597874952076315,0.074305848011389564,0.071546060516181939,0,0,0,0,0,0,0,0,0,False,1,105790.26269812527,team09-risk-none,0,1,0.00091438866398774188,0.03365415452347862,
2020-12-30T16:00:00Z,0.002073158896082753,0.0014603351671124026,0.00061282372897035052,-1.1608884178833336e-05,-2.1392213605615829e-05,9.7833294267824948e-06,-0,0,0,0.0020615500119039198,0,0.14519819002334902,0.0013046332263613476,0.073251411624855184,0.071946778398493838,0,0,0,0,0,0,0,0,0,False,1,106008.35461544991,team09-risk-none,0,1,0.002397537125883642,0.033825471966417109,
2020-12-31T00:00:00Z,-4.2660735404789482e-05,0.00031194731151245735,-0.0003546080469172468,-2.3815580620858806e-06,-1.3761149833956659e-05,1.1379591771870778e-05,-0,3.9557109906643507e-05,1.9778554953321753e-05,-0.00010437795832684063,0.039557109906643503,0.14491307197290654,6.9388939039072284e-18,0.072456535986453269,0.072456535986453269,4193.3841345457913,0,0,0,0,0,0,0,0,False,1,105997.28967982956,team09-risk-none,0,1,0.00033170546933969369,0.034383523638181562,
2020-12-31T08:00:00Z,-0.0014651153624895893,-0.00086030005504857067,-0.00060481530744101858,-1.3627114226289848e-05,-2.2206325575783215e-05,8.579211349493364e-06,-0,0,0,-0.0014787424767158791,0,0.14551402072815098,-2.4521870975270643e-05,0.072744749428587843,0.072769271299563121,0,0,0,0,0,0,0,0,0,False,1,105840.54698516324,team09-risk-none,0,1,0.00044728948425010184,0.03342539197207086,
2020-12-31T16:00:00Z,-0.0010328230899290724,0.0018970915480340659,-0.0029299146379631381,-5.5720863630257754e-06,-1.4420974665527534e-05,8.8488883025017622e-06,-0,0,0,-0.001038395176292098,0,0.14550840030358431,-0.0014804013364521085,0.072013999483566099,0.073494400820018208,0,0,0,0,0,0,0,0,0,False,1,105730.64267171772,team09-risk-none,0,1,0.0019173309064993704,0.033544347095796151,
2021-01-01T00:00:00Z,0.00029868901770646909,0.00046577603100782027,-0.000167087013301351,-3.3914278618062085e-06,-1.3154991644570317e-05,9.7635637827641085e-06,-0,0,0,0.00029529758984466289,0,0.15058102939745563,-0.0026519606836179418,0.073964534356918854,0.076616495040536789,0,0,0,0,0,0,0,0,0,False,1,105761.86467567142,team09-risk-none,0,1,0.0029515609060982717,0.033834628101806645,
2021-01-01T08:00:00Z,-0.0038406472412386402,-0.00095047295522954342,-0.0028901742860090967,-1.1703142732088452e-05,-3.0845853535708651e-05,1.9142710803620208e-05,-0,0,0,-0.0038523503839707285,0,0.15107327248975605,-0.0022140268613356703,0.074429622814210186,0.07664364967554585,0,0,0,0,0,0,0,0,0,False,1,105354.43291567863,team09-risk-none,0,1,0.0026654245627115714,0.033804940602643919,
2021-01-01T16:00:00Z,-2.8646012058825946e-05,-0.0020405959780031842,0.0020119499659443582,-5.5884903602291267e-05,-3.8617886805393529e-05,-1.7267016796897741e-05,-0,0,0,-8.453091566111722e-05,0,0.15354277369321062,-0.0060665848545066459,0.073738094419352002,0.079804679273858634,0,0,0,0,0,0,0,0,0,False,1,105345.52720899531,team09-risk-none,0,1,0.0065514015588125085,0.036388767911115692,
2021-01-02T00:00:00Z,-0.0002232703377150351,-0.00012550259272521919,-9.7767744989815905e-05,6.4468097301482716e-07,-1.5969792580577276e-05,1.6614473553592102e-05,-0,0,0,-0.00022262565674202028,0,0.14957869705016386,-0.0061211436939274388,0.071728776678118195,0.077849920372045647,0,0,0,0,0,0,0,0,0,False,1,105322.07459181557,team09-risk-none,0,1,0.0065792210507622517,0.036055700039451674,
2021-01-02T08:00:00Z,0.0038445277451836196,0.0035997630253500009,0.00024476471983361829,-2.1150272700710247e-06,-2.3315225015760337e-05,2.1200197745689313e-05,-0,0,0,0.0038424127179135484,0,0.14958830465850786,-0.0063736845944295101,0.071607310032039156,0.07798099462646868,0,0,0,0,0,0,0,0,0,False,1,105726.76547070421,team09-risk-none,0,1,0.0068031229435028262,0.035648604628470602,
2021-01-02T16:00:00Z,0.00048977679276703229,-0.000271468830634458,0.00076124562340149017,-2.1169123122914994e-05,-5.0831371151716499e-05,2.9662248028801505e-05,-0,0,0,0.00046860766964411735,0,0.1523011174931389,-0.0024748804401206748,0.074913118526509115,0.07738799896662979,0,0,0,0,0,0,0,0,0,False,1,105776.30984389044,team09-risk-none,0,1,0.0030058478560031077,0.037760928282673481,
2021-01-03T00:00:00Z,0.0014055522517906153,0.0007356104947492813,0.00066994175704133377,-8.0222535648074875e-06,-4.672495558602087e-05,3.8702702021213381e-05,-0,6.058840308515792e-05,3.029420154257896e-05,0.0013066473935980708,0.060588403085157914,0.13868967820565697,-6.9388939039072284e-18,0.069344839102828487,0.069344839102828487,6408.8176976821915,0,0,0,0,0,0,0,0,False,1,105914.52218345238,team09-risk-none,0,1,0.0025255349778369185,0.037762466421958588,
2021-01-03T08:00:00Z,-0.00066078785386698561,0.0050510838385670115,-0.0057118716924339967,-2.8201910782656908e-05,-5.2192294684456434e-05,2.3990383901799526e-05,-0,0,0,-0.00068898976464964253,0,0.13853776369460827,0.0014088869269436449,0.06997332531077595,0.068564438383832318,0,0,0,0,0,0,0,0,0,False,1,105841.54816174023,team09-risk-none,0,1,0.0012423427235164208,0.037769156626722457,
2021-01-03T16:00:00Z,0.0020316630828767601,0.0034471042899101054,-0.0014154412070333455,-2.8275719998830884e-05,-0.00010912628951226919,8.0850569513438294e-05,-0,0,0,0.0020033873628779292,0,0.14940826793991535,0.00069373077751211376,0.075050999358713733,0.074357268581201619,0,0,0,0,0,0,0,0,0,False,1,106053.58978179489,team09-risk-none,0,1,0.0019305501955523274,0.037695498873951384,
2021-01-04T00:00:00Z,7.9219518578153619e-05,0.0012000360240201323,-0.0011208165054419788,-3.0774373186847243e-05,-0.00014908960308733071,0.00011831522990048345,-0,1.1206595255135639e-05,5.6032976275678197e-06,3.1635252508602912e-05,0.011206595255135638,0.14270902466068966,0.013965934533680169,0.078337479597184914,0.064371545063504745,1188.499656038764,0,0,0,0,0,0,0,0,False,1,106056.94481388708,team09-risk-none,0.011206595255135638,1,0,0.037913813895559645,
2021-01-04T08:00:00Z,-0.00067828555203431381,-0.00087576567570384675,0.00019748012366953299,-8.1510984570428344e-05,-0.00021186856620472957,0.00013035758163430124,-0,0,0,-0.00075979653660474217,0,0.14503427465807556,0.014052382415963915,0.079543328537019731,0.065490946121055812,0,0,0,0,0,0,0,0,0,False,1,105976.3631145346,team09-risk-none,0,1,1.9104525425306385e-05,0.037926705888946609,
2021-01-04T16:00:00Z,0.00074341390740882251,0.0016243557371599193,-0.0008809418297510966,-6.1103298072787484e-08,-3.1597317501137729e-05,3.1536214203064944e-05,-0,0,0,0.00074335280411074974,0,0.14378403971946166,0.013286227228301802,0.078535133473881732,0.065248906245579927,0,0,0,0,0,0,0,0,0,False,1,106055.14094122525,team09-risk-none,0,1,0.00069749347099257175,0.037978492196754067,
2021-01-05T00:00:00Z,-0.00082532872091254175,-0.0027535162403343728,0.0019281875194218311,-8.1012053656209297e-06,-4.513015710952962e-05,3.7028951743908678e-05,-0,0,0,-0.00083342992627816268,0,0.1465171025393428,0.014127100458631719,0.080322101498987261,0.066195001040355542,0,0,0,0,0,0,0,0,0,False,1,105966.7514129292,team09-risk-none,0,1,0,0.037987121619682387,
2021-01-05T08:00:00Z,-4.0412663951644829e-05,0.0053472462150527022,-0.0053876588790043468,-4.4780212294263828e-06,-2.3084472000254197e-05,1.8606450770827811e-05,-0,0,0,-4.4890685181071215e-05,0,0.14191094004243518,0.013277901180491929,0.077594420611463544,0.064316519430971622,0,0,0,0,0,0,0,0,0,False,1,105961.99449285185,team09-risk-none,0,1,0.00082980973248403256,0.038138940849368509,
2021-01-05T16:00:00Z,0.0018592106473270227,0.0020307282052862705,-0.00017151755795924748,-2.1056109759744665e-05,-4.5656350556121381e-05,2.4600240796376716e-05,-0,0,0,0.0018381545375672783,0,0.1526426266398821,0.013238725052843889,0.082940675846362999,0.06970195079351911,0,0,0,0,0,0,0,0,0,False,1,106156.76901383857,team09-risk-none,0,1,0.00089122682939701825,0.038152911274929195,
2021-01-06T00:00:00Z,0.002469199486165316,0.0019559524525570859,0.00051324703360823055,-4.6752009488698315e-05,-9.1270362356177722e-05,4.45183528674794e-05,-0,0.00010528428946617457,5.2642144733087286e-05,0.0022645210424773556,0.10528428946617457,0.14059296587812709,6.9388939039072284e-18,0.070296482939063529,0.070296482939063543,11176.639997646811,0,0,0,0,0,0,0,0,False,1,106397.1632510718,team09-risk-none,0,1,0,0.038516909658308854,
2021-01-06T08:00:00Z,-0.0022503665657168863,0.0022641652346585359,-0.0045145318003754218,-0.00012217719493227785,-0.00011498663829938199,-7.1905566328958462e-06,-0,0,0,-0.0023725437606491638,0,0.14168594740081092,0.0025243285630284981,0.072105137981919698,0.069580809418891207,0,0,0,0,0,0,0,0,0,False,1,106144.7313252497,team09-risk-none,0,1,0,0.03911307335327581,
2021-01-06T16:00:00Z,0.0025191961748154768,0.0028628090628785912,-0.00034361288806311418,-0.00010309219596227078,-0.00016053502584853781,5.7442829886267016e-05,-0,0,0,0.0024161039788532061,0,0.14888509595385563,0.00024341885318904938,0.074564257403522335,0.074320838550333279,0,0,0,0,0,0,0,0,0,False,1,106401.18803293894,team09-risk-none,0,1,0.0023535017151707915,0.040114831523638483,
2021-01-07T00:00:00Z,-0.0019585855118468441,-0.0012314228588742623,-0.00072716265297258144,-8.3379023528436011e-05,-7.8381421758159979e-05,-4.9976017702760121e-06,-0,0,0,-0.00204196453537528,0,0.15153506818897311,0.002759799269664194,0.077147433729318649,0.074387634459654461,0,0,0,0,0,0,0,0,0,False,1,106183.92058045388,team09-risk-none,0,1,0,0.040556263364784052,
2021-01-07T08:00:00Z,-0.0018446257650092139,0.0032592711403169284,-0.0051038969053261423,-7.6025361111791583e-05,-0.0001179429469238413,4.1917585812049706e-05,-0,0,0,-0.0019206511261210053,0,0.15144133494392503,0.00079513631092847231,0.076118235627426756,0.075323099316498277,0,0,0,0,0,0,0,0,0,False,1,105979.97831381508,team09-risk-none,0,1,0.0020346252769363193,0.041125371479323186,
2021-01-07T16:00:00Z,0.00069403660284954392,-0.0034035542173366283,0.0040975908201861715,-3.7590098398245739e-05,-0.00013696696596456157,9.9376867566315831e-05,-0,0,0,0.0006564465044512981,0,0.16001200213359951,-0.0010083602708906361,0.079501820931354439,0.080510181202245068,0,0,0,0,0,0,0,0,0,False,1,106049.548500121,team09-risk-none,0,1,0.003913082296174708,0.041734017344410061,
2021-01-08T00:00:00Z,0.0011779698504937532,0.00044697498970879083,0.0007309948607849623,-5.5828312405164253e-05,-0.00010472739912601467,4.8899086720850425e-05,-0,0,0,0.0011221415380885888,0,0.1525133870237935,-0.00036333394540888353,0.076075026539192306,0.076438360484601175,0,0,0,0,0,0,0,0,0,False,1,106168.55110358853,team09-risk-none,0,1,0.003277383976223347,0.04167641272554979,
2021-01-08T08:00:00Z,-0.0028904396808856272,-5.1806993205459125e-05,-0.0028386326876801682,-1.0499894801299403e-05,-3.6286117974039057e-05,2.5786223172739657e-05,-0,0,0,-0.0029009395756869265,0,0.15204858647006553,0.00073369657535782978,0.076391141522711689,0.075657444947353852,0,0,0,0,0,0,0,0,0,False,1,105860.5625519988,team09-risk-none,0,1,0.0021136870443733136,0.041713081112400553,
2021-01-08T16:00:00Z,-0.0005027838954053649,-4.6757531956243743e-05,-0.00045602636344912106,-5.0844613948585679e-05,-0.00011595613404359351,6.5111520095007826e-05,-0,0,0,-0.00055362850935395053,0,0.15530703193450696,-0.0020550686749315136,0.076625981629787704,0.078681050304719224,0,0,0,0,0,0,0,0,0,False,1,105801.95512655376,team09-risk-none,0,1,0.0050486380159860955,0.043210616448398916,
2021-01-09T00:00:00Z,-0.0039343809175324948,-0.0014002475122583625,-0.0025341334052741316,-2.4643199782606929e-05,-5.1365192191957024e-05,2.6721992409350089e-05,-0,7.3393160531316722e-05,3.6696580265658361e-05,-0.0040691138581120763,0.073393160531316726,0.14256033767453591,1.7347234759768071e-18,0.071280168837267954,0.07128016883726794,7765.1398771303284,0,0,0,0,0,0,0,0,False,1,105371.43492473295,team09-risk-none,0,1,0.0055734154304971639,0.043185053577773705,
2021-01-09T08:00:00Z,-0.0015006273585965741,0.0032166164443982346,-0.0047172438029948081,-8.8276966844298544e-06,-5.0527221746003381e-05,4.169952506157352e-05,-0,0,0,-0.0015094550552810038,0,0.14422635034314596,-0.0039070612395938516,0.070159644551776049,0.074066705791369897,0,0,0,0,0,0,0,0,0,False,1,105212.3814796036,team09-risk-none,0,1,0.0096041866803152631,0.045773819963606674,
2021-01-09T16:00:00Z,0.0024609457838089752,0.0035958974889036899,-0.0011349517050947154,-2.430112539297303e-05,-0.00010269788637551815,7.8396760982545126e-05,-0,0,0,0.0024366446584160022,0,0.15242790811639889,-0.0054409544594069461,0.073493476828495968,0.078934431287902909,0,0,0,0,0,0,0,0,0,False,1,105468.7466669351,team09-risk-none,0,1,0.01111444646942461,0.046170392479432554,
2021-01-10T00:00:00Z,-0.0023040470570587944,0.002888431402126431,-0.0051924784591852249,-2.8192749544798147e-05,-0.0001693889841015664,0.00014119623455676822,-0,0,0,-0.0023322398066035924,0,0.15679295903507345,-0.0029802784071832813,0.076906340313945082,0.079886618721128372,0,0,0,0,0,0,0,0,0,False,1,105222.76825760589,team09-risk-none,0,1,0.0087087416093954984,0.046814754870872173,
2021-01-10T08:00:00Z,0.0016711435002057019,-0.0035539190058013841,0.0052250625060070851,2.0773410698925961e-05,-0.00016052206984592418,0.00018129548054485013,-0,0,0,0.0016919169109046279,0,0.16523451234994652,-0.0053068000231289072,0.079963856163408786,0.085270656186537702,0,0,0,0,0,0,0,0,0,False,1,105400.79643863313,team09-risk-none,0,1,0.010972242656512976,0.0476625557856757,
2021-01-10T16:00:00Z,0.00037757665911085944,-0.0012921284847156737,0.001669705143826533,-3.0926656972680123e-05,-5.2152492192665847e-05,2.1225835219985724e-05,-0,0,0,0.00034665000213817928,0,0.15628543514819482,-0.0036278595278601781,0.076328787810167331,0.079956647338027514,0,0,0,0,0,0,0,0,0,False,1,105437.33362494395,team09-risk-none,0,1,0.0093501081189677482,0.047902965516232403,
2021-01-11T00:00:00Z,-0.0024177275638004427,-0.0099694947278956333,0.0075517671640951871,-3.2831881123696221e-05,-5.9856517840723241e-05,2.7024636717027014e-05,-0,8.871589304548204e-06,4.435794652274102e-06,-0.0024638668288809616,0.0088715893045482035,0.14438127172693346,0.0056310326677132226,0.075006152197323345,0.069375119529610119,935.39672128713335,0,0,0,0,0,0,0,0,False,1,105177.5500760998,team09-risk-none,0.0088715893045482035,1,0.0090085874545923206,0.047873620137027,
2021-01-11T08:00:00Z,-0.00203119097707956,-0.0059711697439124127,0.0039399787668328527,-1.0666810908486966e-05,-1.98411723889397e-05,9.1743614804527355e-06,-0,0,0,-0.002041857787988047,0,0.12713099510533271,0.0032120316809068263,0.065171513393119773,0.061959481712212938,0,0,0,0,0,0,0,0,0,False,1,104962.7924763554,team09-risk-none,0,1,0.011428346329821371,0.048722982719801418,
2021-01-11T16:00:00Z,0.00302114467740947,0.0065124599375761885,-0.0034913152601667181,-3.1914462125951012e-06,-1.2982382935154259e-05,9.7909367225591567e-06,-0,0,0,0.0030179532311968749,0,0.11756483430408585,0.0012135719223491208,0.059389203113217479,0.058175631190868361,0,0,0,0,0,0,0,0,0,False,1,105279.56527506487,team09-risk-none,0,1,0.013439494136739505,0.049347816268288255,
2021-01-12T00:00:00Z,0.00086882839036440647,0.0051621866400248266,-0.0042933582496604188,-2.1874057556060913e-06,-8.3296523240312033e-06,6.1422465684251129e-06,-0,9.783329952512036e-05,4.891664976256018e-05,0.00071989103532111968,0.097833299525120362,0.14645452795584846,0,0.073227263977924215,0.073227263977924228,10299.847243429882,0,0,0,0,0,0,0,0,False,1,105355.35509030889,team09-risk-none,0,1,0.010461107131042868,0.050327576892061188,
2021-01-12T08:00:00Z,0.0012909025722853745,-0.0032950831919030389,0.004585985764188413,-1.2952743156425511e-05,-2.6328954447273965e-05,1.337621129084845e-05,-0,0,0,0.0012779498291289491,0,0.15579047703795454,0.00083060369748008157,0.078310540367717313,0.077479936670237226,0,0,0,0,0,0,0,0,0,False,1,105489.99394834437,team09-risk-none,0,1,0.0097594073651341429,0.050315929555738381,
2021-01-12T16:00:00Z,-0.00019337372527278594,0.00036460065991218363,-0.00055797438518496957,-1.6907094228316826e-05,-2.421649701423761e-05,7.3094027859207808e-06,-0,0,0,-0.00021028081950110277,0,0.14771735509123041,0.0021503321206802883,0.074933843605955341,0.072783511485275051,0,0,0,0,0,0,0,0,0,False,1,105467.81142596775,team09-risk-none,0,1,0.0084978503828575525,0.050422728026947396,
2021-01-13T00:00:00Z,0.0010509122299818281,0.0028622171835182781,-0.00181130495353645,-9.4329946528892226e-06,-1.5952136888029326e-05,6.5191422351401035e-06,-0,0,0,0.0010414792353289387,0,0.14860348378326488,0.0019565307395373131,0.075280007261401091,0.073323476521863773,0,0,0,0,0,0,0,0,0,False,1,105577.65396156348,team09-risk-none,0,1,0.0086989351146573579,0.050420929145326913,
2021-01-13T08:00:00Z,-0.0036089960479834854,-0.00064552091445431068,-0.0029634751335291748,1.5866154408416864e-07,-1.56848508178023e-05,1.5843512361886469e-05,-0,0,0,-0.003608837386439401,0,0.1531322250409545,0.0029600426405273442,0.078046133840740939,0.075086091200213589,0,0,0,0,0,0,0,0,0,False,1,105196.64137677442,team09-risk-none,0,1,0.0076569974282200137,0.050475731457753185,
2021-01-13T16:00:00Z,0.0018309645126970812,0.0045300513082432107,-0.0026990867955461301,-4.6054485913886701e-06,-3.1822738543395834e-05,2.7217289952007161e-05,-0,0,0,0.0018263590641056926,0,0.15599707630040943,-0.0006241152064611951,0.077686480546974135,0.078310595753435325,0,0,0,0,0,0,0,0,0,False,1,105388.76821626637,team09-risk-none,0,1,0.011242912525428861,0.052169019703633593,
2021-01-14T00:00:00Z,0.0015140832726888681,0.00078573154356977666,0.0007283517291190914,-8.3907096652061075e-06,-3.0754268326226754e-05,2.2363558661020645e-05,-0,0,0,0.0015056925630236619,0,0.16294937193002004,0.0012187894507000932,0.082084080690360064,0.080865291239659978,0,0,0,0,0,0,0,0,0,False,1,105547.45130079583,team09-risk-none,0,1,0.0094408366130247501,0.052475792031533977,
2021-01-14T08:00:00Z,0.00096848482247210836,0.0016864205055749505,-0.00071793568310284214,1.9462528392534306e-06,-3.4977537286607655e-05,3.6923790125861086e-05,-0,0,0,0.00097043107531136186,0,0.16284107643671081,0.0027632889199022907,0.082802182678306552,0.080038893758404256,0,0,0,0,0,0,0,0,0,False,1,105649.87782745804,team09-risk-none,0,1,0.0079391041711542876,0.052658204770305514,
2021-01-14T16:00:00Z,-0.00056175021865242296,0.00029329735722499132,-0.00085504757587741439,1.1537455384795699e-05,-5.0050691860911989e-05,6.1588147245707686e-05,-0,0,0,-0.00055021276326762728,0,0.1649480749306938,0.0036816736545586017,0.084314874292626185,0.080633200638067587,0,0,0,0,0,0,0,0,0,False,1,105591.74791623971,team09-risk-none,0,1,0.0069668531770810116,0.052547240122589087,
2021-01-15T00:00:00Z,-0.0020832124449732857,0.00097461985621794943,-0.0030578323011912351,1.972621050626363e-06,-2.7791682916676258e-05,2.9764303967302624e-05,-0,9.7520060519366565e-05,4.8760030259683282e-05,-0.0022275199147017096,0.097520060519366569,0.1533934060990422,-3.4694469519536142e-18,0.076696703049521087,0.076696703049521114,10297.313647137395,0,0,0,0,0,0,0,0,False,1,105356.54019492812,team09-risk-none,0,1,0.0075227255507954727,0.05258502372518175,
2021-01-15T08:00:00Z,-0.0035893694148255479,-0.0057505525263613346,0.0021611831115357872,2.3014544395269922e-05,-2.4590638043405443e-05,4.7605182438675369e-05,-0,0,0,-0.0035663548704302781,0,0.15765560309849108,-0.0021130311288687659,0.077771285984811145,0.079884317113679923,0,0,0,0,0,0,0,0,0,False,1,104980.80138467226,team09-risk-none,0,1,0.0097126513735967812,0.053266911748685933,
2021-01-15T16:00:00Z,0.0010309574921794804,0.0046975976175851024,-0.0036666401254056222,2.5378099367159416e-06,-5.1469211954760998e-05,5.4007021891476946e-05,-0,0,0,0.0010334953021161964,0,0.15033150088439945,-0.0057149834050877618,0.072308258739655851,0.078023242144743599,0,0,0,0,0,0,0,0,0,False,1,105089.29854971571,team09-risk-none,0,1,0.013264572550548026,0.054721615251826582,
2021-01-16T00:00:00Z,0.0012930077523088974,0.0033736957126351001,-0.0020806879603262034,1.2365926337128144e-06,-1.5403689772497324e-05,1.6640282406210135e-05,-0,0,0,0.0012942443449426102,0,0.15860681867638604,-0.0046505262646567794,0.076978146205864628,0.081628672470521413,0,0,0,0,0,0,0,0,0,False,1,105225.30978007766,team09-risk-none,0,1,0.012246071402761127,0.054566528753470241,
2021-01-16T08:00:00Z,0.0015921160703015098,0.0065414343585745412,-0.0049493182882730307,2.2995799180129645e-05,-3.2175098871769363e-05,5.5170898051899008e-05,-0,0,0,0.0016151118694816397,0,0.16380319422410894,-0.0033731815071263282,0.080215006358491298,0.083588187865617627,0,0,0,0,0,0,0,0,0,False,1,105395.26042687334,team09-risk-none,0,1,0.01094615593448256,0.054706955364346888,
2021-01-16T16:00:00Z,0.0013669986231124576,-0.0018867843009418375,0.0032537829240542947,3.7743496801170685e-05,-5.6769429526883968e-05,9.451292632805466e-05,-0,0,0,0.0014047421199136283,0,0.17490839659206114,-0.0018146546651326874,0.086546870963464223,0.088361525628596893,0,0,0,0,0,0,0,0,0,False,1,105543.31358843423,team09-risk-none,0,1,0.0093341138418566727,0.054603691894718753,
2021-01-17T00:00:00Z,-0.0004092223031280313,-0.0030444188294782466,0.0026351965263502145,1.1260152881265599e-05,-3.9336756666809109e-05,5.0596909548074703e-05,-0,0,0,-0.00039796215024676568,0,0.16965818837410507,-0.00039842848342916404,0.084629879945337952,0.085028308428767102,0,0,0,0,0,0,0,0,0,False,1,105501.31134441441,team09-risk-none,0,1,0.0079687557536025633,0.054768305985131119,
2021-01-17T08:00:00Z,-0.0024998023871030221,0.0028479248116915581,-0.0053477271987945798,-7.5636117615893567e-06,-3.318819465415941e-05,2.5624582892570058e-05,-0,0,0,-0.0025073659988646114,0,0.16402790569922593,-0.00080670884661860308,0.081610598426303665,0.082417307272922263,0,0,0,0,0,0,0,0,0,False,1,105236.7809435138,team09-risk-none,0,1,0.0083822127617008135,0.054526073049858188,
2021-01-17T16:00:00Z,0.00040106436811261691,-6.7569617653190803e-05,0.00046863398576580756,4.103671212702228e-05,-3.0687468950263292e-05,7.1724181077285578e-05,-0,0,0,0.00044210108023963913,0,0.172581758944019,-0.003312061396572627,0.084634848773723181,0.087946910170295808,0,0,0,0,0,0,0,0,0,False,1,105283.30623804987,team09-risk-none,0,1,0.010820489013409706,0.055183997340452734,
2021-01-18T00:00:00Z,-0.001048935026336088,0.00088510153875062138,-0.0019340365650867097,5.3082185667770666e-05,-3.3911566607625931e-05,8.6993752275396597e-05,-0,9.4384558062555446e-05,4.7192279031277723e-05,-0.0011374296777621506,0.09438455806255544,0.15209543555650629,-3.4694469519536142e-18,0.076047717778253143,0.076047717778253157,9937.118330643023,0,0,0,0,0,0,0,0,False,1,105163.5538809618,team09-risk-none,0.022648183455971319,1,0.010371251768884759,0.055190538798958882,
2021-01-18T08:00:00Z,-0.0013347664740261304,-0.00031885026323668595,-0.0010159162107894442,3.0464385222139003e-05,-2.5489127573315196e-05,5.5953512795454202e-05,-0,0,0,-0.0013043020888039915,0,0.15504837367476609,-0.0010695747546384249,0.076989399460063834,0.078058974214702259,0,0,0,0,0,0,0,0,0,False,1,105026.38883796881,team09-risk-none,0,1,0.011519241456551033,0.055206203121234185,
2021-01-18T16:00:00Z,0.00049075523665078344,0.0012221184700019448,-0.0007313632333511617,3.6950475635202966e-05,-6.7395027222295464e-05,0.00010434550285749844,-0,0,0,0.00052770571228598633,0,0.15589703531693494,-0.0023752141231402867,0.076760910596897325,0.079136124720037601,0,0,0,0,0,0,0,0,0,False,1,105081.81186329939,team09-risk-none,0,1,0.012802116156518717,0.055342249018200944,
2021-01-19T00:00:00Z,0.0031351060556698666,0.0023401445896369054,0.00079496146603296174,2.8878185775733891e-05,-6.3517371031567525e-05,9.2395556807301423e-05,-0,0,0,0.0031639842414456004,0,0.15773635153905385,-0.0018785239789742437,0.077928913780039799,0.079807437759014055,0,0,0,0,0,0,0,0,0,False,1,105414.28906009742,team09-risk-none,0,1,0.012289139052182985,0.055181590112208571,
2021-01-19T08:00:00Z,-0.00010445122244396007,-9.957799669948553e-05,-4.8732257444743939e-06,4.6673843362784229e-05,-0.00012071587075835145,0.00016738971412113564,-0,0,0,-5.7777379081175832e-05,0,0.15878105101713236,0.0012079985574975517,0.079994524787314947,0.078786526229817411,0,0,0,0,0,0,0,0,0,False,1,105408.19849875782,team09-risk-none,0,1,0.0091464053847071236,0.056144756926484476,
2021-01-19T16:00:00Z,-0.00097307347182105897,-0.0043043392344930013,0.003331265762671942,3.7982217564057573e-05,-0.00010666233790910185,0.00014464455547315942,-0,0,0,-0.00093509125425700139,0,0.15872868317969552,0.0010987665406379885,0.079913724860166763,0.078814958319528769,0,0,0,0,0,0,0,0,0,False,1,105309.63221421464,team09-risk-none,0,1,0.0092122655376174478,0.056093232667635017,
2021-01-20T00:00:00Z,0.00046358958465583832,0.0001661181159586722,0.00029747146869716609,2.7403142875948396e-05,-3.8998025451989639e-05,6.6401168327938031e-05,-0,0,0,0.00049099272753178676,0,0.15131035870149928,0.00014620255475886537,0.075728280628129085,0.07558207807337021,0,0,0,0,0,0,0,0,0,False,1,105361.33847777087,team09-risk-none,0,1,0.010149213901385012,0.056194788138371907,
2021-01-20T08:00:00Z,-0.00095300523777654665,-0.0044681615617008655,0.0035151563239243198,1.9160587228581906e-05,-1.8661354407375564e-05,3.782194163595747e-05,-0,0,0,-0.00093384465054796475,0,0.15109016274026138,0.00063517888464655059,0.075862670812453972,0.075227491927807422,0,0,0,0,0,0,0,0,0,False,1,105262.94735545883,team09-risk-none,0,1,0.0096713670465333745,0.056073206522498927,
2021-01-20T16:00:00Z,0.0037671679633207843,0.0073953371912920162,-0.0036281692279712323,2.6792691683670802e-06,-1.4084150889984366e-05,1.676342005835145e-05,-0,0,0,0.0037698472324891514,0,0.14329528595886501,-0.00034923225916123554,0.071473026849851892,0.071822259109013117,0,0,0,0,0,0,0,0,0,False,1,105659.77258623047,team09-risk-none,0,1,0.010612486509306795,0.056195444076922507,
2021-01-21T00:00:00Z,-0.0023737336370346033,-0.0043267302520157182,0.0019529966149811153,8.7420443588665491e-06,-1.9326466300323113e-05,2.8068510659189664e-05,-0,4.9076739671824213e-05,2.4538369835912107e-05,-0.0024386067021834731,0.049076739671824222,0.1510929208702953,0,0.075546460435147636,0.075546460435147636,5185.437152998582,0,0,0,0,0,0,0,0,False,1,105402.1099566505,team09-risk-none,0,1,0.0068766256985959284,0.05762149481878303,
2021-01-21T08:00:00Z,-0.0012536893490453685,-0.0056250568926051727,0.0043713675435598032,-1.46001052437774e-05,-3.7494708491804182e-05,2.2894603248026776e-05,-0,0,0,-0.0012682894542891459,0,0.14514499065692488,-0.0023442774348835186,0.071400356611020691,0.0737446340459042,0,0,0,0,0,0,0,0,0,False,1,105268.42957213265,team09-risk-none,0,1,0.0093215879165914339,0.058290071676155589,
2021-01-21T16:00:00Z,-0.0012695639339190504,-0.0034190742269883763,0.0021495102930693261,-7.5233414335866759e-07,-1.2444872266592907e-05,1.169253812323424e-05,-0,0,0,-0.0012703162680624089,0,0.13542434575697512,-0.0036351958391499239,0.0658945749589126,0.069529770798062523,0,0,0,0,0,0,0,0,0,False,1,105134.70537353378,team09-risk-none,0,1,0.010564353410568161,0.058306180827625953,
2021-01-22T00:00:00Z,0.0017339924779135019,0.003222751347971026,-0.0014887588700575243,1.7735730209069775e-06,-7.0455367816049806e-06,8.8191098025119566e-06,-0,0,0,0.0017357660509344087,0,0.12995501306566035,-0.0048917353345393662,0.062531638865560485,0.067423374200099848,0,0,0,0,0,0,0,0,0,False,1,105317.19462589615,team09-risk-none,0,1,0.011818753558968553,0.058411572934258672,
2021-01-22T08:00:00Z,0.0010390534499563654,0.0047595348089110086,-0.0037204813589546428,-4.6669492881134112e-06,-7.092982804100943e-06,2.4260335159875323e-06,-0,0,0,0.0010343865006682521,0,0.13434069212791189,-0.0031711251767204875,0.065584783475595695,0.068755908652316178,0,0,0,0,0,0,0,0,0,False,1,105426.13331030543,team09-risk-none,0,1,0.010109877538397094,0.058564291875903299,
2021-01-22T16:00:00Z,0.00038784273140799982,-0.00022225117893718524,0.00061009391034518511,-5.9476118566809055e-06,-7.761525985457606e-06,1.8139141287766999e-06,-0,0,0,0.00038189511955131887,0,0.14273704248823943,-0.0021170906488769351,0.070309975919681245,0.072427066568558185,0,0,0,0,0,0,0,0,0,False,1,105466.3950360898,team09-risk-none,0,1,0.009087217591034813,0.058197045685365184,
2021-01-23T00:00:00Z,-2.0545626912231661e-05,0.0027937860835995291,-0.0028143317105117607,3.2892280447280099e-06,-6.4832847713528639e-06,9.7725128160808738e-06,-0,0,0,-1.7256398867503651e-05,0,0.14192329005537857,-0.0017409317612678693,0.070091179147055344,0.071832110908323227,0,0,0,0,0,0,0,0,0,False,1,105464.57506590994,team09-risk-none,0,1,0.0086996363828966139,0.05761367047105749,
2021-01-23T08:00:00Z,-0.0014150124472628841,-0.0014113373168467443,-3.675130416139663e-06,1.0373088514948762e-05,-8.4205020632415455e-06,1.8793590578190306e-05,-0,0,0,-0.0014046393587479351,0,0.14745949183442575,-0.0017457030399596202,0.072856894397233057,0.074602597437192678,0,0,0,0,0,0,0,0,0,False,1,105316.43537281874,team09-risk-none,0,1,0.0087097205681844203,0.057273166574489963,
2021-01-23T16:00:00Z,0.0017314709951762209,0.0010668219262968334,0.00066464906887938745,-7.882541098994666e-08,-1.5453475976944923e-05,1.5374650565954978e-05,-0,0,0,0.001731392169765231,0,0.14626438043254295,-0.0031649434560329717,0.071549718488254976,0.074714661944287955,0,0,0,0,0,0,0,0,0,False,1,105498.77942437082,team09-risk-none,0,1,0.01011247213067179,0.057499385957130167,
2021-01-24T00:00:00Z,0.0024787670015848297,0.0042956120481436703,-0.0018168450465588402,-2.5199738462502832e-06,-2.7241425722267818e-05,2.4721451876017537e-05,-0,4.7885567949734992e-05,2.3942783974867496e-05,0.002404418675813977,0.047885567949734989,0.15124946051808363,0,0.075624730259041817,0.075624730259041817,5051.8689707398125,0,0,0,0,0,0,0,0,False,1,105752.44265989435,team09-risk-none,0,1,0.008401009262395176,0.057783575353294404,
2021-01-24T08:00:00Z,0.0027045622438057505,0.0016304209505924074,0.0010741412932133432,1.2028910838785792e-05,-2.2388460055876932e-05,3.4417370894662726e-05,-0,0,0,0.0027165911546445359,0,0.15698198453669265,0.0024740292134462494,0.079728006875069451,0.077253977661623188,0,0,0,0,0,0,0,0,0,False,1,106039.72881020627,team09-risk-none,0,1,0.0060023287466058894,0.058307922928673851,
2021-01-24T16:00:00Z,0.0044298689348235528,0.0039774608799460643,0.00045240805487748809,1.313144820984827e-05,-2.9661582074283517e-05,4.2793030284131785e-05,-0,0,0,0.0044430003830334009,0,0.15707386580408705,0.005178246521667507,0.081126056162877269,0.075947809641209757,0,0,0,0,0,0,0,0,0,False,1,106510.86336592678,team09-risk-none,0,1,0.0033009445816153393,0.058955102073086511,
2021-01-25T00:00:00Z,-0.0010329461249990817,0.00089580093433013158,-0.0019287470593292134,1.1357672991073016e-05,-2.0272485310317214e-05,3.1630158301390226e-05,-0,9.4716343957580797e-06,4.7358171978790398e-06,-0.0010357959036016457,0.0094716343957580804,0.15039304184238839,0.018959487404147279,0.084676264623267827,0.065716777219120559,1008.8319569786013,0,0,0,0,0,0,0,0,False,1,106400.53984996327,team09-risk-none,0.0094716343957580804,1,0,0.060542245544490093,
2021-01-25T08:00:00Z,-0.00090249879594007205,-0.001165465255494827,0.00026296645955475477,-2.3392974908556972e-05,-6.7714546687201553e-05,4.4321571778644591e-05,-0,0,0,-0.00092589177084862904,0,0.15341669951478309,0.018022874865622117,0.085719787190202595,0.067696912324580472,0,0,0,0,0,0,0,0,0,False,1,106302.02446570234,team09-risk-none,0,1,0.0010705101626493629,0.060179038538501241,
2021-01-25T16:00:00Z,-0.0017286491157364706,-0.0048744963407936675,0.0031458472250571975,-1.1366482092416439e-05,-5.5156083410940168e-05,4.3789601318523725e-05,-0,0,0,-0.0017400155978288872,0,0.15208607125086532,0.017076229255876128,0.084581150253370735,0.067504920997494597,0,0,0,0,0,0,0,0,0,False,1,106117.05728505124,team09-risk-none,0,1,0.0019834079811440475,0.059770320202347633,
2021-01-26T00:00:00Z,0.0019751701884949085,0.0015942902830252748,0.0003808799054696335,2.2269567379061877e-06,-1.6417590290133666e-05,1.8644547028039856e-05,-0,0,0,0.0019773971452328146,0,0.14443327103546327,0.015421231022120617,0.079927251028791946,0.064506020006671314,0,0,0,0,0,0,0,0,0,False,1,106326.89285118721,team09-risk-none,0,1,0.003706429392599464,0.059870836281593121,
2021-01-26T08:00:00Z,-0.00071345454607338668,-0.0016062148914913763,0.00089276034541798971,8.4247249327925124e-07,-1.3198272564041329e-05,1.404074505732058e-05,-0,0,0,-0.00071261207358010745,0,0.14531756341778332,0.01735822572408751,0.081337894570935418,0.063979668846847901,0,0,0,0,0,0,0,0,0,False,1,106251.1230235952,team09-risk-none,0,1,0.0017377434074685727,0.060174726352811944,
2021-01-26T16:00:00Z,0.0044383793673038342,0.0059882387192395402,-0.0015498593519357065,-4.1447940893979231e-06,-1.3692990039901534e-05,9.5481959505036096e-06,-0,0,0,0.0044342345732144364,0,0.14294411589404227,0.016672270553811812,0.079808193223927043,0.063135922670115224,0,0,0,0,0,0,0,0,0,False,1,106722.26542674928,team09-risk-none,0,1,0.0024540921921069048,0.059640478443383146,
2021-01-27T00:00:00Z,-0.0024842843930735492,-0.0027721103195433791,0.00028782592646982931,-9.7145732366930275e-08,-1.6372532993149645e-05,1.6275387260782716e-05,-0,4.2351602161607573e-05,2.1175801080803786e-05,-0.0025479089420483276,0.042351602161607577,0.15048416378334206,-3.4694469519536142e-18,0.075242081891671031,0.075242081891671031,4519.858927139172,0,0,0,0,0,0,0,0,False,1,106450.3468123528,team09-risk-none,0,1,0,0.061421158837738708,
2021-01-27T08:00:00Z,0.0011290561256053671,-0.00098398070071391394,0.0021130368263192812,7.1794584043837457e-06,-6.6461289108358638e-06,1.3825587315219609e-05,-0,0,0,0.0011362355840097509,0,0.1478678810990573,-0.0025006382825033743,0.072683621408276958,0.075184259690780339,0,0,0,0,0,0,0,0,0,False,1,106571.29948433118,team09-risk-none,0,1,0.0025406508773313519,0.061962848606290748,
2021-01-27T16:00:00Z,-0.0012451011777803685,-0.0009004983464894063,-0.00034460283129096196,2.8124262809910751e-06,-8.1946090696197952e-06,1.1007035350610868e-05,-0,0,0,-0.0012422887514993773,0,0.14454728644395329,-0.0013360521703800581,0.07160561713678662,0.072941669307166682,0,0,0,0,0,0,0,0,0,False,1,106438.90715774911,team09-risk-none,0,1,0.0014116629263364322,0.062040532029343676,
2021-01-28T00:00:00Z,0.00019504785468044871,0.0021001194239380241,-0.0019050715692575755,1.1263905957036345e-06,-1.6156438012246766e-05,1.72828286079504e-05,-0,0,0,0.00019617424527615233,0,0.14417586376979552,-0.0025694434692815071,0.070803210150257007,0.073372653619538514,0,0,0,0,0,0,0,0,0,False,1,106459.78773002881,team09-risk-none,0,1,0.0026538795441171104,0.062181491317044424,
2021-01-28T08:00:00Z,0.00032905919044252691,0.0035885509656657412,-0.0032594917752232144,5.2714095887902772e-06,-1.820775427556531e-05,2.347916386435559e-05,-0,0,0,0.0003343306000313172,0,0.14812581222913435,-0.0023863824417252009,0.072869714893704585,0.075256097335429789,0,0,0,0,0,0,0,0,0,False,1,106495.3804947398,team09-risk-none,0,1,0.0024540910967150165,0.062155378104663206,
2021-01-28T16:00:00Z,0.0016121250307584228,-7.3496601640327743e-05,0.0016856216323987505,8.0165647522735286e-06,-2.7353352958626529e-05,3.5369917710900056e-05,-0,0,0,0.0016201415955106964,0,0.15484332119459127,-0.0021091953335999267,0.07636706293049568,0.078476258264095614,0,0,0,0,0,0,0,0,0,False,1,106667.91809040908,team09-risk-none,0,1,0.002117841655032926,0.062017293293863331,
2021-01-29T00:00:00Z,-0.0011521309764684067,-0.0005743692671353281,-0.00057776170933307859,7.7021043037460009e-06,-2.7827539113646438e-05,3.5529643417392443e-05,-0,0,0,-0.0011444288721646607,0,0.15287305230755327,-0.00048710258542262325,0.076192974861065327,0.076680077446487943,0,0,0,0,0,0,0,0,0,False,1,106545.84424521272,team09-risk-none,0,1,0.00050144556322317957,0.062247218010919168,
2021-01-29T08:00:00Z,-0.0014044485946012877,0.0019502578760991535,-0.0033547064707004416,2.5202493405861019e-05,-3.6020513957797346e-05,6.1223007363658369e-05,-0,0,0,-0.0013792461011954266,0,0.15304429892728044,-0.0016189124175302015,0.075712693254875132,0.077331605672405337,0,0,0,0,0,0,0,0,0,False,1,106398.89130493894,team09-risk-none,0,1,0.0016278291054724336,0.062369253377068071,
2021-01-29T16:00:00Z,0.0026690100852698258,0.00093614630435210494,0.0017328637809177205,3.022851808215522e-06,-0.00013611721198981744,0.00013914006379803299,-0,0,0,0.002672032937078041,0,0.15850148995612323,-0.0030216756705696186,0.077739907142776815,0.080761582813346416,0,0,0,0,0,0,0,0,0,False,1,106683.19264697432,team09-risk-none,0,1,0.0030269424679766344,0.062335430379032178,
2021-01-30T00:00:00Z,-0.00033873722384991081,-0.0010827200672738357,0.0007439828434239248,8.8477767382176378e-06,-4.5546157740586903e-05,5.4393934478804531e-05,-0,3.1128893068504996e-05,1.5564446534252498e-05,-0.00037658278671445067,0.031128893068504991,0.14770097860398168,0,0.07385048930199084,0.07385048930199084,3320.9296961143814,0,0,0,0,0,0,0,0,False,1,106643.01759299173,team09-risk-none,0,1,0.0003571748279769249,0.062611699901925028,
2021-01-30T08:00:00Z,0.0023108109841910715,0.0040078222342677019,-0.00169701125007663,-1.7597889521588814e-06,-2.7369274179599111e-05,2.560948522744023e-05,-0,0,0,0.0023090511952389126,0,0.14592294668015904,-0.00037142214574761856,0.072775762267205724,0.073147184412953342,0,0,0,0,0,0,0,0,0,False,1,106889.26178022871,team09-risk-none,0,1,0.00074422279875074882,0.062628346057548009,
2021-01-30T16:00:00Z,0.0033566614684486891,0.0030498916231161445,0.00030676984533254461,4.8507100310437396e-06,-5.1933684590882876e-05,5.6784394621926618e-05,-0,0,0,0.0033615121784797333,0,0.1512588247227655,0.0019350396876960142,0.076596932205230756,0.074661892517534745,0,0,0,0,0,0,0,0,0,False,1,107248.57133545166,team09-risk-none,0,1,0,0.062869610653644936,
2021-01-31T00:00:00Z,-0.00077922986710225175,-0.001252104270563057,0.00047287440346080516,-1.5047003242883711e-05,-7.3830238600452997e-05,5.8783235357569279e-05,-0,0,0,-0.00079427687034513549,0,0.15352821393634794,0.0052810331670553878,0.079404623551701664,0.074123590384646276,0,0,0,0,0,0,0,0,0,False,1,107163.38627586236,team09-risk-none,0,1,0,0.063746730165740978,
2021-01-31T08:00:00Z,-0.0023161133876016993,-0.0022812376143861702,-3.4875773215529202e-05,-1.3088722604094007e-05,-7.16698089618733e-05,5.8581086357779279e-05,-0,0,0,-0.0023292021102057935,0,0.15191130761319782,0.0044715722854238027,0.078191439949310826,0.073719867663887009,0,0,0,0,0,0,0,0,0,False,1,106913.78109041182,team09-risk-none,0,1,0.00079232011567997862,0.063831561682023877,
2021-01-31T16:00:00Z,-0.00093492968464302416,-0.00023491990155039368,-0.00070000978309263048,2.9671838873610146e-06,-5.5622802103724013e-05,5.858998599108502e-05,-0,0,0,-0.00093196250075566311,0,0.15005711404170996,0.0021639098979507332,0.076110511969830347,0.073946602071879614,0,0,0,0,0,0,0,0,0,False,1,106814.14145562156,team09-risk-none,0,1,0.0031036707254488149,0.062870963546411862,
2021-02-01T00:00:00Z,-0.001597021959922777,-0.00019696560073499404,-0.0014000563591877828,1.0205053943008241e-05,-3.6327610198663455e-05,4.6532664141671692e-05,-0,2.0014803784722061e-05,1.0007401892361031e-05,-0.0016168391116568519,0.020014803784722059,0.13061184013823221,0.021274468388661028,0.075943154263446624,0.054668685874785586,2137.864082667812,0,0,0,0,0,0,0,0,False,1,106641.44017403807,team09-risk-none,0.020014803784722059,1,0.0040255320612606615,0.062981741627524693,
2021-02-01T08:00:00Z,0.0025999516364026681,0.0018933908986713671,0.00070656073773130135,-1.3060483966051564e-05,-4.7585614754920979e-05,3.4525130788869419e-05,-0,0,0,0.0025868911524366163,0,0.13201290304965307,0.01969701305211902,0.075854958050886059,0.056157944998767036,0,0,0,0,0,0,0,0,0,False,1,106917.3099721074,team09-risk-none,0,1,0.0056589967156855936,0.063271847016746305,
2021-02-01T16:00:00Z,0.0044267538075489932,0.0060344193308697414,-0.0016076655233207497,-4.7240431804034235e-05,-6.0138292791183896e-05,1.2897860987149655e-05,-0,0,0,0.0043795133757449584,0,0.13294128321695325,0.022280216670167635,0.077610749943560445,0.055330533273392803,0,0,0,0,0,0,0,0,0,False,1,107385.55576122891,team09-risk-none,0,1,0.0031208196598816462,0.062515008399862931,
2021-02-02T00:00:00Z,-0.0019105698302961404,-0.0010983905224501451,-0.00081217930784599501,-1.6783111193311545e-05,-5.6665229287908986e-05,3.9882118094597444e-05,-0,6.5947817899977926e-05,3.2973908949988963e-05,-0.0020262746683394187,0.065947817899977931,0.14645460894161016,-1.3877787807814457e-17,0.073227304470805082,0.073227304470805082,7081.8430764294499,0,0,0,0,0,0,0,0,False,1,107167.96312984439,team09-risk-none,0,1,0,0.064243054716215497,
2021-02-02T08:00:00Z,-0.00014691971541184226,0.00021228706770088255,-0.00035920678311272478,1.3524643342011103e-05,-4.748354114084293e-05,6.1008184482854045e-05,-0,0,0,-0.00013339507206983113,0,0.14645566419141087,-0.001943130630462777,0.07225626678047406,0.07419939741093684,0,0,0,0,0,0,0,0,0,False,1,107153.66745167911,team09-risk-none,0,1,0.00199602781800301,0.064568364229419986,
2021-02-02T16:00:00Z,0.00093831803525274034,0.001250518108837024,-0.00031220007358428352,3.0144745277771495e-05,-7.4928782145230742e-05,0.00010507352742300222,-0,0,0,0.00096846278053051176,0,0.14700659683078574,-0.0021116974639571705,0.072447449683414281,0.074559147147371455,0,0,0,0,0,0,0,0,0,False,1,107257.44179040341,team09-risk-none,0,1,0.0021125721389619878,0.064510440245225453,
2021-02-03T00:00:00Z,-0.00050032864670697614,0.0014009706080108366,-0.0019012992547178128,3.3220007895886843e-05,-8.01113796506417e-05,0.00011333138754652855,-0,0,0,-0.0004671086388110893,0,0.14842959453540044,-0.0011827047575020087,0.07362344488894923,0.074806149646451242,0,0,0,0,0,0,0,0,0,False,1,107207.34091276633,team09-risk-none,0,1,0.0011430836606236561,0.064242852256369304,
2021-02-03T08:00:00Z,0.0034070467588090047,0.0042785646068467078,-0.00087151784803770282,6.5293518926323529e-05,-9.4702367349805864e-05,0.00015999588627612935,-0,0,0,0.0034723402777353282,0,0.15182666987169136,-0.001681982913487267,0.075072343479102049,0.07675432639258932,0,0,0,0,0,0,0,0,0,False,1,107579.60128068663,team09-risk-none,0,1,0.0015776375352783978,0.064275534584303587,
2021-02-03T16:00:00Z,0.0016999517896135502,0.0024769300205781694,-0.0007769782309646195,4.372336004096237e-05,-0.00010750807053358887,0.00015123143057455124,-0,0,0,0.0017436751496545126,0,0.15645327483655766,0.0017391850073323646,0.07909622992194501,0.077357044914612649,0,0,0,0,0,0,0,0,0,False,1,107767.18515804951,team09-risk-none,0,1,0,0.065249201987903127,
2021-02-04T00:00:00Z,0.0043205467052734063,0.002786057640884469,0.0015344890643889375,3.0273260670042978e-05,-9.8595100991319325e-05,0.00012886836166136229,-0,0,0,0.0043508199659434491,0,0.15942059219516336,0.0034448124957221632,0.081432702345442767,0.077987889849720604,0,0,0,0,0,0,0,0,0,False,1,108236.06077890868,team09-risk-none,0,1,0,0.065450562045729271,
2021-02-04T08:00:00Z,-0.00032493839827436551,0.00017384531580061626,-0.00049878371407498191,-5.2657912100308083e-05,-0.00014555810595400453,9.2900193853696477e-05,-0,0,0,-0.00037759631037467356,0,0.15994627610917589,0.0077081840294858719,0.083827230069330891,0.076119046039845012,0,0,0,0,0,0,0,0,0,False,1,108195.19124170908,team09-risk-none,0,1,0,0.06694405874002074,
2021-02-04T16:00:00Z,0.0027128216277484516,0.002511502599944248,0.00020131902780420348,-3.3570832007491466e-05,-0.00012482944670207783,9.1258614694586355e-05,-0,0,0,0.0026792507957409603,0,0.16066738325581981,0.0074070255422928402,0.08403720439905632,0.076630178856763501,0,0,0,0,0,0,0,0,0,False,1,108485.07329393877,team09-risk-none,0,1,0.00035851543273368591,0.06697137843093573,
2021-02-05T00:00:00Z,0.0014215206888625054,0.0045414003469621267,-0.0031198796580996211,-4.5080512942570623e-05,-0.00014474027368074181,9.9659760738171217e-05,-0,3.4965575251093452e-05,1.7482787625546726e-05,0.0013239918130432944,0.03496557525109345,0.14461068372399222,0,0.072305341861996109,0.072305341861996109,3793.242993879604,0,0,0,0,0,0,0,0,False,1,108628.70664281734,team09-risk-none,0,1,0,0.067282818872114333,
2021-02-05T08:00:00Z,0.0014669417360189687,0.0028770194747679955,-0.0014100777387490275,-3.8338485401797334e-05,-0.0001613383159034154,0.0001229998305016181,-0,0,0,0.0014286032506171714,0,0.152015032658156,0.0014105776987638416,0.076712805178459922,0.075302227479696074,0,0,0,0,0,0,0,0,0,False,1,108783.89396623761,team09-risk-none,0,1,0,0.067014615011300127,
2021-02-05T16:00:00Z,-0.0031201338400410326,0.00013595130936416806,-0.0032560851494052006,-3.0401890885390374e-05,-0.00018545806996740348,0.00015505617908201312,-0,0,0,-0.0031505357309264226,0,0.15608990010721391,0.0028803973553302512,0.07948514873127209,0.076604751375941846,0,0,0,0,0,0,0,0,0,False,1,108441.16642134766,team09-risk-none,0,1,0,0.066506197816974658,
2021-02-06T00:00:00Z,-0.0041096467237530928,-0.0054989057365504006,0.0013892590127973087,1.2195291104339714e-05,-0.00011069084215280227,0.00012288613325714198,-0,0,0,-0.004097451432648753,0,0.1599889725426481,-0.00021099498086583901,0.079888988780891138,0.080099983761756977,0,0,0,0,0,0,0,0,0,False,1,107996.8340086364,team09-risk-none,0,1,0.0031080714618865191,0.067132674119110419,
2021-02-06T08:00:00Z,0.00030128903766821885,-0.00062215481615009204,0.0009234438538183109,1.5802862147559696e-05,-6.611446416944348e-05,8.1917326317003185e-05,-0,0,0,0.00031709189981577851,0,0.1537573382398206,-0.0043403406375479847,0.074708498801136308,0.079048839438684293,0,0,0,0,0,0,0,0,0,False,1,108031.07892990629,team09-risk-none,0,1,0.0071892061437988097,0.068353912411633855,
2021-02-06T16:00:00Z,0.0021856150045695398,0.0030152782931406929,-0.00082966328857115299,2.1447035957237096e-05,-9.0053393709823261e-05,0.00011150042966706034,-0,0,0,0.0022070620405267769,0,0.15214230616504529,-0.0040820077764949468,0.074030149194275169,0.078112156970770119,0,0,0,0,0,0,0,0,0,False,1,108269.51022340964,team09-risk-none,0,1,0.0068687885980611707,0.067948136478621343,
2021-02-07T00:00:00Z,-0.0026082066930507406,-0.0023196058809255948,-0.0002886008121251458,-7.9674298994122792e-06,-0.00012640261077372274,0.00011843518087431047,-0,0,0,-0.0026161741229501533,0,0.15561308992745387,-0.0018901320205885336,0.076861478953432663,0.078751610974021197,0,0,0,0,0,0,0,0,0,False,1,107986.25833245867,team09-risk-none,0,1,0.0047061626699657078,0.068286477360004511,
2021-02-07T08:00:00Z,-0.0032126649530861357,-0.0044409426694234332,0.0012282777163372968,-7.9038540153368781e-06,-5.5509946975811589e-05,4.7606092960474718e-05,-0,0,0,-0.0032205688071014729,0,0.15404755613005838,-0.0045094718151285976,0.074769042157464882,0.079278513972593487,0,0,0,0,0,0,0,0,0,False,1,107638.48115727755,team09-risk-none,0,1,0.0073099615402746343,0.068929091881158491,
2021-02-07T16:00:00Z,0.0033816972297107993,0.0053890939446136652,-0.0020073967149028655,2.1831735845818823e-05,-5.1232509590723636e-05,7.3064245436542459e-05,-0,0,0,0.0034035289655566184,0,0.14887151852797634,-0.0077274701524803167,0.070572024187748009,0.078299494340228329,0,0,0,0,0,0,0,0,0,False,1,108004.83184570486,team09-risk-none,0,1,0.010477564722328192,0.069114247517881408,
2021-02-08T00:00:00Z,0.00057145978449735246,0.0020291179574214438,-0.0014576581729240912,2.9983603752377107e-05,-2.8749676769236587e-05,5.8733280521613691e-05,-0,8.6545370021342619e-05,4.327268501067131e-05,0.00047162533321771561,0.086545370021342619,0.14057033135320343,1.0408340855860843e-17,0.07028516567660173,0.070285165676601702,9347.3181361794159,0,0,0,0,0,0,0,0,False,1,108055.76966051321,team09-risk-none,0,1,0.0071016027178927299,0.069965408544519117,
2021-02-08T08:00:00Z,0.0015242404974984418,0.002456261755064664,-0.00093202125756622193,1.8092097929374207e-05,-5.3518140144098032e-05,7.1610238073472246e-05,-0,0,0,0.001542332595427816,0,0.14396935604840166,0.00055179206732101742,0.072260574057861335,0.071708781990540316,0,0,0,0,0,0,0,0,0,False,1,108222.42759618466,team09-risk-none,0,1,0.0066451389518289439,0.068304671725576332,
2021-02-08T16:00:00Z,-0.003815023932216991,-0.00010732011299476141,-0.0037077038192222292,-6.3429117151448405e-05,-0.0002299800341113881,0.00016655091695993971,-0,0,0,-0.0038784530493684395,0,0.14715144557525089,0.0020878226674081561,0.07461963412132952,0.072531811453921374,0,0,0,0,0,0,0,0,0,False,1,107802.69199186418,team09-risk-none,0,1,0.0051941582960798316,0.068149385234952148,
2021-02-09T00:00:00Z,-0.003174108899249687,-0.00026492403836392818,-0.0029091848608857589,-3.9568952234443211e-05,-0.00018606618834424984,0.00014649723610980664,-0,0,0,-0.0032136778514841305,0,0.15126995123322889,-0.0017140175924254125,0.074777966820401748,0.07649198441282716,0,0,0,0,0,0,0,0,0,False,1,107456.24886827957,team09-risk-none,0,1,0.009028820374957558,0.069281655257416155,
2021-02-09T08:00:00Z,-0.0048537508820416519,-0.00033728075177054916,-0.0045164701302711028,-3.727680286360014e-05,-0.00023274094835042922,0.00019546414548682908,-0,0,0,-0.0048910276849052524,0,0.15441727539050876,-0.0048990078376854752,0.074759133776411635,0.079658141614097108,0,0,0,0,0,0,0,0,0,False,1,106930.67738014874,team09-risk-none,0,1,0.012211218262539347,0.06975175698608431,
2021-02-09T16:00:00Z,-0.0046280328198661869,0.0027522076192996276,-0.0073802404391658154,2.3102378368176285e-05,-0.00017016869861689405,0.00019327107698507035,-0,0,0,-0.004604930441498011,0,0.15940990523702564,-0.0098467067447773286,0.074781599246124153,0.084628305990901487,0,0,0,0,0,0,0,0,0,False,1,106438.2690487509,team09-risk-none,0,1,0.016983168160593753,0.071809826438706648,
2021-02-10T00:00:00Z,0.0054190370872429713,0.0068537147692330283,-0.001434677681990055,0.00015473960641501736,-0.00016996828917166843,0.00032470789558668574,-0,0,0,0.0055737766936579886,0,0.17033266682709569,-0.014545187433606171,0.077893739696744763,0.092438927130350929,0,0,0,0,0,0,0,0,0,False,1,107031.53219208813,team09-risk-none,0,1,0.02138108954423612,0.073705583191960952,
2021-02-10T08:00:00Z,0.00096481312570106655,-0.0053419354659709831,0.0063067485916720508,1.6090428246688866e-06,-0.00028768363139643888,0.00028929267422110778,-0,0,0,0.00096642216852573534,0,0.17766171915707168,-0.0090744021936102742,0.084293658481730718,0.09336806067534098,0,0,0,0,0,0,0,0,0,False,1,107134.96983752983,team09-risk-none,0,1,0.01607715468656512,0.075564350433655392,
2021-02-10T16:00:00Z,-9.7699049206797532e-05,0.0044660115067421749,-0.0045637105559489721,1.7589341644126211e-05,-8.5146836704501949e-05,0.00010273617834862817,-0,0,0,-8.0109707562671311e-05,0,0.16580246748031299,-0.008132250683708141,0.078835108398302434,0.086967359082010559,0,0,0,0,0,0,0,0,0,False,1,107126.38728642641,team09-risk-none,0,1,0.015110531285551843,0.075195517473204937,
2021-02-11T00:00:00Z,-0.0019662078248045378,-0.00026697697328044087,-0.0016992308515240973,6.369588752151141e-06,-9.0846175212855635e-05,9.7215763965006758e-05,-0,9.0062638277713959e-05,4.503131913885698e-05,-0.0020949321934689573,0.090062638277713963,0.1384621576626385,1.3877787807814457e-17,0.069231078831319265,0.069231078831319251,9648.0850681757183,0,0,0,0,0,0,0,0,False,1,106901.96476893005,team09-risk-none,0,1,0.015200479629760344,0.074556153072627404,
2021-02-11T08:00:00Z,-0.0023909043131828712,0.0011693428756541617,-0.0035602471888370327,1.6053483962113545e-05,-6.4246817023354348e-05,8.0300300985467886e-05,-0,0,0,-0.0023748508292207576,0,0.14011363637808277,-0.0019875623362848836,0.069063037020898957,0.071050599357183844,0,0,0,0,0,0,0,0,0,False,1,106648.08854925323,team09-risk-none,0,1,0.017254051193085984,0.07495809078019533,
2021-02-11T16:00:00Z,-0.0014896543608141754,0.00063119619450109654,-0.0021208505553152717,2.1363036153289738e-05,-0.00013990782671842057,0.00016127086287171031,-0,0,0,-0.0014682913246608857,0,0.14520357505499792,-0.0043802208602770967,0.070411677097360403,0.074791897957637507,0,0,0,0,0,0,0,0,0,False,1,106491.4980860447,team09-risk-none,0,1,0.019582720759014793,0.075372220029177678,
2021-02-12T00:00:00Z,0.00042366842479985521,0.00081918590668256578,-0.00039551748188271056,5.5767613493319192e-06,-0.00012596339180224377,0.00013154015315157565,-0,0,0,0.00042924518614918718,0,0.14812618816578504,-0.0059219826129777026,0.071102102776403664,0.077024085389381367,0,0,0,0,0,0,0,0,0,False,1,106537.20904896395,team09-risk-none,0,1,0.021037713026172966,0.075568318592801872,
2021-02-12T08:00:00Z,-0.0024889694085588562,-0.00078659399147699538,-0.0017023754170818611,2.2242181405364317e-05,-0.00012288532334164576,0.00014512750474701008,-0,0,0,-0.0024667272271534919,0,0.14930959988229808,-0.0054448061809846907,0.071932396850656707,0.077377203031641389,0,0,0,0,0,0,0,0,0,False,1,106274.41081469793,team09-risk-none,0,1,0.020601176447301861,0.075505609349379499,
2021-02-12T16:00:00Z,0.00016689119469133525,0.0025889435523861418,-0.0024220523576948066,7.5160323139183755e-06,-0.00019080207939282324,0.0001983181117067416,-0,0,0,0.00017440722700525361,0,0.15055405020570783,-0.0079356776491955501,0.071309186278256137,0.079244863927451697,0,0,0,0,0,0,0,0,0,False,1,106292.94583998974,team09-risk-none,0,1,0.023031473067654407,0.074917610656823203,
2021-02-13T00:00:00Z,-0.00012406500258089028,-0.00073665483236424068,0.00061258982978335051,9.8908449746441229e-06,-0.00022101229402592967,0.00023090313900057377,-0,0,0,-0.00011417415760624615,0,0.15558684535660802,-0.0078125959020987189,0.073887124727254644,0.081699720629353365,0,0,0,0,0,0,0,0,0,False,1,106280.80993243898,team09-risk-none,0,1,0.02285876219156957,0.074674745881168181,
2021-02-13T08:00:00Z,-0.006103675028520896,-4.1996641647162204e-05,-0.0060616783868737345,5.6028333780018395e-05,-0.00018057799344473518,0.00023660632722475363,-0,0,0,-0.0060476466947408779,0,0.15426664047439181,-0.0079481493402933229,0.073159245567049253,0.081107394907342562,0,0,0,0,0,0,0,0,0,False,1,105638.06114353667,team09-risk-none,0,1,0.022925249219485688,0.074512484021875228,
2021-02-13T16:00:00Z,-0.0071593118097513361,-0.000813345397271201,-0.0063459664124801357,2.5230395005452613e-05,-9.2306992002827139e-05,0.00011753738700827974,-0,0,0,-0.0071340814147458831,0,0.16120453430360249,-0.014131178084772371,0.073536678109415055,0.087667856194187432,0,0,0,0,0,0,0,0,0,False,1,104884.43061484279,team09-risk-none,0,1,0.028864160334093669,0.077443487754767795,
2021-02-14T00:00:00Z,-0.00021170674982125956,-0.0021566474401179267,0.0019449406902966677,5.6429081973187845e-05,-0.00015305339429173116,0.00020948247626491901,-0,0.00010530460472100386,5.2652302360501928e-05,-0.00031323457492957749,0.10530460472100386,0.13612417911248439,6.9388939039072284e-18,0.068062089556242211,0.068062089556242197,11044.813507283576,0,0,0,0,0,0,0,0,False,1,104851.57718480242,team09-risk-none,0,1,0.035762241224506996,0.081328114971394749,
2021-02-14T08:00:00Z,-0.0022181341457237261,-0.0029948917535858946,0.00077675760786216858,8.914057450494372e-06,-0.0001406828529261368,0.00014959691037663117,-0,0,0,-0.0022092200882732316,0,0.13212760829134515,-0.0001757813461295242,0.065975913472607811,0.066151694818737339,0,0,0,0,0,0,0,0,0,False,1,104619.93697419862,team09-risk-none,0,1,0.036110072674288451,0.0809771444493943,
2021-02-14T16:00:00Z,-0.00061032278342357021,-0.00015505856820953405,-0.00045526421521403619,-1.4481968060646456e-06,-0.00012679473178503329,0.00012534653497896865,-0,0,0,-0.00061177098022963485,0,0.12862812729869716,-0.0023861617561913417,0.063120982771252915,0.065507144527444258,0,0,0,0,0,0,0,0,0,False,1,104555.93353280435,team09-risk-none,0,1,0.03824948358243585,0.080388389509160038,
2021-02-15T00:00:00Z,0.0015527579070631122,-0.0016734536794880239,0.0032262115865511363,2.4662533049165987e-05,-6.7015557800090115e-05,9.1678090849256095e-05,-0,1.5523745353396293e-05,7.7618726766981463e-06,0.0015541348220821838,0.015523745353396293,0.11346548664745029,0.012476565746259483,0.062971026196854879,0.050494460450595399,1623.0996873498832,0,0,0,0,0,0,0,0,False,1,104718.42754996299,team09-risk-none,0.015523745353396293,1,0.03881275795713135,0.080324066945764508,
2021-02-15T08:00:00Z,0.0019041324883454353,0.0042472218411734588,-0.0023430893528280225,-1.3880622186972939e-06,-4.7500977648196056e-06,3.362035546122313e-06,-0,0,0,0.0019027444261267379,0,0.10842178520303111,0.014035687206550483,0.061228736204790794,0.047193048998240311,0,0,0,0,0,0,0,0,0,False,1,104917.67995429643,team09-risk-none,0,1,0.03734402118982727,0.080382816432019569,
2021-02-15T16:00:00Z,-0.00015732947270240814,-0.0026353766080336686,0.0024780471353312607,1.1519381571220029e-05,-2.5209618839609824e-05,3.6729000410829852e-05,-0,0,0,-0.00014581009113118809,0,0.11475954510222097,0.015887795519391613,0.065323670310806284,0.049435874791414681,0,0,0,0,0,0,0,0,0,False,1,104902.38189782102,team09-risk-none,0,1,0.035499883804239296,0.080462376949773665,
2021-02-16T00:00:00Z,-0.00044162290372648158,0.00056757320385550846,-0.0010091961075819902,1.7567721347927821e-05,-2.0311676192144913e-05,3.7879397540072734e-05,-0,0,0,-0.00042405518237855372,0,0.10960471152949025,0.015755104060371186,0.062679907794930712,0.046924803734559525,0,0,0,0,0,0,0,0,0,False,1,104857.8974991334,team09-risk-none,0,1,0.035634684947450923,0.080299657830076976,
2021-02-16T08:00:00Z,-0.00070465760080325873,-0.001751272716598219,0.0010466151157949605,1.1800521407625042e-05,-2.7587411733838469e-05,3.9387933141463501e-05,-0,0,0,-0.00069285707939563369,0,0.11132495089719695,0.015299499506069243,0.063312225201633099,0.048012725695563849,0,0,0,0,0,0,0,0,0,False,1,104785.24596252058,team09-risk-none,0,1,0.036049188288466927,0.080301041495194861,
2021-02-16T16:00:00Z,-0.00016432025605519012,-0.00054849853367421833,0.00038417827761902807,1.2342773433834215e-05,-2.179269168766044e-05,3.4135465121494655e-05,-0,0,0,-0.00015197748262135591,0,0.10863383154762576,0.014635869449837087,0.061634850498731422,0.046998981048894342,0,0,0,0,0,0,0,0,0,False,1,104769.32096462334,team09-risk-none,0,1,0.036716546096592806,0.079870321182587758,
2021-02-17T00:00:00Z,0.0010084727113252097,0.00071622545299084722,0.00029224725833436246,1.1201609040078256e-05,-7.1865743516238048e-06,1.8388183391702063e-05,-0,7.4370996233244711e-05,3.7185498116622355e-05,0.00090811782601542095,0.07437099623324471,0.14103210191826637,3.4694469519536142e-18,0.070516050959133186,0.070516050959133186,7791.7987748196083,0,0,0,0,0,0,0,0,False,1,104864.46385261085,team09-risk-none,0,1,0.036864042575117217,0.079852633786863858,
2021-02-17T08:00:00Z,0.0010622843284550521,0.0032687236740953692,-0.0022064393456403169,1.5399399229572513e-05,-2.608721404664721e-05,4.1486613276219727e-05,-0,0,0,0.0010776837276846246,0,0.14128903060490705,0.0010460779715816878,0.071167554288244367,0.07012147631666267,0,0,0,0,0,0,0,0,0,False,1,104977.47457891717,team09-risk-none,0,1,0.035985354974400252,0.079829142207157797,
2021-02-17T16:00:00Z,0.00050940197905242803,0.00062166779495066639,-0.00011226581589823837,2.5866497857340481e-06,-0.00012232726577459117,0.00012491391556032521,-0,0,0,0.0005119886288381621,0,0.14651450803799951,0.0020788574437469766,0.074296682740873241,0.072217825297126267,0,0,0,0,0,0,0,0,0,False,1,105031.22185218573,team09-risk-none,0,1,0.034958816877105447,0.079793239126251844,
2021-02-18T00:00:00Z,0.00035659330233377942,0.0012541350934783971,-0.00089754179114461745,-2.0282603613907484e-05,-0.00016320693471283198,0.00014292433109892451,-0,0,0,0.00033631069871987193,0,0.14727393395866045,0.0026017002641667824,0.074937817111413618,0.072336116847246834,0,0,0,0,0,0,0,0,0,False,1,105066.54497579424,team09-risk-none,0,1,0.034486807778699946,0.079791973519113588,
2021-02-18T08:00:00Z,-0.00042785835699585078,-0.00156690979839744,0.0011390514414015894,-2.188528835588858e-05,-0.00016718790456609245,0.00014530261621020386,-0,0,0,-0.00044974364535173934,0,0.14938560803180101,0.0029813397128825043,0.076183473872341756,0.073202134159459253,0,0,0,0,0,0,0,0,0,False,1,105019.29196485231,team09-risk-none,0,1,0.034163643327470572,0.07901720597749548,
2021-02-18T16:00:00Z,-0.00061593212126448416,0.0006228556823027994,-0.0012387878035672836,-1.8771904847419184e-05,-0.0001383131812536488,0.00011954127640622964,-0,0,0,-0.00063470402611190326,0,0.14669227245436903,0.0025140579645550401,0.074603165209462058,0.072089107244906997,0,0,0,0,0,0,0,0,0,False,1,104952.6357974228,team09-risk-none,0,1,0.034595016358955344,0.079030490704184927,
2021-02-19T00:00:00Z,-0.0023463072389480321,-0.00067526842445387659,-0.0016710388144941556,-2.5231537667293134e-05,-0.0001413868046158708,0.00011615526694857768,-0,0,0,-0.0023715387766153253,0,0.14861241469721109,0.0018824193184299003,0.075247417007820505,0.073364997689390588,0,0,0,0,0,0,0,0,0,False,1,104703.73655192123,team09-risk-none,0,1,0.03521399510949319,0.07899548866567796,
2021-02-19T08:00:00Z,-4.1447945001668468e-05,0.00040700129438959277,-0.00044844923939126112,-1.2857567024940948e-05,-0.00013420864567513204,0.00012135107865019112,-0,0,0,-5.4305512026609421e-05,0,0.14999995416253448,-0.0004375663449269606,0.07478119390880375,0.075218760253730726,0,0,0,0,0,0,0,0,0,False,1,104698.05056189669,team09-risk-none,0,1,0.037490112308997015,0.079391048539806691,
2021-02-19T16:00:00Z,-0.0004809207314321197,0.00027476627361463173,-0.00075568700504675143,-1.1716322171605433e-05,-0.00026254307576740175,0.00025082675359579633,-0,0,0,-0.00049263705360372506,0,0.15088525988839968,-0.0004798204649906334,0.07520271971170453,0.075682540176695179,0,0,0,0,0,0,0,0,0,False,1,104646.47242274982,team09-risk-none,0,1,0.037541283487352417,0.079332110084081711,
2021-02-20T00:00:00Z,0.0035561657702512226,0.0032079599003851556,0.00034820586986606701,1.0837589088144745e-05,-0.00016941302572470675,0.00018025061481285147,-0,5.9426151965206562e-05,2.9713075982603281e-05,0.003477864131391558,0.059426151965206571,0.14367947400525077,0,0.071839737002625387,0.071839737002625387,6218.7371728171292,0,0,0,0,0,0,0,0,False,1,105010.41863566556,team09-risk-none,0,1,0.037993729544755883,0.078187344516271129,
2021-02-20T08:00:00Z,0.0039496559271606363,0.0033317227827851241,0.0006179331443755125,-1.1892320440960581e-05,-0.0002248512232808625,0.00021295890283990195,-0,0,0,0.0039377636067196757,0,0.14609905523853015,0.0035329587628168575,0.074816007000673507,0.071283048237856639,0,0,0,0,0,0,0,0,0,False,1,105423.92484049547,team09-risk-none,0,1,0.034669944568334388,0.078735703357556405,
2021-02-20T16:00:00Z,0.0027177852545831644,-4.9961413442242917e-05,0.0027677466680254077,-7.6993416060813866e-05,-0.00028026940057961493,0.00020327598451880109,-0,0,0,0.0026407918385223505,0,0.1480857753852608,0.0074517740635817644,0.077768774724421286,0.070317000660839513,0,0,0,0,0,0,0,0,0,False,1,105702.32748079924,team09-risk-none,0,1,0.03093179526713008,0.079821873917450256,
2021-02-21T00:00:00Z,-0.00038183742637044182,-0.00061224132818891411,0.00023040390181847234,-3.5154380223236362e-05,-5.8614656155252492e-05,2.3460275932016137e-05,-0,0,0,-0.00041699180659367815,0,0.14503777014854971,0.010161361219404797,0.077599565683977259,0.067438204464572465,0,0,0,0,0,0,0,0,0,False,1,105658.25047630187,team09-risk-none,0,1,0.028332032780993166,0.080209301691646112,
2021-02-21T08:00:00Z,0.0022946454076619,0.0046481848686734575,-0.0023535394610115566,-1.146398826011605e-05,-4.3069069514435444e-05,3.1605081254319401e-05,-0,0,0,0.0022831814194017837,0,0.14415857274290989,0.0097613301361528324,0.076959951439531368,0.067198621303378531,0,0,0,0,0,0,0,0,0,False,1,105899.48743059585,team09-risk-none,0,1,0.028714199956950792,0.0800080776954087,
2021-02-21T16:00:00Z,0.00075647584276996032,-0.00015444025096407609,0.00091091609373403638,-1.4599326952362552e-05,-8.6294205507966016e-05,7.1694878555603466e-05,-0,0,0,0.00074187651581759776,0,0.15081113920468142,0.012032091663107661,0.081421615433894548,0.069389523770786887,0,0,0,0,0,0,0,0,0,False,1,105978.05177335773,team09-risk-none,0,1,0.026499630563300403,0.080317239365100102,
2021-02-22T00:00:00Z,0.0022175990495239746,0.00071535371920135738,0.0015022453303226173,-1.5881098939846451e-05,-7.0951328146842305e-05,5.5070229206995851e-05,-0,6.4038618735522789e-06,3.2019309367761395e-06,0.0021921121577737996,0.0064038618735522785,0.14326692871625596,0.019175730136172936,0.081221329426214448,0.062045599290041512,678.668805184755,0,0,0,0,0,0,0,0,False,1,106210.36754910729,team09-risk-none,0.0064038618735522785,1,0.025778662250527495,0.080345203045486979,
2021-02-22T08:00:00Z,-0.0007164120071412773,-0.0068997597188601928,0.0061833477117189161,-3.1521426914004607e-05,-5.4351516948590111e-05,2.2830090034585507e-05,-0,0,0,-0.00074793343405528195,0,0.14217849485469108,0.021346384731863621,0.081762439793277353,0.060416055061413731,0,0,0,0,0,0,0,0,0,False,1,106130.92926417402,team09-risk-none,0,1,0.023658330596965427,0.080689037222728868,
2021-02-22T16:00:00Z,0.0013378122997185287,0.0035809560708993326,-0.0022431437711808036,-1.4292306459817897e-05,1.4529437908191799e-05,-2.8821744368009699e-05,-0,0,0,0.0013235199932587107,0,0.12917745270365644,0.020636182221150622,0.074906817462403519,0.054270635241252897,0,0,0,0,0,0,0,0,0,False,1,106271.39567095827,team09-risk-none,0,1,0.024371759717856989,0.080572680559141088,
2021-02-23T00:00:00Z,-0.00098254452684442151,-0.0092340507024828867,0.008251506175638466,-9.695863842150714e-06,-1.5483573033726509e-05,5.7877091915757949e-06,-0,5.3108712531255976e-05,2.6554356265627988e-05,-0.0010719034594834562,0.053108712531255972,0.14416782233436015,3.4694469519536142e-18,0.07208391116718009,0.072083911167180076,5643.937002984283,0,0,0,0,0,0,0,0,False,1,106157.48299429443,team09-risk-none,0,1,0.023076005817236234,0.080482871036836365,
2021-02-23T08:00:00Z,0.0049812111863064123,0.0017383519890566677,0.0032428591972497442,-2.2780666982933186e-06,-5.6938747058534974e-06,3.4158080075601779e-06,-0,0,0,0.004978933119608119,0,0.12685947702426678,-0.0010131856333974246,0.062923145695434668,0.063936331328832086,0,0,0,0,0,0,0,0,0,False,1,106686.03400226896,team09-risk-none,0,1,0.024115935099733088,0.080162547383846261,
2021-02-23T16:00:00Z,0.0014095545220172234,0.0013301269964565135,7.9427525560710034e-05,-3.8241836809586141e-06,3.9502485105624509e-06,-7.7744321915210668e-06,-0,0,0,0.0014057303383362648,0,0.12459391294602742,0.0039395543021737926,0.064266733624100625,0.060327179321926827,0,0,0,0,0,0,0,0,0,False,1,106836.00579694273,team09-risk-none,0,1,0.019258589954851857,0.08146783836335926,
2021-02-24T00:00:00Z,-2.0549964582791956e-05,0.0030097039344342603,-0.0030302538990170523,-2.1509159781882732e-06,-3.8564798087855204e-06,1.7055638305972477e-06,-0,0,0,-2.2700880560980228e-05,0,0.12580515260055863,0.0053990002868144413,0.065602076443686541,0.060203076156872093,0,0,0,0,0,0,0,0,0,False,1,106833.58052553552,team09-risk-none,0,1,0.017878288644614049,0.08014024291184324,
2021-02-24T08:00:00Z,-0.00039054876796061746,-0.00044017089664319685,4.9622128682579363e-05,5.5729067415684779e-06,1.143781332859987e-06,4.42912540870849e-06,-0,0,0,-0.000384975861219049,0,0.13175458646420801,0.0053417045909665822,0.068548145527587312,0.063206440936620728,0,0,0,0,0,0,0,0,0,False,1,106792.45217586559,team09-risk-none,0,1,0.017892998094179102,0.080051283626686981,
2021-02-24T16:00:00Z,0.00049861519810322935,-0.00079172102436593397,0.0012903362224691631,1.9937881860500313e-05,1.2625876415615013e-05,7.3120054448853031e-06,-0,0,0,0.0005185530799637297,0,0.13132202303336038,0.0049688496869550753,0.068145436360157727,0.063176586673202653,0,0,0,0,0,0,0,0,0,False,1,106847.82973085827,team09-risk-none,0,1,0.018256983150209405,0.079992529956977643,
2021-02-25T00:00:00Z,-0.0015038644317832365,-0.0011514390073301382,-0.00035242542445309828,2.9997292513086633e-05,2.5245743045756803e-05,4.7515494673298305e-06,-0,0,0,-0.0014738671392701499,0,0.12920558065037291,0.0054590205618707168,0.067332300606121803,0.061873280044251092,0,0,0,0,0,0,0,0,0,False,1,106690.35022571562,team09-risk-none,0,1,0.017738016604823326,0.079756895807302094,
2021-02-25T08:00:00Z,0.00090596061877447744,0.0025714218529189264,-0.0016654612341444491,3.9834291676066246e-05,4.3871410281145267e-05,-4.0371186050790209e-06,-0,0,0,0.00094579491045054364,0,0.12859225237879346,0.0039324920875870844,0.066262372233190286,0.062329880145603193,0,0,0,0,0,0,0,0,0,False,1,106791.2574159533,team09-risk-none,0,1,0.019176092284664992,0.079654712578569806,
2021-02-25T16:00:00Z,-0.0010100115327737083,-0.0068517701379056705,0.0058417586051319626,-1.4895570171333789e-05,-1.7800415963013246e-05,2.9048457916794588e-06,-0,0,0,-0.0010249071029450421,0,0.1326233295119128,0.0048366918690385848,0.068730010690475699,0.063893318821437117,0,0,0,0,0,0,0,0,0,False,1,106681.80629769525,team09-risk-none,0,1,0.018302163012017703,0.079671769421551186,
2021-02-26T00:00:00Z,-0.0016956926496655019,-0.004801937985588485,0.0031062453359229831,-8.7062689627097829e-06,-5.5936971336109056e-06,-3.1125718290988782e-06,-0,6.0928533757508532e-05,3.0464266878754266e-05,-0.0017957917192644741,0.060928533757508535,0.14260040461842993,6.9388939039072284e-18,0.071300202309214966,0.071300202309214966,6499.9660363211115,0,0,0,0,0,0,0,0,False,1,106490.22799334968,team09-risk-none,0,1,0.019302242211428844,0.078246278848122353,
2021-02-26T08:00:00Z,0.0012311756589242833,0.0067665659145914742,-0.0055353902556671917,-3.5732031476896915e-06,5.0545164606808674e-07,-4.0786547937577788e-06,-0,0,0,0.0012276024557765935,0,0.13484795284745993,-0.0016676181395741604,0.066590167353942881,0.068257785493517034,0,0,0,0,0,0,0,0,0,False,1,106620.95565875052,team09-risk-none,0,1,0.021058346134073203,0.077988684047089238,
2021-02-26T16:00:00Z,0.0023166348688855361,0.00027270093445733461,0.0020439339344282014,-8.3638461786427048e-06,-7.3279328084534516e-06,-1.0359133701892525e-06,-0,0,0,0.0023082710227068934,0,0.14701572048917813,-0.00045583851580030185,0.073279940986688913,0.073735779502489218,0,0,0,0,0,0,0,0,0,False,1,106867.06572111094,team09-risk-none,0,1,0.019861290489676109,0.078005611353682947,
2021-02-27T00:00:00Z,0.0029802350364992632,0.0046610498720664612,-0.0016808148355671989,6.7502400191666046e-07,-7.73270526494649e-06,8.4077292668631495e-06,-0,0,0,0.0029809100605011803,0,0.14494934281100405,0.001861747095670184,0.073405544953337121,0.07154379785766693,0,0,0,0,0,0,0,0,0,False,1,107185.62683245524,team09-risk-none,0,1,0.017589984837683148,0.07828809547039127,
2021-02-27T08:00:00Z,-0.0025752659595450864,-0.0014878032580797845,-0.0010874627014653016,-6.8057094100270152e-06,-1.7922732055760868e-05,1.111702264573385e-05,-0,0,0,-0.0025820716689551135,0,0.15085458757565143,0.0048065655778402501,0.07783057657674583,0.073024010998905584,0,0,0,0,0,0,0,0,0,False,1,106908.86586209196,team09-risk-none,0,1,0.014668879989545136,0.078952970670881958,
2021-02-27T16:00:00Z,-0.00085828848382061304,-0.0005423535914141134,-0.00031593489240649953,-4.7445627379995557e-06,-1.5284136605518097e-05,1.0539573867518542e-05,-0,0,0,-0.00086303304655861268,0,0.15079752180497791,0.002255224069540096,0.076526372937259002,0.074271148867718906,0,0,0,0,0,0,0,0,0,False,1,106816.59997788287,team09-risk-none,0,1,0.017211049877279172,0.079490135368241094,
2021-02-28T00:00:00Z,-0.0014500143140433778,-0.0068532446932826393,0.0054032303792392617,-6.2630440118580339e-06,-7.6077294882710373e-06,1.3446854764130029e-06,-0,0,0,-0.0014562773580552356,0,0.15077657827668473,0.0013789644455967469,0.076077771361140731,0.07469880691554398,0,0,0,0,0,0,0,0,0,False,1,106661.04538187063,team09-risk-none,0,1,0.018060720284774567,0.079356873190201502,
2021-02-28T08:00:00Z,0.00071047828941103014,-0.0013459574885957065,0.0020564357780067364,-3.6843969960309586e-06,-6.9376856550380892e-06,3.2532886590071319e-06,-0,0,0,0.00070679389241499915,0,0.13879248381358003,-3.8259487170934359e-05,0.069377112163204552,0.069415371650375479,0,0,0,0,0,0,0,0,0,False,1,106736.43275730514,team09-risk-none,0,1,0.019488167821583358,0.07942051987808825,
2021-02-28T16:00:00Z,0.0044845663754917225,0.0083043909222638105,-0.003819824546772088,-3.3633855879790339e-06,-6.7930818412446967e-06,3.4296962532656624e-06,-0,0,0,0.0044812029899037433,0,0.13521485054508506,0.0006472432364170444,0.067931046890751051,0.067283803654334007,0,0,0,0,0,0,0,0,0,False,1,107214.74037890884,team09-risk-none,0,1,0.018794833068047301,0.079303233206935331,
2021-03-01T00:00:00Z,0.00022059302232810705,0.0012582922266854899,-0.001037699204357383,-9.8137889254490565e-06,-1.0030087283239928e-05,2.1629835779087122e-07,-0,7.2666307618518384e-05,3.6333153809259192e-05,0.00010177977197488039,0.072666307618518375,0.14329538117741958,-5.2041704279304213e-18,0.071647690588709789,0.071647690588709803,7790.8993056133731,0,0,0,0,0,0,0,0,False,1,107225.65267073695,team09-risk-none,0.0075565061716425458,1,0.014404211093040575,0.080287515937995199,
2021-03-01T08:00:00Z,-0.0016875716341438265,0.0029857503359743327,-0.0046733219701181579,-3.239749468658502e-06,-8.7325644579565248e-06,5.4928149892980237e-06,-0,0,0,-0.0016908113836124853,0,0.14557577543821909,0.00023535357908744184,0.072905564508653264,0.072670210929565826,0,0,0,0,0,0,0,0,0,False,1,107044.35431658599,team09-risk-none,0,1,0.014297417309721228,0.08027298588943195,
2021-03-01T16:00:00Z,0.0018656157094306461,0.0021971908584621437,-0.00033157514903149745,-2.2040945496742872e-06,-1.2944501309820863e-05,1.0740406760146575e-05,-0,0,0,0.0018634116148809718,0,0.15343735392192109,-0.0014730389828543477,0.075982157469533379,0.077455196452387715,0,0,0,0,0,0,0,0,0,False,1,107243.82200972695,team09-risk-none,0,1,0.015963035332421049,0.080108586434855064,
2021-03-02T00:00:00Z,3.8370730336508535e-05,-0.0010509216312469879,0.001089292361583496,-4.6491798981380164e-06,-1.2284271723555658e-05,7.63509182541764e-06,-0,0,0,3.372155043837052e-05,0,0.15572035024909414,0.00041123519109608105,0.078065792720095117,0.077654557528999038,0,0,0,0,0,0,0,0,0,False,1,107247.43843768006,team09-risk-none,0,1,0.014131779966134572,0.07950770648809885,
2021-03-02T08:00:00Z,-0.00050309591539980994,0.0019490580166827503,-0.0024521539320825599,-6.1130677643885767e-06,-1.3322624060588489e-05,7.2095562961999144e-06,-0,0,0,-0.00050920898316419853,0,0.15365159211843282,0.00046928090178709539,0.07706043651010995,0.076591155608322858,0,0,0,0,0,0,0,0,0,False,1,107192.82707860625,team09-risk-none,0,1,0.01409997821712905,0.079458074535193046,
2021-03-02T16:00:00Z,-0.0012837270753878378,-0.0027703877271094898,0.0014866606517216522,-6.6415901489660109e-06,-2.6393697857414816e-05,1.9752107708448805e-05,-0,0,0,-0.0012903686655368039,0,0.15806626704461491,-6.9748642319896609e-05,0.07899825920114753,0.07906800784346743,0,0,0,0,0,0,0,0,0,False,1,107054.50881337372,team09-risk-none,0,1,0.014602528172803275,0.079050977816551363,
2021-03-03T00:00:00Z,-0.00088262759893452511,0.0029584557444630724,-0.0038410833433975972,1.5624944005973e-06,-6.60627967907583e-06,8.1687740796731279e-06,-0,0,0,-0.00088106510453392784,0,0.15401786782765092,-0.0013293434007209427,0.076344262213464992,0.077673605614185931,0,0,0,0,0,0,0,0,0,False,1,106960.18682137523,team09-risk-none,0,1,0.015865980287457671,0.07911459699013508,
2021-03-03T08:00:00Z,-0.0021145173845396829,-0.0010892355239708249,-0.001025281860568858,-1.0169097747981889e-05,-2.4213610249809541e-05,1.404451250182765e-05,-0,0,0,-0.0021246864822876649,0,0.16088131811076339,-0.0022090659080950224,0.07933612610133417,0.081545192009429196,0,0,0,0,0,0,0,0,0,False,1,106732.92995829289,team09-risk-none,0,1,0.016744601699025141,0.078967903565969833,
2021-03-03T16:00:00Z,0.0010926722277672329,-0.00050639985063090137,0.0015990720783981341,2.4223718042516968e-06,-3.2371322066427102e-05,3.47936938706788e-05,-0,0,0,0.0010950945995714845,0,0.16117378575888847,-0.004381141701577702,0.078396322028655388,0.082777463730233092,0,0,0,0,0,0,0,0,0,False,1,106849.81261348666,team09-risk-none,0,1,0.018821356701346215,0.078805286091937043,
2021-03-04T00:00:00Z,-0.00020112236071913344,0.00053284485989141229,-0.00073396722061054586,-1.3102303259191131e-06,-2.7521738228380034e-05,2.621150790246092e-05,-0,7.0659089092178651e-05,3.5329544546089325e-05,-0.00030842122468332053,0.070659089092178634,0.14272420454419921,-5.2041704279304213e-18,0.071362102272099603,0.071362102272099603,7549.910428938947,0,0,0,0,0,0,0,0,False,1,106816.85786342323,team09-risk-none,0,1,0.017750539619087125,0.077370856879833208,
2021-03-04T08:00:00Z,-0.00068153773489900609,-0.00084925292534437913,0.00016771519044537285,-1.1747330257490817e-05,-2.5697754248708942e-05,1.3950423991218123e-05,-0,0,0,-0.00069328506515649692,0,0.14396891548481022,-0.00024040357133185697,0.07186425595673919,0.072104659528071047,0,0,0,0,0,0,0,0,0,False,1,106742.80333115956,team09-risk-none,0,1,0.018063734887922456,0.077063195215467534,
2021-03-04T16:00:00Z,-0.0018159009620772111,-0.0029655487196116599,0.0011496477575344485,-1.457686968718526e-05,-2.9099223870757656e-05,1.4522354183572393e-05,-0,0,0,-0.0018304778317643963,0,0.14308586575927987,-0.00091494619800112746,0.071085459780639362,0.072000405978640492,0,0,0,0,0,0,0,0,0,False,1,106547.41299596149,team09-risk-none,0,1,0.018747273169214429,0.077096838113283744,
2021-03-05T00:00:00Z,0.00017124857100134707,-0.0017840679509261734,0.0019553165219275202,-6.7256495047279905e-06,-1.3201705880999412e-05,6.4760563762714231e-06,-0,0,0,0.00016452292149661909,0,0.13918691826734705,-0.0027437372151531501,0.068221590526096956,0.070965327741250112,0,0,0,0,0,0,0,0,0,False,1,106564.94248762549,team09-risk-none,0,1,0.020535744491785191,0.077264359889403958,
2021-03-05T08:00:00Z,0.00064136454502520786,0.00037434582279754765,0.00026701872222766027,5.3377034606338568e-06,-6.4804869892391328e-06,1.1818190449872989e-05,-0,0,0,0.0006467022484858418,0,0.13550606827698136,-0.0025653210977268914,0.066470373589627235,0.069035694687354127,0,0,0,0,0,0,0,0,0,False,1,106633.85827554201,team09-risk-none,0,1,0.020362782524514178,0.077255940644584062,
2021-03-05T16:00:00Z,-0.00011138645687152265,0.00090701609364178862,-0.0010184025505133114,-3.1874082207486441e-06,-1.3188504091949519e-05,1.0001095871200877e-05,-0,0,0,-0.0001145738650922713,0,0.13553413399647077,-0.0019217581979477077,0.066806187899261543,0.068727946097209253,0,0,0,0,0,0,0,0,0,False,1,106621.64082224968,team09-risk-none,0,1,0.019737605806296687,0.076287190110967323,
2021-03-06T00:00:00Z,-0.00095022810840776877,0.00067820023945544484,-0.0016284283478632138,-5.7837485760002501e-06,-1.4734332974298329e-05,8.9505843982980767e-06,-0,0,0,-0.0009560118569837691,0,0.13742804836112227,-0.0020376261373733946,0.067695211111874432,0.069732837249247823,0,0,0,0,0,0,0,0,0,False,1,106519.70926941255,team09-risk-none,0,1,0.01985246306892674,0.076010867019417921,
2021-03-06T08:00:00Z,-0.00019578174302123329,-0.0023258504342035576,0.0021300686911823242,-6.8584034575696995e-06,-1.7033359850546026e-05,1.0174956392976328e-05,-0,0,0,-0.00020264014647880299,0,0.13984722243781383,-0.0029769044797045875,0.068435158979054639,0.071412063458759209,0,0,0,0,0,0,0,0,0,False,1,106498.12409992331,team09-risk-none,0,1,0.020790548055261149,0.074410916669206753,
2021-03-06T16:00:00Z,-0.00078109540960927444,0.0017318746964893276,-0.0025129701060986019,1.4541060633320749e-06,-1.3880160509465805e-05,1.5334266572797879e-05,-0,0,0,-0.00077964130354594237,0,0.13540947346230847,-0.0031729593162284422,0.066118257073040018,0.069291216389268467,0,0,0,0,0,0,0,0,0,False,1,106415.09376362486,team09-risk-none,0,1,0.020980837107757555,0.074407560918981833,
2021-03-07T00:00:00Z,0.00062205555379867602,0.0017485093948754586,-0.0011264538410767826,-1.2253864648862442e-05,-1.8493916554003308e-05,6.2400519051408685e-06,-0,2.3149932822049203e-05,1.1574966411024602e-05,0.00057507678991673976,0.023149932822049201,0.14322669978413943,0,0.07161334989206973,0.071613349892069716,2463.5022718799823,0,0,0,0,0,0,0,0,False,1,106476.29061414512,team09-risk-none,0,1,0.021757530767551936,0.073751427393501434,
2021-03-07T08:00:00Z,0.00032175182461692786,0.00031461182944329493,7.1399951736329466e-06,-1.8669376924425598e-05,-3.0295665451905287e-05,1.1626288527479693e-05,-0,0,0,0.0003030824476925023,0,0.14605420024436341,0.00063461664812428792,0.073344408446243847,0.072709791798119566,0,0,0,0,0,0,0,0,0,False,1,106508.56170892567,team09-risk-none,0,1,0.021201245841244609,0.073605699462604382,
2021-03-07T16:00:00Z,-0.00029593296299831846,0.0019352499342885382,-0.0022311828972868563,-1.4700410809037121e-05,-3.1759728758648119e-05,1.7059317949611e-05,-0,0,0,-0.00031063337380735561,0,0.14627767070431347,0.00094058634611450705,0.073609128525213979,0.07266854217909946,0,0,0,0,0,0,0,0,0,False,1,106475.47659506266,team09-risk-none,0,1,0.020900703049975822,0.073399971269628675,
2021-03-08T00:00:00Z,-0.00070495763066887116,-0.0014734007792679609,0.00076844314859908925,-2.027721430574848e-05,-2.3303342153985663e-05,3.0261278482371793e-06,-0,9.0877771372474861e-06,4.5438885686237431e-06,-0.00073886651068049087,0.0090877771372474877,0.14142626462924016,0.0097202166956466777,0.075573240662443419,0.065853023966796737,967.62540187814034,0,0,0,0,0,0,0,0,False,1,106396.80543119782,team09-risk-none,0.0090877771372474877,1,0.021210302596372577,0.072675713219887556,
2021-03-08T08:00:00Z,-0.00044084462311200207,0.0010717214021265377,-0.0015125660252385397,-6.9150665018213954e-06,-3.2488138668962873e-05,2.5573072167141475e-05,-0,0,0,-0.00044775968961382345,0,0.13932424583484476,0.0090377204907485763,0.074180983162796671,0.065143262672048091,0,0,0,0,0,0,0,0,0,False,1,106349.16523062205,team09-risk-none,0,1,0.021920428190605468,0.071393069102191203,
2021-03-08T16:00:00Z,0.00048233273766066305,0.0012149908179241481,-0.00073265808026348495,-2.6421795667870085e-05,-5.9337890076299019e-05,3.2916094408428938e-05,-0,0,0,0.00045591094199279298,0,0.14189692784467844,0.0086029030384726177,0.075249915441575527,0.066647012403102918,0,0,0,0,0,0,0,0,0,False,1,106397.65097872249,team09-risk-none,0,1,0.022377443518415085,0.071379564346701327,
2021-03-09T00:00:00Z,-0.00032905036442057152,2.6497190186182196e-05,-0.00035554755460675365,-3.3710669599407904e-05,-7.4719936062951463e-05,4.1009266463543552e-05,-0,0,0,-0.00036276103401997945,0,0.14383543240747226,0.0091032952430035469,0.07646936382523789,0.067366068582234345,0,0,0,0,0,0,0,0,0,False,1,106359.05405683616,team09-risk-none,0,1,0.02193886390242461,0.070921338638381515,
2021-03-09T08:00:00Z,0.001960284748157294,0.0021710689057180682,-0.00021078415756077402,-3.5780170246670067e-05,-8.6592887348100651e-05,5.0812717101430585e-05,-0,0,0,0.0019245045779106239,0,0.14420452643174769,0.0087370595229821872,0.076470792977364949,0.067733733454382758,0,0,0,0,0,0,0,0,0,False,1,106563.74254327078,team09-risk-none,0,1,0.022295689803591756,0.070407174465676015,
2021-03-09T16:00:00Z,0.0040669535857879024,0.0047528367594161687,-0.00068588317362826626,-5.2349973933856282e-05,-0.00012506330977022441,7.2713335836368108e-05,-0,0,0,0.004014603611854046,0,0.14634741115238453,0.010697246901102245,0.078522329026743401,0.067825082125641159,0,0,0,0,0,0,0,0,0,False,1,106991.55372897768,team09-risk-none,0,1,0.02043032550973134,0.069946989888484065,
2021-03-10T00:00:00Z,0.0011640251992109179,-0.00092511480006216733,0.0020891399992730851,-6.8054235003583538e-05,-0.00014181407635828857,7.3759841354705018e-05,-0,2.4649498925144804e-05,1.2324749462572402e-05,0.0010589967158196173,0.024649498925144807,0.14338178988996136,-6.9388939039072284e-18,0.071690894944980682,0.071690894944980682,2637.2881886420082,0,0,0,0,0,0,0,0,False,1,107104.85743299712,team09-risk-none,0,1,0.016513187541286278,0.07035584664835301,
2021-03-10T08:00:00Z,-0.00093676156144921301,3.4203481076302503e-05,-0.00097096504252551551,-1.6514425063883937e-05,-5.1750943832219612e-05,3.5236518768335682e-05,-0,0,0,-0.00095327598651309697,0,0.14024778224985451,0.0011879189195513878,0.070717850584702951,0.069529931665151562,0,0,0,0,0,0,0,0,0,False,1,107002.75694436733,team09-risk-none,0,1,0.015420932380786234,0.07044459251364002,
2021-03-10T16:00:00Z,-0.0015132312695563946,-0.002828596095081742,0.0013153648255253469,-2.8121104515255327e-05,-7.9652714799226349e-05,5.1531610283971008e-05,-0,0,0,-0.0015413523740716499,0,0.14140250726436349,0.00026823639442164794,0.070835371829392563,0.07056713543497091,0,0,0,0,0,0,0,0,0,False,1,106837.82799091892,team09-risk-none,0,1,0.016370924951202515,0.070268125214357866,
2021-03-11T00:00:00Z,-0.00014116893948291274,-0.0013540016816711257,0.0012128327421882129,-7.3604835066318232e-06,-4.926532500054561e-05,4.1904841493913786e-05,-0,0,0,-0.00014852942298954457,0,0.13743234298074625,-0.0012706784867780509,0.068080832246984094,0.069351510733762153,0,0,0,0,0,0,0,0,0,False,1,106821.95942997397,team09-risk-none,0,1,0.017866654112981828,0.069196343775685842,
2021-03-11T08:00:00Z,0.0011590235035635764,0.0011631799620350676,-4.1564584714911992e-06,-1.6161374507659266e-05,-3.7672502752926883e-05,2.1511128245267627e-05,-0,0,0,0.0011428621290559171,0,0.13487553596862126,-0.0014115235656561882,0.066732006201482535,0.068143529767138722,0,0,0,0,0,0,0,0,0,False,1,106944.04220195803,team09-risk-none,0,1,0.018021172240447192,0.068318563700926066,
2021-03-11T16:00:00Z,0.0037704127644903121,0.0046349320410124318,-0.0008645192765221189,-3.1691020801259056e-05,-6.3412973800672581e-05,3.1721952999413518e-05,-0,0,0,0.003738721743689053,0,0.13589645342658452,-0.00023852912439686555,0.067828962151093825,0.068067491275490694,0,0,0,0,0,0,0,0,0,False,1,107343.87621789648,team09-risk-none,0,1,0.016914173285672685,0.066284607336149465,
2021-03-12T00:00:00Z,0.0011912011785607144,0.00063980541628589943,0.00055139576227481487,-3.5224732633141125e-05,-8.2712850659777187e-05,4.7488118026636069e-05,-0,0,0,0.0011559764459275735,0,0.14088529671618422,0.003547417386893013,0.072216357051538616,0.068668939664645601,0,0,0,0,0,0,0,0,0,False,1,107467.96321041894,team09-risk-none,0,1,0.013242175970051284,0.065532580245997799,
2021-03-12T08:00:00Z,-0.00039745392094747538,-0.0014895861752999148,0.0010921322543524395,-2.3026380964861541e-05,-6.5484005933054461e-05,4.2457624968192923e-05,-0,0,0,-0.00042048030191233697,0,0.14086538864212361,0.0046729601472090473,0.072769174394666333,0.068096214247457293,0,0,0,0,0,0,0,0,0,False,1,107422.77504880232,team09-risk-none,0,1,0.012089456009910959,0.062741595524745064,
2021-03-12T16:00:00Z,-0.00098510681913341618,-0.0011853374693884013,0.00020023065025498503,-1.4594067755546944e-05,-3.506074871940705e-05,2.0466680963860099e-05,-0,0,0,-0.00099970088688896316,0,0.13828612272946267,0.0042980945444680493,0.071292108636965362,0.066994014092497306,0,0,0,0,0,0,0,0,0,False,1,107315.38440531395,team09-risk-none,0,1,0.01249652587359551,0.062678009696845852,
2021-03-13T00:00:00Z,0.0013914515141947284,0.0025323159601689537,-0.0011408644459742253,-2.6497173634358482e-05,-5.0473821806745819e-05,2.397664817238733e-05,-0,4.140797202393084e-05,2.070398601196542e-05,0.0013028423825244735,0.041407972023930831,0.13907113820958864,-2.6020852139652106e-18,0.069535569104794318,0.069535569104794318,4443.7124351926232,0,0,0,0,0,0,0,0,False,1,107455.1994364141,team09-risk-none,0,1,0.013495476751426261,0.062780164301551353,
2021-03-13T08:00:00Z,-0.002549271992268053,0.001177596482781291,-0.0037268684750493435,-1.0561516026633324e-05,-4.0449064155081433e-05,2.9887548128448111e-05,-0,0,0,-0.0025598335082946864,0,0.14249915330886512,0.0013897224123070682,0.071944437860586102,0.070554715448279015,0,0,0,0,0,0,0,0,0,False,1,107180.13201625628,team09-risk-none,0,1,0.012194475351107958,0.062488973755708728,
2021-03-13T16:00:00Z,0.00019906543029456924,0.0011999110116054919,-0.0010008455813109228,-2.8475159939419203e-05,-9.6537301660864082e-05,6.8062141721444882e-05,-0,0,0,0.00017059027035515003,0,0.14774896637408563,-0.0011383225616127136,0.073305321906236454,0.074443644467849165,0,0,0,0,0,0,0,0,0,False,1,107198.41590395363,team09-risk-none,0,1,0.014740743118861532,0.062580884959752767,
2021-03-14T00:00:00Z,-0.0016562656637617401,-0.002378643606295383,0.000722377942533643,-1.6568795899146635e-05,-0.00010409846764210389,8.7529671742957261e-05,-0,0,0,-0.0016728344596608868,0,0.14994290813364192,-0.00095000868997290825,0.074496449721834501,0.075446458411807416,0,0,0,0,0,0,0,0,0,False,1,107019.09069980844,team09-risk-none,0,1,0.014560934285199556,0.062350077818145701,
2021-03-14T08:00:00Z,-0.00032268995197854897,-0.0014086627926097096,0.0010859728406311605,2.0834434884754118e-05,-6.6488709818642318e-05,8.7323144703396432e-05,-0,0,0,-0.00030185551709379488,0,0.147110870028024,-0.0026097987176330866,0.072250535655195458,0.074860334372828546,0,0,0,0,0,0,0,0,0,False,1,106986.78639684634,team09-risk-none,0,1,0.016172613156077875,0.062633730708358884,
2021-03-14T16:00:00Z,0.00016706186037926708,-0.0010205267959280365,0.0011875886563073035,-6.3486923290794927e-07,-8.189429353241395e-05,8.1259424299505987e-05,-0,0,0,0.00016642699114635911,0,0.14466300723492959,-0.002956439159216004,0.07085328403785679,0.073809723197072796,0,0,0,0,0,0,0,0,0,False,1,107004.59188579879,team09-risk-none,0,1,0.016490702154288162,0.062014805359216711,
2021-03-15T00:00:00Z,0.00092757035380868391,-0.00073751587705933738,0.0016650862308680216,-6.5483063692281324e-06,-7.7506095574754301e-05,7.0957789205526172e-05,-0,0,0,0.00092102204743945587,0,0.14249723110085871,-0.0027708920280706886,0.069863169536394001,0.072634061564464697,0,0,0,0,0,0,0,0,0,False,1,107103.14547410287,team09-risk-none,0,1,0.016332836553108132,0.062014655759031985,
2021-03-15T08:00:00Z,-0.00033469399721892788,-0.00013356351679687605,-0.00020113048042205177,-8.4511135239533799e-06,-6.2739517867926937e-05,5.4288404343973545e-05,-0,0,0,-0.00034314511074288128,0,0.13991973533697094,-0.0018488611832490247,0.069035437076860967,0.070884298260110001,0,0,0,0,0,0,0,0,0,False,1,107066.39355338825,team09-risk-none,0,1,0.015428730873319307,0.062080709018643036,
2021-03-15T16:00:00Z,-0.00077851904030460447,-0.00077086790109799359,-7.6511392066110297e-06,-1.6262180168737793e-05,-3.7192459229102207e-05,2.0930279060364417e-05,-0,0,0,-0.00079478122047334232,0,0.13998906887109977,-0.0021872778066968322,0.068900895532201467,0.071088173338898289,0,0,0,0,0,0,0,0,0,False,1,106981.29919444821,team09-risk-none,0,1,0.015774269668294538,0.058213096692379396,
2021-03-16T00:00:00Z,-0.0036309766243958104,-0.00064827990292112652,-0.0029826967214746833,-9.4870211896955865e-06,-3.7213242750132425e-05,2.7726221560436835e-05,-0,7.0367797092195144e-05,3.5183898546097572e-05,-0.003746015341223798,0.070367797092195136,0.13981237662104806,-1.3877787807814457e-17,0.069906188310524017,0.069906188310524031,7528.0383543743501,0,0,0,0,0,0,0,0,False,1,106580.54560644175,team09-risk-none,0,1,0.016549850701146451,0.052357835697671183,
2021-03-16T08:00:00Z,0.0010751721102888803,0.001010182521452395,6.4989588836485211e-05,-3.1198293328410699e-07,-1.9739118715959452e-05,1.9427135782675345e-05,-0,0,0,0.0010748601273555963,0,0.14258493008576809,-0.0036464499873779845,0.069469240049195052,0.073115690036573033,0,0,0,0,0,0,0,0,0,False,1,106695.10478526592,team09-risk-none,0,1,0.020224880570740678,0.05412816831904866,
2021-03-16T16:00:00Z,0.0019399569913826395,0.0016009162107353072,0.00033904078064733235,9.07325558925176e-06,-3.140978471826532e-05,4.0483040307517075e-05,-0,0,0,0.0019490302469718913,0,0.14341842085077294,-0.0025947247249606432,0.070411848062906152,0.073006572787866791,0,0,0,0,0,0,0,0,0,False,1,106903.05677169624,team09-risk-none,0,1,0.019162554051231129,0.053551440055835488,
2021-03-17T00:00:00Z,-0.0002628761991032224,-0.00037253365700813597,0.00010965745790491353,-1.6359208489331189e-06,-4.1179038826122296e-05,3.9543117977189186e-05,-0,0,0,-0.00026451211995215553,0,0.1443882762744364,-0.00066467291021387459,0.071861801682111259,0.072526474592325127,0,0,0,0,0,0,0,0,0,False,1,106874.77961752019,team09-risk-none,0,1,0.017261396540028451,0.053806672031827325,
2021-03-17T08:00:00Z,-0.0014225114013490391,-0.0011190007256451093,-0.00030351067570392987,-1.894867099292132e-05,-5.0452009201822908e-05,3.1503338208901585e-05,-0,0,0,-0.0014414600723419602,0,0.14390922863382352,-0.00092236506590855777,0.071493431783957478,0.072415796849866043,0,0,0,0,0,0,0,0,0,False,1,106720.7238899612,team09-risk-none,0,1,0.017538352246728173,0.053637192082147324,
2021-03-17T16:00:00Z,0.00074553349601727483,0.003323716235086119,-0.0025781827390688448,-9.0501333262546723e-06,-4.3633578792892609e-05,3.4583445466637947e-05,-0,0,0,0.00073648336269102025,0,0.14336545357092767,-0.0023328998324412056,0.070516276869243222,0.07284917670168442,0,0,0,0,0,0,0,0,0,False,1,106799.32192756049,team09-risk-none,0,1,0.018944820385036643,0.053620756428491505,
2021-03-18T00:00:00Z,0.001978403538115799,0.0012626586114973075,0.00071574492661849128,-1.2561073203345275e-05,-7.3938272444901569e-05,6.1377199241556283e-05,-0,0,0,0.0019658424649124538,0,0.14914205066629704,-0.0015963085564799917,0.07377287105490854,0.075369179611388518,0,0,0,0,0,0,0,0,0,False,1,107009.27256982955,team09-risk-none,0,1,0.018225736561078065,0.053640955332000986,
2021-03-18T08:00:00Z,-0.0016253602111088771,0.00040749426028274902,-0.002032854471391626,-1.0509959962445912e-05,-8.0367737917672169e-05,6.9857777955226259e-05,-0,0,0,-0.0016358701710713229,0,0.14941386349746316,0.0003864177780475743,0.074900140637755366,0.074513722859707796,0,0,0,0,0,0,0,0,0,False,1,106834.21929280453,team09-risk-none,0,1,0.016293705308839335,0.053945510061587827,
2021-03-18T16:00:00Z,-0.00090617833946139898,-0.0033544878476593444,0.0024483095081979447,-3.0320206585535971e-05,-0.00011412352648002018,8.3803319894484204e-05,-0,0,0,-0.00093649854604693501,0,0.15205651842213308,-0.0012810496564112372,0.075387734382860908,0.076668784039272145,0,0,0,0,0,0,0,0,0,False,1,106734.16920176876,team09-risk-none,0,1,0.017922376883240276,0.054242808939313471,
2021-03-19T00:00:00Z,0.00077707203851835373,0.0011714716516762055,-0.00039439961315785172,4.6635191280329532e-06,-4.0643321826327662e-05,4.5306840954360608e-05,-0,6.5810330716956257e-05,3.2905165358478128e-05,0.00068302006157095233,0.065810330716956258,0.13990815627673905,1.3877787807814457e-17,0.069954078138369527,0.069954078138369513,7024.2109739679699,0,0,0,0,0,0,0,0,False,1,106807.07078058868,team09-risk-none,0,1,0.018807765549470057,0.054377240210930766,
2021-03-19T08:00:00Z,0.00058006290522604354,0.0012242382598362149,-0.00064417535461017128,-6.5766877198415968e-06,-4.6249342608969986e-05,3.9672654889128389e-05,-0,0,0,0.00057348621750620196,0,0.14134079893122117,0.00077126066935968331,0.07105602980029041,0.070284769130930735,0,0,0,0,0,0,0,0,0,False,1,106868.32316361356,team09-risk-none,0,1,0.018148627854181698,0.054347233047012139,
2021-03-19T16:00:00Z,0.0010232181786383851,8.2397966667281924e-05,0.00094082021197110309,-1.0912770893640921e-05,-6.8722200392572379e-05,5.7809429498931451e-05,-0,0,0,0.0010123054077447442,0,0.14318143062737423,0.0013394087924945286,0.072260419709934381,0.070921010917439853,0,0,0,0,0,0,0,0,0,False,1,106976.5065450687,team09-risk-none,0,1,0.017589809483400165,0.054276066143233888,
2021-03-20T00:00:00Z,-0.00097632198591629808,0.00066148980771679831,-0.0016378117936330964,-4.3445894860176836e-06,-5.8692544539204011e-05,5.4347955053186329e-05,-0,0,0,-0.00098066657540231568,0,0.14218032772989961,0.0023504807872068278,0.072265404258553212,0.069914923471346396,0,0,0,0,0,0,0,0,0,False,1,106871.59826074664,team09-risk-none,0,1,0.016588851084029632,0.05433950230301636,
2021-03-20T08:00:00Z,-0.00066608424009388428,-3.3465935721071094e-05,-0.00063261830437281313,-1.8516889250853946e-05,-9.0076911779142323e-05,7.1560022528288384e-05,-0,0,0,-0.00068460112934473822,0,0.14462313692219933,0.0014017694125014833,0.073012453167350416,0.071610683754848928,0,0,0,0,0,0,0,0,0,False,1,106798.43384388246,team09-risk-none,0,1,0.017567173117992496,0.054494374174621829,
2021-03-20T16:00:00Z,-0.0024551788518257689,-0.00270009001418313,0.00024491116235736128,-1.3698007436142093e-06,-0.00011043614457666868,0.00010906634383305446,-0,0,0,-0.0024565486525693833,0,0.14530170778240364,0.0007415301271373291,0.073021618954770481,0.072280088827633149,0,0,0,0,0,0,0,0,0,False,1,106536.07829512675,team09-risk-none,0,1,0.018222913099117499,0.054534472162031049,
2021-03-21T00:00:00Z,0.0016422402559134956,0.00015134412601831675,0.001490896129895179,-5.6561220839857283e-06,-6.9045363267534245e-05,6.3389241183548514e-05,-0,0,0,0.0016365841338295099,0,0.14270470156040843,-0.0017280736464538385,0.0704883139569773,0.072216387603431145,0,0,0,0,0,0,0,0,0,False,1,106710.43355054497,team09-risk-none,0,1,0.020638894159219157,0.055238334069734947,
2021-03-21T08:00:00Z,0.0001037419052660443,-0.00037258595474227605,0.00047632786000832044,1.7099435282873268e-06,-4.7410402182138187e-05,4.9120345710425514e-05,-0,0,0,0.00010545184879433163,0,0.14118092482553751,-9.3799301395322207e-05,0.070543562762071077,0.070637362063466408,0,0,0,0,0,0,0,0,0,False,1,106721.68636304852,team09-risk-none,0,1,0.019028861426695687,0.054738352477615854,
2021-03-21T16:00:00Z,0.000404977573761538,0.00061763891179242357,-0.00021266133803088546,-1.4104100511053735e-05,-4.9935020119092761e-05,3.5830919608039025e-05,-0,0,0,0.00039087347325048429,0,0.14030003629520846,2.3179320950268006e-05,0.070161607808079368,0.07013842848712909,0,0,0,0,0,0,0,0,0,False,1,106763.40103926838,team09-risk-none,0,1,0.018940930936663936,0.054731614857694143,
2021-03-22T00:00:00Z,0.0021235061664234972,0.0024253193194581153,-0.00030181315303461808,-1.3255187978795049e-05,-5.902124846203212e-05,4.576606048323708e-05,-0,2.4179870352739688e-05,1.2089935176369844e-05,0.0020739811729155928,0.024179870352739687,0.14345907234924529,8.6736173798840355e-19,0.071729536174622632,0.071729536174622632,2581.525195547063,0,0,0,0,0,0,0,0,False,1,106984.82632298027,team09-risk-none,0,1,0.018556627800253134,0.054677989331901537,
2021-03-22T08:00:00Z,-0.0012013628229581464,0.00039577935303771074,-0.001597142175995857,1.0332872411703273e-05,-4.0228295278217013e-05,5.0561167689920298e-05,-0,0,0,-0.0011910299505464431,0,0.14587202852382422,0.0021347109713773897,0.0740033697476008,0.071868658776223421,0,0,0,0,0,0,0,0,0,False,1,106857.40419057559,team09-risk-none,0,1,0.016497934057611241,0.053863285527705522,
2021-03-22T16:00:00Z,5.1088679058153664e-05,-0.0036185725982905413,0.0036696612773486951,-6.5342752745232336e-06,-5.2312443458370329e-05,4.5778168183847092e-05,-0,0,0,4.4554403783630427e-05,0,0.14799201983711846,0.00093287365744276068,0.074462446747280614,0.07352957308983786,0,0,0,0,0,0,0,0,0,False,1,106862.16515850916,team09-risk-none,0,1,0.017685883420117676,0.052446382444648075,
2021-03-23T00:00:00Z,-0.00014620952075068347,0.00092791588736980391,-0.0010741254081204875,9.1106049891295662e-06,-1.679271529394087e-05,2.590332028307044e-05,-0,0,0,-0.0001370989157615539,0,0.14071245555445361,0.00098705158982919251,0.070849753572141405,0.069862701982312217,0,0,0,0,0,0,0,0,0,False,1,106847.51447153,team09-risk-none,0,1,0.01762674802844455,0.05170678642777763,
2021-03-23T08:00:00Z,0.00036896876173321037,0.00094065213637753214,-0.00057168337464432188,1.9228644877178387e-06,-1.6783481410178206e-05,1.8706345897896046e-05,-0,0,0,0.00037089162622092823,0,0.1427977769466853,0.00084076108073039175,0.071819269013707832,0.070978507932977455,0,0,0,0,0,0,0,0,0,False,1,106887.14331993001,team09-risk-none,0,1,0.017768490347791377,0.051680068711082765,
2021-03-23T16:00:00Z,-0.00086295569816754927,-0.0016389732024234399,0.00077601750425589067,1.2718680465320417e-05,-8.0740902832278738e-06,2.0792770748548294e-05,-0,0,0,-0.00085023701770222879,0,0.1442136579845936,0.0012350295617944949,0.072724343773194047,0.071489314211399549,0,0,0,0,0,0,0,0,0,False,1,106796.26391396296,team09-risk-none,0,1,0.017393581002691505,0.051125284446845644,
2021-03-24T00:00:00Z,0.0020734724090691954,0.0033313222575240323,-0.0012578498484548367,9.7419456106781226e-06,-1.0505855713935498e-05,2.0247801324613622e-05,-0,0,0,0.0020832143546798739,0,0.14195705586973961,0.00036519375023637887,0.071161124809987999,0.070795931059751613,0,0,0,0,0,0,0,0,0,False,1,107018.74342397471,team09-risk-none,0,1,0.018231951788652889,0.051182595902778898,
2021-03-24T08:00:00Z,-0.0006849042897464939,-0.00022825477050348412,-0.00045664951924300975,2.4331967132595368e-05,-1.3354893128048274e-06,2.5667456445400197e-05,-0,0,0,-0.0006605723226138986,0,0.1462214097184148,0.0024203420080139417,0.07432087586321437,0.071900533855200413,0,0,0,0,0,0,0,0,0,False,1,106948.04980406791,team09-risk-none,0,1,0.01617236478053552,0.05112886210515754,
2021-03-24T16:00:00Z,-0.00088666035922757905,-0.0082278702911178989,0.0073412099318903206,1.9207397710443565e-05,-1.742576563822378e-05,3.6633163348667349e-05,-0,0,0,-0.00086745296151713555,0,0.14649926231310884,0.0017339602761207102,0.074116611294614776,0.07238265101849406,0,0,0,0,0,0,0,0,0,False,1,106855.27740153689,team09-risk-none,0,1,0.016827292326607179,0.051112248400064411,
2021-03-25T00:00:00Z,0.00040529606818498774,-0.00059023397646500544,0.00099553004464999302,-8.762821519864221e-07,-9.4843016518241073e-06,8.6080194998376844e-06,-0,4.2133069953996112e-05,2.1066534976998056e-05,0.00034122018110200713,0.042133069953996106,0.13614997367970708,-5.2041704279304213e-18,0.068074986839853524,0.068074986839853538,4502.1408777126135,0,0,0,0,0,0,0,0,False,1,106891.73857864355,team09-risk-none,0,1,0.017699876622055521,0.051031068195828151,
2021-03-25T08:00:00Z,-0.0015355903251010475,-0.0013291436862832512,-0.00020644663881779626,-3.8314632867230307e-08,-6.742076339983656e-06,6.7037617071164274e-06,-0,0,0,-0.0015356286397339148,0,0.13445838562272452,0.00038314634335241682,0.067420765983038464,0.067037619639686047,0,0,0,0,0,0,0,0,0,False,1,106727.59256353123,team09-risk-none,0,1,0.017363872578870509,0.050882563540259357,
2021-03-25T16:00:00Z,0.00032587856596995692,0.0010667933184842964,-0.00074091475251433965,-3.1626323482273784e-06,-1.0697493910312288e-05,7.534861562084908e-06,-0,0,0,0.00032271593362172957,0,0.13352530808200019,-0.0011401397235473714,0.06619258417922641,0.067332723902773783,0,0,0,0,0,0,0,0,0,False,1,106762.03525820858,team09-risk-none,0,1,0.018875902111670229,0.048163408414974032,
2021-03-26T00:00:00Z,0.0019457639500960041,0.0036676913711774562,-0.0017219274210814514,-3.5566081807469234e-06,-1.4048303397046471e-05,1.0491695216299548e-05,-0,0,0,0.0019422073419152572,0,0.13536551043776968,-0.0008135220371045318,0.067275994200332562,0.0680895162374371,0,0,0,0,0,0,0,0,0,False,1,106969.38926692489,team09-risk-none,0,1,0.018559664397569842,0.047923540289236295,
2021-03-26T08:00:00Z,-0.00095935549826032184,0.00073480216095875295,-0.0016941576592190747,5.1615218473306281e-06,-1.4827169685839563e-05,1.9988691533170194e-05,-0,0,0,-0.00095419397641299114,0,0.1404087202540335,0.001104769226574558,0.070756744740304037,0.06965197551372948,0,0,0,0,0,0,0,0,0,False,1,106867.31972002581,team09-risk-none,0,1,0.016644930799003532,0.048403139842082575,
2021-03-26T16:00:00Z,0.00096046203230701159,0.0025403860415820867,-0.0015799240092750745,1.1786159469666499e-07,-2.4079545026537321e-05,2.4197406621233987e-05,-0,0,0,0.00096057989390170822,0,0.1429754984781684,0.00014946783020493466,0.071562483154186673,0.071413015323981727,0,0,0,0,0,0,0,0,0,False,1,106969.97431866404,team09-risk-none,0,1,0.017588197233487701,0.048501657575254375,
2021-03-27T00:00:00Z,0.00210730736070885,0.001038502041441756,0.001068805319267094,3.1496214167579226e-06,-1.6901751736545218e-05,2.0051373153303136e-05,-0,0,0,0.002110456982125608,0,0.14698092912582847,0.0011291009147394223,0.074055015020283943,0.072925914105544526,0,0,0,0,0,0,0,0,0,False,1,107195.72984784267,team09-risk-none,0,1,0.016641530910911029,0.048583247931609411,
2021-03-27T08:00:00Z,-0.00051187586708939308,-0.00087509964499105357,0.00036322377790166033,-7.0149161037258082e-06,-3.1465248339573384e-05,2.4450332235847572e-05,-0,0,0,-0.00051889078319311891,0,0.14666229087879351,0.0032288664007735241,0.074945578639783517,0.071716712239009994,0,0,0,0,0,0,0,0,0,False,1,107140.10697162696,team09-risk-none,0,1,0.014576211611224799,0.048840917607276851,
2021-03-27T16:00:00Z,-0.00044527843820526479,0.00018996640228336609,-0.00063524484048863082,-2.3800834654992737e-05,-5.0023154799228664e-05,2.6222320144235927e-05,-0,0,0,-0.00046907927286025757,0,0.14549444460906558,0.0027100615980754431,0.074102253103570506,0.071392191505495056,0,0,0,0,0,0,0,0,0,False,1,107089.84976815454,team09-risk-none,0,1,0.015104071708886613,0.048778890880608002,
2021-03-28T00:00:00Z,0.00043852325727650844,0.0014110985498130644,-0.00097257529253655611,-1.4135034482295243e-05,-4.2436411875553986e-05,2.8301377393258746e-05,-0,4.1515540124893065e-05,2.0757770062446533e-05,0.00036211491260687356,0.041515540124893065,0.13600800380510508,-6.9388939039072284e-18,0.068004001902552541,0.068004001902552541,4445.8929550185903,0,0,0,0,0,0,0,0,False,1,107128.62859974442,team09-risk-none,0,1,0.015556550406604419,0.048668377201346688,
2021-03-28T08:00:00Z,0.00057256224064207743,0.00074115881620100946,-0.00016859657555893224,-6.1534573251642267e-06,-4.2423566384721306e-05,3.627010905955709e-05,-0,0,0,0.00056640878331691319,0,0.13831873586293025,0.00042518952313227304,0.06937196269303128,0.068946773169899001,0,0,0,0,0,0,0,0,0,False,1,107189.30719592801,team09-risk-none,0,1,0.015192208385146344,0.048245225614892452,
2021-03-28T16:00:00Z,-0.00023405891350321566,-0.0010866227008298154,0.00085256378732659994,-1.377980550620691e-05,-4.8626289032548978e-05,3.4846483526342071e-05,-0,0,0,-0.00024783871900942254,0,0.13915232661404059,0.0010078482447339349,0.070080087429387261,0.069072239184653314,0,0,0,0,0,0,0,0,0,False,1,107162.74153534106,team09-risk-none,0,1,0.014641919389454805,0.048104527200635773,
2021-03-29T00:00:00Z,0.00091717273885291717,0.0022399241510018958,-0.0013227514121489786,-9.9286969745629353e-06,-3.5340698721242964e-05,2.5412001746680034e-05,-0,9.2197792289518184e-06,4.6098896144759092e-06,0.00089341437303492655,0.0092197792289518167,0.1280245625816529,0.0099826877984778104,0.069003625190065365,0.05902093739158755,988.01681852506965,0,0,0,0,0,0,0,0,False,1,107258.48226888257,team09-risk-none,0.0092197792289518167,1,0.014882335441208538,0.047456670133500446,
2021-03-29T08:00:00Z,-0.00035061953857041937,0.00036149370787190682,-0.00071211324644232619,-2.9424054897059075e-05,-5.2168818552787034e-05,2.2744763655727966e-05,-0,0,0,-0.00038004359346747844,0,0.13143340468456474,0.010890516515943032,0.071161960600253898,0.060271444084310857,0,0,0,0,0,0,0,0,0,False,1,107217.71936985123,team09-risk-none,0,1,0.014021439731103258,0.046407583486554937,
2021-03-29T16:00:00Z,0.00066936237298988882,0.0011913840063321325,-0.00052202163334224368,-9.616928356155058e-06,-5.6226593822058461e-05,4.6609665465903411e-05,-0,0,0,0.00065974544463373369,0,0.13259417857282174,0.010547981925519938,0.071571080249170832,0.061023098323650896,0,0,0,0,0,0,0,0,0,False,1,107288.45577178951,team09-risk-none,0,1,0.014376632011711354,0.045522395221333591,
2021-03-30T00:00:00Z,0.00018322735113462027,0.00026449574683396642,-8.1268395699346128e-05,-7.5544638753783906e-06,-4.6823463283032605e-05,3.9268999407654206e-05,-0,0,0,0.00017567288725924186,0,0.13419831538673863,0.011188096574582454,0.072693205980660536,0.061505109406078083,0,0,0,0,0,0,0,0,0,False,1,107307.30344458453,team09-risk-none,0,1,0.013724337310666912,0.045463465579697222,
2021-03-30T08:00:00Z,-0.0021571719568178522,-0.001786305557702306,-0.00037086639911554668,-2.9826655668261877e-05,-7.9843537250195599e-05,5.0016881581933726e-05,-0,0,0,-0.0021869986124861142,0,0.13454386664011303,0.011398847814151658,0.072971357227132355,0.061572509412980689,0,0,0,0,0,0,0,0,0,False,1,107072.6225208416,team09-risk-none,0,1,0.013573045962986585,0.045153580625214587,
2021-03-30T16:00:00Z,0.0003226160062635825,0.00051066184590404455,-0.00018804583964046208,-3.172953786204997e-05,-0.00010546428756753794,7.3734749705487966e-05,-0,0,0,0.00029088646840153253,0,0.13340033443335816,0.0092359229539593878,0.071318128693658778,0.06208220573969938,0,0,0,0,0,0,0,0,0,False,1,107103.76849786918,team09-risk-none,0,1,0.015732233347821034,0.045773861644094339,
2021-03-31T00:00:00Z,-0.0001387965630385532,-0.0014586614004386707,0.0013198648374001174,-2.68485923790354e-05,-8.2801881819001509e-05,5.5953289439966113e-05,-0,7.9769952779157804e-05,3.9884976389578902e-05,-0.0002853000845863253,0.079769952779157799,0.13631911341594405,-1.7347234759768071e-18,0.068159556707972024,0.068159556707972024,8543.6625555448736,0,0,0,0,0,0,0,0,False,1,107073.21178365723,team09-risk-none,0,1,0.015441117465961218,0.043017686162718012,
2021-03-31T08:00:00Z,-0.001309356355456158,7.4113379776336911e-05,-0.0013834697352324949,-4.8970652630768496e-06,-6.7746273708202111e-05,6.2849208445125263e-05,-0,0,0,-0.0013142534207192347,0,0.13350927320452793,-0.00010849845943016259,0.066700387372548894,0.066808885831979054,0,0,0,0,0,0,0,0,0,False,1,106932.49044880316,team09-risk-none,0,1,0.015700405213372348,0.043026424398653514,
2021-03-31T16:00:00Z,-0.0032957823424594372,-0.0003620057972519012,-0.0029337765452075362,-1.1774941964316201e-05,-5.4290981305725579e-05,4.251603934140938e-05,-0,0,0,-0.0033075572844237537,0,0.13515753926985358,-0.0014337755384060021,0.066861881865723796,0.068295657404129795,0,0,0,0,0,0,0,0,0,False,1,106578.80511107764,team09-risk-none,0,1,0.017000785349839731,0.042865723812630138,
2021-04-01T00:00:00Z,9.1465407563367515e-05,0.00092927656697715168,-0.00083781115941378409,-6.4380637199807494e-06,-8.755556769799942e-05,8.1117503978018677e-05,-0,0,0,8.5027343843386771e-05,0,0.13823889155058403,-0.0047430014418495328,0.06674794505436725,0.07149094649621679,0,0,0,0,0,0,0,0,0,False,1,106587.86722378623,team09-risk-none,0,1,0.020246882706078551,0.043867064530885506,
2021-04-01T08:00:00Z,9.2549797483884388e-05,0.00029473134242026321,-0.00020218154493637869,-2.3120150075253484e-06,-0.00010185729280757612,9.9545277800050768e-05,-0,0,0,9.0237782476359027e-05,0,0.13996593108892261,-0.0046653670303204962,0.067650282029301054,0.07231564905962154,0,0,0,0,0,0,0,0,0,False,1,106597.48547656339,team09-risk-none,0,1,0.020159534022052505,0.04386889676995729,
2021-04-01T16:00:00Z,-0.0027672767643656133,-0.00052582275981601415,-0.0022414540045495989,-3.0153036471499172e-05,-0.00011532939103860001,8.5176354567100831e-05,-0,0,0,-0.0027974298008371125,0,0.14045588164185832,-0.0045572136339376221,0.06794933400396036,0.072506547637897961,0,0,0,0,0,0,0,0,0,False,1,106299.28649399696,team09-risk-none,0,1,0.020098397675408664,0.043844488641860649,
2021-04-02T00:00:00Z,-0.00054094086664804929,0.0001519171799862036,-0.00069285804663425318,8.4266714655921788e-06,-6.9234697171584862e-05,7.7661368637177018e-05,-0,0,0,-0.0005325141951824571,0,0.14253311878423111,-0.0073162868644158288,0.067608415959907645,0.07492470282432348,0,0,0,0,0,0,0,0,0,False,1,106242.68061500114,team09-risk-none,0,1,0.022801903920179001,0.044671711395942323,
2021-04-02T08:00:00Z,-0.00075568930337786095,0.0011037506347864625,-0.0018594399381643234,7.4037156214874291e-07,-0.00013772105716052725,0.00013846142872267603,-0,0,0,-0.00075494893181571223,0,0.14361058142323255,-0.0078949800679828167,0.067857800677624869,0.075752780745607678,0,0,0,0,0,0,0,0,0,False,1,106162.47281675761,team09-risk-none,0,1,0.023329782752485428,0.044611099188850013,
2021-04-02T16:00:00Z,-0.0017806931152441479,-0.0001989944791063253,-0.0015816986361378222,-3.4079095840403565e-06,-0.00012482848319046188,0.00012142057360642153,-0,0,0,-0.0017841010248281881,0,0.14656246299665895,-0.0086608931271030046,0.068950784934777964,0.07761167806188099,0,0,0,0,0,0,0,0,0,False,1,105973.06824020694,team09-risk-none,0,1,0.024071167330705912,0.044089173558677495,
2021-04-03T00:00:00Z,0.000790551232390611,0.0017232188084208902,-0.0009326675760302789,-1.0158962510853493e-06,-0.00010739843450069162,0.00010638253824960626,-0,9.3967327919718076e-05,4.6983663959859038e-05,0.00064858434425994847,0.093967327919718055,0.1396141728237506,0,0.069807086411875302,0.069807086411875302,9958.0060539861843,0,0,0,0,0,0,0,0,False,1,106041.80071318072,team09-risk-none,0,1,0.025809992683376914,0.044305450003574179,
2021-04-03T08:00:00Z,2.6068101247447548e-05,-0.002120593113463558,0.0021466612147110053,-5.1088376050338061e-05,-0.00016014827397303573,0.00010905989792269766,-0,0,0,-2.502027480289051e-05,0,0.1421030800508544,0.00078791306892984914,0.071445496559892116,0.070657583490962281,0,0,0,0,0,0,0,0,0,False,1,106039.14751818629,team09-risk-none,0,1,0.025226960093361894,0.044373277610359065,
2021-04-03T16:00:00Z,0.0016108082215997939,-0.0023913267842560417,0.0040021350058558353,-2.4794083065722134e-05,-0.00014128458422191969,0.00011649050115619753,-0,0,0,0.0015860141385340718,0,0.13785237955058505,0.00082301219759813547,0.069337695874091596,0.068514683676493465,0,0,0,0,0,0,0,0,0,False,1,106207.32710538823,team09-risk-none,0,1,0.025225717546601079,0.044320838917241041,
2021-04-04T00:00:00Z,0.00076010396892739062,0.0026249559841349445,-0.0018648520152075544,1.0252459684396108e-05,-2.8525835843821076e-05,3.8778295528217187e-05,-0,0,0,0.00077035642861178661,0,0.13129851898980194,0.0024402081077858854,0.066869363548793928,0.064429155441008037,0,0,0,0,0,0,0,0,0,False,1,106289.14460258954,team09-risk-none,0,1,0.023645494253639265,0.044255716499019819,
2021-04-04T08:00:00Z,0.0008242936217084108,0.0015218025407598124,-0.00069750891905140161,2.7964773113732715e-06,-4.8733021559052282e-05,5.1529498870425547e-05,-0,0,0,0.00082709009901978407,0,0.13563635030574081,0.003174990274379846,0.06940567029006034,0.066230680015680499,0,0,0,0,0,0,0,0,0,False,1,106377.05530172362,team09-risk-none,0,1,0.02290063849877666,0.044339632614645609,
2021-04-04T16:00:00Z,-7.722361355457927e-05,0.0012171458350199486,-0.0012943694485745279,-1.0566723014913197e-05,-5.1795046134268302e-05,4.1228323119355097e-05,-0,0,0,-8.7790336569492462e-05,0,0.13774161191015458,0.0040190530350515709,0.070880332472603058,0.066861279437551491,0,0,0,0,0,0,0,0,0,False,1,106367.71642423542,team09-risk-none,0,1,0.022105557228542461,0.044377847414607957,
2021-04-05T00:00:00Z,-0.002396371407131549,-0.001904730525762198,-0.00049164088136935055,-1.2578931002217817e-05,-6.8962500240055238e-05,5.6383569237837421e-05,-0,0,0,-0.0024089503381337666,0,0.14028459314454977,0.003917159413736741,0.072100876279143244,0.068183716865406502,0,0,0,0,0,0,0,0,0,False,1,106111.48187778874,team09-risk-none,0,1,0.022193374485854567,0.044377287308023261,
2021-04-05T08:00:00Z,0.001086828537421182,0.0060397338934971853,-0.0049529053560760034,1.5563111216564753e-05,-5.8779939608866408e-05,7.4343050825431174e-05,-0,0,0,0.0011023916486377467,0,0.13920502146286515,0.0015401925612190323,0.070372607012042093,0.068832414450823054,0,0,0,0,0,0,0,0,0,False,1,106228.45828923539,team09-risk-none,0,1,0.024521410554599887,0.045036561382523953,
2021-04-05T16:00:00Z,-0.0053394020109870013,-0.00099927016517106044,-0.0043401318458159413,-2.3592407007035907e-05,-0.00014401209453986132,0.0001204196875328254,-0,0,0,-0.0053629944179940372,0,0.15004423261139269,0.0026185009855803233,0.076331366798486511,0.073712865812906175,0,0,0,0,0,0,0,0,0,False,1,105658.75566039811,team09-risk-none,0,1,0.023484287985027885,0.045208918662214492,
2021-04-06T00:00:00Z,0.00097047899695709683,-0.00029923841117272142,0.0012697174081298184,-1.0655989157878923e-06,-0.00014138268897370205,0.00014031709005791413,-0,0.00011267175516317069,5.6335877581585345e-05,0.00080040576529655293,0.1126717551631707,0.1413207593124402,-3.4694469519536142e-18,0.070660379656220101,0.070660379656220101,11904.757448613651,0,0,0,0,0,0,0,0,False,1,105743.32553758274,team09-risk-none,0,1,0.028699455973377752,0.048829182791666169,
2021-04-06T08:00:00Z,-0.0018816495961251907,-0.0012918523593835904,-0.00058979723674160015,-4.0554657359940012e-05,-0.00014138094689875293,0.00010082628953881292,-0,0,0,-0.0019222042534851307,0,0.13962312594546089,0.0009486063314363552,0.070285866138448616,0.069337259807012275,0,0,0,0,0,0,0,0,0,False,1,105540.06526745674,team09-risk-none,0,1,0.027960407903116269,0.048872577684984271,
2021-04-06T16:00:00Z,0.0021775972884966544,0.0039572939977860029,-0.0017796967092893494,-6.2305205517205561e-06,-8.9111877091407039e-05,8.2881356539686482e-05,-0,0,0,0.0021713667679449339,0,0.13919617502233531,-0.00092884206150516818,0.069133666480415079,0.07006250854192024,0,0,0,0,0,0,0,0,0,False,1,105769.23145786523,team09-risk-none,0,1,0.029795564904352312,0.04927512186595473,
2021-04-07T00:00:00Z,0.00057038014690514169,-0.0010944303649143277,0.0016648105118194693,-3.5257784897732072e-06,-6.8180164485759324e-05,6.4654385995986118e-05,-0,0,0,0.00056685436841536841,0,0.14455486068753243,0.0012305382730215357,0.072892699480276976,0.071662161207255437,0,0,0,0,0,0,0,0,0,False,1,105829.18720876105,team09-risk-none,0,1,0.027686265368744967,0.049901384377608105,
2021-04-07T08:00:00Z,0.0010365154651737439,-0.0027335587818728738,0.0037700742470466175,7.1330994046475756e-06,-4.8032869291274906e-05,5.5165968695922492e-05,-0,0,0,0.0010436485645783915,0,0.14184488479255858,0.0018422803928124162,0.071843582592685501,0.070001302199873078,0,0,0,0,0,0,0,0,0,False,1,105939.63568808198,team09-risk-none,0,1,0.027124735396115041,0.049894802745998161,
2021-04-07T16:00:00Z,-0.00028117881060475447,-0.0006105471498189588,0.00032936833921420427,6.6220875064636996e-06,-2.4358883621586653e-05,3.0980971128050356e-05,-0,0,0,-0.00027455672309829079,0,0.13513910482724878,0.0028339947979902844,0.068986549812619535,0.066152555014629258,0,0,0,0,0,0,0,0,0,False,1,105910.54924886124,team09-risk-none,0,1,0.026109893188833944,0.050022608014300411,
2021-04-08T00:00:00Z,0.0015525555232924423,0.0038284332625807649,-0.0022758777392883223,7.8519615838840428e-06,-2.5003796268645507e-05,3.2855757852529548e-05,-0,0,0,0.0015604074848763266,0,0.13422548588472774,0.002535366086166807,0.068380425985447274,0.065845059899280467,0,0,0,0,0,0,0,0,0,False,1,106075.81286263652,team09-risk-none,0,1,0.026376083839804276,0.049998082810187076,
2021-04-08T08:00:00Z,0.00022624798623315914,0.00055609892654954747,-0.00032985094031638825,5.9061992145410018e-06,-4.2519651045429133e-05,4.8425850259970136e-05,-0,0,0,0.00023215418544770012,0,0.14013807422591273,0.0041196453418922349,0.072128859783902488,0.068009214442010246,0,0,0,0,0,0,0,0,0,False,1,106100.43880656736,team09-risk-none,0,1,0.024858731175552595,0.050299105160782231,
2021-04-08T16:00:00Z,0.0008805457298071026,0.0015378433516724267,-0.00065729762186532404,1.0893373168343074e-05,-4.0262950060957296e-05,5.115632322930037e-05,-0,0,0,0.00089143910297544572,0,0.14094972959494842,0.0043246835964826161,0.072637206595715528,0.068312522999232905,0,0,0,0,0,0,0,0,0,False,1,106195.02088656239,team09-risk-none,0,1,0.024627483749172563,0.049834898401563334,
2021-04-09T00:00:00Z,0.0011946564140653333,0.00060185932077907491,0.00059279709328625843,-1.9071588968252355e-06,-4.5920587490321e-05,4.4013428593495763e-05,-0,5.6251981912040399e-05,2.81259909560202e-05,0.0011083712823004475,0.056251981912040401,0.14224228487663923,6.9388939039072284e-18,0.071121142438319615,0.071121142438319615,5973.6803940596601,0,0,0,0,0,0,0,0,False,1,106312.72439803634,team09-risk-none,0,1,0.023770494829135291,0.047854284167134852,
2021-04-09T08:00:00Z,0.0017904963780392747,0.0013284355859773606,0.00046206079206191413,1.0900535456699692e-05,-4.4715622781734232e-05,5.5616158238433916e-05,-0,0,0,0.0018013969134959744,0,0.14204279345396342,0.0011772160416652355,0.071610004747814315,0.07043278870614908,0,0,0,0,0,0,0,0,0,False,1,106504.23581163232,team09-risk-none,0,1,0.022675952949434142,0.047869075758540068,
2021-04-09T16:00:00Z,1.8854639187889744e-05,-0.00022137693613597992,0.00024023157532386961,1.2754320772269852e-05,-4.8240796313850389e-05,6.0995117086120247e-05,-0,0,0,3.1608959960159601e-05,0,0.14260046152800882,0.0029313661348478078,0.072765913831428303,0.069834547696580512,0,0,0,0,0,0,0,0,0,False,1,106507.60229975768,team09-risk-none,0,1,0.020913589434730095,0.048214892582207673,
2021-04-10T00:00:00Z,-0.0016728556490248697,0.0016342438136577075,-0.0033070994626825771,2.2377975938692829e-06,-3.9619650531285911e-05,4.1857448125155198e-05,-0,0,0,-0.0016706178514310005,0,0.1421551324917262,0.0029811590902316665,0.072568145790978936,0.069586986700747269,0,0,0,0,0,0,0,0,0,False,1,106329.66879804259,team09-risk-none,0,1,0.020892938310647313,0.047927941599488134,
2021-04-10T08:00:00Z,-6.635539383919777e-05,0.00067341061226366093,-0.00073976600610285877,2.0869184950989436e-05,-0.00010749590556625718,0.00012836509051724661,-0,0,0,-4.5486208888208337e-05,0,0.14732341092446866,0.0012963643044460287,0.074309887614457337,0.073013523310011319,0,0,0,0,0,0,0,0,0,False,1,106324.83226451663,team09-risk-none,0,1,0.022510440439807322,0.048265809207932088,
2021-04-10T16:00:00Z,-0.00091946617306973234,-0.00016895859007221793,-0.00075050758299751461,1.310091069434096e-05,-0.00010274785016241633,0.0001158487608567573,-0,0,0,-0.00090636526237539139,0,0.14878140664330478,0.0012429598076356078,0.075012183225470194,0.073769223417834595,0,0,0,0,0,0,0,0,0,False,1,106228.46313002419,team09-risk-none,0,1,0.02256249563722823,0.048082022925480777,
2021-04-11T00:00:00Z,-0.0034974694424185632,-0.0011223944114980846,-0.0023750750309204788,-7.1461810228999364e-06,-9.5781594366746314e-05,8.8635413343846382e-05,-0,0,0,-0.0035046156234414629,0,0.14949731951373171,0.00034562766105739745,0.074921473587394552,0.074575845926337148,0,0,0,0,0,0,0,0,0,False,1,105856.17319848452,team09-risk-none,0,1,0.02346818310788179,0.046258041096377406,
2021-04-11T08:00:00Z,0.0020711627976709632,0.00093980623207186038,0.0011313565655991027,2.6171707558207377e-06,-9.5635647352014389e-05,9.8252818107835119e-05,-0,0,0,0.0020737799684267836,0,0.15128735728517245,-0.0032033689517385966,0.074041994166716946,0.077245363118455534,0,0,0,0,0,0,0,0,0,False,1,106075.69560999786,team09-risk-none,0,1,0.026881050892392233,0.047521700364690736,
2021-04-11T16:00:00Z,0.001555542672809096,0.0016483266911686909,-9.2784018359595133e-05,-1.3127025810089481e-05,-0.00011730427551531163,0.00010417724970522215,-0,0,0,0.0015424156469990066,0,0.15076991550800567,-0.0011088821804316699,0.074830516663786997,0.075939398844218658,0,0,0,0,0,0,0,0,0,False,1,106239.30842267301,team09-risk-none,0,1,0.024878369017005686,0.048150175922182903,
2021-04-12T00:00:00Z,0.00039335369511584936,0.0013384457017104757,-0.00094509200659462645,-2.002440629941788e-05,-0.00011408355616117688,9.4059149861759004e-05,-0,4.8521140114712318e-05,2.4260570057356159e-05,0.00030054757864436297,0.04852114011471232,0.14443164314487239,-3.4694469519536142e-18,0.072215821572436195,0.072215821572436195,5154.8523696666543,0,0,0,0,0,0,0,0,False,1,106271.23838957631,team09-risk-none,0,1,0.023381062402945463,0.048406972250665814,
2021-04-12T08:00:00Z,0.00077653876795920579,-0.00046971638992510773,0.0012462551578843136,-2.099136771893048e-05,-0.00015969259764387372,0.00013870122992494323,-0,0,0,0.00075554740024027535,0,0.14665070240405609,0.00040153864290109857,0.073526120523478594,0.073124581880577494,0,0,0,0,0,0,0,0,0,False,1,106351.53134746186,team09-risk-none,0,1,0.023088486601565816,0.04817250093758204,
2021-04-12T16:00:00Z,-0.00028759408764338204,0.0017155183107989377,-0.0020031123984423195,-1.7311705414703166e-05,-0.0001011571072733704,8.3845401858667214e-05,-0,0,0,-0.00030490579305808519,0,0.14482192720438636,0.0011612374600534249,0.07299158233221989,0.071830344872166482,0,0,0,0,0,0,0,0,0,False,1,106319.10414945341,team09-risk-none,0,1,0.022346786151396292,0.047491540841692652,
2021-04-13T00:00:00Z,-0.0026551000418457058,-0.0019766317952874418,-0.00067846824655826414,-9.5614780124849248e-06,-0.00010358022212401918,9.4018744111534238e-05,-0,0,0,-0.0026646615198581908,0,0.14857593276777306,0.00090678378137966711,0.074741358274576369,0.073834574493196692,0,0,0,0,0,0,0,0,0,False,1,106035.79972380058,team09-risk-none,0,1,0.02263730342432102,0.04748899165275014,
2021-04-13T08:00:00Z,-0.0001203507190307936,0.0022923571829020955,-0.0024127079019328891,-3.2440762090636068e-05,-0.00013893222809369194,0.00010649146600305585,-0,0,0,-0.00015279148112142969,0,0.14767358629150618,-0.0017793287150507046,0.072947128788227733,0.074726457503278443,0,0,0,0,0,0,0,0,0,False,1,106019.59835690889,team09-risk-none,0,1,0.025263946179400976,0.048018652383012554,
2021-04-13T16:00:00Z,0.00035116564472024346,0.001414988042298121,-0.0010638223975778776,-2.9949308231026854e-05,-0.00019566525218680153,0.00016571594395577467,-0,0,0,0.00032121633648921663,0,0.15241900171846179,-0.0018759400379604156,0.075271530840250678,0.077147470878211083,0,0,0,0,0,0,0,0,0,False,1,106053.65358388914,team09-risk-none,0,1,0.025410449327145646,0.048013815404813136,
2021-04-14T00:00:00Z,-0.00041123519139896111,0.0018500447273265593,-0.0022612799187255203,-3.3005276846006846e-05,-0.00016943605279947258,0.00013643077595346575,-0,0,0,-0.00044424046824496791,0,0.15481055643009792,-0.0015716950960132405,0.07661943066704234,0.078191125763055591,0,0,0,0,0,0,0,0,0,False,1,106006.54025916195,team09-risk-none,0,1,0.025100374603090558,0.048027411119105454,
2021-04-14T08:00:00Z,-0.00090379712231809729,-0.0024496455187114192,0.0015458483963933221,-2.8993724817332596e-05,-0.00021487597249064626,0.0001858822476733137,-0,0,0,-0.0009327908471354298,0,0.15901226812654501,-0.0019404458685154322,0.078535911129014799,0.080476356997530224,0,0,0,0,0,0,0,0,0,False,1,105907.65832867171,team09-risk-none,0,1,0.025529555216935229,0.047906908357743548,
2021-04-14T16:00:00Z,-0.0016276851093756843,0.0018294935203033102,-0.0034571786296789943,-1.2207678271286538e-06,-8.1897821754864017e-05,8.0677053927735365e-05,-0,0,0,-0.0016289058772028129,0,0.15520111432112799,-0.0028783768011980439,0.076161368759964973,0.079039745561163027,0,0,0,0,0,0,0,0,0,False,1,105735.14472157935,team09-risk-none,0,1,0.026411492863889108,0.047985797748676035,
2021-04-15T00:00:00Z,0.0013686457568366157,0.0026389822239634981,-0.0012703364671268818,-1.4447944408095298e-05,-0.0001017744065728925,8.732646216479722e-05,-0,6.7764266553210504e-05,3.3882133276605252e-05,0.0012525514125987047,0.067764266553210495,0.14571272805487695,-8.6736173798840355e-18,0.072856364027438475,0.072856364027438475,7165.0645309553911,0,0,0,0,0,0,0,0,False,1,105867.58342646169,team09-risk-none,0,1,0.028010233771168291,0.048217784751514219,
2021-04-15T08:00:00Z,-0.0026123986416158184,0.0011300825042379005,-0.0037424811458537178,-2.0932946703383786e-05,-0.00011922940961003593,9.8296462906652147e-05,-0,0,0,-0.002633331588319202,0,0.14944388146314089,0.0013649489588990638,0.075404415211019982,0.07403946625212092,0,0,0,0,0,0,0,0,0,False,1,105588.79897484576,team09-risk-none,0,1,0.026799077958775119,0.046734092265866285,
2021-04-15T16:00:00Z,0.0033084828917197477,0.0047007965850908223,-0.001392313693371075,3.0867650264929302e-06,-0.00012440211943361924,0.0001274888844601122,-0,0,0,0.003311569656746241,0,0.15471274601791635,-0.0012631665396407692,0.076724789739137794,0.077987956278778567,0,0,0,0,0,0,0,0,0,False,1,105938.46363762314,team09-risk-none,0,1,0.029338523751688661,0.047398139352070726,
2021-04-16T00:00:00Z,0.0056435200481934631,0.0036698052012774174,0.0019737148469160461,-1.131125422710951e-05,-0.00014651276941622437,0.00013520151518911489,-0,0,0,0.0056322087939663541,0,0.16024210330392608,0.0020846646401776886,0.081163383972051889,0.0790787193318742,0,0,0,0,0,0,0,0,0,False,1,106535.13118414224,team09-risk-none,0,1,0.02613813250049557,0.048356656346422472,
2021-04-16T08:00:00Z,0.0079425836499249659,0.0092403497287188163,-0.001297766078793852,3.9828094771105706e-06,-0.00011133111884601861,0.00011531392832312917,-0,0,0,0.0079465664594020758,0,0.16094928146125614,0.0077020064714789695,0.084325643966367575,0.076623637494888597,0,0,0,0,0,0,0,0,0,False,1,107381.71968435815,team09-risk-none,0,1,0.020638160763553404,0.052321084053444759,
2021-04-16T16:00:00Z,0.0016601147897418685,0.0027519417381519679,-0.0010918269484100991,8.5842307053413033e-05,-1.603343868150633e-05,0.00010187574573491938,-0,0,0,0.0017459570967952814,0,0.17021982142196568,0.015470073838447644,0.092844947630206676,0.07737487379175903,0,0,0,0,0,0,0,0,0,False,1,107569.20355990714,team09-risk-none,0,1,0.012774789997217484,0.059031348177923951,
2021-04-17T00:00:00Z,-0.0054255053069329319,-0.0023842451436548698,-0.0030412601632780634,-2.5141981101959543e-05,-0.00013735556629286547,0.00011221358519090594,-0,0,0,-0.0054506472880348922,0,0.17377060031731303,0.017155801980390597,0.095463201148851817,0.078307399168461217,0,0,0,0,0,0,0,0,0,False,1,106982.88177224726,team09-risk-none,0,1,0.011160885500192119,0.059276042476912032,
2021-04-17T08:00:00Z,-0.0025532756256573161,-0.0077758804866623812,0.0052226048610050663,-5.2651489263034195e-05,-0.00016002007195481944,0.00010736858269178522,-0,0,0,-0.0026059271149203502,0,0.1753688712269367,0.011788956453755252,0.093578913840345987,0.081789957386590728,0,0,0,0,0,0,0,0,0,False,1,106704.09217980465,team09-risk-none,0,1,0.016577753624735792,0.061959385159962244,
2021-04-17T16:00:00Z,0.0025899167129272405,0.0014203746579631352,0.0011695420549641055,-5.5489683116132783e-05,-0.00013066694425019191,7.5177261134059121e-05,-0,0,0,0.0025344270298111073,0,0.16288080207048508,0.009250788171656598,0.086065795121070848,0.076815006949414247,0,0,0,0,0,0,0,0,0,False,1,106974.5259152166,team09-risk-none,0,1,0.019143264338023047,0.062365362425787517,
2021-04-18T00:00:00Z,0.0019589514435883904,-0.0041526796234217641,0.0061116310670101546,-7.5430114641124315e-06,-9.2345588968009519e-05,8.4802577503897072e-05,-0,8.4418063091132677e-05,4.2209031545566339e-05,0.001824781337487579,0.084418063091132686,0.14763178956369524,6.9388939039072284e-18,0.073815894781847621,0.073815894781847607,9030.5822778547627,0,0,0,0,0,0,0,0,False,1,107169.73103369327,team09-risk-none,0,1,0.016610203891471498,0.062904977934321066,
2021-04-18T08:00:00Z,0.0018570700311738009,0.0013443806811733133,0.00051268935000048778,7.2592152847533925e-06,1.0263032013350546e-05,-3.0038167285971532e-06,-0,0,0,0.0018643292464585544,0,0.13709018714818877,0.0019429205138947782,0.069516553831041772,0.067573633317146997,0,0,0,0,0,0,0,0,0,False,1,107369.53069759448,team09-risk-none,0,1,0.014801149513140488,0.063177005659510635,
2021-04-18T16:00:00Z,0.0045625856017746215,0.0064241538030266566,-0.0018615682012520359,-2.4466137046653247e-07,-9.6803877041275394e-06,9.4357263336610074e-06,-0,0,0,0.0045623409404041554,0,0.13770219788125532,0.0038006581280218832,0.0707514280046386,0.066950769876616731,0,0,0,0,0,0,0,0,0,False,1,107859.3871032481,team09-risk-none,0,1,0.012971821022122909,0.063471012272601698,
2021-04-19T00:00:00Z,0.00075634527413414546,0.0024989461363441111,-0.0017426008622099657,-2.0879700888638898e-06,-9.7329830257600693e-06,7.6450129368961786e-06,-0,8.4930456494323863e-06,4.2465228247161932e-06,0.00074151773557113311,0.0084930456494323875,0.13683687642566533,-0.00018918673614871581,0.068323844844758314,0.068513031580907019,916.05469838768499,0,0,0,0,0,0,0,0,False,1,107939.36675173299,team09-risk-none,0.0084930456494323875,1,0.0084704896506467842,0.065311807646657935,
2021-04-19T08:00:00Z,0.00016255134691382431,-0.0069659313918510532,0.0071284827387648768,-1.0264948251669571e-05,-2.4033489145903654e-05,1.3768540894234082e-05,-0,0,0,0.00015228639866215473,0,0.14098080529752924,0.00060082792356088918,0.070790816610545065,0.070189988686984173,0,0,0,0,0,0,0,0,0,False,1,107955.80444916949,team09-risk-none,0,1,0.0077433666774902044,0.065239617561662605,
2021-04-19T16:00:00Z,0.001187784823445873,0.0020755017465957739,-0.00088771692314990091,1.4564740742412199e-06,-1.4074630915743021e-05,1.5531104989984243e-05,-0,0,0,0.0011892412975201142,0,0.1268150455461671,0.00074067830909834917,0.063777861927632726,0.063037183618534387,0,0,0,0,0,0,0,0,0,False,1,108084.18995012745,team09-risk-none,0,1,0.0075806269385993996,0.0651791111596665,
2021-04-20T00:00:00Z,-0.0012838497634053848,-0.0033177518939490557,0.0020339021305436711,-4.8832547679513614e-06,-1.3433998066914402e-05,8.550743298963042e-06,-0,0,0,-0.0012887330181733361,0,0.12962515830522908,0.0019378938274230602,0.06578152606632609,0.06384363223890302,0,0,0,0,0,0,0,0,0,False,1,107944.8982857962,team09-risk-none,0,1,0.006406699978557584,0.064643151942132299,
2021-04-20T08:00:00Z,-3.7997078830381285e-05,0.0028133474155832101,-0.0028513444944135921,-1.5551784873411776e-06,-8.796657520429029e-06,7.2414790330878514e-06,-0,0,0,-3.9552257317722465e-05,0,0.12441524411560687,0.00065705961838082028,0.06253615186699385,0.061879092248613023,0,0,0,0,0,0,0,0,0,False,1,107940.62882140306,team09-risk-none,0,1,0.0076838739620331831,0.064627570956819272,
2021-04-20T16:00:00Z,0.00089418573978064465,0.003220609226210655,-0.0023264234864300102,1.1402069770672893e-06,-8.2257925972682844e-06,9.3659995743355726e-06,-0,0,0,0.00089532594675771203,0,0.13013534088096151,0.00063342678700034974,0.06538438383398093,0.064750957046980584,0,0,0,0,0,0,0,0,0,False,1,108037.27086709622,team09-risk-none,0,1,0.0077204477319584575,0.064630219239407746,
2021-04-21T00:00:00Z,5.8021203455848901e-05,-0.00083707928794700718,0.00089510049140285614,-9.7109978660848993e-06,-1.8594146439383228e-05,8.8831485732983305e-06,-0,7.2574402678420922e-05,3.6287201339210461e-05,-6.0551398427867383e-05,0.072574402678420927,0.1479112078278087,1.0408340855860843e-17,0.073955603913904364,0.07395560391390435,7840.7404001862742,0,0,0,0,0,0,0,0,False,1,108030.72905926289,team09-risk-none,0,1,0.006842811159129214,0.064679388830390552,
2021-04-21T08:00:00Z,-0.00072611334898824208,0.0020412572018511195,-0.0027673705508393614,-3.7125434515637659e-06,-1.4901047687573081e-05,1.1188504236009314e-05,-0,0,0,-0.00072982589243980589,0,0.14609145143078373,7.582438042466437e-05,0.073083637905604182,0.073007813525179516,0,0,0,0,0,0,0,0,0,False,1,107951.88543601628,team09-risk-none,0,1,0.0068969911105284387,0.064319092254963905,
2021-04-21T16:00:00Z,-0.0013802278450032459,-0.0045866617404943895,0.0032064338954911442,-1.1533700718496564e-06,-1.3342073352228421e-05,1.2188703280378762e-05,-0,0,0,-0.0013813812150750956,0,0.15103890321858199,-0.00064860191579608172,0.075195150651392956,0.075843752567189046,0,0,0,0,0,0,0,0,0,False,1,107802.76272934303,team09-risk-none,0,1,0.007619243722932767,0.064224363771770251,
2021-04-22T00:00:00Z,0.00065631996984832637,0.0030263681756713414,-0.0023700482058230145,3.9753297413751202e-07,-1.5553868432427924e-05,1.5951401406565434e-05,-0,0,0,0.00065671750282246381,0,0.1434380437431664,-0.002076703629824787,0.070680670056670808,0.072757373686495597,0,0,0,0,0,0,0,0,0,False,1,107873.55869048,team09-risk-none,0,1,0.0089885628958104036,0.064435877843429065,
2021-04-22T08:00:00Z,-0.0016786079511855638,0.0012777985677066837,-0.0029564065188922473,-5.1334632617070223e-06,-1.5790448460067448e-05,1.0656985198360427e-05,-0,0,0,-0.0016837414144472707,0,0.14873803300822641,-0.001393893998510044,0.07367206950485819,0.075065963503368222,0,0,0,0,0,0,0,0,0,False,1,107691.92751218902,team09-risk-none,0,1,0.0083432332175675805,0.064459541193259015,
2021-04-22T16:00:00Z,0.00082919766073427995,-0.0070946576418942624,0.0079238553026285425,-1.6181296827638659e-06,-1.913130777069658e-05,1.7513178087932713e-05,-0,0,0,0.00082757953105151607,0,0.15319923531630486,-0.0030392446313673091,0.075079995342468786,0.078119239973836088,0,0,0,0,0,0,0,0,0,False,1,107781.0511470576,team09-risk-none,0,1,0.010009446632049834,0.064754201132683403,
2021-04-23T00:00:00Z,-0.00093660499559164662,-0.0094005416359107894,0.0084639366403191415,1.3144358870691023e-06,-8.9215147682263901e-06,1.0235950655295493e-05,-0,0,0,-0.00093529055970457747,0,0.13816153337191842,-0.0022516970515800237,0.067954918160169187,0.070206615211749215,0,0,0,0,0,0,0,0,0,False,1,107680.24454740473,team09-risk-none,0,1,0.0091872450945961193,0.064720435664589904,
2021-04-23T08:00:00Z,-0.00060091823267054405,0.0054189972257667786,-0.0060199154584373226,1.0976448501461368e-06,-1.3395116900538232e-05,1.4492761750684369e-05,-0,0,0,-0.00059982058782039787,0,0.12054095798203536,-0.0032016494697445505,0.058669654256145398,0.061871303725889955,0,0,0,0,0,0,0,0,0,False,1,107615.65571982366,team09-risk-none,0,1,0.010114157508836596,0.064440467748466804,
2021-04-23T16:00:00Z,0.0021763835533976563,0.0037777753814070758,-0.0016013918280094192,1.1528286259662378e-06,-5.6305845977666053e-06,6.7834132237328439e-06,-0,0,0,0.0021775363820236227,0,0.13188699415404109,-0.0037811139185371483,0.064052940117751977,0.067834054036289115,0,0,0,0,0,0,0,0,0,False,1,107849.99272542891,team09-risk-none,0,1,0.010707856823941819,0.064432337679830795,
2021-04-24T00:00:00Z,0.0010013812773207191,-0.0015214190062658227,0.0025228002835865422,1.1306312071977797e-06,-5.8370831282872884e-06,6.9677143354850681e-06,-0,8.2493198428116099e-05,4.124659921405805e-05,0.00087877211088574264,0.082493198428116088,0.14465182773908422,3.4694469519536142e-18,0.072325913869542124,0.072325913869542124,8896.8908503696839,0,0,0,0,0,0,0,0,False,1,107944.76829119524,team09-risk-none,0,1,0.008553659197250485,0.064761236950364523,
2021-04-24T08:00:00Z,-6.321575628478699e-05,-0.0013242730500886853,0.0012610572938038984,1.9261684634779552e-06,-6.5641786716600767e-06,8.4903471351380327e-06,-0,0,0,-6.1289587821309032e-05,0,0.14047647975987623,0.0009994806873964944,0.070737980223636365,0.069738499536239867,0,0,0,0,0,0,0,0,0,False,1,107938.15240083922,team09-risk-none,0,1,0.0076816143787881153,0.064812499134061008,
2021-04-24T16:00:00Z,0.0011296555723134555,-0.00051875021332446715,0.0016484057856379225,-6.9379987213176687e-07,-8.1275136548896983e-06,7.4337137827579326e-06,-0,0,0,0.0011289617724413237,0,0.13791167008938351,0.00092926765427529118,0.069420468871829399,0.068491201217554101,0,0,0,0,0,0,0,0,0,False,1,108060.01044868771,team09-risk-none,0,1,0.0077450328420287651,0.06455521084769418,
2021-04-25T00:00:00Z,0.00014437152047119004,-4.8512405840622026e-05,0.00019288392631181209,4.8852679474079708e-07,-7.9770824841064558e-06,8.4656092788472531e-06,-0,0,0,0.00014486004726593083,0,0.13552681223455465,0.0020584897860989829,0.068792651010326819,0.066734161224227845,0,0,0,0,0,0,0,0,0,False,1,108075.66402690887,team09-risk-none,0,1,0.0066236404208059874,0.064646443764383277,
2021-04-25T08:00:00Z,0.0016788236313973243,0.0052587924730928635,-0.0035799688416955399,1.6567931950191552e-06,-9.2197206474230862e-06,1.0876513842442243e-05,-0,0,0,0.0016804804245923433,0,0.13528017807435821,0.0022096846549720245,0.068744931364665113,0.066535246709693102,0,0,0,0,0,0,0,0,0,False,1,108257.2830646809,team09-risk-none,0,1,0.0064785791786334812,0.064331881840855684,
2021-04-25T16:00:00Z,0.00064876946952239394,-0.0023569300870422936,0.0030056995565646877,1.3882374034261524e-06,-5.6128427053248033e-06,7.0010801087509566e-06,-0,0,0,0.00065015770692582013,0,0.14392034479970731,0.0038989370076437692,0.073909640903675536,0.070010703896031756,0,0,0,0,0,0,0,0,0,False,1,108327.66737159625,team09-risk-none,0,1,0.0048092531433979735,0.064448831945617707,
2021-04-26T00:00:00Z,-0.00034934503007605101,0.005271769729756107,-0.0056211147598321572,-3.2465218825918424e-06,-9.9418830595105958e-06,6.6953611769187555e-06,-0,6.9992091315345803e-06,3.4996045657672902e-06,-0.0003630903656559447,0.0069992091315345811,0.131454978284894,0.011527779383772066,0.071491378834333041,0.059963599450560963,758.2079986651172,0,0,0,0,0,0,0,0,False,1,108288.33463923965,team09-risk-none,0.0069992091315345811,1,0.0041668376714485422,0.064409612135585034,
2021-04-26T08:00:00Z,-0.0010127670641316283,0.000218054109525343,-0.0012308211736569712,-2.7712516995379217e-06,-1.1635848199425162e-05,8.8645964998872398e-06,-0,0,0,-0.0010155383158311662,0,0.14240967375061592,0.011187642539254122,0.076798658144935028,0.065611015605680903,0,0,0,0,0,0,0,0,0,False,1,108178.36368625595,team09-risk-none,0,1,0.0045279419789922004,0.064056446476114401,
2021-04-26T16:00:00Z,0.0002533029809934989,0.0014114479947972404,-0.0011581450138037418,-6.7726228173544274e-07,-1.2878462916404817e-05,1.2201200634669376e-05,-0,0,0,0.00025262571871176347,0,0.14393916047863109,0.010176996059905864,0.077058078269268471,0.066881082209362619,0,0,0,0,0,0,0,0,0,False,1,108205.69232313125,team09-risk-none,0,1,0.0055367995994235475,0.064140239952134664,
2021-04-27T00:00:00Z,0.00075761334258275619,0.0022555000505534392,-0.0014978867079706829,-2.6901751956775256e-06,-1.2858776267098112e-05,1.0168601071420589e-05,-0,5.9874992907038018e-05,2.9937496453519009e-05,0.00066511067802652176,0.059874992907038016,0.14111891845066762,0,0.070559459225333812,0.070559459225333812,6478.815060348622,0,0,0,0,0,0,0,0,False,1,108277.66108451862,team09-risk-none,0,1,0.0052875748935625744,0.064109602830320994,
2021-04-27T08:00:00Z,-0.0015608601004454456,0.00098618153857017959,-0.0025470416390156255,-3.3933275748679382e-06,-1.4842958776530392e-05,1.1449631201662454e-05,-0,0,0,-0.0015642534280203137,0,0.14474793170525549,0.00078189789109434429,0.072764914798174915,0.071983016907080574,0,0,0,0,0,0,0,0,0,False,1,108108.28738198914,team09-risk-none,0,1,0.0046266809395510977,0.064132561097980448,
2021-04-27T16:00:00Z,-0.00099197084842156326,-0.00046639061845829501,-0.00052558022996326836,-1.1927242578074821e-05,-2.9979976018899059e-05,1.8052733440824238e-05,-0,0,0,-0.0010038980909996382,0,0.14853981417909054,-0.00078905106107464082,0.073875381559007941,0.074664432620082599,0,0,0,0,0,0,0,0,0,False,1,107999.75767866512,team09-risk-none,0,1,0.0061921782386888946,0.064380394533767246,
2021-04-28T00:00:00Z,-0.0004083625543978306,-0.0021362759864153695,0.0017279134320175387,-1.0506956540676857e-05,-2.3216592385453092e-05,1.2709635844776233e-05,-0,0,0,-0.00041886951093850748,0,0.14872443550891346,-0.0017967690441821962,0.073463833232365647,0.075260602276547836,0,0,0,0,0,0,0,0,0,False,1,107954.51987298478,team09-risk-none,0,1,0.007188449922577389,0.06448410949027189,
2021-04-28T08:00:00Z,-0.00094584431903427951,0.0012501086890579817,-0.0021959530080922609,-5.8098343469544009e-06,-1.9800794369854553e-05,1.3990960022900155e-05,-0,0,0,-0.00095165415338123395,0,0.14494238401063242,-0.0022030876434620816,0.071369648183585155,0.07357273582704725,0,0,0,0,0,0,0,0,0,False,1,107851.78450577137,team09-risk-none,0,1,0.0075996469582068071,0.064444979703155644,
2021-04-28T16:00:00Z,0.00030365433587425955,0.00090747746291070127,-0.00060382312703644156,-6.0724339279013045e-06,-2.6623512478805814e-05,2.0551078550904513e-05,-0,0,0,0.00029758190194635825,0,0.14848839529221272,-0.003119528147792601,0.07268443357221005,0.075803961720002658,0,0,0,0,0,0,0,0,0,False,1,107883.8792449329,team09-risk-none,0,1,0.0085443292334207444,0.064525293623894933,
2021-04-29T00:00:00Z,0.00026124086962381641,9.4722741270216452e-05,0.00016651812835359996,-2.8085864372386184e-06,-2.1075562978094021e-05,1.8266976540855403e-05,-0,0,0,0.00025843228318657777,0,0.14991957570155279,-0.0028242014951878752,0.073547687103182463,0.076371888598370338,0,0,0,0,0,0,0,0,0,False,1,107911.75992216519,team09-risk-none,0,1,0.0082460530264960585,0.064496748063253687,
2021-04-29T08:00:00Z,0.00035040831258753883,-0.00053798616900046169,0.00088839448158800031,-7.6750747723932333e-06,-2.29505920019133e-05,1.527551722952007e-05,-0,0,0,0.00034273323781514563,0,0.14978386906407609,-0.0025702214388469841,0.073606823812614547,0.076177045251461531,0,0,0,0,0,0,0,0,0,False,1,107948.74486904165,team09-risk-none,0,1,0.0079945794094806732,0.064499166931456894,
2021-04-29T16:00:00Z,0.00030914347099515309,-0.00028868335806918907,0.00059782682906434222,-1.2743732515788127e-05,-3.1884129705522549e-05,1.9140397189734417e-05,-0,0,0,0.00029639973847936493,0,0.14840188459838771,-0.0022093567626148732,0.073096263917886414,0.075305620680501284,0,0,0,0,0,0,0,0,0,False,1,107980.74084879001,team09-risk-none,0,1,0.0076596160776222222,0.064014563039550165,
2021-04-30T00:00:00Z,0.00046982132003941726,0.002514667365534969,-0.0020448460454955517,-3.4665102598007602e-06,-1.9349236553179579e-05,1.588272629337882e-05,-0,5.4076900068308264e-05,2.7038450034154132e-05,0.00038523945967715409,0.054076900068308273,0.14215155264275617,-1.7347234759768071e-17,0.07107577632137807,0.071075776321378084,5839.2637321819102,0,0,0,0,0,0,0,0,False,1,108022.33929105014,team09-risk-none,0,1,0.0073562776389886064,0.064014776250100353,
2021-04-30T08:00:00Z,-0.00058904227926780627,1.686773869467198e-06,-0.00059072905313727346,-1.2052248570868571e-05,-4.3768162272760406e-05,3.171591370189184e-05,-0,0,0,-0.00060109452783867483,0,0.14665170985868534,0.00046991866038068736,0.073560814259533008,0.073090895599152328,0,0,0,0,0,0,0,0,0,False,1,107957.40765401797,team09-risk-none,0,1,0.0069823979997594154,0.064008819784699897,
2021-04-30T16:00:00Z,0.00052194050295517028,0.0011800367640080291,-0.00065809626105285896,6.7522497728430731e-06,-3.0410102654315839e-05,3.7162352427158909e-05,-0,0,0,0.00052869275272801337,0,0.14731895995201066,-0.00012983852457602689,0.073594560713717325,0.073724399238293353,0,0,0,0,0,0,0,0,0,False,1,108014.48395304795,team09-risk-none,0,1,0.0075606332479527527,0.063863138215615733,
2021-05-01T00:00:00Z,-0.00074017972069222724,-0.00033769566410825889,-0.00040248405658396846,-1.4335206421997939e-05,-4.4132890626037564e-05,2.9797684204039612e-05,-0,0,0,-0.0007545149271142252,0,0.14907543770087364,0.00038658392618817587,0.07473101081353091,0.074344426887342732,0,0,0,0,0,0,0,0,0,False,1,107932.98541256084,team09-risk-none,0,1,0.007056876692009717,0.062730774337263609,
2021-05-01T08:00:00Z,0.00037405024804964751,0.00059695386818404104,-0.0002229036201343934,-1.8229644925948811e-05,-6.4184477440327176e-05,4.5954832514378359e-05,-0,0,0,0.00035582060312369873,0,0.14924451126271029,-0.00034427483291237133,0.074450118214898955,0.074794393047811325,0,0,0,0,0,0,0,0,0,False,1,107971.39019252728,team09-risk-none,0,1,0.0078099311939692218,0.062809849899860284,
2021-05-01T16:00:00Z,-0.0001024091403180949,0.0022533610504320268,-0.0023557701907501215,-2.8073628408462832e-06,-4.3543640602373644e-05,4.0736277761527359e-05,-0,0,0,-0.00010521650315894118,0,0.1500085179531267,2.5859883543118481e-05,0.075017188918334921,0.07499132903479179,0,0,0,0,0,0,0,0,0,False,1,107960.02982041001,team09-risk-none,0,1,0.0074415819663906646,0.062814033524618285,
2021-05-02T00:00:00Z,0.001474115784963258,-0.0016740715119074497,0.0031481872968707079,-1.1450723106894633e-05,-6.6080517133992981e-05,5.4629794027098353e-05,-0,0,0,0.0014626650618563633,0,0.1545997276816318,-7.036653941788068e-05,0.077264680571106956,0.077335047110524829,0,0,0,0,0,0,0,0,0,False,1,108117.9391841053,team09-risk-none,0,1,0.0075545936537346758,0.061959032593932782,
2021-05-02T08:00:00Z,0.0010466391732981836,0.0017096285457476488,-0.00066298937244946505,-2.8662172063077196e-06,-3.8755773435529107e-05,3.5889556229221389e-05,-0,0,0,0.0010437729560918759,0,0.14961552140950696,0.0014154059781091091,0.07551546369380803,0.074100057715698914,0,0,0,0,0,0,0,0,0,False,1,108230.78976509406,team09-risk-none,0,1,0.0060944462195259286,0.062069863842407931,
2021-05-02T16:00:00Z,-6.3610270201500981e-05,0.00024649088150077882,-0.00031010115170227988,-8.4461503060340275e-06,-5.4016207840555062e-05,4.5570057534521031e-05,-0,0,0,-7.2056420507535005e-05,0,0.15183179775102976,0.0024481168073156191,0.07713995727917268,0.074691840471857063,0,0,0,0,0,0,0,0,0,False,1,108222.99104179488,team09-risk-none,0,1,0.0050625862126782994,0.062047844913676244,
2021-05-03T00:00:00Z,-0.0009290522024882809,0.0026365657547839025,-0.0035656179572721826,-5.9608181381613404e-06,-4.3620505445585213e-05,3.7659687307423872e-05,-0,8.2580593148135804e-05,4.1290296574067902e-05,-0.0010588839103486459,0.082580593148135803,0.14388338690909452,0,0.071941693454547262,0.071941693454547262,8937.118792496809,0,0,0,0,0,0,0,0,False,1,108108.39545785093,team09-risk-none,0.0096412304016341415,1,0.0051318052486789556,0.061654930262064984,
2021-05-03T08:00:00Z,0.00082572894995712963,-0.00078210245998045652,0.0016078314099375857,-9.6924801447600714e-06,-5.3196844293728142e-05,4.3504364148968075e-05,-0,0,0,0.00081603646981236958,0,0.15023445992850515,-0.00091907892835378646,0.074657690500075702,0.075576769428429474,0,0,0,0,0,0,0,0,0,False,1,108196.61585123744,team09-risk-none,0,1,0.0061889637758498761,0.061801554828093401,
2021-05-03T16:00:00Z,-0.00087899089542186584,-0.00024368396317383793,-0.00063530693224802799,6.5941689700727815e-06,-6.3287101368954482e-05,6.9881270339027264e-05,-0,0,0,-0.00087239672645179304,0,0.1476977420572764,-0.00010557800772360848,0.073796082024776388,0.073901660032500011,0,0,0,0,0,0,0,0,0,False,1,108102.22547775565,team09-risk-none,0,1,0.0053617785092996417,0.061830787906979094,
2021-05-04T00:00:00Z,0.0016633280303783703,-0.0020418547411858693,0.0037051827715642396,-1.8641695672193378e-05,-6.988471471149845e-05,5.1243019039305062e-05,-0,0,0,0.0016446863347061769,0,0.14820499310760188,-0.00095703959553249812,0.073623976756034687,0.074581016351567178,0,0,0,0,0,0,0,0,0,False,1,108280.01973075024,team09-risk-none,0,1,0.0062545761302432723,0.061759854769580444,
2021-05-04T08:00:00Z,-0.00058922009359399215,-0.0025765785715108781,0.0019873584779168865,-4.175661005430759e-06,-1.8322187666933634e-05,1.4146526661502871e-05,-0,0,0,-0.00059339575459942291,0,0.14224760046316715,0.00066046542395401149,0.071454032943560578,0.070793567519606582,0,0,0,0,0,0,0,0,0,False,1,108215.76682673406,team09-risk-none,0,1,0.0046057771439657058,0.06193455765499855,
2021-05-04T16:00:00Z,0.0016384605719795679,0.0014810904594491016,0.00015737011253046573,4.3841980897053277e-08,-4.0013657478882418e-05,4.0057499459779463e-05,-0,0,0,0.0016385044139604649,0,0.13771353886283835,9.4027576876157953e-05,0.068903783219857254,0.068809755642981085,0,0,0,0,0,0,0,0,0,False,1,108393.07883833979,team09-risk-none,0,1,0.0051922422558408066,0.061958032821190702,
2021-05-05T00:00:00Z,0.00072825284893944151,0.0049912785218287929,-0.0042630256728893512,1.5830808489007597e-06,-1.9100582281599419e-05,2.0683663130500176e-05,-0,0,0,0.00072983592978834231,0,0.13886789172618746,0.0017046359224169687,0.070286263824302211,0.068581627901885239,0,0,0,0,0,0,0,0,0,False,1,108472.18800181639,team09-risk-none,0,1,0.0035607115980804682,0.062154353296350384,
2021-05-05T08:00:00Z,0.00016493015593649344,0.0013875191330774749,-0.0012225889771409816,7.9428421841186703e-06,-4.4703174897790033e-05,5.2646017081908706e-05,-0,0,0,0.00017287299812061212,0,0.14798252878369214,0.0024346852848085038,0.075208607034250308,0.072773921749441819,0,0,0,0,0,0,0,0,0,False,1,108490.93991416896,team09-risk-none,0,1,0.0028271326724772505,0.06148699160715819,
2021-05-05T16:00:00Z,0.00088551343899351948,0.0035581514104863232,-0.0026726379714928036,2.0619848482983323e-05,-3.6352846009294866e-05,5.6972694492278189e-05,-0,0,0,0.00090613328747650283,0,0.15059459790812885,0.0026104517084030165,0.076602524808265932,0.073992073099862915,0,0,0,0,0,0,0,0,0,False,1,108589.2471662148,team09-risk-none,0,1,0.0026421051576447363,0.061413186421971765,
2021-05-06T00:00:00Z,-0.0010877035594100567,-0.00036508617560776448,-0.0007226173838022923,1.0150121084456583e-05,-5.4315038530521673e-05,6.4465159614978258e-05,-0,3.6988418517898525e-05,1.8494209258949262e-05,-0.001133036066102448,0.036988418517898525,0.14117011106719396,-6.9388939039072284e-18,0.07058505553359698,0.070585055533596994,4016.5445207274793,0,0,0,0,0,0,0,0,False,1,108466.21163278457,team09-risk-none,0,1,0.0017488172812768488,0.05818980553017989,
2021-05-06T08:00:00Z,0.0024332906779080989,0.0041213816645211268,-0.0016880909866130282,7.4016893213279918e-06,-6.5722541593140159e-05,7.3124230914468156e-05,-0,0,0,0.0024406923672294265,0,0.14168472776432772,-0.0011030353077548412,0.070290846228286422,0.071393881536041259,0,0,0,0,0,0,0,0,0,False,1,108730.944287619,team09-risk-none,0,1,0.002882612363141912,0.058378006919331531,
2021-05-06T16:00:00Z,0.00038694863302621724,-0.00072718419562914187,0.0011141328286553591,2.8821435862046915e-05,-8.1807314674233988e-05,0.00011062875053628088,-0,0,0,0.00041577006888826416,0,0.14708317808857727,0.0013493125431245229,0.074216245315850887,0.072866932772726378,0,0,0,0,0,0,0,0,0,False,1,108776.15135981575,team09-risk-none,0,1,0.00042754559434865502,0.058332878827787212,
2021-05-07T00:00:00Z,0.00058048886471194787,-0.00013031335503125972,0.00071080221974320742,1.7098632330134846e-07,-3.9465367424140987e-05,3.9636353747442341e-05,-0,0,0,0.00058065985103524919,0,0.14521312120785301,0.0017535022012424538,0.073483311704547735,0.071729809503305278,0,0,0,0,0,0,0,0,0,False,1,108839.31330366053,team09-risk-none,0,1,4.0602567479952612e-05,0.057972299971682649,
2021-05-07T08:00:00Z,-0.0017989590451474504,0.0012510756234573326,-0.0030500346686047827,-1.3774900497506063e-05,-5.6662739508698222e-05,4.2887839011192164e-05,-0,0,0,-0.0018127339456449564,0,0.14430942928806773,0.0023166211546895958,0.073313025221378669,0.07099640406668907,0,0,0,0,0,0,0,0,0,False,1,108642.0165858143,team09-risk-none,0,1,0,0.057973063633073661,
2021-05-07T16:00:00Z,0.00035551111228098657,-0.002660037328139569,0.0030155484404205553,-6.5480371228354163e-06,-6.2465837186549813e-05,5.5917800063714389e-05,-0,0,0,0.00034896307515815117,0,0.14886081090753606,0.00051009842895335597,0.074685454668244708,0.074175356239291362,0,0,0,0,0,0,0,0,0,False,1,108679.92863801347,team09-risk-none,0,1,0.0018055200832806095,0.0583849443586473,
2021-05-08T00:00:00Z,-0.00024684433339368383,0.00060847916844210888,-0.0008553235018357926,-1.4931069293844928e-05,-4.4746952652514236e-05,2.9815883358669312e-05,-0,0,0,-0.00026177540268752873,0,0.14315532924397587,0.00086027451380023268,0.072007801878888042,0.071147527365087809,0,0,0,0,0,0,0,0,0,False,1,108651.4789059302,team09-risk-none,0,1,0.001465557939300699,0.058352387488682898,
2021-05-08T08:00:00Z,-0.0010413632393523903,-0.0017214917045812854,0.00068012846522889523,-9.1652555794105823e-06,-5.9903977499564377e-05,5.0738721920153805e-05,-0,0,0,-0.0010505284949318008,0,0.1446455722877027,0.00063102207328295801,0.072638297180492833,0.072007275107209889,0,0,0,0,0,0,0,0,0,False,1,108537.33743132303,team09-risk-none,0,1,0.001721193752581951,0.058209651816043144,
2021-05-08T16:00:00Z,0.0014135041239230588,0.0035249607710268688,-0.0021114566471038105,-2.1969876973809302e-05,-7.2389965214460564e-05,5.0420088240651258e-05,-0,0,0,0.0013915342469492495,0,0.14233875511736818,-0.00045322674409946015,0.070942764186634352,0.071395990930733816,0,0,0,0,0,0,0,0,0,False,1,108688.37085343141,team09-risk-none,0,1,0.0027826833551582997,0.058391066699691047,
2021-05-09T00:00:00Z,0.0012509639649992328,-0.00055987617512737273,0.0018108401401266052,-1.5500930112885936e-05,-6.2050189476637143e-05,4.6549259363751211e-05,-0,6.0747338820001623e-05,3.0373669410000811e-05,0.0011443420266563445,0.060747338820001627,0.1386109530259684,-1.9081958235744878e-17,0.069305476512984188,0.069305476512984215,6602.5292900273871,0,0,0,0,0,0,0,0,False,1,108812.74752400781,team09-risk-none,0,1,0.0013885612429271887,0.05848422948186055,
2021-05-09T08:00:00Z,0.0011457872609910949,0.0019115261001929668,-0.00076573883920187202,-7.0207772549094513e-06,-3.6041429236010216e-05,2.9020651981100767e-05,-0,0,0,0.0011387664837361855,0,0.13607894587723796,0.0012756993311175031,0.068677322604177721,0.067401623273060235,0,0,0,0,0,0,0,0,0,False,1,108936.65983389139,team09-risk-none,0,1,0.00023733000547077054,0.058490787743118326,
2021-05-09T16:00:00Z,-0.0012470485437295095,-0.00022022931704796775,-0.0010268192266815418,-1.3110729302142277e-05,-5.3077753546854378e-05,3.9967024244712099e-05,-0,0,0,-0.0012601592730316518,0,0.13862525510381146,0.0024087833343831352,0.07051701921909731,0.06810823588471418,0,0,0,0,0,0,0,0,0,False,1,108799.38229182862,team09-risk-none,0,1,0,0.058321342431634303,
2021-05-10T00:00:00Z,-0.0017643880352449189,0.00048450286767477344,-0.0022488909029196925,-6.2222701721273145e-06,-5.1171351225510591e-05,4.4949081053383277e-05,-0,8.1686471369734779e-06,4.084323568486739e-06,-0.0017828632761225066,0.0081686471369734771,0.13138257229242867,0.0093151834728260208,0.070348877882627336,0.061033694409801331,888.74376266262868,0,0,0,0,0,0,0,0,False,1,108605.4078686757,team09-risk-none,0.0081686471369734771,1,0.0012532794042571238,0.058555115648618185,
2021-05-10T08:00:00Z,-0.0002618483170515691,-0.0015194413710505601,0.0012575930539989908,-1.3467997010596198e-05,-6.4652902753924813e-05,5.1184905743328608e-05,-0,0,0,-0.00027531631406216528,0,0.13438939983217357,0.0075705325901745165,0.070979966211174056,0.063409433620999531,0,0,0,0,0,0,0,0,0,False,1,108575.50702809407,team09-risk-none,0,1,0.0030411320434715616,0.058601423064427803,
2021-05-10T16:00:00Z,0.00041040652739034823,-0.0049000985720457557,0.0053105050994361035,-1.7571912288923866e-05,-7.0774132078778697e-05,5.3202219789854824e-05,-0,0,0,0.00039283461510142433,0,0.13165457358447624,0.0073124924153194285,0.069483532999897846,0.06217104058457841,0,0,0,0,0,0,0,0,0,False,1,108618.15924560689,team09-risk-none,0,1,0.0033197014476493703,0.058620528037797284,
2021-05-11T00:00:00Z,0.00034555606114705824,0.00079136198033263134,-0.000445805919185573,3.27566001512558e-06,-5.3985895240461599e-06,8.6742495391717411e-06,-0,0,0,0.00034883172116218387,0,0.12138590450020609,0.0077312096384916382,0.064558557069348863,0.056827347430857225,0,0,0,0,0,0,0,0,0,False,1,108656.04870504601,team09-risk-none,0,1,0.0029073840338740276,0.058484493510220149,
2021-05-11T08:00:00Z,-0.00058052142499171139,0.0012335947890020525,-0.0018141162139937638,2.8697080803919644e-06,-8.2227731960336967e-06,1.1092481276425661e-05,-0,0,0,-0.00057765171691131947,0,0.12260636341036449,0.0080641240508602541,0.065335243730612363,0.057271119679752111,0,0,0,0,0,0,0,0,0,False,1,108593.28335195874,team09-risk-none,0,1,0.0025599714120356776,0.056966672697595845,
2021-05-11T16:00:00Z,0.00097530112565657502,0.0029942460323121836,-0.002018944906655609,-2.553086390458746e-06,-1.4170951957782483e-05,1.1617865567323735e-05,-0,0,0,0.00097274803926611635,0,0.12567058921571655,0.0074719422063118917,0.06657126571101421,0.059099323504702317,0,0,0,0,0,0,0,0,0,False,1,108698.91725541683,team09-risk-none,0,1,0.0031415501293571291,0.056696189011640273,
2021-05-12T00:00:00Z,-0.0025117033847635631,0.00086914898427275556,-0.0033808523690363177,6.0086795635170283e-06,-7.5058676926879421e-06,1.351454725620497e-05,-0,7.4798022050257221e-05,3.739901102512861e-05,-0.002617891738275431,0.074798022050257221,0.1390587566480771,6.9388939039072284e-18,0.069529378324038549,0.069529378324038549,8130.4640097097526,0,0,0,0,0,0,0,0,False,1,108414.3552579744,team09-risk-none,0,1,0.0021633148339942343,0.056572602289010655,
2021-05-12T08:00:00Z,-0.00042430847406213366,-0.00090920279770382792,0.00048489432364169405,4.9545818683510755e-06,-2.8478364352920377e-05,3.3432946221271449e-05,-0,0,0,-0.00041935389219378258,0,0.1436353137980006,-0.0025381987582259059,0.070548557519887339,0.073086756278113257,0,0,0,0,0,0,0,0,0,False,1,108368.89127612729,team09-risk-none,0,1,0.004776592305740901,0.05745321251408627,
2021-05-12T16:00:00Z,-0.00029125665048132288,-0.0082755060557862439,0.0079842494053049204,1.6035553356203894e-06,-2.2833932087388229e-05,2.4437487423008619e-05,-0,0,0,-0.00028965309514570253,0,0.14230371485639315,-0.0029486938233587879,0.069677510516517174,0.07262620433987596,0,0,0,0,0,0,0,0,0,False,1,108337.50189135165,team09-risk-none,0,1,0.0051972767203348758,0.057465472118744088,
2021-05-13T00:00:00Z,-0.0017809091551470536,0.0039701599385144814,-0.0057510690936615353,-5.242226814044961e-06,-1.2201867379781763e-05,6.9596405657368008e-06,-0,0,0,-0.0017861513819610985,0,0.12559447305491078,-0.0032195887919257739,0.061187442131492499,0.064407030923418263,0,0,0,0,0,0,0,0,0,False,1,108143.9947126302,team09-risk-none,0,1,0.0054922326274039479,0.057463814259547018,
2021-05-13T08:00:00Z,0.0013459506393744955,-0.0032501144039178576,0.0045960650432923531,7.1427381811316803e-06,-5.5477531352702954e-06,1.2690491316401975e-05,-0,0,0,0.001353093377555627,0,0.13604917205997719,-0.0050202125299549875,0.06551447976501111,0.070534692294966103,0,0,0,0,0,0,0,0,0,False,1,108290.32363569827,team09-risk-none,0,1,0.0072562790420543921,0.057002872075456977,
2021-05-13T16:00:00Z,-0.0013354653956506753,-0.00040937079673578129,-0.00092609459891489394,2.7956310775247127e-06,-5.7213484915428893e-06,8.5169795690676007e-06,-0,0,0,-0.0013326697645731505,0,0.12812153305818058,-0.003683099548184068,0.062219216754998252,0.065902316303182315,0,0,0,0,0,0,0,0,0,False,1,108146.00839559313,team09-risk-none,0,1,0.0059173254593914981,0.057123509092740291,
2021-05-14T00:00:00Z,-0.00029347772328408198,0.0020629594321545284,-0.0023564371554386106,5.3069420323994573e-06,-5.2629922934900697e-06,1.0569934325889526e-05,-0,0,0,-0.00028817078125168257,0,0.12871104565904959,-0.005045623119060377,0.061832711269994609,0.06687833438905498,0,0,0,0,0,0,0,0,0,False,1,108114.84387586452,team09-risk-none,0,1,0.0072396162664413177,0.05738420039521154,
2021-05-14T08:00:00Z,0.00018662298332908895,0.0049792504965430508,-0.0047926275132139625,5.0883889062381345e-06,-6.0573171847044427e-06,1.1145706090942575e-05,-0,0,0,0.0001917113722353271,0,0.13317827409847743,-0.0053222759380962964,0.063927999080190562,0.069250275018286858,0,0,0,0,0,0,0,0,0,False,1,108135.57072094297,team09-risk-none,0,1,0.0075259177090271079,0.057364599758074633,
2021-05-14T16:00:00Z,-0.0022593712465986799,-0.0018717836776802675,-0.00038758756891841238,9.9156721043936351e-06,-8.8457803642127743e-06,1.8761452468606408e-05,-0,0,0,-0.0022494555744942859,0,0.1429349017811907,-0.0051301705174408192,0.068902365631874934,0.074032536149315764,0,0,0,0,0,0,0,0,0,False,1,107892.32455858363,team09-risk-none,0,1,0.0073308572932436755,0.057220408172815873,
2021-05-15T00:00:00Z,0.001165533614376904,-0.00074168806312892993,0.0019072216775058342,4.7128642783475245e-06,-1.2543636150385711e-05,1.7256500428733234e-05,-0,0.0001286740000640386,6.43370000320193e-05,0.0009772354785591937,0.12867400006403859,0.1390603221882229,1.7347234759768071e-17,0.069530161094111462,0.069530161094111434,13882.936977160463,0,0,0,0,0,0,0,0,False,1,107997.7607660065,team09-risk-none,0,1,0.0095689754279341122,0.057509027303744423,
2021-05-15T08:00:00Z,-0.00045643635472545903,0.001560219043090616,-0.0020166553978160752,-8.3903232528838323e-06,-2.1201244939755093e-05,1.2810921686871262e-05,-0,0,0,-0.0004648266779783429,0,0.13626625758117458,0.0011483710958382458,0.068707314338506409,0.067558943242668174,0,0,0,0,0,0,0,0,0,False,1,107947.56052564054,team09-risk-none,0,1,0.0086140815162563111,0.057456552299086271,
2021-05-15T16:00:00Z,0.0023513806307817841,-0.002696425851171949,0.0050478064819537323,5.0933862785341828e-06,-1.8316831717345059e-05,2.341021799587924e-05,-0,0,0,0.0023564740170603179,0,0.13987737449939186,0.00070596591629326633,0.070291670207842563,0.069585704291549311,0,0,0,0,0,0,0,0,0,False,1,108201.93614722426,team09-risk-none,0,1,0.0090615426810726207,0.056622098763119424,
2021-05-16T00:00:00Z,-0.00015940476503790762,0.0048899854944409503,-0.0050493902594788576,3.1347602905937699e-06,-1.0246672916348729e-05,1.3381433206942496e-05,-0,0,0,-0.00015627000474731386,0,0.13185486990133707,0.0030433829218599676,0.067449126411598503,0.064405743489738543,0,0,0,0,0,0,0,0,0,False,1,108185.02743014887,team09-risk-none,0,1,0.0067283673954288137,0.056081518302084792,
2021-05-16T08:00:00Z,0.00031312468748966759,-0.002658447073800686,0.0029715717612903538,-3.510664132306622e-07,-1.8443189591558984e-05,1.8092123178328322e-05,-0,0,0,0.00031277362107643694,0,0.14180543799661663,0.0028755698591767034,0.072340503927896677,0.069464934068719952,0,0,0,0,0,0,0,0,0,False,1,108218.86485292445,team09-risk-none,0,1,0.0068870477790354823,0.052765857765429511,
2021-05-16T16:00:00Z,0.00070128359612322189,-0.00043241908582889582,0.0011337026819521175,9.4171493451430261e-07,-2.1090516696448627e-05,2.2032231630962934e-05,-0,0,0,0.00070222531105773622,0,0.13614244730540845,0.0031923445803988156,0.069667395942903637,0.066475051362504825,0,0,0,0,0,0,0,0,0,False,1,108294.85887895811,team09-risk-none,0,1,0.0065751439649165411,0.045087192026306684,
2021-05-17T00:00:00Z,0.00010863361855242083,-0.00072545919361289288,0.00083409281216531355,-6.6169793710790783e-06,-1.5078929218613249e-05,8.4619498475341706e-06,-0,6.6109092719107289e-06,3.3054546359553645e-06,9.2100275273475661e-05,0.0066109092719107291,0.12790099551419379,0.010473026406373005,0.069187010960283402,0.058713984553910387,715.92748666316811,0,0,0,0,0,0,0,0,False,1,108304.83286527157,team09-risk-none,0.0066109092719107291,1,0.0058850501471069405,0.044760558241121844,
2021-05-17T08:00:00Z,-0.0008064446653283971,-0.003286214288643707,0.0024797696233153101,-1.4816500495030656e-07,-1.3047173034237719e-05,1.2899008029287413e-05,-0,0,0,-0.0008065928303333474,0,0.12628313681100084,0.010578591506346824,0.068430864158673832,0.057852272652327001,0,0,0,0,0,0,0,0,0,False,1,108217.47496359199,team09-risk-none,0,1,0.0057870605066732139,0.040293571785829561,
2021-05-17T16:00:00Z,0.00036434566241542305,0.00030306491707028768,6.1280745345135284e-05,-1.2039056763341317e-06,-1.9821350233520891e-05,1.8617444557186759e-05,-0,0,0,0.00036314175673908886,0,0.12065849375385813,0.009782296813144669,0.065220395283501403,0.055438098470356731,0,0,0,0,0,0,0,0,0,False,1,108256.77324756014,team09-risk-none,0,1,0.0065900343200598899,0.039262054015037594,
2021-05-18T00:00:00Z,-0.00041444750448522066,0.0050347818501535113,-0.0054492293546387323,4.6960501568532314e-07,-1.0859261236801812e-05,1.1328866252487135e-05,-0,9.4786302619907808e-05,4.7393151309953904e-05,-0.00055615735339939703,0.094786302619907808,0.14324380527264596,6.9388939039072284e-18,0.071621902636322982,0.071621902636322982,10261.259269697975,0,0,0,0,0,0,0,0,False,1,108196.56544706321,team09-risk-none,0,1,0.0062276225920426809,0.038364785172770449,
2021-05-18T08:00:00Z,0.002559100857498301,-0.00046587008384228274,0.0030249709413405841,1.9173279414461224e-06,-7.7266170648578478e-06,9.6439450063039706e-06,-0,0,0,0.0025610181854397469,0,0.15378008899507345,-0.00039629685985859836,0.076691896067607429,0.07708819292746602,0,0,0,0,0,0,0,0,0,False,1,108473.65881877526,team09-risk-none,0,1,0.006778878501112362,0.037969923749217399,
2021-05-18T16:00:00Z,-0.00079040189403036649,0.0017603559384912805,-0.0025507578325216465,-1.4827047944991873e-05,-2.7672587860192032e-05,1.2845539915200161e-05,-0,0,0,-0.00080522894197535835,0,0.14999873241743605,0.0021449836537233771,0.076071858035579712,0.073926874381856328,0,0,0,0,0,0,0,0,0,False,1,108386.31268925243,team09-risk-none,0,1,0.0042518945745739778,0.038441559974221613,
2021-05-19T00:00:00Z,-0.0003364601887784561,-0.0072243334296528527,0.0068878732408743969,-1.5512237088455232e-06,-9.4687605211731116e-06,7.9175368123275884e-06,-0,0,0,-0.00033801141248730168,0,0.15434230072385147,0.0013585452272193363,0.077850422975535405,0.076491877748316076,0,0,0,0,0,0,0,0,0,False,1,108349.67687860604,team09-risk-none,0,1,0.0050404908399239723,0.03522501254683099,
2021-05-19T08:00:00Z,0.0040772884605931462,-0.0092903903151587749,0.01336767877575192,6.1707499189946878e-06,-6.9483849060768389e-06,1.3119134825071525e-05,-0,0,0,0.0040834592105121409,0,0.14042154196569245,0.0010418841728608644,0.070731713069276669,0.069689828896415798,0,0,0,0,0,0,0,0,0,False,1,108792.118364612,team09-risk-none,0,1,0.0053691180429372709,0.03516726040975586,
2021-05-19T16:00:00Z,-0.0038224087950056674,-0.0098652895536679181,0.0060428807586622507,-7.2293884087734695e-07,0.00031826411091120954,-0.0003189870497520869,-0,0,0,-0.0038231317338465447,0,0.11717993332753057,0.0050914925883735473,0.06113571295795206,0.056044220369578505,0,0,0,0,0,0,0,0,0,False,1,108376.19176449986,team09-risk-none,0,1,0.0013144680391532493,0.037886151134733391,
2021-05-20T00:00:00Z,0.0019942908445971736,0.0081420090655521266,-0.0061477182209549531,1.0160568319320497e-06,1.8779381859528561e-06,-8.6188135402080713e-07,-0,0,0,0.0019953069014291055,0,0.10168154353585121,0.0012576638651941897,0.051469603700522705,0.050211939835328512,0,0,0,0,0,0,0,0,0,False,1,108592.43552787817,team09-risk-none,0,1,0.0051308443171272922,0.040062593480522893,
2021-05-20T08:00:00Z,0.0011703046304675849,0.0039864001914221231,-0.0028160955609545378,4.0321154843242783e-08,1.3927795980579864e-05,-1.3887474825736622e-05,-0,0,0,0.0011703449516224282,0,0.11579570526249955,0.0032366935485994737,0.059516199405549509,0.056279505856950032,0,0,0,0,0,0,0,0,0,False,1,108719.52613658262,team09-risk-none,0,1,0.0031467476900182145,0.04036836560549633,
2021-05-20T16:00:00Z,0.00022301809476537706,-0.001454212890528127,0.0016772309852935044,1.6187319415211389e-05,1.9974669867610687e-05,-3.7873504523993004e-06,-0,0,0,0.00023920541418058846,0,0.12231975412225303,0.0044272530659077956,0.063373503594080408,0.058946250528172622,0,0,0,0,0,0,0,0,0,False,1,108745.53243586163,team09-risk-none,0,1,0.0019639704934956148,0.04054919461917552,
2021-05-21T00:00:00Z,-0.00010669594199801093,-0.0024637041393797002,0.002357008197381689,5.1311185701231782e-06,8.8148544918232231e-06,-3.6837359217000441e-06,-0,9.4989545388488909e-05,4.7494772694244455e-05,-0.00024404914151062113,0.094989545388488916,0.14248045956124961,1.7347234759768071e-17,0.071240229780624803,0.071240229780624789,10329.688689111672,0,0,0,0,0,0,0,0,False,1,108718.99318202755,team09-risk-none,0,1,0.0017362718193336679,0.040451473282276475,
2021-05-21T08:00:00Z,-0.00074224135871500999,-0.0086884775222129586,0.0079462361634979484,-2.484376905764597e-06,2.8183855747833957e-06,-5.3027624805479928e-06,-0,0,0,-0.00074472573562077459,0,0.13763252721751326,-0.00011975369440743802,0.068756386761552907,0.068876140455960341,0,0,0,0,0,0,0,0,0,False,1,108638.02734985412,team09-risk-none,0,1,0.001987497603776367,0.040464007952039215,
2021-05-21T16:00:00Z,0.0011534661021901512,0.0011675283502623724,-1.406224807222128e-05,2.1154137480886554e-07,-2.8189254073689113e-09,2.1436030021623457e-07,-0,0,0,0.0011536776435649601,0,0.12107270208595181,-0.00085879120643570991,0.060106955439758046,0.060965746646193753,0,0,0,0,0,0,0,0,0,False,1,108763.36061324865,team09-risk-none,0,1,0.0027280546356825974,0.040467670613934088,
2021-05-22T00:00:00Z,-0.00075219411066857172,-0.0053906338362344573,0.0046384397255658863,-1.0381810998164506e-05,2.0225268954285021e-06,-1.2404337893593007e-05,-0,0,0,-0.00076257592166673613,0,0.12218376578346052,0.0003012116666987058,0.061242488725079619,0.060941277058380906,0,0,0,0,0,0,0,0,0,False,1,108680.42029328542,team09-risk-none,0,1,0.0015881009266260904,0.040313944176794778,
2021-05-22T08:00:00Z,-0.00073285185506002893,0.001946935143568986,-0.002679786998629015,4.4959937256567221e-07,4.1105255114864542e-06,-3.6609261389207817e-06,-0,0,0,-0.00073240225568746323,0,0.11222653226664533,-0.00044545214194220001,0.055890540062351571,0.056335992204293764,0,0,0,0,0,0,0,0,0,False,1,108600.82250831356,team09-risk-none,0,1,0.0023386597262359254,0.040376422277897527,
2021-05-22T16:00:00Z,-8.876165371384243e-05,-0.002609166244224137,0.0025204045905102943,-1.7251957065986946e-07,-2.7379374610983845e-06,2.5654178904385152e-06,-0,0,0,-8.8934173284502293e-05,0,0.11693908600209837,-0.0011932326835183485,0.057872926659290017,0.059066159342808358,0,0,0,0,0,0,0,0,0,False,1,108591.16418394577,team09-risk-none,0,1,0.0030699693514287807,0.03999869995141974,
2021-05-23T00:00:00Z,0.00016044537135365318,-0.0033628520086406814,0.0035232973799943341,-5.8535920135185924e-06,-5.5257134908623565e-06,-3.2787852265623627e-07,-0,0,0,0.00015459177934013457,0,0.11177841701914933,-0.0012635002926682723,0.05525745836324053,0.056520958655908803,0,0,0,0,0,0,0,0,0,False,1,108607.95148523759,team09-risk-none,0,1,0.0031642936285380951,0.039919599443885394,
2021-05-23T08:00:00Z,0.00058243671996224692,-0.0077925913514829415,0.0083750280714451897,-5.7896172708557445e-06,-4.3830006040877233e-06,-1.4066166667680201e-06,-0,0,0,0.00057664710269139121,0,0.10491111835680135,-0.0011009369314727239,0.051905090712664317,0.05300602764413704,0,0,0,0,0,0,0,0,0,False,1,108670.5799457908,team09-risk-none,0,1,0.0030101272404405854,0.039757926675913581,
2021-05-23T16:00:00Z,-0.00071914655480724229,0.0044137061478670483,-0.0051328527026742905,6.2791211439191763e-06,4.6301897471598634e-06,1.6489313967593138e-06,-0,0,0,-0.00071286743366332297,0,0.08869678239488378,-0.00052902544921872713,0.04408387847283253,0.04461290392205125,0,0,0,0,0,0,0,0,0,False,1,108593.11222835013,team09-risk-none,0,1,0.0024231765007665107,0.039716344080860271,
2021-05-24T00:00:00Z,-0.0011106521637826085,0.0092971881140058651,-0.010407840277788473,-1.1130579473633247e-05,1.4984841171576176e-05,-2.6115420645209423e-05,-0,0.00013057340319717919,6.5286701598589594e-05,-0.0013176428480520103,0.13057340319717917,0.13431754725707953,-6.9388939039072284e-18,0.067158773628539767,0.067158773628539767,14179.37222742889,0,0,0,0,0,0,0,0,False,1,108450.02529067473,team09-risk-none,0.0069569474564172215,1,0.0031516715549473329,0.039139747090889576,
2021-05-24T08:00:00Z,-0.00047778416223025541,0.0044871659022825035,-0.0049649500645127581,2.9594396026501487e-05,2.9119592741927329e-05,4.7480328457415953e-07,-0,0,0,-0.00044818976620375397,0,0.15427200067852376,-0.0011294364621005602,0.076571282108211611,0.077700718570312174,0,0,0,0,0,0,0,0,0,False,1,108401.41909919491,team09-risk-none,0,1,0.0044246180423397341,0.039335494783635266,
2021-05-24T16:00:00Z,0.0024682919996371422,0.0084819229477361788,-0.0060136309480990358,9.0590543502896014e-06,3.6926712397680335e-05,-2.7867658047390737e-05,-0,0,0,0.0024773510539874317,0,0.16372132711317983,-0.001603462526399254,0.081058932293390284,0.082662394819789542,0,0,0,0,0,0,0,0,0,False,1,108669.96746905404,team09-risk-none,0,1,0.004891259452890373,0.039372408343328738,
2021-05-25T00:00:00Z,0.0029917850117415945,0.0016909349146013381,0.001300850097140256,4.3224065324829027e-06,1.2933957035989873e-05,-8.6115505035069674e-06,-0,0,0,0.0029961074182740773,0,0.17772701004024152,0.00084943393092746025,0.089288221985584504,0.088438788054657033,0,0,0,0,0,0,0,0,0,False,1,108995.55436473168,team09-risk-none,0,1,0.0024307508794469967,0.040101915226595918,
2021-05-25T08:00:00Z,-0.00075617423730175992,-0.0028828018457335816,0.0021266276084318217,-1.3349922429697229e-06,1.4134379192861805e-05,-1.5469371435831528e-05,-0,0,0,-0.00075750922954472965,0,0.1776923015370569,0.0038315434434150614,0.090761922490235986,0.08693037904682091,0,0,0,0,0,0,0,0,0,False,1,108912.98922632105,team09-risk-none,0,1,0,0.041385966926393736,
2021-05-25T16:00:00Z,2.5005314994463637e-05,0.0024946390888172416,-0.0024696337738227781,3.2302152206454469e-06,1.0624515581318165e-05,-7.3943003606727196e-06,-0,0,0,2.8235530215109082e-05,0,0.17279452181547872,0.0030933715528743896,0.087943946684176544,0.084850575131302161,0,0,0,0,0,0,0,0,0,False,1,108916.06444231917,team09-risk-none,0,1,0.00075294747417797847,0.041109571800902703,
2021-05-26T00:00:00Z,-0.0016658511262075677,0.0085931942632272024,-0.010259045389434771,6.2634207594263503e-06,1.010340200730677e-05,-3.8399812478804204e-06,-0,0,0,-0.0016595877054481414,0,0.177853251498025,0.0031332980785495901,0.090493274788287295,0.087359976709737719,0,0,0,0,0,0,0,0,0,False,1,108735.3086808449,team09-risk-none,0,1,0.00072170220635092708,0.041058393108118929,
2021-05-26T08:00:00Z,0.0016355573459800763,-0.0046710294380752594,0.0063065867840553357,1.2887424776249545e-07,5.3897775031941822e-06,-5.2609032554316865e-06,-0,0,0,0.0016356862202278389,0,0.19705938626753888,0.0014567306163266007,0.099258058441932737,0.097801327825606132,0,0,0,0,0,0,0,0,0,False,1,108913.16552690638,team09-risk-none,0,1,0.0023862120910842499,0.041470117844158473,
2021-05-26T16:00:00Z,-0.0057494874033689981,0.0034309031197464223,-0.0091803905231154209,2.3669513431033217e-05,2.4412455628296369e-05,-7.429421972631565e-07,-0,0,0,-0.0057258178899379656,0,0.18566785098534183,0.0030840830513605977,0.094375967018351214,0.091291883966990617,0,0,0,0,0,0,0,0,0,False,1,108289.54857528264,team09-risk-none,0,1,0.00073090608868064955,0.041665355467655277,
2021-05-27T00:00:00Z,0.0013988964327236728,-0.0025017562767579594,0.0039006527094816315,8.1293788257516259e-06,1.4481706367390492e-05,-6.3523275416388678e-06,-0,0.00013040252087048287,6.5201260435241435e-05,0.0012114220302437003,0.13040252087048287,0.13864815902629968,-1.3877787807814457e-17,0.069324079513149825,0.069324079513149839,14121.230118143463,0,0,0,0,0,0,0,0,False,1,108420.73292007188,team09-risk-none,0,1,0.0064679784392964734,0.046312820963876886,
2021-05-27T08:00:00Z,-0.0019098703773682919,0.00079833185796635844,-0.0027082022353346505,7.5996627048275568e-06,1.0427733399315738e-05,-2.8280706944881822e-06,-0,0,0,-0.0019022707146634644,0,0.13205378739577911,0.0013957513109335642,0.066724769353356334,0.065329018042422776,0,0,0,0,0,0,0,0,0,False,1,108214.48733497568,team09-risk-none,0,1,0.0052649187838292866,0.046446968793093631,
2021-05-27T16:00:00Z,0.0014615678020440353,-0.00064196000893445811,0.0021035278109784936,2.1202126179962357e-06,3.6756420354871101e-06,-1.5554294174908749e-06,-0,0,0,0.0014636880146620317,0,0.13578806315185293,-0.00049743466260395927,0.067645314244624472,0.068142748907228434,0,0,0,0,0,0,0,0,0,False,1,108372.87958310069,team09-risk-none,0,1,0.0071626143890396454,0.046603131285795907,
2021-05-28T00:00:00Z,-0.00080842354058939493,-0.0048477592517615891,0.0040393357111721947,6.4933851919774562e-06,2.0855892646925752e-06,4.4077959272848806e-06,-0,0,0,-0.00080193015539741744,0,0.13274245597390388,0.00095283076879588979,0.06684764337134988,0.065894812602554004,0,0,0,0,0,0,0,0,0,False,1,108285.97210293575,team09-risk-none,0,1,0.0057050620120937534,0.04673603004550142,
2021-05-28T08:00:00Z,0.0008729549000967762,5.2200980504618376e-05,0.00082075391959215798,7.6575967785029183e-06,3.6598097960651725e-06,3.9977869824377454e-06,-0,0,0,0.00088061249687527911,0,0.12412013426124441,0.00015335392562741343,0.062136744093435906,0.061983390167808489,0,0,0,0,0,0,0,0,0,False,1,108381.33008320587,team09-risk-none,0,1,0.0065012604723384548,0.046801287522822164,
2021-05-28T16:00:00Z,-0.00045031628035804275,-0.0026661114680991971,0.0022157951877411551,1.063632183234701e-05,1.6257030745973398e-05,-5.62070891362639e-06,-0,0,0,-0.00043967995852569572,0,0.12314913563182127,0.0010261798180652773,0.062087657724943277,0.061061477906877992,0,0,0,0,0,0,0,0,0,False,1,108333.67698448992,team09-risk-none,0,1,0.0056234111237265516,0.046762374892725424,
2021-05-29T00:00:00Z,-0.00059477541025879609,7.8057898560256842e-05,-0.00067283330881905276,1.9903237611009997e-06,8.057631130502065e-06,-6.0673073694010653e-06,-0,0,0,-0.00059278508649769504,0,0.11836738193149238,0.00056959594569217301,0.059468488938592273,0.058898892992900111,0,0,0,0,0,0,0,0,0,False,1,108269.45839640807,team09-risk-none,0,1,0.0060692120876540967,0.046786104600281785,
2021-05-29T08:00:00Z,-0.00041667724243517383,-0.0046035659202724446,0.0041868886778372704,-4.5801292548472808e-07,2.9959140082304454e-06,-3.4539269337151726e-06,-0,0,0,-0.00041713525536065857,0,0.11925820330539554,-2.0944605968589713e-05,0.059618629349713473,0.059639573955682063,0,0,0,0,0,0,0,0,0,False,1,108224.29538823212,team09-risk-none,0,1,0.006660831465581718,0.046833013885294345,
2021-05-29T16:00:00Z,0.00091923169984079898,0.00095387607669256721,-3.4644376851768293e-05,-1.6964309884146675e-06,4.4492141069832992e-06,-6.1456450953979656e-06,-0,0,0,0.00091753526885238429,0,0.11040738053958662,-0.00042902776448735733,0.054989176387549632,0.055418204152036993,0,0,0,0,0,0,0,0,0,False,1,108323.59499619751,team09-risk-none,0,1,0.0070764179098933289,0.046847133183345241,
2021-05-30T00:00:00Z,-0.00067678489280807675,0.0043997965288354746,-0.005076581421643551,6.0030272757097983e-06,7.2588633319422786e-06,-1.2558360562324797e-06,-0,6.9752435436034674e-05,3.4876217718017337e-05,-0.00077541051868641904,0.069752435436034668,0.13853103663324717,6.9388939039072284e-18,0.069265518316623587,0.069265518316623587,7555.8345661714347,0,0,0,0,0,0,0,0,False,1,108239.59974121553,team09-risk-none,0,1,0.0061577235028565935,0.046940707397362766,
2021-05-30T08:00:00Z,-0.00083816308228470623,-0.0023260660847373932,0.001487903002452687,1.2293455919167896e-06,1.8511043803199254e-05,-1.7281698211282467e-05,-0,0,0,-0.00083693373669278934,0,0.14814995953576737,-0.00069693454652648701,0.073726512494620422,0.074423447041146923,0,0,0,0,0,0,0,0,0,False,1,108149.01036854598,team09-risk-none,0,1,0.0069330998374120822,0.047009061727396641,
2021-05-30T16:00:00Z,0.00074494803334609124,0.0010890234552893758,-0.00034407542194328435,3.6771481789026521e-06,5.0689152032216737e-06,-1.391767024319022e-06,-0,0,0,0.00074862518152499398,0,0.14448800014773427,-0.0015220777213407477,0.071482961213196763,0.073005038934537497,0,0,0,0,0,0,0,0,0,False,1,108229.97344106488,team09-risk-none,0,1,0.0077618022346547244,0.047054779137817859,
2021-05-31T00:00:00Z,1.1798403398155804e-05,0.0021200956551186887,-0.0021082972517205323,1.0778793937714391e-05,3.7736233163765244e-06,7.0051706213378682e-06,-0,0,0,2.2577197335870197e-05,0,0.14578014897852998,-0.00077801349679884613,0.072501067740865566,0.073279081237664412,0,0,0,0,0,0,0,0,0,False,1,108232.41697053291,team09-risk-none,0,1,0.0070119359602727194,0.047090231410020791,
2021-05-31T08:00:00Z,-0.0014653229543652652,0.0024057907675207966,-0.0038711137218860625,1.0573366808855629e-05,1.1773989679654144e-05,-1.2006228707985144e-06,-0,0,0,-0.0014547495875564097,0,0.14999468216061201,-0.00080447351146003404,0.074595104324575973,0.075399577836036014,0,0,0,0,0,0,0,0,0,False,1,108074.9659065848,team09-risk-none,0,1,0.0069897210618925509,0.047010283877774207,
2021-05-31T16:00:00Z,-4.7094062327879315e-05,0.0021077061654312464,-0.0021548002277591259,5.5134031430163499e-06,-1.8952580489101468e-06,7.4086611919264976e-06,-0,0,0,-4.1580659184862963e-05,0,0.15649072525591101,-0.0022404585428578427,0.077125133356526598,0.079365591899384441,0,0,0,0,0,0,0,0,0,False,1,108070.47207826102,team09-risk-none,0,1,0.0084393195889702621,0.047280169591274998,
2021-06-01T00:00:00Z,-2.4676742966653135e-06,-0.00058241009095350753,0.00057994241665684212,6.2670022308105776e-06,-1.2855096969168937e-06,7.5525119277274724e-06,-0,0,0,3.7993279341452641e-06,0,0.16078188340735577,-0.002297078546398594,0.079242402430478587,0.081539480976877188,0,0,0,0,0,0,0,0,0,False,1,108070.88267342445,team09-risk-none,0,1,0.0084798021316495609,0.04727875513027846,
2021-06-01T08:00:00Z,-0.0015108054739992971,-0.0025591085558495158,0.0010483030818502184,4.3354162176601325e-06,-2.7376776056559419e-06,7.0730938233160757e-06,-0,0,0,-0.0015064700577816371,0,0.15962928566937662,-0.0022966311124363314,0.078666327278470144,0.080962958390906462,0,0,0,0,0,0,0,0,0,False,1,107908.0771245589,team09-risk-none,0,1,0.0084779502230843962,0.047001194678114137,
2021-06-01T16:00:00Z,0.0017473499230413964,0.0022430991279694576,-0.00049574920492806126,7.4803541946410321e-06,2.6550167817087868e-06,4.8253374129322453e-06,-0,0,0,0.0017548302772360375,0,0.15621123378890747,-0.0038037636762847798,0.076203735056311339,0.080007498732596119,0,0,0,0,0,0,0,0,0,False,1,108097.43748545539,team09-risk-none,0,1,0.009968534938441298,0.047143399956203404,
2021-06-02T00:00:00Z,-0.00043492368192450453,0.0012863486503600383,-0.0017212723322845428,3.6431803195140825e-06,-3.4536418082240634e-06,7.0968221277381467e-06,-0,5.6302519465053489e-05,2.8151259732526745e-05,-0.00051573428080257065,0.056302519465053491,0.13985052053937255,0,0.069925260269686276,0.069925260269686276,6086.1580781472549,0,0,0,0,0,0,0,0,False,1,108041.68793127722,team09-risk-none,0,1,0.0082350033090061725,0.047553273016345612,
2021-06-02T08:00:00Z,-0.00081373034607466462,0.0027222655462996242,-0.0035359958923742887,4.6561417287043259e-07,-1.9572463080415693e-06,2.422860480912002e-06,-0,0,0,-0.00081326473190179423,0,0.14291910584926426,-0.00044082902842389887,0.071239138410420177,0.071679967438844083,0,0,0,0,0,0,0,0,0,False,1,107953.82143690757,team09-risk-none,0,1,0.0087496402784192906,0.047443752752026613,
2021-06-02T16:00:00Z,0.00088516696093669757,-0.00080297762171201127,0.0016881445826487089,-2.5296093558386423e-06,-4.2331274355808705e-06,1.703518079742228e-06,-0,0,0,0.00088263735158085896,0,0.14931506094563651,-0.0012572394354582669,0.074028910755089133,0.07528615019054738,0,0,0,0,0,0,0,0,0,False,1,108049.10551195368,team09-risk-none,0,1,0.0095587558368883663,0.047436874134903995,
2021-06-03T00:00:00Z,-0.0010992637633224038,0.0021730230038149319,-0.0032722867671373351,3.5090869521578841e-07,-3.2712985403635179e-06,3.6222072355793056e-06,-0,0,0,-0.0010989128546271881,0,0.14666391886711672,-0.00036747319782086396,0.073148222834647919,0.073515696032468783,0,0,0,0,0,0,0,0,0,False,1,107930.36896097563,team09-risk-none,0,1,0.0086816998909881038,0.047445665223000359,
2021-06-03T08:00:00Z,-0.0009359464070563243,-0.00047343554687974415,-0.00046251086017658026,-6.6238158107944438e-07,-3.0635768972929334e-06,2.4011953162134882e-06,-0,0,0,-0.00093660878863740377,0,0.15228503018750722,-0.0014688997926492753,0.075408065197428958,0.076876964990078234,0,0,0,0,0,0,0,0,0,False,1,107829.2804288459,team09-risk-none,0,1,0.0097720757029966521,0.047237053545025345,
2021-06-03T16:00:00Z,-0.0012342293619461962,0.0010789192544805742,-0.00231314861642677,-4.0050838931603949e-06,-9.4138371629326751e-06,5.4087532697722793e-06,-0,0,0,-0.0012382344458393565,0,0.15245361758768927,-0.0023800342605298577,0.075036791663579711,0.077416825924109561,0,0,0,0,0,0,0,0,0,False,1,107695.76249954883,team09-risk-none,0,1,0.010702838818799854,0.04730210201116597,
2021-06-04T00:00:00Z,-0.0010334811875872217,-0.0077555490479647941,0.0067220678603775738,-3.6592073601766479e-06,-9.5837423273025425e-06,5.9245349671258954e-06,-0,0,0,-0.0010371403949473983,0,0.15597813782542136,-0.0036556950344759503,0.076161221395472711,0.079816916429948662,0,0,0,0,0,0,0,0,0,False,1,107584.06687389589,team09-risk-none,0,1,0.011927478888597132,0.047111018932167181,
2021-06-04T08:00:00Z,-0.00043858634807356566,0.0013501347495179453,-0.0017887210975915113,-3.6435506316603249e-07,-1.474851682413557e-06,1.1104966192475247e-06,-0,0,0,-0.00043895070313673169,0,0.14168122153358603,-0.0046713781025321116,0.068504921715526967,0.073176299818059079,0,0,0,0,0,0,0,0,0,False,1,107536.84277209529,team09-risk-none,0,1,0.012948996624928544,0.047144753181267277,
2021-06-04T16:00:00Z,0.0006517770740247917,0.00023246427001811696,0.00041931280400667469,3.6036389716742214e-06,8.1499823947372996e-07,2.7886407322004908e-06,-0,0,0,0.00065538071299646591,0,0.14492388489118424,-0.0051180275513595108,0.069902928669912351,0.075020956221271876,0,0,0,0,0,0,0,0,0,False,1,107607.32034478466,team09-risk-none,0,1,0.013378348462171785,0.047151027835973774,
2021-06-05T00:00:00Z,0.00080591259366063507,0.0039752716761459759,-0.0031693590824853407,3.1377365807252357e-06,2.4553580992316766e-06,6.82378481493559e-07,-0,0.00010927287561990274,5.4636437809951368e-05,0.00064514101681150619,0.10927287561990275,0.13620780952945949,6.9388939039072284e-18,0.068103904764729745,0.068103904764729745,11758.561331826684,0,0,0,0,0,0,0,0,False,1,107676.74224084825,team09-risk-none,0,1,0.012732195629716281,0.047093460748640417,
2021-06-05T08:00:00Z,-0.00022073519065157383,-0.0032710464196330944,0.0030503112289815212,-1.856809450091125e-06,-8.5979918353226366e-07,-9.9701026655886145e-07,-0,0,0,-0.00022259200010166496,0,0.14325833415783726,0.00081829477085153604,0.072038314464344388,0.071220019693492842,0,0,0,0,0,0,0,0,0,False,1,107652.77425942844,team09-risk-none,0,1,0.012100202794712356,0.047021909712104119,
2021-06-05T16:00:00Z,-0.00059264832621253895,-0.002187694937205597,0.0015950466109930579,-2.7459811219093768e-06,6.1272816810183515e-07,-3.3587092900112123e-06,-0,0,0,-0.00059539430733444832,0,0.13695819732734249,0.00060076393563349151,0.068779480631487991,0.068178716695854513,0,0,0,0,0,0,0,0,0,False,1,107588.67841046561,team09-risk-none,0,1,0.012320979605089599,0.046175268010532657,
2021-06-06T00:00:00Z,-0.00035554404351126096,0.0015128284303439353,-0.0018683724738551965,8.6262918458723047e-07,2.2215207269537433e-06,-1.3588915423665133e-06,-0,0,0,-0.00035468141432667375,0,0.13328246847026334,1.6746934638073308e-06,0.066642071581863582,0.066640396888399775,0,0,0,0,0,0,0,0,0,False,1,107550.51870584144,team09-risk-none,0,1,0.012905476034906438,0.046168380162109619,
2021-06-06T08:00:00Z,0.00049483099183291975,0.00031183448722365111,0.00018299650460926875,-6.2427873440677173e-06,-2.1964736088861354e-06,-4.0463137351815819e-06,-0,0,0,0.00048858820448885204,0,0.13665831204833667,-0.00035799878026057316,0.068150156634038048,0.06850815541429861,0,0,0,0,0,0,0,0,0,False,1,107603.06662066777,team09-risk-none,0,1,0.013262591340803098,0.046108724419761438,
2021-06-06T16:00:00Z,-0.00070372604295070929,-0.0002119334232841123,-0.00049179261966659702,-1.3470277821733605e-06,-2.0574670778264764e-06,7.1043929565311591e-07,-0,0,0,-0.00070507307073288262,0,0.13676994189744432,0.00013815565127374765,0.068454048774359039,0.068315893123085281,0,0,0,0,0,0,0,0,0,False,1,107527.19859606527,team09-risk-none,0,1,0.012775649862441951,0.045773777304803975,
2021-06-07T00:00:00Z,0.0011846191320146373,0.0017429615108665438,-0.00055834237885190642,-3.6943048618724428e-06,-3.2078744508930515e-06,-4.8643041097939148e-07,-0,7.4354038574521808e-06,3.7177019287260904e-06,0.0011697717213665865,0.0074354038574521806,0.12964908834654665,-0.007981918325191014,0.060833585010677822,0.068815503335868833,799.50814722221037,0,0,0,0,0,0,0,0,False,1,107652.98087226071,team09-risk-none,0.0074354038574521806,1,0.013474030824846328,0.04579258071712522,
2021-06-07T08:00:00Z,-0.00013870523393278098,-0.00028148224332339182,0.00014277700939061079,3.3637491299874112e-06,-3.1767222768298597e-06,6.5404714068172709e-06,-0,0,0,-0.00013534148480279359,0,0.13181171472251538,-0.0068069196587706438,0.062502397531872367,0.069309317190643011,0,0,0,0,0,0,0,0,0,False,1,107638.41095798601,team09-risk-none,0,1,0.012313049519337094,0.046008832526630954,
2021-06-07T16:00:00Z,0.00057758613277105722,-0.006285953350824167,0.0068635394835952239,4.7478243154076472e-06,-8.1419144064808243e-07,5.5620157560557299e-06,-0,0,0,0.00058233395708646486,0,0.13140888587843802,-0.0069380843645672693,0.062235400756935379,0.069173485121502648,0,0,0,0,0,0,0,0,0,False,1,107701.09245977367,team09-risk-none,0,1,0.012445357694350401,0.04588718652872617,
2021-06-08T00:00:00Z,0.00040915615499586969,-0.0016617550676474178,0.0020709112226432874,2.2667085556123049e-06,-1.1191143405335437e-06,3.3858228961458492e-06,-0,4.9056168888313801e-05,2.4528084444156901e-05,0.00033783861021901131,0.049056168888313795,0.1366148913916681,1.0408340855860843e-17,0.068307445695834051,0.068307445695834038,5283.4029811625569,0,0,0,0,0,0,0,0,False,1,107737.47804716935,team09-risk-none,0,1,0.011872722744260544,0.045651635060008203,
2021-06-08T08:00:00Z,-0.00047402091213840037,-0.0037119944493934189,0.0032379735372550186,-2.340439171002871e-06,-1.8006210558515087e-06,-5.3981811515136263e-07,-0,0,0,-0.00047636135130940324,0,0.13277330469767826,0.00041753454892844155,0.066595419623303342,0.066177885074374915,0,0,0,0,0,0,0,0,0,False,1,107686.15607654014,team09-risk-none,0,1,0.011543449174202247,0.04546737599079876,
2021-06-08T16:00:00Z,0.0014201701663992476,0.0052637799825796163,-0.0038436098161803676,-2.4207266680788017e-06,-1.9317192089900103e-06,-4.8900745908879134e-07,-0,0,0,0.0014177494397311688,0,0.12594582630086729,-6.2391204095069153e-05,0.062941717548386122,0.063004108752481192,0,0,0,0,0,0,0,0,0,False,1,107838.82806398446,team09-risk-none,0,1,0.012014390995547908,0.045270460747315958,
2021-06-09T00:00:00Z,-0.00011025454648798189,1.2598629319488293e-06,-0.00011151440941993071,-5.899298695052442e-06,2.2827853636299718e-06,-8.1820840586824142e-06,-0,0,0,-0.00011615384518303433,0,0.13484684605631353,0.0013658826046474941,0.068106364330480507,0.066740481725832995,0,0,0,0,0,0,0,0,0,False,1,107826.3021694448,team09-risk-none,0,1,0.010617116611844946,0.045409449917887118,
2021-06-09T08:00:00Z,-0.00050083392065233855,0.0023368474541927971,-0.0028376813748451357,-2.0092782495685274e-06,4.391487710471173e-06,-6.4007659600397004e-06,-0,0,0,-0.00050284319890190709,0,0.13494129564976948,0.0012474787533126933,0.068094387201541082,0.066846908448228382,0,0,0,0,0,0,0,0,0,False,1,107772.08244673615,team09-risk-none,0,1,0.01072818894280525,0.04501887924010893,
2021-06-09T16:00:00Z,-1.9662651242916642e-05,0.00094645953331260672,-0.00096612218455552346,-1.9427830113913993e-06,5.7630847629535765e-06,-7.7058677743449757e-06,-0,0,0,-2.1605434254308044e-05,0,0.14019861192220817,0.00076355701507500179,0.070481084468641583,0.069717527453566575,0,0,0,0,0,0,0,0,0,False,1,107769.75398409439,team09-risk-none,0,1,0.011225571795941858,0.045038073053137936,
2021-06-10T00:00:00Z,-0.00019642532514651344,-0.0018178892725236166,0.0016214639473771031,3.5017170744739867e-06,3.6879008401194981e-06,-1.8618376564551046e-07,-0,0,0,-0.00019292360807203945,0,0.14206341910461204,0.00074180534171444309,0.071402612223163242,0.070660806881448796,0,0,0,0,0,0,0,0,0,False,1,107748.96265431475,team09-risk-none,0,1,0.011241551420235307,0.045007548665474018,
2021-06-10T08:00:00Z,-0.00043174106858736861,-0.001770022899665041,0.0013382818310776726,8.4222262307060037e-07,-2.0433403079867932e-06,2.8855629310573935e-06,-0,0,0,-0.000430898845964298,0,0.13873542075367704,0.00054159603984508392,0.069638508396761056,0.069096912356915979,0,0,0,0,0,0,0,0,0,False,1,107702.53375065315,team09-risk-none,0,1,0.011434935348737074,0.044982784225047444,
2021-06-10T16:00:00Z,0.00014023723955150768,-0.00067007792632926713,0.00081031516588077497,4.1332466092751719e-06,7.7506700343193534e-08,4.0557399089319788e-06,-0,0,0,0.00014437048616078286,0,0.13566444966880162,0.00010802392915520986,0.067886236798978414,0.067778212869823204,0,0,0,0,0,0,0,0,0,False,1,107718.08281781148,team09-risk-none,0,1,0.011857654907537762,0.044966209405445226,
2021-06-11T00:00:00Z,-0.00075055381058222802,-0.00060771702104684007,-0.00014283678953538775,5.1317000770627148e-06,-9.820830409266788e-07,6.1137831179893932e-06,-0,9.025616910407567e-05,4.5128084552037835e-05,-0.00088080636416127875,0.09025616910407569,0.14351943017122909,6.9388939039072284e-18,0.071759715085614545,0.071759715085614545,9722.221498371222,0,0,0,0,0,0,0,0,False,1,107623.2040449303,team09-risk-none,0,1,0.011714009564270156,0.044817786224916889,
2021-06-11T08:00:00Z,-0.0015163638318626831,-0.0011180955423224178,-0.00039826828954026537,7.1502872825755282e-08,-5.3055201269236551e-07,6.020548855181208e-07,-0,0,0,-0.0015162923289898573,0,0.14320800118532367,-0.00080110722875419323,0.071203446978284748,0.07200455420703894,0,0,0,0,0,0,0,0,0,False,1,107460.01580621567,team09-risk-none,0,1,0.012589494645778632,0.04401946425650563,
2021-06-11T16:00:00Z,0.00081044385314634339,-0.0016652161267027214,0.0024756599798490646,1.2996565065455521e-06,-3.106082137094828e-06,4.4057386436403803e-06,-0,0,0,0.00081174350965288898,0,0.14268460737514865,-0.0022596949849531655,0.07021245619509775,0.072472151180050903,0,0,0,0,0,0,0,0,0,False,1,107547.24577659357,team09-risk-none,0,1,0.014085486767692945,0.044288817906386599,
2021-06-12T00:00:00Z,0.00044581425458602977,-0.002005365238541492,0.0024511794931275223,3.8032405239331587e-07,-2.442149164269079e-06,2.8224732166623945e-06,-0,0,0,0.00044619457863842311,0,0.13844374519401959,-0.0014435870769961261,0.068500079058511729,0.069943666135507843,0,0,0,0,0,0,0,0,0,False,1,107595.23277460659,team09-risk-none,0,1,0.013286084178284807,0.044395049402762572,
2021-06-12T08:00:00Z,0.00063807113917901948,0.0013454032869439211,-0.00070733214776490163,1.1657955588811585e-05,8.1307275842729903e-06,3.5272280045385938e-06,-0,0,0,0.0006497290947678311,0,0.13393096254912251,-0.0010184857223553695,0.066456238413383578,0.067474724135738948,0,0,0,0,0,0,0,0,0,False,1,107665.14052779856,team09-risk-none,0,1,0.012834685021475223,0.044021086322977562,
2021-06-12T16:00:00Z,0.000631375800436413,0.00045576979693035533,0.00017560600350605761,1.17644718391981e-05,1.1642764376366469e-05,1.2170746283163257e-07,-0,0,0,0.00064314027227561107,0,0.13589468647844466,-0.00038408845786047641,0.067755299010292092,0.068139387468152568,0,0,0,0,0,0,0,0,0,False,1,107734.38431559221,team09-risk-none,0,1,0.012193189778748392,0.043812022878753763,
2021-06-13T00:00:00Z,-0.00012984324023586555,-0.001347278736261775,0.0012174354960259094,8.4486866048077207e-06,5.2378946117413439e-06,3.2107919930663768e-06,-0,0,0,-0.00012139455363105785,0,0.13605708678391124,0.0002611862795905643,0.068159136531750888,0.067897950252160333,0,0,0,0,0,0,0,0,0,False,1,107721.30594809751,team09-risk-none,0,1,0.011561168861058513,0.043649551040896239,
2021-06-13T08:00:00Z,-0.0010924825526641045,-8.2423830132449225e-05,-0.0010100587225316555,6.9125716983214449e-06,2.4200721625321086e-06,4.4924995357893376e-06,-0,0,0,-0.0010855699809657832,0,0.13356062915051053,0.00010351824189334079,0.066832073696201935,0.066728555454308586,0,0,0,0,0,0,0,0,0,False,1,107604.36693204982,team09-risk-none,0,1,0.01168267811023227,0.043641831565470551,
2021-06-13T16:00:00Z,-0.00021222488337495728,0.0053523637993362523,-0.0055645886827112093,4.7917491716414038e-06,1.6845172412720504e-06,3.107231930369353e-06,-0,0,0,-0.00020743313420331589,0,0.13460014069101101,-0.00096534319588077819,0.066817398747565107,0.067782741943445884,0,0,0,0,0,0,0,0,0,False,1,107582.04622096314,team09-risk-none,0,1,0.01275765948230656,0.043785692832124454,
2021-06-14T00:00:00Z,-0.0015459993673360619,-0.00050737247075935605,-0.0010386268965767058,1.2653654716658877e-05,6.0966910259124048e-06,6.5569636907464726e-06,-0,9.0373533859046295e-05,4.5186766929523148e-05,-0.0016689060134079724,0.090373533859046298,0.14097174150881853,-1.7347234759768071e-18,0.070485870754409263,0.070485870754409277,9722.5696967756958,0,0,0,0,0,0,0,0,False,1,107402.50189709023,team09-risk-none,0.0076253899240983549,1,0.012954686296385187,0.043099841744755354,
2021-06-14T08:00:00Z,-0.0011250475388365909,0.002053850932392617,-0.0031788984712292074,-6.2080550851753927e-07,-5.1771373774244248e-06,4.556331868906885e-06,-0,0,0,-0.0011256683443451082,0,0.14170675938549676,-0.0015497886510310198,0.070078485367232865,0.071628274018263882,0,0,0,0,0,0,0,0,0,False,1,107281.60230060121,team09-risk-none,0,1,0.014615052617342306,0.04332584196510058,
2021-06-14T16:00:00Z,-1.1973331873081337e-05,-0.00050293684363306667,0.00049096351175998527,-1.6413467209321775e-05,-1.7134221104031243e-06,-1.470004509891865e-05,-0,0,0,-2.838679908240311e-05,0,0.14708285612987276,-0.0026691372283522159,0.072206859450760275,0.074875996679112489,0,0,0,0,0,0,0,0,0,False,1,107278.55691931146,team09-risk-none,0,1,0.015739813602891117,0.043462808580136951,
2021-06-15T00:00:00Z,-0.0010505562311727105,0.0011606189812863401,-0.0022111752124590509,-4.9637252595693254e-06,-5.5707543950418451e-06,6.0702913547251922e-07,-0,0,0,-0.0010555199564322799,0,0.14611574040692915,-0.0026609062554704731,0.071727417075729341,0.074388323331199796,0,0,0,0,0,0,0,0,0,False,1,107165.32226158587,team09-risk-none,0,1,0.015756484208837573,0.04261388298258037,
2021-06-15T08:00:00Z,-8.2128322837834655e-05,-0.0021111593985526037,0.0020290310757147692,-1.831554034730463e-05,-5.9304126166001457e-06,-1.2385127730704486e-05,-0,0,0,-0.00010044386318513929,0,0.14966696578508953,-0.0037548890142239154,0.072956038385432811,0.076710927399656723,0,0,0,0,0,0,0,0,0,False,1,107154.55816261843,team09-risk-none,0,1,0.016808500513280866,0.042745181976326929,
2021-06-15T16:00:00Z,-0.0018795013335058417,-8.5918052918842525e-05,-0.0017935832805869995,-2.1219829967146183e-06,-5.6325104180257762e-06,3.5105274213111583e-06,-0,0,0,-0.0018816233165025564,0,0.145581547693033,-0.0038359658851787196,0.070872790903927146,0.074708756789105851,0,0,0,0,0,0,0,0,0,False,1,106952.93364751012,team09-risk-none,0,1,0.016891336005425694,0.042719858246135861,
2021-06-16T00:00:00Z,-0.0011125420104305733,-0.00016016142389084061,-0.00095238058653973254,-5.8897812045944849e-07,-6.2902390228649899e-06,5.7012609024055414e-06,-0,0,0,-0.0011131309885510326,0,0.147516782951437,-0.0056919442153567906,0.070912419368040103,0.076604363583396895,0,0,0,0,0,0,0,0,0,False,1,106833.88102275063,team09-risk-none,0,1,0.018739671912499811,0.043065501532169564,
2021-06-16T08:00:00Z,0.00029507184281562295,-0.0025633808565307913,0.0028584526993464137,-6.3275659457645021e-06,-5.5845368300893099e-06,-7.4302911567519354e-07,-0,0,0,0.00028874427686985843,0,0.14841379938187327,-0.0068159107242373382,0.070798944328817975,0.077614855053055321,0,0,0,0,0,0,0,0,0,False,1,106864.72869447175,team09-risk-none,0,1,0.019837567975320103,0.043191382394684653,
2021-06-16T16:00:00Z,0.00011707235878038975,-0.00038594311289655558,0.00050301547167694522,3.991110501026793e-06,-1.4144720762503682e-06,5.4055825772771612e-06,-0,0,0,0.00012106346928141654,0,0.14301993059963841,-0.0065405803120261148,0.068239675143806161,0.074780255455832265,0,0,0,0,0,0,0,0,0,False,1,106877.66610927132,team09-risk-none,0,1,0.019544434719299453,0.043155822108589925,
2021-06-17T00:00:00Z,-0.00020046786467527403,0.0021484986273435391,-0.0023489664920188129,2.1071367549807077e-06,-1.2622961999780493e-06,3.3694329549587572e-06,-0,5.7280144376206059e-05,2.864007218810303e-05,-0.00028428094448460243,0.057280144376206064,0.14213370336091141,1.214306433183765e-17,0.071066851680455706,0.071066851680455706,6121.9681453310068,0,0,0,0,0,0,0,0,False,1,106847.28282540546,team09-risk-none,0,1,0.019427584735884129,0.043129425396492331,
2021-06-17T08:00:00Z,-0.00082709312995271329,-0.00067273796315962136,-0.00015435516679309196,5.5715691197654735e-06,-1.7711941865571026e-06,7.3427633063225763e-06,-0,0,0,-0.00082152156083294776,0,0.14666897393974254,-0.00018547397700183904,0.073241749981370369,0.073427223958372201,0,0,0,0,0,0,0,0,0,False,1,106759.50547884798,team09-risk-none,0,1,0.019702946634314156,0.043107694312186078,
2021-06-17T16:00:00Z,0.00053194359886150921,-0.0011240017403536245,0.0016559453392151337,2.7590550319888161e-06,-4.6060181721895201e-06,7.3650732041783366e-06,-0,0,0,0.00053470265389349801,0,0.14626611016730362,-0.001034947504538735,0.072615581331382434,0.073650528835921172,0,0,0,0,0,0,0,0,0,False,1,106816.59006975587,team09-risk-none,0,1,0.020511036618582668,0.042104421552493984,
2021-06-18T00:00:00Z,0.0011013094191754389,-0.00031945857794441,0.0014207679971198488,5.5963451801426574e-06,-1.1185506981617272e-06,6.7148958783043842e-06,-0,0,0,0.0011069057643555815,0,0.1433766664569916,-0.00048084574823532324,0.071447910354378141,0.071928756102613456,0,0,0,0,0,0,0,0,0,False,1,106934.82596903289,team09-risk-none,0,1,0.019984520697699848,0.042117521115029637,
2021-06-18T08:00:00Z,0.00033094218469704485,-0.0044103424640940777,0.0047412846487911225,-6.8929255415081983e-07,-5.0575396367741996e-06,4.3682470826233793e-06,-0,0,0,0.00033025289214289402,0,0.14148412959056952,0.00061514327060830168,0.071049636430588911,0.070434493159980613,0,0,0,0,0,0,0,0,0,False,1,106970.14150457995,team09-risk-none,0,1,0.018905902720831924,0.042343870445349568,
2021-06-18T16:00:00Z,0.00064075792644749613,0.00086497208776331971,-0.00022421416131582358,2.3763939152897813e-06,-4.1915583154361994e-06,6.5679522307259811e-06,-0,0,0,0.00064313432036278595,0,0.1322923332890274,0.00093360083460032606,0.066612967061813869,0.065679366227213543,0,0,0,0,0,0,0,0,0,False,1,107038.93767383561,team09-risk-none,0,1,0.018578884835457665,0.039671817141726975,
2021-06-19T00:00:00Z,-0.00085814184168224493,1.1383577841516853e-05,-0.00086952541952376177,9.5029583664967097e-06,6.3464823763668624e-06,3.1564759901298477e-06,-0,0,0,-0.00084863888331574821,0,0.13330858248137195,0.0015739191527109524,0.067441250817041443,0.065867331664330495,0,0,0,0,0,0,0,0,0,False,1,106948.10026929677,team09-risk-none,0,1,0.017940700591182246,0.037642108904708454,
2021-06-19T08:00:00Z,0.00010700326668442479,0.00014697415095901037,-3.9970884274585547e-05,1.1915277573353449e-06,-2.3449756789024815e-06,3.5365034362378266e-06,-0,0,0,0.00010819479444176013,0,0.13429272836013034,0.00072812842999445734,0.067510428395062411,0.066782299965067959,0,0,0,0,0,0,0,0,0,False,1,106959.67149702135,team09-risk-none,0,1,0.018782269611743674,0.036960683770786901,
2021-06-19T16:00:00Z,0.00052738193017717525,-0.0020578845961854307,0.002585266526362606,2.0112701390428403e-06,-4.4249126633224448e-06,6.4361828023652834e-06,-0,0,0,0.00052939320031621811,0,0.1344665956310539,0.0008336424739908508,0.067650119052522384,0.066816476578531528,0,0,0,0,0,0,0,0,0,False,1,107016.29521981993,team09-risk-none,0,1,0.018675302529274962,0.036671725954624104,
2021-06-20T00:00:00Z,-0.0010082252219692539,0.000241407383703094,-0.0012496326056723481,3.5825034401186183e-06,-2.2377126192732078e-06,5.820216059391827e-06,-0,0.00010131172106219855,5.0655860531099275e-05,-0.0011566103001224332,0.10131172106219855,0.13772356102046426,-6.9388939039072284e-18,0.068861780510232146,0.068861780510232146,10842.005050420288,0,0,0,0,0,0,0,0,False,1,106892.51907048775,team09-risk-none,0,1,0.018154253203924386,0.036726535673731589,
2021-06-20T08:00:00Z,-0.0003212865357702546,-0.0026620851021388198,0.0023407985663685647,7.6496993875747883e-06,1.3744133469538879e-06,6.2752860406208998e-06,-0,0,0,-0.00031363683638267981,0,0.13931976972900068,-0.0009822559674072702,0.069168756880796711,0.070151012848203978,0,0,0,0,0,0,0,0,0,False,1,106858.99363897351,team09-risk-none,0,1,0.019285877381807537,0.036884485308289271,
2021-06-20T16:00:00Z,9.7722285690906273e-05,0.0030960055374656729,-0.0029982832517747664,1.9629603796000246e-05,1.8517965575926573e-05,1.1116382200736718e-06,-0,0,0,0.00011735188948690652,0,0.13440730453363403,-0.0013163821339282648,0.066545461199852884,0.067861843333781147,0,0,0,0,0,0,0,0,0,False,1,106871.53374378571,team09-risk-none,0,1,0.019581720369902578,0.036834992436077837,
2021-06-21T00:00:00Z,0.00087586114463921903,-0.0063324737841161868,0.0072083349287554062,3.6185498449959233e-06,7.0720451743892862e-07,2.9113453275569946e-06,-0,0,0,0.000879479694484215,0,0.1404525829080098,-0.0012105883436057197,0.069620997282202043,0.070831585625807769,0,0,0,0,0,0,0,0,0,False,1,106965.52508763176,team09-risk-none,0,1,0.019482365496238496,0.036548619422304515,
2021-06-21T08:00:00Z,-4.9671053700005799e-05,-0.002978249705906971,0.0029285786522069649,8.7595866880850903e-06,6.8530897506227487e-06,1.9064969374623418e-06,-0,0,0,-4.0911467011920714e-05,0,0.12680480200073491,-0.00035525990399413749,0.063224771048370376,0.06358003095236453,0,0,0,0,0,0,0,0,0,False,1,106961.14897108072,team09-risk-none,0,1,0.018614974854231803,0.03668306650797009,
2021-06-21T16:00:00Z,-4.8922466225515609e-05,-0.006499624291554912,0.0064507018253293956,7.4507061784010691e-06,8.847613128199018e-06,-1.3969069497979502e-06,-0,0,0,-4.1471760047114536e-05,0,0.12092196367685511,-0.00039081610212776414,0.060265573787363663,0.06065638988949143,0,0,0,0,0,0,0,0,0,False,1,106956.71310397623,team09-risk-none,0,1,0.018656409207243208,0.036633308509345382,
2021-06-22T00:00:00Z,0.00030874142695263396,0.0018881473792255504,-0.0015794059522729162,7.0546106315328637e-06,4.6138603994635329e-06,2.4407502320693304e-06,-0,0,0,0.00031579603758416676,0,0.10798687356463892,-0.000433891678013173,0.053776490943312868,0.054210382621326034,0,0,0,0,0,0,0,0,0,False,1,106990.4896101675,team09-risk-none,0,1,0.018697495939974385,0.036634949520059849,
2021-06-22T08:00:00Z,0.00021630042008752206,-0.0030859759675450895,0.0033022763876326116,1.427495845228425e-06,6.2361193462859829e-06,-4.808623501057558e-06,-0,0,0,0.00021772791593275051,0,0.11134518505107439,-9.8185091387420834e-05,0.055623499979843484,0.055721685071230903,0,0,0,0,0,0,0,0,0,False,1,107013.78442649494,team09-risk-none,0,1,0.018393128104179035,0.036656716789336449,
2021-06-22T16:00:00Z,-0.0005859196758845333,5.6965606845265784e-05,-0.00064288528272979904,1.4685257005688525e-05,2.0925655094363884e-05,-6.240398088675365e-06,-0,0,0,-0.0005712344188788447,0,0.10497478975425267,9.5418998246457609e-05,0.052535104376249558,0.052439685378003108,0,0,0,0,0,0,0,0,0,False,1,106952.65446953605,team09-risk-none,0,1,0.018166388161324876,0.036588556099846445,
2021-06-23T00:00:00Z,-0.00087068925523052282,0.0063229899338659223,-0.0071936791890964448,4.4609334690936643e-07,5.6499464852390292e-06,-5.203853138329663e-06,-0,9.2460627688014906e-05,4.6230313844007453e-05,-0.0010089341034156358,0.092460627688014912,0.13839463266983684,-6.9388939039072284e-18,0.069197316334918421,0.069197316334918421,9888.9095651526768,0,0,0,0,0,0,0,0,False,1,106844.74628899091,team09-risk-none,0,1,0.018741217612180172,0.03656603390357982,
2021-06-23T08:00:00Z,-6.1600327968141028e-05,-0.0017468564586395452,0.001685256130671404,1.3832004882996697e-05,2.1994181975832098e-05,-8.1621770928354039e-06,-0,0,0,-4.7768323085144332e-05,0,0.15203969142150614,-0.00087259355535994256,0.075583548933073105,0.076456142488433035,0,0,0,0,0,0,0,0,0,False,1,106839.64249463023,team09-risk-none,0,1,0.019718121276998901,0.036462380180428383,
2021-06-23T16:00:00Z,-0.00013558254559874596,0.0015832668221263588,-0.0017188493677251051,1.3862461815126398e-05,1.9405678509548275e-05,-5.5432166944218736e-06,-0,0,0,-0.00012172008378361955,0,0.14862672723582904,-0.00096270848312672835,0.073832009376351163,0.074794717859477888,0,0,0,0,0,0,0,0,0,False,1,106826.63796439437,team09-risk-none,0,1,0.019764917843956731,0.036450877296668911,
2021-06-24T00:00:00Z,0.00072196652665991803,-0.00071496815856015238,0.0014369346852200707,1.4939896638120334e-05,2.2734309228659375e-05,-7.7944125905390437e-06,-0,0,0,0.00073690642329803829,0,0.15193101061311104,-0.0010592865259457214,0.075435862043582658,0.076495148569528382,0,0,0,0,0,0,0,0,0,False,1,106905.35920008966,team09-risk-none,0,1,0.019883176144064318,0.035244049076847514,
2021-06-24T08:00:00Z,4.3775206492638438e-05,0.002115568830460567,-0.0020717936239679283,3.7366716250702906e-06,6.9649211754044577e-06,-3.2282495503341674e-06,-0,0,0,4.7511878117708735e-05,0,0.14971571252051649,-0.00034730207038815089,0.074684205225064165,0.075031507295452313,0,0,0,0,0,0,0,0,0,False,1,106910.4384744861,team09-risk-none,0,1,0.019171910157712135,0.033573024610227473,
2021-06-24T16:00:00Z,0.00026611735383087032,0.0012494746570250786,-0.00098335730319420848,8.1173184611844577e-06,5.1790398243420687e-06,2.9382786368423877e-06,-0,0,0,0.00027423467229205475,0,0.15393118289386171,-0.00029863497371829251,0.076816273960071707,0.07711490893379,0,0,0,0,0,0,0,0,0,False,1,106939.75702354575,team09-risk-none,0,1,0.019121012323497943,0.033530262487888228,
2021-06-25T00:00:00Z,0.0011515626459017315,-0.0013364942895957503,0.0024880569354974818,5.4330920714480045e-06,5.8800823062592596e-06,-4.4699023481125608e-07,-0,0,0,0.0011569957379731794,0,0.15605101485313694,-3.4295681079354531e-05,0.078008359586028794,0.078042655267108157,0,0,0,0,0,0,0,0,0,False,1,107063.48586664189,team09-risk-none,0,1,0.01885465489767324,0.033562339796678269,
2021-06-25T08:00:00Z,-0.00052022497643487958,-0.004342429972546461,0.0038222049961115813,1.6251942258762874e-06,-1.4340280273184737e-06,3.0592222531947613e-06,-0,0,0,-0.00051859978220900331,0,0.1521585313340667,0.001115686047266991,0.076637108690666839,0.075521422643399866,0,0,0,0,0,0,0,0,0,False,1,107007.96276618891,team09-risk-none,0,1,0.017723214318634661,0.033496185263877952,
2021-06-25T16:00:00Z,0.00060645331430799539,-0.0012769156322304863,0.0018833689465384818,1.7426631965273487e-06,-3.4486854449111892e-06,5.1913486414385381e-06,-0,0,0,0.00060819597750452271,0,0.14394059248212898,0.00057125030598796818,0.072255921394058481,0.071684671088070515,0,0,0,0,0,0,0,0,0,False,1,107073.04457870426,team09-risk-none,0,1,0.01823250751874228,0.032903692994626484,
2021-06-26T00:00:00Z,-0.00050524356642844305,-0.0019953694645779433,0.0014901258981495002,6.5880731871045263e-06,1.7588777754729806e-06,4.8291954116315459e-06,-0,6.9987188494634688e-05,3.4993594247317344e-05,-0.00060363627598329053,0.0699871884946347,0.13673628441215913,0,0.068368142206079563,0.068368142206079577,7493.7413536241984,0,0,0,0,0,0,0,0,False,1,107008.41140481658,team09-risk-none,0,1,0.017630640528020547,0.026623975354084534,
2021-06-26T08:00:00Z,0.00040386926955584515,0.0018680883652662163,-0.0014642190957103714,7.0957700632904775e-06,4.0123665223628996e-06,3.0834035409275779e-06,-0,0,0,0.00041096503961913567,0,0.13328356462357982,-0.00046643172768969648,0.066408566447945058,0.066874998175634748,0,0,0,0,0,0,0,0,0,False,1,107052.38812084914,team09-risk-none,0,1,0.018223135868302043,0.026253025237009703,
2021-06-26T16:00:00Z,-0.00018237748122958757,0.0015540849508434433,-0.001736462432073031,1.2689995346213386e-05,8.6156837277188086e-06,4.0743116184945771e-06,-0,0,0,-0.00016968748588337419,0,0.13656997100856838,-8.9910609603061076e-05,0.06824003019948266,0.068329940809085721,0,0,0,0,0,0,0,0,0,False,1,107034.2226702511,team09-risk-none,0,1,0.017814165401333626,0.025579694434954777,
2021-06-27T00:00:00Z,-0.00024822468958638334,0.00095591327639817677,-0.00120413796598456,1.1982650845375163e-05,7.0084518372662568e-06,4.9741990081089051e-06,-0,0,0,-0.00023624203874100818,0,0.13988713667136038,-0.0002649850222933136,0.069811075824533525,0.07007606084682684,0,0,0,0,0,0,0,0,0,False,1,107008.93668727242,team09-risk-none,0,1,0.017981524663321924,0.024962817899376332,
2021-06-27T08:00:00Z,-0.00046614474954007279,-0.00092460758082799001,0.00045846283128791733,7.3599692737692784e-06,5.0650319295520409e-06,2.294937344217237e-06,-0,0,0,-0.0004587847802663035,0,0.14205520465085597,-0.00050542123542225183,0.070774891707716864,0.071280312943139107,0,0,0,0,0,0,0,0,0,False,1,106959.84261576782,team09-risk-none,0,1,0.018218057141908606,0.024855407705585433,
2021-06-27T16:00:00Z,0.00065976564928743435,0.0036979460145177053,-0.0030381803652302715,1.3243112311453511e-05,9.0964378514970085e-06,4.1466744599565054e-06,-0,0,0,0.0006730087615988878,0,0.14075950783549376,-0.00098128091301847437,0.069889113461237634,0.070870394374256115,0,0,0,0,0,0,0,0,0,False,1,107031.82752698747,team09-risk-none,0,1,0.018662710483645872,0.024622344167301274,
2021-06-28T00:00:00Z,-0.00037319493635388389,0.001138893072923584,-0.0015120880092774679,1.3723362799188773e-05,6.9247308350969557e-06,6.7986319640918183e-06,-0,0,0,-0.0003594715735546951,0,0.14736607143142982,-0.00029202885455836304,0.073537021288435742,0.073829050142994096,0,0,0,0,0,0,0,0,0,False,1,106993.35262752591,team09-risk-none,0,1,0.018001790291070408,0.024764761789236516,
2021-06-28T08:00:00Z,-0.00020914168404051182,0.0017898566722403604,-0.0019989983562808721,4.5516989426292986e-06,-2.987522067489377e-06,7.5392210101186739e-06,-0,0,0,-0.00020458998509788253,0,0.15008287976982915,-0.00070085411038227179,0.07469101282972343,0.075391866940105717,0,0,0,0,0,0,0,0,0,False,1,106971.46285910626,team09-risk-none,0,1,0.018363793929074057,0.024724927855649639,
2021-06-28T16:00:00Z,-0.00080019939989933796,-0.0013039500684064575,0.00050375066850711953,4.9867523448897651e-06,-2.7530167207987261e-06,7.7397690656884912e-06,-0,0,0,-0.00079521264755444822,0,0.15390412463990369,-0.00089048475148476025,0.076506819944209464,0.077397304695694225,0,0,0,0,0,0,0,0,0,False,1,106886.3977989133,team09-risk-none,0,1,0.018564199890991007,0.024705820388792713,
2021-06-29T00:00:00Z,0.001010065420077073,0.0021643491795120223,-0.001154283759434949,8.243090402715125e-06,5.6879351162146906e-07,7.6742968910936575e-06,-0,8.033193678002779e-05,4.0165968390013895e-05,0.00089781060530974652,0.080331936780027785,0.1322444998255134,6.9388939039072284e-18,0.066122249912756698,0.066122249912756698,8586.3913506272038,0,0,0,0,0,0,0,0,False,1,106982.36154042052,team09-risk-none,0,1,0.019341456722587136,0.024534838732230668,
2021-06-29T08:00:00Z,0.00015329144082829008,0.0040785493218177598,-0.0039252578809894686,4.5103182443439898e-06,-8.5669773189056717e-07,5.3670159762345569e-06,-0,0,0,0.00015780175907263407,0,0.13548618601068141,0.00099231947368131485,0.068239252742181358,0.06724693326850005,0,0,0,0,0,0,0,0,0,False,1,106999.24354526134,team09-risk-none,0,1,0.018464674913453827,0.024702103100631419,
2021-06-29T16:00:00Z,0.00010669120201125984,-0.00057878042852468892,0.00068547163053594865,6.6222200729155764e-06,-4.9162372773920054e-07,7.113843800654776e-06,-0,0,0,0.00011331342208417542,0,0.14344305383672404,0.0011671200061734131,0.072305086921448714,0.071137966915275297,0,0,0,0,0,0,0,0,0,False,1,107011.36799570787,team09-risk-none,0,1,0.018307713688558103,0.024595071662706573,
2021-06-30T00:00:00Z,0.00085162347036984662,0.00051814743476708035,0.00033347603560276643,6.2712529818615358e-06,-7.7340983299111501e-07,7.0446628148526501e-06,-0,0,0,0.00085789472335170817,0,0.14214423818829175,0.0012518654629513123,0.071698051825621528,0.070446186362670221,0,0,0,0,0,0,0,0,0,False,1,107103.17248365004,team09-risk-none,0,1,0.018196819354607929,0.024418699613386285,
2021-06-30T08:00:00Z,0.00074039534831840301,-0.0035478877773672379,0.0042882831256856411,5.6090700536231138e-06,-1.3949692776243279e-06,7.0040393312474419e-06,-0,0,0,0.00074600441837202613,0,0.14218782241330596,0.002107821506895341,0.072147821960100653,0.070040000453205312,0,0,0,0,0,0,0,0,0,False,1,107183.0719235445,team09-risk-none,0,1,0.017355186273532719,0.024653735049107478,
2021-06-30T16:00:00Z,-0.0013800871228916104,0.004790038152081174,-0.0061701252749727835,2.1482166252274547e-06,-4.4235806846169959e-06,6.571797309844451e-06,-0,0,0,-0.0013779389062663829,0,0.13427228598841418,0.0028366221438034071,0.068554454066108786,0.065717831922305375,0,0,0,0,0,0,0,0,0,False,1,107035.38019864789,team09-risk-none,0,1,0.016625532208389582,0.024377237596997944,
2021-07-01T00:00:00Z,0.00022808233663678356,-0.0047962378181980536,0.0050243201548348364,1.4580505345177654e-06,-5.1551755031971647e-06,6.6132260377149296e-06,-0,0,0,0.00022954038717130131,0,0.14543709464511984,0.0014777487669758987,0.073457421706047882,0.071979672939071981,0,0,0,0,0,0,0,0,0,False,1,107059.94914125971,team09-risk-none,0,1,0.017981239902049251,0.024785603045675987,
2021-07-01T08:00:00Z,0.00043881399744857981,0.00069137028926579195,-0.00025255629181721202,5.0820746128231282e-07,-3.1307171127708209e-06,3.6389245740531335e-06,-0,0,0,0.00043932220490986216,0,0.13556670916971814,0.001677079741254129,0.068621894455486152,0.066944814714232012,0,0,0,0,0,0,0,0,0,False,1,107106.98295417399,team09-risk-none,0,1,0.017756759912110565,0.02481047451084023,
2021-07-01T16:00:00Z,-8.595402950303677e-05,-0.00034211630355111627,0.00025616227404807947,3.7639125042706615e-06,5.9334780044945608e-07,3.170564703821205e-06,-0,0,0,-8.2190116998766114e-05,0,0.13649589457343628,0.0021201562034465216,0.069308025388441399,0.067187869184994878,0,0,0,0,0,0,0,0,0,False,1,107098.1798187136,team09-risk-none,0,1,0.017322039348567131,0.024381982819889025,
2021-07-02T00:00:00Z,0.00043728834052186258,-0.0010658398623760604,0.0015031282028979229,-1.1864650527724107e-06,-4.8602462508658205e-06,3.6737811980934109e-06,-0,5.4865554592918556e-05,2.7432777296459278e-05,0.0003538035435797123,0.054865554592918551,0.1326847314878018,3.4694469519536142e-18,0.0663423657439009,0.0663423657439009,5876.0010316458392,0,0,0,0,0,0,0,0,False,1,107136.0715342444,team09-risk-none,0,1,0.017407669973914741,0.023505003943962325,
2021-07-02T08:00:00Z,0.00080282863426446626,0.0018421177788413429,-0.0010392891445768766,4.8983188511846912e-08,-1.2290025783146281e-06,1.2779857668264752e-06,-0,0,0,0.0008028776174529782,0,0.12997412842956757,0.00045087067830745092,0.065212499553937514,0.06476162887563007,0,0,0,0,0,0,0,0,0,False,1,107222.08868810108,team09-risk-none,0,1,0.017058810952753412,0.023512803114930352,
2021-07-02T16:00:00Z,9.6767724892007779e-05,0.00067738273784067791,-0.00058061501294867006,-7.4125663657149454e-07,3.9295268382366292e-06,-4.6707834748081222e-06,-0,0,0,9.6026468255436289e-05,0,0.13273417353690264,0.0012568137586745128,0.06699549364778859,0.065738679889114068,0,0,0,0,0,0,0,0,0,False,1,107232.38484659677,team09-risk-none,0,1,0.016270406855672714,0.023579601153458109,
2021-07-03T00:00:00Z,-0.00017522696387813172,0.001110090875488054,-0.0012853178393661857,-8.665692811502188e-07,-2.2891483291728308e-06,1.4225790480226121e-06,-0,0,0,-0.00017609353315928194,0,0.13397752768437038,0.0013453320309119478,0.067661429857641162,0.066316097826729217,0,0,0,0,0,0,0,0,0,False,1,107213.50191708004,team09-risk-none,0,1,0.016176066062810412,0.02334488642736389,
2021-07-03T08:00:00Z,-1.9215426025330368e-05,0.00075713656382268705,-0.00077635198984801746,2.5648356987196202e-06,3.4239390824113458e-07,2.2224417904784854e-06,-0,0,0,-1.665059032661075e-05,0,0.13638401252550628,0.0011765908967667806,0.068780301711136527,0.06760371081436975,0,0,0,0,0,0,0,0,0,False,1,107211.71674898213,team09-risk-none,0,1,0.016345935788546817,0.023071624542354202,
2021-07-03T16:00:00Z,-7.0334683447934078e-05,-0.00035642879249742667,0.00028609410904949261,7.5164337871954797e-07,-4.2424167384549022e-06,4.9940601171744484e-06,-0,0,0,-6.9583040069214535e-05,0,0.13790956835171486,0.0011758248088627951,0.069542696580288832,0.06836687177142603,0,0,0,0,0,0,0,0,0,False,1,107204.2566317997,team09-risk-none,0,1,0.016364097729116289,0.022870620693634491,
2021-07-04T00:00:00Z,2.3292207804678298e-05,0.0024310146857134127,-0.0024077224779087344,-2.0908915425980282e-07,-6.1153505779150019e-06,5.9062614236551986e-06,-0,0,0,2.3083118650418496e-05,0,0.13727830287547135,0.0010839558962140589,0.069181129385842699,0.068097173489628654,0,0,0,0,0,0,0,0,0,False,1,107206.73124037536,team09-risk-none,0,1,0.016433487050062423,0.022492280823281741,
2021-07-04T08:00:00Z,-0.00018637208633737374,0.00011625547919756347,-0.00030262756553493727,2.7601783618251037e-06,-1.5024788950088547e-06,4.262657256833958e-06,-0,0,0,-0.00018361190797554864,0,0.14211647896791735,0.0011031753301257944,0.07160982714902156,0.070506651818895774,0,0,0,0,0,0,0,0,0,False,1,107187.04680790449,team09-risk-none,0,1,0.01640786272742234,0.022222540600294743,
2021-07-04T16:00:00Z,-0.00025732747997227401,-0.00085397811510670816,0.0005966506351344342,2.5086416581954125e-07,-6.5063433601709131e-06,6.7572075259904546e-06,-0,0,0,-0.00025707661580645446,0,0.14251488662260731,0.00095254990613571379,0.071733718264371513,0.070781168358235794,0,0,0,0,0,0,0,0,0,False,1,107159.49152465283,team09-risk-none,0,1,0.016590929638138241,0.022183788651920319,
2021-07-05T00:00:00Z,0.00064539950904150172,-0.0011415066722797256,0.0017869061813212273,5.8038160218800552e-06,-1.2208836003095783e-06,7.024699622189635e-06,-0,5.7380109816928178e-05,2.8690054908464089e-05,0.00056513316033798952,0.057380109816928183,0.13992490442667524,1.0408340855860843e-17,0.069962452213337634,0.06996245221333762,6148.8233916107638,0,0,0,0,0,0,0,0,False,1,107220.05090675836,team09-risk-none,0,1,0.016838281695897406,0.022061898732304751,
2021-07-05T08:00:00Z,-0.00013866235234663549,-0.0020913541794462362,0.0019526918270996007,3.1615621734709675e-06,-1.3029060897251532e-06,4.4644682631961211e-06,-0,0,0,-0.00013550079017316452,0,0.13690640903083762,0.0006418755032591289,0.06877414226704838,0.068132266763789251,0,0,0,0,0,0,0,0,0,False,1,107205.52250513808,team09-risk-none,0,1,0.016285263622739188,0.02203280182179497,
2021-07-05T16:00:00Z,-0.0011229356316739805,0.00032824327174556971,-0.0014511789034195503,2.3100891511062707e-06,1.6541156084112064e-06,6.5597354269506391e-07,-0,0,0,-0.0011206255425228742,0,0.13289988982004641,0.0004920989320613342,0.066695994376053863,0.06620389544399255,0,0,0,0,0,0,0,0,0,False,1,107085.38525831932,team09-risk-none,0,1,0.01641939523723901,0.022026355843980067,
2021-07-06T00:00:00Z,-0.0021579229651571231,0.0031551577854288908,-0.0053130807505860139,2.54989065965298e-07,-7.8885071037020306e-07,1.043839776335501e-06,-0,0,0,-0.0021576679760911578,0,0.13478549027895886,-0.00061663030136552277,0.067084429988796671,0.067701060290162193,0,0,0,0,0,0,0,0,0,False,1,106854.33055184006,team09-risk-none,0,1,0.017523639872802588,0.022262451608887825,
2021-07-06T08:00:00Z,-0.00013366707510777692,-0.00085345729336946887,0.00071979021826169202,5.7825819259971203e-06,-7.6704665430360378e-07,6.5496285803007245e-06,-0,0,0,-0.0001278844931817798,0,0.14358064149168404,-0.00276826959481212,0.070406185948435951,0.073174455543248071,0,0,0,0,0,0,0,0,0,False,1,106840.66553993316,team09-risk-none,0,1,0.019638078642094881,0.023422252639809269,
2021-07-06T16:00:00Z,-0.00051652663956948158,0.00030996075707476949,-0.00082648739664425118,-2.0483178307198417e-06,-4.1890375854844066e-06,2.1407197547645649e-06,-0,0,0,-0.00051857495740020149,0,0.1420123359392369,-0.0029072353233952838,0.069552550307920818,0.072459785631316095,0,0,0,0,0,0,0,0,0,False,1,106785.26064635218,team09-risk-none,0,1,0.019771127819302126,0.023339309201382247,
2021-07-07T00:00:00Z,-0.0019207762226677463,0.0011210494225851991,-0.0030418256452529454,3.3339278530210624e-06,-2.07728551496591e-06,5.411213367986972e-06,-0,0,0,-0.0019174422948147253,0,0.14327773069794925,-0.00343751349387586,0.069920108602036693,0.073357622095912553,0,0,0,0,0,0,0,0,0,False,1,106580.50607112604,team09-risk-none,0,1,0.020274176857433046,0.023286740740089695,
2021-07-07T08:00:00Z,-0.00069020177567518997,-0.00026919105244435762,-0.00042101072323083246,1.9911101385973971e-06,-1.501043303492196e-06,3.4921534420895933e-06,-0,0,0,-0.00068821066553659261,0,0.14764909751485855,-0.0053557589998545381,0.071146669257501988,0.076502428257356536,0,0,0,0,0,0,0,0,0,False,1,106507.15623010961,team09-risk-none,0,1,0.022154057654287684,0.023739056848412963,
2021-07-07T16:00:00Z,0.00063289489291732987,-0.00072372069346350978,0.0013566155863808395,-3.3245116616442173e-07,-7.0924375939466893e-06,6.7599864277822685e-06,-0,0,0,0.00063256244175116552,0,0.14795409408261634,-0.006105295045883901,0.070924399518366224,0.077029694564250129,0,0,0,0,0,0,0,0,0,False,1,106574.5286569185,team09-risk-none,0,1,0.022829292177861338,0.023824211706386957,
2021-07-08T00:00:00Z,-0.0005998525799977652,-0.0042391281447681879,0.0036392755647704227,3.368049361254303e-06,-1.615901472419634e-06,4.9839508336739366e-06,-0,9.0958317198726384e-05,4.5479158599363192e-05,-0.00073292200643460057,0.090958317198726379,0.14164350994722835,-1.5612511283791264e-17,0.070821754973614176,0.070821754973614176,9693.8397828807465,0,0,0,0,0,0,0,0,False,1,106496.41783954045,team09-risk-none,0,1,0.022207552379632345,0.023842992001730529,
2021-07-08T08:00:00Z,-2.7424737146416126e-05,0.00042939079916486675,-0.00045681553631128288,6.114658374166599e-07,-1.9010662525811843e-06,2.5125320899978441e-06,-0,0,0,-2.6813271308999466e-05,0,0.13388153654696069,-0.00060068825134767731,0.066640424147806507,0.067241112399154188,0,0,0,0,0,0,0,0,0,False,1,106493.56232219547,team09-risk-none,0,1,0.022926891364204782,0.02388440750434492,
2021-07-08T16:00:00Z,-0.00018310430109381764,-0.0017516549872545852,0.0015685506861607677,-1.5131618944385526e-06,-5.4084906494463392e-06,3.8953287550077859e-06,-0,0,0,-0.0001846174629882562,0,0.13473770255580328,-0.00063629735214907994,0.067050702601827106,0.067686999953976174,0,0,0,0,0,0,0,0,0,False,1,106473.90175089496,team09-risk-none,0,1,0.022955165750246476,0.023855300714767554,
2021-07-09T00:00:00Z,-0.00014223152146421202,0.00022161809340761173,-0.00036384961487182383,-1.6442600415775321e-06,-1.1993505838360843e-06,-4.449094577414474e-07,-0,0,0,-0.00014387578150578954,0,0.13142960319410912,-0.00079142881576553352,0.065319087189171787,0.066110516004937322,0,0,0,0,0,0,0,0,0,False,1,106458.58273507058,team09-risk-none,0,1,0.023135673354085395,0.023228114640618573,
2021-07-09T08:00:00Z,-0.0020860432948900899,0.0017204263204963635,-0.0038064696153864534,3.4385314045735287e-06,2.6424846604539986e-06,7.960467441195293e-07,-0,0,0,-0.0020826047634855166,0,0.13198734743511709,-0.0009440361732105506,0.065521655630953274,0.066465691804163812,0,0,0,0,0,0,0,0,0,False,1,106236.87158355261,team09-risk-none,0,1,0.023271255981072048,0.023227946990611426,
2021-07-09T16:00:00Z,-0.00058525333397873029,-0.00073229716818775444,0.00014704383420902412,8.9200591142206132e-06,5.079611416418449e-06,3.8404476978021641e-06,-0,0,0,-0.00057633327486450968,0,0.13783093982132072,-0.0030331162339485209,0.067398911793686109,0.070432028027634624,0,0,0,0,0,0,0,0,0,False,1,106175.6437394415,team09-risk-none,0,1,0.02530005311888972,0.024164939171490284,
2021-07-10T00:00:00Z,0.00022040896824188026,-0.00057498558399573098,0.00079539455223761127,1.0505523056060719e-05,4.9442139417215277e-06,5.5613091143391921e-06,-0,0,0,0.00023091449129794097,0,0.13703832910106942,-0.0036425568809334685,0.066697886110067967,0.070340442991001451,0,0,0,0,0,0,0,0,0,False,1,106200.16123420383,team09-risk-none,0,1,0.025860260684080094,0.024203530869994515,
2021-07-10T08:00:00Z,0.00031161862356603946,-0.00065391384133694022,0.00096553246490297968,1.0486718362196853e-05,4.2933582954333169e-06,6.1933600667635346e-06,-0,0,0,0.00032210534192823637,0,0.13562587119410341,-0.0034052060723120288,0.066110332560895685,0.069515538633207724,0,0,0,0,0,0,0,0,0,False,1,106234.36887345101,team09-risk-none,0,1,0.025635336024159905,0.024242698822550292,
2021-07-10T16:00:00Z,-1.6479596123576499e-05,-0.00046435863716800017,0.00044787904104442376,8.4904587478228949e-06,2.2800460088857786e-06,6.2104127389371167e-06,-0,0,0,-7.9891373757536061e-06,0,0.13400863008450806,-0.0031135912240736509,0.065447519430217205,0.068561110654290852,0,0,0,0,0,0,0,0,0,False,1,106233.52015248405,team09-risk-none,0,1,0.025323433651853744,0.024281652539188681,
2021-07-11T00:00:00Z,4.4136256586962634e-05,-0.00020452463988586617,0.0002486608964728288,9.0866330842666245e-06,2.4462160003840502e-06,6.6404170838825738e-06,-0,9.5065829713110241e-05,4.7532914856555121e-05,-8.937585489843609e-05,0.095065829713110242,0.14076587900620843,-1.7347234759768071e-18,0.070382939503104203,0.070382939503104217,10099.177736640315,0,0,0,0,0,0,0,0,False,1,106224.02544080156,team09-risk-none,0,1,0.025330639409259836,0.024264565014696451,
2021-07-11T08:00:00Z,2.5105378246671459e-05,0.0013110606807497202,-0.001285955302503049,8.1347760549063068e-06,1.1220715725149539e-06,7.0127044823913527e-06,-0,0,0,3.3240154301577768e-05,0,0.1402817035599791,2.8754838480948494e-05,0.070155229199230021,0.070126474360749078,0,0,0,0,0,0,0,0,0,False,1,106227.55634379775,team09-risk-none,0,1,0.025418678971140807,0.024129527182622845,
2021-07-11T16:00:00Z,-4.9412798038439971e-05,7.2540047805099633e-06,-5.6666802818949946e-05,6.6163013145801659e-06,2.3137808663927921e-07,6.3849232279408852e-06,-0,0,0,-4.2796496723859806e-05,0,0.14293254897507263,7.8931025573884123e-05,0.071505740000323254,0.071426808974749359,0,0,0,0,0,0,0,0,0,False,1,106223.0101765307,team09-risk-none,0,1,0.025387763651921191,0.02364668563899789,
2021-07-12T00:00:00Z,-0.00032796969253177374,0.00071230951503462796,-0.0010402792075664019,7.9841804172898015e-06,1.0379062823978446e-06,6.9462741348919573e-06,-0,9.4247311239475538e-06,4.7123655619737769e-06,-0.00033412260880040523,0.009424731123947554,0.13351727241566241,0.0094461777861083469,0.071481725100885379,0.062035547314777027,1001.1233100901468,0,0,0,0,0,0,0,0,False,1,106187.51866725589,team09-risk-none,0.009424731123947554,1,0.025428140555464052,0.02341563197696301,
2021-07-12T08:00:00Z,-0.00064103235436636181,-0.002242836802859765,0.0016018044484934033,-2.0575407197390916e-07,-5.9004787177187509e-06,5.694724645744842e-06,-0,0,0,-0.00064123810843833581,0,0.13536019254351589,0.0091183479022557967,0.072239270222885843,0.063120922320630032,0,0,0,0,0,0,0,0,0,False,1,106119.42718364594,team09-risk-none,0,1,0.025761745996724095,0.023334402326015604,
2021-07-12T16:00:00Z,-8.0791574070177171e-05,-0.0012160292523316657,0.0011352376782614883,1.1545813813098239e-06,-5.0017915057049916e-06,6.1563728870148151e-06,-0,0,0,-7.963699268886734e-05,0,0.13160516148947476,0.0084778459096845633,0.070041503699579649,0.061563657789895102,0,0,0,0,0,0,0,0,0,False,1,106110.97615159917,team09-risk-none,0,1,0.02638514025060712,0.023226953661746146,
2021-07-13T00:00:00Z,0.00015229053005792699,-0.00028712553965542549,0.00043941606971335248,1.7436714037188312e-06,-2.4976164091561223e-06,4.2412878128749535e-06,-0,0,0,0.00015403420146164584,0,0.1293005837546829,0.0084227278308579255,0.068861655792770413,0.060438927961912484,0,0,0,0,0,0,0,0,0,False,1,106127.320871077,team09-risk-none,0,1,0.026462102509612895,0.023055495798696209,
2021-07-13T08:00:00Z,-1.5861549658732744e-05,-0.00079369232208078167,0.00077783077242204893,3.2480789436724843e-06,-2.653240544002746e-06,5.9013194876752299e-06,-0,0,0,-1.2613470715060257e-05,0,0.12849129889236416,0.0085605095185674746,0.068525904205465824,0.059965394686898356,0,0,0,0,0,0,0,0,0,False,1,106125.98223722313,team09-risk-none,0,1,0.026310679556182826,0.023082412544509857,
2021-07-13T16:00:00Z,-0.0010333046242395774,-0.0019596700124483455,0.00092636538820876815,-1.7466947363571012e-06,-6.7729153854700273e-06,5.0262206491129265e-06,-0,0,0,-0.0010350513189759346,0,0.1269114589074406,0.0085470854066863073,0.067729272157063453,0.05918218675037714,0,0,0,0,0,0,0,0,0,False,1,106016.13639933088,team09-risk-none,0,1,0.026327824438561853,0.022858474923852162,
2021-07-14T00:00:00Z,0.0002656661758908253,-0.0027514977880488531,0.0030171639639396779,1.7115988120975127e-06,-4.1227187134411144e-06,5.8343175255386284e-06,-0,7.6858364741552542e-05,3.8429182370776271e-05,0.00015209022759059398,0.076858364741552554,0.14029098738284451,-5.2041704279304213e-18,0.070145493691422242,0.070145493691422256,8148.2268798699579,0,0,0,0,0,0,0,0,False,1,106032.26041764412,team09-risk-none,0,1,0.027332261343318898,0.023063878208771187,
2021-07-14T08:00:00Z,0.00079954005216692633,0.0035493741045460768,-0.0027498340523791501,1.746799410743081e-06,1.4013979518903364e-06,3.4540145885274492e-07,-0,0,0,0.0008012868515776695,0,0.13445967485618884,0.00028715011508992187,0.067373412485639383,0.06708626237054946,0,0,0,0,0,0,0,0,0,False,1,106117.22267375984,team09-risk-none,0,1,0.027184293841941209,0.022467633272147392,
2021-07-14T16:00:00Z,2.226179695822491e-05,-8.6149632303197056e-05,0.00010841142926142198,1.2239477886517819e-05,8.8185396813323069e-06,3.4209382051855105e-06,-0,0,0,3.4501274844742736e-05,0,0.14065526771118853,0.0010684623853260255,0.070861865048257269,0.069793402662931242,0,0,0,0,0,0,0,0,0,False,1,106120.88385322507,team09-risk-none,0,1,0.026394573803922849,0.022435461544362902,
2021-07-15T00:00:00Z,0.00014276651195688485,-0.001472283578428835,0.0016150500903857202,3.1463376905639736e-06,-3.6269446971154982e-06,6.7732823876794718e-06,-0,0,0,0.00014591284964744883,0,0.14048782191893408,0.0011100653017225969,0.070798943610328346,0.069688878308605734,0,0,0,0,0,0,0,0,0,False,1,106136.3682537952,team09-risk-none,0,1,0.026369836503243538,0.022439728118536124,
2021-07-15T08:00:00Z,0.00034361304337511903,-0.0013743280299772724,0.0017179410733523914,-8.1983333567680457e-06,-2.2863702744477456e-06,-5.9119630823202987e-06,-0,0,0,0.00033541471001835094,0,0.13735924121432558,0.0012537802621517442,0.069306510738238652,0.068052730476086912,0,0,0,0,0,0,0,0,0,False,1,106171.96795297545,team09-risk-none,0,1,0.02623881844243614,0.02221386101119794,
2021-07-15T16:00:00Z,-0.00021637801450963658,-1.0508199683618109e-05,-0.00020586981482601839,-1.1943823401625133e-06,5.6114293775332529e-07,-1.755525277915839e-06,-0,0,0,-0.00021757239684979909,0,0.13426445145255106,0.0015876839154657894,0.06792606768400844,0.066338383768542647,0,0,0,0,0,0,0,0,0,False,1,106148.86786342967,team09-risk-none,0,1,0.025905382098958873,0.022267396724495018,
2021-07-16T00:00:00Z,-0.00048226676331131386,-0.00080670726761496701,0.00032444050430365309,9.4862730130197117e-06,3.4590698630000687e-06,6.027203150019643e-06,-0,0,0,-0.00047278049029829411,0,0.13436725946462499,0.0013744921944371588,0.06787087582953108,0.066496383635093928,0,0,0,0,0,0,0,0,0,False,1,106098.68274963659,team09-risk-none,0,1,0.026106916482031561,0.021369662697585372,
2021-07-16T08:00:00Z,0.00077848035517638246,0.00075190489762346001,2.6575457552922578e-05,7.2784953638955477e-06,8.4644120469460188e-07,6.4320541592009451e-06,-0,0,0,0.00078575885054027797,0,0.13330893240151029,0.00090582406625854157,0.067107378233884407,0.066201554167625867,0,0,0,0,0,0,0,0,0,False,1,106182.05072863778,team09-risk-none,0,1,0.026569503234006753,0.021105206912316796,
2021-07-16T16:00:00Z,-3.2566762067873032e-05,-0.0030617591237498067,0.003029192361681934,1.0107675397345015e-05,7.2939926283850543e-06,2.8136827689599628e-06,-0,0,0,-2.245908667052802e-05,0,0.13397249634883113,0.0016657760025504953,0.067819136175690797,0.066153360173140302,0,0,0,0,0,0,0,0,0,False,1,106179.66597675762,team09-risk-none,0,1,0.025801865451734463,0.02128150375595585,
2021-07-17T00:00:00Z,-0.00032321922019708878,-0.00040204214875084446,7.8822928553755667e-05,2.1479970940550727e-06,-2.3494101533354053e-06,4.497407247390478e-06,-0,7.5137222049004329e-05,3.7568611024502164e-05,-0.00043377705617654024,0.075137222049004332,0.14159470968039253,-3.4694469519536142e-18,0.070797354840196267,0.070797354840196267,7978.0451395847476,0,0,0,0,0,0,0,0,False,1,106133.60767382442,team09-risk-none,0,1,0.025831499103297184,0.021271453184258906,
2021-07-17T08:00:00Z,-0.00023660833450287399,0.00016393223123112931,-0.00040054056573400327,1.2342920344993865e-05,9.9783159712215485e-06,2.3646043737723143e-06,-0,0,0,-0.0002242654141578801,0,0.14114908493848621,-0.00033088842690195616,0.070409098255792141,0.070739986682694073,0,0,0,0,0,0,0,0,0,False,1,106109.80557634338,team09-risk-none,0,1,0.02624414380414819,0.021296134443478075,
2021-07-17T16:00:00Z,0.0001685622784887072,0.00027821368877674254,-0.00010965141028803534,1.0970366737601233e-05,7.3363156191578145e-06,3.63405111844342e-06,-0,0,0,0.00017953264522630843,0,0.14178261129304787,-0.00057537393578464824,0.070603618678631602,0.07117899261441625,0,0,0,0,0,0,0,0,0,False,1,106128.85575042295,team09-risk-none,0,1,0.026463859780408994,0.021139611550123928,
2021-07-18T00:00:00Z,-4.4329702579155697e-05,0.0012404258570712311,-0.0012847555596503866,7.2452650983790626e-06,1.9479617968520623e-06,5.2973033015270003e-06,-0,0,0,-3.7084437480776634e-05,0,0.14205712538788604,-0.00038643667009102822,0.07083534435889749,0.071221781028988532,0,0,0,0,0,0,0,0,0,False,1,106124.92002150697,team09-risk-none,0,1,0.026292705394291627,0.0210512208461292,
2021-07-18T08:00:00Z,-0.00013102503962737885,-0.0014216235744110581,0.0012905985347836792,9.2066272723571488e-06,5.2041990881430081e-06,4.002428184214139e-06,-0,0,0,-0.0001218184123550217,0,0.1446465779414218,-0.00044688371347800793,0.072099847113971896,0.072546730827449904,0,0,0,0,0,0,0,0,0,False,1,106111.99205223865,team09-risk-none,0,1,0.026326905073586704,0.020637410822558502,
2021-07-18T16:00:00Z,-0.00082906155827135197,0.00032020214672156411,-0.001149263704992916,5.4246823893792161e-06,4.8869440571090976e-06,5.3773833227011847e-07,-0,0,0,-0.00082363687588197273,0,0.1419878042894761,-0.00058352472997671642,0.070702139779749706,0.071285664509726426,0,0,0,0,0,0,0,0,0,False,1,106024.59430261113,team09-risk-none,0,1,0.026449198279663189,0.020585868124761496,
2021-07-19T00:00:00Z,0.00040940899012321361,-0.000478758360417071,0.00088816735054028466,9.2538692441615735e-06,2.455692442335389e-06,6.7981768018261845e-06,-0,8.827565675544716e-06,4.413782837772358e-06,0.00040542151085405821,0.0088275656755447164,0.13469970252198687,-0.010226516624255381,0.062236592948865743,0.072463109573121118,935.9390694292839,0,0,0,0,0,0,0,0,False,1,106067.57895382099,team09-risk-none,0.0088275656755447164,1,0.027247325803220646,0.020579556782448324,
2021-07-19T08:00:00Z,0.0013055388217857815,-0.0025009513145531188,0.0038064901363388994,7.8645991532284599e-06,2.2181212542892272e-06,5.6464778989392343e-06,-0,0,0,0.0013134034209390099,0,0.13329717193637269,-0.0098066109086313441,0.061745280513870682,0.071551891422502026,0,0,0,0,0,0,0,0,0,False,1,106206.88847486966,team09-risk-none,0,1,0.02685430289593882,0.020487149229360659,
2021-07-19T16:00:00Z,0.0004810780016247198,-0.00016216505303069608,0.00064324305465541577,7.4123174337662101e-06,6.7410372044928946e-06,6.7128022927331487e-07,-0,0,0,0.00048849031905848596,0,0.1268140050015808,-0.0084931297516289625,0.059160437624975921,0.067653567376604884,0,0,0,0,0,0,0,0,0,False,1,106258.76951170695,team09-risk-none,0,1,0.025576610718909598,0.021055231705858758,
2021-07-20T00:00:00Z,5.776234496398951e-05,-0.0034059271283229595,0.003463689473286949,1.7086757197154133e-06,2.6843391057979691e-06,-9.7566338608255584e-07,-0,6.1862362942086593e-05,3.0931181471043297e-05,-3.3322523729424965e-05,0.0618623629420866,0.14141165421903745,1.3877787807814457e-17,0.07070582710951874,0.070705827109518726,6573.4185653127415,0,0,0,0,0,0,0,0,False,1,106255.22870133843,team09-risk-none,0,1,0.025106174762169031,0.021041186502747795,
2021-07-20T08:00:00Z,0.00022713878566370742,0.00076561326373027975,-0.00053847447806657227,1.7681481029739843e-05,2.3946481631643626e-05,-6.2650006019037843e-06,-0,0,0,0.00024482026669344725,0,0.13457964631917485,5.8156791091376614e-05,0.067318901555133093,0.06726074476404173,0,0,0,0,0,0,0,0,0,False,1,106281.24213476667,team09-risk-none,0,1,0.025123089441023372,0.020695167751776874,
2021-07-20T16:00:00Z,-7.0313663454424688e-05,-0.00081215110179770102,0.00074183743834327625,1.1815775904013692e-05,1.3926728632451461e-05,-2.1109527284377693e-06,-0,0,0,-5.8497887550410987e-05,0,0.13585836071761986,0.00028667301577279397,0.068072516866696325,0.067785843850923511,0,0,0,0,0,0,0,0,0,False,1,106275.02490661555,team09-risk-none,0,1,0.024890139455112203,0.020704706025126425,
2021-07-21T00:00:00Z,0.00097484109513618522,0.0043030689850159518,-0.0033282278898797675,9.2259473757267979e-06,1.4646023152450097e-05,-5.4200757767233003e-06,-0,0,0,0.0009840670425119121,0,0.13426929492866849,0.00022847447824338868,0.067248884703455927,0.067020410225212546,0,0,0,0,0,0,0,0,0,False,1,106379.60665606828,team09-risk-none,0,1,0.02494970651185302,0.020695252725314261,
2021-07-21T08:00:00Z,-0.00095555658058500811,0.0031158197561706089,-0.0040713763367556163,1.1931409392679359e-05,2.1232839122969354e-05,-9.3014297302899975e-06,-0,0,0,-0.00094362517119232867,0,0.14179336153703181,0.0011872164418514075,0.071490288989441597,0.07030307254759019,0,0,0,0,0,0,0,0,0,False,1,106279.22418152608,team09-risk-none,0,1,0.023987551120136508,0.020756914698660808,
2021-07-21T16:00:00Z,0.00076904354891924086,0.000468681734390117,0.0003003618145291238,1.0016809590494821e-05,1.961541003569452e-05,-9.5986004451996987e-06,-0,0,0,0.00077906035850973561,0,0.14909354741142891,0.0002341925230633507,0.074663869967246124,0.074429677444182774,0,0,0,0,0,0,0,0,0,False,1,106362.02211201907,team09-risk-none,0,1,0.024910407921936439,0.020983839104707986,
2021-07-22T00:00:00Z,-0.0006432695920209529,0.00049487388376684232,-0.0011381434757877953,4.0651028132673695e-06,-1.8645719952622864e-07,4.251560012793599e-06,-0,0,0,-0.00063920448920768563,0,0.14910171422592439,0.0010043665566639576,0.075053040391294179,0.074048673834630221,0,0,0,0,0,0,0,0,0,False,1,106294.03503000386,team09-risk-none,0,1,0.024156562185145614,0.021192131343102601,
2021-07-22T08:00:00Z,-0.00055382445063788374,0.0015120143926020749,-0.0020658388432399587,1.365503580795643e-06,-4.9387599323040136e-06,6.3042635130996568e-06,-0,0,0,-0.00055245894705708805,0,0.15089022242059452,0.00036023207679525965,0.075625227248694887,0.075264995171899635,0,0,0,0,0,0,0,0,0,False,1,106235.31193933274,team09-risk-none,0,1,0.024782958382942866,0.021244545250844515,
2021-07-22T16:00:00Z,-0.00051388075758366321,-0.00024865615613415794,-0.00026522460144950532,3.3925387785707813e-07,-5.7613429606864365e-06,6.1005968385435159e-06,-0,0,0,-0.00051354150370580608,0,0.15454889134058092,-0.00019361043620473584,0.077177640452188098,0.077371250888392834,0,0,0,0,0,0,0,0,0,False,1,106180.75569749276,team09-risk-none,0,1,0.025322726024830211,0.021284975447427253,
2021-07-23T00:00:00Z,6.5193434811545693e-05,0.0010551272491900767,-0.00098993381437853111,8.3107931925994994e-06,8.8811967551072341e-07,7.4226735170887755e-06,-0,0.00011033607333328679,5.5168036666643393e-05,-9.1999881995784999e-05,0.11033607333328678,0.14125380659582257,-5.2041704279304213e-18,0.07062690329791127,0.070626903297911284,11715.567647222369,0,0,0,0,0,0,0,0,False,1,106170.98708049837,team09-risk-none,0,1,0.025815497572213464,0.021269569865037478,
2021-07-23T08:00:00Z,0.00024010524435208916,-0.0018818916995972518,0.0021219969439493407,1.691814114114471e-06,-3.6175379045782926e-06,5.3093520186927643e-06,-0,0,0,0.00024179705846620362,0,0.14309596705658176,0.00012216222273203972,0.071609064639656897,0.071486902416924875,0,0,0,0,0,0,0,0,0,False,1,106196.65891286888,team09-risk-none,0,1,0.025911569891510444,0.021015965817025712,
2021-07-23T16:00:00Z,0.00050728194387646911,0.003803143235365394,-0.0032958612914889252,9.6590158878142016e-08,-6.847261831291889e-06,6.9438519901700311e-06,-0,0,0,0.00050737853403534725,0,0.13918413038235167,0.00030710399310511331,0.069745617187728398,0.069438513194623297,0,0,0,0,0,0,0,0,0,False,1,106250.54081798754,team09-risk-none,0,1,0.025677592436718855,0.02104400131851036,
2021-07-24T00:00:00Z,-0.00072266007998016005,0.00012141149741626134,-0.00084407157739642131,3.0303107580963168e-06,-3.2223948933330413e-06,6.2527056514293582e-06,-0,0,0,-0.00071962976922206371,0,0.14622949298196805,0.00081740994528527872,0.073523451463626668,0.072706041518341369,0,0,0,0,0,0,0,0,0,False,1,106174.07976581897,team09-risk-none,0,1,0.025180382322165018,0.021138023342363477,
2021-07-24T08:00:00Z,-0.00051507107299613797,-0.00013108787793586962,-0.00038398319506026835,4.8671312141695619e-07,-5.8859451392856485e-06,6.3726582607026051e-06,-0,0,0,-0.00051458435987472096,0,0.14734490003736911,0.00010715690209709555,0.073726028469733113,0.07361887156763601,0,0,0,0,0,0,0,0,0,False,1,106119.44424494739,team09-risk-none,0,1,0.025884369295677834,0.021072976037461874,
2021-07-24T16:00:00Z,0.0012634622985684229,0.0014780497375850065,-0.00021458743901658385,2.4508498677748777e-06,-4.7141357725640579e-06,7.1649856403389356e-06,-0,0,0,0.0012659131484361978,0,0.14767307092842061,-0.00039499312712456582,0.073639038900648032,0.074034032027772589,0,0,0,0,0,0,0,0,0,False,1,106253.78224472181,team09-risk-none,0,1,0.026383721653125303,0.021123569836600836,
2021-07-25T00:00:00Z,-0.0007065873725183256,-0.00025637732340572799,-0.00045021004911259777,1.8393225831162887e-06,-5.5749086430575998e-06,7.4142312261738887e-06,-0,0,0,-0.00070474804993520934,0,0.14912909102588173,0.00084473924516091821,0.074986915135521331,0.074142175890360415,0,0,0,0,0,0,0,0,0,False,1,106178.9000988866,team09-risk-none,0,1,0.025151804150008172,0.021607187864921582,
2021-07-25T08:00:00Z,0.00022215797125847166,-0.0022730824086875999,0.0024952403799460717,7.5505404970612886e-07,-6.3537178401176717e-06,7.108771889823801e-06,-0,0,0,0.00022291302530817779,0,0.14945348460431185,0.00013432207022913596,0.074793903337270498,0.074659581267041364,0,0,0,0,0,0,0,0,0,False,1,106202.56875873153,team09-risk-none,0,1,0.025839882765380295,0.021278435302954635,
2021-07-25T16:00:00Z,6.5474373618248073e-06,0.0021832603109265018,-0.0021767128735646767,3.3688939218661847e-06,-3.7290184099800247e-06,7.0979123318462098e-06,-0,0,0,9.916331283690992e-06,0,0.14465821372085155,0.00035627259962749472,0.072507243160239529,0.072150970560612038,0,0,0,0,0,0,0,0,0,False,1,106203.62189858653,team09-risk-none,0,1,0.025620182922276746,0.021252700166491043,
2021-07-26T00:00:00Z,-0.0015336219543309521,0.0044842292675880274,-0.00601785122191898,1.8569699902944625e-06,-4.6121617285428903e-06,6.4691317188373519e-06,-0,9.6534675197575606e-05,4.8267337598787803e-05,-0.0016765669971370212,0.096534675197575609,0.14485881364667372,0,0.072429406823336845,0.072429406823336859,10252.332144786178,0,0,0,0,0,0,0,0,False,1,106025.56441113494,team09-risk-none,0.010497203580100348,1,0.02561199384702384,0.021115059885656932,
2021-07-26T08:00:00Z,-0.0013760809707908626,-0.00019294081789381908,-0.0011831401528970436,1.5098423639878473e-07,-7.6982128886380636e-06,7.8491971250368483e-06,-0,0,0,-0.0013759299865544639,0,0.15547407666261437,-0.0015098421360254868,0.076982117263294444,0.078491959399319938,0,0,0,0,0,0,0,0,0,False,1,105879.6806577203,team09-risk-none,0,1,0.027247280122577711,0.021757810678599141,
2021-07-26T16:00:00Z,0.00079631644654235521,-0.004365258005061076,0.0051615744516034304,2.9215197343599622e-07,-7.6948717339342863e-06,7.9870237073702835e-06,-0,0,0,0.00079660859851579126,0,0.15681890859809205,-0.0029215188808324535,0.076948694858629804,0.079870213739462265,0,0,0,0,0,0,0,0,0,False,1,105964.02532174034,team09-risk-none,0,1,0.028585582627024486,0.022128761586275351,
2021-07-27T00:00:00Z,0.0002943102162119284,3.4773785524241798e-05,0.00025953643068768657,-9.4257850241296766e-07,-7.2524993015873059e-06,6.309920799174339e-06,-0,0,0,0.0002933676377095154,0,0.14715836623341944,-0.0021082434805458489,0.0725250613764368,0.074633304856982635,0,0,0,0,0,0,0,0,0,False,1,105995.11173753117,team09-risk-none,0,1,0.027812945939538425,0.022358720058768666,
2021-07-27T08:00:00Z,-0.00056933360524224932,0.0014910527852869775,-0.002060386390529227,2.8825510130696239e-07,-6.0973764921598632e-06,6.385631593466827e-06,-0,0,0,-0.0005690453501409424,0,0.14687034719799003,-0.0018397354352462647,0.07251530588137188,0.074355041316618145,0,0,0,0,0,0,0,0,0,False,1,105934.79571205926,team09-risk-none,0,1,0.027526540767409458,0.022398622980162451,
2021-07-27T16:00:00Z,-0.00049958802258803228,0.00056051993156140038,-0.0010601079541494327,-6.2516475778963251e-07,-6.1203842802526746e-06,5.4952195224630414e-06,-0,0,0,-0.00050021318734582191,0,0.15053068624938401,-0.0023959628777577291,0.074067361685813154,0.076463324563570884,0,0,0,0,0,0,0,0,0,False,1,105881.80573024531,team09-risk-none,0,1,0.028080810038365822,0.022423305675998675,
2021-07-28T00:00:00Z,-0.0005217894112865681,0.000583735664764621,-0.0011055250760511892,1.0036813580870106e-06,-6.1613496588325971e-06,7.1650310169196074e-06,-0,0,0,-0.00052078572992848111,0,0.15224737334115734,-0.0029026979717498083,0.074672337684703771,0.077575035656453573,0,0,0,0,0,0,0,0,0,False,1,105826.66399676194,team09-risk-none,0,1,0.028565394518323184,0.022294395240961377,
2021-07-28T08:00:00Z,-0.00012060567116608472,-0.000280686485348233,0.00016008081418214832,-9.9193793311449878e-07,-7.5264833202476321e-06,6.5345453871331344e-06,-0,0,0,-0.00012159760909919921,0,0.15397147811150752,-0.0034416623903205934,0.075264907860593477,0.078706570250914057,0,0,0,0,0,0,0,0,0,False,1,105813.79572744099,team09-risk-none,0,1,0.029073241400508487,0.022322813921199783,
2021-07-28T16:00:00Z,-0.00049649429083623638,-0.000230790272465195,-0.00026570401837104125,-1.7756265526443784e-07,-6.9413437300570298e-06,6.7637810747925934e-06,-0,0,0,-0.00049667185349150074,0,0.15351822148704405,-0.0035496707573345193,0.074984275364854774,0.07853394612218928,0,0,0,0,0,0,0,0,0,False,1,105761.24099339207,team09-risk-none,0,1,0.029190513169578769,0.022320894375980945,
2021-07-29T00:00:00Z,0.00044392430541487872,0.00029368782831939641,0.00015023647709548225,1.5323938345516857e-06,-5.9962603678149215e-06,7.5286542023666078e-06,-0,9.4393207825495449e-05,4.7196603912747725e-05,0.00030386688751118718,0.094393207825495457,0.14341639200974099,-3.4694469519536142e-18,0.071708196004870481,0.071708196004870495,9983.1428009715673,0,0,0,0,0,0,0,0,False,1,105793.37833251206,team09-risk-none,0,1,0.029671027699008978,0.022234015133622109,
2021-07-29T08:00:00Z,-0.00083485249574287608,0.00047672366569212005,-0.0013115761614349961,4.366002030409826e-06,-2.7863502408774923e-06,7.1523522712873183e-06,-0,0,0,-0.00083048649371246627,0,0.14347612338115562,0.00042970249637328678,0.071952912938764463,0.071523210442391155,0,0,0,0,0,0,0,0,0,False,1,105705.51836068269,team09-risk-none,0,1,0.029373426490928223,0.021995609174104726,
2021-07-29T16:00:00Z,0.00024996668688595687,0.00099562379800580223,-0.00074565711111984525,2.19238064466989e-06,-5.0984682982015019e-06,7.2908489428713915e-06,-0,0,0,0.00025215906753062672,0,0.14541494198075328,-0.0004017171910533357,0.072506612394849956,0.072908329585903292,0,0,0,0,0,0,0,0,0,False,1,105732.17296562536,team09-risk-none,0,1,0.030181626764000713,0.022109688568067148,
2021-07-30T00:00:00Z,-0.00024473122383324099,0.00037398155715870563,-0.00061871278099194667,2.7673897411045246e-06,-4.5969754323613646e-06,7.3643651734658892e-06,-0,0,0,-0.00024196383409213646,0,0.14712593775149946,-0.00016095811757371736,0.07348248981696287,0.073643447934536588,0,0,0,0,0,0,0,0,0,False,1,105706.5896036677,team09-risk-none,0,1,0.029936520473550332,0.022134159628665134,
2021-07-30T08:00:00Z,-0.000253414252190485,-0.0017694733462005653,0.0015160590940100805,8.9910001702197305e-07,-6.5277927845084295e-06,7.4268928015304023e-06,-0,0,0,-0.00025251515217346304,0,0.14813904398283148,-0.00039867849750775328,0.073870182742661855,0.074268861240169598,0,0,0,0,0,0,0,0,0,False,1,105679.89708810819,team09-risk-none,0,1,0.030173052668460043,0.021858884484193444,
2021-07-30T16:00:00Z,-0.00084108338278762642,0.0033818402276638323,-0.0042229236104514593,5.2328677307682097e-06,-2.0431210657510095e-06,7.2759887965192184e-06,-0,0,0,-0.00083585051505685824,0,0.14487915489556996,-0.00063985955305951095,0.072119647671255227,0.072759507224314734,0,0,0,0,0,0,0,0,0,False,1,105591.56449169594,team09-risk-none,0,1,0.03041374672803554,0.021634098844253338,
2021-07-31T00:00:00Z,-0.00037330518374311316,-0.000437832315629397,6.4527131886283931e-05,9.9836323711039041e-07,-6.6882231813556419e-06,7.6865864184660315e-06,-0,0,0,-0.00037230682050600275,0,0.15267506566721148,-0.0015052250145952753,0.075584920326308092,0.077090145340903374,0,0,0,0,0,0,0,0,0,False,1,105552.25203204778,team09-risk-none,0,1,0.031228278161338774,0.02133821596289082,
2021-07-31T08:00:00Z,-0.0011051602820721957,0.00074163042747250505,-0.0018467907095447004,7.088620284014769e-07,-6.6524341075610088e-06,7.3612961359624846e-06,-0,0,0,-0.0011044514200437942,0,0.15219263293379598,-0.001873974388681466,0.075159329272557251,0.077033303661238728,0,0,0,0,0,0,0,0,0,False,1,105435.67469740217,team09-risk-none,0,1,0.031589238836779887,0.021309518128760682,
2021-07-31T16:00:00Z,0.00088577385505121252,0.0015430805099291396,-0.00065730665487792725,1.4939552487937477e-07,-6.7090991989338493e-06,6.8584947238132229e-06,-0,0,0,0.00088592325057609183,0,0.15495621145250138,-0.0029687172849917828,0.075993747083754809,0.078962464368746599,0,0,0,0,0,0,0,0,0,False,1,105529.08261305677,team09-risk-none,0,1,0.032659342671746749,0.021457514786516186,
2021-08-01T00:00:00Z,-0.002387298053377839,0.00061503887888336533,-0.003002336932261204,-1.4405605880391263e-06,-6.5019188498709917e-06,5.0613582618318664e-06,-0,8.3252202661111303e-05,4.1626101330555652e-05,-0.0025136169179575448,0.083252202661111302,0.14520126392096624,6.9388939039072284e-18,0.072600631960483109,0.072600631960483109,8785.528572343359,0,0,0,0,0,0,0,0,False,1,105263.82292566405,team09-risk-none,0,1,0.031803892483729168,0.021772175475621238,
2021-08-01T08:00:00Z,-0.00058162416077277756,-0.00021137370711223324,-0.00037025045366054438,1.7985184352816093e-06,-7.3391919160448697e-06,9.1377103513264793e-06,-0,0,0,-0.00057982564233749598,0,0.14919277132466563,-0.0024091969967326918,0.073391787163966479,0.075800984160699178,0,0,0,0,0,0,0,0,0,False,1,105202.78826192128,team09-risk-none,0,1,0.034234438414136981,0.023185007761326815,
2021-08-01T16:00:00Z,0.0015586018042977375,-0.0013737546037754873,0.0029323564080732251,1.7264923749824629e-06,-7.3219525205061514e-06,9.0484448954886156e-06,-0,0,0,0.00156032829667272,0,0.14944377738496717,-0.0030049798003115528,0.073219398792327806,0.076224378592639364,0,0,0,0,0,0,0,0,0,False,1,105366.93914933522,team09-risk-none,0,1,0.03479448357106163,0.022952837294399227,
2021-08-02T00:00:00Z,-0.00015736728011869872,0.0012171188223769815,-0.0013744861024956798,1.4393365985556895e-07,-7.1741363870718195e-06,7.3180700469273904e-06,-0,9.0053817380630479e-06,4.5026908690315239e-06,-0.00017073141906593774,0.009005381738063048,0.13592006984045488,0.0075645754497179925,0.071742322645086426,0.064177747195368437,948.86950961102377,0,0,0,0,0,0,0,0,False,1,105348.94970229162,team09-risk-none,0.009005381738063048,1,0.033289975966826257,0.023748317059022105,
2021-08-02T08:00:00Z,4.2051813735873426e-07,-0.00050304660022838115,0.00050346711836573991,-7.4158048957868134e-07,-7.2978553630515699e-06,6.5562748734728884e-06,-0,0,0,-3.2106235221994714e-07,0,0.13854140510484758,0.0074158103952071223,0.072978607750027361,0.065562797354820235,0,0,0,0,0,0,0,0,0,False,1,105348.91587871002,team09-risk-none,0,1,0.033455879630184038,0.023748376166039652,
2021-08-02T16:00:00Z,0.00053929589611722575,-0.00034352026871087342,0.00088281616482809933,-7.4064900812951542e-07,-7.2464315374480086e-06,6.5057825293184929e-06,-0,0,0,0.00053855524710909623,0,0.13752224252337752,0.0074064955669087516,0.07246436904514314,0.065057873478234399,0,0,0,0,0,0,0,0,0,False,1,105405.65209013375,team09-risk-none,0,1,0.033456189050794727,0.023749950354308335,
2021-08-03T00:00:00Z,1.2254107525995908e-05,-0.0012678434875280579,0.001280097595054054,-7.9457283717489581e-07,-7.2092799529756404e-06,6.4147071158007454e-06,-0,0,0,1.1459534688821012e-05,0,0.13623997894035045,0.0079457346852139094,0.072092856812782186,0.064147122127568276,0,0,0,0,0,0,0,0,0,False,1,105406.85998986027,team09-risk-none,0,1,0.032935703957698403,0.023883650005261239,
2021-08-03T08:00:00Z,0.0012397798337495717,0.0011783680432305749,6.1411790518997036e-05,-7.9483203622640191e-07,-7.0809031380389961e-06,6.2860711018125934e-06,-0,0,0,0.0012389850017133454,0,0.13366984864359388,0.0079483266798486916,0.070809087661721282,0.062860760981872585,0,0,0,0,0,0,0,0,0,False,1,105537.45750846541,team09-risk-none,0,1,0.032924622101516809,0.023882422143287205,
2021-08-03T16:00:00Z,0.00060437863799358996,0.0010616838709184228,-0.00045730523292483293,1.7381025914284666e-07,-6.0984627706177627e-06,6.2722730297606097e-06,-0,0,0,0.00060455244825273274,0,0.13462634907003287,0.009180910278524905,0.071903629674278893,0.062722719395753995,0,0,0,0,0,0,0,0,0,False,1,105601.26043678452,team09-risk-none,0,1,0.031725492301295732,0.024395514718510095,
2021-08-04T00:00:00Z,-0.00091334779180086707,-0.0012729935700889973,0.0003596457782881303,4.4525594970043464e-06,-1.860322241394882e-06,6.3128817383992284e-06,-0,9.1690868586529576e-05,4.5845434293264788e-05,-0.001046431535183657,0.091690868586529584,0.14794296648566838,6.9388939039072284e-18,0.073971483242834188,0.073971483242834174,9682.6712932810951,0,0,0,0,0,0,0,0,False,1,105490.75594770833,team09-risk-none,0,1,0.031135974069331329,0.024543244928327181,
2021-08-04T08:00:00Z,0.0011054361188476323,0.003789848611240907,-0.0026844124923932743,6.6535028011137567e-06,-7.1433690670517507e-07,7.3678397078189302e-06,-0,0,0,0.0011120896216487461,0,0.14643141959707046,-0.00092439412698874096,0.072753512735040868,0.073677906862029616,0,0,0,0,0,0,0,0,0,False,1,105608.07112257765,team09-risk-none,0,1,0.032147693765490426,0.024599106710361512,
2021-08-04T16:00:00Z,0.0004014975104685045,0.00066928633412573018,-0.00026778882365722557,6.2278640961343093e-06,-1.401353168937276e-06,7.6292172650715844e-06,-0,0,0,0.0004077253745646388,0,0.15276024104729394,0.00017684601450983911,0.076468543530901892,0.076291697516392046,0,0,0,0,0,0,0,0,0,False,1,105651.13021293315,team09-risk-none,0,1,0.031071767671227879,0.025008616285363605,
2021-08-05T00:00:00Z,0.00086782893560063555,9.5316190358662285e-05,0.00077251274524197332,7.2424229923535521e-07,-6.9282920961545093e-06,7.6525343953898651e-06,-0,0,0,0.00086855317789987082,0,0.15363777659404673,0.0005871995319512574,0.077112488062998988,0.07652528853104773,0,0,0,0,0,0,0,0,0,False,1,105742.89383782831,team09-risk-none,0,1,0.030682045800332625,0.024858972449806255,
2021-08-05T08:00:00Z,0.00016752210982038919,0.00040642800693283502,-0.00023890589711244578,-7.5728600269873715e-07,-8.3264048987529058e-06,7.5691188960541686e-06,-0,0,0,0.00016676482381769046,0,0.15282333637681716,0.0014408438158911366,0.077132090096354147,0.075691246280463004,0,0,0,0,0,0,0,0,0,False,1,105760.52803288914,team09-risk-none,0,1,0.029841578929063695,0.024080164697913454,
2021-08-05T16:00:00Z,0.00029546607162103715,0.0018805409569299799,-0.0015850748853089426,-2.5484346984782837e-07,-7.8470299996040578e-06,7.592186529756229e-06,-0,0,0,0.00029521122815118927,0,0.15346695558845652,0.0016231862969388888,0.077545070942697691,0.075921884645758803,0,0,0,0,0,0,0,0,0,False,1,105791.74972825965,team09-risk-none,0,1,0.02967930310038569,0.024100286008644035,
2021-08-06T00:00:00Z,-0.0014800951224885595,-0.00058669562340853446,-0.00089339949908002483,5.9718737048835971e-07,-7.1485787837968491e-06,7.7457661542852081e-06,-0,0,0,-0.0014794979351180711,0,0.15683706113178819,0.0019218305595032001,0.079379445845645685,0.077457615286142478,0,0,0,0,0,0,0,0,0,False,1,105635.23105298416,team09-risk-none,0,1,0.029392026548320183,0.024098803298821622,
2021-08-06T08:00:00Z,-0.00024647586945703113,0.0020481648747101918,-0.0022946407441672232,7.4092944975614331e-07,-7.1073790221636242e-06,7.8483084719197675e-06,-0,0,0,-0.00024573494000727498,0,0.15739637498329073,0.00043032184566676318,0.078913348414478751,0.078483026568811981,0,0,0,0,0,0,0,0,0,False,1,105609.2727858187,team09-risk-none,0,1,0.030827899730141217,0.023738978123004566,
2021-08-06T16:00:00Z,0.00073175988747122564,0.00089430599421489137,-0.00016254610674366554,-1.8183510293911496e-06,-1.1756954270823266e-05,9.9386032414321166e-06,-0,0,0,0.00072994153644183443,0,0.16169624219752085,0.00019983310892231904,0.080948037653221588,0.080748204544299262,0,0,0,0,0,0,0,0,0,False,1,105686.36138065849,team09-risk-none,0,1,0.031068538949940883,0.023653813384900677,
2021-08-07T00:00:00Z,-0.0012602482782670809,0.0012063066064759874,-0.0024665548847430684,3.5414745606785851e-06,-1.1504361853558179e-05,1.5045836414236766e-05,-0,0.00010244498540474345,5.1222492702371725e-05,-0.0014103742818135174,0.10244498540474345,0.14624271076420642,3.4694469519536142e-18,0.073121355382103209,0.073121355382103209,10827.037749122001,0,0,0,0,0,0,0,0,False,1,105537.30405462877,team09-risk-none,0,1,0.030356078526656893,0.023693011204184006,
2021-08-07T08:00:00Z,-0.0018774867540383765,0.00048065281554360284,-0.0023581395695819792,-6.9209190022889759e-07,-1.6263478197398224e-05,1.5571386297169326e-05,-0,0,0,-0.0018781788459386055,0,0.15013515688890586,-0.0012671371579610641,0.074434009865472384,0.075701147023433446,0,0,0,0,0,0,0,0,0,False,1,105339.08612269597,team09-risk-none,0,1,0.031727738623827606,0.024033612769193222,
2021-08-07T16:00:00Z,-0.00096014336827842219,0.0012666510968589767,-0.0022267944651373993,-3.516587857708949e-06,-2.1917607305556051e-05,1.8401019447847099e-05,-0,0,0,-0.00096365995613613106,0,0.15324444534976597,-0.0031410630395423932,0.075051691155111788,0.078192754194654185,0,0,0,0,0,0,0,0,0,False,1,105237.57506358356,team09-risk-none,0,1,0.033549056848634962,0.024818758010361427,
2021-08-08T00:00:00Z,-1.5661929425687777e-05,-0.00047314580389397494,0.00045748387446828718,3.0103738557219454e-06,-1.5773343553691046e-05,1.878371740941299e-05,-0,0,0,-1.265155556996583e-05,0,0.15689378035565776,-0.0041229006108542531,0.076385439872401747,0.080508340483256002,0,0,0,0,0,0,0,0,0,False,1,105236.24364455459,team09-risk-none,0,1,0.034474084990410381,0.024991551761112014,
2021-08-08T08:00:00Z,0.00043674141924100187,-0.0029009315820243582,0.0033376730012653604,2.4407935732207644e-07,-1.5802763368544211e-05,1.6046842725866289e-05,-0,0,0,0.0004369854985983239,0,0.15594235200296364,-0.0041064663423747913,0.075917942830294419,0.080024409172669203,0,0,0,0,0,0,0,0,0,False,1,105282.23035695423,team09-risk-none,0,1,0.034488971282373382,0.024994813220291713,
2021-08-08T16:00:00Z,0.00076557717226810682,-0.00051268821217957119,0.0012782653844476779,3.6373120603385481e-06,-1.3076491724455126e-05,1.6713803784793675e-05,-0,0,0,0.00076921448432844524,0,0.14962429402274169,-0.0036921989893155781,0.07296604751671304,0.076658246506028621,0,0,0,0,0,0,0,0,0,False,1,105363.21497348721,team09-risk-none,0,1,0.034063779329635668,0.024099727444051752,
2021-08-09T00:00:00Z,0.00045188322743750756,0.00095663023612285237,-0.0005047470086853447,1.3225118275018855e-06,-7.6887858269742878e-06,9.0112976544761729e-06,-0,0,0,0.00045320573926500949,0,0.1477798220751772,-0.0029079562999650768,0.072435932887606067,0.07534388918757115,0,0,0,0,0,0,0,0,0,False,1,105410.96618722061,team09-risk-none,0,1,0.033323004858932581,0.024229204438463374,
2021-08-09T08:00:00Z,0.00017524895619110603,0.0046368176628240601,-0.0044615687066329544,9.6076823325585481e-07,-1.1021478881614505e-05,1.1982247114870362e-05,-0,0,0,0.00017620972442436189,0,0.14918083764397322,-0.0024718212096471685,0.073354508217163022,0.075826329426810196,0,0,0,0,0,0,0,0,0,False,1,105429.54062452377,team09-risk-none,0,1,0.032885251143948357,0.024277231660465151,
2021-08-09T16:00:00Z,-6.7670621930069057e-05,-0.00057597474119603568,0.00050830411926596668,8.8586059431432265e-07,-1.065197480291188e-05,1.1537835397226205e-05,-0,0,0,-6.6784761335754737e-05,0,0.15823504006501249,-0.0022972080252457623,0.077968916019883372,0.080266124045129131,0,0,0,0,0,0,0,0,0,False,1,105422.49953781543,team09-risk-none,0,1,0.032714908577543778,0.024252629243287138,
2021-08-10T00:00:00Z,0.0009252240748862529,0.0014688506066955259,-0.0005436265318092728,-6.0085411927338961e-06,-1.4138745943843425e-05,8.1302047511095286e-06,-0,7.1615417750878443e-05,3.5807708875439222e-05,0.00081179240706720122,0.071615417750878443,0.14669010010914463,5.2041704279304213e-18,0.073345050054572328,0.073345050054572314,7549.8763447424408,0,0,0,0,0,0,0,0,False,1,105508.08072247427,team09-risk-none,0,1,0.032786176882296014,0.02425122230955918,
2021-08-10T08:00:00Z,-3.2984625228103199e-05,-0.00042141844699725893,0.00038843382176915564,5.8154570017945709e-06,-1.3656554996322121e-05,1.9472011998116689e-05,-0,0,0,-2.7169168226308633e-05,0,0.14852844900618445,0.00093537064960518695,0.074731909827894821,0.073796539178289627,0,0,0,0,0,0,0,0,0,False,1,105505.21415567989,team09-risk-none,0,1,0.031989554357478966,0.024452049679510146,
2021-08-10T16:00:00Z,0.0013316146763893936,0.0023017689183956773,-0.00097015424200628381,1.0137860242121109e-06,-2.0404559315744961e-05,2.1418345339957071e-05,-0,0,0,0.0013326284624136057,0,0.14767724948958433,0.00092021850938446038,0.07429873399948439,0.073378515490099924,0,0,0,0,0,0,0,0,0,False,1,105645.81340699679,team09-risk-none,0,1,0.032020502310470489,0.024449671398574544,
2021-08-11T00:00:00Z,-1.8222295986688832e-05,0.0030991267092535962,-0.0031173490052402854,6.9003456472369862e-06,-1.8970505723493864e-05,2.587085137073085e-05,-0,0,0,-1.1321950339451844e-05,0,0.15075635237982415,0.0022215028914223719,0.076488927635623247,0.07426742474420088,0,0,0,0,0,0,0,0,0,False,1,105644.61729034383,team09-risk-none,0,1,0.030724839624164835,0.024938152646250423,
2021-08-11T08:00:00Z,-0.001717643735484065,0.00029192123990703879,-0.0020095649753911035,4.3496543592434146e-06,-2.4981985189046839e-05,2.9331639548290253e-05,-0,0,0,-0.0017132940811248215,0,0.15696000193893503,0.0021857607670728793,0.079572881353003944,0.077387120585931071,0,0,0,0,0,0,0,0,0,False,1,105463.61699283759,team09-risk-none,0,1,0.030738285986051994,0.024919949806891266,
2021-08-11T16:00:00Z,-0.00063680824130867735,-0.0016856719116052606,0.0010488636702965834,1.661470983238562e-05,-2.3099732716259838e-05,3.9714442548645461e-05,-0,0,0,-0.0006201935314762918,0,0.15954285815715707,0.00050521095669677288,0.080024034556926929,0.07951882360023016,0,0,0,0,0,0,0,0,0,False,1,105398.20913977255,team09-risk-none,0,1,0.032387048714386135,0.025503095161032698,
2021-08-12T00:00:00Z,-0.00029793986631482201,8.3611229965878042e-05,-0.0003815510962807002,4.3221144721707166e-06,-2.2933356330922406e-05,2.7255470803093125e-05,-0,0,0,-0.00029361775184265132,0,0.15704778787017887,-0.00013043165298032462,0.078458678108599259,0.078589109761579595,0,0,0,0,0,0,0,0,0,False,1,105367.26235455669,team09-risk-none,0,1,0.032999042907848053,0.025575574592977254,
2021-08-12T08:00:00Z,0.00020618404061177175,-0.0032270932995932854,0.003433277340205057,7.5722298929690859e-06,-1.9022444218590289e-05,2.6594674111559372e-05,-0,0,0,0.00021375627050474082,0,0.15742754187227881,-0.00044351119090463471,0.078492015340687088,0.078935526531591721,0,0,0,0,0,0,0,0,0,False,1,105389.78526759089,team09-risk-none,0,1,0.033279829626557067,0.025574005932989457,
2021-08-12T16:00:00Z,0.0019358422928218222,0.0031441053094948793,-0.0012082630166730573,-1.666341899116955e-06,-1.6959727469748477e-05,1.5293385570631521e-05,-0,0,0,0.0019341759509227054,0,0.15072153863424836,-0.00022648918303168515,0.075247524725608333,0.075474013908640017,0,0,0,0,0,0,0,0,0,False,1,105593.62765572837,team09-risk-none,0,1,0.03308212008345246,0.025593478894761067,
2021-08-13T00:00:00Z,-0.00052262238046916955,0.003904750171116537,-0.0044273725515857057,-4.0200109365694309e-06,-1.3194301441825427e-05,9.1742905052559938e-06,-0,8.0229888886972105e-05,4.0114944443486053e-05,-0.00064698722473619701,0.08022988888697212,0.15029023584890028,1.7347234759768071e-18,0.075145117924450139,0.075145117924450139,8471.7650139913931,0,0,0,0,0,0,0,0,False,1,105525.30992762157,team09-risk-none,0,1,0.031214210983882773,0.026311530586888284,
2021-08-13T08:00:00Z,0.00063363175894869876,-0.00068411561391280374,0.0013177473728615023,3.4765857587040196e-06,-1.5762874237271567e-05,1.9239459995975589e-05,-0,0,0,0.00063710834470740276,0,0.15866964524519095,-0.00050861957432269886,0.079080512835434116,0.079589132409756819,0,0,0,0,0,0,0,0,0,False,1,105592.54098315429,team09-risk-none,0,1,0.031833745086167875,0.026385764968616492,
2021-08-13T16:00:00Z,-0.00018072629237174279,0.0036340946685381884,-0.0038148209609099311,7.823048346578151e-06,-2.2267858695317911e-05,3.0090907041896065e-05,-0,0,0,-0.00017290324402516465,0,0.15668887171412416,0.00011702281743763976,0.078402947265780898,0.078285924448343258,0,0,0,0,0,0,0,0,0,False,1,105574.28369027344,team09-risk-none,0,1,0.031212707521316774,0.026326518414053646,
2021-08-14T00:00:00Z,-0.00060862634248570182,0.0007607104261064038,-0.0013693367685921056,6.2889307974710975e-06,-1.0516243081013062e-05,1.6805173878484161e-05,-0,0,0,-0.0006023374116882308,0,0.16409258787219255,-6.6899860639580908e-05,0.082012844005776492,0.082079743866416074,0,0,0,0,0,0,0,0,0,False,1,105510.69234949461,team09-risk-none,0,1,0.031381699951943953,0.026327806524512502,
2021-08-14T08:00:00Z,0.00015460056288181293,-0.0004008328255718947,0.0005554333884537076,9.0449905665887562e-06,-2.6291820187912727e-05,3.533681075450148e-05,-0,0,0,0.00016364555344840169,0,0.16632920944463109,-0.00066007758620988469,0.08283456592921061,0.083494643515420491,0,0,0,0,0,0,0,0,0,False,1,105527.95870513887,team09-risk-none,0,1,0.031962467046540821,0.026386133657937703,
2021-08-14T16:00:00Z,-0.0008816294333297835,0.00077722180241136753,-0.0016588512357411512,3.7709961129123611e-06,-2.9322407420889331e-05,3.3093403533801694e-05,-0,0,0,-0.00087785843721687102,0,0.16534176406111578,-0.00051832060687023555,0.082411721727122772,0.082930042333993009,0,0,0,0,0,0,0,0,0,False,1,105435.32009622728,team09-risk-none,0,1,0.031809158222575906,0.026360823256013348,
2021-08-15T00:00:00Z,-0.00017702687855916614,-0.0029642369856694214,0.0027872101071102552,-9.3595282835437766e-06,-3.6081546099825004e-05,2.6722017816281229e-05,-0,0,0,-0.00018638640684270994,0,0.16796870758117577,-0.0013930528864188624,0.08328782734737844,0.084680880233797315,0,0,0,0,0,0,0,0,0,False,1,105415.66838576023,team09-risk-none,0,1,0.032671794367351126,0.026507341893894854,
2021-08-15T08:00:00Z,-0.00056818531275745483,0.0010180181455608393,-0.0015862034583182941,2.1788903429824514e-06,-2.9524170686575497e-05,3.1703061029557945e-05,-0,0,0,-0.0005660064224144723,0,0.16224034810059731,-0.0015847146384907768,0.08032781673105327,0.081912531369544045,0,0,0,0,0,0,0,0,0,False,1,105356.00244043078,team09-risk-none,0,1,0.032840931733943868,0.02647321654644565,
2021-08-15T16:00:00Z,-0.0012019621944610063,0.0029809022883939599,-0.0041828644828549666,1.5713461742194555e-06,-2.733648530058043e-05,2.890783147479988e-05,-0,0,0,-0.0012003908482867869,0,0.16490628528054757,-0.0021225408056302266,0.081391872237458668,0.083514413043088903,0,0,0,0,0,0,0,0,0,False,1,105229.5340592892,team09-risk-none,0,1,0.033388937236070726,0.026354323180691266,
2021-08-16T00:00:00Z,0.0017176198414557433,0.0029308004973461373,-0.001213180655890394,1.0225818562671956e-05,-3.7471539540444522e-05,4.7697358103116477e-05,-0,0.0001158236917861202,5.7911845893060101e-05,0.0015541101223392347,0.1158236917861202,0.14543667076858779,-6.9388939039072284e-18,0.072718335384293897,0.072718335384293897,12188.073119680152,0,0,0,0,0,0,0,0,False,1,105393.07234333978,team09-risk-none,0.0075076377468033719,1,0.034540892855921768,0.026637883061439202,
2021-08-16T08:00:00Z,-0.00023319558581103445,-0.00013569824990294866,-9.7497335908086006e-05,6.1034880161491267e-06,-4.4592063014656511e-05,5.0695551030805635e-05,-0,0,0,-0.00022709209779488531,0,0.14931202581400935,0.0016852139039595111,0.075498619858984428,0.073813405955024919,0,0,0,0,0,0,0,0,0,False,1,105369.13840944828,team09-risk-none,0,1,0.033044449170879786,0.02722695029476779,
2021-08-16T16:00:00Z,-0.0014395209074139848,-0.0024300961710646382,0.00099057526365065388,1.4715780033632345e-05,-3.1372196262871742e-05,4.6087976296504084e-05,-0,0,0,-0.0014248051273803525,0,0.14930231938058583,0.0014742837336340492,0.075388301557109946,0.073914017823475897,0,0,0,0,0,0,0,0,0,False,1,105219.00792077485,team09-risk-none,0,1,0.033255711373792352,0.027227139597400054,
2021-08-17T00:00:00Z,0.0039060811922100322,0.0047977357933336922,-0.00089165460112365928,-1.0835007662808426e-06,-1.914185690819023e-05,1.8058356141909389e-05,-0,0,0,0.0039049976914437511,0,0.14611397661075989,5.5115703388204998e-05,0.073084546157074048,0.073029430453685845,0,0,0,0,0,0,0,0,0,False,1,105629.88790380147,team09-risk-none,0,1,0.034648385470846477,0.027613153010307912,
2021-08-17T08:00:00Z,0.00041304343920270381,-0.0013535839323777126,0.0017666273715804164,-2.5721069752360646e-06,-1.4674384080580598e-05,1.2102277105344534e-05,-0,0,0,0.00041047133222746774,0,0.15117528548848302,0.003941576394048827,0.077558430941265938,0.073616854547217114,0,0,0,0,0,0,0,0,0,False,1,105673.24594461238,team09-risk-none,0,1,0.030880132286241646,0.03093873143310483,
2021-08-17T16:00:00Z,-0.00029213803314774968,-0.0043986484558621863,0.0041065104227144371,-5.7210494711111675e-06,-2.2761309844354717e-05,1.7040260373243548e-05,-0,0,0,-0.00029785908261886084,0,0.14795747072379314,0.0043378988283894679,0.076147684776091309,0.071809785947701835,0,0,0,0,0,0,0,0,0,False,1,105641.77020851796,team09-risk-none,0,1,0.03048538932627709,0.030979533729578606,
2021-08-18T00:00:00Z,0.00074112835317727494,0.00044250682324045433,0.00029862152993682072,2.6794668978702375e-07,-7.1786028865854597e-06,7.4465495763724836e-06,-0,0,0,0.00074139629986706202,0,0.13952767654093834,0.0040443427211235422,0.071786009631030934,0.067741666909907405,0,0,0,0,0,0,0,0,0,False,1,105720.09262606196,team09-risk-none,0,1,0.030768363335802462,0.03087116670811222,
2021-08-18T08:00:00Z,0.0030000555766737267,0.0054531193390274331,-0.0024530637623537068,-4.7879812190843176e-07,-7.223401208134283e-06,6.7446030862258513e-06,-0,0,0,0.0029995767785518184,0,0.1396801098221756,0.0047879835115618354,0.072234046666868709,0.067446063155306865,0,0,0,0,0,0,0,0,0,False,1,106037.20816092944,team09-risk-none,0,1,0.030050502891766806,0.030952911420005658,
2021-08-18T16:00:00Z,0.0015830653181008885,-0.00091371806732875639,0.002496783385429645,7.7425731329151432e-07,-6.1907521359906768e-06,6.9650094492821917e-06,-0,0,0,0.0015838395754141801,0,0.14708950178983607,0.00778942065829882,0.077439461224067446,0.069650040565768623,0,0,0,0,0,0,0,0,0,False,1,106205.15408768115,team09-risk-none,0,1,0.027139845857112932,0.032383086785016155,
2021-08-19T00:00:00Z,0.00043504245973729778,-9.6420706972970185e-05,0.00053146316671026791,-5.1967926262410225e-06,-1.1900504428008648e-05,6.7037118017676259e-06,-0,8.8881644665182271e-05,4.4440822332591136e-05,0.00029652320011328335,0.088881644665182294,0.14376916775973483,5.2041704279304213e-18,0.071884583879867403,0.071884583879867403,9439.6887672322082,0,0,0,0,0,0,0,0,False,1,106236.64637983975,team09-risk-none,0,1,0.025604809636216475,0.032816064684677036,
2021-08-19T08:00:00Z,-0.001759396106752763,0.00094344303756095844,-0.0027028391443137214,-6.9631138439357938e-07,-7.9152020745071057e-06,7.2188906901135256e-06,-0,0,0,-0.0017600924181371566,0,0.14298758973697431,0.00043427666494977139,0.071710933200962029,0.07127665653601227,0,0,0,0,0,0,0,0,0,False,1,106049.66006401827,team09-risk-none,0,1,0.025311492285794879,0.032832741635022533,
2021-08-19T16:00:00Z,0.0009694752642925448,0.0033685989281056696,-0.0023991236638131251,1.3367453544438e-07,-7.2836194752943275e-06,7.417294010738707e-06,-0,0,0,0.00096960893882798915,0,0.14700911520895515,-0.0013367451757550029,0.07283618501660008,0.074172930192355074,0,0,0,0,0,0,0,0,0,False,1,106152.48676237602,team09-risk-none,0,1,0.027026226583843682,0.033387797834112609,
2021-08-20T00:00:00Z,0.00048385896308411028,0.00020106285096816682,0.00028279611211594352,-7.7091264383518439e-06,-1.7396465289401223e-05,9.6873388510493778e-06,-0,0,0,0.00047614983664575841,0,0.15258461727872941,-0.00038599993325579701,0.076099308672736815,0.076485308605992591,0,0,0,0,0,0,0,0,0,False,1,106203.03125160746,team09-risk-none,0,1,0.026090460753460998,0.03356673615246409,
2021-08-20T08:00:00Z,-0.0011982518951412619,0.0017999046700855792,-0.0029981565652268415,6.2865917533409038e-07,-2.1112497949338244e-05,2.1741157124672337e-05,-0,0,0,-0.0011976232359659279,0,0.15238136581624318,0.0001003541023185256,0.076240859959280843,0.076140505856962318,0,0,0,0,0,0,0,0,0,False,1,106075.84003365053,team09-risk-none,0,1,0.025618609707410256,0.03342770739625299,
2021-08-20T16:00:00Z,0.00094313712015991753,0.0012574938738853431,-0.00031435675372542589,-8.2448573340777958e-06,-2.9365246043094946e-05,2.1120388709017154e-05,-0,0,0,0.00093489226282583975,0,0.15744248223084956,-0.001080987289766867,0.078180747470541351,0.079261734760308206,0,0,0,0,0,0,0,0,0,False,1,106175.00951577074,team09-risk-none,0,1,0.026794187330164254,0.033525841689278808,
2021-08-21T00:00:00Z,0.00014767782321721272,0.00028082141562616684,-0.00013314359240895415,-5.779793453251224e-06,-2.4472541156537318e-05,1.8692747703286089e-05,-0,0,0,0.00014189802976396151,0,0.15882579183623835,-0.00015929584846904703,0.079333247993884665,0.079492543842353713,0,0,0,0,0,0,0,0,0,False,1,106190.07554043119,team09-risk-none,0,1,0.025881943468646473,0.033575951151904725,
2021-08-21T08:00:00Z,0.0005695618656364126,-8.9571134447623553e-05,0.00065913300008403619,8.2010683276077556e-06,-4.3276650232480757e-05,5.1477718560088501e-05,-0,0,0,0.00057776293396402038,0,0.15924782063843851,1.0565433832720322e-05,0.079629193036135609,0.079618627602302899,0,0,0,0,0,0,0,0,0,False,1,106251.4282300333,team09-risk-none,0,1,0.025730097014523223,0.033508922990452675,
2021-08-21T16:00:00Z,0.00015407501161477502,-0.00015053006476791627,0.00030460507638269114,-2.5586607452100692e-06,-3.3889932698206185e-05,3.1331271952996115e-05,-0,0,0,0.00015151635086956493,0,0.15841085058200771,0.00055882841841144344,0.07948483950020957,0.078926011081798128,0,0,0,0,0,0,0,0,0,False,1,106267.5270587134,team09-risk-none,0,1,0.025177688827701106,0.033515868425106697,
2021-08-22T00:00:00Z,-0.00061708577785199459,0.0023797141056495948,-0.0029967998835015892,8.163549738655798e-06,-1.7028931466067198e-05,2.5192481204722996e-05,-0,0.00012015084323233256,6.0075421616166279e-05,-0.00078914849296183762,0.12015084323233256,0.14468736657335418,1.7347234759768071e-18,0.072343683286677077,0.072343683286677077,12768.132984319132,0,0,0,0,0,0,0,0,False,1,106183.66619988423,team09-risk-none,0,1,0.025019533447926623,0.033470208216813159,
2021-08-22T08:00:00Z,0.00022905430449089094,-0.0013444852172492749,0.0015735395217401655,3.6538949540490097e-06,-3.0284523383653633e-05,3.3938418337702647e-05,-0,0,0,0.00023270819944493993,0,0.15012549895460314,-0.00059134764646406879,0.074767075654069537,0.075358423300533606,0,0,0,0,0,0,0,0,0,False,1,106208.37600965607,team09-risk-none,0,1,0.025793331133486141,0.033584380704549388,
2021-08-22T16:00:00Z,9.0993581723087142e-05,0.0010008467220067208,-0.00090985314028363385,1.5289301583195702e-05,-2.3183986099196302e-05,3.847328768239201e-05,-0,0,0,0.00010628288330628285,0,0.14712880281431967,-0.00039705575387997093,0.073365873530219852,0.073762929284099818,0,0,0,0,0,0,0,0,0,False,1,106219.66414208966,team09-risk-none,0,1,0.025555287366566204,0.033583596676444699,
2021-08-23T00:00:00Z,0.00074925277967626631,0.0020720082951569238,-0.0013227555154806578,8.8389972704281583e-06,-1.3564013346530188e-05,2.2403010616958348e-05,-0,2.163818413309044e-05,1.081909206654522e-05,0.00072563450074705868,0.021638184133090439,0.12744004118232521,-0.021919827969700857,0.052760106606312168,0.074679934576013032,2298.4006512615601,0,0,0,0,0,0,0,0,False,1,106296.74079504893,team09-risk-none,0.021638184133090439,1,0.02545800660974562,0.033538407571022277,
2021-08-23T08:00:00Z,0.00092744624098725669,-7.6815424514716486e-05,0.0010042616655019732,1.5754175374015594e-05,-3.8921176513374401e-05,5.4675351887389996e-05,-0,0,0,0.00094320041636127233,0,0.13073798736801573,-0.021176262591944918,0.054780862388035409,0.07595712497998032,0,0,0,0,0,0,0,0,0,False,1,106396.99992522466,team09-risk-none,0,1,0.024744101354924664,0.033537185365526113,
2021-08-23T16:00:00Z,0.00062335137223311322,0.0013162702347420162,-0.00069291886250890278,1.785947790732636e-05,-3.0135839924316695e-05,4.7995317831643054e-05,-0,0,0,0.00064121085014043962,0,0.12952778929968828,-0.020214673680432057,0.054656557809628116,0.074871231490060169,0,0,0,0,0,0,0,0,0,False,1,106465.22283599911,team09-risk-none,0,1,0.023822184472339192,0.033640175282710155,
2021-08-24T00:00:00Z,0.00062110858585025014,0.00053202421835360676,8.9084367496643335e-05,2.2197023344766161e-05,-3.2569743108436445e-05,5.4766766453202606e-05,-0,0,0,0.0006433056091950162,0,0.13149198890642547,-0.019585618998449458,0.055953184953988003,0.075538803952437464,0,0,0,0,0,0,0,0,0,False,1,106533.71251103371,team09-risk-none,0,1,0.023192011810369451,0.033427593321947259,
2021-08-24T08:00:00Z,0.0014403877546374096,-0.0031782424027764788,0.0046186301574138878,1.6666695298581676e-05,-3.9052065397416803e-05,5.5718760695998479e-05,-0,0,0,0.0014570544499359914,0,0.13183464573542858,-0.018957382385138326,0.056438631675145123,0.075396014060283456,0,0,0,0,0,0,0,0,0,False,1,106688.93793091612,team09-risk-none,0,1,0.022569031176270071,0.033397411031852467,
2021-08-24T16:00:00Z,0.00089983882761291052,-0.00072052899965269635,0.0016203678272656069,9.6499187828295522e-06,-2.4834636040628856e-05,3.4484554823458407e-05,-0,0,0,0.0009094887463957401,0,0.12376195062638598,-0.017498565133794521,0.053131692746295735,0.070630257880090253,0,0,0,0,0,0,0,0,0,False,1,106785.97031932919,team09-risk-none,0,1,0.021151729326919888,0.033757171962376424,
2021-08-25T00:00:00Z,0.00085988176951732232,0.001797621184111417,-0.00093773941459409477,4.1014545590454192e-06,-6.8512122122539561e-06,1.0952666771299375e-05,-0,0.00010989960990227182,5.494980495113591e-05,0.00069913380922296002,0.10989960990227182,0.142346046211343,-2.0816681711721685e-17,0.071173023105671473,0.071173023105671501,11735.736481129856,0,0,0,0,0,0,0,0,False,1,106860.62800153012,team09-risk-none,0,1,0.02026691383199597,0.033889181071490491,
2021-08-25T08:00:00Z,-0.00026254078068208003,0.00046010048847250871,-0.00072264126915458869,2.1144964807622892e-06,-1.0177624660180962e-05,1.229212114094325e-05,-0,0,0,-0.00026042628420131777,0,0.14492813480990724,0.00085253008248226993,0.072890332446194764,0.072037802363712503,0,0,0,0,0,0,0,0,0,False,1,106832.79868525226,team09-risk-none,0,1,0.019583897349017554,0.033399898573300918,
2021-08-25T16:00:00Z,-3.0461624862933005e-05,7.7704367766972691e-05,-0.00010816599262990573,-4.7185948936656561e-06,-1.2684262959237682e-05,7.9656680655720237e-06,-0,0,0,-3.5180219756598666e-05,0,0.14611786987235004,0.00060330873528328423,0.07336058930381667,0.072757280568533367,0,0,0,0,0,0,0,0,0,False,1,106829.0402839173,team09-risk-none,0,1,0.019845920985587906,0.033022998050008689,
2021-08-26T00:00:00Z,0.00077117435732831539,-0.0037668047440004939,0.0045379791013288092,1.3166215771450131e-06,-1.2501596529716968e-05,1.381821810686198e-05,-0,0,0,0.00077249097890546041,0,0.14633610760904836,0.0005521989032458742,0.073444153256147116,0.072891954352901245,0,0,0,0,0,0,0,0,0,False,1,106911.56475382176,team09-risk-none,0,1,0.019874487759636184,0.032934476116669449,
2021-08-26T08:00:00Z,0.0008755431186866072,0.00049736693822542005,0.0003781761804611871,-2.9886830086513519e-06,-1.273694317373209e-05,9.7482601650807381e-06,-0,0,0,0.00087255443567795595,0,0.1378803185155156,0.0013436060943410062,0.069611962304928304,0.0682683562105873,0,0,0,0,0,0,0,0,0,False,1,107004.85091387297,team09-risk-none,0,1,0.019121572636247919,0.033013036118533075,
2021-08-26T16:00:00Z,0.00088824617878377856,-0.00035754115369783008,0.0012457873324816088,1.8446848480114775e-06,-8.6787184926829933e-06,1.0523403340694469e-05,-0,0,0,0.00089009086363179017,0,0.13789532024464735,0.0022192276179159101,0.070057273931281611,0.067838046313365707,0,0,0,0,0,0,0,0,0,False,1,107100.0949540357,team09-risk-none,0,1,0.018260957716413562,0.033038596194734558,
2021-08-27T00:00:00Z,0.00097482827481078953,0.0023339082682270022,-0.001359079993416213,1.1812257397844236e-06,-7.0249152535149067e-06,8.2061409932993322e-06,-0,0,0,0.00097600950055057409,0,0.13619196612873224,0.0030726813490496475,0.069632323738890944,0.0665596423898413,0,0,0,0,0,0,0,0,0,False,1,107204.6256642207,team09-risk-none,0,1,0.017387772686668246,0.033077427181678602,
2021-08-27T08:00:00Z,-0.00056120203142281618,0.0019090852450681264,-0.0024702872764909424,1.0999788661285998e-06,-6.8485340196538955e-06,7.9485128857824952e-06,-0,0,0,-0.00056010205255668756,0,0.13978450200521819,0.0040619741252761517,0.071923238065247169,0.067861263939971023,0,0,0,0,0,0,0,0,0,False,1,107144.58013334261,team09-risk-none,0,1,0.016428813729449376,0.033128429237492346,
2021-08-27T16:00:00Z,0.00060652451949941906,0.0019536463555853527,-0.0013471218360859335,1.9968051553749957e-08,-7.4460882857424798e-06,7.4660563372962285e-06,-0,0,0,0.00060654448755097289,0,0.14419727275906685,0.0034877895686196841,0.073842531163843261,0.070354741595223591,0,0,0,0,0,0,0,0,0,False,1,107209.56808779345,team09-risk-none,0,1,0.01698077564108702,0.033206939530444089,
2021-08-28T00:00:00Z,-0.0001292163616225169,-0.001551458480309518,0.001422242118687001,-9.3633081824154682e-07,-8.7959352686966884e-06,7.8596044504551429e-06,-0,9.0302022705805962e-05,4.5151011352902981e-05,-0.00026560572649946739,0.090302022705805965,0.14707637357259556,3.4694469519536142e-18,0.073538186786297782,0.073538186786297768,9681.2408517435742,0,0,0,0,0,0,0,0,False,1,107181.0926125738,team09-risk-none,0,1,0.016385471379738337,0.033169898831283455,
2021-08-28T08:00:00Z,0.00092665309879428953,0.00056713195610253559,0.00035952114269175399,1.3481577457213081e-06,-2.1897744408774145e-05,2.3245902154495455e-05,-0,0,0,0.00092800125654001083,0,0.14415367108069346,-0.00011975167690435329,0.072016959701894562,0.072136711378798915,0,0,0,0,0,0,0,0,0,False,1,107280.55680119561,team09-risk-none,0,1,0.016644478569793453,0.033197207958099578,
2021-08-28T16:00:00Z,-0.00012343746700831299,0.00014973556233132142,-0.00027317302933963444,2.6489399066201186e-06,-2.4292231168338839e-05,2.6941171074958956e-05,-0,0,0,-0.0001207885271016929,0,0.1442306586464287,0.00079155035620016162,0.072511104501314427,0.071719554145114273,0,0,0,0,0,0,0,0,0,False,1,107267.59854075294,team09-risk-none,0,1,0.015730643093651131,0.033127845071542095,
2021-08-29T00:00:00Z,-0.0010807892311167639,-0.00079011316785371883,-0.00029067606326304521,4.0630080067307204e-06,-2.4284650846973118e-05,2.8347658853703835e-05,-0,0,0,-0.0010767262231100333,0,0.14463495856726299,0.00068269256713281851,0.07265882556719791,0.071976133000065085,0,0,0,0,0,0,0,0,0,False,1,107152.10070451407,team09-risk-none,0,1,0.015848139887446377,0.03314129001951991,
2021-08-29T08:00:00Z,0.00021708993975325929,-0.00042868846193942458,0.00064577840169268385,3.5840549336780732e-06,-1.4827556736406737e-05,1.8411611670084812e-05,-0,0,0,0.00022067399468693737,0,0.1443784678833101,-0.00039637558998541558,0.071991046146662352,0.07238742173664775,0,0,0,0,0,0,0,0,0,False,1,107175.74638661563,team09-risk-none,0,1,0.016908272855868267,0.033393027002928281,
2021-08-29T16:00:00Z,0.00028512023607254826,0.00048489446058309915,-0.00019977422451055094,4.2035990699081893e-06,-1.8464781234079525e-05,2.2668380303987714e-05,-0,0,0,0.00028932383514245646,0,0.14321857033732832,-0.00019603227455613353,0.071511269031386104,0.071707301305942231,0,0,0,0,0,0,0,0,0,False,1,107206.75488459447,team09-risk-none,0,1,0.0166907208763587,0.033363379765986544,
2021-08-30T00:00:00Z,0.00062148347937362807,-0.00014915041879578423,0.00077063389816941228,4.6511258799682279e-06,-1.6359572766594316e-05,2.1010698646562539e-05,-0,0,0,0.00062613460525359624,0,0.14385650325200794,0.00010566341186930145,0.071981083331938617,0.071875419920069322,0,0,0,0,0,0,0,0,0,False,1,107273.88074374465,team09-risk-none,0,1,0.016405785881857593,0.033181894569515494,
2021-08-30T08:00:00Z,0.0011993617706593442,0.00028607961940200555,0.00091328215125733865,6.867928782230943e-06,-1.9616170509468205e-05,2.648409929169915e-05,-0,0,0,0.0012062296994415753,0,0.14288046388254577,0.00074033220706228899,0.071810398044804033,0.071070065837741739,0,0,0,0,0,0,0,0,0,False,1,107403.27768467211,team09-risk-none,0,1,0.015787741717264825,0.033164186708694254,
2021-08-30T16:00:00Z,0.00061306947382945066,-0.00093615034936289979,0.0015492198231923506,3.1422749977069678e-06,-2.2296333266341018e-05,2.5438608264047989e-05,-0,0,0,0.00061621174882715759,0,0.14205497427059521,0.0019148758347268518,0.071984925052661033,0.070070049217934194,0,0,0,0,0,0,0,0,0,False,1,107469.46084624395,team09-risk-none,0,1,0.014604226892725114,0.033042040192585248,
2021-08-31T00:00:00Z,2.3787448607960676e-05,0.0019649448291497299,-0.0019411573805417691,-3.7876443873291876e-06,-2.9383968145136186e-05,2.5596323757806999e-05,-0,9.715118119595412e-05,4.857559059797706e-05,-0.00012572696757329972,0.097151181195954145,0.1411496016117568,8.6736173798840355e-18,0.070574800805878399,0.070574800805878385,10440.785063704945,0,0,0,0,0,0,0,0,False,1,107455.94903682501,team09-risk-none,0,1,0.014003847339824294,0.032987099183301359,
2021-08-31T08:00:00Z,-0.0012519689809268918,-0.00038404528685302952,-0.00086792369407386201,-2.2598323088945649e-07,-1.933131870469863e-05,1.9105335473809177e-05,-0,0,0,-0.0012521949641577813,0,0.14506203374796278,2.4139934605043809e-05,0.07254308684128391,0.072518946906678872,0,0,0,0,0,0,0,0,0,False,1,107321.3932385723,team09-risk-none,0,1,0.014124302290166035,0.031589591014231665,
2021-08-31T16:00:00Z,-0.00092305284075946666,-0.0015150216298790964,0.00059196878911962978,2.3453280711324333e-06,-2.4971605879682324e-05,2.7316933950814754e-05,-0,0,0,-0.00092070751268833427,0,0.14574065124466179,-0.001245138499152575,0.072247756372754615,0.073492894871907188,0,0,0,0,0,0,0,0,0,False,1,107222.58162554537,team09-risk-none,0,1,0.015356279054533628,0.031887184731263209,
2021-09-01T00:00:00Z,0.00060873998637208738,0.00097472291058626733,-0.00036598292421417979,2.2360745683885837e-06,-2.5718621774784485e-05,2.7954696343173072e-05,-0,0,0,0.00061097606094047603,0,0.14378055113862742,-0.0021657099700912071,0.070807420584268116,0.072973130554359319,0,0,0,0,0,0,0,0,0,False,1,107288.09205611081,team09-risk-none,0,1,0.016262955402207124,0.031780196345145402,
2021-09-01T08:00:00Z,-0.00023556018493375324,0.0017399824891451115,-0.0019755426740788646,9.9496995803380826e-06,-1.9818312340247025e-05,2.9768011920585108e-05,-0,0,0,-0.00022561048535341518,0,0.14504529872699595,-0.001536319767203231,0.07175448947989635,0.073290809247099589,0,0,0,0,0,0,0,0,0,False,1,107263.88673758939,team09-risk-none,0,1,0.015654322819807831,0.031786650039343251,
2021-09-01T16:00:00Z,-0.0014922490903606655,0.001196729351656904,-0.0026889784420175695,1.8949948621900102e-05,-2.578745944613507e-05,4.4737408068035168e-05,-0,0,0,-0.0014732991417387654,0,0.14876047738626499,-0.001783649820641435,0.07348841378281179,0.075272063603453218,0,0,0,0,0,0,0,0,0,False,1,107105.85494531934,team09-risk-none,0,1,0.015867544256445099,0.031814093498898001,
2021-09-02T00:00:00Z,0.00027512086677234152,0.00032414429172282174,-4.9023424950480229e-05,5.8657506347684369e-06,-3.469468433617495e-05,4.0560434970943383e-05,-0,0,0,0.00028098661740710992,0,0.15288852915516382,-0.0032721791955938086,0.074808174979784994,0.078080354175378813,0,0,0,0,0,0,0,0,0,False,1,107135.95025720492,team09-risk-none,0,1,0.017330323128039282,0.03232109221387626,
2021-09-02T08:00:00Z,0.00062890401301685258,-0.00015469286869239225,0.0007835968817092448,1.1695652371632164e-05,-5.7602414066108124e-05,6.9298066437740278e-05,-0,0,0,0.00064059966538848481,0,0.15322846935668766,-0.002993219726964454,0.075117624814861617,0.078110844541826069,0,0,0,0,0,0,0,0,0,False,1,107204.58151109077,team09-risk-none,0,1,0.017048475655728756,0.03231764936779663,
2021-09-02T16:00:00Z,0.0003233885186877493,0.00064090300668405149,-0.00031751448799630219,1.4621048915211734e-05,-4.6781888613922196e-05,6.1402937529133936e-05,-0,0,0,0.00033800956760296106,0,0.1521584966576498,-0.002392434956315876,0.074883030850666971,0.077275465806982843,0,0,0,0,0,0,0,0,0,False,1,107240.8176853324,team09-risk-none,0,1,0.016415919906742182,0.032143628726494629,
2021-09-03T00:00:00Z,0.0012491447774952214,0.0012673153943568805,-1.8170616861658756e-05,7.7356094003351069e-06,-4.081869918058033e-05,4.8554308580915435e-05,-0,0.00010180023585086077,5.0900117925430384e-05,0.0011041800331192653,0.10180023585086077,0.14140062401635062,0,0.070700312008175309,0.070700312008175295,10917.140533205999,0,0,0,0,0,0,0,0,False,1,107359.23085495592,team09-risk-none,0,1,0.016090233675907117,0.032113197786475041,
2021-09-03T08:00:00Z,-0.0012406078988296025,0.0011228450842763217,-0.0023634529831059242,8.7905230274323406e-06,-5.0058424875837408e-05,5.8848947903269748e-05,-0,0,0,-0.0012318173758021701,0,0.14246602304528683,0.0012451342873510581,0.071855578666318934,0.070610444378967879,0,0,0,0,0,0,0,0,0,False,1,107226.98388893604,team09-risk-none,0,1,0.015002781079686112,0.031985446418848235,
2021-09-03T16:00:00Z,0.00016714087883099011,-1.6953259540858401e-05,0.00018409413837184847,2.2966685175523006e-07,-5.2550123645040695e-05,5.2779790496795921e-05,-0,0,0,0.00016737054568274532,0,0.14618327961504909,2.9441940715118492e-06,0.073093111904560304,0.07309016771048879,0,0,0,0,0,0,0,0,0,False,1,107244.93052774145,team09-risk-none,0,1,0.016224539727359266,0.032203254215528096,
2021-09-04T00:00:00Z,-0.00062167258971517999,0.00063228454719803015,-0.0012539571369132101,1.2951608259053324e-05,-4.2986764804358555e-05,5.5938373063411874e-05,-0,0,0,-0.00060872098145612675,0,0.14596045523483975,0.00017589203197165316,0.073068173633405703,0.072892281601434045,0,0,0,0,0,0,0,0,0,False,1,107179.64828837442,team09-risk-none,0,1,0.016047367066123641,0.032192291145956446,
2021-09-04T08:00:00Z,0.00019683236466819232,0.0015409018312641115,-0.0013440694665959191,7.8231057489091558e-06,-6.9295427996130459e-05,7.7118533745039624e-05,-0,0,0,0.0002046554704171015,0,0.14789397398390011,-0.00044629470672724603,0.073723839638586419,0.074170134345313665,0,0,0,0,0,0,0,0,0,False,1,107201.58318971402,team09-risk-none,0,1,0.016651362745051523,0.032208503996289717,
2021-09-04T16:00:00Z,-0.0036322529899971063,-0.0018488225405459595,-0.0017834304494511466,-1.4524825224463687e-05,-8.3882484593547507e-05,6.9357659369083822e-05,-0,0,0,-0.0036467778152215699,0,0.15078412701733218,-0.00023373429875598976,0.075275196359288088,0.075508930658044093,0,0,0,0,0,0,0,0,0,False,1,106810.64283438114,team09-risk-none,0,1,0.016472095200094516,0.032209011552225879,
2021-09-05T00:00:00Z,0.00035975357981159558,0.00056842824987854152,-0.00020867467006694602,7.3605197961257983e-06,-5.0673844646868907e-05,5.8034364442994704e-05,-0,0,0,0.00036711409960772141,0,0.15123463085247046,-0.0038985107887005172,0.073668060031884974,0.07756657082058549,0,0,0,0,0,0,0,0,0,False,1,106849.8545273538,team09-risk-none,0,1,0.020037356281263685,0.034820669119243301,
2021-09-05T08:00:00Z,-0.0040038376917094984,-0.0004941506309354243,-0.0035096870607740742,2.0810653183159141e-06,-5.1661177546873869e-05,5.3742242865189786e-05,-0,0,0,-0.0040017566263911824,0,0.15203108670697368,-0.0035295580592526864,0.074250764323860491,0.077780322383113193,0,0,0,0,0,0,0,0,0,False,1,106422.26741397002,team09-risk-none,0,1,0.01968277370706506,0.03437841708164191,
2021-09-05T16:00:00Z,-0.0012477916099429918,0.0013665735501563734,-0.0026143651600993648,3.6443437814963404e-06,-7.7185477576543877e-05,8.0829821358040211e-05,-0,0,0,-0.0012441472661614955,0,0.1556026357452196,-0.007545885887479141,0.074028374928870225,0.081574260816349359,0,0,0,0,0,0,0,0,0,False,1,106289.86244090823,team09-risk-none,0,1,0.023604238290445112,0.037256160505088023,
2021-09-06T00:00:00Z,0.00077468964691680318,0.00099923281155281005,-0.00022454316463600674,1.5768055607626419e-05,-6.6902264106749441e-05,8.2670319714375857e-05,-0,0.00012366365388703877,6.1831826943519383e-05,0.00060496222169387139,0.12366365388703879,0.13583971338467071,1.7347234759768071e-17,0.067919856692335356,0.067919856692335343,13144.192760593438,0,0,0,0,0,0,0,0,False,1,106354.16379223402,team09-risk-none,0.017095234905436334,1,0.024807195637954749,0.03747195494956742,
2021-09-06T08:00:00Z,-0.0012391423288444204,-0.0010852112472852667,-0.00015393108155915342,1.4568958608718876e-06,-6.1404428538756046e-05,6.2861324399627935e-05,-0,0,0,-0.0012376854329835484,0,0.13694812527029496,0.00077499692308199974,0.068861561096688478,0.068086564173606479,0,0,0,0,0,0,0,0,0,False,1,106222.53079297121,team09-risk-none,0,1,0.024231205195201833,0.037154442548544712,
2021-09-06T16:00:00Z,0.00047261169133004004,0.001616219201650149,-0.0011436075103201087,1.5663496221477285e-05,-2.1609251025753379e-05,3.7272747247230664e-05,-0,0,0,0.00048827518755151727,0,0.1361900149589661,-0.00045752943669154569,0.067866242761137271,0.068323772197828814,0,0,0,0,0,0,0,0,0,False,1,106274.39661911635,team09-risk-none,0,1,0.025425054838588257,0.03680329785588006,
2021-09-07T00:00:00Z,0.0039874073901887946,0.0023041313329680312,0.0016832760572207629,1.676527301809836e-05,-2.3017746344052177e-05,3.9783019362150529e-05,-0,0,0,0.0040041726632068925,0,0.13888807039444473,7.6240989251488006e-06,0.069447847246684929,0.069440223147759786,0,0,0,0,0,0,0,0,0,False,1,106699.93765285742,team09-risk-none,0,1,0.02494811980292988,0.03663829992658197,
2021-09-07T08:00:00Z,0.0013773019502759732,-0.011079338803755077,0.012456640754031053,1.4307475954922479e-05,-2.9751279999698476e-05,4.4058755954620954e-05,-0,0,0,0.0013916094262308957,0,0.1388678048835712,0.00395822355227871,0.071413014217924953,0.067454790665646247,0,0,0,0,0,0,0,0,0,False,1,106848.42229187339,team09-risk-none,0,1,0.021046249754264279,0.039071660170040053,
2021-09-07T16:00:00Z,-0.0022421793042280455,-0.0012646580622336829,-0.00097752124199436234,3.1884911170909165e-05,0.00012367203468590618,-9.1787123514997011e-05,-0,0,0,-0.0022102943930571361,0,0.11530833915388045,0.0053630819511778696,0.060335710552529162,0.054972628601351291,0,0,0,0,0,0,0,0,0,False,1,106612.25582317465,team09-risk-none,0,1,0.01966669729187509,0.039297906110367355,
2021-09-08T00:00:00Z,-0.00092691655835227464,-0.0049388021135468889,0.0040118855551946149,-2.123236351755556e-06,-1.0627523539010269e-05,8.5042871872547141e-06,-0,0,0,-0.00092903979470403011,0,0.1151551740749044,0.0031026005522576741,0.059128887313581041,0.05602628676132336,0,0,0,0,0,0,0,0,0,False,1,106513.20879491176,team09-risk-none,0,1,0.021866787063408943,0.040100127551613164,
2021-09-08T08:00:00Z,0.0010601475089738507,0.0040084440529755752,-0.0029482965440017247,-1.8219229650120438e-06,-7.0271626933953191e-06,5.2052397283832755e-06,-0,0,0,0.0010583255860088386,0,0.10631082679340151,0.0022058425544744546,0.05425833467393798,0.052052492119463528,0,0,0,0,0,0,0,0,0,False,1,106625.93444902731,team09-risk-none,0,1,0.022775217291303385,0.040253321799697164,
2021-09-08T16:00:00Z,0.0022177806994871522,0.0026382686886842303,-0.00042048798919707824,-1.6680630280089382e-06,-7.1608701272289844e-06,5.4928070992200471e-06,-0,0,0,0.0022161126364591433,0,0.11312659986200184,0.003270274630326417,0.058198437246164123,0.054928162615837703,0,0,0,0,0,0,0,0,0,False,1,106862.22952973406,team09-risk-none,0,1,0.021740844785337776,0.040386843357958759,
2021-09-09T00:00:00Z,0.0034695758567357448,0.0049726913898833977,-0.0015031155331476519,-5.4421895909653123e-07,-6.0722150703837761e-06,5.5279961112872444e-06,-0,0.00011029146395011288,5.5145731975056442e-05,0.0033035944418514794,0.11029146395011288,0.13499814017753345,-3.4694469519536142e-18,0.067499070088766724,0.067499070088766724,11785.991735807353,0,0,0,0,0,0,0,0,False,1,107215.25899725234,team09-risk-none,0,1,0.019571810460729311,0.041032532795619338,
2021-09-09T08:00:00Z,3.8953384710134379e-05,0.00055871985264027311,-0.00051976646793013882,-4.1792782520995436e-06,-1.1532324694321889e-05,7.3530464422223456e-06,-0,0,0,3.4774106458034834e-05,0,0.14100093509444139,0.0034851139667576025,0.072243024530599498,0.068757910563841895,0,0,0,0,0,0,0,0,0,False,1,107218.98731208264,team09-risk-none,0,1,0.016336449033408917,0.042422862474339296,
2021-09-09T16:00:00Z,-0.00097414234628916932,-0.0014324593273470122,0.00045831698105784256,-1.6874873091323057e-06,-8.6128838893335781e-06,6.9253965802012733e-06,-0,0,0,-0.00097582983359830171,0,0.14203140485061044,0.0035232395158137746,0.072777322183212104,0.069254082667398326,0,0,0,0,0,0,0,0,0,False,1,107114.35982553531,team09-risk-none,0,1,0.01629979183296304,0.042419705703380307,
2021-09-10T00:00:00Z,-0.00051645471992480311,-0.00083757209977370164,0.00032111737984889864,-2.9405322796100125e-07,-7.1826048057295453e-06,6.8885515777685422e-06,-0,0,0,-0.00051674877315276407,0,0.14030848584042072,0.0025374137730213974,0.071422949806721064,0.068885536033699651,0,0,0,0,0,0,0,0,0,False,1,107059.00861150843,team09-risk-none,0,1,0.017258346457293627,0.042412097287289639,
2021-09-10T08:00:00Z,0.0039734446096786214,0.0025534320234561004,0.0014200125862225213,-2.6611445169458363e-06,-9.5208907745173723e-06,6.8597462575715348e-06,-0,0,0,0.0039707834651616751,0,0.13920577379678784,0.0020104835488627751,0.070608128672825315,0.068597645123962547,0,0,0,0,0,0,0,0,0,False,1,107484.1167526996,team09-risk-none,0,1,0.017768502038897682,0.042472965255987934,
2021-09-10T16:00:00Z,0.0030928257362766759,0.0019615669249488199,0.0011312588113278562,-3.6527922645320988e-06,-1.0343330898218101e-05,6.6905386336860022e-06,-0,0,0,0.0030891729440121435,0,0.1397841531856425,0.0059728917271816822,0.072878522456412076,0.066905630729230392,0,0,0,0,0,0,0,0,0,False,1,107816.15377808308,team09-risk-none,0,1,0.013869251345740574,0.04400711437502685,
2021-09-11T00:00:00Z,0.00074168930113878331,0.0011687967048354744,-0.00042710740369669123,-2.0723626633522611e-06,-8.6302065325135395e-06,6.5578438691612784e-06,-0,0,0,0.00073961693847543106,0,0.14022632297918736,0.0090691737907827898,0.074647748384985071,0.065578574594202271,0,0,0,0,0,0,0,0,0,False,1,107895.89643165862,team09-risk-none,0,1,0.010821359587295465,0.045034385932451418,
2021-09-11T08:00:00Z,-0.0018293156893557413,-0.00013990416393607619,-0.0016894115254196651,-2.5239087051412794e-06,-9.1168852669881067e-06,6.5929765618468273e-06,-0,0,0,-0.0018318395980608825,0,0.14158900423761378,0.0097291401984185462,0.075659072218016182,0.065929932019597626,0,0,0,0,0,0,0,0,0,False,1,107698.24845610683,team09-risk-none,0,1,0.010090193300651307,0.045024305090059981,
2021-09-11T16:00:00Z,0.00046181587577969347,0.0001415270016639036,0.00032028887411578985,-4.0453429734671488e-06,-1.0821229934577716e-05,6.7758869611105694e-06,-0,0,0,0.00045777053280622631,0,0.1434853134557188,0.0079670260155555363,0.075726169735637158,0.067759143720081627,0,0,0,0,0,0,0,0,0,False,1,107747.54954068488,team09-risk-none,0,1,0.011905052610666766,0.045614149173611472,
2021-09-12T00:00:00Z,0.0010246185328117651,0.00092006284405111614,0.00010455568876064883,-1.5245424956998541e-06,-8.2658129245962599e-06,6.7412704288964048e-06,-0,7.4345155789298827e-05,3.7172577894649414e-05,0.00091157625663211691,0.074345155789298817,0.13851544695227389,-1.0408340855860843e-17,0.069257723476136943,0.069257723476136956,8010.50835651741,0,0,0,0,0,0,0,0,False,1,107845.76964855647,team09-risk-none,0,1,0.011450239919630567,0.045229249667128553,
2021-09-12T08:00:00Z,-0.00026409117775603178,0.0018335994323597311,-0.0020976906101157627,-8.5776635975568998e-07,-7.767291365662988e-06,6.909525005907299e-06,-0,0,0,-0.00026494894411578749,0,0.13922798059232189,0.0010373619389120389,0.07013267126561698,0.069095309326704935,0,0,0,0,0,0,0,0,0,False,1,107817.19602576073,team09-risk-none,0,1,0.010548441686589194,0.045186120876425519,
2021-09-12T16:00:00Z,-9.6350200027902795e-05,-0.00023419589142493412,0.00013784569139703139,-3.2744348442810969e-06,-1.0668106932204773e-05,7.3936720879236768e-06,-0,0,0,-9.9624634872183898e-05,0,0.14321215247800567,0.00076276359848874691,0.071987458038247187,0.071224694439758457,0,0,0,0,0,0,0,0,0,False,1,107806.45477697373,team09-risk-none,0,1,0.01081298637712691,0.045198778295590158,
2021-09-13T00:00:00Z,-0.0015657637141037869,-0.0057848133946119002,0.0042190496805081124,-1.0814815626766063e-06,-8.1876655554314676e-06,7.1061839927548616e-06,-0,8.9016667099967232e-06,4.4508333549983616e-06,-0.0015801976957314585,0.0089016667099967219,0.1339026027875356,-0.0082231285077559637,0.062839737139889815,0.071062865647645773,959.65712961095414,0,0,0,0,0,0,0,0,False,1,107636.09926555018,team09-risk-none,0.0089016667099967219,1,0.010909364740279259,0.045191411711024386,
2021-09-13T08:00:00Z,-0.00019056694774198478,0.0001726663233331388,-0.00036323327107512358,5.5330603270670831e-07,-6.1438377765612518e-06,6.6971438092679612e-06,-0,0,0,-0.00019001364170927808,0,0.12412891354338149,-0.0098138885306172721,0.05715751250638211,0.06697140103699939,0,0,0,0,0,0,0,0,0,False,1,107615.64693834935,team09-risk-none,0,1,0.012470709083244547,0.045541273925926815,
2021-09-13T16:00:00Z,0.00083319283245578872,0.0013936251386550086,-0.00056043230619921987,-4.8061732566347235e-06,-5.7346030198269203e-06,9.2842976319219754e-07,-0,0,0,0.000828386659199154,0,0.12468604628677124,-0.0099934346576700892,0.05734630581455058,0.067339740472220661,0,0,0,0,0,0,0,0,0,False,1,107704.79430459416,team09-risk-none,0,1,0.012663644754286274,0.045563604525426078,
2021-09-14T00:00:00Z,0.00049007184084824023,0.00088982903834881714,-0.00039975719750057697,9.1550706506659994e-07,-5.868125586800918e-06,6.7836326518675181e-06,-0,0,0,0.0004909873479133068,0,0.12651746655904983,-0.0091550622691418081,0.058681202144954023,0.06783626441409582,0,0,0,0,0,0,0,0,0,False,1,107757.67599590732,team09-risk-none,0,1,0.011840094559548819,0.045446962222307381,
2021-09-14T08:00:00Z,-0.0019754677590053614,-3.4372215314068829e-05,-0.0019410955436912926,4.5788438477878834e-07,-6.3633097043031092e-06,6.8211940890818963e-06,-0,0,0,-0.0019750098746205828,0,0.12775057900574921,-0.0086732403095521361,0.059538669348098539,0.068211909657650671,0,0,0,0,0,0,0,0,0,False,1,107544.85352174925,team09-risk-none,0,1,0.01135537297425937,0.045430629497001974,
2021-09-14T16:00:00Z,0.00059816933799680585,0.00047713016662345449,0.00012103917137335135,1.0654653544222668e-06,-5.9599898301317241e-06,7.0254551845539909e-06,-0,0,0,0.00059923480335122813,0,0.12985431179158682,-0.010654642192070556,0.059599834799758125,0.070254476991828685,0,0,0,0,0,0,0,0,0,False,1,107609.29814090079,team09-risk-none,0,1,0.013307356380091395,0.04600237810807957,
2021-09-15T00:00:00Z,7.8536199759053491e-05,0.00031829268546672653,-0.00023975648570767291,4.6259998091052856e-07,-6.5499501518876229e-06,7.0125501327981502e-06,-0,7.7462689120530657e-05,3.8731344560265328e-05,-3.7195233940831976e-05,0.077462689120530656,0.1427988504312771,-5.2041704279304213e-18,0.071399425215638537,0.071399425215638551,8335.7056083670959,0,0,0,0,0,0,0,0,False,1,107605.29558788222,team09-risk-none,0,1,0.012716691006469105,0.045741715266449517,
2021-09-15T08:00:00Z,0.0001673845529463581,0.0013991739151220533,-0.0012317893621756955,-1.4190002722905177e-06,-8.5830165512500511e-06,7.1640162789595336e-06,-0,0,0,0.00016596555267406758,0,0.14337615852405453,9.5629629754319725e-05,0.071735894076904422,0.071640264447150104,0,0,0,0,0,0,0,0,0,False,1,107623.15436023513,team09-risk-none,0,1,0.012755270842681465,0.045519527333689511,
2021-09-15T16:00:00Z,0.0011072135610694152,0.002176231612599909,-0.0010690180515304938,-2.4284592007934648e-06,-1.02175618212532e-05,7.7891026204597317e-06,-0,0,0,0.0011047851018686217,0,0.14597596757616557,0.00025795230845965071,0.073116959942312612,0.07285900763385296,0,0,0,0,0,0,0,0,0,False,1,107742.05481778842,team09-risk-none,0,1,0.012592418975401531,0.045491416457196808,
2021-09-16T00:00:00Z,-0.00014197255607760286,0.00036123931491544828,-0.00050321187099305127,-3.5583148774714763e-06,-1.3289619502411249e-05,9.7313046249397722e-06,-0,0,0,-0.00014553087095507431,0,0.14902029921564369,0.0013599237284708243,0.075190111472057244,0.073830187743586434,0,0,0,0,0,0,0,0,0,False,1,107726.37502271229,team09-risk-none,0,1,0.011502662653715579,0.045209909176365325,
2021-09-16T08:00:00Z,0.0016600845343142806,0.00019081328296003042,0.00146927125135425,-4.3666982639721264e-06,-1.5855059858839107e-05,1.1488361594866983e-05,-0,0,0,0.0016557178360503083,0,0.14991556887671345,0.0012080462833208849,0.075561807580017168,0.074353761296696283,0,0,0,0,0,0,0,0,0,False,1,107904.73950325044,team09-risk-none,0,1,0.011647318503532955,0.043366772113492699,
2021-09-16T16:00:00Z,0.00047676846368777315,-0.00051395941937349733,0.00099072788306127043,-5.7552816582313509e-06,-1.4857770642963933e-05,9.1024889847325831e-06,-0,0,0,0.00047101318202954183,0,0.14841353828681203,0.0028698237317861357,0.075641681009299078,0.072771857277512952,0,0,0,0,0,0,0,0,0,False,1,107955.56405795994,team09-risk-none,0,1,0.010012260028919084,0.043650917747608799,
2021-09-17T00:00:00Z,-0.0030981021608187903,-0.0027230877446726455,-0.00037501441614614447,-5.0760042893312568e-06,-1.3503967488270079e-05,8.4279631989388201e-06,-0,0,0,-0.0031031781651081215,0,0.14682117755034252,0.0033525579602133801,0.075086867755277967,0.07173430979506458,0,0,0,0,0,0,0,0,0,False,1,107620.55870877334,team09-risk-none,0,1,0.0095452899564604232,0.043618231461278537,
2021-09-17T08:00:00Z,-0.00038269253709654727,-0.0014362199538615658,0.0010535274167650188,-3.1911788552238887e-06,-1.303523761684143e-05,9.8440587616175397e-06,-0,0,0,-0.00038588371595177118,0,0.14489866949229452,0.0002412970876588677,0.072569983289976686,0.072328686202317818,0,0,0,0,0,0,0,0,0,False,1,107579.029687666,team09-risk-none,0,1,0.01261698633563979,0.045112110470872761,
2021-09-17T16:00:00Z,0.00075233868668614628,0.00035571891691877131,0.00039661976976737519,-1.9810030411764366e-06,-9.4852557153510545e-06,7.5042526741746171e-06,-0,0,0,0.00075035768364496995,0,0.14249005639090923,-0.00014525473451879219,0.071172400828195231,0.071317655562714022,0,0,0,0,0,0,0,0,0,False,1,107659.75243919122,team09-risk-none,0,1,0.01299680691226146,0.044059485050641792,
2021-09-18T00:00:00Z,0.0015222652701377245,0.0030141476236288231,-0.0014918823534910983,-1.0476798354434505e-06,-8.1298843166900042e-06,7.0822044812465554e-06,-0,8.3529726382218026e-05,4.1764863191109013e-05,0.0013959230007289543,0.083529726382218034,0.14334054045816336,-5.2041704279304213e-18,0.071670270229081678,0.071670270229081678,8992.7896636229725,0,0,0,0,0,0,0,0,False,1,107810.03716387387,team09-risk-none,0,1,0.012255279596511071,0.043823678160543132,
2021-09-18T08:00:00Z,5.064665181742135e-05,-0.00039348176256085772,0.0004441284143782791,2.2143245654875544e-07,-8.3401337689816634e-06,8.5615662255304181e-06,-0,0,0,5.0868084273970108e-05,0,0.14765866095919072,0.0015553537357620786,0.074607007347476412,0.07305165361171434,0,0,0,0,0,0,0,0,0,False,1,107815.52125392991,team09-risk-none,0,1,0.010875208712298301,0.044035547367530216,
2021-09-18T16:00:00Z,0.00010095955303788246,-3.2228831351208182e-05,0.00013318838438909053,-1.984182180667532e-06,-1.06947082792602e-05,8.7105260985926684e-06,-0,0,0,9.8975370857214926e-05,0,0.14681866454880294,0.001590888395628173,0.074204776472215572,0.072613888076587391,0,0,0,0,0,0,0,0,0,False,1,107826.19233513018,team09-risk-none,0,1,0.010827075567667266,0.043511827715491509,
2021-09-19T00:00:00Z,-7.4856718539328924e-05,-0.00039242826121775262,0.00031757154267842347,-1.4976293396904355e-06,-9.2652625310144925e-06,7.7676331913240585e-06,-0,0,0,-7.6354347879019368e-05,0,0.1466589860323825,0.0016887478597509137,0.074173866946066702,0.072485119086315788,0,0,0,0,0,0,0,0,0,False,1,107817.95933653016,team09-risk-none,0,1,0.010728690477142755,0.043424403545498001,
2021-09-19T08:00:00Z,0.00047085410478078435,-0.00087789777659921526,0.0013487518813799998,8.8718107219825516e-07,-7.7257853477020058e-06,8.612966419900262e-06,-0,0,0,0.00047174128585298264,0,0.14598287031097895,0.0016233419761424728,0.073803106143560712,0.072179764167418239,0,0,0,0,0,0,0,0,0,False,1,107868.82151930561,team09-risk-none,0,1,0.010801866594941645,0.043419976585882439,
2021-09-19T16:00:00Z,-0.00076000102222627806,-0.0020332432164826683,0.0012732421942563902,-2.0737670139260103e-07,-7.2874663112269112e-06,7.0800896098343098e-06,-0,0,0,-0.00076020839892767069,0,0.14367558900558192,0.0020737674439770624,0.072874678224779499,0.070800910780802431,0,0,0,0,0,0,0,0,0,False,1,107786.8187352042,team09-risk-none,0,1,0.010336304239841887,0.043163422363420446,
2021-09-20T00:00:00Z,-0.0013978757217100882,-0.006498126825004758,0.0051002511032946689,-1.2041744191999583e-06,-8.1614208656424195e-06,6.9572464464424623e-06,-0,0,0,-0.0013990798961292881,0,0.14047858691467624,0.0013334904308612786,0.070906038672768762,0.069572548241907492,0,0,0,0,0,0,0,0,0,False,1,107636.01636404404,team09-risk-none,0,1,0.011089640638249021,0.043207049805151825,
2021-09-20T08:00:00Z,0.001434345335595845,-0.00012593564510614351,0.0015602809807019886,1.9799203616501307e-07,-6.261979851605179e-06,6.4599718877701911e-06,-0,0,0,0.00143454332763201,0,0.1291374122695772,-6.1999905371919878e-05,0.064537706182102639,0.064599706087474562,0,0,0,0,0,0,0,0,0,False,1,107790.42489313197,team09-risk-none,0,1,0.012471820562493185,0.043551578892589003,
2021-09-20T16:00:00Z,-0.0012376660894859166,-0.0030325570343289893,0.0017948909448430726,1.9818566613061438e-06,-3.6598556996450429e-06,5.6417123609511863e-06,-0,0,0,-0.0012356842328246106,0,0.12723809177768192,0.0013622119449614237,0.06430015186132168,0.06293793991636025,0,0,0,0,0,0,0,0,0,False,1,107657.22996464207,team09-risk-none,0,1,0.011053404458480909,0.043756891040121544,
2021-09-21T00:00:00Z,0.002194599976860407,0.0033310850934320153,-0.0011364851165716087,2.6550197469169371e-06,-3.2479171329105724e-06,5.9029368798275109e-06,-0,0.00012397841693601648,6.1989208468008242e-05,0.0020112873712032991,0.12397841693601648,0.143739011433418,-3.4694469519536142e-18,0.071869505716708998,0.071869505716708998,13347.172942733001,0,0,0,0,0,0,0,0,False,1,107873.75959168869,team09-risk-none,0,1,0.012274765275295585,0.044027154193867095,
2021-09-21T08:00:00Z,-0.00018257884905851864,-9.2795686568818679e-05,-8.9783162489699936e-05,-2.1796512082605818e-07,-7.5043266395699423e-06,7.2863615187438827e-06,-0,0,0,-0.0001827968141793447,0,0.14790691382168658,0.0021796516833486271,0.07504328275251762,0.072863631069168988,0,0,0,0,0,0,0,0,0,False,1,107854.04061210179,team09-risk-none,0,1,0.010291009404048146,0.044378122629130302,
2021-09-21T16:00:00Z,-0.001724086828303125,-0.0069232827958074679,0.0051991959675043433,6.4722356174040245e-07,-6.6501177306064974e-06,7.2973412923468988e-06,-0,0,0,-0.0017234396047413846,0,0.14796066956058518,0.0020139381738104971,0.074987303867197833,0.072973365693387332,0,0,0,0,0,0,0,0,0,False,1,107668.16068697951,team09-risk-none,0,1,0.010471068925815619,0.04439529480735388,
2021-09-22T00:00:00Z,0.00097036801754847243,0.0051164640832276568,-0.0041460960656791836,4.9475540923414684e-07,-6.2913886633601267e-06,6.786144072594274e-06,-0,0,0,0.0009708627729577067,0,0.13599292509266159,0.00027011079037263762,0.068131517941517117,0.067861407151144471,0,0,0,0,0,0,0,0,0,False,1,107772.69169602332,team09-risk-none,0,1,0.012176612887198512,0.044884543422232255,
2021-09-22T08:00:00Z,0.0014612702405854374,0.0028333859090522314,-0.001372115668466794,3.6429109132258351e-06,-3.2181629481627042e-06,6.8610738613885393e-06,-0,0,0,0.0014649131514986632,0,0.14523073391277694,0.0012398190453878806,0.073235276479082415,0.071995457433694537,0,0,0,0,0,0,0,0,0,False,1,107930.56932946124,team09-risk-none,0,1,0.011214459095090779,0.044931268460653186,
2021-09-22T16:00:00Z,0.003107246980213624,0.0051097578782406455,-0.0020025108980270215,2.6079197781932583e-07,-7.0610427454552592e-06,7.321834723274585e-06,-0,0,0,0.0031075077721914434,0,0.14913495234680474,0.0026982960708182221,0.075916624208811484,0.073218328137993241,0,0,0,0,0,0,0,0,0,False,1,108265.96441250959,team09-risk-none,0,1,0.0097693232292562771,0.045080595786719538,
2021-09-23T00:00:00Z,0.0010944210005962615,0.0017131603036307935,-0.00061873930303453213,1.0971900877928063e-05,3.9340151099102957e-06,7.0378857680177657e-06,-0,0,0,0.0011053929014741895,0,0.15578675039355194,0.0057990443409068164,0.080792897367229374,0.074993853026322554,0,0,0,0,0,0,0,0,0,False,1,108385.64084104243,team09-risk-none,0,1,0.0066815342794046551,0.046211173410303258,
2021-09-23T08:00:00Z,-0.0016765632751268131,-0.0027641050336182334,0.0010875417584914205,1.6123170535028874e-07,-7.1981771101318366e-06,7.3594088154821258e-06,-0,0,0,-0.0016764020434214626,0,0.15793848417583239,0.0068923646673088017,0.082415424421570599,0.075523059754261795,0,0,0,0,0,0,0,0,0,False,1,108203.94293125896,team09-risk-none,0,1,0.0055942772880522851,0.046295301575336373,
2021-09-23T16:00:00Z,0.00096504704989614919,0.0026606460253588288,-0.0016955989754626798,1.4934858304225865e-07,-7.0314584255520298e-06,7.1808070085942884e-06,-0,0,0,0.00096519639847919135,0,0.15436449431364502,0.005199681123537022,0.079782087718591022,0.074582406595053996,0,0,0,0,0,0,0,0,0,False,1,108308.38098727746,team09-risk-none,0,1,0.0072613128704299701,0.046531814317820171,
2021-09-24T00:00:00Z,7.4497154887360901e-07,-0.0013446609313088229,0.0013454059028576964,5.0098031504420655e-07,-5.4883429611362621e-06,5.9893232761804694e-06,-0,0.00011827645798459399,5.9138228992296996e-05,-0.00017616873511297316,0.11827645798459399,0.14131410627308899,-3.4694469519536142e-18,0.070657053136544495,0.070657053136544495,12810.331673221121,0,0,0,0,0,0,0,0,False,1,108289.3004367968,team09-risk-none,0,1,0.0063027756496806253,0.046543292701206572,
2021-09-24T08:00:00Z,0.00093425778723330022,-0.0037798347965935183,0.0047140925838268181,1.7387886713935328e-06,-4.6706936023674424e-06,6.409482273760975e-06,-0,0,0,0.00093599657590469375,0,0.13872642093162574,3.7319104318518301e-05,0.069381870017972136,0.069344550913653602,0,0,0,0,0,0,0,0,0,False,1,108390.65885121275,team09-risk-none,0,1,0.0064766042433566096,0.0465182816633255,
2021-09-24T16:00:00Z,0.00035123691654206826,0.0015857343316043912,-0.001234497415062323,-1.9565068019930888e-06,-4.8785612162151558e-06,2.9220544142220683e-06,-0,0,0,0.00034928040974007514,0,0.13007461045824464,0.00093352652490069025,0.06550406849157267,0.064570541966671974,0,0,0,0,0,0,0,0,0,False,1,108428.51758494829,team09-risk-none,0,1,0.0055503445393472184,0.046576022131074882,
2021-09-25T00:00:00Z,-0.0013871114145468304,-0.0017265728246375752,0.0003394614100907451,-2.3959036619460107e-06,-4.1255097520356452e-06,1.7296060900896339e-06,-0,0,0,-0.0013895073182087763,0,0.13278888978559211,0.0013114390831100164,0.067050164434351064,0.065738725351241048,0,0,0,0,0,0,0,0,0,False,1,108277.85536626147,team09-risk-none,0,1,0.0052034398677541782,0.04657531803038098,
2021-09-25T08:00:00Z,-5.9094080780549425e-05,5.4272912530841904e-05,-0.00011336699331139131,-1.4527295362192205e-06,-5.5907936702408157e-06,4.1380641340215959e-06,-0,0,0,-6.054681031676864e-05,0,0.13087843835861712,-9.1574826406334506e-05,0.065393431766105389,0.065485006592511719,0,0,0,0,0,0,0,0,0,False,1,108271.29948749111,team09-risk-none,0,1,0.0065847800032942105,0.046838779847794443,
2021-09-25T16:00:00Z,-0.00049731164585048438,-0.00060089808733982666,0.00010358644148934237,-2.5708864778762586e-07,-6.0198663425634436e-06,5.7627776947758194e-06,-0,0,0,-0.00049756873449827198,0,0.13111307138957973,-0.00013153670418105876,0.065490767342699346,0.065622304046880409,0,0,0,0,0,0,0,0,0,False,1,108217.42707402263,team09-risk-none,0,1,0.0066437404285188961,0.046772778540450734,
2021-09-26T00:00:00Z,-0.00099999911831668903,-0.0047461347550490406,0.003746135636732352,-8.7838856257390955e-07,-6.4889627262557063e-06,5.6105741636817977e-06,-0,0,0,-0.0010008775068792628,0,0.13043303621463417,-0.00065366769280709135,0.064889684260913544,0.06554335195372063,0,0,0,0,0,0,0,0,0,False,1,108109.1146854119,team09-risk-none,0,1,0.0071386203107323132,0.046746401735816928,
2021-09-26T08:00:00Z,0.0018297139948424456,0.0059059810380048426,-0.0040762670431623979,-1.1923481249310926e-06,-4.2447342676142083e-06,3.0523861426831161e-06,-0,0,0,0.0018285216467175144,0,0.12210362068328116,-0.0016559690229642409,0.060223825830158458,0.061879794853122699,0,0,0,0,0,0,0,0,0,False,1,108306.79454182164,team09-risk-none,0,1,0.0081326643397183762,0.046807633652728352,
2021-09-26T16:00:00Z,-0.00039815361085774378,-0.0015084235840377635,0.00111026997318002,-3.9495480215030978e-07,-4.4972791389744348e-06,4.1023243368241256e-06,-0,0,0,-0.00039854856565989412,0,0.13178092286069004,0.0001874541276426292,0.065984188494166346,0.06579673436652371,0,0,0,0,0,0,0,0,0,False,1,108263.62902420577,team09-risk-none,0,1,0.006318221090263032,0.047137096013674447,
2021-09-27T00:00:00Z,0.00081610582903908296,0.0013252067795089144,-0.00050910095046983138,-6.9857377703812551e-07,-5.15277151914037e-06,4.4541977421022446e-06,-0,0.0001190478046794431,5.952390233972155e-05,0.00063683554824288011,0.11904780467944311,0.13691003386111916,-8.6736173798840355e-18,0.068455016930559567,0.068455016930559581,12888.547361961337,0,0,0,0,0,0,0,0,False,1,108332.57515175016,team09-risk-none,0.015852850105765474,1,0.0067145531184897855,0.047140061312062276,
2021-09-27T08:00:00Z,9.2087798807341103e-05,-0.00057660564006545973,0.00066869343887280099,-1.9084402810419575e-06,-6.9656564861430367e-06,5.0572162051010797e-06,-0,0,0,9.0179358526299149e-05,0,0.13851107425558332,0.00080232133857327352,0.069656697797078282,0.068854376458505034,0,0,0,0,0,0,0,0,0,False,1,108342.34451388485,team09-risk-none,0,1,0.0060831961453070571,0.047156753850833628,
2021-09-27T16:00:00Z,-0.00059301075343053545,-0.0027627404590046915,0.0021697297055741564,-3.4145350602955652e-07,-6.9078857775812814e-06,6.5664322715517253e-06,-0,0,0,-0.000593352206936565,0,0.13725645348558443,0.0009013092404936765,0.069078881363039052,0.068177572122545368,0,0,0,0,0,0,0,0,0,False,1,108278.05934466285,team09-risk-none,0,1,0.0059920077675970074,0.047070550255733673,
2021-09-28T00:00:00Z,-0.00066078215893938873,-0.00092283574888805953,0.00026205358994867085,-1.3017230440466026e-06,-4.3743358573774901e-06,3.0726128133308873e-06,-0,0,0,-0.00066208388198343523,0,0.13245034138447426,0.00033883280898827119,0.066394587096731267,0.066055754287743004,0,0,0,0,0,0,0,0,0,False,1,108206.3701867983,team09-risk-none,0,1,0.0065827585530578991,0.047127937054102939,
2021-09-28T08:00:00Z,-0.00074719781285368107,-0.001446540559824475,0.00069934274697079375,-1.6582060450578378e-06,-6.5461395636770804e-06,4.887933518619243e-06,-0,0,0,-0.00074885601889873891,0,0.13128674302141607,-0.00036373465055053282,0.065461504185432756,0.065825238835983291,0,0,0,0,0,0,0,0,0,False,1,108125.33919520074,team09-risk-none,0,1,0.0072408379990566152,0.047022071509022142,
2021-09-28T16:00:00Z,-6.1118635146227503e-05,-0.0011649934388195621,0.0011038748036733348,-1.6689837141708606e-06,-5.9548946556907894e-06,4.2859109415199297e-06,-0,0,0,-6.2787618860398373e-05,0,0.12930615850559252,-0.0010976356993113393,0.0641042614031406,0.065201897102451944,0,0,0,0,0,0,0,0,0,False,1,108118.5502626142,team09-risk-none,0,1,0.0079842823644729055,0.047115458481832947,
2021-09-29T00:00:00Z,0.00082942673357212511,0.003395025546426453,-0.0025655988128543273,-1.2610934156253177e-06,-4.9323900559252916e-06,3.6712966402999742e-06,-0,0,0,0.00082816564015649981,0,0.12706314181980297,-0.0011644370032456788,0.062949352408278647,0.064113789411524319,0,0,0,0,0,0,0,0,0,False,1,108208.09033100522,team09-risk-none,0,1,0.0080461640603988194,0.047113968467526371,
2021-09-29T08:00:00Z,-0.00098964196165103558,-0.0010164702796563979,2.6828318005362438e-05,3.6372687456123497e-06,-1.3421059479913891e-06,4.9793746936037394e-06,-0,0,0,-0.0009860046929054231,0,0.13285760829279741,-0.00032767069644432795,0.066264968798176546,0.066592639494620881,0,0,0,0,0,0,0,0,0,False,1,108101.39664612852,team09-risk-none,0,1,0.0072197989975691934,0.047147243145302754,
2021-09-29T16:00:00Z,-0.0010477632147866489,-0.0013611496143949289,0.00031338639960827981,-2.0911579533501252e-07,-5.3729783672834664e-06,5.1638625719484538e-06,-0,0,0,-0.001047972330581984,0,0.13192512462363873,-0.0013428938641574482,0.065291115379740639,0.06663400924389809,0,0,0,0,0,0,0,0,0,False,1,107988.1093735461,team09-risk-none,0,1,0.0082024997701515279,0.047132973589801175,
2021-09-30T00:00:00Z,-0.00059037853697924516,0.0010710081167267516,-0.001661386653705997,1.2445504158164169e-06,-2.6933958252564468e-06,3.9379462410728638e-06,-0,5.5699631609637723e-05,2.7849815804818861e-05,-0.0006726834339778854,0.055699631609637722,0.13857355349828426,8.6736173798840355e-19,0.069286776749142132,0.069286776749142132,6014.8979103277843,0,0,0,0,0,0,0,0,False,1,107915.46756130393,team09-risk-none,0,1,0.0092404358760235228,0.047254291156981959,
2021-09-30T08:00:00Z,0.00021279163383208118,0.00023475773839199199,-2.1966104559910751e-05,2.0792308280490998e-07,-5.7081912674292344e-06,5.9161143502341451e-06,-0,0,0,0.00021299955691488607,0,0.14137820252489008,-0.00061605198707479457,0.070381075268907634,0.070997127255982423,0,0,0,0,0,0,0,0,0,False,1,107938.45350807875,team09-risk-none,0,1,0.0099079297781536901,0.047318426745902128,
2021-09-30T16:00:00Z,0.00085216170878352454,0.0016920001374658245,-0.00083983842868229992,2.8417069447459665e-07,-6.4121332814924505e-06,6.6963039759670485e-06,-0,0,0,0.00085244587947799907,0,0.14160258254555097,-0.00036858489339250226,0.070616998826079247,0.070985583719471751,0,0,0,0,0,0,0,0,0,False,1,108030.46519800894,team09-risk-none,0,1,0.0096969650976715949,0.047098415199965223,
2021-10-01T00:00:00Z,-0.0014937113620212476,0.00015901886491233536,-0.0016527302269335826,3.3454467680144219e-07,-4.3591821038301123e-06,4.6937267806315552e-06,-0,0,0,-0.0014933768173444461,0,0.14398708840192945,0.00044922450011262126,0.072218156451021032,0.071768931950908416,0,0,0,0,0,0,0,0,0,False,1,107869.1350057153,team09-risk-none,0,1,0.0088527354281164872,0.047048044877406124,
2021-10-01T08:00:00Z,0.0015203972196586415,0.005308697453151684,-0.0037883002334930427,4.3385225444710354e-07,-5.3696083381549009e-06,5.8034605926020047e-06,-0,0,0,0.0015208310719130886,0,0.14607144644172654,-0.0010162452010685054,0.072527600620329008,0.073543845821397516,0,0,0,0,0,0,0,0,0,False,1,108033.18573793238,team09-risk-none,0,1,0.010332793494192138,0.047330009371047185,
2021-10-01T16:00:00Z,0.00098130759629185189,0.0027151596807800439,-0.001733852084488192,6.8977537762688799e-06,-8.1933661980188037e-07,7.7170903960707599e-06,-0,0,0,0.00098820535006812101,0,0.15482374330422535,0.00048299998725519037,0.077653371645740266,0.077170371658485074,0,0,0,0,0,0,0,0,0,False,1,108139.9447100635,team09-risk-none,0,1,0.0088212700181763415,0.047591184733160527,
2021-10-02T00:00:00Z,0.001422625153918294,0.00097794854812862861,0.00044467660578966531,6.191675538878346e-07,-6.0344069567237181e-06,6.6535745106115529e-06,-0,0,0,0.0014232443214721817,0,0.15918857108740037,0.0014794906757476895,0.080334030881574023,0.078854540205826329,0,0,0,0,0,0,0,0,0,False,1,108293.85427229642,team09-risk-none,0,1,0.0078480112022850657,0.04737647058382078,
2021-10-02T08:00:00Z,0.0002752552794876976,0.0023621552517135544,-0.0020868999722258572,7.5708421223186654e-06,-2.6099584788829927e-07,7.8318379702069636e-06,-0,0,0,0.00028282612161001624,0,0.15952205286829635,0.0028864793273550762,0.081204266097825717,0.078317786770470632,0,0,0,0,0,0,0,0,0,False,1,108324.48260309445,team09-risk-none,0,1,0.0064290295884357196,0.047594882103675712,
2021-10-02T16:00:00Z,-0.0011257167531173867,-0.0021240393086118833,0.00099832255549449638,-2.6481863392550569e-06,-1.0688025975617329e-05,8.0398396363622759e-06,-0,0,0,-0.0011283649394566418,0,0.16394145943497981,0.0031442408867367756,0.083542850160858301,0.080398609274121513,0,0,0,0,0,0,0,0,0,False,1,108202.25305484034,team09-risk-none,0,1,0.0061581778890916761,0.047563127984518352,
2021-10-03T00:00:00Z,0.0010385523152293089,0.0011126993094088993,-7.4146994179590436e-05,7.7900895268996198e-06,9.8661618645551215e-07,6.8034733404441066e-06,-0,4.1919199276274006e-05,2.0959599638137003e-05,0.00098346360584179748,0.041919199276274015,0.13737117261579321,3.4694469519536142e-18,0.06868558630789659,0.06868558630789659,4535.7518079476813,0,0,0,0,0,0,0,0,False,1,108308.66603278987,team09-risk-none,0,1,0.0072692318396316846,0.047753741184522441,
2021-10-03T08:00:00Z,-0.00098043829541556216,0.00025468121473881656,-0.0012351195101543788,6.3089240851081668e-06,-5.6014290068889711e-07,6.8690669857970639e-06,-0,0,0,-0.00097412937133045392,0,0.1384174149774714,0.0010369419845050413,0.069727178480988222,0.06869023649648319,0,0,0,0,0,0,0,0,0,False,1,108203.15938003772,team09-risk-none,0,1,0.0062943890918710776,0.047724363239107261,
2021-10-03T16:00:00Z,0.0018645438242356383,0.0021072689384289823,-0.00024272511419334394,7.9008036581940419e-06,1.3244883732620167e-07,7.7683548208678395e-06,-0,0,0,0.0018724446278938322,0,0.14001044798710816,5.5225553333267119e-05,0.070032836770220708,0.069977611216887448,0,0,0,0,0,0,0,0,0,False,1,108405.76380454001,team09-risk-none,0,1,0.0072608066051548237,0.047644360554772829,
2021-10-04T00:00:00Z,0.002767851227758614,0.0012323881236843404,0.0015354631040742741,1.4107331993344387e-05,7.0991072782285141e-06,7.0082247151158742e-06,-0,0,0,0.0027819585597519585,0,0.14209664595489474,0.0019341289717373662,0.072015387463316052,0.070081258491578688,0,0,0,0,0,0,0,0,0,False,1,108707.34414708249,team09-risk-none,0,1,0.00539578448342104,0.048042805720393385,
2021-10-04T08:00:00Z,-0.00063087931466799889,-0.0015352670972812268,0.0009043877826132279,2.2704513148070485e-05,1.5866091950092675e-05,6.8384211979778099e-06,-0,0,0,-0.0006081748015199284,0,0.14145966147879249,0.0046943427092145176,0.073077002094003501,0.068382659384788991,0,0,0,0,0,0,0,0,0,False,1,108641.23107963208,team09-risk-none,0,1,0.0026202623128932512,0.048858284912420495,
2021-10-04T16:00:00Z,-0.0029581484768528804,-0.0010679013371543314,-0.0018902471396985497,7.3521317448316824e-06,5.9909392295136378e-07,6.7530378218803199e-06,-0,0,0,-0.0029507963451080488,0,0.13910408874347108,0.0040443252830390537,0.071574207013255065,0.067529881730216013,0,0,0,0,0,0,0,0,0,False,1,108320.65293203427,team09-risk-none,0,1,0.0032421460311360395,0.048931014522465781,
2021-10-05T00:00:00Z,-0.00027809613694574964,0.0011817569812237476,-0.0014598531181694973,4.2932027800209481e-06,-4.2083206564925331e-06,8.5015234365134821e-06,-0,0,0,-0.00027380293416572868,0,0.14030487476740638,0.0010776443208860946,0.070691259544146234,0.069613615223260136,0,0,0,0,0,0,0,0,0,False,1,108290.99441943073,team09-risk-none,0,1,0.0061864154556932061,0.048323145099746431,
2021-10-05T08:00:00Z,-0.0035785715340893895,-0.003033900654570701,-0.00054467087951868805,1.5140059045375242e-05,4.7746520309618365e-06,1.0365407014413407e-05,-0,0,0,-0.0035634314750440143,0,0.14295646428770312,0.00078365423557531615,0.07187005926163921,0.071086405026063906,0,0,0,0,0,0,0,0,0,False,1,107905.10688145271,team09-risk-none,0,1,0.0064477477758437818,0.048340574750859094,
2021-10-05T16:00:00Z,-0.00063505524236246954,0.00073166635570109538,-0.0013667215980635648,1.4457916606995389e-07,-8.4422892294582375e-06,8.5868683955281908e-06,-0,0,0,-0.00063491066319639974,0,0.14098652078615842,-0.0027799096409752422,0.069103305572591589,0.071883215213566817,0,0,0,0,0,0,0,0,0,False,1,107836.59677848032,team09-risk-none,0,1,0.010003048620738864,0.047899579466552426,
2021-10-06T00:00:00Z,-0.0022507356713583294,-0.0034942243249299755,0.0012434886535716456,4.5538620577205409e-06,-6.4757947774034485e-06,1.1029656835123989e-05,-0,9.3965737754749421e-05,4.698286887737471e-05,-0.002387130415932733,0.093965737754749437,0.1385717243849835,7.8062556418956319e-18,0.069285862192491748,0.069285862192491748,10132.945373251339,0,0,0,0,0,0,0,0,False,1,107579.17675835974,team09-risk-none,0,1,0.010627245837208976,0.047727493011767534,
2021-10-06T08:00:00Z,-0.00022733999811676671,0.0023959563436911245,-0.0026232963418078912,-4.7119807067112121e-06,-8.6886829750800218e-06,3.9767022683688089e-06,-0,0,0,-0.00023205197882347791,0,0.13416135828647979,-0.0022351970350238904,0.065963080625727949,0.068198277660751844,0,0,0,0,0,0,0,0,0,False,1,107554.21279751277,team09-risk-none,0,1,0.012998153078381147,0.048520013629608109,
2021-10-06T16:00:00Z,-0.00062746308387753109,-0.0019126626245992149,0.0012851995407216839,5.5463597194733864e-06,5.1858355605032928e-07,5.0277761634230561e-06,-0,0,0,-0.00062191672415805766,0,0.1392564174006663,-0.0024641332029389559,0.068396142098863688,0.070860275301802639,0,0,0,0,0,0,0,0,0,False,1,107487.32303382034,team09-risk-none,0,1,0.013217066110943199,0.048297966435789388,
2021-10-07T00:00:00Z,0.00085515778838788498,0.0016196979411661138,-0.00076454015277822905,2.6260587583212439e-06,-9.1581779502657334e-06,1.1784236708586979e-05,-0,0,0,0.00085778384714620625,0,0.13607934736126984,-0.0031042784417398472,0.066487534459764991,0.069591812901504846,0,0,0,0,0,0,0,0,0,False,1,107579.52392329174,team09-risk-none,0,1,0.013833642815640479,0.048354536557554943,
2021-10-07T08:00:00Z,-0.00096081982686063239,-0.001998109790275347,0.0010372899634147146,3.9534424254887365e-06,-9.4390566536709146e-06,1.3392499079159649e-05,-0,0,0,-0.00095686638443514367,0,0.13836884324316903,-0.002243505612941437,0.068062668815113803,0.070306174428055229,0,0,0,0,0,0,0,0,0,False,1,107476.584693196,team09-risk-none,0,1,0.01298641510331644,0.046459020975220484,
2021-10-07T16:00:00Z,0.0020305563871947934,0.001479950175138581,0.00055060621205621268,2.7015441925642308e-06,-1.7034315231308962e-05,1.9735859423873193e-05,-0,0,0,0.0020332579313873575,0,0.13544372515575118,-0.0032050581363202461,0.066119333509715467,0.06932439164603571,0,0,0,0,0,0,0,0,0,False,1,107695.11231146187,team09-risk-none,0,1,0.013932089677024417,0.046372978115527437,
2021-10-08T00:00:00Z,0.00061017624108124441,0.0013943219220825974,-0.00078414568100135284,9.2418790189907985e-06,-8.2056687684660412e-06,1.7447547787456841e-05,-0,0,0,0.00061941812010023526,0,0.1360706163249768,-0.0011990381589381269,0.067435789083019324,0.068634827241957436,0,0,0,0,0,0,0,0,0,False,1,107761.82061547381,team09-risk-none,0,1,0.011920696967720801,0.046171914817543645,
2021-10-08T08:00:00Z,0.00072832745004245173,0.00084764545703722302,-0.0001193180069947713,1.2580812468217216e-07,-1.9675604524846709e-05,1.9801412649528885e-05,-0,0,0,0.00072845325816713394,0,0.13820260186640165,-0.00057632338802633166,0.068813139239187665,0.069389462627213988,0,0,0,0,0,0,0,0,0,False,1,107840.32006480718,team09-risk-none,0,1,0.011317675640353464,0.046057615840674582,
2021-10-08T16:00:00Z,0.0012908349320665006,-0.00010795163927412883,0.0013987865713406293,1.220024262821614e-05,-1.8919944209269185e-05,3.1120186837485323e-05,-0,0,0,0.0013030351746947169,0,0.13908395139644275,0.00017977516191250952,0.069631863279177628,0.069452088117265123,0,0,0,0,0,0,0,0,0,False,1,107980.83979510196,team09-risk-none,0,1,0.010585520305299356,0.045990176526214482,
2021-10-09T00:00:00Z,-0.00013220530326497475,0.00087889211597846808,-0.001011097419243443,4.9198460354242383e-06,-6.8399303325675602e-06,1.1759776367991798e-05,-0,0.00010981572109271559,5.4907860546357793e-05,-0.00029200903886862384,0.10981572109271558,0.14144632574654656,1.0408340855860843e-17,0.070723162873273265,0.070723162873273265,11857.99378629612,0,0,0,0,0,0,0,0,False,1,107949.30841385716,team09-risk-none,0,1,0.0093034910639080426,0.045588346119289115,
2021-10-09T08:00:00Z,-6.8710342233502237e-05,0.001036638546596334,-0.0011053488888298363,4.6781539318739968e-06,-1.0394757977916664e-05,1.5072911909790661e-05,-0,0,0,-6.4032188301628236e-05,0,0.14339986554408779,-0.00014155895467427536,0.07162915329470676,0.07177071224938103,0,0,0,0,0,0,0,0,0,False,1,107942.39618341377,team09-risk-none,0,1,0.0095930227717189176,0.044199818459370509,
2021-10-09T16:00:00Z,-3.8561495237831354e-05,0.00012551755068870854,-0.00016407904592653989,1.2314965145279358e-05,-6.2371824991088678e-06,1.8552147644388229e-05,-0,0,0,-2.6246530092551992e-05,0,0.14556220783449678,-0.00021544164157322361,0.072673383096461777,0.072888824738034999,0,0,0,0,0,0,0,0,0,False,1,107939.56307006409,team09-risk-none,0,1,0.0096488776663621323,0.044202315104674976,
2021-10-10T00:00:00Z,0.00039778568849589766,-2.3615022265053526e-05,0.00042140071076095123,6.8891476053117619e-06,-1.7829144022830684e-05,2.4718291628142445e-05,-0,0,0,0.00040467483610120948,0,0.14581807031447674,-0.00025711156135982405,0.072780479376558474,0.073037590937918298,0,0,0,0,0,0,0,0,0,False,1,107983.24349505831,team09-risk-none,0,1,0.0096802442041807879,0.044048241468304855,
2021-10-10T08:00:00Z,-1.3205953605760623e-05,-0.0011426701705891439,0.0011294642169833832,4.6497438605870424e-07,-2.3356736996047721e-05,2.3821711382106425e-05,-0,0,0,-1.274097921970192e-05,0,0.14534085249683756,0.00015623166452252528,0.072748542080680045,0.072592310416157518,0,0,0,0,0,0,0,0,0,False,1,107981.86768279686,team09-risk-none,0,1,0.0092858512356592815,0.044010313001359082,
2021-10-10T16:00:00Z,0.00014896691266620083,-0.0035658892000432307,0.003714856112709432,8.647355227804544e-06,-1.6657375014382852e-05,2.5304730242187395e-05,-0,0,0,0.00015761426789400539,0,0.14304778875984706,0.00012348431730373026,0.071585636538575387,0.071462152221271669,0,0,0,0,0,0,0,0,0,False,1,107998.8871658175,team09-risk-none,0,1,0.0092903676106236288,0.041835389662868053,
2021-10-11T00:00:00Z,0.00075421755038462671,0.0033133181116120408,-0.0025591005612274143,1.0273761233339665e-05,3.4979718687112703e-06,6.7757893646283972e-06,-0,0,0,0.00076449131161796641,0,0.13580580106005913,0.00029140601002961876,0.068048603535044369,0.067757197525014759,0,0,0,0,0,0,0,0,0,False,1,108081.45137672019,team09-risk-none,0,1,0.0091326061010954529,0.040443540658582543,
2021-10-11T08:00:00Z,-0.0005935382918030121,-0.0015904961195246539,0.0009969578277216418,4.2708136621619215e-07,-9.5710068251874764e-06,9.9980881914036697e-06,-0,0,0,-0.00059311121043679593,0,0.14153554418142777,0.001031223158477302,0.071283383669952544,0.070252160511475231,0,0,0,0,0,0,0,0,0,False,1,108017.34705626838,team09-risk-none,0,1,0.008384860700152208,0.040449082098461125,
2021-10-11T16:00:00Z,0.00015624089956128745,-0.0010046972920406821,0.0011609381916019698,2.7003311843859288e-06,-5.183600162281011e-06,7.8839313466669402e-06,-0,0,0,0.00015894123074567336,0,0.13901729384717132,0.0004389221296547275,0.069728107988413016,0.06928918585875829,0,0,0,0,0,0,0,0,0,False,1,108034.51546635138,team09-risk-none,0,1,0.0089707459047214666,0.039979450406579305,
2021-10-12T00:00:00Z,0.00096057534957387459,-0.0012567980310949748,0.0022173733806688497,1.0071119635518791e-05,3.2585253568252264e-06,6.8125942786935629e-06,-0,4.1378828852393928e-05,2.0689414426196964e-05,0.00090857822593080244,0.041378828852393926,0.14223727660483851,-3.4694469519536142e-18,0.071118638302419254,0.071118638302419254,4470.3417256334587,0,0,0,0,0,0,0,0,False,1,108132.67327475309,team09-risk-none,0,1,0.0088059246871051711,0.039954021951152378,
2021-10-12T08:00:00Z,-0.00011289623011441405,0.00055366139702193442,-0.00066655762713634852,4.7740485211194025e-06,-1.4461834177471994e-06,6.2202319388666017e-06,-0,0,0,-0.00010812218159329465,0,0.13862249004046395,0.00096700624494292474,0.069794748142703436,0.068827741897760503,0,0,0,0,0,0,0,0,0,False,1,108120.98173421712,team09-risk-none,0,1,0.0079106024756065985,0.039953209686358855,
2021-10-12T16:00:00Z,1.6723569667437807e-05,0.00059683360881281305,-0.0005801100391453752,2.7619117290915772e-06,-3.4779610281350413e-06,6.2398727572266189e-06,-0,0,0,1.9485481396529387e-05,0,0.13988092245790132,0.00084105499523721115,0.070360988726569262,0.069519933731332056,0,0,0,0,0,0,0,0,0,False,1,108123.08852359527,team09-risk-none,0,1,0.0080198653398154685,0.039942697223723914,
2021-10-13T00:00:00Z,0.00064571869656049731,-0.0009384806349064796,0.001584199331466977,-3.8142897433032673e-07,-7.6399198271092735e-06,7.2584908527789454e-06,-0,0,0,0.00064533726758616693,0,0.14106877305979096,0.00088012949008864881,0.070974451274939801,0.070094321784851144,0,0,0,0,0,0,0,0,0,False,1,108192.86438210607,team09-risk-none,0,1,0.0080036543130362903,0.039940029296646834,
2021-10-13T08:00:00Z,-0.00094334846082839562,0.00059389099388436014,-0.0015372394547127557,7.9780152517876602e-06,2.387107983715738e-07,7.739304453416086e-06,-0,0,0,-0.00093537044557660798,0,0.13845721060938138,0.0015222995057108061,0.069989755057546094,0.068467455551835282,0,0,0,0,0,0,0,0,0,False,1,108091.66397434077,team09-risk-none,0,1,0.0073551842090819886,0.039586700812838438,
2021-10-13T16:00:00Z,0.00096038986862323418,0.0029291654364407842,-0.0019687755678175502,1.9234280146725021e-06,-4.3380852260683958e-06,6.2615132407408987e-06,-0,0,0,0.00096231329663790663,0,0.14069831566539048,0.00056962270252263261,0.070633969183956563,0.070064346481433934,0,0,0,0,0,0,0,0,0,False,1,108195.68201983899,team09-risk-none,0,1,0.0082896792178296375,0.039729278526655087,
2021-10-14T00:00:00Z,0.00020680277128908562,0.0004684276122348494,-0.00026162484094576383,3.5961259604140864e-06,-2.5709343988951138e-06,6.1670603593092014e-06,-0,0,0,0.0002103988972494997,0,0.14538117453750032,0.0015463377583595922,0.073463756147929965,0.071917418389570387,0,0,0,0,0,0,0,0,0,False,1,108218.44627202312,team09-risk-none,0,1,0.0073336827647894065,0.039764302856228589,
2021-10-14T08:00:00Z,0.00086854759818186873,0.0017098601437664338,-0.00084131254558456503,-8.6939814238205667e-06,-1.8104635927781115e-05,9.4106545039605533e-06,-0,0,0,0.00085985361675804811,0,0.14615462276284685,0.0017220015043278858,0.073938312133587369,0.072216310629259484,0,0,0,0,0,0,0,0,0,False,1,108311.49829445007,team09-risk-none,0,1,0.0071370293649216654,0.039738161708456392,
2021-10-14T16:00:00Z,-0.00029530616169165053,-0.00073637922901555544,0.00044107306732390491,-6.351335476872225e-07,-1.4735372428552816e-05,1.4100238880865591e-05,-0,0,0,-0.00029594129523933778,0,0.14852188713835951,0.00261970815846394,0.075570797648411736,0.072951089489947801,0,0,0,0,0,0,0,0,0,False,1,108279.44444935549,team09-risk-none,0,1,0.0062753042674358328,0.039188915085632797,
2021-10-15T00:00:00Z,-0.00022625899601648951,0.00017978905181383859,-0.00040604804783032808,-5.4459094150841101e-06,-1.6382247300775137e-05,1.0936337885691026e-05,-0,9.7575090049118878e-05,4.8787545024559439e-05,-0.00037806754050525194,0.097575090049118879,0.13601489828767321,-1.0408340855860843e-17,0.068007449143836607,0.068007449143836607,10565.376542614427,0,0,0,0,0,0,0,0,False,1,108238.50750610525,team09-risk-none,0,1,0.0065741676160497864,0.039167269679762855,
2021-10-15T08:00:00Z,-0.00095231050181857329,-0.0010477854394158677,9.5474937597294401e-05,1.5279257397361133e-05,-1.148370849162085e-05,2.6762965888981985e-05,-0,0,0,-0.00093703124442121217,0,0.13657051664562322,-0.00025528233555640462,0.068157617155033406,0.068412899490589804,0,0,0,0,0,0,0,0,0,False,1,108137.0846427225,team09-risk-none,0,1,0.0069291684329989556,0.039196748814520961,
2021-10-15T16:00:00Z,0.0005690060042115784,0.0011402631921552256,-0.00057125718794364723,6.8024119753324539e-06,-9.8007311961316536e-06,1.6603143171464105e-05,-0,0,0,0.00057580841618691081,0,0.13561082020822207,-0.0011928788772774188,0.067208970665472323,0.068401849542749749,0,0,0,0,0,0,0,0,0,False,1,108199.3508861617,team09-risk-none,0,1,0.0078681169215027991,0.039350615039945809,
2021-10-16T00:00:00Z,0.00017915913762213772,0.00038651588003140353,-0.00020735674240926583,6.2727649002695484e-06,-2.2732318230561045e-05,2.9005083130830596e-05,-0,0,0,0.00018543190252240727,0,0.1372594198203983,-0.00061648435104232069,0.068321467734677982,0.068937952085720303,0,0,0,0,0,0,0,0,0,False,1,108219.41449764821,team09-risk-none,0,1,0.0072973648120078227,0.039219805314654077,
2021-10-16T08:00:00Z,-0.00094184601217949557,-6.2672180945712514e-05,-0.000879173831233783,1.1691971436190382e-05,-2.391917084503266e-05,3.5611142281223046e-05,-0,0,0,-0.0009301540407433052,0,0.13781802700963458,-0.00044337857345759166,0.068687324218088486,0.069130702791546067,0,0,0,0,0,0,0,0,0,False,1,108118.75377196634,team09-risk-none,0,1,0.0071079054493078386,0.039216727461141972,
2021-10-16T16:00:00Z,-2.0245029857239917e-05,-0.00087468972652418283,0.00085444469666694299,9.1190316843273812e-06,-1.8497032073479976e-05,2.7616063757807357e-05,-0,0,0,-1.1125998172912536e-05,0,0.1387584854904253,-0.0013826902747199523,0.068687897607852683,0.07007058788257263,0,0,0,0,0,0,0,0,0,False,1,108117.55084290942,team09-risk-none,0,1,0.0080340002885554984,0.038951591904016696,
2021-10-17T00:00:00Z,0.00055203574209623069,0.00044238590363562884,0.00010964983846060193,1.1401388655057193e-05,-1.853565865246039e-05,2.9937047307517585e-05,-0,0,0,0.00056343713075128791,0,0.13701412685763589,-0.0014112212763625273,0.067801452790636679,0.069212674066999214,0,0,0,0,0,0,0,0,0,False,1,108178.46828554021,team09-risk-none,0,1,0.0080427729257762648,0.038919609893010604,
2021-10-17T08:00:00Z,0.0005610785705523853,-0.00051358024844976903,0.0010746588190021543,9.4379745520652691e-06,-2.1910356158636402e-05,3.1348330710701668e-05,-0,0,0,0.00057051654510445059,0,0.13727276021509377,-0.00084262199585608683,0.068215069109618831,0.069057691105474911,0,0,0,0,0,0,0,0,0,False,1,108240.18589152116,team09-risk-none,0,1,0.0074858160898799708,0.037373269054573673,
2021-10-17T16:00:00Z,0.00023587875484914859,-0.00011185725858740455,0.0003477360134365531,-2.0188888389766521e-06,-2.8172541433051246e-05,2.6153652594074593e-05,-0,0,0,0.00023385986601017191,0,0.13562673708550074,-0.00029886232373520227,0.067663937380882777,0.067962799704617965,0,0,0,0,0,0,0,0,0,False,1,108265.49892689066,team09-risk-none,0,1,0.0069309478061471141,0.037382373065280659,
2021-10-18T00:00:00Z,0.00010323700529115718,-3.6654471577782349e-05,0.00013989147686893952,-9.5275920051560359e-07,-1.0462000825359177e-05,9.5092416248435717e-06,-0,5.2265552606284634e-05,2.6132776303142317e-05,2.3885917181214623e-05,0.05226555260628464,0.13571637154053437,-1.0408340855860843e-17,0.067858185770267185,0.067858185770267185,5658.5561296090573,0,0,0,0,0,0,0,0,False,1,108268.08494763162,team09-risk-none,0,1,0.0066976498205778556,0.037309841103879686,
2021-10-18T08:00:00Z,-0.0015245111659484467,-0.0013304148456933043,-0.00019409632025514249,-3.0855034455388583e-06,-1.8279804390105691e-05,1.5194300944566834e-05,-0,0,0,-0.0015275966693939855,0,0.13556313316771745,9.5477413135702793e-05,0.067829305290426578,0.067733827877290875,0,0,0,0,0,0,0,0,0,False,1,108102.69498166395,team09-risk-none,0,1,0.0066760423953962089,0.037012505664797864,
2021-10-18T16:00:00Z,0.0004670856233839649,0.00030168479801747885,0.00016540082536648597,4.7362623948233953e-06,-1.477959570626673e-05,1.9515858101090125e-05,-0,0,0,0.0004718218857787883,0,0.13462913804553231,-0.0014351777220519939,0.066596980161740163,0.06803215788379216,0,0,0,0,0,0,0,0,0,False,1,108153.70019906797,team09-risk-none,0,1,0.0081856830620605781,0.037418143263866284,
2021-10-19T00:00:00Z,-0.00048941179171066071,0.00046013079591708468,-0.00094954258762774534,4.9906803023830904e-06,-1.8264577948583972e-06,6.8171380972414873e-06,-0,0,0,-0.00048442111140827764,0,0.13473568397870761,-0.00093692521527923359,0.066899379381714183,0.067836304596993413,0,0,0,0,0,0,0,0,0,False,1,108101.30826341463,team09-risk-none,0,1,0.0077174709075156223,0.03744916388854224,
2021-10-19T08:00:00Z,0.00088752577999225862,-0.00022766179321701726,0.001115187573209276,5.0171723870835699e-06,-9.6596494121449942e-06,1.4676821799228563e-05,-0,0,0,0.00089254295237934213,0,0.13616669566497033,-0.0014428035174303584,0.067361946073769996,0.068804749591200365,0,0,0,0,0,0,0,0,0,False,1,108197.79332424812,team09-risk-none,0,1,0.0081981272383222503,0.037491029150305999,
2021-10-19T16:00:00Z,0.0002992731933401473,0.0010840253635576612,-0.00078475217021751369,2.1857838371849946e-07,-7.8958297521535673e-06,8.1144081358720672e-06,-0,0,0,0.00029949177172386578,0,0.13469412204696121,-0.00056766557174085103,0.067063228237610184,0.067630893809351028,0,0,0,0,0,0,0,0,0,False,1,108230.19767306742,team09-risk-none,0,1,0.007317664945091118,0.037580683908554388,
2021-10-20T00:00:00Z,0.00075527939487831416,0.0004213622884666207,0.0003339171064116934,-5.0354934389469731e-06,-1.0757116614855295e-05,5.7216231759083212e-06,-0,0,0,0.00075024390143936721,0,0.13654857700615197,-0.00025733669667021841,0.068145620154740877,0.068402956851411095,0,0,0,0,0,0,0,0,0,False,1,108311.39671882322,team09-risk-none,0,1,0.007025581938988168,0.037486645817721646,
2021-10-20T08:00:00Z,8.6738641144832424e-05,0.0030689567592204051,-0.0029822181180755723,1.6092566102731584e-05,-2.3957292226440158e-06,1.8488295325375598e-05,-0,0,0,0.00010283120724756402,0,0.13652165732802571,0.00050171125587137808,0.068511684291948538,0.06800997303607717,0,0,0,0,0,0,0,0,0,False,1,108322.53451050649,team09-risk-none,0,1,0.0062596134693679861,0.037215768271361152,
2021-10-20T16:00:00Z,0.0012105465345296071,0.0021079628728426906,-0.00089741633831308312,4.4234096458654144e-06,-2.1527924343428048e-05,2.5951333989293463e-05,-0,0,0,0.0012149699441754726,0,0.14255291004867859,0.00060713212549615841,0.071580021087087373,0.070972888961591207,0,0,0,0,0,0,0,0,0,False,1,108454.14313421366,team09-risk-none,0,1,0.0061690230635931265,0.036903656099519948,
2021-10-21T00:00:00Z,0.00042816111744128313,0.00044250700702691586,-1.4345889585632738e-05,1.0942559113455939e-05,-2.2327541877982787e-05,3.3270100991438728e-05,-0,7.1860359033481866e-05,3.5930179516740933e-05,0.00033131313800451625,0.071860359033481869,0.13403308666948893,-3.4694469519536142e-18,0.067016543334744466,0.067016543334744466,7793.5536642932266,0,0,0,0,0,0,0,0,False,1,108490.07541670505,team09-risk-none,0,1,0.0049550615213258542,0.036838805803526685,
2021-10-21T08:00:00Z,-0.00026950033555762085,-0.0015086682125314123,0.0012391678769737911,1.8005059602125856e-06,-4.7724357287991428e-05,4.9524863248204014e-05,-0,0,0,-0.00026769982959740828,0,0.1344573980135424,0.00042876589424023503,0.067443081953891315,0.067014316059651066,0,0,0,0,0,0,0,0,0,False,1,108461.03264200299,team09-risk-none,0,1,0.004634489728320812,0.036217464670376703,
2021-10-21T16:00:00Z,0.0011831828774535118,0.00057518681378852289,0.00060799606366498883,2.5002654955861505e-06,-3.9218032901595663e-05,4.1718298397181817e-05,-0,0,0,0.001185683142949098,0,0.13175922563551784,0.00015084871081157136,0.065955037173164699,0.065804188462353128,0,0,0,0,0,0,0,0,0,False,1,108589.63306007347,team09-risk-none,0,1,0.0049002525770117655,0.03622578965176499,
2021-10-22T00:00:00Z,0.001210273268614325,0.0028555157663208877,-0.0016452424977065627,7.6315703666770048e-06,-1.525751387533367e-05,2.2889084242010673e-05,-0,0,0,0.001217904838981002,0,0.13153564720195332,0.0013447417584939447,0.066440194480223619,0.065095452721729688,0,0,0,0,0,0,0,0,0,False,1,108721.8848996405,team09-risk-none,0,1,0.0037152673792520963,0.035880317664234732,
2021-10-22T08:00:00Z,0.0011651483813731574,9.937032874543046e-05,0.0010657780526277269,-8.3501885055736264e-07,-2.6496247702526596e-05,2.5661228851969229e-05,-0,0,0,0.0011643133625226,0,0.13586560341911472,0.002536497243238723,0.069201050331176711,0.066664553087938005,0,0,0,0,0,0,0,0,0,False,1,108848.4712430278,team09-risk-none,0,1,0.0025103327247035789,0.035964737377080148,
2021-10-22T16:00:00Z,0.00016041425748696483,0.00047855576752405096,-0.00031814151003708611,-1.6154523090835966e-06,-2.6397236871497099e-05,2.4781784562413506e-05,-0,0,0,0.00015879880517788124,0,0.1347658723095041,0.0037072849402145745,0.069236578624859338,0.06552929368464476,0,0,0,0,0,0,0,0,0,False,1,108865.75625020663,team09-risk-none,0,1,0.0013497215574663768,0.035839239781216489,
2021-10-23T00:00:00Z,-0.00040456790979724356,-4.3896670951175561e-05,-0.00036067123884606794,-4.9150379529124548e-07,-2.7241215159365404e-05,2.674971136407416e-05,-0,0,0,-0.00040505941359253483,0,0.13551681695725268,0.0038705945433233878,0.069693705750288035,0.065823111206964643,0,0,0,0,0,0,0,0,0,False,1,108821.65915081961,team09-risk-none,0,1,0.0011900144749086294,0.034229136080262325,
2021-10-23T08:00:00Z,-0.00046952066066462068,0.00019859681984355372,-0.00066811748050817446,-4.0143886031602158e-06,-2.2310469128903315e-05,1.8296080525743096e-05,-0,0,0,-0.00047353504926778091,0,0.1359326453988996,0.0034506296994882175,0.069691637549193913,0.066241007849705685,0,0,0,0,0,0,0,0,0,False,1,108770.12828109223,team09-risk-none,0,1,0.0015981091309089646,0.034067703025177427,
2021-10-23T16:00:00Z,-7.6892436767370069e-05,0.00019252075893483854,-0.00026941319570220865,-1.5178328011947845e-06,-2.0191600409524457e-05,1.8673767608329668e-05,-0,0,0,-7.8410269568564861e-05,0,0.13680716081460967,0.0030046500494897016,0.069905905432049692,0.066901255382559977,0,0,0,0,0,0,0,0,0,False,1,108761.5995860127,team09-risk-none,0,1,0.0020683960237734,0.03357464951579215,
2021-10-24T00:00:00Z,0.0014415612051759607,0.0014117222618409044,2.983894333505629e-05,9.0945208803240259e-06,-2.1416361629061982e-05,3.0510882509386008e-05,-0,6.8242134345757922e-05,3.4121067172878961e-05,0.0013482925245376478,0.068242134345757918,0.13625579274589497,0,0.068127896372947472,0.068127896372947472,7422.1236906082077,0,0,0,0,0,0,0,0,False,1,108908.24203769128,team09-risk-none,0,1,0.0021360545210439286,0.033424904140092651,
2021-10-24T08:00:00Z,0.00048306425535779373,-0.001667937397262425,0.0021510016526202188,7.6356886206631339e-06,-3.2527873049765724e-05,4.0163561670428864e-05,-0,0,0,0.00049069994397845686,0,0.13741204594342421,0.0014463099591751488,0.069429177951299673,0.067982867992124524,0,0,0,0,0,0,0,0,0,False,1,108961.68330595797,team09-risk-none,0,1,0.00079209968843774181,0.03372137966033481,
2021-10-24T16:00:00Z,-0.00037740027876309812,0.00086043148262144459,-0.0012378317613845424,1.0636606994491028e-05,-3.1396179974128586e-05,4.2032786968619618e-05,-0,0,0,-0.00036676367176860709,0,0.13356283691232504,0.0019298193124165815,0.067746328112370802,0.065816508799954224,0,0,0,0,0,0,0,0,0,False,1,108921.72011890658,team09-risk-none,0,1,0.00029878843790764886,0.033615286746990658,
2021-10-25T00:00:00Z,0.0023521681210133074,0.0032795089283649188,-0.00092734080735161137,6.0182296966045371e-06,-1.8207872392109988e-05,2.4226102088714528e-05,-0,0,0,0.002358186350709912,0,0.13570848599775481,0.0015545773890471536,0.068631531693400985,0.067076954304353828,0,0,0,0,0,0,0,0,0,False,1,109178.57783258683,team09-risk-none,0,1,0.00067005777987427795,0.033631965758028314,
2021-10-25T08:00:00Z,0.0027812671275330393,0.0038657737260644003,-0.001084506598531361,1.0932288526617411e-05,-1.9072670934338028e-05,3.0004959460955441e-05,-0,0,0,0.0027921994160596568,0,0.1395779630585286,0.0038917938385858233,0.071734878448557221,0.067843084609971405,0,0,0,0,0,0,0,0,0,False,1,109483.4261938572,team09-risk-none,0,1,0,0.034192933902315932,
2021-10-25T16:00:00Z,8.9120580079833218e-06,0.00066361091401153077,-0.00065469885600354745,2.2213900544904242e-06,-3.8935712708755232e-05,4.1157102763245659e-05,-0,0,0,1.1133448062473747e-05,0,0.14412208409350633,0.0066514631001051358,0.075386773596805734,0.068735310496700591,0,0,0,0,0,0,0,0,0,False,1,109484.64512189644,team09-risk-none,0,1,0,0.035460147697890118,
2021-10-26T00:00:00Z,0.00068916222644032656,0.0017524873277314609,-0.0010633251012911345,3.115714765083571e-06,-3.3997249052222645e-05,3.7112963817306211e-05,-0,0,0,0.0006922779412054102,0,0.14543071541169456,0.006667647115959574,0.076049181263827065,0.069381534147867491,0,0,0,0,0,0,0,0,0,False,1,109560.43892661502,team09-risk-none,0,1,0,0.035394725490001042,
2021-10-26T08:00:00Z,-0.00082131784533370235,-0.00056861496296088535,-0.00025270288237281679,3.0421210235486234e-06,-5.2346896387812111e-05,5.5389017411360732e-05,-0,0,0,-0.00081827572431015367,0,0.14814631211727569,0.0073460640325652624,0.07774618807492048,0.070400124042355211,0,0,0,0,0,0,0,0,0,False,1,109470.78827909661,team09-risk-none,0,1,0,0.035221483186252539,
2021-10-26T16:00:00Z,0.00018626297365756416,-0.001460220152098081,0.0016464831257556453,-6.4637134426704053e-06,-5.8688059953418435e-05,5.2224346510748026e-05,-0,0,0,0.00017979926021489376,0,0.14795921078745231,0.0065363520281415018,0.077247781407796895,0.070711429379655397,0,0,0,0,0,0,0,0,0,False,1,109490.47104584433,team09-risk-none,0,1,0.00082777375148868071,0.034876702734709421,
2021-10-27T00:00:00Z,0.00047170243211140688,-2.1891333659520451e-05,0.00049359376577092764,-8.537524548976981e-06,-3.9281278229969424e-05,3.0743753680992446e-05,-0,9.2311275808757687e-05,4.6155637904378843e-05,0.00032469799384929332,0.092311275808757684,0.13210449915500794,0,0.066052249577503969,0.066052249577503969,10107.205071143733,0,0,0,0,0,0,0,0,False,1,109526.02238213853,team09-risk-none,0,1,0.00065019580479885875,0.034829353685119226,
2021-10-27T08:00:00Z,0.0014148479983425288,-0.0025269681703289745,0.0039418161686715037,9.611233687005517e-06,-2.1903233843106293e-05,3.1514467530111817e-05,-0,0,0,0.0014244592320295341,0,0.13157388095775707,0.00048018246869030272,0.066027031713223688,0.065546849244533398,0,0,0,0,0,0,0,0,0,False,1,109682.03773586825,team09-risk-none,0,1,0.00030756592630321045,0.0347899964341708,
2021-10-27T16:00:00Z,0.001075635751900215,-0.00054767106636286909,0.0016233068182630842,-4.8288925216596336e-06,-8.5058898301301008e-06,3.6769973084704676e-06,-0,0,0,0.0010708068593785552,0,0.12496688004366542,0.0018972824176694027,0.063432081230667403,0.061534798812998011,0,0,0,0,0,0,0,0,0,False,1,109799.48601422644,team09-risk-none,0,1,0,0.035084895953242254,
2021-10-28T00:00:00Z,-0.0043418089934565912,-0.00022146176169769483,-0.0041203472317588958,-4.5329407619063537e-07,-6.8956014883503726e-06,6.442307412159738e-06,-0,0,0,-0.0043422622875327818,0,0.12253486308272168,0.0029475938285639658,0.062741228455642825,0.059793634627078859,0,0,0,0,0,0,0,0,0,False,1,109322.70784691638,team09-risk-none,0,1,0,0.035138757517661025,
2021-10-28T08:00:00Z,0.0010207669265165536,0.002188174930371707,-0.0011674080038551534,5.0754420125959617e-07,-6.5380814858853203e-06,7.0456256871449176e-06,-0,0,0,0.0010212744707178132,0,0.12707810311742171,-0.0013925238718048901,0.062842789622808398,0.064235313494613297,0,0,0,0,0,0,0,0,0,False,1,109434.35633751018,team09-risk-none,0,1,0.0043413056210335199,0.038387001211934182,
2021-10-28T16:00:00Z,3.6162615633178859e-05,-0.00040766243538308808,0.00044382505101626691,2.4558630672864767e-06,-6.4971996621491321e-06,8.9530627294356092e-06,-0,0,0,3.8618478700465337e-05,0,0.13032364487199061,-0.00037997075287806575,0.064971837059556267,0.065351807812434326,0,0,0,0,0,0,0,0,0,False,1,109438.5825258695,team09-risk-none,0,1,0.0033225229741531415,0.038393615662037923,
2021-10-29T00:00:00Z,-8.2771794785971951e-05,-1.0397041870489403e-05,-7.2374752915482519e-05,1.9675638438224252e-06,-6.5330308330545196e-06,8.5005946768769452e-06,-0,0,0,-8.0804230942149526e-05,0,0.12942745709083736,-0.00036921685509460483,0.064529120117871375,0.064898336972965986,0,0,0,0,0,0,0,0,0,False,1,109429.73942537309,team09-risk-none,0,1,0.0032845195006729888,0.038388837435242885,
2021-10-29T08:00:00Z,0.00078323761327639386,0.0017965949427991351,-0.0010133573295227414,4.1921372808370665e-06,-7.9596280053377991e-06,1.2151765286174864e-05,-0,0,0,0.00078742975055723092,0,0.12950490817326343,-0.00042265137951043655,0.064541128396876493,0.064963779776386926,0,0,0,0,0,0,0,0,0,False,1,109515.90765779236,team09-risk-none,0,1,0.0033628412452875178,0.038317917293749039,
2021-10-29T16:00:00Z,0.00017443425843315612,0.00017904505824444222,-4.6107998112860763e-06,1.4278669286795883e-07,-1.2316579587135849e-05,1.2459366280003808e-05,-0,0,0,0.00017457704512602407,0,0.13222459738529144,0.00036715907604605719,0.066295878230668751,0.0659287191546227,0,0,0,0,0,0,0,0,0,False,1,109535.02662134555,team09-risk-none,0,1,0.0025820983901628791,0.038184124499080742,
2021-10-30T00:00:00Z,-0.00046097350683927535,-0.0010339355158782923,0.00057296200903901692,3.5706562420361969e-06,-1.2731683615189149e-05,1.6302339857225347e-05,-0,7.2247794919941708e-05,3.6123897459970854e-05,-0.00056577454297715175,0.072247794919941724,0.13556594961363702,0,0.067782974806818497,0.067782974806818497,7913.6641398893298,0,0,0,0,0,0,0,0,False,1,109473.05449171887,team09-risk-none,0,1,0.0024045525052973638,0.037951553091262628,
2021-10-30T08:00:00Z,-0.0015529738890214036,-0.001463640643508326,-8.9333245513077757e-05,-2.6938035121424773e-06,-2.2217658986622314e-05,1.9523855474479835e-05,-0,0,0,-0.0015556676925335461,0,0.13405523124568963,-0.00048334540485673802,0.066785942920416452,0.06726928832527318,0,0,0,0,0,0,0,0,0,False,1,109302.75079764314,team09-risk-none,0,1,0.0029752124521603696,0.037924561162240106,
2021-10-30T16:00:00Z,-0.0015198735076508967,-0.00087761940133494754,-0.00064225410631594919,-2.2446201538598606e-06,-1.8508233476486157e-05,1.6263613322626302e-05,-0,0,0,-0.0015221181278047566,0,0.13293285477582395,-0.0020337394433120343,0.065449557666255959,0.067483297109568005,0,0,0,0,0,0,0,0,0,False,1,109136.37909923511,team09-risk-none,0,1,0.0045258045513576484,0.038392973348596364,
2021-10-31T00:00:00Z,-0.0013140418026904141,-0.00017745865162232353,-0.0011365831510680906,6.5747547595073247e-07,-1.8497702084930106e-05,1.9155177560880843e-05,-0,0,0,-0.0013133843272144635,0,0.13290677705422554,-0.0035717161548806577,0.064667530449672439,0.068239246604553092,0,0,0,0,0,0,0,0,0,False,1,108993.04108939724,team09-risk-none,0,1,0.0060381492995654762,0.038742846483003753,
2021-10-31T08:00:00Z,0.0010400607794874806,-0.0011995551392387678,0.0022396159187262482,-5.5581855653723324e-06,-2.8472436275488766e-05,2.2914250710116436e-05,-0,0,0,0.0010345025939221084,0,0.13400645495175822,-0.0049083992017677196,0.064549027874995252,0.069457427076762973,0,0,0,0,0,0,0,0,0,False,1,109105.79467312369,team09-risk-none,0,1,0.0073497732277606476,0.038655967986077622,
2021-10-31T16:00:00Z,0.00096491932825673577,0.0021145080693982165,-0.0011495887411414804,-8.4426866392901022e-07,-1.2310823946224785e-05,1.1466555282295774e-05,-0,0,0,0.00096407505959280682,0,0.13046332395315743,-0.0038489983470466442,0.063307162803055386,0.067156161150102034,0,0,0,0,0,0,0,0,0,False,1,109210.9808486251,team09-risk-none,0,1,0.0063181898558732907,0.038475292450491166,
2021-11-01T00:00:00Z,0.00062426355238870336,0.00065216275496312226,-2.7899202574418877e-05,2.0580263215263887e-06,-1.3965099396696361e-05,1.6023125718222754e-05,-0,0,0,0.00062632157871022991,0,0.13353736611796754,-0.0028887481764258531,0.06532430897077085,0.068213057147196693,0,0,0,0,0,0,0,0,0,False,1,109279.38204256271,team09-risk-none,0,1,0.0053573192650187007,0.038468610959640319,
2021-11-01T08:00:00Z,0.00024651721407404871,0.00054677408812212394,-0.00030025687404807528,2.98057829786881e-06,-1.3032008123256342e-05,1.6012586421125152e-05,-0,0,0,0.00024949779237191748,0,0.13418662165220668,-0.0022686923840383767,0.065958964634084155,0.068227657018122528,0,0,0,0,0,0,0,0,0,False,1,109306.64700713409,team09-risk-none,0,1,0.004733434908568257,0.038233651894453921,
2021-11-01T16:00:00Z,-0.0003998345280224006,-0.00024424838912950224,-0.00015558613889289836,-4.3138396298460315e-06,-2.7140668681773477e-05,2.2826829051927449e-05,-0,0,0,-0.0004041483676522466,0,0.13494823501365566,-0.0020415585589160408,0.066453338227369804,0.068494896786285842,0,0,0,0,0,0,0,0,0,False,1,109262.47090417262,team09-risk-none,0,1,0.0044923797777142171,0.03823188201160363,
2021-11-02T00:00:00Z,0.00022445163586991252,-0.00014335043268919338,0.00036780206855910585,-1.2064458218573623e-05,-2.641919693902875e-05,1.4354738720455126e-05,-0,6.6116157568024968e-05,3.3058078784012484e-05,0.00011321294129930146,0.066116157568024969,0.1360540633960669,6.9388939039072284e-18,0.068027031698033452,0.068027031698033452,7224.0147425720206,0,0,0,0,0,0,0,0,False,1,109274.84082987731,team09-risk-none,0,1,0.0049024252722225103,0.038028290392938882,
2021-11-02T08:00:00Z,0.000238339737245534,0.0017189868646722416,-0.0014806471274267077,1.4506883626082965e-05,-1.8543752779250893e-05,3.3050636405333858e-05,-0,0,0,0.00025284662087161696,0,0.13548678834104091,0.00023638346163823952,0.067861585901339574,0.06762520243970134,0,0,0,0,0,0,0,0,0,False,1,109302.47060412743,team09-risk-none,0,1,0.0047633229585712922,0.03790302579078357,
2021-11-02T16:00:00Z,0.00082084083427530724,0.00071993004110371345,0.00010091079317159368,1.3046131780585174e-05,-2.6032574327220531e-05,3.9078706107805704e-05,-0,0,0,0.00083388696605589245,0,0.1386865966003322,0.00048207549355871841,0.069584336046945472,0.069102260553386752,0,0,0,0,0,0,0,0,0,False,1,109393.61650972192,team09-risk-none,0,1,0.0045131348681183292,0.037716655488669912,
2021-11-03T00:00:00Z,0.00043604094409027455,0.0017531697129466108,-0.0013171287688563361,1.3840747569388593e-05,-1.9318328441167052e-05,3.315907601055565e-05,-0,0,0,0.00044988169165966315,0,0.13920305077015477,0.0013206305777962585,0.070261840673975506,0.068941210096179248,0,0,0,0,0,0,0,0,0,False,1,109442.83069497408,team09-risk-none,0,1,0.0036822196675235785,0.037292152996999242,
2021-11-03T08:00:00Z,0.0016996536401372902,-0.00030937915435562418,0.0020090327944929142,8.2626932606012132e-06,-2.9690355907953661e-05,3.7953049168554876e-05,-0,0,0,0.0017079163333978914,0,0.14222457480309744,0.0017383545804653695,0.071981464691781405,0.070243110111316037,0,0,0,0,0,0,0,0,0,False,1,109629.74989309133,team09-risk-none,0,1,0.0032395544770349449,0.036097814408723707,
2021-11-03T16:00:00Z,0.00079795579238176517,0.0022135691817613693,-0.0014156133893796041,7.1832910696561964e-06,-9.169273154271642e-06,1.6352564223927842e-05,-0,0,0,0.00080513908345142141,0,0.1396144711467541,0.0034408279406984502,0.071527649543726271,0.068086821603027828,0,0,0,0,0,0,0,0,0,False,1,109718.01708943926,team09-risk-none,0,1,0.001538248765701522,0.036460296189589299,
2021-11-04T00:00:00Z,0.0017448443867521281,0.00022320092104250735,0.0015216434657096209,1.221454691386986e-05,-1.8628399790004916e-05,3.0842946703874779e-05,-0,0,0,0.001757058933665998,0,0.14313272275098807,0.0042040539116369978,0.073668388331312534,0.069464334419675533,0,0,0,0,0,0,0,0,0,False,1,109910.79811155038,team09-risk-none,0,1,0.00072932066141495611,0.034912963139442511,
2021-11-04T08:00:00Z,-0.00037345462156881108,-0.0016272454942065702,0.001253790872637759,2.6458641986666854e-05,-1.7788754397258492e-05,4.4247396383925356e-05,-0,0,0,-0.00034699597958214425,0,0.14161491040241903,0.0059780414301892956,0.073796475916304144,0.067818434486114854,0,0,0,0,0,0,0,0,0,False,1,109872.659506493,team09-risk-none,0,1,0,0.035330826807109666,
2021-11-04T16:00:00Z,0.0010487942879832581,0.0021357947618593281,-0.00108700047387607,1.1242754082168724e-05,-1.8519612728204322e-05,2.9762366810373051e-05,-0,0,0,0.0010600370420654269,0,0.13878751518792309,0.0055818159107758544,0.072184665549349464,0.066602849638573616,0,0,0,0,0,0,0,0,0,False,1,109989.12859548013,team09-risk-none,0,1,0.00036220618519333669,0.032848187871770865,
2021-11-05T00:00:00Z,-0.00036690458022323614,-1.3323751136342789e-05,-0.00035358082908689325,1.2494831885406083e-05,-7.5016949434885937e-06,1.9996526828894677e-05,-0,5.4575501039823853e-05,2.7287750519911926e-05,-0.00043627299989756581,0.054575501039823851,0.13836395836095122,6.9388939039072284e-18,0.069181979180475625,0.069181979180475625,6002.7118020319449,0,0,0,0,0,0,0,0,False,1,109941.14330839166,team09-risk-none,0,1,0,0.032849370609390111,
2021-11-05T08:00:00Z,-0.0025580521166866641,-0.0020250653737347293,-0.00053298674295193505,3.8753505673053662e-05,1.3869527325805015e-05,2.4883978347248652e-05,-0,0,0,-0.0025192986110136105,0,0.13873036980662373,-0.00037222000271797118,0.069179074901952881,0.069551294904670852,0,0,0,0,0,0,0,0,0,False,1,109664.16873876158,team09-risk-none,0,1,0.00041002611001073053,0.031626360440685126,
2021-11-05T16:00:00Z,0.00042449029316572767,0.00020112766972314906,0.00022336262344257866,3.7807836548484759e-05,1.4124490584252313e-05,2.3683345964232445e-05,-0,0,0,0.00046229812971421239,0,0.13755078555784944,-0.0029431754591074805,0.067303805049370974,0.070246980508478468,0,0,0,0,0,0,0,0,0,False,1,109714.86627886617,team09-risk-none,0,1,0.0029292346062050889,0.033023405857831929,
2021-11-06T00:00:00Z,0.0010243879439492966,0.00032961458885121778,0.00069477335509807885,4.920562277420713e-05,3.1360893102185222e-05,1.7844729672021912e-05,-0,0,0,0.0010735935667235037,0,0.13752438804211292,-0.002499324609936843,0.067512531716088037,0.070011856326024885,0,0,0,0,0,0,0,0,0,False,1,109832.6554534771,team09-risk-none,0,1,0.0024569214328400424,0.032901103839593361,
2021-11-06T08:00:00Z,0.0012161318871311336,-0.00017538220358713052,0.0013915140907182642,4.9552847701714124e-05,2.6332147080739709e-05,2.3220700620974425e-05,-0,0,0,0.0012656847348328478,0,0.13693847696031936,-0.0014508754975164941,0.067743800731401418,0.069194676228917923,0,0,0,0,0,0,0,0,0,False,1,109971.66896887073,team09-risk-none,0,1,0.0013856188745360321,0.032960452203350192,
2021-11-06T16:00:00Z,0.00092808877797825732,0.0019366966164422236,-0.0010086078384639666,3.3811455284613279e-05,2.534675667285647e-05,8.4646986117568085e-06,-0,0,0,0.00096190023326287062,0,0.1352293480182549,-0.0002825515882651751,0.067473398214994873,0.067755949803260038,0,0,0,0,0,0,0,0,0,False,1,110077.45074290418,team09-risk-none,0,1,0.0001374265933439256,0.032886730522030214,
2021-11-07T00:00:00Z,0.00094546482517917545,0.00083403883915314362,0.00011142598602603178,4.4916904984872876e-05,3.6209788699285113e-05,8.7071162855877584e-06,-0,0,0,0.00099038173016404839,0,0.13805484370533089,0.00065613568126334301,0.069355489693297107,0.068699354012033767,0,0,0,0,0,0,0,0,0,False,1,110186.46943902299,team09-risk-none,0,1,0,0.032382652189010042,
2021-11-07T08:00:00Z,-0.0012113019936482294,-2.5648633410612178e-05,-0.0011856533602376171,5.1466513031725444e-05,3.3638893584673574e-05,1.7827619447051864e-05,-0,0,0,-0.0011598354806165037,0,0.13865330455754266,0.0016100071016853339,0.070131655829614004,0.068521648727928666,0,0,0,0,0,0,0,0,0,False,1,110058.67126228374,team09-risk-none,0,1,0,0.03246137517537822,
2021-11-07T16:00:00Z,-0.00041833008530751969,0.00017341637108183322,-0.00059174645638935305,5.6844794253599881e-05,3.5230657093242217e-05,2.1614137160357657e-05,-0,0,0,-0.00036148529105391977,0,0.13997938072258567,0.00039235164631426858,0.070185866184449969,0.069793514538135704,0,0,0,0,0,0,0,0,0,False,1,110018.88667146949,team09-risk-none,0,1,0.001154463713782139,0.032783935570707148,
2021-11-08T00:00:00Z,-0.00045391602365823152,0.00021350037269495014,-0.00066741639635318172,6.3606838774127493e-05,3.9018794658978301e-05,2.4588044115149195e-05,-0,4.2035403445710257e-05,2.1017701722855129e-05,-0.0004533622900526694,0.042035403445710266,0.14477053115971744,-1.7347234759768071e-18,0.072385265579858721,0.072385265579858721,4624.6882878830957,0,0,0,0,0,0,0,0,False,1,109969.00825705906,team09-risk-none,0,1,0.001508780270539356,0.032625343223752969,
2021-11-08T08:00:00Z,-0.00020570435911836902,0.00075232356674759444,-0.00095802792586596318,9.003277411825849e-05,5.1240970482287954e-05,3.8791803635970557e-05,-0,0,0,-0.00011567158500011051,0,0.14568811409367322,-0.0004548521800034639,0.072616630956834891,0.073071483136838353,0,0,0,0,0,0,0,0,0,False,1,109956.28796757308,team09-risk-none,0,1,0.0019350861120123186,0.032660619071893431,
2021-11-08T16:00:00Z,-0.001810460730994338,-0.00025535123437302865,-0.0015551094966213097,9.0224660635698594e-05,4.0176767865814284e-05,5.0047892769884323e-05,-0,0,0,-0.0017202360703586393,0,0.14745217942789368,-0.00064998471292159951,0.073401097357486039,0.074051082070407642,0,0,0,0,0,0,0,0,0,False,1,109767.13719484852,team09-risk-none,0,1,0.0020503423867260784,0.032666377217319784,
2021-11-09T00:00:00Z,-0.0035274909576615012,-0.0012206580883376659,-0.0023068328693238356,7.6200471160033523e-05,4.3020860596432833e-05,3.3179610563600697e-05,-0,0,0,-0.0034512904865014681,0,0.14901050669280258,-0.0024737109629742599,0.073268397864914153,0.075742108827888427,0,0,0,0,0,0,0,0,0,False,1,109388.29891851744,team09-risk-none,0,1,0.0037810214833403633,0.033341897452732965,
2021-11-09T08:00:00Z,-0.0022883831931564819,-0.00032179801183536644,-0.0019665851813211147,9.7549580944839365e-05,4.3847338901988269e-05,5.3702242042851116e-05,-0,0,0,-0.0021908336122116422,0,0.15060820604330602,-0.0060369326057426887,0.072285636718781673,0.07832256932452436,0,0,0,0,0,0,0,0,0,False,1,109148.64735646409,team09-risk-none,0,1,0.0071980691963562382,0.035664198849316382,
2021-11-09T16:00:00Z,-7.7304717600519334e-05,-0.00074439421333955891,0.0006670894957390395,0.0001802283989819515,0.00014268236763649583,3.7546031345455666e-05,-0,0,0,0.00010292368138143217,0,0.15302567328651123,-0.0078771811459273037,0.072574246070291976,0.080451427216219271,0,0,0,0,0,0,0,0,0,False,1,109159.88133706783,team09-risk-none,0,1,0.0092912371670608174,0.036579607485299814,
2021-11-10T00:00:00Z,0.0012182054287761211,0.00052232544517389126,0.00069587998360222955,0.00016946169605854778,0.00013379537372866155,3.5666322329886198e-05,-0,0,0,0.0013876671248346686,0,0.15123371599327246,-0.0082856709175272419,0.071474022537872606,0.079759693455399849,0,0,0,0,0,0,0,0,0,False,1,109311.35891575013,team09-risk-none,0,1,0.0091999356165112234,0.036579413495215055,
2021-11-10T08:00:00Z,-0.0013300670097898964,0.00083210955640210054,-0.002162176566191997,0.00015874702544961194,0.00012605370053243614,3.2693324917175779e-05,-0,0,0,-0.0011713199843402845,0,0.1507742087286989,-0.0071578875188674489,0.071808160604915725,0.078966048123783161,0,0,0,0,0,0,0,0,0,False,1,109183.32033653671,team09-risk-none,0,1,0.0078356639666062877,0.036778664167851083,
2021-11-10T16:00:00Z,0.0017654075643765506,-0.0052035130655279952,0.006968920629904546,0.00017014534769114507,0.00012472823150671519,4.5417116184429884e-05,-0,0,0,0.0019355529120676958,0,0.15394240143262039,-0.0085071201818341987,0.072717640625393112,0.081224760807227292,0,0,0,0,0,0,0,0,0,False,1,109394.65043016331,team09-risk-none,0,1,0.0089865119116854242,0.036972612098498718,
2021-11-11T00:00:00Z,0.0012935733502287955,0.0027093152520963272,-0.0014157419018675321,0.00014651206977245375,0.00013909487948001036,7.4171902924433496e-06,-0,6.6152128890418371e-05,3.3076064445209185e-05,0.0013408572266656216,0.066152128890418369,0.1435839823341277,3.4694469519536142e-18,0.071791991167063848,0.071791991167063834,7236.6890151784246,0,0,0,0,0,0,0,0,False,1,109541.33303775116,team09-risk-none,0,1,0.0070918151064981449,0.037511094559764271,
2021-11-11T08:00:00Z,-2.0197230618644691e-05,-0.00076671065808440065,0.00074651342746575602,3.0835696738549925e-06,-6.2198868191086134e-06,9.3034564929636068e-06,-0,0,0,-1.7113660944789696e-05,0,0.14744043525872166,0.0013021016468859961,0.074371268452803826,0.073069166805917823,0,0,0,0,0,0,0,0,0,False,1,109539.4583845181,team09-risk-none,0,1,0.0059030483864310757,0.037650162240426846,
2021-11-11T16:00:00Z,-0.00034697743012171228,-0.00066647151490413883,0.00031949408478242671,-1.7674504621454763e-06,-1.125554796016047e-05,9.4880974980149949e-06,-0,0,0,-0.00034874488058385774,0,0.14591917283479,0.0012902073336558788,0.073604690084222935,0.072314482750567038,0,0,0,0,0,0,0,0,0,False,1,109501.25705918457,team09-risk-none,0,1,0.005924883311538065,0.037643988159014187,
2021-11-12T00:00:00Z,-0.00028927860183901137,-0.00090637992230875239,0.00061710132046974091,4.7563093916219199e-06,-5.0952871421115512e-06,9.8515965337334694e-06,-0,0,0,-0.00028452229244738944,0,0.14502131087446923,0.00093163384940271946,0.072976472361935982,0.072044838512533252,0,0,0,0,0,0,0,0,0,False,1,109470.10151050022,team09-risk-none,0,1,0.0062650790622510444,0.037681044791732156,
2021-11-12T08:00:00Z,-0.00052056232842978025,-0.0023555567125843942,0.0018349943841546145,5.6599181843786497e-06,-6.5783673845820267e-06,1.2238285568960677e-05,-0,0,0,-0.00051490241024540158,0,0.14347074986228217,0.00065750105027951103,0.072064125456280825,0.071406624406001318,0,0,0,0,0,0,0,0,0,False,1,109413.73509138265,team09-risk-none,0,1,0.0065469211121848003,0.037667625361665368,
2021-11-12T16:00:00Z,0.00038905827519480684,0.0015601865650033014,-0.0011711282898084947,3.6343872940681427e-06,-5.0364715982710951e-06,8.6708588923392391e-06,-0,0,0,0.000392692662488875,0,0.13938462917173156,0.00012074169335690374,0.069752685432544231,0.069631943739187324,0,0,0,0,0,0,0,0,0,False,1,109456.70106232855,team09-risk-none,0,1,0.0070604637193631969,0.03754953298512323,
2021-11-13T00:00:00Z,0.00022234348041280576,0.00043296640963884505,-0.0002106229292260392,6.8123459238140366e-06,-1.0962697615846309e-06,7.9086156853986662e-06,-0,0,0,0.00022915582633661983,0,0.14207642558046499,0.00052794261189068742,0.071302184096177834,0.070774241484287154,0,0,0,0,0,0,0,0,0,False,1,109481.78370310857,team09-risk-none,0,1,0.0066673869007256581,0.037447686101782389,
2021-11-13T08:00:00Z,0.0012476890417710512,0.0019122265000235572,-0.0006645374582525058,2.9813321692302226e-06,-7.6179646587587061e-06,1.0599296827988929e-05,-0,0,0,0.0012506703739402815,0,0.14267286926508799,0.00073894616480282144,0.071705907714945408,0.070966961550142579,0,0,0,0,0,0,0,0,0,False,1,109618.70932647218,team09-risk-none,0,1,0.0064435652619632133,0.037448242454728255,
2021-11-13T16:00:00Z,0.0010202774901289415,0.0011768651583208938,-0.00015658766819195202,4.3488878790081118e-06,-6.7492739370335625e-06,1.1098161816041675e-05,-0,0,0,0.0010246263780079496,0,0.14507254526612087,0.0019751604133165582,0.073523852839718726,0.071548692426402175,0,0,0,0,0,0,0,0,0,False,1,109731.02754757127,team09-risk-none,0,1,0.0051995932251387433,0.037566631590637868,
2021-11-14T00:00:00Z,-0.00036484601329537391,-0.00077860478606355638,0.00041375877276818247,5.7469148433407221e-06,-4.747552737821622e-06,1.0494467581162345e-05,-0,4.5617146169369137e-05,2.2808573084684568e-05,-0.00042752481770608696,0.045617146169369141,0.14584331270955325,-3.4694469519536142e-18,0.072921656354776626,0.072921656354776612,5005.6163229526301,0,0,0,0,0,0,0,0,False,1,109684.11481002229,team09-risk-none,0,1,0.0041789023107586809,0.037662981691674841,
2021-11-14T08:00:00Z,-0.00047259099331159579,-0.00089094871637320871,0.00041835772306161287,-2.0231584234410492e-06,-1.1956750134098868e-05,9.9335917106578183e-06,-0,0,0,-0.00047461415173503685,0,0.14468087375485839,-0.00037881463092045292,0.072151029561968977,0.072529844192889437,0,0,0,0,0,0,0,0,0,False,1,109632.05717691293,team09-risk-none,0,1,0.0046123747944404325,0.037671884945076492,
2021-11-14T16:00:00Z,-0.0001472101428870206,0.00078069808890706229,-0.0009279082317940827,9.0800764318309853e-06,-4.4104404198974207e-06,1.3490516851728404e-05,-0,0,0,-0.00013813006645518961,0,0.14345996407784878,-0.00084408972920673245,0.071307937174321018,0.072152026903527761,0,0,0,0,0,0,0,0,0,False,1,109616.91369356947,team09-risk-none,0,1,0.0050737530483470072,0.037542317876129029,
2021-11-15T00:00:00Z,0.0009834177675888821,0.00082195644745782057,0.00016146132013106153,7.7608928236168945e-06,-9.1554011381133111e-06,1.6916293961730204e-05,-0,9.4694248136677521e-06,4.7347124068338761e-06,0.00097697452319199735,0.0094694248136677536,0.135710821906282,0.0084748022297921593,0.072092812068037082,0.063618009838244921,1038.0091225275632,0,0,0,0,0,0,0,0,False,1,109724.00662555902,team09-risk-none,0.0094694248136677536,1,0.0052124945741427453,0.037526029810118454,
2021-11-15T08:00:00Z,-0.00038300607443731479,-0.00093282344339594306,0.00054981736895862827,-9.9318286275531554e-07,-2.2321628037500567e-05,2.1328445174745256e-05,-0,0,0,-0.00038399925730007008,0,0.13624442115550497,0.0094492181436700295,0.072846819649587488,0.063397601505917445,0,0,0,0,0,0,0,0,0,False,1,109681.87268850682,team09-risk-none,0,1,0.0042493294107445179,0.037637853412838963,
2021-11-15T16:00:00Z,-0.00042324100327844033,-0.0012043717131159392,0.00078113070983749867,-1.8528247143107259e-06,-1.7677447751251803e-05,1.5824623036941076e-05,-0,0,0,-0.00042509382799275105,0,0.13481118658216035,0.0090698697125242284,0.071940528147342281,0.062870658434818052,0,0,0,0,0,0,0,0,0,False,1,109635.24760138425,team09-risk-none,0,1,0.0046325525898076592,0.03749221512581663,
2021-11-16T00:00:00Z,-0.00044395586056142101,-0.0036777573409373771,0.0032338014803759566,1.0558625239330714e-06,-1.2752929235381461e-05,1.3808791759314533e-05,-0,0,0,-0.00044289999803748796,0,0.13288807053156526,0.0086618487121858639,0.070774959621875577,0.062113110909689712,0,0,0,0,0,0,0,0,0,False,1,109586.69015043676,team09-risk-none,0,1,0.0050527831610698293,0.037543251457586892,
2021-11-16T08:00:00Z,-6.4358018173890462e-05,-0.0012425390636036046,0.0011781810454297142,3.4303275034386834e-06,-2.4608778179915845e-06,5.8912053214302688e-06,-0,0,0,-6.0927690670451781e-05,0,0.12601969835425308,0.0081959960995341072,0.067107847226893586,0.058911851127359485,0,0,0,0,0,0,0,0,0,False,1,109580.01328647767,team09-risk-none,0,1,0.005491083862962598,0.037572814218806039,
2021-11-16T16:00:00Z,0.00080925380041101396,-9.8869953449696194e-05,0.00090812375386071023,4.6409441562464851e-08,-5.7295082440719036e-06,5.7759176856343681e-06,-0,0,0,0.00080930020985257639,0,0.12366588689844422,0.0081475385468989039,0.065906712722671568,0.057759174175772671,0,0,0,0,0,0,0,0,0,False,1,109668.69641422607,team09-risk-none,0,1,0.0055550421146722817,0.037549245951953511,
2021-11-17T00:00:00Z,-0.00055634816958196806,-0.0010382794825323964,0.00048193131295042854,-3.0788295947958599e-08,-5.7097169984730567e-06,5.6789287025250987e-06,-0,4.2109688051002749e-05,2.1054844025501374e-05,-0.00061954348995442009,0.04210968805100275,0.14636143783447564,0,0.073180718917237819,0.073180718917237819,4618.1145949631837,0,0,0,0,0,0,0,0,False,1,109600.75188731085,team09-risk-none,0,1,0.0047503144325951041,0.037621022750449769,
2021-11-17T08:00:00Z,-0.00036483852403920827,6.73180091003233e-05,-0.0004321565331395316,-1.6864303158927276e-07,-7.4444955824606528e-06,7.2758525508713802e-06,-0,0,0,-0.00036500716707079756,0,0.1449458696791652,-0.00057120587870316056,0.072187331900231022,0.072758537778934179,0,0,0,0,0,0,0,0,0,False,1,109560.74682735563,team09-risk-none,0,1,0.0053670520110529196,0.037713072837211113,
2021-11-17T16:00:00Z,0.0010744795463900662,0.001822691770019184,-0.00074821222362911755,9.2432310122328671e-07,-6.390688443387638e-06,7.3150115446109248e-06,-0,0,0,0.0010754038694912897,0,0.14538004628298321,-0.00092004938067715564,0.072229998451153021,0.073150047831830184,0,0,0,0,0,0,0,0,0,False,1,109678.56887843812,team09-risk-none,0,1,0.0057290134621630351,0.037297619418934398,
2021-11-18T00:00:00Z,0.00075757934676335249,-0.0010967175442769829,0.0018542968910403356,8.2712469758563826e-07,-6.5592667291094603e-06,7.3863914266950991e-06,-0,0,0,0.0007584064714609382,0,0.14787638279675105,0.000148676452083496,0.074012529624417275,0.073863853172333765,0,0,0,0,0,0,0,0,0,False,1,109761.7498148561,team09-risk-none,0,1,0.0046598673413091873,0.037421010674847231,
2021-11-18T08:00:00Z,-0.0019939785324859524,-0.0046119982808978223,0.0026180197484118703,7.4285998804687431e-07,-6.4499617029755095e-06,7.1928216910223828e-06,-0,0,0,-0.0019932356724979058,0,0.14477576229091921,0.00091943533558088569,0.07284759881325005,0.071928163477669171,0,0,0,0,0,0,0,0,0,False,1,109542.96877964934,team09-risk-none,0,1,0.0039050788789829483,0.037410336330808015,
2021-11-18T16:00:00Z,-0.00015317532220992592,-0.00065744066912920009,0.00050426534691927428,4.9959410997285394e-07,-6.4430569737624667e-06,6.9426510837353205e-06,-0,0,0,-0.00015267572809995303,0,0.13776909808475829,-0.0010838542198310097,0.068342621932463626,0.069426476152294636,0,0,0,0,0,0,0,0,0,False,1,109526.24422713267,team09-risk-none,0,1,0.0058907726416885797,0.038072923632064853,
2021-11-19T00:00:00Z,0.0004169279553510849,0.0012012056578687205,-0.00078427770251763543,8.9898493376396736e-07,-5.9982412684298732e-06,6.8972262021938399e-06,-0,0,0,0.00041782694028484889,0,0.13671038361595783,-0.0012340164179816607,0.067738183598988089,0.068972200016969742,0,0,0,0,0,0,0,0,0,False,1,109572.00724263898,team09-risk-none,0,1,0.0060421520144996466,0.038081986647766575,
2021-11-19T08:00:00Z,0.0019359429310719088,0.0044377148041208105,-0.0025017718730489013,3.8813671216918685e-07,-6.5856113541665805e-06,6.9737480663357676e-06,-0,0,0,0.0019363310677840779,0,0.13867114272836387,-0.00080376446301957255,0.068933689132672143,0.069737453595691723,0,0,0,0,0,0,0,0,0,False,1,109784.17492442236,team09-risk-none,0,1,0.00562735762140254,0.038033310137190378,
2021-11-19T16:00:00Z,0.00089911852428673194,0.00086230030348973669,3.6818220796995412e-05,7.2675325321185301e-07,-6.4823088151312631e-06,7.2090620683431163e-06,-0,0,0,0.00089984527753994375,0,0.14529670295693251,0.0011155663741802546,0.07320613466555638,0.072090568291376125,0,0,0,0,0,0,0,0,0,False,1,109882.96369577672,team09-risk-none,0,1,0.0037015856181326079,0.038551814452625802,
2021-11-20T00:00:00Z,0.0011916045095101914,0.0013728071662478861,-0.00018120265673769436,6.4218056792133721e-07,-6.5572565467303639e-06,7.199437114651701e-06,-0,4.3830970809150319e-05,2.191548540457516e-05,0.0011265002338643872,0.043830970809150313,0.148192199246033,-3.4694469519536142e-18,0.074096099623016498,0.074096099623016498,4816.2769741725133,0,0,0,0,0,0,0,0,False,1,110006.74688007773,team09-risk-none,0,1,0.0028051555303221232,0.038460233513524372,
2021-11-20T08:00:00Z,0.00033857133729643885,-0.00091045312497290917,0.0012490244622693479,2.2586973443407874e-06,-5.1582865716303423e-06,7.4169839159711289e-06,-0,0,0,0.00034083003464077964,0,0.14954841579207598,0.0012090725263341224,0.075378744159205063,0.074169671632870943,0,0,0,0,0,0,0,0,0,False,1,110044.24048342758,team09-risk-none,0,1,0.0016802015077612698,0.038607081868204281,
2021-11-20T16:00:00Z,0.00090319307248628601,0.0036051567790682968,-0.0027019637065820107,5.3042804960772549e-08,-7.2362411172398046e-06,7.2892839222005763e-06,-0,0,0,0.00090324611529124673,0,0.14735178365141438,0.0015661129402837742,0.074458948295849078,0.072892835355565316,0,0,0,0,0,0,0,0,0,False,1,110143.63751615441,team09-risk-none,0,1,0.0013421468303689288,0.038583462724523516,
2021-11-21T00:00:00Z,0.00084975074805630183,-2.9756851881041726e-05,0.00087950759993734359,7.0026519149717047e-07,-6.8534170099110649e-06,7.5536822014082355e-06,-0,0,0,0.00085045101324779902,0,0.15351087734750338,0.0024373391108788826,0.077974108229191139,0.075536769118312252,0,0,0,0,0,0,0,0,0,False,1,110237.30928428282,team09-risk-none,0,1,0.00043946606648714859,0.03850373515699005,
2021-11-21T08:00:00Z,-0.0016480468357362521,-0.00060266109852559816,-0.0010453857372106539,-1.4778913251932606e-06,-1.0081799113359872e-05,8.6039077881666137e-06,-0,0,0,-0.0016495247270614452,0,0.15248879070767482,0.0032899876382943699,0.077889389172984602,0.074599401534690232,0,0,0,0,0,0,0,0,0,False,1,110055.47011677368,team09-risk-none,0,1,0,0.038400546899766304,
2021-11-21T16:00:00Z,0.0015637806843679691,0.00030054621103398153,0.0012632344733339877,-1.5150161036301004e-06,-1.0230331488705834e-05,8.7153153850757337e-06,-0,0,0,0.001562265668264339,0,0.15318309542444672,0.0016189536964275938,0.077401024560437154,0.075782070864009565,0,0,0,0,0,0,0,0,0,False,1,110227.4059993418,team09-risk-none,0,1,0.0016495617906563398,0.038742917855991148,
2021-11-22T00:00:00Z,-0.0002227956662059372,-0.0023348708483900537,0.0021120751821841165,7.7741250543052854e-07,-9.5546556216350901e-06,1.0332068127065619e-05,-0,0,0,-0.00022201825370050669,0,0.15192818190074467,0.003178899112070763,0.077553540506407698,0.074374641394336929,0,0,0,0,0,0,0,0,0,False,1,110202.9335031519,team09-risk-none,0,1,8.7580950091314946e-05,0.039066704854478843,
2021-11-22T08:00:00Z,0.00083022502312084983,0.0015415753597954483,-0.00071135033667459849,-7.8509151052806175e-07,-8.0150809031335953e-06,7.2299893926055327e-06,-0,0,0,0.00082943993161032172,0,0.14757719675138109,0.0029772953751154504,0.075277246063248288,0.07229995068813283,0,0,0,0,0,0,0,0,0,False,1,110294.34021678001,team09-risk-none,0,1,0.0003111417783040471,0.039040561540278712,
2021-11-22T16:00:00Z,-0.00014401751324460575,-0.0014833832499135094,0.0013393657366689033,4.7908374895584737e-07,-6.8142009434932108e-06,7.2932846924490571e-06,-0,0,0,-0.00014353842949564992,0,0.14967933783023887,0.0038137138631077032,0.076746525846673283,0.072932811983565576,0,0,0,0,0,0,0,0,0,False,1,110278.50874040303,team09-risk-none,0,1,0,0.039052824681322137,
2021-11-23T00:00:00Z,1.7743377155940613e-05,-0.00022783078781052324,0.00024557416496646386,5.0642613095078607e-07,-6.6545827161693873e-06,7.1610088471201738e-06,-0,7.3248986309352049e-05,3.6624493154676025e-05,-9.1623676177136676e-05,0.07324898630935206,0.14455491783147167,-6.9388939039072284e-18,0.072277458915735837,0.072277458915735837,8077.7889769415433,0,0,0,0,0,0,0,0,False,1,110268.4046180289,team09-risk-none,0,1,0.00014351109105137372,0.039058280809893854,
2021-11-23T08:00:00Z,0.0019158069445613277,0.0029672147933555164,-0.0010514078487941884,5.5593640242894655e-06,-2.6934920905624231e-06,8.2528561148518907e-06,-0,0,0,0.0019213663085856172,0,0.14410961597164179,3.2305775320581875e-05,0.07207096087348118,0.072038655098160598,0,0,0,0,0,0,0,0,0,False,1,110480.27061556347,team09-risk-none,0,1,0.00023006987093476816,0.0388391633380877,
2021-11-23T16:00:00Z,0.0023494317580426199,0.0025802987379261052,-0.0002308669798834854,1.1979360475900279e-05,4.7138572557495172e-07,1.1507974750325328e-05,-0,0,0,0.0023614111185185204,0,0.14781840478547389,0.0019281365883267385,0.074873270686900306,0.072945134098573561,0,0,0,0,0,0,0,0,0,False,1,110741.159954972,team09-risk-none,0,1,0,0.039316393382357949,
2021-11-24T00:00:00Z,-0.00089668091452285497,-0.0022935863065765508,0.0013969053920536959,8.5235315261584138e-06,-6.4049362424358233e-06,1.4928467768594238e-05,-0,0,0,-0.00088815738299669652,0,0.15026267977339489,0.0042618203181071582,0.077262250045751019,0.073000429727643854,0,0,0,0,0,0,0,0,0,False,1,110642.80437615637,team09-risk-none,0,1,0,0.040016766861596123,
2021-11-24T08:00:00Z,0.00036258942685710903,-0.00011851765980996166,0.00048110708666707091,8.227078433132113e-06,-6.9939550067854832e-06,1.5221033439917595e-05,-0,0,0,0.00037081650529024118,0,0.14673266320817624,0.0033777160917575176,0.07505518964996688,0.071677473558209345,0,0,0,0,0,0,0,0,0,False,1,110683.83255421065,team09-risk-none,0,1,0.00088845357026801075,0.039445524655884294,
2021-11-24T16:00:00Z,0.00078778592872950383,0.0011829077897495303,-0.0003951218610200265,5.7168244510784131e-06,-3.3363729084122492e-06,9.053197359490661e-06,-0,0,0,0.00079350275318058221,0,0.14614100966701418,0.0037549024049076292,0.074947956035960911,0.071193053631053285,0,0,0,0,0,0,0,0,0,False,1,110771.66048007499,team09-risk-none,0,1,0.00052047545133926398,0.038337711371378431,
2021-11-25T00:00:00Z,0.001019634537548698,0.0011041027413069863,-8.4468203758288391e-05,6.2650132099240682e-06,-3.1957078004904601e-06,9.4607210104145274e-06,-0,0,0,0.0010258995507586221,0,0.14753657415017474,0.0045193587493534935,0.076027966449764117,0.07150860770041062,0,0,0,0,0,0,0,0,0,False,1,110885.30107679829,team09-risk-none,0,1,0,0.038406981108378979,
2021-11-25T08:00:00Z,-0.00074270323445542723,0.0021491321233761945,-0.0028918353578316221,8.8396513814867212e-06,-1.0269981678416815e-05,1.9109633059903537e-05,-0,0,0,-0.00073386358307394055,0,0.14857424745009851,0.0055376260244718936,0.077055936737285197,0.071518310712813296,0,0,0,0,0,0,0,0,0,False,1,110803.92639243984,team09-risk-none,0,1,0,0.038484568285520548,
2021-11-25T16:00:00Z,-0.00028168845207571361,-0.00082766744050353548,0.00054597898842782193,1.3094666149729696e-05,-4.532211206289331e-06,1.7626877356019026e-05,-0,0,0,-0.00026859378592598393,0,0.15368451550116846,0.0047774241097044978,0.07923096980543648,0.074453545695731982,0,0,0,0,0,0,0,0,0,False,1,110774.16514635463,team09-risk-none,0,1,0.00072961172849106415,0.038459982111941064,
2021-11-26T00:00:00Z,-0.0021259970866706586,-0.0040164463766909492,0.0018904492900202899,1.766691705922998e-05,-1.195740591233593e-05,2.9624322971565914e-05,-0,4.5171670891382831e-05,2.2585835445691416e-05,-0.0021760876759485035,0.045171670891382833,0.14421525394949158,-1.3877787807814457e-17,0.072107626974745792,0.072107626974745806,5003.8541312588222,0,0,0,0,0,0,0,0,False,1,110533.11085076617,team09-risk-none,0,1,0.00099344191729278108,0.038485373971930657,
2021-11-26T08:00:00Z,-0.00029849900817532985,-0.0038782459118857056,0.0035797469037103765,7.1626784628124817e-06,-8.6775681171437779e-06,1.5840246579956256e-05,-0,0,0,-0.00029133632971251738,0,0.13866149549976686,-0.0021350994336222229,0.06826319803307232,0.070398297466694543,0,0,0,0,0,0,0,0,0,False,1,110500.90853993921,team09-risk-none,0,1,0.0031778385593512759,0.039309593759190867,
2021-11-26T16:00:00Z,-0.00048707438273562048,-0.00095955594999202966,0.00047248156725640907,1.1676335362235904e-05,4.9906405918648457e-06,6.6856947703710585e-06,-0,0,0,-0.0004753980473733846,0,0.13126412994373057,-0.0024482041936350982,0.064407962875047742,0.066856167068682845,0,0,0,0,0,0,0,0,0,False,1,110448.37662378633,team09-risk-none,0,1,0.003463751099045842,0.039054383522181435,
2021-11-27T00:00:00Z,-0.00067389158022118872,0.00094579802586803219,-0.0016196896060892208,1.1080298168939358e-05,4.247411773270641e-06,6.8328863956687157e-06,-0,0,0,-0.00066281128205224942,0,0.12994196731465324,-0.0029272477437632116,0.063507359785445028,0.066434607529208226,0,0,0,0,0,0,0,0,0,False,1,110375.17019367573,team09-risk-none,0,1,0.0039380961692735417,0.038945629450504754,
2021-11-27T08:00:00Z,-0.0011631358273452679,0.0002317136210568458,-0.0013948494484021137,1.0608930016030307e-05,3.7989105748084686e-06,6.8100194412218385e-06,-0,0,0,-0.0011525268973292375,0,0.13254100839741764,-0.0036001939296268146,0.064470407233895424,0.068070601163522232,0,0,0,0,0,0,0,0,0,False,1,110247.95984123023,team09-risk-none,0,1,0.0045987664322182376,0.035809823179402504,
2021-11-27T16:00:00Z,0.00014224159257891084,-0.0011082301501743979,0.0012504717427533087,9.3602969764637251e-06,2.2962269673130806e-06,7.0640700091506463e-06,-0,0,0,0.00015160188955537453,0,0.13432201219775461,-0.0047716492100689442,0.064775181493842843,0.06954683070391178,0,0,0,0,0,0,0,0,0,False,1,110264.67364026178,team09-risk-none,0,1,0.005747234572772153,0.035929562526831875,
2021-11-28T00:00:00Z,0.00018376294220607571,-0.0012948206878344469,0.0014785836300405225,8.2998967983390414e-06,1.4710935301071692e-06,6.828803268231872e-06,-0,0,0,0.00019206283900441478,0,0.13195914731355973,-0.0046157844932384895,0.063671681410160622,0.068287465903399097,0,0,0,0,0,0,0,0,0,False,1,110285.85138652302,team09-risk-none,0,1,0.0055975584306119375,0.035930011107556663,
2021-11-28T08:00:00Z,0.00027906517131672497,-0.00020809447689098452,0.00048715964820770949,1.2661691654867018e-05,5.9827864075168562e-06,6.6789052473501624e-06,-0,0,0,0.00029172686297159199,0,0.12913653249304924,-0.0044398811505920767,0.062348325671228583,0.066788206821820656,0,0,0,0,0,0,0,0,0,False,1,110318.02473197816,team09-risk-none,0,1,0.0054022324980733671,0.035927205102943983,
2021-11-28T16:00:00Z,0.00075529408333583725,0.0034390536284858984,-0.0026837595451500613,8.8740368970359468e-06,2.2438387320566906e-06,6.6301981649792575e-06,-0,0,0,0.00076416812023287321,0,0.12843270825614705,-0.0041700783214173743,0.062131314967364834,0.066301393288782207,0,0,0,0,0,0,0,0,0,False,1,110402.32624956541,team09-risk-none,0,1,0.0051158498556866938,0.035849856725877552,
2021-11-29T00:00:00Z,0.0003684698899423439,0.00050220214291538568,-0.00013373225297304159,9.3945756830513935e-06,2.5020608066990009e-06,6.8925148763523943e-06,-0,6.9417897066108045e-05,3.4708948533054023e-05,0.00027373762002623329,0.069417897066108042,0.14425616711725864,6.9388939039072284e-18,0.072128083558629319,0.072128083558629319,7663.8973194512091,0,0,0,0,0,0,0,0,False,1,110432.54751959832,team09-risk-none,0,1,0.0043550728378886072,0.035927559086358224,
2021-11-29T08:00:00Z,-0.00021446161323618069,-0.00050762779408695827,0.00029316618085077753,5.5234428341525096e-06,-1.7844508801098004e-06,7.3078937142623098e-06,-0,0,0,-0.00020893817040202817,0,0.14480160740514803,0.00037080490612063054,0.072586206155634339,0.0722154012495137,0,0,0,0,0,0,0,0,0,False,1,110409.47394516674,team09-risk-none,0,1,0.0040863826577602902,0.035858811639135076,
2021-11-29T16:00:00Z,0.00072308591162325729,0.0015102963689998569,-0.00078721045737659948,3.5195802856875833e-06,-3.6734830373033346e-06,7.1930633229909179e-06,-0,0,0,0.00072660549190894485,0,0.14402082036854752,0.00016006023822442636,0.072090440303385975,0.071930380065161559,0,0,0,0,0,0,0,0,0,False,1,110489.69807529407,team09-risk-none,0,1,0.0042964622728524082,0.03539965509144842,
2021-11-30T00:00:00Z,0.00016803248761626305,-0.0010103650723862609,0.0011783975600025238,5.1597164227581389e-06,-2.4479898931486337e-06,7.6077063159067735e-06,-0,0,0,0.00017319220403902118,0,0.14623588855266961,0.00088239094381533864,0.073559139748242477,0.072676748804427135,0,0,0,0,0,0,0,0,0,False,1,110508.83402962734,team09-risk-none,0,1,0.0035713443438131209,0.034988703218164934,
2021-11-30T08:00:00Z,0.0014167848406732529,0.002635560329457368,-0.0012187754887841155,5.8013804418845689e-06,-1.4004326394683426e-06,7.2018130813529118e-06,-0,0,0,0.0014225862211151375,0,0.1439614184559207,0.0010402535919621474,0.072500836023941417,0.07146058243197928,0,0,0,0,0,0,0,0,0,False,1,110666.04237422938,team09-risk-none,0,1,0.003398131188921516,0.034612478684852475,
2021-11-30T16:00:00Z,0.0010995087510851501,0.00035627159188174806,0.00074323715920340241,6.8581781887394783e-06,-2.1276438160747662e-06,8.9858220048142437e-06,-0,0,0,0.0011063669292738897,0,0.14779680547160362,0.0024581810619806656,0.075127493266792147,0.072669312204811487,0,0,0,0,0,0,0,0,0,False,1,110788.47962370585,team09-risk-none,0,1,0.0019793244036454549,0.034760096360405862,
2021-12-01T00:00:00Z,0.0011077386832395045,0.0022577412549353911,-0.0011500025716958866,5.8824253738175954e-06,-3.4991762001757987e-06,9.3816015739933941e-06,-0,0,0,0.0011136211086133221,0,0.14706631765510259,0.0035530352212024274,0.07530967643815252,0.071756641216950093,0,0,0,0,0,0,0,0,0,False,1,110911.85601320598,team09-risk-none,0,1,0.00087612222563548947,0.034804192859594921,
2021-12-01T08:00:00Z,0.00063584423590418778,0.0011856620602838175,-0.00054981782437962985,1.3504870683871809e-05,4.8338691176168188e-06,8.6710015662549896e-06,-0,0,0,0.00064934910658805958,0,0.15033186737317464,0.0046512313208382713,0.077491549347006458,0.07284031802616818,0,0,0,0,0,0,0,0,0,False,1,110983.87652781818,team09-risk-none,0,1,0,0.034925830912896694,
2021-12-01T16:00:00Z,-0.0002856301094673417,-0.0023282295525948807,0.0020425994431275385,1.334398039072061e-05,3.2235450730237826e-06,1.0120435317696825e-05,-0,0,0,-0.00027228612907662108,0,0.15201195023310046,0.0053024691382722103,0.078657209685686319,0.073354740547414116,0,0,0,0,0,0,0,0,0,False,1,110953.6571576885,team09-risk-none,0,1,0,0.034965513096461315,
2021-12-02T00:00:00Z,-0.00031302112499774709,-0.0011739562995474644,0.00086093517454971752,9.8980044664042099e-06,1.1933196752306261e-06,8.7046847911735836e-06,-0,5.8308321541426302e-05,2.9154160770713151e-05,-0.00039058560284348237,0.058308321541426296,0.14345406582981993,-5.2041704279304213e-18,0.071727032914909949,0.071727032914909963,6469.5215177476766,0,0,0,0,0,0,0,0,False,1,110910.32025661987,team09-risk-none,0,1,0.00027573112073964179,0.034941901550266982,
2021-12-02T08:00:00Z,-0.0011992763000373211,9.7865683261281035e-05,-0.0012971419832986017,1.1559766083952479e-05,2.3677314809052093e-06,9.1920346030472692e-06,-0,0,0,-0.0011877165339533686,0,0.14143903321095594,-0.00029177680248911389,0.070573628204233407,0.070865405006722532,0,0,0,0,0,0,0,0,0,False,1,110778.59023546502,team09-risk-none,0,1,0.00066454838887708423,0.034996339140729534,
2021-12-02T16:00:00Z,0.00029110500267849062,0.00030835375017396752,-1.7248747495476993e-05,6.3552014628781938e-06,-3.0929618553862632e-06,9.448163318264457e-06,-0,0,0,0.00029746020414136884,0,0.14299406007921583,-0.0015011377498796094,0.070746461164668123,0.072247598914547725,0,0,0,0,0,0,0,0,0,False,1,110811.54245753094,team09-risk-none,0,1,0.001856670496166446,0.035311481201032793,
2021-12-03T00:00:00Z,0.00052130043310483849,0.0004060889547274434,0.0001152114783773951,6.7680576157091518e-06,-1.8136500209536395e-06,8.5817076366627911e-06,-0,0,0,0.00052806849072054767,0,0.14331085008625358,-0.0011796511894852334,0.07106559944838417,0.072245250637869407,0,0,0,0,0,0,0,0,0,False,1,110870.05854151091,team09-risk-none,0,1,0.0015593503680344512,0.035233075936896209,
2021-12-03T08:00:00Z,-0.00041707560215929849,-0.0018930240516489461,0.0014759484494896477,1.4216973458198396e-05,5.5185968979243349e-06,8.6983765602740619e-06,-0,0,0,-0.00040285862870110005,0,0.14348901290037125,-0.0006786483663176017,0.071405182267026829,0.072083830633344434,0,0,0,0,0,0,0,0,0,False,1,110825.39358176287,team09-risk-none,0,1,0.0010246641436947312,0.035242490765692608,
2021-12-03T16:00:00Z,-0.00038793733202839462,-0.0032475362664555517,0.0028595989344271581,1.3303163344047033e-05,5.2649959687399165e-06,8.0381673753071175e-06,-0,0,0,-0.00037463416868434757,0,0.14022396255381125,-0.0011016079747719412,0.06956117728951966,0.070662785264291594,0,0,0,0,0,0,0,0,0,False,1,110783.87460256925,team09-risk-none,0,1,0.0014280224706377798,0.034857411632390138,
2021-12-04T00:00:00Z,0.0038438684680427758,-0.0092325968601218202,0.013076465328164593,1.1738831800279339e-05,4.9536929155675488e-06,6.7851388847117902e-06,-0,0,0,0.0038556072998430549,0,0.13421711496258326,-0.0014840697582700277,0.066366522602156613,0.06785059236042662,0,0,0,0,0,0,0,0,0,False,1,111211.01371819181,team09-risk-none,0,1,0.0018036831449661506,0.034815442131049035,
2021-12-04T08:00:00Z,0.00099927213914304523,0.0041360796416747116,-0.0031368075025316666,-1.7564144159733213e-05,2.2862111622941896e-05,-4.0426255782675113e-05,-0,0,0,0.00098170799498331195,0,0.11144046569120228,0.0023115144232740917,0.056875990057238188,0.054564475633964091,0,0,0,0,0,0,0,0,0,False,1,111320.19045948915,team09-risk-none,0,1,0,0.036753940738190875,
2021-12-04T16:00:00Z,0.00080299446057236173,0.0020797225008560515,-0.00127672804028369,1.4407020472196424e-05,1.9803907595968547e-05,-5.3968871237721247e-06,-0,0,0,0.00081740148104455807,0,0.11871647214317445,0.0033341579871096205,0.061025315065142027,0.057691157078032414,0,0,0,0,0,0,0,0,0,False,1,111411.1837480409,team09-risk-none,0,1,0,0.036833331397145674,
2021-12-05T00:00:00Z,-0.00021045446846336196,-0.00078978219407546582,0.00057932772561210375,3.1895980407760613e-06,7.8419763310413177e-06,-4.6523782902652589e-06,-0,6.1264005786783774e-05,3.0632002893391887e-05,-0.00029916087910276159,0.061264005786783773,0.13797796383348634,-3.4694469519536142e-18,0.068988981916743172,0.068988981916743186,6825.4954058524081,0,0,0,0,0,0,0,0,False,1,111377.85388036896,team09-risk-none,0,1,0,0.036768922438355278,
2021-12-05T08:00:00Z,-0.00047576393419030967,-0.0046209001679915086,0.0041451362338011995,-3.0046365520954412e-06,-3.1116405265468735e-06,1.0700397445143209e-07,-0,0,0,-0.00047876857074240507,0,0.136563414520631,-0.00017546795748530145,0.068193973281572839,0.068369441239058137,0,0,0,0,0,0,0,0,0,False,1,111324.5296644543,team09-risk-none,0,1,0.00030535324087177518,0.036745432192626458,
2021-12-05T16:00:00Z,-0.00073465101369483933,0.001492293628786515,-0.0022269446424813544,-1.1596644212469221e-06,-3.1839379717305891e-06,2.0242735504836671e-06,-0,0,0,-0.00073581067811608622,0,0.12786849749097431,-0.00067175680906364499,0.063598370340955335,0.06427012715001898,0,0,0,0,0,0,0,0,0,False,1,111242.61588679094,team09-risk-none,0,1,0.00078213208682265112,0.035596564418079707,
2021-12-06T00:00:00Z,-0.0010288435158924303,-0.0036320727080149493,0.0026032291921225192,2.5432731919388154e-06,2.3225106150692957e-08,2.5200480857881225e-06,-0,0,0,-0.0010263002427004914,0,0.13163357797376488,-0.001420201130457481,0.065106688421653694,0.066526889552111168,0,0,0,0,0,0,0,0,0,False,1,111128.44756310769,team09-risk-none,0,1,0.0015136699406129717,0.035719611526519458,
2021-12-06T08:00:00Z,0.00051854885927180526,0.0023842291443956971,-0.0018656802851238917,9.7364944021256892e-07,-3.2683903011968202e-06,4.2420397414093882e-06,-0,0,0,0.00051952250871201784,0,0.12562452814538158,-0.0024294882757561753,0.061597519934812703,0.064027008210568892,0,0,0,0,0,0,0,0,0,False,1,111186.18129297496,team09-risk-none,0,1,0.0025399823388968512,0.035805527374235341,
2021-12-06T16:00:00Z,0.00013026834390019693,0.002667998705187709,-0.0025377303612875118,1.6595500612433282e-06,-2.1263624162910474e-06,3.785912477534376e-06,-0,0,0,0.00013192789396144027,0,0.12982202496263545,-0.0018672980937530156,0.063977363434441215,0.065844661528194237,0,0,0,0,0,0,0,0,0,False,1,111200.84985171056,team09-risk-none,0,1,0.0020210948949667129,0.035608629116454654,
2021-12-07T00:00:00Z,0.0013976235803631447,0.0013148282412338379,8.2795339129306745e-05,9.5149809347244673e-06,8.1639761516078635e-06,1.3510047831166027e-06,-0,0,0,0.0014071385612978691,0,0.13501338525480872,-0.0017648825033780499,0.066624251375715343,0.068389133879093386,0,0,0,0,0,0,0,0,0,False,1,111357.324855586,team09-risk-none,0,1,0.0018815930642518408,0.035485418327227326,
2021-12-07T08:00:00Z,-0.00067832703456431696,0.00071615779421929301,-0.00139448482878361,1.5627022568878523e-05,1.1848390671776981e-05,3.7786318971015399e-06,-0,0,0,-0.0006627000119954385,0,0.1360038475727236,-0.00036842486778262268,0.0678177113524705,0.068186136220253116,0,0,0,0,0,0,0,0,0,False,1,111283.52835506843,team09-risk-none,0,1,0.00047099309767317799,0.035641571511112365,
2021-12-07T16:00:00Z,5.849555526810877e-05,-0.0018437526140718426,0.0019022481693399512,7.0923464606925284e-06,4.1997971928622253e-06,2.8925492678303031e-06,-0,0,0,6.5587901728801309e-05,0,0.13816957934115465,-0.0010790608792045249,0.068545259230975056,0.069624320110179577,0,0,0,0,0,0,0,0,0,False,1,111290.82720819021,team09-risk-none,0,1,0.0011419058523873815,0.035464018493429207,
2021-12-08T00:00:00Z,-0.0035496471646589457,2.7127652730929694e-05,-0.003576774817389875,9.1776510730745009e-06,4.711773365008407e-06,4.4658777080660939e-06,-0,3.2049780135258305e-05,1.6024890067629153e-05,-0.0035885441837887589,0.032049780135258304,0.1422489167921818,0,0.071124458396090912,0.071124458396090898,3566.8465430935189,0,0,0,0,0,0,0,0,False,1,110891.45515750322,team09-risk-none,0,1,0.0010743098006357199,0.035423417870513528,
2021-12-08T08:00:00Z,0.001093532329315385,0.00097330573264888865,0.00012022659666649643,7.3024986867451184e-06,3.6317088755577009e-06,3.670789811187418e-06,-0,0,0,0.0011008348280021302,0,0.14638526210985769,-0.0035716668932847216,0.071406797608286499,0.074978464501571224,0,0,0,0,0,0,0,0,0,False,1,111013.52833346844,team09-risk-none,0,1,0.0046608651751622876,0.037673359371858339,
2021-12-08T16:00:00Z,0.0013113875278350539,0.0011498043247004214,0.00016158320313463224,1.8638012052168723e-06,-3.0105637754896926e-06,4.8743649807065651e-06,-0,0,0,0.0013132513290402708,0,0.14710424524145368,-0.0024863992653674227,0.072308922988043131,0.07479532225341054,0,0,0,0,0,0,0,0,0,False,1,111159.31699709382,team09-risk-none,0,1,0.0035705804579477807,0.037828919249412708,
2021-12-09T00:00:00Z,0.00067614822975734846,-0.00089199631476976292,0.0015681445445271116,5.8663313142455167e-06,2.0027757935984486e-06,3.8635555206470673e-06,-0,0,0,0.00068201456107159391,0,0.1477809464568888,-0.001163704687494431,0.073308620884697195,0.074472325572191619,0,0,0,0,0,0,0,0,0,False,1,111235.12926988461,team09-risk-none,0,1,0.0022580247295691525,0.037504593026888328,
2021-12-09T08:00:00Z,-0.00083793296819366088,-0.0026936205060647321,0.001855687537871071,-6.0496277148743557e-07,-2.8633718652303878e-06,2.2584090937429522e-06,-0,0,0,-0.00083853793096514838,0,0.14531871623045084,-0.00050904727816190182,0.072404834476144472,0.072913881754306381,0,0,0,0,0,0,0,0,0,False,1,111141.854394736,team09-risk-none,0,1,0.0015840112216345403,0.035342935643499933,
2021-12-09T16:00:00Z,-0.00058933579564509372,-0.0028706360625207002,0.0022813002668756071,4.9373145719546787e-06,9.0108178767842674e-07,4.0362327842762521e-06,-0,0,0,-0.00058439848107313909,0,0.1408833618683612,-0.0013332978831940984,0.069775031992583558,0.071108329875777657,0,0,0,0,0,0,0,0,0,False,1,111076.90326384407,team09-risk-none,0,1,0.0024156920374968083,0.034529141116696256,
2021-12-10T00:00:00Z,-0.00027395277711875264,-0.00068775245968306258,0.00041379968256430994,1.2188640883833966e-05,6.0136301502685236e-06,6.1750107335654403e-06,-0,0,0,-0.00026176413623491869,0,0.1358220033335695,-0.0019151031308690947,0.066953450101350204,0.068868553232219298,0,0,0,0,0,0,0,0,0,False,1,111047.82731420556,team09-risk-none,0,1,0.0029914492455934694,0.034636378299099144,
2021-12-10T08:00:00Z,0.00011999767327991446,0.000196757179818987,-7.6759506539072556e-05,4.9061853776400921e-06,7.7545435350085655e-07,4.1307310241392353e-06,-0,0,0,0.00012490385865755456,0,0.13468680352219625,-0.0021984161140053346,0.066244193704095455,0.068442609818100797,0,0,0,0,0,0,0,0,0,False,1,111061.69761633263,team09-risk-none,0,1,0.0032596890090541564,0.034414123871147992,
2021-12-10T16:00:00Z,-0.0010464956996575556,-0.0029611131782751503,0.0019146174786175945,1.3029236006524103e-05,1.1891884200640457e-05,1.1373518058836467e-06,-0,0,0,-0.0010334664636510314,0,0.13499972215248532,-0.0020767669424515273,0.066461477605016889,0.068538244547468416,0,0,0,0,0,0,0,0,0,False,1,110946.91907644999,team09-risk-none,0,1,0.0031270947545568584,0.034085348317840922,
2021-12-11T00:00:00Z,-0.0014318567543834552,0.0010912329384740868,-0.0025230896928575418,3.2627601237421014e-06,-1.1708088652767108e-06,4.4335689890188129e-06,-0,6.6996434392076394e-05,3.3498217196038197e-05,-0.001529088645847828,0.066996434392076407,0.14482727361716097,3.4694469519536142e-18,0.072413636808580484,0.072413636808580484,7433.0479849083922,0,0,0,0,0,0,0,0,False,1,110777.2714021984,team09-risk-none,0,1,0.0041670552173561637,0.033786681386809375,
2021-12-11T08:00:00Z,0.0003538744743923789,0.0017408770796246721,-0.0013870026052322931,6.3487248200562622e-06,3.0614689102112347e-06,3.2872559098450275e-06,-0,0,0,0.00036022319921243513,0,0.14861214817827731,-0.0014536935394900384,0.073579227319393634,0.075032920858883662,0,0,0,0,0,0,0,0,0,False,1,110817.17594530292,team09-risk-none,0,1,0.0056867036701352403,0.03403165363779994,
2021-12-11T16:00:00Z,-5.2088331952545909e-05,0.00077242597999297065,-0.00082451431194551633,1.4475492056929939e-05,8.7958887662972451e-06,5.6796032906326935e-06,-0,0,0,-3.7612839895615965e-05,0,0.15169824369585222,-0.0010885944318650264,0.075304824631993603,0.076393419063858631,0,0,0,0,0,0,0,0,0,False,1,110813.00779660641,team09-risk-none,0,1,0.0053204455413089491,0.03403769159123711,
2021-12-12T00:00:00Z,0.0007241564443487994,0.0001983479418811766,0.00052580850246762296,1.6557255363714093e-05,1.3340535582828974e-05,3.2167197808851175e-06,-0,0,0,0.00074071369971251356,0,0.1531760236778652,-0.0011419679504634031,0.076017027863700903,0.0771589958141643,0,0,0,0,0,0,0,0,0,False,1,110895.0885095877,team09-risk-none,0,1,0.0053557876845967689,0.034001201064482005,
2021-12-12T08:00:00Z,0.00043245409093912003,-0.00014676195789596497,0.00057921604883508508,1.2108036766412548e-05,5.481253983451881e-06,6.6267827829606669e-06,-0,0,0,0.00044456212770553258,0,0.15282572371121306,-0.0004101811840399594,0.076207771263586549,0.076617952447626508,0,0,0,0,0,0,0,0,0,False,1,110944.38826608761,team09-risk-none,0,1,0.0046234696843434619,0.034034408796064938,
2021-12-12T16:00:00Z,0.0013715405301423815,0.002420203069215642,-0.0010486625390732605,1.1716925880990006e-05,5.0534694831990099e-06,6.6634563977909957e-06,-0,0,0,0.0013832574560233716,0,0.15203638042667467,4.211910592903656e-06,0.076020296168633789,0.076016084258040878,0,0,0,0,0,0,0,0,0,False,1,111097.85291836063,team09-risk-none,0,1,0.0041813524471078223,0.033970273917911735,
2021-12-13T00:00:00Z,-0.00025522516295737479,-0.0034229973132836652,0.0031677721503262902,1.4660902882924995e-05,9.464646655174667e-06,5.1962562277503275e-06,-0,0,0,-0.00024056426007444976,0,0.15527662698030611,0.0013554492355290024,0.078316038107917554,0.076960588872388547,0,0,0,0,0,0,0,0,0,False,1,111071.12674557747,team09-risk-none,0,1,0.0028009431899833626,0.034230306333697259,
2021-12-13T08:00:00Z,-0.00040565045228058437,-0.0036554902195585067,0.0032498397672779231,1.035078233068035e-05,4.3684492451174201e-06,5.9823330855629296e-06,-0,0,0,-0.00039529966994990398,0,0.14870869953860064,0.0011431368221201804,0.074925918180360415,0.073782781358240235,0,0,0,0,0,0,0,0,0,False,1,111027.22036583397,team09-risk-none,0,1,0.0030451305944273477,0.034258826322258649,
2021-12-13T16:00:00Z,-6.4292165417520258e-05,-0.0015342661718963924,0.0014699740064788717,7.0710216636172829e-06,4.5030299646770567e-07,6.6207186671495776e-06,-0,0,0,-5.7221143753902973e-05,0,0.14187814042417196,0.00074274788955538615,0.071310444156863689,0.0705676962673083,0,0,0,0,0,0,0,0,0,False,1,111020.86726129682,team09-risk-none,0,1,0.0034424949722545728,0.034095200414255823,
2021-12-14T00:00:00Z,1.3423072098082983e-05,0.00072135426388173895,-0.00070793119178365598,1.1218145999737399e-05,9.2185431065484634e-06,1.999602893188935e-06,-0,4.5663539095634723e-05,2.2831769547817362e-05,-4.3854090545631699e-05,0.045663539095634718,0.13991309205484673,3.4694469519536142e-18,0.06995654602742335,0.069956546027423364,5069.6057126175001,0,0,0,0,0,0,0,0,False,1,111015.99854213149,team09-risk-none,0,1,0.0034953865503352111,0.033959340541750385,
2021-12-14T08:00:00Z,0.00057119842987185846,0.00031731311131434669,0.00025388531855751172,6.0756874005584414e-06,1.2564849309164005e-07,5.950038907466802e-06,-0,0,0,0.00057727411727241695,0,0.14132366402492505,1.8432046464868929e-05,0.070671048035694961,0.070652615989230089,0,0,0,0,0,0,0,0,0,False,1,111080.08520469302,team09-risk-none,0,1,0.0035442115553874221,0.033908121835114269,
2021-12-14T16:00:00Z,0.00064156903059639492,0.0022884247404879039,-0.0016468557098915087,1.3567191443696533e-06,-4.355134481467968e-06,5.7118536258376217e-06,-0,0,0,0.00064292574974076451,0,0.14127668327535586,0.00059202907403589286,0.070934356174695873,0.070342327100659977,0,0,0,0,0,0,0,0,0,False,1,111151.50145175452,team09-risk-none,0,1,0.0029736883488439281,0.033874078514044774,
2021-12-15T00:00:00Z,4.1599444692913507e-05,0.00043908687012076639,-0.00039748742542785296,1.5724488459029187e-06,-3.4329282958830547e-06,5.0053771417859724e-06,-0,0,0,4.3171893538816428e-05,0,0.14519672057062177,0.0012250702860455934,0.073210895428333672,0.071985825142288087,0,0,0,0,0,0,0,0,0,False,1,111156.30007254188,team09-risk-none,0,1,0.0023324592337320427,0.033902926884589603,
2021-12-15T08:00:00Z,-0.00082351722675802583,-0.0045281622669513478,0.0037046450401933225,3.8406690239319314e-06,-3.3949196419884386e-06,7.2355886659203687e-06,-0,0,0,-0.0008196765577340938,0,0.14596956121169719,0.0012583436811803642,0.073613952446438771,0.0723556087652584,0,0,0,0,0,0,0,0,0,False,1,111065.18785912797,team09-risk-none,0,1,0.0022871250130915843,0.033780623058698687,
2021-12-15T16:00:00Z,0.0026518322086388798,0.0084819066919426499,-0.0058300744833037705,2.0137727936317077e-07,-5.9397206472781564e-06,6.1410979266413266e-06,-0,0,0,0.0026520335859182434,0,0.13787523129072621,0.00041571300574161016,0.069145472148233911,0.068729759142492297,0,0,0,0,0,0,0,0,0,False,1,111359.73646755669,team09-risk-none,0,1,0.0031085548461436963,0.033898482237240568,
2021-12-16T00:00:00Z,0.00053047686025446922,0.00024714489959583297,0.00028333196065863625,3.3587798232073347e-06,-3.7375014212748802e-06,7.0962812444822145e-06,-0,0,0,0.0005338356400776766,0,0.15177445302376957,0.0030823819998397652,0.077428417511804681,0.074346035511964906,0,0,0,0,0,0,0,0,0,False,1,111419.18426375273,team09-risk-none,0,1,0.00046160931762373458,0.034950509836464673,
2021-12-16T08:00:00Z,0.00091556744512679832,0.0016223500600795054,-0.00070678261495270712,6.6789827084667451e-07,-6.734054021508825e-06,7.4019522923554986e-06,-0,0,0,0.0009162353433976449,0,0.15164567732296458,0.0036067303508112748,0.077626203836887925,0.07401947348607664,0,0,0,0,0,0,0,0,0,False,1,111521.27045830771,team09-risk-none,0,1,0,0.034904428152656618,
2021-12-16T16:00:00Z,-0.00017704364724636991,-0.0034529971285864481,0.0032759534813400783,2.1949937770288143e-06,-5.0741594396334964e-06,7.2691532166623106e-06,-0,0,0,-0.0001748486534693411,0,0.1537950190078281,0.0045418203422924377,0.079168419675060261,0.074626599332767829,0,0,0,0,0,0,0,0,0,False,1,111501.77111433489,team09-risk-none,0,1,0,0.03498610070033796,
2021-12-17T00:00:00Z,-0.00030745307958566012,-0.00077451736659700531,0.00046706428701134514,5.8324660529534478e-07,-6.5548644887504886e-06,7.1381110940458331e-06,-0,0.00010609179395043294,5.3045896975216471e-05,-0.00046600752390601417,0.10609179395043294,0.13968626442432863,-1.5612511283791264e-17,0.069843132212164316,0.069843132212164316,11829.422926170353,0,0,0,0,0,0,0,0,False,1,111449.81045006675,team09-risk-none,0,1,0.00017646011529204308,0.034942117270707902,
2021-12-17T08:00:00Z,0.0016656502134360053,0.00093384752533499905,0.00073180268810100623,1.2048822611840501e-06,-3.9073527983235379e-06,5.1122350595075881e-06,-0,0,0,0.0016668550956971892,0,0.13853849135415985,-0.00032001780107563521,0.069109236776542127,0.069429254577617755,0,0,0,0,0,0,0,0,0,False,1,111635.58113452993,team09-risk-none,0,1,0.00064176417149286458,0.034902718017755865,
2021-12-17T16:00:00Z,0.0008087466431051806,-4.6417217343912276e-05,0.00085516386044909298,3.4460755883475638e-06,-1.8655475233656824e-06,5.3116231117132456e-06,-0,0,0,0.00081219271869352818,0,0.13846097225264184,0.0013560761035067218,0.069908524178074277,0.068552448074567562,0,0,0,0,0,0,0,0,0,False,1,111726.25074067451,team09-risk-none,0,1,0,0.035225807467288199,
2021-12-18T00:00:00Z,-0.00065431179232712663,0.00062947044818120854,-0.0012837822405083351,3.4970456008041705e-06,-1.2842130192017694e-06,4.7812586200059391e-06,-0,0,0,-0.00065081474672632248,0,0.13749483592704348,0.0021781532984536927,0.069836494612748587,0.067658341314294893,0,0,0,0,0,0,0,0,0,False,1,111653.53764909603,team09-risk-none,0,1,0,0.035158059403286049,
2021-12-18T08:00:00Z,0.001696484880078565,0.0022564622470175209,-0.00055997736693895581,6.1892750450039982e-06,7.6115302859111982e-07,5.4281220164128777e-06,-0,0,0,0.0017026741551235689,0,0.13955373318720543,0.0015313286772181203,0.070542530932211772,0.069011202254993645,0,0,0,0,0,0,0,0,0,False,1,111843.64724197927,team09-risk-none,0,1,0.00064812427883342849,0.035229239696702934,
2021-12-18T16:00:00Z,0.0004055518946412898,0.00048945473900800958,-8.3902844366719756e-05,4.8004238039976158e-06,-2.1415881042865119e-06,6.9420119082841289e-06,-0,0,0,0.00041035231844528745,0,0.1420596951931718,0.0032201235162740635,0.072639909354722934,0.069419785838448878,0,0,0,0,0,0,0,0,0,False,1,111889.5425419284,team09-risk-none,0,1,0,0.034766349797513439,
2021-12-19T00:00:00Z,-8.7827575619821324e-05,0.00042381483015615785,-0.0005116424057759792,1.2699312845284263e-05,6.0589351041342369e-06,6.6403777411500261e-06,-0,0,0,-7.5128262774537064e-05,0,0.14256473373591472,0.0036205090029419358,0.073092621369428332,0.069472112366486385,0,0,0,0,0,0,0,0,0,False,1,111881.13647497458,team09-risk-none,0,1,0,0.034745261615361345,
2021-12-19T08:00:00Z,0.0001181712986645977,-0.00049723234355506798,0.00061540364221966595,1.0211494273700148e-05,3.2127301337833446e-06,6.9987641399168025e-06,-0,0,0,0.00012838279293829786,0,0.14350568102263017,0.0035318275664971595,0.073518754294563671,0.069986926728066501,0,0,0,0,0,0,0,0,0,False,1,111895.50008775236,team09-risk-none,0,1,7.761586284982247e-05,0.03475637642414018,
2021-12-19T16:00:00Z,0.00081175780348258784,-0.00065183642810601856,0.0014635942315886063,7.6930068578081656e-06,7.5802220968322098e-07,6.9349846481249423e-06,-0,0,0,0.00081945081034039602,0,0.14235414139889105,0.0036555154458728211,0.073004828422381943,0.06934931297650912,0,0,0,0,0,0,0,0,0,False,1,111987.19294597271,team09-risk-none,0,1,0,0.034233988267945201,
2021-12-20T00:00:00Z,-0.0016187688323214618,-0.0026731927064917805,0.0010544238741703187,5.5998896772434695e-06,-1.1838650310664312e-06,6.7837547083099003e-06,-0,7.202099477941156e-05,3.601049738970578e-05,-0.0017212004348133357,0.072020994779411568,0.14079746853995917,-3.4694469519536142e-18,0.070398734269979585,0.070398734269979585,8065.429038522856,0,0,0,0,0,0,0,0,False,1,111794.44054078058,team09-risk-none,0,1,0,0.03421526372645415,
2021-12-20T08:00:00Z,0.00065257468882116108,-0.00084311994375125242,0.0014956946325724134,7.3008796683907636e-06,3.5267835379593586e-07,6.9482013145948282e-06,-0,0,0,0.00065987556848955175,0,0.13731878304071626,-0.0016442286989532054,0.067837277170881533,0.069481505869834731,0,0,0,0,0,0,0,0,0,False,1,111868.2109607864,team09-risk-none,0,1,0.0017195023820757438,0.03471626575246959,
2021-12-20T16:00:00Z,0.0012205214073510778,0.0030087065952994611,-0.0017881851879483833,4.0238259366126085e-06,-1.8303687075636858e-06,5.8541946441762941e-06,-0,0,0,0.0012245452332876904,0,0.13487528097712137,-0.00098239457723539245,0.066946443199943001,0.067928837777178397,0,0,0,0,0,0,0,0,0,False,1,112005.19864527485,team09-risk-none,0,1,0.0010640350248577457,0.034752305625321778,
2021-12-21T00:00:00Z,0.00033837373695574886,0.0016443941892226477,-0.0013060204522668988,8.3387171528109729e-06,2.1680755191597596e-06,6.1706416336512137e-06,-0,0,0,0.00034671245410855983,0,0.13948361088395006,0.0002296671180076551,0.069856639000978854,0.069626971882971206,0,0,0,0,0,0,0,0,0,False,1,112044.03224257007,team09-risk-none,0,1,0,0.03485213599604587,
2021-12-21T08:00:00Z,-2.4227009878138503e-05,5.2098257085904616e-05,-7.6325266964043101e-05,1.4844543760120437e-05,9.303516659934547e-06,5.5410271001858903e-06,-0,0,0,-9.3824661180180652e-06,0,0.14238747110220004,0.00057247042709356738,0.071479970764646794,0.070907500337553234,0,0,0,0,0,0,0,0,0,False,1,112042.98099323382,team09-risk-none,0,1,0,0.034778331719047789,
2021-12-21T16:00:00Z,-0.00032310255316295557,0.0012939506436449397,-0.0016170531968078951,1.0510461492874911e-05,4.7226679352085996e-06,5.7877935576663127e-06,-0,0,0,-0.00031259209167008064,0,0.14251009169086096,0.00054681063893590245,0.071528451164898435,0.070981640525962536,0,0,0,0,0,0,0,0,0,False,1,112007.9572434482,team09-risk-none,0,1,1.3716443384992338e-05,0.034181522392537411,
2021-12-22T00:00:00Z,0.0017919550755660359,0.0028601958254551385,-0.0010682407498891025,7.5431334572703699e-06,2.4195220029000825e-06,5.1236114543702879e-06,-0,0,0,0.0017994982090233061,0,0.14550156065108541,0.00022546882214933422,0.072863514736617369,0.072638045914468041,0,0,0,0,0,0,0,0,0,False,1,112209.51536190414,team09-risk-none,0,1,0.00032927057600973253,0.033886124729776576,
2021-12-22T08:00:00Z,-0.0004635235694784758,0.00090841621610892557,-0.0013719397855874011,1.1288444257170211e-05,5.3968866472359058e-06,5.8915576099343073e-06,-0,0,0,-0.00045223512522130554,0,0.14916876986142691,0.0020033693229810079,0.075586069592203972,0.073582700269222964,0,0,0,0,0,0,0,0,0,False,1,112158.77027767342,team09-risk-none,0,1,0,0.034322905171269243,
2021-12-22T16:00:00Z,-0.003350860122587015,-0.0027999292913056702,-0.00055093083128134426,1.016708836633485e-05,3.0077613796044923e-06,7.1593269867303563e-06,-0,0,0,-0.0033406930342206802,0,0.15151895945706059,0.0015234838254575486,0.076521221641259074,0.074997737815801518,0,0,0,0,0,0,0,0,0,False,1,111784.08225508004,team09-risk-none,0,1,0.00045335596134310485,0.034325349757460828,
2021-12-23T00:00:00Z,0.00032802812529022927,-0.00031726860908441187,0.00064529673437464102,4.6583269150876097e-06,3.0973908100683018e-07,4.3485878340807797e-06,-0,6.6496959660200706e-05,3.3248479830100353e-05,0.00023294101271501577,0.066496959660200708,0.14689368416489657,1.3877787807814457e-17,0.073446842082448283,0.073446842082448269,7433.3016083686143,0,0,0,0,0,0,0,0,False,1,111810.12135240596,team09-risk-none,0,1,0.0037980222859502755,0.036449736932752469,
2021-12-23T08:00:00Z,-0.0011602455836223478,0.0019800537234509544,-0.0031402993070733022,3.4990129040883537e-06,-3.3308817823946859e-06,6.8298946864830384e-06,-0,0,0,-0.0011567465707182595,0,0.1458723956849689,0.00036257767547794723,0.073117486680223442,0.072754909004745474,0,0,0,0,0,0,0,0,0,False,1,111680.78537795997,team09-risk-none,0,1,0.0035671211629483279,0.036440705918310466,
2021-12-23T16:00:00Z,-0.00019259545246054971,0.0028195813968829313,-0.0030121768493434802,1.2091486175622999e-05,4.4917506541905458e-06,7.5997355214324517e-06,-0,0,0,-0.00018050396628492671,0,0.15117781530132121,-0.00081505730760987258,0.075181378996855674,0.075996436304465537,0,0,0,0,0,0,0,0,0,False,1,111660.62655324143,team09-risk-none,0,1,0.0047111895893980904,0.036185689859448249,
2021-12-24T00:00:00Z,9.6563700530081172e-05,3.5811565791834533e-05,6.0752134738246605e-05,6.4484196172668131e-06,6.0891716991017918e-07,5.8395024473566346e-06,-0,0,0,0.00010301212014734799,0,0.15701975543068247,-0.0010276882476808087,0.077996033591500841,0.079023721839181674,0,0,0,0,0,0,0,0,0,False,1,111672.12895111965,team09-risk-none,0,1,0.0048964585665826066,0.035325111235115114,
2021-12-24T08:00:00Z,-0.0013799063600692554,0.00010757518385863432,-0.0014874815439278898,4.3106744494923794e-06,-2.1471676476477575e-06,6.4578420971401373e-06,-0,0,0,-0.0013755956856197631,0,0.15699998600809528,-0.00091715554770481489,0.078041415230195227,0.078958570777900042,0,0,0,0,0,0,0,0,0,False,1,111518.51325233052,team09-risk-none,0,1,0.0047960783242171345,0.035155369070382136,
2021-12-24T16:00:00Z,-0.0011399135519598454,-0.0022722817269804976,0.0011323681750206526,9.4607931434015312e-06,1.4015536996863907e-06,8.0592394437151405e-06,-0,0,0,-0.0011304527588164438,0,0.15886310455190841,-0.0023201594008759804,0.078271472575516227,0.0805916319763922,0,0,0,0,0,0,0,0,0,False,1,111392.44684136532,team09-risk-none,0,1,0.0061599581994317143,0.035517858138963611,
2021-12-25T00:00:00Z,0.001459660893831426,0.0013279421566545146,0.00013171873717691138,1.0064866583308741e-05,2.1110519161741564e-06,7.9538146671345824e-06,-0,0,0,0.0014697257604147349,0,0.1555984554891664,-0.0034762367879707379,0.076061109350597816,0.079537346138568554,0,0,0,0,0,0,0,0,0,False,1,111556.1631900037,team09-risk-none,0,1,0.007282847748477983,0.035678667124798294,
2021-12-25T08:00:00Z,-0.00025541405784704056,0.00031855638450855819,-0.00057397044235559869,4.6833652337089068e-06,-3.2453763323265676e-06,7.928741566035474e-06,-0,0,0,-0.0002507306926133316,0,0.1565893034554888,-0.0019847852048468818,0.07730225912532096,0.079287044330167838,0,0,0,0,0,0,0,0,0,False,1,111528.19263594178,team09-risk-none,0,1,0.0058291758835834484,0.035859216684205435,
2021-12-25T16:00:00Z,0.00037763361965067332,0.0014267063475581769,-0.0010490727279075034,1.0768526831638916e-05,2.7811641458356285e-06,7.9873626858032871e-06,-0,0,0,0.00038840214648231221,0,0.15751156762747293,-0.0022339658645291818,0.077638800881471876,0.07987276674600105,0,0,0,0,0,0,0,0,0,False,1,111571.51042535488,team09-risk-none,0,1,0.0060723968779382576,0.035765838925605191,
2021-12-26T00:00:00Z,0.0002819012841840857,-0.00029337073139059901,0.00057527201557468471,7.5787582210188415e-06,-3.2011878176887082e-07,7.8988770027877128e-06,-0,8.7231889811567953e-05,4.3615944905783976e-05,0.0001586322076877526,0.087231889811567973,0.14076035353175873,1.0408340855860843e-17,0.070380176765879363,0.070380176765879363,9732.5937035347633,0,0,0,0,0,0,0,0,False,1,111589.20926036871,team09-risk-none,0,1,0.005689524859743611,0.035762060562272775,
2021-12-26T08:00:00Z,-0.00015241310959344411,0.00097358791242039893,-0.001126001022013843,9.0922252812665304e-06,2.1117635582480413e-06,6.9804617230184912e-06,-0,0,0,-0.00014332088431217758,0,0.13988403181154946,0.00027606669824950525,0.070080049254899482,0.069803982556649977,0,0,0,0,0,0,0,0,0,False,1,111573.21619621781,team09-risk-none,0,1,0.0055302901104813396,0.03486569922117904,
2021-12-26T16:00:00Z,-0.00063868834195589903,0.00050000318766415229,-0.0011386915296200512,1.0530299757782827e-05,3.4368223936710425e-06,7.0934773641117833e-06,-0,0,0,-0.00062815804219811618,0,0.14198630929929629,0.00011825593018867028,0.071052282614742487,0.070934026684553814,0,0,0,0,0,0,0,0,0,False,1,111503.13058317025,team09-risk-none,0,1,0.0056713884851842256,0.034848753097009959,
2021-12-27T00:00:00Z,-0.00037233299128644042,-0.00029325976174588222,-7.9073229540558212e-05,1.2010357681944432e-05,5.0727515897054882e-06,6.9376060922389437e-06,-0,0,0,-0.00036032263360449596,0,0.1436818230348276,-0.00052358336056240046,0.07157911983713261,0.072102703197694989,0,0,0,0,0,0,0,0,0,False,1,111462.95348150337,team09-risk-none,0,1,0.0062945132750790167,0.034884264682789198,
2021-12-27T08:00:00Z,-0.0021145114751938824,0.00048214808197091568,-0.0025966595571647981,1.1426259142470293e-05,4.2033391014549189e-06,7.2229200410153746e-06,-0,0,0,-0.0021030852160514122,0,0.14356382624490985,-0.00089292397513475105,0.07133545113488754,0.072228375110022308,0,0,0,0,0,0,0,0,0,False,1,111228.53739189899,team09-risk-none,0,1,0.0066531480588988279,0.034818120458895339,
2021-12-27T16:00:00Z,-0.0012328073198026328,-0.0015151699761628025,0.00028236265636016986,1.0649879540999617e-05,3.1525712701161141e-06,7.4973082708835027e-06,-0,0,0,-0.0012221574402616331,0,0.14693404766558069,-0.0030105208604967251,0.07196176340254197,0.074972284263038702,0,0,0,0,0,0,0,0,0,False,1,111092.59860735606,team09-risk-none,0,1,0.0087430107211377006,0.035395117147175442,
2021-12-28T00:00:00Z,0.0012297332832171511,-0.0021537687005895906,0.0033835019838067419,1.2075944828951082e-05,4.5978678439869823e-06,7.478076984964098e-06,-0,0,0,0.0012418092280461022,0,0.1453125208831918,-0.0042472127409982907,0.07053265407109674,0.074779866812095031,0,0,0,0,0,0,0,0,0,False,1,111230.5544214743,team09-risk-none,0,1,0.009953070971286726,0.035693079282010917,
2021-12-28T08:00:00Z,-0.00083048957108062258,-0.00082343133457343602,-7.0582365071865268e-06,4.0915297522459107e-06,1.4483075976599686e-07,3.946698992479914e-06,-0,0,0,-0.0008263980413283767,0,0.1396311441250761,-0.0030133321086231353,0.068308906008226478,0.071322238116849623,0,0,0,0,0,0,0,0,0,False,1,111138.63370916453,team09-risk-none,0,1,0.0087315362251042528,0.035919387628057617,
2021-12-28T16:00:00Z,0.00011439129442090876,-0.0025215498876686171,0.0026359411820895259,8.0045517640376645e-06,1.8995117105200639e-06,6.105040053517601e-06,-0,0,0,0.00012239584618494644,0,0.13893290932120264,-0.0038531535781209346,0.067539877871540838,0.071393031449661776,0,0,0,0,0,0,0,0,0,False,1,111152.2366162812,team09-risk-none,0,1,0.0095468429080157735,0.036055657878791079,
2021-12-29T00:00:00Z,0.00012237287923296818,2.7475037615769386e-05,9.4897841617198821e-05,4.7831571725976388e-06,6.1344758812886724e-07,4.169709584468771e-06,-0,7.6345410552521397e-05,3.8172705276260699e-05,1.2637920576783715e-05,0.076345410552521406,0.14301637788779037,0,0.071508188943895185,0.071508188943895185,8485.963138300991,0,0,0,0,0,0,0,0,False,1,111153.64134941949,team09-risk-none,0,1,0.0094288065611688454,0.035975875173487125,
2021-12-29T08:00:00Z,0.0014900698372364734,0.0014803224130019452,9.7474242345283458e-06,-1.3335496263825028e-06,-5.6086881164049155e-06,4.2751384900224121e-06,-0,0,0,0.001488736287610091,0,0.14294178877001734,0.00011484056314044894,0.071528314666578885,0.071413474103438443,0,0,0,0,0,0,0,0,0,False,1,111319.11980879637,team09-risk-none,0,1,0.0094223468822464129,0.035969728254317261,
2021-12-29T16:00:00Z,-0.00080693589025858229,-0.0022012485715394532,0.0013943126812808707,5.9370735656267099e-07,-4.1958500852625938e-06,4.789557441825265e-06,-0,0,0,-0.00080634218290201963,0,0.14419544080109953,0.0016116250562566992,0.0729035329286781,0.071291907872421401,0,0,0,0,0,0,0,0,0,False,1,111229.35850673102,team09-risk-none,0,1,0.0079457260419624198,0.03629205371722509,
2021-12-30T00:00:00Z,0.00038992661308872873,0.0011043428057588673,-0.00071441619267013858,-3.1661064413382664e-06,-5.4641114028016586e-06,2.2980049614633918e-06,-0,0,0,0.00038676050664739048,0,0.14071886697658334,0.00080166156615327222,0.070760264271368306,0.069958602705215034,0,0,0,0,0,0,0,0,0,False,1,111272.37762978114,team09-risk-none,0,1,0.0087493881803102358,0.036355980216318834,
2021-12-30T08:00:00Z,-0.0010445877012112512,-0.00027870783059438098,-0.00076587987061687039,-2.4995449313651855e-06,-5.2580234535806129e-06,2.7584785222154277e-06,-0,0,0,-0.0010470872461426164,0,0.14250985750677506,0.0011764175412524724,0.071843137524013764,0.070666719982761292,0,0,0,0,0,0,0,0,0,False,1,111155.86574231704,team09-risk-none,0,1,0.008365350604327082,0.036370725275608605,
2021-12-30T16:00:00Z,0.00037345423730871077,0.00041706186999915939,-4.360763269044856e-05,3.4426479258683978e-07,-2.9151502560682311e-06,3.2594150486550708e-06,-0,0,0,0.00037379850210129761,0,0.14302541786854694,0.00013951857243989924,0.071582468220493425,0.071442949648053533,0,0,0,0,0,0,0,0,0,False,1,111197.41563843128,team09-risk-none,0,1,0.0094008615240496196,0.036266679378513848,
2021-12-31T00:00:00Z,0.00063938669749072081,0.00014244716856566086,0.00049693952892505995,9.3344850871613303e-07,-5.7689701111028203e-06,6.7024186198189532e-06,-0,0,0,0.00064032014599943693,0,0.14353622282256642,0.00051433428555935912,0.072025278554062891,0.071510944268503532,0,0,0,0,0,0,0,0,0,False,1,111268.61758384765,team09-risk-none,0,1,0.0090299931870583272,0.036093671650337424,
2021-12-31T08:00:00Z,0.00020928231209632543,0.0017151576727677787,-0.0015058753606714535,2.8491199271782008e-06,-2.1551578160182654e-06,5.0042777431964667e-06,-0,0,0,0.00021213143202350365,0,0.14308979559385462,0.0011703521414708415,0.072130073867662736,0.070959721726191902,0,0,0,0,0,0,0,0,0,False,1,111292.22115503499,team09-risk-none,0,1,0.0083935555409029305,0.035958206232147169,
2021-12-31T16:00:00Z,-0.00037112846083367669,-0.0027812361577466554,0.002410107696912979,3.1659717545079039e-06,-4.0731365472655412e-06,7.2391083017734446e-06,-0,0,0,-0.00036796248907916876,0,0.14619049489664757,0.0014087872359756989,0.073799641066311636,0.072390853830335944,0,0,0,0,0,0,0,0,0,False,1,111251.26979232363,team09-risk-none,0,1,0.0081828903877674275,0.035898781677460349,
2022-01-01T00:00:00Z,-9.833006718258472e-05,0.001464375848238134,-0.0015627059154207188,6.9819699134178429e-07,-4.5138342101901869e-06,5.2120312015319725e-06,-0,9.3928221017380517e-05,4.6964110508690258e-05,-0.00023852420171731372,0.093928221017380506,0.1429919206445712,1.3877787807814457e-17,0.071495960322285612,0.071495960322285598,10449.633857517601,0,0,0,0,0,0,0,0,False,1,111224.73367200638,team09-risk-none,0,1,0.0085502885530002182,0.035910289397457863,
2022-01-01T08:00:00Z,-0.00093429425752665236,-1.3693460169709313e-05,-0.00092060079735694299,2.9722245396289582e-06,-3.1658037392698269e-06,6.1380282788987839e-06,-0,0,0,-0.00093132203298702343,0,0.14608337670470661,-0.00013339216787910252,0.072974992268413752,0.073108384436292861,0,0,0,0,0,0,0,0,0,False,1,111121.14762692452,team09-risk-none,0,1,0.0087845192593560828,0.035892272069593827,
2022-01-01T16:00:00Z,8.6042826634496667e-05,0.0017721823323554576,-0.0016861395057209607,5.1431159522826365e-06,-1.1783645876437728e-06,6.3214805399264094e-06,-0,0,0,9.1185942586779301e-05,0,0.1471206474357587,-0.0010300761720618348,0.07304528563184845,0.074075361803910278,0,0,0,0,0,0,0,0,0,False,1,111131.28031351221,team09-risk-none,0,1,0.009705510265260564,0.035796082879750946,
2022-01-02T00:00:00Z,-3.8819825336115222e-05,-0.00076176484629701441,0.00072294502096089915,2.846998632468879e-07,1.2229103391345744e-09,2.8347695290775288e-07,-0,0,0,-3.8535125472868338e-05,0,0.1505364972308722,-0.00096431852507132543,0.074786089352900445,0.07575040787797177,0,0,0,0,0,0,0,0,0,False,1,111126.99785568137,team09-risk-none,0,1,0.0096200210054299129,0.035784695972877464,
2022-01-02T08:00:00Z,-0.0016704838365555828,-0.00052615912277268883,-0.0011443247137828941,2.5954897470062233e-06,-3.2048946631856758e-06,5.8003844101918982e-06,-0,0,0,-0.0016678883468085764,0,0.1490573741574093,-0.00099324837215686301,0.074032062892626233,0.075025311264783096,0,0,0,0,0,0,0,0,0,False,1,110941.65043094206,team09-risk-none,0,1,0.0096558969509912274,0.03574272504204741,
2022-01-02T16:00:00Z,0.00023469067670934846,0.00027177663950946822,-3.7085962800119688e-05,-1.7177180409250797e-06,-6.3120316600447207e-06,4.5943136191196423e-06,-0,0,0,0.00023297295866842339,0,0.14994149255987974,-0.0026645944052226395,0.073638449077328555,0.076303043482551194,0,0,0,0,0,0,0,0,0,False,1,110967.49683548251,team09-risk-none,0,1,0.011311944764142101,0.03619905505840932,
2022-01-03T00:00:00Z,-8.1441357970843568e-05,-0.00099104284001129764,0.000909601482040454,1.305647630837802e-06,-6.327502904392291e-06,7.6331505352300938e-06,-0,2.0258558134501251e-05,1.0129279067250625e-05,-0.00011052354754175766,0.02025855813450125,0.12996263607282316,0.017822546652042637,0.073892591362432897,0.05607004471039026,2248.041485681706,0,0,0,0,0,0,0,0,False,1,110955.23231407042,team09-risk-none,0.02025855813450125,1,0.011078617315656847,0.036181198016811064,
2022-01-03T08:00:00Z,-0.00037529082213881787,0.0012724525608634057,-0.0016477433830022234,-7.236527643329259e-07,-6.2387917604029201e-06,5.5151389960699949e-06,-0,0,0,-0.0003760144749031508,0,0.12804628561957618,0.017743425877206925,0.072894855748391552,0.055151429871184633,0,0,0,0,0,0,0,0,0,False,1,110913.51154065409,team09-risk-none,0,1,0.011189923009243152,0.033556433574465874,
2022-01-03T16:00:00Z,0.00014715954452514725,-8.2756970611782006e-05,0.00022991651513692919,-1.1336982577933221e-06,-5.5170746155874318e-06,4.3833763577941094e-06,-0,0,0,0.00014602584626735392,0,0.13101242375525632,0.017374684597046563,0.074193554176151449,0.056818869579104883,0,0,0,0,0,0,0,0,0,False,1,110929.70778003929,team09-risk-none,0,1,0.011562135216073299,0.033389019652465185,
2022-01-04T00:00:00Z,-0.00041598477022327545,-0.00047729243813429971,6.1307667911024246e-05,-1.481963352758982e-06,-7.1396303023178536e-06,5.6576669495588701e-06,-0,0.00014688472071398471,7.3442360356992353e-05,-0.00063779381464701152,0.14688472071398473,0.13217024976074812,0,0.066085124880374074,0.066085124880374074,16293.879146155008,0,0,0,0,0,0,0,0,False,1,110858.95749855657,team09-risk-none,0,1,0.011418142029450462,0.03325873490152069,
2022-01-04T08:00:00Z,-0.0020487425583155211,0.0008650072367719832,-0.0029137497950875047,1.2598866571398017e-06,-5.3457391373872892e-06,6.6056257945270918e-06,-0,0,0,-0.002047482671658381,0,0.13169020744557752,-0.00042214199837799921,0.065634032723599772,0.066056174721977751,0,0,0,0,0,0,0,0,0,False,1,110631.97570408016,team09-risk-none,0,1,0.012045944605312608,0.033311178604130437,
2022-01-04T16:00:00Z,-0.0011493221346610472,-0.0028248791421263304,0.0016755570074652832,-4.9589369703183721e-07,-6.6627274981213758e-06,6.1668338010895382e-06,-0,0,0,-0.0011498180283580791,0,0.13571819040469268,-0.0024635743621410043,0.066627308021275852,0.069090882383416846,0,0,0,0,0,0,0,0,0,False,1,110504.76906390274,team09-risk-none,0,1,0.014070494490642571,0.034001067475358006,
2022-01-05T00:00:00Z,-0.00066940699218525506,0.0018958952430973292,-0.0025653022352825844,3.6355822869085949e-07,-6.3885712766144696e-06,6.7521295053053299e-06,-0,0,0,-0.00066904343395656418,0,0.13140696004511637,-0.00363558096516321,0.063885689539976573,0.067521270505139785,0,0,0,0,0,0,0,0,0,False,1,110430.83657373965,team09-risk-none,0,1,0.015203287625644268,0.034131406739828674,
2022-01-05T08:00:00Z,-0.0013261330781316645,-0.00093240329793256691,-0.00039372978019909765,4.3159358051877065e-07,-6.580709068569815e-06,7.0123026490885856e-06,-0,0,0,-0.0013257014845511456,0,0.13593005851004336,-0.0043159339424583207,0.065807062283792517,0.070122996226250844,0,0,0,0,0,0,0,0,0,False,1,110284.43824975363,team09-risk-none,0,1,0.015862092443700515,0.034031294926815059,
2022-01-05T16:00:00Z,0.0012508118124890987,-0.006097965659182825,0.0073487774716719228,5.6449553020671335e-07,-6.4968444678944565e-06,7.0613399981011697e-06,-0,0,0,0.0012513763080193056,0,0.1355817681246542,-0.0056449521155168929,0.064968408004568656,0.070613360120085539,0,0,0,0,0,0,0,0,0,False,1,110422.44558292259,team09-risk-none,0,1,0.017166634908354239,0.034246353298671699,
2022-01-06T00:00:00Z,6.4407171691709374e-05,-0.00079178531131682912,0.00085619248300853831,2.5358206702870246e-07,7.8486112822234542e-07,-5.3127906119364249e-07,-0,0,0,6.4660753758738078e-05,0,0.12196617183390142,-0.0043883652452381744,0.058788903294331632,0.0631772685395698,0,0,0,0,0,0,0,0,0,False,1,110429.58558148587,team09-risk-none,0,1,0.015937046478890826,0.034556783860430922,
2022-01-06T08:00:00Z,0.0006026088581321255,0.00053667787915181303,6.5930978980312466e-05,-8.7164498106719688e-07,-5.1265896596655401e-06,4.2549446785983426e-06,-0,0,0,0.0006017372131510583,0,0.12038573896658029,-0.0043115378676973999,0.058037100549441459,0.062348638417138849,0,0,0,0,0,0,0,0,0,False,1,110496.03517256309,team09-risk-none,0,1,0.015874523592140144,0.034162183830509243,
2022-01-06T16:00:00Z,0.00060147525073179966,0.0014955997950370488,-0.00089412454430524903,3.1209602860516093e-07,-5.0730336035890424e-06,5.3851296321942029e-06,-0,0,0,0.00060178734676040468,0,0.12076821051266003,-0.0037062092076237162,0.05853100065251815,0.062237209860141862,0,0,0,0,0,0,0,0,0,False,1,110562.53028839713,team09-risk-none,0,1,0.015281173018880878,0.034187183789325275,
2022-01-07T00:00:00Z,-0.00064813454220413529,-0.004507661723389368,0.0038595271811852324,4.3466851762582119e-06,7.5976645854361028e-07,3.5869187177146022e-06,-0,8.6718139807487533e-05,4.3359069903743766e-05,-0.00077386506673910826,0.086718139807487521,0.13404162923371554,-6.9388939039072284e-18,0.067020814616857771,0.067020814616857771,9587.7769590187963,0,0,0,0,0,0,0,0,False,1,110476.96980851666,team09-risk-none,0,1,0.014684606363172148,0.034266033406063816,
2022-01-07T08:00:00Z,-0.00095092913749920233,-0.0010801618746460948,0.00012923273714689234,-1.2838745637569398e-05,-5.8769580768376323e-06,-6.9617875607317676e-06,-0,0,0,-0.00096376788313677175,0,0.12571226389825935,-0.00066539051739629082,0.062523436690431533,0.063188827207827827,0,0,0,0,0,0,0,0,0,False,1,110370.49565318895,team09-risk-none,0,1,0.015464027418098603,0.032047203947490492,
2022-01-07T16:00:00Z,-0.0011600558087587209,-0.00021217198811633714,-0.00094788382064238386,-3.0453671229431806e-06,-2.6235313161283056e-06,-4.2183580681487455e-07,-0,0,0,-0.0011631011758816642,0,0.12472782350965855,-0.0016059193219342266,0.06156095209386217,0.063166871415796397,0,0,0,0,0,0,0,0,0,False,1,110242.12359991208,team09-risk-none,0,1,0.016403258803738274,0.031951034736803101,
2022-01-08T00:00:00Z,0.00048800191530788917,0.0015871896680451937,-0.0010991877527373045,-5.4402589783290811e-06,-6.1357928029337205e-06,6.955338246046382e-07,-0,0,0,0.00048256165632956004,0,0.12547097299579602,-0.0027544493274519154,0.061358261834172034,0.064112711161623953,0,0,0,0,0,0,0,0,0,False,1,110295.32222167375,team09-risk-none,0,1,0.017549634205196618,0.031804884336025407,
2022-01-08T08:00:00Z,-0.0013424922817687152,-0.0026369505923410966,0.0012944583105723819,-4.9018580579053429e-06,-6.1753643308109546e-06,1.2735062729056115e-06,-0,0,0,-0.0013473941398266206,0,0.12812964938924915,-0.0022685304944799374,0.062930559447384626,0.06519908994186456,0,0,0,0,0,0,0,0,0,False,1,110146.71095086198,team09-risk-none,0,1,0.017075012119104782,0.031752761599240155,
2022-01-08T16:00:00Z,0.00028899619914092404,-0.0016312609493979225,0.0019202571485388467,-5.7665827733533466e-06,-4.4537269693060721e-06,-1.3128558040472745e-06,-0,0,0,0.00028322961636757072,0,0.12437230932869958,-0.0036168845049455757,0.060377712411877005,0.063994596916822577,0,0,0,0,0,0,0,0,0,False,1,110177.90776154873,team09-risk-none,0,1,0.018400248306125411,0.03194860146550809,
2022-01-09T00:00:00Z,2.7407416724476004e-06,0.00062449793873822377,-0.00062175719706577626,2.6420450929968646e-06,6.9595267572208888e-06,-4.3174816642240243e-06,-0,0,0,5.382786765444465e-06,0,0.12077695895221775,-0.0033327836092088454,0.058722087671504455,0.062054871280713297,0,0,0,0,0,0,0,0,0,False,1,110178.50082573248,team09-risk-none,0,1,0.018113973892639468,0.03192990661648961,
2022-01-09T08:00:00Z,0.0010016294674439204,0.0001816392409509415,0.00081999022649297882,-4.329973090902005e-06,-2.0675566818429966e-06,-2.2624164090590084e-06,-0,0,0,0.00099729949435301826,0,0.12204904276014986,-0.0033225934714180144,0.059363224644365921,0.062685818115783942,0,0,0,0,0,0,0,0,0,False,1,110288.38178889456,team09-risk-none,0,1,0.01811553435552371,0.031925804652173123,
2022-01-09T16:00:00Z,0.00071201951127921389,0.0013245059252303053,-0.00061248641395109148,-4.7277831442974582e-06,-4.2589504502551787e-06,-4.6883269404227994e-07,-0,0,0,0.00070729172813491648,0,0.12130621214122284,-0.0023061472295884504,0.059500032455817191,0.061806179685405638,0,0,0,0,0,0,0,0,0,False,1,110366.38784904324,team09-risk-none,0,1,0.017136692469176817,0.032141291816168455,
2022-01-10T00:00:00Z,-8.6388179405031745e-06,0.00013317909161470189,-0.00014181790955520508,6.708334658464429e-06,9.0568844043082762e-06,-2.3485497458438472e-06,-0,7.0437172351395068e-05,3.5218586175697534e-05,-0.00010758624180913136,0.070437172351395072,0.1369499533251006,3.4694469519536142e-18,0.068474976662550313,0.068474976662550299,7773.8962827239739,0,0,0,0,0,0,0,0,False,1,110354.51394415251,team09-risk-none,0,1,0.016430273238066784,0.032077531812823246,
2022-01-10T08:00:00Z,-0.00080874799151608263,-0.0049303863831125783,0.0041216383915964961,1.1099453218470593e-05,6.2912873114143165e-06,4.8081659070562761e-06,-0,0,0,-0.00079764853829761208,0,0.13720309402148026,3.8787084081018386e-08,0.068601566404282166,0.068601527617198094,0,0,0,0,0,0,0,0,0,False,1,110266.48982741042,team09-risk-none,0,1,0.016531773330875743,0.031655808396461531,
2022-01-10T16:00:00Z,0.00042537757452813134,0.0013830654215033593,-0.00095768784697522783,1.4911083219646041e-06,-6.4802294047838007e-08,1.5559106160124418e-06,-0,0,0,0.00042686868285009597,0,0.12827478878380233,-0.00082534049267541688,0.063724724145563461,0.064550064638238883,0,0,0,0,0,0,0,0,0,False,1,110313.55913868555,team09-risk-none,0,1,0.017325677184076183,0.031732331368723971,
2022-01-11T00:00:00Z,0.0010979742408854067,0.0021449492866961032,-0.0010469750458106963,1.1895476787881739e-05,1.1278217887279243e-05,6.1725890060249389e-07,-0,0,0,0.0011098697176732885,0,0.13056848772643814,-0.00039059900166193984,0.065088944362388101,0.065479543364050041,0,0,0,0,0,0,0,0,0,False,1,110435.99281742235,team09-risk-none,0,1,0.016895975835389598,0.031776772400594851,
2022-01-11T08:00:00Z,0.00015376962647448107,0.00061326141886657286,-0.0004594917923920918,4.5736656896480822e-06,-1.9425806508250462e-06,6.5162463404731284e-06,-0,0,0,0.00015834329216412915,0,0.13358470342111237,0.00069842222268245296,0.067141562821897399,0.066443140599214953,0,0,0,0,0,0,0,0,0,False,1,110453.47961609847,team09-risk-none,0,1,0.01581206445483796,0.031915537154261771,
2022-01-11T16:00:00Z,0.00086327560699257149,0.0024299137800672106,-0.0015666381730746388,7.6098444930676414e-06,1.5791708108441455e-06,6.0306736822234953e-06,-0,0,0,0.00087088545148563919,0,0.13466224920949912,0.00087118187689698943,0.067766715543198047,0.066895533666301063,0,0,0,0,0,0,0,0,0,False,1,110549.6719445621,team09-risk-none,0,1,0.015653236266979342,0.031877042143369672,
2022-01-12T00:00:00Z,0.00039776882089546576,0.00047210175833775522,-7.4332937442289382e-05,1.6237929926158318e-05,1.6823223819571534e-05,-5.8529389341321466e-07,-0,0,0,0.00041400675082162408,0,0.13853797301734333,0.0017263690683980738,0.070132171042870686,0.068405801974472616,0,0,0,0,0,0,0,0,0,False,1,110595.44025504826,team09-risk-none,0,1,0.014787482631485771,0.031643081356045599,
2022-01-12T08:00:00Z,-0.00017861954443098335,0.0032443243765348105,-0.0034229439209657936,4.85194989508453e-06,-8.2011538667747877e-07,5.6720652817620078e-06,-0,0,0,-0.00017376759453589883,0,0.13905665533931755,0.0021230437496271345,0.070589849544472338,0.068466805794845209,0,0,0,0,0,0,0,0,0,False,1,110576.2223514285,team09-risk-none,0,1,0.014390820070293464,0.031678080153394149,
2022-01-12T16:00:00Z,-0.00014299651719912307,0.00090861313996512267,-0.0010516096571642458,1.3380999375194015e-05,1.0861916893133953e-05,2.5190824820600635e-06,-0,0,0,-0.00012961551782392905,0,0.14569435425770033,0.0019365211008042192,0.073815437679252277,0.071878916578448054,0,0,0,0,0,0,0,0,0,False,1,110561.88995710941,team09-risk-none,0,1,0.014553682198702678,0.031657550243674504,
2022-01-13T00:00:00Z,0.00029402040632315268,-6.2809720785100077e-05,0.00035683012710825273,2.4978241387375156e-05,1.7797742448168502e-05,7.1804989392066512e-06,-0,9.4927659449246831e-05,4.7463829724623416e-05,0.00017660715853665758,0.094927659449246818,0.13933435565987115,-6.9388939039072284e-18,0.069667177829935589,0.069667177829935589,10495.381437913584,0,0,0,0,0,0,0,0,False,1,110581.41597833717,team09-risk-none,0,1,0.014669984508242639,0.031658907574583055,
2022-01-13T08:00:00Z,0.00095393212079314014,-0.00036830403201597404,0.0013222361528091144,1.3896054546961993e-06,-5.5393407040813811e-06,6.9289461587775803e-06,-0,0,0,0.00095532172624783636,0,0.13888779732242185,0.0003090667166302033,0.069598432019526035,0.069289365302895839,0,0,0,0,0,0,0,0,0,False,1,110687.05680754053,team09-risk-none,0,1,0.014519214289155591,0.031668392935600455,
2022-01-13T16:00:00Z,-0.00065682388967408024,-0.0017868236886961321,0.0011299997990220517,2.4562024728889432e-06,-2.2086699447212968e-06,4.6648724176102409e-06,-0,0,0,-0.00065436768720119134,0,0.13707318237450011,0.0012549337011666731,0.069164058037833404,0.067909124336666724,0,0,0,0,0,0,0,0,0,False,1,110614.62677417428,team09-risk-none,0,1,0.013576710970211625,0.031786746675048959,
2022-01-14T00:00:00Z,-0.0027287464082099053,-9.2691975634661599e-05,-0.0026360544325752439,-7.4682713577883637e-07,-6.7449157787162348e-06,5.9980886429373973e-06,-0,0,0,-0.0027294932353456838,0,0.13428706433925808,0.00061135198086447948,0.06744920816006128,0.066837856179196797,0,0,0,0,0,0,0,0,0,False,1,110312.70489866388,team09-risk-none,0,1,0.014225351964198607,0.03176644779706933,
2022-01-14T08:00:00Z,0.0012215150020223327,0.0011874812936574475,3.4033708364884949e-05,-7.9099586976530684e-07,-5.9602342875162874e-06,5.1692384177509797e-06,-0,0,0,0.0012207240061525672,0,0.13707717147009385,-0.0021493797632261037,0.067463895853433875,0.069613275616659975,0,0,0,0,0,0,0,0,0,False,1,110447.36626571731,team09-risk-none,0,1,0.016916060619194928,0.033106734193363657,
2022-01-14T16:00:00Z,0.00076136208818143353,0.00080719993740124439,-4.583784921981097e-05,-9.3273868456798961e-07,-3.6418747577173061e-06,2.7091360731493162e-06,-0,0,0,0.00076042934949686544,0,0.1381476845347783,-0.00090303018838425175,0.068622327173197023,0.069525357361581275,0,0,0,0,0,0,0,0,0,False,1,110531.3536846004,team09-risk-none,0,1,0.015716125969626682,0.033313351873301256,
2022-01-15T00:00:00Z,-0.0010103001440681901,-0.00047149086034127069,-0.00053880928372691936,1.0570705752988005e-06,-3.1163509394977707e-06,4.1734215147965714e-06,-0,0,0,-0.0010092430734928912,0,0.13888246892358327,-0.00017519518375387622,0.069353636869914706,0.069528832053668582,0,0,0,0,0,0,0,0,0,False,1,110419.80068149042,team09-risk-none,0,1,0.014965687595253296,0.032046998597811648,
2022-01-15T08:00:00Z,0.0011515611898191343,0.0015717332939919381,-0.00042017210417280397,1.7105296822187739e-06,-4.3885210208136201e-06,6.0990507030323941e-06,-0,0,0,0.001153271719501353,0,0.1390991301594528,-0.0011640235811882955,0.068967553289132261,0.070131576870320553,0,0,0,0,0,0,0,0,0,False,1,110547.14471488936,team09-risk-none,0,1,0.015959183622867523,0.032133750406422447,
2022-01-15T16:00:00Z,-0.00018187784295637321,-0.00070484061112944944,0.00052296276817307623,1.5222175554598631e-06,-3.9423267935955951e-06,5.4645443490554576e-06,-0,0,0,-0.00018035562540091334,0,0.14091655674070336,-6.25115187759262e-06,0.07045515279441289,0.070461403946290468,0,0,0,0,0,0,0,0,0,False,1,110527.20691546802,team09-risk-none,0,1,0.014824502698715381,0.032236420466480196,
2022-01-16T00:00:00Z,-0.0012265746749009173,-0.00014883016357500003,-0.0010777445113259174,5.7804611506396306e-07,-5.2580070374441082e-06,5.8360531525080718e-06,-0,4.2563191186834883e-05,2.1281595593417442e-05,-0.0012898414155661057,0.042563191186834888,0.14209778187476096,-6.9388939039072284e-18,0.071048890937380482,0.071048890937380482,4704.3906392899244,0,0,0,0,0,0,0,0,False,1,110384.64434644161,team09-risk-none,0,1,0.015003114647051286,0.032236589797251254,
2022-01-16T08:00:00Z,-0.00033657408766242714,0.00061029328197894977,-0.00094686736964137686,4.8684020136239298e-06,-8.3928913863306929e-07,5.7076911522569979e-06,-0,0,0,-0.00033170568564880321,0,0.14317567114684421,-0.0012163507611304206,0.070979660192856897,0.072196010953987311,0,0,0,0,0,0,0,0,0,False,1,110348.02913230358,team09-risk-none,0,1,0.016269383890079037,0.032479753177609288,
2022-01-16T16:00:00Z,0.00081844574384122625,0.00063101884129955,0.00018742690254167617,8.1624263923818323e-06,3.2799925203917247e-06,4.8824338719901076e-06,-0,0,0,0.00082660817023360819,0,0.14474825615401407,-0.0015779757828726544,0.071585140185570703,0.073163115968443368,0,0,0,0,0,0,0,0,0,False,1,110439.24371475351,team09-risk-none,0,1,0.016592453586598221,0.031880002206579529,
2022-01-17T00:00:00Z,-0.0015723023900257854,-0.0020595449256879794,0.000487242535662194,1.1388295303147971e-05,6.358479560236017e-06,5.0298157429119557e-06,-0,0,0,-0.0015609140947226373,0,0.14509757801733184,-0.00073450217787406069,0.07218153791972888,0.072916040097602941,0,0,0,0,0,0,0,0,0,False,1,110266.85754262864,team09-risk-none,0,1,0.015776385933862769,0.031885274395501199,
2022-01-17T08:00:00Z,-0.0007020232342628889,-0.0020598435105503728,0.001357820276287484,6.5692586850083169e-06,1.3177422616645026e-06,5.2515164233438153e-06,-0,0,0,-0.00069545397557788059,0,0.14278764521670817,-0.0023301011141351746,0.070228772051286512,0.072558873165421686,0,0,0,0,0,0,0,0,0,False,1,110190.17201817613,team09-risk-none,0,1,0.017317409997693711,0.032224996006358746,
2022-01-17T16:00:00Z,-0.0022913000393450255,-0.0014570783240046852,-0.00083422171534034036,4.6275383246098847e-06,-9.233248672998213e-07,5.5508631919097046e-06,-0,0,0,-0.0022866725010204157,0,0.13950724650246948,-0.0030215379576387508,0.068242854272415387,0.071264392230054124,0,0,0,0,0,0,0,0,0,False,1,109938.20318193946,team09-risk-none,0,1,0.018002727266916763,0.031619302483949209,
2022-01-18T00:00:00Z,0.00019870149453725364,-0.00015165214542894631,0.00035035363996619996,3.2640178222646653e-06,-6.5328520634072056e-07,3.9173030286053848e-06,-0,0,0,0.00020196551235951831,0,0.13916283607718016,-0.0053462556117035293,0.06690829023273831,0.072254545844441853,0,0,0,0,0,0,0,0,0,False,1,109960.40690747299,team09-risk-none,0,1,0.020249569331991513,0.032405169078568698,
2022-01-18T08:00:00Z,0.00045257545300825844,-0.0021011546255147099,0.0025537300785229687,6.9121687353791221e-06,8.8439447840636642e-07,6.0277742569727563e-06,-0,0,0,0.00045948762174363755,0,0.138631641303543,-0.0051263424238038834,0.066752649439869555,0.071878991863673442,0,0,0,0,0,0,0,0,0,False,1,110010.93235332887,team09-risk-none,0,1,0.020048118546636906,0.032432182015568689,
2022-01-18T16:00:00Z,0.00075866658853621137,0.0016293505546388929,-0.00087068396610268139,3.0783041677473929e-06,-2.9225141384649654e-06,6.0008183062123583e-06,-0,0,0,0.00076174489270395879,0,0.13392856121268995,-0.0046715904025300334,0.064628485405079969,0.069300075807609995,0,0,0,0,0,0,0,0,0,False,1,110094.73261919062,team09-risk-none,0,1,0.019601601490316423,0.032492920051320977,
2022-01-19T00:00:00Z,-0.0011160858127560193,-0.0039610000490213279,0.002844914236265309,1.1015458356240568e-05,7.0954894582951848e-06,3.919968897945381e-06,-0,6.0078922855886832e-05,3.0039461427943416e-05,-0.0011951887386836089,0.06007892285588682,0.13696395573766004,0,0.068481977868830021,0.068481977868830021,6614.3729478678397,0,0,0,0,0,0,0,0,False,1,109963.14863457577,team09-risk-none,0,1,0.018847000540580083,0.032471518296484252,
2022-01-19T08:00:00Z,0.00070176743432764075,0.0019161401807366873,-0.0012143727464090464,1.2470090389448538e-05,7.8156585611242558e-06,4.6544318283242829e-06,-0,0,0,0.00071423752471708938,0,0.13022952444962113,-0.0011007348838408815,0.064564394782890111,0.065665129666730992,0,0,0,0,0,0,0,0,0,False,1,110041.68844166663,team09-risk-none,0,1,0.020018238061372817,0.032216957228096872,
2022-01-19T16:00:00Z,-9.0117327649604e-05,-0.0016127063636798991,0.0015225890360302953,6.1445920782754067e-06,4.1047046743277023e-06,2.0398874039477048e-06,-0,0,0,-8.3972735571328594e-05,0,0.13337874825220752,-0.00040361233306139555,0.066487567959573057,0.066891180292634467,0,0,0,0,0,0,0,0,0,False,1,110032.44794006129,team09-risk-none,0,1,0.019324501536550964,0.032235009228550285,
2022-01-20T00:00:00Z,0.00047782436142169082,0.0016571185193492853,-0.0011792941579275944,6.8894218366925643e-06,1.3813202611771742e-06,5.5081015755153884e-06,-0,0,0,0.00048471378325838334,0,0.13022892792562324,-0.00050366443922050808,0.064862631743201352,0.06536629618242186,0,0,0,0,0,0,0,0,0,False,1,110085.7821841835,team09-risk-none,0,1,0.019406121170394641,0.031853188368884268,
2022-01-20T08:00:00Z,-0.00012047518963943775,0.0018268213107260046,-0.0019472965003654423,8.3551248165242923e-06,4.582328553778186e-06,3.7727962627461059e-06,-0,0,0,-0.00011212006482291345,0,0.13296588766799317,-8.8353594868695318e-06,0.066478526154253148,0.066487361513740018,0,0,0,0,0,0,0,0,0,False,1,110073.43935914892,team09-risk-none,0,1,0.018929375855424202,0.031885788685915441,
2022-01-20T16:00:00Z,-0.00072251941569368024,-0.0069107983473361652,0.0061882789316424838,3.9304908290784077e-06,1.1421867448630622e-06,2.788304084215345e-06,-0,0,0,-0.00071858892486460183,0,0.1367462336099356,-0.00014793201249511251,0.06829915079872026,0.068447082811215365,0,0,0,0,0,0,0,0,0,False,1,109994.34180470368,team09-risk-none,0,1,0.019043713912863081,0.031880426545436311,
2022-01-21T00:00:00Z,0.00023027675170313012,-0.0013117210756724801,0.0015419978273756103,2.1625610001061809e-06,3.1977550483865982e-06,-1.0351940482804169e-06,-0,0,0,0.0002324393127032363,0,0.12388266209986684,-0.00086702298241262549,0.061507819558727111,0.06237484254113973,0,0,0,0,0,0,0,0,0,False,1,110019.90881391401,team09-risk-none,0,1,0.01975035124466773,0.031930019035119779,
2022-01-21T08:00:00Z,-0.0011557716003335928,-0.0019081368647459482,0.00075236526441235536,6.4531223592809274e-06,7.0597352059067869e-06,-6.0661284662585926e-07,-0,0,0,-0.0011493184779743121,0,0.12089182300209576,-0.00064672175056917566,0.060122550625763285,0.060769272376332464,0,0,0,0,0,0,0,0,0,False,1,109893.46089976912,team09-risk-none,0,1,0.019518295900267324,0.031181092649601866,
2022-01-21T16:00:00Z,-0.00075578667957089797,-0.0061156446966686828,0.0053598580170977836,-3.8364850361702519e-06,-3.8516862869588061e-06,1.5201250788553536e-08,-0,0,0,-0.00075962316460706828,0,0.11833884225810459,-0.0017873512960191497,0.058275745481042723,0.06006309677706187,0,0,0,0,0,0,0,0,0,False,1,109809.98328123082,team09-risk-none,0,1,0.020655258751657857,0.031339781759088581,
2022-01-22T00:00:00Z,-0.0013588296862703405,-0.0095426281173030033,0.0081837984310326635,-1.9853803972068514e-06,-2.7854369224780539e-06,8.0005652527120314e-07,-0,9.8690947799588805e-05,4.9345473899794402e-05,-0.0015088514883669305,0.098690947799588799,0.14378741484889818,0,0.071893707424449074,0.071893707424449074,10837.25132788167,0,0,0,0,0,0,0,0,False,1,109644.29632451938,team09-risk-none,0,1,0.021397380203800664,0.02941821219217047,
2022-01-22T08:00:00Z,0.0015776872527221617,8.1370502779274772e-05,0.0014963167499428868,-6.7380623916536455e-06,-1.7783259258015216e-06,-4.9597364658521234e-06,-0,0,0,0.0015709491903305082,0,0.12632023253046665,-0.0013816993771242694,0.062469266576671192,0.063850965953795455,0,0,0,0,0,0,0,0,0,False,1,109816.54194305475,team09-risk-none,0,1,0.022878590201822036,0.029730313804817034,
2022-01-22T16:00:00Z,9.2333950759871533e-05,0.0018711846585206669,-0.0017788507077607955,-6.0727142975419342e-06,1.1415833005936683e-05,-1.7488547303478619e-05,-0,0,0,8.6261236462329609e-05,0,0.12455145996394217,0.00019679662010905347,0.062374128292025613,0.062177331671916559,0,0,0,0,0,0,0,0,0,False,1,109826.01485374678,team09-risk-none,0,1,0.021342930962675033,0.030188316436277243,
2022-01-23T00:00:00Z,0.0021216805573906479,0.0039313379615883489,-0.0018096574041977019,2.7721277321465872e-07,1.6268916695226653e-06,-1.3496788963080071e-06,-0,0,0,0.0021219577701638626,0,0.12817439425380825,0.00027127556236418091,0.064222834908086224,0.063951559345722025,0,0,0,0,0,0,0,0,0,False,1,110059.06101933181,team09-risk-none,0,1,0.021252295819007783,0.030203316927240847,
2022-01-23T08:00:00Z,8.6321595495440152e-05,-0.0017300036472275813,0.0018163252427230217,1.5650421158262789e-05,2.2371836352833631e-05,-6.7214151945708354e-06,-0,0,0,0.00010197201665370294,0,0.13370609523977348,0.0024084670124208327,0.068057281126097158,0.065648814113676318,0,0,0,0,0,0,0,0,0,False,1,110070.28396373497,team09-risk-none,0,1,0.019160356106836751,0.031242190598707857,
2022-01-23T16:00:00Z,0.00062944965181976073,0.0023062056005081779,-0.0016767559486884169,7.7211326285630946e-06,2.2971837124287669e-05,-1.5250704495724571e-05,-0,0,0,0.00063717078444832384,0,0.130081941247497,0.0025048185553610269,0.066293379901429014,0.063788561346067987,0,0,0,0,0,0,0,0,0,False,1,110140.41753291259,team09-risk-none,0,1,0.019068115942216468,0.030959394933519176,
2022-01-24T00:00:00Z,-0.002025858709094679,-0.0061489079466836641,0.004123049237588986,8.8258623413460636e-08,7.1654572170625843e-06,-7.0771985936491238e-06,-0,9.8620912532892502e-06,4.9310456266446251e-06,-0.0020405635873511994,0.0098620912532892489,0.12414879189563177,0.012992173667601144,0.068570482781616454,0.055578309114015303,1086.214848384963,0,0,0,0,0,0,0,0,False,1,109915.66900739926,team09-risk-none,0.0098620912532892489,1,0.01845058684650025,0.030880854713867908,
2022-01-24T08:00:00Z,0.0014926112904062418,5.4576471268787077e-05,0.0014380348191374548,-5.021344503883274e-07,9.9320605488311983e-06,-1.0434194999219526e-05,-0,0,0,0.0014921091559558534,0,0.11401619769759877,0.010975596805448112,0.062495897251523436,0.051520300446075334,0,0,0,0,0,0,0,0,0,False,1,110079.67518350823,team09-risk-none,0,1,0.020454079155584726,0.031077093848960298,
2022-01-24T16:00:00Z,0.00040545114715564062,0.0032678112812724999,-0.0028623601341168591,-4.6657282379070384e-06,3.7724604527572157e-06,-8.4381886906642519e-06,-0,0,0,0.00040078541891773358,0,0.11242406848101548,0.0124509943797914,0.06243753143040344,0.04998653705061204,0,0,0,0,0,0,0,0,0,False,1,110123.79351224097,team09-risk-none,0,1,0.018996574237239883,0.031607423120044248,
2022-01-25T00:00:00Z,1.13644368439037e-05,-0.0013877169633653306,0.0013990814002092344,4.2137317850028255e-07,1.2087596460098365e-05,-1.1666223281598082e-05,-0,0.00012573925590480303,6.2869627952401514e-05,-0.00017682307383480058,0.12573925590480303,0.13705852588329379,5.2041704279304213e-18,0.068529262941646879,0.068529262941646879,13846.883853643356,0,0,0,0,0,0,0,0,False,1,110104.32108456979,team09-risk-none,0,1,0.01859840988097039,0.031610022668723183,
2022-01-25T08:00:00Z,-0.00022003230693383945,0.00089238335828930226,-0.0011124156652231418,-4.2592959074050153e-06,-4.639288098434087e-06,3.7999219102907219e-07,-0,0,0,-0.00022429160284124445,0,0.13424085768541022,1.7531278485574328e-05,0.067129194481947901,0.067111663203462318,0,0,0,0,0,0,0,0,0,False,1,110079.62560991399,team09-risk-none,0,1,0.01877653712869265,0.031592074488429531,
2022-01-25T16:00:00Z,0.001309451405605803,0.0016883126308484177,-0.00037886122524261474,-4.7896312062856362e-06,1.6100904806066527e-06,-6.3997216868922899e-06,-0,0,0,0.0013046617743995171,0,0.13622790792784328,-0.00018016070267319259,0.068023873612585051,0.068204034315258233,0,0,0,0,0,0,0,0,0,False,1,110223.24228958745,team09-risk-none,0,1,0.018997137574863543,0.031593177299460276,
2022-01-26T00:00:00Z,-0.001291051791025534,-0.00017019222872657452,-0.0011208595622989594,-2.1513688932800083e-06,6.7434122171941343e-07,-2.8257101149994218e-06,-0,0,0,-0.001293203159918814,0,0.13810329443242883,0.0011123589478587229,0.069607826690143773,0.068495467742285043,0,0,0,0,0,0,0,0,0,False,1,110080.70124436206,team09-risk-none,0,1,0.017714669107736558,0.031950046989435717,
2022-01-26T08:00:00Z,-0.0010051189464251717,0.0019381431996088876,-0.0029432621460340597,-5.4573954012208022e-06,2.7532528922378483e-06,-8.2106482934586492e-06,-0,0,0,-0.0010105763418263925,0,0.13924754039660187,-0.0001732087470074882,0.069537165824797187,0.069710374571804679,0,0,0,0,0,0,0,0,0,False,1,109969.45629199286,team09-risk-none,0,1,0.018988206870280799,0.032198310010402152,
2022-01-26T16:00:00Z,0.00030379129539200868,-0.0035110331491333621,0.0038148244445253706,-5.443063593536055e-06,2.8451868855498794e-06,-8.2882504790859344e-06,-0,0,0,0.00029834823179847265,0,0.14435125147387162,-0.0012100234164416999,0.071570614028714952,0.072780637445156643,0,0,0,0,0,0,0,0,0,False,1,110002.26548482942,team09-risk-none,0,1,0.019979580133929642,0.031597944422260951,
2022-01-27T00:00:00Z,0.00048883524991189409,-0.0017278433534102986,0.0022166786033221927,-5.28679447952184e-06,1.3310519404454174e-06,-6.6178464199672577e-06,-0,0,0,0.0004835484554323723,0,0.13687125758848556,-0.00086164485358320581,0.068004806367451182,0.06886645122103438,0,0,0,0,0,0,0,0,0,False,1,110055.45691039867,team09-risk-none,0,1,0.019687039581088417,0.031393431277721241,
2022-01-27T08:00:00Z,-0.00064252107379653112,0.0019226231423068914,-0.0025651442161034222,-1.8931099489873512e-06,4.5176395065057283e-06,-6.4107494554930797e-06,-0,0,0,-0.00064441418374551842,0,0.13284160504451176,-0.00038206470008858399,0.066229770172211599,0.066611834872300185,0,0,0,0,0,0,0,0,0,False,1,109984.53561296701,team09-risk-none,0,1,0.019209682264007433,0.031102032619764741,
2022-01-27T16:00:00Z,0.00059067558705627266,-0.0012143228480562616,0.0018049984351125345,7.2427514953188751e-06,1.5558245492241579e-05,-8.315493996922701e-06,-0,0,0,0.00059791833855159162,0,0.13745293654888893,-0.0010223366710642463,0.06821529993891233,0.069237636609976588,0,0,0,0,0,0,0,0,0,False,1,110050.29738376709,team09-risk-none,0,1,0.019832762848821961,0.031057449845048993,
2022-01-28T00:00:00Z,-0.00068237314972954073,-0.0011243264283889282,0.00044195327865938753,-8.5524886198568985e-06,5.9323355531538826e-06,-1.4484824173010784e-05,-0,7.465935098991994e-05,3.732967549495997e-05,-0.00080291466483427753,0.074659350989919937,0.13716207130452474,2.6020852139652106e-18,0.068581035652262368,0.068581035652262368,8216.2837789197347,0,0,0,0,0,0,0,0,False,1,109961.93638612829,team09-risk-none,0,1,0.019262194004505018,0.031146435802881331,
2022-01-28T08:00:00Z,-0.0002995332142998494,-0.00015316146348964114,-0.00014637175081020823,-8.7494297504637346e-06,-1.388910662573049e-06,-7.3605190878906869e-06,-0,0,0,-0.00030828264405031319,0,0.13566243985795851,-0.00064506621695149986,0.067508686820503511,0.068153753037455009,0,0,0,0,0,0,0,0,0,False,1,109928.03702963429,team09-risk-none,0,1,0.020049835765478141,0.031236621668294298,
2022-01-28T16:00:00Z,-0.00032525328883242175,0.0012061386032173099,-0.0015313918920497316,-1.0113654812430554e-05,3.2190661392857414e-06,-1.3332720951716296e-05,-0,0,0,-0.00033536694364485228,0,0.13565374922014273,-0.00094462774753919197,0.067354560736301763,0.068299188483840964,0,0,0,0,0,0,0,0,0,False,1,109891.17079983478,team09-risk-none,0,1,0.020353273865278187,0.030723114656601536,
2022-01-29T00:00:00Z,-0.00014361010828168108,0.0016261380064587409,-0.001769748114740422,-7.0401466683874083e-06,2.2231953408891091e-06,-9.2633420092765166e-06,-0,0,0,-0.00015065025495006849,0,0.13849164011845894,-0.0012884436835613475,0.068601598217448795,0.069890041901010141,0,0,0,0,0,0,0,0,0,False,1,109874.61566693702,team09-risk-none,0,1,0.020678805020814428,0.030641115245164451,
2022-01-29T08:00:00Z,-0.00032877912809439768,-0.00096356218078092197,0.00063478305268652429,-9.5440435223174744e-06,-2.8463549867050596e-06,-6.6976885356124132e-06,-0,0,0,-0.00033832317161671511,0,0.14188013001620078,-0.0014311158163379844,0.070224507099931402,0.071655622916269396,0,0,0,0,0,0,0,0,0,False,1,109837.44253848442,team09-risk-none,0,1,0.02082879177562369,0.030586019501056803,
2022-01-29T16:00:00Z,-0.0003230400650470041,0.00060072598503167253,-0.00092376605007867668,1.2238890190707391e-07,2.7997252912319814e-07,-1.5758362721612449e-07,-0,0,0,-0.00032291767614509704,0,0.1403681203906246,-0.001773336119028128,0.069297392135798233,0.071070728254826368,0,0,0,0,0,0,0,0,0,False,1,109801.97408678617,team09-risk-none,0,1,0.021150606103984337,0.030426911944776702,
2022-01-30T00:00:00Z,-0.0011023635182514909,0.00062618965766285427,-0.0017285531759143452,4.3055667900577676e-06,4.796297766479041e-06,-4.9073097642127442e-07,-0,0,0,-0.001098057951461433,0,0.14189368209512204,-0.0020704103325501272,0.069911635881285961,0.071982046213836082,0,0,0,0,0,0,0,0,0,False,1,109681.40515605401,team09-risk-none,0,1,0.021462600497169304,0.030381390593653863,
2022-01-30T08:00:00Z,-0.00089740923183389556,-0.0016547972673198648,0.0007573880354859692,-9.8301165492786517e-07,1.1565461102232201e-06,-2.1395577651510851e-06,-0,0,0,-0.00089839224348882342,0,0.14442164117953432,-0.0031976074580960055,0.070612016860719148,0.073809624318815159,0,0,0,0,0,0,0,0,0,False,1,109582.86823240685,team09-risk-none,0,1,0.02254226063650866,0.030437179025223204,
2022-01-30T16:00:00Z,0.00042095416873280759,-0.0016480392011009929,0.0020689933698338006,-7.673322901154973e-06,-3.011239029429647e-06,-4.6620838717253281e-06,-0,0,0,0.00041328084583165263,0,0.14204282617585479,-0.0040746683459461294,0.068984078914954339,0.073058747260900461,0,0,0,0,0,0,0,0,0,False,1,109628.1567328786,team09-risk-none,0,1,0.023426934715787051,0.030516868160539255,
2022-01-31T00:00:00Z,0.0005462056277891307,-0.0014093377790913575,0.0019555434068804882,-1.0658003402735249e-05,4.1629894103864521e-06,-1.4820992813121701e-05,-0,7.9799335885470316e-05,3.9899667942735158e-05,0.00041584862055818992,0.079799335885470321,0.14088988412981779,9.540979117872439e-18,0.070444942064908894,0.070444942064908894,8748.2541016319647,0,0,0,0,0,0,0,0,False,1,109673.7454506303,team09-risk-none,0.0085671356804211032,1,0.023026251758925476,0.030576611565913379,
2022-01-31T08:00:00Z,-0.0006508756474249899,0.0023377940046507171,-0.0029886696520757066,-4.605059578248233e-06,1.1561760490088973e-05,-1.6166820068337206e-05,-0,0,0,-0.00065548070700323813,0,0.1373964524397624,0.00055240950544701954,0.068974430972604722,0.068422021467157701,0,0,0,0,0,0,0,0,0,False,1,109601.85642642263,team09-risk-none,0,1,0.022614062483979236,0.030641813429004745,
2022-01-31T16:00:00Z,-0.00025112619849851283,0.0013869017867719441,-0.0016380279852704568,3.7737401307018579e-06,1.5422639478208616e-05,-1.1648899347506758e-05,-0,0,0,-0.00024735245836781099,0,0.14271694175019356,-7.3174415419933331e-05,0.071321883667386815,0.071395058082806745,0,0,0,0,0,0,0,0,0,False,1,109574.74613779387,team09-risk-none,0,1,0.023246536118562755,0.03057092047931852,
2022-02-01T00:00:00Z,-0.00064752514919437227,0.00050442090470519661,-0.0011519460538995687,1.1722208257144166e-05,1.5172541159940469e-05,-3.4503329027963041e-06,-0,0,0,-0.00063580294093722807,0,0.14583314475844716,-0.00032937533824975787,0.072751884710098719,0.073081260048348459,0,0,0,0,0,0,0,0,0,False,1,109505.07819194702,team09-risk-none,0,1,0.02348037674495751,0.030560519445707701,
2022-02-01T08:00:00Z,-0.00088447189280483436,-0.00031173222785928309,-0.00057273966494555126,6.3245223286431901e-06,8.4358653404001401e-06,-2.1113430117569483e-06,-0,0,0,-0.00087814737047619109,0,0.14761433837716256,-0.0009873767250949423,0.073313480826033811,0.074300857551128752,0,0,0,0,0,0,0,0,0,False,1,109408.91659547896,team09-risk-none,0,1,0.024106518326505122,0.03060318465062738,
2022-02-01T16:00:00Z,0.00066680285234306741,0.00028141147388598169,0.00038539137845708567,1.1239362979056162e-05,1.0680613863465686e-05,5.5874911559047537e-07,-0,0,0,0.00067804221532212353,0,0.14801174219443952,-0.0018704303912357653,0.073070655901601861,0.074941086292837633,0,0,0,0,0,0,0,0,0,False,1,109483.10045966336,team09-risk-none,0,1,0.024958704502567097,0.030247269574458335,
2022-02-02T00:00:00Z,-9.2562174693198179e-05,-0.00051019447196916606,0.00041763229727596781,4.5389915112293353e-06,5.6952229176354459e-06,-1.156231406406111e-06,-0,0,0,-8.8023183181968855e-05,0,0.14782005782357352,-0.0012051681023819358,0.073307444860595802,0.074512612962977731,0,0,0,0,0,0,0,0,0,False,1,109473.46340865627,team09-risk-none,0,1,0.024304122837680353,0.0303569935167851,
2022-02-02T08:00:00Z,-0.00047675567586555735,-0.0025568525584858744,0.0020800968826203167,6.0175984345349903e-07,-8.5986423331194622e-07,1.4616240767654442e-06,-0,0,0,-0.00047615391602210387,0,0.14687677467125532,-0.0012883901650025103,0.072794192253126389,0.074082582418128901,0,0,0,0,0,0,0,0,0,False,1,109421.33719035373,team09-risk-none,0,1,0.024393847879731534,0.030357447729795511,
2022-02-02T16:00:00Z,-3.9172306802151355e-07,-0.0016364773281554318,0.0016360856050874101,2.6160203631009065e-06,2.1076586947096286e-06,5.083616683912775e-07,-0,0,0,2.2242972950793929e-06,0,0.14236399505346822,-0.0017751191340710853,0.070294437959698572,0.072069557093769637,0,0,0,0,0,0,0,0,0,False,1,109421.58057593807,team09-risk-none,0,1,0.024856422381487886,0.030368670229278756,
2022-02-03T00:00:00Z,0.00053981800281973215,0.00021292202614138806,0.00032689597667834406,1.6198895458709246e-06,1.0063131024495644e-05,-8.4432414786247196e-06,-0,4.6202242979952506e-05,2.3101121489976253e-05,0.00047213452789567436,0.046202242979952506,0.13892598403369311,4.3368086899420177e-18,0.069462992016846553,0.069462992016846553,5055.5224530199421,0,0,0,0,0,0,0,0,False,1,109473.24228222489,team09-risk-none,0,1,0.024855224742454274,0.030355559507506798,
2022-02-03T08:00:00Z,0.00097526516548754002,0.00065365997450484077,0.0003216051909826992,-5.5016333358968684e-06,8.0063434392489138e-06,-1.3507976775145779e-05,-0,0,0,0.00096976353215164307,0,0.13876419435042661,0.00053809318726406961,0.069651143768845347,0.069113050581581278,0,0,0,0,0,0,0,0,0,False,1,109579.40544033659,team09-risk-none,0,1,0.024401773007679317,0.030383740238203002,
2022-02-03T16:00:00Z,0.00028241029780095016,0.0010504662728111796,-0.00076805597501022926,2.6368565844049357e-06,3.1943665371588402e-06,-5.5750995275390417e-07,-0,0,0,0.00028504715438535511,0,0.13898795082501875,0.0015254514212720257,0.070256701123145388,0.068731249701873359,0,0,0,0,0,0,0,0,0,False,1,109610.6407380366,team09-risk-none,0,1,0.023447725785226692,0.029870798920219072,
2022-02-04T00:00:00Z,-0.00063371993913995085,0.00069457935722829552,-0.0013282992963682466,-4.219106462559804e-06,8.3188150187374666e-06,-1.2537921481297271e-05,-0,0,0,-0.00063793904560251061,0,0.14077931105682037,0.0018116324232795621,0.071295471740049965,0.069483839316770407,0,0,0,0,0,0,0,0,0,False,1,109540.71583049629,team09-risk-none,0,1,0.023176059435448981,0.029672422766370454,
2022-02-04T08:00:00Z,0.00087484861358336089,0.0022244786138674111,-0.0013496300002840498,4.777444199796587e-07,1.2910863589416647e-05,-1.2433119169436986e-05,-0,0,0,0.00087532635800334046,0,0.14285100362691738,0.0011751976603370726,0.072013100643627218,0.070837902983290152,0,0,0,0,0,0,0,0,0,False,1,109636.59970633728,team09-risk-none,0,1,0.023794628478944091,0.029665150521617337,
2022-02-04T16:00:00Z,0.00031631106578857809,0.0035209051363020625,-0.0032045940705134851,7.3394979678107475e-06,2.5186403544960902e-06,4.8208576133146577e-06,-0,0,0,0.00032365056375638883,0,0.14631060024370499,0.0020357234654550249,0.074173161854580005,0.07213743838912498,0,0,0,0,0,0,0,0,0,False,1,109672.08365364057,team09-risk-none,0,1,0.022933425845602207,0.029529835993023536,
2022-02-05T00:00:00Z,-0.00077349619205395513,0.0022505923602519772,-0.0030240885523059322,1.6672297035230504e-06,8.1994967726399208e-07,8.4728002625905803e-07,-0,0,0,-0.00077182896235043221,0,0.1529125057117498,0.0023707752180908096,0.077641640464920295,0.075270865246829494,0,0,0,0,0,0,0,0,0,False,1,109587.43556311537,team09-risk-none,0,1,0.022622741634811372,0.029196414371613078,
2022-02-05T08:00:00Z,-0.001161165096938732,0.00036033525414293173,-0.0015215003510816636,1.3772217145331316e-06,-2.8672346771923605e-06,4.2444563917254918e-06,-0,0,0,-0.0011597878752241989,0,0.15832144948835908,0.0016126843336802376,0.079967066911019652,0.078354382577339426,0,0,0,0,0,0,0,0,0,False,1,109460.33738407237,team09-risk-none,0,1,0.023377392937928398,0.029292685722096423,
2022-02-05T16:00:00Z,0.00027460523142874182,-0.0010859471238309308,0.0013605523552596727,-2.8833274067072332e-06,-6.6375213030248556e-06,3.7541938963176228e-06,-0,0,0,0.00027172190402203464,0,0.16051356764969416,0.0004234365538568919,0.08046850210177553,0.08004506554791864,0,0,0,0,0,0,0,0,0,False,1,109490.08015536125,team09-risk-none,0,1,0.024514224113317495,0.029428926742578496,
2022-02-06T00:00:00Z,-0.00062270606500715038,0.0011180657765421577,-0.0017407718415493084,-4.4601185848317274e-06,-4.0514712130749393e-06,-4.0864737175678856e-07,-0,4.8092767964285642e-05,2.4046383982142821e-05,-0.00069930533553841075,0.048092767964285646,0.14274588319847198,-1.7347234759768071e-18,0.071372941599235989,0.071372941599235976,5265.681019302825,0,0,0,0,0,0,0,0,False,1,109413.51315812008,team09-risk-none,0,1,0.024250701820694887,0.029353925811001675,
2022-02-06T08:00:00Z,0.00017773469629007017,-0.00038295096058872224,0.00056068565687879247,-7.1342920212137888e-06,-6.4664533290954753e-06,-6.6783869211831478e-07,-0,0,0,0.0001706004042688564,0,0.1457262094153266,-0.00062320244004615468,0.072551503487640223,0.073174705927686379,0,0,0,0,0,0,0,0,0,False,1,109432.17914769733,team09-risk-none,0,1,0.024935656020829589,0.029334259568932035,
2022-02-06T16:00:00Z,-0.0028364294904990356,0.0018204491086778532,-0.0046568785991768892,-6.723427778486626e-06,-6.7272401184451647e-06,3.8123399585385128e-09,-0,0,0,-0.002843152918277522,0,0.14469889030796734,-0.00041261206369136959,0.072143139122137989,0.072555751185829354,0,0,0,0,0,0,0,0,0,False,1,109121.04672820009,team09-risk-none,0,1,0.024768908959280966,0.029193182753735402,
2022-02-07T00:00:00Z,0.00078765036782645656,0.0015995897257850241,-0.00081193935795856776,-6.3856696067021952e-06,-4.6732145290168764e-06,-1.7124550776853199e-06,-0,1.0695965211081761e-05,5.3479826055408803e-06,0.00076522075040313172,0.010695965211081761,0.14091932646621991,0.0074260002253246906,0.074172663345772299,0.066746663120447594,1167.1549196016554,0,0,0,0,0,0,0,0,False,1,109204.54841746223,team09-risk-none,0.010695965211081761,1,0.027541311623802134,0.030508373489526491,
2022-02-07T08:00:00Z,-0.00017981004171170069,0.0020148951495169848,-0.0021947051912286852,-8.1994840077246809e-06,-4.3000886603160302e-06,-3.8993953474086507e-06,-0,0,0,-0.0001880095257194254,0,0.14322645621200569,0.0081967076694843405,0.07571158194074501,0.067514874271260669,0,0,0,0,0,0,0,0,0,False,1,109184.01692210785,team09-risk-none,0,1,0.026798931277134286,0.030592094378427061,
2022-02-07T16:00:00Z,-0.0008803271108028957,-0.00046445548553354914,-0.00041587162526934645,-8.4824836671818273e-06,-1.4269720660794307e-06,-7.0555116011023975e-06,-0,0,0,-0.0008888095944700775,0,0.14748071747646641,0.0080010315167883643,0.077740874496627393,0.069739842979839026,0,0,0,0,0,0,0,0,0,False,1,109086.9731203047,team09-risk-none,0,1,0.026982177714542699,0.030280838585175898,
2022-02-08T00:00:00Z,0.00063812844635133573,0.0011812176512880309,-0.00054308920493669486,-1.0097533409564591e-05,-3.6915530060797921e-06,-6.4059804034847971e-06,-0,0,0,0.00062803091294177113,0,0.14751203502024895,0.0071676146493608976,0.077339824834804935,0.070172210185444034,0,0,0,0,0,0,0,0,0,False,1,109155.4831116235,team09-risk-none,0,1,0.027848575379342266,0.030375531737470582,
2022-02-08T08:00:00Z,0.0010592243785889101,-0.0034566926248020984,0.0045159170033910083,4.2949416967393986e-06,1.3345180991350788e-05,-9.0502392946113899e-06,-0,0,0,0.0010635193202856495,0,0.1491865484302678,0.0077957456705245193,0.078491147050396171,0.070695401379871639,0,0,0,0,0,0,0,0,0,False,1,109271.57207682783,team09-risk-none,0,1,0.027224033638872047,0.030482123280534099,
2022-02-08T16:00:00Z,0.00097341228732940419,0.0026528421290420725,-0.0016794298417126686,-7.962422495435099e-06,-7.3041400556087247e-06,-6.5828243982637291e-07,-0,0,0,0.00096544986483396904,0,0.14106714446789276,0.008828528295316742,0.074947836381604738,0.066119308086287992,0,0,0,0,0,0,0,0,0,False,1,109377.0683013196,team09-risk-none,0,1,0.026201403903421294,0.030512398214285041,
2022-02-09T00:00:00Z,3.0552525930280332e-05,-0.00067328190544254014,0.00070383443137282046,-4.2934842262862707e-06,9.2497541517536047e-08,-4.3859817678038068e-06,-0,8.0146810965986721e-05,4.0073405482993361e-05,-9.3961174744986036e-05,0.080146810965986734,0.14179570475182005,-3.4694469519536142e-18,0.070897852375910009,0.070897852375910009,8766.2232171596806,0,0,0,0,0,0,0,0,False,1,109366.79110349184,team09-risk-none,0,1,0.02525767389566691,0.030609824800172006,
2022-02-09T08:00:00Z,0.00042027682838771029,0.0014598265629632279,-0.0010395497345755175,-3.9933465223654807e-06,-5.1375753329152187e-06,1.1442288105497389e-06,-0,0,0,0.00041628348186534481,0,0.14050408508422571,2.8402134525569792e-05,0.070266243609375639,0.070237841474850071,0,0,0,0,0,0,0,0,0,False,1,109412.31869209284,team09-risk-none,0,1,0.02534896929901076,0.030609818069298241,
2022-02-09T16:00:00Z,-0.00065444462003693001,-0.0002399963385179182,-0.00041444828151901186,3.4768740312185168e-06,3.4011684886432683e-06,7.5705542575248023e-08,-0,0,0,-0.00065096774600571154,0,0.14290394403261464,0.00045409447922510615,0.071679019255919865,0.071224924776694773,0,0,0,0,0,0,0,0,0,False,1,109341.09480160859,team09-risk-none,0,1,0.024935954256196546,0.030561984204211495,
2022-02-10T00:00:00Z,0.0003165944113153434,-0.00063457818029904751,0.00095117259161439085,-3.7227803939220831e-06,-7.551389618240709e-07,-2.967641432098012e-06,-0,0,0,0.00031287163092142127,0,0.1431607116315925,-0.00020095499908303997,0.071479878316254727,0.071680833315337755,0,0,0,0,0,0,0,0,0,False,1,109375.3045282659,team09-risk-none,0,1,0.025577705030170872,0.030570696103325176,
2022-02-10T08:00:00Z,0.00066963808139632736,7.7280385603919135e-05,0.00059235769579240813,-1.7124404271550825e-06,1.1462462742421778e-06,-2.8586867013972608e-06,-0,0,0,0.00066792564096917236,0,0.14152058620948949,0.00011673521136977734,0.070818660710429623,0.070701925499059848,0,0,0,0,0,0,0,0,0,False,1,109448.35909864915,team09-risk-none,0,1,0.025270876397267772,0.030308554541434513,
2022-02-10T16:00:00Z,0.00023266848740479957,-0.002849212600190539,0.0030818810875953384,-2.6855660595203044e-06,7.0800079845122766e-07,-3.3935668579715323e-06,-0,0,0,0.00022998292134527928,0,0.14093411058436622,0.00077947390873931051,0.070856792246552752,0.070077318337813443,0,0,0,0,0,0,0,0,0,False,1,109473.5303520111,team09-risk-none,0,1,0.024620778991684467,0.030415336205219884,
2022-02-11T00:00:00Z,5.4889960500189031e-05,0.00041188297039402498,-0.00035699300989383597,8.8062490013424625e-07,3.0677597107809566e-06,-2.1871348106467101e-06,-0,0,0,5.5770585400323278e-05,0,0.13496304298695017,0.0010135434520153856,0.067988293219482784,0.066974749767467395,0,0,0,0,0,0,0,0,0,False,1,109479.63575488467,team09-risk-none,0,1,0.024392979231143586,0.030245011098823757,
2022-02-11T08:00:00Z,7.5565398424172166e-05,0.0002221239007372147,-0.00014655850231304254,2.3506614632149956e-07,-1.990789267920423e-06,2.2258554142419223e-06,-0,0,0,7.580046457049366e-05,0,0.13571736409684787,0.0010684572123986985,0.068392910654623273,0.067324453442224597,0,0,0,0,0,0,0,0,0,False,1,109487.9343621359,team09-risk-none,0,1,0.024339198902697645,0.030194671514560886,
2022-02-11T16:00:00Z,0.0011337008698149894,-0.0045442471903036396,0.0056779480601186292,-9.6107659970260168e-07,-7.4381399939264629e-07,-2.1726260030995538e-07,-0,0,0,0.0011327397932152869,0,0.13607358951123616,0.0011599633106773493,0.068616776410956745,0.0674568131002794,0,0,0,0,0,0,0,0,0,False,1,109611.95570226484,team09-risk-none,0,1,0.024266410478488099,0.03020096368375982,
2022-02-12T00:00:00Z,0.00059469268039953778,-0.00023693389291023532,0.00083162657330977327,-8.4099397265733838e-06,-5.2890272231774549e-06,-3.1209125033959292e-06,-0,3.188809081831747e-05,1.5944045409158735e-05,0.00053845060444548823,0.03188809081831747,0.14259116346096878,-1.7347234759768071e-18,0.071295581730484392,0.071295581730484392,3495.3159982072125,0,0,0,0,0,0,0,0,False,1,109670.97632606718,team09-risk-none,0,1,0.023168434559882822,0.030510011387286512,
2022-02-12T08:00:00Z,-0.00048998980940417815,-0.0001636330710081456,-0.0003263567383960325,-3.2495362606295248e-06,-4.3145895125732857e-06,1.0650532519437608e-06,-0,0,0,-0.00049323934566480757,0,0.14143316903004008,0.00059471506678490139,0.071013942048412507,0.0704192269816276,0,0,0,0,0,0,0,0,0,False,1,109616.88228546569,team09-risk-none,0,1,0.022637415411371875,0.030575744439891903,
2022-02-12T16:00:00Z,0.00025576221005028894,0.00062069400869107778,-0.00036493179864078879,-3.307770445601762e-06,-5.1093801620703109e-06,1.8016097164685489e-06,-0,0,0,0.00025245443960468723,0,0.14165123063548515,9.3134184189352931e-05,0.070872182409837253,0.0707790482256479,0,0,0,0,0,0,0,0,0,False,1,109644.55555405428,team09-risk-none,0,1,0.023119545981096667,0.030382477471946598,
2022-02-13T00:00:00Z,-0.00017463167391122545,0.00023039465732721103,-0.00040502633123843637,-9.1355229923448199e-06,-8.9256648093166932e-07,-8.2429565114131488e-06,-0,0,0,-0.00018376719690357026,0,0.14258954280923519,0.00037398151674517856,0.071481762162990195,0.071107780646245011,0,0,0,0,0,0,0,0,0,False,1,109624.40648142438,team09-risk-none,0,1,0.022878622647133917,0.030346297080841068,
2022-02-13T08:00:00Z,-0.00041781174303731752,-0.00055114449087353523,0.00013333274783621765,-1.8562859816403385e-06,7.7378364636583636e-07,-2.6300696280061748e-06,-0,0,0,-0.00041966802901895786,0,0.14328741089528174,0.0001850014131718411,0.071736206154226795,0.071551204741054947,0,0,0,0,0,0,0,0,0,False,1,109578.40062282395,team09-risk-none,0,1,0.023051074047704456,0.028894118832061669,
2022-02-13T16:00:00Z,-0.00046971425090082234,-0.0020341246678666838,0.0015644104169658614,-1.5477625811106834e-06,3.29438242962381e-06,-4.8421450107344938e-06,-0,0,0,-0.00047126201348193303,0,0.14265577563134155,-0.00023531704174107639,0.07121022929480024,0.071445546336541321,0,0,0,0,0,0,0,0,0,False,1,109526.7604851123,team09-risk-none,0,1,0.023460766992239757,0.028557717035640768,
2022-02-14T00:00:00Z,-0.00013067030117100171,-0.00037044028728377103,0.00023976998611276943,-2.0339399375812574e-06,3.1862562863148671e-06,-5.2201962238961244e-06,-0,0,0,-0.00013270424110858295,0,0.13911205833129414,-0.00070376161338272895,0.069204148358955705,0.069907909972338422,0,0,0,0,0,0,0,0,0,False,1,109512.22581948104,team09-risk-none,0,1,0.023921447385686689,0.028430707123564124,
2022-02-14T08:00:00Z,2.192129142640667e-05,0.00096578287148680947,-0.00094386158006040265,-1.7704706189722072e-06,-2.2154856801329176e-06,4.4501506116071055e-07,-0,0,0,2.015082080743446e-05,0,0.13852626175958566,-0.00083458166924641961,0.068845840045169623,0.069680421714416046,0,0,0,0,0,0,0,0,0,False,1,109514.43258071976,team09-risk-none,0,1,0.024050720016126625,0.028250044251834437,
2022-02-14T16:00:00Z,0.00028796593611771459,0.00041355070071643518,-0.00012558476459872061,-3.9055887109110113e-06,-1.6669819102183705e-06,-2.2386068006926402e-06,-0,0,0,0.00028406034740680356,0,0.14038321170921594,-0.00080682901282365903,0.069788191348196138,0.070595020361019806,0,0,0,0,0,0,0,0,0,False,1,109545.5412884847,team09-risk-none,0,1,0.024033137649712044,0.027910281548373182,
2022-02-15T00:00:00Z,0.00046414037136952247,0.0028854258039739747,-0.0024212854326044518,-4.0006430406854925e-06,-1.780197500644596e-06,-2.220445540040896e-06,-0,2.7312515003185041e-05,1.3656257501592521e-05,0.00041917095582405945,0.027312515003185042,0.14242055988875857,0,0.071210279944379284,0.071210279944379298,2991.964239973765,0,0,0,0,0,0,0,0,False,1,109591.45959773286,team09-risk-none,0,1,0.02375599696032582,0.027941627724464176,
2022-02-15T08:00:00Z,-0.00014695929980388351,0.0013169028360818106,-0.001463862135885694,4.3344690994928008e-06,1.2077877553402065e-05,-7.7434084539092656e-06,-0,0,0,-0.00014262483070439069,0,0.14766882988263369,0.00046446404355821036,0.07406664696309595,0.07360218291953774,0,0,0,0,0,0,0,0,0,False,1,109575.82913436108,team09-risk-none,0,1,0.023338643281808014,0.027679984944217504,
2022-02-15T16:00:00Z,0.00068484993671838164,0.0028291341739890398,-0.0021442842372706582,-1.6904630697009602e-07,4.4866500835875301e-06,-4.6556963905576263e-06,-0,0,0,0.00068468089041141161,0,0.15045107614392822,0.00030242155394866882,0.075376748848938441,0.075074327294989779,0,0,0,0,0,0,0,0,0,False,1,109650.85361062035,team09-risk-none,0,1,0.023482337205548043,0.027666666148896506,
2022-02-16T00:00:00Z,0.00021617959290436538,-0.00025715498416601675,0.00047333457707038194,1.5187726369123079e-06,-1.9598993983700067e-06,3.4786720352823149e-06,-0,0,0,0.0002176983655412777,0,0.15534325531439469,0.0010069099985233233,0.078175082656459005,0.077168172657935685,0,0,0,0,0,0,0,0,0,False,1,109674.72442223159,team09-risk-none,0,1,0.022812084908913621,0.027613970945933611,
2022-02-16T08:00:00Z,-0.0005100509881445362,-0.0026450231105342413,0.0021349721223897049,-5.1965317494517159e-06,-7.5045760358670683e-06,2.3080442864153516e-06,-0,0,0,-0.00051524751989398792,0,0.15458576056954743,0.0012090275349393876,0.077897394052243413,0.076688366517304013,0,0,0,0,0,0,0,0,0,False,1,109618.21479247799,team09-risk-none,0,1,0.022605916229857081,0.027132528894199131,
2022-02-16T16:00:00Z,-0.00061662564090911309,0.0014417769099766685,-0.0020584025508857814,-3.4188135858420077e-06,-6.0496744191276982e-06,2.6308608332856904e-06,-0,0,0,-0.00062004445449495517,0,0.14986059398230991,0.00070987738150211227,0.07528523568190601,0.074575358300403904,0,0,0,0,0,0,0,0,0,False,1,109550.24662628428,team09-risk-none,0,1,0.023107779462497091,0.027087805224478768,
2022-02-17T00:00:00Z,0.0010813774363945562,0.00030445332539498585,0.00077692411099957056,-5.400443374625793e-06,-3.1550867480977454e-06,-2.2453566265280485e-06,-0,0,0,0.0010759769930199304,0,0.15348624890296833,8.9376597241815417e-05,0.076787812750105072,0.076698436152863259,0,0,0,0,0,0,0,0,0,False,1,109668.12017123382,team09-risk-none,0,1,0.023715430711513386,0.026002394997141395,
2022-02-17T08:00:00Z,0.00030427959217820151,-0.0025746936573531713,0.0028789732495313725,-9.1291741044825018e-07,-2.4139870851060851e-06,1.5010696746578354e-06,-0,0,0,0.00030336667476775324,0,0.1528318101386314,0.001150354178893918,0.076991082158762658,0.075840727979868738,0,0,0,0,0,0,0,0,0,False,1,109701.3898241782,team09-risk-none,0,1,0.022660585136314637,0.026279276461099316,
2022-02-17T16:00:00Z,-0.00010331555816181578,-0.003542661631870983,0.0034393460737091675,-6.3555567841182201e-06,-7.223510394792571e-06,8.6795361067435052e-07,-0,0,0,-0.00010967111494593398,0,0.14733989085941002,0.0014593518647648216,0.074399621362087415,0.072940269497322588,0,0,0,0,0,0,0,0,0,False,1,109689.35875044507,team09-risk-none,0,1,0.022369413852446396,0.026249177631398959,
2022-02-18T00:00:00Z,0.00013801024535045828,0.001489595192762629,-0.0013515849474121709,-2.0107319888187678e-05,-3.8276278367849143e-06,-1.6279692051402764e-05,-0,6.1706765308764883e-05,3.0853382654382441e-05,2.5342777499123279e-05,0.061706765308764878,0.1398743170384921,1.7347234759768071e-18,0.069937158519246048,0.069937158519246048,6768.5755172826293,0,0,0,0,0,0,0,0,False,1,109692.1385834579,team09-risk-none,0,1,0.02249007444406026,0.026100953268061267,
2022-02-18T08:00:00Z,-0.00026894071574748679,-0.0030019037941595148,0.0027329630784120283,-3.4559457468723541e-06,3.6412210438933543e-07,-3.8200678512616896e-06,-0,0,0,-0.00027239666149435912,0,0.14273087143360969,0.00014919798430350351,0.071440034708956587,0.071290836724653084,0,0,0,0,0,0,0,0,0,False,1,109662.25881111559,team09-risk-none,0,1,0.022449024004215778,0.025781983184976893,
2022-02-18T16:00:00Z,-0.00036537251041930923,-2.658848955711517e-05,-0.00033878402086219404,-5.7427164413794427e-06,-5.0273135713576193e-06,-7.1540287002182338e-07,-0,0,0,-0.0003711152268606887,0,0.13707354614966374,-0.00010993984873512545,0.068481803150464315,0.068591742999199429,0,0,0,0,0,0,0,0,0,False,1,109621.56147705884,team09-risk-none,0,1,0.022717540460240215,0.025662341344369247,
2022-02-19T00:00:00Z,0.0003368619175175559,0.0012486838591304796,-0.00091182194161292375,-8.1812513572171805e-06,-5.0345794692541421e-06,-3.1466718879630388e-06,-0,0,0,0.00032868066616033873,0,0.13743774868526815,-0.00049116584946331913,0.068473291417902413,0.068964457267365734,0,0,0,0,0,0,0,0,0,False,1,109657.59196491067,team09-risk-none,0,1,0.023082607128581789,0.025688191416515706,
2022-02-19T08:00:00Z,0.00042681466545813361,-0.00087553896494401058,0.0013023536304021443,-6.6260246091842868e-06,-3.4974352851831317e-06,-3.1285893240011556e-06,-0,0,0,0.00042018864084894937,0,0.13949910712256849,-0.00014417339101771391,0.069677466865775389,0.069821640256793105,0,0,0,0,0,0,0,0,0,False,1,109703.66883943717,team09-risk-none,0,1,0.022759993429241177,0.025654627146182409,
2022-02-19T16:00:00Z,-0.00016019280439560758,0.00023421745948391193,-0.00039441026387951946,-7.2269065206990929e-06,-6.1978343711788566e-06,-1.0290721495202367e-06,-0,0,0,-0.00016741971091630668,0,0.13734280238093444,0.00026031596387718695,0.068801559172405824,0.06854124320852864,0,0,0,0,0,0,0,0,0,False,1,109685.30228291362,team09-risk-none,0,1,0.022349955735569749,0.025704124966572258,
2022-02-20T00:00:00Z,0.00078860682746936751,-0.0028316215319797058,0.0036202283594490734,-7.4470827465755759e-06,-4.0285806883937798e-06,-3.4185020581817957e-06,-0,0,0,0.00078115974472279192,0,0.13798690848869699,9.0497145509120525e-05,0.069038702817103045,0.068948205671593932,0,0,0,0,0,0,0,0,0,False,1,109770.98402564478,team09-risk-none,0,1,0.022513848844172291,0.025596001613053615,
2022-02-20T08:00:00Z,-0.00094692990568490544,-0.0010037956285435957,5.6865722858690208e-05,-9.6597873348858951e-06,-1.5689932217896873e-06,-8.0907941130962075e-06,-0,0,0,-0.00095658969301979139,0,0.1313950958482912,0.00089457990682320805,0.066144837877557205,0.065250257970733999,0,0,0,0,0,0,0,0,0,False,1,109665.9782337332,team09-risk-none,0,1,0.021752440605637968,0.02573665008039484,
2022-02-20T16:00:00Z,-0.00055993802567969053,-0.00044023674433685197,-0.00011970128134283856,-4.8452489906199017e-06,-2.6393867178588551e-06,-2.2058622727610471e-06,-0,0,0,-0.00056478327467031038,0,0.1304942731790644,-4.9838119448770285e-05,0.065222217529807808,0.065272055649256588,0,0,0,0,0,0,0,0,0,False,1,109604.04072342643,team09-risk-none,0,1,0.022683516787694979,0.025641654738268734,
2022-02-21T00:00:00Z,-0.00097120038776190513,0.0025213732145050413,-0.0034925736022669465,-4.2787037215709134e-06,-1.8938105929810603e-06,-2.3848931285898541e-06,-0,9.0921206090174757e-05,4.5460603045087379e-05,-0.0011118609006187381,0.090921206090174747,0.13852028967821417,-6.9388939039072284e-18,0.069260144839107085,0.069260144839107085,9965.3315749305602,0,0,0,0,0,0,0,0,False,1,109482.17627599623,team09-risk-none,0,1,0.023234935407478785,0.025581700082599204,
2022-02-21T08:00:00Z,0.00058321014170502111,-0.0023131563496220572,0.0028963664913270785,-1.0545161641331837e-06,1.055959113533722e-05,-1.1614107299470405e-05,-0,0,0,0.00058215562554088797,0,0.14469538512245983,-0.00097740974261473906,0.071858987689922535,0.072836397432537267,0,0,0,0,0,0,0,0,0,False,1,109545.91194081175,team09-risk-none,0,1,0.024317816506216228,0.025333817192182775,
2022-02-21T16:00:00Z,0.00073891296480293263,-0.0052148911072921944,0.0059538040720951268,-6.6213575408834651e-06,4.6246862707580932e-07,-7.0838261679592746e-06,-0,0,0,0.00073229160726204917,0,0.1394079686803521,-0.00038937513292293738,0.069509296773714577,0.069898671906637524,0,0,0,0,0,0,0,0,0,False,1,109626.13149273588,team09-risk-none,0,1,0.023755252269995419,0.024800848408638502,
2022-02-22T00:00:00Z,-0.00086022364505810211,-0.0013023504506005658,0.00044212680554246378,9.2157534503749944e-06,2.40278088785313e-05,-1.4812055428156305e-05,-0,0,0,-0.00085100789160772719,0,0.12813605400868819,0.0003495050216817501,0.064242779515184978,0.063893274493503224,0,0,0,0,0,0,0,0,0,False,1,109532.83878970913,team09-risk-none,0,1,0.023024884113842292,0.024939177454879211,
2022-02-22T08:00:00Z,-0.0002788809061643287,0.002206827015464272,-0.0024857079216286005,-3.4488127884423165e-06,1.2000486628712305e-05,-1.5449299417154625e-05,-0,0,0,-0.00028232971895277102,0,0.12647761558133502,-0.00049233269087823467,0.062992641445228384,0.063484974136106626,0,0,0,0,0,0,0,0,0,False,1,109501.91441411753,team09-risk-none,0,1,0.023868659970014749,0.02393336588002121,
2022-02-22T16:00:00Z,0.00017543097064954953,0.0010893414632087324,-0.00091391049255918277,1.2958336019335178e-05,1.9196199800870944e-05,-6.2378637815357643e-06,-0,0,0,0.00018838930666888472,0,0.13123829029986772,-0.00077715280325812985,0.065230568748304796,0.066007721551562926,0,0,0,0,0,0,0,0,0,False,1,109522.54340385292,team09-risk-none,0,1,0.02412823979119616,0.023940289524373649,
2022-02-23T00:00:00Z,-9.8427223994134857e-05,0.00069780103078642783,-0.0007962282547805627,1.63726781993868e-06,1.4630278897125553e-05,-1.2993011077186871e-05,-0,0,0,-9.6789956174196174e-05,0,0.13318801437868499,-0.00060847757145123318,0.066289768403616861,0.066898245975068105,0,0,0,0,0,0,0,0,0,False,1,109511.94272167678,team09-risk-none,0,1,0.023955445835764366,0.023831055922586945,
2022-02-23T08:00:00Z,-0.0006982473211730487,0.00030735962014160804,-0.0010056069413146569,4.8669968636357053e-06,1.7006358108960064e-05,-1.2139361245324361e-05,-0,0,0,-0.00069338032430941293,0,0.13470586489450323,-0.00070232612094649552,0.067001769386778376,0.067704095507724868,0,0,0,0,0,0,0,0,0,False,1,109436.00929531667,team09-risk-none,0,1,0.024046765096218947,0.022787394454422908,
2022-02-23T16:00:00Z,0.00072679676987269504,-0.0029332076216413558,0.0036600043915140505,2.1041332869735205e-06,6.885133141569042e-06,-4.7809998545955202e-06,-0,0,0,0.00072890090315966857,0,0.13608988283407744,-0.0014073581948800921,0.067341262319598666,0.068748620514478775,0,0,0,0,0,0,0,0,0,False,1,109515.77730133022,team09-risk-none,0,1,0.024726166409629657,0.022247456524238908,
2022-02-24T00:00:00Z,0.0014304268589014049,-0.0058025037394059545,0.0072329305983073588,-9.7932028037608903e-06,7.9556118616761858e-07,-1.058876398992851e-05,-0,8.4212899188308867e-05,4.2106449594154433e-05,0.0012943143073151806,0.084212899188308876,0.13913989682974331,1.0408340855860843e-17,0.069569948414871671,0.069569948414871671,9222.6411134062073,0,0,0,0,0,0,0,0,False,1,109657.52513876808,team09-risk-none,0,1,0.02402690002519825,0.02236111218225945,
2022-02-24T08:00:00Z,0.00028585376384739357,0.0023557548399476109,-0.0020699010761002171,-6.230684557223793e-06,1.1819091010867077e-05,-1.8049775568090872e-05,-0,0,0,0.00027962307929016981,0,0.12594153939939112,0.0014287217566065907,0.063685130577998877,0.06225640882139228,0,0,0,0,0,0,0,0,0,False,1,109688.18791361472,team09-risk-none,0,1,0.022760202622044923,0.022851010152645568,
2022-02-24T16:00:00Z,0.0019197747452119268,0.0054665523889356367,-0.0035467776437237094,-4.9145958431750315e-06,8.594265548203963e-06,-1.3508861391378992e-05,-0,0,0,0.0019148601493687517,0,0.13032091994883949,0.001691163001098589,0.066006041474969024,0.064314878473870449,0,0,0,0,0,0,0,0,0,False,1,109898.22545350697,team09-risk-none,0,1,0.022485657318780272,0.022869942677948209,
2022-02-25T00:00:00Z,0.00022319686799254058,0.00038026486423798072,-0.00015706799624544011,-6.7437211979732316e-06,-3.3619008605727193e-06,-3.3818203374005127e-06,-0,0,0,0.00021645314679456733,0,0.13911923430885395,0.0036030890858795815,0.071361161697366768,0.067758072611487197,0,0,0,0,0,0,0,0,0,False,1,109922.01327023351,team09-risk-none,0,1,0.020615645487379486,0.023403945760756585,
2022-02-25T08:00:00Z,-0.0014716364867705398,0.0015425414554519038,-0.003014177942222444,-7.0937860031209511e-06,1.18025827763984e-07,-7.2118118308849335e-06,-0,0,0,-0.0014787302727736606,0,0.13958395826299103,0.0038469632104666356,0.071715460736728839,0.0678684975262622,0,0,0,0,0,0,0,0,0,False,1,109759.4682615666,team09-risk-none,0,1,0.020403997586440403,0.022992246334992493,
2022-02-25T16:00:00Z,0.00073248464941268155,0.0024485378806999966,-0.001716053231287315,-4.833109202050991e-06,1.4268639609416135e-05,-1.9101748811467127e-05,4.8527779830998658e-06,3.9733116198961071e-05,1.9866558099480536e-05,0.00066805186591218898,0.039733116198961076,0.14437665013325934,0.0023453742378249758,0.073361012185542168,0.071015637947717203,4361.0857063730055,0,4361.0857063730055,0,0.039733116198961076,0,0,0,0,False,1,109832.79327914027,team09-risk-none,0,1,0.02185509132542951,0.023297416585701197,
2022-02-26T00:00:00Z,0.00020443171627468167,0.00038546928349193673,-0.00018103756721725496,-1.0433646723031607e-05,-4.8387454752052105e-07,-9.9497721755110857e-06,-0,0,0,0.00019399806955165002,0,0.1086859953738215,-0.017768238094854852,0.045458878639483322,0.063227116734338187,0,0,0,0,0,0,0,0,0,False,1,109854.10062900989,team09-risk-none,0,1,0.021202371706955603,0.023395248853571575,
2022-02-26T08:00:00Z,0.00010829672412586876,2.5413095315135198e-05,8.2883628810733584e-05,-4.7216687339657141e-06,-2.6478522307357907e-06,-2.0738165032299226e-06,-0,0,0,0.00010357505539190306,0,0.10919896871242078,-0.01754267157414667,0.045828148569137049,0.063370820143283726,0,0,0,0,0,0,0,0,0,False,1,109865.47877356756,team09-risk-none,0,1,0.021006894843113355,0.023340783814501768,
2022-02-26T16:00:00Z,0.0008050068949923601,0.00024208466667925279,0.00056292222831310734,-3.6790711891414406e-06,-2.2566757160028595e-06,-1.4223954731385804e-06,-0,0,0,0.00080132782380321868,0,0.10917532328473763,-0.017453337454432286,0.045860992915152672,0.063314330369584962,0,0,0,0,0,0,0,0,0,False,1,109953.51703858428,team09-risk-none,0,1,0.02090447477167201,0.023240233414039593,
2022-02-27T00:00:00Z,0.00022916231631285347,-0.0011394949035431429,0.0013686572198559962,-1.2886709121843759e-05,-1.8026615138047518e-06,-1.1084047608039008e-05,-0,4.3223266185589517e-05,2.1611633092794758e-05,0.00015144070791262544,0.043223266185589519,0.12155886820064621,8.6736173798840355e-19,0.060779434100323104,0.060779434100323097,4752.5501350004806,0,0,0,0,0,0,0,0,False,1,109970.16847704208,team09-risk-none,0,1,0.020128920699533537,0.023316594736337331,
2022-02-27T08:00:00Z,-0.00094510287912276609,0.00077727078263479068,-0.0017223736617575567,-1.2662423434629809e-05,4.9992108176237062e-07,-1.3162344516392181e-05,-0,0,0,-0.00095776530255739598,0,0.1190894292293681,0.00021442757944564132,0.059651928404406869,0.059437500824961229,0,0,0,0,0,0,0,0,0,False,1,109864.84286535838,team09-risk-none,0,1,0.019980308522448031,0.023154122973961536,
2022-02-27T16:00:00Z,-0.00034073648608915218,-0.0035845952720211247,0.0032438587859319724,-8.7637185469996621e-06,9.7863500482086129e-07,-9.7423535518205232e-06,-0,0,0,-0.00034950020463615181,0,0.12166560659109085,-0.000727548693969517,0.060469028948560669,0.061196577642530198,0,0,0,0,0,0,0,0,0,False,1,109826.44508029462,team09-risk-none,0,1,0.02091512018230901,0.023370701252312609,
2022-02-28T00:00:00Z,-7.8240226830288002e-05,0.00082083453199034218,-0.00089907475882063028,-8.0737390296269106e-06,6.3949898194338945e-06,-1.4468728849060803e-05,-0,0,0,-8.6313965859914914e-05,0,0.11487691702173779,-0.0010679496015716192,0.056904483710083081,0.057972433311654699,0,0,0,0,0,0,0,0,0,False,1,109816.96552426345,team09-risk-none,0,1,0.021256635229834675,0.023373202665141722,
2022-02-28T08:00:00Z,0.00075327362264694089,0.0038079024368815259,-0.0030546288142345853,3.3735662239538156e-06,7.053633511220214e-06,-3.6800672872663975e-06,-0,0,0,0.00075664718887089467,0,0.11659474937087436,-0.0011524829674540134,0.057721133201710177,0.058873616169164186,0,0,0,0,0,0,0,0,0,False,1,109900.05822251771,team09-risk-none,0,1,0.021329911353754172,0.023369391094039751,
2022-02-28T16:00:00Z,-0.00044636219886109752,0.0027924295952173198,-0.0032387917940784171,1.0431349569867084e-06,2.4651742493772725e-06,-1.4220392923905647e-06,-0,0,0,-0.0004453190639041108,0,0.1233805867225953,-0.00039249419869960209,0.061494046261947849,0.061886540460647455,0,0,0,0,0,0,0,0,0,False,1,109851.11763146704,team09-risk-none,0,1,0.020591685823725503,0.023489372044402473,
2022-03-01T00:00:00Z,0.00032331172816049008,0.00037256158541609617,-4.9249857255606076e-05,-3.8153881357761886e-06,-5.7499193340353152e-06,1.9345311982591266e-06,-0,0,0,0.0003194963400247139,0,0.12950733836815626,-0.00082717728297285013,0.064340080542591715,0.065167257825564567,0,0,0,0,0,0,0,0,0,False,1,109886.21466149793,team09-risk-none,0,1,0.02103259137128366,0.023514363693300375,
2022-03-01T08:00:00Z,-0.00037172339234165224,-0.0004176856282590876,4.5962235917435325e-05,-2.9568976061291073e-06,-5.7510243429851146e-06,2.7941267368560077e-06,-0,0,0,-0.0003746802899477814,0,0.12981899654038326,-0.00050462858524479536,0.064657183977569241,0.065161812562814031,0,0,0,0,0,0,0,0,0,False,1,109845.04246272729,team09-risk-none,0,1,0.020718974161250903,0.023214000211554491,
2022-03-01T16:00:00Z,0.00020577513617391527,0.00054698061531914359,-0.00034120547914522824,-2.8327608959870487e-06,-5.1645596210551974e-06,2.3317987250681491e-06,-0,0,0,0.00020294237527792818,0,0.12947214487298589,-0.00090667411082528959,0.0642827353810803,0.065189409491905589,0,0,0,0,0,0,0,0,0,False,1,109867.33467655718,team09-risk-none,0,1,0.021085769940416332,0.023029960965119636,
2022-03-02T00:00:00Z,0.00059365576418690701,-0.00067164686193961021,0.0012653026261265172,-3.5253306600892021e-06,-4.7242347083610441e-06,1.198904048271842e-06,-0,7.1735770070493893e-05,3.5867885035246947e-05,0.00048252677842107694,0.071735770070493893,0.13818504470690701,9.540979117872439e-18,0.06909252235345352,0.069092522353453506,7881.4178586155067,0,0,0,0,0,0,0,0,False,1,109920.34860761237,team09-risk-none,0,1,0.020887784867281045,0.022998195830791223,
2022-03-02T08:00:00Z,4.3610738813722478e-05,-0.00013898561934513074,0.00018259635815885325,-4.3582642253288e-06,-4.4566893221410446e-06,9.8425096812244034e-08,-0,0,0,3.9252474588393679e-05,0,0.13612807046800671,0.00060382303692963369,0.068365946752468168,0.067762123715538539,0,0,0,0,0,0,0,0,0,False,1,109924.66325330283,team09-risk-none,0,1,0.020416152936222565,0.023013328263295742,
2022-03-02T16:00:00Z,0.00042383064630548774,0.00039690441369284648,2.6926232612641201e-05,-2.8172778356091313e-06,-4.0614361245770123e-06,1.2441582889678812e-06,-0,0,0,0.00042101336846987855,0,0.13582837608596016,0.00064219127241859578,0.068235283679189379,0.067593092406770777,0,0,0,0,0,0,0,0,0,False,1,109970.94300605702,team09-risk-none,0,1,0.020376192254950798,0.022887755195903851,
2022-03-03T00:00:00Z,0.00011586555414781396,-0.00013641681033873575,0.00025228236448654977,-7.8593013461004698e-06,-4.6376761597543787e-06,-3.2216251863460929e-06,-0,0,0,0.00010800625280171348,0,0.13614464953072569,0.0010875472583588208,0.06861609839454226,0.067528551136183446,0,0,0,0,0,0,0,0,0,False,1,109982.82055552817,team09-risk-none,0,1,0.01996869891551567,0.022905785140596675,
2022-03-03T08:00:00Z,0.00034881575870342765,-0.0018604712832155895,0.0022092870419190172,-7.4896559512602759e-06,-5.5654923942367868e-06,-1.9241635570234886e-06,-0,0,0,0.00034132610275216743,0,0.13578321783500302,0.0011591999498333861,0.068471208892418201,0.067312008942584822,0,0,0,0,0,0,0,0,0,False,1,110020.36056303808,team09-risk-none,0,1,0.019862487101025672,0.022782251029428855,
2022-03-03T16:00:00Z,0.0011123924329573208,0.0009935465627820628,0.00011884587017525788,-1.1757482216697817e-05,-4.1257321162422813e-06,-7.6317501004555362e-06,-0,0,0,0.001100634950740623,0,0.13161735366355265,0.0015399146049221062,0.066578634134237383,0.065038719529315281,0,0,0,0,0,0,0,0,0,False,1,110141.45281716684,team09-risk-none,0,1,0.019532125099334996,0.022568005928581773,
2022-03-04T00:00:00Z,0.00028063426913597412,-0.001396195865148639,0.0016768301342846134,-9.2932916335161565e-06,-2.7260916033288353e-06,-6.5672000301873212e-06,-0,0,0,0.00027134097750245801,0,0.13240637251246845,0.0026164261618082637,0.067511399337138359,0.064894973175330092,0,0,0,0,0,0,0,0,0,False,1,110171.33870663779,team09-risk-none,0,1,0.018450569140798345,0.022757241854613832,
2022-03-04T08:00:00Z,-0.0004623327906077831,-0.001190621642513924,0.00072828885190614101,-1.1235756679558804e-05,-2.4347734493078204e-06,-8.8009832302509831e-06,-0,0,0,-0.00047356854728734191,0,0.1292547428228662,0.0029180608179630238,0.066086401820414614,0.063168341002451583,0,0,0,0,0,0,0,0,0,False,1,110119.16502581378,team09-risk-none,0,1,0.018186141719291893,0.022761673486073275,
2022-03-04T16:00:00Z,-0.00024193221042418013,-0.0025564631145741511,0.0023145309041499714,-8.0057946853970676e-06,-2.3442496098887004e-06,-5.6615450755083664e-06,-0,0,0,-0.00024993800510957721,0,0.12740855798740369,0.0024677421964844522,0.064938150091944064,0.062470407895459615,0,0,0,0,0,0,0,0,0,False,1,110091.6420613829,team09-risk-none,0,1,0.018647928126592994,0.022760910847801699,
2022-03-05T00:00:00Z,-0.00070608486351791033,0.00021243031356572438,-0.0009185151770836346,-9.5656244483093137e-06,3.0272082303834616e-07,-9.86834527134766e-06,-0,7.4572670148794561e-05,3.728633507439728e-05,-0.00082750949318941155,0.074572670148794554,0.13559674680966816,-1.7347234759768071e-18,0.067798373404834078,0.067798373404834078,8209.8277095826634,0,0,0,0,0,0,0,0,False,1,110000.54018245629,team09-risk-none,0,1,0.018894735677577934,0.022787247339037694,
2022-03-05T08:00:00Z,-0.0005067608211691021,-0.00013638692295168508,-0.00037037389821741702,-9.3934358934307724e-06,4.7226446326215278e-06,-1.4116080526052301e-05,-0,0,0,-0.00051615425706253283,0,0.13683768867980328,-0.00072960962244029981,0.068054039528681484,0.068783649151121784,0,0,0,0,0,0,0,0,0,False,1,109943.76293536193,team09-risk-none,0,1,0.01970644080070616,0.022954020713090235,
2022-03-05T16:00:00Z,0.00012839728051042973,0.0008560989824522385,-0.00072770170194180891,-8.572774764119002e-06,-8.8752632382266345e-07,-7.6852484402963388e-06,-0,0,0,0.00011982450574631073,0,0.13716142590570393,-0.0012499741951893795,0.067955725855257276,0.069205700050446656,0,0,0,0,0,0,0,0,0,False,1,109956.93689241554,team09-risk-none,0,1,0.020211619413325721,0.022809062448299614,
2022-03-06T00:00:00Z,-0.00013392970307648825,-0.0010313028071903363,0.000897373104113848,-6.7109430130840685e-06,2.92223036883316e-06,-9.6331733819172311e-06,-0,0,0,-0.00014064064608957231,0,0.13872538042834681,-0.0011037462551061923,0.068810817086620318,0.069914563341726507,0,0,0,0,0,0,0,0,0,False,1,109941.47247776897,team09-risk-none,0,1,0.020092392319545183,0.022794242454338445,
2022-03-06T08:00:00Z,0.00031952976347966494,-0.0009998533225769417,0.0013193830860566064,-1.9549704566864207e-05,-5.7749921723938813e-07,-1.8972205349624821e-05,-0,0,0,0.00029998005891280073,0,0.13685183390434691,-0.0012612635857120243,0.067795285159317431,0.069056548745029464,0,0,0,0,0,0,0,0,0,False,1,109974.45272715981,team09-risk-none,0,1,0.02024278627376308,0.022679246486648763,
2022-03-06T16:00:00Z,0.00011386790566197403,-0.001461555476443117,0.0015754233821050907,-1.2042180473344681e-05,-1.6802598901431111e-06,-1.0361920583201567e-05,-0,0,0,0.00010182572518862936,0,0.13442277912561254,-0.00088900508376610343,0.066766887020923205,0.067655892104689308,0,0,0,0,0,0,0,0,0,False,1,109985.65095556097,team09-risk-none,0,1,0.019941520745818009,0.0225069118325966,
2022-03-07T00:00:00Z,0.00017449853967867879,-0.0011865605401173102,0.0013610590797959894,-1.4390543719971571e-05,1.4632685092967167e-06,-1.5853812229268288e-05,-0,7.2983443427274668e-06,3.6491721713637334e-06,0.000149160479444616,0.0072983443427274662,0.12406241039525209,0.0065114509680236216,0.065286930681637864,0.058775479713614243,802.71315343271613,0,0,0,0,0,0,0,0,False,1,110002.05646798953,team09-risk-none,0.0072983443427274662,1,0.0198440273758268,0.022485128522166716,
2022-03-07T08:00:00Z,0.00015825893107032396,0.002683699903482056,-0.0025254409724117318,-5.652432722038868e-06,5.1035837178986129e-06,-1.0756016439937482e-05,-0,0,0,0.00015260649834828509,0,0.12150462576637197,0.0066783927778367464,0.064091509272104358,0.057413116494267613,0,0,0,0,0,0,0,0,0,False,1,110018.84349663822,team09-risk-none,0,1,0.019689260728548152,0.022308861798177069,
2022-03-07T16:00:00Z,0.00059837352223588575,-0.002391859205452867,0.0029902327276887528,-1.0969704980052183e-06,-1.4712309229246322e-07,-9.4984740571275515e-07,-0,0,0,0.00059727655173788053,0,0.12666793056349512,0.0068700476722047335,0.066768989117849925,0.059898941445645199,0,0,0,0,0,0,0,0,0,False,1,110084.55517210808,team09-risk-none,0,1,0.01953519246404245,0.02190490168705661,
2022-03-08T00:00:00Z,-0.00037427988372737962,0.00048945403408444811,-0.00086373391781182783,-9.6523888998621209e-06,1.7054106309469949e-06,-1.1357799530809113e-05,-0,6.6979975739304916e-05,3.3489987869652458e-05,-0.0004844022362361991,0.06697997573930492,0.13860603114048056,3.4694469519536142e-18,0.069303015570240281,0.069303015570240281,7373.4608346999739,0,0,0,0,0,0,0,0,False,1,110031.22996740765,team09-risk-none,0,1,0.01895797713068792,0.021973533641699468,
2022-03-08T08:00:00Z,-0.00050855284958895291,-0.00020615357270771558,-0.0003023992768812373,-5.7462603333312013e-06,-2.2564619225305256e-06,-3.4897984108006761e-06,-0,0,0,-0.00051429910992228413,0,0.13988974690811123,-0.00037816600187890598,0.069755790453116168,0.070133956454995067,0,0,0,0,0,0,0,0,0,False,1,109974.64100377176,team09-risk-none,0,1,0.019429365823432132,0.021894766259825067,
2022-03-08T16:00:00Z,1.9726816534317293e-05,0.00032522565846295517,-0.00030549884192863794,-8.5399779575557408e-06,-3.8572018919112256e-06,-4.6827760656445169e-06,-0,0,0,1.1186838576761552e-05,0,0.14005296498397785,-0.00089306277626337045,0.069579951103857229,0.070473013880120589,0,0,0,0,0,0,0,0,0,False,1,109975.87127232821,team09-risk-none,0,1,0.01993641047211081,0.021983420432197344,
2022-03-09T00:00:00Z,0.00064391654949913035,0.0041932249221140463,-0.0035493083726149161,-6.4843848051657067e-06,1.6003418186211572e-06,-8.0847266237868635e-06,-0,0,0,0.00063743216469396458,0,0.14069482678892409,-0.00084443515371755273,0.069925195817603258,0.070769630971320815,0,0,0,0,0,0,0,0,0,False,1,110045.97343001743,team09-risk-none,0,1,0.019923432007194042,0.019463546814237804,
2022-03-09T08:00:00Z,0.00013851764051206074,0.00059595156254683361,-0.00045743392203477295,-6.2370732702409222e-06,-3.7997014540047326e-06,-2.4373718162361875e-06,-0,0,0,0.00013228056724181981,0,0.14839441395748515,-0.00024511808228639461,0.07407464793759938,0.074319766019885769,0,0,0,0,0,0,0,0,0,False,1,110060.53037380544,team09-risk-none,0,1,0.01929845713857592,0.019413791752721683,
2022-03-09T16:00:00Z,-0.00021200593110280903,-0.00093111772983874594,0.00071911179873593691,-1.0502618488435363e-05,-6.6357245254661898e-06,-3.8668939629691735e-06,-0,0,0,-0.0002225085495912444,0,0.14939628678499131,-9.550861439917846e-05,0.074650389085296073,0.074745897699695252,0,0,0,0,0,0,0,0,0,False,1,110036.04096482472,team09-risk-none,0,1,0.01917291318842218,0.019390414251100548,
2022-03-10T00:00:00Z,-0.00025287763524226947,-0.004088917902841778,0.0038360402675995083,-9.8324840779033675e-06,-4.1521593974095089e-06,-5.6803246804938611e-06,-0,0,0,-0.00026271011932017281,0,0.14777453263806939,-0.00029930652498036826,0.073737613056544499,0.074036919581524877,0,0,0,0,0,0,0,0,0,False,1,110007.13338337332,team09-risk-none,0,1,0.019390498454276761,0.019114332479017979,
2022-03-10T08:00:00Z,-0.00021368863013817698,-0.00023123545241218385,1.7546822274006813e-05,-3.2805554634087517e-06,6.181316878438808e-06,-9.461872341847561e-06,-0,0,0,-0.00021696918560158574,0,0.13991315458914738,-0.00057718585640331201,0.069667984366372032,0.070245170222775349,0,0,0,0,0,0,0,0,0,False,1,109983.26522523277,team09-risk-none,0,1,0.019641691234706826,0.019061977597283883,
2022-03-10T16:00:00Z,-0.00011232268056095096,0.00060536234523173016,-0.00071768502579268117,-5.9520018642766246e-07,7.9809880023873666e-06,-8.5761881888150279e-06,-0,0,0,-0.00011291788074737861,0,0.1396646133263299,-0.00074063828586536269,0.069461987520232263,0.070202625806097624,0,0,0,0,0,0,0,0,0,False,1,109970.84614800586,team09-risk-none,0,1,0.01985176673076039,0.018775628196730541,
2022-03-11T00:00:00Z,0.00018449710742959822,-3.5485065815476533e-05,0.00021998217324507478,5.3541253585940776e-06,7.0630794239877283e-06,-1.7089540653936486e-06,-0,9.4035837130846322e-05,4.7017918565423161e-05,4.8797477091922806e-05,0.094035837130846331,0.1362393924136801,0,0.068119696206840052,0.068119696206840066,10341.200577515239,0,0,0,0,0,0,0,0,False,1,109976.21244785155,team09-risk-none,0,1,0.019956612426136111,0.01851951862758645,
2022-03-11T08:00:00Z,-0.00012343439004730653,-0.0007309278921188092,0.00060749350207150261,-1.1759317042886088e-06,5.6891778149562238e-06,-6.8651095192448324e-06,-0,0,0,-0.00012461032175159514,0,0.13591773920837896,0.00021896299481205528,0.068068351101595495,0.06784938810678344,0,0,0,0,0,0,0,0,0,False,1,109962.50827663339,team09-risk-none,0,1,0.019915188798651395,0.018511579895044209,
2022-03-11T16:00:00Z,0.00035265798339949588,-0.00086240609014424929,0.0012150640735437454,-2.5460505455510086e-06,4.4585549942042933e-06,-7.0046055397553032e-06,-0,0,0,0.00035011193285394482,0,0.13461681866304681,3.3801822853500585e-05,0.067325310242950159,0.067291508420096652,0,0,0,0,0,0,0,0,0,False,1,110001.0074629476,team09-risk-none,0,1,0.020038660149233167,0.018480298024830751,
2022-03-12T00:00:00Z,-0.000363249275144814,0.00073055635368855104,-0.0010938056288333649,-7.859112225940545e-06,1.8305834295962157e-06,-9.6896956555367611e-06,-0,0,0,-0.00037110838737075454,0,0.13249665453879517,0.00042620835450832978,0.066461431446651731,0.066035223092143408,0,0,0,0,0,0,0,0,0,False,1,109960.18516645886,team09-risk-none,0,1,0.019700772421610724,0.018338542714369518,
2022-03-12T08:00:00Z,-0.00022132094630367312,-0.00017030521170319972,-5.1015734600473366e-05,-8.2856174224421705e-06,-3.7941096080220423e-06,-4.4915078144201282e-06,-0,0,0,-0.0002296065637261153,0,0.13435191809423244,6.6269077866543818e-05,0.067209093586049498,0.067142824508182944,0,0,0,0,0,0,0,0,0,False,1,109934.9375861961,team09-risk-none,0,1,0.020064987637936182,0.018380862870445363,
2022-03-12T16:00:00Z,0.00015226612277355092,-0.00075261016235639788,0.00090487628512994872,-1.2679318563375476e-05,-1.7816824798649491e-06,-1.0897636083510526e-05,-0,0,0,0.00013958680421017545,0,0.13432652447590693,-0.0001371012378452649,0.067094711619030828,0.0672318128568761,0,0,0,0,0,0,0,0,0,False,1,109950.28305280481,team09-risk-none,0,1,0.020294291737466996,0.018281628012757446,
2022-03-13T00:00:00Z,-4.7026977299105026e-05,0.00068879576537657838,-0.00073582274267568356,-1.1074947020162752e-05,5.4918614867288186e-06,-1.656680850689157e-05,-0,0,0,-5.8101924319267771e-05,0,0.13260562684701813,-1.7111904092356744e-05,0.066294257471462892,0.066311369375555249,0,0,0,0,0,0,0,0,0,False,1,109943.89472977999,team09-risk-none,0,1,0.020155965697288392,0.01827336176435828,
2022-03-13T08:00:00Z,1.7247248293122752e-05,-0.00059497061436979517,0.00061221786266291774,-6.9582605222118706e-06,-3.7645743862334969e-06,-3.1936861359783737e-06,-0,0,0,1.0288987770910883e-05,0,0.13400306600973594,-3.0419202384730781e-05,0.066986323403675607,0.067016742606060331,0,0,0,0,0,0,0,0,0,False,1,109945.02594116835,team09-risk-none,0,1,0.020208863000203414,0.018277115773267995,
2022-03-13T16:00:00Z,5.9021471522599438e-05,-0.0024255789899566308,0.0024846004614792303,-7.3512719468320471e-06,1.4070857652542712e-06,-8.7583577120863192e-06,-0,0,0,5.1670199575767396e-05,0,0.13286590269755003,-3.6895140218894118e-05,0.066414503778665576,0.066451398918884463,0,0,0,0,0,0,0,0,0,False,1,109950.70682260109,team09-risk-none,0,1,0.020199167016928699,0.018277281646831255,
2022-03-14T00:00:00Z,-7.1243120774646965e-05,0.0017626320704995447,-0.0018338751912741918,-1.266860708972102e-05,2.9987531786197763e-06,-1.5667360268340796e-05,-0,9.5887187342934892e-05,4.7943593671467446e-05,-0.00022774250887877033,0.095887187342934901,0.13819575424806346,0,0.069097877124031717,0.069097877124031717,10542.864023586861,0,0,0,0,0,0,0,0,False,1,109925.66637277632,team09-risk-none,0.0089884859276485943,1,0.020153750749246191,0.017871236425705959,
2022-03-14T08:00:00Z,-0.00044252890756573174,-0.00059911532180542042,0.00015658641423968873,-5.3445277981737202e-06,-7.4093171888626745e-07,-4.6035960792874518e-06,-0,0,0,-0.00044787343536390546,0,0.14178035727332053,-8.9875833865500632e-05,0.070845240719727504,0.070935116553593011,0,0,0,0,0,0,0,0,0,False,1,109876.43358694328,team09-risk-none,0,1,0.020369728464234238,0.017805083551431462,
2022-03-14T16:00:00Z,0.0002330821267672782,0.00099803039347345652,-0.0007649482667061783,-5.6593416466274751e-06,-3.3960361242035064e-06,-2.2633055224239674e-06,-0,0,0,0.00022742278512065072,0,0.14109161798979564,-0.00052131707778715897,0.070285150456004239,0.070806467533791398,0,0,0,0,0,0,0,0,0,False,1,109901.42199148875,team09-risk-none,0,1,0.020808787104032,0.017789505392118238,
2022-03-15T00:00:00Z,0.00015940100938535411,-0.0016744006268133986,0.0018338016361987527,1.8833303286587876e-06,2.4997573875841384e-06,-6.1642705892535029e-07,-0,0,0,0.00016128433971401287,0,0.14285095294575689,-0.00029535104700247061,0.071277800949377204,0.071573151996379675,0,0,0,0,0,0,0,0,0,False,1,109919.14736976828,team09-risk-none,0,1,0.020578709271621087,0.017785806162442991,
2022-03-15T08:00:00Z,0.00039701160111529823,0.0016871045828001632,-0.001290092981684865,1.5377779981514115e-06,3.8654352839005524e-06,-2.3276572857491411e-06,-0,0,0,0.00039854937911344967,0,0.13927879245652619,-0.00011426873629224316,0.069582261860116984,0.06969653059640922,0,0,0,0,0,0,0,0,0,False,1,109962.95557770519,team09-risk-none,0,1,0.020421082450701289,0.017776422850254828,
2022-03-15T16:00:00Z,-0.0014079722721418073,-0.00020027365991138457,-0.0012076986122304227,-4.8852743246729635e-06,-4.2169107247447145e-06,-6.6836359992824818e-07,-0,0,0,-0.0014128575464664801,0,0.14222052141568253,0.00026079555265101639,0.071240658484166774,0.070979862931515758,0,0,0,0,0,0,0,0,0,False,1,109807.59358608547,team09-risk-none,0,1,0.020036966265909339,0.017750874547961357,
2022-03-16T00:00:00Z,-0.00036073411682993118,0.00074073688302181548,-0.0011014709998517465,-6.2541935029213623e-06,-6.8113382683481854e-06,5.5714476542682286e-07,-0,0,0,-0.00036698831033285252,0,0.14342133205339966,-0.0011311280740538936,0.071145101989672888,0.072276230063726771,0,0,0,0,0,0,0,0,0,False,1,109767.29548285359,team09-risk-none,0,1,0.021422854034779393,0.018376743034309841,
2022-03-16T08:00:00Z,0.00083145136178277754,0.0016668901267895156,-0.00083543876500673784,-3.7634056667128979e-06,-5.0408247025020196e-06,1.2774190357891219e-06,-0,0,0,0.00082768795611606449,0,0.14529004099969622,-0.0015070240117616256,0.07189150849396729,0.07339853250572892,0,0,0,0,0,0,0,0,0,False,1,109858.14855130018,team09-risk-none,0,1,0.021779543859324568,0.018420164199930728,
2022-03-16T16:00:00Z,-0.00011929191019494309,0.0023677006386678451,-0.0024869925488627889,-2.7211420880591664e-06,-9.2587674732801143e-07,-1.7952653407311551e-06,-0,0,0,-0.00012201305228300225,0,0.14767492763884316,-0.00067871605136364185,0.073498105793739762,0.07417682184510338,0,0,0,0,0,0,0,0,0,False,1,109844.74442327728,team09-risk-none,0,1,0.020968862158076473,0.018631163296302176,
2022-03-17T00:00:00Z,0.00050687620279740188,-2.5403765647458591e-05,0.00053227996844486031,-2.7076130188101058e-06,-6.4960634153850378e-06,3.788450396574932e-06,-0,6.2671537646535362e-05,3.1335768823267681e-05,0.00041016128330878873,0.062671537646535352,0.13917536423829854,3.4694469519536142e-18,0.069587682119149272,0.069587682119149258,6884.1390353974766,0,0,0,0,0,0,0,0,False,1,109889.79848461466,team09-risk-none,0,1,0.021088303491684668,0.01861820570475756,
2022-03-17T08:00:00Z,-0.00047355269923291687,0.00047403328738833834,-0.00094758598662125543,-2.095847943860324e-06,-4.0339439617205228e-06,1.9380960178601988e-06,-0,0,0,-0.00047564854717677721,0,0.13851212079821007,0.00052429563942220543,0.06951820821881613,0.068993912579393926,0,0,0,0,0,0,0,0,0,False,1,109837.5295616159,team09-risk-none,0,1,0.02068619270275851,0.018615917795203885,
2022-03-17T16:00:00Z,0.00030416745160855767,-3.1566578317985455e-05,0.00033573402992654314,1.8303622599888318e-06,-8.6982432906687777e-07,2.7001865890557097e-06,-0,0,0,0.00030599781386854647,0,0.13997953000844049,4.6790540015563195e-05,0.07001316027422802,0.069966369734212455,0,0,0,0,0,0,0,0,0,False,1,109871.13960554247,team09-risk-none,0,1,0.021148158721376764,0.018690085913307463,
2022-03-18T00:00:00Z,-0.000340510597877674,-0.00057486561288043849,0.00023435501500276455,-1.1933814246983383e-06,-5.1855456795374728e-06,3.9921642548391342e-06,-0,0,0,-0.00034170397930237238,0,0.13960012657702087,0.0003470079826826504,0.069973567279851739,0.069626559297169099,0,0,0,0,0,0,0,0,0,False,1,109833.59619992877,team09-risk-none,0,1,0.020851592895189897,0.018572358754787605,
2022-03-18T08:00:00Z,-0.00030593991470115214,0.00092491232994228807,-0.0012308522446434402,-3.2829786489357539e-06,-2.5658102437523292e-06,-7.1716840518342461e-07,-0,0,0,-0.00030922289335008786,0,0.1388312286711901,9.9908212658778722e-06,0.069420609746228004,0.069410618924962114,0,0,0,0,0,0,0,0,0,False,1,109799.63313752478,team09-risk-none,0,1,0.02118821713132446,0.01860248117908905,
2022-03-18T16:00:00Z,0.00061305743419439178,0.001862209327092556,-0.001249151892898164,9.8520131222506788e-07,2.1103211099129276e-06,-1.1251197976878597e-06,-0,0,0,0.00061404263550661692,0,0.14107489150786245,-0.00031072760268263146,0.070382081952589909,0.070692809555272546,0,0,0,0,0,0,0,0,0,False,1,109867.0547936342,team09-risk-none,0,1,0.021486711676173997,0.018543848249608752,
2022-03-19T00:00:00Z,-0.00074315165176470476,0.00024275724838374339,-0.00098590890014844815,6.0422709549606633e-06,7.6893073599806883e-06,-1.647036405020025e-06,-0,0,0,-0.0007371093808097441,0,0.14407391951072968,0.00030722216543436695,0.07219057083808203,0.071883348672647659,0,0,0,0,0,0,0,0,0,False,1,109786.07075690388,team09-risk-none,0,1,0.020880911354231535,0.018520591550994947,
2022-03-19T08:00:00Z,0.00028713338646976268,0.0016263975043634316,-0.001339264117893669,8.8489512796935746e-06,1.0113603696368347e-05,-1.264652416674772e-06,-0,0,0,0.00029598233774945625,0,0.14537478809018128,-0.00040821759628504282,0.072483285246948123,0.072891502843233161,0,0,0,0,0,0,0,0,0,False,1,109818.56549477883,team09-risk-none,0,1,0.021599883187344182,0.018342360701140731,
2022-03-19T16:00:00Z,0.00021161698918295048,-5.4291226212264767e-05,0.00026590821539521526,5.9586887775571711e-06,2.7719720097660611e-06,3.1867167677911104e-06,-0,0,0,0.00021757567796050766,0,0.14833696746899599,-0.0001369442567412029,0.074100011606127392,0.074236955862868603,0,0,0,0,0,0,0,0,0,False,1,109842.459343619,team09-risk-none,0,1,0.021313122678643603,0.018340936025795441,
2022-03-20T00:00:00Z,0.0012918560350139773,0.0008336710628432456,0.00045818497217073155,-4.3748182378587339e-06,-5.6640103651058881e-06,1.2891921272471555e-06,-0,9.3935637298639304e-05,4.6967818649319652e-05,0.0011465777608281593,0.093935637298639296,0.13887395387055981,1.7347234759768071e-18,0.06943697693527992,0.06943697693527992,10318.121420892729,0,0,0,0,0,0,0,0,False,1,109968.40226469707,team09-risk-none,0,1,0.021110299625638484,0.018349741238453871,
2022-03-20T08:00:00Z,0.00085607243807954805,-0.0013700104817469686,0.0022260829198265165,-2.0048344510284578e-06,-4.3957572506015154e-06,2.3909227995730572e-06,-0,0,0,0.00085406760362851959,0,0.13902539838546213,0.0013018041586681881,0.070163601272065168,0.068861797113396989,0,0,0,0,0,0,0,0,0,False,1,110062.32271449413,team09-risk-none,0,1,0.019985603841999322,0.018769016319621638,
2022-03-20T16:00:00Z,0.00031631837957249827,-5.0448794561753771e-06,0.00032136325902867364,-1.6000382733207974e-06,-4.4003262593341626e-06,2.8002879860133657e-06,-0,0,0,0.00031471834129917747,0,0.13538069846503356,0.0021287485588788145,0.068754723511956189,0.066625974953077371,0,0,0,0,0,0,0,0,0,False,1,110096.96134613837,team09-risk-none,0,1,0.019148208249459731,0.018957450992341654,
2022-03-21T00:00:00Z,-0.00047048305392600255,0.0003761271076522019,-0.0008466101615782044,2.9621074099050815e-05,3.0719748733702746e-05,-1.0986746346519247e-06,-0,0,0,-0.00044086197982695175,0,0.13496011886546411,0.0024536546478052777,0.068706886756634694,0.066253232108829413,0,0,0,0,0,0,0,0,0,False,1,110048.42378178638,team09-risk-none,0,1,0.018808883229765816,0.018925094075175907,
2022-03-21T08:00:00Z,-0.0010040169865511536,0.00020845251612625095,-0.0012124695026774043,2.0558499819149409e-05,1.6653594368216382e-05,3.9049054509330277e-06,-0,0,0,-0.0009834584867320043,0,0.13626325464487937,0.0019850781071825922,0.069124166376030985,0.067139088268848401,0,0,0,0,0,0,0,0,0,False,1,109940.19572546669,team09-risk-none,0,1,0.019250341022005624,0.018975086745300577,
2022-03-21T16:00:00Z,-0.00014634161910126261,-0.00046394513182058879,0.00031760351271932605,1.8725737883686012e-05,2.0330256863314215e-05,-1.6045189796281975e-06,-0,0,0,-0.00012761588121757659,0,0.1378197608607159,0.00097740081913671832,0.069398580839926324,0.068421180020789604,0,0,0,0,0,0,0,0,0,False,1,109926.16561050796,team09-risk-none,0,1,0.020216663273466273,0.019258323485176223,
2022-03-22T00:00:00Z,0.0016913203249457544,0.0034158043809827216,-0.0017244840560369673,1.1222932546545048e-05,7.9326421351884006e-06,3.2902904113566463e-06,-0,0,0,0.0017025432574922996,0,0.13706324912680964,0.00083912621386665436,0.068951187670338143,0.068112061456471487,0,0,0,0,0,0,0,0,0,False,1,110113.31966259012,team09-risk-none,0,1,0.020349049235277694,0.019253953333336293,
2022-03-22T08:00:00Z,-0.00045368425809383031,0.00020410376684729993,-0.0006577880249411303,-3.1420951048921747e-06,-5.3017701908870945e-06,2.1596750859949198e-06,-0,0,0,-0.00045682635319872246,0,0.14193290324311422,0.0025464308611663194,0.072239667052140272,0.069693236190973951,0,0,0,0,0,0,0,0,0,False,1,110063.01699633006,team09-risk-none,0,1,0.018695247628552125,0.019954895185411454,
2022-03-22T16:00:00Z,0.0010101910546346092,0.00057715621122697927,0.00043303484340763014,-2.4541641400344133e-06,-3.9611491245655334e-06,1.5069849845311194e-06,-0,0,0,0.001007736890494575,0,0.14287798901299098,0.0020655786738786493,0.07247178384343482,0.070406205169556174,0,0,0,0,0,0,0,0,0,False,1,110173.9315588364,team09-risk-none,0,1,0.019142858736299062,0.019724229749160334,
2022-03-23T00:00:00Z,-0.00013913269175710224,-0.0004739420342925093,0.00033480934253540698,1.8840150308513699e-06,6.8935273324117281e-07,1.1946622976101982e-06,-0,0.00012397918104789247,6.1989590523946236e-05,-0.00032321744829808956,0.12397918104789246,0.14171990381386229,-1.214306433183765e-17,0.070859951906931146,0.070859951906931146,13659.27380749109,0,0,0,0,0,0,0,0,False,1,110138.32142180899,team09-risk-none,0,1,0.018150153378213685,0.019892625847165005,
2022-03-23T08:00:00Z,-0.0012473273397464934,0.0013016951183257553,-0.0025490224580722487,-5.6962606609667636e-06,-4.3283836548988376e-06,-1.3678770060679251e-06,-0,0,0,-0.0012530236004074601,0,0.14093922011270832,-0.0001383889042727935,0.070400415604217767,0.070538804508490566,0,0,0,0,0,0,0,0,0,False,1,110000.31550575819,team09-risk-none,0,1,0.01847494465315036,0.019508595138941789,
2022-03-23T16:00:00Z,-0.0012599390812907255,-0.00041516937890408693,-0.00084476970238663875,2.2505094639568402e-06,2.813956030395268e-07,1.9691138609173136e-06,-0,0,0,-0.0012576885718267685,0,0.14497068660522783,-0.0013824469777025013,0.071794119813762658,0.073176566791465156,0,0,0,0,0,0,0,0,0,False,1,109861.96936604926,team09-risk-none,0,1,0.01969702848705579,0.019956911330882118,
2022-03-24T00:00:00Z,-0.0017889095208210046,-0.00033474233797987137,-0.0014541671828411332,3.8489528491662407e-06,-1.5685247565487824e-06,5.4174776057150239e-06,-0,0,0,-0.0017850605679718386,0,0.1455685988159022,-0.0026430510027610037,0.071462773906570604,0.074105824909331597,0,0,0,0,0,0,0,0,0,False,1,109665.85909661419,team09-risk-none,0,1,0.020928379346723314,0.020318994854282211,
2022-03-24T08:00:00Z,-0.0010960553690430523,0.0012079890445896942,-0.002304044413632746,3.8128025754793562e-07,-5.0001595266568621e-06,5.3814397842047975e-06,-0,0,0,-0.0010956740887855042,0,0.14696151451835088,-0.0044512368611756715,0.071255138828587611,0.075706375689763281,0,0,0,0,0,0,0,0,0,False,1,109545.70105637763,team09-risk-none,0,1,0.022679470516292932,0.02106155421515479,
2022-03-24T16:00:00Z,-0.00043958957201564632,0.0011178004680817302,-0.0015573900400973765,-4.0838963940740299e-08,-5.1841944936284803e-06,5.1433555296877405e-06,-0,0,0,-0.00043963041097958705,0,0.15064605789547447,-0.0055441727324611369,0.072550942581506683,0.078095115313967817,0,0,0,0,0,0,0,0,0,False,1,109497.54143480117,team09-risk-none,0,1,0.023750707390494563,0.02139070016633415,
2022-03-25T00:00:00Z,-0.00044586994710916426,-0.00033976369029477764,-0.00010610625681438665,-9.2199968150194434e-07,-5.3182656562010995e-06,4.3962659746991547e-06,-0,0,0,-0.00044679194679066625,0,0.15338116258242696,-0.0059980289422947239,0.073691566820066112,0.079689595762360843,0,0,0,0,0,0,0,0,0,False,1,109448.61881509473,team09-risk-none,0,1,0.024180756122600955,0.021436446891020193,
2022-03-25T08:00:00Z,-0.00024375532874957155,-0.00056199314242232252,0.00031823781367275094,-2.8448004764610496e-07,-6.4640755432049036e-06,6.1795954955587999e-06,-0,0,0,-0.00024403980879721766,0,0.15321362743025524,-0.0064419441387702,0.073385841645742536,0.079827785784512731,0,0,0,0,0,0,0,0,0,False,1,109421.90899508598,team09-risk-none,0,1,0.02461612247573941,0.021490119196674561,
2022-03-25T16:00:00Z,0.0013072517258930834,0.00013064783432556224,0.001176603891567521,8.37415127066354e-06,4.2709232534927654e-07,7.9470589453142638e-06,-0,0,0,0.001315625877163747,0,0.15237221111656943,-0.0066851173546831101,0.072843546880943161,0.079528664235626267,0,0,0,0,0,0,0,0,0,False,1,109565.86729008857,team09-risk-none,0,1,0.024845711539958515,0.021370164678328744,
2022-03-26T00:00:00Z,-0.00070719513120655623,0.00059583946305963201,-0.0013030345942661883,6.0069466050522073e-06,-1.8186609585887807e-06,7.8256075636409876e-06,-0,0.00010659394953864499,5.3296974769322496e-05,-0.00086107910890947156,0.10659394953864498,0.14163554932866956,6.9388939039072284e-18,0.070817774664334782,0.070817774664334782,11679.058529077574,0,0,0,0,0,0,0,0,False,1,109471.52241071552,team09-risk-none,0,1,0.023565084731235864,0.021712056247058065,
2022-03-26T08:00:00Z,0.00035961803926711216,0.00029106635693833813,6.8551682328773982e-05,2.8666268996043475e-06,-4.3524971990482512e-06,7.2191240986525991e-06,-0,0,0,0.00036248466616671651,0,0.14366450921031199,-0.00071755887321979864,0.071473475168546102,0.072191034041765897,0,0,0,0,0,0,0,0,0,False,1,109511.20415897133,team09-risk-none,0,1,0.024408936097043754,0.02143759002640248,
2022-03-26T16:00:00Z,-0.0015809221399138713,0.00019739521838623816,-0.0017783173583001094,1.1434174642463133e-07,-7.0050615618938983e-06,7.1194033083185298e-06,-0,0,0,-0.0015808077981674465,0,0.14379803737061192,-0.00033069562847352213,0.071733670871069202,0.072064366499542731,0,0,0,0,0,0,0,0,0,False,1,109338.08799345013,team09-risk-none,0,1,0.02405798536633974,0.021453717124574445,
2022-03-27T00:00:00Z,-0.0013211545243342732,0.00031114899135408912,-0.0016323035156883619,2.712211192363743e-06,-4.6853310288716013e-06,7.3975422212353444e-06,-0,0,0,-0.0013184423131419095,0,0.14602024898939187,-0.0019301941624671748,0.072045027413462345,0.07397522157592952,0,0,0,0,0,0,0,0,0,False,1,109193.93203180152,team09-risk-none,0,1,0.02559823075191292,0.021040412089302209,
2022-03-27T08:00:00Z,-0.00057463850532924279,0.00034515166070381385,-0.00091979016603305674,4.6877752362591732e-06,-2.2735861063529645e-06,6.961361342612136e-06,-0,0,0,-0.00056995073009298363,0,0.14815101043099654,-0.0032379119067480581,0.072456549262124248,0.07569446116887231,0,0,0,0,0,0,0,0,0,False,1,109131.69687051828,team09-risk-none,0,1,0.026881000824596879,0.021472086379879903,
2022-03-27T16:00:00Z,-0.00062246509924724193,0.002537432982295825,-0.0031598980815430674,2.8796771558087606e-06,-4.788986807431113e-06,7.6686639632398744e-06,-0,0,0,-0.00061958542209143317,0,0.14952756280035662,-0.0038452748001840883,0.072841144000086261,0.076686418800270356,0,0,0,0,0,0,0,0,0,False,1,109064.08046204921,team09-risk-none,0,1,0.027437389192169981,0.020968492959376833,
2022-03-28T00:00:00Z,0.0003753578251556041,0.00098234780132516243,-0.00060698997616955843,3.0210251296351057e-06,-4.8050006464429336e-06,7.8260257760780384e-06,-0,2.5470330275813343e-05,1.2735165137906671e-05,0.0003401733548715192,0.025470330275813344,0.12981897423440475,0.0050694062624633118,0.067444190248434011,0.062374783985970704,2777.8981505962747,0,0,0,0,0,0,0,0,False,1,109101.18115619596,team09-risk-none,0.025470330275813344,1,0.028039837423713077,0.020896656100195102,
2022-03-28T08:00:00Z,-0.00011026793026175083,-0.00047389348486592326,0.0003636255546041725,-1.5698458365289109e-06,-6.8392609825868439e-06,5.2694151460579332e-06,-0,0,0,-0.00011183777609827975,0,0.13134557871852359,0.0054398556652579429,0.068392717191890773,0.06295286152663282,0,0,0,0,0,0,0,0,0,False,1,109088.97952272576,team09-risk-none,0,1,0.027713666122516356,0.020926250846782755,
2022-03-28T16:00:00Z,0.00052536644596487536,-0.0016232811467329494,0.0021486475926978249,-3.5116888910291872e-07,-6.6111573240983296e-06,6.2599884349954106e-06,-0,0,0,0.00052501527707577247,0,0.1305382702212862,0.005338457555098871,0.067938363888192549,0.062599906333093674,0,0,0,0,0,0,0,0,0,False,1,109146.25290353579,team09-risk-none,0,1,0.027821219691543608,0.020916967852152076,
2022-03-29T00:00:00Z,-0.0011341520114091202,0.0012053079085438867,-0.0023394599199530069,-5.8402206100425308e-07,-6.624417749789319e-06,6.0403956887850668e-06,-0,0.00010605729505930246,5.3028647529651231e-05,-0.0012938219760590779,0.10605729505930246,0.14221125812652907,1.0408340855860843e-17,0.071105629063264536,0.071105629063264522,11575.756348807543,0,0,0,0,0,0,0,0,False,1,109005.0370829247,team09-risk-none,0,1,0.027311037473675248,0.02079580804994146,
2022-03-29T08:00:00Z,-0.00021651900007743925,-1.91849149497371e-05,-0.00019733408512770219,1.937154842016497e-06,-5.3679893841919984e-06,7.3051442262084962e-06,-0,0,0,-0.00021458184523542273,0,0.14594627838410656,-0.001112222300661379,0.072417028041722592,0.073529250342383973,0,0,0,0,0,0,0,0,0,False,1,108981.64658092748,team09-risk-none,0,1,0.028567074679752058,0.021203506895085159,
2022-03-29T16:00:00Z,0.00038882438863857539,0.00028429768251193535,0.00010452670612664001,1.4972114690569413e-07,-5.1457409859059073e-06,5.2954621328116022e-06,-0,0,0,0.00038897410978548105,0,0.14616652605167604,-0.0013326998043439366,0.072416913123666049,0.073749612928009994,0,0,0,0,0,0,0,0,0,False,1,109024.03761988925,team09-risk-none,0,1,0.02877726254537627,0.020990021522677631,
2022-03-30T00:00:00Z,-0.00010956524904914472,0.00046721070551111879,-0.00057677595456026337,-2.3326221654268663e-07,-6.6659222985445848e-06,6.4326600820018983e-06,-0,0,0,-0.0001097985112656874,0,0.14634911026261493,-0.00096196031319219742,0.072693574974711378,0.073655535287903584,0,0,0,0,0,0,0,0,0,False,1,109012.06694286641,team09-risk-none,0,1,0.028399854152450055,0.021035471779246119,
2022-03-30T08:00:00Z,-0.0018067763852797861,-0.00046908143275202713,-0.0013376949525277591,3.4209114240530005e-07,-7.080339633424615e-06,7.4224307758299151e-06,-0,0,0,-0.0018064342941373807,0,0.14737650374790351,-0.0010720609857556868,0.073152221381073912,0.074224282366829597,0,0,0,0,0,0,0,0,0,False,1,108815.14380666602,team09-risk-none,0,1,0.028505975449850562,0.021035700500747802,
2022-03-30T16:00:00Z,0.00014760389629419184,0.00024778652234972018,-0.00010018262605552828,1.1061247203841997e-07,-7.5577054938252007e-06,7.6683179658636202e-06,-0,0,0,0.00014771450876623025,0,0.14848385976559009,-0.0028643228699602521,0.072809768447814921,0.075674091317775166,0,0,0,0,0,0,0,0,0,False,1,108831.21738217975,team09-risk-none,0,1,0.030261140046184631,0.021669444908473338,
2022-03-31T00:00:00Z,-0.002764910444036634,0.00066697709460055614,-0.0034318875386371902,2.0400993407591663e-06,-5.5323336376284208e-06,7.5724329783875867e-06,-0,0,0,-0.0027628703446958749,0,0.14874949650752853,-0.0026988540905429886,0.073025321208492755,0.075724175299035745,0,0,0,0,0,0,0,0,0,False,1,108530.53083909737,team09-risk-none,0,1,0.030116024172277212,0.021655270487661867,
2022-03-31T08:00:00Z,0.00090516392058310558,-0.0027664221049648933,0.0036715860255479992,2.6321737940369814e-06,-6.9888759872530252e-06,9.6210497812900062e-06,-0,0,0,0.0009077960943771426,0,0.15333820028554057,-0.0054839798796790414,0.07392711020293076,0.079411090082609812,0,0,0,0,0,0,0,0,0,False,1,108629.05443111378,team09-risk-none,0,1,0.032795115191091462,0.023504654190887389,
2022-03-31T16:00:00Z,0.0010780738811472391,-0.0010150922577485658,0.0020931661388958051,1.936543639223286e-06,-7.0224219295947646e-06,8.9589655688180497e-06,-0,0,0,0.0010800104247864623,0,0.14675257064369013,-0.0045862726431007313,0.071083149000294693,0.075669421643395435,0,0,0,0,0,0,0,0,0,False,1,108746.37494233408,team09-risk-none,0,1,0.031917763800091037,0.023769738542138527,
2022-04-01T00:00:00Z,-0.00065123790349765781,-0.00067466909462281634,2.3431191125158526e-05,2.2698309101608045e-06,-5.0810453016926113e-06,7.3508762118534166e-06,-0,0.00010732023677018506,5.3660118385092532e-05,-0.00080994842774277469,0.10732023677018507,0.13942990156447665,-6.9388939039072284e-18,0.069714950782238327,0.069714950782238327,11670.686706710614,0,0,0,0,0,0,0,0,False,1,108658.29598692681,team09-risk-none,0,1,0.030871901895618836,0.024112304202779593,
2022-04-01T08:00:00Z,-0.0006870505508638241,0.0014789366974765265,-0.0021659872483403507,-5.0091390618112782e-06,-6.7145326009203177e-06,1.7053935391090406e-06,-0,0,0,-0.00069205968992563525,0,0.13883786664152076,-0.0006539384707126639,0.069091964085404037,0.069745902556116707,0,0,0,0,0,0,0,0,0,False,1,108583.09796029826,team09-risk-none,0,1,0.031663894199703724,0.02414054826743427,
2022-04-01T16:00:00Z,-0.00017579205817980378,0.00071763174986779811,-0.0008934238080476021,-3.4217293351807772e-06,-6.9922847930933186e-06,3.5705554579125402e-06,-0,0,0,-0.00017921378751498457,0,0.14253526358812757,-0.0013199311191834486,0.070607666234472066,0.071927597353655517,0,0,0,0,0,0,0,0,0,False,1,108563.63837205268,team09-risk-none,0,1,0.032332504494777092,0.024212859643249977,
2022-04-02T00:00:00Z,-0.0011899068086702459,0.0007026850912178063,-0.0018925918998880524,-2.6853694352393232e-06,-7.1353662073030915e-06,4.4499967720637683e-06,-0,0,0,-0.0011925921781054851,0,0.14421162160686818,-0.0015039142378907994,0.071353853684488683,0.072857767922379482,0,0,0,0,0,0,0,0,0,False,1,108434.16622610349,team09-risk-none,0,1,0.032505211425422842,0.024133308379969035,
2022-04-02T08:00:00Z,0.00041379553483093806,-0.0014308529716419781,0.0018446485064729165,-7.045904601385008e-07,-7.2144738293663925e-06,6.5098833692278911e-06,-0,0,0,0.00041309094437079957,0,0.14699503126397209,-0.0027054530115839318,0.072144789126194098,0.074850242137778022,0,0,0,0,0,0,0,0,0,False,1,108478.95939823189,team09-risk-none,0,1,0.033657124029634611,0.024391994918905334,
2022-04-02T16:00:00Z,7.5027794784843758e-05,-0.0008811999342853464,0.00095622772907019021,-1.1664450134124577e-06,-7.0680225592915683e-06,5.9015775458791098e-06,-0,0,0,7.3861349771431304e-05,0,0.14367971176767769,-0.0023190956924606116,0.070680308037608539,0.072999403730069135,0,0,0,0,0,0,0,0,0,False,1,108486.97180059484,team09-risk-none,0,1,0.033258383032952477,0.024411320601423384,
2022-04-03T00:00:00Z,-0.00097332282159016937,0.00070789460312002379,-0.0016812174247101933,-1.555066124441883e-06,-6.2565439607184986e-06,4.7014778362766158e-06,-0,0,0,-0.00097487788771461132,0,0.14177699591549603,-0.0022210390041790921,0.069777978455658474,0.071999017459837555,0,0,0,0,0,0,0,0,0,False,1,108381.21025068132,team09-risk-none,0,1,0.033187353916631968,0.024020357149321825,
2022-04-03T08:00:00Z,7.0206523489001596e-06,8.2858152876476572e-05,-7.5837500527576389e-05,-2.0894182539108212e-06,-7.0535218429954904e-06,4.9641035890846675e-06,-0,0,0,4.9312340949893393e-06,0,0.14428459455696174,-0.003213862941290239,0.070535365807835745,0.073749228749125983,0,0,0,0,0,0,0,0,0,False,1,108381.74470380056,team09-risk-none,0,1,0.034130394302420486,0.02413304296419512,
2022-04-03T16:00:00Z,0.00036152556620059413,0.00038998897739114509,-2.8463411190550845e-05,-1.7725647437648627e-07,-6.219491939159321e-06,6.0422354647828349e-06,-0,0,0,0.00036134830972621765,0,0.14448097372433844,-0.0031735259372991809,0.070653723893519621,0.0738272498308188,0,0,0,0,0,0,0,0,0,False,1,108420.90826405447,team09-risk-none,0,1,0.034123784461379203,0.024119565095075957,
2022-04-04T00:00:00Z,0.00046067753590849802,1.5341528434803593e-05,0.00044533600747369436,-7.0617264486345108e-07,-7.1001536510827e-06,6.3939810062192486e-06,-0,7.7077298551368151e-05,3.8538649275684076e-05,0.0003443554154365824,0.077077298551368148,0.1419438303369103,-8.6736173798840355e-18,0.070971915168455163,0.070971915168455163,8356.7907154790246,0,0,0,0,0,0,0,0,False,1,108458.24359096175,team09-risk-none,0,1,0.033775277775730195,0.024190783484788377,
2022-04-04T08:00:00Z,0.0021224635904341107,-0.001500155238103101,0.0036226188285372121,3.9844868555553727e-07,-5.6136560716265009e-06,6.0121047571820382e-06,-0,0,0,0.0021228620391196664,0,0.14145915313997584,0.00046272934078581823,0.07096094124038084,0.070498211899595015,0,0,0,0,0,0,0,0,0,False,1,108688.48547911059,team09-risk-none,0,1,0.033441485379376634,0.024143979568168494,
2022-04-04T16:00:00Z,8.738342309263585e-05,0.0015082649535317896,-0.0014208815304391539,-2.9391938741819619e-06,-6.1446342023382437e-06,3.2054403281562823e-06,-0,0,0,8.4444229218453876e-05,0,0.1359897875704883,0.0025861674755700802,0.069287977523029204,0.06670181004745912,0,0,0,0,0,0,0,0,0,False,1,108697.66359449179,team09-risk-none,0,1,0.031392847874057384,0.025383413124230748,
2022-04-05T00:00:00Z,-0.0003774484196603643,0.00018470241738039906,-0.00056215083704076339,-2.8950305590952101e-06,-6.2815910851636051e-06,3.386560526068395e-06,-0,0,0,-0.00038034345021945953,0,0.13896492566580557,0.0026844816905267944,0.070824703678166179,0.068140221987639388,0,0,0,0,0,0,0,0,0,False,1,108656.32115008947,team09-risk-none,0,1,0.031311011809039724,0.025379475061018803,
2022-04-05T08:00:00Z,7.9365283560054211e-06,-0.0015752602454660149,0.0015831967738220202,-2.2299874837620487e-06,-6.2877419592502951e-06,4.0577544754882464e-06,-0,0,0,5.7065408722433724e-06,0,0.13974639898146921,0.0022949324596463934,0.071020665720557791,0.068725733260911401,0,0,0,0,0,0,0,0,0,False,1,108656.94120182714,team09-risk-none,0,1,0.031678802344254575,0.025394748283722623,
2022-04-05T16:00:00Z,0.00056709488607608694,-0.0011433573705918517,0.0017104522566679387,-2.056165894706885e-06,-5.950686815410577e-06,3.8945209207036923e-06,-0,0,0,0.00056503872018138016,0,0.13661797280939633,0.0023062017891714252,0.069462087299283881,0.067155885510112465,0,0,0,0,0,0,0,0,0,False,1,108718.33658082264,team09-risk-none,0,1,0.031673108263297611,0.02535410784751849,
2022-04-06T00:00:00Z,0.00027819588608385203,-0.0012827969137678922,0.0015609927998517441,-8.1348924251697164e-06,-5.9720119514507473e-06,-2.1628804737189691e-06,-0,0,0,0.00027006099365868233,0,0.13364988618158,0.0028790166260046473,0.068264451403792323,0.065385434777787674,0,0,0,0,0,0,0,0,0,False,1,108747.69716282857,team09-risk-none,0,1,0.031131855608078074,0.025458298443015375,
2022-04-06T08:00:00Z,0.00020995806943089831,-0.0027847240164668931,0.0029946820858977909,-3.4315466222660958e-06,-2.6732573262763922e-06,-7.5828929598970372e-07,-0,0,0,0.0002065265228086322,0,0.13081173705249813,0.0031507096646648247,0.066981223358581476,0.063830513693916652,0,0,0,0,0,0,0,0,0,False,1,108770.15644658705,team09-risk-none,0,1,0.030865643924631758,0.025478005069299002,
2022-04-06T16:00:00Z,6.4238797720759773e-05,-0.0022605344470636246,0.0023247732447843842,-6.9747364060265524e-06,-5.3024266191522918e-06,-1.6723097868742602e-06,-0,0,0,5.7264061314733218e-05,0,0.12500527782030754,0.0033616766937543743,0.064183477257030969,0.060821800563276587,0,0,0,0,0,0,0,0,0,False,1,108776.38506749502,team09-risk-none,0,1,0.030668926523848894,0.025485981732902688,
2022-04-07T00:00:00Z,-0.0010713418277269445,0.0014394111919764781,-0.0025107530197034222,-8.6023614457526394e-06,-3.814627717871582e-06,-4.7877337278810574e-06,-0,0.00011485892527970358,5.7429462639851791e-05,-0.0012522325770922523,0.11485892527970358,0.13987087252799574,-6.9388939039072284e-18,0.069935436263997869,0.069935436263997869,12493.938684663675,0,0,0,0,0,0,0,0,False,1,108640.17173449518,team09-risk-none,0,1,0.030614996498700586,0.025366618826190002,
2022-04-07T08:00:00Z,0.0010819125762024254,-0.00017698017084263938,0.0012588927470450649,5.1139494306419987e-06,1.7758393954398939e-06,3.338110035202105e-06,-0,0,0,0.0010870265256330675,0,0.14392567739743203,-0.0010760971700054175,0.071424790113713305,0.072500887283718729,0,0,0,0,0,0,0,0,0,False,1,108758.26648291991,team09-risk-none,0,1,0.031815612129692417,0.025637601495900601,
2022-04-07T16:00:00Z,-0.00018481327022419654,0.00160831081492358,-0.0017931240851477767,3.7259905473834151e-06,8.7685904207458172e-08,3.6383046431759571e-06,-0,0,0,-0.00018108727967681314,0,0.14239254112351091,-1.9737040032712094e-07,0.071196171876555289,0.071196369246955618,0,0,0,0,0,0,0,0,0,False,1,108738.57174430015,team09-risk-none,0,1,0.030764515272362125,0.025957234157706059,
2022-04-08T00:00:00Z,0.00020396586853842403,0.0003413899845520485,-0.00013742411601362441,4.4231571684104731e-07,-1.8475676368913463e-06,2.2898833537323938e-06,-0,0,0,0.00020440818425526507,0,0.14586692289853348,-0.000207313440644551,0.072829804728944444,0.073037118169588994,0,0,0,0,0,0,0,0,0,False,1,108760.79879830891,team09-risk-none,0,1,0.030943213555629234,0.025953644533562161,
2022-04-08T08:00:00Z,9.3689681046199989e-05,-0.00040088648975925034,0.00049457617080545034,-3.4311622615520597e-06,-5.0254613762953088e-06,1.5942991147432501e-06,-0,0,0,9.0258518784647933e-05,0,0.14622766355772196,2.7574238175443605e-05,0.073127618897948707,0.073100044659773267,0,0,0,0,0,0,0,0,0,False,1,108770.61538691029,team09-risk-none,0,1,0.030748884803204146,0.02584075817369736,
2022-04-08T16:00:00Z,0.0011937596253673748,-0.0026709357476647783,0.0038646953730321538,-2.480236319832769e-06,-7.271747112650645e-06,4.7915107928178746e-06,-0,0,0,0.001191279389047542,0,0.14531338457965609,0.00012191838727740323,0.072717651483466747,0.07259573309618933,0,0,0,0,0,0,0,0,0,False,1,108900.19157915474,team09-risk-none,0,1,0.030660479860833756,0.025835921513349784,
2022-04-09T00:00:00Z,-0.00044177661414880777,0.0010927667658730648,-0.0015345433800218722,-3.925260080321828e-06,-6.5277697205115349e-06,2.6025096401897065e-06,-0,0,0,-0.00044570187422912958,0,0.13866301050695068,0.0013001550494216238,0.069981582778186141,0.068681427728764524,0,0,0,0,0,0,0,0,0,False,1,108851.65455966399,team09-risk-none,0,1,0.029507128060266785,0.026241550946475949,
2022-04-09T08:00:00Z,0.00059866622792542081,7.7590129562618766e-05,0.00052107609836280204,-1.7459295194776397e-06,-4.6815884487884901e-06,2.9356589293108506e-06,-0,0,0,0.0005969202984059431,0,0.14132680298251013,0.00086252650652692345,0.071094664744518518,0.070232138237991598,0,0,0,0,0,0,0,0,0,False,1,108916.63032178572,team09-risk-none,0,1,0.029937564461813615,0.026261980955842597,
2022-04-09T16:00:00Z,-0.0010179179319141619,0.0010345944781303849,-0.0020525124100445468,-6.5109490811011267e-06,-6.4334139390795838e-06,-7.7535142021542111e-08,-0,0,0,-0.0010244288809952628,0,0.14070345588572941,0.0014741492487339285,0.071088802567231671,0.069614653318497741,0,0,0,0,0,0,0,0,0,False,1,108805.0529800634,team09-risk-none,0,1,0.02936313963706072,0.026377055684122405,
2022-04-10T00:00:00Z,0.0002814441311852146,-0.00021335714103009264,0.00049480127221530727,-3.4497260132944647e-06,-5.1093587105347066e-06,1.6596326972402417e-06,-0,7.4891001279610002e-05,3.7445500639805001e-05,0.00016565790325250509,0.074891001279610014,0.14531471129943302,-1.0408340855860843e-17,0.07265735564971651,0.07265735564971651,8148.5193619579632,0,0,0,0,0,0,0,0,False,1,108823.07739700335,team09-risk-none,0,1,0.030354519758423515,0.026570075303964259,
2022-04-10T08:00:00Z,0.00025563987982291564,0.00037001387946480787,-0.00011437399964189217,-5.2728546676525253e-06,-5.9835450797786487e-06,7.1069041212612308e-07,-0,0,0,0.00025036702515526311,0,0.14456849591142332,0.00027617548017322413,0.072422335695798271,0.07214616021562506,0,0,0,0,0,0,0,0,0,False,1,108850.32310715948,team09-risk-none,0,1,0.030195658408675552,0.026582229984383678,
2022-04-10T16:00:00Z,0.00042238012825254414,-0.0014106153276388991,0.0018329954558914433,-3.676991261762752e-06,-4.8122673204822333e-06,1.1352760587194814e-06,-0,0,0,0.00041870313699078144,0,0.14502852556157381,0.00054504891423136706,0.072786787237902592,0.072241738323671228,0,0,0,0,0,0,0,0,0,False,1,108895.89907890691,team09-risk-none,0,1,0.029951303309779465,0.026613033414262858,
2022-04-11T00:00:00Z,0.00023040459656203927,-0.00031927578292395808,0.0005496803794859974,-1.1707672149251802e-06,-2.9006114153652036e-06,1.7298442004400234e-06,-0,7.3636771562232788e-06,3.6818385781116394e-06,0.00021818831361277916,0.0073636771562232781,0.13435122811241518,0.008304441263278374,0.071327834687846786,0.063023393424568405,801.87424445374234,0,0,0,0,0,0,0,0,False,1,108919.65889148628,team09-risk-none,0.0073636771562232781,1,0.02954270869119402,0.026628777681277242,
2022-04-11T08:00:00Z,-0.00029626409343974419,-0.003916996568962194,0.0036207324755224489,-2.776520374907094e-06,-5.750907031513003e-06,2.9743866566059091e-06,-0,0,0,-0.00029904061381465127,0,0.13343760232670254,0.0085618306707247634,0.070999716498713658,0.062437885827988898,0,0,0,0,0,0,0,0,0,False,1,108887.08748983488,team09-risk-none,0,1,0.029332524908063262,0.026637524454458952,
2022-04-11T16:00:00Z,7.3877822106148725e-05,-0.00078629995723516447,0.00086017777934131322,-1.7971249011089021e-06,-2.2449695470096438e-06,4.4784464590074154e-07,-0,0,0,7.2080697205039823e-05,0,0.12596202713221233,0.0082532072252699505,0.067107617178741127,0.05885440995347118,0,0,0,0,0,0,0,0,0,False,1,108894.93614701778,team09-risk-none,0,1,0.029621843519942348,0.026642611006679084,
2022-04-12T00:00:00Z,0.00017157080231799257,0.0021783907009742891,-0.002006819898656296,3.7911454005567915e-06,4.3503584706995156e-06,-5.5921307014272416e-07,-0,0,0,0.00017536194771854935,0,0.12428138895836374,0.0083316477399432987,0.06630651834915352,0.057974870609210222,0,0,0,0,0,0,0,0,0,False,1,108914.03217511722,team09-risk-none,0,1,0.029546474849816873,0.026635992084240966,
2022-04-12T08:00:00Z,-0.00066960806020526756,-0.00027156108538910152,-0.00039804697481616593,2.4996690500953841e-06,1.1575903758917036e-06,1.34207867420368e-06,-0,0,0,-0.00066710839115517219,0,0.12845854423297326,0.0084880389586697441,0.068473291595821509,0.059985252637151758,0,0,0,0,0,0,0,0,0,False,1,108841.37471033866,team09-risk-none,0,1,0.029377547762285072,0.026653690184664122,
2022-04-12T16:00:00Z,0.00035792948051693765,-1.3232988532260438e-05,0.000371162469049198,2.6683984987753066e-06,2.4762139415670523e-06,1.9218455720825502e-07,-0,0,0,0.00036059787901571291,0,0.12862500200508373,0.007843527874318558,0.068234264939701153,0.060390737065382581,0,0,0,0,0,0,0,0,0,False,1,108880.62267920836,team09-risk-none,0,1,0.030024894481888276,0.026722518411997992,
2022-04-13T00:00:00Z,-0.00021436178205365089,0.00047708196941344711,-0.00069144375146709799,1.6201153143543357e-06,-1.7420038967559159e-06,3.3621192111102522e-06,-0,6.4322799937988881e-05,3.216139996899444e-05,-0.00030922586664627985,0.064322799937988881,0.1449736650647746,-2.0816681711721685e-17,0.072486832532387302,0.072486832532387302,7003.5065097183742,0,0,0,0,0,0,0,0,False,1,108846.95397429939,team09-risk-none,0,1,0.029676140688677632,0.026767453358788398,
2022-04-13T08:00:00Z,-0.00031481255877296484,0.00053184696526424895,-0.00084665952403721373,4.2602880388907955e-06,2.9350255185489602e-06,1.3252625203418358e-06,-0,0,0,-0.00031055227073407407,0,0.14616917029590548,-0.00019822646358574197,0.072985471916159866,0.073183698379745615,0,0,0,0,0,0,0,0,0,False,1,108813.15130558019,team09-risk-none,0,1,0.029973628898744331,0.026773433686304634,
2022-04-13T16:00:00Z,0.00025128566788388417,0.00056409336069960787,-0.0003128076928157237,-6.4175659485197732e-07,-3.4275833721512168e-06,2.7858267772992391e-06,-0,0,0,0.00025064391128903224,0,0.14760443899146744,-0.00050496064840554675,0.073549739171530959,0.074054699819936495,0,0,0,0,0,0,0,0,0,False,1,108840.42465942311,team09-risk-none,0,1,0.030279626406566007,0.026756343905277483,
2022-04-14T00:00:00Z,-0.00062347582331064813,-0.00035056052350777861,-0.00027291529980286958,1.831598430577553e-06,-7.262210607678272e-07,2.557819491345381e-06,-0,0,0,-0.00062164422488007059,0,0.14843953008101876,-0.00025467298746461101,0.07409242854677707,0.074347101534241677,0,0,0,0,0,0,0,0,0,False,1,108772.76463800008,team09-risk-none,0,1,0.030034172833812933,0.026760044797971588,
2022-04-14T08:00:00Z,0.00077746747676735466,-0.0022900121736962081,0.0030674796504635625,5.8137685093760464e-07,-4.0595986058144958e-06,4.6409754567521001e-06,-0,0,0,0.0007780488536182922,0,0.14848395006765028,-0.00088201082633256739,0.073800969620658866,0.074682980446991426,0,0,0,0,0,0,0,0,0,False,1,108857.39516283157,team09-risk-none,0,1,0.030638358404740051,0.026802620213955332,
2022-04-14T16:00:00Z,0.00048186055065984647,0.00088965944152725638,-0.0004077988908674098,-7.7676448660183443e-07,-2.1040171697428458e-06,1.3272526831410121e-06,-0,0,0,0.0004810837861732446,0,0.14299124308690775,-0.00011627982937128384,0.071437481628768243,0.07155376145813952,0,0,0,0,0,0,0,0,0,False,1,108909.76469064946,team09-risk-none,0,1,0.029885465244430476,0.026924694279665935,
2022-04-15T00:00:00Z,-0.00036316403447166372,0.00079005293454290353,-0.0011532169690145672,2.030524636101449e-06,-3.6100857406225088e-07,2.3915332101636996e-06,-0,0,0,-0.00036113350983556225,0,0.14422236436767777,0.00036689448720465118,0.072294629427441207,0.071927734940236548,0,0,0,0,0,0,0,0,0,False,1,108870.43372507136,team09-risk-none,0,1,0.029416034166751315,0.026607398472355329,
2022-04-15T08:00:00Z,0.00048416591125346792,0.00016126780085477834,0.00032289811039868955,2.45065874516288e-06,-1.9400430116239608e-06,4.3907017567868413e-06,-0,0,0,0.00048661656999863081,0,0.14622310473871647,-1.4880613011247767e-07,0.073111477966293179,0.073111626772423277,0,0,0,0,0,0,0,0,0,False,1,108923.41188210492,team09-risk-none,0,1,0.029766136933582099,0.026606658845077361,
2022-04-15T16:00:00Z,-0.00019018185070574902,0.00035055401201377327,-0.00054073586271952221,-1.169868658280128e-06,-3.5926434911135719e-06,2.4227748328334437e-06,-0,0,0,-0.00019135171936402915,0,0.14599868311168931,0.00049064315026026498,0.073244663130974774,0.072754019980714513,0,0,0,0,0,0,0,0,0,False,1,108902.56919996228,team09-risk-none,0,1,0.029297519518082793,0.026488125794641972,
2022-04-16T00:00:00Z,-0.00040460163572895416,-0.0004350188590854818,3.0417223356527633e-05,8.145341244405374e-07,-2.374494519780485e-06,3.1890286442210223e-06,-0,7.2106083989763079e-05,3.6053041994881539e-05,-0.00051194622758915823,0.072106083989763078,0.14178146397899202,-3.4694469519536142e-18,0.070890731989496011,0.070890731989496011,7852.5378014334656,0,0,0,0,0,0,0,0,False,1,108846.81694048559,team09-risk-none,0,1,0.029481339208351498,0.026490112056215143,
2022-04-16T08:00:00Z,0.00020211963570913034,-0.00064127923703907741,0.00084339887274820767,5.8177543753154916e-06,8.0567406272000173e-07,5.0120803125954891e-06,-0,0,0,0.00020793739008444584,0,0.14137565507729968,-0.00039361116008268179,0.070491021958608485,0.07088463311869117,0,0,0,0,0,0,0,0,0,False,1,108869.45026351919,team09-risk-none,0,1,0.02997333934675106,0.02646885100523692,
2022-04-16T16:00:00Z,-0.00068303044748243126,0.0010797383557817513,-0.0017627688032641827,3.9345432991464933e-06,1.9171534077314389e-07,3.7428279583733488e-06,-0,0,0,-0.00067909590418328478,0,0.13989261078227463,-0.0002110445081334629,0.069840783137070594,0.070051827645204054,0,0,0,0,0,0,0,0,0,False,1,108795.51746575454,team09-risk-none,0,1,0.029773461668797019,0.02645867656811696,
2022-04-17T00:00:00Z,-0.00044150317961744569,-0.00027981234939093328,-0.00016169083022651246,6.7464938740567782e-07,-4.311975306884346e-06,4.9866246942900239e-06,-0,0,0,-0.00044082853023004004,0,0.14280142990177913,-0.00088342891086399741,0.070959000495457572,0.071842429406321573,0,0,0,0,0,0,0,0,0,False,1,108747.5572976945,team09-risk-none,0,1,0.030435499212388528,0.026496684242978335,
2022-04-17T08:00:00Z,-0.00028770133159286375,0.00049662656505914586,-0.00078432789665200961,-2.6218554523072739e-06,-3.2854944223859514e-06,6.636389700786775e-07,-0,0,0,-0.00029032318704517101,0,0.14279191175074502,-0.0013367671395855991,0.070727572305579703,0.072064339445165299,0,0,0,0,0,0,0,0,0,False,1,108715.98536027645,team09-risk-none,0,1,0.03086610566918313,0.02650964813392442,
2022-04-17T16:00:00Z,0.0019001571604060328,-0.0019559113550413304,0.0038560685154473634,-2.8556188212063154e-06,-2.370322456961064e-06,-4.8529636424525138e-07,-0,0,0,0.0018973015415848264,0,0.14406692411600502,-0.0016115409928644797,0.071227691561570272,0.072839232554434752,0,0,0,0,0,0,0,0,0,False,1,108922.25236689541,team09-risk-none,0,1,0.031147694192884434,0.026507983354188691,
2022-04-18T00:00:00Z,0.00019598966211916043,-0.0019761470097606685,0.0021721366718798294,-5.8501944017084688e-07,-1.0314429262284105e-06,4.4642348605756371e-07,-0,7.6205501498198794e-06,3.8102750749099397e-06,0.00018397381745425975,0.0076205501498198798,0.13039572719768949,0.0079037586240029954,0.069149742910846246,0.061245984286843261,830.04748659326356,0,0,0,0,0,0,0,0,False,1,108942.29120946907,team09-risk-none,0.0076205501498198798,1,0.029307285163941876,0.027305088699700442,
2022-04-18T08:00:00Z,8.6462599223946206e-05,0.0014442445995678712,-0.0013577820003439246,-4.643784275984924e-07,2.7718584105936966e-06,-3.2362368381921893e-06,-0,0,0,8.5998220796347716e-05,0,0.12618337648863259,0.0081033467874909275,0.067143361638061755,0.059040014850570824,0,0,0,0,0,0,0,0,0,False,1,108951.66005268256,team09-risk-none,0,1,0.029128585992653444,0.027227757508705829,
2022-04-18T16:00:00Z,0.0009028280823845697,0.0032362741930713449,-0.0023334461106867756,3.7983179035130885e-06,1.7464487798091534e-06,2.0518691237039357e-06,-0,0,0,0.00090662640028808274,0,0.12902207417568465,0.0081930764801151149,0.068607575327899878,0.060414498847784763,0,0,0,0,0,0,0,0,0,False,1,109050.43850404154,team09-risk-none,0,1,0.029040953890584142,0.027201409876750134,
2022-04-19T00:00:00Z,-0.00022447254057315652,-0.00072898406814892456,0.00050451152757576803,4.8392978801347682e-07,-2.6288064348104136e-06,3.1127362228238901e-06,-0,4.5738974181864803e-05,2.2869487090932402e-05,-0.00029259707205794025,0.045738974181864803,0.14370503481514108,-6.9388939039072284e-18,0.071852517407570524,0.071852517407570538,4987.8551912573912,0,0,0,0,0,0,0,0,False,1,109018.53066502862,team09-risk-none,0,1,0.028163877826317574,0.027402002010571015,
2022-04-19T08:00:00Z,-0.0013394864882923605,0.00091877467584612019,-0.0022582611641384807,1.8616109381082883e-06,-4.9104148473714127e-06,6.7720257854796997e-06,-0,0,0,-0.0013376248773542521,0,0.14251567892070402,-0.00020165959154353624,0.071157009664580231,0.071358669256123775,0,0,0,0,0,0,0,0,0,False,1,108872.70476631848,team09-risk-none,0,1,0.028446895742279432,0.027067139173586708,
2022-04-19T16:00:00Z,-0.00021968054750620076,5.6211195931277517e-05,-0.00027589174343747825,-2.3833539291512682e-06,-3.8129493174983447e-06,1.4295953883470767e-06,-0,0,0,-0.00022206390143535203,0,0.14591664200080531,-0.0015498686177328885,0.072183386691536205,0.073733255309269108,0,0,0,0,0,0,0,0,0,False,1,108848.52806873825,team09-risk-none,0,1,0.029750588028687908,0.027199857852115053,
2022-04-20T00:00:00Z,-8.0639352740891873e-05,9.3926050704608557e-05,-0.00017456540344550046,-4.0577916415789431e-07,-6.2951910472570217e-06,5.8894118830991273e-06,-0,0,0,-8.1045131905049757e-05,0,0.14625697926348152,-0.0017521913510120321,0.072252393956234742,0.074004585307246767,0,0,0,0,0,0,0,0,0,False,1,108839.70642542324,team09-risk-none,0,1,0.029964127079233682,0.027158618629978988,
2022-04-20T08:00:00Z,0.00068449420791792919,-0.00066571800929940894,0.001350212217217338,5.740276048673268e-07,-5.9513443003903503e-06,6.5253719052576779e-06,-0,0,0,0.00068506823552279652,0,0.14652343894371228,-0.001839879722699559,0.072341779610506363,0.074181659333205918,0,0,0,0,0,0,0,0,0,False,1,108914.26905105892,team09-risk-none,0,1,0.030041793393436267,0.027136346333920151,
2022-04-20T16:00:00Z,-0.00013034426508190124,0.0001374949381792263,-0.00026783920326112746,-1.071342346447805e-06,-4.6250095114099183e-06,3.5536671649621128e-06,-0,0,0,-0.00013141560742834904,0,0.14441084124595971,-0.0011597151211316381,0.071625563062414035,0.072785278183545674,0,0,0,0,0,0,0,0,0,False,1,108899.95601623396,team09-risk-none,0,1,0.029378902868803847,0.027109030143797005,
2022-04-21T00:00:00Z,-0.00019377203025611013,0.00090390591472748981,-0.0010976779449835999,3.6116701291540825e-06,-2.8035437699978791e-06,6.4152138991519625e-06,-0,0,0,-0.00019016036012695607,0,0.14484324913218399,-0.0012861307079313558,0.071778559212126322,0.073064689920057685,0,0,0,0,0,0,0,0,0,False,1,108879.24756138011,team09-risk-none,0,1,0.029501912791630613,0.027109074394051153,
2022-04-21T08:00:00Z,0.00036993361408104125,0.00033269598296241859,3.7237631118622704e-05,-1.1247096228822547e-07,-2.4808658179371126e-06,2.3683948556488875e-06,-0,0,0,0.00036982114311875301,0,0.14686227660087764,-0.0014764281943246624,0.072692924203276485,0.074169352397601154,0,0,0,0,0,0,0,0,0,False,1,108919.51340917517,team09-risk-none,0,1,0.02969007662886014,0.026350635575805137,
2022-04-21T16:00:00Z,0.001286037270800794,-0.002815144429299447,0.0041011817001002406,1.1983817042482668e-06,-4.8052629362086502e-06,6.0036446404569156e-06,-0,0,0,0.001287235652505042,0,0.14713158719619979,-0.0011280526702025957,0.07300176726299859,0.074129819933201196,0,0,0,0,0,0,0,0,0,False,1,109059.71849008896,team09-risk-none,0,1,0.029329963099938072,0.02638026602365345,
2022-04-22T00:00:00Z,-0.00050742062025394084,0.001016955143114381,-0.001524375763368322,-3.7956565838621187e-06,-6.8195341496792677e-07,-3.1137031688941919e-06,-0,7.0448724443769893e-05,3.5224362221884946e-05,-0.00061688936350345772,0.070448724443769886,0.14299756719201812,-2.4286128663675299e-17,0.071498783596009044,0.071498783596009058,7683.1180558233928,0,0,0,0,0,0,0,0,False,1,108992.44070976574,team09-risk-none,0,1,0.028085335819091006,0.026544218574627042,
2022-04-22T08:00:00Z,-0.0010416021465074077,-0.0022742651496187936,0.0012326630031113859,7.8609303383114355e-06,1.5338031290670887e-06,6.327127209244346e-06,-0,0,0,-0.0010337412161690962,0,0.14561107152392425,-0.00052500627382319476,0.072543032625050533,0.073068038898873713,0,0,0,0,0,0,0,0,0,False,1,108879.77073155319,team09-risk-none,0,1,0.028673577375785686,0.026592606097205686,
2022-04-22T16:00:00Z,-0.00048365451641348562,0.00054075761292430105,-0.0010244121293377865,2.2955271813487558e-06,-3.5710257857991612e-06,5.8665529671479157e-06,-0,0,0,-0.00048135898923213683,0,0.14228215089809015,-0.0015584355154039074,0.070361857691343122,0.071920293206747032,0,0,0,0,0,0,0,0,0,False,1,108827.36047516602,team09-risk-none,0,1,0.029683077725672691,0.026488033151397798,
2022-04-23T00:00:00Z,-0.00064963764338386333,-0.00019802567111395407,-0.00045161197226990921,-4.2617311745288772e-06,-2.7639623139854116e-06,-1.4977688605434642e-06,-0,0,0,-0.00065389937455839222,0,0.14389963988355164,-0.0020451411535917161,0.070927249364979988,0.072972390518571684,0,0,0,0,0,0,0,0,0,False,1,108756.19833221646,team09-risk-none,0,1,0.03015650804005765,0.026212404420656331,
2022-04-23T08:00:00Z,-0.00069129386783608354,0.00042520750451731533,-0.0011165013723533988,3.3832343001623084e-06,-1.3606515893676504e-06,4.7438858895299584e-06,-0,0,0,-0.00068791063353592123,0,0.14425268170979172,-0.00268651775371705,0.070783081978037343,0.073469599731754404,0,0,0,0,0,0,0,0,0,False,1,108681.38378692079,team09-risk-none,0,1,0.030783278489564858,0.025610339572563048,
2022-04-23T16:00:00Z,0.00040660848788563118,-0.0011437518667318336,0.0015503603546174649,-1.5682417255649139e-06,-1.9113215845197095e-06,3.4307985895479501e-07,-0,0,0,0.00040504024616006625,0,0.1458479822680202,-0.0033776942118648907,0.071235144028077652,0.074612838239942553,0,0,0,0,0,0,0,0,0,False,1,108725.40412136287,team09-risk-none,0,1,0.031454808714307947,0.025452786851997648,
2022-04-24T00:00:00Z,-0.00025453486905363033,0.00027463645615783577,-0.00052917132521146609,8.3426791000966905e-07,-1.4328215824760952e-06,2.2670894924857644e-06,-0,0,0,-0.00025370060114362065,0,0.14311441122577942,-0.0029726444654877178,0.070070883380145846,0.07304352784563356,0,0,0,0,0,0,0,0,0,False,1,108697.82042097769,team09-risk-none,0,1,0.031060181046303148,0.025479610226926019,
2022-04-24T08:00:00Z,8.6622615695492892e-05,-0.00081789331068160879,0.00090451592637710171,2.2703191201206607e-06,-4.9838228865563281e-07,2.7687014087762941e-06,-0,0,0,8.8892934815613551e-05,0,0.14395445848932326,-0.003226337196011328,0.070364060646655971,0.073590397842667299,0,0,0,0,0,0,0,0,0,False,1,108707.48288924297,team09-risk-none,0,1,0.031304610567815749,0.025454144746418952,
2022-04-24T16:00:00Z,-0.0001674863622952351,-0.00077688202867182913,0.00060939566637659398,-2.9812228659236727e-06,-3.6283516873481098e-06,6.4712882142443684e-07,-0,0,0,-0.00017046758516115875,0,0.14220733110725164,-0.0031476885400558222,0.069529821283597915,0.07267750982365373,0,0,0,0,0,0,0,0,0,False,1,108688.95178714588,team09-risk-none,0,1,0.031223587976876965,0.025453624038780671,
2022-04-25T00:00:00Z,0.00076902539372225044,-0.0034489221851526312,0.0042179475788748817,-1.4962354979111996e-06,-3.1738959821304874e-06,1.6776604842192878e-06,-0,7.8702939230643909e-05,3.9351469615321954e-05,0.00064947474937837352,0.078702939230643906,0.14584770044596021,-1.5612511283791264e-17,0.072923850222980091,0.072923850222980105,8554.1399675461271,0,0,0,0,0,0,0,0,False,1,108759.54251686804,team09-risk-none,0.0071954692000262416,1,0.031387294572611357,0.02497991798638528,
2022-04-25T08:00:00Z,-0.00044554761702239978,0.0014519583417362952,-0.0018975059587586947,7.6820675380238949e-07,4.688238467246394e-07,2.9938290707775057e-07,-0,0,0,-0.00044477941026859738,0,0.13805391922425878,0.00075393457196531836,0.069403926898112048,0.068649992326146728,0,0,0,0,0,0,0,0,0,False,1,108711.16851168631,team09-risk-none,0,1,0.030756010283152779,0.024961166858717104,
2022-04-25T16:00:00Z,0.00080533362551058201,0.0033210683288916729,-0.0025157347033810912,1.9490084910045815e-06,2.7241046550680806e-06,-7.7509616406349916e-07,-0,0,0,0.00080728263400158657,0,0.14149660216280091,0.00031619153053698279,0.07090639684666894,0.070590205316131971,0,0,0,0,0,0,0,0,0,False,1,108798.92915014781,team09-risk-none,0,1,0.031185966078240757,0.02494701597529882,
2022-04-26T00:00:00Z,0.00088454933981238601,0.00085375403189828802,3.079530791409806e-05,2.9692176536212409e-06,-2.79372888973478e-06,5.7629465433560218e-06,-0,0,0,0.00088751855746600728,0,0.14717338404810221,0.0011208855261431033,0.074147134787122648,0.073026249260979545,0,0,0,0,0,0,0,0,0,False,1,108895.490218801,team09-risk-none,0,1,0.030402870144139893,0.024568625264133462,
2022-04-26T08:00:00Z,-0.00067444206546179281,-0.0048775169636367669,0.0042030748981749739,-7.3456469691672785e-07,-6.361586379270007e-06,5.627021682353279e-06,-0,0,0,-0.0006751766301587096,0,0.14787206279767739,0.0019991738784371198,0.074935618338057258,0.072936444459620137,0,0,0,0,0,0,0,0,0,False,1,108821.96652867559,team09-risk-none,0,1,0.029545929051427278,0.024376691416851906,
2022-04-26T16:00:00Z,-0.00020054733071012869,-0.001724043618974205,0.0015234962882640761,-1.5359787254708989e-06,-6.4643014485619194e-06,4.9283227230910207e-06,-0,0,0,-0.0002020833094355996,0,0.1389126744358774,0.00134079989207723,0.070126737163977312,0.068785937271900077,0,0,0,0,0,0,0,0,0,False,1,108799.97542554019,team09-risk-none,0,1,0.030201934171742661,0.024408103392081066,
2022-04-27T00:00:00Z,-0.0001689968787307679,0.0020368809973399207,-0.0022058778760706888,-3.5015994914495208e-06,8.8149972189880095e-07,-4.383099213348322e-06,-0,0,0,-0.00017249847822221743,0,0.13571756846756836,0.0011449925117019803,0.068431280489635177,0.067286287977933193,0,0,0,0,0,0,0,0,0,False,1,108781.20759534868,team09-risk-none,0,1,0.03039982004729147,0.024327611692070646,
2022-04-27T08:00:00Z,-0.00063110296562179295,-0.00086692984167214572,0.00023582687605035266,4.6538077749129277e-06,2.0531389557752573e-06,2.6006688191376704e-06,-0,0,0,-0.00062644915784688005,0,0.13981159925314041,0.00096863164998077164,0.070390115451560598,0.069421483801579809,0,0,0,0,0,0,0,0,0,False,1,108713.061699461,team09-risk-none,0,1,0.030559168454809105,0.024298203098587625,
2022-04-27T16:00:00Z,0.00090237113052040461,0.00081385590577554077,8.8515224744863767e-05,2.2951207485691292e-06,-3.1348061069633254e-06,5.4299268555324551e-06,-0,0,0,0.00090466625126897366,0,0.13891339993796314,0.00033224808747827836,0.069622824012720713,0.069290575925242431,0,0,0,0,0,0,0,0,0,False,1,108811.41073745262,team09-risk-none,0,1,0.031168759011747094,0.024385057600714976,
2022-04-28T00:00:00Z,9.7602860695561919e-05,0.00018543607980563243,-8.7833219110070552e-05,1.1608596497872771e-06,-1.9185336987457286e-06,3.0793933485330066e-06,-0,4.3380013006230907e-05,2.1690006503115453e-05,3.3693700836002836e-05,0.043380013006230907,0.14589129138377044,-1.214306433183765e-17,0.072945645691885205,0.072945645691885219,4720.240413017028,0,0,0,0,0,0,0,0,False,1,108815.07699657355,team09-risk-none,0,1,0.030293389984058061,0.024528455861957486,
2022-04-28T08:00:00Z,0.00015018788735181597,-0.00055204076470097545,0.00070222865205279126,6.6892766702093257e-07,-3.827515945841013e-06,4.4964436128619459e-06,-0,0,0,0.00015085681501883689,0,0.14621168698965922,8.921569025988757e-05,0.073150451339959566,0.073061235649699685,0,0,0,0,0,0,0,0,0,False,1,108831.49249251529,team09-risk-none,0,1,0.030261194024856053,0.024123203754783631,
2022-04-28T16:00:00Z,-5.246263038994102e-05,0.00075961301875057555,-0.0008120756491405164,-4.6996735474088172e-07,-5.9021296789458047e-06,5.4321623242049231e-06,-0,0,0,-5.2932597744681905e-05,0,0.14497812701541385,0.00025798845883513201,0.072618057737124486,0.072360069278289363,0,0,0,0,0,0,0,0,0,False,1,108825.73175890122,team09-risk-none,0,1,0.030116006913756932,0.024120449655743031,
2022-04-29T00:00:00Z,0.00043052537234925485,5.305196455122433e-05,0.0003774734077980305,1.4934214792846997e-06,-2.8304265326613292e-06,4.323848011946028e-06,-0,0,0,0.00043201879382853957,0,0.14646211415360283,0.00019940202561547632,0.073330758089609149,0.07313135606399368,0,0,0,0,0,0,0,0,0,False,1,108872.74652027321,team09-risk-none,0,1,0.030165441233522161,0.024078592877908346,
2022-04-29T08:00:00Z,0.00038233396465787647,-0.0021888407162808272,0.0025711746809387037,-2.5913555654599151e-06,-7.3354125717349087e-06,4.7440570062749936e-06,-0,0,0,0.0003797426090924165,0,0.14608100741730068,0.00062762419162649616,0.073354315804463582,0.072726691612837083,0,0,0,0,0,0,0,0,0,False,1,108914.09014109588,team09-risk-none,0,1,0.029750417740722179,0.024127840411325152,
2022-04-29T16:00:00Z,0.00060176323271296723,-0.0015590059739175528,0.0021607692066305203,-1.6877228090514994e-06,-5.4988896743389847e-06,3.8111668652874855e-06,-0,0,0,0.00060007550990391568,0,0.14126820848251195,0.0010021729881958558,0.071135190735353904,0.07013301774715805,0,0,0,0,0,0,0,0,0,False,1,108979.44681927301,team09-risk-none,0,1,0.029381095548367986,0.023321135177465792,
2022-04-30T00:00:00Z,-0.00059529375785304041,-0.00037695774743704919,-0.00021833601041599138,1.7663027474582951e-06,2.262375390973071e-06,-4.9607264351477588e-07,-0,0,0,-0.00059352745510558218,0,0.13745626724685236,0.0016187680464355234,0.06953751764664394,0.067918749600208411,0,0,0,0,0,0,0,0,0,False,1,108914.76452554355,team09-risk-none,0,1,0.028795296354414912,0.023407137810271289,
2022-04-30T08:00:00Z,0.0011769076560639862,-0.0008261110919110463,0.0020030187479750327,6.2803170683385967e-06,1.3967009333375906e-07,6.1406469750048399e-06,-0,0,0,0.001183187973132325,0,0.13737518530657589,0.0010122338703765152,0.069193709588476204,0.068181475718099682,0,0,0,0,0,0,0,0,0,False,1,109043.63116502672,team09-risk-none,0,1,0.029367351588397872,0.021373985113813453,
2022-04-30T16:00:00Z,0.0017090926228952223,-0.0037600182990032553,0.0054691109218984769,6.1512449387010848e-06,1.4390554223614895e-06,4.712189516339595e-06,-0,0,0,0.0017152438678339234,0,0.13440454443315797,0.0021893688589920829,0.068296956646075019,0.06610758778708295,0,0,0,0,0,0,0,0,0,False,1,109230.66758470888,team09-risk-none,0,1,0.028219036141534537,0.021532629806093637,
2022-05-01T00:00:00Z,-0.0015446470826172463,0.00010148880592604259,-0.0016461358885432886,8.4417184995690906e-07,4.2366573609483236e-06,-3.3924855109914155e-06,-0,5.9813240348177746e-05,2.9906620174088873e-05,-0.0016335227712895562,0.05981324034817774,0.14462043145433623,3.4694469519536142e-18,0.072310215727168115,0.072310215727168115,6533.4401736360996,0,0,0,0,0,0,0,0,False,1,109052.2368018861,team09-risk-none,0,1,0.026557360929270635,0.022017730847539017,
2022-05-01T08:00:00Z,-0.0011023216127673673,0.00085093821753553535,-0.0019532598303029025,-5.7304666428715532e-06,6.6268857119787385e-06,-1.2357352354850291e-05,-0,0,0,-0.0011080520794102388,0,0.14657606428477316,-0.0015584673710374204,0.072508798456867862,0.074067265827905279,0,0,0,0,0,0,0,0,0,False,1,108931.40124413343,team09-risk-none,0,1,0.028153891220188076,0.022593180958517273,
2022-05-01T16:00:00Z,0.00040086286174929463,-0.00010173968164786644,0.00050260254339716103,-2.9051595081260159e-06,1.6120212310120895e-06,-4.5171807391381064e-06,-0,0,0,0.00039795770224116859,0,0.14951771332131125,-0.0026655347118180496,0.073426089304746589,0.076091624016564649,0,0,0,0,0,0,0,0,0,False,1,108974.75133427446,team09-risk-none,0,1,0.029228004584875178,0.022804721163389833,
2022-05-02T00:00:00Z,0.0010819866997936862,0.00094217227038447026,0.0001398144294092161,1.8021869236137522e-06,4.3330620023216219e-06,-2.5308750787078695e-06,-0,0,0,0.0010837888867173001,0,0.1489105367825288,-0.0022853504257662367,0.073312593178381291,0.075597943604147524,0,0,0,0,0,0,0,0,0,False,1,109092.85695870333,team09-risk-none,0,1,0.028837106800238654,0.022826615619849101,
2022-05-02T08:00:00Z,-0.00054361556604131897,-0.001412310283290266,0.00086869471724894713,9.0482855167637965e-06,1.5108105905157682e-05,-6.0598203883938845e-06,-0,0,0,-0.00053456728052455509,0,0.14949503563919786,-0.0012003983976689534,0.074147318620764457,0.075347717018433402,0,0,0,0,0,0,0,0,0,False,1,109034.53948683426,team09-risk-none,0,1,0.027777526493242055,0.022692137155931335,
2022-05-02T16:00:00Z,-0.00095611532734329071,-0.00048665054067183389,-0.00046946478667145693,-7.9050295390567739e-07,3.2406114033181048e-06,-4.0311143572237824e-06,-0,0,0,-0.00095690583029719642,0,0.14730134373083859,-0.0017431665805146268,0.072779088575161965,0.074522255155676606,0,0,0,0,0,0,0,0,0,False,1,108930.20370029553,team09-risk-none,0,1,0.028306805108329836,0.022755247286439916,
2022-05-03T00:00:00Z,-0.0031913739342962774,0.00032490264432877519,-0.0035162765786250524,6.3133211500572459e-06,7.0688621643311176e-06,-7.5554101427387098e-07,-0,0,0,-0.00318506061314622,0,0.14745688580761318,-0.0027133005012277955,0.072371792653192699,0.075085093154420496,0,0,0,0,0,0,0,0,0,False,1,108583.25439890772,team09-risk-none,0,1,0.029229727854060639,0.023028251492806691,
2022-05-03T08:00:00Z,0.0014320729703396077,-1.7624013848179615e-05,0.0014496969841877874,-1.466215738525634e-07,-1.9381780341439737e-06,1.7915564602914102e-06,-0,0,0,0.001431926348765755,0,0.15179147058089232,-0.0059025833885222416,0.072944443596185043,0.078847026984707275,0,0,0,0,0,0,0,0,0,False,1,108738.73762191625,team09-risk-none,0,1,0.032327941119278392,0.025401366440996338,
2022-05-03T16:00:00Z,-2.6906606550168066e-05,-0.001257069481309566,0.0012301628747593981,1.0832686599745686e-06,-7.3909873888755344e-07,1.8223673988621222e-06,-0,0,0,-2.5823337890193499e-05,0,0.15007777663121308,-0.004465300071990053,0.07280623827961151,0.077271538351601568,0,0,0,0,0,0,0,0,0,False,1,108735.92962475288,team09-risk-none,0,1,0.030941114166434081,0.025873555092934503,
2022-05-04T00:00:00Z,-0.00038019767510353783,0.0017851341152825772,-0.002165331790386115,3.8064725977959335e-06,4.8971199712541605e-06,-1.090647373458227e-06,-0,8.3810209898010755e-05,4.1905104949005378e-05,-0.00050210651735275807,0.08381020989801076,0.14447167100440261,6.9388939039072284e-18,0.072235835502201307,0.072235835502201293,9113.1810853058651,0,0,0,0,0,0,0,0,False,1,108681.33260581788,team09-risk-none,0,1,0.03096349962750955,0.025849043874904231,
2022-05-04T08:00:00Z,-5.9025423665046233e-05,9.0209728408677128e-05,-0.00014923515207372341,2.4619767463355297e-06,-1.3785258471150536e-06,3.8405025934505829e-06,-0,0,0,-5.6563446918710698e-05,0,0.14847627871896141,-0.00039749082682140682,0.074039393946070009,0.074436884772891426,0,0,0,0,0,0,0,0,0,False,1,108675.18521502998,team09-risk-none,0,1,0.031451361376319875,0.025892001532317611,
2022-05-04T16:00:00Z,-0.0010835571366407239,0.0053598700755060659,-0.0064434272121467896,3.324650048140808e-06,-2.0740418252837683e-06,5.3986918734245763e-06,-0,0,0,-0.001080232486592583,0,0.14876383428361026,-0.00048027054090906025,0.074141781871350593,0.074622052412259665,0,0,0,0,0,0,0,0,0,False,1,108557.79074947424,team09-risk-none,0,1,0.03150531033409476,0.024810899907336557,
2022-05-05T00:00:00Z,-0.00043541162057762761,-0.00021277492854973078,-0.00022263669202789692,2.7449336329581444e-06,-4.9665490849038006e-06,7.7114827178619455e-06,-0,0,0,-0.00043266668694466945,0,0.16072420538708321,-0.0015349160748242066,0.079594644656129504,0.081129560730953718,0,0,0,0,0,0,0,0,0,False,1,108510.82140980863,team09-risk-none,0,1,0.03255207060487042,0.025092497200415186,
2022-05-05T08:00:00Z,0.00066109203697631259,-0.0078829568295170974,0.0085440488664934103,1.9747490123957747e-07,-7.9419343932421479e-06,8.1394092944817241e-06,-0,0,0,0.00066128951187755219,0,0.16081340512062742,-0.0019747486224324772,0.079419328249097476,0.081394076871529941,0,0,0,0,0,0,0,0,0,False,1,108582.57847793215,team09-risk-none,0,1,0.032973116555864768,0.025102556930145705,
2022-05-05T16:00:00Z,-3.362848137670372e-05,0.00089710618856776432,-0.00093073466994446808,4.9438392251097605e-06,-2.0339732482280609e-06,6.9778124733378198e-06,-0,0,0,-2.8684642151593959e-05,0,0.14426453409167386,-0.0013058821790918849,0.071479325956290987,0.072785208135382876,0,0,0,0,0,0,0,0,0,False,1,108579.46382552462,team09-risk-none,0,1,0.03232903892391914,0.025212994825037183,
2022-05-06T00:00:00Z,-0.00082776845162529239,-0.0015054499488177983,0.00067768149719250556,7.9802012446763339e-06,6.3637461800424744e-06,1.6164550646338597e-06,-0,0,0,-0.00081978825038061599,0,0.14611359391275711,-0.0013590198015153328,0.072377287055620881,0.073736306857136225,0,0,0,0,0,0,0,0,0,False,1,108490.45165684783,team09-risk-none,0,1,0.032353858118611245,0.025132091490896825,
2022-05-06T08:00:00Z,0.001432116660488623,0.00042366672274726395,0.001008449937741359,3.5907274182338683e-06,3.8207154962069852e-06,-2.2998807797311716e-07,-0,0,0,0.0014357073879068569,0,0.14407576571236352,-0.0021828658470036191,0.070946449932679942,0.073129315779683568,0,0,0,0,0,0,0,0,0,False,1,108646.21219980891,team09-risk-none,0,1,0.03315136699778154,0.025267719177778244,
2022-05-06T16:00:00Z,-0.0011853324332222628,0.00031114137665431664,-0.0014964738098765791,3.6598693862779594e-06,3.1842496186949146e-07,3.3414444244084673e-06,-0,0,0,-0.0011816725638359848,0,0.14328095630541768,-0.00074239180549075245,0.071269282249963456,0.072011674055454222,0,0,0,0,0,0,0,0,0,False,1,108517.82795168769,team09-risk-none,0,1,0.031763188326838998,0.025765750335776584,
2022-05-07T00:00:00Z,0.000336900396762266,-0.00052509715989280091,0.00086199755665506696,1.4297180006717009e-06,-8.1128669167223168e-07,2.241004692343933e-06,-0,9.7081027660599723e-05,4.8540513830299862e-05,0.00019270857327203814,0.097081027660599728,0.13989537175055589,0,0.069947685875277943,0.069947685875277943,10535.022257045996,0,0,0,0,0,0,0,0,False,1,108538.74026748685,team09-risk-none,0,1,0.032909483957660024,0.026084985225590836,
2022-05-07T08:00:00Z,9.9731430958573875e-06,0.00034769941706579762,-0.00033772627396994027,1.1177032735607066e-06,1.3600792848420894e-06,-2.4237601128138272e-07,-0,0,0,1.1090846369418095e-05,0,0.13849238188997737,0.00033846354259087219,0.06941542271628412,0.069076959173693234,0,0,0,0,0,0,0,0,0,False,1,108539.94405398029,team09-risk-none,0,1,0.032723419128289688,0.025733915559850162,
2022-05-07T16:00:00Z,3.966613182166688e-05,-0.0021237366593480156,0.0021634027911696832,2.1136100175336394e-06,1.3682994438328861e-06,7.4531057370075291e-07,-0,0,0,4.1779741839200523e-05,0,0.13913951444744938,0.00035109738412621855,0.069745305915787786,0.069394208531661575,0,0,0,0,0,0,0,0,0,False,1,108544.4788248221,team09-risk-none,0,1,0.032711727885456954,0.025441556951428121,
2022-05-08T00:00:00Z,-0.0012883196508992186,-0.0015519457119118662,0.00026362606101264767,7.149343266898603e-07,1.8302587241503937e-06,-1.1153243974605333e-06,-0,0,0,-0.0012876047165725289,0,0.13483635628947716,0.00037661518535231017,0.067606485737414734,0.067229870552062421,0,0,0,0,0,0,0,0,0,False,1,108404.71644192935,team09-risk-none,0,1,0.032672667807421285,0.025436290685424311,
2022-05-08T08:00:00Z,-0.00035178583828196307,8.9236464086248757e-05,-0.0004410223023682118,-1.3415694496409604e-08,-1.4894209291059421e-06,1.4760052346095326e-06,-0,0,0,-0.00035179925397645946,0,0.13325652135282029,-0.00091337987200961618,0.066171570740405333,0.067084950612414956,0,0,0,0,0,0,0,0,0,False,1,108366.57974355755,team09-risk-none,0,1,0.033918906688016226,0.025804389714070081,
2022-05-08T16:00:00Z,4.9375663971925537e-05,-0.00017487498837882496,0.00022425065235075054,4.8703116547020488e-06,2.8471898902281818e-07,4.5855926656792312e-06,-0,0,0,5.4245975626627589e-05,0,0.13379444892862874,-0.0012592535303745517,0.066267597699127087,0.067526851229501639,0,0,0,0,0,0,0,0,0,False,1,108372.45819440106,team09-risk-none,0,1,0.034254056879019723,0.025823810900187007,
2022-05-09T00:00:00Z,-0.00024714774759060083,-0.0015545781326285631,0.0013074303850379621,2.0191920344378044e-06,-8.4159745829746549e-07,2.8607894927352697e-06,-0,4.9173510646109516e-05,2.4586755323054758e-05,-0.00031888882152532729,0.04917351064610951,0.08421197043047593,0.020154746653906024,0.052183358542190972,0.032028611888284944,5329.0542267674382,0,0,0,0,0,0,0,0,False,1,108337.89942892164,team09-risk-none,0.04917351064610951,1,0.034204422641287535,0.025458199613545632,
2022-05-09T08:00:00Z,-0.00083079408503157221,-0.002550402606656703,0.0017196085216251308,5.2438776473859652e-07,-5.7578583947479229e-07,1.1001736042133888e-06,-0,0,0,-0.0008302696972668337,0,0.081368205017197243,0.019934831211765432,0.050651518114481334,0.030716686902715902,0,0,0,0,0,0,0,0,0,False,1,108247.94975396026,team09-risk-none,0,1,0.034513847266852471,0.025438009040701631,
2022-05-09T16:00:00Z,-0.0016630490484108526,-0.0048716958435941551,0.0032086467951833023,1.4324142340624465e-06,8.6359533717656275e-07,5.6881889688588381e-07,-0,0,0,-0.0016616166341767899,0,0.077156098970648068,0.019105340898372427,0.048130719934510249,0.029025379036137819,0,0,0,0,0,0,0,0,0,False,1,108068.08316003355,team09-risk-none,0,1,0.035314585203961135,0.025476961481312888,
2022-05-10T00:00:00Z,-0.0032276389478126527,0.004396846256927568,-0.0076244852047402207,-1.9906286461496237e-06,4.6148094988975311e-06,-6.6054381450471544e-06,-0,6.0516078890069222e-05,3.0258039445034611e-05,-0.0033204036947939064,0.060516078890069221,0.11847057551201956,-8.6736173798840355e-18,0.059235287756009766,0.05923528775600978,6539.8566460111515,0,0,0,0,0,0,0,0,False,1,107709.25349741968,team09-risk-none,0,1,0.03692081920382928,0.025865213149832141,
2022-05-10T08:00:00Z,-0.0010059871425612064,-0.00051036047718592398,-0.00049562666537528242,-1.0067086649522962e-05,-3.6149880923827685e-07,-9.7055878402846833e-06,-0,0,0,-0.0010160542292107293,0,0.1307853305800358,-0.0032229824119643941,0.063781174084035705,0.067004156496000111,0,0,0,0,0,0,0,0,0,False,1,107599.81505487849,team09-risk-none,0,1,0.040126383331122284,0.028217094130061689,
2022-05-10T16:00:00Z,0.0013455114397648077,-0.0016171804534684073,0.0029626918932332148,-8.3456338951648089e-06,2.2530480955707104e-06,-1.0598681990735521e-05,-0,0,0,0.0013371658058696427,0,0.13080358502507913,-0.0041965014400739981,0.063303541792502582,0.067500043232576579,0,0,0,0,0,0,0,0,0,False,1,107743.69384828777,team09-risk-none,0,1,0.041100016264052019,0.028361324666837117,
2022-05-11T00:00:00Z,0.0033593196953152393,-0.0024343297239477128,0.005793649419262953,-3.5918796096675152e-06,6.9875719941531788e-06,-1.0579451603820694e-05,-0,0,0,0.0033557278157055719,0,0.12611450295512411,-0.0028661350396369835,0.061624183957743557,0.064490318997380558,0,0,0,0,0,0,0,0,0,False,1,108105.25235870134,team09-risk-none,0,1,0.039813243486247485,0.028757333983989847,
2022-05-11T08:00:00Z,0.002971025803794563,-0.0020965679629849775,0.0050675937667795413,-1.9322335781121484e-06,1.009309020497317e-05,-1.202532378308532e-05,-0,0,0,0.0029690935702164512,0,0.11744511099158483,0.00050120179511268723,0.058973156393348769,0.058471954598236085,0,0,0,0,0,0,0,0,0,False,1,108426.2269683862,team09-risk-none,0,1,0.036589519155671324,0.031188065615128584,
2022-05-11T16:00:00Z,0.00027752048489635041,-0.0046810464792880922,0.0049585669641844425,-1.4403259021843402e-05,1.6362772431510451e-05,-3.0766031453353854e-05,-0,0,0,0.00026311722587450703,0,0.10995143919146178,0.0034638515394336041,0.05670764536544768,0.053243793826014081,0,0,0,0,0,0,0,0,0,False,1,108454.75577643816,team09-risk-none,0,1,0.033741113704238712,0.032943379487025602,
2022-05-12T00:00:00Z,0.00071496507449785474,-0.0047200257728080182,0.0054349908473058728,-9.920403320368639e-06,1.3865546363919715e-05,-2.3785949684288356e-05,-0,0,0,0.00070504467117748614,0,0.10035269881631138,0.0037195383866755393,0.052036118601493458,0.048316580214817925,0,0,0,0,0,0,0,0,0,False,1,108531.2212240622,team09-risk-none,0,1,0.033482541545317601,0.032958585163019152,
2022-05-12T08:00:00Z,0.00083710141438980506,0.0026107624770181641,-0.001773661062628359,4.6938482299802342e-06,4.6325020924749808e-05,-4.1631172694769572e-05,-0,0,0,0.00084179526261978529,0,0.090062857020583267,0.0044251146600120129,0.047243985840297639,0.042818871180285628,0,0,0,0,0,0,0,0,0,False,1,108622.58229193496,team09-risk-none,0,1,0.0327869685334371,0.033053708805541905,
2022-05-12T16:00:00Z,0.0002044681111049839,-0.00018182609751087985,0.0003862942086158637,3.1013671605416047e-06,1.5058241536352898e-05,-1.1956874375811295e-05,-0,0,0,0.00020756947826552552,0,0.094434583839854841,0.005262349093023885,0.049848466466439367,0.044586117373415474,0,0,0,0,0,0,0,0,0,False,1,108645.12902466915,team09-risk-none,0,1,0.031974314743401955,0.033119686583113657,
2022-05-13T00:00:00Z,-0.00336630148379845,0.0042965690666369807,-0.0076628705504354312,-6.589650106561188e-06,6.5201674248950396e-06,-1.3109817531456229e-05,-0,5.8638517271735445e-05,2.9319258635867722e-05,-0.0034608489098126144,0.058638517271735441,0.11777375204269624,1.7347234759768071e-18,0.058886876021348129,0.058886876021348122,6370.7892748029872,0,0,0,0,0,0,0,0,False,1,108269.12464832768,team09-risk-none,0,1,0.031782765228737353,0.033102241445179613,
2022-05-13T08:00:00Z,-0.00057980633510900596,0.0012294696808970906,-0.0018092760160060965,-1.9160011661728529e-06,1.0962691735857501e-05,-1.2878692902030355e-05,-0,0,0,-0.00058172233627517883,0,0.13021258030165417,-0.0033798427696678096,0.063416368765993186,0.066796211535660996,0,0,0,0,0,0,0,0,0,False,1,108206.14208019078,team09-risk-none,0,1,0.035129109313701168,0.035196023735078658,
2022-05-13T16:00:00Z,0.0020787807608539828,-0.0023756324480352434,0.0044544132088892262,-9.7731232771216781e-06,7.0491856301671594e-06,-1.682230890728884e-05,-0,0,0,0.0020690076375768614,0,0.13326214815708859,-0.0039490041602066525,0.064656571998440979,0.068605576158647624,0,0,0,0,0,0,0,0,0,False,1,108430.02141458742,team09-risk-none,0,1,0.035697972975261338,0.035232599231749567,
2022-05-14T00:00:00Z,0.00018655183822476222,0.00033260235474566062,-0.00014605051652089837,-3.2145387382070694e-05,9.1127304581072024e-06,-4.1258117840177886e-05,-0,0,0,0.00015440645084269155,0,0.12625552895322736,-0.0018896235767412659,0.062182952688243046,0.064072576264984304,0,0,0,0,0,0,0,0,0,False,1,108446.76370935884,team09-risk-none,0,1,0.033724443183305586,0.035993544536834864,
2022-05-14T08:00:00Z,0.0015909630378266968,-0.0023339325115802972,0.0039248955494069942,-3.3379084874779385e-05,6.3902469443491456e-06,-3.9769331819128528e-05,-0,0,0,0.0015575839529519172,0,0.12667939056688374,-0.0016956254642164215,0.062491882551333651,0.064187508015550079,0,0,0,0,0,0,0,0,0,False,1,108615.67864826211,team09-risk-none,0,1,0.033576436318167313,0.035941370242171644,
2022-05-14T16:00:00Z,-0.0017686689045490805,0.0039997859826356643,-0.0057684548871847442,-1.5593201434385666e-05,1.1164699459512384e-05,-2.675790089389805e-05,-0,0,0,-0.0017842621059834661,0,0.1202646691716755,-9.0282392394077857e-05,0.060087193389640713,0.060177475782034792,0,0,0,0,0,0,0,0,0,False,1,108421.87980873435,team09-risk-none,0,1,0.03205393443926996,0.036259183604753775,
2022-05-15T00:00:00Z,-0.00015567915255687134,-0.00032511508481849018,0.00016943593226161874,-3.888108263031227e-05,4.7131169696491939e-06,-4.359419959996146e-05,-0,0,0,-0.00019456023518718362,0,0.13025812870321427,-0.0018867673671701564,0.064185680668022049,0.066072448035192216,0,0,0,0,0,0,0,0,0,False,1,108400.78522229932,team09-risk-none,0,1,0.033803505468746664,0.036728797217044556,
2022-05-15T08:00:00Z,0.00013947258656850118,0.0005564857410588006,-0.0004170131544902995,-1.2039892329489262e-05,9.1669435082569787e-07,-1.295658668031496e-05,-0,0,0,0.00012743269423901192,0,0.1297715597544854,-0.0020070283734398217,0.063882265690522771,0.0658892940639626,0,0,0,0,0,0,0,0,0,False,1,108414.59902641783,team09-risk-none,0,1,0.033965559059500827,0.036715989428023309,
2022-05-15T16:00:00Z,-0.002039775859678281,0.0037873576226362107,-0.0058271334823144913,-1.7676783063174252e-05,5.9246453237911652e-07,-1.8269247595553368e-05,-0,0,0,-0.0020574526427414551,0,0.13075551126882806,-0.0018864294842018004,0.064434540892313125,0.066320970376514937,0,0,0,0,0,0,0,0,0,False,1,108191.54112313916,team09-risk-none,0,1,0.033847900878050119,0.036673062234036657,
2022-05-16T00:00:00Z,0.0014670861885446511,-0.0037665629129952447,0.0052336491015398954,-2.0909417469183436e-06,1.7590207675233445e-06,-3.8499625144416885e-06,-0,7.777241893344112e-05,3.888620946672056e-05,0.0013483366183975711,0.077772418933441126,0.12178970127026389,8.6736173798840355e-19,0.060894850635131947,0.060894850635131947,8414.3178612834017,0,0,0,0,0,0,0,0,False,1,108337.41973983636,team09-risk-none,0,1,0.035820685490460691,0.03733239252198825,
2022-05-16T08:00:00Z,0.00096203413232228666,0.00011390184012170481,0.0008481322922005818,-4.322229898513067e-06,5.5044517438179005e-06,-9.8266816423309658e-06,-0,0,0,0.0009577119024237736,0,0.11264965769754942,0.0014630826330947087,0.057056370165322071,0.055593287532227358,0,0,0,0,0,0,0,0,0,False,1,108441.17577619909,team09-risk-none,0,1,0.034522801481150944,0.037625526799453003,
2022-05-16T16:00:00Z,0.00032451295481629981,-5.4337638654483592e-05,0.00037885059347078328,-1.8741668836657514e-06,3.5459204716036423e-06,-5.4200873552693929e-06,-0,0,0,0.00032263878793263405,0,0.1117585412591704,0.0024532664236227835,0.057105903841396598,0.054652637417773806,0,0,0,0,0,0,0,0,0,False,1,108476.16310571351,team09-risk-none,0,1,0.033595786653764614,0.037779704062525898,
2022-05-17T00:00:00Z,-0.00088639073396668498,0.0015734206396820643,-0.0024598113736487492,-1.3124144495360642e-06,6.7864148008517453e-06,-8.0988292503878084e-06,-0,0,0,-0.00088770314841622104,0,0.11129080162063965,0.0027479184736366197,0.057019360047138146,0.054271441573501521,0,0,0,0,0,0,0,0,0,False,1,108379.86847419645,team09-risk-none,0,1,0.033283444113626492,0.037733794520055715,
2022-05-17T08:00:00Z,0.00037505739691129369,-0.00024842742555505984,0.00062348482246635359,6.1664318258889616e-07,9.9490392352851469e-06,-9.3323960526962521e-06,-0,0,0,0.00037567404009388253,0,0.11545087756143067,0.0018682278720889081,0.058659552716759787,0.056791324844670879,0,0,0,0,0,0,0,0,0,False,1,108420.58397725099,team09-risk-none,0,1,0.034139738244952422,0.03782544396441808,
2022-05-17T16:00:00Z,-0.00055381581457555646,0.00079214642716322274,-0.0013459622417387792,-4.3219593287864533e-06,5.9040403478640342e-06,-1.0225999676650487e-05,-0,0,0,-0.00055813777390434295,0,0.11453156222883495,0.0022518205900644503,0.058391691409449699,0.056139870819385242,0,0,0,0,0,0,0,0,0,False,1,108360.07035386452,team09-risk-none,0,1,0.033781661407189745,0.037841895421348526,
2022-05-18T00:00:00Z,0.00041684503470656845,-0.0011631845080277117,0.0015800295427342802,4.1421923302096554e-08,9.4147939464567218e-06,-9.3733720231546239e-06,-0,0,0,0.00041688645662987052,0,0.11675137722345021,0.0016994356535983621,0.059225406438524281,0.057525970784925926,0,0,0,0,0,0,0,0,0,False,1,108405.2441996345,team09-risk-none,0,1,0.034316730715699406,0.037268497828265544,
2022-05-18T08:00:00Z,0.00042750874769279581,-0.0027472036224199165,0.0031747123701127123,2.4098806683730771e-06,5.6456911000582245e-06,-3.2358104316851478e-06,-0,0,0,0.00042991862836116887,0,0.11393153605863955,0.0021127036822807532,0.058022119870460159,0.055909416188179406,0,0,0,0,0,0,0,0,0,False,1,108451.84963352796,team09-risk-none,0,1,0.033911862304956686,0.037295861245927313,
2022-05-18T16:00:00Z,-0.0013550420734621245,-0.0011884689563786612,-0.00016657311708346363,-6.6934540943018343e-06,7.6197537137199013e-06,-1.4313207808021737e-05,-0,0,0,-0.0013617355275564265,0,0.10797222723490059,0.0025276976319250181,0.055249962433412805,0.052722264801487784,0,0,0,0,0,0,0,0,0,False,1,108304.16689685278,team09-risk-none,0,1,0.03350532140141993,0.037331052649126902,
2022-05-19T00:00:00Z,0.001746609964825176,0.0011934289141126465,0.0005531810507125298,-6.2308111120539452e-06,6.6797867499665231e-06,-1.291059786202047e-05,-0,3.4122765806067292e-05,1.7061382903033646e-05,0.0016891950050040214,0.034122765806067289,0.12162135670334265,-1.7347234759768071e-18,0.060810678351671338,0.060810678351671331,3695.6377228425331,0,0,0,0,0,0,0,0,False,1,108487.11375459607,team09-risk-none,0,1,0.034820985006381755,0.037453825852575909,
2022-05-19T08:00:00Z,0.00045644004669610484,0.0025825878563289768,-0.0021261478096328717,-1.5063484879942246e-05,5.5414782209143022e-06,-2.0604963100856547e-05,-0,0,0,0.00044137656181616265,0,0.12211353941754517,0.0017143590499601614,0.061913949233752673,0.060199590183792506,0,0,0,0,0,0,0,0,0,False,1,108534.99742386643,team09-risk-none,0,1,0.033199149000470829,0.037947262470618644,
2022-05-19T16:00:00Z,0.00086225859460619986,2.3734968891317245e-06,0.00085988509771706828,-2.1050170238443676e-05,3.6409077115786297e-06,-2.469107795002231e-05,-0,0,0,0.00084120842436775608,0,0.12677061008812832,0.0021841249853492214,0.064477367536738772,0.062293242551389558,0,0,0,0,0,0,0,0,0,False,1,108626.29797803811,team09-risk-none,0,1,0.032778216339278909,0.03771330628133928,
2022-05-20T00:00:00Z,5.8287301827712901e-05,0.00016561532453841855,-0.00010732802271070564,-1.5447900694312217e-05,-2.281274845583464e-06,-1.3166625848728753e-05,-0,0,0,4.2839401133400687e-05,0,0.12573383325443427,0.0030335821803467722,0.06438370771739052,0.061350125537043755,0,0,0,0,0,0,0,0,0,False,1,108630.95146359083,team09-risk-none,0,1,0.03195915791712578,0.037830209847349208,
2022-05-20T08:00:00Z,0.00018308859340065823,-0.0017901176484975711,0.0019732062418982292,-1.6313889360760422e-05,-1.2510451496728082e-06,-1.5062844211087613e-05,-0,0,0,0.00016677470403989782,0,0.12609272044695863,0.0030975423375061775,0.064595131392232413,0.061497589054726229,0,0,0,0,0,0,0,0,0,False,1,108649.06835837074,team09-risk-none,0,1,0.031918525988439916,0.037830301322900987,
2022-05-20T16:00:00Z,-0.00019684635807682473,0.00045030140909642981,-0.00064714776717325444,-1.5164300903465082e-05,-1.2370100004811444e-06,-1.3927290902983938e-05,-0,0,0,-0.00021201065898028982,0,0.12227403162282019,0.0032750820757486004,0.062774556849284388,0.059499474773535788,0,0,0,0,0,0,0,0,0,False,1,108626.03359779049,team09-risk-none,0,1,0.031755961388075127,0.037754458981919835,
2022-05-21T00:00:00Z,-0.00022336844409803685,0.00055138061317584535,-0.00077474905727388218,-1.0005952079115629e-05,5.2797323107100594e-06,-1.5285684389825685e-05,-0,0,0,-0.00023337439617715248,0,0.12339256276428404,0.0030840507659290386,0.063238306765106542,0.060154255999177501,0,0,0,0,0,0,0,0,0,False,1,108600.68306279049,team09-risk-none,0,1,0.031956245887428736,0.037758262412878392,
2022-05-21T08:00:00Z,-0.0003664181520962615,0.00064953549381171853,-0.0010159536459079799,-1.4718760080083514e-05,2.8060067508231289e-06,-1.7524766830906645e-05,-0,0,0,-0.00038113691217634506,0,0.12477180477308485,0.0028511441766622975,0.063811474474873564,0.060960330298211268,0,0,0,0,0,0,0,0,0,False,1,108559.2913337877,team09-risk-none,0,1,0.032186723699304864,0.037760855895049732,
2022-05-21T16:00:00Z,-0.00086334352715907012,-0.00041437295558500824,-0.00044897057157406193,-1.2345905566833202e-05,-9.6529257334382266e-08,-1.2249376309498823e-05,-0,0,0,-0.00087568943272590331,0,0.12649541624333724,0.0024982527671646958,0.064496834505250969,0.061998581738086284,0,0,0,0,0,0,0,0,0,False,1,108464.22710954248,team09-risk-none,0,1,0.032553297424381067,0.037754412047522466,
2022-05-22T00:00:00Z,3.0051416695777219e-06,0.00038752309959469677,-0.00038451795792511897,-9.3485131691106083e-06,-3.1744170235149358e-07,-9.0310714667591146e-06,-0,4.3926335652938853e-05,2.1963167826469427e-05,-7.2232874978941171e-05,0.043926335652938853,0.12166591131827235,-3.4694469519536142e-18,0.060832955659136177,0.060832955659136184,4764.4360463503526,0,0,0,0,0,0,0,0,False,1,108456.39242658598,team09-risk-none,0,1,0.033397582964730055,0.037574986554009239,
2022-05-22T08:00:00Z,0.000281929896196385,0.00068239810164316228,-0.00040046820544677728,-8.5603997172324792e-06,-1.331605123999207e-06,-7.2287945932332724e-06,-0,0,0,0.00027336949647915253,0,0.12241615750729315,1.3500044086763377e-06,0.061208753755850914,0.061207403751442235,0,0,0,0,0,0,0,0,0,False,1,108486.04109597359,team09-risk-none,0,1,0.033466641691811905,0.03752369833212163,
2022-05-22T16:00:00Z,0.00011061546638366087,0.0011363701470896402,-0.0010257546807059795,-1.3997677789856892e-05,-4.6310976935128569e-06,-9.3665800963440326e-06,-0,0,0,9.6617788593803986e-05,0,0.12346302528388875,0.00028958294377112812,0.061876304113829925,0.061586721170058804,0,0,0,0,0,0,0,0,0,False,1,108496.52277735758,team09-risk-none,0,1,0.033207677746598385,0.037380578589987452,
2022-05-23T00:00:00Z,-0.00060269892974794859,0.0016031591898049678,-0.0022058581195529164,-1.4519526556210185e-05,-2.4808683124327005e-06,-1.2038658243777484e-05,-0,1.3981367530141653e-05,6.9906837650708265e-06,-0.00063819050759937124,0.013981367530141654,0.11168533720247797,0.0029180228214102967,0.057301680011944148,0.054383657190533848,1516.9297606926216,0,0,0,0,0,0,0,0,False,1,108427.28132641353,team09-risk-none,0.013981367530141654,1,0.033114772985581853,0.037350897736383018,
2022-05-23T08:00:00Z,0.00083430573690470395,0.0008966702245679258,-6.2364487663221736e-05,-8.7241323917908267e-06,-3.7201174815852112e-06,-5.0040149102056155e-06,-0,0,0,0.00082558160451291318,0,0.1155208254472824,0.0023221181116268811,0.058921471779454643,0.056599353667827763,0,0,0,0,0,0,0,0,0,False,1,108516.79689530397,team09-risk-none,0,1,0.033726229973177424,0.037347725981243161,
2022-05-23T16:00:00Z,0.00065419070130554502,-0.0034308843375480281,0.0040850750388535728,-6.5642600787496472e-06,-8.8669669307039287e-07,-5.6775633856792528e-06,-0,0,0,0.00064762644122679533,0,0.11642618112140693,0.0031330383025449573,0.059779609711975941,0.056646571409430989,0,0,0,0,0,0,0,0,0,False,1,108587.07524229061,team09-risk-none,0,1,0.032926403354522682,0.037394290555917427,
2022-05-24T00:00:00Z,0.00044569918273424617,0.0008938513082294735,-0.00044815212549522744,-1.7358254516727649e-05,5.6092237627755112e-06,-2.2967478279503156e-05,-0,0,0,0.00042834092821751851,0,0.10878463833346053,0.0037881100623839252,0.05628637419792222,0.052498264135538306,0,0,0,0,0,0,0,0,0,False,1,108633.58753089231,team09-risk-none,0,1,0.032310546338617407,0.0374374610205047,
2022-05-24T08:00:00Z,0.00098941593490987434,-9.5181145110564754e-05,0.0010845970800204391,-1.4896462739537952e-05,3.2475246207555955e-06,-1.814398736029355e-05,-0,0,0,0.00097451947217033633,0,0.11010346678479915,0.0042397144391462275,0.057171590611972682,0.05293187617282645,0,0,0,0,0,0,0,0,0,False,1,108739.45307727289,team09-risk-none,0,1,0.031893662028084635,0.037459206458467301,
2022-05-24T16:00:00Z,3.4689321860741096e-05,0.0010212320081581044,-0.00098654268629736331,-8.0247681315352405e-06,1.0131150472319927e-05,-1.8155918603855168e-05,-0,0,0,2.6664553729205857e-05,0,0.1088623573587176,0.005216724774525722,0.057039541066621659,0.051822816292095938,0,0,0,0,0,0,0,0,0,False,1,108742.35256626195,team09-risk-none,0,1,0.030943564437278526,0.037613845713514817,
2022-05-25T00:00:00Z,0.00084357010623283403,-0.00044458598446574715,0.001288156090698581,-2.9369851088108649e-05,-3.1608708634614843e-06,-2.6208980224647166e-05,-0,3.5708731658537194e-05,1.7854365829268597e-05,0.00076063715765691963,0.035708731658537191,0.1225325295981697,-5.2041704279304213e-18,0.061266264799084841,0.061266264799084848,3883.0514877066912,0,0,0,0,0,0,0,0,False,1,108825.06604023487,team09-risk-none,0,1,0.030938410287432716,0.037608886585145988,
2022-05-25T08:00:00Z,0.00022659210800228188,5.2033785181254482e-05,0.00017455832282102737,-1.459045010602234e-05,-1.6685070979921555e-06,-1.2921943008030186e-05,-0,0,0,0.00021200165789625957,0,0.12065516385836794,0.00084051902245692658,0.060747841440412439,0.059907322417955503,0,0,0,0,0,0,0,0,0,False,1,108848.13713465608,team09-risk-none,0,1,0.030186972569497539,0.037634273683016063,
2022-05-25T16:00:00Z,0.00031563082833321741,-6.7234777433002781e-05,0.0003828656057662202,-1.2325766841946685e-06,6.8862474080876953e-06,-8.1188240922823642e-06,-0,0,0,0.00031439825164902277,0,0.12055771689697431,0.0010750744697140373,0.060816395683344161,0.059741321213630127,0,0,0,0,0,0,0,0,0,False,1,108882.35879866646,team09-risk-none,0,1,0.029968413024707652,0.037606915694170739,
2022-05-26T00:00:00Z,0.00058487083209007135,-0.0010818857279299547,0.0016667565600200259,-9.7475083815840107e-06,1.0886092110747103e-06,-1.0836117592658722e-05,-0,0,0,0.00057512332370848729,0,0.12004989378336339,0.0013840773775838956,0.060716985580473636,0.05933290820288975,0,0,0,0,0,0,0,0,0,False,1,108944.97958275197,team09-risk-none,0,1,0.02967169914946155,0.037518292830519252,
2022-05-26T08:00:00Z,0.00068205145997322718,-0.00089840023834039608,0.0015804516983136232,-7.6501101261451276e-06,6.0820747876778685e-06,-1.3732184913822994e-05,-0,0,0,0.00067440134984708201,0,0.11722956248791813,0.001973884568376048,0.059601723528147091,0.057627838959771034,0,0,0,0,0,0,0,0,0,False,1,109018.45222404164,team09-risk-none,0,1,0.029111604356782395,0.037444059991444033,
2022-05-26T16:00:00Z,4.2204602197911733e-05,-0.0014746928274346398,0.0015168974296325514,-1.5277271318973283e-05,1.1913078470950443e-05,-2.7190349789923726e-05,-0,0,0,2.692733087893845e-05,0,0.11468041037615063,0.0026522936673580681,0.058666352021754353,0.056014058354396296,0,0,0,0,0,0,0,0,0,False,1,109021.38779997658,team09-risk-none,0,1,0.028464246085216693,0.03743804327720298,
2022-05-27T00:00:00Z,0.00013111087393374485,-0.0012918447874790072,0.0014229556614127519,-2.0013876293940896e-05,3.7426940137352161e-06,-2.3756570307676116e-05,-0,0,0,0.00011109699763980397,0,0.11171515377559611,0.0026796448403848625,0.05719739930799049,0.054517754467605629,0,0,0,0,0,0,0,0,0,False,1,109033.49974883969,team09-risk-none,0,1,0.028442687195814997,0.037429799296569657,
2022-05-27T08:00:00Z,0.00027117698102319164,0.00077873176433559043,-0.00050755478331239879,-8.4967925306752584e-06,8.4864611884957584e-06,-1.6983253719171015e-05,-0,0,0,0.00026268018849251641,0,0.10899691329839722,0.0028176673103455369,0.055907290304371388,0.053089622994025844,0,0,0,0,0,0,0,0,0,False,1,109062.14068910571,team09-risk-none,0,1,0.028323559121279596,0.037424625463110178,
2022-05-27T16:00:00Z,0.00011309485050434784,-0.00097566907845130922,0.0010887639289556569,-6.9100551597381797e-06,6.8035510260597603e-06,-1.3713606185797941e-05,-0,0,0,0.00010618479534460966,0,0.11020006295090851,0.0030983125162750286,0.05664918773359176,0.053550875217316746,0,0,0,0,0,0,0,0,0,False,1,109073.72143019464,team09-risk-none,0,1,0.028066776757211698,0.037362255675144541,
2022-05-28T00:00:00Z,-0.00042520904405973103,0.00048433502417668167,-0.00090954406823641259,-1.3176603173271762e-05,2.0884306539196604e-06,-1.5265033827191418e-05,-0,5.161298602303249e-05,2.5806493011516245e-05,-0.00051580512626755158,0.051612986023032485,0.12189953414113974,1.7347234759768071e-18,0.060949767070569871,0.060949767070569871,5629.620459656775,0,0,0,0,0,0,0,0,False,1,109017.46064553986,team09-risk-none,0,1,0.027969663581850157,0.037237516759325635,
2022-05-28T08:00:00Z,-0.00056124992329768158,0.00050243908734604384,-0.0010636890106437253,-2.0989883431162976e-05,1.4642799535446347e-06,-2.2454163384707611e-05,-0,0,0,-0.00058223980672884455,0,0.12337957688489792,-0.00043567623671629356,0.061471950324090807,0.061907626560807102,0,0,0,0,0,0,0,0,0,False,1,108953.98634032354,team09-risk-none,0,1,0.028478632740313814,0.037285667424331738,
2022-05-28T16:00:00Z,-7.8713603925658197e-05,-0.00012211026281815462,4.339665889249642e-05,-1.7203443004323605e-05,5.7830863718893411e-07,-1.7781751641512541e-05,-0,0,0,-9.5917046929981802e-05,0,0.12499556074078079,-0.00099759444117038416,0.061998983149805197,0.0629965775909756,0,0,0,0,0,0,0,0,0,False,1,108943.53579570253,team09-risk-none,0,1,0.029040614610301163,0.037341962739918654,
2022-05-29T00:00:00Z,-9.0444417026760201e-05,-0.00068309432961953086,0.00059264991259277066,-3.0168889754422249e-05,-1.9193161080269449e-06,-2.8249573646395305e-05,-0,0,0,-0.00012061330678118245,0,0.1248857155672993,-0.0010930090732924128,0.061896353247003447,0.062989362320295852,0,0,0,0,0,0,0,0,0,False,1,108930.39575559777,team09-risk-none,0,1,0.029146334098507976,0.037343199311405083,
2022-05-29T08:00:00Z,-0.00097081554307862947,0.00089021522064881842,-0.0018610307637274479,-8.4250542151034435e-06,5.9336500739742676e-06,-1.4358704289077711e-05,-0,0,0,-0.00097924059729373285,0,0.12361352099511794,-0.0011939975806799803,0.061209761707218979,0.062403759287898965,0,0,0,0,0,0,0,0,0,False,1,108823.72668979461,team09-risk-none,0,1,0.029242323796455527,0.037316584817564065,
2022-05-29T16:00:00Z,-0.0002521674263152493,0.00098942438725382453,-0.0012415918135690739,-1.2668196171954096e-05,4.3586031555469156e-07,-1.3104056487508785e-05,-0,0,0,-0.00026483562248720338,0,0.12647150582460526,-0.0021556463460125647,0.062157929739296354,0.06431357608530891,0,0,0,0,0,0,0,0,0,False,1,108794.90629039535,team09-risk-none,0,1,0.030197044186870747,0.037450185681010544,
2022-05-30T00:00:00Z,-0.0012610584212445228,0.0028635473583874665,-0.00412460577963199,-1.794416152109346e-05,-3.0150526622495437e-06,-1.4929108858843916e-05,-0,1.7950320635192001e-05,8.9751603175960003e-06,-0.0013059280637184043,0.017950320635192002,0.11078781482347461,0.015565154104515224,0.063176484463994917,0.047611330359479689,1952.9034513882639,0,0,0,0,0,0,0,0,False,1,108652.8279690811,team09-risk-none,0.017950320635192002,1,0.030458997912885866,0.037398715911300048,
2022-05-30T08:00:00Z,0.0013330032297825254,0.0005095805648535843,0.0008234226649289412,-3.7933958121253673e-06,-4.2477929171227231e-06,4.5439710499735633e-07,-0,0,0,0.0013292098339703999,0,0.11791643330560697,0.014311359537125833,0.066113896421366405,0.05180253688424058,0,0,0,0,0,0,0,0,0,False,1,108797.2503765063,team09-risk-none,0,1,0.031711446640002472,0.037615477369474605,
2022-05-30T16:00:00Z,-0.00049926411609704357,0.0027297069363008295,-0.003228971052397874,-1.199883093507836e-06,-4.2213998102941931e-06,3.0215167167863573e-06,-0,0,0,-0.00050046399919055141,0,0.1174425717784309,0.015636246772130789,0.066539409275280847,0.050903162503150051,0,0,0,0,0,0,0,0,0,False,1,108742.80126948193,team09-risk-none,0,1,0.030421873356534901,0.037676633768395931,
2022-05-31T00:00:00Z,0.00071740879093030953,0.00034082934762917389,0.0003765794433011358,-3.4550131598368088e-06,-4.9019465139471218e-06,1.4469333541103135e-06,-0,5.5995727481124652e-05,2.7997863740562326e-05,0.0006299601865487858,0.055995727481124656,0.12015046623556455,-1.7347234759768071e-18,0.060075233117782276,0.060075233117782276,6089.1322654200067,0,0,0,0,0,0,0,0,False,1,108811.3049048555,team09-risk-none,0,1,0.030909297736453012,0.037207613954137991,
2022-05-31T08:00:00Z,-0.0012045999969328908,-0.00045098492533693206,-0.00075361507159595867,-1.2723866471382849e-06,-5.1618218374557399e-06,3.8894351903174556e-06,-0,0,0,-0.001205872383580029,0,0.12000300925196211,0.00071902073246509109,0.060361014992213594,0.059641994259748511,0,0,0,0,0,0,0,0,0,False,1,108680.09235724942,team09-risk-none,0,1,0.030296692674031345,0.036857751022881094,
2022-05-31T16:00:00Z,0.00089350775029547775,-0.00028396717932705905,0.0011774749296225367,-3.730137581968353e-06,-4.554541000100751e-06,8.2440341813239877e-07,-0,0,0,0.00088977761271350939,0,0.12047114856182509,-0.0004752170594332205,0.059997965751195939,0.060473182810629154,0,0,0,0,0,0,0,0,0,False,1,108776.79347037653,team09-risk-none,0,1,0.031468411530898188,0.03689471072722067,
2022-06-01T00:00:00Z,0.00052711279879307307,-0.00080907409771143791,0.0013361868965045111,-1.2787212922033098e-05,-3.7056686119126735e-06,-9.0815443101204237e-06,-0,0,0,0.00051432558587103999,0,0.11888820763732824,0.00042129826027312647,0.059654752948800682,0.059233454688527559,0,0,0,0,0,0,0,0,0,False,1,108832.74015840735,team09-risk-none,0,1,0.030615413707774541,0.037003809127430336,
2022-06-01T08:00:00Z,0.00044361526158430024,-0.0013287233666309133,0.0017723386282152134,-5.7144098728614097e-06,-4.6437873315867865e-06,-1.0706225412746236e-06,-0,0,0,0.00043790085171143886,0,0.11664855974958759,0.0009484647757904939,0.058798512262689041,0.057850047486898537,0,0,0,0,0,0,0,0,0,False,1,108880.3981080168,team09-risk-none,0,1,0.030109974532165795,0.036847879757064099,
2022-06-01T16:00:00Z,0.0005932289872103456,-0.0017250790713136512,0.0023183080585239967,-6.3398499058089384e-06,-4.5584442053929831e-06,-1.7814057004159549e-06,-0,0,0,0.00058688913730453672,0,0.11357548946745719,0.0014008637962302246,0.057488176631843697,0.056087312835613481,0,0,0,0,0,0,0,0,0,False,1,108944.29883093179,team09-risk-none,0,1,0.029685865741098771,0.036838843812569154,
2022-06-02T00:00:00Z,0.00014696442270723943,0.00017461159337481911,-2.7647170667579669e-05,-1.8664515733532411e-05,3.1703975161835254e-06,-2.1834913249715937e-05,-0,0,0,0.00012829990697370703,0,0.10939974410264716,0.0019731563209280673,0.055686450211787628,0.053713293890859548,0,0,0,0,0,0,0,0,0,False,1,108958.27637433712,team09-risk-none,0,1,0.029128364807732177,0.036746705781064294,
2022-06-02T08:00:00Z,6.6717748109390835e-06,0.00037022528672039522,-0.00036355351190945614,-4.1498765089460127e-06,1.7751301906567495e-06,-5.9250066996027621e-06,-0,0,0,2.5218983019930712e-06,0,0.10961256189477195,0.0021198802099388504,0.055866221052355405,0.053746340842416557,0,0,0,0,0,0,0,0,0,False,1,108958.55115602929,team09-risk-none,0,1,0.028989708144695814,0.034986315507645166,
2022-06-02T16:00:00Z,-0.00017178422437634489,0.00083432651740520097,-0.0010061107417815461,-5.7067934228168822e-06,-1.4537313067198815e-07,-5.5614202921448945e-06,-0,0,0,-0.00017749101779916177,0,0.11033943838298407,0.0021310506317294177,0.056235244507356744,0.054104193875627329,0,0,0,0,0,0,0,0,0,False,1,108939.2119918867,team09-risk-none,0,1,0.028988771147922865,0.034639615488530333,
2022-06-03T00:00:00Z,0.00072521208693654383,-0.00050070294900155193,0.0012259150359380958,-6.6948627040280727e-06,3.1944540573158406e-06,-9.8893167613439136e-06,-0,2.381790449534571e-05,1.1908952247672855e-05,0.00068279036748949723,0.02381790449534571,0.11962325774882442,-6.9388939039072284e-18,0.059811628874412201,0.059811628874412215,2594.7037470209775,0,0,0,0,0,0,0,0,False,1,109013.59463647666,team09-risk-none,0,1,0.029162076180777818,0.034646283637467343,
2022-06-03T08:00:00Z,8.6506340752431142e-05,-0.0022783220161466484,0.0023648283568990795,-2.5210012522827938e-06,3.5825247108030779e-06,-6.1035259630858717e-06,-0,0,0,8.3985339500148361e-05,0,0.11785059520705682,0.00072778805586491864,0.059289191631460875,0.058561403575595951,0,0,0,0,0,0,0,0,0,False,1,109022.75018023234,team09-risk-none,0,1,0.028495142461102851,0.034672556837210759,
2022-06-03T16:00:00Z,0.00012789383531478863,0.00084650895424913982,-0.00071861511893435133,-1.450800977021918e-06,5.8070481198147129e-06,-7.257849096836631e-06,-0,0,0,0.00012644303433776672,0,0.1131632621055475,0.00081059762704030654,0.05698692986629391,0.056176332239253605,0,0,0,0,0,0,0,0,0,False,1,109036.53534757698,team09-risk-none,0,1,0.028412510501109267,0.034671483025603515,
2022-06-04T00:00:00Z,-0.00062395795927083645,-3.2159866538903331e-05,-0.00059179809273193318,-5.4781639089370677e-06,1.6336038639844516e-06,-7.1117677729215183e-06,-0,0,0,-0.0006294361231797736,0,0.11470470291295934,0.00093767708081802029,0.057821189996888678,0.056883512916070654,0,0,0,0,0,0,0,0,0,False,1,108967.90381348284,team09-risk-none,0,1,0.028293573466693589,0.034448265119519317,
2022-06-04T08:00:00Z,-0.00031281399495891794,2.9921192091791526e-05,-0.00034273518705070944,-9.2841402641381165e-06,-2.5593336851791397e-06,-6.7248065789589763e-06,-0,0,0,-0.00032209813522305605,0,0.11534634112313551,0.00029818074292895652,0.057822260933032235,0.057524080190103272,0,0,0,0,0,0,0,0,0,False,1,108932.80545486536,team09-risk-none,0,1,0.028908896576772092,0.034488958853416248,
2022-06-04T16:00:00Z,-0.0005497290227783172,0.00021020795737179552,-0.00075993698015011256,-1.4980010661667882e-05,-8.9317612425273576e-07,-1.4086834537415153e-05,-0,0,0,-0.00056470903343998509,0,0.11576717819074961,-1.5203538486118634e-05,0.057875987326131736,0.057891190864617859,0,0,0,0,0,0,0,0,0,False,1,108871.29011558703,team09-risk-none,0,1,0.029227212689129978,0.034444091074728726,
2022-06-05T00:00:00Z,0.00030987175303331732,-0.00044962178371272567,0.00075949353674604288,-8.1844232664893219e-06,6.8526118382870573e-07,-8.8696844503180262e-06,-0,0,0,0.00030168732976682802,0,0.11678196916197175,-0.00055445240571851129,0.058113758378126629,0.058668210783845126,0,0,0,0,0,0,0,0,0,False,1,108904.13520439027,team09-risk-none,0,1,0.029768823506826081,0.034507224207931037,
2022-06-05T08:00:00Z,-0.0001549263894912153,0.00038649233277659366,-0.00054141872226780893,-8.0791910638949335e-06,-1.3722578952506656e-07,-7.9419652743698675e-06,-0,0,0,-0.0001630055805551102,0,0.11554361173957764,-0.00024402149476789557,0.057649795122404875,0.057893816617172772,0,0,0,0,0,0,0,0,0,False,1,108886.38322260643,team09-risk-none,0,1,0.029476014922731553,0.034388806687841854,
2022-06-05T16:00:00Z,-0.00033150417054866036,-0.00039634788932222721,6.4843718773566913e-05,-5.8318478175089371e-06,1.6047568099663649e-06,-7.4366046274753024e-06,-0,0,0,-0.0003373360183661693,0,0.11648412823791138,-0.00040728423212454609,0.058038422002893407,0.05844570623501795,0,0,0,0,0,0,0,0,0,False,1,108849.65192363581,team09-risk-none,0,1,0.029632034985751288,0.034042498791003739,
2022-06-06T00:00:00Z,-0.00038219758315738488,0.0034491551356343191,-0.0038313527187917033,-7.6464507067035795e-06,-1.4496854486647532e-06,-6.1967652580388268e-06,-0,4.5934755374024748e-05,2.2967377687012374e-05,-0.00045874616692512563,0.045934755374024749,0.12119192532524301,0,0.060595962662621503,0.060595962662621503,4999.9821336599534,0,0,0,0,0,0,0,0,False,1,108799.71756304472,team09-risk-none,0,1,0.029961135300205388,0.03380079730039192,
2022-06-06T08:00:00Z,-0.00013772689282376231,-0.0011558564789517136,0.0010181295861279511,-1.9358505673601905e-06,-4.7623155225943854e-06,2.8264649552341949e-06,-0,0,0,-0.00013966274339112251,0,0.12850424879092515,-0.00037103169074544778,0.064066608550089846,0.064437640240835287,0,0,0,0,0,0,0,0,0,False,1,108784.52229600969,team09-risk-none,0,1,0.030400599905966774,0.033839625845242409,
2022-06-06T16:00:00Z,-0.00038031191592586378,-0.00062878554837568728,0.00024847363244982355,-3.8330115114026391e-06,-5.194510167258263e-06,1.3614986558556234e-06,-0,0,0,-0.00038414492743726636,0,0.12637894651169465,-0.00053061618581957612,0.062924165162937529,0.063454781348757094,0,0,0,0,0,0,0,0,0,False,1,108742.73327358598,team09-risk-none,0,1,0.030537856050940171,0.033844594086642497,
2022-06-07T00:00:00Z,0.000661267163934499,-0.0027895761563309159,0.0034508433202654148,-8.0144877914460107e-06,7.4942697940992954e-07,-8.7639147708559413e-06,-0,0,0,0.0006532526761430529,0,0.12554044384624713,-0.00090391244902756664,0.062318265698609786,0.063222178147637365,0,0,0,0,0,0,0,0,0,False,1,108813.76975510806,team09-risk-none,0,1,0.03091432225713231,0.033874671711553429,
2022-06-07T08:00:00Z,0.00076228473299243856,0.00070677166209452181,5.55130708979169e-05,-4.8975766538748811e-06,9.4758659457899647e-06,-1.4373442599664844e-05,-0,0,0,0.00075738715633856372,0,0.11922718791054913,-0.00023587366833716268,0.059495657121105994,0.059731530789443155,0,0,0,0,0,0,0,0,0,False,1,108896.18390675336,team09-risk-none,0,1,0.030278241893383462,0.033627928723188275,
2022-06-07T16:00:00Z,-0.001009282346673518,0.00065377251266129086,-0.0016630548593348086,-6.9211418934680093e-06,5.5750824280659368e-06,-1.2496224321533947e-05,-0,0,0,-0.0010162034885669859,0,0.11978312445815387,0.00052934182647795813,0.060156233142315912,0.059626891315837954,0,0,0,0,0,0,0,0,0,False,1,108785.52322477568,team09-risk-none,0,1,0.02954575087964828,0.03369047674160159,
2022-06-08T00:00:00Z,0.00057852546661029726,-3.2789674386489619e-05,0.00061131514099678681,-1.4568108137081837e-05,-3.2642414351271495e-06,-1.1303866701954691e-05,-0,0,0,0.00056395735847321543,0,0.12221457939723598,-0.00047887150734950666,0.060867853944943234,0.061346725452292743,0,0,0,0,0,0,0,0,0,False,1,108846.87362109365,team09-risk-none,0,1,0.030539343414015763,0.033896918294630277,
2022-06-08T08:00:00Z,0.0002791502819613599,0.00052828624841539024,-0.00024913596645403046,-5.3764367015332165e-06,4.3434646975360356e-06,-9.7199013990692521e-06,-0,0,0,0.00027377384525982665,0,0.1215050381841188,8.8835626364060227e-05,0.060796936905241433,0.06070810127887738,0,0,0,0,0,0,0,0,0,False,1,108876.67304822941,team09-risk-none,0,1,0.029983692823864261,0.033920891645737077,
2022-06-08T16:00:00Z,-8.9352292987449875e-05,-0.00087816084182287335,0.00078880854883542329,-1.7894661986102366e-06,6.5621984354100052e-07,-2.4456860421512366e-06,-0,0,0,-9.1141759186060114e-05,0,0.12225763908559625,0.00036863179003047974,0.06131313543781336,0.06094450364778288,0,0,0,0,0,0,0,0,0,False,1,108866.74983671347,team09-risk-none,0,1,0.029714647338316413,0.03378567993323537,
2022-06-09T00:00:00Z,-0.00065366696707173195,0.00065945551583368987,-0.0013131224829054217,-4.3710533591618717e-06,1.6710261678029984e-06,-6.0420795269648694e-06,-0,2.333831896538166e-05,1.166915948269083e-05,-0.00069304549887896623,0.023338318965381664,0.12118781737767625,-6.9388939039072284e-18,0.060593908688838127,0.060593908688838141,2540.7669324136309,0,0,0,0,0,0,0,0,False,1,108791.30022576156,team09-risk-none,0,1,0.029805585504662169,0.033237949128949319,
2022-06-09T08:00:00Z,-0.00011009064790812489,-0.00037011364998136331,0.00026002300207323846,-4.4074827571645105e-06,-2.0858840219570305e-06,-2.32159873520748e-06,-0,0,0,-0.00011449813066528939,0,0.12323325476872692,-0.00065312172537349868,0.061290066521676706,0.06194318824705021,0,0,0,0,0,0,0,0,0,False,1,108778.84382525306,team09-risk-none,0,1,0.030478009695923625,0.031124903380961782,
2022-06-09T16:00:00Z,-0.00014759010917500084,-0.00049827535470446346,0.00035068524552946253,-5.4068480011580415e-06,-3.5637965308566806e-06,-1.8430514703013609e-06,-0,0,0,-0.00015299695717615889,0,0.12265602702837156,-0.00076808338655207087,0.060943971820909743,0.061712055207461813,0,0,0,0,0,0,0,0,0,False,1,108762.20099314266,team09-risk-none,0,1,0.030589986951364723,0.030880972411086987,
2022-06-10T00:00:00Z,-0.00051995304977598637,-0.00039653809126362783,-0.00012341495851235862,-1.1652285178059557e-05,1.3586319995317585e-07,-1.1788148378012735e-05,-0,0,0,-0.00053160533495404593,0,0.12179979695967598,-0.00091329664225430623,0.060443250158710833,0.061356546800965139,0,0,0,0,0,0,0,0,0,False,1,108704.38242685336,team09-risk-none,0,1,0.030744357229379626,0.030595366262638403,
2022-06-10T08:00:00Z,7.5401519162024208e-05,-0.0019502883244027986,0.0020256898435648228,-1.3954105217196701e-05,-3.2741206776059848e-06,-1.0679984539590715e-05,-0,0,0,6.1447413944827508e-05,0,0.12162367589486231,-0.0014359541259278668,0.060093860884467221,0.061529815010395089,0,0,0,0,0,0,0,0,0,False,1,108711.06203003797,team09-risk-none,0,1,0.031261848592016528,0.028442595441698658,
2022-06-10T16:00:00Z,0.00079894699179964656,-0.001156474915016558,0.0019554219068162043,-1.4192879948899635e-05,6.1219858687171752e-06,-2.0314865817616809e-05,-0,0,0,0.00078475411185074701,0,0.11767422954422797,-0.0013752291598105974,0.058149500192208686,0.059524729352019287,0,0,0,0,0,0,0,0,0,False,1,108796.37348296971,team09-risk-none,0,1,0.031202553465456306,0.026529819211956074,
2022-06-11T00:00:00Z,-0.00038321726544189767,0.0008998514658041495,-0.0012830687312460473,-9.3051217114125683e-06,8.3660350238144837e-06,-1.7671156735227052e-05,-0,0,0,-0.00039252238715331025,0,0.11440759623365668,-0.00055183291292185653,0.056927881660367399,0.057479714573289258,0,0,0,0,0,0,0,0,0,False,1,108753.66847073655,team09-risk-none,0,1,0.030437546654772496,0.026648470457265084,
2022-06-11T08:00:00Z,0.00093740109767156249,-0.0050212681132467745,0.0059586692109183364,-4.4856855414930783e-06,4.358943140583206e-06,-8.8446286820762843e-06,-0,0,0,0.00093291541213006953,0,0.11664680693464648,-0.0009365148395828176,0.057855146047531822,0.058791660887114641,0,0,0,0,0,0,0,0,0,False,1,108855.12644417859,team09-risk-none,0,1,0.030813450669790021,0.026583989256530161,
2022-06-11T16:00:00Z,0.0004116229183136603,0.00045207565233792914,-4.0452734024268801e-05,-2.6082894014012464e-05,7.5339033026026414e-06,-3.3616797316615113e-05,-0,0,0,0.00038554002429964782,0,0.10555938352886717,-2.3152535960220023e-05,0.05276811549645348,0.052791268032413685,0,0,0,0,0,0,0,0,0,False,1,108897.09445227301,team09-risk-none,0,1,0.029930232946154378,0.026620391150846082,
2022-06-12T00:00:00Z,-0.00016572192593703648,-0.0027723756847853318,0.0026066537588482954,-1.1423055653082874e-05,8.4517959603848942e-06,-1.987485161346777e-05,-0,4.7758839644675002e-05,2.3879419822337501e-05,-0.00024878324105713186,0.047758839644675005,0.12166330521896919,-2.6020852139652106e-18,0.060831652609484595,0.060831652609484595,5200.7988717171347,0,0,0,0,0,0,0,0,False,1,108870.00268017348,team09-risk-none,0,1,0.029542005304738828,0.026642712466898779,
2022-06-12T08:00:00Z,-0.0004953018146190291,0.001290606056680917,-0.001785907871299946,-1.1235151154406664e-05,1.2027805549926765e-05,-2.3262956704333429e-05,-0,0,0,-0.00050653696577343576,0,0.1164265388540294,-0.00018941072373316811,0.058118564065148121,0.058307974788881292,0,0,0,0,0,0,0,0,0,False,1,108814.85599935212,team09-risk-none,0,1,0.02978325667982995,0.023659293417253233,
2022-06-12T16:00:00Z,0.00140420144109183,-0.0033380122739779822,0.0047422137150698127,-9.4851070490864682e-06,9.864414000073065e-06,-1.9349521049159531e-05,-0,0,0,0.0013947163340427436,0,0.11956343132538286,-0.00067351309985371182,0.059444959112764574,0.06011847221261829,0,0,0,0,0,0,0,0,0,False,1,108966.62185640092,team09-risk-none,0,1,0.030273010244034726,0.02363557648388518,
2022-06-13T00:00:00Z,0.001394952456403555,-0.0041615296889487155,0.0055564821453522708,-1.4124372706208929e-05,6.3852887780358568e-06,-2.0509661484244787e-05,-0,1.0058120591018116e-05,5.0290602955090578e-06,0.0013657409028108188,0.010058120591018117,0.10128945262124063,-0.0093371422838952646,0.045976155168672678,0.055313297452567953,1095.9994230275508,0,0,0,0,0,0,0,0,False,1,109115.44202891132,team09-risk-none,0.010058120591018117,1,0.028925021310291399,0.023040865519920468,
2022-06-13T08:00:00Z,-0.0011289420730322968,-0.00099835011268999412,-0.00013059196034230294,-1.2816921596083289e-05,1.49044642505106e-05,-2.7721385846593894e-05,-0,0,0,-0.0011417589946283802,0,0.091341609862510026,-0.0079078491961501914,0.041716880333179912,0.0496247295293301,0,0,0,0,0,0,0,0,0,False,1,108990.85849152195,team09-risk-none,0,1,0.027597513107192495,0.023488172840188986,
2022-06-13T16:00:00Z,-0.00056706486861202729,-0.00040327252487407322,-0.00016379234373795391,-9.9807186464920068e-06,1.1418069767678515e-05,-2.1398788414170525e-05,-0,0,0,-0.00057704558725851925,0,0.09061820370897708,-0.0090534985900234781,0.040782352559476792,0.049835851149500267,0,0,0,0,0,0,0,0,0,False,1,108927.9657975779,team09-risk-none,0,1,0.028705007575783981,0.023268896694972341,
2022-06-14T00:00:00Z,-0.00075334683000302281,0.0021681820391193565,-0.0029215288691223796,-5.5904201955332347e-06,7.9274368048205011e-06,-1.3517857000353737e-05,-0,0,0,-0.0007589372501985561,0,0.090452112743147531,-0.0096231061175862855,0.040414503312780625,0.050037609430366906,0,0,0,0,0,0,0,0,0,False,1,108845.29630674576,team09-risk-none,0,1,0.029261227208332685,0.022472756714990841,
2022-06-14T08:00:00Z,0.00061230248368594504,-0.00058128282323432795,0.0011935853069202729,-2.3457766230026924e-06,4.8587142773229607e-06,-7.2044909003256535e-06,-0,0,0,0.00060995670706294231,0,0.095598023463695045,-0.010380036354631118,0.04260899355453196,0.052989029909163085,0,0,0,0,0,0,0,0,0,False,1,108911.68722526031,team09-risk-none,0,1,0.029994809694727342,0.022634572178813709,
2022-06-14T16:00:00Z,0.00019871715587853862,-0.00087485804179405233,0.001073575197672591,-6.8764727885543527e-06,3.08837379385128e-06,-9.9648465824056336e-06,-0,0,0,0.00019184068308998427,0,0.09383896746409208,-0.0097804337178933713,0.042029266873099352,0.051809700590992727,0,0,0,0,0,0,0,0,0,False,1,108932.58091773409,team09-risk-none,0,1,0.029407546012763519,0.022718429424671671,
2022-06-15T00:00:00Z,-0.00033294144407409402,-0.0043722787074827974,0.0040393372634087033,-8.3792338637578428e-06,2.6480067912813696e-06,-1.1027240655039211e-05,-0,6.1160940568025704e-05,3.0580470284012852e-05,-0.00043306208878989043,0.061160940568025707,0.11861315455659875,-1.0408340855860843e-17,0.059306577278299369,0.059306577278299383,6662.4191074311857,0,0,0,0,0,0,0,0,False,1,108885.40634670458,team09-risk-none,0,1,0.029222805751793035,0.021470454959090342,
2022-06-15T08:00:00Z,-0.00035550926900861584,0.0021355980707424534,-0.0024911073397510691,-1.0823695070157771e-05,1.3302599331488029e-05,-2.4126294401645798e-05,-0,0,0,-0.0003663329640787736,0,0.11028017844140592,-0.00033683187453650842,0.054971673283434705,0.055308505157971213,0,0,0,0,0,0,0,0,0,False,1,108845.51803305266,team09-risk-none,0,1,0.02964558457068267,0.021067040530603487,
2022-06-15T16:00:00Z,-0.0015250174067867924,0.0065253628925933472,-0.0080503802993801381,-2.9508974996646773e-06,5.603410197483013e-06,-8.5543076971476902e-06,-0,0,0,-0.0015279683042864571,0,0.11494046510549495,-0.00069914644723183608,0.057120659329131566,0.057819805776363392,0,0,0,0,0,0,0,0,0,False,1,108679.20553143452,team09-risk-none,0,1,0.029993420691917905,0.020875341662388747,
2022-06-16T00:00:00Z,0.001077301948004051,-0.0036153497288234598,0.0046926516768275106,-1.1825866385144887e-05,9.6422240216055443e-07,-1.2790088787305439e-05,-0,0,0,0.0010654760816189062,0,0.12972853425480996,-0.0022208546892037856,0.063753839782803079,0.065974694472006865,0,0,0,0,0,0,0,0,0,False,1,108795.0006254976,team09-risk-none,0,1,0.031484155649684653,0.021555686009495145,
2022-06-16T08:00:00Z,0.0011577675027171475,-0.0018330327999224608,0.0029908003026396083,1.7064515915340163e-06,-2.0859654944739734e-06,3.7924170860079899e-06,-0,0,0,0.0011594739543086814,0,0.12131696931983056,-0.0011531000218507718,0.060081934648989893,0.061235034670840668,0,0,0,0,0,0,0,0,0,False,1,108921.14559508186,team09-risk-none,0,1,0.030439104798918093,0.021619190041396202,
2022-06-16T16:00:00Z,0.00015702373306029948,-0.0018735737666241866,0.0020305974996844855,-1.4187721631007545e-05,7.8134502415915103e-06,-2.2001171872599054e-05,-0,0,0,0.00014283601142929192,0,0.11631487938791615,1.545864147056708e-05,0.05816516901469336,0.058149710373222793,0,0,0,0,0,0,0,0,0,False,1,108936.70345707897,team09-risk-none,0,1,0.02933035240422821,0.021938232829003673,
2022-06-17T00:00:00Z,0.00043093653740410801,0.0023787901195233825,-0.0019478535821192751,-1.7962419799069024e-05,7.6757216583097045e-06,-2.5638141457378733e-05,-0,0,0,0.00041297411760503902,0,0.11237554205634187,0.00015098843272572104,0.056263265244533789,0.056112276811808075,0,0,0,0,0,0,0,0,0,False,1,108981.69149606396,team09-risk-none,0,1,0.029195370383631514,0.021834619782746451,
2022-06-17T08:00:00Z,-0.00038746383166280367,-0.0010762432902763619,0.00068877945861355819,-4.6603571561474069e-06,2.9611781687089167e-06,-7.6215353248563237e-06,-0,0,0,-0.00039212418881895102,0,0.11664045156786558,0.00062092443085879495,0.058630687999362191,0.058009763568503389,0,0,0,0,0,0,0,0,0,False,1,108938.95713868995,team09-risk-none,0,1,0.028781533929264858,0.021833835477006701,
2022-06-17T16:00:00Z,0.00016276039627090432,6.2679753935730254e-05,0.00010008064233517405,-7.973208574012438e-06,3.7265085691001141e-06,-1.1699717143112551e-05,-0,0,0,0.00015478718769689189,0,0.11506436821461224,0.00018912561665240801,0.057626746915632326,0.057437621298979925,0,0,0,0,0,0,0,0,0,False,1,108955.81949349608,team09-risk-none,0,1,0.029165588438239465,0.021850356919800664,
2022-06-18T00:00:00Z,0.00074374437255379821,-0.0039239237128018602,0.004667668085355659,-6.0349338063178233e-06,7.8078317557462499e-07,-6.8157169818924469e-06,-0,6.9292339498758032e-05,3.4646169749379016e-05,0.00063377092949934335,0.069292339498758029,0.12166723535936597,5.2041704279304213e-18,0.060833617679682983,0.06083361767968299,7549.8036347087282,0,0,0,0,0,0,0,0,False,1,109024.87252449083,team09-risk-none,0,1,0.029013433659835219,0.021277636853938273,
2022-06-18T08:00:00Z,0.00041154381138760332,0.00023572838515911041,0.00017581542622849294,-1.0820763935294646e-05,7.3581137433582326e-06,-1.8178877678652881e-05,-0,0,0,0.00040072304745230865,0,0.11300867855013967,0.00074552038828261911,0.05687709946921115,0.056131579080928536,0,0,0,0,0,0,0,0,0,False,1,109068.56130365694,team09-risk-none,0,1,0.028402700551099391,0.020595086969231069,
2022-06-18T16:00:00Z,-8.4703343434463667e-05,0.00044984443262906514,-0.00053454777606352878,-1.005133719466547e-05,2.1943839503446981e-06,-1.2245721145010168e-05,-0,0,0,-9.4754680629129142e-05,0,0.1130059875819345,0.0011291973558786514,0.057067592468906574,0.055938395113027922,0,0,0,0,0,0,0,0,0,False,1,109058.22654696394,team09-risk-none,0,1,0.028012611239762064,0.02058619286837755,
2022-06-19T00:00:00Z,-9.6349791915942715e-05,-0.00080894711451100839,0.00071259732259506539,-8.1494400988487076e-07,9.5934572537048428e-06,-1.0408401263589714e-05,-0,0,0,-9.7164735925827595e-05,0,0.11402652559797891,0.0010568100107846701,0.057541667804381788,0.056484857793597118,0,0,0,0,0,0,0,0,0,False,1,109047.62993318096,team09-risk-none,0,1,0.028095734697111574,0.020404292903639872,
2022-06-19T08:00:00Z,-0.00078668429147156558,0.0037860875155603766,-0.0045727718070319411,-1.3126486395324636e-05,2.9737935589161368e-06,-1.6100279954240774e-05,-0,0,0,-0.00079981077786689023,0,0.11250275894887082,0.00094367355901179423,0.056723216253941305,0.055779542694929525,0,0,0,0,0,0,0,0,0,False,1,108960.41246345956,team09-risk-none,0,1,0.028202134006063972,0.020410257723161049,
2022-06-19T16:00:00Z,-0.00054795398346721023,0.0018768988520704341,-0.0024248528355376446,-5.8570376670191984e-06,-2.1800370988876122e-06,-3.6770005681315862e-06,-0,0,0,-0.00055381102113422943,0,0.12097700903535392,0.00016812161643720881,0.060572565325895569,0.060404443709458355,0,0,0,0,0,0,0,0,0,False,1,108900.06898616996,team09-risk-none,0,1,0.028972329535985608,0.020615415625079472,
2022-06-20T00:00:00Z,-0.00012956719088607122,-0.0016919790392416747,0.0015624118483556037,-2.9854562911950508e-07,-2.0196163095745559e-06,1.7210706804550505e-06,-0,2.1345667902690528e-05,1.0672833951345264e-05,-0.00016188423836922654,0.021345667902690529,0.1039984833733358,0.0095781890244496827,0.056788336198892744,0.047210147174443065,2324.5447071588724,0,0,0,0,0,0,0,0,False,1,108882.43978144378,team09-risk-none,0.021345667902690529,1,0.029504700869711464,0.020699490957763564,
2022-06-20T08:00:00Z,-0.00074450202338159524,0.0026163833364287428,-0.0033608853598103387,2.4555195367942812e-06,1.6442352138941408e-07,2.2910960154048674e-06,-0,0,0,-0.00074204650384480095,0,0.10071736191945571,0.0094239478754366834,0.055070654897446197,0.045646707022009521,0,0,0,0,0,0,0,0,0,False,1,108801.64394767387,team09-risk-none,0,1,0.029659136386642526,0.020689876297267311,
2022-06-20T16:00:00Z,8.5708760703044894e-05,-0.00043263292802536187,0.00051834168872840673,2.4811862744526904e-07,-2.7583546802384115e-06,3.0064733076836799e-06,-0,0,0,8.5956879330490165e-05,0,0.10680815252963058,0.0086856851090357772,0.057746918819333179,0.049061233710297407,0,0,0,0,0,0,0,0,0,False,1,108810.99619745364,team09-risk-none,0,1,0.030381314768660905,0.020815810315890894,
2022-06-21T00:00:00Z,-0.00087698439094198476,0.00098336245180159461,-0.0018603468427435793,1.7099841082870703e-07,-2.838063395537773e-06,3.0090618063664801e-06,-0,6.9871268793995439e-05,3.493563439699772e-05,-0.00098162029572214913,0.069871268793995439,0.11921436614414893,0,0.059607183072074466,0.059607183072074466,7602.7623630546987,0,0,0,0,0,0,0,0,False,1,108704.18511518848,team09-risk-none,0,1,0.030298044155949944,0.020572721860677375,
2022-06-21T08:00:00Z,0.0016750477789156458,0.0031537483910222598,-0.0014787006121066138,-3.8281854575748509e-06,-3.3112418804429674e-06,-5.1694357713188269e-07,-0,0,0,0.0016712195934580709,0,0.12220272982625216,-0.00089246837832927372,0.060655130723961441,0.061547599102290712,0,0,0,0,0,0,0,0,0,False,1,108885.85367924387,team09-risk-none,0,1,0.031253797485624846,0.020873735336618481,
2022-06-21T16:00:00Z,0.0010046677212372165,-0.0015542925408820623,0.0025589602621192784,3.2620879532014663e-06,-1.1196932618012469e-06,4.3817812150027133e-06,-0,0,0,0.0010079298091904181,0,0.12659439583148591,0.00081513423542410677,0.063704765033454999,0.062889630798030893,0,0,0,0,0,0,0,0,0,False,1,108995.60297696633,team09-risk-none,0,1,0.029627929670049791,0.021633545886753435,
2022-06-22T00:00:00Z,-0.00040263308769876395,-0.0032995403041314489,0.0028969072164326854,-1.0449044140980361e-06,9.6969342144220241e-07,-2.0145978355402381e-06,-0,0,0,-0.00040367799211286199,0,0.12232120858693374,0.001801182315325194,0.062061195451129467,0.060260013135804272,0,0,0,0,0,0,0,0,0,False,1,108951.60385080746,team09-risk-none,0,1,0.028654046318338233,0.02189428864796519,
2022-06-22T08:00:00Z,-0.00072657638140191682,0.00085616727879287682,-0.0015827436601947935,-3.7536251096899817e-07,2.2962261128620538e-06,-2.6715886238310527e-06,-0,0,0,-0.00072695174391288581,0,0.11619468742591713,0.0013944039641158902,0.058794545695016506,0.05740014173090062,0,0,0,0,0,0,0,0,0,False,1,108872.401292386,team09-risk-none,0,1,0.02904550720760446,0.021818587045738493,
2022-06-22T16:00:00Z,-0.0011733798121869846,-0.00078724854460065987,-0.0003861312675863249,4.3999813470231075e-06,2.9878514186783387e-06,1.4121299283447688e-06,-0,0,0,-0.0011689798308399614,0,0.11873939042471243,0.0006535998184507728,0.059696495121581601,0.059042895303130824,0,0,0,0,0,0,0,0,0,False,1,108745.13165114008,team09-risk-none,0,1,0.029746710996702008,0.021814977070615232,
2022-06-23T00:00:00Z,-0.0013343773555695062,0.0020514761942046979,-0.0033858535497742039,-3.641391423650065e-07,3.7902602226820316e-06,-4.1543993650470371e-06,-0,0,0,-0.001334741494711871,0,0.11844539520809014,-0.00048228007460412829,0.058981557566743018,0.059463837641347141,0,0,0,0,0,0,0,0,0,False,1,108599.9850115774,team09-risk-none,0,1,0.030885534502115841,0.022107218142402386,
2022-06-23T08:00:00Z,-8.4038074866507387e-05,-0.00055852244934000031,0.00047448437447349296,-6.8080069533483804e-07,1.7322107955842081e-06,-2.4130114909190464e-06,-0,0,0,-8.4718875561842224e-05,0,0.12411360563077384,-0.001839526818108634,0.061137039406332604,0.062976566224441241,0,0,0,0,0,0,0,0,0,False,1,108590.78454296119,team09-risk-none,0,1,0.032179358264137425,0.022553855130287043,
2022-06-23T16:00:00Z,-0.0014850720063339005,0.0019643864892883358,-0.0034494584956222367,-5.5393565732541122e-06,5.4533752203493101e-06,-1.0992731793603422e-05,-0,0,0,-0.0014906113629071546,0,0.12304404921107742,-0.0019291945794637638,0.060557427315806836,0.062486621895270593,0,0,0,0,0,0,0,0,0,False,1,108428.91788561446,team09-risk-none,0,1,0.032266052756153574,0.02228998277962985,
2022-06-24T00:00:00Z,-0.001808507841293823,0.00026537030984091591,-0.0020738781511347388,-1.2599118855648069e-05,1.379532272481111e-06,-1.3978651128129181e-05,-0,9.3296648529010465e-05,4.6648324264505232e-05,-0.0019610519329429869,0.093296648529010456,0.12464177476034899,1.7347234759768071e-18,0.062320887380174488,0.062320887380174494,10116.054642355108,0,0,0,0,0,0,0,0,False,1,108216.28314660795,team09-risk-none,0,1,0.033715389799780282,0.022875704063111832,
2022-06-24T08:00:00Z,0.00021304621225933562,0.00083741247621320965,-0.00062436626395387395,-2.1030356984772634e-06,2.8542776874147839e-07,-2.3884634672187418e-06,-0,0,0,0.00021094317656085836,0,0.12726472903768665,-0.0018103374326160935,0.062727195802535274,0.064537533235151379,0,0,0,0,0,0,0,0,0,False,1,108239.11063313051,team09-risk-none,0,1,0.035600201660618613,0.023671715658253521,
2022-06-24T16:00:00Z,-0.0001219384769771266,0.0013430201013028393,-0.0014649585782799657,-1.3322875204971842e-06,-2.1411965347656088e-06,8.0890901426842472e-07,-0,0,0,-0.00012327076449762379,0,0.12867207478383186,-0.0015871098057654055,0.063542482489033228,0.06512959229479863,0,0,0,0,0,0,0,0,0,False,1,108225.76791521422,team09-risk-none,0,1,0.035396024635935164,0.023671565162742221,
2022-06-25T00:00:00Z,-0.00030957172124126915,0.0014699266655188179,-0.0017794983867600873,4.7905915404254229e-07,1.1434740581452503e-06,-6.6441490410270805e-07,-0,0,0,-0.00030909266208722664,0,0.13145569793273157,-0.0017022443589927803,0.064876726786869399,0.06657897114586217,0,0,0,0,0,0,0,0,0,False,1,108192.31612450288,team09-risk-none,0,1,0.035513185086267773,0.023635121302287263,
2022-06-25T08:00:00Z,0.00062014175626340959,-0.0032353549118969908,0.0038554966681604006,-5.4420317701688183e-06,-1.7158096901040985e-07,-5.2704508011584091e-06,-0,0,0,0.00061469972449324081,0,0.13477110077234486,-0.0020192319670513,0.066375934402646788,0.068395166369698085,0,0,0,0,0,0,0,0,0,False,1,108258.82191141689,team09-risk-none,0,1,0.035817009929658084,0.023540630139661969,
2022-06-25T16:00:00Z,-0.0019678981154386817,0.0027115449516669859,-0.0046794430671056675,-6.3867393781041521e-07,-3.891318062735633e-07,-2.4954213153685154e-07,-0,0,0,-0.001968536789376492,0,0.12761804115849293,-0.0013918135353117537,0.063113113811590585,0.064504927346902344,0,0,0,0,0,0,0,0,0,False,1,108045.71043770971,team09-risk-none,0,1,0.035219692723295615,0.023518101673728083,
2022-06-26T00:00:00Z,0.0012923449416660817,0.0004578365160346024,0.00083450842563147925,-3.2546096170917677e-06,1.6040464981075725e-06,-4.8586561151993398e-06,-0,0,0,0.00128909033204899,0,0.13523116798741833,-0.0033590418036319424,0.065936063091893191,0.069295104895525136,0,0,0,0,0,0,0,0,0,False,1,108184.99111845433,team09-risk-none,0,1,0.037121417088473385,0.024421766449255401,
2022-06-26T08:00:00Z,0.0010168036285050227,5.7267424703031179e-05,0.00095953620380199176,1.1359688670689856e-06,-3.9424701758459896e-07,1.5302158846535848e-06,-0,0,0,0.0010179395973720917,0,0.13470371032409814,-0.0020801306742301183,0.06631178982493402,0.068391920499164136,0,0,0,0,0,0,0,0,0,False,1,108295.11690475515,team09-risk-none,0,1,0.035875946558788563,0.024888022897043172,
2022-06-26T16:00:00Z,0.00059732052579300195,-0.0020153938896251759,0.0026127144154181776,-6.1726734749958239e-06,2.116324019304485e-06,-8.2889974943003081e-06,-0,0,0,0.00059114785231800609,0,0.13369738518457996,-0.0010689675597423398,0.066314208812418812,0.067383176372161152,0,0,0,0,0,0,0,0,0,False,1,108359.13533052993,team09-risk-none,0,1,0.034901580110727304,0.025156380907984426,
2022-06-27T00:00:00Z,-0.0002501681692173689,0.0021698633252889054,-0.0024200314945062745,-7.3059547721987731e-06,4.5348267894628813e-06,-1.1840781561661654e-05,-0,8.3126104981231475e-05,4.1563052490615738e-05,-0.00038216328146141486,0.083126104981231477,0.12355785296120766,-8.6736173798840355e-18,0.061778926480603825,0.061778926480603839,9007.4728591611001,0,0,0,0,0,0,0,0,False,1,108317.72444779568,team09-risk-none,0.006263793866135299,1,0.034332158633833765,0.025256770792656945,
2022-06-27T08:00:00Z,-0.0006115554876697446,-0.0026164281344082173,0.0020048726467384722,-3.442343633616448e-06,5.3975423524405663e-06,-8.8398859860570143e-06,-0,0,0,-0.00061499783130336094,0,0.12816213810496502,-0.00023369698779906068,0.063964220558582988,0.064197917546382044,0,0,0,0,0,0,0,0,0,False,1,108251.10928216857,team09-risk-none,0,1,0.034697471858453732,0.025232216726311207,
2022-06-27T16:00:00Z,0.0013760873576261331,8.7816626072096171e-05,0.0012882707315540367,-3.3204190701061937e-06,8.1200926627413794e-07,-4.1324283363803321e-06,-0,0,0,0.0013727669385560268,0,0.12362904612114013,-0.00083709977386283579,0.061395973173638652,0.06223307294750148,0,0,0,0,0,0,0,0,0,False,1,108399.71282605315,team09-risk-none,0,1,0.035291013197699783,0.025240635959869046,
2022-06-28T00:00:00Z,0.00018355346854930939,0.00023646918724100292,-5.2915718691693591e-05,-6.4651424436932497e-07,6.634250737072122e-06,-7.280764981441447e-06,-0,0,0,0.00018290695430494007,0,0.12220873902597686,0.00052886021259542816,0.061368799619286145,0.060839939406690711,0,0,0,0,0,0,0,0,0,False,1,108419.53988737368,team09-risk-none,0,1,0.033964109505590367,0.02573821207381019,
2022-06-28T08:00:00Z,-3.6087384833883638e-07,-0.0013422178024107129,0.0013418569285623739,-4.764501842632978e-06,4.8504302938393155e-06,-9.6149321364722943e-06,-0,0,0,-5.1253756909718142e-06,0,0.12250992719558537,0.00070961287531490919,0.061609770035450137,0.060900157160135235,0,0,0,0,0,0,0,0,0,False,1,108418.98419649951,team09-risk-none,0,1,0.033791393677126247,0.025750507299979769,
2022-06-28T16:00:00Z,0.00019971702054515675,-0.0022770997803325428,0.0024768168008776998,-7.6734818351972119e-06,8.0766158846886409e-07,-8.481143423666075e-06,-0,0,0,0.00019204353870995954,0,0.11984824669504079,0.00070919956771218692,0.060278723131376492,0.059569523563664309,0,0,0,0,0,0,0,0,0,False,1,108439.80536188795,team09-risk-none,0,1,0.033799156539719655,0.025542242111637772,
2022-06-29T00:00:00Z,-0.00038224034951414489,-0.00053608775523195334,0.0001538474057178084,1.1393705868181287e-06,9.324358890676957e-06,-8.1849883038588287e-06,-0,0,0,-0.00038110097892732678,0,0.11505264416470619,0.00091103078750724188,0.057981837476106711,0.057070806688599471,0,0,0,0,0,0,0,0,0,False,1,108398.47884590985,team09-risk-none,0,1,0.033605087224592989,0.025542720168701252,
2022-06-29T08:00:00Z,0.00051345166127784417,9.0276466265916164e-05,0.00042317519501192802,-7.5185939772528725e-07,2.9899947300762396e-06,-3.7418541278015285e-06,-0,0,0,0.00051269980188011887,0,0.11440431636472334,0.00052880810750143611,0.057466562236112385,0.056937754128610948,0,0,0,0,0,0,0,0,0,False,1,108454.05472453825,team09-risk-none,0,1,0.033975208248307687,0.025178119915147054,
2022-06-29T16:00:00Z,0.00056089213737511975,0.00040706183303322135,0.00015383030434189834,-3.0113923783111243e-06,5.3805471362540788e-06,-8.391939514565204e-06,-0,0,0,0.00055788074499680857,0,0.11404148006494672,0.0010425176891142307,0.057541998877030473,0.056499481187916242,0,0,0,0,0,0,0,0,0,False,1,108514.5591533859,team09-risk-none,0,1,0.033482111414587457,0.024795677743150803,
2022-06-30T00:00:00Z,0.0010959860759592662,-0.0022301454776773332,0.0033261315536365992,-5.8491080455435121e-06,2.0712615054241877e-06,-7.9203695509676999e-06,-0,6.4824278593941226e-05,3.2412139296970613e-05,0.00099290055002281062,0.064824278593941229,0.11809236529868809,3.4694469519536142e-18,0.059046182649344039,0.059046182649344039,7034.3780140578019,0,0,0,0,0,0,0,0,False,1,108622.30331885477,team09-risk-none,0,1,0.032945653936170993,0.024825936381624437,
2022-06-30T08:00:00Z,-5.6598885202227182e-05,-0.00023308550708293758,0.00017648662188071042,-8.3843365056428591e-06,2.6226767647908178e-06,-1.1007013270433677e-05,-0,0,0,-6.4983221707870037e-05,0,0.11253249342772663,0.0010587757249423159,0.056795634576334478,0.055736858851392158,0,0,0,0,0,0,0,0,0,False,1,108615.24469163579,team09-risk-none,0,1,0.031987919296415424,0.024975224198683782,
2022-06-30T16:00:00Z,-0.00090309526110462493,0.0017759962705887035,-0.0026790915316933285,-5.5057568645481507e-06,9.9141003276271725e-06,-1.5419857192175327e-05,0,0.00011653242875103521,5.8266214375517603e-05,-0.001083399661095726,0.11653242875103521,0.1120737332966011,0.0010277412574078958,0.056550737277004506,0.055522996019596607,12657.198263304303,0,12657.198263304303,0,0.11653242875103521,0,0,0,0,False,1,108497.57097234704,team09-risk-none,0,1,0.032048037497917847,0.024622744149703717,
